mtllib 00255290.mtl
o 00255290_part_0
v 0.08175523 -0.05939865 0.7615771
v 0.101055026 2.40725936E-18 0.7615771
v 0 4.763834E-19 0.787401557
v 0.115619361 -0.08400238 0.6605221
v 0.142913386 2.29804878E-18 0.6605221
v 0.0382212736 -0.04859642 -0.91608727
v 0.0472440943 1.63140944E-17 -0.91608727
v 0.08175523 0.05939865 0.7615771
v 0.031227719 0.09610904 0.7615771
v 0 4.763834E-19 0.787401557
v -0.031227719 0.09610904 0.7615771
v -0.08175523 0.05939865 0.7615771
v 0 4.763834E-19 0.787401557
v 0.031227719 -0.09610904 0.7615771
v 0 4.763834E-19 0.787401557
v 0.0441626646 -0.1359187 0.6605221
v 0.0145992283 -0.078630656 -0.91608727
v 0.115619361 0.08400238 0.6605221
v 0.0441626646 0.1359187 0.6605221
v -0.0441626646 0.1359187 0.6605221
v -0.115619361 0.08400238 0.6605221
v -0.031227719 -0.09610904 0.7615771
v 0 4.763834E-19 0.787401557
v -0.0441626646 -0.1359187 0.6605221
v -0.0145992283 -0.078630656 -0.91608727
v 0.0382212736 0.04859642 -0.91608727
v 0.0145992283 0.078630656 -0.91608727
v -0.0145992283 0.078630656 -0.91608727
v -0.0382212736 0.04859642 -0.91608727
v -0.08175523 -0.05939865 0.7615771
v 0 4.763834E-19 0.787401557
v -0.115619361 -0.08400238 0.6605221
v -0.0382212736 -0.04859642 -0.91608727
v 0.0472440943 1.63140944E-17 -0.91608727
v 0 4.763834E-19 0.787401557
v -0.101055026 -1.01868326E-17 0.7615771
v 0 4.763834E-19 0.787401557
v -0.142913386 -1.44940738E-17 0.6605221
v -0.0472440943 5.90575359E-18 -0.91608727
v 0.101055026 2.40725936E-18 0.7615771
v 0 4.763834E-19 0.787401557
v 0 4.763834E-19 0.787401557
v 0.142913386 2.29804878E-18 0.6605221
v -0.0405658446 0.112452656 -0.9813207
v -0.03028464 0.08717375 -0.9264561
v -0.0205053613 0.145768389 -0.9226608
v 0.0127808778 0.04452492 -1.06059051
v -0.0245187841 0.0706256 -1.0596627
v 0.008333093 0.041188404 -1.0536778
v 0.0137341283 0.0943456 -0.8769217
v 0.0398136824 0.135780156 -0.901191652
v 0.048111558 0.1594571 -0.9267728
v 0.04657857 0.1953586 -0.9648676
v -0.04658281 0.169672042 -0.9793397
v -0.0421541557 0.08679756 -1.03238261
v -0.0607515946 0.163826719 -1.03364813
v -0.06706484 0.125261188 -1.06947684
v 0.03793972 0.21088396 -1.08364725
v -0.210859179 -0.131198347 -1.38487971
v -0.198074892 -0.231988356 -1.3672924
v -0.177857056 -0.179312751 -1.3164562
v -0.222264618 -0.175064087 -1.43555331
v -0.172546074 -0.09311059 -1.46719742
v -0.195600212 -0.05814431 -1.35927117
v 0.0541877151 -0.0245346352 -0.9430744
v 0.0526057221 -0.04198082 -0.9848977
v 0.0563037656 -0.0253829155 -0.9928151
v 0.0472082719 -0.0621907376 -0.9303702
v 0.04598093 -0.05703307 -0.9048009
v 0.05730386 -0.0248866789 -0.912305534
v -0.1104265 0.126260549 -1.5727253
v -0.05881284 0.0607668161 -1.52012527
v -0.116177469 0.121135779 -1.50277615
v -0.06435368 0.03196813 -1.48537147
v -0.0170257352 -0.08975843 -0.885016441
v 0.06888629 0.343138456 -1.706604
v 0.07426099 0.370687366 -1.6217258
v 0.14888227 0.32847023 -1.62061059
v 0.1257422 0.262565732 -1.76580858
v 0.06040885 0.299849927 -1.78002346
v 0.08674732 0.1363473 -1.15085423
v 0.0515840352 0.162460983 -1.15297008
v 0.0471855737 0.105101407 -1.10804307
v -0.0483722873 0.0312355123 -0.9051589
v -0.0587311126 -0.00230117049 -0.940185249
v -0.0608492941 -0.00162737072 -0.910705566
v -0.0567430481 0.0122706378 -0.9861181
v -0.0588471927 -0.0028567838 -0.991829336
v 0.0471855737 0.105101407 -1.10804307
v 0.0409601852 0.163585469 -1.183853
v 0.0363019221 0.1272758 -1.15316439
v -0.00182634988 -0.0145002212 -1.06598961
v -0.059544716 0.04421627 -1.02023268
v -0.00182634988 -0.0145002212 -1.06598961
v 0.0557260774 -0.0721825138 -1.0184617
v 0.0501489639 -0.07577774 -0.975766838
v 0.0394867323 -0.08723674 -0.9336073
v -0.0555639639 0.0465183854 -0.9778953
v -0.0493259542 0.0355274081 -0.930610061
v -0.0427234732 0.0592985153 -0.934197
v 0.07425288 0.06810584 -1.04625475
v 0.09651318 0.137537122 -1.06996465
v 0.094822064 0.138528615 -1.02313757
v 0.0574861057 0.0584320575 -1.06455469
v 0.08682747 0.1179475 -1.136691
v 0.0131788049 0.06373748 -0.8862903
v 0.0131788049 0.06373748 -0.8862903
v 0.0127808778 0.04452492 -1.06059051
v -0.0556259863 0.07232523 -1.02172327
v -0.06432266 -0.0406733863 -0.9299948
v -0.0170257352 -0.08975843 -0.885016441
v -0.0617332719 -0.0366745219 -0.9045969
v -0.06721193 -0.0652521 -0.9331626
v -0.0170257352 -0.08975843 -0.885016441
v 0.09219022 0.0019663542 -1.65135038
v 0.0770129338 -0.0467972 -1.624305
v 0.0960910544 -0.0364608578 -1.65876389
v 0.110445224 -0.07452975 -1.6934762
v 0.0612286031 -0.08718076 -1.59568489
v 0.120399892 -0.147163019 -1.64542031
v 0.120356277 -0.1787979 -1.54452848
v 0.1228753 -0.275280416 -1.59282768
v 0.1327793 -0.275340974 -1.50290227
v 0.126819491 -0.152007937 -1.46703732
v 0.0523904562 -0.102083027 -1.547737
v -0.0125725931 -0.07048884 -1.55372548
v -0.01252047 -0.0701779351 -1.53698635
v -0.0108790435 -0.0619439036 -1.5770458
v -0.009652244 -0.05573214 -1.58586407
v -0.00557180727 -0.03502522 -1.59818983
v -0.003312342 -0.023547817 -1.60078776
v 0.07691042 -0.0009932256 -1.607537
v -0.0006808669 -0.0101503935 -1.5925225
v 0.004621244 0.016819654 -1.58504689
v 0.0073476024 0.0307206567 -1.5692122
v 0.08904015 0.0357233547 -1.57464373
v 0.008046955 0.034305498 -1.55805
v 0.07990879 0.0334745869 -1.52005124
v 0.007895805 0.0335946567 -1.53688335
v 0.00724550337 0.0303269364 -1.5229528
v 0.07409155 0.004730401 -1.4852972
v 0.00257656234 0.00665915338 -1.4993434
v -0.00267427415 -0.02004416 -1.50473785
v 0.00257656234 0.00665915338 -1.4993434
v 0.111872517 0.03345922 -1.64781034
v 0.126518786 0.06465829 -1.66622961
v 0.152540028 0.07452434 -1.57258475
v 0.15584904 0.06761695 -1.502631
v 0.138073534 0.0232275315 -1.44093192
v 0.19817014 0.07726747 -1.38380718
v 0.19063732 0.0123440428 -1.35943854
v 0.1748091 0.0512790345 -1.2629261
v 0.168912411 0.122868888 -1.69903362
v 0.139355212 -0.07017855 -1.43031549
v 0.17836462 -0.0535748079 -1.34037626
v 0.07047764 -0.0478835255 -1.48326075
v 0.063547045 -0.08815988 -1.50616372
v -0.008239076 -0.0483182929 -1.50078869
v -0.008239076 -0.0483182929 -1.50078869
v -0.0113024814 -0.06393759 -1.51883268
v 0.04739584 0.2143601 -1.02062953
v 0.1280771 -0.1431589 -1.27377331
v 0.143818319 -0.04634843 -1.23582315
v 0.161290362 -0.128359318 -1.35908091
v 0.105145276 0.038932845 -1.18227148
v 0.08212384 0.006029877 -1.17105734
v 0.05895763 0.0435124226 -1.157465
v 0.0038988078 0.0143509954 -1.14177
v 0.0103412354 0.0470893048 -1.1447829
v 0.008034498 0.0353336968 -1.15596688
v 0.0103412354 0.0470893048 -1.1447829
v 0.05895763 0.0435124226 -1.157465
v 0.005601752 0.0302070845 -1.07458043
v 0.008333093 0.041188404 -1.0536778
v -0.0692642555 0.116786174 -1.1131227
v 0.0272959638 0.200263366 -1.152407
v -0.0495150834 0.09579158 -1.23658061
v 0.0507584549 0.1649715 -1.24357319
v 0.008034498 0.0353336968 -1.15596688
v 0.0349030159 0.0501685664 -1.231817
v -0.0627874956 -0.0183869842 -0.985261142
v -0.0587311126 -0.00230117049 -0.940185249
v 0.0515840352 0.162460983 -1.15297008
v 0.03793972 0.21088396 -1.08364725
v 0.0272959638 0.200263366 -1.152407
v -0.0774835646 -0.0461239666 -1.01938057
v -0.07416122 -0.0491756722 -0.975919664
v 0.09319605 0.139201522 -1.18040872
v 0.0507584549 0.1649715 -1.24357319
v 0.08674732 0.1363473 -1.15085423
v 0.09565843 0.09730003 -1.1704601
v -0.01491314 -0.07827989 -1.06597984
v -0.08434195 -0.07381686 -1.02051139
v 0.09892474 -0.233766988 -1.31630838
v 0.147764146 -0.2017542 -1.38468826
v 0.141754508 -0.246681571 -1.43535924
v 0.09616751 -0.330186516 -1.42577517
v 0.0977335349 -0.290185928 -1.36713445
v 0.0516851172 -0.34092164 -1.36912835
v -0.01267135 0.103443384 -0.89806056
v -0.0795703754 -0.0860755742 -0.9733184
v 0.0898011 -0.3565874 -1.48652661
v 0.0147257466 -0.370578378 -1.40197062
v -0.0855688751 -0.115823247 -0.979962766
v -0.07742146 -0.09248082 -1.03092563
v -0.01491314 -0.07827989 -1.06597984
v -0.0550629161 -0.08462165 -1.05837762
v -0.01348986 -0.06973143 -1.05275953
v -0.07547509 -0.389801741 -1.40283954
v 0.000755633 -0.4018531 -1.48141491
v -0.01348986 -0.06973143 -1.05275953
v -0.0119234137 -0.058868207 -1.073843
v -0.115165032 -0.119218275 -1.0674535
v -0.114126995 -0.111238375 -1.111235
v -0.114126995 -0.111238375 -1.111235
v -0.050464645 -0.238450244 -1.07992828
v 0.08222103 -0.253206968 -1.79718065
v 0.128827021 -0.2535199 -1.67394662
v 0.0760375 -0.32512483 -1.70828712
v 0.00664215256 -0.356018841 -1.73402369
v -0.00285286363 -0.401866585 -1.61010647
v 0.07577555 -0.3606913 -1.60483575
v 0.0232398231 -0.2748561 -1.833988
v 0.03179385 -0.219506487 -1.873186
v 0.100821756 -0.198846847 -1.8198967
v -0.06244312 -0.3246561 -1.80590785
v -0.05242875 -0.273891479 -1.85622621
v -0.0701579452 -0.3637031 -1.744723
v -0.07536543 -0.389998227 -1.6807071
v -0.07911048 -0.408852339 -1.61391056
v -0.08026325 -0.414520264 -1.5433619
v -0.0789451152 -0.40763092 -1.47344887
v -0.170556366 -0.08440545 -1.27393246
v -0.01491314 -0.07827989 -1.06597984
v 0.05583846 -0.100271091 -1.01909709
v 0.04286173 -0.108534433 -0.9733215
v 0.0456113331 -0.159593642 -1.897974
v -0.04008927 -0.211273685 -1.89375842
v -0.0291434061 -0.1557122 -1.921189
v 0.107306555 -0.135638922 -1.83608532
v 0.03076591 -0.110326171 -0.931562
v -0.0170257352 -0.08975843 -0.885016441
v 0.03076591 -0.110326171 -0.931562
v -0.0170257352 -0.08975843 -0.885016441
v -0.00634613959 -0.08927456 -0.893445969
v 0.0226194467 -0.123630606 -0.916364431
v -0.00634613959 -0.08927456 -0.893445969
v 0.120388009 -0.112683542 -1.76544559
v 0.137795389 -0.192571715 -1.72859931
v -0.01491314 -0.07827989 -1.06597984
v 0.04673593 -0.121304736 -1.02111363
v 0.0369411744 -0.139334038 -0.9780562
v 0.076657176 0.101492994 -1.23399842
v 0.0349030159 0.0501685664 -1.231817
v 0.008034498 0.0353336968 -1.15596688
v 0.005601752 0.0302070845 -1.07458043
v 0.07631758 0.381335378 -1.54997444
v 0.07443408 0.371953547 -1.47937584
v 0.148410752 0.333266616 -1.48498785
v 0.04961087 0.0423241369 -1.140334
v 0.0829464048 0.0768471956 -1.16126907
v 0.115109913 0.08881312 -1.20287025
v 0.11588528 0.138260975 -1.21502066
v 0.1849075 0.149694726 -1.31298172
v 0.115109913 0.08881312 -1.20287025
v 0.0762583762 0.07513913 -1.17277777
v 0.0363019221 0.1272758 -1.15316439
v 0.0689706057 0.08752481 -1.14312375
v 0.04961087 0.0423241369 -1.140334
v 0.06759785 0.0909804851 -1.13311124
v 0.0568544157 0.07510585 -1.10999823
v 0.02699415 0.128736034 -1.15184486
v 0.0268492568 0.131017685 -1.13705146
v 0.0242272913 0.117783591 -1.10351968
v 0.07118549 0.35564965 -1.40267146
v 0.0151619567 0.07177141 -1.0796591
v 0.005783202 0.0239836629 -1.12190175
v 0.008034498 0.0353336968 -1.15596688
v 0.008333093 0.041188404 -1.0536778
v 0.0127808778 0.04452492 -1.06059051
v 0.008333093 0.041188404 -1.0536778
v 0.0650451556 0.063912414 -0.933003545
v 0.07542928 0.05699695 -0.9746878
v 0.08177015 0.0884694 -0.979940653
v 0.0841087 0.0437278934 -1.02027977
v 0.08373946 0.06665412 -1.02258635
v 0.0645832047 0.3222249 -1.35350287
v 0.135619268 0.298763424 -1.39195657
v 0.0665132254 0.331938833 -1.38886058
v 0.08774758 0.125559285 -0.981734753
v 0.07325716 0.10701973 -0.9414068
v 0.0662403852 0.155054614 -1.19621754
v 0.0248128 0.120607346 -1.15856159
v 0.021010166 0.135642886 -1.17391253
v 0.09639839 0.139534578 -1.19340014
v 0.09565843 0.09730003 -1.1704601
v 0.109148 0.0909137055 -1.17749012
v 0.09319605 0.139201522 -1.18040872
v 0.0409601852 0.163585469 -1.183853
v 0.0727677 0.163711309 -1.20212591
v 0.0248128 0.120607346 -1.15856159
v 0.07280789 0.1502202 -1.17314827
v 0.019627681 0.09425865 -1.15625429
v 0.0274298023 0.134034842 -1.1129837
v 0.019627681 0.09425865 -1.15625429
v 0.0392883457 0.194225386 -1.14402115
v 0.0420850366 0.208353639 -1.175624
v 0.0419969037 0.207836285 -1.20097768
v 0.04929109 0.244804367 -1.24036109
v 0.118984871 0.212500378 -1.25946236
v 0.05868982 0.292429179 -1.29469478
v 0.130929023 0.270014137 -1.35924125
v 0.19245261 0.254564017 -1.60915387
v 0.209094986 0.258077949 -1.495947
v 0.205553934 0.213037834 -1.38884807
v 0.212391034 0.13121976 -1.4372189
v 0.218596056 0.156269476 -1.51025963
v 0.211874574 0.1586726 -1.59220409
v 0.1568972 0.206347048 -1.7320174
v 0.025433898 -0.104479976 -1.063206
v 0.037344005 -0.119491018 -1.04470193
v 0.0297756772 -0.192225546 -1.02064157
v 0.0287009776 -0.1788236 -0.9826289
v 0.0220189057 -0.153443843 -0.9392547
v 0.0298182629 -0.171836168 -1.13431549
v 0.03157039 -0.192548811 -1.06723261
v -0.050464645 -0.238450244 -1.07992828
v -0.0564641133 -0.225748539 -1.14900029
v -0.0214879289 -0.201922014 -1.24415183
v 0.0263720341 -0.154416934 -1.23190713
v 0.00713975 -0.09094426 -1.230649
v -0.0106787523 -0.0703398 -1.15000868
v -0.0533059575 0.118649594 -1.17279685
v -0.07317065 0.119179443 -1.20183921
v -0.004724737 0.1446078 -1.15990937
v -0.03757806 0.17062664 -1.17850125
v -0.07317065 0.119179443 -1.20183921
v -0.0533059575 0.118649594 -1.17279685
v -0.004724737 0.1446078 -1.15990937
v -0.004724737 0.1446078 -1.15990937
v 0.00268985447 0.16692476 -1.19212389
v -0.0533489734 0.172144488 -1.2164607
v -0.140160024 0.113244019 -1.26309323
v -0.0804479346 0.07544646 -1.18237066
v -0.0564641133 -0.225748539 -1.14900029
v -0.0359933041 0.0621930435 -1.15751612
v -0.07161803 0.03627743 -1.17113924
v -0.04794196 0.09331723 -1.16091549
v -0.02781103 0.0575564951 -1.140375
v -0.0359933041 0.0621930435 -1.15751612
v -0.0281822421 0.102550648 -1.14280713
v -0.004724737 0.1446078 -1.15990937
v -0.004724737 0.1446078 -1.15990937
v -0.02781103 0.0575564951 -1.140375
v -0.0260325074 0.109401233 -1.13316166
v -0.0221273154 0.09064468 -1.11004126
v -0.0933116749 0.317573667 -1.49610829
v -0.01000664 0.327413827 -1.39203441
v -0.008678705 0.3641725 -1.48507166
v -0.107206605 0.274570584 -1.38901508
v -0.0165903438 0.299037129 -1.35932028
v -0.112159781 0.208161548 -1.31314242
v -0.0274261311 0.2413054 -1.25954044
v -0.00319469464 0.178656176 -1.20216644
v 0.00268985447 0.16692476 -1.19212389
v 0.0248128 0.120607346 -1.15856159
v -0.00319469464 0.178656176 -1.20216644
v -0.008372292 0.166191474 -1.173192
v -0.008372292 0.166191474 -1.173192
v 0.019627681 0.09425865 -1.15625429
v 0.0274298023 0.134034842 -1.1129837
v 0.0392883457 0.194225386 -1.14402115
v 0.0420850366 0.208353639 -1.175624
v -0.0107925907 0.359884828 -1.62069583
v -0.0141937351 0.29009676 -1.76588345
v -0.0119234137 -0.058868207 -1.073843
v -0.01348986 -0.06973143 -1.05275953
v -0.01348986 -0.06973143 -1.05275953
v -0.0280734822 -0.118148565 -0.8751629
v -0.0197087973 -0.166755766 -0.898687243
v -0.0211794917 -0.192144379 -0.9239205
v -0.0791244656 0.307994276 -1.60929835
v -0.06435817 0.24987711 -1.73213518
v -0.0363975875 -0.225501463 -0.9615955
v -0.0428323522 -0.244244412 -1.01683354
v 0.06259605 0.07955925 -0.9180464
v 0.022847 0.0591051467 -0.894673765
v 0.0137341283 0.0943456 -0.8769217
v 0.0398136824 0.135780156 -0.901191652
v -0.08197991 0.03623274 -1.65144312
v -0.08643412 -0.0146406507 -1.62439251
v -0.06900507 0.0277144723 -1.60761452
v -0.08826879 0.0728352144 -1.64791727
v -0.06635568 0.0662960857 -1.57472694
v -0.0899858251 0.107253633 -1.66634512
v -0.107134886 0.177178755 -1.69918084
v -0.133441746 0.22661072 -1.59238839
v -0.0809424 -0.0180930886 -1.48334169
v -0.0897622257 -0.0579978 -1.50624537
v -0.153186709 -0.0126236705 -1.43047166
v -0.116605751 0.0733331442 -1.441068
v -0.169458538 0.0831895843 -1.35963118
v -0.151810721 0.146122918 -1.38399422
v -0.1830914 0.0175383873 -1.34056914
v -0.148489848 0.0111605069 -1.23597932
v -0.08836746 -0.101297788 -1.23505282
v -0.0214879289 -0.201922014 -1.24415183
v -0.04692153 0.0823032856 -0.976756752
v -0.08466872 -0.07511787 -1.54780936
v -0.08836746 -0.101297788 -1.23505282
v -0.0106787523 -0.0703398 -1.15000868
v 0.00713975 -0.09094426 -1.230649
v -0.07937962 -0.1534927 -0.9201832
v -0.112751126 -0.166651934 -0.976582468
v -0.123818547 -0.156724855 -1.03099477
v -0.0428323522 -0.244244412 -1.01683354
v -0.0363975875 -0.225501463 -0.9615955
v -0.0211794917 -0.192144379 -0.9239205
v -0.0197087973 -0.166755766 -0.898687243
v -0.0280734822 -0.118148565 -0.8751629
v 0.048111558 0.1594571 -0.9267728
v 0.04657857 0.1953586 -0.9648676
v 0.04739584 0.2143601 -1.02062953
v 0.0127808778 0.04452492 -1.06059051
v 0.07324971 0.01804629 -1.01939607
v 0.06978098 0.0240121931 -0.9765671
v 0.0643661842 0.0392183065 -0.9346546
v 0.0131788049 0.06373748 -0.8862903
v 0.0131788049 0.06373748 -0.8862903
v 0.0650451556 0.063912414 -0.933003545
v 0.022847 0.0591051467 -0.894673765
v 0.0131788049 0.06373748 -0.8862903
v -0.03028464 0.08717375 -0.9264561
v 0.0131788049 0.06373748 -0.8862903
v 0.022847 0.0591051467 -0.894673765
v 0.022847 0.0591051467 -0.894673765
v 0.0471855737 0.105101407 -1.10804307
v 0.0363019221 0.1272758 -1.15316439
v 0.0762583762 0.07513913 -1.17277777
v -0.1001393 0.00214559 -1.65886831
v -0.127809212 -0.02765543 -1.69360328
v -0.0871536657 -0.0579878464 -1.595764
v -0.164586216 -0.09109474 -1.64557266
v -0.176629245 -0.120367296 -1.54468071
v -0.06624875 -0.0956443548 -0.9249318
v -0.0170257352 -0.08975843 -0.885016441
v -0.0170257352 -0.08975843 -0.885016441
v -0.06624875 -0.0956443548 -0.9249318
v -0.00634613959 -0.08927456 -0.893445969
v -0.211718291 -0.269612759 -1.4259392
v -0.174676 -0.296387136 -1.369249
v -0.224746659 -0.204997182 -1.503087
v -0.215464368 -0.208715111 -1.593008
v -0.215765059 -0.296470016 -1.48668957
v -0.151671946 -0.3378411 -1.4020592
v -0.00634613959 -0.08927456 -0.893445969
v -0.05602332 -0.116901763 -0.896237135
v -0.204217911 -0.3056051 -1.60498512
v -0.150508851 -0.37209323 -1.48149574
v -0.147042125 -0.3734986 -1.61018324
v -0.190880775 -0.272611171 -1.70842981
v -0.13833417 -0.327496022 -1.734101
v -0.122846209 -0.246114969 -1.83406591
v -0.169268161 -0.203728721 -1.79731381
v -0.109754913 -0.191658184 -1.87326157
v -0.165866747 -0.1463786 -1.82003927
v -0.09982088 -0.130981192 -1.89805162
v -0.1479072 -0.08542801 -1.83622169
v 0.0131788049 0.06373748 -0.8862903
v 0.0590126 0.009229452 -0.9054899
v 0.0620351136 0.0132290442 -0.930950046
v -0.151390344 -0.0592137054 -1.76559079
v -0.197801411 -0.126546279 -1.72877872
v -0.212645963 -0.186338216 -1.67412889
v 0.05884549 -0.01051691 -0.9854964
v 0.0563037656 -0.0253829155 -0.9928151
v -0.144483432 0.201467991 -1.43740845
v -0.1406569 0.226949185 -1.51045144
v -0.14506416 -0.178253651 -1.32992852
v -0.121652052 -0.094760336 -1.27600086
v -0.136735424 -0.0858073458 -1.28449237
v -0.133860618 -0.185980126 -1.32232261
v -0.105303943 -0.09730057 -1.27333009
v -0.121392295 -0.1872937 -1.32053852
v -0.09675372 -0.221043512 -1.2894882
v -0.129763529 -0.225822717 -1.35732007
v -0.115566693 -0.2745657 -1.37116683
v -0.131061837 -0.280122459 -1.37310112
v -0.148067743 -0.229700863 -1.36563838
v -0.165107176 -0.227166131 -1.37977779
v -0.174876675 -0.136572465 -1.389975
v -0.186201155 -0.180462956 -1.43746269
v -0.144928515 -0.112808295 -1.45546985
v -0.158863515 -0.064292565 -1.35946453
v 0.019402843 -0.01768814 -0.9435079
v 0.0170844179 -0.0399719961 -0.98229593
v 0.0211293828 -0.01836298 -0.9840191
v 0.014765583 -0.049792096 -0.9386433
v 0.01433167 -0.039299164 -0.908581734
v 0.0222057328 -0.0179569721 -0.9093693
v 0.0255729984 -0.0182814114 -0.868525
v 0.00667197 -0.0496105552 -0.867807
v -0.0103723612 -0.05733656 -0.922845662
v -0.008753533 -0.0490498319 -0.901303947
v -0.0101855453 -0.0562505573 -0.8725295
v -0.0136169866 -0.07260183 -0.8470299
v 0.0151612405 -0.0491242968 -0.8482704
v 0.0373048224 -0.020426698 -0.84884727
v 0.0395101979 -0.059703283 0.639484
v -0.0142535614 -0.07270612 0.68342495
v -0.0138024949 -0.07042351 0.639626443
v 0.0402948633 -0.0614416264 0.6832765
v -0.0191706475 -0.09756022 0.6944814
v -0.0142535614 -0.07270612 0.68342495
v 0.05523254 -0.08260042 0.6942821
v -0.00176710589 -0.0141956 -1.02409315
v 0.0207711924 -0.071527 -1.00525486
v 0.015663065 -0.07043508 -0.98208636
v 0.00954067148 -0.0751168 -0.951095
v 0.07286733 -0.014707379 0.682284832
v 0.0141965793 0.0718978941 0.682228148
v -0.05529135 0.0820589662 0.6930702
v 0.0191121269 0.09702035 0.692870855
v 0.0173858386 0.0877646953 0.706781
v 0.0191121269 0.09702035 0.692870855
v -0.0499665849 0.07426125 0.7069609
v -0.0973231941 0.0188706182 0.693624139
v -0.08795973 0.0171432011 0.707462
v -0.08236134 -0.0555300079 0.694208741
v -0.07443571 -0.05010816 0.70799017
v 0.04765793 -0.0290288925 -1.70117617
v -0.00727842143 -0.0440761521 -1.73693931
v -0.00168629689 -0.0155662019 -1.70516169
v 0.044719018 0.01192902 -1.68784463
v 0.005794487 0.0225034971 -1.68814814
v 0.06486992 -0.0348583423 -1.67545569
v 0.07677943 -0.08073137 -1.70430231
v 0.0537587926 -0.06102663 -1.73809958
v -0.0122834714 -0.06960566 -1.76996362
v 0.0130364308 0.0592949055 -1.69490528
v 0.06792195 0.0537965 -1.68129313
v 0.0575376041 0.0105554443 -1.65931952
v 0.05048308 -0.0473551266 -1.64974558
v 0.037635427 -0.108482867 -1.61304
v 0.08645689 -0.155481339 -1.65206277
v 0.08654898 -0.194439739 -1.54519343
v 0.08736914 -0.266871452 -1.590457
v 0.0974261 -0.266376674 -1.50128317
v 0.09378636 -0.159773141 -1.45534229
v 0.03298236 -0.131950721 -1.54560792
v -0.0195214078 -0.105825193 -1.55999136
v -0.0194365736 -0.105313048 -1.53018177
v -0.0171932261 -0.09407826 -1.59205043
v -0.0144822095 -0.0803549439 -1.61277092
v -0.00775970239 -0.0462407358 -1.63307738
v -0.00200695614 -0.0170085188 -1.63605046
v 0.0586706921 0.0197338983 -1.63299263
v 0.001874494 0.00274525932 -1.62686145
v 0.008526156 0.03658383 -1.61604238
v 0.0130100017 0.0594451539 -1.590001
v 0.07211007 0.06682723 -1.58302689
v 0.014962283 0.06944416 -1.56199431
v 0.07218546 0.06740452 -1.51148
v 0.0148179317 0.0687950552 -1.53082454
v 0.0130511634 0.0598902069 -1.50307238
v 0.06336514 0.0227221176 -1.45629811
v 0.008339689 0.0360153764 -1.47624314
v 0.00377255375 0.0128401155 -1.46196187
v -0.0027356504 -0.0202580262 -1.4686482
v 0.08107507 0.0496928059 -1.65455854
v 0.099283345 0.0879242 -1.66643679
v 0.128557265 0.100869186 -1.56952357
v 0.1313158 0.09188239 -1.49311
v 0.112399384 0.03525699 -1.41957843
v 0.162514672 0.0869082958 -1.38061643
v 0.156157687 0.018375108 -1.35144174
v 0.141937375 0.0518051125 -1.27821517
v 0.134628534 0.1341821 -1.68943739
v 0.11037793 -0.07016257 -1.4097544
v 0.143318415 -0.0453549549 -1.34318936
v 0.05580148 -0.05219762 -1.44975889
v 0.0449158177 -0.108574033 -1.48251081
v -0.009784875 -0.0560760126 -1.46417892
v -0.0132540828 -0.07373847 -1.47490072
v -0.0174747575 -0.09526622 -1.50250554
v 0.07889712 -0.134216473 -1.27589357
v 0.113883689 -0.0396888 -1.25477946
v 0.095649 -0.0423140042 -1.24304044
v 0.09625661 -0.131646439 -1.28436816
v 0.124962762 -0.120132849 -1.35931313
v 0.08208609 0.0412657447 -1.20935011
v 0.0643403158 0.0105225081 -1.20145261
v 0.0466569923 0.05737291 -1.18772161
v 0.003835329 0.0139303235 -1.17775869
v 0.0118422983 0.0546182953 -1.181503
v 0.0139936246 0.06557008 -1.175236
v 0.001386282 0.0014685326 -1.18281
v 0.000201993389 -0.004580473 -1.19368255
v 0.05816871 -0.00215646 -1.2017349
v 0.008029923 -0.241658628 -1.289432
v -0.05453365 -0.283113748 -1.312026
v 0.005249553 -0.298335165 -1.3711015
v -0.0468511358 -0.243938714 -1.26562107
v -0.0251931958 -0.133714363 -1.2137388
v 0.0299429465 -0.133852065 -1.22859311
v 0.0532618277 -0.008422576 -1.20783782
v 0.07867911 -0.03852631 -1.237122
v 0.06280244 -0.13037385 -1.27324009
v 0.0309888 -0.313948125 -1.38076258
v 0.05231823 -0.269124985 -1.36553192
v 0.01748678 -0.309348047 -1.37302148
v 0.03683882 -0.258600116 -1.3572309
v 0.0436491631 -0.219764158 -1.32045066
v 0.05568764 -0.22327204 -1.32222223
v 0.06899093 -0.220366985 -1.3298142
v 0.112432837 -0.193097979 -1.38982165
v 0.10633561 -0.238016963 -1.43730688
v 0.069689855 -0.307416558 -1.43446541
v 0.06906245 -0.273236841 -1.37965286
v 0.06520322 -0.329508722 -1.49065685
v 0.000387984532 -0.339671224 -1.4118892
v -0.00302378833 -0.3328781 -1.40102649
v -0.00517078349 -0.319672078 -1.39598417
v -0.0613993481 -0.318150371 -1.36346638
v -0.0686681941 -0.355233371 -1.41385245
v -0.009347916 -0.3676119 -1.48606455
v -0.06715632 -0.3475177 -1.402388
v -0.06437966 -0.333389074 -1.39674413
v 0.057171315 -0.23358722 -1.780289
v 0.09359154 -0.2427751 -1.67039
v 0.0498238727 -0.302584052 -1.69787014
v -0.00515044527 -0.326240838 -1.71789789
v -0.0119294962 -0.367518753 -1.60417593
v 0.051484894 -0.333562165 -1.600512
v 0.009739542 -0.2508121 -1.81105137
v 0.0167731363 -0.201156452 -1.84582543
v 0.0710202456 -0.188560829 -1.80257249
v -0.0568455 -0.296139956 -1.78216207
v -0.0482136942 -0.252386123 -1.82642472
v -0.06378715 -0.3312738 -1.72713709
v -0.06864565 -0.355808824 -1.66815734
v -0.07206387 -0.373017579 -1.60718989
v -0.07312861 -0.378256559 -1.54350865
v -0.07192976 -0.371990621 -1.4799217
v 0.03687448 -0.111626916 -1.80983222
v -0.0111759687 -0.06411006 -1.81923389
v -0.018237846 -0.10004539 -1.83434677
v 0.0207996964 -0.12092787 -1.85347927
v -0.0191581175 -0.104820505 -1.87031794
v -0.0260655563 -0.139976352 -1.88739657
v 0.0286366157 -0.145231143 -1.869463
v -0.03696336 -0.195295274 -1.8606441
v 0.0741976053 -0.129198819 -1.82124662
v 0.0556538478 -0.092158854 -1.78044736
v 0.08510243 -0.114528947 -1.75938547
v 0.1014797 -0.190100566 -1.72398484
v 0.09726418 -0.01941264 0.693728
v 0.0604121648 0.04080886 0.6824302
v -0.01721855 -0.0881196 0.708236933
v 0.06910526 0.344677716 -1.54949224
v 0.067405574 0.3362114 -1.48578322
v 0.124520868 0.306660533 -1.48944747
v 0.0148901287 0.07015518 -1.16482413
v 0.0284646153 0.06990124 -1.15082681
v 0.01513281 0.07140855 -1.15745
v 0.0371458158 0.06603475 -1.16683459
v 0.0571311973 0.07401369 -1.18555033
v 0.08764528 0.08505291 -1.224955
v 0.09255513 0.125438675 -1.23907614
v 0.154050812 0.140453786 -1.32879436
v 0.0564542562 0.09134425 -1.19903159
v 0.035235472 0.103194349 -1.18123949
v 0.123191439 0.304383337 -1.61206043
v -0.0499665849 0.07426125 0.7069609
v 0.0111003993 0.0555787571 0.7293178
v 0.0173858386 0.0877646953 0.706781
v 0.03961042 0.0804126039 -1.16497326
v 0.0330324024 0.07908152 -1.14796245
v 0.0234441217 0.0775475 -1.13162041
v 0.01973107 0.09475222 -1.1679877
v 0.0192886274 0.0925542 -1.14924228
v 0.0183951855 0.08805844 -1.13248789
v 0.0647960156 0.323114455 -1.42419219
v 0.0155998021 0.073869966 -1.12513018
v 0.0138806421 0.0651067942 -1.13432527
v 0.0152191743 0.07185476 -1.15481651
v -0.05908067 -0.04030644 0.6394313
v -0.06046916 -0.0416172929 0.6832226
v -0.06980133 0.013003909 0.6390122
v -0.07295037 0.0139809251 0.6822069
v -0.0396842435 0.0582800247 0.6386151
v 0.0582760349 0.290118217 -1.3712343
v 0.115052812 0.275550067 -1.409599
v 0.06088808 0.30327937 -1.41374981
v -0.040351823 0.0606332943 0.6823765
v 0.013628548 0.0690007 0.6384725
v 0.0141965793 0.0718978941 0.682228148
v 0.05276438 0.129209146 -1.22077513
v 0.0255741365 0.1243589 -1.20214725
v 0.0219073128 0.105731942 -1.19810128
v 0.06947932 0.1189309 -1.206708
v 0.0656555742 0.103807807 -1.18822062
v 0.0755092 0.100016087 -1.20223343
v 0.06273229 0.118914962 -1.18977726
v 0.0516059846 0.127590314 -1.19239545
v 0.04753203 0.15161328 -1.22423065
v 0.0386045538 0.153450847 -1.18771088
v 0.0277505517 0.135446191 -1.19289815
v 0.0294827949 0.144300282 -1.17472577
v 0.03232091 0.1587102 -1.18051291
v 0.03320086 0.163155824 -1.19045711
v 0.03484752 0.171432137 -1.22488248
v 0.04440295 0.219883338 -1.26815581
v 0.0969668 0.1939886 -1.28120708
v 0.05258844 0.261359841 -1.315677
v 0.108232476 0.24928233 -1.37709081
v 0.159444347 0.2429838 -1.60063469
v 0.174965084 0.243828386 -1.4979651
v 0.17212446 0.2013314 -1.40108943
v 0.176621139 0.141892478 -1.43632817
v 0.18265371 0.166524664 -1.508816
v 0.175944284 0.165177092 -1.58556676
v 0.124466687 0.197655067 -1.72043657
v 0.100808442 0.24141787 -1.75118113
v 0.08648839 0.208872214 -1.75269186
v 0.09074566 0.169646516 -1.725772
v 0.08309782 0.126665473 -1.70080948
v 0.08430489 0.08794692 -1.69371629
v 0.04683209 0.230891824 -1.7614553
v 0.0541576147 0.268129677 -1.7602241
v 0.03565413 0.174119577 -1.745464
v 0.0267581735 0.128923818 -1.737755
v 0.0185344275 0.08721193 -1.70530617
v -0.00822115 0.116601691 -1.19285381
v -0.009257196 0.121644832 -1.1896168
v -0.02950884 0.122534648 -1.20230448
v -0.0467372574 0.111491442 -1.22502673
v -0.021725446 0.141725451 -1.20327246
v -0.006664097 0.125832856 -1.1900847
v -0.002757915 0.126114532 -1.190859
v 0.002266947 0.139144078 -1.22080207
v -0.0359677747 0.150724292 -1.23914492
v -0.10952308 0.101277687 -1.27834916
v -0.05819578 0.06886485 -1.20942521
v -0.053426832 0.03369205 -1.20151532
v -0.0193277411 0.07035477 -1.18775725
v -0.0227197185 0.0897236541 -1.18559277
v -0.007265634 0.074772276 -1.16685867
v 0.002216826 0.07506535 -1.15084064
v -0.00410183659 0.08901265 -1.16499639
v -0.0009887245 0.117481448 -1.1875087
v 0.00146416447 0.08529222 -1.14797974
v 0.009739901 0.08024359 -1.131628
v -0.06712141 0.29145667 -1.49809432
v 0.000251529273 0.298136055 -1.40966034
v 0.003356391 0.3304985 -1.48951221
v -0.0806907043 0.2510704 -1.40122449
v -0.00342058716 0.271248937 -1.37715065
v -0.08709993 0.1878981 -1.32892287
v -0.0140393116 0.215828046 -1.28126633
v 0.0155999595 0.15789561 -1.22424781
v 0.0245206542 0.156221643 -1.18771851
v 0.0277505517 0.135446191 -1.19289815
v 0.0294827949 0.144300282 -1.17472577
v 0.03232091 0.1587102 -1.18051291
v 0.00385018578 0.32786268 -1.6121242
v 0.06727146 0.3351844 -1.61305141
v 0.0623703972 0.310063124 -1.69045007
v 0.0008554887 0.261082649 -1.75123453
v 0.00178092218 0.2255376 -1.752737
v -0.0170461386 0.190853536 -1.7258296
v -0.0262759961 0.1481837 -1.700868
v -0.04206766 0.112809561 -1.69378364
v -0.0529718623 0.2847747 -1.60074759
v -0.0376492627 0.22955 -1.72052288
v -0.0711303949 0.17466332 -1.68954706
v -0.05596646 0.118468232 -1.66651964
v -0.0398553163 0.07500064 -1.681351
v -0.0536101423 0.0761909 -1.65463042
v -0.04664802 0.0310530476 -1.659375
v -0.06206675 -0.0252120811 -1.6498059
v -0.04424675 0.03998215 -1.63304722
v -0.0388960354 0.08866666 -1.58308649
v -0.07825439 0.141557425 -1.5696342
v -0.0977321342 0.219020665 -1.58571267
v -0.038820643 0.08924396 -1.5115391
v -0.04764097 0.0445614643 -1.4563576
v -0.06902868 -0.0276384186 -1.44982541
v -0.08027713 -0.08394352 -1.48257744
v -0.126384169 -0.0235818271 -1.40988076
v -0.0883100554 0.07474455 -1.41968572
v -0.1352722 0.07571127 -1.35159767
v -0.115163825 0.141538918 -1.38076484
v -0.147540465 0.0118689071 -1.34334445
v -0.118243955 0.00598013029 -1.25490344
v -0.0852408856 -0.006276649 -1.2372098
v -0.0525179021 0.0196201447 -1.20179391
v -0.102374837 -0.0033546756 -1.24314606
v -0.07802373 -0.110111266 -1.54566634
v -0.0762569 -0.11295817 -1.2286495
v -0.050344225 0.0119609507 -1.20789325
v -0.113980263 -0.298264742 -1.39604211
v 0.0176462159 -0.03331964 0.04552799
v -0.0102324216 -0.0529963225 0.414753556
v -0.00717251236 -0.038444858 0.0455955081
v 0.0278112944 -0.0451401249 0.4146499
v 0.009609552 0.04785481 0.413918644
v 0.0267993044 0.013202847 0.0451428555
v 0.00577192148 0.0273479056 0.04505096
v 0.0418417379 0.0261725262 0.414059848
v 0.0286861658 -0.0113300141 0.0453386866
v 0.04473394 -0.0114330277 0.414360046
v 0.06455913 -0.0131112291 0.682860851
v 0.0402948633 -0.0614416264 0.6832765
v -0.0142535614 -0.07270612 0.68342495
v 0.0604121648 0.04080886 0.6824302
v 0.0141965793 0.0718978941 0.682228148
v -0.0524569452 -0.009332327 -1.70122993
v -0.07018651 -0.03664151 -1.73816574
v -0.0989906862 -0.0461502261 -1.70439613
v -0.07062088 -0.008201723 -1.67552793
v -0.0342351459 0.0274626072 -1.6878866
v -0.07337065 -0.0866434 -1.61309922
v -0.136317268 -0.111652672 -1.652182
v -0.151270464 -0.147650957 -1.54532039
v -0.145292148 -0.279266417 -1.38085651
v -0.1785794 -0.2585718 -1.43459773
v -0.188633144 -0.210097089 -1.50143576
v -0.179421425 -0.214382783 -1.59059918
v -0.182738289 -0.2807284 -1.490789
v -0.126684383 -0.314670831 -1.41195691
v -0.120964728 -0.309674323 -1.40108943
v -0.171465054 -0.28969878 -1.600631
v -0.128182322 -0.344232351 -1.48612809
v -0.125636458 -0.345147848 -1.60423636
v -0.158092678 -0.261678457 -1.69798124
v -0.116156563 -0.3044014 -1.717957
v -0.101267241 -0.228972524 -1.81111062
v -0.138670444 -0.19505702 -1.78039253
v -0.08893043 -0.180360287 -1.84588194
v -0.134407565 -0.1481449 -1.8026824
v -0.07869986 -0.124113724 -1.86952031
v -0.114841469 -0.09200716 -1.82134759
v -0.06225695 -0.1045873 -1.85352361
v -0.07365518 -0.08988115 -1.8098911
v -0.08369028 -0.06474429 -1.78052187
v -0.119439892 -0.07428719 -1.75949478
v -0.163260922 -0.13801536 -1.72412646
v -0.175969854 -0.189741358 -1.6705339
v -0.10733261 0.1977579 -1.43647921
v -0.103509933 0.2228247 -1.50896883
v -0.08429025 0.134300977 -1.49322486
v -0.04535677 0.006291468 0.414311975
v -0.0190468635 0.0222226866 0.0451184735
v -0.0300867725 0.0002330654 0.04530759
v -0.0281999484 -0.0242998488 0.045503445
v -0.04246455 -0.0313139521 0.4146125
v -0.00717251236 -0.038444858 0.0455955081
v 0.00577192148 0.0273479056 0.04505096
v -0.0284341443 0.03999862 0.4140223
v -0.06461611 0.012302815 0.682791948
v -0.06046916 -0.0416172929 0.6832226
v -0.040351823 0.0606332943 0.6823765
v 0.005837228 0.0259545781 -0.7561878
v 0.02768403 0.01452555 -0.848797143
v 0.00994779449 0.04717126 -0.8480212
v 0.0157108437 -0.03692547 -0.630696833
v -0.00712340325 -0.0391794369 -0.3171574
v -0.00745377131 -0.0417090543 -0.6306337
v 0.0126643516 -0.0381089933 -0.756105542
v 0.02625786 -0.0174883232 -0.7564213
v 0.0373048224 -0.020426698 -0.84884727
v 0.0214895885 0.00674715545 -0.7564769
v 0.00462791929 0.01969873 -0.631141961
v 0.0242539123 0.00649642 -0.63105613
v 0.0260149818 -0.0164013021 -0.630873
v 0.0160412118 -0.03439585 -0.317220479
v 0.0151612405 -0.0491242968 -0.8482704
v -0.009096359 -0.0499486029 -0.755559564
v -0.0136169866 -0.07260183 -0.8470299
v 0.0286861658 -0.0113300141 0.0453386866
v 0.0263453145 -0.0138717368 -0.3173969
v 0.0176462159 -0.03331964 0.04552799
v -0.00717251236 -0.038444858 0.0455955081
v 0.0245842449 0.009025985 -0.31758
v 0.00495826872 0.0222283415 -0.317665666
v 0.00577192148 0.0273479056 0.04505096
v 0.0267993044 0.013202847 0.0451428555
v -0.018445855 0.0236012 -0.8488218
v -0.0405901074 -0.00510163559 -0.848889
v -0.0157623887 0.0140761295 -0.7564968
v 0.00462791929 0.01969873 -0.631141961
v -0.0185367148 0.01491512 -0.6310789
v -0.02935617 -0.00654677162 -0.7564511
v -0.0309686437 -0.0400486663 -0.848295033
v -0.0245876256 -0.0307800211 -0.7561254
v -0.00745377131 -0.0417090543 -0.6306337
v -0.0270797648 -0.0285067614 -0.630719543
v -0.0267493948 -0.02597715 -0.317243248
v -0.0300867725 0.0002330654 0.04530759
v -0.0281999484 -0.0242998488 0.045503445
v -0.00717251236 -0.038444858 0.0455955081
v -0.0285104662 -0.00307942019 -0.317426324
v -0.0190468635 0.0222226866 0.0451184735
v -0.0182063617 0.0174446926 -0.317602724
v 0.00577192148 0.0273479056 0.04505096
v -0.0288408175 -0.005608968 -0.630902469
v 0.0465783775 0.08924388 -1.03711724
v 0.0589569919 0.1345294 -1.06602645
v 0.0584556237 0.132656619 -1.02567589
v 0.03519016 0.0867415741 -1.06156957
v 0.05038532 0.123938523 -1.13192236
v 0.0349821858 0.171094939 -1.073877
v 0.0321486033 0.158109114 -1.14220786
v 0.0273959022 0.134478673 -1.2334305
v 0.03693169 0.108760379 -1.22965872
v 0.01777897 0.08523454 -1.22987342
v 0.015520609 0.07879093 -1.14753485
v 0.0153010413 0.07035233 -1.081304
v 0.0170151424 0.08150169 -1.05835152
v 0.01618344 0.0773266256 -1.03910208
v 0.0343621038 0.07055651 -0.9514103
v 0.04140724 0.0621591061 -0.983151
v 0.04752493 0.09339182 -0.9876928
v 0.0469070934 0.05604515 -1.00593078
v 0.05067823 0.0790545642 -1.01561821
v 0.0133994231 0.06320713 -1.02764893
v 0.009213004 0.041928 -1.0277015
v 0.0531190149 0.121299841 -0.9922209
v 0.04066113 0.10372968 -0.9562782
v 0.03270334 0.0886234641 -0.937999845
v 0.0158985946 0.0751404762 -0.931307733
v 0.0189701449 0.09181964 -0.9178989
v 0.02336084 0.115007773 -0.9333038
v 0.0275647771 0.13685067 -0.9514391
v 0.03106422 0.160372287 -0.984587133
v 0.03396715 0.1731551 -1.02571607
v 0.08230251 0.0549885929 0.6931435
v 0.04086986 0.0306288637 -1.00610054
v 0.03580148 0.0319226831 -0.98293364
v 0.03200603 0.03906802 -0.9520407
v 0.0103078438 0.0477501228 -0.9329409
v 0.006930426 0.0306086838 -0.9235736
v 0.02768403 0.01452555 -0.848797143
v 0.019950401 0.0178799126 -0.8683655
v 0.00994779449 0.04717126 -0.8480212
v 0.00684966054 0.03033457 -0.873246133
v 0.0230054557 0.004787105 -0.9089466
v 0.00535710156 0.022670459 -0.9018978
v 0.0272875074 0.0138533292 -0.939169645
v 0.0251395646 0.000968571054 -0.9828254
v 0.0211293828 -0.01836298 -0.9840191
v 0.0501339547 -0.07461607 0.7080568
v -0.0470448062 -0.0315509066 0.730082333
v 0.000116022544 0.0002109282 0.755283058
v -0.0555932671 0.0109599484 0.729748249
v 0.000116022544 0.0002109282 0.755283058
v -0.0315776244 0.0470644 0.729431748
v 0.000116022544 0.0002109282 0.755283058
v 0.08812673 -0.0175001528 0.707556
v 0.0564665534 0.120118365 -1.16505647
v 0.0504909344 0.124921359 -1.16694093
v 0.0503595546 0.117640726 -1.15578485
v 0.0426681936 0.112526044 -1.15891457
v -0.018445855 0.0236012 -0.8488218
v -0.02635637 -0.00807703752 -0.870036364
v -0.0405901074 -0.00510163559 -0.848889
v -0.0098062 0.0237306729 -0.8683499
v 0.00994779449 0.04717126 -0.8480212
v -0.01729485 0.0126895541 -0.9089285
v -0.02395357 -0.009133704 -0.9405867
v -0.0255764741 -0.0085511785 -0.9087791
v 0.00684966054 0.03033457 -0.873246133
v -0.0211159475 0.0112075042 -0.9833287
v -0.0239979327 -0.009473677 -0.9827206
v 0.0516059846 0.127590314 -1.19239545
v 0.035235472 0.103194349 -1.18123949
v 0.074603 0.04975331 0.7070274
v -0.00176710589 -0.0141956 -1.02409315
v -0.024833275 0.0435247719 -1.00617874
v -0.0210947841 0.040959876 -0.984181643
v -0.0172194019 0.0226437151 -0.939234734
v -0.0125843724 0.04784664 -0.952105165
v 0.006930426 0.0306086838 -0.9235736
v 0.0103078438 0.0477501228 -0.9329409
v 0.00535710156 0.022670459 -0.9018978
v 0.009213004 0.041928 -1.0277015
v -0.01898544 0.07123057 -1.00629556
v -0.0134260636 0.07398135 -0.984793067
v 0.0001430596 0.0861876756 -0.9446352
v 0.0158985946 0.0751404762 -0.931307733
v 0.0189701449 0.09181964 -0.9178989
v 0.0133994231 0.06320713 -1.02764893
v 0.01618344 0.0773266256 -1.03910208
v 0.0130490158 0.09776144 -0.923785
v 0.00173889461 0.126490757 -0.9469472
v -0.00568934 0.108499609 -0.986676455
v -0.008061739 0.09532859 -1.02627385
v 0.0032833342 0.093137674 -1.06159258
v 0.0170151424 0.08150169 -1.05835152
v 0.02336084 0.115007773 -0.9333038
v 0.0275647771 0.13685067 -0.9514391
v 0.03106422 0.160372287 -0.984587133
v -0.0109389052 0.14940162 -0.9918638
v -0.0204239022 0.148056179 -1.03347385
v -0.02437375 0.127554029 -1.07031631
v 0.0349821858 0.171094939 -1.073877
v -0.02437375 0.127554029 -1.07031631
v 0.03396715 0.1731551 -1.02571607
v 0.0153010413 0.07035233 -1.081304
v -0.022195356 0.114317544 -1.10671878
v -0.022195356 0.114317544 -1.10671878
v 0.0321486033 0.158109114 -1.14220786
v -0.00264097843 0.0992796 -1.22926474
v 0.0273959022 0.134478673 -1.2334305
v 0.015520609 0.07879093 -1.14753485
v -0.00264097843 0.0992796 -1.22926474
v 0.01777897 0.08523454 -1.22987342
v -0.0293895733 -0.0308436789 -0.98247534
v -0.02395357 -0.009133704 -0.9405867
v -0.0449205078 -0.0585729219 -1.00533354
v -0.04017625 -0.05721647 -0.982166
v -0.0297544114 -0.04106811 -0.9387073
v -0.0259585362 -0.03134553 -0.9085642
v -0.0350520462 -0.06635022 -0.9511602
v 0.06273229 0.118914962 -1.18977726
v 0.0579171553 0.112106375 -1.163953
v 0.0656555742 0.103807807 -1.18822062
v -0.01287419 -0.0703349039 -1.02677226
v -0.0500037633 -0.08642692 -1.00499082
v -0.04544056 -0.09114144 -0.981399357
v -0.01986805 -0.105912887 -1.03758538
v -0.0170601681 -0.0916103646 -1.02636743
v -0.05179577 -0.12542893 -0.98525244
v -0.04908523 -0.113182165 -1.02454758
v -0.0378665142 -0.116015255 -1.0598613
v -0.0207402445 -0.110398121 -1.05676293
v -0.018175086 -0.0997973755 -1.07989562
v -0.07652674 -0.1375247 -1.06812239
v -0.06961086 -0.1266817 -1.10472369
v -0.038098976 -0.200355783 -1.07080269
v -0.07652674 -0.1375247 -1.06812239
v -0.0360165425 -0.188354984 -1.13934
v -0.0462015644 -0.122126557 -1.22743237
v -0.031456776 -0.164662063 -1.23441744
v -0.0462015644 -0.122126557 -1.22743237
v -0.0213761143 -0.108744606 -1.14598286
v -0.0219850373 -0.116874695 -1.22820067
v -0.05157059 -0.144466311 -0.944704652
v -0.07212305 -0.161580026 -0.989289641
v -0.0805219561 -0.157405153 -1.0309453
v -0.0396677144 -0.20111 -1.02261817
v -0.03738322 -0.187526554 -0.9817078
v -0.0316078961 -0.163907245 -0.9489497
v -0.0271675065 -0.141813532 -0.9311779
v -0.0223990213 -0.118448064 -0.9161585
v -0.03777334 -0.106530808 -0.9430401
v -0.01376927 -0.07462706 -0.9319277
v -0.0189655982 -0.102064304 -0.9298413
v -0.03014804 -0.12179704 -0.921967745
v -0.02635637 -0.00807703752 -0.870036364
v -0.02308314 -0.0437523276 -0.8677916
v -0.0309686437 -0.0400486663 -0.848295033
v -0.0136169866 -0.07260183 -0.8470299
v -0.0101855453 -0.0562505573 -0.8725295
v -0.008753533 -0.0490498319 -0.901303947
v -0.0103723612 -0.05733656 -0.922845662
v -0.01376927 -0.07462706 -0.9319277
v -0.01287419 -0.0703349039 -1.02677226
v 0.01673133 -0.09732978 -1.00466108
v 0.00939677 -0.100541033 -0.9818045
v -0.000204714132 -0.105136879 -0.94995594
v -0.0189655982 -0.102064304 -0.9298413
v -0.008541582 -0.121012822 -0.936264634
v -0.0170601681 -0.0916103646 -1.02636743
v -0.01986805 -0.105912887 -1.03758538
v 0.011475007 -0.12020424 -1.0139693
v 0.00336446613 -0.131070361 -0.9858863
v -0.00591469463 -0.122182705 -1.05984008
v 0.00375359366 -0.128422216 -1.03531551
v -0.00166327786 -0.172910616 -1.02314663
v -0.00176239747 -0.161806881 -0.9931327
v -0.00695643527 -0.138296932 -0.95427525
v -0.006162828 -0.163479686 -1.12954354
v -0.00203516847 -0.1754766 -1.06346071
v -0.038098976 -0.200355783 -1.07080269
v -0.0360165425 -0.188354984 -1.13934
v -0.031456776 -0.164662063 -1.23441744
v -0.0131706921 -0.1458958 -1.22755086
v -0.0219850373 -0.116874695 -1.22820067
v -0.0213761143 -0.108744606 -1.14598286
v -0.018175086 -0.0997973755 -1.07989562
v -0.0207402445 -0.110398121 -1.05676293
v -0.0223990213 -0.118448064 -0.9161585
v -0.0271675065 -0.141813532 -0.9311779
v -0.0316078961 -0.163907245 -0.9489497
v -0.03738322 -0.187526554 -0.9817078
v -0.0396677144 -0.20111 -1.02261817
v 0.074603 0.04975331 0.7070274
v 0.04737217 0.03153174 0.7294738
v 0.08812673 -0.0175001528 0.707556
v 0.0559205562 -0.0109794084 0.729807734
v 0.0501339547 -0.07461607 0.7080568
v 0.031904988 -0.0470836 0.7301245
v -0.01721855 -0.0881196 0.708236933
v -0.010773072 -0.05559794 0.7302382
v 0.000116022544 0.0002109282 0.755283058
v 0.0520745143 0.11020229 -1.16186285
v 0.0426681936 0.112526044 -1.15891457
v 0.035235472 0.103194349 -1.18123949
v 0.0564542562 0.09134425 -1.19903159
v -0.08795973 0.0171432011 0.707462
v -0.07443571 -0.05010816 0.70799017
v 0.058906626 0.03888323 0.638667762
v 0.06962725 -0.0144273834 0.6390867
vt 0.1 0.0531697273
vt 0 0.0531697273
vt 0.05 0
vt 0.1 0.106339335
vt 0 0.106339335
vt 0.1 0.893660665
vt 0 0.893660665
vt 0.9 0.0531697273
vt 0.8 0.0531697273
vt 0.85 0
vt 0.7 0.0531697273
vt 0.6 0.0531697273
vt 0.65 0
vt 0.2 0.0531697273
vt 0.15 0
vt 0.2 0.106339335
vt 0.2 0.893660665
vt 0.9 0.106339335
vt 0.8 0.106339335
vt 0.7 0.106339335
vt 0.6 0.106339335
vt 0.3 0.0531697273
vt 0.25 0
vt 0.3 0.106339335
vt 0.3 0.893660665
vt 0.9 0.893660665
vt 0.8 0.893660665
vt 0.7 0.893660665
vt 0.6 0.893660665
vt 0.4 0.0531697273
vt 0.35 0
vt 0.4 0.106339335
vt 0.4 0.893660665
vt 1 0.893660665
vt 0.75 0
vt 0.5 0.0531697273
vt 0.45 0
vt 0.5 0.106339335
vt 0.5 0.893660665
vt 1 0.0531697273
vt 0.95 0
vt 0.55 0
vt 1 0.106339335
vt 0.4919434 0.6394043
vt 0.4777832 0.578369141
vt 0.5063477 0.583740234
vt 0.46875 0.7316895
vt 0.4858398 0.752685547
vt 0.4731445 0.7541504
vt 0.4851074 0.532959044
vt 0.5048828 0.545166
vt 0.5244141 0.5666504
vt 0.546875 0.6113281
vt 0.5200195 0.6467285
vt 0.4836426 0.6982422
vt 0.5229492 0.700927734
vt 0.5170898 0.7537842
vt 0.5688477 0.7434082
vt 0.2683105 0.517089844
vt 0.3085938 0.5117188
vt 0.2888184 0.465332031
vt 0.2883301 0.564209044
vt 0.2578125 0.5732422
vt 0.2364502 0.483398438
vt 0.9213867 0.9847946
vt 0.8935547 0.9512939
vt 0.8920898 0.9846115
vt 0.9248047 0.9367065
vt 0.9477539 0.9517517
vt 0.9467773 0.9847946
vt 0.1217041 0.6779785
vt 0.1416016 0.633056641
vt 0.12854 0.5979004
vt 0.1695557 0.5690918
vt 0.9418945 0.9075928
vt 0.0189972 0.7495117
vt 0.0040932 0.677002
vt 0.0272827 0.6757812
vt 0.0531311 0.8050537
vt 0.033905 0.8221436
vt 0.6650391 0.829834
vt 0.6625977 0.8312988
vt 0.6660156 0.8149414
vt 0.4211426 0.5288086
vt 0.4033203 0.5754395
vt 0.4050293 0.529052734
vt 0.4204102 0.635498
vt 0.4050293 0.6352539
vt 0.6611328 0.8273926
vt 0.6577148 0.857177734
vt 0.6479492 0.850952148
vt 0.4216309 0.694580138
vt 0.4438477 0.6665039
vt 0.8623047 0.95098877
vt 0.8769531 0.9049683
vt 0.8945312 0.9056396
vt 0.9160156 0.8969727
vt 0.4421387 0.6357422
vt 0.4284668 0.572998
vt 0.4477539 0.590332031
vt 0.8535156 0.8131104
vt 0.8364258 0.7404785
vt 0.8642578 0.7507324
vt 0.8334961 0.8170166
vt 0.7880859 0.741210938
vt 0.4423828 0.540771544
vt 0.4379883 0.516113341
vt 0.447998 0.71875
vt 0.4638672 0.6662598
vt 0.4284668 0.572998
vt 0.4379883 0.516113341
vt 0.4211426 0.5288086
vt 0.4477539 0.590332031
vt 0.4423828 0.540771544
vt 0.1652832 0.816894531
vt 0.1972656 0.8100586
vt 0.1875 0.8278809
vt 0.215332 0.8388672
vt 0.2340088 0.7550049
vt 0.2573242 0.772827148
vt 0.2749023 0.6665039
vt 0.3046875 0.7028809
vt 0.3012695 0.6210938
vt 0.2578125 0.5732422
vt 0.2495117 0.677002
vt 0.2263184 0.6989746
vt 0.2290039 0.6760254
vt 0.2191162 0.7236328
vt 0.213501 0.7419434
vt 0.2001953 0.7647705
vt 0.1861572 0.7713623
vt 0.1629639 0.7911377
vt 0.178833 0.761230469
vt 0.1635742 0.7495117
vt 0.1555176 0.723144531
vt 0.1356201 0.718017638
vt 0.1524658 0.695556641
vt 0.1416016 0.633056641
vt 0.1577148 0.6665039
vt 0.1623535 0.6467285
vt 0.1695557 0.5690918
vt 0.1722412 0.6225586
vt 0.1932373 0.6157227
vt 0.1796875 0.6069336
vt 0.147583 0.791626
vt 0.1275635 0.78125
vt 0.1217041 0.6779785
vt 0.12854 0.5979004
vt 0.163208 0.5307617
vt 0.1379395 0.485351682
vt 0.1712646 0.4643556
vt 0.1612549 0.4008789
vt 0.1025391 0.7681885
vt 0.2137451 0.5195312
vt 0.2004395 0.461914182
vt 0.2064209 0.5649414
vt 0.2370605 0.6047363
vt 0.2087402 0.6159668
vt 0.2156982 0.6279297
vt 0.2260742 0.6516113
vt 0.5625 0.671142638
vt 0.2454834 0.422363281
vt 0.2043457 0.388671875
vt 0.2364502 0.483398438
vt 0.1763916 0.328613281
vt 0.1904297 0.320800781
vt 0.170166 0.290039182
vt 0.2039795 0.2758789
vt 0.1846924 0.2690431
vt 0.1794434 0.265625
vt 0.1846924 0.2690431
vt 0.170166 0.290039182
vt 0.4726562 0.7894287
vt 0.4731445 0.7541504
vt 0.515625 0.8044434
vt 0.5649414 0.8483887
vt 0.519043 0.977417
vt 0.5512695 0.9824066
vt 0.4880371 0.8763428
vt 0.5024414 0.9880524
vt 0.4213867 0.6347656
vt 0.4038086 0.5744629
vt 0.6625977 0.8312988
vt 0.8339844 0.676513731
vt 0.7822266 0.684082031
vt 0.4438477 0.6665039
vt 0.4418945 0.6340332
vt 0.6645508 0.8544922
vt 0.7138672 0.710205138
vt 0.6679688 0.829589844
vt 0.6713867 0.854980469
vt 0.447998 0.71875
vt 0.4641113 0.6662598
vt 0.2888184 0.465332031
vt 0.2683105 0.517089844
vt 0.2883301 0.564209044
vt 0.3198242 0.564209044
vt 0.3085938 0.5117188
vt 0.331543 0.5144043
vt 0.4882812 0.545898438
vt 0.467041 0.633056641
vt 0.3288574 0.612793
vt 0.3527832 0.5344238
vt 0.4916992 0.6401367
vt 0.4836426 0.6982422
vt 0.46875 0.7316895
vt 0.4858398 0.752685547
vt 0.4731445 0.7541504
vt 0.3779297 0.5270996
vt 0.3676758 0.6047363
vt 0.4731445 0.7541504
vt 0.4726562 0.789306641
vt 0.5170898 0.7537842
vt 0.515625 0.8044434
vt 0.515625 0.8044434
vt 0.5688477 0.7434082
vt 0.3010254 0.8624268
vt 0.2961426 0.7687988
vt 0.3261719 0.7902832
vt 0.3530273 0.815917969
vt 0.3696289 0.7116699
vt 0.3359375 0.704589844
vt 0.3200684 0.900756836
vt 0.298584 0.9379578
vt 0.2788086 0.8824463
vt 0.3537598 0.8846436
vt 0.3354492 0.932006836
vt 0.3723145 0.8372803
vt 0.3815918 0.7783203
vt 0.3908691 0.7194824
vt 0.3898926 0.656494141
vt 0.388916 0.5935059
vt 0.2454834 0.422363281
vt 0.8496094 0.8966064
vt 0.8779297 0.864135742
vt 0.894043 0.8577881
vt 0.2702637 0.9560852
vt 0.3068848 0.9695435
vt 0.2744141 0.9909973
vt 0.2521973 0.9060669
vt 0.9174805 0.848999
vt 0.9370117 0.8858643
vt 0.9174805 0.848999
vt 0.9370117 0.8858643
vt 0.9375 0.847290039
vt 0.9272461 0.822631836
vt 0.9375 0.847290039
vt 0.2374268 0.8684082
vt 0.2744141 0.8240967
vt 0.8427734 0.8548584
vt 0.8691406 0.8299561
vt 0.890625 0.8131104
vt 0.7163086 0.7497559
vt 0.7128906 0.7928467
vt 0.7709961 0.8165283
vt 0.8149414 0.848510742
vt 0.0058937 0.6130371
vt 0.0076904 0.5493164
vt 0.0309906 0.560791
vt 0.1680908 0.2709961
vt 0.1628418 0.293457031
vt 0.15271 0.337402344
vt 0.1303711 0.342773438
vt 0.119873 0.438476682
vt 0.15271 0.337402344
vt 0.1561279 0.301269531
vt 0.1479492 0.280273438
vt 0.1611328 0.26953125
vt 0.1665039 0.259765625
vt 0.1621094 0.258789182
vt 0.1624756 0.2446289
vt 0.15271 0.264160275
vt 0.1539307 0.2529297
vt 0.1569824 0.237304688
vt 0.0182953 0.493652344
vt 0.1645508 0.227539182
vt 0.1694336 0.236328125
vt 0.1729736 0.2553711
vt 0.8320312 0.844848633
vt 0.8427734 0.8548584
vt 0.8320312 0.844848633
vt 0.9174805 0.848999
vt 0.8945312 0.857666
vt 0.890625 0.811889648
vt 0.8779297 0.864135742
vt 0.8691406 0.8299561
vt 0.0392151 0.4375
vt 0.0471497 0.483886719
vt 0.0243835 0.477539182
vt 0.8876953 0.7701416
vt 0.9135742 0.799560547
vt 0.1252441 0.308593869
vt 0.1260986 0.2846681
vt 0.1374512 0.277832031
vt 0.1376953 0.3154297
vt 0.1481934 0.302734375
vt 0.1484375 0.31640625
vt 0.1408691 0.304199219
vt 0.1376953 0.298828125
vt 0.114563 0.312988281
vt 0.1260986 0.2846681
vt 0.1124268 0.2836914
vt 0.12146 0.281738281
vt 0.1179199 0.267089844
vt 0.12146 0.281738281
vt 0.1095581 0.274414182
vt 0.1081543 0.28515625
vt 0.1052246 0.312988281
vt 0.0783691 0.350585938
vt 0.0958252 0.375976682
vt 0.0588074 0.3940431
vt 0.0598755 0.454589844
vt 0.0596313 0.6677246
vt 0.0643921 0.577148438
vt 0.0898438 0.4975586
vt 0.1105347 0.5283203
vt 0.0950928 0.5935059
vt 0.0930786 0.669677734
vt 0.0770874 0.7833252
vt 0.8334961 0.8170166
vt 0.8535156 0.8131104
vt 0.8642578 0.7507324
vt 0.8876953 0.7701416
vt 0.9135742 0.799560547
vt 0.7880859 0.741210938
vt 0.8364258 0.7404785
vt 0.8339844 0.676513731
vt 0.7822266 0.684082031
vt 0.7114258 0.7121582
vt 0.7163086 0.7497559
vt 0.7128906 0.7928467
vt 0.7705078 0.8165283
vt 0.1484375 0.31640625
vt 0.15271 0.337402344
vt 0.1561279 0.301269531
vt 0.1376953 0.3154297
vt 0.15271 0.337402344
vt 0.1484375 0.31640625
vt 0.1481934 0.302734375
vt 0.1376953 0.298828125
vt 0.1252441 0.308593869
vt 0.1303711 0.342773438
vt 0.1612549 0.4008789
vt 0.1763916 0.328613281
vt 0.5649414 0.8483887
vt 0.170166 0.290039182
vt 0.1904297 0.320800781
vt 0.1628418 0.293457031
vt 0.1680908 0.2709961
vt 0.170166 0.290039182
vt 0.1611328 0.26953125
vt 0.1479492 0.280273438
vt 0.1561279 0.301269531
vt 0.1665039 0.259765625
vt 0.1621094 0.258789182
vt 0.1624756 0.2446289
vt 0.0643921 0.577148438
vt 0.0471497 0.483886719
vt 0.0309906 0.560791
vt 0.0898438 0.4975586
vt 0.0598755 0.454589844
vt 0.119873 0.438476682
vt 0.0958252 0.375976682
vt 0.114563 0.312988281
vt 0.1252441 0.308593869
vt 0.1260986 0.2846681
vt 0.114563 0.312988281
vt 0.1124268 0.2836914
vt 0.1124268 0.2836914
vt 0.12146 0.281738281
vt 0.1179199 0.267089844
vt 0.1095581 0.274414182
vt 0.1081543 0.28515625
vt 0.0272827 0.6757812
vt 0.0531311 0.8050537
vt 0.8144531 0.8480225
vt 0.8320312 0.844848633
vt 0.8320312 0.844848633
vt 0.9448242 0.8195801
vt 0.9345703 0.7840576
vt 0.9223633 0.75
vt 0.0596313 0.6677246
vt 0.0770874 0.7833252
vt 0.8994141 0.709960938
vt 0.8701172 0.6833496
vt 0.9272461 0.822631836
vt 0.9375 0.847290039
vt 0.9448242 0.8195801
vt 0.9345703 0.7840576
vt 0.1652832 0.816894531
vt 0.1972656 0.8100586
vt 0.1629639 0.7911377
vt 0.147583 0.791626
vt 0.1356201 0.718017638
vt 0.1275635 0.78125
vt 0.1025391 0.7681885
vt 0.0930786 0.669677734
vt 0.2064209 0.5649414
vt 0.2370605 0.6047363
vt 0.2137451 0.5195312
vt 0.163208 0.5307617
vt 0.1712646 0.4643556
vt 0.1379395 0.485351682
vt 0.2004395 0.461914182
vt 0.2043457 0.388671875
vt 0.519043 0.977417
vt 0.5498047 0.9874725
vt 0.4667969 0.6359863
vt 0.2495117 0.677002
vt 0.519043 0.977417
vt 0.4880371 0.8763428
vt 0.5024414 0.9880524
vt 0.5063477 0.583740234
vt 0.5200195 0.6467285
vt 0.5229492 0.700927734
vt 0.5625 0.671142638
vt 0.546875 0.6113281
vt 0.5244141 0.5666504
vt 0.5048828 0.545166
vt 0.4851074 0.532959044
vt 0.9223633 0.75
vt 0.8994141 0.709960938
vt 0.8701172 0.6833496
vt 0.8496094 0.8966064
vt 0.8769531 0.9049683
vt 0.8945312 0.9056396
vt 0.9160156 0.8969727
vt 0.9370117 0.8858643
vt 0.9370117 0.8858643
vt 0.9174805 0.848999
vt 0.9375 0.847290039
vt 0.4528809 0.5500488
vt 0.4777832 0.578369141
vt 0.4528809 0.5500488
vt 0.4716797 0.5478516
vt 0.4716797 0.5478516
vt 0.6689453 0.8284912
vt 0.6904297 0.843139648
vt 0.6791992 0.8690186
vt 0.1875 0.8278809
vt 0.215332 0.8388672
vt 0.2340088 0.7550049
vt 0.2573242 0.772827148
vt 0.2749023 0.6665039
vt 0.4777832 0.578369141
vt 0.4528809 0.5500488
vt 0.4528809 0.5500488
vt 0.4777832 0.578369141
vt 0.4716797 0.5478516
vt 0.3198242 0.564209044
vt 0.331543 0.5144043
vt 0.3012695 0.6210938
vt 0.3046875 0.7028809
vt 0.3288574 0.612793
vt 0.3527832 0.5344238
vt 0.4716797 0.5478516
vt 0.4882812 0.545898438
vt 0.3359375 0.704589844
vt 0.3676758 0.6047363
vt 0.3696289 0.7116699
vt 0.3261719 0.7902832
vt 0.3530273 0.815917969
vt 0.3200684 0.900756836
vt 0.3010254 0.8624268
vt 0.298584 0.9379578
vt 0.2788086 0.8824463
vt 0.2702637 0.9560852
vt 0.2521973 0.9060669
vt 0.9418945 0.9075928
vt 0.9477539 0.9517517
vt 0.9248047 0.9367065
vt 0.2374268 0.8684082
vt 0.2744141 0.8240967
vt 0.2961426 0.7687988
vt 0.8935547 0.9512939
vt 0.8920898 0.9845963
vt 0.1105347 0.5283203
vt 0.0950928 0.5935059
vt 0.2888184 0.465332031
vt 0.2493896 0.41015625
vt 0.2454834 0.422363281
vt 0.2915039 0.4560547
vt 0.2531738 0.397949219
vt 0.2941895 0.446777344
vt 0.3120117 0.4189453
vt 0.3132324 0.4790039
vt 0.3364258 0.4897461
vt 0.3339844 0.5019531
vt 0.3110352 0.4956056
vt 0.3085938 0.5117188
vt 0.2683105 0.517089844
vt 0.2883301 0.564209044
vt 0.2578125 0.5732422
vt 0.2364502 0.483398438
vt 0.9213867 0.9847946
vt 0.8935547 0.9512939
vt 0.8920898 0.9846115
vt 0.9248047 0.9367065
vt 0.9477539 0.9517517
vt 0.9467773 0.9847946
vt 0.9770508 0.9847946
vt 0.9775391 0.9324951
vt 0.9418945 0.9075928
vt 0.9541016 0.9168701
vt 0.9736328 0.907959
vt 0.9926758 0.8881836
vt 0.9916992 0.9373779
vt 0.9916992 0.9847946
vt 0.5678711 0.5253906
vt 0.5932617 0.491210938
vt 0.5883789 0.5253906
vt 0.5693359 0.491210938
vt 0.5952148 0.469238281
vt 0.5932617 0.491210938
vt 0.5693359 0.469238281
vt 0.8623047 0.95098877
vt 0.8769531 0.9049683
vt 0.8945312 0.9056396
vt 0.9160156 0.8969727
vt 0.546875 0.491210938
vt 0.5004883 0.491210938
vt 0.5234375 0.469238281
vt 0.4985352 0.469238281
vt 0.5004883 0.446777344
vt 0.4985352 0.469238281
vt 0.5239258 0.446777344
vt 0.5463867 0.469238281
vt 0.5463867 0.446777344
vt 0.5693359 0.469238281
vt 0.5688477 0.446777344
vt 0.1856689 0.849243164
vt 0.1884766 0.9067993
vt 0.1727295 0.885437
vt 0.1662598 0.8398438
vt 0.1594238 0.869506836
vt 0.1875 0.8278809
vt 0.215332 0.8388672
vt 0.2075195 0.8702393
vt 0.2036133 0.9296875
vt 0.144043 0.8699951
vt 0.1453857 0.8079834
vt 0.1652832 0.816894531
vt 0.1972656 0.8100586
vt 0.2340088 0.7550049
vt 0.2573242 0.772827148
vt 0.2749023 0.6665039
vt 0.3046875 0.7028809
vt 0.3012695 0.6210938
vt 0.2578125 0.5732422
vt 0.2495117 0.677002
vt 0.2263184 0.6989746
vt 0.2290039 0.6760254
vt 0.2191162 0.7236328
vt 0.213501 0.7419434
vt 0.2001953 0.7647705
vt 0.1861572 0.7713623
vt 0.1629639 0.7911377
vt 0.178833 0.761230469
vt 0.1635742 0.7495117
vt 0.1555176 0.723144531
vt 0.1356201 0.718017638
vt 0.1524658 0.695556641
vt 0.1416016 0.633056641
vt 0.1577148 0.6665039
vt 0.1623535 0.6467285
vt 0.1695557 0.5690918
vt 0.1722412 0.6225586
vt 0.1796875 0.6069336
vt 0.1932373 0.6157227
vt 0.147583 0.791626
vt 0.1275635 0.78125
vt 0.1217041 0.6779785
vt 0.12854 0.5979004
vt 0.163208 0.5307617
vt 0.1379395 0.485351682
vt 0.1712646 0.4643556
vt 0.1612549 0.4008789
vt 0.1025391 0.7681885
vt 0.2137451 0.5195312
vt 0.2004395 0.461914182
vt 0.2064209 0.5649414
vt 0.2370605 0.6047363
vt 0.2087402 0.6159668
vt 0.2156982 0.6279297
vt 0.2260742 0.6516113
vt 0.2493896 0.41015625
vt 0.2043457 0.388671875
vt 0.2077637 0.3720703
vt 0.2454834 0.422363281
vt 0.2364502 0.483398438
vt 0.1763916 0.328613281
vt 0.1904297 0.320800781
vt 0.170166 0.290039182
vt 0.2039795 0.2758789
vt 0.1846924 0.2690431
vt 0.1794434 0.265625
vt 0.2084961 0.283203125
vt 0.2130127 0.290039182
vt 0.1960449 0.321289182
vt 0.3120117 0.4189453
vt 0.3435059 0.4272461
vt 0.3364258 0.4897461
vt 0.3249512 0.381347775
vt 0.2739258 0.320800781
vt 0.260498 0.355468869
vt 0.2016602 0.321777344
vt 0.2113037 0.355957031
vt 0.2531738 0.397949219
vt 0.331543 0.5144043
vt 0.3110352 0.4956056
vt 0.3339844 0.5019531
vt 0.3132324 0.4790039
vt 0.2941895 0.446777344
vt 0.2915039 0.4560547
vt 0.2888184 0.465332031
vt 0.2683105 0.517089844
vt 0.2883301 0.564209044
vt 0.3198242 0.564209044
vt 0.3085938 0.5117188
vt 0.3288574 0.612793
vt 0.3527832 0.5344238
vt 0.3508301 0.5234375
vt 0.3491211 0.512207031
vt 0.3618164 0.473144531
vt 0.3779297 0.5270996
vt 0.3676758 0.6047363
vt 0.3742676 0.515869141
vt 0.3708496 0.504394531
vt 0.3010254 0.8624268
vt 0.2961426 0.7687988
vt 0.3261719 0.7902832
vt 0.3530273 0.815917969
vt 0.3696289 0.7116699
vt 0.3359375 0.704589844
vt 0.3200684 0.900756836
vt 0.298584 0.9379578
vt 0.2788086 0.8824463
vt 0.3537598 0.8846436
vt 0.3354492 0.932006836
vt 0.3723145 0.8372803
vt 0.3815918 0.7783203
vt 0.3908691 0.7194824
vt 0.3898926 0.656494141
vt 0.388916 0.5935059
vt 0.2358398 0.9278564
vt 0.2199707 0.9640198
vt 0.2375488 0.9751892
vt 0.2546387 0.9598389
vt 0.2536621 0.9892273
vt 0.2744141 0.9909973
vt 0.2702637 0.9560852
vt 0.3068848 0.9695435
vt 0.2521973 0.9060669
vt 0.2261963 0.8969116
vt 0.2374268 0.8684082
vt 0.2744141 0.8240967
vt 0.5463867 0.469238281
vt 0.5239258 0.491210938
vt 0.5927734 0.446777344
vt 0.0058937 0.6130371
vt 0.0076904 0.5493164
vt 0.0309906 0.560791
vt 0.175415 0.2612306
vt 0.1665039 0.259765625
vt 0.1737061 0.256835938
vt 0.1680908 0.2709961
vt 0.1628418 0.293457031
vt 0.15271 0.337402344
vt 0.1303711 0.342773438
vt 0.119873 0.438476682
vt 0.1561279 0.301269531
vt 0.1479492 0.280273438
vt 0.0272827 0.6757812
vt 0.9179688 0.6850586
vt 0.9057617 0.6416016
vt 0.8964844 0.6599121
vt 0.1611328 0.26953125
vt 0.1621094 0.258789182
vt 0.1624756 0.2446289
vt 0.15271 0.264160275
vt 0.1539307 0.2529297
vt 0.1569824 0.237304688
vt 0.0182953 0.493652344
vt 0.1645508 0.227539182
vt 0.1694336 0.236328125
vt 0.1729736 0.2553711
vt 0.5678711 0.5253906
vt 0.5693359 0.491210938
vt 0.546875 0.5253906
vt 0.546875 0.491210938
vt 0.5263672 0.5253906
vt 0.0392151 0.4375
vt 0.0471497 0.483886719
vt 0.0243835 0.477539182
vt 0.5239258 0.491210938
vt 0.5058594 0.5253906
vt 0.5004883 0.491210938
vt 0.1252441 0.308593869
vt 0.1260986 0.2846681
vt 0.1374512 0.277832031
vt 0.1376953 0.3154297
vt 0.1481934 0.302734375
vt 0.1484375 0.31640625
vt 0.1408691 0.304199219
vt 0.1376953 0.298828125
vt 0.114563 0.312988281
vt 0.1124268 0.2836914
vt 0.12146 0.281738281
vt 0.1179199 0.267089844
vt 0.1095581 0.274414182
vt 0.1081543 0.28515625
vt 0.1052246 0.312988281
vt 0.0783691 0.350585938
vt 0.0958252 0.375976682
vt 0.0588074 0.3940431
vt 0.0598755 0.454589844
vt 0.0596313 0.6677246
vt 0.0643921 0.577148438
vt 0.0898438 0.4975586
vt 0.1105347 0.5283203
vt 0.0950928 0.5935059
vt 0.0930786 0.669677734
vt 0.0770874 0.7833252
vt 0.0531311 0.8050537
vt 0.0653687 0.822509766
vt 0.0887451 0.8190918
vt 0.111084 0.8165283
vt 0.1251221 0.8095703
vt 0.0526123 0.842773438
vt 0.033905 0.8221436
vt 0.0844727 0.8599854
vt 0.1063232 0.8670654
vt 0.1312256 0.866577148
vt 0.1561279 0.301269531
vt 0.1481934 0.302734375
vt 0.1484375 0.31640625
vt 0.15271 0.337402344
vt 0.1376953 0.3154297
vt 0.1408691 0.304199219
vt 0.1376953 0.298828125
vt 0.1252441 0.308593869
vt 0.1303711 0.342773438
vt 0.1612549 0.4008789
vt 0.1763916 0.328613281
vt 0.1904297 0.320800781
vt 0.170166 0.290039182
vt 0.1628418 0.293457031
vt 0.1680908 0.2709961
vt 0.1665039 0.259765625
vt 0.1611328 0.26953125
vt 0.1479492 0.280273438
vt 0.1621094 0.258789182
vt 0.1624756 0.2446289
vt 0.0643921 0.577148438
vt 0.0471497 0.483886719
vt 0.0309906 0.560791
vt 0.0898438 0.4975586
vt 0.0598755 0.454589844
vt 0.119873 0.438476682
vt 0.0958252 0.375976682
vt 0.114563 0.312988281
vt 0.1124268 0.2836914
vt 0.12146 0.281738281
vt 0.1179199 0.267089844
vt 0.1095581 0.274414182
vt 0.0272827 0.6757812
vt 0.0040932 0.677002
vt 0.0189972 0.7495117
vt 0.0531311 0.8050537
vt 0.0653687 0.822509766
vt 0.0887451 0.8190918
vt 0.111084 0.8165283
vt 0.1251221 0.8095703
vt 0.0596313 0.6677246
vt 0.0770874 0.7833252
vt 0.1025391 0.7681885
vt 0.1275635 0.78125
vt 0.1453857 0.8079834
vt 0.147583 0.791626
vt 0.1652832 0.816894531
vt 0.1972656 0.8100586
vt 0.1629639 0.7911377
vt 0.1356201 0.718017638
vt 0.1217041 0.6779785
vt 0.0930786 0.669677734
vt 0.1416016 0.633056641
vt 0.1695557 0.5690918
vt 0.2064209 0.5649414
vt 0.2370605 0.6047363
vt 0.2137451 0.5195312
vt 0.163208 0.5307617
vt 0.1712646 0.4643556
vt 0.1379395 0.485351682
vt 0.2004395 0.461914182
vt 0.2043457 0.388671875
vt 0.2113037 0.355957031
vt 0.1960449 0.321289182
vt 0.2077637 0.3720703
vt 0.2495117 0.677002
vt 0.260498 0.355468869
vt 0.2016602 0.321777344
vt 0.3491211 0.512207031
vt 0.3588867 0.375976682
vt 0.7744141 0.423339844
vt 0.3591309 0.423828125
vt 0.7744141 0.375976682
vt 0.7744141 0.2368164
vt 0.3588867 0.2836914
vt 0.3591309 0.235839844
vt 0.7744141 0.2841797
vt 0.3588867 0.330078125
vt 0.7744141 0.330078125
vt 0.9804688 0.330078125
vt 0.9804688 0.375976682
vt 0.9804688 0.423828125
vt 0.9804688 0.2841797
vt 0.9804688 0.2368164
vt 0.1856689 0.849243164
vt 0.2075195 0.8702393
vt 0.215332 0.8388672
vt 0.1875 0.8278809
vt 0.1662598 0.8398438
vt 0.2340088 0.7550049
vt 0.2573242 0.772827148
vt 0.2749023 0.6665039
vt 0.331543 0.5144043
vt 0.3198242 0.564209044
vt 0.3012695 0.6210938
vt 0.3046875 0.7028809
vt 0.3288574 0.612793
vt 0.3527832 0.5344238
vt 0.3508301 0.5234375
vt 0.3359375 0.704589844
vt 0.3676758 0.6047363
vt 0.3696289 0.7116699
vt 0.3261719 0.7902832
vt 0.3530273 0.815917969
vt 0.3200684 0.900756836
vt 0.3010254 0.8624268
vt 0.298584 0.9379578
vt 0.2788086 0.8824463
vt 0.2702637 0.9560852
vt 0.2521973 0.9060669
vt 0.2546387 0.9598389
vt 0.2358398 0.9278564
vt 0.2261963 0.8969116
vt 0.2374268 0.8684082
vt 0.2744141 0.8240967
vt 0.2961426 0.7687988
vt 0.1105347 0.5283203
vt 0.0950928 0.5935059
vt 0.12854 0.5979004
vt 0.7744141 0.330078125
vt 0.3588867 0.2846681
vt 0.3588867 0.3305664
vt 0.3588867 0.376464844
vt 0.7744141 0.375976682
vt 0.3591309 0.4248047
vt 0.3591309 0.236328125
vt 0.7744141 0.2841797
vt 0.9804688 0.330078125
vt 0.9804688 0.375976682
vt 0.9804688 0.2841797
vt 0.1019897 0.0234375
vt 0.0100021 0.07080078
vt 0.0100021 0.0205078125
vt 0.2269287 0.164550781
vt 0.5444336 0.2109375
vt 0.2272949 0.210449219
vt 0.1018066 0.168945313
vt 0.1018066 0.120605588
vt 0.0100021 0.122558594
vt 0.1018066 0.0717773438
vt 0.2272949 0.025390625
vt 0.2269287 0.072265625
vt 0.2269287 0.118164182
vt 0.5439453 0.1640625
vt 0.0100021 0.173828125
vt 0.1019897 0.217285275
vt 0.0100021 0.2241211
vt 0.9135742 0.118164182
vt 0.5439453 0.118164182
vt 0.9135742 0.1640625
vt 0.9140625 0.211914182
vt 0.5439453 0.072265625
vt 0.5444336 0.0258789063
vt 0.9140625 0.0239257813
vt 0.9135742 0.0717773438
vt 0.0100021 0.07080078
vt 0.0100021 0.122558594
vt 0.1018066 0.0717773438
vt 0.2272949 0.0263671875
vt 0.2269287 0.072265625
vt 0.1018066 0.120605588
vt 0.0100021 0.173828125
vt 0.1018066 0.168945313
vt 0.227417 0.210449219
vt 0.2269287 0.1640625
vt 0.5439453 0.1640625
vt 0.9135742 0.118652344
vt 0.9135742 0.165039182
vt 0.9140625 0.212890625
vt 0.5439453 0.118164182
vt 0.9135742 0.0727539063
vt 0.5439453 0.072265625
vt 0.9140625 0.0249023438
vt 0.2269287 0.118164182
vt 0.8535156 0.8131104
vt 0.8364258 0.7404785
vt 0.8642578 0.7507324
vt 0.8334961 0.8170166
vt 0.7880859 0.741210938
vt 0.8339844 0.676513731
vt 0.7822266 0.684082031
vt 0.7138672 0.710205138
vt 0.7163086 0.7497559
vt 0.7128906 0.7928467
vt 0.7709961 0.8165283
vt 0.8149414 0.848510742
vt 0.8320312 0.844848633
vt 0.8427734 0.8548584
vt 0.9174805 0.848999
vt 0.8945312 0.857666
vt 0.890625 0.811889648
vt 0.8779297 0.864135742
vt 0.8691406 0.8299561
vt 0.8486328 0.8717041
vt 0.8496094 0.8966064
vt 0.8876953 0.7701416
vt 0.9135742 0.799560547
vt 0.9272461 0.822631836
vt 0.9375 0.847290039
vt 0.9448242 0.8195801
vt 0.9345703 0.7840576
vt 0.9223633 0.75
vt 0.8994141 0.709960938
vt 0.8701172 0.6833496
vt 0.5234375 0.469238281
vt 0.8769531 0.9049683
vt 0.8945312 0.9056396
vt 0.9160156 0.8969727
vt 0.9370117 0.8858643
vt 0.9418945 0.9075928
vt 0.9916992 0.9373779
vt 0.9775391 0.9324951
vt 0.9926758 0.8881836
vt 0.9736328 0.907959
vt 0.9477539 0.9517517
vt 0.9541016 0.9168701
vt 0.9248047 0.9367065
vt 0.8935547 0.9512939
vt 0.8920898 0.9845963
vt 0.5688477 0.446777344
vt 0.9609375 0.6604004
vt 0.9418945 0.6428223
vt 0.9418945 0.6669922
vt 0.9262695 0.637451231
vt 0.9223633 0.6604004
vt 0.9121094 0.6220703
vt 0.5463867 0.446777344
vt 0.6650391 0.829834
vt 0.6625977 0.8312988
vt 0.6660156 0.8149414
vt 0.6611328 0.8273926
vt 0.4282227 0.4428711
vt 0.4013672 0.476074219
vt 0.4050293 0.443359375
vt 0.4306641 0.470214844
vt 0.4519043 0.4409181
vt 0.4211426 0.5288086
vt 0.4033203 0.5754395
vt 0.4050293 0.529052734
vt 0.442627 0.4790039
vt 0.4204102 0.635498
vt 0.4050293 0.6352539
vt 0.6577148 0.857177734
vt 0.6479492 0.850952148
vt 0.5239258 0.446777344
vt 0.4216309 0.694580138
vt 0.4438477 0.6665039
vt 0.4421387 0.6357422
vt 0.4284668 0.572998
vt 0.4477539 0.590332031
vt 0.4423828 0.540771544
vt 0.4528809 0.5500488
vt 0.4379883 0.516113341
vt 0.447998 0.71875
vt 0.4638672 0.6662598
vt 0.4667969 0.6359863
vt 0.4777832 0.578369141
vt 0.4716797 0.5478516
vt 0.4851074 0.532959044
vt 0.4602051 0.720214844
vt 0.46875 0.7316895
vt 0.4882812 0.545898438
vt 0.5063477 0.583740234
vt 0.4919434 0.6394043
vt 0.4836426 0.6982422
vt 0.4858398 0.752685547
vt 0.4731445 0.7541504
vt 0.5048828 0.545166
vt 0.5244141 0.5666504
vt 0.546875 0.6113281
vt 0.5200195 0.6467285
vt 0.5229492 0.700927734
vt 0.5170898 0.7537842
vt 0.5688477 0.7434082
vt 0.5170898 0.7537842
vt 0.5625 0.671142638
vt 0.4726562 0.7894287
vt 0.515625 0.8044434
vt 0.515625 0.8044434
vt 0.5649414 0.8483887
vt 0.519043 0.977417
vt 0.5512695 0.9824066
vt 0.4880371 0.8763428
vt 0.519043 0.977417
vt 0.5024414 0.9880524
vt 0.4213867 0.6347656
vt 0.4038086 0.5744629
vt 0.4438477 0.6665039
vt 0.4418945 0.6340332
vt 0.4284668 0.572998
vt 0.4211426 0.5288086
vt 0.4477539 0.590332031
vt 0.6645508 0.8544922
vt 0.6679688 0.829589844
vt 0.6713867 0.854980469
vt 0.447998 0.71875
vt 0.4641113 0.6662598
vt 0.467041 0.633056641
vt 0.46875 0.7316895
vt 0.4604492 0.720214844
vt 0.4916992 0.6401367
vt 0.4836426 0.6982422
vt 0.4858398 0.752685547
vt 0.4731445 0.7541504
vt 0.4726562 0.789306641
vt 0.5170898 0.7537842
vt 0.515625 0.8044434
vt 0.5688477 0.7434082
vt 0.5170898 0.7537842
vt 0.5649414 0.8483887
vt 0.519043 0.977417
vt 0.5498047 0.9874725
vt 0.519043 0.977417
vt 0.4880371 0.8763428
vt 0.5024414 0.9880524
vt 0.5063477 0.583740234
vt 0.5200195 0.6467285
vt 0.5229492 0.700927734
vt 0.5625 0.671142638
vt 0.546875 0.6113281
vt 0.5244141 0.5666504
vt 0.5048828 0.545166
vt 0.4851074 0.532959044
vt 0.4777832 0.578369141
vt 0.4528809 0.5500488
vt 0.4716797 0.5478516
vt 0.4882812 0.545898438
vt 0.4001465 0.4741211
vt 0.4306641 0.470214844
vt 0.4282227 0.4428711
vt 0.4519043 0.4409181
vt 0.442627 0.4790039
vt 0.4379883 0.516113341
vt 0.4423828 0.540771544
vt 0.9370117 0.8858643
vt 0.8496094 0.8966064
vt 0.8779297 0.864135742
vt 0.894043 0.8577881
vt 0.9174805 0.848999
vt 0.9375 0.847290039
vt 0.9272461 0.822631836
vt 0.8486328 0.8717041
vt 0.8427734 0.8548584
vt 0.8691406 0.8299561
vt 0.890625 0.8131104
vt 0.8334961 0.8170166
vt 0.8535156 0.8131104
vt 0.8642578 0.7507324
vt 0.8876953 0.7701416
vt 0.9135742 0.799560547
vt 0.7880859 0.741210938
vt 0.8364258 0.7404785
vt 0.8339844 0.676513731
vt 0.7822266 0.684082031
vt 0.7114258 0.7121582
vt 0.7163086 0.7497559
vt 0.7128906 0.7928467
vt 0.7705078 0.8165283
vt 0.8144531 0.8480225
vt 0.8320312 0.844848633
vt 0.9448242 0.8195801
vt 0.9345703 0.7840576
vt 0.9223633 0.75
vt 0.8994141 0.709960938
vt 0.8701172 0.6833496
vt 0.9179688 0.6850586
vt 0.9223633 0.6604004
vt 0.9418945 0.693359435
vt 0.9418945 0.6669922
vt 0.9658203 0.6850586
vt 0.9609375 0.6604004
vt 0.9868164 0.659668
vt 0.9780273 0.6416016
vt 0.9570312 0.637451231
vt 0.6689453 0.8284912
vt 0.6738281 0.8243408
vt 0.6904297 0.843139648
vt 0.6791992 0.8690186
vt 0.9418945 0.693359435
vt 0.9658203 0.6850586
vt 0.5263672 0.5253906
vt 0.546875 0.5253906
vn 0.5665394 -0.411615044 0.713867
vn 0.7002813 -1.15465868E-08 0.713866949
vn 0 1.26864408E-09 1
vn 0.799357533 -0.5780675 0.163906842
vn 0.987193763 0.0006725903 0.159524471
vn 0.9085692 -0.413756549 -0.05751128
vn 0.9983711 0.002335077 -0.0570054464
vn 0.5665395 0.411614984 0.713867
vn 0.21639888 0.6660071 0.713866949
vn 0 1.26864408E-09 1
vn -0.21639885 0.666007161 0.713866949
vn -0.566539466 0.4116151 0.713866949
vn 0 1.26864408E-09 1
vn 0.21639885 -0.666007161 0.713866949
vn 0 1.26864408E-09 1
vn 0.305248529 -0.937266469 0.168389231
vn 0.431690484 -0.900690734 -0.0489849672
vn 0.799467742 0.5786673 0.161231175
vn 0.3063765 0.937198639 0.166709676
vn -0.305248529 0.937266469 0.168389231
vn -0.7993576 0.5780675 0.163906842
vn -0.2163989 -0.666007161 0.713866949
vn 0 1.26864408E-09 1
vn -0.306376457 -0.9371987 0.166709647
vn -0.4363016 -0.8988731 -0.0408428721
vn 0.9080374 0.4163192 -0.0463291928
vn 0.4363016 0.8988731 -0.0408428721
vn -0.431690484 0.900690734 -0.0489849672
vn -0.9085692 0.413756549 -0.05751128
vn -0.5665395 -0.411614984 0.713867
vn 0 1.26864408E-09 1
vn -0.799467742 -0.578667343 0.161231145
vn -0.9080374 -0.4163192 -0.0463291928
vn 0.9983711 0.002335077 -0.0570054464
vn 0 1.26864408E-09 1
vn -0.7002814 1.731988E-08 0.713866949
vn 0 1.26864408E-09 1
vn -0.987193763 -0.000672592956 0.159524471
vn -0.9983711 -0.002335077 -0.0570054464
vn 0.7002813 -1.15465868E-08 0.713866949
vn 0 1.26864408E-09 1
vn 0 1.26864408E-09 1
vn 0.987193763 0.0006725903 0.159524471
vn -0.980320156 0.07466196 0.182751045
vn -0.859119058 0.07793873 0.5058063
vn -0.611290038 0.500477552 0.6130634
vn 0.0496941656 0.7459279 -0.6641702
vn -0.746134043 -0.656306744 0.112006545
vn 0.255952418 0.7958098 0.54879427
vn -0.0787987262 -0.0524817742 0.995508134
vn 0.383312076 0.4746801 0.7923072
vn 0.4683978 0.608740032 0.640342951
vn 0.335528 0.8237568 0.456996322
vn -0.7915271 0.5176633 0.324822426
vn -0.898944855 -0.07882319 -0.4309119
vn -0.9009223 0.43117553 -0.0492607281
vn -0.989814758 0.0170775969 0.141333148
vn 0.157518 0.968127966 -0.194721088
vn -0.9788395 0.157705262 0.130392581
vn -0.9275749 -0.136885226 0.347659767
vn -0.924739957 -0.0280281361 0.379566133
vn -0.9847895 0.170891136 0.03139824
vn -0.772711337 0.530957937 -0.347851872
vn -0.9856096 0.16876176 0.009654828
vn 0.9810768 -0.193233579 0.0122121358
vn 0.98959 -0.07017113 -0.12564899
vn 0.9027552 -0.1723819 -0.394103467
vn 0.9146499 -0.3334101 0.228589609
vn 0.780063033 -0.614736438 0.116622388
vn 0.9759723 -0.193045884 -0.101051234
vn -0.9004783 -0.426254749 -0.08628825
vn -0.596262753 -0.7333943 -0.326501846
vn -0.8948111 -0.390592575 -0.21621871
vn -0.537081659 -0.253205448 -0.8046305
vn -0.127629533 -0.41280216 0.9018343
vn 0.174210608 0.8843072 -0.433187485
vn 0.188009873 0.954998434 -0.229412824
vn 0.7145823 0.6661264 -0.213653415
vn 0.734561443 0.555126131 -0.390197933
vn 0.165736154 0.8410133 -0.5150031
vn 0.757375062 0.397505462 0.518046737
vn 0.478405774 0.8306808 0.2847759
vn -0.299547076 -0.2924561 0.9081525
vn -0.769128561 0.631145656 0.10048113
vn -0.9810575 0.193447635 0.0102029853
vn -0.9785546 0.1919659 -0.07469899
vn -0.989001155 0.0320825875 -0.144386292
vn -0.9024029 0.169223741 -0.396273077
vn -0.299547076 -0.2924561 0.9081525
vn -0.453721076 0.7977376 -0.397179872
vn -0.470596671 0.556455255 0.684760034
vn 0.00740511436 0.0297229234 -0.999530733
vn -0.8984579 -0.060071405 -0.434930861
vn 0.00740511436 0.0297229234 -0.999530733
vn 0.9077651 0.12421304 -0.400666475
vn 0.980931163 -0.122795634 0.150649622
vn 0.8370815 -0.281506717 0.469093353
vn -0.982069552 0.124067038 0.141939491
vn -0.905700147 0.352852523 0.234951809
vn -0.8421016 0.2672988 0.4684189
vn 0.7283557 -0.618858933 -0.294128537
vn 0.9832887 0.1418898 -0.114064246
vn 0.9780158 0.186739445 0.0928092748
vn 0.5732094 -0.811181664 -0.115824096
vn 0.989622 -0.08156467 -0.118302576
vn 0.0403696522 0.4438641 0.8951843
vn 0.0403696522 0.4438641 0.8951843
vn 0.0496941656 0.7459279 -0.6641702
vn -0.883383751 0.206875026 -0.420518577
vn -0.971216 0.02023475 0.237339333
vn -0.127629533 -0.41280216 0.9018343
vn -0.9505158 -0.291327924 0.10792464
vn -0.8787294 0.079895854 0.470586061
vn -0.127629533 -0.41280216 0.9018343
vn 0.8914289 -0.3084435 0.331989735
vn 0.7353703 -0.009572167 0.6775979
vn 0.880202055 -0.0519109741 0.47175163
vn 0.937649 0.204146847 0.2813155
vn 0.6434892 0.57284385 0.5077121
vn 0.9432962 0.270648628 0.192201957
vn 0.94729805 0.315687478 -0.05447766
vn 0.96496284 -0.25355643 -0.0674973354
vn 0.969655037 -0.237031311 -0.05987699
vn 0.9166196 0.198599115 -0.346939385
vn 0.599615335 0.8002669 -0.00585945277
vn 0.189662263 0.9645089 0.183713868
vn 0.189373434 0.9620266 -0.196576968
vn 0.171291068 0.8718812 0.458783835
vn 0.127993271 0.652590454 0.746822238
vn 0.07378675 0.377554238 0.923042953
vn -0.0293744951 -0.146620914 0.988756537
vn 0.582339168 -0.4981671 0.6424256
vn -0.07958555 -0.402058363 0.912148654
vn -0.107842311 -0.5459003 0.8308808
vn -0.164380938 -0.8340893 0.5265681
vn 0.4473642 -0.866205931 0.222603917
vn -0.191718012 -0.9741446 0.119526424
vn 0.274335027 -0.9046778 -0.326034337
vn -0.191556513 -0.9739763 -0.121145375
vn -0.168040186 -0.855452955 -0.489859939
vn 0.401962936 -0.437953681 -0.804128349
vn -0.0483469144 -0.248381525 -0.967455
vn 0.00156589807 0.00523900846 -0.999985039
vn -0.0483469144 -0.248381525 -0.967455
vn 0.8841634 -0.372221917 0.282322437
vn 0.772184849 -0.6346369 -0.0310903341
vn 0.6719814 -0.7356218 -0.0854489
vn 0.680375338 -0.7005006 -0.215379566
vn 0.7404825 -0.409297734 -0.5330676
vn 0.9720986 -0.227404118 -0.05754687
vn 0.97613734 -0.160545141 -0.146223024
vn 0.8925805 0.002109855 0.45088315
vn 0.923241 -0.290039271 -0.251998484
vn 0.8251465 -0.0121520581 -0.5647881
vn 0.974151969 -0.22529535 0.0164288729
vn 0.460542023 0.137345925 -0.876947641
vn 0.5607528 0.54764235 -0.621002555
vn 0.07119359 0.359341234 -0.9304866
vn 0.07119359 0.359341234 -0.9304866
vn 0.166709915 0.845994055 -0.50646013
vn 0.297182143 0.9496419 0.099312976
vn 0.894347548 -0.337460637 0.2937052
vn 0.866948545 -0.1900099 0.460756451
vn 0.976072669 -0.217181 0.0107010864
vn 0.6594943 -0.0440274067 0.75041914
vn 0.5104531 -0.118562721 0.851692736
vn 0.5325646 -0.405607283 0.7428712
vn 0.00512350257 0.0287637953 0.9995731
vn 0.01684242 0.0883424 0.9959478
vn -0.0566301644 -0.886432648 -0.459380239
vn 0.1321124 0.6695007 -0.7309686
vn -0.132639289 0.6967203 -0.7049735
vn -0.12842764 -0.9837518 0.125454381
vn -0.16125676 -0.8648507 0.475425661
vn -0.9968159 0.0499295 -0.0621701069
vn 0.0352630876 0.972479939 -0.230302542
vn -0.938733459 -0.0757749751 -0.3362108
vn 0.355692983 0.8668349 -0.349399239
vn -0.0566301644 -0.886432648 -0.459380239
vn 0.312942326 -0.9427839 -0.115002513
vn -0.9284005 0.344700933 -0.13875778
vn -0.9810575 0.193447635 0.0102029853
vn -0.8928675 0.318115026 0.318732619
vn 0.157518 0.968127966 -0.194721088
vn 0.0352630876 0.972479939 -0.230302542
vn -0.8176745 0.407271773 -0.406863719
vn -0.955283 0.258913577 0.142822325
vn 0.801866651 0.566894352 0.18878749
vn 0.355692983 0.8668349 -0.349399239
vn 0.757375062 0.397505462 0.518046737
vn 0.6688053 -0.1272976 0.732458055
vn -0.109650083 -0.7787277 -0.6177054
vn -0.911192238 0.127686888 -0.391694725
vn 0.8448121 -0.3761705 0.380510628
vn 0.9654947 -0.224824324 0.131430671
vn 0.9760981 -0.214896321 0.03243475
vn 0.731431663 -0.633768439 0.251684934
vn 0.8062313 -0.4779958 0.3485843
vn 0.565517962 -0.768872857 0.298368871
vn -0.7058132 0.0056272326 0.7083756
vn -0.9684968 0.139143288 0.206526324
vn 0.6935516 -0.7157615 0.08168011
vn 0.380488724 -0.8800588 0.284121126
vn -0.935669363 0.304748863 0.1779071
vn -0.8182651 0.379799 -0.431503177
vn -0.109650083 -0.7787277 -0.6177054
vn -0.405665845 0.902384043 0.145390108
vn -0.127543256 -0.8265644 0.5482007
vn -0.184123814 -0.9350459 0.302964628
vn 0.2903685 -0.946140349 0.14319405
vn 0.179858848 0.8689385 0.461082041
vn 0.249403819 0.9642631 0.08941195
vn -0.9220738 0.3613909 0.138479352
vn -0.436737865 0.898955762 0.0337425172
vn -0.893225253 -0.4282611 -0.136897892
vn -0.221665651 -0.9586597 -0.1784262
vn 0.701376259 -0.5366841 -0.469085842
vn 0.9540741 -0.289639682 -0.07649523
vn 0.673066139 -0.663675666 -0.326368839
vn 0.340014219 -0.835356236 -0.431937784
vn 0.296106 -0.9415251 -0.160784572
vn 0.6779338 -0.720882237 -0.143995047
vn 0.3983319 -0.6557904 -0.6413039
vn 0.4098607 -0.491187364 -0.7686021
vn 0.8197139 -0.311408669 -0.480722159
vn -0.148565784 -0.756861 -0.636466563
vn -0.118652247 -0.6052266 -0.787161
vn -0.170456946 -0.867668152 -0.467007935
vn -0.181297541 -0.922426045 -0.340971261
vn -0.189800143 -0.965205252 -0.179874316
vn -0.193040967 -0.981179 0.00479148561
vn -0.190068886 -0.965606451 0.177420244
vn -0.955830455 0.0265450142 0.2927175
vn -0.109650083 -0.7787277 -0.6177054
vn 0.9124999 -0.157115743 -0.3777017
vn 0.94709444 -0.220055312 0.233640343
vn 0.4756309 -0.4038749 -0.7814476
vn -0.08804669 -0.449938953 -0.8887085
vn -0.08369112 -0.427828372 -0.899977
vn 0.903197 -0.191098943 -0.3843389
vn 0.8707508 -0.170526475 0.461209029
vn -0.127629533 -0.41280216 0.9018343
vn -0.6011386 0.289146721 -0.7450011
vn -0.6011386 0.289146721 -0.7450011
vn -0.6011386 0.289146721 -0.7450011
vn 0.79832834 -0.131884277 0.5876039
vn 0.318610877 0.374628425 0.870712757
vn 0.985882342 0.09099888 -0.140553251
vn 0.9864904 -0.08971096 -0.137071639
vn -0.109650083 -0.7787277 -0.6177054
vn 0.9370638 -0.182960525 -0.297383368
vn 0.94926095 -0.234283477 0.209797323
vn 0.9802341 -0.184569314 -0.0712409541
vn 0.312942326 -0.9427839 -0.115002513
vn -0.0566301644 -0.886432648 -0.459380239
vn -0.12842764 -0.9837518 0.125454381
vn 0.1930262 0.9810781 -0.015054414
vn 0.190018922 0.9663058 0.173625708
vn 0.670878649 0.7274997 0.143756852
vn 0.5509233 -0.7826301 0.289782047
vn 0.7672446 0.413497835 0.490260452
vn 0.822993338 0.0572349764 0.5651603
vn 0.6855996 0.3185938 0.654561758
vn 0.8884129 0.21076031 0.407802135
vn -0.3062788 0.9512299 0.036810074
vn 0.7726987 0.478880763 0.4166653
vn -0.470596671 0.556455255 0.684760034
vn 0.919430733 0.2460832 0.306741267
vn 0.5509233 -0.7826301 0.289782047
vn 0.9036294 0.31700924 0.288026035
vn 0.786325157 -0.10736385 0.608412445
vn 0.218995944 0.9350063 0.278933674
vn 0.183065832 0.9712436 0.152225867
vn 0.150555372 0.7670119 0.6237194
vn 0.159875736 0.814139247 0.558226645
vn -0.031551484 -0.157614872 0.9869965
vn -0.183611453 -0.9323986 0.3113193
vn -0.0566301644 -0.886432648 -0.459380239
vn -0.16125676 -0.8648507 0.475425661
vn 0.0496941656 0.7459279 -0.6641702
vn 0.255952418 0.7958098 0.54879427
vn 0.8717912 -0.164759144 0.46133998
vn 0.96061486 -0.15198715 0.232635021
vn 0.9690365 -0.136886135 0.20550032
vn 0.8953394 -0.207288831 -0.394206375
vn 0.9343466 -0.197105989 -0.2968933
vn 0.17459482 0.8885939 0.4241669
vn 0.615297437 0.6426092 0.456577
vn 0.148012087 0.754063368 0.639906943
vn 0.9523825 0.133539319 0.274107218
vn 0.9084451 0.0759656653 0.411043435
vn 0.6357421 0.5033238 0.5852325
vn -0.06367873 -0.296882153 -0.952788532
vn -0.8253708 0.109613791 -0.553848267
vn 0.67789185 0.6287702 0.3809339
vn 0.6688053 -0.1272976 0.732458055
vn 0.775576234 -0.276645631 0.5674052
vn 0.801866651 0.566894352 0.18878749
vn -0.453721076 0.7977376 -0.397179872
vn 0.706106544 0.3456135 0.618033051
vn 0.675171852 -0.00563863944 0.7376389
vn 0.944749653 -0.317527056 0.08139175
vn -0.0160076842 -0.08409616 -0.996329069
vn 0.801241 -0.27918005 0.5292177
vn 0.7230024 -0.568626344 0.3923413
vn 0.8277209 0.33016777 0.4537261
vn 0.8466705 0.509222031 0.154408351
vn 0.173936114 0.885258 0.4313519
vn 0.13320215 0.679001331 0.7219518
vn 0.6338465 0.5015712 0.5887826
vn 0.162062123 0.825204849 0.5410849
vn 0.6243036 0.583188653 0.5197462
vn 0.910226 0.3337638 -0.245133281
vn 0.910616457 0.411287129 0.0402557664
vn 0.883297741 0.3184097 0.344093531
vn 0.96976167 -0.244020492 0.00403671851
vn 0.9712468 -0.232850015 -0.04960372
vn 0.957698762 -0.204655215 -0.20231007
vn 0.927439749 0.206570268 -0.311743945
vn 0.8165265 0.5752036 -0.04924756
vn 0.898635745 0.325923115 -0.293645918
vn 0.8338763 -0.544106364 0.0927283242
vn 0.8305598 -0.4865179 0.2710548
vn 0.8132118 -0.40849486 0.414509952
vn 0.9461776 -0.301457316 -0.117777131
vn 0.855963945 -0.5054017 -0.109063588
vn -0.221665651 -0.9586597 -0.1784262
vn 0.5402377 -0.8339537 -0.112536408
vn 0.629787743 -0.7723607 -0.08262189
vn 0.973991156 -0.2146065 -0.0726996362
vn 0.627737 0.772163749 -0.09853651
vn 0.379424334 0.9221235 -0.07566625
vn 0.51222235 -0.777648449 -0.364542425
vn 0.51222235 -0.777648449 -0.364542425
vn 0.51222235 -0.777648449 -0.364542425
vn -0.319155633 0.766698837 0.5570571
vn -0.6758199 0.40437144 0.616239548
vn -0.662671268 0.2768877 0.6958448
vn 0.0119878007 0.625219 0.7803573
vn 0.0119878007 0.625219 0.7803573
vn 0.144553751 0.807385445 0.572042763
vn -0.55635345 0.607402265 0.5670391
vn -0.8253933 0.3403789 0.450408816
vn -0.6281604 0.214409769 0.747959137
vn -0.8776847 -0.445846081 -0.175757721
vn -0.65140605 -0.228720844 0.7234341
vn -0.518195 0.08382427 0.8511448
vn -0.663697541 0.221311629 0.7145116
vn -0.7977225 -0.524823 0.2969841
vn 0.387416065 0.5944053 -0.704692245
vn -0.827055931 0.407463521 0.387236267
vn 0.0119878007 0.625219 0.7803573
vn 0.0119878007 0.625219 0.7803573
vn -0.7977225 -0.524823 0.2969841
vn -0.731653869 0.662824 0.15920727
vn -0.7690258 0.198637754 0.6075708
vn -0.686986446 0.7256011 0.03940353
vn -0.326477468 0.827893734 0.456075
vn -0.3454361 0.927449942 0.143214837
vn -0.69716835 0.6293962 0.3432444
vn -0.357377052 0.7763344 0.519217253
vn -0.74272275 0.5316977 0.407014072
vn -0.39727813 0.704075634 0.588597953
vn -0.51106447 0.6242774 0.590839148
vn 0.931443334 0.321801871 -0.169873059
vn 0.931443334 0.321801871 -0.169873059
vn 0.931443334 0.321801871 -0.169873059
vn -0.6237333 -0.6106679 -0.487894952
vn -0.761865258 0.488682151 0.4251483
vn -0.8849314 -0.252282858 0.391471326
vn -0.8478352 0.0452563763 0.5283251
vn -0.641433954 0.6192065 0.4529303
vn -0.590829134 0.792033851 0.153633729
vn -0.40876466 0.8871342 -0.214253142
vn -0.4691215 0.791939735 -0.390840739
vn 0.249403819 0.9642631 0.08941195
vn 0.179858848 0.8689385 0.461082041
vn -0.127543256 -0.8265644 0.5482007
vn -0.0499440655 0.09430735 0.9942896
vn 0.177619651 -0.5728317 0.800196946
vn 0.20299378 -0.73079294 0.6517171
vn -0.7156994 0.653649867 -0.246000558
vn -0.7797449 0.542443335 -0.312654853
vn -0.00346825365 -0.8823182 0.4706406
vn -0.08427459 -0.9897271 0.115490824
vn 0.7906748 -0.170961782 0.587882161
vn 0.155654848 -0.4534641 0.8775773
vn -0.0787987262 -0.0524817742 0.995508134
vn 0.383312076 0.4746801 0.7923072
vn -0.942176342 0.05230073 0.331011117
vn -0.684887052 0.269849658 0.6768389
vn -0.728312135 -0.240310758 0.641725957
vn -0.9595618 -0.009486349 0.281338066
vn -0.742387354 -0.6321315 0.2219702
vn -0.955014348 -0.2948268 -0.03201263
vn -0.9640454 0.0812675357 -0.253006
vn -0.9636405 0.173352808 -0.203336671
vn -0.373288751 0.3013903 -0.877393544
vn -0.3108655 0.7191226 -0.621470332
vn -0.767671943 0.3012197 -0.565638065
vn -0.839795649 -0.09839187 -0.533912241
vn -0.9640532 0.221169919 -0.147259012
vn -0.9857432 0.1577352 -0.0585656054
vn -0.9869117 0.160526127 0.0153825106
vn -0.874788165 0.152660578 0.4598265
vn -0.852747262 -0.4268029 -0.301100373
vn -0.777580559 -0.480099171 -0.4060459
vn -0.949904263 0.239536673 0.200758681
vn -0.251765519 0.967767656 -0.006316678
vn -0.2510514 0.9604699 -0.12029469
vn 0.379424334 0.9221235 -0.07566625
vn 0.627737 0.772163749 -0.09853651
vn -0.753465831 -0.221808583 0.6189428
vn -0.9276184 -0.173967719 0.3305441
vn -0.997273564 -0.0583957136 -0.0451153629
vn -0.08427459 -0.9897271 0.115490824
vn -0.00346825365 -0.8823182 0.4706406
vn 0.20299378 -0.73079294 0.6517171
vn 0.177619651 -0.5728317 0.800196946
vn -0.0499440655 0.09430735 0.9942896
vn 0.4683978 0.608740032 0.640342951
vn 0.335528 0.8237568 0.456996322
vn 0.297182143 0.9496419 0.099312976
vn 0.0496941656 0.7459279 -0.6641702
vn 0.7907233 -0.449071437 -0.416042656
vn 0.9559627 -0.252081633 0.150300279
vn 0.8829473 -0.0486645959 0.466942966
vn 0.0403696522 0.4438641 0.8951843
vn -0.668243349 -0.0515730567 -0.742153049
vn -0.668243349 -0.0515730567 -0.742153049
vn -0.668243349 -0.0515730567 -0.742153049
vn 0.0403696522 0.4438641 0.8951843
vn 0.4528628 0.891079068 0.0298909321
vn 0.4528628 0.891079068 0.0298909321
vn 0.4528628 0.891079068 0.0298909321
vn 0.155654848 -0.4534641 0.8775773
vn -0.299547076 -0.2924561 0.9081525
vn -0.470596671 0.556455255 0.684760034
vn 0.7726987 0.478880763 0.4166653
vn -0.8347497 0.2854852 0.4708409
vn -0.790721 0.544187367 0.280393451
vn -0.379047722 0.7740211 0.507162869
vn -0.770665169 0.607851 0.1912912
vn -0.75703764 0.6510176 -0.0554085337
vn -0.82282114 0.261120826 0.504758656
vn -0.127629533 -0.41280216 0.9018343
vn 0.08158016 -0.995595038 0.0462071039
vn 0.08158016 -0.995595038 0.0462071039
vn 0.08158016 -0.995595038 0.0462071039
vn -0.917258739 -0.309405237 0.250808328
vn -0.814939737 -0.497280717 0.297632545
vn -0.9871143 0.147963881 -0.0609259643
vn -0.9890261 0.13088116 -0.06853782
vn -0.913087964 -0.399672747 0.08082125
vn -0.6858055 -0.67027545 0.283551753
vn 0.318610877 0.374628425 0.870712757
vn -0.6531195 0.273491919 0.7061424
vn -0.9003434 -0.410370559 -0.144836977
vn -0.6272903 -0.76559937 0.142703891
vn -0.6305395 -0.75921607 -0.161278918
vn -0.873979032 -0.3593084 -0.3271973
vn -0.6306778 -0.644381046 -0.4324564
vn -0.6164144 -0.456146866 -0.6418437
vn -0.8519282 -0.231087908 -0.4699115
vn -0.564595342 -0.2994729 -0.769121647
vn -0.876094341 0.0222205073 -0.4816274
vn -0.592373133 -0.193753675 -0.7820189
vn -0.9078785 0.165214166 -0.3853062
vn 0.0403696522 0.4438641 0.8951843
vn 0.9556607 0.27263695 0.111272894
vn 0.9731331 -0.0335458368 0.227786392
vn -0.877788246 0.457659185 -0.141548008
vn -0.946811259 0.2906466 -0.13810505
vn -0.9926095 0.093352586 -0.07753462
vn 0.945014954 -0.3001766 -0.129772082
vn 0.9027552 -0.1723819 -0.394103467
vn -0.989906132 0.14169161 0.00305257482
vn -0.9870166 0.152415171 -0.0506735779
vn -0.801997066 -0.2083644 0.559807956
vn -0.4121307 -0.309314132 0.857014
vn -0.809398651 -0.108293243 0.5771883
vn -0.4268798 -0.47303915 0.7707189
vn -0.575883448 -0.245215833 0.779889345
vn -0.5854404 -0.3852482 0.7133326
vn -0.700761259 -0.36390087 0.61360395
vn -0.5226405 -0.4632417 0.7157192
vn -0.3645039 -0.5766217 0.7311938
vn -0.175321162 -0.533074856 0.827703834
vn -0.5090569 -0.3802795 0.7721713
vn -0.845761955 -0.217080921 0.487403929
vn -0.978981733 0.166851357 0.117283374
vn -0.983388662 0.178901523 0.030676
vn -0.7596015 0.54278934 -0.35830906
vn -0.986812 0.161237031 0.0143094156
vn 0.9809732 -0.193326026 0.017796034
vn 0.994129539 -0.0281585176 -0.104467832
vn 0.949422061 -0.189604387 -0.250295639
vn 0.8885034 -0.373016149 0.2672465
vn 0.7847357 -0.618590534 0.03918744
vn 0.9777595 -0.193048358 -0.08196795
vn 0.9487733 -0.188763708 -0.2533721
vn 0.6484057 -0.7262038 -0.228469074
vn -0.156186476 -0.741708 0.6522845
vn -0.19924362 -0.9799426 0.00380059937
vn -0.181186482 -0.9070573 -0.3800244
vn -0.196910873 -0.975396454 -0.0991357043
vn 0.7254124 -0.6801675 -0.105588779
vn 0.9620023 -0.187675416 -0.198316783
vn 0.560388446 -0.8270402 -0.0443763174
vn -0.19265987 -0.979989231 -0.0500329956
vn -0.192857921 -0.979791641 -0.053049013
vn 0.498565584 -0.724412739 -0.4760867
vn -0.188538864 -0.9545111 -0.231001467
vn -0.0766292959 -0.3925603 -0.9165284
vn 0.5374514 -0.8095722 -0.236090735
vn -0.0008015016 -0.0118347285 -0.999929667
vn 0.9281269 -0.0437863953 -0.3696799
vn 0.975685835 -0.132245675 0.174780488
vn 0.8467644 -0.3042187 0.436395556
vn 0.754665434 -0.149949118 -0.6387451
vn 0.145110488 0.7354046 -0.6619086
vn -0.542128742 0.80304724 -0.247409731
vn 0.07452733 0.376590878 -0.9233769
vn 0.141614154 0.7173719 0.6821459
vn 0.158599973 0.8128132 0.560518265
vn -0.4034209 0.6081562 0.6836648
vn -0.9545589 0.189638421 -0.2299013
vn -0.711240947 0.145622 0.687699437
vn -0.8050614 -0.5451065 -0.2339554
vn -0.601667762 -0.3988581 0.69203186
vn 0.579670668 0.50336355 -0.6407863
vn 0.149338663 0.757336 -0.6357202
vn 0.109954573 0.556641638 -0.823444068
vn 0.541212 0.08735249 -0.836336732
vn 0.0206457246 0.102251634 -0.994544268
vn 0.9855418 0.162491918 0.0479973219
vn 0.93454957 0.353459626 0.0410296842
vn 0.541066 0.696557343 -0.4712276
vn 0.1747699 0.8871664 -0.427072883
vn -0.0383843631 -0.197759137 -0.9794988
vn 0.569410741 -0.3970211 -0.71982336
vn 0.970663249 -0.196760267 -0.138196513
vn 0.699837148 0.0461437553 0.712810457
vn 0.6300098 0.600534856 0.492387563
vn 0.936397851 0.2814609 0.209615856
vn 0.950397134 0.305397779 -0.0589699857
vn 0.965179443 -0.2515253 -0.0718588
vn 0.9717693 -0.2282732 -0.0596304275
vn 0.908975959 0.214511141 -0.35741812
vn 0.6035408 0.796956956 -0.0244561862
vn 0.188906476 0.9607202 0.203300342
vn 0.1885266 0.9576662 -0.217561886
vn 0.173767358 0.884399831 0.4331765
vn 0.127059951 0.6478603 0.7510878
vn 0.06558239 0.335900426 0.939611554
vn -0.0304802638 -0.152244344 0.9878728
vn 0.634324849 -0.538572252 0.5545917
vn -0.07242272 -0.3656044 0.9279485
vn -0.112703688 -0.5706544 0.8134196
vn -0.161296874 -0.818343341 0.5516316
vn 0.399090439 -0.89555335 0.196751192
vn -0.191358432 -0.972276151 0.134391412
vn 0.268748254 -0.9101013 -0.315420449
vn -0.191062436 -0.9715169 -0.140178815
vn -0.1643779 -0.8369222 -0.522054732
vn 0.39485 -0.4700429 -0.7894005
vn -0.125760809 -0.6412843 -0.756927133
vn -0.0174518172 -0.09141692 -0.995659769
vn -0.00306920987 -0.0183128975 -0.9998276
vn 0.8776572 -0.470326364 -0.09225522
vn 0.7543951 -0.6220504 -0.209621742
vn 0.670034647 -0.7377216 -0.0825855
vn 0.6839063 -0.6911735 -0.233562231
vn 0.7377523 -0.393954366 -0.5481984
vn 0.969978154 -0.234797567 -0.06334424
vn 0.9808394 -0.152538553 -0.121186152
vn 0.887077749 0.005501385 0.46158725
vn 0.747839868 -0.390823215 -0.5366495
vn 0.8196028 -0.0154647827 -0.5727234
vn 0.972949 -0.231012478 -0.00185894279
vn 0.4516747 0.1169911 -0.884479
vn 0.5437305 0.5654208 -0.6202068
vn 0.05195794 0.261482537 -0.9638087
vn 0.120808676 0.6119349 -0.7816271
vn 0.169690862 0.8612188 -0.479069084
vn 0.2633646 -0.44221285 0.857372046
vn 0.7686396 -0.255486369 0.5864468
vn 0.427447438 -0.375588536 0.822327137
vn 0.70746243 -0.40672034 0.5779927
vn 0.9743301 -0.224599585 0.0153562855
vn 0.665705562 -0.0324443653 0.74550885
vn 0.4895416 -0.182919338 0.852578163
vn 0.401563883 -0.37733233 0.834485948
vn -0.0381639749 -0.191319451 0.9807856
vn -0.03231968 -0.161566392 0.9863325
vn -0.152800977 -0.7749794 0.613236368
vn -0.121709868 -0.6165233 0.777872562
vn -0.110606954 -0.5599675 0.8210984
vn 0.30783087 -0.449841738 0.838380933
vn 0.5100508 -0.6021157 0.6142515
vn -0.1537314 -0.7797357 0.606942236
vn 0.118161321 -0.6715847 0.731445
vn -0.115382753 -0.5842863 0.8033034
vn -0.06274422 -0.3163582 0.9465625
vn 0.499792933 -0.3819184 0.7773965
vn 0.190194845 -0.5569602 0.808468461
vn 0.3492152 -0.469557971 0.810903251
vn 0.439268768 -0.444939256 0.7804307
vn 0.4004343 -0.7108695 0.5782015
vn 0.326272815 -0.5446201 0.7726157
vn -0.0405187979 -0.5596028 0.8277699
vn 0.3074866 -0.626554966 0.716157
vn 0.395153761 -0.5781646 0.7138482
vn 0.215079561 -0.5993401 0.771059155
vn 0.662704647 -0.4965385 0.5605998
vn 0.969104469 -0.216416627 0.118323088
vn 0.9778369 -0.206951037 0.03172206
vn 0.7258667 -0.6418605 0.247250229
vn 0.699989855 -0.5211944 0.488232136
vn 0.699288964 -0.7107731 0.0761352554
vn 0.2973042 -0.8699156 0.393518746
vn 0.0355546735 -0.687718868 0.725105941
vn -0.130639911 -0.6004042 0.7889538
vn -0.164963126 -0.837055 0.521657
vn -0.175101057 -0.888859034 0.423401982
vn 0.2924562 -0.945528448 0.142987341
vn -0.128923625 -0.6532729 0.74606514
vn -0.120205157 -0.608855665 0.784120858
vn 0.70050627 -0.540295362 -0.466231585
vn 0.9567883 -0.28150475 -0.07287793
vn 0.6667971 -0.668010056 -0.330369741
vn 0.33484295 -0.8366075 -0.433552831
vn 0.299819469 -0.940784633 -0.158216819
vn 0.6858044 -0.713816 -0.141912177
vn 0.405388862 -0.6495125 -0.6432677
vn 0.4063064 -0.4890071 -0.7718725
vn 0.8190298 -0.307605356 -0.4843234
vn -0.148873791 -0.7584195 -0.6345364
vn -0.119851924 -0.611309946 -0.78226316
vn -0.17013222 -0.866025269 -0.470165074
vn -0.181277171 -0.922322452 -0.341262221
vn -0.18976596 -0.9650326 -0.180834264
vn -0.1930415 -0.981185138 0.00326969428
vn -0.190052539 -0.9655216 0.1778993
vn 0.328381568 0.8141699 -0.478845417
vn 0.170934334 0.867562234 -0.467030168
vn 0.159746855 0.8104392 -0.5636215
vn 0.408238322 0.736739755 -0.5390325
vn 0.150400981 0.762759447 -0.6289496
vn 0.00426559 0.018966835 -0.999811
vn 0.499008149 0.0545450225 -0.864879
vn -0.0875395238 -0.447366327 -0.8900563
vn 0.793580949 0.331229448 -0.510408044
vn 0.436567783 0.7424489 -0.5081123
vn 0.916780233 0.33413443 -0.218787938
vn 0.9849217 -0.104470231 -0.137895808
vn 0.954487562 -0.1860651 -0.23309499
vn 0.737192452 0.4729334 -0.4825777
vn -0.138541311 -0.706564069 0.693955
vn 0.193028763 0.98109436 -0.0139194438
vn 0.190025061 0.96633786 0.17344065
vn 0.669311166 0.7285132 0.145914659
vn -0.185531318 -0.942255557 0.2788056
vn 0.4627187 -0.8511218 0.247957781
vn -0.190306842 -0.966822445 0.170404285
vn 0.4107063 -0.735383749 0.539009333
vn 0.7150054 0.06776303 0.6958272
vn 0.7592314 0.114646927 0.640643239
vn 0.677074254 0.32302025 0.6612325
vn 0.8943143 0.206416756 0.39698115
vn 0.661293864 -0.1505155 0.7348711
vn -0.187937722 0.8302149 0.5248072
vn 0.713208139 0.6672214 -0.214824945
vn -0.4034209 0.6081562 0.6836648
vn 0.09817772 0.5002747 0.8602827
vn 0.141614154 0.7173719 0.6821459
vn 0.768188655 0.275773 0.5777849
vn 0.901004255 0.142840087 0.409619361
vn 0.799794257 -0.02830381 0.5996066
vn 0.179622859 0.8579937 0.48123008
vn 0.18661654 0.9492491 0.253180623
vn 0.16312556 0.8306157 0.532416761
vn 0.159935549 0.8144422 0.5577674
vn -0.05142193 -0.25871402 0.9645843
vn -0.17884858 -0.90801847 0.3788346
vn -0.19293195 -0.980707 -0.03148123
vn -0.8319953 -0.553 -0.04443895
vn -0.7352357 -0.4818767 -0.4766795
vn -0.98026973 0.185275257 -0.06887883
vn -0.754490435 0.146980837 -0.639641166
vn -0.5531809 0.8308966 -0.0600147843
vn 0.17209366 0.875952244 0.4506567
vn 0.613613248 0.6486817 0.450211972
vn 0.139600441 0.7114404 0.6887411
vn -0.502433836 0.717062056 -0.4830965
vn 0.192556083 0.979177237 -0.06429668
vn 0.192750111 0.978935838 -0.06732061
vn 0.362315267 0.637260735 0.6801665
vn 0.007022207 0.03840848 0.9992374
vn 0.0621752068 0.7848584 0.616548061
vn 0.6899807 0.622139156 0.369958848
vn 0.809971 -0.327049345 0.486811846
vn 0.8117672 -0.149570748 0.5645021
vn 0.804330051 0.539177656 0.249681056
vn -0.0852456242 0.982499361 0.165614471
vn 0.6941446 0.320472121 0.644562542
vn 0.9382216 0.022600336 0.345296323
vn 0.7163391 -0.5540399 0.424144
vn 0.8647145 -0.347836673 0.362323761
vn 0.8157891 0.289211661 0.500844
vn 0.183388591 0.9329884 0.30967924
vn 0.154389933 0.7863708 0.598151
vn 0.132098466 0.673408151 0.727373
vn 0.638278365 0.497684926 0.5872908
vn 0.162201077 0.8259088 0.5399681
vn 0.6276689 0.5803554 0.5188635
vn 0.9111949 0.3335956 -0.24173902
vn 0.910916 0.410220444 0.04417377
vn 0.882315755 0.319873869 0.345253
vn 0.969685555 -0.24434112 -0.00271227164
vn 0.9727652 -0.226395965 -0.0497269146
vn 0.955692351 -0.218483046 -0.197274536
vn 0.806665 -0.06733642 -0.5871604
vn 0.626610339 0.26320684 -0.7335405
vn 0.3310124 -0.291935563 -0.897331834
vn 0.3764249 -0.444377333 -0.8129164
vn 0.310067832 -0.3868975 -0.868428648
vn 0.45078823 -0.428736448 -0.7829272
vn -0.0178324115 -0.09334023 -0.9954746
vn 0.105826855 0.5356273 -0.837797165
vn -0.0531909578 -0.272967249 -0.960551739
vn -0.0859146938 -0.439120054 -0.8943111
vn -0.0748046339 -0.382716745 -0.920832336
vn -0.617838 0.113933377 0.778007269
vn -0.4976454 -0.06873389 0.864652932
vn -0.6903658 -0.0976333246 0.716842234
vn -0.68615973 0.36849314 0.6272142
vn -0.2718014 0.7650246 0.583833337
vn -0.145105332 0.546759 0.824620545
vn 0.466761559 0.6769036 0.569153
vn -0.0440772958 0.6773195 0.7343674
vn -0.5223672 0.583295465 0.622012
vn -0.819354 0.3412261 0.460677534
vn -0.62914747 0.222306266 0.7448177
vn -0.5232249 0.01633646 0.852038
vn -0.51543045 -0.196925923 0.833997369
vn -0.678211451 0.230948359 0.697633147
vn -0.6592245 -0.524893939 0.53843236
vn -0.7509138 -0.61234355 0.247313142
vn -0.6009048 0.499347925 0.624151468
vn 0.120363079 0.637905061 0.760651
vn -0.7801608 0.473597139 0.408723474
vn -0.75153476 0.27690208 0.598766
vn -0.68767184 0.724728048 0.0433207229
vn -0.322611868 0.8328745 0.449712843
vn -0.3436038 0.9277946 0.145374268
vn -0.695737064 0.6303425 0.344410032
vn -0.361573339 0.7749795 0.5183354
vn -0.7498741 0.5298966 0.396104038
vn -0.4027785 0.702503264 0.5867356
vn -0.5216719 0.5596736 0.643913
vn -0.8600924 0.376398 0.3443336
vn -0.873266459 -0.241298735 0.4232973
vn -0.932408154 0.005732248 0.361361563
vn -0.6459522 0.576791346 0.5000574
vn -0.407076776 0.8876268 -0.215423152
vn 0.187977284 0.9548301 -0.230139151
vn 0.173801139 0.88221395 -0.4375977
vn -0.4794483 0.480812073 -0.7341315
vn -0.41601184 -0.144966051 -0.897729933
vn -0.5158745 -0.268823415 -0.8133925
vn -0.432632774 -0.240779147 -0.8688235
vn -0.578800857 -0.22617358 -0.7834763
vn -0.7166634 0.6538618 -0.2426072
vn -0.771450341 0.2431451 -0.5880007
vn -0.839604139 -0.07850706 -0.5374956
vn -0.9335991 -0.289952874 -0.210523173
vn -0.676630139 -0.151873276 -0.7204902
vn -0.990319431 -0.102819338 -0.09325025
vn -0.9727147 0.185580775 -0.1392332
vn -0.6309321 0.307959169 0.7120996
vn -0.79163903 -0.258028 0.5538314
vn -0.708802044 -0.67758435 0.196160913
vn -0.8994751 -0.428934872 -0.08342328
vn -0.9670272 0.1597965 -0.198301658
vn -0.593157947 -0.7405283 -0.315882117
vn -0.5426708 -0.285595149 -0.789901137
vn -0.3727851 0.279193729 -0.8849193
vn -0.288377553 0.729128957 -0.6206524
vn -0.7637877 0.296052247 -0.573569
vn -0.8314409 -0.08522979 -0.549037158
vn -0.9653975 0.2303653 -0.122227542
vn -0.986566663 0.150133952 -0.06438959
vn -0.9879455 0.154774964 -0.00290450826
vn -0.8087396 0.05484898 0.585603833
vn -0.5018941 -0.302115768 0.8104495
vn -0.456157178 -0.299541026 0.83797127
vn -0.5387131 -0.185508087 0.821812
vn -0.256632239 0.966187835 -0.0249200612
vn -0.6080203 -0.163966641 0.776805162
vn -0.387836844 -0.44324246 0.8081576
vn -0.107355371 -0.6049824 0.7889684
vn 0.6089172 -0.7929451 -0.0213995241
vn -0.192689046 -0.979559541 -0.05774112
vn -0.192993939 -0.9810103 -0.0192888957
vn 0.6077803 -0.7918739 -0.05948893
vn 0.192549214 0.9784971 -0.07394738
vn 0.8638384 0.5027438 -0.03212375
vn 0.1929377 0.9805677 -0.0355245024
vn 0.8622605 0.5015771 -0.07019459
vn 0.980871856 -0.193180054 -0.0239129923
vn 0.979433835 -0.193181187 -0.05822717
vn 0.9784243 -0.19310841 -0.07345051
vn 0.498565584 -0.724412739 -0.4760867
vn -0.192462355 -0.97846 -0.07466059
vn 0.737192452 0.4729334 -0.4825777
vn 0.145110488 0.7354046 -0.6619086
vn -0.345123351 0.6853114 -0.641278565
vn -0.236388087 0.849513769 -0.471642882
vn -0.731043458 0.6811491 0.0401410535
vn -0.8505849 0.523731232 0.0470205024
vn -0.466927171 0.285693735 -0.836874
vn -0.3560684 0.7945373 0.4918595
vn -0.7602021 0.615250349 0.208709776
vn -0.763813138 0.642653346 -0.0598849654
vn -0.640468359 -0.506082058 0.5776515
vn -0.9151707 -0.319002032 0.246374235
vn -0.9857565 0.156851873 -0.060675744
vn -0.9884535 0.132834628 -0.07290142
vn -0.916503549 -0.392880768 0.07527277
vn -0.6050908 -0.692377865 0.393036872
vn -0.294172078 -0.6228486 0.7249293
vn -0.904952645 -0.400849164 -0.142761022
vn -0.6289905 -0.7642422 0.142495215
vn -0.6336982 -0.7571236 -0.158714771
vn -0.869814932 -0.3656956 -0.331192851
vn -0.62636435 -0.6474985 -0.434066176
vn -0.6205657 -0.447663873 -0.643813
vn -0.852494 -0.23475945 -0.4670567
vn -0.560476661 -0.298803061 -0.7723876
vn -0.8740168 0.0254796334 -0.4852271
vn -0.440264463 0.2393388 -0.865380943
vn -0.6084348 0.60706383 -0.5111562
vn -0.09816781 0.83637017 -0.5393033
vn 0.00500742346 0.8777903 -0.479019
vn -0.122254521 0.852391958 -0.508411
vn -0.721651435 0.656481147 -0.21966283
vn -0.950949848 0.276392251 -0.138930634
vn -0.9920435 0.10191039 -0.07391861
vn -0.989973 0.1412065 -0.00375755969
vn -0.985977352 0.158967957 -0.0507722273
vn -0.894524753 -0.380630761 -0.234404936
vn -0.9795578 0.192232266 -0.0592728145
vn -0.608974934 0.792506456 -0.0329097845
vn -0.980923355 0.192785859 -0.0249602
vn -0.863895535 -0.5031822 -0.022185592
vn -0.862398446 -0.502629161 -0.0602737479
vn -0.192993939 -0.9810103 -0.0192888957
vn 0.1929377 0.9805677 -0.0355245024
vn -0.607918441 0.790820539 -0.07097935
vn -0.9785801 0.191915035 -0.07449524
vn -0.7352357 -0.4818767 -0.4766795
vn -0.502433836 0.717062056 -0.4830965
vn 0.189710587 0.976293 0.104220234
vn 0.930165231 0.350162536 -0.110357821
vn 0.186935589 0.9755843 -0.11528378
vn 0.608067036 -0.7938704 0.004924521
vn -0.193041161 -0.981177747 0.00503857154
vn -0.193031713 -0.981146 0.009556802
vn 0.668439865 -0.7406904 0.0675713047
vn 0.981024146 -0.18788451 0.04786468
vn 0.9620023 -0.187675416 -0.198316783
vn 0.9016929 0.429275542 0.0516954549
vn 0.193045363 0.9811671 -0.00668502739
vn 0.8634846 0.5043416 -0.005820575
vn 0.9811913 -0.193027169 0.002046912
vn 0.6088761 -0.7932607 0.00270687044
vn 0.7254124 -0.6801675 -0.105588779
vn -0.193922043 -0.9736057 0.120358847
vn -0.196910873 -0.975396454 -0.0991357043
vn 0.980871856 -0.193180054 -0.0239129923
vn 0.981184244 -0.193060979 -0.002228842
vn 0.6089172 -0.7929451 -0.0213995241
vn -0.192993939 -0.9810103 -0.0192888957
vn 0.8639957 0.5034352 -0.008025651
vn 0.1930347 0.981128 -0.0112031335
vn 0.1929377 0.9805677 -0.0355245024
vn 0.8638384 0.5027438 -0.03212375
vn -0.731571853 0.6695995 -0.128215462
vn -0.9573459 0.183218375 -0.2234275
vn -0.6698053 0.7403372 0.0571112074
vn 0.193045363 0.9811671 -0.00668502739
vn -0.608064651 0.793860257 -0.006582391
vn -0.980924964 0.188648492 0.0468818322
vn -0.9326125 -0.341699153 -0.1160847
vn -0.90243566 -0.426543534 0.0605847538
vn -0.193031713 -0.981146 0.009556802
vn -0.8634834 -0.5043601 0.004162983
vn -0.864001453 -0.5034856 0.0019206868
vn -0.980923355 0.192785859 -0.0249602
vn -0.863895535 -0.5031822 -0.022185592
vn -0.192993939 -0.9810103 -0.0192888957
vn -0.98119 0.193016723 -0.003276222
vn -0.608974934 0.792506456 -0.0329097845
vn -0.6088834 0.7932108 -0.008811801
vn 0.1929377 0.9805677 -0.0355245024
vn -0.9811879 0.193052575 0.00103127933
vn 0.754485369 -0.586829245 -0.2939102
vn 0.9906117 0.102935761 -0.0899594352
vn 0.9792031 0.183189571 0.08719428
vn 0.6538638 -0.7490323 -0.10683053
vn 0.9887125 -0.08141397 -0.125775144
vn 0.8511148 0.5169574 -0.09142575
vn 0.8904216 0.4331346 -0.139798969
vn 0.922411442 0.345266432 -0.173055485
vn 0.9731056 -0.206613719 -0.101863727
vn 0.782375157 -0.622640669 -0.0144125214
vn 0.798349 -0.600385845 -0.0466442928
vn -0.0553853661 -0.996012151 0.06994499
vn -0.213673845 -0.9727283 0.0902395
vn -0.15856649 -0.8382105 -0.521785259
vn 0.87083143 -0.173061967 0.460111082
vn 0.9576999 -0.148729339 0.246354371
vn 0.9623328 -0.146950215 0.2287383
vn 0.923731446 -0.259797484 -0.2814702
vn 0.90193975 -0.345483422 -0.259125262
vn -0.08434958 -0.357763 -0.92999506
vn -0.00428344542 -0.0288888961 -0.999573469
vn 0.951993644 0.135154858 0.274665624
vn 0.918099463 0.0662169 0.390779585
vn 0.8351897 -0.144785836 0.5305612
vn 0.672735333 -0.372442037 0.639307559
vn 0.07799051 -0.111217476 0.9907311
vn 0.3843592 0.49260214 0.780775964
vn 0.38846007 0.6569486 0.6461558
vn 0.3363287 0.834873557 0.4357398
vn 0.290641636 0.949952662 0.114531174
vn 0.804916441 0.5383806 -0.249511123
vn 0.8756326 -0.311346054 -0.3692305
vn 0.954499066 -0.240518257 0.176302359
vn 0.900266469 -0.0322938375 0.4341398
vn 0.0573556758 0.225249439 0.9726114
vn 0.138454258 0.7558899 0.639891267
vn 0.930165231 0.350162536 -0.110357821
vn 0.874452651 0.4227281 -0.237977892
vn 0.186935589 0.9755843 -0.11528378
vn 0.1747202 0.9019153 -0.3949957
vn 0.9606976 0.275771141 0.031786304
vn 0.186819673 0.98231554 -0.0124329785
vn 0.9640937 0.0132477749 0.2652318
vn 0.931915462 -0.3448123 -0.112419166
vn 0.949422061 -0.189604387 -0.250295639
vn 0.407674253 -0.5987905 0.689384937
vn -0.41626817 -0.273292243 0.8671979
vn 0.000519583933 0.00817514 0.999966443
vn -0.4922342 0.103994235 0.864228368
vn 0.000519583933 0.00817514 0.999966443
vn -0.278913558 0.424536228 0.8613804
vn 0.000519583933 0.00817514 0.999966443
vn 0.716867864 -0.13538146 0.683938861
vn 0.756763637 0.537325144 0.372277379
vn -0.164591134 0.9530807 0.2540609
vn 0.0673220158 0.266983032 0.961346865
vn -0.7686278 0.613286555 0.181908891
vn -0.731571853 0.6695995 -0.128215462
vn -0.9502535 0.184883147 -0.250672251
vn -0.9573459 0.183218375 -0.2234275
vn -0.6671 0.7025087 -0.247909412
vn 0.186935589 0.9755843 -0.11528378
vn -0.784430861 0.6184528 0.0467370339
vn -0.980938435 0.193238109 0.0204655044
vn -0.9805493 0.19260554 -0.0377648771
vn 0.1747202 0.9019153 -0.3949957
vn -0.9933615 -0.00316075981 -0.114991307
vn -0.951403 0.180579409 -0.249446213
vn -0.0852456242 0.982499361 0.165614471
vn -0.187937722 0.8302149 0.5248072
vn 0.6061898 0.410825819 0.680996358
vn -0.0008015016 -0.0118347285 -0.999929667
vn -0.9226547 0.0564685278 -0.381470352
vn -0.9768692 0.127071977 0.171986014
vn -0.8776917 0.3951726 0.271101445
vn -0.8531078 0.281675071 0.439165354
vn 0.138454258 0.7558899 0.639891267
vn 0.0573556758 0.225249439 0.9726114
vn 0.186819673 0.98231554 -0.0124329785
vn -0.00428344542 -0.0288888961 -0.999573469
vn -0.943425238 0.1411667 -0.300034732
vn -0.946593642 0.231118456 0.224821463
vn -0.87888813 0.0623517521 0.472935379
vn -0.689118147 -0.120836057 0.714503169
vn 0.07799051 -0.111217476 0.9907311
vn -0.08434958 -0.357763 -0.92999506
vn -0.15856649 -0.8382105 -0.521785259
vn -0.6223618 0.223419756 0.7501663
vn -0.675232351 0.46308586 0.5741191
vn -0.9867136 0.05907151 0.151349962
vn -0.9345524 -0.227848619 -0.273307174
vn -0.78504014 -0.6147402 0.07620037
vn -0.213673845 -0.9727283 0.0902395
vn 0.3843592 0.49260214 0.780775964
vn 0.38846007 0.6569486 0.6461558
vn 0.3363287 0.834873557 0.4357398
vn -0.788495243 0.5320211 0.3085916
vn -0.902968943 0.429695874 0.00292838132
vn -0.7837261 -0.5533543 0.282085717
vn -0.561490238 0.8097042 -0.170610279
vn -0.571400166 0.7520872 -0.328430653
vn 0.290641636 0.949952662 0.114531174
vn -0.0553853661 -0.996012151 0.06994499
vn -0.760252059 -0.64841944 0.03961053
vn -0.6466289 0.73301053 -0.211107969
vn -0.691716969 0.7059175 -0.152342111
vn -0.734368145 0.661202252 -0.1533463
vn -0.7619766 0.6354446 -0.124907464
vn -0.6986937 -0.7137357 -0.04907624
vn -0.6067149 -0.7923541 -0.0638122857
vn -0.566511 -0.820188642 -0.0797239542
vn -0.9194548 0.3776728 -0.109389618
vn -0.980938435 0.193238109 0.0204655044
vn -0.8757521 0.2945585 -0.382483363
vn -0.9515781 0.255945116 0.1702681
vn -0.9612646 -0.0290063918 0.274096638
vn -0.960094154 -0.27438882 0.05412901
vn -0.8947787 0.06971317 0.441034079
vn 0.804330051 0.539177656 0.249681056
vn 0.7889534 -0.312166065 0.5292493
vn 0.809971 -0.327049345 0.486811846
vn 0.00384711521 0.0124298707 -0.999915361
vn -0.9274736 0.222118452 -0.300759137
vn -0.9629697 0.146514371 0.226324558
vn 0.1691297 0.8273799 -0.535572231
vn 0.05454724 0.348182172 -0.9358385
vn -0.935842454 0.320087671 0.1474543
vn -0.779257 0.5604635 -0.28042683
vn -0.4934296 0.867432833 0.06393317
vn 0.171004817 0.9824832 0.0740546
vn 0.326253265 0.943744957 0.0538914055
vn -0.514823556 0.8134126 0.270770431
vn -0.9237466 0.365465 -0.114575751
vn -0.162798181 -0.971358 -0.173090547
vn -0.8147372 -0.484723 -0.3181932
vn -0.207776457 -0.9504555 -0.231221408
vn -0.929619 -0.3380714 -0.14668417
vn -0.2691031 -0.923812747 -0.272311538
vn -0.261559278 0.9620035 -0.0783326551
vn 0.4420012 0.8926805 -0.08807058
vn -0.213858724 0.9722772 -0.0945595056
vn -0.798435032 -0.163685486 0.579403639
vn -0.9302567 -0.189007252 0.314481556
vn -0.998433352 -0.05552153 0.00694635324
vn -0.09050239 -0.9873001 0.130567327
vn -0.00708568934 -0.893387139 0.449231774
vn 0.112059191 -0.7439829 0.6587353
vn 0.171562642 -0.588978469 0.7897282
vn 0.117412388 0.08916084 0.9890726
vn -0.8354163 0.2826105 0.471392483
vn -0.0292021316 -0.214654341 0.97625345
vn 0.136529461 0.332971722 0.933000267
vn -0.6582655 0.0409758762 0.7516698
vn -0.9502535 0.184883147 -0.250672251
vn -0.8842722 -0.4013114 -0.238771483
vn -0.9326125 -0.341699153 -0.1160847
vn -0.196910873 -0.975396454 -0.0991357043
vn -0.181186482 -0.9070573 -0.3800244
vn -0.19924362 -0.9799426 0.00380059937
vn -0.156186476 -0.741708 0.6522845
vn -0.0292021316 -0.214654341 0.97625345
vn 0.00384711521 0.0124298707 -0.999915361
vn 0.95240587 -0.11444851 -0.282532543
vn 0.943327069 -0.2218427 0.2468195
vn 0.872988343 -0.162564874 0.459852159
vn 0.136529461 0.332971722 0.933000267
vn 0.829454 -0.1739372 0.530803
vn 0.05454724 0.348182172 -0.9358385
vn 0.1691297 0.8273799 -0.535572231
vn 0.964921057 -0.02428722 -0.261414349
vn 0.9469161 -0.223352268 0.231222
vn 0.888531744 0.443724781 -0.116703413
vn 0.9196241 0.252535045 -0.300861418
vn 0.8365284 -0.5410104 0.08676379
vn 0.8294809 -0.4896394 0.268727928
vn 0.8260663 -0.4026502 0.39431864
vn 0.9452805 -0.301480949 -0.124715768
vn 0.8775107 -0.471927732 -0.0852004439
vn -0.162798181 -0.971358 -0.173090547
vn -0.207776457 -0.9504555 -0.231221408
vn -0.2691031 -0.923812747 -0.272311538
vn 0.973229647 -0.203846917 -0.10616231
vn 0.95987916 0.2795592 -0.0218793526
vn 0.4420012 0.8926805 -0.08807058
vn 0.326253265 0.943744957 0.0538914055
vn 0.171004817 0.9824832 0.0740546
vn 0.117412388 0.08916084 0.9890726
vn 0.171562642 -0.588978469 0.7897282
vn 0.112059191 -0.7439829 0.6587353
vn -0.00708568934 -0.893387139 0.449231774
vn -0.09050239 -0.9873001 0.130567327
vn 0.6061898 0.410825819 0.680996358
vn 0.418525457 0.287364453 0.861544
vn 0.716867864 -0.13538146 0.683938861
vn 0.494551748 -0.09014885 0.864460349
vn 0.407674253 -0.5987905 0.689384937
vn 0.281269133 -0.410572559 0.867362559
vn -0.138541311 -0.706564069 0.693955
vn -0.0959188938 -0.4862564 0.8685357
vn 0.000519583933 0.00817514 0.999966443
vn 0.207457557 -0.7662535 0.6081258
vn -0.0197297018 -0.814868569 0.5793099
vn -0.124569945 -0.893513 0.4314126
vn 0.661293864 -0.1505155 0.7348711
vn -0.711240947 0.145622 0.687699437
vn -0.601667762 -0.3988581 0.69203186
vn 0.8267708 0.55935663 -0.0597509332
vn 0.9774939 -0.199692383 -0.06803427
usemtl 00255290_part_0_material_0
f 479/479/479 480/480/480 481/481/481
f 480/480/480 479/479/479 482/482/482
f 482/482/482 483/483/483 480/480/480
f 483/483/483 482/482/482 484/484/484
f 485/485/485 483/483/483 484/484/484
f 486/486/486 485/485/485 484/484/484
f 485/485/485 486/486/486 487/487/487
f 486/486/486 488/488/488 487/487/487
f 482/482/482 486/486/486 484/484/484
f 486/486/486 482/482/482 489/489/489
f 479/479/479 489/489/489 482/482/482
f 489/489/489 479/479/479 490/490/490
f 491/491/491 490/490/490 479/479/479
f 490/490/490 491/491/491 492/492/492
f 492/492/492 491/491/491 493/493/493
f 494/494/494 493/493/493 491/491/491
f 495/495/495 496/496/496 497/497/497
f 496/496/496 495/495/495 498/498/498
f 495/495/495 499/499/499 498/498/498
f 499/499/499 495/495/495 500/500/500
f 501/501/501 499/499/499 500/500/500
f 499/499/499 501/501/501 502/502/502
f 499/499/499 503/503/503 498/498/498
f 503/503/503 499/499/499 504/504/504
f 499/499/499 505/505/505 504/504/504
f 505/505/505 499/499/499 502/502/502
f 502/502/502 506/506/506 505/505/505
f 507/507/507 506/506/506 502/502/502
f 501/501/501 507/507/507 502/502/502
f 507/507/507 501/501/501 508/508/508
f 509/509/509 510/510/510 511/511/511
f 512/512/512 513/513/513 514/514/514
f 513/513/513 512/512/512 515/515/515
f 516/516/516 497/497/497 496/496/496
f 496/496/496 517/517/517 516/516/516
f 517/517/517 496/496/496 518/518/518
f 498/498/498 518/518/518 496/496/496
f 518/518/518 498/498/498 519/519/519
f 503/503/503 519/519/519 498/498/498
f 520/520/520 515/515/515 512/512/512
f 521/521/521 522/522/522 523/523/523
f 522/522/522 524/524/524 525/525/525
f 524/524/524 522/522/522 526/526/526
f 527/527/527 526/526/526 522/522/522
f 526/526/526 527/527/527 528/528/528
f 529/529/529 528/528/528 527/527/527
f 528/528/528 529/529/529 530/530/530
f 531/531/531 532/532/532 533/533/533
f 534/534/534 533/533/533 535/535/535
f 533/533/533 534/534/534 531/531/531
f 534/534/534 536/536/536 531/531/531
f 537/537/537 531/531/531 536/536/536
f 531/531/531 537/537/537 538/538/538
f 532/532/532 531/531/531 538/538/538
f 538/538/538 539/539/539 532/532/532
f 540/540/540 534/534/534 535/535/535
f 534/534/534 540/540/540 541/541/541
f 541/541/541 542/542/542 534/534/534
f 536/536/536 534/534/534 542/542/542
f 542/542/542 543/543/543 536/536/536
f 537/537/537 536/536/536 543/543/543
f 544/544/544 537/537/537 543/543/543
f 537/537/537 544/544/544 545/545/545
f 544/544/544 546/546/546 545/545/545
f 547/547/547 545/545/545 546/546/546
f 547/547/547 546/546/546 548/548/548
f 549/549/549 548/548/548 546/546/546
f 550/550/550 549/549/549 546/546/546
f 546/546/546 544/544/544 550/550/550
f 550/550/550 551/551/551 552/552/552
f 550/550/550 553/553/553 551/551/551
f 553/553/553 550/550/550 544/544/544
f 544/544/544 554/554/554 553/553/553
f 544/544/544 555/555/555 554/554/554
f 555/555/555 544/544/544 543/543/543
f 543/543/543 556/556/556 555/555/555
f 557/557/557 556/556/556 543/543/543
f 556/556/556 557/557/557 558/558/558
f 559/559/559 558/558/558 557/557/557
f 557/557/557 560/560/560 559/559/559
f 560/560/560 557/557/557 561/561/561
f 561/561/561 562/562/562 560/560/560
f 563/563/563 562/562/562 561/561/561
f 562/562/562 563/563/563 564/564/564
f 563/563/563 565/565/565 564/564/564
f 566/566/566 565/565/565 563/563/563
f 565/565/565 566/566/566 567/567/567
f 566/566/566 568/568/568 567/567/567
f 566/566/566 569/569/569 568/568/568
f 561/561/561 557/557/557 570/570/570
f 571/571/571 561/561/561 570/570/570
f 572/572/572 561/561/561 571/571/571
f 572/572/572 563/563/563 561/561/561
f 563/563/563 572/572/572 573/573/573
f 573/573/573 566/566/566 563/563/563
f 566/566/566 573/573/573 574/574/574
f 573/573/573 575/575/575 574/574/574
f 576/576/576 574/574/574 575/575/575
f 575/575/575 577/577/577 576/576/576
f 578/578/578 572/572/572 571/571/571
f 579/579/579 576/576/576 580/580/580
f 576/576/576 579/579/579 574/574/574
f 581/581/581 574/574/574 579/579/579
f 574/574/574 581/581/581 566/566/566
f 579/579/579 582/582/582 581/581/581
f 569/569/569 566/566/566 581/581/581
f 581/581/581 583/583/583 569/569/569
f 581/581/581 584/584/584 583/583/583
f 584/584/584 581/581/581 582/582/582
f 582/582/582 585/585/585 584/584/584
f 586/586/586 587/587/587 588/588/588
f 587/587/587 586/586/586 589/589/589
f 589/589/589 580/580/580 587/587/587
f 580/580/580 589/589/589 590/590/590
f 590/590/590 579/579/579 580/580/580
f 590/590/590 549/549/549 579/579/579
f 582/582/582 579/579/579 549/549/549
f 549/549/549 550/550/550 582/582/582
f 550/550/550 585/585/585 582/582/582
f 585/585/585 550/550/550 552/552/552
f 577/577/577 580/580/580 576/576/576
f 580/580/580 577/577/577 587/587/587
f 587/587/587 577/577/577 591/591/591
f 587/587/587 591/591/591 592/592/592
f 593/593/593 592/592/592 591/591/591
f 593/593/593 594/594/594 592/592/592
f 594/594/594 593/593/593 595/595/595
f 596/596/596 595/595/595 593/593/593
f 597/597/597 592/592/592 594/594/594
f 598/598/598 599/599/599 597/597/597
f 592/592/592 597/597/597 599/599/599
f 588/588/588 592/592/592 599/599/599
f 592/592/592 588/588/588 587/587/587
f 600/600/600 601/601/601 602/602/602
f 600/600/600 603/603/603 601/601/601
f 600/600/600 604/604/604 603/603/603
f 604/604/604 600/600/600 605/605/605
f 605/605/605 598/598/598 604/604/604
f 598/598/598 605/605/605 606/606/606
f 599/599/599 598/598/598 606/606/606
f 607/607/607 599/599/599 606/606/606
f 599/599/599 607/607/607 588/588/588
f 607/607/607 586/586/586 588/588/588
f 586/586/586 607/607/607 608/608/608
f 607/607/607 605/605/605 608/608/608
f 605/605/605 607/607/607 606/606/606
f 600/600/600 608/608/608 605/605/605
f 609/609/609 610/610/610 611/611/611
f 612/612/612 611/611/611 610/610/610
f 611/611/611 612/612/612 602/602/602
f 612/612/612 600/600/600 602/602/602
f 600/600/600 612/612/612 613/613/613
f 608/608/608 600/600/600 613/613/613
f 614/614/614 608/608/608 613/613/613
f 608/608/608 614/614/614 586/586/586
f 615/615/615 586/586/586 614/614/614
f 586/586/586 615/615/615 589/589/589
f 615/615/615 590/590/590 589/589/589
f 590/590/590 615/615/615 616/616/616
f 549/549/549 590/590/590 616/616/616
f 617/617/617 549/549/549 616/616/616
f 548/548/548 549/549/549 617/617/617
f 618/618/618 548/548/548 617/617/617
f 617/617/617 619/619/619 618/618/618
f 609/609/609 618/618/618 619/619/619
f 610/610/610 609/609/609 619/619/619
f 615/615/615 610/610/610 619/619/619
f 610/610/610 615/615/615 614/614/614
f 614/614/614 612/612/612 610/610/610
f 612/612/612 614/614/614 613/613/613
f 619/619/619 616/616/616 615/615/615
f 616/616/616 619/619/619 617/617/617
f 620/620/620 547/547/547 548/548/548
f 548/548/548 618/618/618 620/620/620
f 621/621/621 620/620/620 618/618/618
f 618/618/618 609/609/609 621/621/621
f 609/609/609 622/622/622 621/621/621
f 622/622/622 609/609/609 611/611/611
f 611/611/611 623/623/623 622/622/622
f 623/623/623 611/611/611 602/602/602
f 624/624/624 623/623/623 602/602/602
f 601/601/601 624/624/624 602/602/602
f 625/625/625 626/626/626 621/621/621
f 621/621/621 627/627/627 625/625/625
f 627/627/627 621/621/621 622/622/622
f 622/622/622 628/628/628 627/627/627
f 628/628/628 622/622/622 623/623/623
f 623/623/623 624/624/624 628/628/628
f 629/629/629 630/630/630 631/631/631
f 632/632/632 629/629/629 631/631/631
f 631/631/631 633/633/633 632/632/632
f 633/633/633 631/631/631 634/634/634
f 634/634/634 626/626/626 633/633/633
f 626/626/626 634/634/634 620/620/620
f 620/620/620 621/621/621 626/626/626
f 547/547/547 620/620/620 634/634/634
f 629/629/629 632/632/632 635/635/635
f 636/636/636 629/629/629 635/635/635
f 629/629/629 636/636/636 637/637/637
f 638/638/638 639/639/639 635/635/635
f 635/635/635 632/632/632 638/638/638
f 640/640/640 638/638/638 632/632/632
f 641/641/641 640/640/640 632/632/632
f 632/632/632 633/633/633 641/641/641
f 642/642/642 641/641/641 633/633/633
f 643/643/643 642/642/642 633/633/633
f 633/633/633 626/626/626 643/643/643
f 626/626/626 644/644/644 643/643/643
f 626/626/626 625/625/625 644/644/644
f 539/539/539 645/645/645 646/646/646
f 647/647/647 646/646/646 645/645/645
f 648/648/648 647/647/647 645/645/645
f 647/647/647 648/648/648 649/649/649
f 648/648/648 650/650/650 649/649/649
f 650/650/650 648/648/648 651/651/651
f 651/651/651 652/652/652 650/650/650
f 652/652/652 651/651/651 636/636/636
f 636/636/636 639/639/639 652/652/652
f 639/639/639 636/636/636 635/635/635
f 651/651/651 637/637/637 636/636/636
f 637/637/637 651/651/651 653/653/653
f 648/648/648 653/653/653 651/651/651
f 653/653/653 648/648/648 645/645/645
f 654/654/654 653/653/653 645/645/645
f 653/653/653 654/654/654 655/655/655
f 655/655/655 637/637/637 653/653/653
f 637/637/637 655/655/655 656/656/656
f 656/656/656 629/629/629 637/637/637
f 630/630/630 629/629/629 656/656/656
f 631/631/631 547/547/547 634/634/634
f 547/547/547 631/631/631 630/630/630
f 545/545/545 547/547/547 630/630/630
f 656/656/656 545/545/545 630/630/630
f 656/656/656 537/537/537 545/545/545
f 537/537/537 656/656/656 655/655/655
f 655/655/655 538/538/538 537/537/537
f 538/538/538 655/655/655 654/654/654
f 539/539/539 538/538/538 654/654/654
f 645/645/645 539/539/539 654/654/654
f 515/515/515 520/520/520 657/657/657
f 658/658/658 657/657/657 520/520/520
f 513/513/513 530/530/530 529/529/529
f 530/530/530 513/513/513 659/659/659
f 660/660/660 661/661/661 662/662/662
f 663/663/663 664/664/664 665/665/665
f 663/663/663 666/666/666 664/664/664
f 666/666/666 663/663/663 596/596/596
f 666/666/666 596/596/596 593/593/593
f 667/667/667 666/666/666 593/593/593
f 667/667/667 593/593/593 591/591/591
f 591/591/591 668/668/668 667/667/667
f 577/577/577 668/668/668 591/591/591
f 668/668/668 577/577/577 669/669/669
f 577/577/577 670/670/670 669/669/669
f 668/668/668 671/671/671 667/667/667
f 671/671/671 672/672/672 667/667/667
f 662/662/662 673/673/673 660/660/660
f 674/674/674 675/675/675 676/676/676
f 672/672/672 677/677/677 667/667/667
f 666/666/666 667/667/667 677/677/677
f 677/677/677 664/664/664 666/666/666
f 664/664/664 677/677/677 678/678/678
f 679/679/679 664/664/664 678/678/678
f 677/677/677 672/672/672 680/680/680
f 680/680/680 678/678/678 677/677/677
f 678/678/678 680/680/680 681/681/681
f 681/681/681 679/679/679 678/678/678
f 679/679/679 681/681/681 682/682/682
f 683/683/683 662/662/662 661/661/661
f 682/682/682 684/684/684 679/679/679
f 684/684/684 685/685/685 679/679/679
f 664/664/664 679/679/679 685/685/685
f 685/685/685 686/686/686 664/664/664
f 665/665/665 664/664/664 686/686/686
f 510/510/510 687/687/687 511/511/511
f 687/687/687 510/510/510 688/688/688
f 688/688/688 689/689/689 687/687/687
f 689/689/689 688/688/688 690/690/690
f 690/690/690 691/691/691 689/689/689
f 692/692/692 693/693/693 694/694/694
f 693/693/693 683/683/683 694/694/694
f 662/662/662 683/683/683 693/693/693
f 695/695/695 527/527/527 522/522/522
f 527/527/527 695/695/695 690/690/690
f 690/690/690 529/529/529 527/527/527
f 691/691/691 690/690/690 695/695/695
f 695/695/695 696/696/696 691/691/691
f 696/696/696 695/695/695 697/697/697
f 522/522/522 521/521/521 695/695/695
f 529/529/529 690/690/690 688/688/688
f 688/688/688 513/513/513 529/529/529
f 513/513/513 688/688/688 514/514/514
f 698/698/698 699/699/699 700/700/700
f 701/701/701 702/702/702 703/703/703
f 702/702/702 701/701/701 704/704/704
f 701/701/701 705/705/705 704/704/704
f 705/705/705 701/701/701 698/698/698
f 700/700/700 705/705/705 698/698/698
f 705/705/705 700/700/700 672/672/672
f 700/700/700 680/680/680 672/672/672
f 671/671/671 703/703/703 702/702/702
f 703/703/703 671/671/671 668/668/668
f 668/668/668 701/701/701 703/703/703
f 701/701/701 668/668/668 669/669/669
f 669/669/669 698/698/698 701/701/701
f 669/669/669 706/706/706 698/698/698
f 699/699/699 698/698/698 706/706/706
f 707/707/707 699/699/699 706/706/706
f 699/699/699 707/707/707 708/708/708
f 707/707/707 709/709/709 708/708/708
f 710/710/710 709/709/709 707/707/707
f 711/711/711 710/710/710 707/707/707
f 706/706/706 711/711/711 707/707/707
f 711/711/711 706/706/706 712/712/712
f 706/706/706 713/713/713 712/712/712
f 713/713/713 706/706/706 714/714/714
f 715/715/715 713/713/713 714/714/714
f 716/716/716 715/715/715 714/714/714
f 716/716/716 692/692/692 715/715/715
f 693/693/693 692/692/692 716/716/716
f 662/662/662 717/717/717 673/673/673
f 717/717/717 662/662/662 718/718/718
f 718/718/718 662/662/662 693/693/693
f 719/719/719 718/718/718 693/693/693
f 716/716/716 719/719/719 693/693/693
f 716/716/716 670/670/670 719/719/719
f 670/670/670 716/716/716 714/714/714
f 670/670/670 714/714/714 669/669/669
f 706/706/706 669/669/669 714/714/714
f 670/670/670 720/720/720 719/719/719
f 721/721/721 719/719/719 720/720/720
f 719/719/719 721/721/721 718/718/718
f 722/722/722 718/718/718 721/721/721
f 718/718/718 722/722/722 717/717/717
f 577/577/577 575/575/575 670/670/670
f 720/720/720 670/670/670 575/575/575
f 575/575/575 573/573/573 720/720/720
f 720/720/720 573/573/573 721/721/721
f 572/572/572 721/721/721 573/573/573
f 721/721/721 572/572/572 722/722/722
f 572/572/572 578/578/578 722/722/722
f 578/578/578 717/717/717 722/722/722
f 717/717/717 578/578/578 723/723/723
f 723/723/723 673/673/673 717/717/717
f 673/673/673 723/723/723 724/724/724
f 723/723/723 725/725/725 724/724/724
f 725/725/725 723/723/723 726/726/726
f 578/578/578 726/726/726 723/723/723
f 726/726/726 578/578/578 727/727/727
f 728/728/728 727/727/727 578/578/578
f 571/571/571 728/728/728 578/578/578
f 571/571/571 541/541/541 728/728/728
f 541/541/541 571/571/571 570/570/570
f 542/542/542 541/541/541 570/570/570
f 557/557/557 542/542/542 570/570/570
f 543/543/543 542/542/542 557/557/557
f 724/724/724 729/729/729 730/730/730
f 729/729/729 724/724/724 725/725/725
f 725/725/725 731/731/731 729/729/729
f 731/731/731 725/725/725 726/726/726
f 726/726/726 732/732/732 731/731/731
f 732/732/732 726/726/726 727/727/727
f 727/727/727 733/733/733 732/732/732
f 733/733/733 727/727/727 728/728/728
f 728/728/728 540/540/540 733/733/733
f 540/540/540 728/728/728 541/541/541
f 734/734/734 735/735/735 736/736/736
f 736/736/736 737/737/737 734/734/734
f 738/738/738 737/737/737 736/736/736
f 735/735/735 738/738/738 736/736/736
f 738/738/738 735/735/735 739/739/739
f 740/740/740 738/738/738 739/739/739
f 738/738/738 740/740/740 741/741/741
f 742/742/742 738/738/738 741/741/741
f 737/737/737 738/738/738 742/742/742
f 737/737/737 742/742/742 743/743/743
f 743/743/743 744/744/744 737/737/737
f 745/745/745 597/597/597 594/594/594
f 594/594/594 746/746/746 745/745/745
f 746/746/746 744/744/744 745/745/745
f 747/747/747 744/744/744 746/746/746
f 744/744/744 747/747/747 737/737/737
f 748/748/748 747/747/747 746/746/746
f 746/746/746 594/594/594 595/595/595
f 596/596/596 746/746/746 595/595/595
f 748/748/748 746/746/746 596/596/596
f 748/748/748 596/596/596 663/663/663
f 663/663/663 749/749/749 748/748/748
f 749/749/749 750/750/750 748/748/748
f 747/747/747 748/748/748 750/750/750
f 750/750/750 751/751/751 747/747/747
f 734/734/734 747/747/747 751/751/751
f 737/737/737 747/747/747 734/734/734
f 685/685/685 749/749/749 686/686/686
f 749/749/749 665/665/665 686/686/686
f 663/663/663 665/665/665 749/749/749
f 740/740/740 700/700/700 741/741/741
f 700/700/700 740/740/740 751/751/751
f 700/700/700 751/751/751 680/680/680
f 751/751/751 750/750/750 680/680/680
f 752/752/752 680/680/680 750/750/750
f 750/750/750 749/749/749 752/752/752
f 749/749/749 753/753/753 752/752/752
f 753/753/753 749/749/749 685/685/685
f 684/684/684 753/753/753 685/685/685
f 682/682/682 753/753/753 684/684/684
f 681/681/681 753/753/753 682/682/682
f 753/753/753 681/681/681 752/752/752
f 680/680/680 752/752/752 681/681/681
f 754/754/754 755/755/755 756/756/756
f 757/757/757 755/755/755 754/754/754
f 758/758/758 755/755/755 757/757/757
f 759/759/759 758/758/758 757/757/757
f 758/758/758 759/759/759 760/760/760
f 759/759/759 742/742/742 760/760/760
f 742/742/742 761/761/761 760/760/760
f 761/761/761 742/742/742 741/741/741
f 741/741/741 699/699/699 761/761/761
f 699/699/699 741/741/741 700/700/700
f 699/699/699 762/762/762 761/761/761
f 762/762/762 699/699/699 763/763/763
f 762/762/762 763/763/763 764/764/764
f 765/765/765 762/762/762 764/764/764
f 711/711/711 762/762/762 765/765/765
f 711/711/711 761/761/761 762/762/762
f 761/761/761 711/711/711 712/712/712
f 713/713/713 761/761/761 712/712/712
f 761/761/761 713/713/713 760/760/760
f 715/715/715 760/760/760 713/713/713
f 758/758/758 760/760/760 715/715/715
f 758/758/758 715/715/715 692/692/692
f 692/692/692 755/755/755 758/758/758
f 755/755/755 692/692/692 694/694/694
f 755/755/755 694/694/694 683/683/683
f 683/683/683 756/756/756 755/755/755
f 756/756/756 683/683/683 661/661/661
f 660/660/660 756/756/756 661/661/661
f 756/756/756 660/660/660 766/766/766
f 767/767/767 766/766/766 660/660/660
f 768/768/768 766/766/766 767/767/767
f 766/766/766 768/768/768 769/769/769
f 730/730/730 769/769/769 768/768/768
f 729/729/729 769/769/769 730/730/730
f 769/769/769 729/729/729 770/770/770
f 731/731/731 770/770/770 729/729/729
f 770/770/770 731/731/731 771/771/771
f 732/732/732 771/771/771 731/731/731
f 771/771/771 732/732/732 772/772/772
f 733/733/733 772/772/772 732/732/732
f 772/772/772 733/733/733 773/773/773
f 774/774/774 756/756/756 766/766/766
f 766/766/766 775/775/775 774/774/774
f 775/775/775 766/766/766 769/769/769
f 770/770/770 775/775/775 769/769/769
f 775/775/775 770/770/770 771/771/771
f 771/771/771 776/776/776 775/775/775
f 776/776/776 771/771/771 772/772/772
f 773/773/773 776/776/776 772/772/772
f 777/777/777 776/776/776 773/773/773
f 778/778/778 777/777/777 773/773/773
f 777/777/777 778/778/778 779/779/779
f 778/778/778 780/780/780 779/779/779
f 780/780/780 781/781/781 782/782/782
f 782/782/782 779/779/779 780/780/780
f 783/783/783 779/779/779 782/782/782
f 777/777/777 779/779/779 783/783/783
f 784/784/784 777/777/777 783/783/783
f 784/784/784 776/776/776 777/777/777
f 776/776/776 784/784/784 785/785/785
f 774/774/774 776/776/776 785/785/785
f 785/785/785 754/754/754 774/774/774
f 756/756/756 774/774/774 754/754/754
f 776/776/776 774/774/774 775/775/775
f 786/786/786 784/784/784 783/783/783
f 782/782/782 556/556/556 558/558/558
f 559/559/559 782/782/782 558/558/558
f 560/560/560 782/782/782 559/559/559
f 782/782/782 560/560/560 783/783/783
f 783/783/783 560/560/560 562/562/562
f 562/562/562 786/786/786 783/783/783
f 786/786/786 562/562/562 564/564/564
f 786/786/786 564/564/564 565/565/565
f 565/565/565 787/787/787 786/786/786
f 787/787/787 565/565/565 567/567/567
f 787/787/787 567/567/567 568/568/568
f 569/569/569 787/787/787 568/568/568
f 787/787/787 569/569/569 788/788/788
f 788/788/788 569/569/569 583/583/583
f 584/584/584 788/788/788 583/583/583
f 788/788/788 584/584/584 789/789/789
f 789/789/789 584/584/584 585/585/585
f 789/789/789 790/790/790 788/788/788
f 791/791/791 788/788/788 790/790/790
f 790/790/790 792/792/792 791/791/791
f 792/792/792 793/793/793 791/791/791
f 743/743/743 793/793/793 792/792/792
f 793/793/793 743/743/743 759/759/759
f 743/743/743 742/742/742 759/759/759
f 792/792/792 790/790/790 794/794/794
f 794/794/794 743/743/743 792/792/792
f 743/743/743 794/794/794 795/795/795
f 796/796/796 797/797/797 798/798/798
f 480/480/480 796/796/796 798/798/798
f 795/795/795 480/480/480 798/798/798
f 480/480/480 795/795/795 481/481/481
f 794/794/794 481/481/481 795/795/795
f 481/481/481 794/794/794 494/494/494
f 494/494/494 794/794/794 790/790/790
f 493/493/493 494/494/494 790/790/790
f 790/790/790 789/789/789 493/493/493
f 799/799/799 493/493/493 789/789/789
f 796/796/796 800/800/800 801/801/801
f 483/483/483 485/485/485 800/800/800
f 800/800/800 796/796/796 483/483/483
f 796/796/796 480/480/480 483/483/483
f 802/802/802 624/624/624 487/487/487
f 601/601/601 487/487/487 624/624/624
f 485/485/485 487/487/487 601/601/601
f 485/485/485 601/601/601 603/603/603
f 604/604/604 485/485/485 603/603/603
f 485/485/485 604/604/604 800/800/800
f 598/598/598 800/800/800 604/604/604
f 800/800/800 598/598/598 801/801/801
f 598/598/598 797/797/797 801/801/801
f 797/797/797 796/796/796 801/801/801
f 795/795/795 744/744/744 743/743/743
f 795/795/795 745/745/745 744/744/744
f 798/798/798 745/745/745 795/795/795
f 745/745/745 798/798/798 797/797/797
f 597/597/597 745/745/745 797/797/797
f 797/797/797 598/598/598 597/597/597
f 803/803/803 804/804/804 805/805/805
f 804/804/804 803/803/803 806/806/806
f 807/807/807 808/808/808 809/809/809
f 808/808/808 807/807/807 810/810/810
f 810/810/810 811/811/811 808/808/808
f 811/811/811 810/810/810 812/812/812
f 812/812/812 803/803/803 811/811/811
f 803/803/803 812/812/812 806/806/806
f 813/813/813 806/806/806 812/812/812
f 806/806/806 813/813/813 814/814/814
f 814/814/814 804/804/804 806/806/806
f 804/804/804 814/814/814 815/815/815
f 810/810/810 813/813/813 812/812/812
f 813/813/813 810/810/810 816/816/816
f 807/807/807 816/816/816 810/810/810
f 816/816/816 807/807/807 817/817/817
f 532/532/532 818/818/818 533/533/533
f 539/539/539 819/819/819 532/532/532
f 818/818/818 532/532/532 819/819/819
f 820/820/820 818/818/818 819/819/819
f 818/818/818 820/820/820 821/821/821
f 821/821/821 822/822/822 818/818/818
f 822/822/822 533/533/533 818/818/818
f 533/533/533 822/822/822 535/535/535
f 822/822/822 540/540/540 535/535/535
f 540/540/540 773/773/773 733/733/733
f 773/773/773 540/540/540 778/778/778
f 540/540/540 822/822/822 778/778/778
f 780/780/780 778/778/778 822/822/822
f 822/822/822 821/821/821 780/780/780
f 781/781/781 780/780/780 821/821/821
f 820/820/820 781/781/781 821/821/821
f 820/820/820 823/823/823 781/781/781
f 823/823/823 820/820/820 824/824/824
f 825/825/825 823/823/823 824/824/824
f 585/585/585 799/799/799 789/789/789
f 799/799/799 585/585/585 552/552/552
f 799/799/799 552/552/552 551/551/551
f 553/553/553 799/799/799 551/551/551
f 799/799/799 553/553/553 823/823/823
f 823/823/823 553/553/553 554/554/554
f 555/555/555 823/823/823 554/554/554
f 823/823/823 555/555/555 781/781/781
f 781/781/781 555/555/555 556/556/556
f 556/556/556 782/782/782 781/781/781
f 488/488/488 486/486/486 489/489/489
f 489/489/489 826/826/826 488/488/488
f 826/826/826 489/489/489 490/490/490
f 827/827/827 826/826/826 490/490/490
f 492/492/492 827/827/827 490/490/490
f 828/828/828 827/827/827 492/492/492
f 493/493/493 828/828/828 492/492/492
f 828/828/828 493/493/493 825/825/825
f 493/493/493 799/799/799 825/825/825
f 823/823/823 825/825/825 799/799/799
f 824/824/824 829/829/829 825/825/825
f 829/829/829 828/828/828 825/825/825
f 829/829/829 830/830/830 828/828/828
f 827/827/827 828/828/828 830/830/830
f 830/830/830 831/831/831 827/827/827
f 826/826/826 827/827/827 831/831/831
f 832/832/832 826/826/826 831/831/831
f 826/826/826 832/832/832 488/488/488
f 802/802/802 488/488/488 832/832/832
f 488/488/488 802/802/802 487/487/487
f 830/830/830 829/829/829 833/833/833
f 834/834/834 625/625/625 831/831/831
f 627/627/627 831/831/831 625/625/625
f 831/831/831 627/627/627 832/832/832
f 628/628/628 832/832/832 627/627/627
f 832/832/832 628/628/628 802/802/802
f 624/624/624 802/802/802 628/628/628
f 835/835/835 836/836/836 837/837/837
f 836/836/836 835/835/835 833/833/833
f 834/834/834 833/833/833 835/835/835
f 833/833/833 834/834/834 830/830/830
f 831/831/831 830/830/830 834/834/834
f 638/638/638 838/838/838 639/639/639
f 838/838/838 638/638/638 837/837/837
f 640/640/640 837/837/837 638/638/638
f 641/641/641 837/837/837 640/640/640
f 837/837/837 641/641/641 835/835/835
f 642/642/642 835/835/835 641/641/641
f 643/643/643 835/835/835 642/642/642
f 835/835/835 643/643/643 834/834/834
f 834/834/834 643/643/643 644/644/644
f 625/625/625 834/834/834 644/644/644
f 837/837/837 839/839/839 838/838/838
f 839/839/839 840/840/840 838/838/838
f 840/840/840 839/839/839 841/841/841
f 841/841/841 842/842/842 840/840/840
f 842/842/842 841/841/841 843/843/843
f 843/843/843 844/844/844 842/842/842
f 844/844/844 843/843/843 845/845/845
f 843/843/843 846/846/846 845/845/845
f 846/846/846 843/843/843 847/847/847
f 841/841/841 847/847/847 843/843/843
f 847/847/847 841/841/841 848/848/848
f 848/848/848 841/841/841 839/839/839
f 839/839/839 849/849/849 848/848/848
f 849/849/849 839/839/839 836/836/836
f 839/839/839 837/837/837 836/836/836
f 829/829/829 836/836/836 833/833/833
f 836/836/836 829/829/829 849/849/849
f 829/829/829 824/824/824 849/849/849
f 848/848/848 849/849/849 824/824/824
f 820/820/820 848/848/848 824/824/824
f 848/848/848 820/820/820 847/847/847
f 819/819/819 847/847/847 820/820/820
f 847/847/847 819/819/819 846/846/846
f 819/819/819 539/539/539 846/846/846
f 539/539/539 845/845/845 846/846/846
f 845/845/845 539/539/539 646/646/646
f 647/647/647 845/845/845 646/646/646
f 647/647/647 844/844/844 845/845/845
f 844/844/844 647/647/647 649/649/649
f 650/650/650 844/844/844 649/649/649
f 844/844/844 650/650/650 842/842/842
f 652/652/652 842/842/842 650/650/650
f 842/842/842 652/652/652 840/840/840
f 639/639/639 840/840/840 652/652/652
f 840/840/840 639/639/639 838/838/838
f 850/850/850 851/851/851 852/852/852
f 788/788/788 791/791/791 787/787/787
f 852/852/852 787/787/787 791/791/791
f 793/793/793 852/852/852 791/791/791
f 852/852/852 793/793/793 850/850/850
f 759/759/759 850/850/850 793/793/793
f 850/850/850 759/759/759 757/757/757
f 757/757/757 851/851/851 850/850/850
f 851/851/851 757/757/757 754/754/754
f 754/754/754 785/785/785 851/851/851
f 784/784/784 851/851/851 785/785/785
f 851/851/851 784/784/784 852/852/852
f 784/784/784 786/786/786 852/852/852
f 787/787/787 852/852/852 786/786/786
f 853/853/853 854/854/854 855/855/855
f 856/856/856 853/853/853 855/855/855
f 853/853/853 856/856/856 857/857/857
f 858/858/858 857/857/857 856/856/856
f 857/857/857 858/858/858 804/804/804
f 854/854/854 807/807/807 859/859/859
f 807/807/807 854/854/854 860/860/860
f 854/854/854 853/853/853 860/860/860
f 861/861/861 860/860/860 853/853/853
f 857/857/857 861/861/861 853/853/853
f 861/861/861 857/857/857 862/862/862
f 804/804/804 862/862/862 857/857/857
f 862/862/862 804/804/804 815/815/815
f 807/807/807 863/863/863 817/817/817
f 863/863/863 807/807/807 860/860/860
f 860/860/860 861/861/861 863/863/863
f 864/864/864 865/865/865 866/866/866
f 867/867/867 868/868/868 869/869/869
f 869/869/869 870/870/870 867/867/867
f 871/871/871 867/867/867 870/870/870
f 870/870/870 872/872/872 871/871/871
f 865/865/865 871/871/871 872/872/872
f 871/871/871 865/865/865 873/873/873
f 865/865/865 864/864/864 873/873/873
f 874/874/874 873/873/873 864/864/864
f 873/873/873 874/874/874 875/875/875
f 875/875/875 871/871/871 873/873/873
f 871/871/871 875/875/875 876/876/876
f 867/867/867 871/871/871 876/876/876
f 868/868/868 867/867/867 877/877/877
f 872/872/872 870/870/870 878/878/878
f 879/879/879 878/878/878 870/870/870
f 870/870/870 869/869/869 879/879/879
f 878/878/878 879/879/879 880/880/880
f 881/881/881 877/877/877 882/882/882
f 877/877/877 881/881/881 883/883/883
f 883/883/883 868/868/868 877/877/877
f 868/868/868 883/883/883 884/884/884
f 876/876/876 877/877/877 867/867/867
f 877/877/877 876/876/876 882/882/882
f 875/875/875 882/882/882 876/876/876
f 882/882/882 875/875/875 885/885/885
f 874/874/874 885/885/885 875/875/875
f 885/885/885 874/874/874 886/886/886
f 887/887/887 885/885/885 886/886/886
f 885/885/885 887/887/887 888/888/888
f 888/888/888 882/882/882 885/885/885
f 882/882/882 888/888/888 881/881/881
f 889/889/889 864/864/864 866/866/866
f 890/890/890 891/891/891 889/889/889
f 864/864/864 889/889/889 891/891/891
f 891/891/891 892/892/892 864/864/864
f 893/893/893 886/886/886 892/892/892
f 892/892/892 891/891/891 893/893/893
f 894/894/894 893/893/893 891/891/891
f 891/891/891 890/890/890 894/894/894
f 895/895/895 894/894/894 890/890/890
f 894/894/894 895/895/895 896/896/896
f 895/895/895 879/879/879 896/896/896
f 897/897/897 896/896/896 879/879/879
f 896/896/896 897/897/897 898/898/898
f 897/897/897 899/899/899 898/898/898
f 879/879/879 895/895/895 880/880/880
f 900/900/900 899/899/899 901/901/901
f 868/868/868 901/901/901 899/899/899
f 899/899/899 897/897/897 868/868/868
f 901/901/901 868/868/868 902/902/902
f 903/903/903 898/898/898 899/899/899
f 899/899/899 900/900/900 903/903/903
f 904/904/904 903/903/903 900/900/900
f 903/903/903 904/904/904 905/905/905
f 906/906/906 905/905/905 904/904/904
f 905/905/905 906/906/906 886/886/886
f 886/886/886 893/893/893 905/905/905
f 907/907/907 905/905/905 893/893/893
f 893/893/893 894/894/894 907/907/907
f 894/894/894 898/898/898 907/907/907
f 898/898/898 894/894/894 896/896/896
f 898/898/898 903/903/903 907/907/907
f 905/905/905 907/907/907 903/903/903
f 908/908/908 909/909/909 910/910/910
f 908/908/908 911/911/911 909/909/909
f 912/912/912 909/909/909 911/911/911
f 912/912/912 913/913/913 909/909/909
f 913/913/913 912/912/912 914/914/914
f 912/912/912 915/915/915 914/914/914
f 915/915/915 912/912/912 916/916/916
f 912/912/912 917/917/917 916/916/916
f 917/917/917 912/912/912 918/918/918
f 918/918/918 912/912/912 919/919/919
f 912/912/912 911/911/911 919/919/919
f 911/911/911 920/920/920 919/919/919
f 911/911/911 921/921/921 920/920/920
f 922/922/922 923/923/923 924/924/924
f 925/925/925 924/924/924 923/923/923
f 924/924/924 925/925/925 926/926/926
f 925/925/925 921/921/921 926/926/926
f 921/921/921 925/925/925 927/927/927
f 925/925/925 928/928/928 927/927/927
f 921/921/921 911/911/911 908/908/908
f 926/926/926 921/921/921 908/908/908
f 926/926/926 908/908/908 910/910/910
f 926/926/926 910/910/910 929/929/929
f 924/924/924 926/926/926 929/929/929
f 924/924/924 929/929/929 930/930/930
f 922/922/922 924/924/924 930/930/930
f 930/930/930 931/931/931 922/922/922
f 932/932/932 931/931/931 933/933/933
f 931/931/931 934/934/934 933/933/933
f 934/934/934 931/931/931 930/930/930
f 935/935/935 934/934/934 930/930/930
f 929/929/929 935/935/935 930/930/930
f 935/935/935 929/929/929 936/936/936
f 910/910/910 936/936/936 929/929/929
f 936/936/936 910/910/910 937/937/937
f 909/909/909 937/937/937 910/910/910
f 937/937/937 909/909/909 913/913/913
f 657/657/657 658/658/658 938/938/938
f 516/516/516 928/928/928 939/939/939
f 928/928/928 925/925/925 939/939/939
f 925/925/925 940/940/940 939/939/939
f 940/940/940 925/925/925 923/923/923
f 923/923/923 941/941/941 940/940/940
f 941/941/941 923/923/923 922/922/922
f 922/922/922 942/942/942 941/941/941
f 942/942/942 922/922/922 932/932/932
f 931/931/931 932/932/932 922/922/922
f 943/943/943 941/941/941 942/942/942
f 501/501/501 944/944/944 508/508/508
f 944/944/944 501/501/501 945/945/945
f 944/944/944 945/945/945 946/946/946
f 945/945/945 947/947/947 946/946/946
f 948/948/948 947/947/947 945/945/945
f 947/947/947 948/948/948 949/949/949
f 948/948/948 943/943/943 949/949/949
f 943/943/943 948/948/948 950/950/950
f 941/941/941 943/943/943 950/950/950
f 950/950/950 940/940/940 941/941/941
f 501/501/501 948/948/948 945/945/945
f 948/948/948 501/501/501 500/500/500
f 495/495/495 948/948/948 500/500/500
f 948/948/948 495/495/495 950/950/950
f 495/495/495 951/951/951 950/950/950
f 951/951/951 495/495/495 952/952/952
f 940/940/940 950/950/950 951/951/951
f 951/951/951 939/939/939 940/940/940
f 939/939/939 951/951/951 516/516/516
f 952/952/952 516/516/516 951/951/951
f 513/513/513 953/953/953 659/659/659
f 953/953/953 513/513/513 515/515/515
f 767/767/767 660/660/660 673/673/673
f 768/768/768 767/767/767 673/673/673
f 673/673/673 724/724/724 768/768/768
f 730/730/730 768/768/768 724/724/724
f 954/954/954 955/955/955 956/956/956
f 956/956/956 957/957/957 958/958/958
f 958/958/958 959/959/959 675/675/675
f 515/515/515 960/960/960 953/953/953
f 960/960/960 515/515/515 657/657/657
f 675/675/675 674/674/674 958/958/958
f 961/961/961 962/962/962 963/963/963
f 962/962/962 964/964/964 963/963/963
f 965/965/965 966/966/966 967/967/967
f 966/966/966 965/965/965 968/968/968
f 965/965/965 969/969/969 968/968/968
f 970/970/970 971/971/971 972/972/972
f 966/966/966 970/970/970 972/972/972
f 970/970/970 966/966/966 968/968/968
f 973/973/973 970/970/970 968/968/968
f 968/968/968 969/969/969 973/973/973
f 971/971/971 974/974/974 975/975/975
f 964/964/964 976/976/976 977/977/977
f 657/657/657 978/978/978 960/960/960
f 978/978/978 657/657/657 938/938/938
f 979/979/979 975/975/975 974/974/974
f 974/974/974 980/980/980 979/979/979
f 980/980/980 974/974/974 981/981/981
f 982/982/982 981/981/981 974/974/974
f 974/974/974 971/971/971 982/982/982
f 971/971/971 970/970/970 982/982/982
f 981/981/981 982/982/982 983/983/983
f 983/983/983 984/984/984 985/985/985
f 984/984/984 983/983/983 982/982/982
f 982/982/982 986/986/986 984/984/984
f 986/986/986 982/982/982 970/970/970
f 970/970/970 973/973/973 986/986/986
f 938/938/938 524/524/524 978/978/978
f 987/987/987 979/979/979 980/980/980
f 988/988/988 987/987/987 980/980/980
f 981/981/981 988/988/988 980/980/980
f 988/988/988 981/981/981 989/989/989
f 983/983/983 989/989/989 981/981/981
f 989/989/989 983/983/983 990/990/990
f 985/985/985 990/990/990 983/983/983
f 990/990/990 985/985/985 991/991/991
f 992/992/992 990/990/990 991/991/991
f 987/987/987 988/988/988 993/993/993
f 988/988/988 994/994/994 993/993/993
f 990/990/990 992/992/992 995/995/995
f 992/992/992 996/996/996 995/995/995
f 996/996/996 990/990/990 995/995/995
f 997/997/997 990/990/990 996/996/996
f 997/997/997 989/989/989 990/990/990
f 997/997/997 988/988/988 989/989/989
f 988/988/988 997/997/997 998/998/998
f 994/994/994 988/988/988 998/998/998
f 999/999/999 994/994/994 998/998/998
f 994/994/994 999/999/999 1000/1000/1000
f 996/996/996 992/992/992 1001/1001/1001
f 1001/1001/1001 1002/1002/1002 996/996/996
f 1003/1003/1003 996/996/996 1002/1002/1002
f 996/996/996 1003/1003/1003 1004/1004/1004
f 996/996/996 1004/1004/1004 997/997/997
f 1004/1004/1004 998/998/998 997/997/997
f 998/998/998 1004/1004/1004 1005/1005/1005
f 1005/1005/1005 999/999/999 998/998/998
f 1005/1005/1005 1006/1006/1006 999/999/999
f 1005/1005/1005 1007/1007/1007 1008/1008/1008
f 1007/1007/1007 1005/1005/1005 1009/1009/1009
f 1004/1004/1004 1009/1009/1009 1005/1005/1005
f 1009/1009/1009 1004/1004/1004 1003/1003/1003
f 999/999/999 1010/1010/1010 1000/1000/1000
f 1006/1006/1006 1010/1010/1010 999/999/999
f 1010/1010/1010 1006/1006/1006 1011/1011/1011
f 1007/1007/1007 1012/1012/1012 1008/1008/1008
f 1012/1012/1012 1007/1007/1007 1013/1013/1013
f 1013/1013/1013 1014/1014/1014 1012/1012/1012
f 1014/1014/1014 1013/1013/1013 1015/1015/1015
f 1016/1016/1016 1017/1017/1017 1018/1018/1018
f 1017/1017/1017 1016/1016/1016 1011/1011/1011
f 1011/1011/1011 1016/1016/1016 1010/1010/1010
f 1019/1019/1019 1020/1020/1020 975/975/975
f 976/976/976 964/964/964 962/962/962
f 524/524/524 938/938/938 525/525/525
f 938/938/938 521/521/521 523/523/523
f 975/975/975 979/979/979 1019/1019/1019
f 1021/1021/1021 1019/1019/1019 979/979/979
f 1019/1019/1019 1021/1021/1021 1022/1022/1022
f 1022/1022/1022 1023/1023/1023 1019/1019/1019
f 1020/1020/1020 1019/1019/1019 1023/1023/1023
f 1024/1024/1024 1020/1020/1020 1023/1023/1023
f 1023/1023/1023 1022/1022/1022 1025/1025/1025
f 962/962/962 1026/1026/1026 976/976/976
f 1026/1026/1026 962/962/962 961/961/961
f 1027/1027/1027 1026/1026/1026 961/961/961
f 521/521/521 938/938/938 658/658/658
f 1026/1026/1026 1027/1027/1027 1028/1028/1028
f 479/479/479 494/494/494 491/491/491
f 979/979/979 1029/1029/1029 1021/1021/1021
f 1029/1029/1029 1030/1030/1030 1021/1021/1021
f 1030/1030/1030 1022/1022/1022 1021/1021/1021
f 1022/1022/1022 1030/1030/1030 1031/1031/1031
f 1032/1032/1032 1030/1030/1030 1033/1033/1033
f 1030/1030/1030 1029/1029/1029 1033/1033/1033
f 1030/1030/1030 1034/1034/1034 1031/1031/1031
f 1034/1034/1034 1030/1030/1030 1035/1035/1035
f 1030/1030/1030 1032/1032/1032 1035/1035/1035
f 1032/1032/1032 1036/1036/1036 1035/1035/1035
f 1036/1036/1036 1032/1032/1032 1037/1037/1037
f 1036/1036/1036 1037/1037/1037 1038/1038/1038
f 1038/1038/1038 1039/1039/1039 1036/1036/1036
f 1039/1039/1039 1038/1038/1038 1040/1040/1040
f 1040/1040/1040 1041/1041/1041 1042/1042/1042
f 1041/1041/1041 1040/1040/1040 1043/1043/1043
f 1044/1044/1044 1043/1043/1043 1040/1040/1040
f 1043/1043/1043 1044/1044/1044 1045/1045/1045
f 1046/1046/1046 1047/1047/1047 1048/1048/1048
f 1047/1047/1047 1046/1046/1046 1040/1040/1040
f 1047/1047/1047 1040/1040/1040 1038/1038/1038
f 1049/1049/1049 1034/1034/1034 1050/1050/1050
f 1035/1035/1035 1050/1050/1050 1034/1034/1034
f 1050/1050/1050 1035/1035/1035 1051/1051/1051
f 1051/1051/1051 1035/1035/1035 1036/1036/1036
f 1051/1051/1051 1036/1036/1036 1039/1039/1039
f 1041/1041/1041 1051/1051/1051 1042/1042/1042
f 1051/1051/1051 1041/1041/1041 1052/1052/1052
f 1052/1052/1052 1050/1050/1050 1051/1051/1051
f 1050/1050/1050 1052/1052/1052 1053/1053/1053
f 1053/1053/1053 1049/1049/1049 1050/1050/1050
f 1049/1049/1049 1053/1053/1053 1054/1054/1054
f 1055/1055/1055 1049/1049/1049 1054/1054/1054
f 1056/1056/1056 1049/1049/1049 1055/1055/1055
f 1031/1031/1031 1025/1025/1025 1022/1022/1022
f 1025/1025/1025 1031/1031/1031 1057/1057/1057
f 1057/1057/1057 1058/1058/1058 1025/1025/1025
f 1058/1058/1058 1057/1057/1057 1059/1059/1059
f 1057/1057/1057 1056/1056/1056 1059/1059/1059
f 1056/1056/1056 1057/1057/1057 1060/1060/1060
f 1049/1049/1049 1056/1056/1056 1060/1060/1060
f 1057/1057/1057 1049/1049/1049 1060/1060/1060
f 1034/1034/1034 1049/1049/1049 1057/1057/1057
f 1031/1031/1031 1034/1034/1034 1057/1057/1057
f 1020/1020/1020 1024/1024/1024 972/972/972
f 1024/1024/1024 1061/1061/1061 972/972/972
f 1061/1061/1061 1024/1024/1024 1062/1062/1062
f 1063/1063/1063 1061/1061/1061 1062/1062/1062
f 1063/1063/1063 1062/1062/1062 1064/1064/1064
f 1062/1062/1062 1065/1065/1065 1064/1064/1064
f 1024/1024/1024 1065/1065/1065 1062/1062/1062
f 1065/1065/1065 1024/1024/1024 1066/1066/1066
f 1023/1023/1023 1066/1066/1066 1024/1024/1024
f 1066/1066/1066 1023/1023/1023 1067/1067/1067
f 1025/1025/1025 1067/1067/1067 1023/1023/1023
f 1067/1067/1067 1025/1025/1025 1058/1058/1058
f 1061/1061/1061 1063/1063/1063 967/967/967
f 519/519/519 503/503/503 1068/1068/1068
f 494/494/494 479/479/479 481/481/481
f 1069/1069/1069 516/516/516 517/517/517
f 1070/1070/1070 1069/1069/1069 517/517/517
f 518/518/518 1070/1070/1070 517/517/517
f 1070/1070/1070 518/518/518 1071/1071/1071
f 519/519/519 1071/1071/1071 518/518/518
f 1071/1071/1071 519/519/519 1072/1072/1072
f 1068/1068/1068 1072/1072/1072 519/519/519
f 1072/1072/1072 1068/1068/1068 1073/1073/1073
f 1074/1074/1074 1072/1072/1072 1073/1073/1073
f 1069/1069/1069 1070/1070/1070 1075/1075/1075
f 1070/1070/1070 1076/1076/1076 1075/1075/1075
f 1076/1076/1076 1070/1070/1070 1077/1077/1077
f 1070/1070/1070 1078/1078/1078 1077/1077/1077
f 1078/1078/1078 1070/1070/1070 1071/1071/1071
f 1072/1072/1072 1078/1078/1078 1071/1071/1071
f 1079/1079/1079 1076/1076/1076 1080/1080/1080
f 1077/1077/1077 1080/1080/1080 1076/1076/1076
f 1077/1077/1077 1081/1081/1081 1080/1080/1080
f 1077/1077/1077 1082/1082/1082 1081/1081/1081
f 1077/1077/1077 1078/1078/1078 1082/1082/1082
f 1078/1078/1078 1083/1083/1083 1082/1082/1082
f 1072/1072/1072 1083/1083/1083 1078/1078/1078
f 1074/1074/1074 1083/1083/1083 1072/1072/1072
f 1084/1084/1084 1079/1079/1079 1085/1085/1085
f 1080/1080/1080 1085/1085/1085 1079/1079/1079
f 1080/1080/1080 1081/1081/1081 1085/1085/1085
f 1086/1086/1086 1084/1084/1084 1085/1085/1085
f 1084/1084/1084 1086/1086/1086 1087/1087/1087
f 1088/1088/1088 1084/1084/1084 1087/1087/1087
f 1084/1084/1084 1088/1088/1088 1089/1089/1089
f 1090/1090/1090 1084/1084/1084 1089/1089/1089
f 1084/1084/1084 1090/1090/1090 1091/1091/1091
f 1091/1091/1091 1092/1092/1092 1084/1084/1084
f 1084/1084/1084 1092/1092/1092 1079/1079/1079
f 1079/1079/1079 1092/1092/1092 1093/1093/1093
f 1076/1076/1076 1079/1079/1079 1093/1093/1093
f 1073/1073/1073 1094/1094/1094 1074/1074/1074
f 1095/1095/1095 1074/1074/1074 1094/1094/1094
f 1074/1074/1074 1095/1095/1095 1083/1083/1083
f 1096/1096/1096 1083/1083/1083 1095/1095/1095
f 1096/1096/1096 1082/1082/1082 1083/1083/1083
f 1082/1082/1082 1096/1096/1096 1097/1097/1097
f 1097/1097/1097 1081/1081/1081 1082/1082/1082
f 1081/1081/1081 1097/1097/1097 1098/1098/1098
f 1098/1098/1098 1085/1085/1085 1081/1081/1081
f 1085/1085/1085 1098/1098/1098 1086/1086/1086
f 675/675/675 1099/1099/1099 676/676/676
f 959/959/959 1100/1100/1100 675/675/675
f 1099/1099/1099 675/675/675 1100/1100/1100
f 1100/1100/1100 1101/1101/1101 1099/1099/1099
f 1101/1101/1101 1100/1100/1100 1102/1102/1102
f 1102/1102/1102 1103/1103/1103 1101/1101/1101
f 1103/1103/1103 1102/1102/1102 1104/1104/1104
f 1104/1104/1104 1105/1105/1105 1103/1103/1103
f 1105/1105/1105 1104/1104/1104 1106/1106/1106
f 1107/1107/1107 1106/1106/1106 1104/1104/1104
f 955/955/955 1104/1104/1104 1102/1102/1102
f 957/957/957 1102/1102/1102 1100/1100/1100
f 963/963/963 1027/1027/1027 961/961/961
f 1108/1108/1108 1027/1027/1027 963/963/963
f 1109/1109/1109 1108/1108/1108 963/963/963
f 1110/1110/1110 1108/1108/1108 1109/1109/1109
f 1108/1108/1108 1110/1110/1110 1111/1111/1111
f 1028/1028/1028 1108/1108/1108 1111/1111/1111
f 1108/1108/1108 1028/1028/1028 1027/1027/1027
f 1112/1112/1112 958/958/958 674/674/674
f 958/958/958 1112/1112/1112 956/956/956
f 1113/1113/1113 956/956/956 1112/1112/1112
f 956/956/956 1113/1113/1113 954/954/954
f 1105/1105/1105 954/954/954 1113/1113/1113
f 954/954/954 1105/1105/1105 1106/1106/1106
f 1106/1106/1106 1107/1107/1107 954/954/954
f 658/658/658 696/696/696 697/697/697
f 696/696/696 658/658/658 1114/1114/1114
f 520/520/520 1114/1114/1114 658/658/658
f 1114/1114/1114 520/520/520 1115/1115/1115
f 512/512/512 1115/1115/1115 520/520/520
f 1115/1115/1115 512/512/512 509/509/509
f 510/510/510 509/509/509 512/512/512
usemtl 00255290_part_0_material_1
f 1/1/1 2/2/2 3/3/3
f 4/4/4 5/5/5 2/2/2
f 6/6/6 7/7/7 5/5/5
f 8/8/8 9/9/9 10/10/10
f 11/11/11 12/12/12 13/13/13
f 14/14/14 1/1/1 15/15/15
f 16/16/16 4/4/4 1/1/1
f 17/17/17 6/6/6 4/4/4
f 18/18/18 19/19/19 9/9/9
f 20/20/20 21/21/21 12/12/12
f 22/22/22 14/14/14 23/23/23
f 24/24/24 16/16/16 14/14/14
f 25/25/25 17/17/17 16/16/16
f 26/26/26 27/27/27 19/19/19
f 28/28/28 29/29/29 21/21/21
f 30/30/30 22/22/22 31/31/31
f 32/32/32 24/24/24 22/22/22
f 33/33/33 25/25/25 24/24/24
f 34/34/34 26/26/26 18/18/18
f 9/9/9 11/11/11 35/35/35
f 36/36/36 30/30/30 37/37/37
f 38/38/38 32/32/32 30/30/30
f 39/39/39 33/33/33 32/32/32
f 40/40/40 8/8/8 41/41/41
f 19/19/19 20/20/20 11/11/11
f 12/12/12 36/36/36 42/42/42
f 21/21/21 38/38/38 36/36/36
f 29/29/29 39/39/39 38/38/38
f 43/43/43 18/18/18 8/8/8
f 27/27/27 28/28/28 20/20/20
f 44/44/44 45/45/45 46/46/46
f 47/47/47 48/48/48 49/49/49
f 46/46/46 50/50/50 51/51/51
f 51/51/51 52/52/52 46/46/46
f 53/53/53 46/46/46 52/52/52
f 46/46/46 53/53/53 54/54/54
f 46/46/46 54/54/54 44/44/44
f 54/54/54 55/55/55 44/44/44
f 55/55/55 54/54/54 56/56/56
f 56/56/56 48/48/48 55/55/55
f 56/56/56 57/57/57 48/48/48
f 56/56/56 58/58/58 57/57/57
f 59/59/59 60/60/60 61/61/61
f 60/60/60 59/59/59 62/62/62
f 62/62/62 59/59/59 63/63/63
f 64/64/64 63/63/63 59/59/59
f 65/65/65 66/66/66 67/67/67
f 66/66/66 65/65/65 68/68/68
f 65/65/65 69/69/69 68/68/68
f 69/69/69 65/65/65 70/70/70
f 71/71/71 72/72/72 73/73/73
f 74/74/74 73/73/73 72/72/72
f 69/69/69 75/75/75 68/68/68
f 76/76/76 77/77/77 78/78/78
f 78/78/78 79/79/79 76/76/76
f 80/80/80 76/76/76 79/79/79
f 81/81/81 82/82/82 83/83/83
f 84/84/84 85/85/85 86/86/86
f 85/85/85 87/87/87 88/88/88
f 89/89/89 90/90/90 91/91/91
f 92/92/92 88/88/88 87/87/87
f 87/87/87 93/93/93 92/92/92
f 94/94/94 67/67/67 66/66/66
f 66/66/66 95/95/95 94/94/94
f 95/95/95 66/66/66 96/96/96
f 68/68/68 96/96/96 66/66/66
f 96/96/96 68/68/68 97/97/97
f 75/75/75 97/97/97 68/68/68
f 93/93/93 87/87/87 98/98/98
f 99/99/99 98/98/98 87/87/87
f 87/87/87 85/85/85 99/99/99
f 85/85/85 84/84/84 99/99/99
f 98/98/98 99/99/99 100/100/100
f 101/101/101 102/102/102 103/103/103
f 101/101/101 104/104/104 102/102/102
f 105/105/105 102/102/102 104/104/104
f 106/106/106 100/100/100 99/99/99
f 107/107/107 99/99/99 84/84/84
f 108/108/108 92/92/92 93/93/93
f 109/109/109 108/108/108 93/93/93
f 110/110/110 111/111/111 112/112/112
f 113/113/113 114/114/114 110/110/110
f 98/98/98 109/109/109 93/93/93
f 115/115/115 116/116/116 117/117/117
f 118/118/118 117/117/117 116/116/116
f 119/119/119 118/118/118 116/116/116
f 118/118/118 119/119/119 120/120/120
f 119/119/119 121/121/121 120/120/120
f 122/122/122 120/120/120 121/121/121
f 122/122/122 121/121/121 123/123/123
f 124/124/124 123/123/123 121/121/121
f 125/125/125 124/124/124 121/121/121
f 121/121/121 119/119/119 125/125/125
f 125/125/125 126/126/126 127/127/127
f 125/125/125 128/128/128 126/126/126
f 128/128/128 125/125/125 119/119/119
f 119/119/119 129/129/129 128/128/128
f 119/119/119 130/130/130 129/129/129
f 130/130/130 119/119/119 116/116/116
f 116/116/116 131/131/131 130/130/130
f 132/132/132 131/131/131 116/116/116
f 131/131/131 132/132/132 133/133/133
f 134/134/134 133/133/133 132/132/132
f 132/132/132 135/135/135 134/134/134
f 135/135/135 132/132/132 136/136/136
f 136/136/136 137/137/137 135/135/135
f 138/138/138 137/137/137 136/136/136
f 137/137/137 138/138/138 139/139/139
f 138/138/138 140/140/140 139/139/139
f 141/141/141 140/140/140 138/138/138
f 140/140/140 141/141/141 142/142/142
f 141/141/141 143/143/143 144/144/144
f 136/136/136 132/132/132 145/145/145
f 146/146/146 136/136/136 145/145/145
f 147/147/147 136/136/136 146/146/146
f 147/147/147 138/138/138 136/136/136
f 138/138/138 147/147/147 148/148/148
f 148/148/148 141/141/141 138/138/138
f 141/141/141 148/148/148 149/149/149
f 148/148/148 150/150/150 149/149/149
f 151/151/151 149/149/149 150/150/150
f 150/150/150 152/152/152 151/151/151
f 153/153/153 147/147/147 146/146/146
f 154/154/154 151/151/151 155/155/155
f 151/151/151 154/154/154 149/149/149
f 156/156/156 149/149/149 154/154/154
f 149/149/149 156/156/156 141/141/141
f 154/154/154 157/157/157 156/156/156
f 143/143/143 141/141/141 156/156/156
f 156/156/156 158/158/158 143/143/143
f 159/159/159 156/156/156 157/157/157
f 157/157/157 160/160/160 159/159/159
f 58/58/58 56/56/56 161/161/161
f 54/54/54 161/161/161 56/56/56
f 162/162/162 155/155/155 163/163/163
f 155/155/155 162/162/162 164/164/164
f 164/164/164 154/154/154 155/155/155
f 164/164/164 124/124/124 154/154/154
f 157/157/157 154/154/154 124/124/124
f 124/124/124 125/125/125 157/157/157
f 125/125/125 160/160/160 157/157/157
f 160/160/160 125/125/125 127/127/127
f 152/152/152 155/155/155 151/151/151
f 155/155/155 152/152/152 163/163/163
f 163/163/163 152/152/152 165/165/165
f 163/163/163 165/165/165 166/166/166
f 167/167/167 166/166/166 165/165/165
f 167/167/167 168/168/168 166/166/166
f 168/168/168 167/167/167 169/169/169
f 170/170/170 171/171/171 172/172/172
f 161/161/161 54/54/54 53/53/53
f 48/48/48 173/173/173 174/174/174
f 57/57/57 173/173/173 48/48/48
f 173/173/173 57/57/57 175/175/175
f 58/58/58 175/175/175 57/57/57
f 175/175/175 58/58/58 176/176/176
f 176/176/176 177/177/177 175/175/175
f 177/177/177 176/176/176 178/178/178
f 179/179/179 177/177/177 180/180/180
f 177/177/177 179/179/179 175/175/175
f 175/175/175 179/179/179 173/173/173
f 181/181/181 182/182/182 88/88/88
f 90/90/90 89/89/89 183/183/183
f 105/105/105 184/184/184 102/102/102
f 184/184/184 105/105/105 185/185/185
f 88/88/88 92/92/92 181/181/181
f 186/186/186 181/181/181 92/92/92
f 181/181/181 186/186/186 187/187/187
f 187/187/187 110/110/110 181/181/181
f 182/182/182 181/181/181 110/110/110
f 112/112/112 182/182/182 110/110/110
f 110/110/110 187/187/187 113/113/113
f 82/82/82 188/188/188 90/90/90
f 188/188/188 82/82/82 81/81/81
f 105/105/105 189/189/189 185/185/185
f 188/188/188 190/190/190 191/191/191
f 61/61/61 64/64/64 59/59/59
f 92/92/92 192/192/192 186/186/186
f 192/192/192 193/193/193 186/186/186
f 194/194/194 164/164/164 162/162/162
f 164/164/164 194/194/194 195/195/195
f 124/124/124 164/164/164 195/195/195
f 196/196/196 124/124/124 195/195/195
f 123/123/123 124/124/124 196/196/196
f 197/197/197 123/123/123 196/196/196
f 196/196/196 198/198/198 197/197/197
f 199/199/199 197/197/197 198/198/198
f 50/50/50 46/46/46 200/200/200
f 46/46/46 45/45/45 200/200/200
f 193/193/193 187/187/187 186/186/186
f 187/187/187 193/193/193 201/201/201
f 198/198/198 195/195/195 194/194/194
f 195/195/195 198/198/198 196/196/196
f 202/202/202 122/122/122 123/123/123
f 123/123/123 197/197/197 202/202/202
f 203/203/203 202/202/202 197/197/197
f 197/197/197 199/199/199 203/203/203
f 193/193/193 204/204/204 201/201/201
f 204/204/204 193/193/193 205/205/205
f 193/193/193 206/206/206 205/205/205
f 206/206/206 207/207/207 205/205/205
f 207/207/207 206/206/206 208/208/208
f 209/209/209 210/210/210 203/203/203
f 47/47/47 109/109/109 55/55/55
f 207/207/207 211/211/211 212/212/212
f 212/212/212 213/213/213 207/207/207
f 213/213/213 212/212/212 214/214/214
f 215/215/215 216/216/216 213/213/213
f 217/217/217 218/218/218 219/219/219
f 220/220/220 217/217/217 219/219/219
f 219/219/219 221/221/221 220/220/220
f 221/221/221 219/219/219 222/222/222
f 222/222/222 210/210/210 221/221/221
f 210/210/210 222/222/222 202/202/202
f 202/202/202 203/203/203 210/210/210
f 122/122/122 202/202/202 222/222/222
f 217/217/217 220/220/220 223/223/223
f 224/224/224 217/217/217 223/223/223
f 217/217/217 224/224/224 225/225/225
f 226/226/226 227/227/227 223/223/223
f 223/223/223 220/220/220 226/226/226
f 228/228/228 226/226/226 220/220/220
f 229/229/229 228/228/228 220/220/220
f 220/220/220 221/221/221 229/229/229
f 230/230/230 229/229/229 221/221/221
f 231/231/231 230/230/230 221/221/221
f 221/221/221 210/210/210 231/231/231
f 210/210/210 232/232/232 231/231/231
f 210/210/210 209/209/209 232/232/232
f 64/64/64 61/61/61 233/233/233
f 234/234/234 94/94/94 95/95/95
f 235/235/235 234/234/234 95/95/95
f 96/96/96 235/235/235 95/95/95
f 235/235/235 96/96/96 236/236/236
f 97/97/97 236/236/236 96/96/96
f 237/237/237 238/238/238 239/239/239
f 238/238/238 237/237/237 224/224/224
f 224/224/224 227/227/227 238/238/238
f 227/227/227 224/224/224 223/223/223
f 237/237/237 225/225/225 224/224/224
f 225/225/225 237/237/237 240/240/240
f 236/236/236 97/97/97 241/241/241
f 242/242/242 241/241/241 97/97/97
f 243/243/243 244/244/244 245/245/245
f 246/246/246 241/241/241 247/247/247
f 248/248/248 225/225/225 240/240/240
f 225/225/225 248/248/248 249/249/249
f 249/249/249 217/217/217 225/225/225
f 218/218/218 217/217/217 249/249/249
f 219/219/219 122/122/122 222/222/222
f 122/122/122 219/219/219 218/218/218
f 120/120/120 122/122/122 218/218/218
f 249/249/249 120/120/120 218/218/218
f 249/249/249 118/118/118 120/120/120
f 118/118/118 249/249/249 248/248/248
f 250/250/250 235/235/235 251/251/251
f 235/235/235 252/252/252 251/251/251
f 189/189/189 105/105/105 253/253/253
f 105/105/105 254/254/254 253/253/253
f 254/254/254 105/105/105 255/255/255
f 255/255/255 105/105/105 256/256/256
f 257/257/257 258/258/258 259/259/259
f 260/260/260 170/170/170 167/167/167
f 261/261/261 260/260/260 167/167/167
f 261/261/261 167/167/167 165/165/165
f 165/165/165 262/262/262 261/261/261
f 152/152/152 262/262/262 165/165/165
f 262/262/262 152/152/152 263/263/263
f 152/152/152 264/264/264 263/263/263
f 265/265/265 266/266/266 261/261/261
f 266/266/266 267/267/267 261/261/261
f 259/259/259 78/78/78 257/257/257
f 105/105/105 104/104/104 256/256/256
f 267/267/267 268/268/268 261/261/261
f 260/260/260 261/261/261 268/268/268
f 269/269/269 268/268/268 270/270/270
f 271/271/271 269/269/269 270/270/270
f 268/268/268 267/267/267 272/272/272
f 272/272/272 270/270/270 268/268/268
f 270/270/270 272/272/272 273/273/273
f 273/273/273 271/271/271 270/270/270
f 271/271/271 273/273/273 274/274/274
f 275/275/275 259/259/259 258/258/258
f 274/274/274 276/276/276 271/271/271
f 276/276/276 277/277/277 271/271/271
f 269/269/269 271/271/271 277/277/277
f 277/277/277 278/278/278 269/269/269
f 104/104/104 279/279/279 256/256/256
f 104/104/104 280/280/280 281/281/281
f 282/282/282 283/283/283 284/284/284
f 285/285/285 284/284/284 283/283/283
f 284/284/284 285/285/285 286/286/286
f 287/287/287 288/288/288 289/289/289
f 288/288/288 275/275/275 289/289/289
f 259/259/259 275/275/275 288/288/288
f 285/285/285 280/280/280 286/286/286
f 280/280/280 104/104/104 101/101/101
f 286/286/286 280/280/280 101/101/101
f 286/286/286 101/101/101 103/103/103
f 286/286/286 103/103/103 290/290/290
f 284/284/284 286/286/286 290/290/290
f 284/284/284 290/290/290 291/291/291
f 282/282/282 284/284/284 291/291/291
f 292/292/292 293/293/293 294/294/294
f 295/295/295 296/296/296 297/297/297
f 296/296/296 295/295/295 298/298/298
f 295/295/295 299/299/299 298/298/298
f 299/299/299 295/295/295 292/292/292
f 294/294/294 299/299/299 292/292/292
f 299/299/299 294/294/294 267/267/267
f 294/294/294 272/272/272 267/267/267
f 266/266/266 297/297/297 296/296/296
f 297/297/297 266/266/266 262/262/262
f 262/262/262 295/295/295 297/297/297
f 295/295/295 262/262/262 263/263/263
f 263/263/263 292/292/292 295/295/295
f 263/263/263 300/300/300 292/292/292
f 301/301/301 292/292/292 300/300/300
f 302/302/302 293/293/293 300/300/300
f 293/293/293 302/302/302 303/303/303
f 302/302/302 304/304/304 305/305/305
f 306/306/306 304/304/304 302/302/302
f 307/307/307 306/306/306 302/302/302
f 300/300/300 307/307/307 302/302/302
f 307/307/307 300/300/300 308/308/308
f 300/300/300 309/309/309 308/308/308
f 309/309/309 300/300/300 310/310/310
f 311/311/311 309/309/309 310/310/310
f 312/312/312 311/311/311 310/310/310
f 312/312/312 287/287/287 311/311/311
f 288/288/288 287/287/287 312/312/312
f 259/259/259 313/313/313 78/78/78
f 313/313/313 259/259/259 314/314/314
f 314/314/314 259/259/259 288/288/288
f 315/315/315 314/314/314 288/288/288
f 312/312/312 315/315/315 288/288/288
f 312/312/312 264/264/264 315/315/315
f 264/264/264 312/312/312 310/310/310
f 264/264/264 310/310/310 263/263/263
f 300/300/300 263/263/263 310/310/310
f 264/264/264 316/316/316 315/315/315
f 317/317/317 315/315/315 316/316/316
f 315/315/315 317/317/317 314/314/314
f 318/318/318 314/314/314 317/317/317
f 314/314/314 318/318/318 313/313/313
f 152/152/152 150/150/150 264/264/264
f 316/316/316 264/264/264 150/150/150
f 150/150/150 148/148/148 316/316/316
f 316/316/316 148/148/148 317/317/317
f 147/147/147 317/317/317 148/148/148
f 317/317/317 147/147/147 318/318/318
f 147/147/147 153/153/153 318/318/318
f 153/153/153 313/313/313 318/318/318
f 313/313/313 153/153/153 319/319/319
f 319/319/319 78/78/78 313/313/313
f 78/78/78 319/319/319 79/79/79
f 252/252/252 235/235/235 236/236/236
f 241/241/241 252/252/252 236/236/236
f 320/320/320 250/250/250 321/321/321
f 251/251/251 321/321/321 250/250/250
f 251/251/251 322/322/322 321/321/321
f 251/251/251 323/323/323 322/322/322
f 251/251/251 252/252/252 323/323/323
f 252/252/252 324/324/324 323/323/323
f 241/241/241 324/324/324 252/252/252
f 132/132/132 115/115/115 145/145/145
f 116/116/116 115/115/115 132/132/132
f 246/246/246 324/324/324 241/241/241
f 325/325/325 320/320/320 326/326/326
f 321/321/321 326/326/326 320/320/320
f 321/321/321 322/322/322 326/326/326
f 327/327/327 325/325/325 326/326/326
f 325/325/325 327/327/327 328/328/328
f 329/329/329 325/325/325 328/328/328
f 325/325/325 329/329/329 330/330/330
f 331/331/331 325/325/325 330/330/330
f 325/325/325 331/331/331 332/332/332
f 333/333/333 334/334/334 335/335/335
f 336/336/336 337/337/337 338/338/338
f 339/339/339 336/336/336 338/338/338
f 336/336/336 340/340/340 341/341/341
f 342/342/342 336/336/336 341/341/341
f 337/337/337 336/336/336 342/342/342
f 337/337/337 342/342/342 343/343/343
f 343/343/343 344/344/344 337/337/337
f 216/216/216 215/215/215 345/345/345
f 168/168/168 346/346/346 347/347/347
f 346/346/346 344/344/344 347/347/347
f 348/348/348 344/344/344 346/346/346
f 344/344/344 348/348/348 337/337/337
f 349/349/349 348/348/348 346/346/346
f 346/346/346 168/168/168 169/169/169
f 170/170/170 350/350/350 171/171/171
f 349/349/349 346/346/346 170/170/170
f 348/348/348 349/349/349 351/351/351
f 351/351/351 352/352/352 348/348/348
f 337/337/337 348/348/348 353/353/353
f 277/277/277 354/354/354 278/278/278
f 340/340/340 294/294/294 341/341/341
f 294/294/294 352/352/352 272/272/272
f 352/352/352 351/351/351 272/272/272
f 355/355/355 272/272/272 351/351/351
f 351/351/351 354/354/354 355/355/355
f 354/354/354 356/356/356 355/355/355
f 356/356/356 354/354/354 277/277/277
f 276/276/276 356/356/356 277/277/277
f 274/274/274 356/356/356 276/276/276
f 273/273/273 356/356/356 274/274/274
f 356/356/356 273/273/273 355/355/355
f 272/272/272 355/355/355 273/273/273
f 357/357/357 358/358/358 359/359/359
f 360/360/360 358/358/358 357/357/357
f 361/361/361 358/358/358 360/360/360
f 362/362/362 361/361/361 360/360/360
f 361/361/361 362/362/362 363/363/363
f 362/362/362 342/342/342 363/363/363
f 342/342/342 364/364/364 363/363/363
f 364/364/364 342/342/342 341/341/341
f 365/365/365 366/366/366 367/367/367
f 293/293/293 341/341/341 294/294/294
f 293/293/293 368/368/368 364/364/364
f 368/368/368 293/293/293 303/303/303
f 369/369/369 370/370/370 371/371/371
f 372/372/372 369/369/369 371/371/371
f 373/373/373 369/369/369 372/372/372
f 373/373/373 364/364/364 369/369/369
f 364/364/364 373/373/373 308/308/308
f 309/309/309 364/364/364 308/308/308
f 364/364/364 309/309/309 363/363/363
f 311/311/311 363/363/363 309/309/309
f 361/361/361 363/363/363 311/311/311
f 361/361/361 311/311/311 287/287/287
f 287/287/287 358/358/358 361/361/361
f 358/358/358 287/287/287 289/289/289
f 358/358/358 289/289/289 275/275/275
f 275/275/275 359/359/359 358/358/358
f 359/359/359 275/275/275 258/258/258
f 257/257/257 359/359/359 258/258/258
f 359/359/359 257/257/257 374/374/374
f 77/77/77 374/374/374 257/257/257
f 76/76/76 374/374/374 77/77/77
f 374/374/374 76/76/76 375/375/375
f 80/80/80 375/375/375 76/76/76
f 332/332/332 376/376/376 325/325/325
f 325/325/325 376/376/376 320/320/320
f 320/320/320 376/376/376 377/377/377
f 250/250/250 320/320/320 378/378/378
f 247/247/247 379/379/379 246/246/246
f 380/380/380 246/246/246 379/379/379
f 246/246/246 380/380/380 324/324/324
f 381/381/381 324/324/324 380/380/380
f 382/382/382 359/359/359 374/374/374
f 374/374/374 383/383/383 382/382/382
f 383/383/383 374/374/374 375/375/375
f 381/381/381 323/323/323 324/324/324
f 323/323/323 381/381/381 384/384/384
f 384/384/384 322/322/322 323/323/323
f 322/322/322 384/384/384 385/385/385
f 385/385/385 326/326/326 322/322/322
f 326/326/326 385/385/385 327/327/327
f 291/291/291 386/386/386 282/282/282
f 387/387/387 386/386/386 388/388/388
f 386/386/386 389/389/389 388/388/388
f 390/390/390 391/391/391 392/392/392
f 392/392/392 393/393/393 390/390/390
f 394/394/394 393/393/393 392/392/392
f 395/395/395 393/393/393 394/394/394
f 71/71/71 395/395/395 394/394/394
f 71/71/71 396/396/396 395/395/395
f 396/396/396 71/71/71 397/397/397
f 382/382/382 396/396/396 397/397/397
f 397/397/397 357/357/357 382/382/382
f 359/359/359 382/382/382 357/357/357
f 396/396/396 382/382/382 383/383/383
f 72/72/72 71/71/71 394/394/394
f 392/392/392 131/131/131 133/133/133
f 134/134/134 392/392/392 133/133/133
f 135/135/135 392/392/392 134/134/134
f 392/392/392 135/135/135 394/394/394
f 394/394/394 135/135/135 137/137/137
f 137/137/137 72/72/72 394/394/394
f 72/72/72 137/137/137 139/139/139
f 72/72/72 139/139/139 140/140/140
f 140/140/140 74/74/74 72/72/72
f 74/74/74 140/140/140 142/142/142
f 143/143/143 74/74/74 144/144/144
f 74/74/74 143/143/143 398/398/398
f 398/398/398 143/143/143 158/158/158
f 398/398/398 159/159/159 399/399/399
f 399/399/399 159/159/159 160/160/160
f 399/399/399 400/400/400 398/398/398
f 401/401/401 398/398/398 400/400/400
f 400/400/400 402/402/402 401/401/401
f 402/402/402 403/403/403 401/401/401
f 343/343/343 403/403/403 402/402/402
f 403/403/403 343/343/343 362/362/362
f 343/343/343 342/342/342 362/362/362
f 402/402/402 400/400/400 404/404/404
f 404/404/404 343/343/343 402/402/402
f 343/343/343 404/404/404 405/405/405
f 406/406/406 345/345/345 215/215/215
f 345/345/345 406/406/406 407/407/407
f 44/44/44 408/408/408 45/45/45
f 44/44/44 109/109/109 408/408/408
f 404/404/404 233/233/233 405/405/405
f 233/233/233 404/404/404 64/64/64
f 64/64/64 404/404/404 400/400/400
f 63/63/63 64/64/64 400/400/400
f 400/400/400 399/399/399 63/63/63
f 409/409/409 63/63/63 399/399/399
f 410/410/410 411/411/411 412/412/412
f 411/411/411 410/410/410 214/214/214
f 411/411/411 214/214/214 212/212/212
f 413/413/413 204/204/204 414/414/414
f 205/205/205 414/414/414 204/204/204
f 414/414/414 205/205/205 415/415/415
f 415/415/415 205/205/205 207/207/207
f 415/415/415 207/207/207 213/213/213
f 216/216/216 415/415/415 213/213/213
f 415/415/415 216/216/216 416/416/416
f 416/416/416 414/414/414 415/415/415
f 414/414/414 416/416/416 417/417/417
f 417/417/417 413/413/413 414/414/414
f 413/413/413 417/417/417 418/418/418
f 405/405/405 344/344/344 343/343/343
f 405/405/405 347/347/347 344/344/344
f 109/109/109 44/44/44 55/55/55
f 419/419/419 413/413/413 418/418/418
f 420/420/420 413/413/413 419/419/419
f 201/201/201 113/113/113 187/187/187
f 389/389/389 386/386/386 291/291/291
f 421/421/421 389/389/389 291/291/291
f 290/290/290 421/421/421 291/291/291
f 421/421/421 290/290/290 422/422/422
f 103/103/103 422/422/422 290/290/290
f 422/422/422 103/103/103 423/423/423
f 102/102/102 423/423/423 103/103/103
f 423/423/423 102/102/102 184/184/184
f 94/94/94 424/424/424 425/425/425
f 424/424/424 285/285/285 425/425/425
f 285/285/285 426/426/426 425/425/425
f 426/426/426 285/285/285 283/283/283
f 283/283/283 427/427/427 426/426/426
f 427/427/427 283/283/283 282/282/282
f 282/282/282 428/428/428 427/427/427
f 429/429/429 430/430/430 431/431/431
f 386/386/386 387/387/387 282/282/282
f 109/109/109 98/98/98 408/408/408
f 100/100/100 408/408/408 98/98/98
f 408/408/408 100/100/100 45/45/45
f 432/432/432 45/45/45 100/100/100
f 433/433/433 434/434/434 435/435/435
f 50/50/50 45/45/45 436/436/436
f 437/437/437 438/438/438 439/439/439
f 191/191/191 437/437/437 439/439/439
f 437/437/437 191/191/191 190/190/190
f 391/391/391 390/390/390 440/440/440
f 441/441/441 391/391/391 440/440/440
f 441/441/441 442/442/442 391/391/391
f 442/442/442 441/441/441 443/443/443
f 444/444/444 442/442/442 443/443/443
f 160/160/160 409/409/409 399/399/399
f 409/409/409 160/160/160 127/127/127
f 409/409/409 127/127/127 126/126/126
f 128/128/128 409/409/409 126/126/126
f 409/409/409 128/128/128 442/442/442
f 442/442/442 128/128/128 129/129/129
f 130/130/130 442/442/442 129/129/129
f 442/442/442 130/130/130 391/391/391
f 391/391/391 130/130/130 131/131/131
f 131/131/131 392/392/392 391/391/391
f 113/113/113 201/201/201 445/445/445
f 445/445/445 446/446/446 113/113/113
f 447/447/447 448/448/448 449/449/449
f 450/450/450 451/451/451 60/60/60
f 62/62/62 450/450/450 60/60/60
f 452/452/452 450/450/450 62/62/62
f 63/63/63 452/452/452 62/62/62
f 452/452/452 63/63/63 444/444/444
f 63/63/63 409/409/409 444/444/444
f 442/442/442 444/444/444 409/409/409
f 443/443/443 453/453/453 444/444/444
f 453/453/453 452/452/452 444/444/444
f 453/453/453 454/454/454 452/452/452
f 450/450/450 452/452/452 454/454/454
f 454/454/454 455/455/455 450/450/450
f 451/451/451 450/450/450 455/455/455
f 445/445/445 420/420/420 456/456/456
f 420/420/420 445/445/445 457/457/457
f 413/413/413 420/420/420 457/457/457
f 445/445/445 413/413/413 457/457/457
f 454/454/454 453/453/453 458/458/458
f 459/459/459 209/209/209 455/455/455
f 48/48/48 47/47/47 55/55/55
f 204/204/204 413/413/413 445/445/445
f 201/201/201 204/204/204 445/445/445
f 182/182/182 112/112/112 86/86/86
f 460/460/460 461/461/461 462/462/462
f 461/461/461 460/460/460 458/458/458
f 459/459/459 458/458/458 460/460/460
f 458/458/458 459/459/459 454/454/454
f 455/455/455 454/454/454 459/459/459
f 226/226/226 463/463/463 227/227/227
f 463/463/463 226/226/226 462/462/462
f 228/228/228 462/462/462 226/226/226
f 229/229/229 462/462/462 228/228/228
f 462/462/462 229/229/229 460/460/460
f 230/230/230 460/460/460 229/229/229
f 231/231/231 460/460/460 230/230/230
f 460/460/460 231/231/231 459/459/459
f 459/459/459 231/231/231 232/232/232
f 209/209/209 459/459/459 232/232/232
f 462/462/462 464/464/464 463/463/463
f 464/464/464 465/465/465 463/463/463
f 465/465/465 464/464/464 466/466/466
f 466/466/466 467/467/467 465/465/465
f 467/467/467 466/466/466 468/468/468
f 469/469/469 470/470/470 471/471/471
f 427/427/427 469/469/469 471/471/471
f 471/471/471 426/426/426 427/427/427
f 466/466/466 472/472/472 468/468/468
f 472/472/472 466/466/466 473/473/473
f 473/473/473 466/466/466 464/464/464
f 464/464/464 474/474/474 473/473/473
f 474/474/474 464/464/464 461/461/461
f 464/464/464 462/462/462 461/461/461
f 453/453/453 461/461/461 458/458/458
f 461/461/461 453/453/453 474/474/474
f 453/453/453 443/443/443 474/474/474
f 473/473/473 474/474/474 443/443/443
f 441/441/441 473/473/473 443/443/443
f 473/473/473 441/441/441 472/472/472
f 45/45/45 50/50/50 200/200/200
f 65/65/65 470/470/470 70/70/70
f 470/470/470 65/65/65 471/471/471
f 65/65/65 475/475/475 471/471/471
f 475/475/475 65/65/65 476/476/476
f 426/426/426 471/471/471 475/475/475
f 475/475/475 425/425/425 426/426/426
f 425/425/425 475/475/475 94/94/94
f 476/476/476 94/94/94 475/475/475
f 77/77/77 257/257/257 78/78/78
f 238/238/238 467/467/467 239/239/239
f 467/467/467 238/238/238 465/465/465
f 227/227/227 465/465/465 238/238/238
f 465/465/465 227/227/227 463/463/463
f 477/477/477 478/478/478 73/73/73
f 398/398/398 401/401/401 74/74/74
f 73/73/73 74/74/74 401/401/401
f 403/403/403 73/73/73 401/401/401
f 73/73/73 403/403/403 477/477/477
f 362/362/362 477/477/477 403/403/403
f 477/477/477 362/362/362 360/360/360
f 360/360/360 478/478/478 477/477/477
f 478/478/478 360/360/360 357/357/357
f 357/357/357 397/397/397 478/478/478
f 71/71/71 478/478/478 397/397/397
f 478/478/478 71/71/71 73/73/73
f 1/1/1 4/4/4 2/2/2
f 4/4/4 6/6/6 5/5/5
f 14/14/14 16/16/16 1/1/1
f 16/16/16 17/17/17 4/4/4
f 8/8/8 18/18/18 9/9/9
f 11/11/11 20/20/20 12/12/12
f 22/22/22 24/24/24 14/14/14
f 24/24/24 25/25/25 16/16/16
f 18/18/18 26/26/26 19/19/19
f 20/20/20 28/28/28 21/21/21
f 30/30/30 32/32/32 22/22/22
f 32/32/32 33/33/33 24/24/24
f 43/43/43 34/34/34 18/18/18
f 36/36/36 38/38/38 30/30/30
f 38/38/38 39/39/39 32/32/32
f 9/9/9 19/19/19 11/11/11
f 12/12/12 21/21/21 36/36/36
f 21/21/21 29/29/29 38/38/38
f 40/40/40 43/43/43 8/8/8
f 19/19/19 27/27/27 20/20/20
