mtllib 00255171.mtl
o 00255171_part_0
v 0.03486105 0.808092654 -0.0449250042
v 1.65891489E-09 0.8248324 -0.07485723
v 1.68061E-09 0.859403 -0.05527318
v 1.68061E-09 0.859403 -0.05527318
v 0.0421968065 0.8510953 -0.03104718
v 0.03486105 0.808092654 -0.0449250042
v 0.0421968065 0.8510953 -0.03104718
v 1.68061E-09 0.859403 -0.05527318
v 1.66455449E-09 0.8896887 -0.0456293859
v 1.66455449E-09 0.8896887 -0.0456293859
v 0.0304788239 0.8856739 -0.0190792885
v 0.0421968065 0.8510953 -0.03104718
v 1.66455449E-09 0.8896887 -0.0456293859
v -3.724432E-09 0.996623158 -0.0282850061
v 0.0304788239 0.8856739 -0.0190792885
v 0.0269521326 1.1287843 0.117102221
v 2.13009588E-09 1.12550128 0.171380371
v 4.00361078E-09 0.9559717 0.140213192
v 0.0332583226 0.7219616 0.00429224037
v 0.0430799536 0.6545972 0.015184477
v 0.03268079 0.6653777 -0.0174349789
v 0.0430799536 0.6545972 0.015184477
v 0.0332583226 0.7219616 0.00429224037
v 0.0430312753 0.7146405 0.0328925624
v -0.03691552 0.5669717 0.04257072
v -0.03476563 0.538814664 0.0809088945
v -0.0338886268 0.5945864 0.05849935
v -0.03691552 0.5669717 0.04257072
v -0.0337740369 0.5337983 0.05179621
v -0.03476563 0.538814664 0.0809088945
v -0.0337740369 0.5337983 0.05179621
v -0.03691552 0.5669717 0.04257072
v -0.03690886 0.54299444 0.009542015
v -0.03690886 0.54299444 0.009542015
v -0.03454026 0.523691 0.0340589732
v -0.0337740369 0.5337983 0.05179621
v -0.03454026 0.523691 0.0340589732
v -0.03690886 0.54299444 0.009542015
v -0.0343032554 0.524438858 -0.0210323874
v -0.0343032554 0.524438858 -0.0210323874
v -0.03690886 0.54299444 0.009542015
v -0.0343418643 0.5369634 -0.0284601338
v -0.0343418643 0.5369634 -0.0284601338
v -0.03690886 0.54299444 0.009542015
v -0.0415510423 0.6160228 0.005193551
v -0.0415510423 0.6160228 0.005193551
v -0.0319369026 0.538620353 -0.0458211452
v -0.0343418643 0.5369634 -0.0284601338
v -0.0415510423 0.6160228 0.005193551
v -0.0345973335 0.544469953 -0.06798033
v -0.0319369026 0.538620353 -0.0458211452
v -0.0345973335 0.544469953 -0.06798033
v -0.0415510423 0.6160228 0.005193551
v -0.0336007066 0.639776468 -0.039642
v -0.0336007066 0.639776468 -0.039642
v -0.034828648 0.6340114 -0.06353555
v -0.0345973335 0.544469953 -0.06798033
v -0.04307995 0.6545972 0.015184476
v -0.0338886268 0.5945864 0.05849935
v -0.0332865752 0.6466848 0.0515229367
v -0.04307995 0.6545972 0.015184476
v -0.0415510423 0.6160228 0.005193551
v -0.0338886268 0.5945864 0.05849935
v -0.0338886268 0.5945864 0.05849935
v -0.0415510423 0.6160228 0.005193551
v -0.03691552 0.5669717 0.04257072
v -0.03690886 0.54299444 0.009542015
v -0.03691552 0.5669717 0.04257072
v -0.0415510423 0.6160228 0.005193551
v -0.04307995 0.6545972 0.015184476
v -0.0336007066 0.639776468 -0.039642
v -0.0415510423 0.6160228 0.005193551
v -0.04307995 0.6545972 0.015184476
v -0.0326807871 0.6653777 -0.0174349789
v -0.0336007066 0.639776468 -0.039642
v -0.0267727561 0.505665243 -0.125807643
v 2.016293E-09 0.4786554 -0.09382282
v 1.48911317E-09 0.487729669 -0.09035557
v 2.016293E-09 0.4786554 -0.09382282
v -0.0267727561 0.505665243 -0.125807643
v -0.0230152588 0.478265941 -0.126316413
v -0.0230152588 0.478265941 -0.126316413
v -0.0267727561 0.505665243 -0.125807643
v -0.0253338963 0.469438434 -0.152240679
v 0.030317327 0.5149691 -0.0661354
v 0.03459734 0.544469953 -0.06798033
v -2.82435831E-05 0.525929153 -0.04859979
v -2.82435831E-05 0.525929153 -0.04859979
v 1.68440828E-09 0.514531 -0.0443269052
v 0.030317327 0.5149691 -0.0661354
v 1.960188E-09 0.4972593 -0.08727029
v 1.48911317E-09 0.487729669 -0.09035557
v 0.0267727617 0.505665243 -0.125807643
v 0.0267727617 0.505665243 -0.125807643
v 0.0256509855 0.524183035 -0.103115633
v 1.960188E-09 0.4972593 -0.08727029
v 1.63559921E-09 0.49604705 0.0684537441
v 0.0337740369 0.5337983 0.05179621
v 0.0347656347 0.538814664 0.0809088945
v 1.68568559E-09 0.4977125 0.05561786
v 0.0337740369 0.5337983 0.05179621
v 1.63559921E-09 0.49604705 0.0684537441
v 1.68568559E-09 0.4977125 0.05561786
v 0.0345402658 0.523691 0.0340589732
v 0.0337740369 0.5337983 0.05179621
v 1.68568559E-09 0.4977125 0.05561786
v 0.0325337239 0.491043776 0.0205854625
v 0.0345402658 0.523691 0.0340589732
v 1.68568559E-09 0.4977125 0.05561786
v 1.70540959E-09 0.484713346 0.0421160161
v 0.0325337239 0.491043776 0.0205854625
v 0.0336847678 0.761947334 0.101970762
v 1.59630043E-09 0.743994057 0.140342772
v 1.64170588E-09 0.7290204 0.120474309
v 0.0333545022 0.740377 0.07899378
v 0.0336847678 0.761947334 0.101970762
v 1.64170588E-09 0.7290204 0.120474309
v 1.64170588E-09 0.7290204 0.120474309
v 1.63127445E-09 0.717412531 0.11211323
v 0.0333545022 0.740377 0.07899378
v 1.63127445E-09 0.717412531 0.11211323
v 0.03320987 0.7077055 0.0619985461
v 0.0333545022 0.740377 0.07899378
v 1.63127445E-09 0.717412531 0.11211323
v 1.626028E-09 0.6958614 0.102410167
v 0.03320987 0.7077055 0.0619985461
v 0.03320987 0.7077055 0.0619985461
v 1.626028E-09 0.6958614 0.102410167
v 1.634792E-09 0.666451931 0.09538184
v 1.634792E-09 0.666451931 0.09538184
v 0.03328658 0.6466848 0.0515229367
v 0.03320987 0.7077055 0.0619985461
v 1.634792E-09 0.666451931 0.09538184
v 1.62548786E-09 0.63991493 0.09735936
v 0.03328658 0.6466848 0.0515229367
v 0.0338886343 0.5945864 0.05849935
v 0.03328658 0.6466848 0.0515229367
v 1.62548786E-09 0.63991493 0.09735936
v 0.0338886343 0.5945864 0.05849935
v 1.62548786E-09 0.63991493 0.09735936
v 1.61906533E-09 0.607741356 0.104310848
v 0.0338886343 0.5945864 0.05849935
v 1.61906533E-09 0.607741356 0.104310848
v 1.63153324E-09 0.5791949 0.113257617
v 0.0338886343 0.5945864 0.05849935
v 1.63153324E-09 0.5791949 0.113257617
v 0.0347656347 0.538814664 0.0809088945
v 0.0267727617 0.505665243 -0.125807643
v 0.0294584278 0.5512553 -0.118034691
v 0.0256509855 0.524183035 -0.103115633
v 0.02293888 0.5259517 -0.08718496
v 0.0256509855 0.524183035 -0.103115633
v 0.0294584278 0.5512553 -0.118034691
v 1.68440828E-09 0.514531 -0.0443269052
v 2.19752572E-09 0.477456 -0.08184715
v 0.030317327 0.5149691 -0.0661354
v 0.02293888 0.5259517 -0.08718496
v 0.030317327 0.5149691 -0.0661354
v 2.19752572E-09 0.477456 -0.08184715
v -0.0213187579 0.4600512 -0.121050768
v -0.0230152588 0.478265941 -0.126316413
v -0.0253338963 0.469438434 -0.152240679
v -0.0211530011 0.4490852 -0.137902185
v -0.0213187579 0.4600512 -0.121050768
v -0.0253338963 0.469438434 -0.152240679
v -0.0213187579 0.4600512 -0.121050768
v -0.0211530011 0.4490852 -0.137902185
v 1.78762538E-09 0.403283954 -0.114070714
v -0.0211530011 0.4490852 -0.137902185
v 1.78649306E-09 0.3868945 -0.1536807
v 1.78762538E-09 0.403283954 -0.114070714
v -0.0211530011 0.4490852 -0.137902185
v -0.0219817851 0.441253841 -0.177679762
v 1.78649306E-09 0.3868945 -0.1536807
v -0.0219817851 0.441253841 -0.177679762
v 1.78640414E-09 0.3784513 -0.185485408
v 1.78649306E-09 0.3868945 -0.1536807
v 1.78640414E-09 0.3784513 -0.185485408
v -0.0219817851 0.441253841 -0.177679762
v 1.70860837E-09 0.4166679 -0.255353719
v -0.0219817851 0.441253841 -0.177679762
v 1.79319293E-09 0.4464867 -0.22225903
v 1.70860837E-09 0.4166679 -0.255353719
v 1.79319293E-09 0.4464867 -0.22225903
v -0.0219817851 0.441253841 -0.177679762
v 1.78810544E-09 0.467512369 -0.209715784
v 1.78997239E-09 0.494286 -0.189699993
v 1.78810544E-09 0.467512369 -0.209715784
v -0.0219817851 0.441253841 -0.177679762
v 1.78997239E-09 0.494286 -0.189699993
v -0.0219817851 0.441253841 -0.177679762
v -0.0253338963 0.469438434 -0.152240679
v -0.0267727561 0.505665243 -0.125807643
v 1.78997239E-09 0.494286 -0.189699993
v -0.0253338963 0.469438434 -0.152240679
v -0.0267727561 0.505665243 -0.125807643
v -3.90890527E-05 0.5022589 -0.1752264
v 1.78997239E-09 0.494286 -0.189699993
v -0.0294584241 0.5512553 -0.118034691
v -3.90890527E-05 0.5022589 -0.1752264
v -0.0267727561 0.505665243 -0.125807643
v -0.0222889613 0.525112 -0.157665208
v -3.90890527E-05 0.5022589 -0.1752264
v -0.0294584241 0.5512553 -0.118034691
v -0.0219817851 0.441253841 -0.177679762
v -0.0211530011 0.4490852 -0.137902185
v -0.0253338963 0.469438434 -0.152240679
v -0.0248799212 0.565737 -0.139957771
v -0.0222889613 0.525112 -0.157665208
v -0.0294584241 0.5512553 -0.118034691
v 1.72743464E-09 0.537588239 -0.175285473
v -0.0222889613 0.525112 -0.157665208
v -0.0248799212 0.565737 -0.139957771
v 1.72743464E-09 0.537588239 -0.175285473
v -0.0248799212 0.565737 -0.139957771
v 1.57657987E-09 0.5762943 -0.160093859
v -0.0248799212 0.565737 -0.139957771
v 1.80456561E-09 0.6045649 -0.155142531
v 1.57657987E-09 0.5762943 -0.160093859
v -0.0248799212 0.565737 -0.139957771
v -0.03311485 0.614322364 -0.117818616
v 1.80456561E-09 0.6045649 -0.155142531
v -0.03311485 0.614322364 -0.117818616
v 1.82755655E-09 0.622216 -0.154607072
v 1.80456561E-09 0.6045649 -0.155142531
v 1.82755655E-09 0.622216 -0.154607072
v -0.03311485 0.614322364 -0.117818616
v -0.03302578 0.653349757 -0.129503965
v 1.82755655E-09 0.622216 -0.154607072
v -0.03302578 0.653349757 -0.129503965
v 1.66320013E-09 0.647491634 -0.157753259
v -0.03302578 0.653349757 -0.129503965
v 1.66132486E-09 0.6972432 -0.1572251
v 1.66320013E-09 0.647491634 -0.157753259
v -0.03302578 0.653349757 -0.129503965
v -0.03318662 0.6935686 -0.128535718
v 1.66132486E-09 0.6972432 -0.1572251
v -0.03318662 0.6935686 -0.128535718
v 1.6550189E-09 0.7442299 -0.14269951
v 1.66132486E-09 0.6972432 -0.1572251
v 1.6550189E-09 0.7442299 -0.14269951
v -0.03318662 0.6935686 -0.128535718
v -0.0332521647 0.729086339 -0.116909683
v -0.0332521647 0.729086339 -0.116909683
v 1.65685365E-09 0.774476767 -0.118987031
v 1.6550189E-09 0.7442299 -0.14269951
v -0.0332521647 0.729086339 -0.116909683
v -0.0331899077 0.7545252 -0.09668698
v 1.65685365E-09 0.774476767 -0.118987031
v 1.65554415E-09 0.7935806 -0.0946897939
v 1.65685365E-09 0.774476767 -0.118987031
v -0.0331899077 0.7545252 -0.09668698
v 1.65554415E-09 0.7935806 -0.0946897939
v -0.0331899077 0.7545252 -0.09668698
v -0.0324080065 0.7757603 -0.07125
v -0.0324080065 0.7757603 -0.07125
v 1.65891489E-09 0.8248324 -0.07485723
v 1.65554415E-09 0.7935806 -0.0946897939
v -0.0348610468 0.808092654 -0.0449250042
v 1.65891489E-09 0.8248324 -0.07485723
v -0.0324080065 0.7757603 -0.07125
v -0.0222889613 0.525112 -0.157665208
v 1.72743464E-09 0.537588239 -0.175285473
v 1.50622614E-09 0.4643487 -0.20572345
v -3.90890527E-05 0.5022589 -0.1752264
v -0.0222889613 0.525112 -0.157665208
v 1.50622614E-09 0.4643487 -0.20572345
v -0.0348610468 0.808092654 -0.0449250042
v 1.68061E-09 0.859403 -0.05527318
v 1.65891489E-09 0.8248324 -0.07485723
v 1.68061E-09 0.859403 -0.05527318
v -0.0348610468 0.808092654 -0.0449250042
v -0.0421968028 0.8510953 -0.0310471784
v -0.0421968028 0.8510953 -0.0310471784
v 1.66455449E-09 0.8896887 -0.0456293859
v 1.68061E-09 0.859403 -0.05527318
v 1.66455449E-09 0.8896887 -0.0456293859
v -0.0421968028 0.8510953 -0.0310471784
v -0.0304788183 0.8856739 -0.0190792885
v 1.66455449E-09 0.8896887 -0.0456293859
v -0.0304788183 0.8856739 -0.0190792885
v -3.724432E-09 0.996623158 -0.0282850061
v 1.960188E-09 0.4972593 -0.08727029
v -0.0267727561 0.505665243 -0.125807643
v 1.48911317E-09 0.487729669 -0.09035557
v -0.0267727561 0.505665243 -0.125807643
v 1.960188E-09 0.4972593 -0.08727029
v -0.0256509818 0.524183035 -0.103115633
v 1.960188E-09 0.4972593 -0.08727029
v -0.0229388773 0.5259517 -0.08718496
v -0.0256509818 0.524183035 -0.103115633
v 1.960188E-09 0.4972593 -0.08727029
v 1.80995963E-09 0.50465 -0.09386152
v -0.0229388773 0.5259517 -0.08718496
v 2.19752572E-09 0.477456 -0.08184715
v -0.0229388773 0.5259517 -0.08718496
v 1.80995963E-09 0.50465 -0.09386152
v -0.0229388773 0.5259517 -0.08718496
v 2.19752572E-09 0.477456 -0.08184715
v -0.030328339 0.515002 -0.06615172
v 1.68440828E-09 0.514531 -0.0443269052
v -0.030328339 0.515002 -0.06615172
v 2.19752572E-09 0.477456 -0.08184715
v -2.82435831E-05 0.525929153 -0.04859979
v -0.030328339 0.515002 -0.06615172
v 1.68440828E-09 0.514531 -0.0443269052
v -0.030328339 0.515002 -0.06615172
v -2.82435831E-05 0.525929153 -0.04859979
v -0.0345973335 0.544469953 -0.06798033
v -0.03398387 0.5678073 -0.0838545561
v -0.030328339 0.515002 -0.06615172
v -0.0345973335 0.544469953 -0.06798033
v -0.03398387 0.5678073 -0.0838545561
v -0.0229388773 0.5259517 -0.08718496
v -0.030328339 0.515002 -0.06615172
v -0.0340756 0.587664247 -0.09688661
v -0.0229388773 0.5259517 -0.08718496
v -0.03398387 0.5678073 -0.0838545561
v -0.0229388773 0.5259517 -0.08718496
v -0.0340756 0.587664247 -0.09688661
v -0.0294584241 0.5512553 -0.118034691
v -0.0294584241 0.5512553 -0.118034691
v -0.0340756 0.587664247 -0.09688661
v -0.03311485 0.614322364 -0.117818616
v -0.03311485 0.614322364 -0.117818616
v -0.0248799212 0.565737 -0.139957771
v -0.0294584241 0.5512553 -0.118034691
v -0.0267727561 0.505665243 -0.125807643
v -0.0256509818 0.524183035 -0.103115633
v -0.0294584241 0.5512553 -0.118034691
v -0.0229388773 0.5259517 -0.08718496
v -0.0294584241 0.5512553 -0.118034691
v -0.0256509818 0.524183035 -0.103115633
v 0.0268050171 1.3920176 0.0211761761
v 2.12413065E-09 1.36517584 -0.03429985
v 1.66124381E-09 1.43292749 -0.02596259
v 0.0268050171 1.3920176 0.0211761761
v 0.0269648451 1.1297251 0.0186962076
v 2.12413065E-09 1.36517584 -0.03429985
v 2.1297375E-09 1.1255362 -0.0355417877
v 2.12413065E-09 1.36517584 -0.03429985
v 0.0269648451 1.1297251 0.0186962076
v 2.1297375E-09 1.1255362 -0.0355417877
v 0.0269648451 1.1297251 0.0186962076
v 3.874467E-09 0.959125638 -0.00358382287
v 0.0269648451 1.1297251 0.0186962076
v 1.910422E-09 1.06945872 0.00379254832
v 3.874467E-09 0.959125638 -0.00358382287
v 0.0330418274 0.7197756 -0.0617983527
v 5.06930155E-06 0.749069631 -0.02602885
v 2.860651E-09 0.652803 -0.07730852
v 0.0330418274 0.7197756 -0.0617983527
v 0.03320308 0.7597944 -0.0451701
v 5.06930155E-06 0.749069631 -0.02602885
v 1.68482872E-09 0.7927597 -0.0125983134
v 5.06930155E-06 0.749069631 -0.02602885
v 0.03320308 0.7597944 -0.0451701
v 1.68482872E-09 0.7927597 -0.0125983134
v 0.03320308 0.7597944 -0.0451701
v 0.03486105 0.808092654 -0.0449250042
v 0.03486105 0.808092654 -0.0449250042
v 0.0421968065 0.8510953 -0.03104718
v 1.68482872E-09 0.7927597 -0.0125983134
v 0.0421968065 0.8510953 -0.03104718
v 1.65970249E-09 0.8404131 -0.004249033
v 1.68482872E-09 0.7927597 -0.0125983134
v 1.65970249E-09 0.8404131 -0.004249033
v 0.0421968065 0.8510953 -0.03104718
v 0.0304788239 0.8856739 -0.0190792885
v 0.0304788239 0.8856739 -0.0190792885
v 1.620511E-09 0.8792508 -0.0008568096
v 1.65970249E-09 0.8404131 -0.004249033
v 0.0304788239 0.8856739 -0.0190792885
v -3.724432E-09 0.996623158 -0.0282850061
v 1.620511E-09 0.8792508 -0.0008568096
v 0.03320308 0.7597944 -0.0451701
v 0.03240801 0.7757603 -0.07125
v 0.03486105 0.808092654 -0.0449250042
v 0.03240801 0.7757603 -0.07125
v 0.03320308 0.7597944 -0.0451701
v 0.0330418274 0.7197756 -0.0617983527
v 0.0330418274 0.7197756 -0.0617983527
v 0.03318991 0.7545252 -0.09668698
v 0.03240801 0.7757603 -0.07125
v 0.03139282 0.7045802 -0.07996982
v 0.03318991 0.7545252 -0.09668698
v 0.0330418274 0.7197756 -0.0617983527
v 0.03139282 0.7045802 -0.07996982
v 0.0332521647 0.729086339 -0.116909683
v 0.03318991 0.7545252 -0.09668698
v 0.0332521647 0.729086339 -0.116909683
v 0.03139282 0.7045802 -0.07996982
v 0.030155411 0.687139332 -0.08982618
v 0.030155411 0.687139332 -0.08982618
v 0.0331866257 0.6935686 -0.128535718
v 0.0332521647 0.729086339 -0.116909683
v 0.0308603756 0.6644771 -0.0914849862
v 0.0331866257 0.6935686 -0.128535718
v 0.030155411 0.687139332 -0.08982618
v 0.0308603756 0.6644771 -0.0914849862
v 0.0330257826 0.653349757 -0.129503965
v 0.0331866257 0.6935686 -0.128535718
v 0.0440679863 0.877938449 0.0637600049
v 0.03358449 0.783408761 0.0198734738
v 0.0330612846 0.878242135 0.0276065376
v 0.0440679863 0.877938449 0.0637600049
v 0.0430689864 0.7727574 0.06160492
v 0.03358449 0.783408761 0.0198734738
v 0.0440679863 0.877938449 0.0637600049
v 0.0336847678 0.761947334 0.101970762
v 0.0430689864 0.7727574 0.06160492
v 0.0440679863 0.877938449 0.0637600049
v 0.03352971 0.8778929 0.102764495
v 0.0336847678 0.761947334 0.101970762
v 1.78215431E-09 0.878105462 0.139039233
v 0.0336847678 0.761947334 0.101970762
v 0.03352971 0.8778929 0.102764495
v 0.03404718 1.10106194 0.103704572
v 1.78215431E-09 0.878105462 0.139039233
v 0.03404718 1.10106194 0.103704572
v 2.10761719E-09 1.0669 0.130881846
v 2.10761719E-09 1.0669 0.130881846
v 0.03404718 1.10106194 0.103704572
v 0.0269521326 1.1287843 0.117102221
v 0.0366748981 1.39330745 0.09918979
v 0.0269521326 1.1287843 0.117102221
v 0.03404718 1.10106194 0.103704572
v 0.0366748981 1.39330745 0.09918979
v 0.0268050265 1.3920176 0.114595577
v 0.0269521326 1.1287843 0.117102221
v 0.0366748981 1.39330745 0.09918979
v 0.0335362926 1.47758567 0.09530606
v 0.0268050265 1.3920176 0.114595577
v 0.0335362926 1.47758567 0.09530606
v 0.0366748981 1.39330745 0.09918979
v 0.0375771374 1.47376931 0.0878917351
v 0.0375771374 1.47376931 0.0878917351
v 0.0348663144 1.56589258 0.0678687543
v 0.0335362926 1.47758567 0.09530606
v 0.04211953 1.47364366 0.06786623
v 0.0348663144 1.56589258 0.0678687543
v 0.0375771374 1.47376931 0.0878917351
v 0.0348663144 1.56589258 0.0678687543
v 0.04211953 1.47364366 0.06786623
v 0.0375758559 1.47376883 0.0478769131
v 0.0429902 1.39321029 0.06786726
v 0.0375758559 1.47376883 0.0478769131
v 0.04211953 1.47364366 0.06786623
v 0.0375758559 1.47376883 0.0478769131
v 0.0429902 1.39321029 0.06786726
v 0.03667414 1.39330745 0.03658056
v 0.04486731 1.10156846 0.06701156
v 0.03667414 1.39330745 0.03658056
v 0.0429902 1.39321029 0.06786726
v 0.04486731 1.10156846 0.06701156
v 0.0440679863 0.877938449 0.0637600049
v 0.0330612846 0.878242135 0.0276065376
v 0.04486731 1.10156846 0.06701156
v 0.03352971 0.8778929 0.102764495
v 0.0440679863 0.877938449 0.0637600049
v 0.03352971 0.8778929 0.102764495
v 0.04486731 1.10156846 0.06701156
v 0.03404718 1.10106194 0.103704572
v 0.0366748981 1.39330745 0.09918979
v 0.04486731 1.10156846 0.06701156
v 0.0429902 1.39321029 0.06786726
v 0.0366748981 1.39330745 0.09918979
v 0.0429902 1.39321029 0.06786726
v 0.0375771374 1.47376931 0.0878917351
v 0.0366748981 1.39330745 0.09918979
v 0.0429902 1.39321029 0.06786726
v 0.04211953 1.47364366 0.06786623
v 0.0375771374 1.47376931 0.0878917351
v 0.04486731 1.10156846 0.06701156
v 0.03431679 1.10117817 0.0323381461
v 0.03667414 1.39330745 0.03658056
v 0.03431679 1.10117817 0.0323381461
v 1.910422E-09 1.06945872 0.00379254832
v 0.03431679 1.10117817 0.0323381461
v 0.0330612846 0.878242135 0.0276065376
v 0.0330612846 0.878242135 0.0276065376
v 1.620511E-09 0.8792508 -0.0008568096
v 1.910422E-09 1.06945872 0.00379254832
v 0.03358449 0.783408761 0.0198734738
v 1.620511E-09 0.8792508 -0.0008568096
v 0.0330612846 0.878242135 0.0276065376
v 0.03358449 0.783408761 0.0198734738
v 1.65406111E-09 0.7854836 -0.0128788985
v 1.620511E-09 0.8792508 -0.0008568096
v 0.0269648451 1.1297251 0.0186962076
v 0.03431679 1.10117817 0.0323381461
v 1.910422E-09 1.06945872 0.00379254832
v 0.03667414 1.39330745 0.03658056
v 0.03431679 1.10117817 0.0323381461
v 0.0269648451 1.1297251 0.0186962076
v 0.03667414 1.39330745 0.03658056
v 0.0269648451 1.1297251 0.0186962076
v 0.0268050171 1.3920176 0.0211761761
v 0.033536274 1.47758532 0.04046549
v 0.03667414 1.39330745 0.03658056
v 0.0268050171 1.3920176 0.0211761761
v 0.03667414 1.39330745 0.03658056
v 0.033536274 1.47758532 0.04046549
v 0.0375758559 1.47376883 0.0478769131
v 0.0348663144 1.56589258 0.0678687543
v 0.0375758559 1.47376883 0.0478769131
v 0.033536274 1.47758532 0.04046549
v -0.0440679826 0.877938449 0.0637600049
v -0.03306128 0.878242135 0.0276065376
v -0.033584483 0.783408761 0.0198734738
v -0.0440679826 0.877938449 0.0637600049
v -0.033584483 0.783408761 0.0198734738
v -0.0430689827 0.7727574 0.06160492
v -0.0440679826 0.877938449 0.0637600049
v -0.0430689827 0.7727574 0.06160492
v -0.0336847641 0.761947334 0.101970762
v -0.0440679826 0.877938449 0.0637600049
v -0.0336847641 0.761947334 0.101970762
v -0.0335297026 0.8778929 0.102764495
v 1.78215431E-09 0.878105462 0.139039233
v -0.0335297026 0.8778929 0.102764495
v -0.0336847641 0.761947334 0.101970762
v -0.0340472125 1.10107684 0.103704624
v 1.78215431E-09 0.878105462 0.139039233
v 2.10761719E-09 1.0669 0.130881846
v -0.0340472125 1.10107684 0.103704624
v 2.10761719E-09 1.0669 0.130881846
v -0.02695213 1.1287843 0.117102221
v -0.0340472125 1.10107684 0.103704624
v -0.0366748981 1.39330745 0.09918979
v -0.0340472125 1.10107684 0.103704624
v -0.02695213 1.1287843 0.117102221
v -0.0366748981 1.39330745 0.09918979
v -0.02695213 1.1287843 0.117102221
v -0.0268050246 1.3920176 0.114595577
v -0.0366748981 1.39330745 0.09918979
v -0.0268050246 1.3920176 0.114595577
v -0.0335391648 1.47759843 0.09529723
v -0.0335391648 1.47759843 0.09529723
v -0.0375771374 1.47376931 0.0878917351
v -0.0366748981 1.39330745 0.09918979
v -0.0375771374 1.47376931 0.0878917351
v -0.0335391648 1.47759843 0.09529723
v -0.0348663069 1.56589258 0.0678687543
v -0.04211953 1.47364366 0.06786623
v -0.0375771374 1.47376931 0.0878917351
v -0.0348663069 1.56589258 0.0678687543
v -0.0348663069 1.56589258 0.0678687543
v -0.0375758521 1.47376883 0.0478769131
v -0.04211953 1.47364366 0.06786623
v -0.0429901965 1.39321029 0.06786726
v -0.04211953 1.47364366 0.06786623
v -0.0375758521 1.47376883 0.0478769131
v -0.0375758521 1.47376883 0.0478769131
v -0.03667413 1.39330745 0.03658056
v -0.0429901965 1.39321029 0.06786726
v -0.0448698 1.10158539 0.06702502
v -0.0429901965 1.39321029 0.06786726
v -0.03667413 1.39330745 0.03658056
v -0.0429901965 1.39321029 0.06786726
v -0.0375771374 1.47376931 0.0878917351
v -0.04211953 1.47364366 0.06786623
v -0.0429901965 1.39321029 0.06786726
v -0.0366748981 1.39330745 0.09918979
v -0.0375771374 1.47376931 0.0878917351
v -0.0448698 1.10158539 0.06702502
v -0.0366748981 1.39330745 0.09918979
v -0.0429901965 1.39321029 0.06786726
v -0.0448698 1.10158539 0.06702502
v -0.0340472125 1.10107684 0.103704624
v -0.0366748981 1.39330745 0.09918979
v -0.0335297026 0.8778929 0.102764495
v -0.0448698 1.10158539 0.06702502
v -0.0440679826 0.877938449 0.0637600049
v -0.0335297026 0.8778929 0.102764495
v -0.0448698 1.10158539 0.06702502
v -0.03306128 0.878242135 0.0276065376
v -0.0440679826 0.877938449 0.0637600049
v -0.0448698 1.10158539 0.06702502
v -0.03667413 1.39330745 0.03658056
v -0.0343167856 1.10117817 0.0323381461
v -0.0343167856 1.10117817 0.0323381461
v 1.910422E-09 1.06945872 0.00379254832
v -0.03306128 0.878242135 0.0276065376
v -0.0343167856 1.10117817 0.0323381461
v -0.03306128 0.878242135 0.0276065376
v 1.910422E-09 1.06945872 0.00379254832
v 1.620511E-09 0.8792508 -0.0008568096
v -0.033584483 0.783408761 0.0198734738
v -0.03306128 0.878242135 0.0276065376
v 1.620511E-09 0.8792508 -0.0008568096
v -0.033584483 0.783408761 0.0198734738
v 1.620511E-09 0.8792508 -0.0008568096
v 1.65406111E-09 0.7854836 -0.0128788985
v -0.0269648433 1.1297251 0.0186962076
v 1.910422E-09 1.06945872 0.00379254832
v -0.0343167856 1.10117817 0.0323381461
v -0.03667413 1.39330745 0.03658056
v -0.0269648433 1.1297251 0.0186962076
v -0.0343167856 1.10117817 0.0323381461
v -0.03667413 1.39330745 0.03658056
v -0.0268050134 1.3920176 0.0211761761
v -0.0269648433 1.1297251 0.0186962076
v -0.0335391872 1.47759807 0.0404744335
v -0.0268050134 1.3920176 0.0211761761
v -0.03667413 1.39330745 0.03658056
v -0.03667413 1.39330745 0.03658056
v -0.0375758521 1.47376883 0.0478769131
v -0.0335391872 1.47759807 0.0404744335
v -0.0348663069 1.56589258 0.0678687543
v -0.0335391872 1.47759807 0.0404744335
v -0.0375758521 1.47376883 0.0478769131
v 0.0279053263 1.64212132 0.0111659989
v 2.1836335E-09 1.68231165 0.0215053651
v 0.0348663144 1.56589258 0.0678687543
v 0.02981402 1.7039088 -0.03686204
v 2.1836335E-09 1.68231165 0.0215053651
v 0.0279053263 1.64212132 0.0111659989
v 2.1836335E-09 1.68231165 0.0215053651
v 0.02981402 1.7039088 -0.03686204
v 5.55307134E-09 1.84072816 -0.0898014
v 0.02981402 1.7039088 -0.03686204
v 2.0522E-09 1.6446 -0.06434321
v 5.55307134E-09 1.84072816 -0.0898014
v 2.0522E-09 1.6446 -0.06434321
v 0.02981402 1.7039088 -0.03686204
v 0.0266762953 1.62610424 -0.0343993045
v 0.0266762953 1.62610424 -0.0343993045
v 1.8096582E-09 1.54372823 -0.0479294658
v 2.0522E-09 1.6446 -0.06434321
v 1.8096582E-09 1.54372823 -0.0479294658
v 0.0266762953 1.62610424 -0.0343993045
v 0.0261814315 1.53490257 -0.0206094887
v 0.0261814315 1.53490257 -0.0206094887
v 1.66124381E-09 1.43292749 -0.02596259
v 1.8096582E-09 1.54372823 -0.0479294658
v 0.0261814315 1.53490257 -0.0206094887
v 0.0264065489 1.44267738 -0.005022417
v 1.66124381E-09 1.43292749 -0.02596259
v 0.03265574 1.41175473 0.0200342275
v 1.66124381E-09 1.43292749 -0.02596259
v 0.0264065489 1.44267738 -0.005022417
v 0.03265574 1.41175473 0.0200342275
v 0.0264065489 1.44267738 -0.005022417
v 0.0383649543 1.50989068 0.0132669341
v 0.0352504253 1.48409569 0.0356836766
v 0.03265574 1.41175473 0.0200342275
v 0.0383649543 1.50989068 0.0132669341
v 0.03525675 1.56606519 0.0485950224
v 0.0352504253 1.48409569 0.0356836766
v 0.0383649543 1.50989068 0.0132669341
v 0.0352504253 1.48409569 0.0356836766
v 0.03525675 1.56606519 0.0485950224
v 0.0348663144 1.56589258 0.0678687543
v 0.0279053263 1.64212132 0.0111659989
v 0.0348663144 1.56589258 0.0678687543
v 0.03525675 1.56606519 0.0485950224
v 0.0279053263 1.64212132 0.0111659989
v 0.03525675 1.56606519 0.0485950224
v 0.03839429 1.608655 -0.0059601455
v 0.02981402 1.7039088 -0.03686204
v 0.0279053263 1.64212132 0.0111659989
v 0.03839429 1.608655 -0.0059601455
v 0.0266762953 1.62610424 -0.0343993045
v 0.02981402 1.7039088 -0.03686204
v 0.03839429 1.608655 -0.0059601455
v 0.0261814315 1.53490257 -0.0206094887
v 0.0266762953 1.62610424 -0.0343993045
v 0.03839429 1.608655 -0.0059601455
v 0.0261814315 1.53490257 -0.0206094887
v 0.03839429 1.608655 -0.0059601455
v 0.0383649543 1.50989068 0.0132669341
v 0.0264065489 1.44267738 -0.005022417
v 0.0261814315 1.53490257 -0.0206094887
v 0.0383649543 1.50989068 0.0132669341
v 0.03525675 1.56606519 0.0485950224
v 0.0383649543 1.50989068 0.0132669341
v 0.03839429 1.608655 -0.0059601455
v 0.0305199586 1.99476159 0.0871841758
v 0.04326975 1.96611607 0.06786637
v 0.0318648852 2.03558135 0.0678664148
v 0.0312959179 1.91929328 0.107674412
v 0.04326975 1.96611607 0.06786637
v 0.0305199586 1.99476159 0.0871841758
v 0.04326975 1.96611607 0.06786637
v 0.0312959179 1.91929328 0.107674412
v 0.0495717451 1.87850642 0.06786867
v 0.0312959179 1.91929328 0.107674412
v 0.033498425 1.83851206 0.124942206
v 0.0495717451 1.87850642 0.06786867
v 0.033498425 1.83851206 0.124942206
v 0.05512217 1.74561858 0.06786835
v 0.0495717451 1.87850642 0.06786867
v 0.033498425 1.83851206 0.124942206
v 0.0331444331 1.74503756 0.142128885
v 0.05512217 1.74561858 0.06786835
v 0.0331444331 1.74503756 0.142128885
v 0.0477414243 1.656354 0.06786524
v 0.05512217 1.74561858 0.06786835
v 0.0331444331 1.74503756 0.142128885
v 0.03087797 1.65317547 0.109739751
v 0.0477414243 1.656354 0.06786524
v 0.03087797 1.65317547 0.109739751
v 0.0348663144 1.56589258 0.0678687543
v 0.0477414243 1.656354 0.06786524
v 0.0348663144 1.56589258 0.0678687543
v 0.03087797 1.65317547 0.109739751
v 2.18358887E-09 1.6823045 0.114267237
v 0.03087797 1.65317547 0.109739751
v 1.66815917E-09 1.74174774 0.17206642
v 2.18358887E-09 1.6823045 0.114267237
v 0.03087797 1.65317547 0.109739751
v 0.0331444331 1.74503756 0.142128885
v 1.66815917E-09 1.74174774 0.17206642
v 0.0331444331 1.74503756 0.142128885
v 1.65224445E-09 1.84017408 0.1616598
v 1.66815917E-09 1.74174774 0.17206642
v 0.0331444331 1.74503756 0.142128885
v 0.033498425 1.83851206 0.124942206
v 1.65224445E-09 1.84017408 0.1616598
v 0.033498425 1.83851206 0.124942206
v 1.63195712E-09 1.92202783 0.148512468
v 1.65224445E-09 1.84017408 0.1616598
v 0.033498425 1.83851206 0.124942206
v 0.0312959179 1.91929328 0.107674412
v 1.63195712E-09 1.92202783 0.148512468
v 0.0312959179 1.91929328 0.107674412
v 1.59948255E-09 1.99904442 0.134163022
v 1.63195712E-09 1.92202783 0.148512468
v 0.0312959179 1.91929328 0.107674412
v 0.0305199586 1.99476159 0.0871841758
v 1.59948255E-09 1.99904442 0.134163022
v 0.0305199586 1.99476159 0.0871841758
v 1.59487334E-09 2.06381845 0.115953267
v 1.59948255E-09 1.99904442 0.134163022
v 0.0305199586 1.99476159 0.0871841758
v 0.03189833 2.064654 0.06786681
v 1.59487334E-09 2.06381845 0.115953267
v 0.03189833 2.064654 0.06786681
v -1.90826666E-09 2.246058 0.06772787
v 1.59487334E-09 2.06381845 0.115953267
v 0.03189833 2.064654 0.06786681
v 0.0305199586 1.99476159 0.0871841758
v 0.0318648852 2.03558135 0.0678664148
v 0.03189833 2.064654 0.06786681
v 1.59499536E-09 2.06380844 0.0198337846
v -1.90826666E-09 2.246058 0.06772787
v 0.03189833 2.064654 0.06786681
v 0.0305204671 1.99474 0.04858125
v 1.59499536E-09 2.06380844 0.0198337846
v 1.59499536E-09 2.06380844 0.0198337846
v 0.0305204671 1.99474 0.04858125
v 1.59908542E-09 1.99888563 0.001592419
v 0.03129404 1.91929412 0.0280611739
v 1.59908542E-09 1.99888563 0.001592419
v 0.0305204671 1.99474 0.04858125
v 1.59908542E-09 1.99888563 0.001592419
v 0.03129404 1.91929412 0.0280611739
v 1.63177427E-09 1.9220314 -0.012754946
v 0.0334971622 1.8385222 0.0108294925
v 1.63177427E-09 1.9220314 -0.012754946
v 0.03129404 1.91929412 0.0280611739
v 1.63177427E-09 1.9220314 -0.012754946
v 0.0334971622 1.8385222 0.0108294925
v 1.65222147E-09 1.840224 -0.0259147678
v 0.033143796 1.7450366 -0.006356479
v 1.65222147E-09 1.840224 -0.0259147678
v 0.0334971622 1.8385222 0.0108294925
v 1.65222147E-09 1.840224 -0.0259147678
v 0.033143796 1.7450366 -0.006356479
v 1.66816927E-09 1.741746 -0.0362938866
v 0.0308835562 1.65320575 0.0260257721
v 1.66816927E-09 1.741746 -0.0362938866
v 0.033143796 1.7450366 -0.006356479
v 1.66816927E-09 1.741746 -0.0362938866
v 0.0308835562 1.65320575 0.0260257721
v 2.1836335E-09 1.68231165 0.0215053651
v 0.0308835562 1.65320575 0.0260257721
v 0.0348663144 1.56589258 0.0678687543
v 2.1836335E-09 1.68231165 0.0215053651
v 0.0308835562 1.65320575 0.0260257721
v 0.0477414243 1.656354 0.06786524
v 0.0348663144 1.56589258 0.0678687543
v 0.033143796 1.7450366 -0.006356479
v 0.0477414243 1.656354 0.06786524
v 0.0308835562 1.65320575 0.0260257721
v 0.0477414243 1.656354 0.06786524
v 0.033143796 1.7450366 -0.006356479
v 0.05512217 1.74561858 0.06786835
v 0.0334971622 1.8385222 0.0108294925
v 0.05512217 1.74561858 0.06786835
v 0.033143796 1.7450366 -0.006356479
v 0.05512217 1.74561858 0.06786835
v 0.0334971622 1.8385222 0.0108294925
v 0.0495717451 1.87850642 0.06786867
v 0.0334971622 1.8385222 0.0108294925
v 0.03129404 1.91929412 0.0280611739
v 0.0495717451 1.87850642 0.06786867
v 0.03129404 1.91929412 0.0280611739
v 0.04326975 1.96611607 0.06786637
v 0.0495717451 1.87850642 0.06786867
v 0.04326975 1.96611607 0.06786637
v 0.03129404 1.91929412 0.0280611739
v 0.0305204671 1.99474 0.04858125
v 0.0305204671 1.99474 0.04858125
v 0.0318648852 2.03558135 0.0678664148
v 0.04326975 1.96611607 0.06786637
v 0.03189833 2.064654 0.06786681
v 0.0318648852 2.03558135 0.0678664148
v 0.0305204671 1.99474 0.04858125
v -0.0279053245 1.64212132 0.0111659989
v -0.0348663069 1.56589258 0.0678687543
v 2.1836335E-09 1.68231165 0.0215053651
v -0.0298140161 1.7039088 -0.03686204
v -0.0279053245 1.64212132 0.0111659989
v 2.1836335E-09 1.68231165 0.0215053651
v 2.1836335E-09 1.68231165 0.0215053651
v 5.55307134E-09 1.84072816 -0.0898014
v -0.0298140161 1.7039088 -0.03686204
v -0.0298140161 1.7039088 -0.03686204
v 5.55307134E-09 1.84072816 -0.0898014
v 2.0522E-09 1.6446 -0.06434321
v 2.0522E-09 1.6446 -0.06434321
v -0.0266762916 1.62610424 -0.0343993
v -0.0298140161 1.7039088 -0.03686204
v -0.0266762916 1.62610424 -0.0343993
v 2.0522E-09 1.6446 -0.06434321
v 1.8096582E-09 1.54372823 -0.0479294658
v 1.8096582E-09 1.54372823 -0.0479294658
v -0.0261814259 1.53490257 -0.0206094868
v -0.0266762916 1.62610424 -0.0343993
v -0.0261814259 1.53490257 -0.0206094868
v 1.8096582E-09 1.54372823 -0.0479294658
v 1.66124381E-09 1.43292749 -0.02596259
v -0.0261814259 1.53490257 -0.0206094868
v 1.66124381E-09 1.43292749 -0.02596259
v -0.0264065433 1.44267738 -0.005022417
v -0.0326557346 1.41175473 0.0200342275
v -0.0264065433 1.44267738 -0.005022417
v 1.66124381E-09 1.43292749 -0.02596259
v -0.0326557346 1.41175473 0.0200342275
v -0.03836495 1.50989068 0.0132669322
v -0.0264065433 1.44267738 -0.005022417
v -0.03525029 1.48410988 0.03569463
v -0.03836495 1.50989068 0.0132669322
v -0.0326557346 1.41175473 0.0200342275
v -0.0352567472 1.56606519 0.0485950224
v -0.03836495 1.50989068 0.0132669322
v -0.03525029 1.48410988 0.03569463
v -0.03525029 1.48410988 0.03569463
v -0.0348663069 1.56589258 0.0678687543
v -0.0352567472 1.56606519 0.0485950224
v -0.0279053245 1.64212132 0.0111659989
v -0.0352567472 1.56606519 0.0485950224
v -0.0348663069 1.56589258 0.0678687543
v -0.0279053245 1.64212132 0.0111659989
v -0.0383942872 1.608655 -0.0059601455
v -0.0352567472 1.56606519 0.0485950224
v -0.0298140161 1.7039088 -0.03686204
v -0.0383942872 1.608655 -0.0059601455
v -0.0279053245 1.64212132 0.0111659989
v -0.0266762916 1.62610424 -0.0343993
v -0.0383942872 1.608655 -0.0059601455
v -0.0298140161 1.7039088 -0.03686204
v -0.0261814259 1.53490257 -0.0206094868
v -0.0383942872 1.608655 -0.0059601455
v -0.0266762916 1.62610424 -0.0343993
v -0.0261814259 1.53490257 -0.0206094868
v -0.03836495 1.50989068 0.0132669322
v -0.0383942872 1.608655 -0.0059601455
v -0.0264065433 1.44267738 -0.005022417
v -0.03836495 1.50989068 0.0132669322
v -0.0261814259 1.53490257 -0.0206094868
v -0.0352567472 1.56606519 0.0485950224
v -0.0383942872 1.608655 -0.0059601455
v -0.03836495 1.50989068 0.0132669322
v -0.030519953 1.99476159 0.0871841758
v -0.03186488 2.03558135 0.0678664148
v -0.043269746 1.96611607 0.06786637
v -0.03129591 1.91929328 0.107674412
v -0.030519953 1.99476159 0.0871841758
v -0.043269746 1.96611607 0.06786637
v -0.043269746 1.96611607 0.06786637
v -0.0495717339 1.87850642 0.06786867
v -0.03129591 1.91929328 0.107674412
v -0.03129591 1.91929328 0.107674412
v -0.0495717339 1.87850642 0.06786867
v -0.03349842 1.83851206 0.124942206
v -0.03349842 1.83851206 0.124942206
v -0.0495717339 1.87850642 0.06786867
v -0.05512217 1.74561858 0.06786835
v -0.03349842 1.83851206 0.124942206
v -0.05512217 1.74561858 0.06786835
v -0.03314443 1.74503756 0.142128885
v -0.03314443 1.74503756 0.142128885
v -0.05512217 1.74561858 0.06786835
v -0.0477414168 1.656354 0.06786524
v -0.03314443 1.74503756 0.142128885
v -0.0477414168 1.656354 0.06786524
v -0.0308779664 1.65317547 0.109739751
v -0.0308779664 1.65317547 0.109739751
v -0.0477414168 1.656354 0.06786524
v -0.0348663069 1.56589258 0.0678687543
v -0.0348663069 1.56589258 0.0678687543
v 2.18358887E-09 1.6823045 0.114267237
v -0.0308779664 1.65317547 0.109739751
v -0.0308779664 1.65317547 0.109739751
v 2.18358887E-09 1.6823045 0.114267237
v 1.66815917E-09 1.74174774 0.17206642
v -0.0308779664 1.65317547 0.109739751
v 1.66815917E-09 1.74174774 0.17206642
v -0.03314443 1.74503756 0.142128885
v -0.03314443 1.74503756 0.142128885
v 1.66815917E-09 1.74174774 0.17206642
v 1.65224445E-09 1.84017408 0.1616598
v -0.03314443 1.74503756 0.142128885
v 1.65224445E-09 1.84017408 0.1616598
v -0.03349842 1.83851206 0.124942206
v -0.03349842 1.83851206 0.124942206
v 1.65224445E-09 1.84017408 0.1616598
v 1.63195712E-09 1.92202783 0.148512468
v -0.03349842 1.83851206 0.124942206
v 1.63195712E-09 1.92202783 0.148512468
v -0.03129591 1.91929328 0.107674412
v -0.03129591 1.91929328 0.107674412
v 1.63195712E-09 1.92202783 0.148512468
v 1.59948255E-09 1.99904442 0.134163022
v -0.03129591 1.91929328 0.107674412
v 1.59948255E-09 1.99904442 0.134163022
v -0.030519953 1.99476159 0.0871841758
v -0.03349716 1.8385222 0.0108294925
v -0.0331437923 1.7450366 -0.006356479
v -0.05512217 1.74561858 0.06786835
v -0.05512217 1.74561858 0.06786835
v -0.0495717339 1.87850642 0.06786867
v -0.03349716 1.8385222 0.0108294925
v -0.03349716 1.8385222 0.0108294925
v -0.0495717339 1.87850642 0.06786867
v -0.0312940329 1.91929412 0.0280611739
v -0.0312940329 1.91929412 0.0280611739
v -0.0495717339 1.87850642 0.06786867
v -0.043269746 1.96611607 0.06786637
v -0.043269746 1.96611607 0.06786637
v -0.0305204615 1.99474 0.04858125
v -0.0312940329 1.91929412 0.0280611739
v -0.0305204615 1.99474 0.04858125
v -0.043269746 1.96611607 0.06786637
v -0.03186488 2.03558135 0.0678664148
v -0.03189833 2.064654 0.06786681
v -0.0305204615 1.99474 0.04858125
v -0.03186488 2.03558135 0.0678664148
v -0.03189833 2.064654 0.06786681
v -0.03186488 2.03558135 0.0678664148
v -0.030519953 1.99476159 0.0871841758
v -0.030519953 1.99476159 0.0871841758
v 1.59948255E-09 1.99904442 0.134163022
v 1.59487334E-09 2.06381845 0.115953267
v -0.030519953 1.99476159 0.0871841758
v 1.59487334E-09 2.06381845 0.115953267
v -0.03189833 2.064654 0.06786681
v -0.03189833 2.064654 0.06786681
v 1.59487334E-09 2.06381845 0.115953267
v -1.90826666E-09 2.246058 0.06772787
v -0.03189833 2.064654 0.06786681
v -1.90826666E-09 2.246058 0.06772787
v 1.59499536E-09 2.06380844 0.0198337846
v -0.03189833 2.064654 0.06786681
v 1.59499536E-09 2.06380844 0.0198337846
v -0.0305204615 1.99474 0.04858125
v 1.59499536E-09 2.06380844 0.0198337846
v 1.59908542E-09 1.99888563 0.001592419
v -0.0305204615 1.99474 0.04858125
v -0.0312940329 1.91929412 0.0280611739
v -0.0305204615 1.99474 0.04858125
v 1.59908542E-09 1.99888563 0.001592419
v 1.59908542E-09 1.99888563 0.001592419
v 1.63177427E-09 1.9220314 -0.012754946
v -0.0312940329 1.91929412 0.0280611739
v -0.03349716 1.8385222 0.0108294925
v -0.0312940329 1.91929412 0.0280611739
v 1.63177427E-09 1.9220314 -0.012754946
v 1.63177427E-09 1.9220314 -0.012754946
v 1.65222147E-09 1.840224 -0.0259147678
v -0.03349716 1.8385222 0.0108294925
v -0.0331437923 1.7450366 -0.006356479
v -0.03349716 1.8385222 0.0108294925
v 1.65222147E-09 1.840224 -0.0259147678
v 1.65222147E-09 1.840224 -0.0259147678
v 1.66816927E-09 1.741746 -0.0362938866
v -0.0331437923 1.7450366 -0.006356479
v -0.03088355 1.65320575 0.0260257721
v -0.0331437923 1.7450366 -0.006356479
v 1.66816927E-09 1.741746 -0.0362938866
v 1.66816927E-09 1.741746 -0.0362938866
v 2.1836335E-09 1.68231165 0.0215053651
v -0.03088355 1.65320575 0.0260257721
v -0.03088355 1.65320575 0.0260257721
v 2.1836335E-09 1.68231165 0.0215053651
v -0.0348663069 1.56589258 0.0678687543
v -0.03088355 1.65320575 0.0260257721
v -0.0348663069 1.56589258 0.0678687543
v -0.0477414168 1.656354 0.06786524
v -0.0331437923 1.7450366 -0.006356479
v -0.03088355 1.65320575 0.0260257721
v -0.0477414168 1.656354 0.06786524
v -0.0477414168 1.656354 0.06786524
v -0.05512217 1.74561858 0.06786835
v -0.0331437923 1.7450366 -0.006356479
v 1.68568559E-09 0.4977125 0.05561786
v -0.0325337164 0.491043776 0.0205854625
v 1.70540959E-09 0.484713346 0.0421160161
v 1.68568559E-09 0.4977125 0.05561786
v -0.03454026 0.523691 0.0340589732
v -0.0325337164 0.491043776 0.0205854625
v 1.68568559E-09 0.4977125 0.05561786
v -0.0337740369 0.5337983 0.05179621
v -0.03454026 0.523691 0.0340589732
v 1.68568559E-09 0.4977125 0.05561786
v 1.63559921E-09 0.49604705 0.0684537441
v -0.0337740369 0.5337983 0.05179621
v 1.63559921E-09 0.49604705 0.0684537441
v -0.03476563 0.538814664 0.0809088945
v -0.0337740369 0.5337983 0.05179621
v 0.02293888 0.5259517 -0.08718496
v 0.0294584278 0.5512553 -0.118034691
v 0.0340756 0.587664247 -0.09688661
v 0.0340756 0.587664247 -0.09688661
v 0.03398944 0.5678004 -0.08383169
v 0.02293888 0.5259517 -0.08718496
v 2.19752572E-09 0.477456 -0.08184715
v 1.80995963E-09 0.50465 -0.09386152
v 0.02293888 0.5259517 -0.08718496
v 1.960188E-09 0.4972593 -0.08727029
v 0.02293888 0.5259517 -0.08718496
v 1.80995963E-09 0.50465 -0.09386152
v 0.0330257826 0.653349757 -0.129503965
v 0.0308603756 0.6644771 -0.0914849862
v 0.03486105 0.6411719 -0.08374953
v 0.0330257826 0.653349757 -0.129503965
v 0.03486105 0.6411719 -0.08374953
v 0.03311485 0.614322364 -0.117818616
v 0.0340756 0.587664247 -0.09688661
v 0.03311485 0.614322364 -0.117818616
v 0.03486105 0.6411719 -0.08374953
v 0.0340756 0.587664247 -0.09688661
v 0.03486105 0.6411719 -0.08374953
v 0.03482902 0.6340073 -0.06352223
v 0.03398944 0.5678004 -0.08383169
v 0.0340756 0.587664247 -0.09688661
v 0.03482902 0.6340073 -0.06352223
v 0.03482902 0.6340073 -0.06352223
v 0.03459734 0.544469953 -0.06798033
v 0.03398944 0.5678004 -0.08383169
v -0.0269648433 1.1297251 0.0186962076
v 3.874467E-09 0.959125638 -0.00358382287
v 1.910422E-09 1.06945872 0.00379254832
v 2.1297375E-09 1.1255362 -0.0355417877
v 3.874467E-09 0.959125638 -0.00358382287
v -0.0269648433 1.1297251 0.0186962076
v 2.1297375E-09 1.1255362 -0.0355417877
v -0.0269648433 1.1297251 0.0186962076
v 2.12413065E-09 1.36517584 -0.03429985
v -0.0268050134 1.3920176 0.0211761761
v 2.12413065E-09 1.36517584 -0.03429985
v -0.0269648433 1.1297251 0.0186962076
v -0.0268050134 1.3920176 0.0211761761
v 1.66124381E-09 1.43292749 -0.02596259
v 2.12413065E-09 1.36517584 -0.03429985
v -0.0304788183 0.8856739 -0.0190792885
v 1.620511E-09 0.8792508 -0.0008568096
v -3.724432E-09 0.996623158 -0.0282850061
v -0.0304788183 0.8856739 -0.0190792885
v 1.65970249E-09 0.8404131 -0.004249033
v 1.620511E-09 0.8792508 -0.0008568096
v 1.65970249E-09 0.8404131 -0.004249033
v -0.0304788183 0.8856739 -0.0190792885
v -0.0421968028 0.8510953 -0.0310471784
v -0.0421968028 0.8510953 -0.0310471784
v 1.68482872E-09 0.7927597 -0.0125983134
v 1.65970249E-09 0.8404131 -0.004249033
v -0.0348610468 0.808092654 -0.0449250042
v 1.68482872E-09 0.7927597 -0.0125983134
v -0.0421968028 0.8510953 -0.0310471784
v 1.68482872E-09 0.7927597 -0.0125983134
v -0.0348610468 0.808092654 -0.0449250042
v -0.0332025662 0.7598217 -0.04515653
v 1.68482872E-09 0.7927597 -0.0125983134
v -0.0332025662 0.7598217 -0.04515653
v 5.06930155E-06 0.749069631 -0.02602885
v -0.0330418237 0.7197756 -0.0617983527
v 5.06930155E-06 0.749069631 -0.02602885
v -0.0332025662 0.7598217 -0.04515653
v -0.0330418237 0.7197756 -0.0617983527
v 2.860651E-09 0.652803 -0.07730852
v 5.06930155E-06 0.749069631 -0.02602885
v -0.034828648 0.6340114 -0.06353555
v -0.03398387 0.5678073 -0.0838545561
v -0.0345973335 0.544469953 -0.06798033
v -0.03398387 0.5678073 -0.0838545561
v -0.034828648 0.6340114 -0.06353555
v -0.0340756 0.587664247 -0.09688661
v -0.0340756 0.587664247 -0.09688661
v -0.034828648 0.6340114 -0.06353555
v -0.0348610468 0.6411719 -0.08374953
v -0.0340756 0.587664247 -0.09688661
v -0.0348610468 0.6411719 -0.08374953
v -0.03311485 0.614322364 -0.117818616
v -0.03302578 0.653349757 -0.129503965
v -0.03311485 0.614322364 -0.117818616
v -0.0348610468 0.6411719 -0.08374953
v -0.03302578 0.653349757 -0.129503965
v -0.0348610468 0.6411719 -0.08374953
v -0.0308603738 0.6644771 -0.0914849862
v -0.0308603738 0.6644771 -0.0914849862
v -0.03318662 0.6935686 -0.128535718
v -0.03302578 0.653349757 -0.129503965
v -0.0308603738 0.6644771 -0.0914849862
v -0.0301554073 0.687139332 -0.08982618
v -0.03318662 0.6935686 -0.128535718
v -0.0213187579 0.4600512 -0.121050768
v 1.78762538E-09 0.403283954 -0.114070714
v 1.77142723E-09 0.426133215 -0.09446094
v -0.00347625278 0.4900378 -0.09043491
v -8.227988E-05 0.486884624 -0.09707299
v -0.0177135039 0.457787335 -0.10827361
v -0.0177135039 0.457787335 -0.10827361
v -8.227988E-05 0.486884624 -0.09707299
v -0.0213187579 0.4600512 -0.121050768
v 2.016293E-09 0.4786554 -0.09382282
v -0.0213187579 0.4600512 -0.121050768
v -8.227988E-05 0.486884624 -0.09707299
v -0.0230152588 0.478265941 -0.126316413
v -0.0213187579 0.4600512 -0.121050768
v 2.016293E-09 0.4786554 -0.09382282
v -0.0301554073 0.687139332 -0.08982618
v -0.0332521647 0.729086339 -0.116909683
v -0.03318662 0.6935686 -0.128535718
v -0.0332521647 0.729086339 -0.116909683
v -0.0301554073 0.687139332 -0.08982618
v -0.0313928127 0.7045802 -0.07996982
v -0.0313928127 0.7045802 -0.07996982
v -0.0331899077 0.7545252 -0.09668698
v -0.0332521647 0.729086339 -0.116909683
v -0.0313928127 0.7045802 -0.07996982
v -0.0330418237 0.7197756 -0.0617983527
v -0.0331899077 0.7545252 -0.09668698
v -0.0330418237 0.7197756 -0.0617983527
v -0.0324080065 0.7757603 -0.07125
v -0.0331899077 0.7545252 -0.09668698
v -0.0324080065 0.7757603 -0.07125
v -0.0330418237 0.7197756 -0.0617983527
v -0.0332025662 0.7598217 -0.04515653
v -0.0332025662 0.7598217 -0.04515653
v -0.0348610468 0.808092654 -0.0449250042
v -0.0324080065 0.7757603 -0.07125
v 0.0269521326 1.1287843 0.117102221
v 4.00361078E-09 0.9559717 0.140213192
v 2.10761719E-09 1.0669 0.130881846
v -0.02695213 1.1287843 0.117102221
v 2.10761719E-09 1.0669 0.130881846
v 4.00361078E-09 0.9559717 0.140213192
v -0.02695213 1.1287843 0.117102221
v 4.00361078E-09 0.9559717 0.140213192
v 2.13009588E-09 1.12550128 0.171380371
v 2.13009588E-09 1.12550128 0.171380371
v 2.12416462E-09 1.36517537 0.170076981
v -0.02695213 1.1287843 0.117102221
v 2.12416462E-09 1.36517537 0.170076981
v -0.0268050246 1.3920176 0.114595577
v -0.02695213 1.1287843 0.117102221
v 2.12416462E-09 1.36517537 0.170076981
v 2.37235181E-05 1.4329046 0.161710471
v -0.0268050246 1.3920176 0.114595577
v 0.0330418274 0.7197756 -0.0617983527
v 1.96215422E-09 0.704471052 -0.08091618
v 1.744639E-09 0.6982875 -0.06983417
v -0.0261823237 1.53490257 0.156379417
v 2.37235181E-05 1.4329046 0.161710471
v 1.8096582E-09 1.54372823 0.183701262
v 1.6666738E-09 0.676966 -0.0467894971
v -0.0336007066 0.639776468 -0.039642
v -0.0326807871 0.6653777 -0.0174349789
v 1.6666738E-09 0.676966 -0.0467894971
v 1.67921266E-09 0.663055539 -0.05444616
v -0.0336007066 0.639776468 -0.039642
v 1.67921266E-09 0.663055539 -0.05444616
v -0.034828648 0.6340114 -0.06353555
v -0.0336007066 0.639776468 -0.039642
v 0.03484467 0.496063322 -0.02164838
v 1.69069692E-09 0.496034741 -0.0442678146
v 1.68440828E-09 0.514531 -0.0443269052
v 0.03484467 0.496063322 -0.02164838
v 1.68440828E-09 0.514531 -0.0443269052
v 0.03430326 0.524438858 -0.0210323874
v 0.03430326 0.524438858 -0.0210323874
v 1.68440828E-09 0.514531 -0.0443269052
v 1.70741132E-09 0.5227875 -0.0430021062
v 0.03430326 0.524438858 -0.0210323874
v 1.70741132E-09 0.5227875 -0.0430021062
v 0.034341868 0.5369634 -0.0284601338
v 1.70741132E-09 0.5227875 -0.0430021062
v 0.03193691 0.538620353 -0.0458211452
v 0.034341868 0.5369634 -0.0284601338
v 1.70741132E-09 0.5227875 -0.0430021062
v -2.82435831E-05 0.525929153 -0.04859979
v 0.03193691 0.538620353 -0.0458211452
v 0.03193691 0.538620353 -0.0458211452
v -2.82435831E-05 0.525929153 -0.04859979
v 0.03459734 0.544469953 -0.06798033
v 0.0325337239 0.491043776 0.0205854625
v 0.03430326 0.524438858 -0.0210323874
v 0.0345402658 0.523691 0.0340589732
v 0.0325337239 0.491043776 0.0205854625
v 0.03484467 0.496063322 -0.02164838
v 0.03430326 0.524438858 -0.0210323874
v -3.90890527E-05 0.5022589 -0.1752264
v 1.50622614E-09 0.4643487 -0.20572345
v 0.0222823042 0.525084 -0.157699779
v 0.0222823042 0.525084 -0.157699779
v 1.50622614E-09 0.4643487 -0.20572345
v 1.72743464E-09 0.537588239 -0.175285473
v -0.0014108934 0.4548578 -0.07404325
v -0.00347625278 0.4900378 -0.09043491
v -0.0177135039 0.457787335 -0.10827361
v -0.0014108934 0.4548578 -0.07404325
v -0.0177135039 0.457787335 -0.10827361
v 1.77142723E-09 0.426133215 -0.09446094
v 0.0430799536 0.6545972 0.015184477
v 0.0430312753 0.7146405 0.0328925624
v 0.03320987 0.7077055 0.0619985461
v 0.0430312753 0.7146405 0.0328925624
v 0.0333545022 0.740377 0.07899378
v 0.03320987 0.7077055 0.0619985461
v 0.0430689864 0.7727574 0.06160492
v 0.0333545022 0.740377 0.07899378
v 0.0430312753 0.7146405 0.0328925624
v 0.0333545022 0.740377 0.07899378
v 0.0430689864 0.7727574 0.06160492
v 0.0336847678 0.761947334 0.101970762
v 0.0430799536 0.6545972 0.015184477
v 0.03320987 0.7077055 0.0619985461
v 0.03328658 0.6466848 0.0515229367
v 0.0430312753 0.7146405 0.0328925624
v 0.03358449 0.783408761 0.0198734738
v 0.0430689864 0.7727574 0.06160492
v 0.0430312753 0.7146405 0.0328925624
v 0.0332583226 0.7219616 0.00429224037
v 0.03358449 0.783408761 0.0198734738
v 1.8096582E-09 1.54372823 0.183701262
v 0.0266762953 1.62610424 0.170171067
v 2.05220019E-09 1.6446 0.200115
v -0.034828648 0.6340114 -0.06353555
v 1.67921266E-09 0.663055539 -0.05444616
v 1.67932634E-09 0.658905149 -0.06007631
v 1.67932634E-09 0.658905149 -0.06007631
v -0.0348610468 0.6411719 -0.08374953
v -0.034828648 0.6340114 -0.06353555
v -0.0348610468 0.6411719 -0.08374953
v 1.67932634E-09 0.658905149 -0.06007631
v 1.69816028E-09 0.6588946 -0.0675670654
v 1.634792E-09 0.666451931 0.09538184
v -0.0332098678 0.7077055 0.0619985461
v -0.0332865752 0.6466848 0.0515229367
v 0.0330418274 0.7197756 -0.0617983527
v 2.860651E-09 0.652803 -0.07730852
v 1.96215422E-09 0.704471052 -0.08091618
v -0.0308603738 0.6644771 -0.0914849862
v -0.0348610468 0.6411719 -0.08374953
v 1.69816028E-09 0.6588946 -0.0675670654
v -0.0308603738 0.6644771 -0.0914849862
v 1.69816028E-09 0.6588946 -0.0675670654
v 1.71816894E-09 0.66749084 -0.07577854
v 1.71816894E-09 0.66749084 -0.07577854
v -0.0301554073 0.687139332 -0.08982618
v -0.0308603738 0.6644771 -0.0914849862
v 1.71816894E-09 0.66749084 -0.07577854
v 1.72717052E-09 0.6840432 -0.07684989
v -0.0301554073 0.687139332 -0.08982618
v -0.0313928127 0.7045802 -0.07996982
v -0.0301554073 0.687139332 -0.08982618
v 1.72717052E-09 0.6840432 -0.07684989
v -0.0313928127 0.7045802 -0.07996982
v 1.72717052E-09 0.6840432 -0.07684989
v 1.73929127E-09 0.6969147 -0.07066853
v 1.73929127E-09 0.6969147 -0.07066853
v -0.0330418237 0.7197756 -0.0617983527
v -0.0313928127 0.7045802 -0.07996982
v -0.0330418237 0.7197756 -0.0617983527
v 1.73929127E-09 0.6969147 -0.07066853
v 1.744639E-09 0.6982875 -0.06983417
v -0.0330418237 0.7197756 -0.0617983527
v 1.744639E-09 0.6982875 -0.06983417
v 1.96215422E-09 0.704471052 -0.08091618
v -0.0330418237 0.7197756 -0.0617983527
v 1.96215422E-09 0.704471052 -0.08091618
v 2.860651E-09 0.652803 -0.07730852
v -0.0333545 0.740377 0.07899378
v -0.0336847641 0.761947334 0.101970762
v -0.0430689827 0.7727574 0.06160492
v -0.0430689827 0.7727574 0.06160492
v -0.04303127 0.7146405 0.0328925624
v -0.0333545 0.740377 0.07899378
v -0.04303127 0.7146405 0.0328925624
v -0.0430689827 0.7727574 0.06160492
v -0.033584483 0.783408761 0.0198734738
v -0.04303127 0.7146405 0.0328925624
v -0.033584483 0.783408761 0.0198734738
v -0.03325832 0.7219616 0.00429224
v -0.04307995 0.6545972 0.015184476
v -0.04303127 0.7146405 0.0328925624
v -0.03325832 0.7219616 0.00429224
v -0.0014108934 0.4548578 -0.07404325
v 0.01764045 0.459883422 -0.107688442
v -0.00347625278 0.4900378 -0.09043491
v -0.0014108934 0.4548578 -0.07404325
v 1.77142723E-09 0.426133215 -0.09446094
v 0.01764045 0.459883422 -0.107688442
v 1.77142723E-09 0.426133215 -0.09446094
v 0.0213187616 0.4600512 -0.121050768
v 0.01764045 0.459883422 -0.107688442
v 0.0213187616 0.4600512 -0.121050768
v 1.77142723E-09 0.426133215 -0.09446094
v 1.78762538E-09 0.403283954 -0.114070714
v -0.00347625278 0.4900378 -0.09043491
v 0.01764045 0.459883422 -0.107688442
v -8.227988E-05 0.486884624 -0.09707299
v 0.01764045 0.459883422 -0.107688442
v 0.0213187616 0.4600512 -0.121050768
v -8.227988E-05 0.486884624 -0.09707299
v 2.016293E-09 0.4786554 -0.09382282
v -8.227988E-05 0.486884624 -0.09707299
v 0.0213187616 0.4600512 -0.121050768
v 0.0230152626 0.478265941 -0.126316413
v 2.016293E-09 0.4786554 -0.09382282
v 0.0213187616 0.4600512 -0.121050768
v 0.02981402 1.7039088 0.172633827
v 2.05220019E-09 1.6446 0.200115
v 0.0266762953 1.62610424 0.170171067
v 2.05220019E-09 1.6446 0.200115
v 0.02981402 1.7039088 0.172633827
v 5.553098E-09 1.84072864 0.2255735
v 0.02981402 1.7039088 0.172633827
v 2.18358887E-09 1.6823045 0.114267237
v 5.553098E-09 1.84072864 0.2255735
v 2.18358887E-09 1.6823045 0.114267237
v 0.02981402 1.7039088 0.172633827
v 0.02790538 1.64212155 0.124606162
v 0.02790538 1.64212155 0.124606162
v 0.0348663144 1.56589258 0.0678687543
v 2.18358887E-09 1.6823045 0.114267237
v 0.02790538 1.64212155 0.124606162
v 0.0352567 1.56606519 0.0871764
v 0.0348663144 1.56589258 0.0678687543
v 0.0352567 1.56606519 0.0871764
v 0.02790538 1.64212155 0.124606162
v 0.0383942761 1.60865474 0.141730934
v 0.0383654721 1.509891 0.1224687
v 0.0352567 1.56606519 0.0871764
v 0.0383942761 1.60865474 0.141730934
v 0.0383942761 1.60865474 0.141730934
v 0.0261823256 1.53490257 0.156379417
v 0.0383654721 1.509891 0.1224687
v 2.12416462E-09 1.36517537 0.170076981
v 0.0268050265 1.3920176 0.114595577
v 2.37235181E-05 1.4329046 0.161710471
v 1.634792E-09 0.666451931 0.09538184
v -0.0332865752 0.6466848 0.0515229367
v 1.62548786E-09 0.63991493 0.09735936
v -0.0338886268 0.5945864 0.05849935
v 1.62548786E-09 0.63991493 0.09735936
v -0.0332865752 0.6466848 0.0515229367
v -0.0338886268 0.5945864 0.05849935
v 1.61906533E-09 0.607741356 0.104310848
v 1.62548786E-09 0.63991493 0.09735936
v -0.04307995 0.6545972 0.015184476
v -0.0332098678 0.7077055 0.0619985461
v -0.04303127 0.7146405 0.0328925624
v -0.04307995 0.6545972 0.015184476
v -0.0332865752 0.6466848 0.0515229367
v -0.0332098678 0.7077055 0.0619985461
v -0.04303127 0.7146405 0.0328925624
v -0.0332098678 0.7077055 0.0619985461
v -0.0333545 0.740377 0.07899378
v 2.12416462E-09 1.36517537 0.170076981
v 0.0269521326 1.1287843 0.117102221
v 0.0268050265 1.3920176 0.114595577
v -0.0338886268 0.5945864 0.05849935
v 1.63153324E-09 0.5791949 0.113257617
v 1.61906533E-09 0.607741356 0.104310848
v -0.0338886268 0.5945864 0.05849935
v -0.03476563 0.538814664 0.0809088945
v 1.63153324E-09 0.5791949 0.113257617
v 0.03398944 0.5678004 -0.08383169
v 0.030317327 0.5149691 -0.0661354
v 0.02293888 0.5259517 -0.08718496
v 0.03398944 0.5678004 -0.08383169
v 0.03459734 0.544469953 -0.06798033
v 0.030317327 0.5149691 -0.0661354
v 1.960188E-09 0.4972593 -0.08727029
v 0.0256509855 0.524183035 -0.103115633
v 0.02293888 0.5259517 -0.08718496
v 0.0261823256 1.53490257 0.156379417
v 0.0264087766 1.44267786 0.140792742
v 0.0383654721 1.509891 0.1224687
v 1.65406111E-09 0.7854836 -0.0128788985
v -0.03325832 0.7219616 0.00429224
v -0.033584483 0.783408761 0.0198734738
v 1.65283431E-09 0.7306181 -0.02654807
v -0.0332098678 0.7077055 0.0619985461
v 1.634792E-09 0.666451931 0.09538184
v 1.626028E-09 0.6958614 0.102410167
v 1.65283431E-09 0.7306181 -0.02654807
v -0.0326807871 0.6653777 -0.0174349789
v -0.03325832 0.7219616 0.00429224
v 1.65283431E-09 0.7306181 -0.02654807
v 1.6666738E-09 0.676966 -0.0467894971
v -0.0326807871 0.6653777 -0.0174349789
v 2.13009588E-09 1.12550128 0.171380371
v 0.0269521326 1.1287843 0.117102221
v 2.12416462E-09 1.36517537 0.170076981
v 0.0261823256 1.53490257 0.156379417
v 2.37235181E-05 1.4329046 0.161710471
v 0.0264087766 1.44267786 0.140792742
v 2.37235181E-05 1.4329046 0.161710471
v 0.03265593 1.41175508 0.115736648
v 0.0264087766 1.44267786 0.140792742
v 0.03265593 1.41175508 0.115736648
v 2.37235181E-05 1.4329046 0.161710471
v 0.0268050265 1.3920176 0.114595577
v 0.03265593 1.41175508 0.115736648
v 0.0268050265 1.3920176 0.114595577
v 0.0335362926 1.47758567 0.09530606
v 0.03265593 1.41175508 0.115736648
v 0.0335362926 1.47758567 0.09530606
v 0.0352503248 1.48409557 0.100087233
v 0.0352503248 1.48409557 0.100087233
v 0.0335362926 1.47758567 0.09530606
v 0.0348663144 1.56589258 0.0678687543
v 0.0352503248 1.48409557 0.100087233
v 0.0348663144 1.56589258 0.0678687543
v 0.0352567 1.56606519 0.0871764
v 0.0352503248 1.48409557 0.100087233
v 0.0352567 1.56606519 0.0871764
v 0.0383654721 1.509891 0.1224687
v 0.03265593 1.41175508 0.115736648
v 0.0352503248 1.48409557 0.100087233
v 0.0383654721 1.509891 0.1224687
v 0.0264087766 1.44267786 0.140792742
v 0.03265593 1.41175508 0.115736648
v 0.0383654721 1.509891 0.1224687
v 0.02790538 1.64212155 0.124606162
v 0.02981402 1.7039088 0.172633827
v 0.0383942761 1.60865474 0.141730934
v 0.02981402 1.7039088 0.172633827
v 0.0266762953 1.62610424 0.170171067
v 0.0383942761 1.60865474 0.141730934
v 0.0261823256 1.53490257 0.156379417
v 0.0383942761 1.60865474 0.141730934
v 0.0266762953 1.62610424 0.170171067
v 0.0266762953 1.62610424 0.170171067
v 1.8096582E-09 1.54372823 0.183701262
v 0.0261823256 1.53490257 0.156379417
v 0.0261823256 1.53490257 0.156379417
v 1.8096582E-09 1.54372823 0.183701262
v 2.37235181E-05 1.4329046 0.161710471
v 0.03265574 1.41175473 0.0200342275
v 0.0268050171 1.3920176 0.0211761761
v 1.66124381E-09 1.43292749 -0.02596259
v 0.03265574 1.41175473 0.0200342275
v 0.033536274 1.47758532 0.04046549
v 0.0268050171 1.3920176 0.0211761761
v 0.03265574 1.41175473 0.0200342275
v 0.0352504253 1.48409569 0.0356836766
v 0.033536274 1.47758532 0.04046549
v 0.0352504253 1.48409569 0.0356836766
v 0.0348663144 1.56589258 0.0678687543
v 0.033536274 1.47758532 0.04046549
v 2.18358887E-09 1.6823045 0.114267237
v -0.0279053785 1.64212155 0.124606162
v -0.0298140161 1.7039088 0.172633827
v -0.0298140161 1.7039088 0.172633827
v 5.553098E-09 1.84072864 0.2255735
v 2.18358887E-09 1.6823045 0.114267237
v 2.05220019E-09 1.6446 0.200115
v 5.553098E-09 1.84072864 0.2255735
v -0.0298140161 1.7039088 0.172633827
v -0.0298140161 1.7039088 0.172633827
v -0.0266762916 1.62610424 0.170171067
v 2.05220019E-09 1.6446 0.200115
v 1.8096582E-09 1.54372823 0.183701262
v 2.05220019E-09 1.6446 0.200115
v -0.0266762916 1.62610424 0.170171067
v -0.0266762916 1.62610424 0.170171067
v -0.0261823237 1.53490257 0.156379417
v 1.8096582E-09 1.54372823 0.183701262
v -0.0261823237 1.53490257 0.156379417
v -0.0266762916 1.62610424 0.170171067
v -0.0383942723 1.60865474 0.141730934
v -0.0383942723 1.60865474 0.141730934
v -0.03836547 1.509891 0.1224687
v -0.0261823237 1.53490257 0.156379417
v -0.03836547 1.509891 0.1224687
v -0.0383942723 1.60865474 0.141730934
v -0.0352567 1.56606519 0.0871764
v -0.0352501944 1.48410952 0.10007643
v -0.03836547 1.509891 0.1224687
v -0.0352567 1.56606519 0.0871764
v -0.0352501944 1.48410952 0.10007643
v -0.0352567 1.56606519 0.0871764
v -0.0348663069 1.56589258 0.0678687543
v -0.0352501944 1.48410952 0.10007643
v -0.0348663069 1.56589258 0.0678687543
v -0.0335391648 1.47759843 0.09529723
v -0.0326551236 1.41172493 0.115746662
v -0.0352501944 1.48410952 0.10007643
v -0.0335391648 1.47759843 0.09529723
v -0.0326551236 1.41172493 0.115746662
v -0.0335391648 1.47759843 0.09529723
v -0.0268050246 1.3920176 0.114595577
v -0.0326551236 1.41172493 0.115746662
v -0.0268050246 1.3920176 0.114595577
v 2.37235181E-05 1.4329046 0.161710471
v 2.37235181E-05 1.4329046 0.161710471
v -0.0264087711 1.44267786 0.140792742
v -0.0326551236 1.41172493 0.115746662
v -0.0261823237 1.53490257 0.156379417
v -0.0264087711 1.44267786 0.140792742
v 2.37235181E-05 1.4329046 0.161710471
v -0.0261823237 1.53490257 0.156379417
v -0.03836547 1.509891 0.1224687
v -0.0264087711 1.44267786 0.140792742
v -0.0264087711 1.44267786 0.140792742
v -0.03836547 1.509891 0.1224687
v -0.0326551236 1.41172493 0.115746662
v -0.0326551236 1.41172493 0.115746662
v -0.03836547 1.509891 0.1224687
v -0.0352501944 1.48410952 0.10007643
v -0.0298140161 1.7039088 0.172633827
v -0.0383942723 1.60865474 0.141730934
v -0.0266762916 1.62610424 0.170171067
v -0.0279053785 1.64212155 0.124606162
v -0.0383942723 1.60865474 0.141730934
v -0.0298140161 1.7039088 0.172633827
v -0.0352567 1.56606519 0.0871764
v -0.0383942723 1.60865474 0.141730934
v -0.0279053785 1.64212155 0.124606162
v -0.0279053785 1.64212155 0.124606162
v -0.0348663069 1.56589258 0.0678687543
v -0.0352567 1.56606519 0.0871764
v -0.0279053785 1.64212155 0.124606162
v 2.18358887E-09 1.6823045 0.114267237
v -0.0348663069 1.56589258 0.0678687543
v 1.77142723E-09 0.426133215 -0.09446094
v -0.0177135039 0.457787335 -0.10827361
v -0.0213187579 0.4600512 -0.121050768
v 1.78215431E-09 0.878105462 0.139039233
v -0.0336847641 0.761947334 0.101970762
v 1.59630043E-09 0.743994057 0.140342772
v -0.0336847641 0.761947334 0.101970762
v 1.64170588E-09 0.7290204 0.120474309
v 1.59630043E-09 0.743994057 0.140342772
v -0.0333545 0.740377 0.07899378
v 1.64170588E-09 0.7290204 0.120474309
v -0.0336847641 0.761947334 0.101970762
v 1.64170588E-09 0.7290204 0.120474309
v -0.0333545 0.740377 0.07899378
v 1.63127445E-09 0.717412531 0.11211323
v 1.63127445E-09 0.717412531 0.11211323
v -0.0333545 0.740377 0.07899378
v -0.0332098678 0.7077055 0.0619985461
v -0.034844663 0.496063322 -0.02164838
v 1.68440828E-09 0.514531 -0.0443269052
v 1.69069692E-09 0.496034741 -0.0442678146
v -0.034844663 0.496063322 -0.02164838
v -0.0343032554 0.524438858 -0.0210323874
v 1.68440828E-09 0.514531 -0.0443269052
v -0.0343032554 0.524438858 -0.0210323874
v 1.70741132E-09 0.5227875 -0.0430021062
v 1.68440828E-09 0.514531 -0.0443269052
v -0.0343032554 0.524438858 -0.0210323874
v -0.0343418643 0.5369634 -0.0284601338
v 1.70741132E-09 0.5227875 -0.0430021062
v 1.70741132E-09 0.5227875 -0.0430021062
v -0.0343418643 0.5369634 -0.0284601338
v -0.0319369026 0.538620353 -0.0458211452
v 1.63127445E-09 0.717412531 0.11211323
v -0.0332098678 0.7077055 0.0619985461
v 1.626028E-09 0.6958614 0.102410167
v -0.03325832 0.7219616 0.00429224
v -0.0326807871 0.6653777 -0.0174349789
v -0.04307995 0.6545972 0.015184476
v 1.78215431E-09 0.878105462 0.139039233
v 1.59630043E-09 0.743994057 0.140342772
v 0.0336847678 0.761947334 0.101970762
v 1.70741132E-09 0.5227875 -0.0430021062
v -0.0319369026 0.538620353 -0.0458211452
v -2.82435831E-05 0.525929153 -0.04859979
v -0.0319369026 0.538620353 -0.0458211452
v -0.0345973335 0.544469953 -0.06798033
v -2.82435831E-05 0.525929153 -0.04859979
v -0.0325337164 0.491043776 0.0205854625
v -0.0343032554 0.524438858 -0.0210323874
v -0.034844663 0.496063322 -0.02164838
v -0.0325337164 0.491043776 0.0205854625
v -0.03454026 0.523691 0.0340589732
v -0.0343032554 0.524438858 -0.0210323874
v -0.03525029 1.48410988 0.03569463
v -0.0335391872 1.47759807 0.0404744335
v -0.0348663069 1.56589258 0.0678687543
v -0.0326557346 1.41175473 0.0200342275
v -0.0335391872 1.47759807 0.0404744335
v -0.03525029 1.48410988 0.03569463
v -0.0326557346 1.41175473 0.0200342275
v -0.0268050134 1.3920176 0.0211761761
v -0.0335391872 1.47759807 0.0404744335
v -0.0326557346 1.41175473 0.0200342275
v 1.66124381E-09 1.43292749 -0.02596259
v -0.0268050134 1.3920176 0.0211761761
v 1.65406111E-09 0.7854836 -0.0128788985
v 0.03358449 0.783408761 0.0198734738
v 0.0332583226 0.7219616 0.00429224037
v 1.65283431E-09 0.7306181 -0.02654807
v 1.65283431E-09 0.7306181 -0.02654807
v 0.0332583226 0.7219616 0.00429224037
v 0.03268079 0.6653777 -0.0174349789
v 1.65283431E-09 0.7306181 -0.02654807
v 0.03268079 0.6653777 -0.0174349789
v 1.6666738E-09 0.676966 -0.0467894971
v 1.6666738E-09 0.676966 -0.0467894971
v 0.03268079 0.6653777 -0.0174349789
v 0.03360071 0.639776468 -0.039642
v 1.6666738E-09 0.676966 -0.0467894971
v 0.03360071 0.639776468 -0.039642
v 1.67921266E-09 0.663055539 -0.05444616
v 1.67921266E-09 0.663055539 -0.05444616
v 0.03360071 0.639776468 -0.039642
v 0.03482902 0.6340073 -0.06352223
v 0.03482902 0.6340073 -0.06352223
v 1.67932634E-09 0.658905149 -0.06007631
v 1.67921266E-09 0.663055539 -0.05444616
v 1.67932634E-09 0.658905149 -0.06007631
v 0.03482902 0.6340073 -0.06352223
v 0.03486105 0.6411719 -0.08374953
v 0.03486105 0.6411719 -0.08374953
v 1.69816028E-09 0.6588946 -0.0675670654
v 1.67932634E-09 0.658905149 -0.06007631
v 0.0308603756 0.6644771 -0.0914849862
v 1.69816028E-09 0.6588946 -0.0675670654
v 0.03486105 0.6411719 -0.08374953
v 0.0308603756 0.6644771 -0.0914849862
v 1.71816894E-09 0.66749084 -0.07577854
v 1.69816028E-09 0.6588946 -0.0675670654
v 0.03691552 0.5669717 0.04257072
v 0.0338886343 0.5945864 0.05849935
v 0.0347656347 0.538814664 0.0809088945
v 0.03691552 0.5669717 0.04257072
v 0.0347656347 0.538814664 0.0809088945
v 0.0337740369 0.5337983 0.05179621
v 0.0337740369 0.5337983 0.05179621
v 0.03690886 0.54299444 0.009542016
v 0.03691552 0.5669717 0.04257072
v 0.03690886 0.54299444 0.009542016
v 0.0337740369 0.5337983 0.05179621
v 0.0345402658 0.523691 0.0340589732
v 0.0345402658 0.523691 0.0340589732
v 0.03430326 0.524438858 -0.0210323874
v 0.03690886 0.54299444 0.009542016
v 0.03430326 0.524438858 -0.0210323874
v 0.034341868 0.5369634 -0.0284601338
v 0.03690886 0.54299444 0.009542016
v 0.034341868 0.5369634 -0.0284601338
v 0.04155105 0.6160228 0.005193551
v 0.03690886 0.54299444 0.009542016
v 0.04155105 0.6160228 0.005193551
v 0.034341868 0.5369634 -0.0284601338
v 0.03193691 0.538620353 -0.0458211452
v 0.04155105 0.6160228 0.005193551
v 0.03193691 0.538620353 -0.0458211452
v 0.03459734 0.544469953 -0.06798033
v 0.03459734 0.544469953 -0.06798033
v 0.03360071 0.639776468 -0.039642
v 0.04155105 0.6160228 0.005193551
v 0.03360071 0.639776468 -0.039642
v 0.03459734 0.544469953 -0.06798033
v 0.03482902 0.6340073 -0.06352223
v 0.03690886 0.54299444 0.009542016
v 0.04155105 0.6160228 0.005193551
v 0.03691552 0.5669717 0.04257072
v 0.0338886343 0.5945864 0.05849935
v 0.03691552 0.5669717 0.04257072
v 0.04155105 0.6160228 0.005193551
v 0.0430799536 0.6545972 0.015184477
v 0.0338886343 0.5945864 0.05849935
v 0.04155105 0.6160228 0.005193551
v 0.0430799536 0.6545972 0.015184477
v 0.03328658 0.6466848 0.0515229367
v 0.0338886343 0.5945864 0.05849935
v 0.0430799536 0.6545972 0.015184477
v 0.04155105 0.6160228 0.005193551
v 0.03360071 0.639776468 -0.039642
v 0.0430799536 0.6545972 0.015184477
v 0.03360071 0.639776468 -0.039642
v 0.03268079 0.6653777 -0.0174349789
v 1.71816894E-09 0.66749084 -0.07577854
v 0.0308603756 0.6644771 -0.0914849862
v 0.030155411 0.687139332 -0.08982618
v 1.71816894E-09 0.66749084 -0.07577854
v 0.030155411 0.687139332 -0.08982618
v 1.72717052E-09 0.6840432 -0.07684989
v 0.03139282 0.7045802 -0.07996982
v 1.72717052E-09 0.6840432 -0.07684989
v 0.030155411 0.687139332 -0.08982618
v 0.03139282 0.7045802 -0.07996982
v 1.73929127E-09 0.6969147 -0.07066853
v 1.72717052E-09 0.6840432 -0.07684989
v 1.73929127E-09 0.6969147 -0.07066853
v 0.03139282 0.7045802 -0.07996982
v 0.0330418274 0.7197756 -0.0617983527
v 0.0330418274 0.7197756 -0.0617983527
v 1.744639E-09 0.6982875 -0.06983417
v 1.73929127E-09 0.6969147 -0.07066853
v 0.0267727617 0.505665243 -0.125807643
v 1.48911317E-09 0.487729669 -0.09035557
v 2.016293E-09 0.4786554 -0.09382282
v 2.016293E-09 0.4786554 -0.09382282
v 0.0230152626 0.478265941 -0.126316413
v 0.0267727617 0.505665243 -0.125807643
v 0.0230152626 0.478265941 -0.126316413
v 0.0253338981 0.469438434 -0.152240679
v 0.0267727617 0.505665243 -0.125807643
v 0.0213187616 0.4600512 -0.121050768
v 0.0253338981 0.469438434 -0.152240679
v 0.0230152626 0.478265941 -0.126316413
v 0.021153003 0.4490852 -0.137902185
v 0.0253338981 0.469438434 -0.152240679
v 0.0213187616 0.4600512 -0.121050768
v 0.0213187616 0.4600512 -0.121050768
v 1.78762538E-09 0.403283954 -0.114070714
v 0.021153003 0.4490852 -0.137902185
v 0.021153003 0.4490852 -0.137902185
v 1.78762538E-09 0.403283954 -0.114070714
v 1.78649306E-09 0.3868945 -0.1536807
v 0.021153003 0.4490852 -0.137902185
v 1.78649306E-09 0.3868945 -0.1536807
v 0.02198179 0.441253841 -0.177679762
v 0.02198179 0.441253841 -0.177679762
v 1.78649306E-09 0.3868945 -0.1536807
v 1.78640414E-09 0.3784513 -0.185485408
v 1.78640414E-09 0.3784513 -0.185485408
v 1.70860837E-09 0.4166679 -0.255353719
v 0.02198179 0.441253841 -0.177679762
v 0.02198179 0.441253841 -0.177679762
v 1.70860837E-09 0.4166679 -0.255353719
v 1.79319293E-09 0.4464867 -0.22225903
v 1.79319293E-09 0.4464867 -0.22225903
v 1.78810544E-09 0.467512369 -0.209715784
v 0.02198179 0.441253841 -0.177679762
v 1.78997239E-09 0.494286 -0.189699993
v 0.02198179 0.441253841 -0.177679762
v 1.78810544E-09 0.467512369 -0.209715784
v 1.78997239E-09 0.494286 -0.189699993
v 0.0253338981 0.469438434 -0.152240679
v 0.02198179 0.441253841 -0.177679762
v 0.0267727617 0.505665243 -0.125807643
v 0.0253338981 0.469438434 -0.152240679
v 1.78997239E-09 0.494286 -0.189699993
v 0.0267727617 0.505665243 -0.125807643
v 1.78997239E-09 0.494286 -0.189699993
v -3.90890527E-05 0.5022589 -0.1752264
v 0.0294584278 0.5512553 -0.118034691
v 0.0267727617 0.505665243 -0.125807643
v -3.90890527E-05 0.5022589 -0.1752264
v 0.0222823042 0.525084 -0.157699779
v 0.0294584278 0.5512553 -0.118034691
v -3.90890527E-05 0.5022589 -0.1752264
v 0.02198179 0.441253841 -0.177679762
v 0.0253338981 0.469438434 -0.152240679
v 0.021153003 0.4490852 -0.137902185
v 0.0248799268 0.565737 -0.139957771
v 0.0294584278 0.5512553 -0.118034691
v 0.0222823042 0.525084 -0.157699779
v 1.72743464E-09 0.537588239 -0.175285473
v 0.0248799268 0.565737 -0.139957771
v 0.0222823042 0.525084 -0.157699779
v 1.72743464E-09 0.537588239 -0.175285473
v 1.57657987E-09 0.5762943 -0.160093859
v 0.0248799268 0.565737 -0.139957771
v 0.0248799268 0.565737 -0.139957771
v 1.57657987E-09 0.5762943 -0.160093859
v 1.80456561E-09 0.6045649 -0.155142531
v 0.0248799268 0.565737 -0.139957771
v 1.80456561E-09 0.6045649 -0.155142531
v 0.03311485 0.614322364 -0.117818616
v 0.03311485 0.614322364 -0.117818616
v 1.80456561E-09 0.6045649 -0.155142531
v 1.82755655E-09 0.622216 -0.154607072
v 1.82755655E-09 0.622216 -0.154607072
v 0.0330257826 0.653349757 -0.129503965
v 0.03311485 0.614322364 -0.117818616
v 1.82755655E-09 0.622216 -0.154607072
v 1.66320013E-09 0.647491634 -0.157753259
v 0.0330257826 0.653349757 -0.129503965
v 0.0330257826 0.653349757 -0.129503965
v 1.66320013E-09 0.647491634 -0.157753259
v 1.66132486E-09 0.6972432 -0.1572251
v 0.0330257826 0.653349757 -0.129503965
v 1.66132486E-09 0.6972432 -0.1572251
v 0.0331866257 0.6935686 -0.128535718
v 0.0331866257 0.6935686 -0.128535718
v 1.66132486E-09 0.6972432 -0.1572251
v 1.6550189E-09 0.7442299 -0.14269951
v 1.6550189E-09 0.7442299 -0.14269951
v 0.0332521647 0.729086339 -0.116909683
v 0.0331866257 0.6935686 -0.128535718
v 0.0332521647 0.729086339 -0.116909683
v 1.6550189E-09 0.7442299 -0.14269951
v 1.65685365E-09 0.774476767 -0.118987031
v 0.0332521647 0.729086339 -0.116909683
v 1.65685365E-09 0.774476767 -0.118987031
v 0.03318991 0.7545252 -0.09668698
v 1.65554415E-09 0.7935806 -0.0946897939
v 0.03318991 0.7545252 -0.09668698
v 1.65685365E-09 0.774476767 -0.118987031
v 1.65554415E-09 0.7935806 -0.0946897939
v 0.03240801 0.7757603 -0.07125
v 0.03318991 0.7545252 -0.09668698
v 0.03240801 0.7757603 -0.07125
v 1.65554415E-09 0.7935806 -0.0946897939
v 1.65891489E-09 0.8248324 -0.07485723
v 0.03486105 0.808092654 -0.0449250042
v 0.03240801 0.7757603 -0.07125
v 1.65891489E-09 0.8248324 -0.07485723
v 0.0294584278 0.5512553 -0.118034691
v 0.03311485 0.614322364 -0.117818616
v 0.0340756 0.587664247 -0.09688661
v 0.03311485 0.614322364 -0.117818616
v 0.0294584278 0.5512553 -0.118034691
v 0.0248799268 0.565737 -0.139957771
v 1.83365678E-09 0.5977962 0.1313268
v 1.83365678E-09 0.750900865 0.200022891
v 0.0441723727 0.5977962 0.165691316
v 0.0192039534 0.340379745 0.188128725
v 1.83365678E-09 0.33837 0.195014834
v 1.83365678E-09 0.293891519 0.174982578
v 0.021147402 0.399585575 0.205689862
v 1.83365678E-09 0.33837 0.195014834
v 0.0192039534 0.340379745 0.188128725
v 0.021147402 0.399585575 0.205689862
v 1.83365678E-09 0.3983335 0.213860929
v 1.83365678E-09 0.33837 0.195014834
v 1.83365678E-09 0.447951674 0.222229674
v 1.83365678E-09 0.3983335 0.213860929
v 0.021147402 0.399585575 0.205689862
v 0.021147402 0.399585575 0.205689862
v 0.0236178972 0.44831416 0.2128725
v 1.83365678E-09 0.447951674 0.222229674
v 1.83365678E-09 0.490815759 0.222229674
v 1.83365678E-09 0.447951674 0.222229674
v 0.0236178972 0.44831416 0.2128725
v 0.0236178972 0.44831416 0.2128725
v 0.0227943975 0.4898273 0.21343264
v 1.83365678E-09 0.490815759 0.222229674
v 1.83365678E-09 0.5192819 0.222756863
v 1.83365678E-09 0.490815759 0.222229674
v 0.0227943975 0.4898273 0.21343264
v 0.0227943975 0.4898273 0.21343264
v 0.0221356 0.519710243 0.211389869
v 1.83365678E-09 0.5192819 0.222756863
v 0.03366456 0.488970727 0.192214265
v 0.0221356 0.519710243 0.211389869
v 0.0227943975 0.4898273 0.21343264
v 0.03366456 0.488970727 0.192214265
v 0.0221356 0.520138562 0.188655913
v 0.0221356 0.519710243 0.211389869
v 0.0221356 0.520138562 0.188655913
v 0.03366456 0.488970727 0.192214265
v 1.83365678E-09 0.520138562 0.17728892
v 1.83365678E-09 0.5115723 0.177124172
v 1.83365678E-09 0.520138562 0.17728892
v 0.03366456 0.488970727 0.192214265
v 1.83365678E-09 0.5115723 0.177124172
v 0.03366456 0.488970727 0.192214265
v 0.0235190727 0.488773018 0.171918437
v 1.83365678E-09 0.5115723 0.177124172
v 0.0235190727 0.488773018 0.171918437
v 1.83365678E-09 0.513318539 0.160057262
v 0.0235190727 0.488773018 0.171918437
v 0.0185780935 0.490980476 0.148031324
v 1.83365678E-09 0.513318539 0.160057262
v 0.0185780935 0.490980476 0.148031324
v 0.0235190727 0.488773018 0.171918437
v 0.0316881649 0.450455725 0.180056542
v 0.0316881649 0.450455725 0.180056542
v 1.83365678E-09 0.466797352 0.132809445
v 0.0185780935 0.490980476 0.148031324
v 0.0347515754 0.402254283 0.190468043
v 0.021147402 0.399585575 0.205689862
v 0.0192039534 0.340379745 0.188128725
v 0.0236178972 0.44831416 0.2128725
v 0.021147402 0.399585575 0.205689862
v 0.0347515754 0.402254283 0.190468043
v 0.0347515754 0.402254283 0.190468043
v 0.0361679941 0.449302554 0.194388837
v 0.0236178972 0.44831416 0.2128725
v 0.0227943975 0.4898273 0.21343264
v 0.0236178972 0.44831416 0.2128725
v 0.0361679941 0.449302554 0.194388837
v 0.0361679941 0.449302554 0.194388837
v 0.03366456 0.488970727 0.192214265
v 0.0227943975 0.4898273 0.21343264
v 0.03366456 0.488970727 0.192214265
v 0.0361679941 0.449302554 0.194388837
v 0.0316881649 0.450455725 0.180056542
v 0.0316881649 0.450455725 0.180056542
v 0.0235190727 0.488773018 0.171918437
v 0.03366456 0.488970727 0.192214265
v 0.0347515754 0.402254283 0.190468043
v 0.0316881649 0.450455725 0.180056542
v 0.0361679941 0.449302554 0.194388837
v 0.0147241289 0.50906837 0.122397952
v 0.0185780935 0.490980476 0.148031324
v 1.83365678E-09 0.466797352 0.132809445
v 1.83365678E-09 0.466797352 0.132809445
v 1.83365678E-09 0.493616223 0.111755833
v 0.0147241289 0.50906837 0.122397952
v 0.0154817449 0.525640666 0.099664
v 0.0147241289 0.50906837 0.122397952
v 1.83365678E-09 0.493616223 0.111755833
v 1.83365678E-09 0.493616223 0.111755833
v 1.83365678E-09 0.508837759 0.08964788
v 0.0154817449 0.525640666 0.099664
v 0.021081524 0.540499866 0.0782809
v 0.0154817449 0.525640666 0.099664
v 1.83365678E-09 0.508837759 0.08964788
v 1.83365678E-09 0.508837759 0.08964788
v 1.83365678E-09 0.5165802 0.0647393838
v 0.021081524 0.540499866 0.0782809
v 1.83365678E-09 0.5165802 0.0647393838
v 0.021081524 0.539643168 0.04984699
v 0.021081524 0.540499866 0.0782809
v 1.83365678E-09 0.5097273 0.045333147
v 0.021081524 0.539643168 0.04984699
v 1.83365678E-09 0.5165802 0.0647393838
v 1.83365678E-09 0.5097273 0.045333147
v 0.021081524 0.5270245 0.0308690779
v 0.021081524 0.539643168 0.04984699
v 1.83365678E-09 0.5097273 0.045333147
v 0.021081524 0.496087253 0.0141645642
v 0.021081524 0.5270245 0.0308690779
v 1.83365678E-09 0.5097273 0.045333147
v 1.83365678E-09 0.496087253 0.0311656073
v 0.021081524 0.496087253 0.0141645642
v 0.021081524 0.7646381 0.0959409
v 1.83365678E-09 0.7542599 0.12022341
v 1.83365678E-09 0.74381566 0.106681891
v 0.021081524 0.7444417 0.0736023262
v 0.021081524 0.7646381 0.0959409
v 1.83365678E-09 0.74381566 0.106681891
v 1.83365678E-09 0.74381566 0.106681891
v 1.83365678E-09 0.7285942 0.09373341
v 0.021081524 0.7444417 0.0736023262
v 1.83365678E-09 0.7285942 0.09373341
v 0.021081524 0.7099132 0.0554481149
v 0.021081524 0.7444417 0.0736023262
v 1.83365678E-09 0.7285942 0.09373341
v 1.83365678E-09 0.7030932 0.0814109445
v 0.021081524 0.7099132 0.0554481149
v 0.021081524 0.7099132 0.0554481149
v 1.83365678E-09 0.7030932 0.0814109445
v 1.83365678E-09 0.6690919 0.07409654
v 1.83365678E-09 0.6690919 0.07409654
v 0.021081524 0.646688 0.0449048243
v 0.021081524 0.7099132 0.0554481149
v 1.83365678E-09 0.6690919 0.07409654
v 1.83365678E-09 0.6371333 0.07465665
v 0.021081524 0.646688 0.0449048243
v 0.021081524 0.5933138 0.0533065051
v 0.021081524 0.646688 0.0449048243
v 1.83365678E-09 0.6371333 0.07465665
v 0.021081524 0.5933138 0.0533065051
v 1.83365678E-09 0.6371333 0.07465665
v 1.83365678E-09 0.60135293 0.08154273
v 0.021081524 0.5933138 0.0533065051
v 1.83365678E-09 0.60135293 0.08154273
v 1.83365678E-09 0.5706133 0.09300856
v 0.021081524 0.5933138 0.0533065051
v 1.83365678E-09 0.5706133 0.09300856
v 0.021081524 0.540499866 0.0782809
v 0.021081524 0.540499866 0.0782809
v 1.83365678E-09 0.5706133 0.09300856
v 1.83365678E-09 0.5443546 0.112744264
v 0.021081524 0.540499866 0.0782809
v 1.83365678E-09 0.5443546 0.112744264
v 0.0154817449 0.525640666 0.099664
v 1.83365678E-09 0.527156234 0.134456843
v 0.0154817449 0.525640666 0.099664
v 1.83365678E-09 0.5443546 0.112744264
v 0.0147241289 0.50906837 0.122397952
v 0.0147241289 0.50906837 0.122397952
v 1.83365678E-09 0.527156234 0.134456843
v 1.83365678E-09 0.513318539 0.160057262
v 1.83365678E-09 0.513318539 0.160057262
v 0.0185780935 0.490980476 0.148031324
v 0.0147241289 0.50906837 0.122397952
v 0.0129124336 0.09406812 -2.97419137E-06
v 0.009025528 0.0778252 0.0195679963
v 1.83365678E-09 0.07505765 0.01716281
v 1.83365678E-09 0.07189471 0.0299135949
v 1.83365678E-09 0.07505765 0.01716281
v 0.009025528 0.0778252 0.0195679963
v 0.009025528 0.0778252 0.0195679963
v 1.83365678E-09 0.0750906244 0.0421372131
v 1.83365678E-09 0.07189471 0.0299135949
v 0.009025528 0.0778252 0.0195679963
v 0.01409827 0.0967038348 0.0408193022
v 1.83365678E-09 0.0750906244 0.0421372131
v 1.83365678E-09 0.0850735754 0.0490562432
v 1.83365678E-09 0.0750906244 0.0421372131
v 0.01409827 0.0967038348 0.0408193022
v 1.83365678E-09 0.0850735754 0.0490562432
v 0.01409827 0.0967038348 0.0408193022
v 1.83365678E-09 0.09265136 0.06230125
v 1.83365678E-09 0.09265136 0.06230125
v 0.01409827 0.0967038348 0.0408193022
v 1.83365678E-09 0.103227369 0.0657937
v 0.01409827 0.0967038348 0.0408193022
v 0.009486686 0.117394574 0.05614001
v 1.83365678E-09 0.103227369 0.0657937
v 1.83365678E-09 0.113770396 0.06559602
v 1.83365678E-09 0.103227369 0.0657937
v 0.009486686 0.117394574 0.05614001
v 1.83365678E-09 0.113770396 0.06559602
v 0.009486686 0.117394574 0.05614001
v 1.83365678E-09 0.122007132 0.0575897172
v 1.83365678E-09 0.122007132 0.0575897172
v 0.009486686 0.117394574 0.05614001
v 1.83365678E-09 0.121875338 0.045333147
v 1.83365678E-09 0.121875338 0.045333147
v 0.009486686 0.117394574 0.05614001
v 1.83365678E-09 0.114462249 0.03749158
v 0.009486686 0.117394574 0.05614001
v 0.01409827 0.0967038348 0.0408193022
v 1.83365678E-09 0.114462249 0.03749158
v 1.83365678E-09 0.1076093 0.03729389
v 1.83365678E-09 0.114462249 0.03749158
v 0.01409827 0.0967038348 0.0408193022
v 1.83365678E-09 0.10751044 0.0314950868
v 1.83365678E-09 0.1076093 0.03729389
v 0.01409827 0.0967038348 0.0408193022
v 1.83365678E-09 0.10751044 0.0314950868
v 0.01409827 0.0967038348 0.0408193022
v 0.0155805638 0.09591316 0.0273766145
v 0.0158770233 0.104281619 0.01703102
v 1.83365678E-09 0.10751044 0.0314950868
v 0.0155805638 0.09591316 0.0273766145
v 0.009025528 0.0778252 0.0195679963
v 0.0158770233 0.104281619 0.01703102
v 0.0155805638 0.09591316 0.0273766145
v 0.0155805638 0.09591316 0.0273766145
v 0.01409827 0.0967038348 0.0408193022
v 0.009025528 0.0778252 0.0195679963
v 0.009025528 0.0778252 0.0195679963
v 0.0129124336 0.09406812 -2.97419137E-06
v 0.0158770233 0.104281619 0.01703102
v 0.0158770233 0.104281619 0.01703102
v 0.0129124336 0.09406812 -2.97419137E-06
v 0.0158770233 0.129222512 0.0124842273
v 0.0124842161 0.137459248 -2.97419137E-06
v 0.0158770233 0.129222512 0.0124842273
v 0.0129124336 0.09406812 -2.97419137E-06
v 0.0158770233 0.147771671 0.02243445
v 0.0158770233 0.129222512 0.0124842273
v 0.0124842161 0.137459248 -2.97419137E-06
v 0.0158770233 0.147771671 0.02243445
v 0.0124842161 0.137459248 -2.97419137E-06
v 0.0152841052 0.159369066 0.0131431827
v 0.0152841052 0.159369066 0.0131431827
v 0.0185451545 0.165661931 0.04457535
v 0.0158770233 0.147771671 0.02243445
v 0.0152841052 0.159369066 0.0131431827
v 0.008992589 0.173074961 0.0236205719
v 0.0185451545 0.165661931 0.04457535
v 0.0185451545 0.165661931 0.04457535
v 0.008992589 0.173074961 0.0236205719
v 0.0144935474 0.182926118 0.066156134
v 0.008992589 0.173074961 0.0236205719
v 1.83365678E-09 0.18398039 0.0396990776
v 0.0144935474 0.182926118 0.066156134
v 0.008992589 0.173074961 0.0236205719
v 1.83365678E-09 0.173074961 0.0272448231
v 1.83365678E-09 0.18398039 0.0396990776
v 0.0144935474 0.182926118 0.066156134
v 0.0165687613 0.183057919 0.083816126
v 0.0185451545 0.165661931 0.04457535
v 0.0165687613 0.183057919 0.083816126
v 1.83365678E-09 0.184837073 0.0938652
v 1.83365678E-09 0.178610086 0.09564438
v 0.0165687613 0.183057919 0.083816126
v 1.83365678E-09 0.178610086 0.09564438
v 1.83365678E-09 0.159369066 0.0571613945
v 0.0165687613 0.183057919 0.083816126
v 1.83365678E-09 0.159369066 0.0571613945
v 0.0185451545 0.165661931 0.04457535
v 0.0185451545 0.165661931 0.04457535
v 1.83365678E-09 0.159369066 0.0571613945
v 1.83365678E-09 0.140589252 0.0347569138
v 0.0185451545 0.165661931 0.04457535
v 1.83365678E-09 0.140589252 0.0347569138
v 0.0158770233 0.147771671 0.02243445
v 0.0158770233 0.147771671 0.02243445
v 1.83365678E-09 0.140589252 0.0347569138
v 1.83365678E-09 0.123786271 0.0247407928
v 0.0158770233 0.147771671 0.02243445
v 1.83365678E-09 0.123786271 0.0247407928
v 0.0158770233 0.129222512 0.0124842273
v 1.83365678E-09 0.123786271 0.0247407928
v 1.83365678E-09 0.112188928 0.0271130335
v 0.0158770233 0.129222512 0.0124842273
v 1.83365678E-09 0.112188928 0.0271130335
v 0.0158770233 0.104281619 0.01703102
v 0.0158770233 0.129222512 0.0124842273
v 0.0158770233 0.104281619 0.01703102
v 1.83365678E-09 0.112188928 0.0271130335
v 1.83365678E-09 0.10751044 0.0314950868
v -0.0129124308 0.09406812 -2.97419137E-06
v 1.83365678E-09 0.07505765 0.01716281
v -0.009025524 0.0778252 0.0195679963
v 1.83365678E-09 0.07189471 0.0299135949
v -0.009025524 0.0778252 0.0195679963
v 1.83365678E-09 0.07505765 0.01716281
v -0.009025524 0.0778252 0.0195679963
v 1.83365678E-09 0.07189471 0.0299135949
v 1.83365678E-09 0.0750906244 0.0421372131
v -0.009025524 0.0778252 0.0195679963
v 1.83365678E-09 0.0750906244 0.0421372131
v -0.0140982652 0.0967038348 0.0408193022
v 1.83365678E-09 0.0850735754 0.0490562432
v -0.0140982652 0.0967038348 0.0408193022
v 1.83365678E-09 0.0750906244 0.0421372131
v 1.83365678E-09 0.0850735754 0.0490562432
v 1.83365678E-09 0.09265136 0.06230125
v -0.0140982652 0.0967038348 0.0408193022
v 1.83365678E-09 0.09265136 0.06230125
v 1.83365678E-09 0.103227369 0.0657937
v -0.0140982652 0.0967038348 0.0408193022
v -0.0140982652 0.0967038348 0.0408193022
v 1.83365678E-09 0.103227369 0.0657937
v -0.009486683 0.117394574 0.05614001
v 1.83365678E-09 0.113770396 0.06559602
v -0.009486683 0.117394574 0.05614001
v 1.83365678E-09 0.103227369 0.0657937
v 1.83365678E-09 0.113770396 0.06559602
v 1.83365678E-09 0.122007132 0.0575897172
v -0.009486683 0.117394574 0.05614001
v 1.83365678E-09 0.122007132 0.0575897172
v 1.83365678E-09 0.121875338 0.045333147
v -0.009486683 0.117394574 0.05614001
v 1.83365678E-09 0.121875338 0.045333147
v 1.83365678E-09 0.114462249 0.03749158
v -0.009486683 0.117394574 0.05614001
v -0.009486683 0.117394574 0.05614001
v 1.83365678E-09 0.114462249 0.03749158
v -0.0140982652 0.0967038348 0.0408193022
v 1.83365678E-09 0.1076093 0.03729389
v -0.0140982652 0.0967038348 0.0408193022
v 1.83365678E-09 0.114462249 0.03749158
v 1.83365678E-09 0.10751044 0.0314950868
v -0.0140982652 0.0967038348 0.0408193022
v 1.83365678E-09 0.1076093 0.03729389
v 1.83365678E-09 0.10751044 0.0314950868
v -0.015580561 0.09591316 0.0273766145
v -0.0140982652 0.0967038348 0.0408193022
v -0.01587702 0.104281619 0.01703102
v -0.015580561 0.09591316 0.0273766145
v 1.83365678E-09 0.10751044 0.0314950868
v -0.009025524 0.0778252 0.0195679963
v -0.015580561 0.09591316 0.0273766145
v -0.01587702 0.104281619 0.01703102
v -0.015580561 0.09591316 0.0273766145
v -0.009025524 0.0778252 0.0195679963
v -0.0140982652 0.0967038348 0.0408193022
v -0.009025524 0.0778252 0.0195679963
v -0.01587702 0.104281619 0.01703102
v -0.0129124308 0.09406812 -2.97419137E-06
v -0.01587702 0.104281619 0.01703102
v -0.01587702 0.129222512 0.0124842273
v -0.0129124308 0.09406812 -2.97419137E-06
v -0.0124842124 0.137459248 -2.97419137E-06
v -0.0129124308 0.09406812 -2.97419137E-06
v -0.01587702 0.129222512 0.0124842273
v -0.01587702 0.147771671 0.02243445
v -0.0124842124 0.137459248 -2.97419137E-06
v -0.01587702 0.129222512 0.0124842273
v -0.01587702 0.147771671 0.02243445
v -0.0152841015 0.159369066 0.0131431827
v -0.0124842124 0.137459248 -2.97419137E-06
v -0.0152841015 0.159369066 0.0131431827
v -0.01587702 0.147771671 0.02243445
v -0.0185451489 0.165661931 0.04457535
v -0.0152841015 0.159369066 0.0131431827
v -0.0185451489 0.165661931 0.04457535
v -0.008992584 0.173074961 0.0236205719
v -0.0185451489 0.165661931 0.04457535
v -0.0144935455 0.182926118 0.066156134
v -0.008992584 0.173074961 0.0236205719
v -0.008992584 0.173074961 0.0236205719
v -0.0144935455 0.182926118 0.066156134
v 1.83365678E-09 0.18398039 0.0396990776
v -0.008992584 0.173074961 0.0236205719
v 1.83365678E-09 0.18398039 0.0396990776
v 1.83365678E-09 0.173074961 0.0272448231
v -0.0144935455 0.182926118 0.066156134
v -0.0185451489 0.165661931 0.04457535
v -0.0165687557 0.183057919 0.083816126
v -0.0165687557 0.183057919 0.083816126
v 1.83365678E-09 0.178610086 0.09564438
v 1.83365678E-09 0.184837073 0.0938652
v -0.0165687557 0.183057919 0.083816126
v 1.83365678E-09 0.159369066 0.0571613945
v 1.83365678E-09 0.178610086 0.09564438
v -0.0165687557 0.183057919 0.083816126
v -0.0185451489 0.165661931 0.04457535
v 1.83365678E-09 0.159369066 0.0571613945
v -0.0185451489 0.165661931 0.04457535
v 1.83365678E-09 0.140589252 0.0347569138
v 1.83365678E-09 0.159369066 0.0571613945
v -0.0185451489 0.165661931 0.04457535
v -0.01587702 0.147771671 0.02243445
v 1.83365678E-09 0.140589252 0.0347569138
v -0.01587702 0.147771671 0.02243445
v 1.83365678E-09 0.123786271 0.0247407928
v 1.83365678E-09 0.140589252 0.0347569138
v -0.01587702 0.147771671 0.02243445
v -0.01587702 0.129222512 0.0124842273
v 1.83365678E-09 0.123786271 0.0247407928
v 1.83365678E-09 0.123786271 0.0247407928
v -0.01587702 0.129222512 0.0124842273
v 1.83365678E-09 0.112188928 0.0271130335
v 1.83365678E-09 0.112188928 0.0271130335
v -0.01587702 0.129222512 0.0124842273
v -0.01587702 0.104281619 0.01703102
v -0.01587702 0.104281619 0.01703102
v 1.83365678E-09 0.10751044 0.0314950868
v 1.83365678E-09 0.112188928 0.0271130335
v 0.030139992 0.877909958 0.06467348
v 0.021081524 0.7823637 0.0257951226
v 0.021081524 0.877909958 0.03521818
v 0.030139992 0.877909958 0.06467348
v 0.0291188527 0.7735009 0.0608844869
v 0.021081524 0.7823637 0.0257951226
v 0.030139992 0.877909958 0.06467348
v 0.021081524 0.7646381 0.0959409
v 0.0291188527 0.7735009 0.0608844869
v 0.030139992 0.877909958 0.06467348
v 0.021081524 0.877909958 0.09623743
v 0.021081524 0.7646381 0.0959409
v 1.83365678E-09 0.877909958 0.12196964
v 0.021081524 0.7646381 0.0959409
v 0.021081524 0.877909958 0.09623743
v 1.83365678E-09 0.877909958 0.12196964
v 0.021081524 0.877909958 0.09623743
v 0.0228932183 1.10145521 0.09557848
v 1.83365678E-09 0.877909958 0.12196964
v 0.0228932183 1.10145521 0.09557848
v 1.83365678E-09 1.07312083 0.113535017
v 1.83365678E-09 1.07312083 0.113535017
v 0.0228932183 1.10145521 0.09557848
v 0.0142300287 1.12952614 0.111755833
v 0.0239143521 1.393036 0.0938322544
v 0.0142300287 1.12952614 0.111755833
v 0.0228932183 1.10145521 0.09557848
v 0.0239143521 1.393036 0.0938322544
v 0.0142300287 1.393036 0.109021172
v 0.0142300287 1.12952614 0.111755833
v 0.0239143521 1.393036 0.0938322544
v 0.0195333511 1.47751212 0.0923496
v 0.0142300287 1.393036 0.109021172
v 0.0195333511 1.47751212 0.0923496
v 0.0239143521 1.393036 0.0938322544
v 0.0244413912 1.4730314 0.08358549
v 0.0244413912 1.4730314 0.08358549
v 0.021081524 1.56541479 0.06786942
v 0.0195333511 1.47751212 0.0923496
v 0.0279988963 1.4730314 0.06786942
v 0.021081524 1.56541479 0.06786942
v 0.0244413912 1.4730314 0.08358549
v 0.021081524 1.56541479 0.06786942
v 0.0279988963 1.4730314 0.06786942
v 0.0244413912 1.4730314 0.05218628
v 0.0289541576 1.393036 0.06786942
v 0.0244413912 1.4730314 0.05218628
v 0.0279988963 1.4730314 0.06786942
v 0.0244413912 1.4730314 0.05218628
v 0.0289541576 1.393036 0.06786942
v 0.0239143521 1.393036 0.0419395231
v 0.03099643 1.101554 0.06786942
v 0.0239143521 1.393036 0.0419395231
v 0.0289541576 1.393036 0.06786942
v 0.03099643 1.101554 0.06786942
v 0.030139992 0.877909958 0.06467348
v 0.021081524 0.877909958 0.03521818
v 0.03099643 1.101554 0.06786942
v 0.021081524 0.877909958 0.09623743
v 0.030139992 0.877909958 0.06467348
v 0.021081524 0.877909958 0.09623743
v 0.03099643 1.101554 0.06786942
v 0.0228932183 1.10145521 0.09557848
v 0.03099643 1.101554 0.06786942
v 0.0239143521 1.393036 0.0938322544
v 0.0228932183 1.10145521 0.09557848
v 0.03099643 1.101554 0.06786942
v 0.0289541576 1.393036 0.06786942
v 0.0239143521 1.393036 0.0938322544
v 0.0289541576 1.393036 0.06786942
v 0.0244413912 1.4730314 0.08358549
v 0.0239143521 1.393036 0.0938322544
v 0.0289541576 1.393036 0.06786942
v 0.0279988963 1.4730314 0.06786942
v 0.0244413912 1.4730314 0.08358549
v 0.03099643 1.101554 0.06786942
v 0.0228932183 1.10168588 0.040193297
v 0.0239143521 1.393036 0.0419395231
v 0.021081524 0.877909958 0.03521818
v 1.83365678E-09 1.07312083 0.0214789659
v 0.0228932183 1.10168588 0.040193297
v 0.021081524 0.877909958 0.03521818
v 0.021081524 0.877909958 0.03521818
v 1.83365678E-09 0.877909958 0.0151200471
v 1.83365678E-09 1.07312083 0.0214789659
v 0.021081524 0.7823637 0.0257951226
v 1.83365678E-09 0.877909958 0.0151200471
v 0.021081524 0.877909958 0.03521818
v 1.83365678E-09 0.7823637 0.005696989
v 0.0142300287 1.13044858 0.0240159445
v 0.0228932183 1.10168588 0.040193297
v 1.83365678E-09 1.07312083 0.0214789659
v 0.0239143521 1.393036 0.0419395231
v 0.0228932183 1.10168588 0.040193297
v 0.0142300287 1.13044858 0.0240159445
v 0.0239143521 1.393036 0.0419395231
v 0.0142300287 1.13044858 0.0240159445
v 0.0142300287 1.393036 0.02675061
v 0.0195333511 1.47751212 0.0434221737
v 0.0239143521 1.393036 0.0419395231
v 0.0142300287 1.393036 0.02675061
v 0.0239143521 1.393036 0.0419395231
v 0.0195333511 1.47751212 0.0434221737
v 0.0244413912 1.4730314 0.05218628
v 0.021081524 1.56541479 0.06786942
v 0.0244413912 1.4730314 0.05218628
v 0.0195333511 1.47751212 0.0434221737
v -0.0301399864 0.877909958 0.06467348
v -0.0210815184 0.877909958 0.03521818
v -0.0210815184 0.7823637 0.0257951226
v -0.0301399864 0.877909958 0.06467348
v -0.0210815184 0.7823637 0.0257951226
v -0.029118849 0.7735009 0.0608844869
v -0.0301399864 0.877909958 0.06467348
v -0.029118849 0.7735009 0.0608844869
v -0.0210815184 0.7646381 0.0959409
v -0.0301399864 0.877909958 0.06467348
v -0.0210815184 0.7646381 0.0959409
v -0.0210815184 0.877909958 0.09623743
v 1.83365678E-09 0.877909958 0.12196964
v -0.0210815184 0.877909958 0.09623743
v -0.0210815184 0.7646381 0.0959409
v 1.83365678E-09 0.877909958 0.12196964
v -0.0228932146 1.10145521 0.09557848
v -0.0210815184 0.877909958 0.09623743
v 1.83365678E-09 0.877909958 0.12196964
v 1.83365678E-09 1.07312083 0.113535017
v -0.0228932146 1.10145521 0.09557848
v 1.83365678E-09 1.07312083 0.113535017
v -0.0142300259 1.12952614 0.111755833
v -0.0228932146 1.10145521 0.09557848
v -0.0239143483 1.393036 0.0938322544
v -0.0228932146 1.10145521 0.09557848
v -0.0142300259 1.12952614 0.111755833
v -0.0239143483 1.393036 0.0938322544
v -0.0142300259 1.12952614 0.111755833
v -0.0142300259 1.393036 0.109021172
v -0.0239143483 1.393036 0.0938322544
v -0.0142300259 1.393036 0.109021172
v -0.0195333455 1.47751212 0.0923496
v -0.0195333455 1.47751212 0.0923496
v -0.02444139 1.4730314 0.08358549
v -0.0239143483 1.393036 0.0938322544
v -0.02444139 1.4730314 0.08358549
v -0.0195333455 1.47751212 0.0923496
v -0.0210815184 1.56541479 0.06786942
v -0.0279988926 1.4730314 0.06786942
v -0.02444139 1.4730314 0.08358549
v -0.0210815184 1.56541479 0.06786942
v -0.0210815184 1.56541479 0.06786942
v -0.02444139 1.4730314 0.05218628
v -0.0279988926 1.4730314 0.06786942
v -0.028954152 1.393036 0.06786942
v -0.0279988926 1.4730314 0.06786942
v -0.02444139 1.4730314 0.05218628
v -0.02444139 1.4730314 0.05218628
v -0.0239143483 1.393036 0.0419395231
v -0.028954152 1.393036 0.06786942
v -0.03099642 1.101554 0.06786942
v -0.028954152 1.393036 0.06786942
v -0.0239143483 1.393036 0.0419395231
v -0.028954152 1.393036 0.06786942
v -0.02444139 1.4730314 0.08358549
v -0.0279988926 1.4730314 0.06786942
v -0.028954152 1.393036 0.06786942
v -0.0239143483 1.393036 0.0938322544
v -0.02444139 1.4730314 0.08358549
v -0.03099642 1.101554 0.06786942
v -0.0239143483 1.393036 0.0938322544
v -0.028954152 1.393036 0.06786942
v -0.03099642 1.101554 0.06786942
v -0.0228932146 1.10145521 0.09557848
v -0.0239143483 1.393036 0.0938322544
v -0.0210815184 0.877909958 0.09623743
v -0.0228932146 1.10145521 0.09557848
v -0.03099642 1.101554 0.06786942
v -0.03099642 1.101554 0.06786942
v -0.0301399864 0.877909958 0.06467348
v -0.0210815184 0.877909958 0.09623743
v -0.03099642 1.101554 0.06786942
v -0.0210815184 0.877909958 0.03521818
v -0.0301399864 0.877909958 0.06467348
v -0.03099642 1.101554 0.06786942
v -0.0239143483 1.393036 0.0419395231
v -0.0228932146 1.10168588 0.040193297
v -0.0210815184 0.877909958 0.03521818
v 1.83365678E-09 1.07312083 0.0214789659
v -0.0210815184 0.877909958 0.03521818
v -0.0228932146 1.10168588 0.040193297
v -0.0210815184 0.877909958 0.03521818
v 1.83365678E-09 1.07312083 0.0214789659
v 1.83365678E-09 0.877909958 0.0151200471
v -0.0210815184 0.7823637 0.0257951226
v -0.0210815184 0.877909958 0.03521818
v 1.83365678E-09 0.877909958 0.0151200471
v 1.83365678E-09 0.7823637 0.005696989
v -0.0142300259 1.13044858 0.0240159445
v 1.83365678E-09 1.07312083 0.0214789659
v -0.0228932146 1.10168588 0.040193297
v -0.0239143483 1.393036 0.0419395231
v -0.0142300259 1.13044858 0.0240159445
v -0.0228932146 1.10168588 0.040193297
v -0.0239143483 1.393036 0.0419395231
v -0.0142300259 1.393036 0.02675061
v -0.0142300259 1.13044858 0.0240159445
v -0.0195333455 1.47751212 0.0434221737
v -0.0142300259 1.393036 0.02675061
v -0.0239143483 1.393036 0.0419395231
v -0.0239143483 1.393036 0.0419395231
v -0.02444139 1.4730314 0.05218628
v -0.0195333455 1.47751212 0.0434221737
v -0.0210815184 1.56541479 0.06786942
v -0.0195333455 1.47751212 0.0434221737
v -0.02444139 1.4730314 0.05218628
v 0.0152511653 1.63849127 0.00691605639
v 1.83365678E-09 1.65117574 0.0210835952
v 0.021081524 1.56541479 0.06786942
v 0.0152511653 1.70178246 -0.0355865546
v 1.83365678E-09 1.65117574 0.0210835952
v 0.0152511653 1.63849127 0.00691605639
v 1.83365678E-09 1.65117574 0.0210835952
v 0.0152511653 1.70178246 -0.0355865546
v 1.83365678E-09 1.7660948 -0.06131876
v 0.0152511653 1.70178246 -0.0355865546
v 1.83365678E-09 1.647288 -0.04507551
v 1.83365678E-09 1.7660948 -0.06131876
v 1.83365678E-09 1.647288 -0.04507551
v 0.0152511653 1.70178246 -0.0355865546
v 0.0152511653 1.62722325 -0.02649297
v 0.0152511653 1.62722325 -0.02649297
v 1.83365678E-09 1.54699755 -0.0290958472
v 1.83365678E-09 1.647288 -0.04507551
v 1.83365678E-09 1.54699755 -0.0290958472
v 0.0152511653 1.62722325 -0.02649297
v 0.0148229478 1.53628969 -0.0125890179
v 0.0148229478 1.53628969 -0.0125890179
v 1.83365678E-09 1.43708622 -0.008470548
v 1.83365678E-09 1.54699755 -0.0290958472
v 0.0148229478 1.53628969 -0.0125890179
v 0.0148229478 1.44479573 0.00276463735
v 1.83365678E-09 1.43708622 -0.008470548
v 0.0188086722 1.4136939 0.0213471763
v 1.83365678E-09 1.43708622 -0.008470548
v 0.0148229478 1.44479573 0.00276463735
v 0.0188086722 1.4136939 0.0213471763
v 0.0148229478 1.44479573 0.00276463735
v 0.0244743321 1.51055813 0.01525184
v 0.0215426814 1.48459589 0.03432859
v 0.0188086722 1.4136939 0.0213471763
v 0.0244743321 1.51055813 0.01525184
v 0.0215426814 1.56525 0.04731001
v 0.0215426814 1.48459589 0.03432859
v 0.0244743321 1.51055813 0.01525184
v 0.0215426814 1.48459589 0.03432859
v 0.0215426814 1.56525 0.04731001
v 0.021081524 1.56541479 0.06786942
v 0.0152511653 1.63849127 0.00691605639
v 0.021081524 1.56541479 0.06786942
v 0.0215426814 1.56525 0.04731001
v 0.0152511653 1.63849127 0.00691605639
v 0.0215426814 1.56525 0.04731001
v 0.0244743321 1.60814691 -0.00428618351
v 0.0152511653 1.70178246 -0.0355865546
v 0.0152511653 1.63849127 0.00691605639
v 0.0244743321 1.60814691 -0.00428618351
v 0.0152511653 1.62722325 -0.02649297
v 0.0152511653 1.70178246 -0.0355865546
v 0.0244743321 1.60814691 -0.00428618351
v 0.0148229478 1.53628969 -0.0125890179
v 0.0152511653 1.62722325 -0.02649297
v 0.0244743321 1.60814691 -0.00428618351
v 0.0148229478 1.53628969 -0.0125890179
v 0.0244743321 1.60814691 -0.00428618351
v 0.0244743321 1.51055813 0.01525184
v 0.0148229478 1.44479573 0.00276463735
v 0.0148229478 1.53628969 -0.0125890179
v 0.0244743321 1.51055813 0.01525184
v 0.0215426814 1.56525 0.04731001
v 0.0244743321 1.51055813 0.01525184
v 0.0244743321 1.60814691 -0.00428618351
v 0.0179522354 1.99329722 0.08170746
v 0.0285918154 1.96433711 0.06786942
v 0.0180839971 2.034613 0.06786942
v 0.0192039534 1.91765118 0.101245493
v 0.0285918154 1.96433711 0.06786942
v 0.0179522354 1.99329722 0.08170746
v 0.0285918154 1.96433711 0.06786942
v 0.0192039534 1.91765118 0.101245493
v 0.0351797938 1.87745571 0.06786942
v 0.0192039534 1.91765118 0.101245493
v 0.021081524 1.83726048 0.1189055
v 0.0351797938 1.87745571 0.06786942
v 0.021081524 1.83726048 0.1189055
v 0.0407466255 1.74556911 0.06786942
v 0.0351797938 1.87745571 0.06786942
v 0.021081524 1.83726048 0.1189055
v 0.021081524 1.74556911 0.134885162
v 0.0407466255 1.74556911 0.06786942
v 0.021081524 1.74556911 0.134885162
v 0.03346692 1.6579299 0.06786942
v 0.0407466255 1.74556911 0.06786942
v 0.021081524 1.74556911 0.134885162
v 0.021081524 1.656711 0.100685388
v 0.03346692 1.6579299 0.06786942
v 0.021081524 1.656711 0.100685388
v 0.021081524 1.56541479 0.06786942
v 0.03346692 1.6579299 0.06786942
v 0.021081524 1.56541479 0.06786942
v 0.021081524 1.656711 0.100685388
v 1.83365678E-09 1.65117574 0.11468818
v 0.021081524 1.656711 0.100685388
v 1.83365678E-09 1.74556911 0.1552798
v 1.83365678E-09 1.65117574 0.11468818
v 0.021081524 1.656711 0.100685388
v 0.021081524 1.74556911 0.134885162
v 1.83365678E-09 1.74556911 0.1552798
v 0.021081524 1.74556911 0.134885162
v 1.83365678E-09 1.83726048 0.142792627
v 1.83365678E-09 1.74556911 0.1552798
v 0.021081524 1.74556911 0.134885162
v 0.021081524 1.83726048 0.1189055
v 1.83365678E-09 1.83726048 0.142792627
v 0.021081524 1.83726048 0.1189055
v 1.83365678E-09 1.91765118 0.128328532
v 1.83365678E-09 1.83726048 0.142792627
v 0.021081524 1.83726048 0.1189055
v 0.0192039534 1.91765118 0.101245493
v 1.83365678E-09 1.91765118 0.128328532
v 0.0192039534 1.91765118 0.101245493
v 1.83365678E-09 1.99329722 0.111426361
v 1.83365678E-09 1.91765118 0.128328532
v 0.0192039534 1.91765118 0.101245493
v 0.0179522354 1.99329722 0.08170746
v 1.83365678E-09 1.99329722 0.111426361
v 0.0179522354 1.99329722 0.08170746
v 1.83365678E-09 2.05846667 0.0937993
v 1.83365678E-09 1.99329722 0.111426361
v 0.0179522354 1.99329722 0.08170746
v 0.0181169342 2.063244 0.06786942
v 1.83365678E-09 2.05846667 0.0937993
v 0.0181169342 2.063244 0.06786942
v 1.83365678E-09 2.157011 0.06786942
v 1.83365678E-09 2.05846667 0.0937993
v 0.0181169342 2.063244 0.06786942
v 0.0179522354 1.99329722 0.08170746
v 0.0180839971 2.034613 0.06786942
v 0.0181169342 2.063244 0.06786942
v 1.83365678E-09 2.05846667 0.0419724733
v 1.83365678E-09 2.157011 0.06786942
v 0.0181169342 2.063244 0.06786942
v 0.0179522354 1.99329722 0.0540643
v 1.83365678E-09 2.05846667 0.0419724733
v 1.83365678E-09 2.05846667 0.0419724733
v 0.0179522354 1.99329722 0.0540643
v 1.83365678E-09 1.99329722 0.02434542
v 0.0192039534 1.91765118 0.03449333
v 1.83365678E-09 1.99329722 0.02434542
v 0.0179522354 1.99329722 0.0540643
v 1.83365678E-09 1.99329722 0.02434542
v 0.0192039534 1.91765118 0.03449333
v 1.83365678E-09 1.91765118 0.00744322
v 0.021081524 1.83726048 0.0168662779
v 1.83365678E-09 1.91765118 0.00744322
v 0.0192039534 1.91765118 0.03449333
v 1.83365678E-09 1.91765118 0.00744322
v 0.021081524 1.83726048 0.0168662779
v 1.83365678E-09 1.83726048 -0.007053795
v 0.021081524 1.74556911 0.0008866152
v 1.83365678E-09 1.83726048 -0.007053795
v 0.021081524 1.83726048 0.0168662779
v 1.83365678E-09 1.83726048 -0.007053795
v 0.021081524 1.74556911 0.0008866152
v 1.83365678E-09 1.74556911 -0.019508047
v 0.021081524 1.656711 0.0350863934
v 1.83365678E-09 1.74556911 -0.019508047
v 0.021081524 1.74556911 0.0008866152
v 1.83365678E-09 1.74556911 -0.019508047
v 0.021081524 1.656711 0.0350863934
v 1.83365678E-09 1.65117574 0.0210835952
v 0.021081524 1.656711 0.0350863934
v 0.021081524 1.56541479 0.06786942
v 1.83365678E-09 1.65117574 0.0210835952
v 0.021081524 1.656711 0.0350863934
v 0.03346692 1.6579299 0.06786942
v 0.021081524 1.56541479 0.06786942
v 0.021081524 1.74556911 0.0008866152
v 0.03346692 1.6579299 0.06786942
v 0.021081524 1.656711 0.0350863934
v 0.03346692 1.6579299 0.06786942
v 0.021081524 1.74556911 0.0008866152
v 0.0407466255 1.74556911 0.06786942
v 0.021081524 1.83726048 0.0168662779
v 0.0407466255 1.74556911 0.06786942
v 0.021081524 1.74556911 0.0008866152
v 0.0407466255 1.74556911 0.06786942
v 0.021081524 1.83726048 0.0168662779
v 0.0351797938 1.87745571 0.06786942
v 0.021081524 1.83726048 0.0168662779
v 0.0192039534 1.91765118 0.03449333
v 0.0351797938 1.87745571 0.06786942
v 0.0192039534 1.91765118 0.03449333
v 0.0285918154 1.96433711 0.06786942
v 0.0351797938 1.87745571 0.06786942
v 0.0285918154 1.96433711 0.06786942
v 0.0192039534 1.91765118 0.03449333
v 0.0179522354 1.99329722 0.0540643
v 0.0179522354 1.99329722 0.0540643
v 0.0180839971 2.034613 0.06786942
v 0.0285918154 1.96433711 0.06786942
v 0.0181169342 2.063244 0.06786942
v 0.0180839971 2.034613 0.06786942
v 0.0179522354 1.99329722 0.0540643
v -0.0152511625 1.63849127 0.00691605639
v -0.0210815184 1.56541479 0.06786942
v 1.83365678E-09 1.65117574 0.0210835952
v -0.0152511625 1.70178246 -0.0355865546
v -0.0152511625 1.63849127 0.00691605639
v 1.83365678E-09 1.65117574 0.0210835952
v 1.83365678E-09 1.65117574 0.0210835952
v 1.83365678E-09 1.7660948 -0.06131876
v -0.0152511625 1.70178246 -0.0355865546
v -0.0152511625 1.70178246 -0.0355865546
v 1.83365678E-09 1.7660948 -0.06131876
v 1.83365678E-09 1.647288 -0.04507551
v 1.83365678E-09 1.647288 -0.04507551
v -0.0152511625 1.62722325 -0.02649297
v -0.0152511625 1.70178246 -0.0355865546
v -0.0152511625 1.62722325 -0.02649297
v 1.83365678E-09 1.647288 -0.04507551
v 1.83365678E-09 1.54699755 -0.0290958472
v 1.83365678E-09 1.54699755 -0.0290958472
v -0.0148229422 1.53628969 -0.0125890179
v -0.0152511625 1.62722325 -0.02649297
v -0.0148229422 1.53628969 -0.0125890179
v 1.83365678E-09 1.54699755 -0.0290958472
v 1.83365678E-09 1.43708622 -0.008470548
v -0.0148229422 1.53628969 -0.0125890179
v 1.83365678E-09 1.43708622 -0.008470548
v -0.0148229422 1.44479573 0.00276463735
v -0.0188086685 1.4136939 0.0213471763
v -0.0148229422 1.44479573 0.00276463735
v 1.83365678E-09 1.43708622 -0.008470548
v -0.0188086685 1.4136939 0.0213471763
v -0.02447433 1.51055813 0.01525184
v -0.0148229422 1.44479573 0.00276463735
v -0.02154268 1.48459589 0.03432859
v -0.02447433 1.51055813 0.01525184
v -0.0188086685 1.4136939 0.0213471763
v -0.02154268 1.56525 0.04731001
v -0.02447433 1.51055813 0.01525184
v -0.02154268 1.48459589 0.03432859
v -0.02154268 1.48459589 0.03432859
v -0.0210815184 1.56541479 0.06786942
v -0.02154268 1.56525 0.04731001
v -0.0152511625 1.63849127 0.00691605639
v -0.02154268 1.56525 0.04731001
v -0.0210815184 1.56541479 0.06786942
v -0.0152511625 1.63849127 0.00691605639
v -0.02447433 1.60814691 -0.00428618351
v -0.02154268 1.56525 0.04731001
v -0.0152511625 1.70178246 -0.0355865546
v -0.02447433 1.60814691 -0.00428618351
v -0.0152511625 1.63849127 0.00691605639
v -0.0152511625 1.62722325 -0.02649297
v -0.02447433 1.60814691 -0.00428618351
v -0.0152511625 1.70178246 -0.0355865546
v -0.0148229422 1.53628969 -0.0125890179
v -0.02447433 1.60814691 -0.00428618351
v -0.0152511625 1.62722325 -0.02649297
v -0.0148229422 1.53628969 -0.0125890179
v -0.02447433 1.51055813 0.01525184
v -0.02447433 1.60814691 -0.00428618351
v -0.0148229422 1.44479573 0.00276463735
v -0.02447433 1.51055813 0.01525184
v -0.0148229422 1.53628969 -0.0125890179
v -0.02154268 1.56525 0.04731001
v -0.02447433 1.60814691 -0.00428618351
v -0.02447433 1.51055813 0.01525184
v -0.01795223 1.99329722 0.08170746
v -0.0180839933 2.034613 0.06786942
v -0.0285918117 1.96433711 0.06786942
v -0.0192039479 1.91765118 0.101245493
v -0.01795223 1.99329722 0.08170746
v -0.0285918117 1.96433711 0.06786942
v -0.0285918117 1.96433711 0.06786942
v -0.0351797827 1.87745571 0.06786942
v -0.0192039479 1.91765118 0.101245493
v -0.0192039479 1.91765118 0.101245493
v -0.0351797827 1.87745571 0.06786942
v -0.0210815184 1.83726048 0.1189055
v -0.0210815184 1.83726048 0.1189055
v -0.0351797827 1.87745571 0.06786942
v -0.0407466255 1.74556911 0.06786942
v -0.0210815184 1.83726048 0.1189055
v -0.0407466255 1.74556911 0.06786942
v -0.0210815184 1.74556911 0.134885162
v -0.0210815184 1.74556911 0.134885162
v -0.0407466255 1.74556911 0.06786942
v -0.0334669128 1.6579299 0.06786942
v -0.0210815184 1.74556911 0.134885162
v -0.0334669128 1.6579299 0.06786942
v -0.0210815184 1.656711 0.100685388
v -0.0210815184 1.656711 0.100685388
v -0.0334669128 1.6579299 0.06786942
v -0.0210815184 1.56541479 0.06786942
v -0.0210815184 1.56541479 0.06786942
v 1.83365678E-09 1.65117574 0.11468818
v -0.0210815184 1.656711 0.100685388
v -0.0210815184 1.656711 0.100685388
v 1.83365678E-09 1.65117574 0.11468818
v 1.83365678E-09 1.74556911 0.1552798
v -0.0210815184 1.656711 0.100685388
v 1.83365678E-09 1.74556911 0.1552798
v -0.0210815184 1.74556911 0.134885162
v -0.0210815184 1.74556911 0.134885162
v 1.83365678E-09 1.74556911 0.1552798
v 1.83365678E-09 1.83726048 0.142792627
v -0.0210815184 1.74556911 0.134885162
v 1.83365678E-09 1.83726048 0.142792627
v -0.0210815184 1.83726048 0.1189055
v -0.0210815184 1.83726048 0.1189055
v 1.83365678E-09 1.83726048 0.142792627
v 1.83365678E-09 1.91765118 0.128328532
v -0.0210815184 1.83726048 0.1189055
v 1.83365678E-09 1.91765118 0.128328532
v -0.0192039479 1.91765118 0.101245493
v -0.0192039479 1.91765118 0.101245493
v 1.83365678E-09 1.91765118 0.128328532
v 1.83365678E-09 1.99329722 0.111426361
v -0.0192039479 1.91765118 0.101245493
v 1.83365678E-09 1.99329722 0.111426361
v -0.01795223 1.99329722 0.08170746
v -0.0210815184 1.83726048 0.0168662779
v -0.0210815184 1.74556911 0.0008866152
v -0.0407466255 1.74556911 0.06786942
v -0.0407466255 1.74556911 0.06786942
v -0.0351797827 1.87745571 0.06786942
v -0.0210815184 1.83726048 0.0168662779
v -0.0210815184 1.83726048 0.0168662779
v -0.0351797827 1.87745571 0.06786942
v -0.0192039479 1.91765118 0.03449333
v -0.0192039479 1.91765118 0.03449333
v -0.0351797827 1.87745571 0.06786942
v -0.0285918117 1.96433711 0.06786942
v -0.0285918117 1.96433711 0.06786942
v -0.01795223 1.99329722 0.0540643
v -0.0192039479 1.91765118 0.03449333
v -0.01795223 1.99329722 0.0540643
v -0.0285918117 1.96433711 0.06786942
v -0.0180839933 2.034613 0.06786942
v -0.01811693 2.063244 0.06786942
v -0.01795223 1.99329722 0.0540643
v -0.0180839933 2.034613 0.06786942
v -0.01811693 2.063244 0.06786942
v -0.0180839933 2.034613 0.06786942
v -0.01795223 1.99329722 0.08170746
v -0.01795223 1.99329722 0.08170746
v 1.83365678E-09 1.99329722 0.111426361
v 1.83365678E-09 2.05846667 0.0937993
v -0.01795223 1.99329722 0.08170746
v 1.83365678E-09 2.05846667 0.0937993
v -0.01811693 2.063244 0.06786942
v -0.01811693 2.063244 0.06786942
v 1.83365678E-09 2.05846667 0.0937993
v 1.83365678E-09 2.157011 0.06786942
v -0.01811693 2.063244 0.06786942
v 1.83365678E-09 2.157011 0.06786942
v 1.83365678E-09 2.05846667 0.0419724733
v -0.01811693 2.063244 0.06786942
v 1.83365678E-09 2.05846667 0.0419724733
v -0.01795223 1.99329722 0.0540643
v 1.83365678E-09 2.05846667 0.0419724733
v 1.83365678E-09 1.99329722 0.02434542
v -0.01795223 1.99329722 0.0540643
v -0.0192039479 1.91765118 0.03449333
v -0.01795223 1.99329722 0.0540643
v 1.83365678E-09 1.99329722 0.02434542
v 1.83365678E-09 1.99329722 0.02434542
v 1.83365678E-09 1.91765118 0.00744322
v -0.0192039479 1.91765118 0.03449333
v -0.0210815184 1.83726048 0.0168662779
v -0.0192039479 1.91765118 0.03449333
v 1.83365678E-09 1.91765118 0.00744322
v 1.83365678E-09 1.91765118 0.00744322
v 1.83365678E-09 1.83726048 -0.007053795
v -0.0210815184 1.83726048 0.0168662779
v -0.0210815184 1.74556911 0.0008866152
v -0.0210815184 1.83726048 0.0168662779
v 1.83365678E-09 1.83726048 -0.007053795
v 1.83365678E-09 1.83726048 -0.007053795
v 1.83365678E-09 1.74556911 -0.019508047
v -0.0210815184 1.74556911 0.0008866152
v -0.0210815184 1.656711 0.0350863934
v -0.0210815184 1.74556911 0.0008866152
v 1.83365678E-09 1.74556911 -0.019508047
v 1.83365678E-09 1.74556911 -0.019508047
v 1.83365678E-09 1.65117574 0.0210835952
v -0.0210815184 1.656711 0.0350863934
v -0.0210815184 1.656711 0.0350863934
v 1.83365678E-09 1.65117574 0.0210835952
v -0.0210815184 1.56541479 0.06786942
v -0.0210815184 1.656711 0.0350863934
v -0.0210815184 1.56541479 0.06786942
v -0.0334669128 1.6579299 0.06786942
v -0.0210815184 1.74556911 0.0008866152
v -0.0210815184 1.656711 0.0350863934
v -0.0334669128 1.6579299 0.06786942
v -0.0334669128 1.6579299 0.06786942
v -0.0407466255 1.74556911 0.06786942
v -0.0210815184 1.74556911 0.0008866152
v 1.83365678E-09 0.5097273 0.045333147
v -0.0210815184 0.496087253 0.0141645642
v 1.83365678E-09 0.496087253 0.0311656073
v 1.83365678E-09 0.5097273 0.045333147
v -0.0210815184 0.5270245 0.0308690779
v -0.0210815184 0.496087253 0.0141645642
v 1.83365678E-09 0.5097273 0.045333147
v -0.0210815184 0.539643168 0.04984699
v -0.0210815184 0.5270245 0.0308690779
v 1.83365678E-09 0.5097273 0.045333147
v 1.83365678E-09 0.5165802 0.0647393838
v -0.0210815184 0.539643168 0.04984699
v 1.83365678E-09 0.5165802 0.0647393838
v -0.0210815184 0.540499866 0.0782809
v -0.0210815184 0.539643168 0.04984699
v 1.83365678E-09 0.508837759 0.08964788
v -0.0210815184 0.540499866 0.0782809
v 1.83365678E-09 0.5165802 0.0647393838
v -0.0210815184 0.540499866 0.0782809
v 1.83365678E-09 0.508837759 0.08964788
v -0.0154817393 0.525640666 0.099664
v 1.83365678E-09 0.493616223 0.111755833
v -0.0154817393 0.525640666 0.099664
v 1.83365678E-09 0.508837759 0.08964788
v -0.0154817393 0.525640666 0.099664
v 1.83365678E-09 0.493616223 0.111755833
v -0.0147241233 0.50906837 0.122397952
v 1.83365678E-09 0.466797352 0.132809445
v -0.0147241233 0.50906837 0.122397952
v 1.83365678E-09 0.493616223 0.111755833
v -0.0147241233 0.50906837 0.122397952
v 1.83365678E-09 0.466797352 0.132809445
v -0.01857809 0.490980476 0.148031324
v 1.83365678E-09 0.513318539 0.160057262
v -0.0147241233 0.50906837 0.122397952
v -0.01857809 0.490980476 0.148031324
v -0.02351907 0.488773018 0.171918437
v 1.83365678E-09 0.513318539 0.160057262
v -0.01857809 0.490980476 0.148031324
v 1.83365678E-09 0.5115723 0.177124172
v 1.83365678E-09 0.513318539 0.160057262
v -0.02351907 0.488773018 0.171918437
v 1.83365678E-09 0.5115723 0.177124172
v -0.02351907 0.488773018 0.171918437
v -0.03366455 0.488970727 0.192214265
v 1.83365678E-09 0.5115723 0.177124172
v -0.03366455 0.488970727 0.192214265
v 1.83365678E-09 0.520138562 0.17728892
v -0.0221355986 0.520138562 0.188655913
v 1.83365678E-09 0.520138562 0.17728892
v -0.03366455 0.488970727 0.192214265
v -0.03366455 0.488970727 0.192214265
v -0.0221355986 0.519710243 0.211389869
v -0.0221355986 0.520138562 0.188655913
v -0.0316881649 0.450455725 0.180056542
v -0.01857809 0.490980476 0.148031324
v 1.83365678E-09 0.466797352 0.132809445
v -0.01857809 0.490980476 0.148031324
v -0.0316881649 0.450455725 0.180056542
v -0.02351907 0.488773018 0.171918437
v -0.0316881649 0.450455725 0.180056542
v -0.03366455 0.488970727 0.192214265
v -0.02351907 0.488773018 0.171918437
v -0.03366455 0.488970727 0.192214265
v -0.0316881649 0.450455725 0.180056542
v -0.0361679867 0.449302554 0.194388837
v -0.0361679867 0.449302554 0.194388837
v -0.022794392 0.4898273 0.21343264
v -0.03366455 0.488970727 0.192214265
v -0.022794392 0.4898273 0.21343264
v -0.0361679867 0.449302554 0.194388837
v -0.0236178916 0.44831416 0.2128725
v -0.0347515754 0.402254283 0.190468043
v -0.0236178916 0.44831416 0.2128725
v -0.0361679867 0.449302554 0.194388837
v -0.0236178916 0.44831416 0.2128725
v -0.0347515754 0.402254283 0.190468043
v -0.0211474 0.399585575 0.205689862
v -0.0347515754 0.402254283 0.190468043
v -0.0192039479 0.340379745 0.188128725
v -0.0211474 0.399585575 0.205689862
v -0.0347515754 0.402254283 0.190468043
v -0.0361679867 0.449302554 0.194388837
v -0.0316881649 0.450455725 0.180056542
v -0.03366455 0.488970727 0.192214265
v -0.022794392 0.4898273 0.21343264
v -0.0221355986 0.519710243 0.211389869
v -0.022794392 0.4898273 0.21343264
v 1.83365678E-09 0.5192819 0.222756863
v -0.0221355986 0.519710243 0.211389869
v 1.83365678E-09 0.5192819 0.222756863
v -0.022794392 0.4898273 0.21343264
v 1.83365678E-09 0.490815759 0.222229674
v -0.0236178916 0.44831416 0.2128725
v 1.83365678E-09 0.490815759 0.222229674
v -0.022794392 0.4898273 0.21343264
v 1.83365678E-09 0.490815759 0.222229674
v -0.0236178916 0.44831416 0.2128725
v 1.83365678E-09 0.447951674 0.222229674
v -0.0211474 0.399585575 0.205689862
v 1.83365678E-09 0.447951674 0.222229674
v -0.0236178916 0.44831416 0.2128725
v 1.83365678E-09 0.447951674 0.222229674
v -0.0211474 0.399585575 0.205689862
v 1.83365678E-09 0.3983335 0.213860929
v -0.0211474 0.399585575 0.205689862
v 1.83365678E-09 0.33837 0.195014834
v 1.83365678E-09 0.3983335 0.213860929
v -0.0211474 0.399585575 0.205689862
v -0.0192039479 0.340379745 0.188128725
v 1.83365678E-09 0.33837 0.195014834
v -0.0192039479 0.340379745 0.188128725
v 1.83365678E-09 0.293891519 0.174982578
v 1.83365678E-09 0.33837 0.195014834
v -0.007872628 0.4607681 -0.124907941
v 1.83365678E-09 0.434641063 -0.130509079
v 1.83365678E-09 0.447490424 -0.111531138
v -0.00184463139 0.46472165 -0.103294209
v 1.83365678E-09 0.4656443 -0.1114323
v -0.004051603 0.457736939 -0.111860633
v -0.004051603 0.457736939 -0.111860633
v 1.83365678E-09 0.4656443 -0.1114323
v -0.007872628 0.4607681 -0.124907941
v 1.83365678E-09 0.471838266 -0.116242677
v -0.007872628 0.4607681 -0.124907941
v 1.83365678E-09 0.4656443 -0.1114323
v -0.0101784207 0.478888929 -0.131958738
v -0.007872628 0.4607681 -0.124907941
v 1.83365678E-09 0.471838266 -0.116242677
v -0.0101784207 0.478888929 -0.131958738
v 1.83365678E-09 0.471838266 -0.116242677
v 1.83365678E-09 0.483139068 -0.116967522
v 1.83365678E-09 0.163059026 -0.0321270376
v -0.008992584 0.173074961 -0.02359357
v 1.83365678E-09 0.173074961 -0.0272507742
v -0.008992584 0.173074961 -0.02359357
v 1.83365678E-09 0.163059026 -0.0321270376
v -0.0140982652 0.159369066 -0.0131491311
v -0.0140982652 0.159369066 -0.0131491311
v -0.015580561 0.173074961 -0.0136433495
v -0.008992584 0.173074961 -0.02359357
v -0.017754592 0.159369066 -2.97419137E-06
v -0.015580561 0.173074961 -0.0136433495
v -0.0140982652 0.159369066 -0.0131491311
v -0.015580561 0.173074961 -0.0136433495
v -0.017754592 0.159369066 -2.97419137E-06
v -0.0180181134 0.173074961 -2.97419137E-06
v -0.017754592 0.159369066 -2.97419137E-06
v -0.015580561 0.173074961 0.0136373984
v -0.0180181134 0.173074961 -2.97419137E-06
v -0.0152841015 0.159369066 0.0131431827
v -0.015580561 0.173074961 0.0136373984
v -0.017754592 0.159369066 -2.97419137E-06
v -0.015580561 0.173074961 0.0136373984
v -0.0152841015 0.159369066 0.0131431827
v -0.008992584 0.173074961 0.0236205719
v -0.0140982652 0.159369066 -0.0131491311
v 1.83365678E-09 0.163059026 -0.0321270376
v 1.83365678E-09 0.159369066 -0.02066122
v -0.0142300259 1.12952614 0.111755833
v 1.83365678E-09 1.07312083 0.113535017
v 1.83365678E-09 0.9985949 0.148558468
v -0.0142300259 1.12952614 0.111755833
v 1.83365678E-09 0.9985949 0.148558468
v 1.83365678E-09 1.12441921 0.14058511
v 1.83365678E-09 1.12441921 0.14058511
v 1.83365678E-09 1.36572313 0.138970673
v -0.0142300259 1.12952614 0.111755833
v 1.83365678E-09 1.36572313 0.138970673
v -0.0142300259 1.393036 0.109021172
v -0.0142300259 1.12952614 0.111755833
v 1.83365678E-09 1.36572313 0.138970673
v 1.83365678E-09 1.43708622 0.144242316
v -0.0142300259 1.393036 0.109021172
v 1.83365678E-09 0.5977962 0.268686026
v 1.83365678E-09 0.750900865 0.200022891
v -0.0441723727 0.5977962 0.234354451
v -0.0148229422 1.53628969 0.148360789
v 1.83365678E-09 1.43708622 0.144242316
v 1.83365678E-09 1.54699755 0.164867625
v 1.83365678E-09 0.6669833 -0.0323906243
v -0.0210815184 0.635420144 -0.03552066
v -0.0210815184 0.661481142 -0.0106121534
v 1.83365678E-09 0.6669833 -0.0323906243
v 1.83365678E-09 0.6488294 -0.04609689
v -0.0210815184 0.635420144 -0.03552066
v 1.83365678E-09 0.6488294 -0.04609689
v -0.0210815184 0.6272822 -0.06266961
v -0.0210815184 0.635420144 -0.03552066
v 0.021081524 0.496087253 -0.0141705107
v 1.83365678E-09 0.496087253 -0.0278438348
v 1.83365678E-09 0.51671207 -0.0279097259
v 0.021081524 0.496087253 -0.0141705107
v 1.83365678E-09 0.51671207 -0.0279097259
v 0.021081524 0.5269256 -0.0141705107
v 0.021081524 0.5269256 -0.0141705107
v 1.83365678E-09 0.51671207 -0.0279097259
v 1.83365678E-09 0.5340092 -0.0326542035
v 0.021081524 0.5269256 -0.0141705107
v 1.83365678E-09 0.5340092 -0.0326542035
v 0.021081524 0.5421801 -0.0245490558
v 1.83365678E-09 0.5340092 -0.0326542035
v 0.021081524 0.5483741 -0.04336223
v 0.021081524 0.5421801 -0.0245490558
v 1.83365678E-09 0.5340092 -0.0326542035
v 1.83365678E-09 0.540664554 -0.0456026681
v 0.021081524 0.5483741 -0.04336223
v 0.021081524 0.5483741 -0.04336223
v 1.83365678E-09 0.540664554 -0.0456026681
v 1.83365678E-09 0.540269136 -0.0599679
v 0.021081524 0.5483741 -0.04336223
v 1.83365678E-09 0.540269136 -0.0599679
v 0.021081524 0.5477811 -0.06876495
v 0.021081524 0.496087253 0.0141645642
v 0.021081524 0.5269256 -0.0141705107
v 0.021081524 0.5270245 0.0308690779
v 0.021081524 0.496087253 -0.0141705107
v 0.0192039534 0.340379745 0.188128725
v 0.0316881649 0.3434768 0.177453682
v 0.0347515754 0.402254283 0.190468043
v 0.0316881649 0.3434768 0.177453682
v 0.0192039534 0.340379745 0.188128725
v 0.0174581353 0.296099 0.170073375
v 1.83365678E-09 0.293891519 0.174982578
v 0.0174581353 0.296099 0.170073375
v 0.0192039534 0.340379745 0.188128725
v 1.83365678E-09 0.2533997 0.150700092
v 0.0174581353 0.296099 0.170073375
v 1.83365678E-09 0.293891519 0.174982578
v 1.83365678E-09 0.2533997 0.150700092
v 0.0154817449 0.255673081 0.146186247
v 0.0174581353 0.296099 0.170073375
v 0.0154817449 0.255673081 0.146186247
v 1.83365678E-09 0.2533997 0.150700092
v 1.83365678E-09 0.184837073 0.0938652
v 0.0154817449 0.255673081 0.146186247
v 1.83365678E-09 0.184837073 0.0938652
v 0.0165687613 0.183057919 0.083816126
v 0.0165687613 0.183057919 0.083816126
v 0.02421081 0.259000719 0.140057966
v 0.0154817449 0.255673081 0.146186247
v 0.0154817449 0.255673081 0.146186247
v 0.02421081 0.259000719 0.140057966
v 0.0282294787 0.29998672 0.161506921
v 0.0282294787 0.29998672 0.161506921
v 0.0174581353 0.296099 0.170073375
v 0.0154817449 0.255673081 0.146186247
v 0.0174581353 0.296099 0.170073375
v 0.0282294787 0.29998672 0.161506921
v 0.0316881649 0.3434768 0.177453682
v 0.0144935474 0.182926118 0.066156134
v 1.83365678E-09 0.18398039 0.0396990776
v 1.83365678E-09 0.275342435 0.109383591
v 0.0144935474 0.182926118 0.066156134
v 1.83365678E-09 0.275342435 0.109383591
v 0.02421081 0.259000719 0.140057966
v -0.0210815184 0.6272822 -0.06266961
v 1.83365678E-09 0.6488294 -0.04609689
v 1.83365678E-09 0.64230597 -0.06164823
v 1.83365678E-09 0.64230597 -0.06164823
v -0.0210815184 0.636375546 -0.08675443
v -0.0210815184 0.6272822 -0.06266961
v -0.0210815184 0.636375546 -0.08675443
v 1.83365678E-09 0.64230597 -0.06164823
v 1.83365678E-09 0.647676349 -0.07845159
v 1.83365678E-09 0.6690919 0.07409654
v -0.0210815184 0.7099132 0.0554481149
v -0.0210815184 0.646688 0.0449048243
v 0.009124348 0.496561766 -0.0239559971
v 1.83365678E-09 0.198411167 -0.02767909
v 1.83365678E-09 0.496561766 -0.02767909
v 0.009124348 0.198411167 -0.0239559971
v 0.0158440843 0.496561766 -0.013841033
v 0.009124348 0.198411167 -0.0239559971
v 0.009124348 0.496561766 -0.0239559971
v -0.0210815184 0.660624564 -0.101020791
v -0.0210815184 0.636375546 -0.08675443
v 1.83365678E-09 0.647676349 -0.07845159
v -0.0210815184 0.660624564 -0.101020791
v 1.83365678E-09 0.647676349 -0.07845159
v 1.83365678E-09 0.6641827 -0.09054342
v 1.83365678E-09 0.6641827 -0.09054342
v -0.0210815184 0.6887942 -0.100691333
v -0.0210815184 0.660624564 -0.101020791
v 1.83365678E-09 0.6641827 -0.09054342
v 1.83365678E-09 0.6874104 -0.09182839
v -0.0210815184 0.6887942 -0.100691333
v -0.0210815184 0.7116265 -0.08833592
v -0.0210815184 0.6887942 -0.100691333
v 1.83365678E-09 0.6874104 -0.09182839
v -0.0210815184 0.7116265 -0.08833592
v 1.83365678E-09 0.6874104 -0.09182839
v 1.83365678E-09 0.7071127 -0.08135099
v 1.83365678E-09 0.7071127 -0.08135099
v -0.0210815184 0.728758931 -0.06665629
v -0.0210815184 0.7116265 -0.08833592
v -0.0210815184 0.728758931 -0.06665629
v 1.83365678E-09 0.7071127 -0.08135099
v 1.83365678E-09 0.7153166 -0.07120308
v -0.0195992254 0.726979852 -0.0621424541
v -0.0210815184 0.728758931 -0.06665629
v 1.83365678E-09 0.7153166 -0.07120308
v -0.0195992254 0.726979852 -0.0621424541
v 1.83365678E-09 0.7153166 -0.07120308
v 1.83365678E-09 0.7139328 -0.0671505
v -0.0195992254 0.726979852 -0.0621424541
v 1.83365678E-09 0.7139328 -0.0671505
v 1.83365678E-09 0.686092556 -0.0652065948
v -0.0210815184 0.7444417 0.0736023262
v -0.0210815184 0.7646381 0.0959409
v -0.029118849 0.7735009 0.0608844869
v -0.029118849 0.7735009 0.0608844869
v -0.0288553312 0.7149211 0.0327800475
v -0.0210815184 0.7444417 0.0736023262
v -0.0288553312 0.7149211 0.0327800475
v -0.029118849 0.7735009 0.0608844869
v -0.0210815184 0.7823637 0.0257951226
v -0.0288553312 0.7149211 0.0327800475
v -0.0210815184 0.7823637 0.0257951226
v -0.0210815184 0.71996206 0.0109356819
v -0.0291517936 0.654101 0.01525184
v -0.0288553312 0.7149211 0.0327800475
v -0.0210815184 0.71996206 0.0109356819
v 0.009124348 0.496561766 0.0239829961
v 1.83365678E-09 0.496561766 0.0276731439
v 1.83365678E-09 0.198411167 0.0276731439
v 0.009124348 0.198411167 0.0239829961
v 0.0158440843 0.496561766 0.0138350856
v 0.009124348 0.496561766 0.0239829961
v 0.009124348 0.198411167 0.0239829961
v 0.0158440843 0.198411167 0.0138350856
v 0.0182816349 0.496561766 -2.97419137E-06
v 0.0158440843 0.496561766 0.0138350856
v 0.0158440843 0.198411167 0.0138350856
v 0.0182816349 0.198411167 -2.97419137E-06
v 0.0182816349 0.496561766 -2.97419137E-06
v 0.0182816349 0.198411167 -2.97419137E-06
v 0.0158440843 0.198411167 -0.013841033
v 0.0158440843 0.496561766 -0.013841033
v 0.0158440843 0.198411167 -0.013841033
v -0.009124344 0.496561766 -0.0239559971
v 1.83365678E-09 0.198411167 -0.02767909
v -0.009124344 0.198411167 -0.0239559971
v -0.01584408 0.496561766 -0.013841033
v -0.009124344 0.496561766 -0.0239559971
v -0.009124344 0.198411167 -0.0239559971
v -0.01584408 0.198411167 -0.013841033
v -0.0182816312 0.496561766 -2.97419137E-06
v -0.01584408 0.496561766 -0.013841033
v -0.01584408 0.198411167 -0.013841033
v -0.0182816312 0.198411167 -2.97419137E-06
v -0.01584408 0.198411167 0.0138350856
v -0.0182816312 0.496561766 -2.97419137E-06
v -0.0182816312 0.198411167 -2.97419137E-06
v -0.01584408 0.496561766 0.0138350856
v -0.009124344 0.198411167 0.0239829961
v -0.01584408 0.496561766 0.0138350856
v -0.01584408 0.198411167 0.0138350856
v -0.009124344 0.496561766 0.0239829961
v 1.83365678E-09 0.198411167 0.0276731439
v -0.009124344 0.496561766 0.0239829961
v -0.009124344 0.198411167 0.0239829961
v 1.83365678E-09 0.496561766 0.0276731439
v 1.83365678E-09 0.6690919 0.07409654
v -0.0210815184 0.646688 0.0449048243
v 1.83365678E-09 0.6371333 0.07465665
v -0.0210815184 0.5933138 0.0533065051
v 1.83365678E-09 0.6371333 0.07465665
v -0.0210815184 0.646688 0.0449048243
v -0.0210815184 0.5933138 0.0533065051
v 1.83365678E-09 0.60135293 0.08154273
v 1.83365678E-09 0.6371333 0.07465665
v -0.0291517936 0.654101 0.01525184
v -0.0210815184 0.7099132 0.0554481149
v -0.0288553312 0.7149211 0.0327800475
v -0.0291517936 0.654101 0.01525184
v -0.0210815184 0.646688 0.0449048243
v -0.0210815184 0.7099132 0.0554481149
v -0.0288553312 0.7149211 0.0327800475
v -0.0210815184 0.7099132 0.0554481149
v -0.0210815184 0.7444417 0.0736023262
v -0.0441723727 0.5977962 0.165691316
v 1.83365678E-09 0.750900865 0.200022891
v 1.83365678E-09 0.5977962 0.1313268
v -0.0210815184 0.5933138 0.0533065051
v 1.83365678E-09 0.5706133 0.09300856
v 1.83365678E-09 0.60135293 0.08154273
v -0.0210815184 0.5933138 0.0533065051
v -0.0210815184 0.540499866 0.0782809
v 1.83365678E-09 0.5706133 0.09300856
v -0.0210815184 0.540499866 0.0782809
v 1.83365678E-09 0.5443546 0.112744264
v 1.83365678E-09 0.5706133 0.09300856
v -0.0210815184 0.540499866 0.0782809
v -0.0154817393 0.525640666 0.099664
v 1.83365678E-09 0.5443546 0.112744264
v 1.83365678E-09 0.527156234 0.134456843
v 1.83365678E-09 0.5443546 0.112744264
v -0.0154817393 0.525640666 0.099664
v -0.00184463139 0.46472165 -0.103294209
v 1.83365678E-09 0.467456341 -0.105073385
v 1.83365678E-09 0.4656443 -0.1114323
v -0.0147241233 0.50906837 0.122397952
v -0.0147241233 0.50906837 0.122397952
v 1.83365678E-09 0.513318539 0.160057262
v 1.83365678E-09 0.527156234 0.134456843
v 1.83365678E-09 0.7823637 0.005696989
v -0.0210815184 0.71996206 0.0109356819
v -0.0210815184 0.7823637 0.0257951226
v 1.83365678E-09 0.7823637 0.005696989
v 1.83365678E-09 0.7245087 -0.008602338
v -0.0210815184 0.71996206 0.0109356819
v -0.0210815184 0.7099132 0.0554481149
v 1.83365678E-09 0.6690919 0.07409654
v 1.83365678E-09 0.7030932 0.0814109445
v 1.83365678E-09 0.7245087 -0.008602338
v -0.0210815184 0.661481142 -0.0106121534
v -0.0210815184 0.71996206 0.0109356819
v 1.83365678E-09 0.7245087 -0.008602338
v 1.83365678E-09 0.6669833 -0.0323906243
v -0.0210815184 0.661481142 -0.0106121534
v 1.83365678E-09 0.467456341 -0.105073385
v -0.00184463139 0.46472165 -0.103294209
v 1.83365678E-09 0.4768462 -0.09789078
v 1.83365678E-09 0.496561766 -0.02767909
v 0.0125171551 0.0478434823 -2.97419137E-06
v 1.83365678E-09 -0.00213713432 -2.97419137E-06
v 1.83365678E-09 0.0295908172 -0.0126549164
v 1.83365678E-09 0.0295908172 -0.0126549164
v 1.83365678E-09 0.0613187775 -0.0204635374
v 0.0125171551 0.0478434823 -2.97419137E-06
v 0.00833379 0.0614175834 -2.97419137E-06
v 0.0125171551 0.0478434823 -2.97419137E-06
v 1.83365678E-09 0.0613187775 -0.0204635374
v 1.83365678E-09 0.0613187775 -0.0204635374
v 1.83365678E-09 0.06935788 -0.01654275
v 0.00833379 0.0614175834 -2.97419137E-06
v 0.0129124336 0.09406812 -2.97419137E-06
v 0.00833379 0.0614175834 -2.97419137E-06
v 1.83365678E-09 0.06935788 -0.01654275
v 1.83365678E-09 0.06935788 -0.01654275
v 1.83365678E-09 0.07505765 -0.0171687584
v 0.0129124336 0.09406812 -2.97419137E-06
v 0.0129124336 0.09406812 -2.97419137E-06
v 1.83365678E-09 0.07505765 -0.0171687584
v 0.009025528 0.0778252 -0.0195739437
v 1.83365678E-09 0.07189471 -0.02991954
v 0.009025528 0.0778252 -0.0195739437
v 1.83365678E-09 0.07505765 -0.0171687584
v 0.009025528 0.0778252 -0.0195739437
v 1.83365678E-09 0.07189471 -0.02991954
v 1.83365678E-09 0.0750906244 -0.0421431623
v 0.009025528 0.0778252 -0.0195739437
v 1.83365678E-09 0.0750906244 -0.0421431623
v 0.0111007411 0.0967038348 -0.040792305
v 1.83365678E-09 0.0850735754 -0.04906219
v 0.0111007411 0.0967038348 -0.040792305
v 1.83365678E-09 0.0750906244 -0.0421431623
v 1.83365678E-09 0.0850735754 -0.04906219
v 1.83365678E-09 0.09265136 -0.0589794666
v 0.0111007411 0.0967038348 -0.040792305
v 1.83365678E-09 0.09265136 -0.0589794666
v 1.83365678E-09 0.103227369 -0.0657667
v 0.0111007411 0.0967038348 -0.040792305
v 0.009486686 0.117394574 -0.0561130047
v 0.0111007411 0.0967038348 -0.040792305
v 1.83365678E-09 0.103227369 -0.0657667
v 1.83365678E-09 0.113770396 -0.06556901
v 0.009486686 0.117394574 -0.0561130047
v 1.83365678E-09 0.103227369 -0.0657667
v 1.83365678E-09 0.113770396 -0.06556901
v 1.83365678E-09 0.122007132 -0.0575956553
v 0.009486686 0.117394574 -0.0561130047
v 1.83365678E-09 0.122007132 -0.0575956553
v 1.83365678E-09 0.121875338 -0.0453390926
v 0.009486686 0.117394574 -0.0561130047
v 1.83365678E-09 0.121875338 -0.0453390926
v 1.83365678E-09 0.114462249 -0.0374975242
v 0.009486686 0.117394574 -0.0561130047
v 0.009486686 0.117394574 -0.0561130047
v 1.83365678E-09 0.114462249 -0.0374975242
v 0.0111007411 0.0967038348 -0.040792305
v 1.83365678E-09 0.1076093 -0.0372998379
v 0.0111007411 0.0967038348 -0.040792305
v 1.83365678E-09 0.114462249 -0.0374975242
v 1.83365678E-09 0.1076093 -0.0372998379
v 0.01386769 0.103952147 -0.0224733446
v 0.0111007411 0.0967038348 -0.040792305
v 1.83365678E-09 0.1076093 -0.0372998379
v 1.83365678E-09 0.112188928 -0.02711898
v 0.01386769 0.103952147 -0.0224733446
v 0.0115618985 0.117625184 -0.0143023031
v 0.01386769 0.103952147 -0.0224733446
v 1.83365678E-09 0.112188928 -0.02711898
v 0.0115618985 0.117625184 -0.0143023031
v 1.83365678E-09 0.112188928 -0.02711898
v 1.83365678E-09 0.121743545 -0.0199693181
v 0.009025528 0.0778252 -0.0195739437
v 0.0111007411 0.0967038348 -0.040792305
v 0.01386769 0.103952147 -0.0224733446
v 0.009025528 0.0778252 -0.0195739437
v 0.01386769 0.103952147 -0.0224733446
v 0.0129124336 0.09406812 -2.97419137E-06
v 0.0129124336 0.09406812 -2.97419137E-06
v 0.01386769 0.103952147 -0.0224733446
v 0.0115618985 0.117625184 -0.0143023031
v 0.0115618985 0.117625184 -0.0143023031
v 0.0124842161 0.137459248 -2.97419137E-06
v 0.0129124336 0.09406812 -2.97419137E-06
v 0.0115618985 0.117625184 -0.0143023031
v 0.009256109 0.137459248 -0.0116664795
v 0.0124842161 0.137459248 -2.97419137E-06
v 0.01409827 0.159369066 -0.0131491311
v 0.0124842161 0.137459248 -2.97419137E-06
v 0.009256109 0.137459248 -0.0116664795
v 0.01409827 0.159369066 -0.0131491311
v 0.0177545957 0.159369066 -2.97419137E-06
v 0.0124842161 0.137459248 -2.97419137E-06
v 0.0152841052 0.159369066 0.0131431827
v 0.0124842161 0.137459248 -2.97419137E-06
v 0.0177545957 0.159369066 -2.97419137E-06
v 1.83365678E-09 0.121743545 -0.0199693181
v 0.009256109 0.137459248 -0.0116664795
v 0.0115618985 0.117625184 -0.0143023031
v 1.83365678E-09 0.121743545 -0.0199693181
v 1.83365678E-09 0.137459248 -0.0183878262
v 0.009256109 0.137459248 -0.0116664795
v 0.009256109 0.137459248 -0.0116664795
v 1.83365678E-09 0.137459248 -0.0183878262
v 1.83365678E-09 0.153833941 -0.0265259184
v 1.83365678E-09 0.153833941 -0.0265259184
v 0.01409827 0.159369066 -0.0131491311
v 0.009256109 0.137459248 -0.0116664795
v 0.01409827 0.159369066 -0.0131491311
v 1.83365678E-09 0.153833941 -0.0265259184
v 1.83365678E-09 0.159369066 -0.02066122
v 1.83365678E-09 0.0295908172 0.0126819136
v 1.83365678E-09 -0.00213713432 -2.97419137E-06
v 0.0125171551 0.0478434823 -2.97419137E-06
v 0.0125171551 0.0478434823 -2.97419137E-06
v 1.83365678E-09 0.0613187775 0.0204575844
v 1.83365678E-09 0.0295908172 0.0126819136
v 1.83365678E-09 0.0613187775 0.0204575844
v 0.0125171551 0.0478434823 -2.97419137E-06
v 0.00833379 0.0614175834 -2.97419137E-06
v 0.00833379 0.0614175834 -2.97419137E-06
v 1.83365678E-09 0.06935788 0.0165368039
v 1.83365678E-09 0.0613187775 0.0204575844
v 1.83365678E-09 0.06935788 0.0165368039
v 0.00833379 0.0614175834 -2.97419137E-06
v 0.0129124336 0.09406812 -2.97419137E-06
v 0.0129124336 0.09406812 -2.97419137E-06
v 1.83365678E-09 0.07505765 0.01716281
v 1.83365678E-09 0.06935788 0.0165368039
v 1.83365678E-09 0.198411167 0.0310667641
v 0.0102443043 0.198411167 0.0269153453
v 1.83365678E-09 0.198411167 -2.97419137E-06
v 0.0177545957 0.198411167 0.0155483689
v 0.0205215458 0.198411167 -2.97419137E-06
v 0.0177545957 0.198411167 -0.01552137
v 0.0102443043 0.198411167 -0.0268883426
v 1.83365678E-09 0.198411167 -0.03107271
v 0.0155805638 0.173074961 -0.0136433495
v 0.008992589 0.173074961 -0.02359357
v 0.0128794946 0.18655026 -0.0337744281
v 1.83365678E-09 0.18655026 -0.03898017
v 0.0128794946 0.18655026 -0.0337744281
v 0.008992589 0.173074961 -0.02359357
v 1.83365678E-09 0.198411167 -0.03107271
v 0.0128794946 0.18655026 -0.0337744281
v 1.83365678E-09 0.18655026 -0.03898017
v 1.83365678E-09 0.198411167 -0.03107271
v 0.0102443043 0.198411167 -0.0268883426
v 0.0128794946 0.18655026 -0.0337744281
v 0.0102443043 0.198411167 -0.0268883426
v 0.0223003011 0.18655026 -0.0194751
v 0.0128794946 0.18655026 -0.0337744281
v 0.0102443043 0.198411167 -0.0268883426
v 0.0177545957 0.198411167 -0.01552137
v 0.0223003011 0.18655026 -0.0194751
v 0.0177545957 0.198411167 -0.01552137
v 0.0257589854 0.18655026 -2.97419137E-06
v 0.0223003011 0.18655026 -0.0194751
v 0.0205215458 0.198411167 -2.97419137E-06
v 0.0257589854 0.18655026 -2.97419137E-06
v 0.0205215458 0.198411167 -2.97419137E-06
v 0.0177545957 0.198411167 0.0155483689
v 0.0223003011 0.18655026 0.0195021015
v 0.0223003011 0.18655026 0.0195021015
v 0.0177545957 0.198411167 0.0155483689
v 0.0102443043 0.198411167 0.0269153453
v 0.0128794946 0.18655026 0.0337684825
v 0.0128794946 0.18655026 0.0337684825
v 0.0102443043 0.198411167 0.0269153453
v 1.83365678E-09 0.198411167 0.0310667641
v 1.83365678E-09 0.18655026 0.03897423
v 0.008992589 0.173074961 0.0236205719
v 0.0128794946 0.18655026 0.0337684825
v 1.83365678E-09 0.18655026 0.03897423
v 1.83365678E-09 0.173074961 0.0272448231
v 0.008992589 0.173074961 -0.02359357
v 1.83365678E-09 0.173074961 -0.0272507742
v 1.83365678E-09 0.18655026 -0.03898017
v 0.0128794946 0.18655026 -0.0337744281
v 0.0223003011 0.18655026 -0.0194751
v 0.0155805638 0.173074961 -0.0136433495
v 0.0180181172 0.173074961 -2.97419137E-06
v 0.0155805638 0.173074961 -0.0136433495
v 0.0223003011 0.18655026 -0.0194751
v 0.0257589854 0.18655026 -2.97419137E-06
v 0.0180181172 0.173074961 -2.97419137E-06
v 0.0257589854 0.18655026 -2.97419137E-06
v 0.0223003011 0.18655026 0.0195021015
v 0.0223003011 0.18655026 0.0195021015
v 0.0155805638 0.173074961 0.0136373984
v 0.0180181172 0.173074961 -2.97419137E-06
v 0.0155805638 0.173074961 0.0136373984
v 0.0223003011 0.18655026 0.0195021015
v 0.0128794946 0.18655026 0.0337684825
v 0.008992589 0.173074961 0.0236205719
v 0.02421081 0.259000719 0.140057966
v 1.83365678E-09 0.275342435 0.109383591
v 1.83365678E-09 0.313560933 0.128690988
v 0.02421081 0.259000719 0.140057966
v 1.83365678E-09 0.313560933 0.128690988
v 0.0282294787 0.29998672 0.161506921
v 0.0282294787 0.29998672 0.161506921
v 1.83365678E-09 0.313560933 0.128690988
v 1.83365678E-09 0.353954 0.141342908
v 0.0282294787 0.29998672 0.161506921
v 1.83365678E-09 0.353954 0.141342908
v 0.0316881649 0.3434768 0.177453682
v 0.0316881649 0.3434768 0.177453682
v 1.83365678E-09 0.353954 0.141342908
v 1.83365678E-09 0.41072163 0.144835383
v 1.83365678E-09 0.41072163 0.144835383
v 0.0347515754 0.402254283 0.190468043
v 0.0316881649 0.3434768 0.177453682
v 0.023156736 0.5672527 0.0416100472
v 0.021081524 0.5933138 0.0533065051
v 0.021081524 0.540499866 0.0782809
v 0.023156736 0.5672527 0.0416100472
v 0.021081524 0.540499866 0.0782809
v 0.021081524 0.539643168 0.04984699
v 0.021081524 0.539643168 0.04984699
v 0.023156736 0.543992162 0.009782512
v 0.023156736 0.5672527 0.0416100472
v 0.023156736 0.543992162 0.009782512
v 0.021081524 0.539643168 0.04984699
v 0.021081524 0.5270245 0.0308690779
v 0.021081524 0.5270245 0.0308690779
v 0.021081524 0.5269256 -0.0141705107
v 0.023156736 0.543992162 0.009782512
v 0.021081524 0.5269256 -0.0141705107
v 0.021081524 0.5421801 -0.0245490558
v 0.023156736 0.543992162 0.009782512
v 0.021081524 0.5421801 -0.0245490558
v 0.02776832 0.616541445 0.00533456355
v 0.023156736 0.543992162 0.009782512
v 0.02776832 0.616541445 0.00533456355
v 0.021081524 0.5421801 -0.0245490558
v 0.021081524 0.5483741 -0.04336223
v 0.02776832 0.616541445 0.00533456355
v 0.021081524 0.5483741 -0.04336223
v 0.021081524 0.5477811 -0.06876495
v 0.021081524 0.5477811 -0.06876495
v 0.021081524 0.635420144 -0.03552066
v 0.02776832 0.616541445 0.00533456355
v 0.021081524 0.635420144 -0.03552066
v 0.021081524 0.5477811 -0.06876495
v 0.021081524 0.6272822 -0.06266961
v 0.02776832 0.616541445 0.00533456355
v 0.021081524 0.5933138 0.0533065051
v 0.023156736 0.5672527 0.0416100472
v 0.02776832 0.616541445 0.00533456355
v 0.0291517954 0.654101 0.01525184
v 0.021081524 0.5933138 0.0533065051
v 0.02776832 0.616541445 0.00533456355
v 0.0291517954 0.654101 0.01525184
v 0.021081524 0.646688 0.0449048243
v 0.021081524 0.5933138 0.0533065051
v 0.0291517954 0.654101 0.01525184
v 0.02776832 0.616541445 0.00533456355
v 0.021081524 0.635420144 -0.03552066
v 0.0291517954 0.654101 0.01525184
v 0.021081524 0.635420144 -0.03552066
v 0.021081524 0.661481142 -0.0106121534
v -0.0316881649 0.3434768 0.177453682
v -0.0174581334 0.296099 0.170073375
v -0.0192039479 0.340379745 0.188128725
v -0.0174581334 0.296099 0.170073375
v -0.0316881649 0.3434768 0.177453682
v -0.0282294769 0.29998672 0.161506921
v -0.0282294769 0.29998672 0.161506921
v -0.0154817393 0.255673081 0.146186247
v -0.0174581334 0.296099 0.170073375
v -0.0154817393 0.255673081 0.146186247
v -0.0282294769 0.29998672 0.161506921
v -0.0242108088 0.259000719 0.140057966
v -0.0165687557 0.183057919 0.083816126
v -0.0154817393 0.255673081 0.146186247
v -0.0242108088 0.259000719 0.140057966
v -0.0154817393 0.255673081 0.146186247
v -0.0165687557 0.183057919 0.083816126
v 1.83365678E-09 0.184837073 0.0938652
v 0.0133406539 0.5076845 -0.128301561
v 1.83365678E-09 0.4986571 -0.111662932
v 1.83365678E-09 0.483139068 -0.116967522
v 1.83365678E-09 0.483139068 -0.116967522
v 0.0101784244 0.478888929 -0.131958738
v 0.0133406539 0.5076845 -0.128301561
v 0.0101784244 0.478888929 -0.131958738
v 0.01129838 0.469499052 -0.1509037
v 0.0133406539 0.5076845 -0.128301561
v 0.007872633 0.4607681 -0.124907941
v 0.01129838 0.469499052 -0.1509037
v 0.0101784244 0.478888929 -0.131958738
v 0.007905573 0.452729076 -0.139404953
v 0.01129838 0.469499052 -0.1509037
v 0.007872633 0.4607681 -0.124907941
v 0.007872633 0.4607681 -0.124907941
v 1.83365678E-09 0.434641063 -0.130509079
v 0.007905573 0.452729076 -0.139404953
v 0.007905573 0.452729076 -0.139404953
v 1.83365678E-09 0.434641063 -0.130509079
v 1.83365678E-09 0.422813147 -0.164544091
v 0.007905573 0.452729076 -0.139404953
v 1.83365678E-09 0.422813147 -0.164544091
v 0.007839692 0.44109872 -0.175219163
v 0.007839692 0.44109872 -0.175219163
v 1.83365678E-09 0.422813147 -0.164544091
v 1.83365678E-09 0.415795445 -0.193636939
v 1.83365678E-09 0.415795445 -0.193636939
v 1.83365678E-09 0.409206 -0.227507249
v 0.007839692 0.44109872 -0.175219163
v 0.007839692 0.44109872 -0.175219163
v 1.83365678E-09 0.409206 -0.227507249
v 1.83365678E-09 0.4293037 -0.205201626
v 1.83365678E-09 0.4293037 -0.205201626
v 1.83365678E-09 0.449829638 -0.186783835
v 0.007839692 0.44109872 -0.175219163
v 1.83365678E-09 0.480701 -0.166455045
v 0.007839692 0.44109872 -0.175219163
v 1.83365678E-09 0.449829638 -0.186783835
v 1.83365678E-09 0.480701 -0.166455045
v 0.01129838 0.469499052 -0.1509037
v 0.007839692 0.44109872 -0.175219163
v 0.0133406539 0.5076845 -0.128301561
v 0.01129838 0.469499052 -0.1509037
v 1.83365678E-09 0.480701 -0.166455045
v 0.0133406539 0.5076845 -0.128301561
v 1.83365678E-09 0.480701 -0.166455045
v 1.83365678E-09 0.5207316 -0.147081777
v 0.0158111453 0.553382039 -0.117791228
v 0.0133406539 0.5076845 -0.128301561
v 1.83365678E-09 0.5207316 -0.147081777
v 0.009091408 0.5252783 -0.152715862
v 0.0158111453 0.553382039 -0.117791228
v 1.83365678E-09 0.5207316 -0.147081777
v 0.007839692 0.44109872 -0.175219163
v 0.01129838 0.469499052 -0.1509037
v 0.007905573 0.452729076 -0.139404953
v 0.01426297 0.563365 -0.1314316
v 0.0158111453 0.553382039 -0.117791228
v 0.009091408 0.5252783 -0.152715862
v 1.83365678E-09 0.5299238 -0.15900889
v 0.01426297 0.563365 -0.1314316
v 0.009091408 0.5252783 -0.152715862
v 1.83365678E-09 0.5299238 -0.15900889
v 1.83365678E-09 0.5713382 -0.14250204
v 0.01426297 0.563365 -0.1314316
v 0.01426297 0.563365 -0.1314316
v 1.83365678E-09 0.5713382 -0.14250204
v 1.83365678E-09 0.601814151 -0.137164474
v 0.01426297 0.563365 -0.1314316
v 1.83365678E-09 0.601814151 -0.137164474
v 0.01992863 0.6146305 -0.112882
v 0.01992863 0.6146305 -0.112882
v 1.83365678E-09 0.601814151 -0.137164474
v 1.83365678E-09 0.6244817 -0.1364726
v 1.83365678E-09 0.6244817 -0.1364726
v 0.021081524 0.654068053 -0.121942639
v 0.01992863 0.6146305 -0.112882
v 1.83365678E-09 0.6244817 -0.1364726
v 1.83365678E-09 0.64859885 -0.139734417
v 0.021081524 0.654068053 -0.121942639
v 0.021081524 0.654068053 -0.121942639
v 1.83365678E-09 0.64859885 -0.139734417
v 1.83365678E-09 0.695152938 -0.1392402
v 0.021081524 0.654068053 -0.121942639
v 1.83365678E-09 0.695152938 -0.1392402
v 0.021081524 0.6922536 -0.120855361
v 0.021081524 0.6922536 -0.120855361
v 1.83365678E-09 0.695152938 -0.1392402
v 1.83365678E-09 0.735513 -0.126291752
v 1.83365678E-09 0.735513 -0.126291752
v 0.021081524 0.725464165 -0.110114388
v 0.021081524 0.6922536 -0.120855361
v 0.021081524 0.725464165 -0.110114388
v 1.83365678E-09 0.735513 -0.126291752
v 1.83365678E-09 0.7613764 -0.10586413
v 0.021081524 0.725464165 -0.110114388
v 1.83365678E-09 0.7613764 -0.10586413
v 0.021081524 0.7490872 -0.0912682638
v 1.83365678E-09 0.7811446 -0.08095562
v 0.021081524 0.7490872 -0.0912682638
v 1.83365678E-09 0.7613764 -0.10586413
v 1.83365678E-09 0.7811446 -0.08095562
v 0.021081524 0.770568669 -0.06471238
v 0.021081524 0.7490872 -0.0912682638
v 0.021081524 0.770568669 -0.06471238
v 1.83365678E-09 0.7811446 -0.08095562
v 1.83365678E-09 0.815607131 -0.0589135736
v 0.021081524 0.8059207 -0.0429339074
v 0.021081524 0.770568669 -0.06471238
v 1.83365678E-09 0.815607131 -0.0589135736
v 0.0158111453 0.553382039 -0.117791228
v 0.01992863 0.6146305 -0.112882
v 0.020356847 0.5887342 -0.09591391
v 0.01992863 0.6146305 -0.112882
v 0.0158111453 0.553382039 -0.117791228
v 0.01426297 0.563365 -0.1314316
v 1.83365678E-09 0.511144 -0.102767035
v 1.83365678E-09 0.4986571 -0.111662932
v 0.0133406539 0.5076845 -0.128301561
v 0.0133406539 0.5076845 -0.128301561
v 0.0130112534 0.5293308 -0.1063913
v 1.83365678E-09 0.511144 -0.102767035
v 0.0133406539 0.5076845 -0.128301561
v 0.0158111453 0.553382039 -0.117791228
v 0.0130112534 0.5293308 -0.1063913
v 0.0103760632 0.531044 -0.08388797
v 0.0130112534 0.5293308 -0.1063913
v 0.0158111453 0.553382039 -0.117791228
v 0.0103760632 0.531044 -0.08388797
v 0.0158111453 0.553382039 -0.117791228
v 0.020356847 0.5887342 -0.09591391
v 0.020356847 0.5887342 -0.09591391
v 0.0207191855 0.569789648 -0.08042846
v 0.0103760632 0.531044 -0.08388797
v 0.0207191855 0.569789648 -0.08042846
v 0.01409827 0.5218519 -0.07120308
v 0.0103760632 0.531044 -0.08388797
v 0.021081524 0.5477811 -0.06876495
v 0.01409827 0.5218519 -0.07120308
v 0.021081524 0.5477811 -0.06876495
v 1.83365678E-09 0.540269136 -0.0599679
v 1.83365678E-09 0.540269136 -0.0599679
v 1.83365678E-09 0.5176016 -0.065041855
v 0.01409827 0.5218519 -0.07120308
v 1.83365678E-09 0.5176016 -0.065041855
v 1.83365678E-09 0.495461255 -0.07327879
v 0.01409827 0.5218519 -0.07120308
v 0.0103760632 0.531044 -0.08388797
v 0.01409827 0.5218519 -0.07120308
v 1.83365678E-09 0.495461255 -0.07327879
v 1.83365678E-09 0.495461255 -0.07327879
v 1.83365678E-09 0.5175357 -0.083031334
v 0.0103760632 0.531044 -0.08388797
v 1.83365678E-09 0.517338 -0.0924543962
v 0.0103760632 0.531044 -0.08388797
v 1.83365678E-09 0.5175357 -0.083031334
v 1.83365678E-09 0.517338 -0.0924543962
v 0.0130112534 0.5293308 -0.1063913
v 0.0103760632 0.531044 -0.08388797
v 0.0130112534 0.5293308 -0.1063913
v 1.83365678E-09 0.517338 -0.0924543962
v 1.83365678E-09 0.511144 -0.102767035
v 0.021081524 0.8059207 -0.0429339074
v 1.83365678E-09 0.815607131 -0.0589135736
v 1.83365678E-09 0.8539575 -0.0402321927
v 1.83365678E-09 0.8539575 -0.0402321927
v 0.0183804538 0.848653 -0.0305784941
v 0.021081524 0.8059207 -0.0429339074
v 0.0183804538 0.848653 -0.0305784941
v 1.83365678E-09 0.8539575 -0.0402321927
v 1.83365678E-09 0.88627845 -0.0307432376
v 1.83365678E-09 0.88627845 -0.0307432376
v 0.013307712 0.8837746 -0.0247796886
v 0.0183804538 0.848653 -0.0305784941
v 1.83365678E-09 0.88627845 -0.0307432376
v 1.83365678E-09 0.9451877 -0.0211883858
v 0.013307712 0.8837746 -0.0247796886
v -0.0125171524 0.0478434823 -2.97419137E-06
v 1.83365678E-09 0.0295908172 -0.0126549164
v 1.83365678E-09 -0.00213713432 -2.97419137E-06
v 1.83365678E-09 0.0295908172 -0.0126549164
v -0.0125171524 0.0478434823 -2.97419137E-06
v 1.83365678E-09 0.0613187775 -0.0204635374
v -0.008333787 0.0614175834 -2.97419137E-06
v 1.83365678E-09 0.0613187775 -0.0204635374
v -0.0125171524 0.0478434823 -2.97419137E-06
v 1.83365678E-09 0.0613187775 -0.0204635374
v -0.008333787 0.0614175834 -2.97419137E-06
v 1.83365678E-09 0.06935788 -0.01654275
v -0.0129124308 0.09406812 -2.97419137E-06
v 1.83365678E-09 0.06935788 -0.01654275
v -0.008333787 0.0614175834 -2.97419137E-06
v 1.83365678E-09 0.06935788 -0.01654275
v -0.0129124308 0.09406812 -2.97419137E-06
v 1.83365678E-09 0.07505765 -0.0171687584
v -0.0129124308 0.09406812 -2.97419137E-06
v -0.009025524 0.0778252 -0.0195739437
v 1.83365678E-09 0.07505765 -0.0171687584
v 1.83365678E-09 0.07189471 -0.02991954
v 1.83365678E-09 0.07505765 -0.0171687584
v -0.009025524 0.0778252 -0.0195739437
v -0.009025524 0.0778252 -0.0195739437
v 1.83365678E-09 0.0750906244 -0.0421431623
v 1.83365678E-09 0.07189471 -0.02991954
v -0.009025524 0.0778252 -0.0195739437
v -0.0111007364 0.0967038348 -0.040792305
v 1.83365678E-09 0.0750906244 -0.0421431623
v 1.83365678E-09 0.0850735754 -0.04906219
v 1.83365678E-09 0.0750906244 -0.0421431623
v -0.0111007364 0.0967038348 -0.040792305
v 1.83365678E-09 0.0850735754 -0.04906219
v -0.0111007364 0.0967038348 -0.040792305
v 1.83365678E-09 0.09265136 -0.0589794666
v 1.83365678E-09 0.09265136 -0.0589794666
v -0.0111007364 0.0967038348 -0.040792305
v 1.83365678E-09 0.103227369 -0.0657667
v -0.009486683 0.117394574 -0.0561130047
v 1.83365678E-09 0.103227369 -0.0657667
v -0.0111007364 0.0967038348 -0.040792305
v 1.83365678E-09 0.113770396 -0.06556901
v 1.83365678E-09 0.103227369 -0.0657667
v -0.009486683 0.117394574 -0.0561130047
v 1.83365678E-09 0.113770396 -0.06556901
v -0.009486683 0.117394574 -0.0561130047
v 1.83365678E-09 0.122007132 -0.0575956553
v 1.83365678E-09 0.122007132 -0.0575956553
v -0.009486683 0.117394574 -0.0561130047
v 1.83365678E-09 0.121875338 -0.0453390926
v 1.83365678E-09 0.121875338 -0.0453390926
v -0.009486683 0.117394574 -0.0561130047
v 1.83365678E-09 0.114462249 -0.0374975242
v -0.009486683 0.117394574 -0.0561130047
v -0.0111007364 0.0967038348 -0.040792305
v 1.83365678E-09 0.114462249 -0.0374975242
v 1.83365678E-09 0.1076093 -0.0372998379
v 1.83365678E-09 0.114462249 -0.0374975242
v -0.0111007364 0.0967038348 -0.040792305
v 1.83365678E-09 0.1076093 -0.0372998379
v -0.0111007364 0.0967038348 -0.040792305
v -0.0138676874 0.103952147 -0.0224733446
v 1.83365678E-09 0.1076093 -0.0372998379
v -0.0138676874 0.103952147 -0.0224733446
v 1.83365678E-09 0.112188928 -0.02711898
v -0.0115618957 0.117625184 -0.0143023031
v 1.83365678E-09 0.112188928 -0.02711898
v -0.0138676874 0.103952147 -0.0224733446
v -0.0115618957 0.117625184 -0.0143023031
v 1.83365678E-09 0.121743545 -0.0199693181
v 1.83365678E-09 0.112188928 -0.02711898
v -0.009025524 0.0778252 -0.0195739437
v -0.0138676874 0.103952147 -0.0224733446
v -0.0111007364 0.0967038348 -0.040792305
v -0.009025524 0.0778252 -0.0195739437
v -0.0129124308 0.09406812 -2.97419137E-06
v -0.0138676874 0.103952147 -0.0224733446
v -0.0129124308 0.09406812 -2.97419137E-06
v -0.0115618957 0.117625184 -0.0143023031
v -0.0138676874 0.103952147 -0.0224733446
v -0.0115618957 0.117625184 -0.0143023031
v -0.0129124308 0.09406812 -2.97419137E-06
v -0.0124842124 0.137459248 -2.97419137E-06
v -0.0115618957 0.117625184 -0.0143023031
v -0.0124842124 0.137459248 -2.97419137E-06
v -0.009256104 0.137459248 -0.0116664795
v -0.0140982652 0.159369066 -0.0131491311
v -0.009256104 0.137459248 -0.0116664795
v -0.0124842124 0.137459248 -2.97419137E-06
v -0.0140982652 0.159369066 -0.0131491311
v -0.0124842124 0.137459248 -2.97419137E-06
v -0.017754592 0.159369066 -2.97419137E-06
v -0.0152841015 0.159369066 0.0131431827
v -0.017754592 0.159369066 -2.97419137E-06
v -0.0124842124 0.137459248 -2.97419137E-06
v 1.83365678E-09 0.121743545 -0.0199693181
v -0.0115618957 0.117625184 -0.0143023031
v -0.009256104 0.137459248 -0.0116664795
v 1.83365678E-09 0.121743545 -0.0199693181
v -0.009256104 0.137459248 -0.0116664795
v 1.83365678E-09 0.137459248 -0.0183878262
v -0.009256104 0.137459248 -0.0116664795
v 1.83365678E-09 0.153833941 -0.0265259184
v 1.83365678E-09 0.137459248 -0.0183878262
v 1.83365678E-09 0.153833941 -0.0265259184
v -0.009256104 0.137459248 -0.0116664795
v -0.0140982652 0.159369066 -0.0131491311
v -0.0140982652 0.159369066 -0.0131491311
v 1.83365678E-09 0.159369066 -0.02066122
v 1.83365678E-09 0.153833941 -0.0265259184
v -0.0129124308 0.09406812 -2.97419137E-06
v 1.83365678E-09 0.06935788 0.0165368039
v 1.83365678E-09 0.07505765 0.01716281
v 1.83365678E-09 0.06935788 0.0165368039
v -0.0129124308 0.09406812 -2.97419137E-06
v -0.008333787 0.0614175834 -2.97419137E-06
v -0.008333787 0.0614175834 -2.97419137E-06
v 1.83365678E-09 0.0613187775 0.0204575844
v 1.83365678E-09 0.06935788 0.0165368039
v 1.83365678E-09 0.0613187775 0.0204575844
v -0.008333787 0.0614175834 -2.97419137E-06
v -0.0125171524 0.0478434823 -2.97419137E-06
v -0.0125171524 0.0478434823 -2.97419137E-06
v 1.83365678E-09 0.0295908172 0.0126819136
v 1.83365678E-09 0.0613187775 0.0204575844
v 1.83365678E-09 0.0295908172 0.0126819136
v -0.0125171524 0.0478434823 -2.97419137E-06
v 1.83365678E-09 -0.00213713432 -2.97419137E-06
v 0.0347515754 0.402254283 0.190468043
v 1.83365678E-09 0.41072163 0.144835383
v 1.83365678E-09 0.466797352 0.132809445
v 1.83365678E-09 0.466797352 0.132809445
v 0.0316881649 0.450455725 0.180056542
v 0.0347515754 0.402254283 0.190468043
v 0.02421081 0.259000719 0.140057966
v 0.0165687613 0.183057919 0.083816126
v 0.0144935474 0.182926118 0.066156134
v 1.83365678E-09 0.750900865 0.200022891
v 0.0441723727 0.5977962 0.234354451
v 0.0441723727 0.5977962 0.165691316
v 0.021081524 0.71996206 0.0109356819
v 0.0291517954 0.654101 0.01525184
v 0.021081524 0.661481142 -0.0106121534
v 0.0291517954 0.654101 0.01525184
v 0.021081524 0.71996206 0.0109356819
v 0.0288553368 0.7149211 0.0327800475
v -0.0231567323 0.5672527 0.0416100472
v -0.0210815184 0.540499866 0.0782809
v -0.0210815184 0.5933138 0.0533065051
v -0.0231567323 0.5672527 0.0416100472
v -0.0210815184 0.539643168 0.04984699
v -0.0210815184 0.540499866 0.0782809
v -0.0210815184 0.539643168 0.04984699
v -0.0231567323 0.5672527 0.0416100472
v -0.0231567323 0.543992162 0.009782512
v -0.0231567323 0.543992162 0.009782512
v -0.0210815184 0.5270245 0.0308690779
v -0.0210815184 0.539643168 0.04984699
v -0.0210815184 0.5270245 0.0308690779
v -0.0231567323 0.543992162 0.009782512
v -0.0210815184 0.5269256 -0.0141705107
v -0.0210815184 0.5269256 -0.0141705107
v -0.0231567323 0.543992162 0.009782512
v -0.0210815184 0.5421801 -0.0245490558
v -0.0210815184 0.5421801 -0.0245490558
v -0.0231567323 0.543992162 0.009782512
v -0.0277683157 0.616541445 0.00533456355
v -0.0277683157 0.616541445 0.00533456355
v -0.0210815184 0.5483741 -0.04336223
v -0.0210815184 0.5421801 -0.0245490558
v -0.0277683157 0.616541445 0.00533456355
v -0.0210815184 0.5477811 -0.06876495
v -0.0210815184 0.5483741 -0.04336223
v -0.0210815184 0.5477811 -0.06876495
v -0.0277683157 0.616541445 0.00533456355
v -0.0210815184 0.635420144 -0.03552066
v -0.0210815184 0.635420144 -0.03552066
v -0.0210815184 0.6272822 -0.06266961
v -0.0210815184 0.5477811 -0.06876495
v -0.0291517936 0.654101 0.01525184
v -0.0210815184 0.5933138 0.0533065051
v -0.0210815184 0.646688 0.0449048243
v -0.0291517936 0.654101 0.01525184
v -0.0277683157 0.616541445 0.00533456355
v -0.0210815184 0.5933138 0.0533065051
v -0.0210815184 0.5933138 0.0533065051
v -0.0277683157 0.616541445 0.00533456355
v -0.0231567323 0.5672527 0.0416100472
v -0.0277683157 0.616541445 0.00533456355
v -0.0291517936 0.654101 0.01525184
v -0.0210815184 0.635420144 -0.03552066
v -0.0277683157 0.616541445 0.00533456355
v -0.0291517936 0.654101 0.01525184
v -0.0210815184 0.661481142 -0.0106121534
v -0.0210815184 0.635420144 -0.03552066
v -0.0154817393 0.255673081 0.146186247
v 1.83365678E-09 0.184837073 0.0938652
v 1.83365678E-09 0.2533997 0.150700092
v 1.83365678E-09 0.2533997 0.150700092
v -0.0174581334 0.296099 0.170073375
v -0.0154817393 0.255673081 0.146186247
v 1.83365678E-09 0.2533997 0.150700092
v 1.83365678E-09 0.293891519 0.174982578
v -0.0174581334 0.296099 0.170073375
v 1.83365678E-09 0.293891519 0.174982578
v -0.0192039479 0.340379745 0.188128725
v -0.0174581334 0.296099 0.170073375
v 1.83365678E-09 0.466797352 0.132809445
v -0.0347515754 0.402254283 0.190468043
v -0.0316881649 0.450455725 0.180056542
v -0.0347515754 0.402254283 0.190468043
v 1.83365678E-09 0.466797352 0.132809445
v 1.83365678E-09 0.41072163 0.144835383
v -0.0133406483 0.5076845 -0.128301561
v 1.83365678E-09 0.483139068 -0.116967522
v 1.83365678E-09 0.4986571 -0.111662932
v 1.83365678E-09 0.483139068 -0.116967522
v -0.0133406483 0.5076845 -0.128301561
v -0.0101784207 0.478888929 -0.131958738
v -0.0101784207 0.478888929 -0.131958738
v -0.0133406483 0.5076845 -0.128301561
v -0.0112983761 0.469499052 -0.1509037
v -0.007872628 0.4607681 -0.124907941
v -0.0101784207 0.478888929 -0.131958738
v -0.0112983761 0.469499052 -0.1509037
v -0.007905569 0.452729076 -0.139404953
v -0.007872628 0.4607681 -0.124907941
v -0.0112983761 0.469499052 -0.1509037
v -0.007872628 0.4607681 -0.124907941
v -0.007905569 0.452729076 -0.139404953
v 1.83365678E-09 0.434641063 -0.130509079
v -0.007905569 0.452729076 -0.139404953
v 1.83365678E-09 0.422813147 -0.164544091
v 1.83365678E-09 0.434641063 -0.130509079
v -0.007905569 0.452729076 -0.139404953
v -0.007839689 0.44109872 -0.175219163
v 1.83365678E-09 0.422813147 -0.164544091
v -0.007839689 0.44109872 -0.175219163
v 1.83365678E-09 0.415795445 -0.193636939
v 1.83365678E-09 0.422813147 -0.164544091
v 1.83365678E-09 0.415795445 -0.193636939
v -0.007839689 0.44109872 -0.175219163
v 1.83365678E-09 0.409206 -0.227507249
v -0.007839689 0.44109872 -0.175219163
v 1.83365678E-09 0.4293037 -0.205201626
v 1.83365678E-09 0.409206 -0.227507249
v 1.83365678E-09 0.4293037 -0.205201626
v -0.007839689 0.44109872 -0.175219163
v 1.83365678E-09 0.449829638 -0.186783835
v 1.83365678E-09 0.480701 -0.166455045
v 1.83365678E-09 0.449829638 -0.186783835
v -0.007839689 0.44109872 -0.175219163
v 1.83365678E-09 0.480701 -0.166455045
v -0.007839689 0.44109872 -0.175219163
v -0.0112983761 0.469499052 -0.1509037
v -0.0133406483 0.5076845 -0.128301561
v 1.83365678E-09 0.480701 -0.166455045
v -0.0112983761 0.469499052 -0.1509037
v -0.0133406483 0.5076845 -0.128301561
v 1.83365678E-09 0.5207316 -0.147081777
v 1.83365678E-09 0.480701 -0.166455045
v -0.01581114 0.553382039 -0.117791228
v 1.83365678E-09 0.5207316 -0.147081777
v -0.0133406483 0.5076845 -0.128301561
v -0.009091404 0.5252783 -0.152715862
v 1.83365678E-09 0.5207316 -0.147081777
v -0.01581114 0.553382039 -0.117791228
v -0.007839689 0.44109872 -0.175219163
v -0.007905569 0.452729076 -0.139404953
v -0.0112983761 0.469499052 -0.1509037
v -0.0142629659 0.563365 -0.1314316
v -0.009091404 0.5252783 -0.152715862
v -0.01581114 0.553382039 -0.117791228
v 1.83365678E-09 0.5299238 -0.15900889
v -0.009091404 0.5252783 -0.152715862
v -0.0142629659 0.563365 -0.1314316
v 1.83365678E-09 0.5299238 -0.15900889
v -0.0142629659 0.563365 -0.1314316
v 1.83365678E-09 0.5713382 -0.14250204
v -0.0142629659 0.563365 -0.1314316
v 1.83365678E-09 0.601814151 -0.137164474
v 1.83365678E-09 0.5713382 -0.14250204
v -0.0142629659 0.563365 -0.1314316
v -0.0199286249 0.6146305 -0.112882
v 1.83365678E-09 0.601814151 -0.137164474
v -0.0199286249 0.6146305 -0.112882
v 1.83365678E-09 0.6244817 -0.1364726
v 1.83365678E-09 0.601814151 -0.137164474
v 1.83365678E-09 0.6244817 -0.1364726
v -0.0199286249 0.6146305 -0.112882
v -0.0210815184 0.654068053 -0.121942639
v 1.83365678E-09 0.6244817 -0.1364726
v -0.0210815184 0.654068053 -0.121942639
v 1.83365678E-09 0.64859885 -0.139734417
v -0.0210815184 0.654068053 -0.121942639
v 1.83365678E-09 0.695152938 -0.1392402
v 1.83365678E-09 0.64859885 -0.139734417
v -0.0210815184 0.654068053 -0.121942639
v -0.0210815184 0.6922536 -0.120855361
v 1.83365678E-09 0.695152938 -0.1392402
v -0.0210815184 0.6922536 -0.120855361
v 1.83365678E-09 0.735513 -0.126291752
v 1.83365678E-09 0.695152938 -0.1392402
v 1.83365678E-09 0.735513 -0.126291752
v -0.0210815184 0.6922536 -0.120855361
v -0.0210815184 0.725464165 -0.110114388
v -0.0210815184 0.725464165 -0.110114388
v 1.83365678E-09 0.7613764 -0.10586413
v 1.83365678E-09 0.735513 -0.126291752
v -0.0210815184 0.725464165 -0.110114388
v -0.0210815184 0.7490872 -0.0912682638
v 1.83365678E-09 0.7613764 -0.10586413
v 1.83365678E-09 0.7811446 -0.08095562
v 1.83365678E-09 0.7613764 -0.10586413
v -0.0210815184 0.7490872 -0.0912682638
v 1.83365678E-09 0.7811446 -0.08095562
v -0.0210815184 0.7490872 -0.0912682638
v -0.0210815184 0.770568669 -0.06471238
v -0.0210815184 0.770568669 -0.06471238
v 1.83365678E-09 0.815607131 -0.0589135736
v 1.83365678E-09 0.7811446 -0.08095562
v -0.0210815184 0.8059207 -0.0429339074
v 1.83365678E-09 0.815607131 -0.0589135736
v -0.0210815184 0.770568669 -0.06471238
v -0.009091404 0.5252783 -0.152715862
v 1.83365678E-09 0.5299238 -0.15900889
v 1.83365678E-09 0.5040604 -0.174131885
v 1.83365678E-09 0.5207316 -0.147081777
v -0.009091404 0.5252783 -0.152715862
v 1.83365678E-09 0.5040604 -0.174131885
v -0.0210815184 0.8059207 -0.0429339074
v 1.83365678E-09 0.8539575 -0.0402321927
v 1.83365678E-09 0.815607131 -0.0589135736
v 1.83365678E-09 0.8539575 -0.0402321927
v -0.0210815184 0.8059207 -0.0429339074
v -0.01838045 0.848653 -0.0305784941
v -0.01838045 0.848653 -0.0305784941
v 1.83365678E-09 0.88627845 -0.0307432376
v 1.83365678E-09 0.8539575 -0.0402321927
v 1.83365678E-09 0.88627845 -0.0307432376
v -0.01838045 0.848653 -0.0305784941
v -0.0133077074 0.8837746 -0.0247796886
v 1.83365678E-09 0.88627845 -0.0307432376
v -0.0133077074 0.8837746 -0.0247796886
v 1.83365678E-09 0.9451877 -0.0211883858
v 1.83365678E-09 0.511144 -0.102767035
v -0.0133406483 0.5076845 -0.128301561
v 1.83365678E-09 0.4986571 -0.111662932
v -0.0133406483 0.5076845 -0.128301561
v 1.83365678E-09 0.511144 -0.102767035
v -0.01301125 0.5293308 -0.1063913
v -0.01301125 0.5293308 -0.1063913
v 1.83365678E-09 0.511144 -0.102767035
v 1.83365678E-09 0.517338 -0.0924543962
v 1.83365678E-09 0.517338 -0.0924543962
v -0.0103760595 0.531044 -0.08388797
v -0.01301125 0.5293308 -0.1063913
v 1.83365678E-09 0.517338 -0.0924543962
v 1.83365678E-09 0.5175357 -0.083031334
v -0.0103760595 0.531044 -0.08388797
v 1.83365678E-09 0.495461255 -0.07327879
v -0.0103760595 0.531044 -0.08388797
v 1.83365678E-09 0.5175357 -0.083031334
v -0.0103760595 0.531044 -0.08388797
v 1.83365678E-09 0.495461255 -0.07327879
v -0.0140982652 0.5218519 -0.07120308
v 1.83365678E-09 0.5176016 -0.065041855
v -0.0140982652 0.5218519 -0.07120308
v 1.83365678E-09 0.495461255 -0.07327879
v 1.83365678E-09 0.540269136 -0.0599679
v -0.0140982652 0.5218519 -0.07120308
v 1.83365678E-09 0.5176016 -0.065041855
v -0.0140982652 0.5218519 -0.07120308
v 1.83365678E-09 0.540269136 -0.0599679
v -0.0210815184 0.5477811 -0.06876495
v -0.0207191817 0.569789648 -0.08042846
v -0.0140982652 0.5218519 -0.07120308
v -0.0210815184 0.5477811 -0.06876495
v -0.0103760595 0.531044 -0.08388797
v -0.0203568451 0.5887342 -0.09591391
v -0.0103760595 0.531044 -0.08388797
v -0.0207191817 0.569789648 -0.08042846
v -0.0103760595 0.531044 -0.08388797
v -0.0203568451 0.5887342 -0.09591391
v -0.01581114 0.553382039 -0.117791228
v -0.01581114 0.553382039 -0.117791228
v -0.0203568451 0.5887342 -0.09591391
v -0.0199286249 0.6146305 -0.112882
v -0.0199286249 0.6146305 -0.112882
v -0.0142629659 0.563365 -0.1314316
v -0.01581114 0.553382039 -0.117791228
v -0.0133406483 0.5076845 -0.128301561
v -0.01301125 0.5293308 -0.1063913
v -0.01581114 0.553382039 -0.117791228
v -0.0103760595 0.531044 -0.08388797
v -0.01581114 0.553382039 -0.117791228
v -0.01301125 0.5293308 -0.1063913
v 0.0142300287 1.393036 0.02675061
v 1.83365678E-09 1.36572313 -0.003198906
v 1.83365678E-09 1.43708622 -0.008470548
v 0.0142300287 1.393036 0.02675061
v 0.0142300287 1.13044858 0.0240159445
v 1.83365678E-09 1.36572313 -0.003198906
v 1.83365678E-09 1.12441921 -0.004813347
v 1.83365678E-09 1.36572313 -0.003198906
v 0.0142300287 1.13044858 0.0240159445
v 1.83365678E-09 1.12441921 -0.004813347
v 0.0142300287 1.13044858 0.0240159445
v 1.83365678E-09 0.9985949 -0.0130832326
v 0.0142300287 1.13044858 0.0240159445
v 1.83365678E-09 1.07312083 0.0214789659
v 1.83365678E-09 0.9985949 -0.0130832326
v 0.01959923 0.726979852 -0.0621424541
v 1.83365678E-09 0.7539963 -0.0409899876
v 1.83365678E-09 0.686092556 -0.0652065948
v 0.01959923 0.726979852 -0.0621424541
v 0.021081524 0.7618706 -0.0524228662
v 1.83365678E-09 0.7539963 -0.0409899876
v 1.83365678E-09 0.796432 -0.0284039453
v 1.83365678E-09 0.7539963 -0.0409899876
v 0.021081524 0.7618706 -0.0524228662
v 1.83365678E-09 0.796432 -0.0284039453
v 0.021081524 0.7618706 -0.0524228662
v 0.021081524 0.8059207 -0.0429339074
v 0.021081524 0.8059207 -0.0429339074
v 0.0183804538 0.848653 -0.0305784941
v 1.83365678E-09 0.796432 -0.0284039453
v 0.0183804538 0.848653 -0.0305784941
v 1.83365678E-09 0.8422613 -0.020167
v 1.83365678E-09 0.796432 -0.0284039453
v 1.83365678E-09 0.8422613 -0.020167
v 0.0183804538 0.848653 -0.0305784941
v 0.013307712 0.8837746 -0.0247796886
v 0.013307712 0.8837746 -0.0247796886
v 1.83365678E-09 0.8794256 -0.0168063343
v 1.83365678E-09 0.8422613 -0.020167
v 0.013307712 0.8837746 -0.0247796886
v 1.83365678E-09 0.9451877 -0.0211883858
v 1.83365678E-09 0.8794256 -0.0168063343
v 0.021081524 0.7618706 -0.0524228662
v 0.021081524 0.770568669 -0.06471238
v 0.021081524 0.8059207 -0.0429339074
v 0.021081524 0.728758931 -0.06665629
v 0.021081524 0.7490872 -0.0912682638
v 0.021081524 0.7116265 -0.08833592
v 0.021081524 0.725464165 -0.110114388
v 0.021081524 0.6887942 -0.100691333
v 0.021081524 0.6922536 -0.120855361
v 0.021081524 0.660624564 -0.101020791
v 0.021081524 0.654068053 -0.121942639
v 0.021081524 0.636375546 -0.08675443
v 0.021081524 0.654068053 -0.121942639
v 0.021081524 0.636375546 -0.08675443
v 0.01992863 0.6146305 -0.112882
v 0.020356847 0.5887342 -0.09591391
v 0.01992863 0.6146305 -0.112882
v 0.021081524 0.636375546 -0.08675443
v 0.020356847 0.5887342 -0.09591391
v 0.021081524 0.636375546 -0.08675443
v 0.021081524 0.6272822 -0.06266961
v 0.0207191855 0.569789648 -0.08042846
v 0.020356847 0.5887342 -0.09591391
v 0.021081524 0.6272822 -0.06266961
v 0.021081524 0.6272822 -0.06266961
v 0.021081524 0.5477811 -0.06876495
v 0.0207191855 0.569789648 -0.08042846
v 0.021081524 0.728758931 -0.06665629
v 0.021081524 0.7618706 -0.0524228662
v 0.01959923 0.726979852 -0.0621424541
v -0.0142300259 1.13044858 0.0240159445
v 1.83365678E-09 0.9985949 -0.0130832326
v 1.83365678E-09 1.07312083 0.0214789659
v 1.83365678E-09 1.12441921 -0.004813347
v 1.83365678E-09 0.9985949 -0.0130832326
v -0.0142300259 1.13044858 0.0240159445
v 1.83365678E-09 1.12441921 -0.004813347
v -0.0142300259 1.13044858 0.0240159445
v 1.83365678E-09 1.36572313 -0.003198906
v -0.0142300259 1.393036 0.02675061
v 1.83365678E-09 1.36572313 -0.003198906
v -0.0142300259 1.13044858 0.0240159445
v -0.0142300259 1.393036 0.02675061
v 1.83365678E-09 1.43708622 -0.008470548
v 1.83365678E-09 1.36572313 -0.003198906
v -0.0133077074 0.8837746 -0.0247796886
v 1.83365678E-09 0.8794256 -0.0168063343
v 1.83365678E-09 0.9451877 -0.0211883858
v -0.0133077074 0.8837746 -0.0247796886
v 1.83365678E-09 0.8422613 -0.020167
v 1.83365678E-09 0.8794256 -0.0168063343
v 1.83365678E-09 0.8422613 -0.020167
v -0.0133077074 0.8837746 -0.0247796886
v -0.01838045 0.848653 -0.0305784941
v -0.01838045 0.848653 -0.0305784941
v 1.83365678E-09 0.796432 -0.0284039453
v 1.83365678E-09 0.8422613 -0.020167
v -0.0210815184 0.8059207 -0.0429339074
v 1.83365678E-09 0.796432 -0.0284039453
v -0.01838045 0.848653 -0.0305784941
v 1.83365678E-09 0.796432 -0.0284039453
v -0.0210815184 0.8059207 -0.0429339074
v -0.0210815184 0.7618706 -0.0524228662
v 1.83365678E-09 0.796432 -0.0284039453
v -0.0210815184 0.7618706 -0.0524228662
v 1.83365678E-09 0.7539963 -0.0409899876
v -0.0195992254 0.726979852 -0.0621424541
v 1.83365678E-09 0.7539963 -0.0409899876
v -0.0210815184 0.7618706 -0.0524228662
v -0.0195992254 0.726979852 -0.0621424541
v 1.83365678E-09 0.686092556 -0.0652065948
v 1.83365678E-09 0.7539963 -0.0409899876
v -0.0210815184 0.6272822 -0.06266961
v -0.0207191817 0.569789648 -0.08042846
v -0.0210815184 0.5477811 -0.06876495
v -0.0207191817 0.569789648 -0.08042846
v -0.0210815184 0.6272822 -0.06266961
v -0.0203568451 0.5887342 -0.09591391
v -0.0203568451 0.5887342 -0.09591391
v -0.0210815184 0.6272822 -0.06266961
v -0.0210815184 0.636375546 -0.08675443
v -0.0203568451 0.5887342 -0.09591391
v -0.0210815184 0.636375546 -0.08675443
v -0.0199286249 0.6146305 -0.112882
v -0.0210815184 0.654068053 -0.121942639
v -0.0199286249 0.6146305 -0.112882
v -0.0210815184 0.636375546 -0.08675443
v -0.0210815184 0.654068053 -0.121942639
v -0.0210815184 0.636375546 -0.08675443
v -0.0210815184 0.660624564 -0.101020791
v -0.0210815184 0.6922536 -0.120855361
v -0.0210815184 0.6887942 -0.100691333
v -0.0210815184 0.725464165 -0.110114388
v -0.0210815184 0.7116265 -0.08833592
v -0.0210815184 0.7490872 -0.0912682638
v -0.0210815184 0.728758931 -0.06665629
v -0.0210815184 0.770568669 -0.06471238
v -0.0210815184 0.7618706 -0.0524228662
v -0.0210815184 0.8059207 -0.0429339074
v -0.0210815184 0.728758931 -0.06665629
v -0.0195992254 0.726979852 -0.0621424541
v -0.0210815184 0.7618706 -0.0524228662
v 0.0255613476 0.5180974 0.216793284
v 0.0441723727 0.5977962 0.165691316
v 0.0441723727 0.5977962 0.234354451
v 0.0255613476 0.5180974 0.183252454
v 1.83365678E-09 0.5977962 0.268686026
v 0.0255613476 0.5180974 0.216793284
v 0.0441723727 0.5977962 0.234354451
v 0.0255613476 0.5180974 0.216793284
v 1.83365678E-09 0.5977962 0.268686026
v 1.83365678E-09 0.5180974 0.233563691
v 0.0255613476 0.5180974 0.183252454
v 1.83365678E-09 0.5977962 0.1313268
v 0.0441723727 0.5977962 0.165691316
v 1.83365678E-09 0.5977962 0.1313268
v 0.0255613476 0.5180974 0.183252454
v 1.83365678E-09 0.5180974 0.166482076
v 0.0291517954 0.654101 0.01525184
v 0.0288553368 0.7149211 0.0327800475
v 0.021081524 0.7099132 0.0554481149
v 0.0288553368 0.7149211 0.0327800475
v 0.021081524 0.7444417 0.0736023262
v 0.021081524 0.7099132 0.0554481149
v 0.0291188527 0.7735009 0.0608844869
v 0.021081524 0.7444417 0.0736023262
v 0.0288553368 0.7149211 0.0327800475
v 0.021081524 0.7444417 0.0736023262
v 0.0291188527 0.7735009 0.0608844869
v 0.021081524 0.7646381 0.0959409
v 0.0291517954 0.654101 0.01525184
v 0.021081524 0.7099132 0.0554481149
v 0.021081524 0.646688 0.0449048243
v 0.0288553368 0.7149211 0.0327800475
v 0.021081524 0.7823637 0.0257951226
v 0.0291188527 0.7735009 0.0608844869
v 0.0288553368 0.7149211 0.0327800475
v 0.021081524 0.71996206 0.0109356819
v 0.021081524 0.7823637 0.0257951226
v -0.0102443006 0.198411167 0.0269153453
v -0.017754592 0.198411167 0.0155483689
v -0.0205215439 0.198411167 -2.97419137E-06
v -0.017754592 0.198411167 -0.01552137
v -0.0102443006 0.198411167 -0.0268883426
v -0.015580561 0.173074961 -0.0136433495
v -0.01287949 0.18655026 -0.0337744281
v -0.008992584 0.173074961 -0.02359357
v 1.83365678E-09 0.18655026 -0.03898017
v -0.008992584 0.173074961 -0.02359357
v -0.01287949 0.18655026 -0.0337744281
v 1.83365678E-09 0.198411167 -0.03107271
v 1.83365678E-09 0.18655026 -0.03898017
v -0.01287949 0.18655026 -0.0337744281
v 1.83365678E-09 0.198411167 -0.03107271
v -0.01287949 0.18655026 -0.0337744281
v -0.0102443006 0.198411167 -0.0268883426
v -0.0102443006 0.198411167 -0.0268883426
v -0.01287949 0.18655026 -0.0337744281
v -0.0223002974 0.18655026 -0.0194751
v 1.83365678E-09 0.41072163 0.144835383
v -0.0316881649 0.3434768 0.177453682
v -0.0347515754 0.402254283 0.190468043
v -0.0316881649 0.3434768 0.177453682
v 1.83365678E-09 0.41072163 0.144835383
v 1.83365678E-09 0.353954 0.141342908
v -0.0282294769 0.29998672 0.161506921
v -0.0316881649 0.3434768 0.177453682
v 1.83365678E-09 0.353954 0.141342908
v -0.0282294769 0.29998672 0.161506921
v 1.83365678E-09 0.353954 0.141342908
v 1.83365678E-09 0.313560933 0.128690988
v -0.0242108088 0.259000719 0.140057966
v -0.0282294769 0.29998672 0.161506921
v 1.83365678E-09 0.313560933 0.128690988
v -0.0242108088 0.259000719 0.140057966
v 1.83365678E-09 0.313560933 0.128690988
v 1.83365678E-09 0.275342435 0.109383591
v -0.0102443006 0.198411167 -0.0268883426
v -0.0223002974 0.18655026 -0.0194751
v -0.017754592 0.198411167 -0.01552137
v -0.017754592 0.198411167 -0.01552137
v -0.0223002974 0.18655026 -0.0194751
v -0.0257589836 0.18655026 -2.97419137E-06
v -0.0205215439 0.198411167 -2.97419137E-06
v -0.0257589836 0.18655026 -2.97419137E-06
v -0.017754592 0.198411167 0.0155483689
v -0.0205215439 0.198411167 -2.97419137E-06
v -0.0223002974 0.18655026 0.0195021015
v -0.0223002974 0.18655026 0.0195021015
v -0.0102443006 0.198411167 0.0269153453
v -0.017754592 0.198411167 0.0155483689
v 1.83365678E-09 1.54699755 0.164867625
v 0.0152511653 1.62722325 0.162264749
v 1.83365678E-09 1.647288 0.180847287
v 0.0152511653 1.70178246 0.171358347
v 1.83365678E-09 1.647288 0.180847287
v 0.0152511653 1.62722325 0.162264749
v 1.83365678E-09 1.647288 0.180847287
v 0.0152511653 1.70178246 0.171358347
v 1.83365678E-09 1.7660948 0.197090521
v 0.0152511653 1.70178246 0.171358347
v 1.83365678E-09 1.65117574 0.11468818
v 1.83365678E-09 1.7660948 0.197090521
v 1.83365678E-09 1.65117574 0.11468818
v 0.0152511653 1.70178246 0.171358347
v 0.0152511653 1.63849127 0.12885572
v 0.0152511653 1.63849127 0.12885572
v 0.021081524 1.56541479 0.06786942
v 1.83365678E-09 1.65117574 0.11468818
v 0.0152511653 1.63849127 0.12885572
v 0.0215426814 1.56525 0.0884617642
v 0.021081524 1.56541479 0.06786942
v 0.0215426814 1.56525 0.0884617642
v 0.0152511653 1.63849127 0.12885572
v 0.0244743321 1.60814691 0.140057966
v 0.0244743321 1.51055813 0.120486982
v 0.0215426814 1.56525 0.0884617642
v 0.0244743321 1.60814691 0.140057966
v 0.0244743321 1.60814691 0.140057966
v 0.0148229478 1.53628969 0.148360789
v 0.0244743321 1.51055813 0.120486982
v 0.0148229478 1.53628969 0.148360789
v 0.0148229478 1.44479573 0.133007139
v 0.0244743321 1.51055813 0.120486982
v 0.0148229478 1.53628969 0.148360789
v 1.83365678E-09 1.43708622 0.144242316
v 0.0148229478 1.44479573 0.133007139
v 1.83365678E-09 1.43708622 0.144242316
v 0.0188086722 1.4136939 0.114424594
v 0.0148229478 1.44479573 0.133007139
v 0.0188086722 1.4136939 0.114424594
v 1.83365678E-09 1.43708622 0.144242316
v 0.0142300287 1.393036 0.109021172
v 0.0188086722 1.4136939 0.114424594
v 0.0142300287 1.393036 0.109021172
v 0.0195333511 1.47751212 0.0923496
v 0.0188086722 1.4136939 0.114424594
v 0.0195333511 1.47751212 0.0923496
v 0.0215426814 1.48459589 0.101443186
v 0.0215426814 1.48459589 0.101443186
v 0.0195333511 1.47751212 0.0923496
v 0.021081524 1.56541479 0.06786942
v 0.0215426814 1.48459589 0.101443186
v 0.021081524 1.56541479 0.06786942
v 0.0215426814 1.56525 0.0884617642
v 0.0215426814 1.48459589 0.101443186
v 0.0215426814 1.56525 0.0884617642
v 0.0244743321 1.51055813 0.120486982
v 0.0188086722 1.4136939 0.114424594
v 0.0215426814 1.48459589 0.101443186
v 0.0244743321 1.51055813 0.120486982
v 0.0148229478 1.44479573 0.133007139
v 0.0188086722 1.4136939 0.114424594
v 0.0244743321 1.51055813 0.120486982
v 0.0152511653 1.63849127 0.12885572
v 0.0152511653 1.70178246 0.171358347
v 0.0244743321 1.60814691 0.140057966
v 0.0152511653 1.70178246 0.171358347
v 0.0152511653 1.62722325 0.162264749
v 0.0244743321 1.60814691 0.140057966
v 0.0148229478 1.53628969 0.148360789
v 0.0244743321 1.60814691 0.140057966
v 0.0152511653 1.62722325 0.162264749
v 0.0152511653 1.62722325 0.162264749
v 1.83365678E-09 1.54699755 0.164867625
v 0.0148229478 1.53628969 0.148360789
v 0.0148229478 1.53628969 0.148360789
v 1.83365678E-09 1.54699755 0.164867625
v 1.83365678E-09 1.43708622 0.144242316
v 0.0188086722 1.4136939 0.0213471763
v 0.0142300287 1.393036 0.02675061
v 1.83365678E-09 1.43708622 -0.008470548
v 0.0188086722 1.4136939 0.0213471763
v 0.0195333511 1.47751212 0.0434221737
v 0.0142300287 1.393036 0.02675061
v 0.0188086722 1.4136939 0.0213471763
v 0.0215426814 1.48459589 0.03432859
v 0.0195333511 1.47751212 0.0434221737
v 0.0215426814 1.48459589 0.03432859
v 0.021081524 1.56541479 0.06786942
v 0.0195333511 1.47751212 0.0434221737
v 1.83365678E-09 1.65117574 0.11468818
v -0.0152511625 1.63849127 0.12885572
v -0.0152511625 1.70178246 0.171358347
v -0.0152511625 1.70178246 0.171358347
v 1.83365678E-09 1.7660948 0.197090521
v 1.83365678E-09 1.65117574 0.11468818
v 1.83365678E-09 1.647288 0.180847287
v 1.83365678E-09 1.7660948 0.197090521
v -0.0152511625 1.70178246 0.171358347
v -0.0152511625 1.70178246 0.171358347
v -0.0152511625 1.62722325 0.162264749
v 1.83365678E-09 1.647288 0.180847287
v 1.83365678E-09 1.54699755 0.164867625
v 1.83365678E-09 1.647288 0.180847287
v -0.0152511625 1.62722325 0.162264749
v -0.0152511625 1.62722325 0.162264749
v -0.0148229422 1.53628969 0.148360789
v 1.83365678E-09 1.54699755 0.164867625
v -0.0148229422 1.53628969 0.148360789
v -0.0152511625 1.62722325 0.162264749
v -0.02447433 1.60814691 0.140057966
v -0.02447433 1.60814691 0.140057966
v -0.02447433 1.51055813 0.120486982
v -0.0148229422 1.53628969 0.148360789
v -0.02447433 1.51055813 0.120486982
v -0.02447433 1.60814691 0.140057966
v -0.02154268 1.56525 0.0884617642
v -0.02154268 1.48459589 0.101443186
v -0.02447433 1.51055813 0.120486982
v -0.02154268 1.56525 0.0884617642
v -0.02154268 1.48459589 0.101443186
v -0.02154268 1.56525 0.0884617642
v -0.0210815184 1.56541479 0.06786942
v -0.02154268 1.48459589 0.101443186
v -0.0210815184 1.56541479 0.06786942
v -0.0195333455 1.47751212 0.0923496
v -0.0188086685 1.4136939 0.114424594
v -0.02154268 1.48459589 0.101443186
v -0.0195333455 1.47751212 0.0923496
v -0.0188086685 1.4136939 0.114424594
v -0.0195333455 1.47751212 0.0923496
v -0.0142300259 1.393036 0.109021172
v -0.0188086685 1.4136939 0.114424594
v -0.0142300259 1.393036 0.109021172
v 1.83365678E-09 1.43708622 0.144242316
v 1.83365678E-09 1.43708622 0.144242316
v -0.0148229422 1.44479573 0.133007139
v -0.0188086685 1.4136939 0.114424594
v -0.0148229422 1.53628969 0.148360789
v -0.0148229422 1.44479573 0.133007139
v 1.83365678E-09 1.43708622 0.144242316
v -0.0148229422 1.53628969 0.148360789
v -0.02447433 1.51055813 0.120486982
v -0.0148229422 1.44479573 0.133007139
v -0.0148229422 1.44479573 0.133007139
v -0.02447433 1.51055813 0.120486982
v -0.0188086685 1.4136939 0.114424594
v -0.0188086685 1.4136939 0.114424594
v -0.02447433 1.51055813 0.120486982
v -0.02154268 1.48459589 0.101443186
v -0.0152511625 1.70178246 0.171358347
v -0.02447433 1.60814691 0.140057966
v -0.0152511625 1.62722325 0.162264749
v -0.0152511625 1.63849127 0.12885572
v -0.02447433 1.60814691 0.140057966
v -0.0152511625 1.70178246 0.171358347
v -0.02154268 1.56525 0.0884617642
v -0.02447433 1.60814691 0.140057966
v -0.0152511625 1.63849127 0.12885572
v -0.0152511625 1.63849127 0.12885572
v -0.0210815184 1.56541479 0.06786942
v -0.02154268 1.56525 0.0884617642
v -0.0152511625 1.63849127 0.12885572
v 1.83365678E-09 1.65117574 0.11468818
v -0.0210815184 1.56541479 0.06786942
v -0.0441723727 0.5977962 0.165691316
v -0.025561342 0.5180974 0.183252454
v -0.025561342 0.5180974 0.216793284
v -0.0441723727 0.5977962 0.234354451
v -0.025561342 0.5180974 0.216793284
v 1.83365678E-09 0.5180974 0.233563691
v 1.83365678E-09 0.5977962 0.268686026
v 1.83365678E-09 0.5977962 0.268686026
v -0.0441723727 0.5977962 0.234354451
v -0.025561342 0.5180974 0.216793284
v 1.83365678E-09 0.5977962 0.1313268
v 1.83365678E-09 0.5180974 0.166482076
v -0.025561342 0.5180974 0.183252454
v -0.025561342 0.5180974 0.183252454
v -0.0441723727 0.5977962 0.165691316
v 1.83365678E-09 0.5977962 0.1313268
v -0.01287949 0.18655026 0.0337684825
v -0.01287949 0.18655026 0.0337684825
v 1.83365678E-09 0.198411167 0.0310667641
v -0.0102443006 0.198411167 0.0269153453
v 1.83365678E-09 0.18655026 0.03897423
v -0.008992584 0.173074961 0.0236205719
v 1.83365678E-09 0.18655026 0.03897423
v -0.01287949 0.18655026 0.0337684825
v 1.83365678E-09 0.173074961 0.0272448231
v -0.01287949 0.18655026 -0.0337744281
v -0.015580561 0.173074961 -0.0136433495
v -0.0223002974 0.18655026 -0.0194751
v -0.0180181134 0.173074961 -2.97419137E-06
v -0.0223002974 0.18655026 -0.0194751
v -0.015580561 0.173074961 -0.0136433495
v -0.0257589836 0.18655026 -2.97419137E-06
v -0.0180181134 0.173074961 -2.97419137E-06
v -0.0223002974 0.18655026 0.0195021015
v -0.0257589836 0.18655026 -2.97419137E-06
v -0.0223002974 0.18655026 0.0195021015
v -0.0180181134 0.173074961 -2.97419137E-06
v -0.015580561 0.173074961 0.0136373984
v -0.015580561 0.173074961 0.0136373984
v -0.01287949 0.18655026 0.0337684825
v -0.0223002974 0.18655026 0.0195021015
v -0.008992584 0.173074961 0.0236205719
v -0.008992584 0.173074961 -0.02359357
v 1.83365678E-09 0.18655026 -0.03898017
v 1.83365678E-09 0.173074961 -0.0272507742
v -0.0210815184 0.496087253 -0.0141705107
v 1.83365678E-09 0.51671207 -0.0279097259
v 1.83365678E-09 0.496087253 -0.0278438348
v -0.0210815184 0.496087253 -0.0141705107
v -0.0210815184 0.5269256 -0.0141705107
v 1.83365678E-09 0.51671207 -0.0279097259
v -0.0210815184 0.5269256 -0.0141705107
v 1.83365678E-09 0.5340092 -0.0326542035
v 1.83365678E-09 0.51671207 -0.0279097259
v -0.0210815184 0.5269256 -0.0141705107
v -0.0210815184 0.5421801 -0.0245490558
v 1.83365678E-09 0.5340092 -0.0326542035
v 1.83365678E-09 0.5340092 -0.0326542035
v -0.0210815184 0.5421801 -0.0245490558
v -0.0210815184 0.5483741 -0.04336223
v -0.0144935455 0.182926118 0.066156134
v -0.0242108088 0.259000719 0.140057966
v 1.83365678E-09 0.275342435 0.109383591
v -0.0144935455 0.182926118 0.066156134
v 1.83365678E-09 0.275342435 0.109383591
v 1.83365678E-09 0.18398039 0.0396990776
v -0.0242108088 0.259000719 0.140057966
v -0.0144935455 0.182926118 0.066156134
v -0.0165687557 0.183057919 0.083816126
v 1.83365678E-09 0.750900865 0.200022891
v -0.0441723727 0.5977962 0.165691316
v -0.0441723727 0.5977962 0.234354451
v -0.0210815184 0.71996206 0.0109356819
v -0.0210815184 0.661481142 -0.0106121534
v -0.0291517936 0.654101 0.01525184
v 1.83365678E-09 0.877909958 0.12196964
v 1.83365678E-09 0.7542599 0.12022341
v 0.021081524 0.7646381 0.0959409
v 1.83365678E-09 0.5340092 -0.0326542035
v -0.0210815184 0.5483741 -0.04336223
v 1.83365678E-09 0.540664554 -0.0456026681
v -0.0210815184 0.5483741 -0.04336223
v 1.83365678E-09 0.540269136 -0.0599679
v 1.83365678E-09 0.540664554 -0.0456026681
v -0.0210815184 0.5483741 -0.04336223
v -0.0210815184 0.5477811 -0.06876495
v 1.83365678E-09 0.540269136 -0.0599679
v -0.0210815184 0.496087253 0.0141645642
v -0.0210815184 0.5269256 -0.0141705107
v -0.0210815184 0.496087253 -0.0141705107
v -0.0210815184 0.5270245 0.0308690779
v -0.0192039479 0.340379745 0.188128725
v -0.0347515754 0.402254283 0.190468043
v -0.0316881649 0.3434768 0.177453682
v -0.02154268 1.48459589 0.03432859
v -0.0195333455 1.47751212 0.0434221737
v -0.0210815184 1.56541479 0.06786942
v -0.0188086685 1.4136939 0.0213471763
v -0.0195333455 1.47751212 0.0434221737
v -0.02154268 1.48459589 0.03432859
v -0.0188086685 1.4136939 0.0213471763
v -0.0142300259 1.393036 0.02675061
v -0.0195333455 1.47751212 0.0434221737
v -0.0188086685 1.4136939 0.0213471763
v 1.83365678E-09 1.43708622 -0.008470548
v -0.0142300259 1.393036 0.02675061
v 1.83365678E-09 0.7823637 0.005696989
v 0.021081524 0.7823637 0.0257951226
v 0.021081524 0.71996206 0.0109356819
v 1.83365678E-09 0.7823637 0.005696989
v 0.021081524 0.71996206 0.0109356819
v 1.83365678E-09 0.7245087 -0.008602338
v 1.83365678E-09 0.7245087 -0.008602338
v 0.021081524 0.71996206 0.0109356819
v 0.021081524 0.661481142 -0.0106121534
v 1.83365678E-09 0.7245087 -0.008602338
v 0.021081524 0.661481142 -0.0106121534
v 1.83365678E-09 0.6669833 -0.0323906243
v 1.83365678E-09 0.6669833 -0.0323906243
v 0.021081524 0.661481142 -0.0106121534
v 0.021081524 0.635420144 -0.03552066
v 1.83365678E-09 0.6669833 -0.0323906243
v 0.021081524 0.635420144 -0.03552066
v 1.83365678E-09 0.6488294 -0.04609689
v 1.83365678E-09 0.6488294 -0.04609689
v 0.021081524 0.635420144 -0.03552066
v 0.021081524 0.6272822 -0.06266961
v 0.021081524 0.6272822 -0.06266961
v 1.83365678E-09 0.64230597 -0.06164823
v 1.83365678E-09 0.6488294 -0.04609689
v 1.83365678E-09 0.64230597 -0.06164823
v 0.021081524 0.6272822 -0.06266961
v 0.021081524 0.636375546 -0.08675443
v 0.021081524 0.636375546 -0.08675443
v 1.83365678E-09 0.647676349 -0.07845159
v 1.83365678E-09 0.64230597 -0.06164823
v 0.021081524 0.660624564 -0.101020791
v 1.83365678E-09 0.647676349 -0.07845159
v 0.021081524 0.636375546 -0.08675443
v 0.021081524 0.660624564 -0.101020791
v 1.83365678E-09 0.6641827 -0.09054342
v 1.83365678E-09 0.647676349 -0.07845159
v 1.83365678E-09 0.6641827 -0.09054342
v 0.021081524 0.660624564 -0.101020791
v 0.021081524 0.6887942 -0.100691333
v 1.83365678E-09 0.6641827 -0.09054342
v 0.021081524 0.6887942 -0.100691333
v 1.83365678E-09 0.6874104 -0.09182839
v 0.021081524 0.7116265 -0.08833592
v 1.83365678E-09 0.6874104 -0.09182839
v 0.021081524 0.6887942 -0.100691333
v 0.021081524 0.7116265 -0.08833592
v 1.83365678E-09 0.7071127 -0.08135099
v 1.83365678E-09 0.6874104 -0.09182839
v 1.83365678E-09 0.7071127 -0.08135099
v 0.021081524 0.7116265 -0.08833592
v 0.021081524 0.728758931 -0.06665629
v 0.021081524 0.728758931 -0.06665629
v 1.83365678E-09 0.7153166 -0.07120308
v 1.83365678E-09 0.7071127 -0.08135099
v 0.01959923 0.726979852 -0.0621424541
v 1.83365678E-09 0.7153166 -0.07120308
v 0.021081524 0.728758931 -0.06665629
v 0.01959923 0.726979852 -0.0621424541
v 1.83365678E-09 0.7139328 -0.0671505
v 1.83365678E-09 0.7153166 -0.07120308
v 0.01959923 0.726979852 -0.0621424541
v 1.83365678E-09 0.686092556 -0.0652065948
v 1.83365678E-09 0.7139328 -0.0671505
v 0.00184463512 0.46472165 -0.103294209
v 1.83365678E-09 0.4656443 -0.1114323
v 1.83365678E-09 0.467456341 -0.105073385
v 1.83365678E-09 0.467456341 -0.105073385
v 1.83365678E-09 0.4768462 -0.09789078
v 0.00184463512 0.46472165 -0.103294209
v 0.00184463512 0.46472165 -0.103294209
v 1.83365678E-09 0.4768462 -0.09789078
v 1.83365678E-09 0.460932851 -0.10055954
v 1.83365678E-09 0.460932851 -0.10055954
v 0.00405160664 0.457736939 -0.111860633
v 0.00184463512 0.46472165 -0.103294209
v 1.83365678E-09 0.460932851 -0.10055954
v 1.83365678E-09 0.447490424 -0.111531138
v 0.00405160664 0.457736939 -0.111860633
v 1.83365678E-09 0.447490424 -0.111531138
v 0.007872633 0.4607681 -0.124907941
v 0.00405160664 0.457736939 -0.111860633
v 0.007872633 0.4607681 -0.124907941
v 1.83365678E-09 0.447490424 -0.111531138
v 1.83365678E-09 0.434641063 -0.130509079
v 0.00184463512 0.46472165 -0.103294209
v 0.00405160664 0.457736939 -0.111860633
v 1.83365678E-09 0.4656443 -0.1114323
v 0.00405160664 0.457736939 -0.111860633
v 0.007872633 0.4607681 -0.124907941
v 1.83365678E-09 0.4656443 -0.1114323
v 1.83365678E-09 0.471838266 -0.116242677
v 1.83365678E-09 0.4656443 -0.1114323
v 0.007872633 0.4607681 -0.124907941
v 0.0101784244 0.478888929 -0.131958738
v 1.83365678E-09 0.471838266 -0.116242677
v 0.007872633 0.4607681 -0.124907941
v 0.0101784244 0.478888929 -0.131958738
v 1.83365678E-09 0.483139068 -0.116967522
v 1.83365678E-09 0.471838266 -0.116242677
v 0.0155805638 0.173074961 0.0136373984
v 0.008992589 0.173074961 0.0236205719
v 0.0152841052 0.159369066 0.0131431827
v 0.0152841052 0.159369066 0.0131431827
v 0.0177545957 0.159369066 -2.97419137E-06
v 0.0155805638 0.173074961 0.0136373984
v 0.0177545957 0.159369066 -2.97419137E-06
v 0.0180181172 0.173074961 -2.97419137E-06
v 0.0155805638 0.173074961 0.0136373984
v 0.0155805638 0.173074961 -0.0136433495
v 0.0180181172 0.173074961 -2.97419137E-06
v 0.0177545957 0.159369066 -2.97419137E-06
v 0.0177545957 0.159369066 -2.97419137E-06
v 0.01409827 0.159369066 -0.0131491311
v 0.0155805638 0.173074961 -0.0136433495
v 0.01409827 0.159369066 -0.0131491311
v 0.008992589 0.173074961 -0.02359357
v 0.0155805638 0.173074961 -0.0136433495
v 0.008992589 0.173074961 -0.02359357
v 0.01409827 0.159369066 -0.0131491311
v 1.83365678E-09 0.163059026 -0.0321270376
v 1.83365678E-09 0.163059026 -0.0321270376
v 1.83365678E-09 0.173074961 -0.0272507742
v 0.008992589 0.173074961 -0.02359357
v 0.01409827 0.159369066 -0.0131491311
v 1.83365678E-09 0.159369066 -0.02066122
v 1.83365678E-09 0.163059026 -0.0321270376
v 1.83365678E-09 1.36572313 0.138970673
v 0.0142300287 1.393036 0.109021172
v 1.83365678E-09 1.43708622 0.144242316
v 1.83365678E-09 1.36572313 0.138970673
v 0.0142300287 1.12952614 0.111755833
v 0.0142300287 1.393036 0.109021172
v 1.83365678E-09 1.12441921 0.14058511
v 0.0142300287 1.12952614 0.111755833
v 1.83365678E-09 1.36572313 0.138970673
v 0.0142300287 1.12952614 0.111755833
v 1.83365678E-09 1.12441921 0.14058511
v 1.83365678E-09 0.9985949 0.148558468
v 0.0142300287 1.12952614 0.111755833
v 1.83365678E-09 0.9985949 0.148558468
v 1.83365678E-09 1.07312083 0.113535017
v 0.0441723727 0.5977962 0.234354451
v 1.83365678E-09 0.750900865 0.200022891
v 1.83365678E-09 0.5977962 0.268686026
v 1.83365678E-09 0.5207316 -0.147081777
v 1.83365678E-09 0.5040604 -0.174131885
v 0.009091408 0.5252783 -0.152715862
v 0.009091408 0.5252783 -0.152715862
v 1.83365678E-09 0.5040604 -0.174131885
v 1.83365678E-09 0.5299238 -0.15900889
v -0.00184463139 0.46472165 -0.103294209
v 1.83365678E-09 0.460932851 -0.10055954
v 1.83365678E-09 0.4768462 -0.09789078
v 1.83365678E-09 0.460932851 -0.10055954
v -0.00184463139 0.46472165 -0.103294209
v -0.004051603 0.457736939 -0.111860633
v 1.83365678E-09 0.460932851 -0.10055954
v -0.004051603 0.457736939 -0.111860633
v 1.83365678E-09 0.447490424 -0.111531138
v 1.83365678E-09 0.447490424 -0.111531138
v -0.004051603 0.457736939 -0.111860633
v -0.007872628 0.4607681 -0.124907941
v 1.83365678E-09 0.877909958 0.12196964
v -0.0210815184 0.7646381 0.0959409
v 1.83365678E-09 0.7542599 0.12022341
v -0.0210815184 0.7646381 0.0959409
v 1.83365678E-09 0.74381566 0.106681891
v 1.83365678E-09 0.7542599 0.12022341
v -0.0210815184 0.7444417 0.0736023262
v 1.83365678E-09 0.74381566 0.106681891
v -0.0210815184 0.7646381 0.0959409
v 1.83365678E-09 0.74381566 0.106681891
v -0.0210815184 0.7444417 0.0736023262
v 1.83365678E-09 0.7285942 0.09373341
v 1.83365678E-09 0.7285942 0.09373341
v -0.0210815184 0.7444417 0.0736023262
v -0.0210815184 0.7099132 0.0554481149
v 1.83365678E-09 0.7285942 0.09373341
v -0.0210815184 0.7099132 0.0554481149
v 1.83365678E-09 0.7030932 0.0814109445
vt 0.45648545 0.06568611
vt 0.45648545 0.0136231184
vt 0.4320714 0.0136231184
vt 0.4320714 0.0136231184
vt 0.431094825 0.06568611
vt 0.45648545 0.06568611
vt 0.431094825 0.06568611
vt 0.4320714 0.0136231184
vt 0.407657325 0.0136231184
vt 0.407657325 0.0136231184
vt 0.407657325 0.06568611
vt 0.431094825 0.06568611
vt 0.407657325 0.0136231184
vt 0.3558995 0.06568611
vt 0.407657325 0.06568611
vt 0.269717872 0.6459472
vt 0.2728917 0.716748
vt 0.337588966 0.716748
vt 0.7748449 0.354687572
vt 0.839298 0.451123118
vt 0.8373449 0.354687572
vt 0.839298 0.451123118
vt 0.7748449 0.354687572
vt 0.776798 0.451123118
vt 0.9179113 0.584912062
vt 0.9379308 0.7221191
vt 0.893008947 0.6122558
vt 0.9179113 0.584912062
vt 0.942325354 0.626415968
vt 0.9379308 0.7221191
vt 0.942325354 0.626415968
vt 0.9179113 0.584912062
vt 0.9433019 0.4882325
vt 0.9433019 0.4882325
vt 0.9564855 0.5678222
vt 0.942325354 0.626415968
vt 0.9564855 0.5678222
vt 0.9433019 0.4882325
vt 0.9623449 0.416211
vt 0.9623449 0.416211
vt 0.9433019 0.4882325
vt 0.9496496 0.372509837
vt 0.9496496 0.372509837
vt 0.9433019 0.4882325
vt 0.8778722 0.437939525
vt 0.8778722 0.437939525
vt 0.947208166 0.3056153
vt 0.9496496 0.372509837
vt 0.8778722 0.437939525
vt 0.947208166 0.220654368
vt 0.947208166 0.3056153
vt 0.947208166 0.220654368
vt 0.8778722 0.437939525
vt 0.8661535 0.305859447
vt 0.8661535 0.305859447
vt 0.8734777 0.220654368
vt 0.947208166 0.220654368
vt 0.839298 0.451123118
vt 0.893008947 0.6122558
vt 0.841251135 0.5468261
vt 0.839298 0.451123118
vt 0.8778722 0.437939525
vt 0.893008947 0.6122558
vt 0.893008947 0.6122558
vt 0.8778722 0.437939525
vt 0.9179113 0.584912062
vt 0.9433019 0.4882325
vt 0.9179113 0.584912062
vt 0.8778722 0.437939525
vt 0.839298 0.451123118
vt 0.8661535 0.305859447
vt 0.8778722 0.437939525
vt 0.839298 0.451123118
vt 0.8373449 0.354687572
vt 0.8661535 0.305859447
vt 0.668887854 0.148632884
vt 0.6781652 0.220654368
vt 0.668887854 0.212841868
vt 0.6781652 0.220654368
vt 0.668887854 0.148632884
vt 0.6884191 0.1826905
vt 0.6884191 0.1826905
vt 0.668887854 0.148632884
vt 0.7016027 0.148632884
vt 0.64007926 0.306591868
vt 0.6200597 0.275341868
vt 0.6234777 0.340771556
vt 0.6234777 0.340771556
vt 0.64007926 0.340771556
vt 0.64007926 0.306591868
vt 0.6571691 0.240185618
vt 0.668887854 0.212841868
vt 0.668887854 0.148632884
vt 0.668887854 0.148632884
vt 0.64789176 0.189404368
vt 0.6571691 0.240185618
vt 0.07287949 0.458935618
vt 0.0551182628 0.458935618
vt 0.0529515147 0.409375072
vt 0.07287949 0.515087843
vt 0.0551182628 0.458935618
vt 0.07287949 0.458935618
vt 0.07287949 0.515087843
vt 0.0551182628 0.515087843
vt 0.0551182628 0.458935618
vt 0.07287949 0.515087843
vt 0.0551182628 0.665966749
vt 0.0551182628 0.515087843
vt 0.07287949 0.515087843
vt 0.07287949 0.601025343
vt 0.0551182628 0.665966749
vt 0.0512120128 0.8964355
vt 0.0354039073 0.869091749
vt 0.0354039073 0.8183105
vt 0.0512120128 0.813915968
vt 0.0512120128 0.8964355
vt 0.0354039073 0.8183105
vt 0.0354039073 0.8183105
vt 0.0354039073 0.7714355
vt 0.0512120128 0.813915968
vt 0.0354039073 0.7714355
vt 0.0512120128 0.732373
vt 0.0512120128 0.813915968
vt 0.0354039073 0.7714355
vt 0.0354039073 0.732373
vt 0.0512120128 0.732373
vt 0.0512120128 0.732373
vt 0.0354039073 0.732373
vt 0.0354039073 0.6547363
vt 0.0354039073 0.6547363
vt 0.0512120128 0.616162062
vt 0.0512120128 0.732373
vt 0.0354039073 0.6547363
vt 0.0354039073 0.5976074
vt 0.0512120128 0.616162062
vt 0.0512120128 0.5214355
vt 0.0512120128 0.616162062
vt 0.0354039073 0.5976074
vt 0.0512120128 0.5214355
vt 0.0354039073 0.5976074
vt 0.0354039073 0.5214355
vt 0.0512120128 0.5214355
vt 0.0354039073 0.5214355
vt 0.0354039073 0.443310618
vt 0.0512120128 0.5214355
vt 0.0354039073 0.443310618
vt 0.0529515147 0.409375072
vt 0.668887854 0.148632884
vt 0.6371496 0.115185618
vt 0.64789176 0.189404368
vt 0.637637854 0.263623118
vt 0.64789176 0.189404368
vt 0.6371496 0.115185618
vt 0.64007926 0.340771556
vt 0.6625402 0.340771556
vt 0.64007926 0.306591868
vt 0.637637854 0.263623118
vt 0.64007926 0.306591868
vt 0.6625402 0.340771556
vt 0.6967199 0.224560618
vt 0.6884191 0.1826905
vt 0.7016027 0.148632884
vt 0.7074621 0.205029368
vt 0.6967199 0.224560618
vt 0.7016027 0.148632884
vt 0.6967199 0.224560618
vt 0.7074621 0.205029368
vt 0.716251135 0.247998118
vt 0.7074621 0.205029368
vt 0.7377355 0.197216868
vt 0.716251135 0.247998118
vt 0.7074621 0.205029368
vt 0.728946447 0.148632884
vt 0.7377355 0.197216868
vt 0.728946447 0.148632884
vt 0.7533605 0.148632884
vt 0.7377355 0.197216868
vt 0.7533605 0.148632884
vt 0.728946447 0.148632884
vt 0.770938635 0.09565437
vt 0.728946447 0.148632884
vt 0.74945426 0.09565437
vt 0.770938635 0.09565437
vt 0.74945426 0.09565437
vt 0.728946447 0.148632884
vt 0.728946447 0.09565437
vt 0.7016027 0.09565437
vt 0.728946447 0.09565437
vt 0.728946447 0.148632884
vt 0.7016027 0.09565437
vt 0.728946447 0.148632884
vt 0.7016027 0.148632884
vt 0.668887854 0.148632884
vt 0.7016027 0.09565437
vt 0.7016027 0.148632884
vt 0.668887854 0.148632884
vt 0.668887854 0.08784187
vt 0.7016027 0.09565437
vt 0.6371496 0.115185618
vt 0.668887854 0.08784187
vt 0.668887854 0.148632884
vt 0.668887854 0.06568611
vt 0.668887854 0.08784187
vt 0.6371496 0.115185618
vt 0.728946447 0.148632884
vt 0.7074621 0.205029368
vt 0.7016027 0.148632884
vt 0.6371496 0.06568611
vt 0.668887854 0.06568611
vt 0.6371496 0.115185618
vt 0.668887854 0.0136231184
vt 0.668887854 0.06568611
vt 0.6371496 0.06568611
vt 0.668887854 0.0136231184
vt 0.6371496 0.06568611
vt 0.6371496 0.0136231184
vt 0.6371496 0.06568611
vt 0.619571447 0.0136231184
vt 0.6371496 0.0136231184
vt 0.6371496 0.06568611
vt 0.598575354 0.08643806
vt 0.619571447 0.0136231184
vt 0.598575354 0.08643806
vt 0.598575354 0.0136231184
vt 0.619571447 0.0136231184
vt 0.598575354 0.0136231184
vt 0.598575354 0.08643806
vt 0.573673 0.06568611
vt 0.598575354 0.0136231184
vt 0.573673 0.06568611
vt 0.5790441 0.0136231184
vt 0.573673 0.06568611
vt 0.549258947 0.0136231184
vt 0.5790441 0.0136231184
vt 0.573673 0.06568611
vt 0.549258947 0.06568611
vt 0.549258947 0.0136231184
vt 0.549258947 0.06568611
vt 0.5272863 0.0136231184
vt 0.549258947 0.0136231184
vt 0.5272863 0.0136231184
vt 0.549258947 0.06568611
vt 0.5272863 0.06568611
vt 0.5272863 0.06568611
vt 0.50726676 0.0136231184
vt 0.5272863 0.0136231184
vt 0.5272863 0.06568611
vt 0.50726676 0.06568611
vt 0.50726676 0.0136231184
vt 0.4867589 0.0136231184
vt 0.50726676 0.0136231184
vt 0.50726676 0.06568611
vt 0.4867589 0.0136231184
vt 0.50726676 0.06568611
vt 0.4867589 0.06568611
vt 0.4867589 0.06568611
vt 0.45648545 0.0136231184
vt 0.4867589 0.0136231184
vt 0.45648545 0.06568611
vt 0.45648545 0.0136231184
vt 0.4867589 0.06568611
vt 0.668887854 0.06568611
vt 0.668887854 0.0136231184
vt 0.70257926 0.06568611
vt 0.668887854 0.08784187
vt 0.668887854 0.06568611
vt 0.70257926 0.06568611
vt 0.45648545 0.06568611
vt 0.4320714 0.0136231184
vt 0.45648545 0.0136231184
vt 0.4320714 0.0136231184
vt 0.45648545 0.06568611
vt 0.431094825 0.06568611
vt 0.431094825 0.06568611
vt 0.407657325 0.0136231184
vt 0.4320714 0.0136231184
vt 0.407657325 0.0136231184
vt 0.431094825 0.06568611
vt 0.407657325 0.06568611
vt 0.407657325 0.0136231184
vt 0.407657325 0.06568611
vt 0.3558995 0.06568611
vt 0.6571691 0.240185618
vt 0.668887854 0.148632884
vt 0.668887854 0.212841868
vt 0.668887854 0.148632884
vt 0.6571691 0.240185618
vt 0.64789176 0.189404368
vt 0.6513097 0.255810618
vt 0.637637854 0.263623118
vt 0.64789176 0.189404368
vt 0.6513097 0.255810618
vt 0.645450354 0.279248118
vt 0.637637854 0.263623118
vt 0.6625402 0.340771556
vt 0.637637854 0.263623118
vt 0.645450354 0.279248118
vt 0.637637854 0.263623118
vt 0.6625402 0.340771556
vt 0.64007926 0.306591868
vt 0.64007926 0.340771556
vt 0.64007926 0.306591868
vt 0.6625402 0.340771556
vt 0.6234777 0.340771556
vt 0.64007926 0.306591868
vt 0.64007926 0.340771556
vt 0.64007926 0.306591868
vt 0.6234777 0.340771556
vt 0.6200597 0.275341868
vt 0.6098058 0.220654368
vt 0.64007926 0.306591868
vt 0.6200597 0.275341868
vt 0.6098058 0.220654368
vt 0.637637854 0.263623118
vt 0.64007926 0.306591868
vt 0.604923 0.146435618
vt 0.637637854 0.263623118
vt 0.6098058 0.220654368
vt 0.637637854 0.263623118
vt 0.604923 0.146435618
vt 0.6371496 0.115185618
vt 0.6371496 0.115185618
vt 0.604923 0.146435618
vt 0.598575354 0.08643806
vt 0.598575354 0.08643806
vt 0.6371496 0.06568611
vt 0.6371496 0.115185618
vt 0.668887854 0.148632884
vt 0.64789176 0.189404368
vt 0.6371496 0.115185618
vt 0.637637854 0.263623118
vt 0.6371496 0.115185618
vt 0.64789176 0.189404368
vt 0.134586036 0.6459472
vt 0.148624122 0.716748
vt 0.111880958 0.716748
vt 0.134586036 0.6459472
vt 0.269717872 0.6459472
vt 0.148624122 0.716748
vt 0.2728917 0.716748
vt 0.148624122 0.716748
vt 0.269717872 0.6459472
vt 0.2728917 0.716748
vt 0.269717872 0.6459472
vt 0.337588966 0.716748
vt 0.269717872 0.6459472
vt 0.2999913 0.6459472
vt 0.337588966 0.716748
vt 0.09521836 0.897900343
vt 0.08258408 0.8212402
vt 0.08258408 0.9794433
vt 0.09521836 0.897900343
vt 0.09521836 0.8212402
vt 0.08258408 0.8212402
vt 0.08258408 0.6933105
vt 0.08258408 0.8212402
vt 0.09521836 0.8212402
vt 0.08258408 0.6933105
vt 0.09521836 0.8212402
vt 0.09521836 0.6933105
vt 0.09521836 0.6933105
vt 0.09521836 0.5937011
vt 0.08258408 0.6933105
vt 0.09521836 0.5937011
vt 0.08258408 0.5937011
vt 0.08258408 0.6933105
vt 0.08258408 0.5937011
vt 0.09521836 0.5937011
vt 0.09521836 0.49458015
vt 0.09521836 0.49458015
vt 0.08258408 0.49458015
vt 0.08258408 0.5937011
vt 0.09521836 0.49458015
vt 0.09521836 0.3146485
vt 0.08258408 0.49458015
vt 0.7538488 0.2953614
vt 0.747501135 0.244091868
vt 0.717716 0.2953614
vt 0.747501135 0.244091868
vt 0.7538488 0.2953614
vt 0.786563635 0.2514161
vt 0.786563635 0.2514161
vt 0.768008947 0.150341868
vt 0.747501135 0.244091868
vt 0.8031652 0.158154368
vt 0.768008947 0.150341868
vt 0.786563635 0.2514161
vt 0.8031652 0.158154368
vt 0.7904699 0.08393562
vt 0.768008947 0.150341868
vt 0.7904699 0.08393562
vt 0.8031652 0.158154368
vt 0.8246496 0.115185618
vt 0.8246496 0.115185618
vt 0.8217199 0.03840339
vt 0.7904699 0.08393562
vt 0.846133947 0.115185618
vt 0.8217199 0.03840339
vt 0.8246496 0.115185618
vt 0.846133947 0.115185618
vt 0.8505285 0.0388306379
vt 0.8217199 0.03840339
vt 0.783633947 0.759228468
vt 0.845645666 0.8412597
vt 0.783633947 0.8412597
vt 0.783633947 0.759228468
vt 0.851505041 0.7689941
vt 0.845645666 0.8412597
vt 0.783633947 0.759228468
vt 0.8573644 0.6771972
vt 0.851505041 0.7689941
vt 0.783633947 0.759228468
vt 0.783633947 0.6771972
vt 0.8573644 0.6771972
vt 0.783633947 0.6127441
vt 0.8573644 0.6771972
vt 0.783633947 0.6771972
vt 0.6391027 0.6771972
vt 0.783633947 0.6127441
vt 0.6391027 0.6771972
vt 0.6571691 0.6127441
vt 0.6571691 0.6127441
vt 0.6391027 0.6771972
vt 0.620548 0.6127441
vt 0.449893653 0.6771972
vt 0.620548 0.6127441
vt 0.6391027 0.6771972
vt 0.449893653 0.6771972
vt 0.449893653 0.6127441
vt 0.620548 0.6127441
vt 0.449893653 0.6771972
vt 0.395206153 0.6781738
vt 0.449893653 0.6127441
vt 0.395206153 0.6781738
vt 0.449893653 0.6771972
vt 0.398135841 0.7040527
vt 0.398135841 0.7040527
vt 0.338077247 0.7509277
vt 0.395206153 0.6781738
vt 0.398135841 0.7509277
vt 0.338077247 0.7509277
vt 0.398135841 0.7040527
vt 0.338077247 0.7509277
vt 0.398135841 0.7509277
vt 0.398135841 0.7973144
vt 0.449893653 0.7509277
vt 0.398135841 0.7973144
vt 0.398135841 0.7509277
vt 0.398135841 0.7973144
vt 0.449893653 0.7509277
vt 0.449893653 0.8412597
vt 0.6386144 0.7509277
vt 0.449893653 0.8412597
vt 0.449893653 0.7509277
vt 0.6386144 0.7509277
vt 0.783633947 0.759228468
vt 0.783633947 0.8412597
vt 0.6386144 0.7509277
vt 0.783633947 0.6771972
vt 0.783633947 0.759228468
vt 0.783633947 0.6771972
vt 0.6386144 0.7509277
vt 0.6391027 0.6771972
vt 0.449893653 0.6771972
vt 0.6386144 0.7509277
vt 0.449893653 0.7509277
vt 0.449893653 0.6771972
vt 0.449893653 0.7509277
vt 0.398135841 0.7040527
vt 0.449893653 0.6771972
vt 0.449893653 0.7509277
vt 0.398135841 0.7509277
vt 0.398135841 0.7040527
vt 0.6386144 0.7509277
vt 0.6386144 0.8412597
vt 0.449893653 0.8412597
vt 0.6386144 0.8412597
vt 0.6571691 0.9066894
vt 0.6386144 0.8412597
vt 0.783633947 0.8412597
vt 0.783633947 0.8412597
vt 0.783633947 0.9066894
vt 0.6571691 0.9066894
vt 0.845645666 0.8412597
vt 0.783633947 0.9066894
vt 0.783633947 0.8412597
vt 0.845645666 0.8412597
vt 0.845645666 0.9066894
vt 0.783633947 0.9066894
vt 0.6200597 0.9066894
vt 0.6386144 0.8412597
vt 0.6571691 0.9066894
vt 0.449893653 0.8412597
vt 0.6386144 0.8412597
vt 0.6200597 0.9066894
vt 0.449893653 0.8412597
vt 0.6200597 0.9066894
vt 0.449893653 0.9066894
vt 0.395206153 0.8236816
vt 0.449893653 0.8412597
vt 0.449893653 0.9066894
vt 0.449893653 0.8412597
vt 0.395206153 0.8236816
vt 0.398135841 0.7973144
vt 0.338077247 0.7509277
vt 0.398135841 0.7973144
vt 0.395206153 0.8236816
vt 0.783633947 0.759228468
vt 0.783633947 0.8412597
vt 0.845645666 0.8412597
vt 0.783633947 0.759228468
vt 0.845645666 0.8412597
vt 0.851505041 0.7689941
vt 0.783633947 0.759228468
vt 0.851505041 0.7689941
vt 0.8573644 0.6771972
vt 0.783633947 0.759228468
vt 0.8573644 0.6771972
vt 0.783633947 0.6771972
vt 0.783633947 0.6127441
vt 0.783633947 0.6771972
vt 0.8573644 0.6771972
vt 0.6391027 0.6771972
vt 0.783633947 0.6127441
vt 0.6571691 0.6127441
vt 0.6391027 0.6771972
vt 0.6571691 0.6127441
vt 0.620548 0.6127441
vt 0.6391027 0.6771972
vt 0.449893653 0.6771972
vt 0.6391027 0.6771972
vt 0.620548 0.6127441
vt 0.449893653 0.6771972
vt 0.620548 0.6127441
vt 0.449893653 0.6127441
vt 0.449893653 0.6771972
vt 0.449893653 0.6127441
vt 0.395206153 0.6781738
vt 0.395206153 0.6781738
vt 0.398135841 0.7040527
vt 0.449893653 0.6771972
vt 0.398135841 0.7040527
vt 0.395206153 0.6781738
vt 0.338077247 0.7509277
vt 0.398135841 0.7509277
vt 0.398135841 0.7040527
vt 0.338077247 0.7509277
vt 0.338077247 0.7509277
vt 0.398135841 0.7973144
vt 0.398135841 0.7509277
vt 0.449893653 0.7509277
vt 0.398135841 0.7509277
vt 0.398135841 0.7973144
vt 0.398135841 0.7973144
vt 0.449893653 0.8412597
vt 0.449893653 0.7509277
vt 0.6386144 0.7509277
vt 0.449893653 0.7509277
vt 0.449893653 0.8412597
vt 0.449893653 0.7509277
vt 0.398135841 0.7040527
vt 0.398135841 0.7509277
vt 0.449893653 0.7509277
vt 0.449893653 0.6771972
vt 0.398135841 0.7040527
vt 0.6386144 0.7509277
vt 0.449893653 0.6771972
vt 0.449893653 0.7509277
vt 0.6386144 0.7509277
vt 0.6391027 0.6771972
vt 0.449893653 0.6771972
vt 0.783633947 0.6771972
vt 0.6386144 0.7509277
vt 0.783633947 0.759228468
vt 0.783633947 0.6771972
vt 0.6386144 0.7509277
vt 0.783633947 0.8412597
vt 0.783633947 0.759228468
vt 0.6386144 0.7509277
vt 0.449893653 0.8412597
vt 0.6386144 0.8412597
vt 0.6386144 0.8412597
vt 0.6571691 0.9066894
vt 0.783633947 0.8412597
vt 0.6386144 0.8412597
vt 0.783633947 0.8412597
vt 0.6571691 0.9066894
vt 0.783633947 0.9066894
vt 0.845645666 0.8412597
vt 0.783633947 0.8412597
vt 0.783633947 0.9066894
vt 0.845645666 0.8412597
vt 0.783633947 0.9066894
vt 0.845645666 0.9066894
vt 0.6200597 0.9066894
vt 0.6571691 0.9066894
vt 0.6386144 0.8412597
vt 0.449893653 0.8412597
vt 0.6200597 0.9066894
vt 0.6386144 0.8412597
vt 0.449893653 0.8412597
vt 0.449893653 0.9066894
vt 0.6200597 0.9066894
vt 0.395206153 0.8236816
vt 0.449893653 0.9066894
vt 0.449893653 0.8412597
vt 0.449893653 0.8412597
vt 0.398135841 0.7973144
vt 0.395206153 0.8236816
vt 0.338077247 0.7509277
vt 0.395206153 0.8236816
vt 0.398135841 0.7973144
vt 0.265811622 0.4701661
vt 0.2548253 0.410839915
vt 0.316348732 0.346630931
vt 0.223331153 0.548290968
vt 0.2548253 0.410839915
vt 0.265811622 0.4701661
vt 0.2548253 0.410839915
vt 0.223331153 0.548290968
vt 0.181705177 0.6054199
vt 0.223331153 0.548290968
vt 0.255557716 0.6054199
vt 0.181705177 0.6054199
vt 0.255557716 0.6054199
vt 0.223331153 0.548290968
vt 0.269717872 0.5546386
vt 0.269717872 0.5546386
vt 0.318301857 0.6054199
vt 0.255557716 0.6054199
vt 0.318301857 0.6054199
vt 0.269717872 0.5546386
vt 0.3263585 0.5551269
vt 0.3263585 0.5551269
vt 0.3871495 0.6054199
vt 0.318301857 0.6054199
vt 0.3263585 0.5551269
vt 0.383731544 0.5521972
vt 0.3871495 0.6054199
vt 0.404239357 0.5194824
vt 0.3871495 0.6054199
vt 0.383731544 0.5521972
vt 0.404239357 0.5194824
vt 0.383731544 0.5521972
vt 0.344669044 0.497753978
vt 0.362247169 0.4618653
vt 0.404239357 0.5194824
vt 0.344669044 0.497753978
vt 0.3143956 0.400586
vt 0.362247169 0.4618653
vt 0.344669044 0.497753978
vt 0.362247169 0.4618653
vt 0.3143956 0.400586
vt 0.316348732 0.346630931
vt 0.265811622 0.4701661
vt 0.316348732 0.346630931
vt 0.3143956 0.400586
vt 0.265811622 0.4701661
vt 0.3143956 0.400586
vt 0.283389747 0.5082519
vt 0.223331153 0.548290968
vt 0.265811622 0.4701661
vt 0.283389747 0.5082519
vt 0.269717872 0.5546386
vt 0.223331153 0.548290968
vt 0.283389747 0.5082519
vt 0.3263585 0.5551269
vt 0.269717872 0.5546386
vt 0.283389747 0.5082519
vt 0.3263585 0.5551269
vt 0.283389747 0.5082519
vt 0.344669044 0.497753978
vt 0.383731544 0.5521972
vt 0.3263585 0.5551269
vt 0.344669044 0.497753978
vt 0.3143956 0.400586
vt 0.344669044 0.497753978
vt 0.283389747 0.5082519
vt 0.376163185 0.9452636
vt 0.357364357 0.980908155
vt 0.403018653 0.980908155
vt 0.327090919 0.8944824
vt 0.357364357 0.980908155
vt 0.376163185 0.9452636
vt 0.357364357 0.980908155
vt 0.327090919 0.8944824
vt 0.301212 0.980908155
vt 0.327090919 0.8944824
vt 0.275088966 0.848583937
vt 0.301212 0.980908155
vt 0.275088966 0.848583937
vt 0.215640724 0.980908155
vt 0.301212 0.980908155
vt 0.275088966 0.848583937
vt 0.215640724 0.80708003
vt 0.215640724 0.980908155
vt 0.215640724 0.80708003
vt 0.158878028 0.980908155
vt 0.215640724 0.980908155
vt 0.215640724 0.80708003
vt 0.158023536 0.8959472
vt 0.158878028 0.980908155
vt 0.158023536 0.8959472
vt 0.09888047 0.980908155
vt 0.158878028 0.980908155
vt 0.09888047 0.980908155
vt 0.158023536 0.8959472
vt 0.1544835 0.8598144
vt 0.158023536 0.8959472
vt 0.215640724 0.754345655
vt 0.1544835 0.8598144
vt 0.158023536 0.8959472
vt 0.215640724 0.80708003
vt 0.215640724 0.754345655
vt 0.215640724 0.80708003
vt 0.275088966 0.7865722
vt 0.215640724 0.754345655
vt 0.215640724 0.80708003
vt 0.275088966 0.848583937
vt 0.275088966 0.7865722
vt 0.275088966 0.848583937
vt 0.327090919 0.8241699
vt 0.275088966 0.7865722
vt 0.275088966 0.848583937
vt 0.327090919 0.8944824
vt 0.327090919 0.8241699
vt 0.327090919 0.8944824
vt 0.376163185 0.8681152
vt 0.327090919 0.8241699
vt 0.327090919 0.8944824
vt 0.376163185 0.9452636
vt 0.376163185 0.8681152
vt 0.376163185 0.9452636
vt 0.4183995 0.913525343
vt 0.376163185 0.8681152
vt 0.376163185 0.9452636
vt 0.421573341 0.980908155
vt 0.4183995 0.913525343
vt 0.421573341 0.980908155
vt 0.482364357 0.980908155
vt 0.4183995 0.913525343
vt 0.421573341 0.980908155
vt 0.376163185 0.9452636
vt 0.403018653 0.980908155
vt 0.421573341 0.980908155
vt 0.4183995 0.913525343
vt 0.482364357 0.980908155
vt 0.421573341 0.980908155
vt 0.376163185 0.9452636
vt 0.4183995 0.913525343
vt 0.4183995 0.913525343
vt 0.376163185 0.9452636
vt 0.376163185 0.8681152
vt 0.327090919 0.8944824
vt 0.376163185 0.8681152
vt 0.376163185 0.9452636
vt 0.376163185 0.8681152
vt 0.327090919 0.8944824
vt 0.327090919 0.8241699
vt 0.275088966 0.848583937
vt 0.327090919 0.8241699
vt 0.327090919 0.8944824
vt 0.327090919 0.8241699
vt 0.275088966 0.848583937
vt 0.275088966 0.7865722
vt 0.215640724 0.80708003
vt 0.275088966 0.7865722
vt 0.275088966 0.848583937
vt 0.275088966 0.7865722
vt 0.215640724 0.80708003
vt 0.215640724 0.754345655
vt 0.158023536 0.8959472
vt 0.215640724 0.754345655
vt 0.215640724 0.80708003
vt 0.215640724 0.754345655
vt 0.158023536 0.8959472
vt 0.1544835 0.8598144
vt 0.158023536 0.8959472
vt 0.09888047 0.980908155
vt 0.1544835 0.8598144
vt 0.158023536 0.8959472
vt 0.158878028 0.980908155
vt 0.09888047 0.980908155
vt 0.215640724 0.80708003
vt 0.158878028 0.980908155
vt 0.158023536 0.8959472
vt 0.158878028 0.980908155
vt 0.215640724 0.80708003
vt 0.215640724 0.980908155
vt 0.275088966 0.848583937
vt 0.215640724 0.980908155
vt 0.215640724 0.80708003
vt 0.215640724 0.980908155
vt 0.275088966 0.848583937
vt 0.301212 0.980908155
vt 0.275088966 0.848583937
vt 0.327090919 0.8944824
vt 0.301212 0.980908155
vt 0.327090919 0.8944824
vt 0.357364357 0.980908155
vt 0.301212 0.980908155
vt 0.357364357 0.980908155
vt 0.327090919 0.8944824
vt 0.376163185 0.9452636
vt 0.376163185 0.9452636
vt 0.403018653 0.980908155
vt 0.357364357 0.980908155
vt 0.421573341 0.980908155
vt 0.403018653 0.980908155
vt 0.376163185 0.9452636
vt 0.265811622 0.4701661
vt 0.316348732 0.346630931
vt 0.2548253 0.410839915
vt 0.223331153 0.548290968
vt 0.265811622 0.4701661
vt 0.2548253 0.410839915
vt 0.2548253 0.410839915
vt 0.181705177 0.6054199
vt 0.223331153 0.548290968
vt 0.223331153 0.548290968
vt 0.181705177 0.6054199
vt 0.255557716 0.6054199
vt 0.255557716 0.6054199
vt 0.269717872 0.5546386
vt 0.223331153 0.548290968
vt 0.269717872 0.5546386
vt 0.255557716 0.6054199
vt 0.318301857 0.6054199
vt 0.318301857 0.6054199
vt 0.3263585 0.5551269
vt 0.269717872 0.5546386
vt 0.3263585 0.5551269
vt 0.318301857 0.6054199
vt 0.3871495 0.6054199
vt 0.3263585 0.5551269
vt 0.3871495 0.6054199
vt 0.383731544 0.5521972
vt 0.404239357 0.5194824
vt 0.383731544 0.5521972
vt 0.3871495 0.6054199
vt 0.404239357 0.5194824
vt 0.344669044 0.497753978
vt 0.383731544 0.5521972
vt 0.362247169 0.4618653
vt 0.344669044 0.497753978
vt 0.404239357 0.5194824
vt 0.3143956 0.400586
vt 0.344669044 0.497753978
vt 0.362247169 0.4618653
vt 0.362247169 0.4618653
vt 0.316348732 0.346630931
vt 0.3143956 0.400586
vt 0.265811622 0.4701661
vt 0.3143956 0.400586
vt 0.316348732 0.346630931
vt 0.265811622 0.4701661
vt 0.283389747 0.5082519
vt 0.3143956 0.400586
vt 0.223331153 0.548290968
vt 0.283389747 0.5082519
vt 0.265811622 0.4701661
vt 0.269717872 0.5546386
vt 0.283389747 0.5082519
vt 0.223331153 0.548290968
vt 0.3263585 0.5551269
vt 0.283389747 0.5082519
vt 0.269717872 0.5546386
vt 0.3263585 0.5551269
vt 0.344669044 0.497753978
vt 0.283389747 0.5082519
vt 0.383731544 0.5521972
vt 0.344669044 0.497753978
vt 0.3263585 0.5551269
vt 0.3143956 0.400586
vt 0.283389747 0.5082519
vt 0.344669044 0.497753978
vt 0.376163185 0.9452636
vt 0.403018653 0.980908155
vt 0.357364357 0.980908155
vt 0.327090919 0.8944824
vt 0.376163185 0.9452636
vt 0.357364357 0.980908155
vt 0.357364357 0.980908155
vt 0.301212 0.980908155
vt 0.327090919 0.8944824
vt 0.327090919 0.8944824
vt 0.301212 0.980908155
vt 0.275088966 0.848583937
vt 0.275088966 0.848583937
vt 0.301212 0.980908155
vt 0.215640724 0.980908155
vt 0.275088966 0.848583937
vt 0.215640724 0.980908155
vt 0.215640724 0.80708003
vt 0.215640724 0.80708003
vt 0.215640724 0.980908155
vt 0.158878028 0.980908155
vt 0.215640724 0.80708003
vt 0.158878028 0.980908155
vt 0.158023536 0.8959472
vt 0.158023536 0.8959472
vt 0.158878028 0.980908155
vt 0.09888047 0.980908155
vt 0.09888047 0.980908155
vt 0.1544835 0.8598144
vt 0.158023536 0.8959472
vt 0.158023536 0.8959472
vt 0.1544835 0.8598144
vt 0.215640724 0.754345655
vt 0.158023536 0.8959472
vt 0.215640724 0.754345655
vt 0.215640724 0.80708003
vt 0.215640724 0.80708003
vt 0.215640724 0.754345655
vt 0.275088966 0.7865722
vt 0.215640724 0.80708003
vt 0.275088966 0.7865722
vt 0.275088966 0.848583937
vt 0.275088966 0.848583937
vt 0.275088966 0.7865722
vt 0.327090919 0.8241699
vt 0.275088966 0.848583937
vt 0.327090919 0.8241699
vt 0.327090919 0.8944824
vt 0.327090919 0.8944824
vt 0.327090919 0.8241699
vt 0.376163185 0.8681152
vt 0.327090919 0.8944824
vt 0.376163185 0.8681152
vt 0.376163185 0.9452636
vt 0.275088966 0.848583937
vt 0.215640724 0.80708003
vt 0.215640724 0.980908155
vt 0.215640724 0.980908155
vt 0.301212 0.980908155
vt 0.275088966 0.848583937
vt 0.275088966 0.848583937
vt 0.301212 0.980908155
vt 0.327090919 0.8944824
vt 0.327090919 0.8944824
vt 0.301212 0.980908155
vt 0.357364357 0.980908155
vt 0.357364357 0.980908155
vt 0.376163185 0.9452636
vt 0.327090919 0.8944824
vt 0.376163185 0.9452636
vt 0.357364357 0.980908155
vt 0.403018653 0.980908155
vt 0.421573341 0.980908155
vt 0.376163185 0.9452636
vt 0.403018653 0.980908155
vt 0.421573341 0.980908155
vt 0.403018653 0.980908155
vt 0.376163185 0.9452636
vt 0.376163185 0.9452636
vt 0.376163185 0.8681152
vt 0.4183995 0.913525343
vt 0.376163185 0.9452636
vt 0.4183995 0.913525343
vt 0.421573341 0.980908155
vt 0.421573341 0.980908155
vt 0.4183995 0.913525343
vt 0.482364357 0.980908155
vt 0.421573341 0.980908155
vt 0.482364357 0.980908155
vt 0.4183995 0.913525343
vt 0.421573341 0.980908155
vt 0.4183995 0.913525343
vt 0.376163185 0.9452636
vt 0.4183995 0.913525343
vt 0.376163185 0.8681152
vt 0.376163185 0.9452636
vt 0.327090919 0.8944824
vt 0.376163185 0.9452636
vt 0.376163185 0.8681152
vt 0.376163185 0.8681152
vt 0.327090919 0.8241699
vt 0.327090919 0.8944824
vt 0.275088966 0.848583937
vt 0.327090919 0.8944824
vt 0.327090919 0.8241699
vt 0.327090919 0.8241699
vt 0.275088966 0.7865722
vt 0.275088966 0.848583937
vt 0.215640724 0.80708003
vt 0.275088966 0.848583937
vt 0.275088966 0.7865722
vt 0.275088966 0.7865722
vt 0.215640724 0.754345655
vt 0.215640724 0.80708003
vt 0.158023536 0.8959472
vt 0.215640724 0.80708003
vt 0.215640724 0.754345655
vt 0.215640724 0.754345655
vt 0.1544835 0.8598144
vt 0.158023536 0.8959472
vt 0.158023536 0.8959472
vt 0.1544835 0.8598144
vt 0.09888047 0.980908155
vt 0.158023536 0.8959472
vt 0.09888047 0.980908155
vt 0.158878028 0.980908155
vt 0.215640724 0.80708003
vt 0.158023536 0.8959472
vt 0.158878028 0.980908155
vt 0.158878028 0.980908155
vt 0.215640724 0.980908155
vt 0.215640724 0.80708003
vt 0.07287949 0.515087843
vt 0.0551182628 0.665966749
vt 0.07287949 0.601025343
vt 0.07287949 0.515087843
vt 0.0551182628 0.515087843
vt 0.0551182628 0.665966749
vt 0.07287949 0.515087843
vt 0.0551182628 0.458935618
vt 0.0551182628 0.515087843
vt 0.07287949 0.515087843
vt 0.07287949 0.458935618
vt 0.0551182628 0.458935618
vt 0.07287949 0.458935618
vt 0.0529515147 0.409375072
vt 0.0551182628 0.458935618
vt 0.637637854 0.263623118
vt 0.6371496 0.115185618
vt 0.604923 0.146435618
vt 0.604923 0.146435618
vt 0.6098058 0.220654368
vt 0.637637854 0.263623118
vt 0.6625402 0.340771556
vt 0.645450354 0.279248118
vt 0.637637854 0.263623118
vt 0.6513097 0.255810618
vt 0.637637854 0.263623118
vt 0.645450354 0.279248118
vt 0.8505285 0.0388306379
vt 0.846133947 0.115185618
vt 0.8661535 0.134716868
vt 0.8505285 0.0388306379
vt 0.8661535 0.134716868
vt 0.887637854 0.06763923
vt 0.9120519 0.134716868
vt 0.887637854 0.06763923
vt 0.8661535 0.134716868
vt 0.9120519 0.134716868
vt 0.8661535 0.134716868
vt 0.8734777 0.220654368
vt 0.9301183 0.182446361
vt 0.9120519 0.134716868
vt 0.8734777 0.220654368
vt 0.8734777 0.220654368
vt 0.947208166 0.220654368
vt 0.9301183 0.182446361
vt 0.269717872 0.6459472
vt 0.337588966 0.716748
vt 0.2999913 0.6459472
vt 0.2728917 0.716748
vt 0.337588966 0.716748
vt 0.269717872 0.6459472
vt 0.2728917 0.716748
vt 0.269717872 0.6459472
vt 0.148624122 0.716748
vt 0.134586036 0.6459472
vt 0.148624122 0.716748
vt 0.269717872 0.6459472
vt 0.134586036 0.6459472
vt 0.111880958 0.716748
vt 0.148624122 0.716748
vt 0.09521836 0.49458015
vt 0.08258408 0.49458015
vt 0.09521836 0.3146485
vt 0.09521836 0.49458015
vt 0.08258408 0.5937011
vt 0.08258408 0.49458015
vt 0.08258408 0.5937011
vt 0.09521836 0.49458015
vt 0.09521836 0.5937011
vt 0.09521836 0.5937011
vt 0.08258408 0.6933105
vt 0.08258408 0.5937011
vt 0.09521836 0.6933105
vt 0.08258408 0.6933105
vt 0.09521836 0.5937011
vt 0.08258408 0.6933105
vt 0.09521836 0.6933105
vt 0.09521836 0.8212402
vt 0.08258408 0.6933105
vt 0.09521836 0.8212402
vt 0.08258408 0.8212402
vt 0.09521836 0.897900343
vt 0.08258408 0.8212402
vt 0.09521836 0.8212402
vt 0.09521836 0.897900343
vt 0.08258408 0.9794433
vt 0.08258408 0.8212402
vt 0.8734777 0.220654368
vt 0.9301183 0.182446361
vt 0.947208166 0.220654368
vt 0.9301183 0.182446361
vt 0.8734777 0.220654368
vt 0.9120519 0.134716868
vt 0.9120519 0.134716868
vt 0.8734777 0.220654368
vt 0.8661535 0.134716868
vt 0.9120519 0.134716868
vt 0.8661535 0.134716868
vt 0.887637854 0.06763923
vt 0.8505285 0.0388306379
vt 0.887637854 0.06763923
vt 0.8661535 0.134716868
vt 0.8505285 0.0388306379
vt 0.8661535 0.134716868
vt 0.846133947 0.115185618
vt 0.846133947 0.115185618
vt 0.8217199 0.03840339
vt 0.8505285 0.0388306379
vt 0.846133947 0.115185618
vt 0.8246496 0.115185618
vt 0.8217199 0.03840339
vt 0.6967199 0.224560618
vt 0.716251135 0.247998118
vt 0.7016027 0.271435618
vt 0.6840246 0.271435618
vt 0.68695426 0.251904368
vt 0.6933019 0.258252025
vt 0.6933019 0.258252025
vt 0.68695426 0.251904368
vt 0.6967199 0.224560618
vt 0.685001135 0.236279368
vt 0.6967199 0.224560618
vt 0.68695426 0.251904368
vt 0.6884191 0.1826905
vt 0.6967199 0.224560618
vt 0.685001135 0.236279368
vt 0.8246496 0.115185618
vt 0.7904699 0.08393562
vt 0.8217199 0.03840339
vt 0.7904699 0.08393562
vt 0.8246496 0.115185618
vt 0.8031652 0.158154368
vt 0.8031652 0.158154368
vt 0.768008947 0.150341868
vt 0.7904699 0.08393562
vt 0.8031652 0.158154368
vt 0.786563635 0.2514161
vt 0.768008947 0.150341868
vt 0.786563635 0.2514161
vt 0.747501135 0.244091868
vt 0.768008947 0.150341868
vt 0.747501135 0.244091868
vt 0.786563635 0.2514161
vt 0.7538488 0.2953614
vt 0.7538488 0.2953614
vt 0.717716 0.2953614
vt 0.747501135 0.244091868
vt 0.269717872 0.6459472
vt 0.337588966 0.716748
vt 0.2999913 0.6459472
vt 0.269717872 0.6459472
vt 0.2999913 0.6459472
vt 0.337588966 0.716748
vt 0.269717872 0.6459472
vt 0.337588966 0.716748
vt 0.2728917 0.716748
vt 0.2728917 0.716748
vt 0.148624122 0.716748
vt 0.269717872 0.6459472
vt 0.148624122 0.716748
vt 0.134586036 0.6459472
vt 0.269717872 0.6459472
vt 0.148624122 0.716748
vt 0.111880958 0.716748
vt 0.134586036 0.6459472
vt 0.6918371 0.524853468
vt 0.6918371 0.569287062
vt 0.6854894 0.569287062
vt 0.3263585 0.5551269
vt 0.3871495 0.6054199
vt 0.318301857 0.6054199
vt 0.5951574 0.569287062
vt 0.6058996 0.524853468
vt 0.59320426 0.524853468
vt 0.5951574 0.569287062
vt 0.6058996 0.569287062
vt 0.6058996 0.524853468
vt 0.6058996 0.569287062
vt 0.6161535 0.524853468
vt 0.6058996 0.524853468
vt 0.07367295 0.9828613
vt 0.0609776378 0.9828613
vt 0.0609776378 0.8969238
vt 0.07367295 0.9828613
vt 0.0609776378 0.8969238
vt 0.07367295 0.8969238
vt 0.07367295 0.8969238
vt 0.0609776378 0.8969238
vt 0.0609776378 0.84614253
vt 0.07367295 0.8969238
vt 0.0609776378 0.84614253
vt 0.07367295 0.84614253
vt 0.0609776378 0.84614253
vt 0.07367295 0.75239253
vt 0.07367295 0.84614253
vt 0.0609776378 0.84614253
vt 0.0609776378 0.79145503
vt 0.07367295 0.75239253
vt 0.07367295 0.75239253
vt 0.0609776378 0.76020503
vt 0.07367295 0.68989253
vt 0.9931066 0.5238769
vt 0.9623449 0.416211
vt 0.9564855 0.5678222
vt 0.9931066 0.5238769
vt 0.9931066 0.416211
vt 0.9623449 0.416211
vt 0.668887854 0.08784187
vt 0.70257926 0.06568611
vt 0.668887854 0.06568611
vt 0.668887854 0.06568611
vt 0.70257926 0.06568611
vt 0.668887854 0.0136231184
vt 0.685001135 0.288525462
vt 0.6840246 0.271435618
vt 0.6933019 0.258252025
vt 0.685001135 0.288525462
vt 0.6933019 0.258252025
vt 0.7016027 0.271435618
vt 0.839298 0.451123118
vt 0.776798 0.451123118
vt 0.778751135 0.5468261
vt 0.776798 0.451123118
vt 0.742130041 0.5468261
vt 0.778751135 0.5468261
vt 0.7201574 0.451123118
vt 0.742130041 0.5468261
vt 0.776798 0.451123118
vt 0.742130041 0.5468261
vt 0.7201574 0.451123118
vt 0.7201574 0.577099562
vt 0.839298 0.451123118
vt 0.778751135 0.5468261
vt 0.841251135 0.5468261
vt 0.776798 0.451123118
vt 0.7201574 0.354687572
vt 0.7201574 0.451123118
vt 0.776798 0.451123118
vt 0.7748449 0.354687572
vt 0.7201574 0.354687572
vt 0.318301857 0.6054199
vt 0.269717872 0.5546386
vt 0.255557716 0.6054199
vt 0.6161535 0.524853468
vt 0.6058996 0.569287062
vt 0.6161535 0.569287062
vt 0.6161535 0.569287062
vt 0.6283605 0.524853468
vt 0.6161535 0.524853468
vt 0.6283605 0.524853468
vt 0.6161535 0.569287062
vt 0.6283605 0.569287062
vt 0.0354039073 0.6547363
vt 0.0512120128 0.732373
vt 0.0512120128 0.616162062
vt 0.6918371 0.524853468
vt 0.7074621 0.569287062
vt 0.6918371 0.569287062
vt 0.640567541 0.524853468
vt 0.6283605 0.524853468
vt 0.6283605 0.569287062
vt 0.640567541 0.524853468
vt 0.6283605 0.569287062
vt 0.640567541 0.569287062
vt 0.640567541 0.569287062
vt 0.653262854 0.524853468
vt 0.640567541 0.524853468
vt 0.640567541 0.569287062
vt 0.653262854 0.569287062
vt 0.653262854 0.524853468
vt 0.6649816 0.524853468
vt 0.653262854 0.524853468
vt 0.653262854 0.569287062
vt 0.6649816 0.524853468
vt 0.653262854 0.569287062
vt 0.6649816 0.569287062
vt 0.6649816 0.569287062
vt 0.6854894 0.524853468
vt 0.6649816 0.524853468
vt 0.6854894 0.524853468
vt 0.6649816 0.569287062
vt 0.6854894 0.569287062
vt 0.6918371 0.524853468
vt 0.6854894 0.569287062
vt 0.6918371 0.569287062
vt 0.6918371 0.524853468
vt 0.6918371 0.569287062
vt 0.7074621 0.569287062
vt 0.742130041 0.5468261
vt 0.7201574 0.577099562
vt 0.7201574 0.451123118
vt 0.7201574 0.451123118
vt 0.776798 0.451123118
vt 0.742130041 0.5468261
vt 0.776798 0.451123118
vt 0.7201574 0.451123118
vt 0.7201574 0.354687572
vt 0.776798 0.451123118
vt 0.7201574 0.354687572
vt 0.7748449 0.354687572
vt 0.839298 0.451123118
vt 0.776798 0.451123118
vt 0.7748449 0.354687572
vt 0.685001135 0.288525462
vt 0.6933019 0.258252025
vt 0.6840246 0.271435618
vt 0.685001135 0.288525462
vt 0.7016027 0.271435618
vt 0.6933019 0.258252025
vt 0.7016027 0.271435618
vt 0.6967199 0.224560618
vt 0.6933019 0.258252025
vt 0.6967199 0.224560618
vt 0.7016027 0.271435618
vt 0.716251135 0.247998118
vt 0.6840246 0.271435618
vt 0.6933019 0.258252025
vt 0.68695426 0.251904368
vt 0.6933019 0.258252025
vt 0.6967199 0.224560618
vt 0.68695426 0.251904368
vt 0.685001135 0.236279368
vt 0.68695426 0.251904368
vt 0.6967199 0.224560618
vt 0.6884191 0.1826905
vt 0.685001135 0.236279368
vt 0.6967199 0.224560618
vt 0.223331153 0.548290968
vt 0.255557716 0.6054199
vt 0.269717872 0.5546386
vt 0.255557716 0.6054199
vt 0.223331153 0.548290968
vt 0.181705177 0.6054199
vt 0.223331153 0.548290968
vt 0.2548253 0.410839915
vt 0.181705177 0.6054199
vt 0.2548253 0.410839915
vt 0.223331153 0.548290968
vt 0.265811622 0.4701661
vt 0.265811622 0.4701661
vt 0.316348732 0.346630931
vt 0.2548253 0.410839915
vt 0.265811622 0.4701661
vt 0.3143956 0.400586
vt 0.316348732 0.346630931
vt 0.3143956 0.400586
vt 0.265811622 0.4701661
vt 0.283389747 0.5082519
vt 0.344669044 0.497753978
vt 0.3143956 0.400586
vt 0.283389747 0.5082519
vt 0.283389747 0.5082519
vt 0.3263585 0.5551269
vt 0.344669044 0.497753978
vt 0.148624122 0.716748
vt 0.134586036 0.6459472
vt 0.111880958 0.716748
vt 0.0354039073 0.6547363
vt 0.0512120128 0.616162062
vt 0.0354039073 0.5976074
vt 0.0512120128 0.5214355
vt 0.0354039073 0.5976074
vt 0.0512120128 0.616162062
vt 0.0512120128 0.5214355
vt 0.0354039073 0.5214355
vt 0.0354039073 0.5976074
vt 0.839298 0.451123118
vt 0.778751135 0.5468261
vt 0.776798 0.451123118
vt 0.839298 0.451123118
vt 0.841251135 0.5468261
vt 0.778751135 0.5468261
vt 0.776798 0.451123118
vt 0.778751135 0.5468261
vt 0.742130041 0.5468261
vt 0.148624122 0.716748
vt 0.269717872 0.6459472
vt 0.134586036 0.6459472
vt 0.0512120128 0.5214355
vt 0.0354039073 0.443310618
vt 0.0354039073 0.5214355
vt 0.0512120128 0.5214355
vt 0.0529515147 0.409375072
vt 0.0354039073 0.443310618
vt 0.6098058 0.220654368
vt 0.64007926 0.306591868
vt 0.637637854 0.263623118
vt 0.6098058 0.220654368
vt 0.6200597 0.275341868
vt 0.64007926 0.306591868
vt 0.6513097 0.255810618
vt 0.64789176 0.189404368
vt 0.637637854 0.263623118
vt 0.3263585 0.5551269
vt 0.383731544 0.5521972
vt 0.344669044 0.497753978
vt 0.548770666 0.569287062
vt 0.572208166 0.524853468
vt 0.548770666 0.524853468
vt 0.572208166 0.569287062
vt 0.0512120128 0.732373
vt 0.0354039073 0.6547363
vt 0.0354039073 0.732373
vt 0.572208166 0.569287062
vt 0.59320426 0.524853468
vt 0.572208166 0.524853468
vt 0.572208166 0.569287062
vt 0.5951574 0.569287062
vt 0.59320426 0.524853468
vt 0.2728917 0.716748
vt 0.269717872 0.6459472
vt 0.148624122 0.716748
vt 0.3263585 0.5551269
vt 0.3871495 0.6054199
vt 0.383731544 0.5521972
vt 0.3871495 0.6054199
vt 0.404239357 0.5194824
vt 0.383731544 0.5521972
vt 0.404239357 0.5194824
vt 0.3871495 0.6054199
vt 0.41742295 0.5141113
vt 0.404239357 0.5194824
vt 0.41742295 0.5141113
vt 0.367618263 0.4425782
vt 0.404239357 0.5194824
vt 0.367618263 0.4425782
vt 0.362247169 0.4618653
vt 0.362247169 0.4618653
vt 0.367618263 0.4425782
vt 0.316348732 0.346630931
vt 0.362247169 0.4618653
vt 0.316348732 0.346630931
vt 0.3143956 0.400586
vt 0.362247169 0.4618653
vt 0.3143956 0.400586
vt 0.344669044 0.497753978
vt 0.404239357 0.5194824
vt 0.362247169 0.4618653
vt 0.344669044 0.497753978
vt 0.383731544 0.5521972
vt 0.404239357 0.5194824
vt 0.344669044 0.497753978
vt 0.265811622 0.4701661
vt 0.223331153 0.548290968
vt 0.283389747 0.5082519
vt 0.223331153 0.548290968
vt 0.269717872 0.5546386
vt 0.283389747 0.5082519
vt 0.3263585 0.5551269
vt 0.283389747 0.5082519
vt 0.269717872 0.5546386
vt 0.269717872 0.5546386
vt 0.318301857 0.6054199
vt 0.3263585 0.5551269
vt 0.3263585 0.5551269
vt 0.318301857 0.6054199
vt 0.3871495 0.6054199
vt 0.404239357 0.5194824
vt 0.41742295 0.5141113
vt 0.3871495 0.6054199
vt 0.404239357 0.5194824
vt 0.367618263 0.4425782
vt 0.41742295 0.5141113
vt 0.404239357 0.5194824
vt 0.362247169 0.4618653
vt 0.367618263 0.4425782
vt 0.362247169 0.4618653
vt 0.316348732 0.346630931
vt 0.367618263 0.4425782
vt 0.2548253 0.410839915
vt 0.265811622 0.4701661
vt 0.223331153 0.548290968
vt 0.223331153 0.548290968
vt 0.181705177 0.6054199
vt 0.2548253 0.410839915
vt 0.255557716 0.6054199
vt 0.181705177 0.6054199
vt 0.223331153 0.548290968
vt 0.223331153 0.548290968
vt 0.269717872 0.5546386
vt 0.255557716 0.6054199
vt 0.318301857 0.6054199
vt 0.255557716 0.6054199
vt 0.269717872 0.5546386
vt 0.269717872 0.5546386
vt 0.3263585 0.5551269
vt 0.318301857 0.6054199
vt 0.3263585 0.5551269
vt 0.269717872 0.5546386
vt 0.283389747 0.5082519
vt 0.283389747 0.5082519
vt 0.344669044 0.497753978
vt 0.3263585 0.5551269
vt 0.344669044 0.497753978
vt 0.283389747 0.5082519
vt 0.3143956 0.400586
vt 0.362247169 0.4618653
vt 0.344669044 0.497753978
vt 0.3143956 0.400586
vt 0.362247169 0.4618653
vt 0.3143956 0.400586
vt 0.316348732 0.346630931
vt 0.362247169 0.4618653
vt 0.316348732 0.346630931
vt 0.367618263 0.4425782
vt 0.404239357 0.5194824
vt 0.362247169 0.4618653
vt 0.367618263 0.4425782
vt 0.404239357 0.5194824
vt 0.367618263 0.4425782
vt 0.41742295 0.5141113
vt 0.404239357 0.5194824
vt 0.41742295 0.5141113
vt 0.3871495 0.6054199
vt 0.3871495 0.6054199
vt 0.383731544 0.5521972
vt 0.404239357 0.5194824
vt 0.3263585 0.5551269
vt 0.383731544 0.5521972
vt 0.3871495 0.6054199
vt 0.3263585 0.5551269
vt 0.344669044 0.497753978
vt 0.383731544 0.5521972
vt 0.383731544 0.5521972
vt 0.344669044 0.497753978
vt 0.404239357 0.5194824
vt 0.404239357 0.5194824
vt 0.344669044 0.497753978
vt 0.362247169 0.4618653
vt 0.223331153 0.548290968
vt 0.283389747 0.5082519
vt 0.269717872 0.5546386
vt 0.265811622 0.4701661
vt 0.283389747 0.5082519
vt 0.223331153 0.548290968
vt 0.3143956 0.400586
vt 0.283389747 0.5082519
vt 0.265811622 0.4701661
vt 0.265811622 0.4701661
vt 0.316348732 0.346630931
vt 0.3143956 0.400586
vt 0.265811622 0.4701661
vt 0.2548253 0.410839915
vt 0.316348732 0.346630931
vt 0.7016027 0.271435618
vt 0.6933019 0.258252025
vt 0.6967199 0.224560618
vt 0.783633947 0.6127441
vt 0.8573644 0.6771972
vt 0.8637121 0.6127441
vt 0.0512120128 0.8964355
vt 0.0354039073 0.8183105
vt 0.0354039073 0.869091749
vt 0.0512120128 0.813915968
vt 0.0354039073 0.8183105
vt 0.0512120128 0.8964355
vt 0.0354039073 0.8183105
vt 0.0512120128 0.813915968
vt 0.0354039073 0.7714355
vt 0.0354039073 0.7714355
vt 0.0512120128 0.813915968
vt 0.0512120128 0.732373
vt 0.07367295 0.9828613
vt 0.0609776378 0.8969238
vt 0.0609776378 0.9828613
vt 0.07367295 0.9828613
vt 0.07367295 0.8969238
vt 0.0609776378 0.8969238
vt 0.07367295 0.8969238
vt 0.0609776378 0.84614253
vt 0.0609776378 0.8969238
vt 0.07367295 0.8969238
vt 0.07367295 0.84614253
vt 0.0609776378 0.84614253
vt 0.0609776378 0.84614253
vt 0.07367295 0.84614253
vt 0.07367295 0.75239253
vt 0.0354039073 0.7714355
vt 0.0512120128 0.732373
vt 0.0354039073 0.732373
vt 0.7748449 0.354687572
vt 0.8373449 0.354687572
vt 0.839298 0.451123118
vt 0.783633947 0.6127441
vt 0.8637121 0.6127441
vt 0.8573644 0.6771972
vt 0.0609776378 0.84614253
vt 0.07367295 0.75239253
vt 0.0609776378 0.79145503
vt 0.07367295 0.75239253
vt 0.07367295 0.68989253
vt 0.0609776378 0.76020503
vt 0.9931066 0.5238769
vt 0.9623449 0.416211
vt 0.9931066 0.416211
vt 0.9931066 0.5238769
vt 0.9564855 0.5678222
vt 0.9623449 0.416211
vt 0.362247169 0.4618653
vt 0.367618263 0.4425782
vt 0.316348732 0.346630931
vt 0.404239357 0.5194824
vt 0.367618263 0.4425782
vt 0.362247169 0.4618653
vt 0.404239357 0.5194824
vt 0.41742295 0.5141113
vt 0.367618263 0.4425782
vt 0.404239357 0.5194824
vt 0.3871495 0.6054199
vt 0.41742295 0.5141113
vt 0.548770666 0.569287062
vt 0.548770666 0.524853468
vt 0.572208166 0.524853468
vt 0.572208166 0.569287062
vt 0.572208166 0.569287062
vt 0.572208166 0.524853468
vt 0.59320426 0.524853468
vt 0.572208166 0.569287062
vt 0.59320426 0.524853468
vt 0.5951574 0.569287062
vt 0.5951574 0.569287062
vt 0.59320426 0.524853468
vt 0.6058996 0.524853468
vt 0.5951574 0.569287062
vt 0.6058996 0.524853468
vt 0.6058996 0.569287062
vt 0.6058996 0.569287062
vt 0.6058996 0.524853468
vt 0.6161535 0.524853468
vt 0.6161535 0.524853468
vt 0.6161535 0.569287062
vt 0.6058996 0.569287062
vt 0.6161535 0.569287062
vt 0.6161535 0.524853468
vt 0.6283605 0.524853468
vt 0.6283605 0.524853468
vt 0.6283605 0.569287062
vt 0.6161535 0.569287062
vt 0.640567541 0.524853468
vt 0.6283605 0.569287062
vt 0.6283605 0.524853468
vt 0.640567541 0.524853468
vt 0.640567541 0.569287062
vt 0.6283605 0.569287062
vt 0.9179113 0.584912062
vt 0.893008947 0.6122558
vt 0.9379308 0.7221191
vt 0.9179113 0.584912062
vt 0.9379308 0.7221191
vt 0.942325354 0.626415968
vt 0.942325354 0.626415968
vt 0.9433019 0.4882325
vt 0.9179113 0.584912062
vt 0.9433019 0.4882325
vt 0.942325354 0.626415968
vt 0.9564855 0.5678222
vt 0.9564855 0.5678222
vt 0.9623449 0.416211
vt 0.9433019 0.4882325
vt 0.9623449 0.416211
vt 0.9496496 0.372509837
vt 0.9433019 0.4882325
vt 0.9496496 0.372509837
vt 0.8778722 0.437939525
vt 0.9433019 0.4882325
vt 0.8778722 0.437939525
vt 0.9496496 0.372509837
vt 0.947208166 0.3056153
vt 0.8778722 0.437939525
vt 0.947208166 0.3056153
vt 0.947208166 0.220654368
vt 0.947208166 0.220654368
vt 0.8661535 0.305859447
vt 0.8778722 0.437939525
vt 0.8661535 0.305859447
vt 0.947208166 0.220654368
vt 0.8734777 0.220654368
vt 0.9433019 0.4882325
vt 0.8778722 0.437939525
vt 0.9179113 0.584912062
vt 0.893008947 0.6122558
vt 0.9179113 0.584912062
vt 0.8778722 0.437939525
vt 0.839298 0.451123118
vt 0.893008947 0.6122558
vt 0.8778722 0.437939525
vt 0.839298 0.451123118
vt 0.841251135 0.5468261
vt 0.893008947 0.6122558
vt 0.839298 0.451123118
vt 0.8778722 0.437939525
vt 0.8661535 0.305859447
vt 0.839298 0.451123118
vt 0.8661535 0.305859447
vt 0.8373449 0.354687572
vt 0.640567541 0.569287062
vt 0.640567541 0.524853468
vt 0.653262854 0.524853468
vt 0.640567541 0.569287062
vt 0.653262854 0.524853468
vt 0.653262854 0.569287062
vt 0.6649816 0.524853468
vt 0.653262854 0.569287062
vt 0.653262854 0.524853468
vt 0.6649816 0.524853468
vt 0.6649816 0.569287062
vt 0.653262854 0.569287062
vt 0.6649816 0.569287062
vt 0.6649816 0.524853468
vt 0.6854894 0.524853468
vt 0.6854894 0.524853468
vt 0.6854894 0.569287062
vt 0.6649816 0.569287062
vt 0.668887854 0.148632884
vt 0.668887854 0.212841868
vt 0.6781652 0.220654368
vt 0.6781652 0.220654368
vt 0.6884191 0.1826905
vt 0.668887854 0.148632884
vt 0.6884191 0.1826905
vt 0.7016027 0.148632884
vt 0.668887854 0.148632884
vt 0.6967199 0.224560618
vt 0.7016027 0.148632884
vt 0.6884191 0.1826905
vt 0.7074621 0.205029368
vt 0.7016027 0.148632884
vt 0.6967199 0.224560618
vt 0.6967199 0.224560618
vt 0.716251135 0.247998118
vt 0.7074621 0.205029368
vt 0.7074621 0.205029368
vt 0.716251135 0.247998118
vt 0.7377355 0.197216868
vt 0.7074621 0.205029368
vt 0.7377355 0.197216868
vt 0.728946447 0.148632884
vt 0.728946447 0.148632884
vt 0.7377355 0.197216868
vt 0.7533605 0.148632884
vt 0.7533605 0.148632884
vt 0.770938635 0.09565437
vt 0.728946447 0.148632884
vt 0.728946447 0.148632884
vt 0.770938635 0.09565437
vt 0.74945426 0.09565437
vt 0.74945426 0.09565437
vt 0.728946447 0.09565437
vt 0.728946447 0.148632884
vt 0.7016027 0.09565437
vt 0.728946447 0.148632884
vt 0.728946447 0.09565437
vt 0.7016027 0.09565437
vt 0.7016027 0.148632884
vt 0.728946447 0.148632884
vt 0.668887854 0.148632884
vt 0.7016027 0.148632884
vt 0.7016027 0.09565437
vt 0.668887854 0.148632884
vt 0.7016027 0.09565437
vt 0.668887854 0.08784187
vt 0.6371496 0.115185618
vt 0.668887854 0.148632884
vt 0.668887854 0.08784187
vt 0.668887854 0.06568611
vt 0.6371496 0.115185618
vt 0.668887854 0.08784187
vt 0.728946447 0.148632884
vt 0.7016027 0.148632884
vt 0.7074621 0.205029368
vt 0.6371496 0.06568611
vt 0.6371496 0.115185618
vt 0.668887854 0.06568611
vt 0.668887854 0.0136231184
vt 0.6371496 0.06568611
vt 0.668887854 0.06568611
vt 0.668887854 0.0136231184
vt 0.6371496 0.0136231184
vt 0.6371496 0.06568611
vt 0.6371496 0.06568611
vt 0.6371496 0.0136231184
vt 0.619571447 0.0136231184
vt 0.6371496 0.06568611
vt 0.619571447 0.0136231184
vt 0.598575354 0.08643806
vt 0.598575354 0.08643806
vt 0.619571447 0.0136231184
vt 0.598575354 0.0136231184
vt 0.598575354 0.0136231184
vt 0.573673 0.06568611
vt 0.598575354 0.08643806
vt 0.598575354 0.0136231184
vt 0.5790441 0.0136231184
vt 0.573673 0.06568611
vt 0.573673 0.06568611
vt 0.5790441 0.0136231184
vt 0.549258947 0.0136231184
vt 0.573673 0.06568611
vt 0.549258947 0.0136231184
vt 0.549258947 0.06568611
vt 0.549258947 0.06568611
vt 0.549258947 0.0136231184
vt 0.5272863 0.0136231184
vt 0.5272863 0.0136231184
vt 0.5272863 0.06568611
vt 0.549258947 0.06568611
vt 0.5272863 0.06568611
vt 0.5272863 0.0136231184
vt 0.50726676 0.0136231184
vt 0.5272863 0.06568611
vt 0.50726676 0.0136231184
vt 0.50726676 0.06568611
vt 0.4867589 0.0136231184
vt 0.50726676 0.06568611
vt 0.50726676 0.0136231184
vt 0.4867589 0.0136231184
vt 0.4867589 0.06568611
vt 0.50726676 0.06568611
vt 0.4867589 0.06568611
vt 0.4867589 0.0136231184
vt 0.45648545 0.0136231184
vt 0.45648545 0.06568611
vt 0.4867589 0.06568611
vt 0.45648545 0.0136231184
vt 0.6371496 0.115185618
vt 0.598575354 0.08643806
vt 0.604923 0.146435618
vt 0.598575354 0.08643806
vt 0.6371496 0.115185618
vt 0.6371496 0.06568611
vt 0.188785255 0.401562572
vt 0.09143418 0.226757884
vt 0.188785255 0.314160228
vt 0.139102638 0.08393562
vt 0.139102638 0.0175293684
vt 0.16742295 0.0175293684
vt 0.1065709 0.08393562
vt 0.139102638 0.0175293684
vt 0.139102638 0.08393562
vt 0.1065709 0.08393562
vt 0.1065709 0.0175293684
vt 0.139102638 0.0175293684
vt 0.08221787 0.0175293684
vt 0.1065709 0.0175293684
vt 0.1065709 0.08393562
vt 0.1065709 0.08393562
vt 0.08221787 0.08393562
vt 0.08221787 0.0175293684
vt 0.0529515147 0.0175293684
vt 0.08221787 0.0175293684
vt 0.08221787 0.08393562
vt 0.08221787 0.08393562
vt 0.0529515147 0.08393562
vt 0.0529515147 0.0175293684
vt 0.0261418223 0.0175293684
vt 0.0529515147 0.0175293684
vt 0.0529515147 0.08393562
vt 0.0529515147 0.08393562
vt 0.0261418223 0.06422126
vt 0.0261418223 0.0175293684
vt 0.05563706 0.150341868
vt 0.0261418223 0.06422126
vt 0.0529515147 0.08393562
vt 0.05563706 0.150341868
vt 0.0261418223 0.130688548
vt 0.0261418223 0.06422126
vt 0.0261418223 0.130688548
vt 0.05563706 0.150341868
vt 0.0261418223 0.186474681
vt 0.031375587 0.197216868
vt 0.0261418223 0.186474681
vt 0.05563706 0.150341868
vt 0.031375587 0.197216868
vt 0.05563706 0.150341868
vt 0.0549656749 0.197216868
vt 0.031375587 0.197216868
vt 0.0549656749 0.197216868
vt 0.0320469737 0.2439698
vt 0.0549656749 0.197216868
vt 0.05630845 0.2538575
vt 0.0320469737 0.2439698
vt 0.05630845 0.2538575
vt 0.0549656749 0.197216868
vt 0.08221787 0.151806712
vt 0.08221787 0.151806712
vt 0.0820958 0.263623118
vt 0.05630845 0.2538575
vt 0.1065709 0.129467845
vt 0.1065709 0.08393562
vt 0.139102638 0.08393562
vt 0.08221787 0.08393562
vt 0.1065709 0.08393562
vt 0.1065709 0.129467845
vt 0.1065709 0.129467845
vt 0.08221787 0.126294017
vt 0.08221787 0.08393562
vt 0.0529515147 0.08393562
vt 0.08221787 0.08393562
vt 0.08221787 0.126294017
vt 0.08221787 0.126294017
vt 0.05563706 0.150341868
vt 0.0529515147 0.08393562
vt 0.05563706 0.150341868
vt 0.08221787 0.126294017
vt 0.08221787 0.151806712
vt 0.08221787 0.151806712
vt 0.0549656749 0.197216868
vt 0.05563706 0.150341868
vt 0.1065709 0.129467845
vt 0.08221787 0.151806712
vt 0.08221787 0.126294017
vt 0.0529515147 0.307568431
vt 0.05630845 0.2538575
vt 0.0820958 0.263623118
vt 0.0820958 0.263623118
vt 0.07806748 0.328808665
vt 0.0529515147 0.307568431
vt 0.0509373546 0.363964915
vt 0.0529515147 0.307568431
vt 0.07806748 0.328808665
vt 0.07806748 0.328808665
vt 0.07391709 0.388623118
vt 0.0509373546 0.363964915
vt 0.0529515147 0.409375072
vt 0.0509373546 0.363964915
vt 0.07391709 0.388623118
vt 0.07391709 0.388623118
vt 0.07287949 0.458935618
vt 0.0529515147 0.409375072
vt 0.07287949 0.458935618
vt 0.0551182628 0.458935618
vt 0.0529515147 0.409375072
vt 0.07287949 0.515087843
vt 0.0551182628 0.458935618
vt 0.07287949 0.458935618
vt 0.07287949 0.515087843
vt 0.0551182628 0.515087843
vt 0.0551182628 0.458935618
vt 0.07287949 0.515087843
vt 0.0551182628 0.665966749
vt 0.0551182628 0.515087843
vt 0.07287949 0.515087843
vt 0.07287949 0.601025343
vt 0.0551182628 0.665966749
vt 0.0512120128 0.8964355
vt 0.0354039073 0.869091749
vt 0.0354039073 0.8183105
vt 0.0512120128 0.813915968
vt 0.0512120128 0.8964355
vt 0.0354039073 0.8183105
vt 0.0354039073 0.8183105
vt 0.0354039073 0.7714355
vt 0.0512120128 0.813915968
vt 0.0354039073 0.7714355
vt 0.0512120128 0.732373
vt 0.0512120128 0.813915968
vt 0.0354039073 0.7714355
vt 0.0354039073 0.732373
vt 0.0512120128 0.732373
vt 0.0512120128 0.732373
vt 0.0354039073 0.732373
vt 0.0354039073 0.6547363
vt 0.0354039073 0.6547363
vt 0.0512120128 0.616162062
vt 0.0512120128 0.732373
vt 0.0354039073 0.6547363
vt 0.0354039073 0.5976074
vt 0.0512120128 0.616162062
vt 0.0512120128 0.5214355
vt 0.0512120128 0.616162062
vt 0.0354039073 0.5976074
vt 0.0512120128 0.5214355
vt 0.0354039073 0.5976074
vt 0.0354039073 0.5214355
vt 0.0512120128 0.5214355
vt 0.0354039073 0.5214355
vt 0.0354039073 0.443310618
vt 0.0512120128 0.5214355
vt 0.0354039073 0.443310618
vt 0.0529515147 0.409375072
vt 0.0529515147 0.409375072
vt 0.0354039073 0.443310618
vt 0.0354039073 0.3771485
vt 0.0529515147 0.409375072
vt 0.0354039073 0.3771485
vt 0.0509373546 0.363964915
vt 0.0354039073 0.27583015
vt 0.0509373546 0.363964915
vt 0.0354039073 0.3771485
vt 0.0529515147 0.307568431
vt 0.0529515147 0.307568431
vt 0.0354039073 0.27583015
vt 0.0320469737 0.2439698
vt 0.0320469737 0.2439698
vt 0.05630845 0.2538575
vt 0.0529515147 0.307568431
vt 0.301456153 0.07221687
vt 0.286563575 0.03706062
vt 0.2885167 0.0136231184
vt 0.2807042 0.009716868
vt 0.2885167 0.0136231184
vt 0.286563575 0.03706062
vt 0.286563575 0.03706062
vt 0.2728917 0.0136231184
vt 0.2807042 0.009716868
vt 0.286563575 0.03706062
vt 0.273868263 0.08002937
vt 0.2728917 0.0136231184
vt 0.267032325 0.037884593
vt 0.2728917 0.0136231184
vt 0.273868263 0.08002937
vt 0.267032325 0.037884593
vt 0.273868263 0.08002937
vt 0.258243263 0.04877937
vt 0.258243263 0.04877937
vt 0.273868263 0.08002937
vt 0.25336045 0.06831062
vt 0.273868263 0.08002937
vt 0.2572667 0.114941478
vt 0.25336045 0.06831062
vt 0.251407325 0.09565437
vt 0.25336045 0.06831062
vt 0.2572667 0.114941478
vt 0.251407325 0.09565437
vt 0.2572667 0.114941478
vt 0.254337 0.126904368
vt 0.254337 0.126904368
vt 0.2572667 0.114941478
vt 0.2621495 0.138623118
vt 0.2621495 0.138623118
vt 0.2572667 0.114941478
vt 0.26898545 0.138623118
vt 0.2572667 0.114941478
vt 0.273868263 0.08002937
vt 0.26898545 0.138623118
vt 0.2728917 0.126904368
vt 0.26898545 0.138623118
vt 0.273868263 0.08002937
vt 0.27679795 0.126904368
vt 0.2728917 0.126904368
vt 0.273868263 0.08002937
vt 0.27679795 0.126904368
vt 0.273868263 0.08002937
vt 0.282657325 0.08393562
vt 0.289493263 0.103466868
vt 0.27679795 0.126904368
vt 0.282657325 0.08393562
vt 0.286563575 0.03706062
vt 0.289493263 0.103466868
vt 0.282657325 0.08393562
vt 0.282657325 0.08393562
vt 0.273868263 0.08002937
vt 0.286563575 0.03706062
vt 0.286563575 0.03706062
vt 0.301456153 0.07221687
vt 0.289493263 0.103466868
vt 0.289493263 0.103466868
vt 0.301456153 0.07221687
vt 0.2933995 0.169873118
vt 0.301456153 0.189404368
vt 0.2933995 0.169873118
vt 0.301456153 0.07221687
vt 0.287540138 0.220654368
vt 0.2933995 0.169873118
vt 0.301456153 0.189404368
vt 0.287540138 0.220654368
vt 0.301456153 0.189404368
vt 0.29242295 0.247998118
vt 0.29242295 0.247998118
vt 0.27679795 0.287060618
vt 0.287540138 0.220654368
vt 0.29242295 0.247998118
vt 0.29242295 0.294873118
vt 0.27679795 0.287060618
vt 0.27679795 0.287060618
vt 0.29242295 0.294873118
vt 0.2680089 0.345654368
vt 0.29242295 0.294873118
vt 0.286563575 0.345654368
vt 0.2680089 0.345654368
vt 0.29242295 0.294873118
vt 0.294376075 0.318310618
vt 0.286563575 0.345654368
vt 0.2680089 0.345654368
vt 0.2572667 0.361279368
vt 0.27679795 0.287060618
vt 0.2572667 0.361279368
vt 0.244449317 0.361279368
vt 0.244449317 0.341748118
vt 0.2572667 0.361279368
vt 0.244449317 0.341748118
vt 0.263126075 0.263623118
vt 0.2572667 0.361279368
vt 0.263126075 0.263623118
vt 0.27679795 0.287060618
vt 0.27679795 0.287060618
vt 0.263126075 0.263623118
vt 0.274844825 0.205029368
vt 0.27679795 0.287060618
vt 0.274844825 0.205029368
vt 0.287540138 0.220654368
vt 0.287540138 0.220654368
vt 0.274844825 0.205029368
vt 0.2807042 0.162060618
vt 0.287540138 0.220654368
vt 0.2807042 0.162060618
vt 0.2933995 0.169873118
vt 0.2807042 0.162060618
vt 0.279727638 0.134716868
vt 0.2933995 0.169873118
vt 0.279727638 0.134716868
vt 0.289493263 0.103466868
vt 0.2933995 0.169873118
vt 0.289493263 0.103466868
vt 0.279727638 0.134716868
vt 0.27679795 0.126904368
vt 0.301456153 0.07221687
vt 0.2885167 0.0136231184
vt 0.286563575 0.03706062
vt 0.2807042 0.009716868
vt 0.286563575 0.03706062
vt 0.2885167 0.0136231184
vt 0.286563575 0.03706062
vt 0.2807042 0.009716868
vt 0.2728917 0.0136231184
vt 0.286563575 0.03706062
vt 0.2728917 0.0136231184
vt 0.273868263 0.08002937
vt 0.267032325 0.037884593
vt 0.273868263 0.08002937
vt 0.2728917 0.0136231184
vt 0.267032325 0.037884593
vt 0.258243263 0.04877937
vt 0.273868263 0.08002937
vt 0.258243263 0.04877937
vt 0.25336045 0.06831062
vt 0.273868263 0.08002937
vt 0.273868263 0.08002937
vt 0.25336045 0.06831062
vt 0.2572667 0.114941478
vt 0.251407325 0.09565437
vt 0.2572667 0.114941478
vt 0.25336045 0.06831062
vt 0.251407325 0.09565437
vt 0.254337 0.126904368
vt 0.2572667 0.114941478
vt 0.254337 0.126904368
vt 0.2621495 0.138623118
vt 0.2572667 0.114941478
vt 0.2621495 0.138623118
vt 0.26898545 0.138623118
vt 0.2572667 0.114941478
vt 0.2572667 0.114941478
vt 0.26898545 0.138623118
vt 0.273868263 0.08002937
vt 0.2728917 0.126904368
vt 0.273868263 0.08002937
vt 0.26898545 0.138623118
vt 0.27679795 0.126904368
vt 0.273868263 0.08002937
vt 0.2728917 0.126904368
vt 0.27679795 0.126904368
vt 0.282657325 0.08393562
vt 0.273868263 0.08002937
vt 0.289493263 0.103466868
vt 0.282657325 0.08393562
vt 0.27679795 0.126904368
vt 0.286563575 0.03706062
vt 0.282657325 0.08393562
vt 0.289493263 0.103466868
vt 0.282657325 0.08393562
vt 0.286563575 0.03706062
vt 0.273868263 0.08002937
vt 0.286563575 0.03706062
vt 0.289493263 0.103466868
vt 0.301456153 0.07221687
vt 0.289493263 0.103466868
vt 0.2933995 0.169873118
vt 0.301456153 0.07221687
vt 0.301456153 0.189404368
vt 0.301456153 0.07221687
vt 0.2933995 0.169873118
vt 0.287540138 0.220654368
vt 0.301456153 0.189404368
vt 0.2933995 0.169873118
vt 0.287540138 0.220654368
vt 0.29242295 0.247998118
vt 0.301456153 0.189404368
vt 0.29242295 0.247998118
vt 0.287540138 0.220654368
vt 0.27679795 0.287060618
vt 0.29242295 0.247998118
vt 0.27679795 0.287060618
vt 0.29242295 0.294873118
vt 0.27679795 0.287060618
vt 0.2680089 0.345654368
vt 0.29242295 0.294873118
vt 0.29242295 0.294873118
vt 0.2680089 0.345654368
vt 0.286563575 0.345654368
vt 0.29242295 0.294873118
vt 0.286563575 0.345654368
vt 0.294376075 0.318310618
vt 0.2680089 0.345654368
vt 0.27679795 0.287060618
vt 0.2572667 0.361279368
vt 0.2572667 0.361279368
vt 0.244449317 0.341748118
vt 0.244449317 0.361279368
vt 0.2572667 0.361279368
vt 0.263126075 0.263623118
vt 0.244449317 0.341748118
vt 0.2572667 0.361279368
vt 0.27679795 0.287060618
vt 0.263126075 0.263623118
vt 0.27679795 0.287060618
vt 0.274844825 0.205029368
vt 0.263126075 0.263623118
vt 0.27679795 0.287060618
vt 0.287540138 0.220654368
vt 0.274844825 0.205029368
vt 0.287540138 0.220654368
vt 0.2807042 0.162060618
vt 0.274844825 0.205029368
vt 0.287540138 0.220654368
vt 0.2933995 0.169873118
vt 0.2807042 0.162060618
vt 0.2807042 0.162060618
vt 0.2933995 0.169873118
vt 0.279727638 0.134716868
vt 0.279727638 0.134716868
vt 0.2933995 0.169873118
vt 0.289493263 0.103466868
vt 0.289493263 0.103466868
vt 0.27679795 0.126904368
vt 0.279727638 0.134716868
vt 0.783633947 0.759228468
vt 0.845645666 0.8412597
vt 0.783633947 0.8412597
vt 0.783633947 0.759228468
vt 0.851505041 0.7689941
vt 0.845645666 0.8412597
vt 0.783633947 0.759228468
vt 0.8573644 0.6771972
vt 0.851505041 0.7689941
vt 0.783633947 0.759228468
vt 0.783633947 0.6771972
vt 0.8573644 0.6771972
vt 0.783633947 0.6127441
vt 0.8573644 0.6771972
vt 0.783633947 0.6771972
vt 0.783633947 0.6127441
vt 0.783633947 0.6771972
vt 0.6391027 0.6771972
vt 0.783633947 0.6127441
vt 0.6391027 0.6771972
vt 0.6571691 0.6127441
vt 0.6571691 0.6127441
vt 0.6391027 0.6771972
vt 0.620548 0.6127441
vt 0.449893653 0.6771972
vt 0.620548 0.6127441
vt 0.6391027 0.6771972
vt 0.449893653 0.6771972
vt 0.449893653 0.6127441
vt 0.620548 0.6127441
vt 0.449893653 0.6771972
vt 0.395206153 0.6781738
vt 0.449893653 0.6127441
vt 0.395206153 0.6781738
vt 0.449893653 0.6771972
vt 0.398135841 0.7040527
vt 0.398135841 0.7040527
vt 0.338077247 0.7509277
vt 0.395206153 0.6781738
vt 0.398135841 0.7509277
vt 0.338077247 0.7509277
vt 0.398135841 0.7040527
vt 0.338077247 0.7509277
vt 0.398135841 0.7509277
vt 0.398135841 0.7973144
vt 0.449893653 0.7509277
vt 0.398135841 0.7973144
vt 0.398135841 0.7509277
vt 0.398135841 0.7973144
vt 0.449893653 0.7509277
vt 0.449893653 0.8412597
vt 0.6386144 0.7509277
vt 0.449893653 0.8412597
vt 0.449893653 0.7509277
vt 0.6386144 0.7509277
vt 0.783633947 0.759228468
vt 0.783633947 0.8412597
vt 0.6386144 0.7509277
vt 0.783633947 0.6771972
vt 0.783633947 0.759228468
vt 0.783633947 0.6771972
vt 0.6386144 0.7509277
vt 0.6391027 0.6771972
vt 0.6386144 0.7509277
vt 0.449893653 0.6771972
vt 0.6391027 0.6771972
vt 0.6386144 0.7509277
vt 0.449893653 0.7509277
vt 0.449893653 0.6771972
vt 0.449893653 0.7509277
vt 0.398135841 0.7040527
vt 0.449893653 0.6771972
vt 0.449893653 0.7509277
vt 0.398135841 0.7509277
vt 0.398135841 0.7040527
vt 0.6386144 0.7509277
vt 0.6386144 0.8412597
vt 0.449893653 0.8412597
vt 0.783633947 0.8412597
vt 0.6571691 0.9066894
vt 0.6386144 0.8412597
vt 0.783633947 0.8412597
vt 0.783633947 0.8412597
vt 0.783633947 0.9066894
vt 0.6571691 0.9066894
vt 0.845645666 0.8412597
vt 0.783633947 0.9066894
vt 0.783633947 0.8412597
vt 0.845645666 0.9066894
vt 0.6200597 0.9066894
vt 0.6386144 0.8412597
vt 0.6571691 0.9066894
vt 0.449893653 0.8412597
vt 0.6386144 0.8412597
vt 0.6200597 0.9066894
vt 0.449893653 0.8412597
vt 0.6200597 0.9066894
vt 0.449893653 0.9066894
vt 0.395206153 0.8236816
vt 0.449893653 0.8412597
vt 0.449893653 0.9066894
vt 0.449893653 0.8412597
vt 0.395206153 0.8236816
vt 0.398135841 0.7973144
vt 0.338077247 0.7509277
vt 0.398135841 0.7973144
vt 0.395206153 0.8236816
vt 0.783633947 0.759228468
vt 0.783633947 0.8412597
vt 0.845645666 0.8412597
vt 0.783633947 0.759228468
vt 0.845645666 0.8412597
vt 0.851505041 0.7689941
vt 0.783633947 0.759228468
vt 0.851505041 0.7689941
vt 0.8573644 0.6771972
vt 0.783633947 0.759228468
vt 0.8573644 0.6771972
vt 0.783633947 0.6771972
vt 0.783633947 0.6127441
vt 0.783633947 0.6771972
vt 0.8573644 0.6771972
vt 0.783633947 0.6127441
vt 0.6391027 0.6771972
vt 0.783633947 0.6771972
vt 0.783633947 0.6127441
vt 0.6571691 0.6127441
vt 0.6391027 0.6771972
vt 0.6571691 0.6127441
vt 0.620548 0.6127441
vt 0.6391027 0.6771972
vt 0.449893653 0.6771972
vt 0.6391027 0.6771972
vt 0.620548 0.6127441
vt 0.449893653 0.6771972
vt 0.620548 0.6127441
vt 0.449893653 0.6127441
vt 0.449893653 0.6771972
vt 0.449893653 0.6127441
vt 0.395206153 0.6781738
vt 0.395206153 0.6781738
vt 0.398135841 0.7040527
vt 0.449893653 0.6771972
vt 0.398135841 0.7040527
vt 0.395206153 0.6781738
vt 0.338077247 0.7509277
vt 0.398135841 0.7509277
vt 0.398135841 0.7040527
vt 0.338077247 0.7509277
vt 0.338077247 0.7509277
vt 0.398135841 0.7973144
vt 0.398135841 0.7509277
vt 0.449893653 0.7509277
vt 0.398135841 0.7509277
vt 0.398135841 0.7973144
vt 0.398135841 0.7973144
vt 0.449893653 0.8412597
vt 0.449893653 0.7509277
vt 0.6386144 0.7509277
vt 0.449893653 0.7509277
vt 0.449893653 0.8412597
vt 0.449893653 0.7509277
vt 0.398135841 0.7040527
vt 0.398135841 0.7509277
vt 0.449893653 0.7509277
vt 0.449893653 0.6771972
vt 0.398135841 0.7040527
vt 0.6386144 0.7509277
vt 0.449893653 0.6771972
vt 0.449893653 0.7509277
vt 0.6386144 0.7509277
vt 0.6391027 0.6771972
vt 0.449893653 0.6771972
vt 0.783633947 0.6771972
vt 0.6391027 0.6771972
vt 0.6386144 0.7509277
vt 0.6386144 0.7509277
vt 0.783633947 0.759228468
vt 0.783633947 0.6771972
vt 0.6386144 0.7509277
vt 0.783633947 0.8412597
vt 0.783633947 0.759228468
vt 0.6386144 0.7509277
vt 0.449893653 0.8412597
vt 0.6386144 0.8412597
vt 0.783633947 0.8412597
vt 0.6571691 0.9066894
vt 0.783633947 0.8412597
vt 0.6386144 0.8412597
vt 0.783633947 0.8412597
vt 0.6571691 0.9066894
vt 0.783633947 0.9066894
vt 0.845645666 0.8412597
vt 0.783633947 0.8412597
vt 0.783633947 0.9066894
vt 0.845645666 0.9066894
vt 0.6200597 0.9066894
vt 0.6571691 0.9066894
vt 0.6386144 0.8412597
vt 0.449893653 0.8412597
vt 0.6200597 0.9066894
vt 0.6386144 0.8412597
vt 0.449893653 0.8412597
vt 0.449893653 0.9066894
vt 0.6200597 0.9066894
vt 0.395206153 0.8236816
vt 0.449893653 0.9066894
vt 0.449893653 0.8412597
vt 0.449893653 0.8412597
vt 0.398135841 0.7973144
vt 0.395206153 0.8236816
vt 0.338077247 0.7509277
vt 0.395206153 0.8236816
vt 0.398135841 0.7973144
vt 0.265811622 0.4701661
vt 0.2548253 0.410839915
vt 0.316348732 0.346630931
vt 0.223331153 0.548290968
vt 0.2548253 0.410839915
vt 0.265811622 0.4701661
vt 0.2548253 0.410839915
vt 0.223331153 0.548290968
vt 0.181705177 0.6054199
vt 0.223331153 0.548290968
vt 0.255557716 0.6054199
vt 0.181705177 0.6054199
vt 0.255557716 0.6054199
vt 0.223331153 0.548290968
vt 0.269717872 0.5546386
vt 0.269717872 0.5546386
vt 0.318301857 0.6054199
vt 0.255557716 0.6054199
vt 0.318301857 0.6054199
vt 0.269717872 0.5546386
vt 0.3263585 0.5551269
vt 0.3263585 0.5551269
vt 0.3871495 0.6054199
vt 0.318301857 0.6054199
vt 0.3263585 0.5551269
vt 0.383731544 0.5521972
vt 0.3871495 0.6054199
vt 0.404239357 0.5194824
vt 0.3871495 0.6054199
vt 0.383731544 0.5521972
vt 0.404239357 0.5194824
vt 0.383731544 0.5521972
vt 0.344669044 0.497753978
vt 0.362247169 0.4618653
vt 0.404239357 0.5194824
vt 0.344669044 0.497753978
vt 0.3143956 0.400586
vt 0.362247169 0.4618653
vt 0.344669044 0.497753978
vt 0.362247169 0.4618653
vt 0.3143956 0.400586
vt 0.316348732 0.346630931
vt 0.265811622 0.4701661
vt 0.316348732 0.346630931
vt 0.3143956 0.400586
vt 0.265811622 0.4701661
vt 0.3143956 0.400586
vt 0.283389747 0.5082519
vt 0.223331153 0.548290968
vt 0.265811622 0.4701661
vt 0.283389747 0.5082519
vt 0.269717872 0.5546386
vt 0.223331153 0.548290968
vt 0.283389747 0.5082519
vt 0.3263585 0.5551269
vt 0.269717872 0.5546386
vt 0.283389747 0.5082519
vt 0.3263585 0.5551269
vt 0.283389747 0.5082519
vt 0.344669044 0.497753978
vt 0.383731544 0.5521972
vt 0.3263585 0.5551269
vt 0.344669044 0.497753978
vt 0.3143956 0.400586
vt 0.344669044 0.497753978
vt 0.283389747 0.5082519
vt 0.376163185 0.9452636
vt 0.357364357 0.980908155
vt 0.403018653 0.980908155
vt 0.327090919 0.8944824
vt 0.357364357 0.980908155
vt 0.376163185 0.9452636
vt 0.357364357 0.980908155
vt 0.327090919 0.8944824
vt 0.301212 0.980908155
vt 0.327090919 0.8944824
vt 0.275088966 0.848583937
vt 0.301212 0.980908155
vt 0.275088966 0.848583937
vt 0.215640724 0.980908155
vt 0.301212 0.980908155
vt 0.275088966 0.848583937
vt 0.215640724 0.80708003
vt 0.215640724 0.980908155
vt 0.215640724 0.80708003
vt 0.158878028 0.980908155
vt 0.215640724 0.980908155
vt 0.215640724 0.80708003
vt 0.158023536 0.8959472
vt 0.158878028 0.980908155
vt 0.158023536 0.8959472
vt 0.09888047 0.980908155
vt 0.158878028 0.980908155
vt 0.09888047 0.980908155
vt 0.158023536 0.8959472
vt 0.1544835 0.8598144
vt 0.158023536 0.8959472
vt 0.215640724 0.754345655
vt 0.1544835 0.8598144
vt 0.158023536 0.8959472
vt 0.215640724 0.80708003
vt 0.215640724 0.754345655
vt 0.215640724 0.80708003
vt 0.275088966 0.7865722
vt 0.215640724 0.754345655
vt 0.215640724 0.80708003
vt 0.275088966 0.848583937
vt 0.275088966 0.7865722
vt 0.275088966 0.848583937
vt 0.327090919 0.8241699
vt 0.275088966 0.7865722
vt 0.275088966 0.848583937
vt 0.327090919 0.8944824
vt 0.327090919 0.8241699
vt 0.327090919 0.8944824
vt 0.376163185 0.8681152
vt 0.327090919 0.8241699
vt 0.327090919 0.8944824
vt 0.376163185 0.9452636
vt 0.376163185 0.8681152
vt 0.376163185 0.9452636
vt 0.4183995 0.913525343
vt 0.376163185 0.8681152
vt 0.376163185 0.9452636
vt 0.421573341 0.980908155
vt 0.4183995 0.913525343
vt 0.421573341 0.980908155
vt 0.482364357 0.980908155
vt 0.4183995 0.913525343
vt 0.421573341 0.980908155
vt 0.376163185 0.9452636
vt 0.403018653 0.980908155
vt 0.421573341 0.980908155
vt 0.4183995 0.913525343
vt 0.482364357 0.980908155
vt 0.421573341 0.980908155
vt 0.376163185 0.9452636
vt 0.4183995 0.913525343
vt 0.4183995 0.913525343
vt 0.376163185 0.9452636
vt 0.376163185 0.8681152
vt 0.327090919 0.8944824
vt 0.376163185 0.8681152
vt 0.376163185 0.9452636
vt 0.376163185 0.8681152
vt 0.327090919 0.8944824
vt 0.327090919 0.8241699
vt 0.275088966 0.848583937
vt 0.327090919 0.8241699
vt 0.327090919 0.8944824
vt 0.327090919 0.8241699
vt 0.275088966 0.848583937
vt 0.275088966 0.7865722
vt 0.215640724 0.80708003
vt 0.275088966 0.7865722
vt 0.275088966 0.848583937
vt 0.275088966 0.7865722
vt 0.215640724 0.80708003
vt 0.215640724 0.754345655
vt 0.158023536 0.8959472
vt 0.215640724 0.754345655
vt 0.215640724 0.80708003
vt 0.215640724 0.754345655
vt 0.158023536 0.8959472
vt 0.1544835 0.8598144
vt 0.158023536 0.8959472
vt 0.09888047 0.980908155
vt 0.1544835 0.8598144
vt 0.158023536 0.8959472
vt 0.158878028 0.980908155
vt 0.09888047 0.980908155
vt 0.215640724 0.80708003
vt 0.158878028 0.980908155
vt 0.158023536 0.8959472
vt 0.158878028 0.980908155
vt 0.215640724 0.80708003
vt 0.215640724 0.980908155
vt 0.275088966 0.848583937
vt 0.215640724 0.980908155
vt 0.215640724 0.80708003
vt 0.215640724 0.980908155
vt 0.275088966 0.848583937
vt 0.301212 0.980908155
vt 0.275088966 0.848583937
vt 0.327090919 0.8944824
vt 0.301212 0.980908155
vt 0.327090919 0.8944824
vt 0.357364357 0.980908155
vt 0.301212 0.980908155
vt 0.357364357 0.980908155
vt 0.327090919 0.8944824
vt 0.376163185 0.9452636
vt 0.376163185 0.9452636
vt 0.403018653 0.980908155
vt 0.357364357 0.980908155
vt 0.421573341 0.980908155
vt 0.403018653 0.980908155
vt 0.376163185 0.9452636
vt 0.265811622 0.4701661
vt 0.316348732 0.346630931
vt 0.2548253 0.410839915
vt 0.223331153 0.548290968
vt 0.265811622 0.4701661
vt 0.2548253 0.410839915
vt 0.2548253 0.410839915
vt 0.181705177 0.6054199
vt 0.223331153 0.548290968
vt 0.223331153 0.548290968
vt 0.181705177 0.6054199
vt 0.255557716 0.6054199
vt 0.255557716 0.6054199
vt 0.269717872 0.5546386
vt 0.223331153 0.548290968
vt 0.269717872 0.5546386
vt 0.255557716 0.6054199
vt 0.318301857 0.6054199
vt 0.318301857 0.6054199
vt 0.3263585 0.5551269
vt 0.269717872 0.5546386
vt 0.3263585 0.5551269
vt 0.318301857 0.6054199
vt 0.3871495 0.6054199
vt 0.3263585 0.5551269
vt 0.3871495 0.6054199
vt 0.383731544 0.5521972
vt 0.404239357 0.5194824
vt 0.383731544 0.5521972
vt 0.3871495 0.6054199
vt 0.404239357 0.5194824
vt 0.344669044 0.497753978
vt 0.383731544 0.5521972
vt 0.362247169 0.4618653
vt 0.344669044 0.497753978
vt 0.404239357 0.5194824
vt 0.3143956 0.400586
vt 0.344669044 0.497753978
vt 0.362247169 0.4618653
vt 0.362247169 0.4618653
vt 0.316348732 0.346630931
vt 0.3143956 0.400586
vt 0.265811622 0.4701661
vt 0.3143956 0.400586
vt 0.316348732 0.346630931
vt 0.265811622 0.4701661
vt 0.283389747 0.5082519
vt 0.3143956 0.400586
vt 0.223331153 0.548290968
vt 0.283389747 0.5082519
vt 0.265811622 0.4701661
vt 0.269717872 0.5546386
vt 0.283389747 0.5082519
vt 0.223331153 0.548290968
vt 0.3263585 0.5551269
vt 0.283389747 0.5082519
vt 0.269717872 0.5546386
vt 0.3263585 0.5551269
vt 0.344669044 0.497753978
vt 0.283389747 0.5082519
vt 0.383731544 0.5521972
vt 0.344669044 0.497753978
vt 0.3263585 0.5551269
vt 0.3143956 0.400586
vt 0.283389747 0.5082519
vt 0.344669044 0.497753978
vt 0.376163185 0.9452636
vt 0.403018653 0.980908155
vt 0.357364357 0.980908155
vt 0.327090919 0.8944824
vt 0.376163185 0.9452636
vt 0.357364357 0.980908155
vt 0.357364357 0.980908155
vt 0.301212 0.980908155
vt 0.327090919 0.8944824
vt 0.327090919 0.8944824
vt 0.301212 0.980908155
vt 0.275088966 0.848583937
vt 0.275088966 0.848583937
vt 0.301212 0.980908155
vt 0.215640724 0.980908155
vt 0.275088966 0.848583937
vt 0.215640724 0.980908155
vt 0.215640724 0.80708003
vt 0.215640724 0.80708003
vt 0.215640724 0.980908155
vt 0.158878028 0.980908155
vt 0.215640724 0.80708003
vt 0.158878028 0.980908155
vt 0.158023536 0.8959472
vt 0.158023536 0.8959472
vt 0.158878028 0.980908155
vt 0.09888047 0.980908155
vt 0.09888047 0.980908155
vt 0.1544835 0.8598144
vt 0.158023536 0.8959472
vt 0.158023536 0.8959472
vt 0.1544835 0.8598144
vt 0.215640724 0.754345655
vt 0.158023536 0.8959472
vt 0.215640724 0.754345655
vt 0.215640724 0.80708003
vt 0.215640724 0.80708003
vt 0.215640724 0.754345655
vt 0.275088966 0.7865722
vt 0.215640724 0.80708003
vt 0.275088966 0.7865722
vt 0.275088966 0.848583937
vt 0.275088966 0.848583937
vt 0.275088966 0.7865722
vt 0.327090919 0.8241699
vt 0.275088966 0.848583937
vt 0.327090919 0.8241699
vt 0.327090919 0.8944824
vt 0.327090919 0.8944824
vt 0.327090919 0.8241699
vt 0.376163185 0.8681152
vt 0.327090919 0.8944824
vt 0.376163185 0.8681152
vt 0.376163185 0.9452636
vt 0.275088966 0.848583937
vt 0.215640724 0.80708003
vt 0.215640724 0.980908155
vt 0.215640724 0.980908155
vt 0.301212 0.980908155
vt 0.275088966 0.848583937
vt 0.275088966 0.848583937
vt 0.301212 0.980908155
vt 0.327090919 0.8944824
vt 0.327090919 0.8944824
vt 0.301212 0.980908155
vt 0.357364357 0.980908155
vt 0.357364357 0.980908155
vt 0.376163185 0.9452636
vt 0.327090919 0.8944824
vt 0.376163185 0.9452636
vt 0.357364357 0.980908155
vt 0.403018653 0.980908155
vt 0.421573341 0.980908155
vt 0.376163185 0.9452636
vt 0.403018653 0.980908155
vt 0.421573341 0.980908155
vt 0.403018653 0.980908155
vt 0.376163185 0.9452636
vt 0.376163185 0.9452636
vt 0.376163185 0.8681152
vt 0.4183995 0.913525343
vt 0.376163185 0.9452636
vt 0.4183995 0.913525343
vt 0.421573341 0.980908155
vt 0.421573341 0.980908155
vt 0.4183995 0.913525343
vt 0.482364357 0.980908155
vt 0.421573341 0.980908155
vt 0.482364357 0.980908155
vt 0.4183995 0.913525343
vt 0.421573341 0.980908155
vt 0.4183995 0.913525343
vt 0.376163185 0.9452636
vt 0.4183995 0.913525343
vt 0.376163185 0.8681152
vt 0.376163185 0.9452636
vt 0.327090919 0.8944824
vt 0.376163185 0.9452636
vt 0.376163185 0.8681152
vt 0.376163185 0.8681152
vt 0.327090919 0.8241699
vt 0.327090919 0.8944824
vt 0.275088966 0.848583937
vt 0.327090919 0.8944824
vt 0.327090919 0.8241699
vt 0.327090919 0.8241699
vt 0.275088966 0.7865722
vt 0.275088966 0.848583937
vt 0.215640724 0.80708003
vt 0.275088966 0.848583937
vt 0.275088966 0.7865722
vt 0.275088966 0.7865722
vt 0.215640724 0.754345655
vt 0.215640724 0.80708003
vt 0.158023536 0.8959472
vt 0.215640724 0.80708003
vt 0.215640724 0.754345655
vt 0.215640724 0.754345655
vt 0.1544835 0.8598144
vt 0.158023536 0.8959472
vt 0.158023536 0.8959472
vt 0.1544835 0.8598144
vt 0.09888047 0.980908155
vt 0.158023536 0.8959472
vt 0.09888047 0.980908155
vt 0.158878028 0.980908155
vt 0.215640724 0.80708003
vt 0.158023536 0.8959472
vt 0.158878028 0.980908155
vt 0.158878028 0.980908155
vt 0.215640724 0.980908155
vt 0.215640724 0.80708003
vt 0.07287949 0.515087843
vt 0.0551182628 0.665966749
vt 0.07287949 0.601025343
vt 0.07287949 0.515087843
vt 0.0551182628 0.515087843
vt 0.0551182628 0.665966749
vt 0.07287949 0.515087843
vt 0.0551182628 0.458935618
vt 0.0551182628 0.515087843
vt 0.07287949 0.515087843
vt 0.07287949 0.458935618
vt 0.0551182628 0.458935618
vt 0.07287949 0.458935618
vt 0.0529515147 0.409375072
vt 0.0551182628 0.458935618
vt 0.07391709 0.388623118
vt 0.0529515147 0.409375072
vt 0.07287949 0.458935618
vt 0.0529515147 0.409375072
vt 0.07391709 0.388623118
vt 0.0509373546 0.363964915
vt 0.07806748 0.328808665
vt 0.0509373546 0.363964915
vt 0.07391709 0.388623118
vt 0.0509373546 0.363964915
vt 0.07806748 0.328808665
vt 0.0529515147 0.307568431
vt 0.0820958 0.263623118
vt 0.0529515147 0.307568431
vt 0.07806748 0.328808665
vt 0.0529515147 0.307568431
vt 0.0820958 0.263623118
vt 0.05630845 0.2538575
vt 0.0320469737 0.2439698
vt 0.0529515147 0.307568431
vt 0.05630845 0.2538575
vt 0.0549656749 0.197216868
vt 0.0320469737 0.2439698
vt 0.05630845 0.2538575
vt 0.031375587 0.197216868
vt 0.0320469737 0.2439698
vt 0.0549656749 0.197216868
vt 0.031375587 0.197216868
vt 0.0549656749 0.197216868
vt 0.05563706 0.150341868
vt 0.031375587 0.197216868
vt 0.05563706 0.150341868
vt 0.0261418223 0.186474681
vt 0.0261418223 0.130688548
vt 0.0261418223 0.186474681
vt 0.05563706 0.150341868
vt 0.05563706 0.150341868
vt 0.0261418223 0.06422126
vt 0.0261418223 0.130688548
vt 0.08221787 0.151806712
vt 0.05630845 0.2538575
vt 0.0820958 0.263623118
vt 0.05630845 0.2538575
vt 0.08221787 0.151806712
vt 0.0549656749 0.197216868
vt 0.08221787 0.151806712
vt 0.05563706 0.150341868
vt 0.0549656749 0.197216868
vt 0.05563706 0.150341868
vt 0.08221787 0.151806712
vt 0.08221787 0.126294017
vt 0.08221787 0.126294017
vt 0.0529515147 0.08393562
vt 0.05563706 0.150341868
vt 0.0529515147 0.08393562
vt 0.08221787 0.126294017
vt 0.08221787 0.08393562
vt 0.1065709 0.129467845
vt 0.08221787 0.08393562
vt 0.08221787 0.126294017
vt 0.08221787 0.08393562
vt 0.1065709 0.129467845
vt 0.1065709 0.08393562
vt 0.1065709 0.129467845
vt 0.139102638 0.08393562
vt 0.1065709 0.08393562
vt 0.1065709 0.129467845
vt 0.08221787 0.126294017
vt 0.08221787 0.151806712
vt 0.05563706 0.150341868
vt 0.0529515147 0.08393562
vt 0.0261418223 0.06422126
vt 0.0529515147 0.08393562
vt 0.0261418223 0.0175293684
vt 0.0261418223 0.06422126
vt 0.0261418223 0.0175293684
vt 0.0529515147 0.08393562
vt 0.0529515147 0.0175293684
vt 0.08221787 0.08393562
vt 0.0529515147 0.0175293684
vt 0.0529515147 0.08393562
vt 0.0529515147 0.0175293684
vt 0.08221787 0.08393562
vt 0.08221787 0.0175293684
vt 0.1065709 0.08393562
vt 0.08221787 0.0175293684
vt 0.08221787 0.08393562
vt 0.08221787 0.0175293684
vt 0.1065709 0.08393562
vt 0.1065709 0.0175293684
vt 0.1065709 0.08393562
vt 0.139102638 0.0175293684
vt 0.1065709 0.0175293684
vt 0.1065709 0.08393562
vt 0.139102638 0.08393562
vt 0.139102638 0.0175293684
vt 0.139102638 0.08393562
vt 0.16742295 0.0175293684
vt 0.139102638 0.0175293684
vt 0.6967199 0.224560618
vt 0.716251135 0.247998118
vt 0.7016027 0.271435618
vt 0.6840246 0.271435618
vt 0.68695426 0.251904368
vt 0.6933019 0.258252025
vt 0.6933019 0.258252025
vt 0.68695426 0.251904368
vt 0.6967199 0.224560618
vt 0.685001135 0.236279368
vt 0.6967199 0.224560618
vt 0.68695426 0.251904368
vt 0.6884191 0.1826905
vt 0.6967199 0.224560618
vt 0.685001135 0.236279368
vt 0.6884191 0.1826905
vt 0.685001135 0.236279368
vt 0.6781652 0.220654368
vt 0.0209385753 0.986279249
vt 0.004523933 0.9276855
vt 0.004523933 0.9745605
vt 0.004523933 0.9276855
vt 0.0209385753 0.986279249
vt 0.0209385753 0.872998
vt 0.0209385753 0.872998
vt 0.004523933 0.872998
vt 0.004523933 0.9276855
vt 0.0209385753 0.806591749
vt 0.004523933 0.872998
vt 0.0209385753 0.872998
vt 0.004523933 0.872998
vt 0.0209385753 0.806591749
vt 0.004523933 0.806591749
vt 0.0209385753 0.806591749
vt 0.004523933 0.7401855
vt 0.004523933 0.806591749
vt 0.0209385753 0.744091749
vt 0.004523933 0.7401855
vt 0.0209385753 0.806591749
vt 0.004523933 0.7401855
vt 0.0209385753 0.744091749
vt 0.00735062361 0.6771972
vt 0.0209385753 0.872998
vt 0.0209385753 0.986279249
vt 0.0260044932 0.9433105
vt 0.269717872 0.6459472
vt 0.2999913 0.6459472
vt 0.337588966 0.716748
vt 0.269717872 0.6459472
vt 0.337588966 0.716748
vt 0.2728917 0.716748
vt 0.2728917 0.716748
vt 0.148624122 0.716748
vt 0.269717872 0.6459472
vt 0.148624122 0.716748
vt 0.134586036 0.6459472
vt 0.269717872 0.6459472
vt 0.148624122 0.716748
vt 0.111880958 0.716748
vt 0.134586036 0.6459472
vt 0.188785255 0.0519837141
vt 0.09143418 0.226757884
vt 0.188785255 0.13935554
vt 0.3263585 0.5551269
vt 0.3871495 0.6054199
vt 0.318301857 0.6054199
vt 0.5951574 0.569287062
vt 0.6058996 0.524853468
vt 0.59320426 0.524853468
vt 0.5951574 0.569287062
vt 0.6058996 0.569287062
vt 0.6058996 0.524853468
vt 0.6058996 0.569287062
vt 0.6161535 0.524853468
vt 0.6058996 0.524853468
vt 0.07367295 0.9828613
vt 0.0609776378 0.9828613
vt 0.0609776378 0.8969238
vt 0.07367295 0.9828613
vt 0.0609776378 0.8969238
vt 0.07367295 0.8969238
vt 0.07367295 0.8969238
vt 0.0609776378 0.8969238
vt 0.0609776378 0.84614253
vt 0.07367295 0.8969238
vt 0.0609776378 0.84614253
vt 0.07367295 0.84614253
vt 0.0609776378 0.84614253
vt 0.07367295 0.75239253
vt 0.07367295 0.84614253
vt 0.0609776378 0.84614253
vt 0.0609776378 0.79145503
vt 0.07367295 0.75239253
vt 0.07367295 0.75239253
vt 0.0609776378 0.79145503
vt 0.0609776378 0.76020503
vt 0.07367295 0.75239253
vt 0.0609776378 0.76020503
vt 0.07367295 0.68989253
vt 0.9931066 0.5238769
vt 0.9623449 0.416211
vt 0.9564855 0.5678222
vt 0.9931066 0.416211
vt 0.396426857 0.4203614
vt 0.396426857 0.395459056
vt 0.3612706 0.395459056
vt 0.396426857 0.395459056
vt 0.396426857 0.4203614
vt 0.419131935 0.4203614
vt 0.419131935 0.453320384
vt 0.419131935 0.4203614
vt 0.396426857 0.4203614
vt 0.445010841 0.453320384
vt 0.419131935 0.4203614
vt 0.419131935 0.453320384
vt 0.445010841 0.453320384
vt 0.445010841 0.4203614
vt 0.419131935 0.4203614
vt 0.445010841 0.4203614
vt 0.445010841 0.453320384
vt 0.489444435 0.453320384
vt 0.445010841 0.4203614
vt 0.489444435 0.453320384
vt 0.492129982 0.395459056
vt 0.492129982 0.395459056
vt 0.445010841 0.395459056
vt 0.445010841 0.4203614
vt 0.445010841 0.4203614
vt 0.445010841 0.395459056
vt 0.419131935 0.395459056
vt 0.419131935 0.395459056
vt 0.419131935 0.4203614
vt 0.445010841 0.4203614
vt 0.419131935 0.4203614
vt 0.419131935 0.395459056
vt 0.396426857 0.395459056
vt 0.5116613 0.426709056
vt 0.5033605 0.492382884
vt 0.5683019 0.4894532
vt 0.5116613 0.426709056
vt 0.5683019 0.4894532
vt 0.5683019 0.393750072
vt 0.6161535 0.524853468
vt 0.6058996 0.569287062
vt 0.6161535 0.569287062
vt 0.6161535 0.569287062
vt 0.6283605 0.524853468
vt 0.6161535 0.524853468
vt 0.6283605 0.524853468
vt 0.6161535 0.569287062
vt 0.6283605 0.569287062
vt 0.0354039073 0.6547363
vt 0.0512120128 0.732373
vt 0.0512120128 0.616162062
vt 0.380069435 0.318554759
vt 0.59320426 0.357617259
vt 0.380069435 0.357617259
vt 0.59320426 0.318554759
vt 0.380069435 0.275586
vt 0.59320426 0.318554759
vt 0.380069435 0.318554759
vt 0.640567541 0.524853468
vt 0.6283605 0.524853468
vt 0.6283605 0.569287062
vt 0.640567541 0.524853468
vt 0.6283605 0.569287062
vt 0.640567541 0.569287062
vt 0.640567541 0.569287062
vt 0.653262854 0.524853468
vt 0.640567541 0.524853468
vt 0.640567541 0.569287062
vt 0.653262854 0.569287062
vt 0.653262854 0.524853468
vt 0.6649816 0.524853468
vt 0.653262854 0.524853468
vt 0.653262854 0.569287062
vt 0.6649816 0.524853468
vt 0.653262854 0.569287062
vt 0.6649816 0.569287062
vt 0.6649816 0.569287062
vt 0.6854894 0.524853468
vt 0.6649816 0.524853468
vt 0.6854894 0.524853468
vt 0.6649816 0.569287062
vt 0.6854894 0.569287062
vt 0.6918371 0.524853468
vt 0.6854894 0.524853468
vt 0.6854894 0.569287062
vt 0.6918371 0.524853468
vt 0.6854894 0.569287062
vt 0.6918371 0.569287062
vt 0.6918371 0.524853468
vt 0.6918371 0.569287062
vt 0.7074621 0.569287062
vt 0.742130041 0.5468261
vt 0.7201574 0.577099562
vt 0.7201574 0.451123118
vt 0.7201574 0.451123118
vt 0.776798 0.451123118
vt 0.742130041 0.5468261
vt 0.776798 0.451123118
vt 0.7201574 0.451123118
vt 0.7201574 0.354687572
vt 0.776798 0.451123118
vt 0.7201574 0.354687572
vt 0.7748449 0.354687572
vt 0.839298 0.451123118
vt 0.776798 0.451123118
vt 0.7748449 0.354687572
vt 0.380069435 0.138745189
vt 0.380069435 0.107556224
vt 0.59320426 0.107556224
vt 0.59320426 0.138745189
vt 0.380069435 0.181713939
vt 0.380069435 0.138745189
vt 0.59320426 0.138745189
vt 0.59320426 0.181713939
vt 0.380069435 0.228588939
vt 0.380069435 0.181713939
vt 0.59320426 0.181713939
vt 0.59320426 0.228588939
vt 0.380069435 0.228588939
vt 0.59320426 0.228588939
vt 0.59320426 0.275586
vt 0.380069435 0.275586
vt 0.59320426 0.275586
vt 0.380069435 0.318554759
vt 0.59320426 0.357617259
vt 0.59320426 0.318554759
vt 0.380069435 0.275586
vt 0.380069435 0.318554759
vt 0.59320426 0.318554759
vt 0.59320426 0.275586
vt 0.380069435 0.228588939
vt 0.380069435 0.275586
vt 0.59320426 0.275586
vt 0.59320426 0.228588939
vt 0.59320426 0.181713939
vt 0.380069435 0.228588939
vt 0.59320426 0.228588939
vt 0.380069435 0.181713939
vt 0.59320426 0.138745189
vt 0.380069435 0.181713939
vt 0.59320426 0.181713939
vt 0.380069435 0.138745189
vt 0.59320426 0.107556224
vt 0.380069435 0.138745189
vt 0.59320426 0.138745189
vt 0.380069435 0.107556224
vt 0.0354039073 0.6547363
vt 0.0512120128 0.616162062
vt 0.0354039073 0.5976074
vt 0.0512120128 0.5214355
vt 0.0354039073 0.5976074
vt 0.0512120128 0.616162062
vt 0.0512120128 0.5214355
vt 0.0354039073 0.5214355
vt 0.0354039073 0.5976074
vt 0.839298 0.451123118
vt 0.778751135 0.5468261
vt 0.776798 0.451123118
vt 0.839298 0.451123118
vt 0.841251135 0.5468261
vt 0.778751135 0.5468261
vt 0.776798 0.451123118
vt 0.778751135 0.5468261
vt 0.742130041 0.5468261
vt 0.188785255 0.314160228
vt 0.09143418 0.226757884
vt 0.188785255 0.401562572
vt 0.0512120128 0.5214355
vt 0.0354039073 0.443310618
vt 0.0354039073 0.5214355
vt 0.0512120128 0.5214355
vt 0.0529515147 0.409375072
vt 0.0354039073 0.443310618
vt 0.0529515147 0.409375072
vt 0.0354039073 0.3771485
vt 0.0354039073 0.443310618
vt 0.0529515147 0.409375072
vt 0.0509373546 0.363964915
vt 0.0354039073 0.3771485
vt 0.0354039073 0.27583015
vt 0.0354039073 0.3771485
vt 0.0509373546 0.363964915
vt 0.6840246 0.271435618
vt 0.6825597 0.263623118
vt 0.68695426 0.251904368
vt 0.0529515147 0.307568431
vt 0.0529515147 0.307568431
vt 0.0320469737 0.2439698
vt 0.0354039073 0.27583015
vt 0.548770666 0.569287062
vt 0.572208166 0.524853468
vt 0.548770666 0.524853468
vt 0.548770666 0.569287062
vt 0.572208166 0.569287062
vt 0.572208166 0.524853468
vt 0.0512120128 0.732373
vt 0.0354039073 0.6547363
vt 0.0354039073 0.732373
vt 0.572208166 0.569287062
vt 0.59320426 0.524853468
vt 0.572208166 0.524853468
vt 0.572208166 0.569287062
vt 0.5951574 0.569287062
vt 0.59320426 0.524853468
vt 0.6825597 0.263623118
vt 0.6840246 0.271435618
vt 0.674258947 0.275341868
vt 0.380069435 0.357617259
vt 0.9071691 0.806103468
vt 0.9559972 0.806103468
vt 0.926700354 0.7377441
vt 0.926700354 0.7377441
vt 0.8949621 0.71333003
vt 0.9071691 0.806103468
vt 0.8939855 0.806103468
vt 0.9071691 0.806103468
vt 0.8949621 0.71333003
vt 0.8949621 0.71333003
vt 0.887637854 0.7328613
vt 0.8939855 0.806103468
vt 0.8598058 0.806103468
vt 0.8939855 0.806103468
vt 0.887637854 0.7328613
vt 0.887637854 0.7328613
vt 0.8817785 0.727978468
vt 0.8598058 0.806103468
vt 0.301456153 0.07221687
vt 0.314151466 0.0136231184
vt 0.3161046 0.03706062
vt 0.321963966 0.009716868
vt 0.3161046 0.03706062
vt 0.314151466 0.0136231184
vt 0.3161046 0.03706062
vt 0.321963966 0.009716868
vt 0.329776466 0.0136231184
vt 0.3161046 0.03706062
vt 0.329776466 0.0136231184
vt 0.331973732 0.06770027
vt 0.335635841 0.037884593
vt 0.331973732 0.06770027
vt 0.329776466 0.0136231184
vt 0.335635841 0.037884593
vt 0.3444249 0.04877937
vt 0.331973732 0.06770027
vt 0.3444249 0.04877937
vt 0.349307716 0.06831062
vt 0.331973732 0.06770027
vt 0.3468663 0.107373118
vt 0.331973732 0.06770027
vt 0.349307716 0.06831062
vt 0.351260841 0.09565437
vt 0.3468663 0.107373118
vt 0.349307716 0.06831062
vt 0.351260841 0.09565437
vt 0.348331153 0.126904368
vt 0.3468663 0.107373118
vt 0.348331153 0.126904368
vt 0.340518653 0.138623118
vt 0.3468663 0.107373118
vt 0.340518653 0.138623118
vt 0.333682716 0.138623118
vt 0.3468663 0.107373118
vt 0.3468663 0.107373118
vt 0.333682716 0.138623118
vt 0.331973732 0.06770027
vt 0.329776466 0.126904368
vt 0.331973732 0.06770027
vt 0.333682716 0.138623118
vt 0.329776466 0.126904368
vt 0.320010841 0.09339607
vt 0.331973732 0.06770027
vt 0.329776466 0.126904368
vt 0.325870216 0.126904368
vt 0.320010841 0.09339607
vt 0.3131749 0.131909251
vt 0.320010841 0.09339607
vt 0.325870216 0.126904368
vt 0.3131749 0.131909251
vt 0.325870216 0.126904368
vt 0.322940528 0.146069407
vt 0.3161046 0.03706062
vt 0.331973732 0.06770027
vt 0.320010841 0.09339607
vt 0.3161046 0.03706062
vt 0.320010841 0.09339607
vt 0.301456153 0.07221687
vt 0.301456153 0.07221687
vt 0.320010841 0.09339607
vt 0.3131749 0.131909251
vt 0.3131749 0.131909251
vt 0.301456153 0.189404368
vt 0.301456153 0.07221687
vt 0.3131749 0.131909251
vt 0.309268653 0.189404368
vt 0.301456153 0.189404368
vt 0.310245216 0.247998118
vt 0.301456153 0.189404368
vt 0.309268653 0.189404368
vt 0.310245216 0.247998118
vt 0.301456153 0.247998118
vt 0.301456153 0.189404368
vt 0.29242295 0.247998118
vt 0.301456153 0.189404368
vt 0.301456153 0.247998118
vt 0.322940528 0.146069407
vt 0.309268653 0.189404368
vt 0.3131749 0.131909251
vt 0.322940528 0.146069407
vt 0.321963966 0.189404368
vt 0.309268653 0.189404368
vt 0.309268653 0.189404368
vt 0.321963966 0.189404368
vt 0.326846778 0.225781322
vt 0.326846778 0.225781322
vt 0.310245216 0.247998118
vt 0.309268653 0.189404368
vt 0.310245216 0.247998118
vt 0.326846778 0.225781322
vt 0.326846778 0.247998118
vt 0.926700354 0.7377441
vt 0.9559972 0.806103468
vt 0.9071691 0.806103468
vt 0.9071691 0.806103468
vt 0.8949621 0.71333003
vt 0.926700354 0.7377441
vt 0.8949621 0.71333003
vt 0.9071691 0.806103468
vt 0.8939855 0.806103468
vt 0.8939855 0.806103468
vt 0.887637854 0.7328613
vt 0.8949621 0.71333003
vt 0.887637854 0.7328613
vt 0.8939855 0.806103468
vt 0.8598058 0.806103468
vt 0.8598058 0.806103468
vt 0.8817785 0.727978468
vt 0.887637854 0.7328613
vt 0.7982824 0.251904368
vt 0.8031652 0.208935618
vt 0.830508947 0.251904368
vt 0.814883947 0.177685618
vt 0.830508947 0.165966868
vt 0.846133947 0.177685618
vt 0.8578527 0.208935618
vt 0.8627355 0.251904368
vt 0.0287510753 0.4228028
vt 0.0287510753 0.350537181
vt 0.0180088878 0.350537181
vt 0.0180088878 0.3019532
vt 0.0180088878 0.350537181
vt 0.0287510753 0.350537181
vt 0.004337013 0.3019532
vt 0.0180088878 0.350537181
vt 0.0180088878 0.3019532
vt 0.004337013 0.3019532
vt 0.004337013 0.350537181
vt 0.0180088878 0.350537181
vt 0.004337013 0.350537181
vt 0.0180088878 0.408154368
vt 0.0180088878 0.350537181
vt 0.004337013 0.350537181
vt 0.004337013 0.408154368
vt 0.0180088878 0.408154368
vt 0.004337013 0.408154368
vt 0.0180088878 0.474316478
vt 0.0180088878 0.408154368
vt 0.004337013 0.474316478
vt 0.0180088878 0.474316478
vt 0.004337013 0.474316478
vt 0.004337013 0.540478468
vt 0.0180088878 0.540478468
vt 0.0180088878 0.540478468
vt 0.004337013 0.540478468
vt 0.004337013 0.5937011
vt 0.0180088878 0.5937011
vt 0.0180088878 0.5937011
vt 0.004337013 0.5937011
vt 0.004337013 0.65083003
vt 0.0180088878 0.65083003
vt 0.0287510753 0.5937011
vt 0.0180088878 0.5937011
vt 0.0180088878 0.65083003
vt 0.0287510753 0.65083003
vt 0.0287510753 0.350537181
vt 0.0287510753 0.289257884
vt 0.0180088878 0.3019532
vt 0.0180088878 0.350537181
vt 0.0180088878 0.408154368
vt 0.0287510753 0.4228028
vt 0.0287510753 0.474316478
vt 0.0287510753 0.4228028
vt 0.0180088878 0.408154368
vt 0.0180088878 0.474316478
vt 0.0287510753 0.474316478
vt 0.0180088878 0.474316478
vt 0.0180088878 0.540478468
vt 0.0180088878 0.540478468
vt 0.0287510753 0.540478468
vt 0.0287510753 0.474316478
vt 0.0287510753 0.540478468
vt 0.0180088878 0.540478468
vt 0.0180088878 0.5937011
vt 0.0287510753 0.5937011
vt 0.5683019 0.393750072
vt 0.5683019 0.4894532
vt 0.6019933 0.475537181
vt 0.5683019 0.393750072
vt 0.6019933 0.475537181
vt 0.5946691 0.393750072
vt 0.5946691 0.393750072
vt 0.6019933 0.475537181
vt 0.6278722 0.47895515
vt 0.5946691 0.393750072
vt 0.6278722 0.47895515
vt 0.626895666 0.393750072
vt 0.626895666 0.393750072
vt 0.6278722 0.47895515
vt 0.6620519 0.485546947
vt 0.6620519 0.485546947
vt 0.6591222 0.393750072
vt 0.626895666 0.393750072
vt 0.9179113 0.584912062
vt 0.893008947 0.6122558
vt 0.9379308 0.7221191
vt 0.9179113 0.584912062
vt 0.9379308 0.7221191
vt 0.942325354 0.626415968
vt 0.942325354 0.626415968
vt 0.9433019 0.4882325
vt 0.9179113 0.584912062
vt 0.9433019 0.4882325
vt 0.942325354 0.626415968
vt 0.9564855 0.5678222
vt 0.9564855 0.5678222
vt 0.9623449 0.416211
vt 0.9433019 0.4882325
vt 0.9623449 0.416211
vt 0.9496496 0.372509837
vt 0.9433019 0.4882325
vt 0.9496496 0.372509837
vt 0.8778722 0.437939525
vt 0.9433019 0.4882325
vt 0.8778722 0.437939525
vt 0.9496496 0.372509837
vt 0.947208166 0.3056153
vt 0.8778722 0.437939525
vt 0.947208166 0.3056153
vt 0.947208166 0.220654368
vt 0.947208166 0.220654368
vt 0.8661535 0.305859447
vt 0.8778722 0.437939525
vt 0.8661535 0.305859447
vt 0.947208166 0.220654368
vt 0.8734777 0.220654368
vt 0.8778722 0.437939525
vt 0.893008947 0.6122558
vt 0.9179113 0.584912062
vt 0.8778722 0.437939525
vt 0.839298 0.451123118
vt 0.893008947 0.6122558
vt 0.8778722 0.437939525
vt 0.839298 0.451123118
vt 0.841251135 0.5468261
vt 0.893008947 0.6122558
vt 0.839298 0.451123118
vt 0.8778722 0.437939525
vt 0.8661535 0.305859447
vt 0.839298 0.451123118
vt 0.8661535 0.305859447
vt 0.8373449 0.354687572
vt 0.396426857 0.395459056
vt 0.419131935 0.4203614
vt 0.396426857 0.4203614
vt 0.419131935 0.4203614
vt 0.396426857 0.395459056
vt 0.419131935 0.395459056
vt 0.419131935 0.395459056
vt 0.445010841 0.4203614
vt 0.419131935 0.4203614
vt 0.445010841 0.4203614
vt 0.419131935 0.395459056
vt 0.445010841 0.395459056
vt 0.492129982 0.395459056
vt 0.445010841 0.4203614
vt 0.445010841 0.395459056
vt 0.445010841 0.4203614
vt 0.492129982 0.395459056
vt 0.489444435 0.453320384
vt 0.668887854 0.148632884
vt 0.668887854 0.212841868
vt 0.6781652 0.220654368
vt 0.6781652 0.220654368
vt 0.6884191 0.1826905
vt 0.668887854 0.148632884
vt 0.6884191 0.1826905
vt 0.7016027 0.148632884
vt 0.668887854 0.148632884
vt 0.6967199 0.224560618
vt 0.7016027 0.148632884
vt 0.6884191 0.1826905
vt 0.7074621 0.205029368
vt 0.7016027 0.148632884
vt 0.6967199 0.224560618
vt 0.6967199 0.224560618
vt 0.716251135 0.247998118
vt 0.7074621 0.205029368
vt 0.7074621 0.205029368
vt 0.716251135 0.247998118
vt 0.7377355 0.197216868
vt 0.7074621 0.205029368
vt 0.7377355 0.197216868
vt 0.728946447 0.148632884
vt 0.728946447 0.148632884
vt 0.7377355 0.197216868
vt 0.7533605 0.148632884
vt 0.7533605 0.148632884
vt 0.770938635 0.09565437
vt 0.728946447 0.148632884
vt 0.728946447 0.148632884
vt 0.770938635 0.09565437
vt 0.74945426 0.09565437
vt 0.74945426 0.09565437
vt 0.728946447 0.09565437
vt 0.728946447 0.148632884
vt 0.7016027 0.09565437
vt 0.728946447 0.148632884
vt 0.728946447 0.09565437
vt 0.7016027 0.09565437
vt 0.7016027 0.148632884
vt 0.728946447 0.148632884
vt 0.668887854 0.148632884
vt 0.7016027 0.148632884
vt 0.7016027 0.09565437
vt 0.668887854 0.148632884
vt 0.7016027 0.09565437
vt 0.668887854 0.08784187
vt 0.6371496 0.115185618
vt 0.668887854 0.148632884
vt 0.668887854 0.08784187
vt 0.668887854 0.06568611
vt 0.6371496 0.115185618
vt 0.668887854 0.08784187
vt 0.728946447 0.148632884
vt 0.7016027 0.148632884
vt 0.7074621 0.205029368
vt 0.6371496 0.06568611
vt 0.6371496 0.115185618
vt 0.668887854 0.06568611
vt 0.668887854 0.0136231184
vt 0.6371496 0.06568611
vt 0.668887854 0.06568611
vt 0.668887854 0.0136231184
vt 0.6371496 0.0136231184
vt 0.6371496 0.06568611
vt 0.6371496 0.06568611
vt 0.6371496 0.0136231184
vt 0.619571447 0.0136231184
vt 0.6371496 0.06568611
vt 0.619571447 0.0136231184
vt 0.598575354 0.08643806
vt 0.598575354 0.08643806
vt 0.619571447 0.0136231184
vt 0.598575354 0.0136231184
vt 0.598575354 0.0136231184
vt 0.573673 0.06568611
vt 0.598575354 0.08643806
vt 0.598575354 0.0136231184
vt 0.5790441 0.0136231184
vt 0.573673 0.06568611
vt 0.573673 0.06568611
vt 0.5790441 0.0136231184
vt 0.549258947 0.0136231184
vt 0.573673 0.06568611
vt 0.549258947 0.0136231184
vt 0.549258947 0.06568611
vt 0.549258947 0.06568611
vt 0.549258947 0.0136231184
vt 0.5272863 0.0136231184
vt 0.5272863 0.0136231184
vt 0.5272863 0.06568611
vt 0.549258947 0.06568611
vt 0.5272863 0.06568611
vt 0.5272863 0.0136231184
vt 0.50726676 0.0136231184
vt 0.5272863 0.06568611
vt 0.50726676 0.0136231184
vt 0.50726676 0.06568611
vt 0.4867589 0.0136231184
vt 0.50726676 0.06568611
vt 0.50726676 0.0136231184
vt 0.4867589 0.0136231184
vt 0.4867589 0.06568611
vt 0.50726676 0.06568611
vt 0.4867589 0.06568611
vt 0.4867589 0.0136231184
vt 0.45648545 0.0136231184
vt 0.45648545 0.06568611
vt 0.4867589 0.06568611
vt 0.45648545 0.0136231184
vt 0.6371496 0.115185618
vt 0.598575354 0.08643806
vt 0.604923 0.146435618
vt 0.598575354 0.08643806
vt 0.6371496 0.115185618
vt 0.6371496 0.06568611
vt 0.6571691 0.240185618
vt 0.668887854 0.212841868
vt 0.668887854 0.148632884
vt 0.668887854 0.148632884
vt 0.64789176 0.189404368
vt 0.6571691 0.240185618
vt 0.668887854 0.148632884
vt 0.6371496 0.115185618
vt 0.64789176 0.189404368
vt 0.637637854 0.263623118
vt 0.64789176 0.189404368
vt 0.6371496 0.115185618
vt 0.637637854 0.263623118
vt 0.6371496 0.115185618
vt 0.604923 0.146435618
vt 0.604923 0.146435618
vt 0.6098058 0.220654368
vt 0.637637854 0.263623118
vt 0.6098058 0.220654368
vt 0.64007926 0.306591868
vt 0.637637854 0.263623118
vt 0.6200597 0.275341868
vt 0.64007926 0.306591868
vt 0.6200597 0.275341868
vt 0.6234777 0.340771556
vt 0.6234777 0.340771556
vt 0.64007926 0.340771556
vt 0.64007926 0.306591868
vt 0.64007926 0.340771556
vt 0.6625402 0.340771556
vt 0.64007926 0.306591868
vt 0.637637854 0.263623118
vt 0.64007926 0.306591868
vt 0.6625402 0.340771556
vt 0.6625402 0.340771556
vt 0.645450354 0.279248118
vt 0.637637854 0.263623118
vt 0.6513097 0.255810618
vt 0.637637854 0.263623118
vt 0.645450354 0.279248118
vt 0.6513097 0.255810618
vt 0.64789176 0.189404368
vt 0.637637854 0.263623118
vt 0.64789176 0.189404368
vt 0.6513097 0.255810618
vt 0.6571691 0.240185618
vt 0.45648545 0.06568611
vt 0.45648545 0.0136231184
vt 0.4320714 0.0136231184
vt 0.4320714 0.0136231184
vt 0.431094825 0.06568611
vt 0.45648545 0.06568611
vt 0.431094825 0.06568611
vt 0.4320714 0.0136231184
vt 0.407657325 0.0136231184
vt 0.407657325 0.0136231184
vt 0.407657325 0.06568611
vt 0.431094825 0.06568611
vt 0.407657325 0.0136231184
vt 0.3558995 0.06568611
vt 0.407657325 0.06568611
vt 0.9071691 0.806103468
vt 0.926700354 0.7377441
vt 0.9559972 0.806103468
vt 0.926700354 0.7377441
vt 0.9071691 0.806103468
vt 0.8949621 0.71333003
vt 0.8939855 0.806103468
vt 0.8949621 0.71333003
vt 0.9071691 0.806103468
vt 0.8949621 0.71333003
vt 0.8939855 0.806103468
vt 0.887637854 0.7328613
vt 0.8598058 0.806103468
vt 0.887637854 0.7328613
vt 0.8939855 0.806103468
vt 0.887637854 0.7328613
vt 0.8598058 0.806103468
vt 0.8817785 0.727978468
vt 0.301456153 0.07221687
vt 0.3161046 0.03706062
vt 0.314151466 0.0136231184
vt 0.321963966 0.009716868
vt 0.314151466 0.0136231184
vt 0.3161046 0.03706062
vt 0.3161046 0.03706062
vt 0.329776466 0.0136231184
vt 0.321963966 0.009716868
vt 0.3161046 0.03706062
vt 0.331973732 0.06770027
vt 0.329776466 0.0136231184
vt 0.335635841 0.037884593
vt 0.329776466 0.0136231184
vt 0.331973732 0.06770027
vt 0.335635841 0.037884593
vt 0.331973732 0.06770027
vt 0.3444249 0.04877937
vt 0.3444249 0.04877937
vt 0.331973732 0.06770027
vt 0.349307716 0.06831062
vt 0.3468663 0.107373118
vt 0.349307716 0.06831062
vt 0.331973732 0.06770027
vt 0.351260841 0.09565437
vt 0.349307716 0.06831062
vt 0.3468663 0.107373118
vt 0.351260841 0.09565437
vt 0.3468663 0.107373118
vt 0.348331153 0.126904368
vt 0.348331153 0.126904368
vt 0.3468663 0.107373118
vt 0.340518653 0.138623118
vt 0.340518653 0.138623118
vt 0.3468663 0.107373118
vt 0.333682716 0.138623118
vt 0.3468663 0.107373118
vt 0.331973732 0.06770027
vt 0.333682716 0.138623118
vt 0.329776466 0.126904368
vt 0.333682716 0.138623118
vt 0.331973732 0.06770027
vt 0.329776466 0.126904368
vt 0.331973732 0.06770027
vt 0.320010841 0.09339607
vt 0.329776466 0.126904368
vt 0.320010841 0.09339607
vt 0.325870216 0.126904368
vt 0.3131749 0.131909251
vt 0.325870216 0.126904368
vt 0.320010841 0.09339607
vt 0.3131749 0.131909251
vt 0.322940528 0.146069407
vt 0.325870216 0.126904368
vt 0.3161046 0.03706062
vt 0.320010841 0.09339607
vt 0.331973732 0.06770027
vt 0.3161046 0.03706062
vt 0.301456153 0.07221687
vt 0.320010841 0.09339607
vt 0.301456153 0.07221687
vt 0.3131749 0.131909251
vt 0.320010841 0.09339607
vt 0.3131749 0.131909251
vt 0.301456153 0.07221687
vt 0.301456153 0.189404368
vt 0.3131749 0.131909251
vt 0.301456153 0.189404368
vt 0.309268653 0.189404368
vt 0.310245216 0.247998118
vt 0.309268653 0.189404368
vt 0.301456153 0.189404368
vt 0.310245216 0.247998118
vt 0.301456153 0.189404368
vt 0.301456153 0.247998118
vt 0.29242295 0.247998118
vt 0.301456153 0.247998118
vt 0.301456153 0.189404368
vt 0.322940528 0.146069407
vt 0.3131749 0.131909251
vt 0.309268653 0.189404368
vt 0.322940528 0.146069407
vt 0.309268653 0.189404368
vt 0.321963966 0.189404368
vt 0.309268653 0.189404368
vt 0.326846778 0.225781322
vt 0.321963966 0.189404368
vt 0.326846778 0.225781322
vt 0.309268653 0.189404368
vt 0.310245216 0.247998118
vt 0.310245216 0.247998118
vt 0.326846778 0.247998118
vt 0.326846778 0.225781322
vt 0.8598058 0.806103468
vt 0.887637854 0.7328613
vt 0.8817785 0.727978468
vt 0.887637854 0.7328613
vt 0.8598058 0.806103468
vt 0.8939855 0.806103468
vt 0.8939855 0.806103468
vt 0.8949621 0.71333003
vt 0.887637854 0.7328613
vt 0.8949621 0.71333003
vt 0.8939855 0.806103468
vt 0.9071691 0.806103468
vt 0.9071691 0.806103468
vt 0.926700354 0.7377441
vt 0.8949621 0.71333003
vt 0.926700354 0.7377441
vt 0.9071691 0.806103468
vt 0.9559972 0.806103468
vt 0.6591222 0.393750072
vt 0.6620519 0.485546947
vt 0.7016027 0.492871165
vt 0.7016027 0.492871165
vt 0.6913488 0.393750072
vt 0.6591222 0.393750072
vt 0.5683019 0.393750072
vt 0.5170324 0.393750072
vt 0.5116613 0.426709056
vt 0.09143418 0.226757884
vt 0.188785255 0.13935554
vt 0.188785255 0.314160228
vt 0.7748449 0.354687572
vt 0.839298 0.451123118
vt 0.8373449 0.354687572
vt 0.839298 0.451123118
vt 0.7748449 0.354687572
vt 0.776798 0.451123118
vt 0.9179113 0.584912062
vt 0.9379308 0.7221191
vt 0.893008947 0.6122558
vt 0.9179113 0.584912062
vt 0.942325354 0.626415968
vt 0.9379308 0.7221191
vt 0.942325354 0.626415968
vt 0.9179113 0.584912062
vt 0.9433019 0.4882325
vt 0.9433019 0.4882325
vt 0.9564855 0.5678222
vt 0.942325354 0.626415968
vt 0.9564855 0.5678222
vt 0.9433019 0.4882325
vt 0.9623449 0.416211
vt 0.9623449 0.416211
vt 0.9433019 0.4882325
vt 0.9496496 0.372509837
vt 0.9496496 0.372509837
vt 0.9433019 0.4882325
vt 0.8778722 0.437939525
vt 0.8778722 0.437939525
vt 0.947208166 0.3056153
vt 0.9496496 0.372509837
vt 0.8778722 0.437939525
vt 0.947208166 0.220654368
vt 0.947208166 0.3056153
vt 0.947208166 0.220654368
vt 0.8778722 0.437939525
vt 0.8661535 0.305859447
vt 0.8661535 0.305859447
vt 0.8734777 0.220654368
vt 0.947208166 0.220654368
vt 0.839298 0.451123118
vt 0.893008947 0.6122558
vt 0.841251135 0.5468261
vt 0.839298 0.451123118
vt 0.8778722 0.437939525
vt 0.893008947 0.6122558
vt 0.893008947 0.6122558
vt 0.8778722 0.437939525
vt 0.9179113 0.584912062
vt 0.8778722 0.437939525
vt 0.839298 0.451123118
vt 0.8661535 0.305859447
vt 0.8778722 0.437939525
vt 0.839298 0.451123118
vt 0.8373449 0.354687572
vt 0.8661535 0.305859447
vt 0.445010841 0.4203614
vt 0.489444435 0.453320384
vt 0.445010841 0.453320384
vt 0.445010841 0.453320384
vt 0.419131935 0.4203614
vt 0.445010841 0.4203614
vt 0.445010841 0.453320384
vt 0.419131935 0.453320384
vt 0.419131935 0.4203614
vt 0.419131935 0.453320384
vt 0.396426857 0.4203614
vt 0.419131935 0.4203614
vt 0.7016027 0.492871165
vt 0.6591222 0.393750072
vt 0.6913488 0.393750072
vt 0.6591222 0.393750072
vt 0.7016027 0.492871165
vt 0.6620519 0.485546947
vt 0.668887854 0.148632884
vt 0.6781652 0.220654368
vt 0.668887854 0.212841868
vt 0.6781652 0.220654368
vt 0.668887854 0.148632884
vt 0.6884191 0.1826905
vt 0.6884191 0.1826905
vt 0.668887854 0.148632884
vt 0.7016027 0.148632884
vt 0.6967199 0.224560618
vt 0.6884191 0.1826905
vt 0.7016027 0.148632884
vt 0.7074621 0.205029368
vt 0.6967199 0.224560618
vt 0.7016027 0.148632884
vt 0.6967199 0.224560618
vt 0.7074621 0.205029368
vt 0.716251135 0.247998118
vt 0.7074621 0.205029368
vt 0.7377355 0.197216868
vt 0.716251135 0.247998118
vt 0.7074621 0.205029368
vt 0.728946447 0.148632884
vt 0.7377355 0.197216868
vt 0.728946447 0.148632884
vt 0.7533605 0.148632884
vt 0.7377355 0.197216868
vt 0.7533605 0.148632884
vt 0.728946447 0.148632884
vt 0.770938635 0.09565437
vt 0.728946447 0.148632884
vt 0.74945426 0.09565437
vt 0.770938635 0.09565437
vt 0.74945426 0.09565437
vt 0.728946447 0.148632884
vt 0.728946447 0.09565437
vt 0.7016027 0.09565437
vt 0.728946447 0.09565437
vt 0.728946447 0.148632884
vt 0.7016027 0.09565437
vt 0.728946447 0.148632884
vt 0.7016027 0.148632884
vt 0.668887854 0.148632884
vt 0.7016027 0.09565437
vt 0.7016027 0.148632884
vt 0.668887854 0.148632884
vt 0.668887854 0.08784187
vt 0.7016027 0.09565437
vt 0.6371496 0.115185618
vt 0.668887854 0.08784187
vt 0.668887854 0.148632884
vt 0.668887854 0.06568611
vt 0.668887854 0.08784187
vt 0.6371496 0.115185618
vt 0.728946447 0.148632884
vt 0.7074621 0.205029368
vt 0.7016027 0.148632884
vt 0.6371496 0.06568611
vt 0.668887854 0.06568611
vt 0.6371496 0.115185618
vt 0.668887854 0.0136231184
vt 0.668887854 0.06568611
vt 0.6371496 0.06568611
vt 0.668887854 0.0136231184
vt 0.6371496 0.06568611
vt 0.6371496 0.0136231184
vt 0.6371496 0.06568611
vt 0.619571447 0.0136231184
vt 0.6371496 0.0136231184
vt 0.6371496 0.06568611
vt 0.598575354 0.08643806
vt 0.619571447 0.0136231184
vt 0.598575354 0.08643806
vt 0.598575354 0.0136231184
vt 0.619571447 0.0136231184
vt 0.598575354 0.0136231184
vt 0.598575354 0.08643806
vt 0.573673 0.06568611
vt 0.598575354 0.0136231184
vt 0.573673 0.06568611
vt 0.5790441 0.0136231184
vt 0.573673 0.06568611
vt 0.549258947 0.0136231184
vt 0.5790441 0.0136231184
vt 0.573673 0.06568611
vt 0.549258947 0.06568611
vt 0.549258947 0.0136231184
vt 0.549258947 0.06568611
vt 0.5272863 0.0136231184
vt 0.549258947 0.0136231184
vt 0.5272863 0.0136231184
vt 0.549258947 0.06568611
vt 0.5272863 0.06568611
vt 0.5272863 0.06568611
vt 0.50726676 0.0136231184
vt 0.5272863 0.0136231184
vt 0.5272863 0.06568611
vt 0.50726676 0.06568611
vt 0.50726676 0.0136231184
vt 0.4867589 0.0136231184
vt 0.50726676 0.0136231184
vt 0.50726676 0.06568611
vt 0.4867589 0.0136231184
vt 0.50726676 0.06568611
vt 0.4867589 0.06568611
vt 0.4867589 0.06568611
vt 0.45648545 0.0136231184
vt 0.4867589 0.0136231184
vt 0.45648545 0.06568611
vt 0.45648545 0.0136231184
vt 0.4867589 0.06568611
vt 0.668887854 0.06568611
vt 0.668887854 0.0136231184
vt 0.70257926 0.06568611
vt 0.668887854 0.08784187
vt 0.668887854 0.06568611
vt 0.70257926 0.06568611
vt 0.45648545 0.06568611
vt 0.4320714 0.0136231184
vt 0.45648545 0.0136231184
vt 0.4320714 0.0136231184
vt 0.45648545 0.06568611
vt 0.431094825 0.06568611
vt 0.431094825 0.06568611
vt 0.407657325 0.0136231184
vt 0.4320714 0.0136231184
vt 0.407657325 0.0136231184
vt 0.431094825 0.06568611
vt 0.407657325 0.06568611
vt 0.407657325 0.0136231184
vt 0.407657325 0.06568611
vt 0.3558995 0.06568611
vt 0.6571691 0.240185618
vt 0.668887854 0.148632884
vt 0.668887854 0.212841868
vt 0.668887854 0.148632884
vt 0.6571691 0.240185618
vt 0.64789176 0.189404368
vt 0.64789176 0.189404368
vt 0.6571691 0.240185618
vt 0.6513097 0.255810618
vt 0.6513097 0.255810618
vt 0.637637854 0.263623118
vt 0.64789176 0.189404368
vt 0.6513097 0.255810618
vt 0.645450354 0.279248118
vt 0.637637854 0.263623118
vt 0.6625402 0.340771556
vt 0.637637854 0.263623118
vt 0.645450354 0.279248118
vt 0.637637854 0.263623118
vt 0.6625402 0.340771556
vt 0.64007926 0.306591868
vt 0.64007926 0.340771556
vt 0.64007926 0.306591868
vt 0.6625402 0.340771556
vt 0.6234777 0.340771556
vt 0.64007926 0.306591868
vt 0.64007926 0.340771556
vt 0.64007926 0.306591868
vt 0.6234777 0.340771556
vt 0.6200597 0.275341868
vt 0.6098058 0.220654368
vt 0.64007926 0.306591868
vt 0.6200597 0.275341868
vt 0.637637854 0.263623118
vt 0.604923 0.146435618
vt 0.637637854 0.263623118
vt 0.6098058 0.220654368
vt 0.637637854 0.263623118
vt 0.604923 0.146435618
vt 0.6371496 0.115185618
vt 0.6371496 0.115185618
vt 0.604923 0.146435618
vt 0.598575354 0.08643806
vt 0.598575354 0.08643806
vt 0.6371496 0.06568611
vt 0.6371496 0.115185618
vt 0.668887854 0.148632884
vt 0.64789176 0.189404368
vt 0.6371496 0.115185618
vt 0.637637854 0.263623118
vt 0.6371496 0.115185618
vt 0.64789176 0.189404368
vt 0.134586036 0.6459472
vt 0.148624122 0.716748
vt 0.111880958 0.716748
vt 0.134586036 0.6459472
vt 0.269717872 0.6459472
vt 0.148624122 0.716748
vt 0.2728917 0.716748
vt 0.148624122 0.716748
vt 0.269717872 0.6459472
vt 0.2728917 0.716748
vt 0.269717872 0.6459472
vt 0.337588966 0.716748
vt 0.269717872 0.6459472
vt 0.2999913 0.6459472
vt 0.337588966 0.716748
vt 0.09521836 0.897900343
vt 0.08258408 0.8212402
vt 0.08258408 0.9794433
vt 0.09521836 0.897900343
vt 0.09521836 0.8212402
vt 0.08258408 0.8212402
vt 0.08258408 0.6933105
vt 0.08258408 0.8212402
vt 0.09521836 0.8212402
vt 0.08258408 0.6933105
vt 0.09521836 0.8212402
vt 0.09521836 0.6933105
vt 0.09521836 0.6933105
vt 0.09521836 0.5937011
vt 0.08258408 0.6933105
vt 0.09521836 0.5937011
vt 0.08258408 0.5937011
vt 0.08258408 0.6933105
vt 0.08258408 0.5937011
vt 0.09521836 0.5937011
vt 0.09521836 0.49458015
vt 0.09521836 0.49458015
vt 0.08258408 0.49458015
vt 0.08258408 0.5937011
vt 0.09521836 0.49458015
vt 0.09521836 0.3146485
vt 0.08258408 0.49458015
vt 0.7538488 0.2953614
vt 0.747501135 0.244091868
vt 0.717716 0.2953614
vt 0.786563635 0.2514161
vt 0.768008947 0.150341868
vt 0.8031652 0.158154368
vt 0.7904699 0.08393562
vt 0.8246496 0.115185618
vt 0.8217199 0.03840339
vt 0.846133947 0.115185618
vt 0.8505285 0.0388306379
vt 0.8661535 0.134716868
vt 0.8505285 0.0388306379
vt 0.8661535 0.134716868
vt 0.887637854 0.06763923
vt 0.9120519 0.134716868
vt 0.887637854 0.06763923
vt 0.8661535 0.134716868
vt 0.9120519 0.134716868
vt 0.8661535 0.134716868
vt 0.8734777 0.220654368
vt 0.9301183 0.182446361
vt 0.9120519 0.134716868
vt 0.8734777 0.220654368
vt 0.8734777 0.220654368
vt 0.947208166 0.220654368
vt 0.9301183 0.182446361
vt 0.786563635 0.2514161
vt 0.7538488 0.2953614
vt 0.7870519 0.2953614
vt 0.269717872 0.6459472
vt 0.337588966 0.716748
vt 0.2999913 0.6459472
vt 0.2728917 0.716748
vt 0.337588966 0.716748
vt 0.269717872 0.6459472
vt 0.2728917 0.716748
vt 0.269717872 0.6459472
vt 0.148624122 0.716748
vt 0.134586036 0.6459472
vt 0.148624122 0.716748
vt 0.269717872 0.6459472
vt 0.134586036 0.6459472
vt 0.111880958 0.716748
vt 0.148624122 0.716748
vt 0.09521836 0.49458015
vt 0.08258408 0.49458015
vt 0.09521836 0.3146485
vt 0.09521836 0.49458015
vt 0.08258408 0.5937011
vt 0.08258408 0.49458015
vt 0.08258408 0.5937011
vt 0.09521836 0.49458015
vt 0.09521836 0.5937011
vt 0.09521836 0.5937011
vt 0.08258408 0.6933105
vt 0.08258408 0.5937011
vt 0.09521836 0.6933105
vt 0.08258408 0.6933105
vt 0.09521836 0.5937011
vt 0.08258408 0.6933105
vt 0.09521836 0.6933105
vt 0.09521836 0.8212402
vt 0.08258408 0.6933105
vt 0.09521836 0.8212402
vt 0.08258408 0.8212402
vt 0.09521836 0.897900343
vt 0.08258408 0.8212402
vt 0.09521836 0.8212402
vt 0.09521836 0.897900343
vt 0.08258408 0.9794433
vt 0.08258408 0.8212402
vt 0.8734777 0.220654368
vt 0.9301183 0.182446361
vt 0.947208166 0.220654368
vt 0.9301183 0.182446361
vt 0.8734777 0.220654368
vt 0.9120519 0.134716868
vt 0.9120519 0.134716868
vt 0.8734777 0.220654368
vt 0.8661535 0.134716868
vt 0.9120519 0.134716868
vt 0.8661535 0.134716868
vt 0.887637854 0.06763923
vt 0.8505285 0.0388306379
vt 0.887637854 0.06763923
vt 0.8661535 0.134716868
vt 0.8505285 0.0388306379
vt 0.8661535 0.134716868
vt 0.846133947 0.115185618
vt 0.8217199 0.03840339
vt 0.8246496 0.115185618
vt 0.7904699 0.08393562
vt 0.8031652 0.158154368
vt 0.768008947 0.150341868
vt 0.786563635 0.2514161
vt 0.747501135 0.244091868
vt 0.7538488 0.2953614
vt 0.717716 0.2953614
vt 0.786563635 0.2514161
vt 0.7870519 0.2953614
vt 0.7538488 0.2953614
vt 0.2395665 0.184033275
vt 0.188785255 0.314160228
vt 0.188785255 0.13935554
vt 0.2395665 0.2694825
vt 0.188785255 0.0519837141
vt 0.2395665 0.184033275
vt 0.188785255 0.13935554
vt 0.2395665 0.184033275
vt 0.188785255 0.0519837141
vt 0.2395665 0.141430736
vt 0.2395665 0.2694825
vt 0.188785255 0.401562572
vt 0.188785255 0.314160228
vt 0.188785255 0.401562572
vt 0.2395665 0.2694825
vt 0.2395665 0.311962962
vt 0.839298 0.451123118
vt 0.776798 0.451123118
vt 0.778751135 0.5468261
vt 0.776798 0.451123118
vt 0.742130041 0.5468261
vt 0.778751135 0.5468261
vt 0.7201574 0.451123118
vt 0.742130041 0.5468261
vt 0.776798 0.451123118
vt 0.742130041 0.5468261
vt 0.7201574 0.451123118
vt 0.7201574 0.577099562
vt 0.839298 0.451123118
vt 0.778751135 0.5468261
vt 0.841251135 0.5468261
vt 0.776798 0.451123118
vt 0.7201574 0.354687572
vt 0.7201574 0.451123118
vt 0.776798 0.451123118
vt 0.7748449 0.354687572
vt 0.7201574 0.354687572
vt 0.8031652 0.208935618
vt 0.814883947 0.177685618
vt 0.830508947 0.165966868
vt 0.846133947 0.177685618
vt 0.8578527 0.208935618
vt 0.0287510753 0.4228028
vt 0.0180088878 0.350537181
vt 0.0287510753 0.350537181
vt 0.0180088878 0.3019532
vt 0.0287510753 0.350537181
vt 0.0180088878 0.350537181
vt 0.004337013 0.3019532
vt 0.0180088878 0.3019532
vt 0.0180088878 0.350537181
vt 0.004337013 0.3019532
vt 0.0180088878 0.350537181
vt 0.004337013 0.350537181
vt 0.004337013 0.350537181
vt 0.0180088878 0.350537181
vt 0.0180088878 0.408154368
vt 0.6620519 0.485546947
vt 0.626895666 0.393750072
vt 0.6591222 0.393750072
vt 0.626895666 0.393750072
vt 0.6620519 0.485546947
vt 0.6278722 0.47895515
vt 0.5946691 0.393750072
vt 0.626895666 0.393750072
vt 0.6278722 0.47895515
vt 0.5946691 0.393750072
vt 0.6278722 0.47895515
vt 0.6019933 0.475537181
vt 0.5683019 0.393750072
vt 0.5946691 0.393750072
vt 0.6019933 0.475537181
vt 0.5683019 0.393750072
vt 0.6019933 0.475537181
vt 0.5683019 0.4894532
vt 0.004337013 0.350537181
vt 0.0180088878 0.408154368
vt 0.004337013 0.408154368
vt 0.004337013 0.408154368
vt 0.0180088878 0.408154368
vt 0.0180088878 0.474316478
vt 0.004337013 0.474316478
vt 0.0180088878 0.474316478
vt 0.004337013 0.540478468
vt 0.004337013 0.474316478
vt 0.0180088878 0.540478468
vt 0.0180088878 0.540478468
vt 0.004337013 0.5937011
vt 0.004337013 0.540478468
vt 0.318301857 0.6054199
vt 0.269717872 0.5546386
vt 0.255557716 0.6054199
vt 0.223331153 0.548290968
vt 0.255557716 0.6054199
vt 0.269717872 0.5546386
vt 0.255557716 0.6054199
vt 0.223331153 0.548290968
vt 0.181705177 0.6054199
vt 0.223331153 0.548290968
vt 0.2548253 0.410839915
vt 0.181705177 0.6054199
vt 0.2548253 0.410839915
vt 0.223331153 0.548290968
vt 0.265811622 0.4701661
vt 0.265811622 0.4701661
vt 0.316348732 0.346630931
vt 0.2548253 0.410839915
vt 0.265811622 0.4701661
vt 0.3143956 0.400586
vt 0.316348732 0.346630931
vt 0.3143956 0.400586
vt 0.265811622 0.4701661
vt 0.283389747 0.5082519
vt 0.344669044 0.497753978
vt 0.3143956 0.400586
vt 0.283389747 0.5082519
vt 0.283389747 0.5082519
vt 0.3263585 0.5551269
vt 0.344669044 0.497753978
vt 0.3263585 0.5551269
vt 0.383731544 0.5521972
vt 0.344669044 0.497753978
vt 0.3263585 0.5551269
vt 0.3871495 0.6054199
vt 0.383731544 0.5521972
vt 0.3871495 0.6054199
vt 0.404239357 0.5194824
vt 0.383731544 0.5521972
vt 0.404239357 0.5194824
vt 0.3871495 0.6054199
vt 0.41742295 0.5141113
vt 0.404239357 0.5194824
vt 0.41742295 0.5141113
vt 0.367618263 0.4425782
vt 0.404239357 0.5194824
vt 0.367618263 0.4425782
vt 0.362247169 0.4618653
vt 0.362247169 0.4618653
vt 0.367618263 0.4425782
vt 0.316348732 0.346630931
vt 0.362247169 0.4618653
vt 0.316348732 0.346630931
vt 0.3143956 0.400586
vt 0.362247169 0.4618653
vt 0.3143956 0.400586
vt 0.344669044 0.497753978
vt 0.404239357 0.5194824
vt 0.362247169 0.4618653
vt 0.344669044 0.497753978
vt 0.383731544 0.5521972
vt 0.404239357 0.5194824
vt 0.344669044 0.497753978
vt 0.265811622 0.4701661
vt 0.223331153 0.548290968
vt 0.283389747 0.5082519
vt 0.223331153 0.548290968
vt 0.269717872 0.5546386
vt 0.283389747 0.5082519
vt 0.3263585 0.5551269
vt 0.283389747 0.5082519
vt 0.269717872 0.5546386
vt 0.269717872 0.5546386
vt 0.318301857 0.6054199
vt 0.3263585 0.5551269
vt 0.3263585 0.5551269
vt 0.318301857 0.6054199
vt 0.3871495 0.6054199
vt 0.404239357 0.5194824
vt 0.41742295 0.5141113
vt 0.3871495 0.6054199
vt 0.404239357 0.5194824
vt 0.367618263 0.4425782
vt 0.41742295 0.5141113
vt 0.404239357 0.5194824
vt 0.362247169 0.4618653
vt 0.367618263 0.4425782
vt 0.362247169 0.4618653
vt 0.316348732 0.346630931
vt 0.367618263 0.4425782
vt 0.2548253 0.410839915
vt 0.265811622 0.4701661
vt 0.223331153 0.548290968
vt 0.223331153 0.548290968
vt 0.181705177 0.6054199
vt 0.2548253 0.410839915
vt 0.255557716 0.6054199
vt 0.181705177 0.6054199
vt 0.223331153 0.548290968
vt 0.223331153 0.548290968
vt 0.269717872 0.5546386
vt 0.255557716 0.6054199
vt 0.318301857 0.6054199
vt 0.255557716 0.6054199
vt 0.269717872 0.5546386
vt 0.269717872 0.5546386
vt 0.3263585 0.5551269
vt 0.318301857 0.6054199
vt 0.3263585 0.5551269
vt 0.269717872 0.5546386
vt 0.283389747 0.5082519
vt 0.283389747 0.5082519
vt 0.344669044 0.497753978
vt 0.3263585 0.5551269
vt 0.344669044 0.497753978
vt 0.283389747 0.5082519
vt 0.3143956 0.400586
vt 0.362247169 0.4618653
vt 0.344669044 0.497753978
vt 0.3143956 0.400586
vt 0.362247169 0.4618653
vt 0.3143956 0.400586
vt 0.316348732 0.346630931
vt 0.362247169 0.4618653
vt 0.316348732 0.346630931
vt 0.367618263 0.4425782
vt 0.404239357 0.5194824
vt 0.362247169 0.4618653
vt 0.367618263 0.4425782
vt 0.404239357 0.5194824
vt 0.367618263 0.4425782
vt 0.41742295 0.5141113
vt 0.404239357 0.5194824
vt 0.41742295 0.5141113
vt 0.3871495 0.6054199
vt 0.3871495 0.6054199
vt 0.383731544 0.5521972
vt 0.404239357 0.5194824
vt 0.3263585 0.5551269
vt 0.383731544 0.5521972
vt 0.3871495 0.6054199
vt 0.3263585 0.5551269
vt 0.344669044 0.497753978
vt 0.383731544 0.5521972
vt 0.383731544 0.5521972
vt 0.344669044 0.497753978
vt 0.404239357 0.5194824
vt 0.404239357 0.5194824
vt 0.344669044 0.497753978
vt 0.362247169 0.4618653
vt 0.223331153 0.548290968
vt 0.283389747 0.5082519
vt 0.269717872 0.5546386
vt 0.265811622 0.4701661
vt 0.283389747 0.5082519
vt 0.223331153 0.548290968
vt 0.3143956 0.400586
vt 0.283389747 0.5082519
vt 0.265811622 0.4701661
vt 0.265811622 0.4701661
vt 0.316348732 0.346630931
vt 0.3143956 0.400586
vt 0.265811622 0.4701661
vt 0.2548253 0.410839915
vt 0.316348732 0.346630931
vt 0.188785255 0.314160228
vt 0.2395665 0.2694825
vt 0.2395665 0.184033275
vt 0.188785255 0.13935554
vt 0.2395665 0.184033275
vt 0.2395665 0.141430736
vt 0.188785255 0.0519837141
vt 0.188785255 0.0519837141
vt 0.188785255 0.13935554
vt 0.2395665 0.184033275
vt 0.188785255 0.401562572
vt 0.2395665 0.311962962
vt 0.2395665 0.2694825
vt 0.2395665 0.2694825
vt 0.188785255 0.314160228
vt 0.188785255 0.401562572
vt 0.0180088878 0.5937011
vt 0.0180088878 0.5937011
vt 0.004337013 0.65083003
vt 0.004337013 0.5937011
vt 0.0180088878 0.65083003
vt 0.0287510753 0.5937011
vt 0.0180088878 0.65083003
vt 0.0180088878 0.5937011
vt 0.0287510753 0.65083003
vt 0.0180088878 0.350537181
vt 0.0287510753 0.4228028
vt 0.0180088878 0.408154368
vt 0.0287510753 0.474316478
vt 0.0180088878 0.408154368
vt 0.0287510753 0.4228028
vt 0.0180088878 0.474316478
vt 0.0287510753 0.474316478
vt 0.0180088878 0.540478468
vt 0.0180088878 0.474316478
vt 0.0180088878 0.540478468
vt 0.0287510753 0.474316478
vt 0.0287510753 0.540478468
vt 0.0287510753 0.540478468
vt 0.0180088878 0.5937011
vt 0.0180088878 0.540478468
vt 0.0287510753 0.5937011
vt 0.0287510753 0.350537181
vt 0.0180088878 0.3019532
vt 0.0287510753 0.289257884
vt 0.07367295 0.9828613
vt 0.0609776378 0.8969238
vt 0.0609776378 0.9828613
vt 0.07367295 0.9828613
vt 0.07367295 0.8969238
vt 0.0609776378 0.8969238
vt 0.07367295 0.8969238
vt 0.0609776378 0.84614253
vt 0.0609776378 0.8969238
vt 0.07367295 0.8969238
vt 0.07367295 0.84614253
vt 0.0609776378 0.84614253
vt 0.0609776378 0.84614253
vt 0.07367295 0.84614253
vt 0.07367295 0.75239253
vt 0.5116613 0.426709056
vt 0.5683019 0.393750072
vt 0.5683019 0.4894532
vt 0.5116613 0.426709056
vt 0.5683019 0.4894532
vt 0.5033605 0.492382884
vt 0.5683019 0.393750072
vt 0.5116613 0.426709056
vt 0.5170324 0.393750072
vt 0.09143418 0.226757884
vt 0.188785255 0.314160228
vt 0.188785255 0.13935554
vt 0.7748449 0.354687572
vt 0.8373449 0.354687572
vt 0.839298 0.451123118
vt 0.783633947 0.6127441
vt 0.8637121 0.6127441
vt 0.8573644 0.6771972
vt 0.0609776378 0.84614253
vt 0.07367295 0.75239253
vt 0.0609776378 0.79145503
vt 0.07367295 0.75239253
vt 0.0609776378 0.76020503
vt 0.0609776378 0.79145503
vt 0.07367295 0.75239253
vt 0.07367295 0.68989253
vt 0.0609776378 0.76020503
vt 0.9931066 0.5238769
vt 0.9623449 0.416211
vt 0.9931066 0.416211
vt 0.9564855 0.5678222
vt 0.396426857 0.4203614
vt 0.3612706 0.395459056
vt 0.396426857 0.395459056
vt 0.362247169 0.4618653
vt 0.367618263 0.4425782
vt 0.316348732 0.346630931
vt 0.404239357 0.5194824
vt 0.367618263 0.4425782
vt 0.362247169 0.4618653
vt 0.404239357 0.5194824
vt 0.41742295 0.5141113
vt 0.367618263 0.4425782
vt 0.404239357 0.5194824
vt 0.3871495 0.6054199
vt 0.41742295 0.5141113
vt 0.548770666 0.569287062
vt 0.548770666 0.524853468
vt 0.572208166 0.524853468
vt 0.548770666 0.569287062
vt 0.572208166 0.524853468
vt 0.572208166 0.569287062
vt 0.572208166 0.569287062
vt 0.572208166 0.524853468
vt 0.59320426 0.524853468
vt 0.572208166 0.569287062
vt 0.59320426 0.524853468
vt 0.5951574 0.569287062
vt 0.5951574 0.569287062
vt 0.59320426 0.524853468
vt 0.6058996 0.524853468
vt 0.5951574 0.569287062
vt 0.6058996 0.524853468
vt 0.6058996 0.569287062
vt 0.6058996 0.569287062
vt 0.6058996 0.524853468
vt 0.6161535 0.524853468
vt 0.6161535 0.524853468
vt 0.6161535 0.569287062
vt 0.6058996 0.569287062
vt 0.6161535 0.569287062
vt 0.6161535 0.524853468
vt 0.6283605 0.524853468
vt 0.6283605 0.524853468
vt 0.6283605 0.569287062
vt 0.6161535 0.569287062
vt 0.640567541 0.524853468
vt 0.6283605 0.569287062
vt 0.6283605 0.524853468
vt 0.640567541 0.524853468
vt 0.640567541 0.569287062
vt 0.6283605 0.569287062
vt 0.640567541 0.569287062
vt 0.640567541 0.524853468
vt 0.653262854 0.524853468
vt 0.640567541 0.569287062
vt 0.653262854 0.524853468
vt 0.653262854 0.569287062
vt 0.6649816 0.524853468
vt 0.653262854 0.569287062
vt 0.653262854 0.524853468
vt 0.6649816 0.524853468
vt 0.6649816 0.569287062
vt 0.653262854 0.569287062
vt 0.6649816 0.569287062
vt 0.6649816 0.524853468
vt 0.6854894 0.524853468
vt 0.6854894 0.524853468
vt 0.6854894 0.569287062
vt 0.6649816 0.569287062
vt 0.6918371 0.524853468
vt 0.6854894 0.569287062
vt 0.6854894 0.524853468
vt 0.6918371 0.524853468
vt 0.6918371 0.569287062
vt 0.6854894 0.569287062
vt 0.6918371 0.524853468
vt 0.7074621 0.569287062
vt 0.6918371 0.569287062
vt 0.6840246 0.271435618
vt 0.68695426 0.251904368
vt 0.6825597 0.263623118
vt 0.6825597 0.263623118
vt 0.674258947 0.275341868
vt 0.6840246 0.271435618
vt 0.6840246 0.271435618
vt 0.674258947 0.275341868
vt 0.685001135 0.288525462
vt 0.685001135 0.288525462
vt 0.6933019 0.258252025
vt 0.6840246 0.271435618
vt 0.685001135 0.288525462
vt 0.7016027 0.271435618
vt 0.6933019 0.258252025
vt 0.7016027 0.271435618
vt 0.6967199 0.224560618
vt 0.6933019 0.258252025
vt 0.6967199 0.224560618
vt 0.7016027 0.271435618
vt 0.716251135 0.247998118
vt 0.6840246 0.271435618
vt 0.6933019 0.258252025
vt 0.68695426 0.251904368
vt 0.6933019 0.258252025
vt 0.6967199 0.224560618
vt 0.68695426 0.251904368
vt 0.685001135 0.236279368
vt 0.68695426 0.251904368
vt 0.6967199 0.224560618
vt 0.6884191 0.1826905
vt 0.685001135 0.236279368
vt 0.6967199 0.224560618
vt 0.6884191 0.1826905
vt 0.6781652 0.220654368
vt 0.685001135 0.236279368
vt 0.004523933 0.7401855
vt 0.00735062361 0.6771972
vt 0.0209385753 0.744091749
vt 0.0209385753 0.744091749
vt 0.0209385753 0.806591749
vt 0.004523933 0.7401855
vt 0.0209385753 0.806591749
vt 0.004523933 0.806591749
vt 0.004523933 0.7401855
vt 0.004523933 0.872998
vt 0.004523933 0.806591749
vt 0.0209385753 0.806591749
vt 0.0209385753 0.806591749
vt 0.0209385753 0.872998
vt 0.004523933 0.872998
vt 0.0209385753 0.872998
vt 0.004523933 0.9276855
vt 0.004523933 0.872998
vt 0.004523933 0.9276855
vt 0.0209385753 0.872998
vt 0.0209385753 0.986279249
vt 0.0209385753 0.986279249
vt 0.004523933 0.9745605
vt 0.004523933 0.9276855
vt 0.0209385753 0.872998
vt 0.0260044932 0.9433105
vt 0.0209385753 0.986279249
vt 0.148624122 0.716748
vt 0.134586036 0.6459472
vt 0.111880958 0.716748
vt 0.148624122 0.716748
vt 0.269717872 0.6459472
vt 0.134586036 0.6459472
vt 0.2728917 0.716748
vt 0.269717872 0.6459472
vt 0.148624122 0.716748
vt 0.269717872 0.6459472
vt 0.2728917 0.716748
vt 0.337588966 0.716748
vt 0.269717872 0.6459472
vt 0.337588966 0.716748
vt 0.2999913 0.6459472
vt 0.188785255 0.13935554
vt 0.09143418 0.226757884
vt 0.188785255 0.0519837141
vt 0.668887854 0.08784187
vt 0.70257926 0.06568611
vt 0.668887854 0.06568611
vt 0.668887854 0.06568611
vt 0.70257926 0.06568611
vt 0.668887854 0.0136231184
vt 0.6840246 0.271435618
vt 0.685001135 0.288525462
vt 0.674258947 0.275341868
vt 0.685001135 0.288525462
vt 0.6840246 0.271435618
vt 0.6933019 0.258252025
vt 0.685001135 0.288525462
vt 0.6933019 0.258252025
vt 0.7016027 0.271435618
vt 0.7016027 0.271435618
vt 0.6933019 0.258252025
vt 0.6967199 0.224560618
vt 0.783633947 0.6127441
vt 0.8573644 0.6771972
vt 0.8637121 0.6127441
vt 0.0512120128 0.8964355
vt 0.0354039073 0.8183105
vt 0.0354039073 0.869091749
vt 0.0512120128 0.813915968
vt 0.0354039073 0.8183105
vt 0.0512120128 0.8964355
vt 0.0354039073 0.8183105
vt 0.0512120128 0.813915968
vt 0.0354039073 0.7714355
vt 0.0354039073 0.7714355
vt 0.0512120128 0.813915968
vt 0.0512120128 0.732373
vt 0.0354039073 0.7714355
vt 0.0512120128 0.732373
vt 0.0354039073 0.732373
vn 0.7012915 0.351375 -0.6202628
vn 0.7012915 0.351375 -0.6202628
vn 0.7012915 0.351375 -0.6202628
vn 0.516285956 0.181997463 -0.8368547
vn 0.516285956 0.181997463 -0.8368547
vn 0.516285956 0.181997463 -0.8368547
vn 0.518758059 0.2593971 -0.8146184
vn 0.518758059 0.2593971 -0.8146184
vn 0.518758059 0.2593971 -0.8146184
vn 0.623107433 0.43591854 -0.6493937
vn 0.623107433 0.43591854 -0.6493937
vn 0.623107433 0.43591854 -0.6493937
vn 0.661030531 0.120135486 -0.740679443
vn 0.661030531 0.120135486 -0.740679443
vn 0.661030531 0.120135486 -0.740679443
vn 0.8946686 -0.08077549 0.439367115
vn 0.8946686 -0.08077549 0.439367115
vn 0.8946686 -0.08077549 0.439367115
vn 0.957101941 0.09530045 -0.273630559
vn 0.957101941 0.09530045 -0.273630559
vn 0.957101941 0.09530045 -0.273630559
vn 0.9492664 0.08966484 -0.301419318
vn 0.9492664 0.08966484 -0.301419318
vn 0.9492664 0.08966484 -0.301419318
vn -0.99398005 0.0539465733 0.095359765
vn -0.99398005 0.0539465733 0.095359765
vn -0.99398005 0.0539465733 0.095359765
vn -0.994954169 -0.0989059061 -0.0168463029
vn -0.994954169 -0.0989059061 -0.0168463029
vn -0.994954169 -0.0989059061 -0.0168463029
vn -0.995299339 -0.07846785 0.0567633025
vn -0.995299339 -0.07846785 0.0567633025
vn -0.995299339 -0.07846785 0.0567633025
vn -0.9970851 -0.0392403342 0.0654332042
vn -0.9970851 -0.0392403342 0.0654332042
vn -0.9970851 -0.0392403342 0.0654332042
vn -0.991584837 -0.12931855 -0.00602126773
vn -0.991584837 -0.12931855 -0.00602126773
vn -0.991584837 -0.12931855 -0.00602126773
vn -0.9973548 -0.0393271148 -0.06112872
vn -0.9973548 -0.0393271148 -0.06112872
vn -0.9973548 -0.0393271148 -0.06112872
vn -0.9961606 -0.06669922 -0.0567040145
vn -0.9961606 -0.06669922 -0.0567040145
vn -0.9961606 -0.06669922 -0.0567040145
vn -0.9896743 -0.0306419246 -0.140020549
vn -0.9896743 -0.0306419246 -0.140020549
vn -0.9896743 -0.0306419246 -0.140020549
vn -0.982696831 -0.170207292 0.073051095
vn -0.982696831 -0.170207292 0.073051095
vn -0.982696831 -0.170207292 0.073051095
vn -0.9877281 0.05391357 -0.146582976
vn -0.9877281 0.05391357 -0.146582976
vn -0.9877281 0.05391357 -0.146582976
vn -0.998603642 -0.0051893713 0.0525725
vn -0.998603642 -0.0051893713 0.0525725
vn -0.998603642 -0.0051893713 0.0525725
vn -0.961843133 0.047203254 0.2694991
vn -0.961843133 0.047203254 0.2694991
vn -0.961843133 0.047203254 0.2694991
vn -0.991000831 -0.0689883158 0.11470788
vn -0.991000831 -0.0689883158 0.11470788
vn -0.991000831 -0.0689883158 0.11470788
vn -0.9883501 0.0214180686 0.150682971
vn -0.9883501 0.0214180686 0.150682971
vn -0.9883501 0.0214180686 0.150682971
vn -0.997185051 -0.0607728735 0.0439172164
vn -0.997185051 -0.0607728735 0.0439172164
vn -0.997185051 -0.0607728735 0.0439172164
vn -0.9851175 0.005450352 -0.171795622
vn -0.9851175 0.005450352 -0.171795622
vn -0.9851175 0.005450352 -0.171795622
vn -0.9466545 0.229894772 -0.225817829
vn -0.9466545 0.229894772 -0.225817829
vn -0.9466545 0.229894772 -0.225817829
vn -0.8278985 -0.200193778 0.5239336
vn -0.8278985 -0.200193778 0.5239336
vn -0.8278985 -0.200193778 0.5239336
vn -0.80928725 -0.12165536 0.5746776
vn -0.80928725 -0.12165536 0.5746776
vn -0.80928725 -0.12165536 0.5746776
vn -0.981392264 -0.1370831 0.134452969
vn -0.981392264 -0.1370831 0.134452969
vn -0.981392264 -0.1370831 0.134452969
vn 0.495489866 -0.0175757762 0.868436
vn 0.495489866 -0.0175757762 0.868436
vn 0.495489866 -0.0175757762 0.868436
vn 0.5555147 0.293084443 0.778142035
vn 0.5555147 0.293084443 0.778142035
vn 0.5555147 0.293084443 0.778142035
vn 0.826135 -0.1735583 0.536076963
vn 0.826135 -0.1735583 0.536076963
vn 0.826135 -0.1735583 0.536076963
vn 0.7666523 -0.478363425 0.4282672
vn 0.7666523 -0.478363425 0.4282672
vn 0.7666523 -0.478363425 0.4282672
vn 0.7609112 -0.6432743 0.08492501
vn 0.7609112 -0.6432743 0.08492501
vn 0.7609112 -0.6432743 0.08492501
vn 0.722494245 -0.68563 -0.0889588147
vn 0.722494245 -0.68563 -0.0889588147
vn 0.722494245 -0.68563 -0.0889588147
vn 0.695529759 -0.61092186 0.37817046
vn 0.695529759 -0.61092186 0.37817046
vn 0.695529759 -0.61092186 0.37817046
vn 0.663071334 -0.3200263 0.676697552
vn 0.663071334 -0.3200263 0.676697552
vn 0.663071334 -0.3200263 0.676697552
vn 0.5139733 -0.617955565 0.5949473
vn 0.5139733 -0.617955565 0.5949473
vn 0.5139733 -0.617955565 0.5949473
vn 0.743334353 -0.534201562 0.402595073
vn 0.743334353 -0.534201562 0.402595073
vn 0.743334353 -0.534201562 0.402595073
vn 0.737379849 -0.497728437 0.45665887
vn 0.737379849 -0.497728437 0.45665887
vn 0.737379849 -0.497728437 0.45665887
vn 0.7703347 -0.37267524 0.517395
vn 0.7703347 -0.37267524 0.517395
vn 0.7703347 -0.37267524 0.517395
vn 0.768046 -0.298203647 0.566727459
vn 0.768046 -0.298203647 0.566727459
vn 0.768046 -0.298203647 0.566727459
vn 0.7823245 -0.255714953 0.5679596
vn 0.7823245 -0.255714953 0.5679596
vn 0.7823245 -0.255714953 0.5679596
vn 0.7848254 -0.144044936 0.602743864
vn 0.7848254 -0.144044936 0.602743864
vn 0.7848254 -0.144044936 0.602743864
vn 0.768048048 -0.107415043 0.631319344
vn 0.768048048 -0.107415043 0.631319344
vn 0.768048048 -0.107415043 0.631319344
vn 0.805256 0.04406222 0.591287732
vn 0.805256 0.04406222 0.591287732
vn 0.805256 0.04406222 0.591287732
vn 0.7996748 0.08876067 0.5938365
vn 0.7996748 0.08876067 0.5938365
vn 0.7996748 0.08876067 0.5938365
vn 0.8143829 0.122558892 0.5672388
vn 0.8143829 0.122558892 0.5672388
vn 0.8143829 0.122558892 0.5672388
vn 0.8149159 0.173332781 0.5530531
vn 0.8149159 0.173332781 0.5530531
vn 0.8149159 0.173332781 0.5530531
vn 0.794913 0.236929983 0.558549643
vn 0.794913 0.236929983 0.558549643
vn 0.794913 0.236929983 0.558549643
vn 0.9906586 -0.07749004 0.112208731
vn 0.9906586 -0.07749004 0.112208731
vn 0.9906586 -0.07749004 0.112208731
vn 0.9840777 -0.04341949 0.1723539
vn 0.9840777 -0.04341949 0.1723539
vn 0.9840777 -0.04341949 0.1723539
vn 0.458470762 -0.632151961 0.6246508
vn 0.458470762 -0.632151961 0.6246508
vn 0.458470762 -0.632151961 0.6246508
vn 0.767828465 -0.416746646 -0.4865816
vn 0.767828465 -0.416746646 -0.4865816
vn 0.767828465 -0.416746646 -0.4865816
vn -0.9921351 -0.0607719123 0.109428942
vn -0.9921351 -0.0607719123 0.109428942
vn -0.9921351 -0.0607719123 0.109428942
vn -0.9860912 -0.143573254 0.0837301761
vn -0.9860912 -0.143573254 0.0837301761
vn -0.9860912 -0.143573254 0.0837301761
vn -0.924952865 -0.3226638 0.200874075
vn -0.924952865 -0.3226638 0.200874075
vn -0.924952865 -0.3226638 0.200874075
vn -0.924838245 -0.351462364 0.145425037
vn -0.924838245 -0.351462364 0.145425037
vn -0.924838245 -0.351462364 0.145425037
vn -0.936286032 -0.3404133 0.08652821
vn -0.936286032 -0.3404133 0.08652821
vn -0.936286032 -0.3404133 0.08652821
vn -0.9364849 -0.3389673 0.0899857
vn -0.9364849 -0.3389673 0.0899857
vn -0.9364849 -0.3389673 0.0899857
vn -0.936772764 -0.307012081 -0.167929679
vn -0.936772764 -0.307012081 -0.167929679
vn -0.936772764 -0.307012081 -0.167929679
vn -0.837779045 0.4056408 -0.36548844
vn -0.837779045 0.4056408 -0.36548844
vn -0.837779045 0.4056408 -0.36548844
vn -0.8811561 0.242241412 -0.406057864
vn -0.8811561 0.242241412 -0.406057864
vn -0.8811561 0.242241412 -0.406057864
vn -0.883132935 0.280894637 -0.375731975
vn -0.883132935 0.280894637 -0.375731975
vn -0.883132935 0.280894637 -0.375731975
vn -0.8711623 0.267821282 -0.411519259
vn -0.8711623 0.267821282 -0.411519259
vn -0.8711623 0.267821282 -0.411519259
vn -0.871154368 0.266366273 -0.412479043
vn -0.871154368 0.266366273 -0.412479043
vn -0.871154368 0.266366273 -0.412479043
vn -0.616709054 0.688794255 -0.3810937
vn -0.616709054 0.688794255 -0.3810937
vn -0.616709054 0.688794255 -0.3810937
vn -0.8783099 0.0296160672 -0.4771735
vn -0.8783099 0.0296160672 -0.4771735
vn -0.8783099 0.0296160672 -0.4771735
vn -0.4592969 -0.7774083 0.4297471
vn -0.4592969 -0.7774083 0.4297471
vn -0.4592969 -0.7774083 0.4297471
vn -0.9848732 -0.164972052 0.0529998355
vn -0.9848732 -0.164972052 0.0529998355
vn -0.9848732 -0.164972052 0.0529998355
vn -0.981326163 0.0207648482 -0.191227451
vn -0.981326163 0.0207648482 -0.191227451
vn -0.981326163 0.0207648482 -0.191227451
vn -0.6834085 0.254634649 -0.6841886
vn -0.6834085 0.254634649 -0.6841886
vn -0.6834085 0.254634649 -0.6841886
vn -0.672397137 0.270431161 -0.6890203
vn -0.672397137 0.270431161 -0.6890203
vn -0.672397137 0.270431161 -0.6890203
vn -0.656536937 0.130126566 -0.7429847
vn -0.656536937 0.130126566 -0.7429847
vn -0.656536937 0.130126566 -0.7429847
vn -0.7094651 0.189105764 -0.678894937
vn -0.7094651 0.189105764 -0.678894937
vn -0.7094651 0.189105764 -0.678894937
vn -0.745242834 0.0202186033 -0.666486442
vn -0.745242834 0.0202186033 -0.666486442
vn -0.745242834 0.0202186033 -0.666486442
vn -0.706069231 -0.2016391 -0.6788284
vn -0.706069231 -0.2016391 -0.6788284
vn -0.706069231 -0.2016391 -0.6788284
vn -0.6566791 -0.09315645 -0.748394549
vn -0.6566791 -0.09315645 -0.748394549
vn -0.6566791 -0.09315645 -0.748394549
vn -0.6491661 0.00807443 -0.760603845
vn -0.6491661 0.00807443 -0.760603845
vn -0.6491661 0.00807443 -0.760603845
vn -0.6548949 0.0155705521 -0.7555595
vn -0.6548949 0.0155705521 -0.7555595
vn -0.6548949 0.0155705521 -0.7555595
vn -0.651438653 0.224083468 -0.724854648
vn -0.651438653 0.224083468 -0.724854648
vn -0.651438653 0.224083468 -0.724854648
vn -0.6599832 0.232614338 -0.7143617
vn -0.6599832 0.232614338 -0.7143617
vn -0.6599832 0.232614338 -0.7143617
vn -0.6653901 0.460565656 -0.5874823
vn -0.6653901 0.460565656 -0.5874823
vn -0.6653901 0.460565656 -0.5874823
vn -0.669012666 0.46351558 -0.5810125
vn -0.669012666 0.46351558 -0.5810125
vn -0.669012666 0.46351558 -0.5810125
vn -0.6639273 0.5878522 -0.4622016
vn -0.6639273 0.5878522 -0.4622016
vn -0.6639273 0.5878522 -0.4622016
vn -0.6611429 0.5858196 -0.4687275
vn -0.6611429 0.5858196 -0.4687275
vn -0.6611429 0.5858196 -0.4687275
vn -0.671138167 0.3972195 -0.625931442
vn -0.671138167 0.3972195 -0.625931442
vn -0.671138167 0.3972195 -0.625931442
vn -0.698894143 0.41895 -0.5796791
vn -0.698894143 0.41895 -0.5796791
vn -0.698894143 0.41895 -0.5796791
vn -0.6867681 0.278954923 -0.6712181
vn -0.6867681 0.278954923 -0.6712181
vn -0.6867681 0.278954923 -0.6712181
vn -0.0288411044 -0.6265665 0.7788341
vn -0.0288411044 -0.6265665 0.7788341
vn -0.0288411044 -0.6265665 0.7788341
vn -0.7012915 0.351375 -0.6202628
vn -0.7012915 0.351375 -0.6202628
vn -0.7012915 0.351375 -0.6202628
vn -0.516285956 0.181997508 -0.8368547
vn -0.516285956 0.181997508 -0.8368547
vn -0.516285956 0.181997508 -0.8368547
vn -0.5187581 0.2593971 -0.8146184
vn -0.5187581 0.2593971 -0.8146184
vn -0.5187581 0.2593971 -0.8146184
vn -0.623107433 0.43591848 -0.6493937
vn -0.623107433 0.43591848 -0.6493937
vn -0.623107433 0.43591848 -0.6493937
vn -0.661030531 0.120135441 -0.7406795
vn -0.661030531 0.120135441 -0.7406795
vn -0.661030531 0.120135441 -0.7406795
vn -0.8261349 -0.173558369 0.536076963
vn -0.8261349 -0.173558369 0.536076963
vn -0.8261349 -0.173558369 0.536076963
vn -0.766652167 -0.478363484 0.428267121
vn -0.766652167 -0.478363484 0.428267121
vn -0.766652167 -0.478363484 0.428267121
vn -0.765273869 -0.6124083 0.198272347
vn -0.765273869 -0.6124083 0.198272347
vn -0.765273869 -0.6124083 0.198272347
vn 0.6410778 0.51082325 0.5727817
vn 0.6410778 0.51082325 0.5727817
vn 0.6410778 0.51082325 0.5727817
vn -0.5399551 -0.340145022 -0.7699026
vn -0.5399551 -0.340145022 -0.7699026
vn -0.5399551 -0.340145022 -0.7699026
vn -0.7677731 -0.416731566 -0.486681759
vn -0.7677731 -0.416731566 -0.486681759
vn -0.7677731 -0.416731566 -0.486681759
vn -0.4591463 -0.631903768 0.6244055
vn -0.4591463 -0.631903768 0.6244055
vn -0.4591463 -0.631903768 0.6244055
vn -0.555921 0.290574133 0.778793
vn -0.555921 0.290574133 0.778793
vn -0.555921 0.290574133 0.778793
vn -0.4962859 -0.0180353671 0.867971838
vn -0.4962859 -0.0180353671 0.867971838
vn -0.4962859 -0.0180353671 0.867971838
vn -0.9521975 -0.1543045 -0.2636473
vn -0.9521975 -0.1543045 -0.2636473
vn -0.9521975 -0.1543045 -0.2636473
vn -0.886823535 -0.200905144 -0.416150361
vn -0.886823535 -0.200905144 -0.416150361
vn -0.886823535 -0.200905144 -0.416150361
vn -0.9206693 -0.217138976 -0.324374229
vn -0.9206693 -0.217138976 -0.324374229
vn -0.9206693 -0.217138976 -0.324374229
vn -0.98349005 -0.1662435 0.07148683
vn -0.98349005 -0.1662435 0.07148683
vn -0.98349005 -0.1662435 0.07148683
vn -0.9913504 -0.0570703819 -0.118183948
vn -0.9913504 -0.0570703819 -0.118183948
vn -0.9913504 -0.0570703819 -0.118183948
vn -0.969427645 -0.0553852841 -0.239045128
vn -0.969427645 -0.0553852841 -0.239045128
vn -0.969427645 -0.0553852841 -0.239045128
vn -0.9906586 -0.0774900839 0.112208657
vn -0.9906586 -0.0774900839 0.112208657
vn -0.9906586 -0.0774900839 0.112208657
vn -0.9840777 -0.04341949 0.172353879
vn -0.9840777 -0.04341949 0.172353879
vn -0.9840777 -0.04341949 0.172353879
vn 0.8880704 0.0561463423 -0.456265718
vn 0.8880704 0.0561463423 -0.456265718
vn 0.8880704 0.0561463423 -0.456265718
vn 0.8995038 0.00467887754 -0.43688786
vn 0.8995038 0.00467887754 -0.43688786
vn 0.8995038 0.00467887754 -0.43688786
vn 0.8953694 0.002307869 -0.4453181
vn 0.8953694 0.002307869 -0.4453181
vn 0.8953694 0.002307869 -0.4453181
vn 0.894840658 -0.08418684 -0.4383751
vn 0.894840658 -0.08418684 -0.4383751
vn 0.894840658 -0.08418684 -0.4383751
vn -0.373298734 -0.0618844554 0.9256449
vn -0.373298734 -0.0618844554 0.9256449
vn -0.373298734 -0.0618844554 0.9256449
vn 0.4742532 -0.41392687 0.7770125
vn 0.4742532 -0.41392687 0.7770125
vn 0.4742532 -0.41392687 0.7770125
vn 0.548854351 -0.322631866 0.771146834
vn 0.548854351 -0.322631866 0.771146834
vn 0.548854351 -0.322631866 0.771146834
vn 0.542648256 -0.246751845 0.802898645
vn 0.542648256 -0.246751845 0.802898645
vn 0.542648256 -0.246751845 0.802898645
vn 0.6861144 -0.0272418857 0.7269835
vn 0.6861144 -0.0272418857 0.7269835
vn 0.6861144 -0.0272418857 0.7269835
vn 0.7159987 -0.322030336 0.61938864
vn 0.7159987 -0.322030336 0.61938864
vn 0.7159987 -0.322030336 0.61938864
vn 0.5561772 -0.14342469 0.818594
vn 0.5561772 -0.14342469 0.818594
vn 0.5561772 -0.14342469 0.818594
vn 0.551312149 -0.09985271 0.8283021
vn 0.551312149 -0.09985271 0.8283021
vn 0.551312149 -0.09985271 0.8283021
vn 0.5232059 -0.0741523355 0.848974168
vn 0.5232059 -0.0741523355 0.848974168
vn 0.5232059 -0.0741523355 0.848974168
vn 0.471206635 0.200708434 0.858883262
vn 0.471206635 0.200708434 0.858883262
vn 0.471206635 0.200708434 0.858883262
vn 0.998107135 -0.03400272 -0.05124442
vn 0.998107135 -0.03400272 -0.05124442
vn 0.998107135 -0.03400272 -0.05124442
vn 0.9996314 0.00688358676 -0.0262606312
vn 0.9996314 0.00688358676 -0.0262606312
vn 0.9996314 0.00688358676 -0.0262606312
vn 0.9997213 0.0144671509 0.0186528359
vn 0.9997213 0.0144671509 0.0186528359
vn 0.9997213 0.0144671509 0.0186528359
vn 0.9975421 -0.0517171174 -0.04727684
vn 0.9975421 -0.0517171174 -0.04727684
vn 0.9975421 -0.0517171174 -0.04727684
vn 0.999120057 -0.0245736986 0.03398779
vn 0.999120057 -0.0245736986 0.03398779
vn 0.999120057 -0.0245736986 0.03398779
vn 0.997394443 -0.07210305 0.00236964319
vn 0.997394443 -0.07210305 0.00236964319
vn 0.997394443 -0.07210305 0.00236964319
vn 0.996938169 -0.0259808451 0.07375169
vn 0.996938169 -0.0259808451 0.07375169
vn 0.996938169 -0.0259808451 0.07375169
vn 0.996305645 0.0249782279 0.08216594
vn 0.996305645 0.0249782279 0.08216594
vn 0.996305645 0.0249782279 0.08216594
vn 0.9982764 -0.00539909536 0.0584380068
vn 0.9982764 -0.00539909536 0.0584380068
vn 0.9982764 -0.00539909536 0.0584380068
vn 0.9563138 0.0289971642 -0.29090032
vn 0.9563138 0.0289971642 -0.29090032
vn 0.9563138 0.0289971642 -0.29090032
vn 0.9748621 -0.00469499547 -0.222759649
vn 0.9748621 -0.00469499547 -0.222759649
vn 0.9748621 -0.00469499547 -0.222759649
vn 0.9747422 -0.0138251986 0.222904831
vn 0.9747422 -0.0138251986 0.222904831
vn 0.9747422 -0.0138251986 0.222904831
vn 0.9653851 -0.0004945086 0.260828316
vn 0.9653851 -0.0004945086 0.260828316
vn 0.9653851 -0.0004945086 0.260828316
vn 0.7343303 -0.00366471219 0.678782463
vn 0.7343303 -0.00366471219 0.678782463
vn 0.7343303 -0.00366471219 0.678782463
vn 0.734324932 -0.00456201052 0.6787828
vn 0.602127135 0.0344649144 0.797656059
vn 0.602127135 0.0344649144 0.797656059
vn 0.602127135 0.0344649144 0.797656059
vn 0.705935 -0.153489456 0.6914454
vn 0.705935 -0.153489456 0.6914454
vn 0.705935 -0.153489456 0.6914454
vn 0.8831342 -0.00069344847 0.469119817
vn 0.8831342 -0.00069344847 0.469119817
vn 0.8831342 -0.00069344847 0.469119817
vn 0.8417923 0.00561041245 0.5397724
vn 0.8417923 0.00561041245 0.5397724
vn 0.8417923 0.00561041245 0.5397724
vn 0.83854425 0.0562013946 0.5419271
vn 0.83854425 0.0562013946 0.5419271
vn 0.83854425 0.0562013946 0.5419271
vn 0.8882139 0.0541021973 0.456233531
vn 0.8882139 0.0541021973 0.456233531
vn 0.8882139 0.0541021973 0.456233531
vn 0.8962987 0.119210519 0.427126884
vn 0.8962987 0.119210519 0.427126884
vn 0.8962987 0.119210519 0.427126884
vn 0.9724749 0.0764563158 0.220106915
vn 0.9724749 0.0764563158 0.220106915
vn 0.9724749 0.0764563158 0.220106915
vn 0.9723749 0.07646054 -0.22054711
vn 0.9723749 0.07646054 -0.22054711
vn 0.9723749 0.07646054 -0.22054711
vn 0.975086033 0.01055222 -0.22157608
vn 0.975086033 0.01055222 -0.22157608
vn 0.975086033 0.01055222 -0.22157608
vn 0.9800973 0.0167872664 -0.197806925
vn 0.9800973 0.0167872664 -0.197806925
vn 0.9800973 0.0167872664 -0.197806925
vn 0.9802062 0.006889489 -0.19785963
vn 0.9802062 0.006889489 -0.19785963
vn 0.9802062 0.006889489 -0.19785963
vn 0.95664984 0.00081521587 -0.291239381
vn 0.95664984 0.00081521587 -0.291239381
vn 0.95664984 0.00081521587 -0.291239381
vn 0.965361834 -0.00724270847 0.2608142
vn 0.965361834 -0.00724270847 0.2608142
vn 0.965361834 -0.00724270847 0.2608142
vn 0.9591738 -0.00341532426 0.282796562
vn 0.9591738 -0.00341532426 0.282796562
vn 0.9591738 -0.00341532426 0.282796562
vn 0.9591739 -0.00425576651 0.282784969
vn 0.980261147 0.005729467 0.1976241
vn 0.980261147 0.005729467 0.1976241
vn 0.980261147 0.005729467 0.1976241
vn 0.980146348 0.0167506877 0.197566763
vn 0.980146348 0.0167506877 0.197566763
vn 0.980146348 0.0167506877 0.197566763
vn 0.975186 0.0105589544 0.221135437
vn 0.975186 0.0105589544 0.221135437
vn 0.975186 0.0105589544 0.221135437
vn 0.956696332 -0.00349311251 -0.2910669
vn 0.956696332 -0.00349311251 -0.2910669
vn 0.956696332 -0.00349311251 -0.2910669
vn 0.9566884 0.000790828 -0.291112721
vn 0.6323854 0.0128776319 -0.7745469
vn 0.6323854 0.0128776319 -0.7745469
vn 0.6323854 0.0128776319 -0.7745469
vn 0.6526555 0.01851425 -0.7574285
vn 0.6526555 0.01851425 -0.7574285
vn 0.6526555 0.01851425 -0.7574285
vn 0.6521969 0.06518347 -0.7552419
vn 0.6521969 0.06518347 -0.7552419
vn 0.6521969 0.06518347 -0.7552419
vn 0.6981595 0.0910471454 -0.71012944
vn 0.6981595 0.0910471454 -0.71012944
vn 0.6981595 0.0910471454 -0.71012944
vn 0.709255159 -0.146831691 -0.6894908
vn 0.709255159 -0.146831691 -0.6894908
vn 0.709255159 -0.146831691 -0.6894908
vn 0.880120158 -0.0002076495 -0.474750876
vn 0.880120158 -0.0002076495 -0.474750876
vn 0.880120158 -0.0002076495 -0.474750876
vn 0.841788352 0.0056165373 -0.5397786
vn 0.841788352 0.0056165373 -0.5397786
vn 0.841788352 0.0056165373 -0.5397786
vn 0.838540137 0.0562021621 -0.541933239
vn 0.838540137 0.0562021621 -0.541933239
vn 0.838540137 0.0562021621 -0.541933239
vn 0.8882035 0.0541017056 -0.4562539
vn 0.8882035 0.0541017056 -0.4562539
vn 0.8882035 0.0541017056 -0.4562539
vn 0.8962817 0.119068824 -0.427202076
vn 0.8962817 0.119068824 -0.427202076
vn 0.8962817 0.119068824 -0.427202076
vn -0.9563138 0.0289971661 -0.29090032
vn -0.9563138 0.0289971661 -0.29090032
vn -0.9563138 0.0289971661 -0.29090032
vn -0.974862039 -0.00469497452 -0.222759679
vn -0.974862039 -0.00469497452 -0.222759679
vn -0.974862039 -0.00469497452 -0.222759679
vn -0.9747422 -0.0138251772 0.222904876
vn -0.9747422 -0.0138251772 0.222904876
vn -0.9747422 -0.0138251772 0.222904876
vn -0.9653851 -0.0004945085 0.260828316
vn -0.9653851 -0.0004945085 0.260828316
vn -0.9653851 -0.0004945085 0.260828316
vn -0.734330237 -0.00366471219 0.6787825
vn -0.734330237 -0.00366471219 0.6787825
vn -0.734330237 -0.00366471219 0.6787825
vn -0.734324932 -0.00456199236 0.6787828
vn -0.6021162 0.03446527 0.797664165
vn -0.6021162 0.03446527 0.797664165
vn -0.6021162 0.03446527 0.797664165
vn -0.70598793 -0.153526366 0.691383243
vn -0.70598793 -0.153526366 0.691383243
vn -0.70598793 -0.153526366 0.691383243
vn -0.883133 -0.0006932417 0.4691222
vn -0.883133 -0.0006932417 0.4691222
vn -0.883133 -0.0006932417 0.4691222
vn -0.8417924 0.00561041245 0.5397724
vn -0.8417924 0.00561041245 0.5397724
vn -0.8417924 0.00561041245 0.5397724
vn -0.8385425 0.05622109 0.5419277
vn -0.8385425 0.05622109 0.5419277
vn -0.8385425 0.05622109 0.5419277
vn -0.8881729 0.0541136637 0.456311941
vn -0.8881729 0.0541136637 0.456311941
vn -0.8881729 0.0541136637 0.456311941
vn -0.8963143 0.119204283 0.42709592
vn -0.8963143 0.119204283 0.42709592
vn -0.8963143 0.119204283 0.42709592
vn -0.972474933 0.07645635 0.220106944
vn -0.972474933 0.07645635 0.220106944
vn -0.972474933 0.07645635 0.220106944
vn -0.9723749 0.07646057 -0.22054711
vn -0.9723749 0.07646057 -0.22054711
vn -0.9723749 0.07646057 -0.22054711
vn -0.975086033 0.0105521856 -0.22157608
vn -0.975086033 0.0105521856 -0.22157608
vn -0.975086033 0.0105521856 -0.22157608
vn -0.9800973 0.016787231 -0.197806925
vn -0.9800973 0.016787231 -0.197806925
vn -0.9800973 0.016787231 -0.197806925
vn -0.9802062 0.006889138 -0.19785963
vn -0.9802062 0.006889138 -0.19785963
vn -0.9802062 0.006889138 -0.19785963
vn -0.975186 0.0105589246 0.221135408
vn -0.975186 0.0105589246 0.221135408
vn -0.975186 0.0105589246 0.221135408
vn -0.980146348 0.0167506784 0.197566718
vn -0.980146348 0.0167506784 0.197566718
vn -0.980146348 0.0167506784 0.197566718
vn -0.9802611 0.00574730337 0.197623953
vn -0.9802611 0.00574730337 0.197623953
vn -0.9802611 0.00574730337 0.197623953
vn -0.959128559 -0.004253027 0.282938957
vn -0.959128559 -0.004253027 0.282938957
vn -0.959128559 -0.004253027 0.282938957
vn -0.9591284 -0.00341587188 0.2829505
vn -0.965361655 -0.007268616 0.260814071
vn -0.965361655 -0.007268616 0.260814071
vn -0.965361655 -0.007268616 0.260814071
vn -0.956649959 0.000822017959 -0.291239321
vn -0.956649959 0.000822017959 -0.291239321
vn -0.956649959 0.000822017959 -0.291239321
vn -0.956709146 -0.00349382148 -0.291024864
vn -0.956709146 -0.00349382148 -0.291024864
vn -0.956709146 -0.00349382148 -0.291024864
vn -0.9567007 0.0007898984 -0.291072547
vn -0.6323853 0.0128776338 -0.774547
vn -0.6323853 0.0128776338 -0.774547
vn -0.6323853 0.0128776338 -0.774547
vn -0.652655542 0.0185142532 -0.7574286
vn -0.652655542 0.0185142532 -0.7574286
vn -0.652655542 0.0185142532 -0.7574286
vn -0.6521969 0.06518347 -0.755242
vn -0.6521969 0.06518347 -0.755242
vn -0.6521969 0.06518347 -0.755242
vn -0.698159456 0.09104713 -0.7101294
vn -0.698159456 0.09104713 -0.7101294
vn -0.698159456 0.09104713 -0.7101294
vn -0.709255159 -0.1468317 -0.6894908
vn -0.709255159 -0.1468317 -0.6894908
vn -0.709255159 -0.1468317 -0.6894908
vn -0.880120158 -0.0002076487 -0.4747508
vn -0.880120158 -0.0002076487 -0.4747508
vn -0.880120158 -0.0002076487 -0.4747508
vn -0.841788352 0.00561653962 -0.5397785
vn -0.841788352 0.00561653962 -0.5397785
vn -0.841788352 0.00561653962 -0.5397785
vn -0.8385385 0.0562221557 -0.5419337
vn -0.8385385 0.0562221557 -0.5419337
vn -0.8385385 0.0562221557 -0.5419337
vn -0.8881616 0.0541133843 -0.456333935
vn -0.8881616 0.0541133843 -0.456333935
vn -0.8881616 0.0541133843 -0.456333935
vn -0.8962966 0.119062886 -0.427172571
vn -0.8962966 0.119062886 -0.427172571
vn -0.8962966 0.119062886 -0.427172571
vn 0.777618647 0.419424474 0.468393356
vn 0.777618647 0.419424474 0.468393356
vn 0.777618647 0.419424474 0.468393356
vn 0.7547284 0.3879253 0.529054761
vn 0.7547284 0.3879253 0.529054761
vn 0.7547284 0.3879253 0.529054761
vn 0.7643475 0.3706986 0.52759403
vn 0.7643475 0.3706986 0.52759403
vn 0.7643475 0.3706986 0.52759403
vn 0.7602154 -0.08362825 -0.6442661
vn 0.7602154 -0.08362825 -0.6442661
vn 0.7602154 -0.08362825 -0.6442661
vn 0.7298435 -0.0510113761 -0.681708455
vn 0.7298435 -0.0510113761 -0.681708455
vn 0.7298435 -0.0510113761 -0.681708455
vn 0.705889046 -0.1137612 -0.6991273
vn 0.705889046 -0.1137612 -0.6991273
vn 0.705889046 -0.1137612 -0.6991273
vn 0.6994837 -0.110550538 -0.706046045
vn 0.6994837 -0.110550538 -0.706046045
vn 0.6994837 -0.110550538 -0.706046045
vn 0.6917836 -0.140428171 -0.70831877
vn 0.6917836 -0.140428171 -0.70831877
vn 0.6917836 -0.140428171 -0.70831877
vn 0.6445183 -0.125887036 -0.7541542
vn 0.6445183 -0.125887036 -0.7541542
vn 0.6445183 -0.125887036 -0.7541542
vn 0.656199455 -0.3905601 -0.645651
vn 0.656199455 -0.3905601 -0.645651
vn 0.656199455 -0.3905601 -0.645651
vn 0.9407034 -0.0775010139 -0.330258369
vn 0.9407034 -0.0775010139 -0.330258369
vn 0.9407034 -0.0775010139 -0.330258369
vn 0.9955789 -0.0525508 0.0778530538
vn 0.9955789 -0.0525508 0.0778530538
vn 0.9955789 -0.0525508 0.0778530538
vn 0.992993236 -0.0184616763 0.1167202
vn 0.992993236 -0.0184616763 0.1167202
vn 0.992993236 -0.0184616763 0.1167202
vn 0.999790132 -0.00326268468 0.02022394
vn 0.999790132 -0.00326268468 0.02022394
vn 0.999790132 -0.00326268468 0.02022394
vn 0.9940926 0.106466204 0.0210909769
vn 0.9940926 0.106466204 0.0210909769
vn 0.9940926 0.106466204 0.0210909769
vn 0.9587942 0.1945584 0.207028076
vn 0.9587942 0.1945584 0.207028076
vn 0.9587942 0.1945584 0.207028076
vn 0.9523475 0.168308735 0.254374474
vn 0.9523475 0.168308735 0.254374474
vn 0.9523475 0.168308735 0.254374474
vn 0.912349463 -0.0496569 -0.406389862
vn 0.912349463 -0.0496569 -0.406389862
vn 0.912349463 -0.0496569 -0.406389862
vn 0.9071468 -0.06772059 -0.4153295
vn 0.9071468 -0.06772059 -0.4153295
vn 0.9071468 -0.06772059 -0.4153295
vn 0.919261932 -0.07548463 -0.386341363
vn 0.919261932 -0.07548463 -0.386341363
vn 0.919261932 -0.07548463 -0.386341363
vn 0.9238634 -0.0615861639 -0.3777347
vn 0.9238634 -0.0615861639 -0.3777347
vn 0.9238634 -0.0615861639 -0.3777347
vn 0.997644663 0.01282208 0.06738575
vn 0.997644663 0.01282208 0.06738575
vn 0.997644663 0.01282208 0.06738575
vn 0.9126938 0.1498467 0.380178839
vn 0.9126938 0.1498467 0.380178839
vn 0.9126938 0.1498467 0.380178839
vn 0.901831567 0.121828064 0.414557338
vn 0.901831567 0.121828064 0.414557338
vn 0.901831567 0.121828064 0.414557338
vn 0.9310017 0.06697885 0.358816922
vn 0.9310017 0.06697885 0.358816922
vn 0.9310017 0.06697885 0.358816922
vn 0.938358247 0.09653376 0.331911147
vn 0.938358247 0.09653376 0.331911147
vn 0.938358247 0.09653376 0.331911147
vn 0.954157233 0.0398522839 0.296640843
vn 0.954157233 0.0398522839 0.296640843
vn 0.954157233 0.0398522839 0.296640843
vn 0.9576529 0.0485545248 0.283801526
vn 0.9576529 0.0485545248 0.283801526
vn 0.9576529 0.0485545248 0.283801526
vn 0.956054032 -0.07906018 0.282329947
vn 0.956054032 -0.07906018 0.282329947
vn 0.956054032 -0.07906018 0.282329947
vn 0.92106086 -0.1495057 0.359575927
vn 0.92106086 -0.1495057 0.359575927
vn 0.92106086 -0.1495057 0.359575927
vn 0.922983944 -0.13135165 0.3617283
vn 0.922983944 -0.13135165 0.3617283
vn 0.922983944 -0.13135165 0.3617283
vn -0.275505066 -0.4259892 0.86176
vn -0.275505066 -0.4259892 0.86176
vn -0.275505066 -0.4259892 0.86176
vn -0.483606935 -0.610181 0.627537668
vn -0.483606935 -0.610181 0.627537668
vn -0.483606935 -0.610181 0.627537668
vn 0.6608098 -0.2640234 0.7025825
vn 0.6608098 -0.2640234 0.7025825
vn 0.6608098 -0.2640234 0.7025825
vn 0.663909554 0.07862799 0.7436678
vn 0.663909554 0.07862799 0.7436678
vn 0.663909554 0.07862799 0.7436678
vn 0.7361299 0.119698025 0.666172147
vn 0.7361299 0.119698025 0.666172147
vn 0.7361299 0.119698025 0.666172147
vn 0.736903369 0.107204773 0.6674433
vn 0.736903369 0.107204773 0.6674433
vn 0.736903369 0.107204773 0.6674433
vn 0.789683163 0.148762062 0.595206141
vn 0.789683163 0.148762062 0.595206141
vn 0.789683163 0.148762062 0.595206141
vn 0.792358339 0.111740373 0.5997353
vn 0.792358339 0.111740373 0.5997353
vn 0.792358339 0.111740373 0.5997353
vn 0.8350953 0.152120084 0.5286543
vn 0.8350953 0.152120084 0.5286543
vn 0.8350953 0.152120084 0.5286543
vn 0.835386753 0.1487583 0.5291501
vn 0.835386753 0.1487583 0.5291501
vn 0.835386753 0.1487583 0.5291501
vn 0.824543 0.135563523 0.549319
vn 0.824543 0.135563523 0.549319
vn 0.824543 0.135563523 0.549319
vn 0.8233276 0.145195439 0.5486802
vn 0.8233276 0.145195439 0.5486802
vn 0.8233276 0.145195439 0.5486802
vn 0.9977498 -0.00114876428 0.0670372546
vn 0.9977498 -0.00114876428 0.0670372546
vn 0.9977498 -0.00114876428 0.0670372546
vn 0.823145032 0.14432247 -0.5491841
vn 0.823145032 0.14432247 -0.5491841
vn 0.823145032 0.14432247 -0.5491841
vn 0.8242665 0.135408267 -0.549771965
vn 0.8242665 0.135408267 -0.549771965
vn 0.8242665 0.135408267 -0.549771965
vn 0.835239649 0.1487417 -0.529387
vn 0.835239649 0.1487417 -0.529387
vn 0.835239649 0.1487417 -0.529387
vn 0.8349172 0.152400538 -0.5288548
vn 0.8349172 0.152400538 -0.5288548
vn 0.8349172 0.152400538 -0.5288548
vn 0.792210937 0.111988008 -0.5998837
vn 0.792210937 0.111988008 -0.5998837
vn 0.792210937 0.111988008 -0.5998837
vn 0.789570332 0.14855884 -0.5954065
vn 0.789570332 0.14855884 -0.5954065
vn 0.789570332 0.14855884 -0.5954065
vn 0.7372076 0.107310392 -0.6670903
vn 0.7372076 0.107310392 -0.6670903
vn 0.7372076 0.107310392 -0.6670903
vn 0.7364513 0.119619586 -0.6658308
vn 0.7364513 0.119619586 -0.6658308
vn 0.7364513 0.119619586 -0.6658308
vn 0.663940847 0.078378886 -0.7436661
vn 0.663940847 0.078378886 -0.7436661
vn 0.663940847 0.078378886 -0.7436661
vn 0.660820067 -0.2640138 -0.7025763
vn 0.660820067 -0.2640138 -0.7025763
vn 0.660820067 -0.2640138 -0.7025763
vn -0.483341217 -0.6103313 -0.62759614
vn -0.483341217 -0.6103313 -0.62759614
vn -0.483341217 -0.6103313 -0.62759614
vn -0.274993837 -0.425676584 -0.8620776
vn -0.274993837 -0.425676584 -0.8620776
vn -0.274993837 -0.425676584 -0.8620776
vn 0.9228895 -0.131366327 -0.361963779
vn 0.9228895 -0.131366327 -0.361963779
vn 0.9228895 -0.131366327 -0.361963779
vn 0.920959353 -0.149549916 -0.3598178
vn 0.920959353 -0.149549916 -0.3598178
vn 0.920959353 -0.149549916 -0.3598178
vn 0.9560169 -0.07903745 -0.28246215
vn 0.9560169 -0.07903745 -0.28246215
vn 0.9560169 -0.07903745 -0.28246215
vn 0.957612157 0.04857766 -0.28393504
vn 0.957612157 0.04857766 -0.28393504
vn 0.957612157 0.04857766 -0.28393504
vn 0.954102337 0.03985143 -0.296817482
vn 0.954102337 0.03985143 -0.296817482
vn 0.954102337 0.03985143 -0.296817482
vn 0.9383263 0.0964285657 -0.332031876
vn 0.9383263 0.0964285657 -0.332031876
vn 0.9383263 0.0964285657 -0.332031876
vn 0.930987537 0.0669589862 -0.3588574
vn 0.930987537 0.0669589862 -0.3588574
vn 0.930987537 0.0669589862 -0.3588574
vn 0.901651561 0.122083746 -0.4148735
vn 0.901651561 0.122083746 -0.4148735
vn 0.901651561 0.122083746 -0.4148735
vn 0.9124206 0.1498023 -0.380851537
vn 0.9124206 0.1498023 -0.380851537
vn 0.9124206 0.1498023 -0.380851537
vn 0.9977438 -0.00114692689 -0.06712644
vn 0.9977438 -0.00114692689 -0.06712644
vn 0.9977438 -0.00114692689 -0.06712644
vn -0.777618647 0.419424474 0.468393356
vn -0.777618647 0.419424474 0.468393356
vn -0.777618647 0.419424474 0.468393356
vn -0.754728436 0.387925357 0.5290548
vn -0.754728436 0.387925357 0.5290548
vn -0.754728436 0.387925357 0.5290548
vn -0.7643475 0.3706986 0.527594
vn -0.7643475 0.3706986 0.527594
vn -0.7643475 0.3706986 0.527594
vn -0.760215342 -0.08362824 -0.6442662
vn -0.760215342 -0.08362824 -0.6442662
vn -0.760215342 -0.08362824 -0.6442662
vn -0.7298435 -0.0510114 -0.681708455
vn -0.7298435 -0.0510114 -0.681708455
vn -0.7298435 -0.0510114 -0.681708455
vn -0.705889046 -0.113761209 -0.6991274
vn -0.705889046 -0.113761209 -0.6991274
vn -0.705889046 -0.113761209 -0.6991274
vn -0.6994837 -0.110550545 -0.706046045
vn -0.6994837 -0.110550545 -0.706046045
vn -0.6994837 -0.110550545 -0.706046045
vn -0.6917836 -0.140428171 -0.70831877
vn -0.6917836 -0.140428171 -0.70831877
vn -0.6917836 -0.140428171 -0.70831877
vn -0.6445183 -0.125887021 -0.754154146
vn -0.6445183 -0.125887021 -0.754154146
vn -0.6445183 -0.125887021 -0.754154146
vn -0.656199455 -0.390559942 -0.645651
vn -0.656199455 -0.390559942 -0.645651
vn -0.656199455 -0.390559942 -0.645651
vn -0.9407034 -0.0775010139 -0.330258429
vn -0.9407034 -0.0775010139 -0.330258429
vn -0.9407034 -0.0775010139 -0.330258429
vn -0.995578766 -0.0525506921 0.07785404
vn -0.995578766 -0.0525506921 0.07785404
vn -0.995578766 -0.0525506921 0.07785404
vn -0.9929962 -0.0184472818 0.116697505
vn -0.9929962 -0.0184472818 0.116697505
vn -0.9929962 -0.0184472818 0.116697505
vn -0.999790132 -0.00326215918 0.02022408
vn -0.999790132 -0.00326215918 0.02022408
vn -0.999790132 -0.00326215918 0.02022408
vn -0.9940926 0.106466286 0.0210911147
vn -0.9940926 0.106466286 0.0210911147
vn -0.9940926 0.106466286 0.0210911147
vn -0.958794236 0.194558382 0.207028076
vn -0.958794236 0.194558382 0.207028076
vn -0.958794236 0.194558382 0.207028076
vn -0.9523475 0.16830872 0.2543745
vn -0.9523475 0.16830872 0.2543745
vn -0.9523475 0.16830872 0.2543745
vn -0.912349463 -0.0496569239 -0.406389952
vn -0.912349463 -0.0496569239 -0.406389952
vn -0.912349463 -0.0496569239 -0.406389952
vn -0.9071468 -0.06772061 -0.415329516
vn -0.9071468 -0.06772061 -0.415329516
vn -0.9071468 -0.06772061 -0.415329516
vn -0.9192619 -0.0754846558 -0.386341423
vn -0.9192619 -0.0754846558 -0.386341423
vn -0.9192619 -0.0754846558 -0.386341423
vn -0.9238635 -0.0615861751 -0.377734751
vn -0.9238635 -0.0615861751 -0.377734751
vn -0.9238635 -0.0615861751 -0.377734751
vn -0.997644663 0.0128220487 0.06738572
vn -0.997644663 0.0128220487 0.06738572
vn -0.997644663 0.0128220487 0.06738572
vn -0.9126938 0.149846748 0.380178928
vn -0.9126938 0.149846748 0.380178928
vn -0.9126938 0.149846748 0.380178928
vn -0.901831567 0.121828064 0.4145574
vn -0.901831567 0.121828064 0.4145574
vn -0.901831567 0.121828064 0.4145574
vn -0.9310017 0.06697876 0.3588169
vn -0.9310017 0.06697876 0.3588169
vn -0.9310017 0.06697876 0.3588169
vn -0.9383583 0.0965337753 0.331911027
vn -0.9383583 0.0965337753 0.331911027
vn -0.9383583 0.0965337753 0.331911027
vn -0.954157233 0.03985236 0.296640784
vn -0.954157233 0.03985236 0.296640784
vn -0.954157233 0.03985236 0.296640784
vn -0.957652867 0.04855451 0.283801556
vn -0.957652867 0.04855451 0.283801556
vn -0.957652867 0.04855451 0.283801556
vn -0.956054032 -0.07906025 0.282330036
vn -0.956054032 -0.07906025 0.282330036
vn -0.956054032 -0.07906025 0.282330036
vn -0.9210609 -0.14950566 0.3595759
vn -0.9210609 -0.14950566 0.3595759
vn -0.9210609 -0.14950566 0.3595759
vn -0.922983944 -0.13135165 0.361728281
vn -0.922983944 -0.13135165 0.361728281
vn -0.922983944 -0.13135165 0.361728281
vn 0.275505 -0.425989151 0.8617599
vn 0.275505 -0.425989151 0.8617599
vn 0.275505 -0.425989151 0.8617599
vn 0.483606845 -0.610181 0.627537668
vn 0.483606845 -0.610181 0.627537668
vn 0.483606845 -0.610181 0.627537668
vn -0.6608098 -0.2640234 0.7025825
vn -0.6608098 -0.2640234 0.7025825
vn -0.6608098 -0.2640234 0.7025825
vn -0.6639095 0.07862799 0.7436678
vn -0.6639095 0.07862799 0.7436678
vn -0.6639095 0.07862799 0.7436678
vn -0.7361298 0.11969801 0.666172147
vn -0.7361298 0.11969801 0.666172147
vn -0.7361298 0.11969801 0.666172147
vn -0.736903369 0.10720478 0.667443335
vn -0.736903369 0.10720478 0.667443335
vn -0.736903369 0.10720478 0.667443335
vn -0.789683163 0.148762062 0.5952062
vn -0.789683163 0.148762062 0.5952062
vn -0.789683163 0.148762062 0.5952062
vn -0.7923584 0.111740373 0.5997353
vn -0.7923584 0.111740373 0.5997353
vn -0.7923584 0.111740373 0.5997353
vn -0.835095346 0.152120084 0.5286543
vn -0.835095346 0.152120084 0.5286543
vn -0.835095346 0.152120084 0.5286543
vn -0.957612157 0.0485776737 -0.2839351
vn -0.957612157 0.0485776737 -0.2839351
vn -0.957612157 0.0485776737 -0.2839351
vn -0.9541024 0.03985151 -0.296817452
vn -0.9541024 0.03985151 -0.296817452
vn -0.9541024 0.03985151 -0.296817452
vn -0.9383263 0.09642852 -0.332031757
vn -0.9383263 0.09642852 -0.332031757
vn -0.9383263 0.09642852 -0.332031757
vn -0.930987537 0.0669589043 -0.3588574
vn -0.930987537 0.0669589043 -0.3588574
vn -0.930987537 0.0669589043 -0.3588574
vn -0.901651561 0.122083776 -0.41487357
vn -0.901651561 0.122083776 -0.41487357
vn -0.901651561 0.122083776 -0.41487357
vn -0.9124206 0.149802327 -0.380851626
vn -0.9124206 0.149802327 -0.380851626
vn -0.9124206 0.149802327 -0.380851626
vn -0.997743845 -0.00114701572 -0.0671262443
vn -0.997743845 -0.00114701572 -0.0671262443
vn -0.997743845 -0.00114701572 -0.0671262443
vn -0.9977498 -0.0011488524 0.06703706
vn -0.9977498 -0.0011488524 0.06703706
vn -0.9977498 -0.0011488524 0.06703706
vn -0.8353868 0.1487583 0.5291501
vn -0.8353868 0.1487583 0.5291501
vn -0.8353868 0.1487583 0.5291501
vn -0.824543 0.1355635 0.5493191
vn -0.824543 0.1355635 0.5493191
vn -0.824543 0.1355635 0.5493191
vn -0.8233276 0.145195425 0.5486802
vn -0.8233276 0.145195425 0.5486802
vn -0.8233276 0.145195425 0.5486802
vn -0.823145151 0.144322455 -0.5491841
vn -0.823145151 0.144322455 -0.5491841
vn -0.823145151 0.144322455 -0.5491841
vn -0.8242665 0.135408252 -0.549772
vn -0.8242665 0.135408252 -0.549772
vn -0.8242665 0.135408252 -0.549772
vn -0.8352397 0.148741737 -0.529387
vn -0.8352397 0.148741737 -0.529387
vn -0.8352397 0.148741737 -0.529387
vn -0.8349172 0.152400538 -0.5288547
vn -0.8349172 0.152400538 -0.5288547
vn -0.8349172 0.152400538 -0.5288547
vn -0.792210937 0.111987986 -0.5998837
vn -0.792210937 0.111987986 -0.5998837
vn -0.792210937 0.111987986 -0.5998837
vn -0.7895704 0.148558825 -0.5954065
vn -0.7895704 0.148558825 -0.5954065
vn -0.7895704 0.148558825 -0.5954065
vn -0.7372076 0.107310385 -0.6670903
vn -0.7372076 0.107310385 -0.6670903
vn -0.7372076 0.107310385 -0.6670903
vn -0.736451268 0.1196196 -0.665830731
vn -0.736451268 0.1196196 -0.665830731
vn -0.736451268 0.1196196 -0.665830731
vn -0.663940847 0.07837888 -0.7436661
vn -0.663940847 0.07837888 -0.7436661
vn -0.663940847 0.07837888 -0.7436661
vn -0.660820067 -0.2640138 -0.702576339
vn -0.660820067 -0.2640138 -0.702576339
vn -0.660820067 -0.2640138 -0.702576339
vn 0.483341217 -0.610331237 -0.6275962
vn 0.483341217 -0.610331237 -0.6275962
vn 0.483341217 -0.610331237 -0.6275962
vn 0.274993926 -0.425676584 -0.8620776
vn 0.274993926 -0.425676584 -0.8620776
vn 0.274993926 -0.425676584 -0.8620776
vn -0.9228896 -0.131366342 -0.3619638
vn -0.9228896 -0.131366342 -0.3619638
vn -0.9228896 -0.131366342 -0.3619638
vn -0.9209592 -0.149549931 -0.359817773
vn -0.9209592 -0.149549931 -0.359817773
vn -0.9209592 -0.149549931 -0.359817773
vn -0.9560169 -0.0790375 -0.28246215
vn -0.9560169 -0.0790375 -0.28246215
vn -0.9560169 -0.0790375 -0.28246215
vn -0.513973236 -0.6179556 0.594947338
vn -0.513973236 -0.6179556 0.594947338
vn -0.513973236 -0.6179556 0.594947338
vn -0.663071334 -0.3200263 0.676697552
vn -0.663071334 -0.3200263 0.676697552
vn -0.663071334 -0.3200263 0.676697552
vn -0.695529759 -0.6109219 0.3781704
vn -0.695529759 -0.6109219 0.3781704
vn -0.695529759 -0.6109219 0.3781704
vn -0.722494245 -0.68563 -0.08895888
vn -0.722494245 -0.68563 -0.08895888
vn -0.722494245 -0.68563 -0.08895888
vn -0.760911167 -0.643274248 0.08492507
vn -0.760911167 -0.643274248 0.08492507
vn -0.760911167 -0.643274248 0.08492507
vn 0.98349005 -0.1662435 0.07148683
vn 0.98349005 -0.1662435 0.07148683
vn 0.98349005 -0.1662435 0.07148683
vn 0.9206959 -0.217132628 -0.3243032
vn 0.9206959 -0.217132628 -0.3243032
vn 0.9206959 -0.217132628 -0.3243032
vn 0.539955139 -0.340145022 -0.7699025
vn 0.539955139 -0.340145022 -0.7699025
vn 0.539955139 -0.340145022 -0.7699025
vn -0.6410778 0.5108232 0.5727817
vn -0.6410778 0.5108232 0.5727817
vn -0.6410778 0.5108232 0.5727817
vn 0.98523 0.171129838 0.00602869969
vn 0.98523 0.171129838 0.00602869969
vn 0.98523 0.171129838 0.00602869969
vn 0.9990244 -0.0105596762 -0.04288266
vn 0.9990244 -0.0105596762 -0.04288266
vn 0.9990244 -0.0105596762 -0.04288266
vn 0.9987881 -0.00259482651 -0.0491475761
vn 0.9987881 -0.00259482651 -0.0491475761
vn 0.9987881 -0.00259482651 -0.0491475761
vn 0.9998984 -0.0138610695 -0.003326283
vn 0.9998984 -0.0138610695 -0.003326283
vn 0.9998984 -0.0138610695 -0.003326283
vn 0.999912262 -0.0100252023 -0.008654605
vn 0.999912262 -0.0100252023 -0.008654605
vn 0.999912262 -0.0100252023 -0.008654605
vn 0.999229252 -0.0006312922 -0.03924961
vn 0.999229252 -0.0006312922 -0.03924961
vn 0.999229252 -0.0006312922 -0.03924961
vn 0.373298764 -0.06188443 0.925644755
vn 0.373298764 -0.06188443 0.925644755
vn 0.373298764 -0.06188443 0.925644755
vn -0.894840658 -0.08418685 -0.4383751
vn -0.894840658 -0.08418685 -0.4383751
vn -0.894840658 -0.08418685 -0.4383751
vn -0.8953694 0.00230786228 -0.4453182
vn -0.8953694 0.00230786228 -0.4453182
vn -0.8953694 0.00230786228 -0.4453182
vn -0.8995039 0.004678878 -0.4368879
vn -0.8995039 0.004678878 -0.4368879
vn -0.8995039 0.004678878 -0.4368879
vn -0.8880704 0.05614633 -0.456265748
vn -0.8880704 0.05614633 -0.456265748
vn -0.8880704 0.05614633 -0.456265748
vn -0.471206665 0.200708389 0.858883262
vn -0.471206665 0.200708389 0.858883262
vn -0.471206665 0.200708389 0.858883262
vn -0.5232059 -0.0741523355 0.848974168
vn -0.5232059 -0.0741523355 0.848974168
vn -0.5232059 -0.0741523355 0.848974168
vn -0.5513121 -0.09985268 0.8283021
vn -0.5513121 -0.09985268 0.8283021
vn -0.5513121 -0.09985268 0.8283021
vn -0.556177258 -0.14342472 0.818594158
vn -0.556177258 -0.14342472 0.818594158
vn -0.556177258 -0.14342472 0.818594158
vn -0.7159987 -0.322030336 0.6193887
vn -0.7159987 -0.322030336 0.6193887
vn -0.7159987 -0.322030336 0.6193887
vn -0.6860749 -0.027059067 0.727027535
vn -0.6860749 -0.027059067 0.727027535
vn -0.6860749 -0.027059067 0.727027535
vn -0.5424609 -0.246902436 0.8029791
vn -0.5424609 -0.246902436 0.8029791
vn -0.5424609 -0.246902436 0.8029791
vn -0.54871 -0.322697073 0.771222353
vn -0.54871 -0.322697073 0.771222353
vn -0.54871 -0.322697073 0.771222353
vn -0.474184483 -0.4139054 0.777066
vn -0.474184483 -0.4139054 0.777066
vn -0.474184483 -0.4139054 0.777066
vn -0.999218345 -0.0006192812 -0.0395253934
vn -0.999218345 -0.0006192812 -0.0395253934
vn -0.999218345 -0.0006192812 -0.0395253934
vn -0.9999126 -0.0101653235 -0.008451016
vn -0.9999126 -0.0101653235 -0.008451016
vn -0.9999126 -0.0101653235 -0.008451016
vn -0.999898434 -0.0138652688 -0.00330897118
vn -0.999898434 -0.0138652688 -0.00330897118
vn -0.999898434 -0.0138652688 -0.00330897118
vn -0.9987881 -0.002594789 -0.0491475277
vn -0.9987881 -0.002594789 -0.0491475277
vn -0.9987881 -0.002594789 -0.0491475277
vn -0.9990244 -0.0105596026 -0.0428826362
vn -0.9990244 -0.0105596026 -0.0428826362
vn -0.9990244 -0.0105596026 -0.0428826362
vn -0.98523 0.171129733 0.006028667
vn -0.98523 0.171129733 0.006028667
vn -0.98523 0.171129733 0.006028667
vn -0.9982764 -0.005399094 0.05843794
vn -0.9982764 -0.005399094 0.05843794
vn -0.9982764 -0.005399094 0.05843794
vn -0.996305645 0.0249783434 0.08216596
vn -0.996305645 0.0249783434 0.08216596
vn -0.996305645 0.0249783434 0.08216596
vn -0.8928576 -0.293289751 0.341740251
vn -0.8928576 -0.293289751 0.341740251
vn -0.8928576 -0.293289751 0.341740251
vn -0.5850641 0.574755549 -0.57215035
vn -0.5850641 0.574755549 -0.57215035
vn -0.5850641 0.574755549 -0.57215035
vn -0.860749245 0.400740385 0.313875735
vn -0.860749245 0.400740385 0.313875735
vn -0.860749245 0.400740385 0.313875735
vn 0.832649648 -0.196211427 -0.517876148
vn 0.832649648 -0.196211427 -0.517876148
vn 0.832649648 -0.196211427 -0.517876148
vn -0.8132022 0.0904576 0.574908257
vn -0.8132022 0.0904576 0.574908257
vn -0.8132022 0.0904576 0.574908257
vn -0.996938169 -0.025980914 0.07375167
vn -0.996938169 -0.025980914 0.07375167
vn -0.996938169 -0.025980914 0.07375167
vn -0.9973944 -0.0721030757 0.002369695
vn -0.9973944 -0.0721030757 0.002369695
vn -0.9973944 -0.0721030757 0.002369695
vn -0.999120057 -0.024573667 0.03398788
vn -0.999120057 -0.024573667 0.03398788
vn -0.999120057 -0.024573667 0.03398788
vn -0.9975421 -0.0517171547 -0.04727695
vn -0.9975421 -0.0517171547 -0.04727695
vn -0.9975421 -0.0517171547 -0.04727695
vn -0.9997213 0.0144671351 0.0186527465
vn -0.9997213 0.0144671351 0.0186527465
vn -0.9997213 0.0144671351 0.0186527465
vn -0.9996321 0.0068884925 -0.02623162
vn -0.9996321 0.0068884925 -0.02623162
vn -0.9996321 0.0068884925 -0.02623162
vn -0.9981083 -0.0340471566 -0.05118985
vn -0.9981083 -0.0340471566 -0.05118985
vn -0.9981083 -0.0340471566 -0.05118985
vn -0.3021767 -0.07990584 -0.949897
vn -0.3021767 -0.07990584 -0.949897
vn -0.3021767 -0.07990584 -0.949897
vn 0.302176684 -0.07990581 -0.949897
vn 0.302176684 -0.07990581 -0.949897
vn 0.302176684 -0.07990581 -0.949897
vn -0.8946686 -0.08077552 0.439367145
vn -0.8946686 -0.08077552 0.439367145
vn -0.8946686 -0.08077552 0.439367145
vn -0.8955968 0.002419233 0.4448601
vn -0.8955968 0.002419233 0.4448601
vn -0.8955968 0.002419233 0.4448601
vn -0.899523556 0.004662572 0.436847448
vn -0.899523556 0.004662572 0.436847448
vn -0.899523556 0.004662572 0.436847448
vn -0.8879516 0.05669314 0.456429332
vn -0.8879516 0.05669314 0.456429332
vn -0.8879516 0.05669314 0.456429332
vn -0.5659178 0.7199664 0.4017279
vn -0.5659178 0.7199664 0.4017279
vn -0.5659178 0.7199664 0.4017279
vn -0.6917234 -0.14070107 0.708323359
vn -0.6917234 -0.14070107 0.708323359
vn -0.6917234 -0.14070107 0.708323359
vn -0.6700867 0.499978781 -0.5486392
vn -0.6700867 0.499978781 -0.5486392
vn -0.6700867 0.499978781 -0.5486392
vn -0.5843376 0.391313523 -0.7109313
vn -0.5843376 0.391313523 -0.7109313
vn -0.5843376 0.391313523 -0.7109313
vn -0.608141661 0.778244555 -0.156522185
vn -0.608141661 0.778244555 -0.156522185
vn -0.608141661 0.778244555 -0.156522185
vn 0.544487 -0.0026796225 -0.838764966
vn 0.544487 -0.0026796225 -0.838764966
vn 0.544487 -0.0026796225 -0.838764966
vn 0.555882 0.0286410674 -0.8307677
vn 0.555882 0.0286410674 -0.8307677
vn 0.555882 0.0286410674 -0.8307677
vn 0.529840648 0.134363219 -0.8373861
vn 0.529840648 0.134363219 -0.8373861
vn 0.529840648 0.134363219 -0.8373861
vn 0.498462379 -0.443345338 -0.744969845
vn 0.498462379 -0.443345338 -0.744969845
vn 0.498462379 -0.443345338 -0.744969845
vn 0.4292303 -0.8915528 -0.144550592
vn 0.4292303 -0.8915528 -0.144550592
vn 0.4292303 -0.8915528 -0.144550592
vn 0.362189978 -0.812058449 -0.4575801
vn 0.362189978 -0.812058449 -0.4575801
vn 0.362189978 -0.812058449 -0.4575801
vn 0.376522571 -0.9058819 -0.193930134
vn 0.376522571 -0.9058819 -0.193930134
vn 0.376522571 -0.9058819 -0.193930134
vn 0.9982302 -0.0592483133 -0.00509867538
vn 0.9982302 -0.0592483133 -0.00509867538
vn 0.9982302 -0.0592483133 -0.00509867538
vn 0.998230159 0.017814653 0.05673834
vn 0.998230159 0.017814653 0.05673834
vn 0.998230159 0.017814653 0.05673834
vn 0.0291102156 -0.6265254 0.778857231
vn 0.0291102156 -0.6265254 0.778857231
vn 0.0291102156 -0.6265254 0.778857231
vn 0.68651104 0.2790481 -0.67144233
vn 0.68651104 0.2790481 -0.67144233
vn 0.68651104 0.2790481 -0.67144233
vn -0.8874313 0.150843471 0.4355593
vn -0.8874313 0.150843471 0.4355593
vn -0.8874313 0.150843471 0.4355593
vn -0.8666066 -0.316674829 0.3856294
vn -0.8666066 -0.316674829 0.3856294
vn -0.8666066 -0.316674829 0.3856294
vn 0.950005 -0.08761498 0.299690038
vn 0.950005 -0.08761498 0.299690038
vn 0.950005 -0.08761498 0.299690038
vn 0.946939051 -0.151615843 0.283406168
vn 0.946939051 -0.151615843 0.283406168
vn 0.946939051 -0.151615843 0.283406168
vn 0.9512764 -0.13707085 0.2761967
vn 0.9512764 -0.13707085 0.2761967
vn 0.9512764 -0.13707085 0.2761967
vn 0.9651907 -0.19746685 0.1715046
vn 0.9651907 -0.19746685 0.1715046
vn 0.9651907 -0.19746685 0.1715046
vn 0.966956854 -0.0419540554 0.251464
vn 0.966956854 -0.0419540554 0.251464
vn 0.966956854 -0.0419540554 0.251464
vn 0.975612 0.0967166349 -0.197046176
vn 0.975612 0.0967166349 -0.197046176
vn 0.975612 0.0967166349 -0.197046176
vn 0.949321151 0.07251042 -0.305829257
vn 0.949321151 0.07251042 -0.305829257
vn 0.949321151 0.07251042 -0.305829257
vn 0.7058893 -0.113761127 0.6991271
vn 0.7058893 -0.113761127 0.6991271
vn 0.7058893 -0.113761127 0.6991271
vn -0.4588251 0.715201557 -0.527225137
vn -0.4588251 0.715201557 -0.527225137
vn -0.4588251 0.715201557 -0.527225137
vn -0.5771487 0.7694781 0.273501217
vn -0.5771487 0.7694781 0.273501217
vn -0.5771487 0.7694781 0.273501217
vn -0.4527193 0.8916523 -0.0012515526
vn -0.4527193 0.8916523 -0.0012515526
vn -0.4527193 0.8916523 -0.0012515526
vn -0.768048048 -0.107415043 0.631319344
vn -0.768048048 -0.107415043 0.631319344
vn -0.768048048 -0.107415043 0.631319344
vn 0.5204184 -0.05947847 -0.851837456
vn 0.5204184 -0.05947847 -0.851837456
vn 0.5204184 -0.05947847 -0.851837456
vn -0.53434 0.347484738 0.770542
vn -0.53434 0.347484738 0.770542
vn -0.53434 0.347484738 0.770542
vn -0.39926362 0.633295655 0.6629669
vn -0.39926362 0.633295655 0.6629669
vn -0.39926362 0.633295655 0.6629669
vn -0.449000955 -0.0513282567 0.89205575
vn -0.449000955 -0.0513282567 0.89205575
vn -0.449000955 -0.0513282567 0.89205575
vn -0.389410943 0.0594913624 0.9191409
vn -0.389410943 0.0594913624 0.9191409
vn -0.389410943 0.0594913624 0.9191409
vn -0.38865146 -0.474066973 0.79007
vn -0.38865146 -0.474066973 0.79007
vn -0.38865146 -0.474066973 0.79007
vn -0.349308938 -0.405635417 0.8446557
vn -0.349308938 -0.405635417 0.8446557
vn -0.349308938 -0.405635417 0.8446557
vn -0.351459056 -0.733638763 0.5815933
vn -0.351459056 -0.733638763 0.5815933
vn -0.351459056 -0.733638763 0.5815933
vn -0.1288521 -0.515040934 0.8474255
vn -0.1288521 -0.515040934 0.8474255
vn -0.1288521 -0.515040934 0.8474255
vn 0.5659178 0.7199665 0.401727974
vn 0.5659178 0.7199665 0.401727974
vn 0.5659178 0.7199665 0.401727974
vn -0.5204184 -0.05947848 -0.851837337
vn -0.5204184 -0.05947848 -0.851837337
vn -0.5204184 -0.05947848 -0.851837337
vn -0.9651906 -0.197466865 0.171504647
vn -0.9651906 -0.197466865 0.171504647
vn -0.9651906 -0.197466865 0.171504647
vn -0.9512764 -0.137070879 0.276196778
vn -0.9512764 -0.137070879 0.276196778
vn -0.9512764 -0.137070879 0.276196778
vn -0.975612 0.0967166647 -0.197046235
vn -0.975612 0.0967166647 -0.197046235
vn -0.975612 0.0967166647 -0.197046235
vn -0.949321151 0.07251044 -0.305829316
vn -0.949321151 0.07251044 -0.305829316
vn -0.949321151 0.07251044 -0.305829316
vn -0.9492664 0.08966484 -0.301419437
vn -0.9492664 0.08966484 -0.301419437
vn -0.9492664 0.08966484 -0.301419437
vn 0.81591624 0.2828529 0.504256845
vn 0.81591624 0.2828529 0.504256845
vn 0.81591624 0.2828529 0.504256845
vn 0.8540711 -0.2728367 0.442857385
vn 0.8540711 -0.2728367 0.442857385
vn 0.8540711 -0.2728367 0.442857385
vn 0.8956179 -0.3733302 0.241853744
vn 0.8956179 -0.3733302 0.241853744
vn 0.8956179 -0.3733302 0.241853744
vn 0.8928576 -0.293289781 0.341740251
vn 0.8928576 -0.293289781 0.341740251
vn 0.8928576 -0.293289781 0.341740251
vn 0.853208244 0.477729261 0.20930934
vn 0.853208244 0.477729261 0.20930934
vn 0.853208244 0.477729261 0.20930934
vn 0.8521488 0.4648065 0.2404109
vn 0.8521488 0.4648065 0.2404109
vn 0.8521488 0.4648065 0.2404109
vn -0.834270537 -0.209731311 -0.509907365
vn -0.834270537 -0.209731311 -0.509907365
vn -0.834270537 -0.209731311 -0.509907365
vn 0.8132022 0.0904576257 0.574908257
vn 0.8132022 0.0904576257 0.574908257
vn 0.8132022 0.0904576257 0.574908257
vn 0.7298437 -0.05101155 0.6817083
vn 0.7298437 -0.05101155 0.6817083
vn 0.7298437 -0.05101155 0.6817083
vn 0.760216 -0.08362895 0.6442653
vn 0.760216 -0.08362895 0.6442653
vn 0.760216 -0.08362895 0.6442653
vn 0.7643159 0.370706975 -0.527633846
vn 0.7643159 0.370706975 -0.527633846
vn 0.7643159 0.370706975 -0.527633846
vn 0.7546809 0.387958854 -0.529098
vn 0.7546809 0.387958854 -0.529098
vn 0.7546809 0.387958854 -0.529098
vn 0.7776277 0.419545174 -0.468270332
vn 0.7776277 0.419545174 -0.468270332
vn 0.7776277 0.419545174 -0.468270332
vn 0.9940956 0.106445566 -0.0210512634
vn 0.9940956 0.106445566 -0.0210512634
vn 0.9940956 0.106445566 -0.0210512634
vn 0.958793 0.194560528 -0.207032084
vn 0.958793 0.194560528 -0.207032084
vn 0.958793 0.194560528 -0.207032084
vn 0.9976423 0.0128570842 -0.06741434
vn 0.9976423 0.0128570842 -0.06741434
vn 0.9976423 0.0128570842 -0.06741434
vn 0.9193833 -0.07555844 0.386037946
vn 0.9193833 -0.07555844 0.386037946
vn 0.9193833 -0.07555844 0.386037946
vn 0.888114452 0.0560419224 0.456192881
vn 0.888114452 0.0560419224 0.456192881
vn 0.888114452 0.0560419224 0.456192881
vn -0.805256 0.0440621935 0.591287732
vn -0.805256 0.0440621935 0.591287732
vn -0.805256 0.0440621935 0.591287732
vn -0.799674749 0.08876064 0.5938365
vn -0.799674749 0.08876064 0.5938365
vn -0.799674749 0.08876064 0.5938365
vn -0.8143829 0.122558892 0.5672388
vn -0.8143829 0.122558892 0.5672388
vn -0.8143829 0.122558892 0.5672388
vn -0.950005 -0.0876150653 0.2996901
vn -0.950005 -0.0876150653 0.2996901
vn -0.950005 -0.0876150653 0.2996901
vn -0.966957033 -0.0419540629 0.251464039
vn -0.966957033 -0.0419540629 0.251464039
vn -0.966957033 -0.0419540629 0.251464039
vn -0.946939 -0.151615888 0.283406258
vn -0.946939 -0.151615888 0.283406258
vn -0.946939 -0.151615888 0.283406258
vn 0.899523556 0.00466257147 0.4368474
vn 0.899523556 0.00466257147 0.4368474
vn 0.899523556 0.00466257147 0.4368474
vn -0.8149159 0.173332781 0.5530531
vn -0.8149159 0.173332781 0.5530531
vn -0.8149159 0.173332781 0.5530531
vn -0.7949129 0.236929938 0.5585496
vn -0.7949129 0.236929938 0.5585496
vn -0.7949129 0.236929938 0.5585496
vn 0.8870116 -0.200910762 -0.415746659
vn 0.8870116 -0.200910762 -0.415746659
vn 0.8870116 -0.200910762 -0.415746659
vn 0.9520161 -0.154636309 -0.264107823
vn 0.9520161 -0.154636309 -0.264107823
vn 0.9520161 -0.154636309 -0.264107823
vn 0.7652739 -0.6124083 0.198272347
vn 0.7652739 -0.6124083 0.198272347
vn 0.7652739 -0.6124083 0.198272347
vn 0.9240296 -0.0615046471 0.3773415
vn 0.9240296 -0.0615046471 0.3773415
vn 0.9240296 -0.0615046471 0.3773415
vn -0.6930451 0.17373164 -0.699647
vn -0.6930451 0.17373164 -0.699647
vn -0.6930451 0.17373164 -0.699647
vn -0.6935486 0.174159 -0.6990414
vn -0.7848254 -0.144044936 0.602743864
vn -0.7848254 -0.144044936 0.602743864
vn -0.7848254 -0.144044936 0.602743864
vn -0.692437947 0.252453476 -0.675867438
vn -0.692437947 0.252453476 -0.675867438
vn -0.692437947 0.252453476 -0.675867438
vn -0.694612563 0.2539327 -0.6730762
vn -0.694612563 0.2539327 -0.6730762
vn -0.694612563 0.2539327 -0.6730762
vn 0.8955968 0.00241923379 0.444860131
vn 0.8955968 0.00241923379 0.444860131
vn 0.8955968 0.00241923379 0.444860131
vn 0.6445137 -0.125876129 0.754160047
vn 0.6445137 -0.125876129 0.754160047
vn 0.6445137 -0.125876129 0.754160047
vn 0.6563894 -0.390449166 0.6455249
vn 0.6563894 -0.390449166 0.6455249
vn 0.6563894 -0.390449166 0.6455249
vn 0.73012954 -0.253129333 0.634693861
vn 0.73012954 -0.253129333 0.634693861
vn 0.73012954 -0.253129333 0.634693861
vn 0.777409256 -0.1958967 -0.5977117
vn 0.777409256 -0.1958967 -0.5977117
vn 0.777409256 -0.1958967 -0.5977117
vn 0.9690503 -0.0849001 -0.2318049
vn 0.9690503 -0.0849001 -0.2318049
vn 0.9690503 -0.0849001 -0.2318049
vn 0.9693183 -0.08613106 -0.230224967
vn 0.9693183 -0.08613106 -0.230224967
vn 0.9693183 -0.08613106 -0.230224967
vn 0.999790967 -0.00325720059 -0.02018592
vn 0.999790967 -0.00325720059 -0.02018592
vn 0.999790967 -0.00325720059 -0.02018592
vn 0.992972 -0.0184893124 -0.1168965
vn 0.992972 -0.0184893124 -0.1168965
vn 0.992972 -0.0184893124 -0.1168965
vn 0.9955682 -0.0525731 -0.077975
vn 0.9955682 -0.0525731 -0.077975
vn 0.9955682 -0.0525731 -0.077975
vn 0.9407847 -0.0773764551 0.3300562
vn 0.9407847 -0.0773764551 0.3300562
vn 0.9407847 -0.0773764551 0.3300562
vn 0.9523456 0.168312386 -0.254379421
vn 0.9523456 0.168312386 -0.254379421
vn 0.9523456 0.168312386 -0.254379421
vn 0.912354767 -0.0496568531 0.406378
vn 0.912354767 -0.0496568531 0.406378
vn 0.912354767 -0.0496568531 0.406378
vn 0.90715307 -0.06771813 0.415316343
vn 0.90715307 -0.06771813 0.415316343
vn 0.90715307 -0.06771813 0.415316343
vn 0.6994954 -0.110556148 0.706033647
vn 0.6994954 -0.110556148 0.706033647
vn 0.6994954 -0.110556148 0.706033647
vn 0.69180423 -0.14040105 0.7083039
vn 0.69180423 -0.14040105 0.7083039
vn 0.69180423 -0.14040105 0.7083039
vn 0.730029047 -0.253133148 -0.634808064
vn 0.730029047 -0.253133148 -0.634808064
vn 0.730029047 -0.253133148 -0.634808064
vn 0.7774606 -0.195885986 0.597648442
vn 0.7774606 -0.195885986 0.597648442
vn 0.7774606 -0.195885986 0.597648442
vn 0.969053745 -0.08490047 0.2317901
vn 0.969053745 -0.08490047 0.2317901
vn 0.969053745 -0.08490047 0.2317901
vn 0.9693072 -0.0860642046 0.230296507
vn 0.9693072 -0.0860642046 0.230296507
vn 0.9693072 -0.0860642046 0.230296507
vn -0.7546808 0.387958884 -0.529098034
vn -0.7546808 0.387958884 -0.529098034
vn -0.7546808 0.387958884 -0.529098034
vn -0.7643159 0.370707035 -0.5276339
vn -0.7643159 0.370707035 -0.5276339
vn -0.7643159 0.370707035 -0.5276339
vn -0.760216 -0.0836289451 0.6442654
vn -0.760216 -0.0836289451 0.6442654
vn -0.760216 -0.0836289451 0.6442654
vn -0.729843557 -0.0510115623 0.6817083
vn -0.729843557 -0.0510115623 0.6817083
vn -0.729843557 -0.0510115623 0.6817083
vn -0.7058893 -0.113761134 0.699127138
vn -0.7058893 -0.113761134 0.699127138
vn -0.7058893 -0.113761134 0.699127138
vn -0.699495435 -0.110556163 0.7060337
vn -0.699495435 -0.110556163 0.7060337
vn -0.699495435 -0.110556163 0.7060337
vn -0.90715307 -0.06771813 0.415316254
vn -0.90715307 -0.06771813 0.415316254
vn -0.90715307 -0.06771813 0.415316254
vn -0.9193834 -0.07555843 0.386037856
vn -0.9193834 -0.07555843 0.386037856
vn -0.9193834 -0.07555843 0.386037856
vn -0.9976423 0.0128570748 -0.0674142838
vn -0.9976423 0.0128570748 -0.0674142838
vn -0.9976423 0.0128570748 -0.0674142838
vn -0.9929749 -0.0184750687 -0.116874
vn -0.9929749 -0.0184750687 -0.116874
vn -0.9929749 -0.0184750687 -0.116874
vn -0.999791 -0.00325667672 -0.02018606
vn -0.999791 -0.00325667672 -0.02018606
vn -0.999791 -0.00325667672 -0.02018606
vn -0.969405949 -0.0859916 -0.229907885
vn -0.969405949 -0.0859916 -0.229907885
vn -0.969405949 -0.0859916 -0.229907885
vn -0.9691549 -0.08483783 -0.231389984
vn -0.9691549 -0.08483783 -0.231389984
vn -0.9691549 -0.08483783 -0.231389984
vn -0.7775651 -0.1959203 -0.5975011
vn -0.7775651 -0.1959203 -0.5975011
vn -0.7775651 -0.1959203 -0.5975011
vn -0.729341745 -0.253617823 0.635404348
vn -0.729341745 -0.253617823 0.635404348
vn -0.729341745 -0.253617823 0.635404348
vn -0.655732334 -0.390516132 0.6461519
vn -0.655732334 -0.390516132 0.6461519
vn -0.655732334 -0.390516132 0.6461519
vn -0.6438371 -0.1259727 0.7547216
vn -0.6438371 -0.1259727 0.7547216
vn -0.6438371 -0.1259727 0.7547216
vn -0.9240296 -0.061504662 0.377341449
vn -0.9240296 -0.061504662 0.377341449
vn -0.9240296 -0.061504662 0.377341449
vn -0.9407422 -0.07733313 0.33018738
vn -0.9407422 -0.07733313 0.33018738
vn -0.9407422 -0.07733313 0.33018738
vn -0.9955681 -0.0525728837 -0.0779760852
vn -0.9955681 -0.0525728837 -0.0779760852
vn -0.9955681 -0.0525728837 -0.0779760852
vn -0.9123547 -0.04965686 0.406377941
vn -0.9123547 -0.04965686 0.406377941
vn -0.9123547 -0.04965686 0.406377941
vn -0.9523456 0.168312341 -0.254379362
vn -0.9523456 0.168312341 -0.254379362
vn -0.9523456 0.168312341 -0.254379362
vn -0.958793 0.194560483 -0.207032025
vn -0.958793 0.194560483 -0.207032025
vn -0.958793 0.194560483 -0.207032025
vn -0.9940956 0.106445633 -0.0210513957
vn -0.9940956 0.106445633 -0.0210513957
vn -0.9940956 0.106445633 -0.0210513957
vn -0.777627647 0.419545233 -0.4682704
vn -0.777627647 0.419545233 -0.4682704
vn -0.777627647 0.419545233 -0.4682704
vn -0.889772534 -0.420900464 0.176486522
vn -0.889772534 -0.420900464 0.176486522
vn -0.889772534 -0.420900464 0.176486522
vn -0.750006557 0.006428675 0.661399066
vn -0.750006557 0.006428675 0.661399066
vn -0.750006557 0.006428675 0.661399066
vn -0.743334353 -0.534201562 0.402595073
vn -0.743334353 -0.534201562 0.402595073
vn -0.743334353 -0.534201562 0.402595073
vn -0.7373799 -0.497728437 0.4566589
vn -0.7373799 -0.497728437 0.4566589
vn -0.7373799 -0.497728437 0.4566589
vn -0.7703347 -0.37267518 0.517395
vn -0.7703347 -0.37267518 0.517395
vn -0.7703347 -0.37267518 0.517395
vn -0.768045962 -0.298203647 0.5667274
vn -0.768045962 -0.298203647 0.5667274
vn -0.768045962 -0.298203647 0.5667274
vn -0.544487 -0.002679623 -0.838764966
vn -0.544487 -0.002679623 -0.838764966
vn -0.544487 -0.002679623 -0.838764966
vn -0.555882 0.0286411066 -0.8307677
vn -0.555882 0.0286411066 -0.8307677
vn -0.555882 0.0286411066 -0.8307677
vn -0.529840648 0.134363219 -0.8373861
vn -0.529840648 0.134363219 -0.8373861
vn -0.529840648 0.134363219 -0.8373861
vn -0.4984624 -0.4433453 -0.7449699
vn -0.4984624 -0.4433453 -0.7449699
vn -0.4984624 -0.4433453 -0.7449699
vn -0.429230332 -0.8915528 -0.144550592
vn -0.429230332 -0.8915528 -0.144550592
vn -0.429230332 -0.8915528 -0.144550592
vn -0.782324553 -0.255714953 0.567959666
vn -0.782324553 -0.255714953 0.567959666
vn -0.782324553 -0.255714953 0.567959666
vn -0.957101941 0.0953004658 -0.2736306
vn -0.957101941 0.0953004658 -0.2736306
vn -0.957101941 0.0953004658 -0.2736306
vn 0.750006557 0.00642868038 0.6613991
vn 0.750006557 0.00642868038 0.6613991
vn 0.750006557 0.00642868038 0.6613991
vn -0.363075852 -0.8133198 -0.4546282
vn -0.363075852 -0.8133198 -0.4546282
vn -0.363075852 -0.8133198 -0.4546282
vn -0.377094328 -0.905670643 -0.193805769
vn -0.377094328 -0.905670643 -0.193805769
vn -0.377094328 -0.905670643 -0.193805769
vn -0.998230159 0.0178146511 0.05673834
vn -0.998230159 0.0178146511 0.05673834
vn -0.998230159 0.0178146511 0.05673834
vn -0.9982303 -0.05924831 -0.00509867631
vn -0.9982303 -0.05924831 -0.00509867631
vn -0.9982303 -0.05924831 -0.00509867631
vn -0.9693965 -0.0859223753 0.229973614
vn -0.9693965 -0.0859223753 0.229973614
vn -0.9693965 -0.0859223753 0.229973614
vn -0.969159067 -0.08483115 0.231375277
vn -0.969159067 -0.08483115 0.231375277
vn -0.969159067 -0.08483115 0.231375277
vn -0.7775571 -0.1959225 0.597511
vn -0.7775571 -0.1959225 0.597511
vn -0.7775571 -0.1959225 0.597511
vn -0.730029 -0.253133178 -0.6348081
vn -0.730029 -0.253133178 -0.6348081
vn -0.730029 -0.253133178 -0.6348081
vn 0.693045 0.17373164 -0.6996471
vn 0.693045 0.17373164 -0.6996471
vn 0.693045 0.17373164 -0.6996471
vn 0.6935486 0.174159 -0.6990414
vn 0.692437947 0.252453536 -0.6758675
vn 0.692437947 0.252453536 -0.6758675
vn 0.692437947 0.252453536 -0.6758675
vn 0.694612563 0.253932685 -0.6730762
vn 0.694612563 0.253932685 -0.6730762
vn 0.694612563 0.253932685 -0.6730762
vn 0.670086741 0.4999788 -0.5486392
vn 0.670086741 0.4999788 -0.5486392
vn 0.670086741 0.4999788 -0.5486392
vn 0.584337533 0.391313523 -0.7109313
vn 0.584337533 0.391313523 -0.7109313
vn 0.584337533 0.391313523 -0.7109313
vn 0.608179331 0.778176367 -0.156714961
vn 0.608179331 0.778176367 -0.156714961
vn 0.608179331 0.778176367 -0.156714961
vn 0.459046721 0.7151094 -0.5271572
vn 0.459046721 0.7151094 -0.5271572
vn 0.459046721 0.7151094 -0.5271572
vn 0.5771383 0.7694961 0.273472518
vn 0.5771383 0.7694961 0.273472518
vn 0.5771383 0.7694961 0.273472518
vn 0.4527193 0.8916523 -0.00125155027
vn 0.4527193 0.8916523 -0.00125155027
vn 0.4527193 0.8916523 -0.00125155027
vn 0.5343401 0.3474848 0.7705421
vn 0.5343401 0.3474848 0.7705421
vn 0.5343401 0.3474848 0.7705421
vn 0.39926362 0.633295655 0.6629669
vn 0.39926362 0.633295655 0.6629669
vn 0.39926362 0.633295655 0.6629669
vn 0.99398 0.0539465435 0.09535968
vn 0.99398 0.0539465435 0.09535968
vn 0.99398 0.0539465435 0.09535968
vn 0.994954169 -0.09890593 -0.0168463886
vn 0.994954169 -0.09890593 -0.0168463886
vn 0.994954169 -0.09890593 -0.0168463886
vn 0.995299339 -0.0784678459 0.0567633063
vn 0.995299339 -0.0784678459 0.0567633063
vn 0.995299339 -0.0784678459 0.0567633063
vn 0.9970851 -0.03924015 0.06543324
vn 0.9970851 -0.03924015 0.06543324
vn 0.9970851 -0.03924015 0.06543324
vn 0.991584837 -0.129318416 -0.006021267
vn 0.991584837 -0.129318416 -0.006021267
vn 0.991584837 -0.129318416 -0.006021267
vn 0.9973548 -0.0393270738 -0.06112866
vn 0.9973548 -0.0393270738 -0.06112866
vn 0.9973548 -0.0393270738 -0.06112866
vn 0.996160567 -0.06669926 -0.0567039363
vn 0.996160567 -0.06669926 -0.0567039363
vn 0.996160567 -0.06669926 -0.0567039363
vn 0.9896743 -0.0306419265 -0.140020579
vn 0.9896743 -0.0306419265 -0.140020579
vn 0.9896743 -0.0306419265 -0.140020579
vn 0.982696831 -0.170207292 0.0730511
vn 0.982696831 -0.170207292 0.0730511
vn 0.982696831 -0.170207292 0.0730511
vn 0.9877281 0.05391357 -0.146582976
vn 0.9877281 0.05391357 -0.146582976
vn 0.9877281 0.05391357 -0.146582976
vn 0.998601 -0.005203963 0.05262148
vn 0.998601 -0.005203963 0.05262148
vn 0.998601 -0.005203963 0.05262148
vn 0.997185051 -0.060772907 0.04391723
vn 0.997185051 -0.060772907 0.04391723
vn 0.997185051 -0.060772907 0.04391723
vn 0.9883501 0.0214179922 0.150682941
vn 0.9883501 0.0214179922 0.150682941
vn 0.9883501 0.0214179922 0.150682941
vn 0.991000831 -0.06898832 0.114707872
vn 0.991000831 -0.06898832 0.114707872
vn 0.991000831 -0.06898832 0.114707872
vn 0.961843133 0.04720326 0.269499123
vn 0.961843133 0.04720326 0.269499123
vn 0.961843133 0.04720326 0.269499123
vn 0.9851175 0.00545035163 -0.171795592
vn 0.9851175 0.00545035163 -0.171795592
vn 0.9851175 0.00545035163 -0.171795592
vn 0.9466545 0.229894772 -0.2258178
vn 0.9466545 0.229894772 -0.2258178
vn 0.9466545 0.229894772 -0.2258178
vn 0.449001044 -0.0513283163 0.8920558
vn 0.449001044 -0.0513283163 0.8920558
vn 0.449001044 -0.0513283163 0.8920558
vn 0.389410973 0.05949134 0.9191408
vn 0.389410973 0.05949134 0.9191408
vn 0.389410973 0.05949134 0.9191408
vn 0.38865146 -0.474066973 0.79007
vn 0.38865146 -0.474066973 0.79007
vn 0.38865146 -0.474066973 0.79007
vn 0.349308938 -0.405635417 0.8446557
vn 0.349308938 -0.405635417 0.8446557
vn 0.349308938 -0.405635417 0.8446557
vn 0.351459056 -0.733638763 0.5815933
vn 0.351459056 -0.733638763 0.5815933
vn 0.351459056 -0.733638763 0.5815933
vn 0.128852129 -0.5150409 0.847425461
vn 0.128852129 -0.5150409 0.847425461
vn 0.128852129 -0.5150409 0.847425461
vn 0.8278986 -0.200193733 0.523933649
vn 0.8278986 -0.200193733 0.523933649
vn 0.8278986 -0.200193733 0.523933649
vn 0.80928725 -0.121655434 0.574677467
vn 0.80928725 -0.121655434 0.574677467
vn 0.80928725 -0.121655434 0.574677467
vn 0.9813922 -0.137083188 0.134452969
vn 0.9813922 -0.137083188 0.134452969
vn 0.9813922 -0.137083188 0.134452969
vn 0.9921351 -0.0607718565 0.10942892
vn 0.9921351 -0.0607718565 0.10942892
vn 0.9921351 -0.0607718565 0.10942892
vn 0.9860912 -0.1435733 0.0837301239
vn 0.9860912 -0.1435733 0.0837301239
vn 0.9860912 -0.1435733 0.0837301239
vn 0.924952745 -0.3226638 0.20087406
vn 0.924952745 -0.3226638 0.20087406
vn 0.924952745 -0.3226638 0.20087406
vn 0.9248382 -0.351462364 0.145425037
vn 0.9248382 -0.351462364 0.145425037
vn 0.9248382 -0.351462364 0.145425037
vn 0.936286032 -0.3404133 0.08652824
vn 0.936286032 -0.3404133 0.08652824
vn 0.936286032 -0.3404133 0.08652824
vn 0.9364849 -0.3389673 0.0899857
vn 0.9364849 -0.3389673 0.0899857
vn 0.9364849 -0.3389673 0.0899857
vn 0.936772764 -0.307012081 -0.167929679
vn 0.936772764 -0.307012081 -0.167929679
vn 0.936772764 -0.307012081 -0.167929679
vn 0.837779045 0.40564087 -0.36548847
vn 0.837779045 0.40564087 -0.36548847
vn 0.837779045 0.40564087 -0.36548847
vn 0.8811561 0.242241457 -0.4060579
vn 0.8811561 0.242241457 -0.4060579
vn 0.8811561 0.242241457 -0.4060579
vn 0.883132935 0.280894637 -0.375731975
vn 0.883132935 0.280894637 -0.375731975
vn 0.883132935 0.280894637 -0.375731975
vn 0.8711623 0.267821342 -0.4115192
vn 0.8711623 0.267821342 -0.4115192
vn 0.8711623 0.267821342 -0.4115192
vn 0.871154368 0.2663662 -0.412479043
vn 0.871154368 0.2663662 -0.412479043
vn 0.871154368 0.2663662 -0.412479043
vn 0.6125557 0.6930321 -0.3801081
vn 0.6125557 0.6930321 -0.3801081
vn 0.6125557 0.6930321 -0.3801081
vn 0.877714157 0.0298355836 -0.478254974
vn 0.877714157 0.0298355836 -0.478254974
vn 0.877714157 0.0298355836 -0.478254974
vn 0.4574923 -0.7780164 0.4305708
vn 0.4574923 -0.7780164 0.4305708
vn 0.4574923 -0.7780164 0.4305708
vn 0.984873235 -0.164972022 0.0529998876
vn 0.984873235 -0.164972022 0.0529998876
vn 0.984873235 -0.164972022 0.0529998876
vn 0.98132515 0.0207551084 -0.19123356
vn 0.98132515 0.0207551084 -0.19123356
vn 0.98132515 0.0207551084 -0.19123356
vn 0.683161438 0.254994482 -0.684301257
vn 0.683161438 0.254994482 -0.684301257
vn 0.683161438 0.254994482 -0.684301257
vn 0.672397137 0.270431161 -0.6890203
vn 0.672397137 0.270431161 -0.6890203
vn 0.672397137 0.270431161 -0.6890203
vn 0.656536937 0.130126566 -0.7429847
vn 0.656536937 0.130126566 -0.7429847
vn 0.656536937 0.130126566 -0.7429847
vn 0.7094651 0.189105809 -0.6788949
vn 0.7094651 0.189105809 -0.6788949
vn 0.7094651 0.189105809 -0.6788949
vn 0.7452429 0.0202186052 -0.666486561
vn 0.7452429 0.0202186052 -0.666486561
vn 0.7452429 0.0202186052 -0.666486561
vn 0.706069231 -0.201639131 -0.678828359
vn 0.706069231 -0.201639131 -0.678828359
vn 0.706069231 -0.201639131 -0.678828359
vn 0.6566791 -0.09315646 -0.7483946
vn 0.6566791 -0.09315646 -0.7483946
vn 0.6566791 -0.09315646 -0.7483946
vn 0.649166048 0.00807443 -0.760603845
vn 0.649166048 0.00807443 -0.760603845
vn 0.649166048 0.00807443 -0.760603845
vn 0.6548949 0.0155705409 -0.7555595
vn 0.6548949 0.0155705409 -0.7555595
vn 0.6548949 0.0155705409 -0.7555595
vn 0.651438653 0.224083468 -0.724854648
vn 0.651438653 0.224083468 -0.724854648
vn 0.651438653 0.224083468 -0.724854648
vn 0.6599833 0.2326144 -0.7143618
vn 0.6599833 0.2326144 -0.7143618
vn 0.6599833 0.2326144 -0.7143618
vn 0.6653901 0.4605656 -0.5874822
vn 0.6653901 0.4605656 -0.5874822
vn 0.6653901 0.4605656 -0.5874822
vn 0.6690126 0.4635155 -0.5810125
vn 0.6690126 0.4635155 -0.5810125
vn 0.6690126 0.4635155 -0.5810125
vn 0.6639273 0.5878522 -0.462201655
vn 0.6639273 0.5878522 -0.462201655
vn 0.6639273 0.5878522 -0.462201655
vn 0.661142945 0.585819662 -0.46872744
vn 0.661142945 0.585819662 -0.46872744
vn 0.661142945 0.585819662 -0.46872744
vn 0.6711382 0.397219539 -0.625931442
vn 0.6711382 0.397219539 -0.625931442
vn 0.6711382 0.397219539 -0.625931442
vn 0.698894143 0.41895 -0.5796792
vn 0.698894143 0.41895 -0.5796792
vn 0.698894143 0.41895 -0.5796792
vn 0.9913504 -0.0570703745 -0.118183948
vn 0.9913504 -0.0570703745 -0.118183948
vn 0.9913504 -0.0570703745 -0.118183948
vn 0.969427645 -0.0553852841 -0.239045024
vn 0.969427645 -0.0553852841 -0.239045024
vn 0.969427645 -0.0553852841 -0.239045024
vn 0.5788083 0.333825 -0.744003952
vn 0.5788083 0.333825 -0.744003952
vn 0.5788083 0.333825 -0.744003952
vn 0.3469463 -0.385145724 0.8551556
vn 0.3469463 -0.385145724 0.8551556
vn 0.3469463 -0.385145724 0.8551556
vn 0.349881947 -0.276930481 0.894925654
vn 0.349881947 -0.276930481 0.894925654
vn 0.349881947 -0.276930481 0.894925654
vn 0.360397369 -0.279683679 0.889882445
vn 0.360397369 -0.279683679 0.889882445
vn 0.360397369 -0.279683679 0.889882445
vn 0.364033759 -0.154902428 0.918414235
vn 0.364033759 -0.154902428 0.918414235
vn 0.364033759 -0.154902428 0.918414235
vn 0.365990072 -0.153842092 0.9178148
vn 0.365990072 -0.153842092 0.9178148
vn 0.365990072 -0.153842092 0.9178148
vn 0.368334949 0 0.929693162
vn 0.368334949 0 0.929693162
vn 0.368334949 0 0.929693162
vn 0.359835982 -0.005450822 0.9329997
vn 0.359835982 -0.005450822 0.9329997
vn 0.359835982 -0.005450822 0.9329997
vn 0.359341 -0.0172800552 0.933046341
vn 0.359341 -0.0172800552 0.933046341
vn 0.359341 -0.0172800552 0.933046341
vn 0.454580069 0.07071726 0.8878942
vn 0.454580069 0.07071726 0.8878942
vn 0.454580069 0.07071726 0.8878942
vn 0.8896921 0.0506316572 0.453744769
vn 0.8896921 0.0506316572 0.453744769
vn 0.8896921 0.0506316572 0.453744769
vn 0.937629044 0.347575754 0.00654868176
vn 0.937629044 0.347575754 0.00654868176
vn 0.937629044 0.347575754 0.00654868176
vn 0.45577246 0.06726056 -0.887551367
vn 0.45577246 0.06726056 -0.887551367
vn 0.45577246 0.06726056 -0.887551367
vn 0.418711245 0.017461542 -0.907951534
vn 0.418711245 0.017461542 -0.907951534
vn 0.418711245 0.017461542 -0.907951534
vn 0.6226102 0.714919 -0.318194121
vn 0.6226102 0.714919 -0.318194121
vn 0.6226102 0.714919 -0.318194121
vn 0.7024261 0.7080603 0.07244525
vn 0.7024261 0.7080603 0.07244525
vn 0.7024261 0.7080603 0.07244525
vn 0.740769863 0.665466547 -0.0917291
vn 0.740769863 0.665466547 -0.0917291
vn 0.740769863 0.665466547 -0.0917291
vn 0.9684356 0.167203218 -0.1848665
vn 0.9684356 0.167203218 -0.1848665
vn 0.9684356 0.167203218 -0.1848665
vn 0.773336 -0.219777092 -0.594684362
vn 0.773336 -0.219777092 -0.594684362
vn 0.773336 -0.219777092 -0.594684362
vn 0.7468793 -0.211508021 0.630425
vn 0.7468793 -0.211508021 0.630425
vn 0.7468793 -0.211508021 0.630425
vn 0.750456154 -0.133460775 0.647304952
vn 0.750456154 -0.133460775 0.647304952
vn 0.750456154 -0.133460775 0.647304952
vn 0.8269773 -0.07137187 0.5576869
vn 0.8269773 -0.07137187 0.5576869
vn 0.8269773 -0.07137187 0.5576869
vn 0.827066 0.008823064 0.5620355
vn 0.827066 0.008823064 0.5620355
vn 0.827066 0.008823064 0.5620355
vn 0.8884135 0.08083831 0.451870322
vn 0.8884135 0.08083831 0.451870322
vn 0.8884135 0.08083831 0.451870322
vn 0.954538 0.0440788977 -0.294812232
vn 0.954538 0.0440788977 -0.294812232
vn 0.954538 0.0440788977 -0.294812232
vn 0.8900485 0.09506312 -0.445843816
vn 0.8900485 0.09506312 -0.445843816
vn 0.8900485 0.09506312 -0.445843816
vn 0.9543661 -0.00384656736 -0.298614651
vn 0.9543661 -0.00384656736 -0.298614651
vn 0.9543661 -0.00384656736 -0.298614651
vn 0.8311866 -0.387684643 -0.39853397
vn 0.8311866 -0.387684643 -0.39853397
vn 0.8311866 -0.387684643 -0.39853397
vn 0.7725071 -0.3921091 -0.499483019
vn 0.7725071 -0.3921091 -0.499483019
vn 0.7725071 -0.3921091 -0.499483019
vn 0.7866699 -0.511075854 -0.346340716
vn 0.7866699 -0.511075854 -0.346340716
vn 0.7866699 -0.511075854 -0.346340716
vn 0.783488333 -0.511823833 -0.352395177
vn 0.783488333 -0.511823833 -0.352395177
vn 0.783488333 -0.511823833 -0.352395177
vn 0.778015137 -0.5927568 -0.208163217
vn 0.778015137 -0.5927568 -0.208163217
vn 0.778015137 -0.5927568 -0.208163217
vn 0.7866542 -0.589568555 -0.183260128
vn 0.7866542 -0.589568555 -0.183260128
vn 0.7866542 -0.589568555 -0.183260128
vn 0.744385242 -0.6674475 0.0201089717
vn 0.744385242 -0.6674475 0.0201089717
vn 0.744385242 -0.6674475 0.0201089717
vn 0.7849102 -0.5842507 0.206317544
vn 0.7849102 -0.5842507 0.206317544
vn 0.7849102 -0.5842507 0.206317544
vn 0.7284027 -0.5705396 0.379360348
vn 0.7284027 -0.5705396 0.379360348
vn 0.7284027 -0.5705396 0.379360348
vn 0.704813242 -0.337042242 0.624212146
vn 0.704813242 -0.337042242 0.624212146
vn 0.704813242 -0.337042242 0.624212146
vn 0.488153756 -0.628726542 0.6053172
vn 0.488153756 -0.628726542 0.6053172
vn 0.488153756 -0.628726542 0.6053172
vn 0.7378829 -0.534436047 0.4121976
vn 0.7378829 -0.534436047 0.4121976
vn 0.7378829 -0.534436047 0.4121976
vn 0.731983 -0.505389869 0.456926644
vn 0.731983 -0.505389869 0.456926644
vn 0.731983 -0.505389869 0.456926644
vn 0.7719657 -0.411875755 0.484177172
vn 0.7719657 -0.411875755 0.484177172
vn 0.7719657 -0.411875755 0.484177172
vn 0.766915739 -0.2986511 0.568021
vn 0.766915739 -0.2986511 0.568021
vn 0.766915739 -0.2986511 0.568021
vn 0.780776858 -0.2718438 0.562573135
vn 0.780776858 -0.2718438 0.562573135
vn 0.780776858 -0.2718438 0.562573135
vn 0.7861555 -0.129977748 0.6042064
vn 0.7861555 -0.129977748 0.6042064
vn 0.7861555 -0.129977748 0.6042064
vn 0.765855134 -0.105766863 0.6342548
vn 0.765855134 -0.105766863 0.6342548
vn 0.765855134 -0.105766863 0.6342548
vn 0.814344 0.0101702623 0.5802933
vn 0.814344 0.0101702623 0.5802933
vn 0.814344 0.0101702623 0.5802933
vn 0.797890246 0.0937335938 0.595470548
vn 0.797890246 0.0937335938 0.595470548
vn 0.797890246 0.0937335938 0.595470548
vn 0.8112197 0.110507935 0.5742042
vn 0.8112197 0.110507935 0.5742042
vn 0.8112197 0.110507935 0.5742042
vn 0.8113959 0.204269618 0.547641
vn 0.8113959 0.204269618 0.547641
vn 0.8113959 0.204269618 0.547641
vn 0.7789544 0.2680699 0.5668939
vn 0.7789544 0.2680699 0.5668939
vn 0.7789544 0.2680699 0.5668939
vn 0.8169697 0.346476167 0.4609933
vn 0.8169697 0.346476167 0.4609933
vn 0.8169697 0.346476167 0.4609933
vn 0.8150761 0.35343793 0.4590563
vn 0.8150761 0.35343793 0.4590563
vn 0.8150761 0.35343793 0.4590563
vn 0.827201068 0.440468729 0.348892033
vn 0.827201068 0.440468729 0.348892033
vn 0.827201068 0.440468729 0.348892033
vn 0.8270923 0.440719754 0.348832667
vn 0.8268427 0.4947789 0.267441422
vn 0.8268427 0.4947789 0.267441422
vn 0.8268427 0.4947789 0.267441422
vn 0.8064813 0.533385336 0.255123436
vn 0.8064813 0.533385336 0.255123436
vn 0.8064813 0.533385336 0.255123436
vn 0.375222236 -0.7485332 -0.5467232
vn 0.375222236 -0.7485332 -0.5467232
vn 0.375222236 -0.7485332 -0.5467232
vn 0.340197831 -0.912692845 -0.226400852
vn 0.340197831 -0.912692845 -0.226400852
vn 0.340197831 -0.912692845 -0.226400852
vn 0.6793023 -0.7099929 0.185630068
vn 0.6793023 -0.7099929 0.185630068
vn 0.6793023 -0.7099929 0.185630068
vn 0.8152307 -0.5157046 0.2635292
vn 0.8152307 -0.5157046 0.2635292
vn 0.8152307 -0.5157046 0.2635292
vn 0.6887929 -0.4129662 0.595838368
vn 0.6887929 -0.4129662 0.595838368
vn 0.6887929 -0.4129662 0.595838368
vn 0.7092787 -0.6118657 0.3500629
vn 0.7092787 -0.6118657 0.3500629
vn 0.7092787 -0.6118657 0.3500629
vn 0.8382091 -0.171004742 0.5178444
vn 0.8382091 -0.171004742 0.5178444
vn 0.8382091 -0.171004742 0.5178444
vn 0.8297341 -0.20071578 0.5208209
vn 0.8297341 -0.20071578 0.5208209
vn 0.8297341 -0.20071578 0.5208209
vn 0.7033399 0.0133260153 0.710728765
vn 0.7033399 0.0133260153 0.710728765
vn 0.7033399 0.0133260153 0.710728765
vn 0.40920493 0.635977447 0.654281259
vn 0.40920493 0.635977447 0.654281259
vn 0.40920493 0.635977447 0.654281259
vn 0.436050624 0.8998701 -0.009676171
vn 0.436050624 0.8998701 -0.009676171
vn 0.436050624 0.8998701 -0.009676171
vn 0.747644246 0.482588977 -0.456219137
vn 0.747644246 0.482588977 -0.456219137
vn 0.747644246 0.482588977 -0.456219137
vn 0.7373719 0.5003592 -0.453787774
vn 0.7373719 0.5003592 -0.453787774
vn 0.7373719 0.5003592 -0.453787774
vn 0.262698829 0.0278226677 -0.964476645
vn 0.262698829 0.0278226677 -0.964476645
vn 0.262698829 0.0278226677 -0.964476645
vn 0.6138938 0.7892739 -0.0134562524
vn 0.6138938 0.7892739 -0.0134562524
vn 0.6138938 0.7892739 -0.0134562524
vn 0.6002355 0.7995938 0.0191558022
vn 0.6002355 0.7995938 0.0191558022
vn 0.6002355 0.7995938 0.0191558022
vn 0.5951138 0.616395831 0.5156507
vn 0.5951138 0.616395831 0.5156507
vn 0.5951138 0.616395831 0.5156507
vn 0.9467792 -0.2629877 -0.185597837
vn 0.9467792 -0.2629877 -0.185597837
vn 0.9467792 -0.2629877 -0.185597837
vn 0.9147014 -0.384799033 0.123495229
vn 0.9147014 -0.384799033 0.123495229
vn 0.9147014 -0.384799033 0.123495229
vn 0.967520833 -0.252207667 -0.0171644073
vn 0.967520833 -0.252207667 -0.0171644073
vn 0.967520833 -0.252207667 -0.0171644073
vn 0.9875213 -0.0282446127 -0.154932544
vn 0.9875213 -0.0282446127 -0.154932544
vn 0.9875213 -0.0282446127 -0.154932544
vn 0.9665446 0.00953862 -0.2563211
vn 0.9665446 0.00953862 -0.2563211
vn 0.9665446 0.00953862 -0.2563211
vn 0.975033641 0.104968123 -0.19568105
vn 0.975033641 0.104968123 -0.19568105
vn 0.975033641 0.104968123 -0.19568105
vn 0.990670145 -0.05069763 -0.12650016
vn 0.990670145 -0.05069763 -0.12650016
vn 0.990670145 -0.05069763 -0.12650016
vn 0.994835734 -0.0274286829 -0.09772166
vn 0.994835734 -0.0274286829 -0.09772166
vn 0.994835734 -0.0274286829 -0.09772166
vn 0.828348 0.5265207 -0.19135201
vn 0.828348 0.5265207 -0.19135201
vn 0.828348 0.5265207 -0.19135201
vn 0.851867139 0.475208223 -0.220226079
vn 0.851867139 0.475208223 -0.220226079
vn 0.851867139 0.475208223 -0.220226079
vn 0.526068449 0.8110381 -0.255869418
vn 0.526068449 0.8110381 -0.255869418
vn 0.526068449 0.8110381 -0.255869418
vn -0.256613761 0.7271458 -0.636716843
vn -0.256613761 0.7271458 -0.636716843
vn -0.256613761 0.7271458 -0.636716843
vn 0.92734 0.3571803 -0.111636795
vn 0.92734 0.3571803 -0.111636795
vn 0.92734 0.3571803 -0.111636795
vn 0.522417843 0.234256044 0.819880366
vn 0.522417843 0.234256044 0.819880366
vn 0.522417843 0.234256044 0.819880366
vn 0.4881797 -0.7806091 0.3902948
vn 0.4881797 -0.7806091 0.3902948
vn 0.4881797 -0.7806091 0.3902948
vn 0.513448834 -0.774609864 0.3692557
vn 0.513448834 -0.774609864 0.3692557
vn 0.513448834 -0.774609864 0.3692557
vn 0.571270049 -0.629013658 0.527249753
vn 0.571270049 -0.629013658 0.527249753
vn 0.571270049 -0.629013658 0.527249753
vn 0.6307689 -0.6389673 0.4402856
vn 0.6307689 -0.6389673 0.4402856
vn 0.6307689 -0.6389673 0.4402856
vn 0.668262541 -0.380908549 0.639009953
vn 0.668262541 -0.380908549 0.639009953
vn 0.668262541 -0.380908549 0.639009953
vn 0.6441456 -0.361575425 0.6740471
vn 0.6441456 -0.361575425 0.6740471
vn 0.6441456 -0.361575425 0.6740471
vn 0.566636145 0.16512391 0.807253063
vn 0.566636145 0.16512391 0.807253063
vn 0.566636145 0.16512391 0.807253063
vn 0.5811011 0.145958021 0.8006358
vn 0.5811011 0.145958021 0.8006358
vn 0.5811011 0.145958021 0.8006358
vn 0.626556039 0.5327865 0.5688286
vn 0.626556039 0.5327865 0.5688286
vn 0.626556039 0.5327865 0.5688286
vn -0.375222236 -0.748533249 -0.5467232
vn -0.375222236 -0.748533249 -0.5467232
vn -0.375222236 -0.748533249 -0.5467232
vn -0.3401978 -0.912692845 -0.226400822
vn -0.3401978 -0.912692845 -0.226400822
vn -0.3401978 -0.912692845 -0.226400822
vn -0.6793023 -0.709992945 0.1856301
vn -0.6793023 -0.709992945 0.1856301
vn -0.6793023 -0.709992945 0.1856301
vn -0.815230668 -0.5157046 0.263529271
vn -0.815230668 -0.5157046 0.263529271
vn -0.815230668 -0.5157046 0.263529271
vn -0.6887929 -0.412966162 0.5958383
vn -0.6887929 -0.412966162 0.5958383
vn -0.6887929 -0.412966162 0.5958383
vn -0.709278762 -0.61186564 0.3500629
vn -0.709278762 -0.61186564 0.3500629
vn -0.709278762 -0.61186564 0.3500629
vn -0.838209152 -0.171004787 0.5178444
vn -0.838209152 -0.171004787 0.5178444
vn -0.838209152 -0.171004787 0.5178444
vn -0.8297342 -0.20071581 0.520821
vn -0.8297342 -0.20071581 0.520821
vn -0.8297342 -0.20071581 0.520821
vn -0.7033399 0.0133260367 0.7107288
vn -0.7033399 0.0133260367 0.7107288
vn -0.7033399 0.0133260367 0.7107288
vn -0.4092049 0.635977447 0.654281259
vn -0.4092049 0.635977447 0.654281259
vn -0.4092049 0.635977447 0.654281259
vn -0.436050624 0.8998701 -0.009676187
vn -0.436050624 0.8998701 -0.009676187
vn -0.436050624 0.8998701 -0.009676187
vn -0.7476443 0.482588977 -0.4562191
vn -0.7476443 0.482588977 -0.4562191
vn -0.7476443 0.482588977 -0.4562191
vn -0.7373719 0.5003591 -0.453787684
vn -0.7373719 0.5003591 -0.453787684
vn -0.7373719 0.5003591 -0.453787684
vn -0.262698859 0.0278226621 -0.9644767
vn -0.262698859 0.0278226621 -0.9644767
vn -0.262698859 0.0278226621 -0.9644767
vn -0.6138938 0.789273858 -0.0134562571
vn -0.6138938 0.789273858 -0.0134562571
vn -0.6138938 0.789273858 -0.0134562571
vn -0.6002355 0.7995938 0.0191558618
vn -0.6002355 0.7995938 0.0191558618
vn -0.6002355 0.7995938 0.0191558618
vn -0.5951138 0.6163959 0.5156507
vn -0.5951138 0.6163959 0.5156507
vn -0.5951138 0.6163959 0.5156507
vn -0.9467792 -0.262987673 -0.185597941
vn -0.9467792 -0.262987673 -0.185597941
vn -0.9467792 -0.262987673 -0.185597941
vn -0.914701343 -0.384799153 0.123495333
vn -0.914701343 -0.384799153 0.123495333
vn -0.914701343 -0.384799153 0.123495333
vn -0.967520833 -0.252207637 -0.01716435
vn -0.967520833 -0.252207637 -0.01716435
vn -0.967520833 -0.252207637 -0.01716435
vn -0.987521231 -0.0282445978 -0.154932469
vn -0.987521231 -0.0282445978 -0.154932469
vn -0.987521231 -0.0282445978 -0.154932469
vn -0.9665446 0.009538644 -0.2563211
vn -0.9665446 0.009538644 -0.2563211
vn -0.9665446 0.009538644 -0.2563211
vn -0.975033641 0.104968131 -0.19568105
vn -0.975033641 0.104968131 -0.19568105
vn -0.975033641 0.104968131 -0.19568105
vn -0.990670145 -0.05069761 -0.12650016
vn -0.990670145 -0.05069761 -0.12650016
vn -0.990670145 -0.05069761 -0.12650016
vn -0.994835734 -0.0274286587 -0.09772161
vn -0.994835734 -0.0274286587 -0.09772161
vn -0.994835734 -0.0274286587 -0.09772161
vn -0.828348 0.526520669 -0.191352
vn -0.828348 0.526520669 -0.191352
vn -0.828348 0.526520669 -0.191352
vn -0.851867139 0.475208074 -0.220226079
vn -0.851867139 0.475208074 -0.220226079
vn -0.851867139 0.475208074 -0.220226079
vn -0.526068568 0.811038 -0.255869418
vn -0.526068568 0.811038 -0.255869418
vn -0.526068568 0.811038 -0.255869418
vn 0.256613761 0.727145851 -0.6367169
vn 0.256613761 0.727145851 -0.6367169
vn 0.256613761 0.727145851 -0.6367169
vn -0.927340031 0.357180029 -0.111636683
vn -0.927340031 0.357180029 -0.111636683
vn -0.927340031 0.357180029 -0.111636683
vn -0.522417843 0.234256014 0.819880247
vn -0.522417843 0.234256014 0.819880247
vn -0.522417843 0.234256014 0.819880247
vn -0.488179833 -0.780609 0.39029476
vn -0.488179833 -0.780609 0.39029476
vn -0.488179833 -0.780609 0.39029476
vn -0.5134489 -0.7746099 0.369255662
vn -0.5134489 -0.7746099 0.369255662
vn -0.5134489 -0.7746099 0.369255662
vn -0.5712701 -0.6290136 0.527249753
vn -0.5712701 -0.6290136 0.527249753
vn -0.5712701 -0.6290136 0.527249753
vn -0.630768955 -0.6389672 0.440285623
vn -0.630768955 -0.6389672 0.440285623
vn -0.630768955 -0.6389672 0.440285623
vn -0.668262661 -0.380908549 0.639009953
vn -0.668262661 -0.380908549 0.639009953
vn -0.668262661 -0.380908549 0.639009953
vn -0.6441458 -0.361575425 0.6740471
vn -0.6441458 -0.361575425 0.6740471
vn -0.6441458 -0.361575425 0.6740471
vn -0.566636145 0.1651239 0.807253063
vn -0.566636145 0.1651239 0.807253063
vn -0.566636145 0.1651239 0.807253063
vn -0.5811012 0.145958 0.800635755
vn -0.5811012 0.145958 0.800635755
vn -0.5811012 0.145958 0.800635755
vn -0.6265561 0.532786548 0.568828642
vn -0.6265561 0.532786548 0.568828642
vn -0.6265561 0.532786548 0.568828642
vn 0.955420554 0.0289777014 -0.293823034
vn 0.955420554 0.0289777014 -0.293823034
vn 0.955420554 0.0289777014 -0.293823034
vn 0.9746775 -0.00141769927 -0.223611
vn 0.9746775 -0.00141769927 -0.223611
vn 0.9746775 -0.00141769927 -0.223611
vn 0.9755159 -0.0174966324 0.219231576
vn 0.9755159 -0.0174966324 0.219231576
vn 0.9755159 -0.0174966324 0.219231576
vn 0.9611996 -0.0007221373 0.2758526
vn 0.9611996 -0.0007221373 0.2758526
vn 0.9611996 -0.0007221373 0.2758526
vn 0.773545 -0.001659026 0.633739054
vn 0.773545 -0.001659026 0.633739054
vn 0.773545 -0.001659026 0.633739054
vn 0.773538649 -0.00440095738 0.633733869
vn 0.773538649 -0.00440095738 0.633733869
vn 0.773538649 -0.00440095738 0.633733869
vn 0.589718044 0.0348624624 0.8068564
vn 0.589718044 0.0348624624 0.8068564
vn 0.589718044 0.0348624624 0.8068564
vn 0.725227654 -0.161852881 0.6692149
vn 0.725227654 -0.161852881 0.6692149
vn 0.725227654 -0.161852881 0.6692149
vn 0.881367743 -0.000257300853 0.4724307
vn 0.881367743 -0.000257300853 0.4724307
vn 0.881367743 -0.000257300853 0.4724307
vn 0.8431792 0.00557914935 0.5376037
vn 0.8431792 0.00557914935 0.5376037
vn 0.8431792 0.00557914935 0.5376037
vn 0.8420032 0.05308943 0.5368538
vn 0.8420032 0.05308943 0.5368538
vn 0.8420032 0.05308943 0.5368538
vn 0.8827387 0.0539716743 0.466754347
vn 0.8827387 0.0539716743 0.466754347
vn 0.8827387 0.0539716743 0.466754347
vn 0.8898931 0.107770018 0.443255961
vn 0.8898931 0.107770018 0.443255961
vn 0.8898931 0.107770018 0.443255961
vn 0.972734153 0.07283517 0.220188975
vn 0.972734153 0.07283517 0.220188975
vn 0.972734153 0.07283517 0.220188975
vn 0.9726351 0.07282775 -0.220628887
vn 0.9726351 0.07282775 -0.220628887
vn 0.9726351 0.07282775 -0.220628887
vn 0.9751587 0.0116448272 -0.22120133
vn 0.9751587 0.0116448272 -0.22120133
vn 0.9751587 0.0116448272 -0.22120133
vn 0.9814719 0.0179687049 -0.1907616
vn 0.9814719 0.0179687049 -0.1907616
vn 0.9814719 0.0179687049 -0.1907616
vn 0.9816072 0.006877645 -0.190787911
vn 0.9816072 0.006877645 -0.190787911
vn 0.9816072 0.006877645 -0.190787911
vn 0.955821753 0.00054028444 -0.293946415
vn 0.955821753 0.00054028444 -0.293946415
vn 0.955821753 0.00054028444 -0.293946415
vn 0.9611719 -0.00762266759 0.275844663
vn 0.9611719 -0.00762266759 0.275844663
vn 0.9611719 -0.00762266759 0.275844663
vn 0.959784031 -0.00695115328 0.280653566
vn 0.959784031 -0.00695115328 0.280653566
vn 0.959784031 -0.00695115328 0.280653566
vn 0.9598007 -0.00168035307 0.280677259
vn 0.9598007 -0.00168035307 0.280677259
vn 0.9598007 -0.00168035307 0.280677259
vn 0.9816525 0.00687796157 0.190554634
vn 0.9816525 0.00687796157 0.190554634
vn 0.9816525 0.00687796157 0.190554634
vn 0.9815178 0.0179385561 0.190528482
vn 0.9815178 0.0179385561 0.190528482
vn 0.9815178 0.0179385561 0.190528482
vn 0.97525847 0.0116460193 0.22076036
vn 0.97525847 0.0116460193 0.22076036
vn 0.97525847 0.0116460193 0.22076036
vn 0.959707 -0.00167942839 -0.2809978
vn 0.959707 -0.00167942839 -0.2809978
vn 0.959707 -0.00167942839 -0.2809978
vn 0.9597073 -0.00152252067 -0.2809972
vn 0.6235889 0.01232962 -0.781655133
vn 0.6235889 0.01232962 -0.781655133
vn 0.6235889 0.01232962 -0.781655133
vn 0.68983227 0.0235705152 -0.7235854
vn 0.68983227 0.0235705152 -0.7235854
vn 0.68983227 0.0235705152 -0.7235854
vn 0.6882727 0.07120082 -0.7219495
vn 0.6882727 0.07120082 -0.7219495
vn 0.6882727 0.07120082 -0.7219495
vn 0.6882727 0.07120083 -0.721949458
vn 0.732562959 -0.152480364 -0.663401246
vn 0.732562959 -0.152480364 -0.663401246
vn 0.732562959 -0.152480364 -0.663401246
vn 0.881363034 -0.0002574266 -0.472439557
vn 0.881363034 -0.0002574266 -0.472439557
vn 0.881363034 -0.0002574266 -0.472439557
vn 0.843179047 0.005598767 -0.5376038
vn 0.843179047 0.005598767 -0.5376038
vn 0.843179047 0.005598767 -0.5376038
vn 0.8420031 0.0530893765 -0.536854
vn 0.8420031 0.0530893765 -0.536854
vn 0.8420031 0.0530893765 -0.536854
vn 0.8827387 0.05397163 -0.466754258
vn 0.8827387 0.05397163 -0.466754258
vn 0.8827387 0.05397163 -0.466754258
vn 0.8898778 0.10762275 -0.443322569
vn 0.8898778 0.10762275 -0.443322569
vn 0.8898778 0.10762275 -0.443322569
vn -0.955420554 0.0289777014 -0.293823034
vn -0.955420554 0.0289777014 -0.293823034
vn -0.955420554 0.0289777014 -0.293823034
vn -0.974677444 -0.001417673 -0.223611072
vn -0.974677444 -0.001417673 -0.223611072
vn -0.974677444 -0.001417673 -0.223611072
vn -0.9755159 -0.0174966138 0.219231635
vn -0.9755159 -0.0174966138 0.219231635
vn -0.9755159 -0.0174966138 0.219231635
vn -0.961199641 -0.000722137338 0.275852621
vn -0.961199641 -0.000722137338 0.275852621
vn -0.961199641 -0.000722137338 0.275852621
vn -0.773545146 -0.001659026 0.633739054
vn -0.773545146 -0.001659026 0.633739054
vn -0.773545146 -0.001659026 0.633739054
vn -0.773538649 -0.00440095738 0.6337338
vn -0.773538649 -0.00440095738 0.6337338
vn -0.773538649 -0.00440095738 0.6337338
vn -0.589718 0.0348624624 0.8068564
vn -0.589718 0.0348624624 0.8068564
vn -0.589718 0.0348624624 0.8068564
vn -0.7252276 -0.161852911 0.669214845
vn -0.7252276 -0.161852911 0.669214845
vn -0.7252276 -0.161852911 0.669214845
vn -0.8813678 -0.000257309439 0.472430557
vn -0.8813678 -0.000257309439 0.472430557
vn -0.8813678 -0.000257309439 0.472430557
vn -0.8431792 0.00557914935 0.5376037
vn -0.8431792 0.00557914935 0.5376037
vn -0.8431792 0.00557914935 0.5376037
vn -0.8420032 0.0530894548 0.5368538
vn -0.8420032 0.0530894548 0.5368538
vn -0.8420032 0.0530894548 0.5368538
vn -0.8827385 0.05397169 0.4667545
vn -0.8827385 0.05397169 0.4667545
vn -0.8827385 0.05397169 0.4667545
vn -0.889893055 0.107770078 0.44325617
vn -0.889893055 0.107770078 0.44325617
vn -0.889893055 0.107770078 0.44325617
vn -0.972734153 0.07283519 0.22018896
vn -0.972734153 0.07283519 0.22018896
vn -0.972734153 0.07283519 0.22018896
vn -0.9726351 0.07282778 -0.220628887
vn -0.9726351 0.07282778 -0.220628887
vn -0.9726351 0.07282778 -0.220628887
vn -0.9751587 0.0116447965 -0.22120133
vn -0.9751587 0.0116447965 -0.22120133
vn -0.9751587 0.0116447965 -0.22120133
vn -0.981471956 0.0179686937 -0.190761521
vn -0.981471956 0.0179686937 -0.190761521
vn -0.981471956 0.0179686937 -0.190761521
vn -0.9816072 0.00687762629 -0.1907878
vn -0.9816072 0.00687762629 -0.1907878
vn -0.9816072 0.00687762629 -0.1907878
vn -0.97525847 0.0116459886 0.22076036
vn -0.97525847 0.0116459886 0.22076036
vn -0.97525847 0.0116459886 0.22076036
vn -0.9815178 0.0179385412 0.1905284
vn -0.9815178 0.0179385412 0.1905284
vn -0.9815178 0.0179385412 0.1905284
vn -0.9816525 0.006877943 0.190554529
vn -0.9816525 0.006877943 0.190554529
vn -0.9816525 0.006877943 0.190554529
vn -0.959800839 -0.00168036285 0.28067708
vn -0.959800839 -0.00168036285 0.28067708
vn -0.959800839 -0.00168036285 0.28067708
vn -0.959784031 -0.00695115328 0.280653358
vn -0.959784031 -0.00695115328 0.280653358
vn -0.959784031 -0.00695115328 0.280653358
vn -0.9611719 -0.00762264524 0.275844663
vn -0.9611719 -0.00762264524 0.275844663
vn -0.9611719 -0.00762264524 0.275844663
vn -0.955821753 0.000540304871 -0.293946415
vn -0.955821753 0.000540304871 -0.293946415
vn -0.955821753 0.000540304871 -0.293946415
vn -0.959707 -0.00167943793 -0.280997634
vn -0.959707 -0.00167943793 -0.280997634
vn -0.959707 -0.00167943793 -0.280997634
vn -0.959707439 -0.00152252475 -0.280997
vn -0.62358886 0.01232962 -0.781655133
vn -0.62358886 0.01232962 -0.781655133
vn -0.62358886 0.01232962 -0.781655133
vn -0.6898323 0.0235705115 -0.7235853
vn -0.6898323 0.0235705115 -0.7235853
vn -0.6898323 0.0235705115 -0.7235853
vn -0.6882727 0.0712008 -0.721949458
vn -0.6882727 0.0712008 -0.721949458
vn -0.6882727 0.0712008 -0.721949458
vn -0.6882728 0.0712008253 -0.721949458
vn -0.732562959 -0.152480379 -0.663401246
vn -0.732562959 -0.152480379 -0.663401246
vn -0.732562959 -0.152480379 -0.663401246
vn -0.8813631 -0.000257435866 -0.472439468
vn -0.8813631 -0.000257435866 -0.472439468
vn -0.8813631 -0.000257435866 -0.472439468
vn -0.843179047 0.005598767 -0.5376038
vn -0.843179047 0.005598767 -0.5376038
vn -0.843179047 0.005598767 -0.5376038
vn -0.8420031 0.0530894 -0.536854
vn -0.8420031 0.0530894 -0.536854
vn -0.8420031 0.0530894 -0.536854
vn -0.882738531 0.05397165 -0.4667544
vn -0.882738531 0.05397165 -0.4667544
vn -0.882738531 0.05397165 -0.4667544
vn -0.8898777 0.1076228 -0.443322748
vn -0.8898777 0.1076228 -0.443322748
vn -0.8898777 0.1076228 -0.443322748
vn 0.779842556 0.436480582 0.4486985
vn 0.779842556 0.436480582 0.4486985
vn 0.779842556 0.436480582 0.4486985
vn 0.7771389 0.350850046 0.522455156
vn 0.7771389 0.350850046 0.522455156
vn 0.7771389 0.350850046 0.522455156
vn 0.735669553 0.3947021 0.550454855
vn 0.735669553 0.3947021 0.550454855
vn 0.735669553 0.3947021 0.550454855
vn 0.740079939 -0.09109921 -0.666320264
vn 0.740079939 -0.09109921 -0.666320264
vn 0.740079939 -0.09109921 -0.666320264
vn 0.7242012 -0.08348687 -0.6845163
vn 0.7242012 -0.08348687 -0.6845163
vn 0.7242012 -0.08348687 -0.6845163
vn 0.70577544 -0.111471586 -0.699610651
vn 0.70577544 -0.111471586 -0.699610651
vn 0.70577544 -0.111471586 -0.699610651
vn 0.70266515 -0.110775389 -0.70284456
vn 0.70266515 -0.110775389 -0.70284456
vn 0.70266515 -0.110775389 -0.70284456
vn 0.693005443 -0.132965073 -0.70856446
vn 0.693005443 -0.132965073 -0.70856446
vn 0.693005443 -0.132965073 -0.70856446
vn 0.6402973 -0.127122477 -0.75753504
vn 0.6402973 -0.127122477 -0.75753504
vn 0.6402973 -0.127122477 -0.75753504
vn 0.671860933 -0.314547837 -0.6705688
vn 0.671860933 -0.314547837 -0.6705688
vn 0.671860933 -0.314547837 -0.6705688
vn 0.9413936 -0.07574651 -0.328695238
vn 0.9413936 -0.07574651 -0.328695238
vn 0.9413936 -0.07574651 -0.328695238
vn 0.995326042 -0.05314337 0.080633685
vn 0.995326042 -0.05314337 0.080633685
vn 0.995326042 -0.05314337 0.080633685
vn 0.9919466 -0.020126652 0.125047922
vn 0.9919466 -0.020126652 0.125047922
vn 0.9919466 -0.020126652 0.125047922
vn 0.999741435 -0.003613951 0.0224536639
vn 0.999741435 -0.003613951 0.0224536639
vn 0.999741435 -0.003613951 0.0224536639
vn 0.995016932 0.09735237 0.0215387419
vn 0.995016932 0.09735237 0.0215387419
vn 0.995016932 0.09735237 0.0215387419
vn 0.9521781 0.206164554 0.225506216
vn 0.9521781 0.206164554 0.225506216
vn 0.9521781 0.206164554 0.225506216
vn 0.9433265 0.1850149 0.275508
vn 0.9433265 0.1850149 0.275508
vn 0.9433265 0.1850149 0.275508
vn 0.905936539 -0.0512616672 -0.420299
vn 0.905936539 -0.0512616672 -0.420299
vn 0.905936539 -0.0512616672 -0.420299
vn 0.8982972 -0.0705421343 -0.4336887
vn 0.8982972 -0.0705421343 -0.4336887
vn 0.8982972 -0.0705421343 -0.4336887
vn 0.9173944 -0.07812803 -0.3902352
vn 0.9173944 -0.07812803 -0.3902352
vn 0.9173944 -0.07812803 -0.3902352
vn 0.923283637 -0.06357039 -0.378822029
vn 0.923283637 -0.06357039 -0.378822029
vn 0.923283637 -0.06357039 -0.378822029
vn 0.99759233 0.01361436 0.06800123
vn 0.99759233 0.01361436 0.06800123
vn 0.99759233 0.01361436 0.06800123
vn 0.9015808 0.134806976 0.411070675
vn 0.9015808 0.134806976 0.411070675
vn 0.9015808 0.134806976 0.411070675
vn 0.895624459 0.125071555 0.42686522
vn 0.895624459 0.125071555 0.42686522
vn 0.895624459 0.125071555 0.42686522
vn 0.930169 0.07053209 0.360292733
vn 0.930169 0.07053209 0.360292733
vn 0.930169 0.07053209 0.360292733
vn 0.937713444 0.09529179 0.334085345
vn 0.937713444 0.09529179 0.334085345
vn 0.937713444 0.09529179 0.334085345
vn 0.9545208 0.0402896032 0.295409441
vn 0.9545208 0.0402896032 0.295409441
vn 0.9545208 0.0402896032 0.295409441
vn 0.9583881 0.04901175 0.2812294
vn 0.9583881 0.04901175 0.2812294
vn 0.9583881 0.04901175 0.2812294
vn 0.9565079 -0.07945183 0.280677646
vn 0.9565079 -0.07945183 0.280677646
vn 0.9565079 -0.07945183 0.280677646
vn 0.928889751 -0.133030012 0.345639825
vn 0.928889751 -0.133030012 0.345639825
vn 0.928889751 -0.133030012 0.345639825
vn 0.929824769 -0.124479622 0.346310347
vn 0.929824769 -0.124479622 0.346310347
vn 0.929824769 -0.124479622 0.346310347
vn 0.5810199 -0.275304049 0.765913546
vn 0.5810199 -0.275304049 0.765913546
vn 0.5810199 -0.275304049 0.765913546
vn 0.581039846 -0.321519852 0.7476749
vn 0.581039846 -0.321519852 0.7476749
vn 0.581039846 -0.321519852 0.7476749
vn 0.670134544 -0.266608417 0.692704439
vn 0.670134544 -0.266608417 0.692704439
vn 0.670134544 -0.266608417 0.692704439
vn 0.691994131 0.0974147245 0.7153003
vn 0.691994131 0.0974147245 0.7153003
vn 0.691994131 0.0974147245 0.7153003
vn 0.7448293 0.114560343 0.657347262
vn 0.7448293 0.114560343 0.657347262
vn 0.7448293 0.114560343 0.657347262
vn 0.7445077 0.118220404 0.657063365
vn 0.7445077 0.118220404 0.657063365
vn 0.7445077 0.118220404 0.657063365
vn 0.8071672 0.144582644 0.572343349
vn 0.8071672 0.144582644 0.572343349
vn 0.8071672 0.144582644 0.572343349
vn 0.80900985 0.128174916 0.573649943
vn 0.80900985 0.128174916 0.573649943
vn 0.80900985 0.128174916 0.573649943
vn 0.846765459 0.1461237 0.511503935
vn 0.846765459 0.1461237 0.511503935
vn 0.846765459 0.1461237 0.511503935
vn 0.84770304 0.138505146 0.512070239
vn 0.84770304 0.138505146 0.512070239
vn 0.84770304 0.138505146 0.512070239
vn 0.8045099 0.11344526 0.5830043
vn 0.8045099 0.11344526 0.5830043
vn 0.8045099 0.11344526 0.5830043
vn 0.7964375 0.15388149 0.5848144
vn 0.7964375 0.15388149 0.5848144
vn 0.7964375 0.15388149 0.5848144
vn 0.9999808 -0.00115039223 0.006086778
vn 0.9999808 -0.00115039223 0.006086778
vn 0.9999808 -0.00115039223 0.006086778
vn 0.796090961 0.153814539 -0.585303545
vn 0.796090961 0.153814539 -0.585303545
vn 0.796090961 0.153814539 -0.585303545
vn 0.8041857 0.113266662 -0.58348614
vn 0.8041857 0.113266662 -0.58348614
vn 0.8041857 0.113266662 -0.58348614
vn 0.8477029 0.138505131 -0.5120705
vn 0.8477029 0.138505131 -0.5120705
vn 0.8477029 0.138505131 -0.5120705
vn 0.8467377 0.146341756 -0.5114875
vn 0.8467377 0.146341756 -0.5114875
vn 0.8467377 0.146341756 -0.5114875
vn 0.808669567 0.128277183 -0.5741067
vn 0.808669567 0.128277183 -0.5741067
vn 0.808669567 0.128277183 -0.5741067
vn 0.8068548 0.144444913 -0.572818339
vn 0.8068548 0.144444913 -0.572818339
vn 0.8068548 0.144444913 -0.572818339
vn 0.7449412 0.118395247 -0.656540334
vn 0.7449412 0.118395247 -0.656540334
vn 0.7449412 0.118395247 -0.656540334
vn 0.7452861 0.114472657 -0.656844437
vn 0.7452861 0.114472657 -0.656844437
vn 0.7452861 0.114472657 -0.656844437
vn 0.692011833 0.0971601754 -0.7153178
vn 0.692011833 0.0971601754 -0.7153178
vn 0.692011833 0.0971601754 -0.7153178
vn 0.670134962 -0.266608328 -0.6927041
vn 0.670134962 -0.266608328 -0.6927041
vn 0.670134962 -0.266608328 -0.6927041
vn 0.58104 -0.321519971 -0.747674763
vn 0.58104 -0.321519971 -0.747674763
vn 0.58104 -0.321519971 -0.747674763
vn 0.581016243 -0.2750601 -0.766003966
vn 0.581016243 -0.2750601 -0.766003966
vn 0.581016243 -0.2750601 -0.766003966
vn 0.9297126 -0.1244646 -0.346616566
vn 0.9297126 -0.1244646 -0.346616566
vn 0.9297126 -0.1244646 -0.346616566
vn 0.9287635 -0.133143753 -0.345935225
vn 0.9287635 -0.133143753 -0.345935225
vn 0.9287635 -0.133143753 -0.345935225
vn 0.956470847 -0.0794487447 -0.280804843
vn 0.956470847 -0.0794487447 -0.280804843
vn 0.956470847 -0.0794487447 -0.280804843
vn 0.9583497 0.04903387 -0.281356424
vn 0.9583497 0.04903387 -0.281356424
vn 0.9583497 0.04903387 -0.281356424
vn 0.954467 0.04028733 -0.295583576
vn 0.954467 0.04028733 -0.295583576
vn 0.954467 0.04028733 -0.295583576
vn 0.9376822 0.0951802656 -0.3342046
vn 0.9376822 0.0951802656 -0.3342046
vn 0.9376822 0.0951802656 -0.3342046
vn 0.9301691 0.0705321 -0.360292673
vn 0.9301691 0.0705321 -0.360292673
vn 0.9301691 0.0705321 -0.360292673
vn 0.8954361 0.125336424 -0.427182585
vn 0.8954361 0.125336424 -0.427182585
vn 0.8954361 0.125336424 -0.427182585
vn 0.901217163 0.1347526 -0.411884934
vn 0.901217163 0.1347526 -0.411884934
vn 0.901217163 0.1347526 -0.411884934
vn 0.999980748 -0.00115039246 -0.00610129535
vn 0.999980748 -0.00115039246 -0.00610129535
vn 0.999980748 -0.00115039246 -0.00610129535
vn -0.779842556 0.436480582 0.44869855
vn -0.779842556 0.436480582 0.44869855
vn -0.779842556 0.436480582 0.44869855
vn -0.7771389 0.350850016 0.522455156
vn -0.7771389 0.350850016 0.522455156
vn -0.7771389 0.350850016 0.522455156
vn -0.735669553 0.394702077 0.550454855
vn -0.735669553 0.394702077 0.550454855
vn -0.735669553 0.394702077 0.550454855
vn -0.740079939 -0.09109922 -0.6663203
vn -0.740079939 -0.09109922 -0.6663203
vn -0.740079939 -0.09109922 -0.6663203
vn -0.7242012 -0.08348686 -0.684516251
vn -0.7242012 -0.08348686 -0.684516251
vn -0.7242012 -0.08348686 -0.684516251
vn -0.70577544 -0.111471586 -0.699610651
vn -0.70577544 -0.111471586 -0.699610651
vn -0.70577544 -0.111471586 -0.699610651
vn -0.7026652 -0.1107754 -0.7028445
vn -0.7026652 -0.1107754 -0.7028445
vn -0.7026652 -0.1107754 -0.7028445
vn -0.693005562 -0.132965073 -0.7085645
vn -0.693005562 -0.132965073 -0.7085645
vn -0.693005562 -0.132965073 -0.7085645
vn -0.640297353 -0.127122447 -0.7575349
vn -0.640297353 -0.127122447 -0.7575349
vn -0.640297353 -0.127122447 -0.7575349
vn -0.671861 -0.314547777 -0.670568764
vn -0.671861 -0.314547777 -0.670568764
vn -0.671861 -0.314547777 -0.670568764
vn -0.941393554 -0.07574651 -0.328695327
vn -0.941393554 -0.07574651 -0.328695327
vn -0.941393554 -0.07574651 -0.328695327
vn -0.9953261 -0.05314337 0.080633685
vn -0.9953261 -0.05314337 0.080633685
vn -0.9953261 -0.05314337 0.080633685
vn -0.9919466 -0.02012665 0.125047922
vn -0.9919466 -0.02012665 0.125047922
vn -0.9919466 -0.02012665 0.125047922
vn -0.9997414 -0.00361397141 0.02245379
vn -0.9997414 -0.00361397141 0.02245379
vn -0.9997414 -0.00361397141 0.02245379
vn -0.9950168 0.09735243 0.0215388648
vn -0.9950168 0.09735243 0.0215388648
vn -0.9950168 0.09735243 0.0215388648
vn -0.9521781 0.206164554 0.225506216
vn -0.9521781 0.206164554 0.225506216
vn -0.9521781 0.206164554 0.225506216
vn -0.9433265 0.1850149 0.275508
vn -0.9433265 0.1850149 0.275508
vn -0.9433265 0.1850149 0.275508
vn -0.9059366 -0.0512616672 -0.420299023
vn -0.9059366 -0.0512616672 -0.420299023
vn -0.9059366 -0.0512616672 -0.420299023
vn -0.8982972 -0.0705421641 -0.43368873
vn -0.8982972 -0.0705421641 -0.43368873
vn -0.8982972 -0.0705421641 -0.43368873
vn -0.9173944 -0.07812805 -0.390235275
vn -0.9173944 -0.07812805 -0.390235275
vn -0.9173944 -0.07812805 -0.390235275
vn -0.9232836 -0.0635703951 -0.378822118
vn -0.9232836 -0.0635703951 -0.378822118
vn -0.9232836 -0.0635703951 -0.378822118
vn -0.9975924 0.0136143621 0.06800124
vn -0.9975924 0.0136143621 0.06800124
vn -0.9975924 0.0136143621 0.06800124
vn -0.9015808 0.134806991 0.411070764
vn -0.9015808 0.134806991 0.411070764
vn -0.9015808 0.134806991 0.411070764
vn -0.895624459 0.12507157 0.426865339
vn -0.895624459 0.12507157 0.426865339
vn -0.895624459 0.12507157 0.426865339
vn -0.930169046 0.07053202 0.3602927
vn -0.930169046 0.07053202 0.3602927
vn -0.930169046 0.07053202 0.3602927
vn -0.937713444 0.09529175 0.334085226
vn -0.937713444 0.09529175 0.334085226
vn -0.937713444 0.09529175 0.334085226
vn -0.9545208 0.04028968 0.295409381
vn -0.9545208 0.04028968 0.295409381
vn -0.9545208 0.04028968 0.295409381
vn -0.9583881 0.0490117669 0.281229466
vn -0.9583881 0.0490117669 0.281229466
vn -0.9583881 0.0490117669 0.281229466
vn -0.9565079 -0.07945192 0.280677736
vn -0.9565079 -0.07945192 0.280677736
vn -0.9565079 -0.07945192 0.280677736
vn -0.928889751 -0.133029982 0.3456397
vn -0.928889751 -0.133029982 0.3456397
vn -0.928889751 -0.133029982 0.3456397
vn -0.929824769 -0.1244796 0.346310258
vn -0.929824769 -0.1244796 0.346310258
vn -0.929824769 -0.1244796 0.346310258
vn -0.581019938 -0.275304049 0.765913546
vn -0.581019938 -0.275304049 0.765913546
vn -0.581019938 -0.275304049 0.765913546
vn -0.5810399 -0.321519852 0.7476748
vn -0.5810399 -0.321519852 0.7476748
vn -0.5810399 -0.321519852 0.7476748
vn -0.6701346 -0.266608417 0.692704439
vn -0.6701346 -0.266608417 0.692704439
vn -0.6701346 -0.266608417 0.692704439
vn -0.6919942 0.09741472 0.7153002
vn -0.6919942 0.09741472 0.7153002
vn -0.6919942 0.09741472 0.7153002
vn -0.7448293 0.114560321 0.6573471
vn -0.7448293 0.114560321 0.6573471
vn -0.7448293 0.114560321 0.6573471
vn -0.7445077 0.118220404 0.657063365
vn -0.7445077 0.118220404 0.657063365
vn -0.7445077 0.118220404 0.657063365
vn -0.807167232 0.144582644 0.572343349
vn -0.807167232 0.144582644 0.572343349
vn -0.807167232 0.144582644 0.572343349
vn -0.80900985 0.128174886 0.5736499
vn -0.80900985 0.128174886 0.5736499
vn -0.80900985 0.128174886 0.5736499
vn -0.846765459 0.1461237 0.5115038
vn -0.846765459 0.1461237 0.5115038
vn -0.846765459 0.1461237 0.5115038
vn -0.9583497 0.04903388 -0.2813565
vn -0.9583497 0.04903388 -0.2813565
vn -0.9583497 0.04903388 -0.2813565
vn -0.954467 0.0402874053 -0.295583516
vn -0.954467 0.0402874053 -0.295583516
vn -0.954467 0.0402874053 -0.295583516
vn -0.937682331 0.09518024 -0.334204555
vn -0.937682331 0.09518024 -0.334204555
vn -0.937682331 0.09518024 -0.334204555
vn -0.9301691 0.07053202 -0.360292584
vn -0.9301691 0.07053202 -0.360292584
vn -0.9301691 0.07053202 -0.360292584
vn -0.8954361 0.125336453 -0.427182734
vn -0.8954361 0.125336453 -0.427182734
vn -0.8954361 0.125336453 -0.427182734
vn -0.901217163 0.134752631 -0.4118851
vn -0.901217163 0.134752631 -0.4118851
vn -0.901217163 0.134752631 -0.4118851
vn -0.9999807 -0.00115039211 -0.00610138942
vn -0.9999807 -0.00115039211 -0.00610138942
vn -0.9999807 -0.00115039211 -0.00610138942
vn -0.9999808 -0.00115039246 0.006086871
vn -0.9999808 -0.00115039246 0.006086871
vn -0.9999808 -0.00115039246 0.006086871
vn -0.84770304 0.138505116 0.5120702
vn -0.84770304 0.138505116 0.5120702
vn -0.84770304 0.138505116 0.5120702
vn -0.8045099 0.113445237 0.5830043
vn -0.8045099 0.113445237 0.5830043
vn -0.8045099 0.113445237 0.5830043
vn -0.7964375 0.15388146 0.58481437
vn -0.7964375 0.15388146 0.58481437
vn -0.7964375 0.15388146 0.58481437
vn -0.7960911 0.153814539 -0.585303545
vn -0.7960911 0.153814539 -0.585303545
vn -0.7960911 0.153814539 -0.585303545
vn -0.8041857 0.113266625 -0.58348614
vn -0.8041857 0.113266625 -0.58348614
vn -0.8041857 0.113266625 -0.58348614
vn -0.8477029 0.138505116 -0.5120704
vn -0.8477029 0.138505116 -0.5120704
vn -0.8477029 0.138505116 -0.5120704
vn -0.846737742 0.146341741 -0.5114874
vn -0.846737742 0.146341741 -0.5114874
vn -0.846737742 0.146341741 -0.5114874
vn -0.8086696 0.128277168 -0.574106634
vn -0.8086696 0.128277168 -0.574106634
vn -0.8086696 0.128277168 -0.574106634
vn -0.806854844 0.144444913 -0.572818339
vn -0.806854844 0.144444913 -0.572818339
vn -0.806854844 0.144444913 -0.572818339
vn -0.7449412 0.118395232 -0.656540334
vn -0.7449412 0.118395232 -0.656540334
vn -0.7449412 0.118395232 -0.656540334
vn -0.745286167 0.114472657 -0.6568444
vn -0.745286167 0.114472657 -0.6568444
vn -0.745286167 0.114472657 -0.6568444
vn -0.6920119 0.0971601754 -0.715317667
vn -0.6920119 0.0971601754 -0.715317667
vn -0.6920119 0.0971601754 -0.715317667
vn -0.670135 -0.266608268 -0.6927041
vn -0.670135 -0.266608268 -0.6927041
vn -0.670135 -0.266608268 -0.6927041
vn -0.5810401 -0.321519941 -0.7476747
vn -0.5810401 -0.321519941 -0.7476747
vn -0.5810401 -0.321519941 -0.7476747
vn -0.581016243 -0.275060147 -0.766004
vn -0.581016243 -0.275060147 -0.766004
vn -0.581016243 -0.275060147 -0.766004
vn -0.9297126 -0.124464579 -0.346616477
vn -0.9297126 -0.124464579 -0.346616477
vn -0.9297126 -0.124464579 -0.346616477
vn -0.9287635 -0.133143708 -0.3459352
vn -0.9287635 -0.133143708 -0.3459352
vn -0.9287635 -0.133143708 -0.3459352
vn -0.956470847 -0.07944884 -0.280804932
vn -0.956470847 -0.07944884 -0.280804932
vn -0.956470847 -0.07944884 -0.280804932
vn -0.488153756 -0.628726542 0.6053171
vn -0.488153756 -0.628726542 0.6053171
vn -0.488153756 -0.628726542 0.6053171
vn -0.704813361 -0.337042272 0.6242121
vn -0.704813361 -0.337042272 0.6242121
vn -0.704813361 -0.337042272 0.6242121
vn -0.7284026 -0.5705396 0.379360348
vn -0.7284026 -0.5705396 0.379360348
vn -0.7284026 -0.5705396 0.379360348
vn -0.7849104 -0.5842506 0.206317544
vn -0.7849104 -0.5842506 0.206317544
vn -0.7849104 -0.5842506 0.206317544
vn -0.7443853 -0.667447448 0.020108968
vn -0.7443853 -0.667447448 0.020108968
vn -0.7443853 -0.667447448 0.020108968
vn -0.7866541 -0.589568436 -0.183260128
vn -0.7866541 -0.589568436 -0.183260128
vn -0.7866541 -0.589568436 -0.183260128
vn -0.778015137 -0.592756748 -0.208163217
vn -0.778015137 -0.592756748 -0.208163217
vn -0.778015137 -0.592756748 -0.208163217
vn -0.7834884 -0.5118238 -0.352395147
vn -0.7834884 -0.5118238 -0.352395147
vn -0.7834884 -0.5118238 -0.352395147
vn -0.7866699 -0.5110758 -0.3463407
vn -0.7866699 -0.5110758 -0.3463407
vn -0.7866699 -0.5110758 -0.3463407
vn -0.772507131 -0.392109036 -0.49948296
vn -0.772507131 -0.392109036 -0.49948296
vn -0.772507131 -0.392109036 -0.49948296
vn -0.8311866 -0.3876846 -0.39853397
vn -0.8311866 -0.3876846 -0.39853397
vn -0.8311866 -0.3876846 -0.39853397
vn -0.806481361 0.5333853 0.255123347
vn -0.806481361 0.5333853 0.255123347
vn -0.806481361 0.5333853 0.255123347
vn -0.74077 0.665466547 -0.09172921
vn -0.74077 0.665466547 -0.09172921
vn -0.74077 0.665466547 -0.09172921
vn -0.702425957 0.7080603 0.0724452361
vn -0.702425957 0.7080603 0.0724452361
vn -0.702425957 0.7080603 0.0724452361
vn -0.6226102 0.714919031 -0.3181939
vn -0.6226102 0.714919031 -0.3181939
vn -0.6226102 0.714919031 -0.3181939
vn -0.418711275 0.0174614 -0.907951534
vn -0.418711275 0.0174614 -0.907951534
vn -0.418711275 0.0174614 -0.907951534
vn -0.45577243 0.06726043 -0.8875514
vn -0.45577243 0.06726043 -0.8875514
vn -0.45577243 0.06726043 -0.8875514
vn -0.9376291 0.347575575 0.006548678
vn -0.9376291 0.347575575 0.006548678
vn -0.9376291 0.347575575 0.006548678
vn -0.773336 -0.219777018 -0.5946844
vn -0.773336 -0.219777018 -0.5946844
vn -0.773336 -0.219777018 -0.5946844
vn -0.9684355 0.167203248 -0.184866577
vn -0.9684355 0.167203248 -0.184866577
vn -0.9684355 0.167203248 -0.184866577
vn -0.8900485 0.09506327 -0.445843548
vn -0.8900485 0.09506327 -0.445843548
vn -0.8900485 0.09506327 -0.445843548
vn -0.954538167 0.0440790057 -0.294811755
vn -0.954538167 0.0440790057 -0.294811755
vn -0.954538167 0.0440790057 -0.294811755
vn -0.8884135 0.08083835 0.451870084
vn -0.8884135 0.08083835 0.451870084
vn -0.8884135 0.08083835 0.451870084
vn -0.8270661 0.008823075 0.562035441
vn -0.8270661 0.008823075 0.562035441
vn -0.8270661 0.008823075 0.562035441
vn -0.8269774 -0.07137174 0.5576868
vn -0.8269774 -0.07137174 0.5576868
vn -0.8269774 -0.07137174 0.5576868
vn -0.7504561 -0.133460745 0.647305131
vn -0.7504561 -0.133460745 0.647305131
vn -0.7504561 -0.133460745 0.647305131
vn -0.7468792 -0.2115081 0.630425036
vn -0.7468792 -0.2115081 0.630425036
vn -0.7468792 -0.2115081 0.630425036
vn -0.9543662 -0.003846455 -0.2986141
vn -0.9543662 -0.003846455 -0.2986141
vn -0.9543662 -0.003846455 -0.2986141
vn -0.8896922 0.0506315678 0.4537446
vn -0.8896922 0.0506315678 0.4537446
vn -0.8896922 0.0506315678 0.4537446
vn -0.454580039 0.07071724 0.8878942
vn -0.454580039 0.07071724 0.8878942
vn -0.454580039 0.07071724 0.8878942
vn -0.359341 -0.0172800533 0.933046341
vn -0.359341 -0.0172800533 0.933046341
vn -0.359341 -0.0172800533 0.933046341
vn -0.359835953 -0.0054508117 0.9329997
vn -0.359835953 -0.0054508117 0.9329997
vn -0.359835953 -0.0054508117 0.9329997
vn -0.368334949 0 0.929693162
vn -0.368334949 0 0.929693162
vn -0.368334949 0 0.929693162
vn -0.365990043 -0.153842062 0.9178148
vn -0.365990043 -0.153842062 0.9178148
vn -0.365990043 -0.153842062 0.9178148
vn -0.3640337 -0.154902413 0.9184142
vn -0.3640337 -0.154902413 0.9184142
vn -0.3640337 -0.154902413 0.9184142
vn -0.360397369 -0.27968365 0.8898824
vn -0.360397369 -0.27968365 0.8898824
vn -0.360397369 -0.27968365 0.8898824
vn -0.349882036 -0.276930541 0.8949257
vn -0.349882036 -0.276930541 0.8949257
vn -0.349882036 -0.276930541 0.8949257
vn -0.346946359 -0.3851457 0.8551555
vn -0.346946359 -0.3851457 0.8551555
vn -0.346946359 -0.3851457 0.8551555
vn -0.920106 -0.324323356 0.2195888
vn -0.920106 -0.324323356 0.2195888
vn -0.920106 -0.324323356 0.2195888
vn -0.877060235 0.45735237 -0.1469496
vn -0.877060235 0.45735237 -0.1469496
vn -0.877060235 0.45735237 -0.1469496
vn -0.8433756 0.413549364 0.343066245
vn -0.8433756 0.413549364 0.343066245
vn -0.8433756 0.413549364 0.343066245
vn -0.8659954 0.3067175 0.3949384
vn -0.8659954 0.3067175 0.3949384
vn -0.8659954 0.3067175 0.3949384
vn -0.807211339 0.1219977 0.57751745
vn -0.807211339 0.1219977 0.57751745
vn -0.807211339 0.1219977 0.57751745
vn -0.8314602 0.035562858 0.5544451
vn -0.8314602 0.035562858 0.5544451
vn -0.8314602 0.035562858 0.5544451
vn -0.34341982 0.4111088 -0.844424367
vn -0.34341982 0.4111088 -0.844424367
vn -0.34341982 0.4111088 -0.844424367
vn -0.773564637 -0.175798446 -0.608845353
vn -0.773564637 -0.175798446 -0.608845353
vn -0.773564637 -0.175798446 -0.608845353
vn -0.828799367 -0.109421879 -0.5487426
vn -0.828799367 -0.109421879 -0.5487426
vn -0.828799367 -0.109421879 -0.5487426
vn -0.9572459 -0.113126613 -0.266237825
vn -0.9572459 -0.113126613 -0.266237825
vn -0.9572459 -0.113126613 -0.266237825
vn -0.984229147 -0.01892356 -0.175882965
vn -0.984229147 -0.01892356 -0.175882965
vn -0.984229147 -0.01892356 -0.175882965
vn -0.9842292 -0.0189235676 0.175883
vn -0.9842292 -0.0189235676 0.175883
vn -0.9842292 -0.0189235676 0.175883
vn -0.98241365 -0.0279068239 0.184620053
vn -0.98241365 -0.0279068239 0.184620053
vn -0.98241365 -0.0279068239 0.184620053
vn -0.8340454 -0.0378868952 0.5503932
vn -0.8340454 -0.0378868952 0.5503932
vn -0.8340454 -0.0378868952 0.5503932
vn -0.16110228 -0.939484954 -0.30234772
vn -0.16110228 -0.939484954 -0.30234772
vn -0.16110228 -0.939484954 -0.30234772
vn -0.843865633 -0.228209451 -0.4856041
vn -0.843865633 -0.228209451 -0.4856041
vn -0.843865633 -0.228209451 -0.4856041
vn -0.8943552 0.028291814 0.446462035
vn -0.8943552 0.028291814 0.446462035
vn -0.8943552 0.028291814 0.446462035
vn -0.8964998 0.00296411221 0.443034053
vn -0.8964998 0.00296411221 0.443034053
vn -0.8964998 0.00296411221 0.443034053
vn -0.9016287 0.004488275 0.432487637
vn -0.9016287 0.004488275 0.432487637
vn -0.9016287 0.004488275 0.432487637
vn -0.913161635 -0.030027641 0.406489968
vn -0.913161635 -0.030027641 0.406489968
vn -0.913161635 -0.030027641 0.406489968
vn -0.5784702 0.333789825 0.744282663
vn -0.5784702 0.333789825 0.744282663
vn -0.5784702 0.333789825 0.744282663
vn -0.69300586 -0.132965118 0.708564162
vn -0.69300586 -0.132965118 0.708564162
vn -0.69300586 -0.132965118 0.708564162
vn -0.6798878 0.5066781 -0.530122638
vn -0.6798878 0.5066781 -0.530122638
vn -0.6798878 0.5066781 -0.530122638
vn -0.6168154 0.4742746 -0.6281739
vn -0.6168154 0.4742746 -0.6281739
vn -0.6168154 0.4742746 -0.6281739
vn -0.6017025 0.7650878 -0.229335457
vn -0.6017025 0.7650878 -0.229335457
vn -0.6017025 0.7650878 -0.229335457
vn 0.5441562 -0.00268034451 -0.8389797
vn 0.5441562 -0.00268034451 -0.8389797
vn 0.5441562 -0.00268034451 -0.8389797
vn 0.546 0 -0.837785244
vn 0.546 0 -0.837785244
vn 0.546 0 -0.837785244
vn 0.6033935 -0.210941255 -0.7690384
vn 0.6033935 -0.210941255 -0.7690384
vn 0.6033935 -0.210941255 -0.7690384
vn 0.472345442 -0.49580723 -0.728741944
vn 0.472345442 -0.49580723 -0.728741944
vn 0.472345442 -0.49580723 -0.728741944
vn 0.438840121 -0.853497 -0.2810024
vn 0.438840121 -0.853497 -0.2810024
vn 0.438840121 -0.853497 -0.2810024
vn 0.350168526 -0.833085954 -0.428193748
vn 0.350168526 -0.833085954 -0.428193748
vn 0.350168526 -0.833085954 -0.428193748
vn 0.340916425 -0.939737737 0.02586409
vn 0.340916425 -0.939737737 0.02586409
vn 0.340916425 -0.939737737 0.02586409
vn 0.3436787 -0.9388315 0.0219149683
vn 0.3436787 -0.9388315 0.0219149683
vn 0.3436787 -0.9388315 0.0219149683
vn 0.99999994 0 0
vn 0.99999994 0 0
vn 0.99999994 0 0
vn 1 0 0
vn 0.6649021 -0.194341242 0.721205056
vn 0.6649021 -0.194341242 0.721205056
vn 0.6649021 -0.194341242 0.721205056
vn 0.6614726 -0.3053783 0.6849803
vn 0.6614726 -0.3053783 0.6849803
vn 0.6614726 -0.3053783 0.6849803
vn 0.294555247 -0.370750755 0.880784333
vn 0.294555247 -0.370750755 0.880784333
vn 0.294555247 -0.370750755 0.880784333
vn 0.2927732 -0.491763651 0.820031941
vn 0.2927732 -0.491763651 0.820031941
vn 0.2927732 -0.491763651 0.820031941
vn 0.309416682 -0.494917184 0.8119841
vn 0.309416682 -0.494917184 0.8119841
vn 0.309416682 -0.494917184 0.8119841
vn 0.303201377 -0.608148158 0.733638
vn 0.303201377 -0.608148158 0.733638
vn 0.303201377 -0.608148158 0.733638
vn 0.365160018 -0.6034196 0.7089027
vn 0.365160018 -0.6034196 0.7089027
vn 0.365160018 -0.6034196 0.7089027
vn 0.616217136 -0.5078287 0.6019853
vn 0.616217136 -0.5078287 0.6019853
vn 0.616217136 -0.5078287 0.6019853
vn 0.6236031 -0.4095969 0.6658449
vn 0.6236031 -0.4095969 0.6658449
vn 0.6236031 -0.4095969 0.6658449
vn 0.653916955 -0.4083176 0.636921763
vn 0.653916955 -0.4083176 0.636921763
vn 0.653916955 -0.4083176 0.636921763
vn 0.657791555 -0.304859251 0.688746
vn 0.657791555 -0.304859251 0.688746
vn 0.657791555 -0.304859251 0.688746
vn 0.8312879 0.3370948 -0.4419587
vn 0.8312879 0.3370948 -0.4419587
vn 0.8312879 0.3370948 -0.4419587
vn 0.8174555 0.34421736 -0.4618237
vn 0.8174555 0.34421736 -0.4618237
vn 0.8174555 0.34421736 -0.4618237
vn -0.538117 0.77725625 -0.326041162
vn -0.538117 0.77725625 -0.326041162
vn -0.538117 0.77725625 -0.326041162
vn -0.564469159 0.772246361 0.29156515
vn -0.564469159 0.772246361 0.29156515
vn -0.564469159 0.772246361 0.29156515
vn -0.5333437 0.805748165 0.2575157
vn -0.5333437 0.805748165 0.2575157
vn -0.5333437 0.805748165 0.2575157
vn -0.765855253 -0.105766863 0.6342548
vn -0.765855253 -0.105766863 0.6342548
vn -0.765855253 -0.105766863 0.6342548
vn 0.377798736 0 -0.9258877
vn 0.377798736 0 -0.9258877
vn 0.377798736 0 -0.9258877
vn 0.377798736 0 -0.9258877
vn 0.8329451 0 -0.5533555
vn 0.8329451 0 -0.5533555
vn 0.8329451 0 -0.5533555
vn -0.521551669 0.432650119 0.735389531
vn -0.521551669 0.432650119 0.735389531
vn -0.521551669 0.432650119 0.735389531
vn -0.447692871 0.528423548 0.721345663
vn -0.447692871 0.528423548 0.721345663
vn -0.447692871 0.528423548 0.721345663
vn -0.443614781 -0.0104809785 0.8961563
vn -0.443614781 -0.0104809785 0.8961563
vn -0.443614781 -0.0104809785 0.8961563
vn -0.384205461 0.05099677 0.9218381
vn -0.384205461 0.05099677 0.9218381
vn -0.384205461 0.05099677 0.9218381
vn -0.372179925 -0.4417329 0.816305161
vn -0.372179925 -0.4417329 0.816305161
vn -0.372179925 -0.4417329 0.816305161
vn -0.3658218 -0.436978757 0.8217202
vn -0.3658218 -0.436978757 0.8217202
vn -0.3658218 -0.436978757 0.8217202
vn -0.349824965 -0.73501116 0.5808452
vn -0.349824965 -0.73501116 0.5808452
vn -0.349824965 -0.73501116 0.5808452
vn -0.338945329 -0.731628 0.5914699
vn -0.338945329 -0.731628 0.5914699
vn -0.338945329 -0.731628 0.5914699
vn -0.5537507 -0.8205597 -0.141569242
vn -0.5537507 -0.8205597 -0.141569242
vn -0.5537507 -0.8205597 -0.141569242
vn -0.5803003 -0.7707106 -0.263167083
vn -0.5803003 -0.7707106 -0.263167083
vn -0.5803003 -0.7707106 -0.263167083
vn -0.288463742 -0.06669326 -0.9551652
vn -0.288463742 -0.06669326 -0.9551652
vn -0.288463742 -0.06669326 -0.9551652
vn -0.966116846 -0.191456437 0.173097163
vn -0.966116846 -0.191456437 0.173097163
vn -0.966116846 -0.191456437 0.173097163
vn -0.949369669 -0.139354259 0.2815628
vn -0.949369669 -0.139354259 0.2815628
vn -0.949369669 -0.139354259 0.2815628
vn -0.97544086 0.09169338 -0.2002682
vn -0.97544086 0.09169338 -0.2002682
vn -0.97544086 0.09169338 -0.2002682
vn -0.9448065 0.0758947358 -0.3187169
vn -0.9448065 0.0758947358 -0.3187169
vn -0.9448065 0.0758947358 -0.3187169
vn -0.944578946 0.09515347 -0.314191639
vn -0.944578946 0.09515347 -0.314191639
vn -0.944578946 0.09515347 -0.314191639
vn 0.374927372 0 0.9270542
vn 0.374927372 0 0.9270542
vn 0.374927372 0 0.9270542
vn 0.374927372 0 0.9270542
vn 0.833773136 0 0.5521072
vn 0.833773136 0 0.5521072
vn 0.833773136 0 0.5521072
vn 0.833773136 0 0.5521072
vn 0.98483783 0 0.17347759
vn 0.98483783 0 0.17347759
vn 0.98483783 0 0.17347759
vn 0.98483783 0 0.17347759
vn 0.9848379 0 -0.17347762
vn 0.9848379 0 -0.17347762
vn 0.9848379 0 -0.17347762
vn 0.9848379 0 -0.17347762
vn 0.8329451 0 -0.5533555
vn -0.377798736 0 -0.9258877
vn -0.377798736 0 -0.9258877
vn -0.377798736 0 -0.9258877
vn -0.8329451 0 -0.5533556
vn -0.8329451 0 -0.5533556
vn -0.8329451 0 -0.5533556
vn -0.8329451 0 -0.5533556
vn -0.9848379 0 -0.173477426
vn -0.9848379 0 -0.173477426
vn -0.9848379 0 -0.173477426
vn -0.9848379 0 -0.173477426
vn -0.98483783 0 0.1734774
vn -0.98483783 0 0.1734774
vn -0.98483783 0 0.1734774
vn -0.98483783 0 0.1734774
vn -0.833773 0 0.5521072
vn -0.833773 0 0.5521072
vn -0.833773 0 0.5521072
vn -0.833773 0 0.5521072
vn -0.374927372 0 0.9270542
vn -0.374927372 0 0.9270542
vn -0.374927372 0 0.9270542
vn -0.374927372 0 0.9270542
vn -0.814344049 0.01017027 0.5802933
vn -0.814344049 0.01017027 0.5802933
vn -0.814344049 0.01017027 0.5802933
vn -0.797890246 0.09373359 0.5954704
vn -0.797890246 0.09373359 0.5954704
vn -0.797890246 0.09373359 0.5954704
vn -0.811219752 0.110507935 0.5742042
vn -0.811219752 0.110507935 0.5742042
vn -0.811219752 0.110507935 0.5742042
vn -0.9481304 -0.0837540254 0.306649536
vn -0.9481304 -0.0837540254 0.306649536
vn -0.9481304 -0.0837540254 0.306649536
vn -0.966665268 -0.042115707 0.2525563
vn -0.966665268 -0.042115707 0.2525563
vn -0.966665268 -0.042115707 0.2525563
vn -0.9447002 -0.152611747 0.2902607
vn -0.9447002 -0.152611747 0.2902607
vn -0.9447002 -0.152611747 0.2902607
vn -0.5788083 0.333825 -0.744003952
vn -0.5788083 0.333825 -0.744003952
vn -0.5788083 0.333825 -0.744003952
vn -0.811395943 0.204269618 0.5476409
vn -0.811395943 0.204269618 0.5476409
vn -0.811395943 0.204269618 0.5476409
vn -0.7789544 0.268069834 0.5668938
vn -0.7789544 0.268069834 0.5668938
vn -0.7789544 0.268069834 0.5668938
vn -0.816969752 0.346476167 0.46099326
vn -0.816969752 0.346476167 0.46099326
vn -0.816969752 0.346476167 0.46099326
vn -0.8150761 0.3534378 0.459056258
vn -0.8150761 0.3534378 0.459056258
vn -0.8150761 0.3534378 0.459056258
vn -0.8272012 0.440468729 0.348892
vn -0.8272012 0.440468729 0.348892
vn -0.8272012 0.440468729 0.348892
vn -0.860631168 0.48973304 -0.139554664
vn -0.860631168 0.48973304 -0.139554664
vn -0.860631168 0.48973304 -0.139554664
vn -0.8270924 0.440719754 0.3488327
vn -0.8268427 0.4947788 0.267441362
vn -0.8268427 0.4947788 0.267441362
vn -0.8268427 0.4947788 0.267441362
vn -0.679998159 0.169848025 -0.713269949
vn -0.679998159 0.169848025 -0.713269949
vn -0.679998159 0.169848025 -0.713269949
vn -0.6893047 0.1738284 -0.7033083
vn -0.6893047 0.1738284 -0.7033083
vn -0.6893047 0.1738284 -0.7033083
vn -0.7861556 -0.129977733 0.604206264
vn -0.7861556 -0.129977733 0.604206264
vn -0.7861556 -0.129977733 0.604206264
vn -0.6865281 0.251386523 -0.682263851
vn -0.6865281 0.251386523 -0.682263851
vn -0.6865281 0.251386523 -0.682263851
vn -0.72557354 0.26296857 -0.635917246
vn -0.72557354 0.26296857 -0.635917246
vn -0.72557354 0.26296857 -0.635917246
vn -0.8575107 0.3125708 -0.408625543
vn -0.8575107 0.3125708 -0.408625543
vn -0.8575107 0.3125708 -0.408625543
vn -0.377798736 0 -0.9258877
vn 0.8284127 -0.207467824 -0.5202782
vn 0.8284127 -0.207467824 -0.5202782
vn 0.8284127 -0.207467824 -0.5202782
vn 0.79927063 -0.143620372 -0.5835577
vn 0.79927063 -0.143620372 -0.5835577
vn 0.79927063 -0.143620372 -0.5835577
vn 0.890131 0.274327 -0.363883883
vn 0.890131 0.274327 -0.363883883
vn 0.890131 0.274327 -0.363883883
vn 0.9104711 0.181292951 -0.3717193
vn 0.9104711 0.181292951 -0.3717193
vn 0.9104711 0.181292951 -0.3717193
vn 0.861967444 -0.120875254 -0.49234274
vn 0.861967444 -0.120875254 -0.49234274
vn 0.861967444 -0.120875254 -0.49234274
vn 0.828972042 -0.0610599741 -0.555947065
vn 0.828972042 -0.0610599741 -0.555947065
vn 0.828972042 -0.0610599741 -0.555947065
vn 0.3752222 -0.7485332 0.5467232
vn 0.3752222 -0.7485332 0.5467232
vn 0.3752222 -0.7485332 0.5467232
vn 0.340197742 -0.9126928 0.226400882
vn 0.340197742 -0.9126928 0.226400882
vn 0.340197742 -0.9126928 0.226400882
vn 0.6793023 -0.709993 -0.185630053
vn 0.6793023 -0.709993 -0.185630053
vn 0.6793023 -0.709993 -0.185630053
vn 0.858069956 -0.422464579 -0.291958183
vn 0.858069956 -0.422464579 -0.291958183
vn 0.858069956 -0.422464579 -0.291958183
vn 0.770595968 -0.363045931 -0.523812354
vn 0.770595968 -0.363045931 -0.523812354
vn 0.770595968 -0.363045931 -0.523812354
vn 0.7891423 -0.488045722 -0.372915268
vn 0.7891423 -0.488045722 -0.372915268
vn 0.7891423 -0.488045722 -0.372915268
vn 0.844370663 -0.2893651 -0.4508946
vn 0.844370663 -0.2893651 -0.4508946
vn 0.844370663 -0.2893651 -0.4508946
vn 0.853299141 -0.265659153 -0.448671043
vn 0.853299141 -0.265659153 -0.448671043
vn 0.853299141 -0.265659153 -0.448671043
vn 0.703339756 0.0133263925 -0.7107289
vn 0.703339756 0.0133263925 -0.7107289
vn 0.703339756 0.0133263925 -0.7107289
vn 0.410718948 0.634154439 -0.6551016
vn 0.410718948 0.634154439 -0.6551016
vn 0.410718948 0.634154439 -0.6551016
vn 0.436023444 0.89988333 0.00967633352
vn 0.436023444 0.89988333 0.00967633352
vn 0.436023444 0.89988333 0.00967633352
vn 0.7469442 0.4831611 0.45676
vn 0.7469442 0.4831611 0.45676
vn 0.7469442 0.4831611 0.45676
vn 0.7869431 0.405655056 0.464935154
vn 0.7869431 0.405655056 0.464935154
vn 0.7869431 0.405655056 0.464935154
vn 0.32428655 0.0272767488 0.9455655
vn 0.32428655 0.0272767488 0.9455655
vn 0.32428655 0.0272767488 0.9455655
vn 0.5879321 0.717861652 -0.37284115
vn 0.5879321 0.717861652 -0.37284115
vn 0.5879321 0.717861652 -0.37284115
vn 0.561802268 0.754455447 -0.339374661
vn 0.561802268 0.754455447 -0.339374661
vn 0.561802268 0.754455447 -0.339374661
vn 0.5270647 0.499677569 -0.687404633
vn 0.5270647 0.499677569 -0.687404633
vn 0.5270647 0.499677569 -0.687404633
vn 0.518168 0.512419462 -0.6847834
vn 0.518168 0.512419462 -0.6847834
vn 0.518168 0.512419462 -0.6847834
vn 0.979159951 -0.189558923 -0.07289193
vn 0.979159951 -0.189558923 -0.07289193
vn 0.979159951 -0.189558923 -0.07289193
vn 0.981649 -0.186398864 -0.04025948
vn 0.981649 -0.186398864 -0.04025948
vn 0.981649 -0.186398864 -0.04025948
vn 0.9894679 0.112224042 0.09142803
vn 0.9894679 0.112224042 0.09142803
vn 0.9894679 0.112224042 0.09142803
vn 0.9969089 0.009838274 -0.0779476538
vn 0.9969089 0.009838274 -0.0779476538
vn 0.9969089 0.009838274 -0.0779476538
vn 0.953453362 0.145911843 -0.263887227
vn 0.953453362 0.145911843 -0.263887227
vn 0.953453362 0.145911843 -0.263887227
vn 0.939029753 -0.225116655 -0.2598952
vn 0.939029753 -0.225116655 -0.2598952
vn 0.939029753 -0.225116655 -0.2598952
vn 0.938555837 -0.225768372 -0.261039555
vn 0.938555837 -0.225768372 -0.261039555
vn 0.938555837 -0.225768372 -0.261039555
vn 0.9564324 -0.230068564 0.179737523
vn 0.9564324 -0.230068564 0.179737523
vn 0.9564324 -0.230068564 0.179737523
vn 0.481928945 0.170249954 -0.8595111
vn 0.481928945 0.170249954 -0.8595111
vn 0.481928945 0.170249954 -0.8595111
vn 0.5856405 0.0811589658 -0.806497633
vn 0.5856405 0.0811589658 -0.806497633
vn 0.5856405 0.0811589658 -0.806497633
vn 0.545148253 -0.373109221 -0.7507349
vn 0.545148253 -0.373109221 -0.7507349
vn 0.545148253 -0.373109221 -0.7507349
vn 0.7147484 -0.2032473 -0.6691975
vn 0.7147484 -0.2032473 -0.6691975
vn 0.7147484 -0.2032473 -0.6691975
vn 0.343477339 0.6830004 -0.644619048
vn 0.343477339 0.6830004 -0.644619048
vn 0.343477339 0.6830004 -0.644619048
vn 0.828995 -0.207613632 0.519291639
vn 0.828995 -0.207613632 0.519291639
vn 0.828995 -0.207613632 0.519291639
vn 0.7995753 -0.1429522 0.5833042
vn 0.7995753 -0.1429522 0.5833042
vn 0.7995753 -0.1429522 0.5833042
vn 0.890131 0.274327 0.363883942
vn 0.890131 0.274327 0.363883942
vn 0.890131 0.274327 0.363883942
vn 0.9104711 0.181292757 0.37171936
vn 0.9104711 0.181292757 0.37171936
vn 0.9104711 0.181292757 0.37171936
vn 0.861967444 -0.120875269 0.49234274
vn 0.861967444 -0.120875269 0.49234274
vn 0.861967444 -0.120875269 0.49234274
vn 0.828971863 -0.0610597432 0.555947244
vn 0.828971863 -0.0610597432 0.555947244
vn 0.828971863 -0.0610597432 0.555947244
vn 0 1 0
vn 0 1 0
vn 0 1 0
vn 0 1 0
vn 0 1 0
vn 0 1 0
vn 0 1 0
vn 0 1 0
vn 0.696670532 -0.5494439 -0.4612609
vn 0.696670532 -0.5494439 -0.4612609
vn 0.696670532 -0.5494439 -0.4612609
vn 0.2913992 -0.6287442 -0.720948935
vn 0.2913992 -0.6287442 -0.720948935
vn 0.2913992 -0.6287442 -0.720948935
vn 0.318759531 0.5257736 -0.7886409
vn 0.318759531 0.5257736 -0.7886409
vn 0.318759531 0.5257736 -0.7886409
vn 0.3211621 0.5278445 -0.786279261
vn 0.3211621 0.5278445 -0.786279261
vn 0.3211621 0.5278445 -0.786279261
vn 0.7454218 0.4507349 -0.4911052
vn 0.7454218 0.4507349 -0.4911052
vn 0.7454218 0.4507349 -0.4911052
vn 0.745201766 0.449724734 -0.492363572
vn 0.745201766 0.449724734 -0.492363572
vn 0.745201766 0.449724734 -0.492363572
vn 0.9026532 0.3993881 -0.160331413
vn 0.9026532 0.3993881 -0.160331413
vn 0.9026532 0.3993881 -0.160331413
vn 0.902853251 0.3986747 -0.160979852
vn 0.9029027 0.398696542 0.1606476
vn 0.9029027 0.398696542 0.1606476
vn 0.9029027 0.398696542 0.1606476
vn 0.902725041 0.3993296 0.160073325
vn 0.7452018 0.449724764 0.492363453
vn 0.7452018 0.449724764 0.492363453
vn 0.7452018 0.449724764 0.492363453
vn 0.745244265 0.449918717 0.4921221
vn 0.319354117 0.526286364 0.7880582
vn 0.319354117 0.526286364 0.7880582
vn 0.319354117 0.526286364 0.7880582
vn 0.318759829 0.5257737 0.788640738
vn 0.291722536 -0.627676368 0.7217481
vn 0.291722536 -0.627676368 0.7217481
vn 0.291722536 -0.627676368 0.7217481
vn 0.2908525 -0.628168941 0.7216708
vn 0.2932706 -0.6276838 -0.721114
vn 0.2932706 -0.6276838 -0.721114
vn 0.2932706 -0.6276838 -0.721114
vn 0.6987051 -0.547640741 -0.4603269
vn 0.6987051 -0.547640741 -0.4603269
vn 0.6987051 -0.547640741 -0.4603269
vn 0.8563228 -0.4932485 -0.153026029
vn 0.8563228 -0.4932485 -0.153026029
vn 0.8563228 -0.4932485 -0.153026029
vn 0.857007563 -0.492306679 -0.152223721
vn 0.857041061 -0.492325962 0.151972517
vn 0.857041061 -0.492325962 0.151972517
vn 0.857041061 -0.492325962 0.151972517
vn 0.8561648 -0.493531585 0.152997822
vn 0.8561648 -0.493531585 0.152997822
vn 0.8561648 -0.493531585 0.152997822
vn 0.697756052 -0.548483 0.4607633
vn 0.697756052 -0.548483 0.4607633
vn 0.697756052 -0.548483 0.4607633
vn 0.6980318 -0.5482385 0.460636616
vn 0.820478559 0.257776082 -0.510261238
vn 0.820478559 0.257776082 -0.510261238
vn 0.820478559 0.257776082 -0.510261238
vn 0.782749057 0.226582915 -0.5796241
vn 0.782749057 0.226582915 -0.5796241
vn 0.782749057 0.226582915 -0.5796241
vn 0.78161186 0.186444178 -0.595249057
vn 0.78161186 0.186444178 -0.595249057
vn 0.78161186 0.186444178 -0.595249057
vn 0.7645993 0.167406231 -0.622385
vn 0.7645993 0.167406231 -0.622385
vn 0.7645993 0.167406231 -0.622385
vn 0.7567739 0.04013968 -0.65244323
vn 0.7567739 0.04013968 -0.65244323
vn 0.7567739 0.04013968 -0.65244323
vn 0.80031085 0.08955813 -0.5928592
vn 0.80031085 0.08955813 -0.5928592
vn 0.80031085 0.08955813 -0.5928592
vn 0.9954645 0.04066864 0.08600296
vn 0.9954645 0.04066864 0.08600296
vn 0.9954645 0.04066864 0.08600296
vn 0.997234344 -0.07428727 0.00223813951
vn 0.997234344 -0.07428727 0.00223813951
vn 0.997234344 -0.07428727 0.00223813951
vn 0.9970918 -0.0615289137 0.0449672267
vn 0.9970918 -0.0615289137 0.0449672267
vn 0.9970918 -0.0615289137 0.0449672267
vn 0.9967819 -0.06675174 0.0443842337
vn 0.9967819 -0.06675174 0.0443842337
vn 0.9967819 -0.06675174 0.0443842337
vn 0.9926435 -0.121073872 0.000265704672
vn 0.9926435 -0.121073872 0.000265704672
vn 0.9926435 -0.121073872 0.000265704672
vn 0.997518837 -0.0396010727 -0.0582060181
vn 0.997518837 -0.0396010727 -0.0582060181
vn 0.997518837 -0.0396010727 -0.0582060181
vn 0.996154964 -0.0667959452 -0.056688223
vn 0.996154964 -0.0667959452 -0.056688223
vn 0.996154964 -0.0667959452 -0.056688223
vn 0.996523 -0.07913939 -0.0260555781
vn 0.996523 -0.07913939 -0.0260555781
vn 0.996523 -0.07913939 -0.0260555781
vn 0.995058358 -0.09926434 0.002317109
vn 0.995058358 -0.09926434 0.002317109
vn 0.995058358 -0.09926434 0.002317109
vn 0.989089131 0.052249562 -0.13774094
vn 0.989089131 0.052249562 -0.13774094
vn 0.989089131 0.052249562 -0.13774094
vn 1 0 0
vn 1 0 0
vn 1 0 0
vn 0.9971729 -0.0606668554 0.04433721
vn 0.9893888 0.0138733713 0.144628
vn 0.9893888 0.0138733713 0.144628
vn 0.9893888 0.0138733713 0.144628
vn 0.9921539 -0.0647792742 0.106930405
vn 0.9921539 -0.0647792742 0.106930405
vn 0.9921539 -0.0647792742 0.106930405
vn 0.9612493 0.04286731 0.272327363
vn 0.9612493 0.04286731 0.272327363
vn 0.9612493 0.04286731 0.272327363
vn 0.987264037 0.00561523344 -0.1589913
vn 0.987264037 0.00561523344 -0.1589913
vn 0.987264037 0.00561523344 -0.1589913
vn 0.9470222 0.221908286 -0.232176214
vn 0.9470222 0.221908286 -0.232176214
vn 0.9470222 0.221908286 -0.232176214
vn -0.6614725 -0.3053783 0.684980452
vn -0.6614725 -0.3053783 0.684980452
vn -0.6614725 -0.3053783 0.684980452
vn -0.657791555 -0.304859281 0.688746
vn -0.657791555 -0.304859281 0.688746
vn -0.657791555 -0.304859281 0.688746
vn -0.653916955 -0.408317626 0.636921763
vn -0.653916955 -0.408317626 0.636921763
vn -0.653916955 -0.408317626 0.636921763
vn -0.623603046 -0.40959695 0.665845037
vn -0.623603046 -0.40959695 0.665845037
vn -0.623603046 -0.40959695 0.665845037
vn -0.616217 -0.5078288 0.601985455
vn -0.616217 -0.5078288 0.601985455
vn -0.616217 -0.5078288 0.601985455
vn -0.365160048 -0.6034196 0.708902657
vn -0.365160048 -0.6034196 0.708902657
vn -0.365160048 -0.6034196 0.708902657
vn 0.8135459 -0.188090846 0.5502408
vn 0.8135459 -0.188090846 0.5502408
vn 0.8135459 -0.188090846 0.5502408
vn 0.7945615 -0.161589935 0.585286856
vn 0.7945615 -0.161589935 0.585286856
vn 0.7945615 -0.161589935 0.585286856
vn 0.98515743 -0.123347446 0.119374625
vn 0.98515743 -0.123347446 0.119374625
vn 0.98515743 -0.123347446 0.119374625
vn 0.9910569 -0.08660839 0.101514071
vn 0.9910569 -0.08660839 0.101514071
vn 0.9910569 -0.08660839 0.101514071
vn 0.9862712 -0.1434547 0.08179095
vn 0.9862712 -0.1434547 0.08179095
vn 0.9862712 -0.1434547 0.08179095
vn 0.9307775 -0.3188179 0.178908944
vn 0.9307775 -0.3188179 0.178908944
vn 0.9307775 -0.3188179 0.178908944
vn 0.930019855 -0.347144037 0.120640188
vn 0.930019855 -0.347144037 0.120640188
vn 0.930019855 -0.347144037 0.120640188
vn 0.934994 -0.337824583 0.10798566
vn 0.934994 -0.337824583 0.10798566
vn 0.934994 -0.337824583 0.10798566
vn 0.932726264 -0.350531369 0.08455455
vn 0.932726264 -0.350531369 0.08455455
vn 0.932726264 -0.350531369 0.08455455
vn 0.9385599 -0.338765174 0.0659064353
vn 0.9385599 -0.338765174 0.0659064353
vn 0.9385599 -0.338765174 0.0659064353
vn 0.8217911 0.423306942 -0.3814061
vn 0.8217911 0.423306942 -0.3814061
vn 0.8217911 0.423306942 -0.3814061
vn 0.878811061 0.318678558 -0.355155021
vn 0.878811061 0.318678558 -0.355155021
vn 0.878811061 0.318678558 -0.355155021
vn 0.879114 0.262121677 -0.398058921
vn 0.879114 0.262121677 -0.398058921
vn 0.879114 0.262121677 -0.398058921
vn 0.8608562 0.266364485 -0.433562666
vn 0.8608562 0.266364485 -0.433562666
vn 0.8608562 0.266364485 -0.433562666
vn 0.8583212 0.226589963 -0.460371256
vn 0.8583212 0.226589963 -0.460371256
vn 0.8583212 0.226589963 -0.460371256
vn 0.8610424 0.221530557 -0.457744569
vn 0.8610424 0.221530557 -0.457744569
vn 0.8610424 0.221530557 -0.457744569
vn 0.8377824 0.0789675 -0.5402636
vn 0.8377824 0.0789675 -0.5402636
vn 0.8377824 0.0789675 -0.5402636
vn 0.6020508 -0.674654841 0.427054584
vn 0.6020508 -0.674654841 0.427054584
vn 0.6020508 -0.674654841 0.427054584
vn 0.98511374 -0.16402261 0.05145278
vn 0.98511374 -0.16402261 0.05145278
vn 0.98511374 -0.16402261 0.05145278
vn 0.9875065 -0.0507115424 -0.149195448
vn 0.9875065 -0.0507115424 -0.149195448
vn 0.9875065 -0.0507115424 -0.149195448
vn 0.6425252 0.305474073 -0.7027425
vn 0.6425252 0.305474073 -0.7027425
vn 0.6425252 0.305474073 -0.7027425
vn 0.680218756 0.27139765 -0.680915356
vn 0.680218756 0.27139765 -0.680915356
vn 0.680218756 0.27139765 -0.680915356
vn 0.652460635 0.130735189 -0.7464607
vn 0.652460635 0.130735189 -0.7464607
vn 0.652460635 0.130735189 -0.7464607
vn 0.717754543 0.165408 -0.6763642
vn 0.717754543 0.165408 -0.6763642
vn 0.717754543 0.165408 -0.6763642
vn 0.767770469 0.01954789 -0.640426755
vn 0.767770469 0.01954789 -0.640426755
vn 0.767770469 0.01954789 -0.640426755
vn 0.714364052 -0.176458552 -0.6771606
vn 0.714364052 -0.176458552 -0.6771606
vn 0.714364052 -0.176458552 -0.6771606
vn 0.6568408 -0.101061486 -0.747226059
vn 0.6568408 -0.101061486 -0.747226059
vn 0.6568408 -0.101061486 -0.747226059
vn 0.643707752 0.00812338 -0.7652282
vn 0.643707752 0.00812338 -0.7652282
vn 0.643707752 0.00812338 -0.7652282
vn 0.658779263 0.0214129612 -0.752031446
vn 0.658779263 0.0214129612 -0.752031446
vn 0.658779263 0.0214129612 -0.752031446
vn 0.657397866 0.230197936 -0.7175214
vn 0.657397866 0.230197936 -0.7175214
vn 0.657397866 0.230197936 -0.7175214
vn 0.659278035 0.231379122 -0.715413332
vn 0.659278035 0.231379122 -0.715413332
vn 0.659278035 0.231379122 -0.715413332
vn 0.667992532 0.46124658 -0.583984256
vn 0.667992532 0.46124658 -0.583984256
vn 0.667992532 0.46124658 -0.583984256
vn 0.670913637 0.462450475 -0.5796675
vn 0.670913637 0.462450475 -0.5796675
vn 0.670913637 0.462450475 -0.5796675
vn 0.663579047 0.5859882 -0.465059757
vn 0.663579047 0.5859882 -0.465059757
vn 0.663579047 0.5859882 -0.465059757
vn 0.6583382 0.5852236 -0.47339654
vn 0.6583382 0.5852236 -0.47339654
vn 0.6583382 0.5852236 -0.47339654
vn 0.6768136 0.396648675 -0.620155752
vn 0.6768136 0.396648675 -0.620155752
vn 0.6768136 0.396648675 -0.620155752
vn 0.6633049 0.392513573 -0.6371497
vn 0.6633049 0.392513573 -0.6371497
vn 0.6633049 0.392513573 -0.6371497
vn 0.991924465 -0.05762726 -0.112982124
vn 0.991924465 -0.05762726 -0.112982124
vn 0.991924465 -0.05762726 -0.112982124
vn 0.9869433 -0.0541908368 -0.1516779
vn 0.9869433 -0.0541908368 -0.1516779
vn 0.9869433 -0.0541908368 -0.1516779
vn 0.815378845 -0.335911721 0.471508771
vn 0.815378845 -0.335911721 0.471508771
vn 0.815378845 -0.335911721 0.471508771
vn 0.762928545 -0.4541237 0.460121334
vn 0.762928545 -0.4541237 0.460121334
vn 0.762928545 -0.4541237 0.460121334
vn 0.993374 -0.07393952 0.08798295
vn 0.993374 -0.07393952 0.08798295
vn 0.993374 -0.07393952 0.08798295
vn 0.9910042 -0.0582585968 0.120484181
vn 0.9910042 -0.0582585968 0.120484181
vn 0.9910042 -0.0582585968 0.120484181
vn 0.985775948 -0.159511477 0.05293291
vn 0.985775948 -0.159511477 0.05293291
vn 0.985775948 -0.159511477 0.05293291
vn 0.929854751 -0.222028688 -0.293382436
vn 0.929854751 -0.222028688 -0.293382436
vn 0.929854751 -0.222028688 -0.293382436
vn 0.8907834 -0.201422766 -0.407349557
vn 0.8907834 -0.201422766 -0.407349557
vn 0.8907834 -0.201422766 -0.407349557
vn 0.8905344 -0.20148699 -0.407861978
vn 0.437210441 -0.200194612 0.8767948
vn 0.437210441 -0.200194612 0.8767948
vn 0.437210441 -0.200194612 0.8767948
vn 0.441692978 -0.1959738 0.875500739
vn 0.441692978 -0.1959738 0.875500739
vn 0.441692978 -0.1959738 0.875500739
vn 0.457648575 -0.3100272 0.8333312
vn 0.457648575 -0.3100272 0.8333312
vn 0.457648575 -0.3100272 0.8333312
vn 0.7788774 -0.376644284 -0.5014869
vn 0.7788774 -0.376644284 -0.5014869
vn 0.7788774 -0.376644284 -0.5014869
vn 0.410815954 -0.368443072 -0.833954453
vn 0.410815954 -0.368443072 -0.833954453
vn 0.410815954 -0.368443072 -0.833954453
vn 0.7933745 -0.6085999 0.0127704367
vn 0.7933745 -0.6085999 0.0127704367
vn 0.7933745 -0.6085999 0.0127704367
vn 0.746696532 -0.6509045 0.136994943
vn 0.746696532 -0.6509045 0.136994943
vn 0.746696532 -0.6509045 0.136994943
vn 0.8017909 -0.512301564 0.3076988
vn 0.8017909 -0.512301564 0.3076988
vn 0.8017909 -0.512301564 0.3076988
vn 0.6617513 0.328325927 -0.674008548
vn 0.6617513 0.328325927 -0.674008548
vn 0.6617513 0.328325927 -0.674008548
vn 0.5075297 0.268778324 -0.8186402
vn 0.5075297 0.268778324 -0.8186402
vn 0.5075297 0.268778324 -0.8186402
vn 0.5050991 0.2431207 -0.8281106
vn 0.5050991 0.2431207 -0.8281106
vn 0.5050991 0.2431207 -0.8281106
vn 0.432278275 0.207330287 -0.8775817
vn 0.432278275 0.207330287 -0.8775817
vn 0.432278275 0.207330287 -0.8775817
vn 0.42719 0.144759849 -0.8924984
vn 0.42719 0.144759849 -0.8924984
vn 0.42719 0.144759849 -0.8924984
vn -0.8284128 -0.207467824 -0.5202782
vn -0.8284128 -0.207467824 -0.5202782
vn -0.8284128 -0.207467824 -0.5202782
vn -0.79927063 -0.143620372 -0.5835577
vn -0.79927063 -0.143620372 -0.5835577
vn -0.79927063 -0.143620372 -0.5835577
vn -0.890131 0.27432704 -0.363883883
vn -0.890131 0.27432704 -0.363883883
vn -0.890131 0.27432704 -0.363883883
vn -0.9104711 0.181293 -0.371719331
vn -0.9104711 0.181293 -0.371719331
vn -0.9104711 0.181293 -0.371719331
vn -0.8619674 -0.120875247 -0.4923428
vn -0.8619674 -0.120875247 -0.4923428
vn -0.8619674 -0.120875247 -0.4923428
vn -0.828972 -0.0610600337 -0.555947
vn -0.828972 -0.0610600337 -0.555947
vn -0.828972 -0.0610600337 -0.555947
vn -0.375222147 -0.748533249 0.5467232
vn -0.375222147 -0.748533249 0.5467232
vn -0.375222147 -0.748533249 0.5467232
vn -0.340197772 -0.9126928 0.226400912
vn -0.340197772 -0.9126928 0.226400912
vn -0.340197772 -0.9126928 0.226400912
vn -0.6793022 -0.709992945 -0.185630053
vn -0.6793022 -0.709992945 -0.185630053
vn -0.6793022 -0.709992945 -0.185630053
vn -0.858069956 -0.42246455 -0.2919582
vn -0.858069956 -0.42246455 -0.2919582
vn -0.858069956 -0.42246455 -0.2919582
vn -0.7705961 -0.363045931 -0.5238123
vn -0.7705961 -0.363045931 -0.5238123
vn -0.7705961 -0.363045931 -0.5238123
vn -0.78914243 -0.488045722 -0.372915268
vn -0.78914243 -0.488045722 -0.372915268
vn -0.78914243 -0.488045722 -0.372915268
vn -0.8443707 -0.2893651 -0.450894564
vn -0.8443707 -0.2893651 -0.450894564
vn -0.8443707 -0.2893651 -0.450894564
vn -0.8532992 -0.265659153 -0.448670983
vn -0.8532992 -0.265659153 -0.448670983
vn -0.8532992 -0.265659153 -0.448670983
vn -0.7033398 0.0133263683 -0.7107288
vn -0.7033398 0.0133263683 -0.7107288
vn -0.7033398 0.0133263683 -0.7107288
vn -0.410718977 0.634154439 -0.6551016
vn -0.410718977 0.634154439 -0.6551016
vn -0.410718977 0.634154439 -0.6551016
vn -0.436023444 0.89988333 0.009676317
vn -0.436023444 0.89988333 0.009676317
vn -0.436023444 0.89988333 0.009676317
vn -0.7469441 0.4831611 0.456760049
vn -0.7469441 0.4831611 0.456760049
vn -0.7469441 0.4831611 0.456760049
vn -0.7869431 0.405655026 0.4649351
vn -0.7869431 0.405655026 0.4649351
vn -0.7869431 0.405655026 0.4649351
vn -0.3242866 0.027276773 0.9455656
vn -0.3242866 0.027276773 0.9455656
vn -0.3242866 0.027276773 0.9455656
vn -0.587932169 0.7178616 -0.37284115
vn -0.587932169 0.7178616 -0.37284115
vn -0.587932169 0.7178616 -0.37284115
vn -0.561802268 0.754455447 -0.339374661
vn -0.561802268 0.754455447 -0.339374661
vn -0.561802268 0.754455447 -0.339374661
vn -0.5270647 0.499677628 -0.687404633
vn -0.5270647 0.499677628 -0.687404633
vn -0.5270647 0.499677628 -0.687404633
vn -0.518168 0.512419462 -0.6847834
vn -0.518168 0.512419462 -0.6847834
vn -0.518168 0.512419462 -0.6847834
vn -0.9791599 -0.189558938 -0.07289198
vn -0.9791599 -0.189558938 -0.07289198
vn -0.9791599 -0.189558938 -0.07289198
vn -0.981649 -0.1863989 -0.04025949
vn -0.981649 -0.1863989 -0.04025949
vn -0.981649 -0.1863989 -0.04025949
vn -0.989467859 0.112224035 0.09142801
vn -0.989467859 0.112224035 0.09142801
vn -0.989467859 0.112224035 0.09142801
vn -0.9969089 0.009838304 -0.0779476
vn -0.9969089 0.009838304 -0.0779476
vn -0.9969089 0.009838304 -0.0779476
vn -0.953453362 0.145911917 -0.263887227
vn -0.953453362 0.145911917 -0.263887227
vn -0.953453362 0.145911917 -0.263887227
vn -0.939029753 -0.225116655 -0.2598952
vn -0.939029753 -0.225116655 -0.2598952
vn -0.939029753 -0.225116655 -0.2598952
vn -0.938555837 -0.225768372 -0.261039555
vn -0.938555837 -0.225768372 -0.261039555
vn -0.938555837 -0.225768372 -0.261039555
vn -0.9564324 -0.230068564 0.179737523
vn -0.9564324 -0.230068564 0.179737523
vn -0.9564324 -0.230068564 0.179737523
vn -0.481929 0.170249984 -0.8595111
vn -0.481929 0.170249984 -0.8595111
vn -0.481929 0.170249984 -0.8595111
vn -0.5856405 0.0811589658 -0.806497633
vn -0.5856405 0.0811589658 -0.806497633
vn -0.5856405 0.0811589658 -0.806497633
vn -0.545148253 -0.373109221 -0.7507349
vn -0.545148253 -0.373109221 -0.7507349
vn -0.545148253 -0.373109221 -0.7507349
vn -0.7147484 -0.203247309 -0.669197559
vn -0.7147484 -0.203247309 -0.669197559
vn -0.7147484 -0.203247309 -0.669197559
vn -0.343477368 0.683000445 -0.6446191
vn -0.343477368 0.683000445 -0.6446191
vn -0.343477368 0.683000445 -0.6446191
vn -0.8289719 -0.0610597432 0.555947244
vn -0.8289719 -0.0610597432 0.555947244
vn -0.8289719 -0.0610597432 0.555947244
vn -0.861967444 -0.120875277 0.49234274
vn -0.861967444 -0.120875277 0.49234274
vn -0.861967444 -0.120875277 0.49234274
vn -0.9104711 0.181292757 0.37171936
vn -0.9104711 0.181292757 0.37171936
vn -0.9104711 0.181292757 0.37171936
vn -0.890131 0.27432704 0.363883942
vn -0.890131 0.27432704 0.363883942
vn -0.890131 0.27432704 0.363883942
vn -0.7995753 -0.1429522 0.5833042
vn -0.7995753 -0.1429522 0.5833042
vn -0.7995753 -0.1429522 0.5833042
vn -0.8289951 -0.207613662 0.519291639
vn -0.8289951 -0.207613662 0.519291639
vn -0.8289951 -0.207613662 0.519291639
vn 0.7766288 -0.132096618 -0.6159532
vn 0.7766288 -0.132096618 -0.6159532
vn 0.7766288 -0.132096618 -0.6159532
vn 0.816702366 -0.07177174 -0.5725784
vn 0.816702366 -0.07177174 -0.5725784
vn 0.816702366 -0.07177174 -0.5725784
vn 0.993086636 -0.0135849006 -0.116595469
vn 0.993086636 -0.0135849006 -0.116595469
vn 0.993086636 -0.0135849006 -0.116595469
vn 0.960810959 0.277204454 0
vn 0.960810959 0.277204454 0
vn 0.960810959 0.277204454 0
vn 0.9575892 0.09961961 -0.27036798
vn 0.9575892 0.09961961 -0.27036798
vn 0.9575892 0.09961961 -0.27036798
vn 0.944578946 0.09515344 -0.3141917
vn 0.944578946 0.09515344 -0.3141917
vn 0.944578946 0.09515344 -0.3141917
vn -0.995464444 0.0406686962 0.08600307
vn -0.995464444 0.0406686962 0.08600307
vn -0.995464444 0.0406686962 0.08600307
vn -0.997234344 -0.07428738 0.00223814254
vn -0.997234344 -0.07428738 0.00223814254
vn -0.997234344 -0.07428738 0.00223814254
vn -0.9970918 -0.06152899 0.0449672826
vn -0.9970918 -0.06152899 0.0449672826
vn -0.9970918 -0.06152899 0.0449672826
vn -0.996781945 -0.06675184 0.044384297
vn -0.996781945 -0.06675184 0.044384297
vn -0.996781945 -0.06675184 0.044384297
vn -0.9926434 -0.121074006 0.000265703246
vn -0.9926434 -0.121074006 0.000265703246
vn -0.9926434 -0.121074006 0.000265703246
vn -0.997518837 -0.0396011248 -0.0582060926
vn -0.997518837 -0.0396011248 -0.0582060926
vn -0.997518837 -0.0396011248 -0.0582060926
vn -0.996154964 -0.0667959154 -0.0566882938
vn -0.996154964 -0.0667959154 -0.0566882938
vn -0.996154964 -0.0667959154 -0.0566882938
vn -0.996523 -0.07913939 -0.0260555781
vn -0.996523 -0.07913939 -0.0260555781
vn -0.996523 -0.07913939 -0.0260555781
vn -0.995058358 -0.09926434 0.002317109
vn -0.995058358 -0.09926434 0.002317109
vn -0.995058358 -0.09926434 0.002317109
vn -0.9890892 0.0522495769 -0.137740955
vn -0.9890892 0.0522495769 -0.137740955
vn -0.9890892 0.0522495769 -0.137740955
vn -1 0 0
vn -1 0 0
vn -1 0 0
vn -0.9612493 0.0428673252 0.272327453
vn -0.9612493 0.0428673252 0.272327453
vn -0.9612493 0.0428673252 0.272327453
vn -0.9921539 -0.06477935 0.106930375
vn -0.9921539 -0.06477935 0.106930375
vn -0.9921539 -0.06477935 0.106930375
vn -0.9893888 0.0138734551 0.144628063
vn -0.9893888 0.0138734551 0.144628063
vn -0.9893888 0.0138734551 0.144628063
vn -0.9971729 -0.0606668144 0.0443371832
vn -0.987264 0.00561517337 -0.1589913
vn -0.987264 0.00561517337 -0.1589913
vn -0.987264 0.00561517337 -0.1589913
vn -0.9470221 0.221908346 -0.232176274
vn -0.9470221 0.221908346 -0.232176274
vn -0.9470221 0.221908346 -0.232176274
vn -0.303201467 -0.608148158 0.733638048
vn -0.303201467 -0.608148158 0.733638048
vn -0.303201467 -0.608148158 0.733638048
vn -0.309416771 -0.494917184 0.8119841
vn -0.309416771 -0.494917184 0.8119841
vn -0.309416771 -0.494917184 0.8119841
vn -0.292773247 -0.491763681 0.820031941
vn -0.292773247 -0.491763681 0.820031941
vn -0.292773247 -0.491763681 0.820031941
vn -0.2945552 -0.370750755 0.880784333
vn -0.2945552 -0.370750755 0.880784333
vn -0.2945552 -0.370750755 0.880784333
vn -0.816702366 -0.07177176 -0.57257843
vn -0.816702366 -0.07177176 -0.57257843
vn -0.816702366 -0.07177176 -0.57257843
vn -0.7766287 -0.132096633 -0.6159532
vn -0.7766287 -0.132096633 -0.6159532
vn -0.7766287 -0.132096633 -0.6159532
vn -0.813545942 -0.1880908 0.550240755
vn -0.813545942 -0.1880908 0.550240755
vn -0.813545942 -0.1880908 0.550240755
vn -0.794561565 -0.161589861 0.585286856
vn -0.794561565 -0.161589861 0.585286856
vn -0.794561565 -0.161589861 0.585286856
vn -0.98515743 -0.123347364 0.119374558
vn -0.98515743 -0.123347364 0.119374558
vn -0.98515743 -0.123347364 0.119374558
vn -0.9910569 -0.0866084248 0.101514049
vn -0.9910569 -0.0866084248 0.101514049
vn -0.9910569 -0.0866084248 0.101514049
vn -0.9862712 -0.1434547 0.08179095
vn -0.9862712 -0.1434547 0.08179095
vn -0.9862712 -0.1434547 0.08179095
vn -0.9307775 -0.318817943 0.178909
vn -0.9307775 -0.318817943 0.178909
vn -0.9307775 -0.318817943 0.178909
vn -0.930019855 -0.347144067 0.1206402
vn -0.930019855 -0.347144067 0.1206402
vn -0.930019855 -0.347144067 0.1206402
vn -0.9349939 -0.337824583 0.107985668
vn -0.9349939 -0.337824583 0.107985668
vn -0.9349939 -0.337824583 0.107985668
vn -0.932726264 -0.3505314 0.08455455
vn -0.932726264 -0.3505314 0.08455455
vn -0.932726264 -0.3505314 0.08455455
vn -0.9385597 -0.338765174 0.06590646
vn -0.9385597 -0.338765174 0.06590646
vn -0.9385597 -0.338765174 0.06590646
vn -0.821791053 0.423306972 -0.381406158
vn -0.821791053 0.423306972 -0.381406158
vn -0.821791053 0.423306972 -0.381406158
vn -0.878811061 0.318678558 -0.355155021
vn -0.878811061 0.318678558 -0.355155021
vn -0.878811061 0.318678558 -0.355155021
vn -0.879114 0.262121677 -0.3980589
vn -0.879114 0.262121677 -0.3980589
vn -0.879114 0.262121677 -0.3980589
vn -0.8608562 0.266364455 -0.433562577
vn -0.8608562 0.266364455 -0.433562577
vn -0.8608562 0.266364455 -0.433562577
vn -0.858321249 0.22659 -0.460371226
vn -0.858321249 0.22659 -0.460371226
vn -0.858321249 0.22659 -0.460371226
vn -0.8610425 0.221530542 -0.457744539
vn -0.8610425 0.221530542 -0.457744539
vn -0.8610425 0.221530542 -0.457744539
vn -0.837782443 0.0789675 -0.540263534
vn -0.837782443 0.0789675 -0.540263534
vn -0.837782443 0.0789675 -0.540263534
vn -0.6020509 -0.6746548 0.4270547
vn -0.6020509 -0.6746548 0.4270547
vn -0.6020509 -0.6746548 0.4270547
vn -0.98511374 -0.1640226 0.0514527969
vn -0.98511374 -0.1640226 0.0514527969
vn -0.98511374 -0.1640226 0.0514527969
vn -0.9875065 -0.0507115759 -0.149195388
vn -0.9875065 -0.0507115759 -0.149195388
vn -0.9875065 -0.0507115759 -0.149195388
vn -0.6425252 0.305474043 -0.702742457
vn -0.6425252 0.305474043 -0.702742457
vn -0.6425252 0.305474043 -0.702742457
vn -0.680218756 0.27139768 -0.680915356
vn -0.680218756 0.27139768 -0.680915356
vn -0.680218756 0.27139768 -0.680915356
vn -0.652460635 0.130735174 -0.7464606
vn -0.652460635 0.130735174 -0.7464606
vn -0.652460635 0.130735174 -0.7464606
vn -0.7177546 0.165407985 -0.6763642
vn -0.7177546 0.165407985 -0.6763642
vn -0.7177546 0.165407985 -0.6763642
vn -0.7677705 0.01954789 -0.640426755
vn -0.7677705 0.01954789 -0.640426755
vn -0.7677705 0.01954789 -0.640426755
vn -0.714364052 -0.176458523 -0.6771605
vn -0.714364052 -0.176458523 -0.6771605
vn -0.714364052 -0.176458523 -0.6771605
vn -0.6568408 -0.101061486 -0.74722594
vn -0.6568408 -0.101061486 -0.74722594
vn -0.6568408 -0.101061486 -0.74722594
vn -0.6437079 0.00812338 -0.7652282
vn -0.6437079 0.00812338 -0.7652282
vn -0.6437079 0.00812338 -0.7652282
vn -0.6587793 0.02141296 -0.7520315
vn -0.6587793 0.02141296 -0.7520315
vn -0.6587793 0.02141296 -0.7520315
vn -0.657397866 0.2301979 -0.717521369
vn -0.657397866 0.2301979 -0.717521369
vn -0.657397866 0.2301979 -0.717521369
vn -0.659278154 0.231379122 -0.715413332
vn -0.659278154 0.231379122 -0.715413332
vn -0.659278154 0.231379122 -0.715413332
vn -0.667992532 0.46124652 -0.5839842
vn -0.667992532 0.46124652 -0.5839842
vn -0.667992532 0.46124652 -0.5839842
vn -0.6709137 0.4624504 -0.5796675
vn -0.6709137 0.4624504 -0.5796675
vn -0.6709137 0.4624504 -0.5796675
vn -0.663579166 0.5859882 -0.465059727
vn -0.663579166 0.5859882 -0.465059727
vn -0.663579166 0.5859882 -0.465059727
vn -0.6583382 0.585223556 -0.47339648
vn -0.6583382 0.585223556 -0.47339648
vn -0.6583382 0.585223556 -0.47339648
vn -0.6768136 0.396648675 -0.6201557
vn -0.6768136 0.396648675 -0.6201557
vn -0.6768136 0.396648675 -0.6201557
vn -0.6633049 0.392513543 -0.637149632
vn -0.6633049 0.392513543 -0.637149632
vn -0.6633049 0.392513543 -0.637149632
vn -0.650056541 0.383565724 -0.6559755
vn -0.650056541 0.383565724 -0.6559755
vn -0.650056541 0.383565724 -0.6559755
vn -0.6004545 -0.680755 0.4195558
vn -0.6004545 -0.680755 0.4195558
vn -0.6004545 -0.680755 0.4195558
vn -0.6617513 0.328325868 -0.6740085
vn -0.6617513 0.328325868 -0.6740085
vn -0.6617513 0.328325868 -0.6740085
vn -0.507529736 0.268778324 -0.8186402
vn -0.507529736 0.268778324 -0.8186402
vn -0.507529736 0.268778324 -0.8186402
vn -0.5050992 0.2431207 -0.8281106
vn -0.5050992 0.2431207 -0.8281106
vn -0.5050992 0.2431207 -0.8281106
vn -0.4322783 0.207330272 -0.877581656
vn -0.4322783 0.207330272 -0.877581656
vn -0.4322783 0.207330272 -0.877581656
vn -0.42719 0.144759834 -0.8924983
vn -0.42719 0.144759834 -0.8924983
vn -0.42719 0.144759834 -0.8924983
vn -0.815378964 -0.335911721 0.471508741
vn -0.815378964 -0.335911721 0.471508741
vn -0.815378964 -0.335911721 0.471508741
vn -0.7629286 -0.454123735 0.4601212
vn -0.7629286 -0.454123735 0.4601212
vn -0.7629286 -0.454123735 0.4601212
vn -0.8017909 -0.5123015 0.307698756
vn -0.8017909 -0.5123015 0.307698756
vn -0.8017909 -0.5123015 0.307698756
vn -0.746696532 -0.6509044 0.136994943
vn -0.746696532 -0.6509044 0.136994943
vn -0.746696532 -0.6509044 0.136994943
vn -0.7933745 -0.6085999 0.0127704069
vn -0.7933745 -0.6085999 0.0127704069
vn -0.7933745 -0.6085999 0.0127704069
vn -0.4108159 -0.368443042 -0.833954453
vn -0.4108159 -0.368443042 -0.833954453
vn -0.4108159 -0.368443042 -0.833954453
vn -0.7788774 -0.376644254 -0.501486838
vn -0.7788774 -0.376644254 -0.501486838
vn -0.7788774 -0.376644254 -0.501486838
vn -0.4576486 -0.3100272 0.8333312
vn -0.4576486 -0.3100272 0.8333312
vn -0.4576486 -0.3100272 0.8333312
vn -0.441693 -0.195973769 0.875500739
vn -0.441693 -0.195973769 0.875500739
vn -0.441693 -0.195973769 0.875500739
vn -0.437210381 -0.200194553 0.8767948
vn -0.437210381 -0.200194553 0.8767948
vn -0.437210381 -0.200194553 0.8767948
vn -0.890534461 -0.201486945 -0.407861829
vn -0.890534461 -0.201486945 -0.407861829
vn -0.890534461 -0.201486945 -0.407861829
vn -0.8907834 -0.201422766 -0.407349557
vn -0.92985487 -0.2220287 -0.293382376
vn -0.92985487 -0.2220287 -0.293382376
vn -0.92985487 -0.2220287 -0.293382376
vn -0.985775948 -0.159511521 0.0529328436
vn -0.985775948 -0.159511521 0.0529328436
vn -0.985775948 -0.159511521 0.0529328436
vn -0.9919244 -0.05762728 -0.112982228
vn -0.9919244 -0.05762728 -0.112982228
vn -0.9919244 -0.05762728 -0.112982228
vn -0.9869433 -0.05419086 -0.151677847
vn -0.9869433 -0.05419086 -0.151677847
vn -0.9869433 -0.05419086 -0.151677847
vn -0.993374 -0.0739395 0.0879828855
vn -0.993374 -0.0739395 0.0879828855
vn -0.993374 -0.0739395 0.0879828855
vn -0.9910042 -0.0582585521 0.120484181
vn -0.9910042 -0.0582585521 0.120484181
vn -0.9910042 -0.0582585521 0.120484181
vn 0.913161755 -0.0300276484 -0.406489819
vn 0.913161755 -0.0300276484 -0.406489819
vn 0.913161755 -0.0300276484 -0.406489819
vn 0.9016231 0.004504177 -0.43249926
vn 0.9016231 0.004504177 -0.43249926
vn 0.9016231 0.004504177 -0.43249926
vn 0.896462142 0.00296462537 -0.4431103
vn 0.896462142 0.00296462537 -0.4431103
vn 0.896462142 0.00296462537 -0.4431103
vn 0.8938704 0.0294030253 -0.4473603
vn 0.8938704 0.0294030253 -0.4473603
vn 0.8938704 0.0294030253 -0.4473603
vn 0.8375875 -0.229840234 0.495601267
vn 0.8375875 -0.229840234 0.495601267
vn 0.8375875 -0.229840234 0.495601267
vn 0.484272838 -0.293892562 0.8240796
vn 0.484272838 -0.293892562 0.8240796
vn 0.484272838 -0.293892562 0.8240796
vn 0.5318015 -0.248151228 0.809696257
vn 0.5318015 -0.248151228 0.809696257
vn 0.5318015 -0.248151228 0.809696257
vn 0.5306939 -0.241002873 0.8125771
vn 0.5306939 -0.241002873 0.8125771
vn 0.5306939 -0.241002873 0.8125771
vn 0.609373868 -0.166967347 0.7751035
vn 0.609373868 -0.166967347 0.7751035
vn 0.609373868 -0.166967347 0.7751035
vn 0.6125298 -0.183579609 0.768833935
vn 0.6125298 -0.183579609 0.768833935
vn 0.6125298 -0.183579609 0.768833935
vn 0.5263407 -0.150410384 0.8368645
vn 0.5263407 -0.150410384 0.8368645
vn 0.5263407 -0.150410384 0.8368645
vn 0.509529233 -0.06802866 0.8577599
vn 0.509529233 -0.06802866 0.8577599
vn 0.509529233 -0.06802866 0.8577599
vn 0.53069973 -0.07633124 0.8441158
vn 0.53069973 -0.07633124 0.8441158
vn 0.53069973 -0.07633124 0.8441158
vn 0.499186665 0.0576110072 0.8645771
vn 0.499186665 0.0576110072 0.8645771
vn 0.499186665 0.0576110072 0.8645771
vn 1 0 0
vn 1 0 0
vn 1 0 0
vn 1 0 0
vn 1 0 0
vn 0.99999994 0 0
vn 0.99999994 0 0
vn 1 0 0
vn 1 0 0
vn 1 0 0
vn 0.99999994 0 0
vn 1 0 0
vn 0.999316454 -0.0330287926 -0.0166067462
vn 0.999316454 -0.0330287926 -0.0166067462
vn 0.999316454 -0.0330287926 -0.0166067462
vn 0.9992671 -0.008003217 -0.0374324434
vn 0.9992671 -0.008003217 -0.0374324434
vn 0.9992671 -0.008003217 -0.0374324434
vn 0.999885142 -0.0141800456 -0.00535374135
vn 0.999885142 -0.0141800456 -0.00535374135
vn 0.999885142 -0.0141800456 -0.00535374135
vn 0.999744952 0.0006713031 -0.0225713681
vn 0.999744952 0.0006713031 -0.0225713681
vn 0.999744952 0.0006713031 -0.0225713681
vn 0.999629736 0.00208002329 -0.0271296147
vn 0.999629736 0.00208002329 -0.0271296147
vn 0.999629736 0.00208002329 -0.0271296147
vn 0.9563243 -0.115438052 0.2685478
vn 0.9563243 -0.115438052 0.2685478
vn 0.9563243 -0.115438052 0.2685478
vn -0.8375874 -0.229840234 0.495601267
vn -0.8375874 -0.229840234 0.495601267
vn -0.8375874 -0.229840234 0.495601267
vn -0.8938704 0.0294030327 -0.4473603
vn -0.8938704 0.0294030327 -0.4473603
vn -0.8938704 0.0294030327 -0.4473603
vn -0.8964622 0.00296462746 -0.4431103
vn -0.8964622 0.00296462746 -0.4431103
vn -0.8964622 0.00296462746 -0.4431103
vn -0.9016231 0.004504176 -0.43249926
vn -0.9016231 0.004504176 -0.43249926
vn -0.9016231 0.004504176 -0.43249926
vn -0.913161755 -0.0300276484 -0.406489819
vn -0.913161755 -0.0300276484 -0.406489819
vn -0.913161755 -0.0300276484 -0.406489819
vn -0.499186665 0.0576110035 0.864577055
vn -0.499186665 0.0576110035 0.864577055
vn -0.499186665 0.0576110035 0.864577055
vn -0.53069973 -0.0763312355 0.8441158
vn -0.53069973 -0.0763312355 0.8441158
vn -0.53069973 -0.0763312355 0.8441158
vn -0.5095293 -0.06802865 0.8577599
vn -0.5095293 -0.06802865 0.8577599
vn -0.5095293 -0.06802865 0.8577599
vn -0.5263408 -0.150410369 0.8368644
vn -0.5263408 -0.150410369 0.8368644
vn -0.5263408 -0.150410369 0.8368644
vn -0.6125299 -0.183579609 0.768833935
vn -0.6125299 -0.183579609 0.768833935
vn -0.6125299 -0.183579609 0.768833935
vn -0.6093739 -0.166967347 0.7751035
vn -0.6093739 -0.166967347 0.7751035
vn -0.6093739 -0.166967347 0.7751035
vn -0.530693948 -0.241002887 0.8125771
vn -0.530693948 -0.241002887 0.8125771
vn -0.530693948 -0.241002887 0.8125771
vn -0.5318016 -0.248151213 0.8096962
vn -0.5318016 -0.248151213 0.8096962
vn -0.5318016 -0.248151213 0.8096962
vn -0.484272867 -0.293892562 0.8240795
vn -0.484272867 -0.293892562 0.8240795
vn -0.484272867 -0.293892562 0.8240795
vn -0.999629736 0.00208001584 -0.0271295123
vn -0.999629736 0.00208001584 -0.0271295123
vn -0.999629736 0.00208001584 -0.0271295123
vn -0.999745 0.000671301 -0.022571288
vn -0.999745 0.000671301 -0.022571288
vn -0.999745 0.000671301 -0.022571288
vn -0.999885142 -0.0141799934 -0.005353722
vn -0.999885142 -0.0141799934 -0.005353722
vn -0.999885142 -0.0141799934 -0.005353722
vn -0.999267042 -0.008003163 -0.0374324359
vn -0.999267042 -0.008003163 -0.0374324359
vn -0.999267042 -0.008003163 -0.0374324359
vn -0.999316454 -0.0330287553 -0.01660673
vn -0.999316454 -0.0330287553 -0.01660673
vn -0.999316454 -0.0330287553 -0.01660673
vn -1 0 0
vn -1 0 0
vn -1 0 0
vn -1 0 0
vn -1 0 0
vn -1 0 0
vn -1 0 0
vn -0.99999994 0 0
vn -0.99999994 0 0
vn -1 0 0
vn -1 0 0
vn -1 0 0
vn -0.956324339 -0.11543794 0.268547565
vn -0.956324339 -0.11543794 0.268547565
vn -0.956324339 -0.11543794 0.268547565
vn 0.9738016 -0.2273994 0
vn 0.9738016 -0.2273994 0
vn 0.9738016 -0.2273994 0
vn 0.9738015 -0.227399364 0
vn 0.5849302 -0.302421153 0.752594352
vn 0.5849302 -0.302421153 0.752594352
vn 0.5849302 -0.302421153 0.752594352
vn 0.5147301 -0.3457415 0.7845481
vn 0.5147301 -0.3457415 0.7845481
vn 0.5147301 -0.3457415 0.7845481
vn 0.585276 -0.302440733 -0.7523175
vn 0.585276 -0.302440733 -0.7523175
vn 0.585276 -0.302440733 -0.7523175
vn 0.5146717 -0.346027225 -0.7844605
vn 0.5146717 -0.346027225 -0.7844605
vn 0.5146717 -0.346027225 -0.7844605
vn 0.9481304 -0.08375407 0.3066495
vn 0.9481304 -0.08375407 0.3066495
vn 0.9481304 -0.08375407 0.3066495
vn 0.9447002 -0.152611762 0.290260732
vn 0.9447002 -0.152611762 0.290260732
vn 0.9447002 -0.152611762 0.290260732
vn 0.9493696 -0.139354184 0.281562746
vn 0.9493696 -0.139354184 0.281562746
vn 0.9493696 -0.139354184 0.281562746
vn 0.966116846 -0.191456392 0.1730971
vn 0.966116846 -0.191456392 0.1730971
vn 0.966116846 -0.191456392 0.1730971
vn 0.9666652 -0.0421156958 0.252556264
vn 0.9666652 -0.0421156958 0.252556264
vn 0.9666652 -0.0421156958 0.252556264
vn 0.9754409 0.0916934 -0.200268164
vn 0.9754409 0.0916934 -0.200268164
vn 0.9754409 0.0916934 -0.200268164
vn 0.9448065 0.07589474 -0.318716943
vn 0.9448065 0.07589474 -0.318716943
vn 0.9448065 0.07589474 -0.318716943
vn 0 1 0
vn 0 1 0
vn 0 1 0
vn 0 1 0
vn 0 1 0
vn -0.6966705 -0.549443841 -0.4612609
vn -0.6966705 -0.549443841 -0.4612609
vn -0.6966705 -0.549443841 -0.4612609
vn -0.29139927 -0.6287442 -0.7209489
vn -0.29139927 -0.6287442 -0.7209489
vn -0.29139927 -0.6287442 -0.7209489
vn -0.318759561 0.525773644 -0.7886409
vn -0.318759561 0.525773644 -0.7886409
vn -0.318759561 0.525773644 -0.7886409
vn -0.321162075 0.5278445 -0.786279261
vn -0.321162075 0.5278445 -0.786279261
vn -0.321162075 0.5278445 -0.786279261
vn -0.745421767 0.450734884 -0.491105229
vn -0.745421767 0.450734884 -0.491105229
vn -0.745421767 0.450734884 -0.491105229
vn -0.8003108 0.08955814 -0.5928592
vn -0.8003108 0.08955814 -0.5928592
vn -0.8003108 0.08955814 -0.5928592
vn -0.7567738 0.0401396826 -0.65244323
vn -0.7567738 0.0401396826 -0.65244323
vn -0.7567738 0.0401396826 -0.65244323
vn -0.7645992 0.1674062 -0.6223851
vn -0.7645992 0.1674062 -0.6223851
vn -0.7645992 0.1674062 -0.6223851
vn -0.78161186 0.1864442 -0.5952491
vn -0.78161186 0.1864442 -0.5952491
vn -0.78161186 0.1864442 -0.5952491
vn -0.782749057 0.2265829 -0.579624057
vn -0.782749057 0.2265829 -0.579624057
vn -0.782749057 0.2265829 -0.579624057
vn -0.820478439 0.257776082 -0.5102613
vn -0.820478439 0.257776082 -0.5102613
vn -0.820478439 0.257776082 -0.5102613
vn -0.745201766 0.4497248 -0.4923635
vn -0.745201766 0.4497248 -0.4923635
vn -0.745201766 0.4497248 -0.4923635
vn -0.9026532 0.3993882 -0.160331413
vn -0.9026532 0.3993882 -0.160331413
vn -0.9026532 0.3993882 -0.160331413
vn -0.902853251 0.3986747 -0.160979941
vn -0.9029027 0.398696542 0.160647675
vn -0.9029027 0.398696542 0.160647675
vn -0.9029027 0.398696542 0.160647675
vn -0.902725041 0.3993297 0.16007331
vn -0.7452018 0.449724823 0.492363423
vn -0.7452018 0.449724823 0.492363423
vn -0.7452018 0.449724823 0.492363423
vn 0.70577544 -0.111471526 0.69961077
vn 0.70577544 -0.111471526 0.69961077
vn 0.70577544 -0.111471526 0.69961077
vn 0.7242011 -0.08348697 0.68451643
vn 0.7242011 -0.08348697 0.68451643
vn 0.7242011 -0.08348697 0.68451643
vn 0.7400796 -0.0910991952 0.6663206
vn 0.7400796 -0.0910991952 0.6663206
vn 0.7400796 -0.0910991952 0.6663206
vn 0.735669732 0.3947019 -0.5504547
vn 0.735669732 0.3947019 -0.5504547
vn 0.735669732 0.3947019 -0.5504547
vn 0.7771389 0.350850046 -0.5224551
vn 0.7771389 0.350850046 -0.5224551
vn 0.7771389 0.350850046 -0.5224551
vn 0.7798394 0.436594576 -0.44859305
vn 0.7798394 0.436594576 -0.44859305
vn 0.7798394 0.436594576 -0.44859305
vn 0.995019436 0.09733371 -0.021504499
vn 0.995019436 0.09733371 -0.021504499
vn 0.995019436 0.09733371 -0.021504499
vn 0.9521781 0.206164554 -0.225506172
vn 0.9521781 0.206164554 -0.225506172
vn 0.9521781 0.206164554 -0.225506172
vn 0.9975905 0.01364189 -0.068024
vn 0.9975905 0.01364189 -0.068024
vn 0.9975905 0.01364189 -0.068024
vn 0.9175401 -0.07818865 0.389880359
vn 0.9175401 -0.07818865 0.389880359
vn 0.9175401 -0.07818865 0.389880359
vn 0.923474133 -0.0634945258 0.378370225
vn 0.923474133 -0.0634945258 0.378370225
vn 0.923474133 -0.0634945258 0.378370225
vn 0.640296936 -0.127122447 0.7575354
vn 0.640296936 -0.127122447 0.7575354
vn 0.640296936 -0.127122447 0.7575354
vn 0.6718606 -0.3145481 0.670569
vn 0.6718606 -0.3145481 0.670569
vn 0.6718606 -0.3145481 0.670569
vn 0.6649491 -0.32347 0.6732086
vn 0.6649491 -0.32347 0.6732086
vn 0.6649491 -0.32347 0.6732086
vn 0.9378134 -0.122943491 -0.324639648
vn 0.9378134 -0.122943491 -0.324639648
vn 0.9378134 -0.122943491 -0.324639648
vn 0.9840394 -0.0680494457 -0.164424971
vn 0.9840394 -0.0680494457 -0.164424971
vn 0.9840394 -0.0680494457 -0.164424971
vn 0.9837874 -0.0639842 -0.167536035
vn 0.9837874 -0.0639842 -0.167536035
vn 0.9837874 -0.0639842 -0.167536035
vn 0.99974227 -0.0036081695 -0.0224177223
vn 0.99974227 -0.0036081695 -0.0224177223
vn 0.99974227 -0.0036081695 -0.0224177223
vn 0.9919239 -0.0201547686 -0.125222519
vn 0.9919239 -0.0201547686 -0.125222519
vn 0.9919239 -0.0201547686 -0.125222519
vn 0.995315969 -0.0531632677 -0.0807445347
vn 0.995315969 -0.0531632677 -0.0807445347
vn 0.995315969 -0.0531632677 -0.0807445347
vn 0.9414672 -0.07562752 0.328511775
vn 0.9414672 -0.07562752 0.328511775
vn 0.9414672 -0.07562752 0.328511775
vn 0.943326533 0.185014889 -0.275507927
vn 0.943326533 0.185014889 -0.275507927
vn 0.943326533 0.185014889 -0.275507927
vn 0.9059364 -0.0512617268 0.420299053
vn 0.9059364 -0.0512617268 0.420299053
vn 0.9059364 -0.0512617268 0.420299053
vn 0.898297131 -0.0705421939 0.433688849
vn 0.898297131 -0.0705421939 0.433688849
vn 0.898297131 -0.0705421939 0.433688849
vn 0.7026655 -0.110775396 0.7028442
vn 0.7026655 -0.110775396 0.7028442
vn 0.7026655 -0.110775396 0.7028442
vn 0.6930058 -0.132965133 0.7085642
vn 0.6930058 -0.132965133 0.7085642
vn 0.6930058 -0.132965133 0.7085642
vn 0.6649489 -0.323470354 -0.6732086
vn 0.6649489 -0.323470354 -0.6732086
vn 0.6649489 -0.323470354 -0.6732086
vn 0.937813461 -0.122943386 0.3246394
vn 0.937813461 -0.122943386 0.3246394
vn 0.937813461 -0.122943386 0.3246394
vn 0.9840394 -0.0680495054 0.16442515
vn 0.9840394 -0.0680495054 0.16442515
vn 0.9840394 -0.0680495054 0.16442515
vn 0.983784 -0.06393244 0.167575866
vn 0.983784 -0.06393244 0.167575866
vn 0.983784 -0.06393244 0.167575866
vn -0.7771389 0.350850075 -0.522455156
vn -0.7771389 0.350850075 -0.522455156
vn -0.7771389 0.350850075 -0.522455156
vn -0.7356699 0.3947019 -0.5504547
vn -0.7356699 0.3947019 -0.5504547
vn -0.7356699 0.3947019 -0.5504547
vn -0.740079463 -0.0910992 0.6663206
vn -0.740079463 -0.0910992 0.6663206
vn -0.740079463 -0.0910992 0.6663206
vn -0.7242011 -0.08348697 0.68451643
vn -0.7242011 -0.08348697 0.68451643
vn -0.7242011 -0.08348697 0.68451643
vn -0.70577544 -0.111471511 0.69961077
vn -0.70577544 -0.111471511 0.69961077
vn -0.70577544 -0.111471511 0.69961077
vn -0.7026655 -0.110775396 0.7028441
vn -0.7026655 -0.110775396 0.7028441
vn -0.7026655 -0.110775396 0.7028441
vn -0.8982972 -0.0705422238 0.433688849
vn -0.8982972 -0.0705422238 0.433688849
vn -0.8982972 -0.0705422238 0.433688849
vn -0.9175401 -0.07818867 0.389880478
vn -0.9175401 -0.07818867 0.389880478
vn -0.9175401 -0.07818867 0.389880478
vn -0.9975904 0.013641892 -0.06802401
vn -0.9975904 0.013641892 -0.06802401
vn -0.9975904 0.013641892 -0.06802401
vn -0.9919239 -0.02015477 -0.125222519
vn -0.9919239 -0.02015477 -0.125222519
vn -0.9919239 -0.02015477 -0.125222519
vn -0.99974227 -0.00360818952 -0.0224178489
vn -0.99974227 -0.00360818952 -0.0224178489
vn -0.99974227 -0.00360818952 -0.0224178489
vn -0.9837874 -0.06398425 -0.167536259
vn -0.9837874 -0.06398425 -0.167536259
vn -0.9837874 -0.06398425 -0.167536259
vn -0.9840394 -0.06804949 -0.1644252
vn -0.9840394 -0.06804949 -0.1644252
vn -0.9840394 -0.06804949 -0.1644252
vn -0.9378134 -0.122943461 -0.3246397
vn -0.9378134 -0.122943461 -0.3246397
vn -0.9378134 -0.122943461 -0.3246397
vn -0.6649491 -0.323470026 0.6732086
vn -0.6649491 -0.323470026 0.6732086
vn -0.6649491 -0.323470026 0.6732086
vn -0.6718607 -0.314548075 0.670569
vn -0.6718607 -0.314548075 0.670569
vn -0.6718607 -0.314548075 0.670569
vn -0.640296936 -0.127122417 0.7575353
vn -0.640296936 -0.127122417 0.7575353
vn -0.640296936 -0.127122417 0.7575353
vn -0.923474 -0.0634945258 0.3783703
vn -0.923474 -0.0634945258 0.3783703
vn -0.923474 -0.0634945258 0.3783703
vn -0.941467166 -0.07562752 0.328511864
vn -0.941467166 -0.07562752 0.328511864
vn -0.941467166 -0.07562752 0.328511864
vn -0.995315969 -0.0531632677 -0.08074454
vn -0.995315969 -0.0531632677 -0.08074454
vn -0.995315969 -0.0531632677 -0.08074454
vn -0.9059365 -0.05126173 0.420299172
vn -0.9059365 -0.05126173 0.420299172
vn -0.9059365 -0.05126173 0.420299172
vn -0.943326533 0.185014889 -0.275507927
vn -0.943326533 0.185014889 -0.275507927
vn -0.943326533 0.185014889 -0.275507927
vn -0.9521781 0.206164554 -0.225506172
vn -0.9521781 0.206164554 -0.225506172
vn -0.9521781 0.206164554 -0.225506172
vn -0.995019436 0.097333774 -0.0215046257
vn -0.995019436 0.097333774 -0.0215046257
vn -0.995019436 0.097333774 -0.0215046257
vn -0.779839337 0.436594546 -0.44859308
vn -0.779839337 0.436594546 -0.44859308
vn -0.779839337 0.436594546 -0.44859308
vn -0.9738015 -0.227399424 0
vn -0.9738015 -0.227399424 0
vn -0.9738015 -0.227399424 0
vn -0.9738016 -0.227399454 0
vn -0.5147301 -0.3457415 0.7845481
vn -0.5147301 -0.3457415 0.7845481
vn -0.5147301 -0.3457415 0.7845481
vn -0.5849301 -0.302421182 0.7525943
vn -0.5849301 -0.302421182 0.7525943
vn -0.5849301 -0.302421182 0.7525943
vn -0.5146717 -0.346027225 -0.7844605
vn -0.5146717 -0.346027225 -0.7844605
vn -0.5146717 -0.346027225 -0.7844605
vn -0.585276 -0.302440733 -0.7523175
vn -0.585276 -0.302440733 -0.7523175
vn -0.585276 -0.302440733 -0.7523175
vn -0.745244145 0.4499187 0.492122144
vn -0.319354057 0.526286244 0.788058162
vn -0.319354057 0.526286244 0.788058162
vn -0.319354057 0.526286244 0.788058162
vn -0.318759829 0.525773644 0.7886408
vn -0.291722566 -0.627676368 0.7217481
vn -0.291722566 -0.627676368 0.7217481
vn -0.291722566 -0.627676368 0.7217481
vn -0.290852457 -0.6281689 0.721670747
vn -0.6987051 -0.5476407 -0.4603269
vn -0.6987051 -0.5476407 -0.4603269
vn -0.6987051 -0.5476407 -0.4603269
vn -0.856322944 -0.4932485 -0.153025985
vn -0.856322944 -0.4932485 -0.153025985
vn -0.856322944 -0.4932485 -0.153025985
vn -0.857007563 -0.492306769 -0.152223721
vn -0.857041061 -0.492326051 0.151972517
vn -0.857041061 -0.492326051 0.151972517
vn -0.857041061 -0.492326051 0.151972517
vn -0.8561648 -0.493531555 0.152997732
vn -0.8561648 -0.493531555 0.152997732
vn -0.8561648 -0.493531555 0.152997732
vn -0.697756052 -0.548483 0.460763365
vn -0.697756052 -0.548483 0.460763365
vn -0.697756052 -0.548483 0.460763365
vn -0.6980318 -0.5482385 0.460636735
vn -0.2932706 -0.6276838 -0.721114
vn -0.2932706 -0.6276838 -0.721114
vn -0.2932706 -0.6276838 -0.721114
vn -0.5441562 -0.00268034474 -0.8389797
vn -0.5441562 -0.00268034474 -0.8389797
vn -0.5441562 -0.00268034474 -0.8389797
vn -0.546000063 0 -0.8377852
vn -0.546000063 0 -0.8377852
vn -0.546000063 0 -0.8377852
vn -0.603393555 -0.210941255 -0.7690383
vn -0.603393555 -0.210941255 -0.7690383
vn -0.603393555 -0.210941255 -0.7690383
vn -0.4723455 -0.4958073 -0.728742063
vn -0.4723455 -0.4958073 -0.728742063
vn -0.4723455 -0.4958073 -0.728742063
vn -0.4388401 -0.853496969 -0.281002373
vn -0.4388401 -0.853496969 -0.281002373
vn -0.4388401 -0.853496969 -0.281002373
vn -0.817455351 0.34421733 -0.461823761
vn -0.817455351 0.34421733 -0.461823761
vn -0.817455351 0.34421733 -0.461823761
vn -0.8312879 0.3370948 -0.4419587
vn -0.8312879 0.3370948 -0.4419587
vn -0.8312879 0.3370948 -0.4419587
vn -0.993086636 -0.0135850376 -0.116595306
vn -0.993086636 -0.0135850376 -0.116595306
vn -0.993086636 -0.0135850376 -0.116595306
vn -0.960810959 0.277204454 0
vn -0.960810959 0.277204454 0
vn -0.960810959 0.277204454 0
vn -0.9575892 0.09961964 -0.27036804
vn -0.9575892 0.09961964 -0.27036804
vn -0.9575892 0.09961964 -0.27036804
vn 0.757040739 -0.009226187 0.6533025
vn 0.757040739 -0.009226187 0.6533025
vn 0.757040739 -0.009226187 0.6533025
vn -0.350168556 -0.833085954 -0.428193718
vn -0.350168556 -0.833085954 -0.428193718
vn -0.350168556 -0.833085954 -0.428193718
vn -0.340916425 -0.939737737 0.02586409
vn -0.340916425 -0.939737737 0.02586409
vn -0.340916425 -0.939737737 0.02586409
vn -0.343678743 -0.938831568 0.02191497
vn -0.343678743 -0.938831568 0.02191497
vn -0.343678743 -0.938831568 0.02191497
vn -1 0 0
vn -1 0 0
vn -1 0 0
vn -0.99999994 0 0
vn -0.664901853 -0.194341242 0.7212052
vn -0.664901853 -0.194341242 0.7212052
vn -0.664901853 -0.194341242 0.7212052
vn -0.983784 -0.06393251 0.16757609
vn -0.983784 -0.06393251 0.16757609
vn -0.983784 -0.06393251 0.16757609
vn -0.984039366 -0.06804954 0.164425373
vn -0.984039366 -0.06804954 0.164425373
vn -0.984039366 -0.06804954 0.164425373
vn -0.9378135 -0.122943364 0.32463944
vn -0.9378135 -0.122943364 0.32463944
vn -0.9378135 -0.122943364 0.32463944
vn -0.6649489 -0.323470265 -0.6732086
vn -0.6649489 -0.323470265 -0.6732086
vn -0.6649489 -0.323470265 -0.6732086
vn 0.679998159 0.16984804 -0.713270068
vn 0.679998159 0.16984804 -0.713270068
vn 0.679998159 0.16984804 -0.713270068
vn 0.6893047 0.173828423 -0.7033084
vn 0.6893047 0.173828423 -0.7033084
vn 0.6893047 0.173828423 -0.7033084
vn 0.6865281 0.251386553 -0.682263851
vn 0.6865281 0.251386553 -0.682263851
vn 0.6865281 0.251386553 -0.682263851
vn 0.7255735 0.2629686 -0.6359173
vn 0.7255735 0.2629686 -0.6359173
vn 0.7255735 0.2629686 -0.6359173
vn 0.679887652 0.5066781 -0.530122638
vn 0.679887652 0.5066781 -0.530122638
vn 0.679887652 0.5066781 -0.530122638
vn 0.6168154 0.4742746 -0.628173947
vn 0.6168154 0.4742746 -0.628173947
vn 0.6168154 0.4742746 -0.628173947
vn 0.601702452 0.7650878 -0.229335457
vn 0.601702452 0.7650878 -0.229335457
vn 0.601702452 0.7650878 -0.229335457
vn 0.538116932 0.7772563 -0.326041132
vn 0.538116932 0.7772563 -0.326041132
vn 0.538116932 0.7772563 -0.326041132
vn 0.5644691 0.772246361 0.29156518
vn 0.5644691 0.772246361 0.29156518
vn 0.5644691 0.772246361 0.29156518
vn 0.5333437 0.8057482 0.257515728
vn 0.5333437 0.8057482 0.257515728
vn 0.5333437 0.8057482 0.257515728
vn 0.5215516 0.432650119 0.735389531
vn 0.5215516 0.432650119 0.735389531
vn 0.5215516 0.432650119 0.735389531
vn 0.4476928 0.5284236 0.7213456
vn 0.4476928 0.5284236 0.7213456
vn 0.4476928 0.5284236 0.7213456
vn 0.443614721 -0.0104809785 0.8961564
vn 0.443614721 -0.0104809785 0.8961564
vn 0.443614721 -0.0104809785 0.8961564
vn 0.384205431 0.05099677 0.9218381
vn 0.384205431 0.05099677 0.9218381
vn 0.384205431 0.05099677 0.9218381
vn 0.372179925 -0.441732943 0.8163052
vn 0.372179925 -0.441732943 0.8163052
vn 0.372179925 -0.441732943 0.8163052
vn 0.365821749 -0.436978757 0.8217202
vn 0.365821749 -0.436978757 0.8217202
vn 0.365821749 -0.436978757 0.8217202
vn 0.349824935 -0.73501116 0.5808452
vn 0.349824935 -0.73501116 0.5808452
vn 0.349824935 -0.73501116 0.5808452
vn 0.33894527 -0.731628 0.5914699
vn 0.33894527 -0.731628 0.5914699
vn 0.33894527 -0.731628 0.5914699
vn 0.553750634 -0.82055974 -0.1415691
vn 0.553750634 -0.82055974 -0.1415691
vn 0.553750634 -0.82055974 -0.1415691
vn 0.5803002 -0.7707106 -0.263167083
vn 0.5803002 -0.7707106 -0.263167083
vn 0.5803002 -0.7707106 -0.263167083
vn 0.2884637 -0.06669326 -0.9551652
vn 0.2884637 -0.06669326 -0.9551652
vn 0.2884637 -0.06669326 -0.9551652
vn 0.8606311 0.48973307 -0.13955465
vn 0.8606311 0.48973307 -0.13955465
vn 0.8606311 0.48973307 -0.13955465
vn 0.8575107 0.3125708 -0.408625543
vn 0.8575107 0.3125708 -0.408625543
vn 0.8575107 0.3125708 -0.408625543
vn 0.874363065 -0.0802623257 0.4785888
vn 0.874363065 -0.0802623257 0.4785888
vn 0.874363065 -0.0802623257 0.4785888
vn 0.910711169 -0.172516987 0.3752906
vn 0.910711169 -0.172516987 0.3752906
vn 0.910711169 -0.172516987 0.3752906
vn 0.8568725 -0.325975537 0.399386317
vn 0.8568725 -0.325975537 0.399386317
vn 0.8568725 -0.325975537 0.399386317
vn 0.9158315 -0.356167585 0.185464874
vn 0.9158315 -0.356167585 0.185464874
vn 0.9158315 -0.356167585 0.185464874
vn 0.920106 -0.324323356 0.2195888
vn 0.920106 -0.324323356 0.2195888
vn 0.920106 -0.324323356 0.2195888
vn 0.8770602 0.45735234 -0.146949649
vn 0.8770602 0.45735234 -0.146949649
vn 0.8770602 0.45735234 -0.146949649
vn 0.8433756 0.413549334 0.343066216
vn 0.8433756 0.413549334 0.343066216
vn 0.8433756 0.413549334 0.343066216
vn 0.865995467 0.3067175 0.3949384
vn 0.865995467 0.3067175 0.3949384
vn 0.865995467 0.3067175 0.3949384
vn 0.807211339 0.121997751 0.5775174
vn 0.807211339 0.121997751 0.5775174
vn 0.807211339 0.121997751 0.5775174
vn 0.8314602 0.0355628543 0.554445
vn 0.8314602 0.0355628543 0.554445
vn 0.8314602 0.0355628543 0.554445
vn 0.8340455 -0.03788682 0.550393164
vn 0.8340455 -0.03788682 0.550393164
vn 0.8340455 -0.03788682 0.550393164
vn 0.98241365 -0.02790674 0.184620053
vn 0.98241365 -0.02790674 0.184620053
vn 0.98241365 -0.02790674 0.184620053
vn 0.9842292 -0.0189235583 0.175883085
vn 0.9842292 -0.0189235583 0.175883085
vn 0.9842292 -0.0189235583 0.175883085
vn 0.984229147 -0.01892356 -0.175883055
vn 0.984229147 -0.01892356 -0.175883055
vn 0.984229147 -0.01892356 -0.175883055
vn 0.9572459 -0.113126516 -0.266237825
vn 0.9572459 -0.113126516 -0.266237825
vn 0.9572459 -0.113126516 -0.266237825
vn 0.8287994 -0.1094218 -0.548742533
vn 0.8287994 -0.1094218 -0.548742533
vn 0.8287994 -0.1094218 -0.548742533
vn 0.773564637 -0.175798446 -0.608845353
vn 0.773564637 -0.175798446 -0.608845353
vn 0.773564637 -0.175798446 -0.608845353
vn 0.34341982 0.411108822 -0.844424367
vn 0.34341982 0.411108822 -0.844424367
vn 0.34341982 0.411108822 -0.844424367
vn 0.161102265 -0.939484954 -0.30234772
vn 0.161102265 -0.939484954 -0.30234772
vn 0.161102265 -0.939484954 -0.30234772
vn 0.913161635 -0.030027641 0.406489938
vn 0.913161635 -0.030027641 0.406489938
vn 0.913161635 -0.030027641 0.406489938
vn 0.9016287 0.004488275 0.432487637
vn 0.9016287 0.004488275 0.432487637
vn 0.9016287 0.004488275 0.432487637
vn 0.8964998 0.00296411384 0.443034023
vn 0.8964998 0.00296411384 0.443034023
vn 0.8964998 0.00296411384 0.443034023
vn 0.894355237 0.028291814 0.446462035
vn 0.894355237 0.028291814 0.446462035
vn 0.894355237 0.028291814 0.446462035
vn 0.8438656 -0.228209421 -0.485604048
vn 0.8438656 -0.228209421 -0.485604048
vn 0.8438656 -0.228209421 -0.485604048
vn 0.5784702 0.333789825 0.744282663
vn 0.5784702 0.333789825 0.744282663
vn 0.5784702 0.333789825 0.744282663
vn 0.600454569 -0.680755 0.4195558
vn 0.600454569 -0.680755 0.4195558
vn 0.600454569 -0.680755 0.4195558
vn 0.650056541 0.383565724 -0.6559755
vn 0.650056541 0.383565724 -0.6559755
vn 0.650056541 0.383565724 -0.6559755
vn -0.8743631 -0.0802623257 0.47858873
vn -0.8743631 -0.0802623257 0.47858873
vn -0.8743631 -0.0802623257 0.47858873
vn -0.9107112 -0.172516972 0.375290632
vn -0.9107112 -0.172516972 0.375290632
vn -0.9107112 -0.172516972 0.375290632
vn -0.8568725 -0.3259756 0.399386376
vn -0.8568725 -0.3259756 0.399386376
vn -0.8568725 -0.3259756 0.399386376
vn -0.9158315 -0.3561676 0.185464844
vn -0.9158315 -0.3561676 0.185464844
vn -0.9158315 -0.3561676 0.185464844
vn -0.7570408 -0.009226189 0.6533024
vn -0.7570408 -0.009226189 0.6533024
vn -0.7570408 -0.009226189 0.6533024
vn -0.737883 -0.534436047 0.4121976
vn -0.737883 -0.534436047 0.4121976
vn -0.737883 -0.534436047 0.4121976
vn -0.731983 -0.5053898 0.456926584
vn -0.731983 -0.5053898 0.456926584
vn -0.731983 -0.5053898 0.456926584
vn -0.7719657 -0.411875755 0.4841771
vn -0.7719657 -0.411875755 0.4841771
vn -0.7719657 -0.411875755 0.4841771
vn -0.7669158 -0.298651069 0.568021
vn -0.7669158 -0.298651069 0.568021
vn -0.7669158 -0.298651069 0.568021
vn -0.780776858 -0.271843731 0.5625731
vn -0.780776858 -0.271843731 0.5625731
vn -0.780776858 -0.271843731 0.5625731
usemtl 00255171_part_0_material_0
f 1839/1839/1839 1840/1840/1840 1841/1841/1841
f 1842/1842/1842 1843/1843/1843 1844/1844/1844
f 1845/1845/1845 1846/1846/1846 1847/1847/1847
f 1848/1848/1848 1849/1849/1849 1850/1850/1850
f 1851/1851/1851 1852/1852/1852 1853/1853/1853
f 1854/1854/1854 1855/1855/1855 1856/1856/1856
f 1857/1857/1857 1858/1858/1858 1859/1859/1859
f 1860/1860/1860 1861/1861/1861 1862/1862/1862
f 1863/1863/1863 1864/1864/1864 1865/1865/1865
f 1866/1866/1866 1867/1867/1867 1868/1868/1868
f 1869/1869/1869 1870/1870/1870 1871/1871/1871
f 1872/1872/1872 1873/1873/1873 1874/1874/1874
f 1875/1875/1875 1876/1876/1876 1877/1877/1877
f 1878/1878/1878 1879/1879/1879 1880/1880/1880
f 1881/1881/1881 1882/1882/1882 1883/1883/1883
f 1884/1884/1884 1885/1885/1885 1886/1886/1886
f 1887/1887/1887 1888/1888/1888 1889/1889/1889
f 1890/1890/1890 1891/1891/1891 1892/1892/1892
f 1893/1893/1893 1894/1894/1894 1895/1895/1895
f 1896/1896/1896 1897/1897/1897 1898/1898/1898
f 1899/1899/1899 1900/1900/1900 1901/1901/1901
f 1902/1902/1902 1903/1903/1903 1904/1904/1904
f 1905/1905/1905 1906/1906/1906 1907/1907/1907
f 1908/1908/1908 1909/1909/1909 1910/1910/1910
f 1911/1911/1911 1912/1912/1912 1913/1913/1913
f 1914/1914/1914 1915/1915/1915 1916/1916/1916
f 1917/1917/1917 1918/1918/1918 1919/1919/1919
f 1920/1920/1920 1921/1921/1921 1922/1922/1922
f 1923/1923/1923 1924/1924/1924 1925/1925/1925
f 1926/1926/1926 1927/1927/1927 1928/1928/1928
f 1929/1929/1929 1930/1930/1930 1931/1931/1931
f 1932/1932/1932 1933/1933/1933 1934/1934/1934
f 1935/1935/1935 1936/1936/1936 1937/1937/1937
f 1938/1938/1938 1939/1939/1939 1940/1940/1940
f 1941/1941/1941 1942/1942/1942 1943/1943/1943
f 1944/1944/1944 1945/1945/1945 1946/1946/1946
f 1947/1947/1947 1948/1948/1948 1949/1949/1949
f 1950/1950/1950 1951/1951/1951 1952/1952/1952
f 1953/1953/1953 1954/1954/1954 1955/1955/1955
f 1956/1956/1956 1957/1957/1957 1958/1958/1958
f 1959/1959/1959 1960/1960/1960 1961/1961/1961
f 1962/1962/1962 1963/1963/1963 1964/1964/1964
f 1965/1965/1965 1966/1966/1966 1967/1967/1967
f 1968/1968/1968 1969/1969/1969 1970/1970/1970
f 1971/1971/1971 1972/1972/1972 1973/1973/1973
f 1974/1974/1974 1975/1975/1975 1976/1976/1976
f 1977/1977/1977 1978/1978/1978 1979/1979/1979
f 1980/1980/1980 1981/1981/1981 1982/1982/1982
f 1983/1983/1983 1984/1984/1984 1985/1985/1985
f 1986/1986/1986 1987/1987/1987 1988/1988/1988
f 1989/1989/1989 1990/1990/1990 1991/1991/1991
f 1992/1992/1992 1993/1993/1993 1994/1994/1994
f 1995/1995/1995 1996/1996/1996 1997/1997/1997
f 1995/1995/1995 1998/1998/1998 1996/1996/1996
f 1999/1999/1999 2000/2000/2000 2001/2001/2001
f 2002/2002/2002 2003/2003/2003 2004/2004/2004
f 2005/2005/2005 2006/2006/2006 2007/2007/2007
f 2008/2008/2008 2009/2009/2009 2010/2010/2010
f 2011/2011/2011 2012/2012/2012 2013/2013/2013
f 2014/2014/2014 2015/2015/2015 2016/2016/2016
f 2017/2017/2017 2018/2018/2018 2019/2019/2019
f 2020/2020/2020 2021/2021/2021 2022/2022/2022
f 2023/2023/2023 2024/2024/2024 2025/2025/2025
f 2026/2026/2026 2027/2027/2027 2028/2028/2028
f 2029/2029/2029 2030/2030/2030 2031/2031/2031
f 2032/2032/2032 2033/2033/2033 2034/2034/2034
f 2035/2035/2035 2036/2036/2036 2037/2037/2037
f 2038/2038/2038 2039/2039/2039 2040/2040/2040
f 2041/2041/2041 2042/2042/2042 2043/2043/2043
f 2044/2044/2044 2045/2045/2045 2046/2046/2046
f 2047/2047/2047 2048/2048/2048 2049/2049/2049
f 2050/2050/2050 2051/2051/2051 2052/2052/2052
f 2053/2053/2053 2054/2054/2054 2055/2055/2055
f 2056/2056/2056 2057/2057/2057 2058/2058/2058
f 2059/2059/2059 2060/2060/2060 2061/2061/2061
f 2062/2062/2062 2063/2063/2063 2064/2064/2064
f 2065/2065/2065 2066/2066/2066 2067/2067/2067
f 2068/2068/2068 2069/2069/2069 2070/2070/2070
f 2071/2071/2071 2072/2072/2072 2073/2073/2073
f 2074/2074/2074 2075/2075/2075 2076/2076/2076
f 2077/2077/2077 2078/2078/2078 2079/2079/2079
f 2080/2080/2080 2081/2081/2081 2082/2082/2082
f 2083/2083/2083 2084/2084/2084 2085/2085/2085
f 2086/2086/2086 2087/2087/2087 2088/2088/2088
f 2089/2089/2089 2090/2090/2090 2091/2091/2091
f 2092/2092/2092 2093/2093/2093 2094/2094/2094
f 2095/2095/2095 2096/2096/2096 2097/2097/2097
f 2098/2098/2098 2099/2099/2099 2100/2100/2100
f 2101/2101/2101 2102/2102/2102 2103/2103/2103
f 2104/2104/2104 2105/2105/2105 2106/2106/2106
f 2107/2107/2107 2108/2108/2108 2109/2109/2109
f 2110/2110/2110 2111/2111/2111 2112/2112/2112
f 2113/2113/2113 2114/2114/2114 2115/2115/2115
f 2116/2116/2116 2117/2117/2117 2118/2118/2118
f 2119/2119/2119 2120/2120/2120 2121/2121/2121
f 2122/2122/2122 2123/2123/2123 2124/2124/2124
f 2125/2125/2125 2126/2126/2126 2127/2127/2127
f 2128/2128/2128 2129/2129/2129 2130/2130/2130
f 2131/2131/2131 2132/2132/2132 2133/2133/2133
f 2134/2134/2134 2135/2135/2135 2136/2136/2136
f 2137/2137/2137 2138/2138/2138 2139/2139/2139
f 2140/2140/2140 2141/2141/2141 2142/2142/2142
f 2143/2143/2143 2144/2144/2144 2145/2145/2145
f 2146/2146/2146 2147/2147/2147 2148/2148/2148
f 2149/2149/2149 2150/2150/2150 2151/2151/2151
f 2152/2152/2152 2153/2153/2153 2154/2154/2154
f 2155/2155/2155 2156/2156/2156 2157/2157/2157
f 2158/2158/2158 2159/2159/2159 2160/2160/2160
f 2161/2161/2161 2162/2162/2162 2163/2163/2163
f 2164/2164/2164 2165/2165/2165 2166/2166/2166
f 2167/2167/2167 2168/2168/2168 2169/2169/2169
f 2170/2170/2170 2171/2171/2171 2172/2172/2172
f 2173/2173/2173 2174/2174/2174 2175/2175/2175
f 2176/2176/2176 2177/2177/2177 2178/2178/2178
f 2179/2179/2179 2180/2180/2180 2181/2181/2181
f 2182/2182/2182 2183/2183/2183 2184/2184/2184
f 2185/2185/2185 2186/2186/2186 2187/2187/2187
f 2188/2188/2188 2189/2189/2189 2190/2190/2190
f 2191/2191/2191 2192/2192/2192 2193/2193/2193
f 2194/2194/2194 2195/2195/2195 2196/2196/2196
f 2197/2197/2197 2198/2198/2198 2199/2199/2199
f 2200/2200/2200 2201/2201/2201 2202/2202/2202
f 2203/2203/2203 2204/2204/2204 2205/2205/2205
f 2206/2206/2206 2207/2207/2207 2208/2208/2208
f 2209/2209/2209 2210/2210/2210 2211/2211/2211
f 2212/2212/2212 2213/2213/2213 2214/2214/2214
f 2215/2215/2215 2216/2216/2216 2217/2217/2217
f 2218/2218/2218 2219/2219/2219 2220/2220/2220
f 2221/2221/2221 2222/2222/2222 2223/2223/2223
f 2224/2224/2224 2225/2225/2225 2226/2226/2226
f 2227/2227/2227 2228/2228/2228 2229/2229/2229
f 2230/2230/2230 2231/2231/2231 2232/2232/2232
f 2233/2233/2233 2234/2234/2234 2235/2235/2235
f 2236/2236/2236 2237/2237/2237 2238/2238/2238
f 2239/2239/2239 2240/2240/2240 2241/2241/2241
f 2242/2242/2242 2243/2243/2243 2244/2244/2244
f 2245/2245/2245 2246/2246/2246 2247/2247/2247
f 2248/2248/2248 2249/2249/2249 2250/2250/2250
f 2251/2251/2251 2252/2252/2252 2253/2253/2253
f 2254/2254/2254 2255/2255/2255 2256/2256/2256
f 2257/2257/2257 2258/2258/2258 2259/2259/2259
f 2260/2260/2260 2261/2261/2261 2262/2262/2262
f 2263/2263/2263 2264/2264/2264 2265/2265/2265
f 2266/2266/2266 2267/2267/2267 2268/2268/2268
f 2269/2269/2269 2270/2270/2270 2271/2271/2271
f 2272/2272/2272 2273/2273/2273 2274/2274/2274
f 2275/2275/2275 2276/2276/2276 2277/2277/2277
f 2278/2278/2278 2279/2279/2279 2280/2280/2280
f 2281/2281/2281 2282/2282/2282 2283/2283/2283
f 2284/2284/2284 2285/2285/2285 2286/2286/2286
f 2287/2287/2287 2288/2288/2288 2289/2289/2289
f 2290/2290/2290 2291/2291/2291 2292/2292/2292
f 2293/2293/2293 2294/2294/2294 2295/2295/2295
f 2296/2296/2296 2297/2297/2297 2298/2298/2298
f 2299/2299/2299 2300/2300/2300 2301/2301/2301
f 2302/2302/2302 2303/2303/2303 2304/2304/2304
f 2305/2305/2305 2306/2306/2306 2307/2307/2307
f 2308/2308/2308 2309/2309/2309 2310/2310/2310
f 2311/2311/2311 2312/2312/2312 2313/2313/2313
f 2314/2314/2314 2315/2315/2315 2316/2316/2316
f 2317/2317/2317 2318/2318/2318 2319/2319/2319
f 2320/2320/2320 2321/2321/2321 2322/2322/2322
f 2320/2320/2320 2323/2323/2323 2321/2321/2321
f 2324/2324/2324 2325/2325/2325 2326/2326/2326
f 2327/2327/2327 2328/2328/2328 2329/2329/2329
f 2330/2330/2330 2331/2331/2331 2332/2332/2332
f 2330/2330/2330 2333/2333/2333 2331/2331/2331
f 2334/2334/2334 2335/2335/2335 2336/2336/2336
f 2337/2337/2337 2338/2338/2338 2339/2339/2339
f 2340/2340/2340 2341/2341/2341 2342/2342/2342
f 2343/2343/2343 2344/2344/2344 2345/2345/2345
f 2346/2346/2346 2347/2347/2347 2348/2348/2348
f 2349/2349/2349 2350/2350/2350 2351/2351/2351
f 2352/2352/2352 2353/2353/2353 2354/2354/2354
f 2355/2355/2355 2356/2356/2356 2357/2357/2357
f 2358/2358/2358 2359/2359/2359 2360/2360/2360
f 2361/2361/2361 2362/2362/2362 2363/2363/2363
f 2364/2364/2364 2365/2365/2365 2366/2366/2366
f 2367/2367/2367 2368/2368/2368 2369/2369/2369
f 2370/2370/2370 2371/2371/2371 2372/2372/2372
f 2373/2373/2373 2374/2374/2374 2375/2375/2375
f 2376/2376/2376 2377/2377/2377 2378/2378/2378
f 2379/2379/2379 2380/2380/2380 2381/2381/2381
f 2382/2382/2382 2383/2383/2383 2384/2384/2384
f 2385/2385/2385 2386/2386/2386 2387/2387/2387
f 2388/2388/2388 2389/2389/2389 2390/2390/2390
f 2391/2391/2391 2392/2392/2392 2393/2393/2393
f 2394/2394/2394 2395/2395/2395 2396/2396/2396
f 2397/2397/2397 2398/2398/2398 2399/2399/2399
f 2400/2400/2400 2401/2401/2401 2402/2402/2402
f 2403/2403/2403 2404/2404/2404 2405/2405/2405
f 2406/2406/2406 2407/2407/2407 2408/2408/2408
f 2409/2409/2409 2410/2410/2410 2411/2411/2411
f 2412/2412/2412 2413/2413/2413 2414/2414/2414
f 2415/2415/2415 2416/2416/2416 2417/2417/2417
f 2418/2418/2418 2419/2419/2419 2420/2420/2420
f 2421/2421/2421 2422/2422/2422 2423/2423/2423
f 2424/2424/2424 2425/2425/2425 2426/2426/2426
f 2427/2427/2427 2428/2428/2428 2429/2429/2429
f 2427/2427/2427 2429/2429/2429 2430/2430/2430
f 2431/2431/2431 2432/2432/2432 2433/2433/2433
f 2434/2434/2434 2435/2435/2435 2436/2436/2436
f 2437/2437/2437 2438/2438/2438 2439/2439/2439
f 2437/2437/2437 2439/2439/2439 2440/2440/2440
f 2441/2441/2441 2442/2442/2442 2443/2443/2443
f 2444/2444/2444 2445/2445/2445 2446/2446/2446
f 2447/2447/2447 2448/2448/2448 2449/2449/2449
f 2450/2450/2450 2451/2451/2451 2452/2452/2452
f 2453/2453/2453 2454/2454/2454 2455/2455/2455
f 2456/2456/2456 2457/2457/2457 2458/2458/2458
f 2459/2459/2459 2460/2460/2460 2461/2461/2461
f 2462/2462/2462 2463/2463/2463 2464/2464/2464
f 2465/2465/2465 2466/2466/2466 2467/2467/2467
f 2468/2468/2468 2469/2469/2469 2470/2470/2470
f 2471/2471/2471 2472/2472/2472 2473/2473/2473
f 2474/2474/2474 2475/2475/2475 2476/2476/2476
f 2477/2477/2477 2478/2478/2478 2479/2479/2479
f 2480/2480/2480 2481/2481/2481 2482/2482/2482
f 2483/2483/2483 2484/2484/2484 2485/2485/2485
f 2486/2486/2486 2487/2487/2487 2488/2488/2488
f 2489/2489/2489 2490/2490/2490 2491/2491/2491
f 2492/2492/2492 2493/2493/2493 2494/2494/2494
f 2495/2495/2495 2496/2496/2496 2497/2497/2497
f 2498/2498/2498 2499/2499/2499 2500/2500/2500
f 2501/2501/2501 2502/2502/2502 2503/2503/2503
f 2504/2504/2504 2505/2505/2505 2506/2506/2506
f 2507/2507/2507 2508/2508/2508 2509/2509/2509
f 2510/2510/2510 2511/2511/2511 2512/2512/2512
f 2513/2513/2513 2514/2514/2514 2515/2515/2515
f 2516/2516/2516 2517/2517/2517 2518/2518/2518
f 2519/2519/2519 2520/2520/2520 2521/2521/2521
f 2522/2522/2522 2523/2523/2523 2524/2524/2524
f 2525/2525/2525 2526/2526/2526 2527/2527/2527
f 2528/2528/2528 2529/2529/2529 2530/2530/2530
f 2531/2531/2531 2532/2532/2532 2533/2533/2533
f 2534/2534/2534 2535/2535/2535 2536/2536/2536
f 2537/2537/2537 2538/2538/2538 2539/2539/2539
f 2540/2540/2540 2541/2541/2541 2542/2542/2542
f 2543/2543/2543 2544/2544/2544 2545/2545/2545
f 2546/2546/2546 2547/2547/2547 2548/2548/2548
f 2549/2549/2549 2550/2550/2550 2551/2551/2551
f 2552/2552/2552 2553/2553/2553 2554/2554/2554
f 2555/2555/2555 2556/2556/2556 2557/2557/2557
f 2558/2558/2558 2559/2559/2559 2560/2560/2560
f 2561/2561/2561 2562/2562/2562 2563/2563/2563
f 2564/2564/2564 2565/2565/2565 2566/2566/2566
f 2567/2567/2567 2568/2568/2568 2569/2569/2569
f 2570/2570/2570 2571/2571/2571 2572/2572/2572
f 2573/2573/2573 2574/2574/2574 2575/2575/2575
f 2576/2576/2576 2577/2577/2577 2578/2578/2578
f 2579/2579/2579 2580/2580/2580 2581/2581/2581
f 2582/2582/2582 2583/2583/2583 2584/2584/2584
f 2585/2585/2585 2586/2586/2586 2587/2587/2587
f 2588/2588/2588 2589/2589/2589 2590/2590/2590
f 2591/2591/2591 2592/2592/2592 2593/2593/2593
f 2594/2594/2594 2595/2595/2595 2596/2596/2596
f 2597/2597/2597 2598/2598/2598 2599/2599/2599
f 2600/2600/2600 2601/2601/2601 2602/2602/2602
f 2603/2603/2603 2604/2604/2604 2605/2605/2605
f 2606/2606/2606 2607/2607/2607 2608/2608/2608
f 2609/2609/2609 2610/2610/2610 2611/2611/2611
f 2612/2612/2612 2613/2613/2613 2614/2614/2614
f 2615/2615/2615 2616/2616/2616 2617/2617/2617
f 2618/2618/2618 2619/2619/2619 2620/2620/2620
f 2621/2621/2621 2622/2622/2622 2623/2623/2623
f 2624/2624/2624 2625/2625/2625 2626/2626/2626
f 2627/2627/2627 2628/2628/2628 2629/2629/2629
f 2630/2630/2630 2631/2631/2631 2632/2632/2632
f 2633/2633/2633 2634/2634/2634 2635/2635/2635
f 2636/2636/2636 2637/2637/2637 2638/2638/2638
f 2639/2639/2639 2640/2640/2640 2641/2641/2641
f 2642/2642/2642 2643/2643/2643 2644/2644/2644
f 2645/2645/2645 2646/2646/2646 2647/2647/2647
f 2648/2648/2648 2649/2649/2649 2650/2650/2650
f 2651/2651/2651 2652/2652/2652 2653/2653/2653
f 2654/2654/2654 2655/2655/2655 2656/2656/2656
f 2657/2657/2657 2658/2658/2658 2659/2659/2659
f 2660/2660/2660 2661/2661/2661 2662/2662/2662
f 2663/2663/2663 2664/2664/2664 2665/2665/2665
f 2666/2666/2666 2667/2667/2667 2668/2668/2668
f 2669/2669/2669 2670/2670/2670 2671/2671/2671
f 2672/2672/2672 2673/2673/2673 2674/2674/2674
f 2675/2675/2675 2676/2676/2676 2677/2677/2677
f 2678/2678/2678 2679/2679/2679 2680/2680/2680
f 2681/2681/2681 2682/2682/2682 2683/2683/2683
f 2684/2684/2684 2685/2685/2685 2686/2686/2686
f 2687/2687/2687 2688/2688/2688 2689/2689/2689
f 2690/2690/2690 2691/2691/2691 2692/2692/2692
f 2693/2693/2693 2694/2694/2694 2695/2695/2695
f 2696/2696/2696 2697/2697/2697 2698/2698/2698
f 2699/2699/2699 2700/2700/2700 2701/2701/2701
f 2702/2702/2702 2703/2703/2703 2704/2704/2704
f 2705/2705/2705 2706/2706/2706 2707/2707/2707
f 2708/2708/2708 2709/2709/2709 2710/2710/2710
f 2711/2711/2711 2712/2712/2712 2713/2713/2713
f 2714/2714/2714 2715/2715/2715 2716/2716/2716
f 2717/2717/2717 2718/2718/2718 2719/2719/2719
f 2720/2720/2720 2721/2721/2721 2722/2722/2722
f 2723/2723/2723 2724/2724/2724 2725/2725/2725
f 2726/2726/2726 2727/2727/2727 2728/2728/2728
f 2729/2729/2729 2730/2730/2730 2731/2731/2731
f 2732/2732/2732 2733/2733/2733 2734/2734/2734
f 2735/2735/2735 2736/2736/2736 2737/2737/2737
f 2738/2738/2738 2739/2739/2739 2740/2740/2740
f 2741/2741/2741 2742/2742/2742 2743/2743/2743
f 2744/2744/2744 2745/2745/2745 2746/2746/2746
f 2747/2747/2747 2748/2748/2748 2749/2749/2749
f 2750/2750/2750 2751/2751/2751 2752/2752/2752
f 2753/2753/2753 2754/2754/2754 2755/2755/2755
f 2756/2756/2756 2757/2757/2757 2758/2758/2758
f 2759/2759/2759 2760/2760/2760 2761/2761/2761
f 2762/2762/2762 2763/2763/2763 2764/2764/2764
f 2765/2765/2765 2766/2766/2766 2767/2767/2767
f 2768/2768/2768 2769/2769/2769 2770/2770/2770
f 2771/2771/2771 2772/2772/2772 2773/2773/2773
f 2774/2774/2774 2775/2775/2775 2776/2776/2776
f 2777/2777/2777 2778/2778/2778 2779/2779/2779
f 2780/2780/2780 2781/2781/2781 2782/2782/2782
f 2783/2783/2783 2784/2784/2784 2785/2785/2785
f 2786/2786/2786 2787/2787/2787 2788/2788/2788
f 2789/2789/2789 2790/2790/2790 2791/2791/2791
f 2792/2792/2792 2793/2793/2793 2794/2794/2794
f 2795/2795/2795 2796/2796/2796 2797/2797/2797
f 2798/2798/2798 2799/2799/2799 2800/2800/2800
f 2801/2801/2801 2802/2802/2802 2803/2803/2803
f 2804/2804/2804 2805/2805/2805 2806/2806/2806
f 2807/2807/2807 2808/2808/2808 2809/2809/2809
f 2810/2810/2810 2811/2811/2811 2812/2812/2812
f 2813/2813/2813 2814/2814/2814 2815/2815/2815
f 2816/2816/2816 2817/2817/2817 2818/2818/2818
f 2819/2819/2819 2820/2820/2820 2821/2821/2821
f 2822/2822/2822 2823/2823/2823 2824/2824/2824
f 2825/2825/2825 2826/2826/2826 2827/2827/2827
f 2828/2828/2828 2829/2829/2829 2830/2830/2830
f 2831/2831/2831 2832/2832/2832 2833/2833/2833
f 2834/2834/2834 2835/2835/2835 2836/2836/2836
f 2837/2837/2837 2838/2838/2838 2839/2839/2839
f 2840/2840/2840 2841/2841/2841 2842/2842/2842
f 2843/2843/2843 2844/2844/2844 2845/2845/2845
f 2846/2846/2846 2847/2847/2847 2848/2848/2848
f 2849/2849/2849 2850/2850/2850 2851/2851/2851
f 2852/2852/2852 2853/2853/2853 2854/2854/2854
f 2855/2855/2855 2856/2856/2856 2857/2857/2857
f 2858/2858/2858 2859/2859/2859 2860/2860/2860
f 2861/2861/2861 2862/2862/2862 2863/2863/2863
f 2864/2864/2864 2865/2865/2865 2866/2866/2866
f 2867/2867/2867 2868/2868/2868 2869/2869/2869
f 2870/2870/2870 2871/2871/2871 2872/2872/2872
f 2873/2873/2873 2874/2874/2874 2875/2875/2875
f 2876/2876/2876 2877/2877/2877 2878/2878/2878
f 2879/2879/2879 2880/2880/2880 2881/2881/2881
f 2882/2882/2882 2883/2883/2883 2884/2884/2884
f 2885/2885/2885 2886/2886/2886 2887/2887/2887
f 2888/2888/2888 2889/2889/2889 2890/2890/2890
f 2891/2891/2891 2892/2892/2892 2893/2893/2893
f 2894/2894/2894 2895/2895/2895 2896/2896/2896
f 2897/2897/2897 2898/2898/2898 2899/2899/2899
f 2900/2900/2900 2901/2901/2901 2902/2902/2902
f 2903/2903/2903 2904/2904/2904 2905/2905/2905
f 2906/2906/2906 2907/2907/2907 2908/2908/2908
f 2909/2909/2909 2910/2910/2910 2911/2911/2911
f 2912/2912/2912 2913/2913/2913 2914/2914/2914
f 2915/2915/2915 2916/2916/2916 2917/2917/2917
f 2918/2918/2918 2919/2919/2919 2920/2920/2920
f 2921/2921/2921 2922/2922/2922 2923/2923/2923
f 2924/2924/2924 2925/2925/2925 2926/2926/2926
f 2927/2927/2927 2928/2928/2928 2929/2929/2929
f 2930/2930/2930 2931/2931/2931 2932/2932/2932
f 2933/2933/2933 2934/2934/2934 2935/2935/2935
f 2936/2936/2936 2937/2937/2937 2938/2938/2938
f 2939/2939/2939 2940/2940/2940 2941/2941/2941
f 2942/2942/2942 2943/2943/2943 2944/2944/2944
f 2945/2945/2945 2946/2946/2946 2947/2947/2947
f 2948/2948/2948 2949/2949/2949 2950/2950/2950
f 2951/2951/2951 2952/2952/2952 2953/2953/2953
f 2954/2954/2954 2955/2955/2955 2956/2956/2956
f 2957/2957/2957 2958/2958/2958 2959/2959/2959
f 2960/2960/2960 2961/2961/2961 2962/2962/2962
f 2963/2963/2963 2964/2964/2964 2965/2965/2965
f 2966/2966/2966 2967/2967/2967 2968/2968/2968
f 2969/2969/2969 2970/2970/2970 2971/2971/2971
f 2972/2972/2972 2973/2973/2973 2974/2974/2974
f 2975/2975/2975 2976/2976/2976 2977/2977/2977
f 2978/2978/2978 2979/2979/2979 2980/2980/2980
f 2981/2981/2981 2982/2982/2982 2983/2983/2983
f 2984/2984/2984 2985/2985/2985 2986/2986/2986
f 2987/2987/2987 2988/2988/2988 2989/2989/2989
f 2990/2990/2990 2991/2991/2991 2992/2992/2992
f 2993/2993/2993 2994/2994/2994 2995/2995/2995
f 2996/2996/2996 2997/2997/2997 2998/2998/2998
f 2999/2999/2999 3000/3000/3000 3001/3001/3001
f 3002/3002/3002 3003/3003/3003 3004/3004/3004
f 3005/3005/3005 3006/3006/3006 3007/3007/3007
f 3008/3008/3008 3009/3009/3009 3010/3010/3010
f 3011/3011/3011 3012/3012/3012 3013/3013/3013
f 3014/3014/3014 3015/3015/3015 3016/3016/3016
f 3017/3017/3017 3018/3018/3018 3019/3019/3019
f 3020/3020/3020 3021/3021/3021 3022/3022/3022
f 3023/3023/3023 3024/3024/3024 3025/3025/3025
f 3026/3026/3026 3027/3027/3027 3028/3028/3028
f 3029/3029/3029 3030/3030/3030 3031/3031/3031
f 3032/3032/3032 3033/3033/3033 3034/3034/3034
f 3035/3035/3035 3036/3036/3036 3037/3037/3037
f 3038/3038/3038 3039/3039/3039 3040/3040/3040
f 3041/3041/3041 3042/3042/3042 3043/3043/3043
f 3044/3044/3044 3045/3045/3045 3046/3046/3046
f 3047/3047/3047 3048/3048/3048 3049/3049/3049
f 3050/3050/3050 3051/3051/3051 3052/3052/3052
f 3053/3053/3053 3054/3054/3054 3055/3055/3055
f 3056/3056/3056 3057/3057/3057 3058/3058/3058
f 3059/3059/3059 3060/3060/3060 3061/3061/3061
f 3062/3062/3062 3063/3063/3063 3064/3064/3064
f 3065/3065/3065 3066/3066/3066 3067/3067/3067
f 3068/3068/3068 3069/3069/3069 3070/3070/3070
f 3068/3068/3068 3071/3071/3071 3069/3069/3069
f 3072/3072/3072 3073/3073/3073 3074/3074/3074
f 3075/3075/3075 3076/3076/3076 3077/3077/3077
f 3078/3078/3078 3079/3079/3079 3080/3080/3080
f 3081/3081/3081 3082/3082/3082 3083/3083/3083
f 3084/3084/3084 3085/3085/3085 3086/3086/3086
f 3087/3087/3087 3088/3088/3088 3089/3089/3089
f 3090/3090/3090 3091/3091/3091 3092/3092/3092
f 3093/3093/3093 3094/3094/3094 3095/3095/3095
f 3096/3096/3096 3097/3097/3097 3098/3098/3098
f 3099/3099/3099 3100/3100/3100 3101/3101/3101
f 3102/3102/3102 3103/3103/3103 3104/3104/3104
f 3105/3105/3105 3106/3106/3106 3107/3107/3107
f 3108/3108/3108 3109/3109/3109 3110/3110/3110
f 3111/3111/3111 3112/3112/3112 3113/3113/3113
f 3114/3114/3114 3115/3115/3115 3116/3116/3116
f 3117/3117/3117 3118/3118/3118 3119/3119/3119
f 3120/3120/3120 3121/3121/3121 3122/3122/3122
f 3123/3123/3123 3124/3124/3124 3125/3125/3125
f 3123/3123/3123 3126/3126/3126 3124/3124/3124
f 3127/3127/3127 3128/3128/3128 3129/3129/3129
f 3130/3130/3130 3131/3131/3131 3132/3132/3132
f 3133/3133/3133 3134/3134/3134 3135/3135/3135
f 3136/3136/3136 3137/3137/3137 3138/3138/3138
f 3139/3139/3139 3140/3140/3140 3141/3141/3141
f 3142/3142/3142 3143/3143/3143 3144/3144/3144
f 3145/3145/3145 3146/3146/3146 3147/3147/3147
f 3148/3148/3148 3149/3149/3149 3150/3150/3150
f 3151/3151/3151 3152/3152/3152 3153/3153/3153
f 3154/3154/3154 3155/3155/3155 3156/3156/3156
f 3157/3157/3157 3158/3158/3158 3159/3159/3159
f 3160/3160/3160 3161/3161/3161 3162/3162/3162
f 3163/3163/3163 3164/3164/3164 3165/3165/3165
f 3166/3166/3166 3167/3167/3167 3168/3168/3168
f 3169/3169/3169 3170/3170/3170 3171/3171/3171
f 3172/3172/3172 3173/3173/3173 3174/3174/3174
f 3175/3175/3175 3176/3176/3176 3177/3177/3177
f 3178/3178/3178 3179/3179/3179 3180/3180/3180
f 3180/3180/3180 3181/3181/3181 3178/3178/3178
f 3182/3182/3182 3183/3183/3183 3184/3184/3184
f 3184/3184/3184 3185/3185/3185 3182/3182/3182
f 3186/3186/3186 3187/3187/3187 3188/3188/3188
f 3188/3188/3188 3189/3189/3189 3186/3186/3186
f 3190/3190/3190 3191/3191/3191 3192/3192/3192
f 3190/3190/3190 3192/3192/3192 3193/3193/3193
f 3127/3127/3127 3194/3194/3194 3128/3128/3128
f 3195/3195/3195 3196/3196/3196 3197/3197/3197
f 3198/3198/3198 3199/3199/3199 3200/3200/3200
f 3198/3198/3198 3200/3200/3200 3201/3201/3201
f 3202/3202/3202 3203/3203/3203 3204/3204/3204
f 3202/3202/3202 3204/3204/3204 3205/3205/3205
f 3206/3206/3206 3207/3207/3207 3208/3208/3208
f 3207/3207/3207 3206/3206/3206 3209/3209/3209
f 3210/3210/3210 3211/3211/3211 3212/3212/3212
f 3211/3211/3211 3210/3210/3210 3213/3213/3213
f 3214/3214/3214 3215/3215/3215 3216/3216/3216
f 3215/3215/3215 3214/3214/3214 3217/3217/3217
f 3218/3218/3218 3219/3219/3219 3220/3220/3220
f 3221/3221/3221 3222/3222/3222 3223/3223/3223
f 3224/3224/3224 3225/3225/3225 3226/3226/3226
f 3227/3227/3227 3228/3228/3228 3229/3229/3229
f 3230/3230/3230 3231/3231/3231 3232/3232/3232
f 3233/3233/3233 3234/3234/3234 3235/3235/3235
f 3236/3236/3236 3237/3237/3237 3238/3238/3238
f 3239/3239/3239 3240/3240/3240 3241/3241/3241
f 3242/3242/3242 3243/3243/3243 3244/3244/3244
f 3245/3245/3245 3246/3246/3246 3247/3247/3247
f 3248/3248/3248 3249/3249/3249 3250/3250/3250
f 3251/3251/3251 3252/3252/3252 3253/3253/3253
f 3254/3254/3254 3255/3255/3255 3256/3256/3256
f 3251/3251/3251 3253/3253/3253 3257/3257/3257
f 3258/3258/3258 3259/3259/3259 3260/3260/3260
f 3261/3261/3261 3262/3262/3262 3263/3263/3263
f 3264/3264/3264 3265/3265/3265 3266/3266/3266
f 3267/3267/3267 3268/3268/3268 3269/3269/3269
f 3270/3270/3270 3271/3271/3271 3272/3272/3272
f 3273/3273/3273 3274/3274/3274 3275/3275/3275
f 3276/3276/3276 3277/3277/3277 3278/3278/3278
f 3195/3195/3195 3279/3279/3279 3196/3196/3196
f 3280/3280/3280 3281/3281/3281 3282/3282/3282
f 3283/3283/3283 3284/3284/3284 3285/3285/3285
f 3286/3286/3286 3287/3287/3287 3288/3288/3288
f 3289/3289/3289 3290/3290/3290 3291/3291/3291
f 3292/3292/3292 3293/3293/3293 3294/3294/3294
f 3295/3295/3295 3296/3296/3296 3297/3297/3297
f 3298/3298/3298 3299/3299/3299 3300/3300/3300
f 3301/3301/3301 3302/3302/3302 3303/3303/3303
f 3304/3304/3304 3305/3305/3305 3306/3306/3306
f 3307/3307/3307 3308/3308/3308 3309/3309/3309
f 3310/3310/3310 3311/3311/3311 3312/3312/3312
f 3313/3313/3313 3314/3314/3314 3315/3315/3315
f 3316/3316/3316 3317/3317/3317 3318/3318/3318
f 3319/3319/3319 3320/3320/3320 3321/3321/3321
f 3322/3322/3322 3323/3323/3323 3324/3324/3324
f 3325/3325/3325 3326/3326/3326 3327/3327/3327
f 3328/3328/3328 3329/3329/3329 3330/3330/3330
f 3331/3331/3331 3332/3332/3332 3333/3333/3333
f 3334/3334/3334 3335/3335/3335 3336/3336/3336
f 3337/3337/3337 3338/3338/3338 3339/3339/3339
f 3340/3340/3340 3341/3341/3341 3342/3342/3342
f 3343/3343/3343 3344/3344/3344 3345/3345/3345
f 3346/3346/3346 3347/3347/3347 3348/3348/3348
f 3349/3349/3349 3350/3350/3350 3351/3351/3351
f 3352/3352/3352 3353/3353/3353 3354/3354/3354
f 3355/3355/3355 3356/3356/3356 3357/3357/3357
f 3358/3358/3358 3359/3359/3359 3360/3360/3360
f 3361/3361/3361 3362/3362/3362 3363/3363/3363
f 3364/3364/3364 3365/3365/3365 3366/3366/3366
f 3367/3367/3367 3368/3368/3368 3369/3369/3369
f 3370/3370/3370 3371/3371/3371 3372/3372/3372
f 3373/3373/3373 3374/3374/3374 3375/3375/3375
f 3376/3376/3376 3377/3377/3377 3378/3378/3378
f 3379/3379/3379 3380/3380/3380 3381/3381/3381
f 3382/3382/3382 3383/3383/3383 3384/3384/3384
f 3385/3385/3385 3386/3386/3386 3387/3387/3387
f 3388/3388/3388 3389/3389/3389 3390/3390/3390
f 3391/3391/3391 3392/3392/3392 3393/3393/3393
f 3394/3394/3394 3395/3395/3395 3396/3396/3396
f 3397/3397/3397 3398/3398/3398 3399/3399/3399
f 3400/3400/3400 3401/3401/3401 3402/3402/3402
f 3403/3403/3403 3404/3404/3404 3405/3405/3405
f 3406/3406/3406 3407/3407/3407 3408/3408/3408
f 3409/3409/3409 3410/3410/3410 3411/3411/3411
f 3410/3410/3410 3412/3412/3412 3411/3411/3411
f 3412/3412/3412 3413/3413/3413 3411/3411/3411
f 3413/3413/3413 3414/3414/3414 3411/3411/3411
f 3414/3414/3414 3415/3415/3415 3411/3411/3411
f 3415/3415/3415 3416/3416/3416 3411/3411/3411
f 3417/3417/3417 3418/3418/3418 3419/3419/3419
f 3420/3420/3420 3421/3421/3421 3422/3422/3422
f 3423/3423/3423 3424/3424/3424 3425/3425/3425
f 3426/3426/3426 3427/3427/3427 3428/3428/3428
f 3429/3429/3429 3430/3430/3430 3431/3431/3431
f 3432/3432/3432 3433/3433/3433 3434/3434/3434
f 3435/3435/3435 3436/3436/3436 3437/3437/3437
f 3435/3435/3435 3438/3438/3438 3436/3436/3436
f 3439/3439/3439 3440/3440/3440 3441/3441/3441
f 3439/3439/3439 3441/3441/3441 3442/3442/3442
f 3443/3443/3443 3444/3444/3444 3445/3445/3445
f 3443/3443/3443 3445/3445/3445 3446/3446/3446
f 3447/3447/3447 3448/3448/3448 3449/3449/3449
f 3447/3447/3447 3449/3449/3449 3450/3450/3450
f 3451/3451/3451 3452/3452/3452 3453/3453/3453
f 3453/3453/3453 3454/3454/3454 3451/3451/3451
f 3455/3455/3455 3456/3456/3456 3457/3457/3457
f 3458/3458/3458 3459/3459/3459 3460/3460/3460
f 3461/3461/3461 3462/3462/3462 3463/3463/3463
f 3463/3463/3463 3464/3464/3464 3461/3461/3461
f 3465/3465/3465 3466/3466/3466 3467/3467/3467
f 3468/3468/3468 3469/3469/3469 3470/3470/3470
f 3471/3471/3471 3472/3472/3472 3473/3473/3473
f 3473/3473/3473 3474/3474/3474 3471/3471/3471
f 3475/3475/3475 3476/3476/3476 3477/3477/3477
f 3478/3478/3478 3479/3479/3479 3480/3480/3480
f 3481/3481/3481 3482/3482/3482 3483/3483/3483
f 3484/3484/3484 3485/3485/3485 3486/3486/3486
f 3487/3487/3487 3488/3488/3488 3489/3489/3489
f 3490/3490/3490 3491/3491/3491 3492/3492/3492
f 3493/3493/3493 3494/3494/3494 3495/3495/3495
f 3496/3496/3496 3497/3497/3497 3498/3498/3498
f 3499/3499/3499 3500/3500/3500 3501/3501/3501
f 3502/3502/3502 3503/3503/3503 3504/3504/3504
f 3505/3505/3505 3506/3506/3506 3507/3507/3507
f 3508/3508/3508 3509/3509/3509 3510/3510/3510
f 3511/3511/3511 3512/3512/3512 3513/3513/3513
f 3514/3514/3514 3515/3515/3515 3516/3516/3516
f 3517/3517/3517 3518/3518/3518 3519/3519/3519
f 3520/3520/3520 3521/3521/3521 3522/3522/3522
f 3523/3523/3523 3524/3524/3524 3525/3525/3525
f 3500/3500/3500 3526/3526/3526 3501/3501/3501
f 3527/3527/3527 3528/3528/3528 3529/3529/3529
f 3530/3530/3530 3531/3531/3531 3532/3532/3532
f 3533/3533/3533 3534/3534/3534 3535/3535/3535
f 3536/3536/3536 3537/3537/3537 3538/3538/3538
f 3539/3539/3539 3540/3540/3540 3541/3541/3541
f 3542/3542/3542 3543/3543/3543 3544/3544/3544
f 3545/3545/3545 3546/3546/3546 3547/3547/3547
f 3548/3548/3548 3549/3549/3549 3550/3550/3550
f 3551/3551/3551 3552/3552/3552 3553/3553/3553
f 3554/3554/3554 3555/3555/3555 3556/3556/3556
f 3557/3557/3557 3558/3558/3558 3559/3559/3559
f 3560/3560/3560 3561/3561/3561 3562/3562/3562
f 3563/3563/3563 3564/3564/3564 3565/3565/3565
f 3566/3566/3566 3567/3567/3567 3568/3568/3568
f 3569/3569/3569 3570/3570/3570 3571/3571/3571
f 3572/3572/3572 3573/3573/3573 3574/3574/3574
f 3575/3575/3575 3576/3576/3576 3577/3577/3577
f 3578/3578/3578 3579/3579/3579 3580/3580/3580
f 3581/3581/3581 3582/3582/3582 3583/3583/3583
f 3584/3584/3584 3585/3585/3585 3586/3586/3586
f 3587/3587/3587 3588/3588/3588 3589/3589/3589
f 3590/3590/3590 3591/3591/3591 3592/3592/3592
f 3593/3593/3593 3594/3594/3594 3595/3595/3595
f 3596/3596/3596 3597/3597/3597 3598/3598/3598
f 3599/3599/3599 3600/3600/3600 3601/3601/3601
f 3602/3602/3602 3603/3603/3603 3604/3604/3604
f 3605/3605/3605 3606/3606/3606 3607/3607/3607
f 3608/3608/3608 3609/3609/3609 3610/3610/3610
f 3611/3611/3611 3612/3612/3612 3613/3613/3613
f 3614/3614/3614 3615/3615/3615 3616/3616/3616
f 3617/3617/3617 3618/3618/3618 3619/3619/3619
f 3620/3620/3620 3621/3621/3621 3622/3622/3622
f 3623/3623/3623 3624/3624/3624 3625/3625/3625
f 3626/3626/3626 3627/3627/3627 3628/3628/3628
f 3629/3629/3629 3630/3630/3630 3631/3631/3631
f 3632/3632/3632 3633/3633/3633 3634/3634/3634
f 3635/3635/3635 3636/3636/3636 3637/3637/3637
f 3638/3638/3638 3639/3639/3639 3640/3640/3640
f 3641/3641/3641 3642/3642/3642 3643/3643/3643
f 3644/3644/3644 3645/3645/3645 3646/3646/3646
f 3647/3647/3647 3648/3648/3648 3649/3649/3649
f 3650/3650/3650 3651/3651/3651 3652/3652/3652
f 3653/3653/3653 3654/3654/3654 3655/3655/3655
f 3656/3656/3656 3657/3657/3657 3658/3658/3658
f 3659/3659/3659 3660/3660/3660 3661/3661/3661
f 3662/3662/3662 3663/3663/3663 3664/3664/3664
f 3665/3665/3665 3666/3666/3666 3667/3667/3667
f 3668/3668/3668 3669/3669/3669 3670/3670/3670
f 3671/3671/3671 3672/3672/3672 3673/3673/3673
f 3674/3674/3674 3675/3675/3675 3676/3676/3676
f 3677/3677/3677 3678/3678/3678 3679/3679/3679
f 3680/3680/3680 3681/3681/3681 3682/3682/3682
f 3683/3683/3683 3684/3684/3684 3685/3685/3685
f 3686/3686/3686 3687/3687/3687 3688/3688/3688
f 3689/3689/3689 3690/3690/3690 3691/3691/3691
f 3692/3692/3692 3693/3693/3693 3694/3694/3694
f 3695/3695/3695 3696/3696/3696 3697/3697/3697
f 3695/3695/3695 3698/3698/3698 3696/3696/3696
f 3699/3699/3699 3700/3700/3700 3701/3701/3701
f 3702/3702/3702 3703/3703/3703 3704/3704/3704
f 3705/3705/3705 3706/3706/3706 3707/3707/3707
f 3708/3708/3708 3709/3709/3709 3710/3710/3710
f 3711/3711/3711 3712/3712/3712 3713/3713/3713
f 3714/3714/3714 3715/3715/3715 3716/3716/3716
f 3717/3717/3717 3718/3718/3718 3719/3719/3719
f 3720/3720/3720 3721/3721/3721 3722/3722/3722
f 3723/3723/3723 3724/3724/3724 3725/3725/3725
f 3726/3726/3726 3727/3727/3727 3728/3728/3728
f 3729/3729/3729 3730/3730/3730 3731/3731/3731
f 3732/3732/3732 3733/3733/3733 3734/3734/3734
f 3735/3735/3735 3736/3736/3736 3737/3737/3737
f 3738/3738/3738 3739/3739/3739 3740/3740/3740
f 3741/3741/3741 3742/3742/3742 3743/3743/3743
f 3744/3744/3744 3745/3745/3745 3746/3746/3746
f 3747/3747/3747 3748/3748/3748 3749/3749/3749
f 3750/3750/3750 3751/3751/3751 3752/3752/3752
f 3753/3753/3753 3754/3754/3754 3755/3755/3755
f 3756/3756/3756 3757/3757/3757 3758/3758/3758
f 3759/3759/3759 3760/3760/3760 3761/3761/3761
f 3762/3762/3762 3763/3763/3763 3764/3764/3764
f 3765/3765/3765 3766/3766/3766 3767/3767/3767
f 3768/3768/3768 3769/3769/3769 3770/3770/3770
f 3771/3771/3771 3772/3772/3772 3773/3773/3773
f 3774/3774/3774 3775/3775/3775 3776/3776/3776
f 3777/3777/3777 3778/3778/3778 3779/3779/3779
f 3780/3780/3780 3781/3781/3781 3782/3782/3782
f 3783/3783/3783 3784/3784/3784 3785/3785/3785
f 3786/3786/3786 3787/3787/3787 3788/3788/3788
f 3789/3789/3789 3790/3790/3790 3791/3791/3791
f 3792/3792/3792 3793/3793/3793 3794/3794/3794
f 3795/3795/3795 3796/3796/3796 3797/3797/3797
f 3798/3798/3798 3799/3799/3799 3800/3800/3800
f 3801/3801/3801 3802/3802/3802 3803/3803/3803
f 3804/3804/3804 3805/3805/3805 3806/3806/3806
f 3807/3807/3807 3808/3808/3808 3809/3809/3809
f 3810/3810/3810 3811/3811/3811 3812/3812/3812
f 3813/3813/3813 3814/3814/3814 3815/3815/3815
f 3816/3816/3816 3817/3817/3817 3818/3818/3818
f 3819/3819/3819 3820/3820/3820 3821/3821/3821
f 3822/3822/3822 3823/3823/3823 3824/3824/3824
f 3825/3825/3825 3826/3826/3826 3827/3827/3827
f 3828/3828/3828 3829/3829/3829 3830/3830/3830
f 3831/3831/3831 3832/3832/3832 3833/3833/3833
f 3834/3834/3834 3835/3835/3835 3836/3836/3836
f 3837/3837/3837 3838/3838/3838 3839/3839/3839
f 3840/3840/3840 3841/3841/3841 3842/3842/3842
f 3843/3843/3843 3844/3844/3844 3845/3845/3845
f 3846/3846/3846 3847/3847/3847 3848/3848/3848
f 3849/3849/3849 3850/3850/3850 3851/3851/3851
f 3852/3852/3852 3853/3853/3853 3854/3854/3854
f 3855/3855/3855 3856/3856/3856 3857/3857/3857
f 3858/3858/3858 3859/3859/3859 3860/3860/3860
f 3861/3861/3861 3862/3862/3862 3863/3863/3863
f 3864/3864/3864 3865/3865/3865 3866/3866/3866
f 3867/3867/3867 3868/3868/3868 3869/3869/3869
f 3870/3870/3870 3871/3871/3871 3872/3872/3872
f 3873/3873/3873 3874/3874/3874 3875/3875/3875
f 3876/3876/3876 3877/3877/3877 3878/3878/3878
f 3879/3879/3879 3880/3880/3880 3881/3881/3881
f 3882/3882/3882 3883/3883/3883 3884/3884/3884
f 3885/3885/3885 3886/3886/3886 3887/3887/3887
f 3888/3888/3888 3889/3889/3889 3890/3890/3890
f 3891/3891/3891 3892/3892/3892 3893/3893/3893
f 3894/3894/3894 3895/3895/3895 3896/3896/3896
f 3897/3897/3897 3898/3898/3898 3899/3899/3899
f 3900/3900/3900 3901/3901/3901 3902/3902/3902
f 3903/3903/3903 3904/3904/3904 3905/3905/3905
f 3906/3906/3906 3907/3907/3907 3908/3908/3908
f 3909/3909/3909 3910/3910/3910 3911/3911/3911
f 3912/3912/3912 3913/3913/3913 3914/3914/3914
f 3915/3915/3915 3916/3916/3916 3917/3917/3917
f 3918/3918/3918 3919/3919/3919 3920/3920/3920
f 3921/3921/3921 3922/3922/3922 3923/3923/3923
f 3924/3924/3924 3925/3925/3925 3926/3926/3926
f 3893/3893/3893 3892/3892/3892 3927/3927/3927
f 3928/3928/3928 3929/3929/3929 3930/3930/3930
f 3931/3931/3931 3932/3932/3932 3933/3933/3933
f 3934/3934/3934 3935/3935/3935 3936/3936/3936
f 3937/3937/3937 3938/3938/3938 3939/3939/3939
f 3940/3940/3940 3941/3941/3941 3942/3942/3942
f 3943/3943/3943 3944/3944/3944 3945/3945/3945
f 3946/3946/3946 3947/3947/3947 3948/3948/3948
f 3949/3949/3949 3950/3950/3950 3951/3951/3951
f 3952/3952/3952 3953/3953/3953 3954/3954/3954
f 3955/3955/3955 3956/3956/3956 3957/3957/3957
f 3958/3958/3958 3959/3959/3959 3960/3960/3960
f 3961/3961/3961 3962/3962/3962 3963/3963/3963
f 3964/3964/3964 3965/3965/3965 3966/3966/3966
f 3967/3967/3967 3968/3968/3968 3969/3969/3969
f 3970/3970/3970 3971/3971/3971 3972/3972/3972
f 3973/3973/3973 3974/3974/3974 3975/3975/3975
f 3976/3976/3976 3977/3977/3977 3978/3978/3978
f 3979/3979/3979 3980/3980/3980 3981/3981/3981
f 3982/3982/3982 3983/3983/3983 3984/3984/3984
f 3985/3985/3985 3986/3986/3986 3987/3987/3987
f 3988/3988/3988 3989/3989/3989 3990/3990/3990
f 3991/3991/3991 3992/3992/3992 3993/3993/3993
f 3994/3994/3994 3995/3995/3995 3996/3996/3996
f 3997/3997/3997 3998/3998/3998 3999/3999/3999
f 4000/4000/4000 4001/4001/4001 4002/4002/4002
f 4003/4003/4003 4004/4004/4004 4005/4005/4005
f 4006/4006/4006 4007/4007/4007 4008/4008/4008
f 4009/4009/4009 4010/4010/4010 4011/4011/4011
f 4012/4012/4012 4013/4013/4013 4014/4014/4014
f 4015/4015/4015 4016/4016/4016 4017/4017/4017
f 4018/4018/4018 4019/4019/4019 4020/4020/4020
f 4021/4021/4021 4022/4022/4022 4023/4023/4023
f 4024/4024/4024 4025/4025/4025 4026/4026/4026
f 4027/4027/4027 4028/4028/4028 4029/4029/4029
f 4030/4030/4030 4031/4031/4031 4032/4032/4032
f 4033/4033/4033 4034/4034/4034 4035/4035/4035
f 4036/4036/4036 4037/4037/4037 4038/4038/4038
f 4039/4039/4039 4040/4040/4040 4041/4041/4041
f 4042/4042/4042 4043/4043/4043 4044/4044/4044
f 4045/4045/4045 4046/4046/4046 4047/4047/4047
f 4048/4048/4048 4049/4049/4049 4050/4050/4050
f 4051/4051/4051 4052/4052/4052 4053/4053/4053
f 4054/4054/4054 4055/4055/4055 4056/4056/4056
f 4057/4057/4057 4058/4058/4058 4059/4059/4059
f 4060/4060/4060 4061/4061/4061 4062/4062/4062
f 4063/4063/4063 4064/4064/4064 4065/4065/4065
f 4066/4066/4066 4067/4067/4067 4068/4068/4068
f 4069/4069/4069 4070/4070/4070 4071/4071/4071
f 4072/4072/4072 4073/4073/4073 4074/4074/4074
f 4075/4075/4075 4076/4076/4076 4077/4077/4077
f 4078/4078/4078 4079/4079/4079 4080/4080/4080
f 4081/4081/4081 4082/4082/4082 4083/4083/4083
f 4084/4084/4084 4085/4085/4085 4086/4086/4086
f 4087/4087/4087 4088/4088/4088 4089/4089/4089
f 4090/4090/4090 4091/4091/4091 4092/4092/4092
f 4093/4093/4093 4094/4094/4094 4095/4095/4095
f 4096/4096/4096 4097/4097/4097 4098/4098/4098
f 4099/4099/4099 4100/4100/4100 4101/4101/4101
f 4102/4102/4102 4103/4103/4103 4104/4104/4104
f 4105/4105/4105 4106/4106/4106 4107/4107/4107
f 4108/4108/4108 4109/4109/4109 4110/4110/4110
f 4111/4111/4111 4112/4112/4112 4113/4113/4113
f 4114/4114/4114 4115/4115/4115 4116/4116/4116
f 4114/4114/4114 4117/4117/4117 4115/4115/4115
f 4118/4118/4118 4119/4119/4119 4120/4120/4120
f 4121/4121/4121 4122/4122/4122 4123/4123/4123
f 4124/4124/4124 4125/4125/4125 4126/4126/4126
f 4127/4127/4127 4128/4128/4128 4129/4129/4129
f 4130/4130/4130 4131/4131/4131 4132/4132/4132
f 4133/4133/4133 4134/4134/4134 4135/4135/4135
f 4136/4136/4136 4137/4137/4137 4138/4138/4138
f 4139/4139/4139 4140/4140/4140 4141/4141/4141
f 4142/4142/4142 4143/4143/4143 4144/4144/4144
f 4145/4145/4145 4146/4146/4146 4147/4147/4147
f 4148/4148/4148 4149/4149/4149 4150/4150/4150
f 4151/4151/4151 4152/4152/4152 4153/4153/4153
f 4154/4154/4154 4155/4155/4155 4156/4156/4156
f 4157/4157/4157 4158/4158/4158 4159/4159/4159
f 4160/4160/4160 4161/4161/4161 4162/4162/4162
f 4163/4163/4163 4164/4164/4164 4165/4165/4165
f 4166/4166/4166 4167/4167/4167 4168/4168/4168
f 4169/4169/4169 4170/4170/4170 4171/4171/4171
f 4172/4172/4172 4173/4173/4173 4174/4174/4174
f 4175/4175/4175 4176/4176/4176 4177/4177/4177
f 4178/4178/4178 4179/4179/4179 4180/4180/4180
f 4179/4179/4179 4178/4178/4178 4181/4181/4181
f 4181/4181/4181 4182/4182/4182 4179/4179/4179
f 4183/4183/4183 4182/4182/4182 4181/4181/4181
f 4183/4183/4183 4184/4184/4184 4182/4182/4182
f 4184/4184/4184 4183/4183/4183 4185/4185/4185
f 4185/4185/4185 4186/4186/4186 4184/4184/4184
f 4187/4187/4187 4186/4186/4186 4185/4185/4185
f 4187/4187/4187 4188/4188/4188 4186/4186/4186
f 4188/4188/4188 4187/4187/4187 4189/4189/4189
f 4190/4190/4190 4191/4191/4191 4192/4192/4192
f 4193/4193/4193 4194/4194/4194 4195/4195/4195
f 4196/4196/4196 4197/4197/4197 4198/4198/4198
f 4199/4199/4199 4200/4200/4200 4201/4201/4201
f 4202/4202/4202 4203/4203/4203 4204/4204/4204
f 4205/4205/4205 4206/4206/4206 4207/4207/4207
f 4208/4208/4208 4209/4209/4209 4210/4210/4210
f 4211/4211/4211 4212/4212/4212 4213/4213/4213
f 4214/4214/4214 4215/4215/4215 4216/4216/4216
f 4217/4217/4217 4218/4218/4218 4219/4219/4219
f 4220/4220/4220 4221/4221/4221 4222/4222/4222
f 4223/4223/4223 4224/4224/4224 4225/4225/4225
f 4226/4226/4226 4227/4227/4227 4228/4228/4228
f 4229/4229/4229 4230/4230/4230 4231/4231/4231
f 4232/4232/4232 4233/4233/4233 4234/4234/4234
f 4235/4235/4235 4236/4236/4236 4237/4237/4237
f 4238/4238/4238 4239/4239/4239 4240/4240/4240
f 4241/4241/4241 4242/4242/4242 4243/4243/4243
f 4244/4244/4244 4245/4245/4245 4246/4246/4246
f 4247/4247/4247 4248/4248/4248 4249/4249/4249
f 4250/4250/4250 4251/4251/4251 4252/4252/4252
f 4253/4253/4253 4254/4254/4254 4255/4255/4255
f 4256/4256/4256 4257/4257/4257 4258/4258/4258
f 4259/4259/4259 4260/4260/4260 4261/4261/4261
f 4262/4262/4262 4263/4263/4263 4264/4264/4264
f 4265/4265/4265 4266/4266/4266 4267/4267/4267
f 4267/4267/4267 4268/4268/4268 4265/4265/4265
f 4267/4267/4267 4269/4269/4269 4268/4268/4268
f 4269/4269/4269 4270/4270/4270 4268/4268/4268
f 4270/4270/4270 4269/4269/4269 4271/4271/4271
f 4271/4271/4271 4272/4272/4272 4270/4270/4270
f 4271/4271/4271 4273/4273/4273 4272/4272/4272
f 4273/4273/4273 4274/4274/4274 4272/4272/4272
f 4274/4274/4274 4273/4273/4273 4275/4275/4275
f 4275/4275/4275 4276/4276/4276 4274/4274/4274
f 4277/4277/4277 4278/4278/4278 4279/4279/4279
f 4280/4280/4280 4281/4281/4281 4282/4282/4282
f 4281/4281/4281 4280/4280/4280 4283/4283/4283
f 4284/4284/4284 4285/4285/4285 4286/4286/4286
f 4287/4287/4287 4288/4288/4288 4289/4289/4289
f 4290/4290/4290 4291/4291/4291 4292/4292/4292
f 4293/4293/4293 4294/4294/4294 4295/4295/4295
f 4296/4296/4296 4297/4297/4297 4298/4298/4298
f 4299/4299/4299 4300/4300/4300 4301/4301/4301
f 4302/4302/4302 4303/4303/4303 4304/4304/4304
f 4305/4305/4305 4306/4306/4306 4307/4307/4307
f 4308/4308/4308 4309/4309/4309 4310/4310/4310
f 4311/4311/4311 4312/4312/4312 4313/4313/4313
f 4314/4314/4314 4315/4315/4315 4316/4316/4316
f 3409/3409/3409 3411/3411/3411 4317/4317/4317
f 4317/4317/4317 3411/3411/3411 4318/4318/4318
f 4318/4318/4318 3411/3411/3411 4319/4319/4319
f 4319/4319/4319 3411/3411/3411 4320/4320/4320
f 4320/4320/4320 3411/3411/3411 4321/4321/4321
f 4321/4321/4321 3411/3411/3411 3416/3416/3416
f 4322/4322/4322 4323/4323/4323 4324/4324/4324
f 4325/4325/4325 4326/4326/4326 4327/4327/4327
f 4328/4328/4328 4329/4329/4329 4330/4330/4330
f 4331/4331/4331 4332/4332/4332 4333/4333/4333
f 4334/4334/4334 4335/4335/4335 4336/4336/4336
f 4337/4337/4337 4338/4338/4338 4339/4339/4339
f 4340/4340/4340 4341/4341/4341 4342/4342/4342
f 4343/4343/4343 4344/4344/4344 4345/4345/4345
f 4346/4346/4346 4347/4347/4347 4348/4348/4348
f 4349/4349/4349 4350/4350/4350 4351/4351/4351
f 4352/4352/4352 4353/4353/4353 4354/4354/4354
f 4355/4355/4355 4356/4356/4356 4357/4357/4357
f 4358/4358/4358 4359/4359/4359 4360/4360/4360
f 4358/4358/4358 4360/4360/4360 4361/4361/4361
f 4362/4362/4362 4363/4363/4363 4364/4364/4364
f 4362/4362/4362 4365/4365/4365 4363/4363/4363
f 4366/4366/4366 4367/4367/4367 4368/4368/4368
f 4369/4369/4369 4370/4370/4370 4371/4371/4371
f 4372/4372/4372 4373/4373/4373 4374/4374/4374
f 4375/4375/4375 4376/4376/4376 4377/4377/4377
f 4378/4378/4378 4379/4379/4379 4380/4380/4380
f 4381/4381/4381 4382/4382/4382 4383/4383/4383
f 4384/4384/4384 4385/4385/4385 4386/4386/4386
f 4387/4387/4387 4388/4388/4388 4389/4389/4389
f 4390/4390/4390 4391/4391/4391 4392/4392/4392
f 4393/4393/4393 4394/4394/4394 4395/4395/4395
f 4396/4396/4396 4397/4397/4397 4398/4398/4398
f 4399/4399/4399 4400/4400/4400 4401/4401/4401
f 4402/4402/4402 4403/4403/4403 4404/4404/4404
f 4405/4405/4405 4406/4406/4406 4407/4407/4407
f 4408/4408/4408 4409/4409/4409 4410/4410/4410
f 4411/4411/4411 4412/4412/4412 4413/4413/4413
f 4414/4414/4414 4415/4415/4415 4416/4416/4416
f 4417/4417/4417 4418/4418/4418 4419/4419/4419
f 4420/4420/4420 4421/4421/4421 4422/4422/4422
f 4423/4423/4423 4424/4424/4424 4425/4425/4425
f 4426/4426/4426 4427/4427/4427 4428/4428/4428
f 4429/4429/4429 4430/4430/4430 4431/4431/4431
f 4432/4432/4432 4433/4433/4433 4434/4434/4434
f 4435/4435/4435 4436/4436/4436 4437/4437/4437
f 4438/4438/4438 4439/4439/4439 4440/4440/4440
f 4441/4441/4441 4442/4442/4442 4443/4443/4443
f 4444/4444/4444 4445/4445/4445 4446/4446/4446
f 4447/4447/4447 4448/4448/4448 4449/4449/4449
f 4450/4450/4450 4451/4451/4451 4452/4452/4452
f 4453/4453/4453 4454/4454/4454 4455/4455/4455
f 4456/4456/4456 4457/4457/4457 4458/4458/4458
f 4459/4459/4459 4460/4460/4460 4461/4461/4461
f 4462/4462/4462 4463/4463/4463 4464/4464/4464
f 4465/4465/4465 4466/4466/4466 4467/4467/4467
f 4468/4468/4468 4469/4469/4469 4470/4470/4470
f 4471/4471/4471 4472/4472/4472 4473/4473/4473
f 4474/4474/4474 4475/4475/4475 4476/4476/4476
f 4477/4477/4477 4478/4478/4478 4479/4479/4479
f 4480/4480/4480 4481/4481/4481 4482/4482/4482
f 4483/4483/4483 4484/4484/4484 4485/4485/4485
f 4486/4486/4486 4487/4487/4487 4488/4488/4488
f 4489/4489/4489 4490/4490/4490 4491/4491/4491
f 4492/4492/4492 4493/4493/4493 4494/4494/4494
f 4495/4495/4495 4496/4496/4496 4497/4497/4497
f 4498/4498/4498 4499/4499/4499 4500/4500/4500
f 4501/4501/4501 4502/4502/4502 4503/4503/4503
f 4504/4504/4504 4505/4505/4505 4506/4506/4506
f 4507/4507/4507 4508/4508/4508 4509/4509/4509
f 4510/4510/4510 4511/4511/4511 4512/4512/4512
f 4513/4513/4513 4514/4514/4514 4515/4515/4515
f 4516/4516/4516 4517/4517/4517 4518/4518/4518
f 4519/4519/4519 4520/4520/4520 4521/4521/4521
f 4522/4522/4522 4523/4523/4523 4524/4524/4524
f 4525/4525/4525 4526/4526/4526 4527/4527/4527
f 4528/4528/4528 4529/4529/4529 4530/4530/4530
f 4531/4531/4531 4532/4532/4532 4533/4533/4533
f 4534/4534/4534 4535/4535/4535 4536/4536/4536
f 4536/4536/4536 4537/4537/4537 4534/4534/4534
f 4538/4538/4538 4539/4539/4539 4540/4540/4540
f 4541/4541/4541 4542/4542/4542 4543/4543/4543
f 4544/4544/4544 4545/4545/4545 4546/4546/4546
f 4547/4547/4547 4548/4548/4548 4549/4549/4549
f 4366/4366/4366 4550/4550/4550 4367/4367/4367
f 4551/4551/4551 4552/4552/4552 4553/4553/4553
f 4551/4551/4551 4554/4554/4554 4552/4552/4552
f 4555/4555/4555 4556/4556/4556 4557/4557/4557
f 4556/4556/4556 4555/4555/4555 4558/4558/4558
f 4559/4559/4559 4560/4560/4560 4561/4561/4561
f 4562/4562/4562 4563/4563/4563 4564/4564/4564
f 4563/4563/4563 4562/4562/4562 4565/4565/4565
f 4566/4566/4566 4567/4567/4567 4568/4568/4568
f 4569/4569/4569 4570/4570/4570 4571/4571/4571
f 4572/4572/4572 4573/4573/4573 4574/4574/4574
f 4573/4573/4573 4572/4572/4572 4575/4575/4575
f 4576/4576/4576 4577/4577/4577 4578/4578/4578
f 4579/4579/4579 4580/4580/4580 4581/4581/4581
f 4582/4582/4582 4583/4583/4583 4584/4584/4584
f 4585/4585/4585 4586/4586/4586 4587/4587/4587
f 4588/4588/4588 4589/4589/4589 4590/4590/4590
f 4591/4591/4591 4592/4592/4592 4593/4593/4593
f 4594/4594/4594 4595/4595/4595 4596/4596/4596
f 4597/4597/4597 4598/4598/4598 4599/4599/4599
f 4600/4600/4600 4601/4601/4601 4602/4602/4602
f 4603/4603/4603 4604/4604/4604 4605/4605/4605
f 4606/4606/4606 4607/4607/4607 4608/4608/4608
f 4609/4609/4609 4610/4610/4610 4611/4611/4611
f 4612/4612/4612 4613/4613/4613 4614/4614/4614
f 4615/4615/4615 4616/4616/4616 4617/4617/4617
f 4618/4618/4618 4619/4619/4619 4620/4620/4620
f 4621/4621/4621 4622/4622/4622 4623/4623/4623
f 4621/4621/4621 4624/4624/4624 4622/4622/4622
f 4625/4625/4625 4626/4626/4626 4627/4627/4627
f 4628/4628/4628 4629/4629/4629 4630/4630/4630
f 4631/4631/4631 4632/4632/4632 4633/4633/4633
f 4634/4634/4634 4635/4635/4635 4636/4636/4636
f 4637/4637/4637 4638/4638/4638 4639/4639/4639
f 4640/4640/4640 4641/4641/4641 4642/4642/4642
f 4643/4643/4643 4644/4644/4644 4645/4645/4645
f 4646/4646/4646 4647/4647/4647 4648/4648/4648
f 4649/4649/4649 4650/4650/4650 4651/4651/4651
f 4652/4652/4652 4653/4653/4653 4654/4654/4654
f 4655/4655/4655 4656/4656/4656 4657/4657/4657
f 4658/4658/4658 4659/4659/4659 4660/4660/4660
f 4661/4661/4661 4662/4662/4662 4663/4663/4663
f 4664/4664/4664 4665/4665/4665 4666/4666/4666
f 4667/4667/4667 4668/4668/4668 4669/4669/4669
f 4670/4670/4670 4671/4671/4671 4672/4672/4672
f 4673/4673/4673 4674/4674/4674 4675/4675/4675
f 4676/4676/4676 4677/4677/4677 4678/4678/4678
f 4679/4679/4679 4680/4680/4680 4681/4681/4681
f 4682/4682/4682 4683/4683/4683 4684/4684/4684
f 4685/4685/4685 4686/4686/4686 4687/4687/4687
f 4688/4688/4688 4689/4689/4689 4690/4690/4690
f 4691/4691/4691 4692/4692/4692 4693/4693/4693
f 4694/4694/4694 4695/4695/4695 4696/4696/4696
f 4697/4697/4697 4698/4698/4698 4699/4699/4699
f 4700/4700/4700 4701/4701/4701 4702/4702/4702
f 4703/4703/4703 4704/4704/4704 4705/4705/4705
f 4706/4706/4706 4707/4707/4707 4708/4708/4708
f 4709/4709/4709 4710/4710/4710 4711/4711/4711
f 4712/4712/4712 4713/4713/4713 4714/4714/4714
f 4715/4715/4715 4716/4716/4716 4717/4717/4717
f 4718/4718/4718 4719/4719/4719 4720/4720/4720
f 4721/4721/4721 4722/4722/4722 4723/4723/4723
f 4724/4724/4724 4725/4725/4725 4726/4726/4726
f 4727/4727/4727 4728/4728/4728 4729/4729/4729
f 4730/4730/4730 4731/4731/4731 4732/4732/4732
f 4733/4733/4733 4734/4734/4734 4735/4735/4735
f 4736/4736/4736 4737/4737/4737 4738/4738/4738
f 4739/4739/4739 4740/4740/4740 4741/4741/4741
f 4742/4742/4742 4743/4743/4743 4744/4744/4744
f 4745/4745/4745 4746/4746/4746 4747/4747/4747
f 4748/4748/4748 4749/4749/4749 4750/4750/4750
f 4751/4751/4751 4752/4752/4752 4753/4753/4753
f 4754/4754/4754 4755/4755/4755 4756/4756/4756
f 4757/4757/4757 4758/4758/4758 4759/4759/4759
f 4760/4760/4760 4761/4761/4761 4762/4762/4762
f 4763/4763/4763 4764/4764/4764 4765/4765/4765
f 4766/4766/4766 4767/4767/4767 4768/4768/4768
f 4769/4769/4769 4770/4770/4770 4771/4771/4771
f 4772/4772/4772 4773/4773/4773 4774/4774/4774
f 4775/4775/4775 4776/4776/4776 4777/4777/4777
f 4778/4778/4778 4779/4779/4779 4780/4780/4780
f 4781/4781/4781 4782/4782/4782 4783/4783/4783
f 4784/4784/4784 4785/4785/4785 4786/4786/4786
f 4787/4787/4787 4788/4788/4788 4789/4789/4789
f 4790/4790/4790 4791/4791/4791 4792/4792/4792
f 4793/4793/4793 4794/4794/4794 4795/4795/4795
f 4796/4796/4796 4797/4797/4797 4798/4798/4798
f 4799/4799/4799 4800/4800/4800 4801/4801/4801
f 4802/4802/4802 4803/4803/4803 4804/4804/4804
f 4805/4805/4805 4806/4806/4806 4807/4807/4807
f 4808/4808/4808 4809/4809/4809 4810/4810/4810
f 4811/4811/4811 4812/4812/4812 4813/4813/4813
f 4814/4814/4814 4815/4815/4815 4816/4816/4816
f 4817/4817/4817 4818/4818/4818 4819/4819/4819
usemtl 00255171_part_0_material_1
f 1/1/1 2/2/2 3/3/3
f 4/4/4 5/5/5 6/6/6
f 7/7/7 8/8/8 9/9/9
f 10/10/10 11/11/11 12/12/12
f 13/13/13 14/14/14 15/15/15
f 16/16/16 17/17/17 18/18/18
f 19/19/19 20/20/20 21/21/21
f 22/22/22 23/23/23 24/24/24
f 25/25/25 26/26/26 27/27/27
f 28/28/28 29/29/29 30/30/30
f 31/31/31 32/32/32 33/33/33
f 34/34/34 35/35/35 36/36/36
f 37/37/37 38/38/38 39/39/39
f 40/40/40 41/41/41 42/42/42
f 43/43/43 44/44/44 45/45/45
f 46/46/46 47/47/47 48/48/48
f 49/49/49 50/50/50 51/51/51
f 52/52/52 53/53/53 54/54/54
f 55/55/55 56/56/56 57/57/57
f 58/58/58 59/59/59 60/60/60
f 61/61/61 62/62/62 63/63/63
f 64/64/64 65/65/65 66/66/66
f 67/67/67 68/68/68 69/69/69
f 70/70/70 71/71/71 72/72/72
f 73/73/73 74/74/74 75/75/75
f 76/76/76 77/77/77 78/78/78
f 79/79/79 80/80/80 81/81/81
f 82/82/82 83/83/83 84/84/84
f 85/85/85 86/86/86 87/87/87
f 88/88/88 89/89/89 90/90/90
f 91/91/91 92/92/92 93/93/93
f 94/94/94 95/95/95 96/96/96
f 97/97/97 98/98/98 99/99/99
f 100/100/100 101/101/101 102/102/102
f 103/103/103 104/104/104 105/105/105
f 106/106/106 107/107/107 108/108/108
f 109/109/109 110/110/110 111/111/111
f 112/112/112 113/113/113 114/114/114
f 115/115/115 116/116/116 117/117/117
f 118/118/118 119/119/119 120/120/120
f 121/121/121 122/122/122 123/123/123
f 124/124/124 125/125/125 126/126/126
f 127/127/127 128/128/128 129/129/129
f 130/130/130 131/131/131 132/132/132
f 133/133/133 134/134/134 135/135/135
f 136/136/136 137/137/137 138/138/138
f 139/139/139 140/140/140 141/141/141
f 142/142/142 143/143/143 144/144/144
f 145/145/145 146/146/146 147/147/147
f 148/148/148 149/149/149 150/150/150
f 151/151/151 152/152/152 153/153/153
f 154/154/154 155/155/155 156/156/156
f 157/157/157 158/158/158 159/159/159
f 160/160/160 161/161/161 162/162/162
f 163/163/163 164/164/164 165/165/165
f 166/166/166 167/167/167 168/168/168
f 169/169/169 170/170/170 171/171/171
f 172/172/172 173/173/173 174/174/174
f 175/175/175 176/176/176 177/177/177
f 178/178/178 179/179/179 180/180/180
f 181/181/181 182/182/182 183/183/183
f 184/184/184 185/185/185 186/186/186
f 187/187/187 188/188/188 189/189/189
f 190/190/190 191/191/191 192/192/192
f 193/193/193 194/194/194 195/195/195
f 196/196/196 197/197/197 198/198/198
f 199/199/199 200/200/200 201/201/201
f 202/202/202 203/203/203 204/204/204
f 205/205/205 206/206/206 207/207/207
f 208/208/208 209/209/209 210/210/210
f 211/211/211 212/212/212 213/213/213
f 214/214/214 215/215/215 216/216/216
f 217/217/217 218/218/218 219/219/219
f 220/220/220 221/221/221 222/222/222
f 223/223/223 224/224/224 225/225/225
f 226/226/226 227/227/227 228/228/228
f 229/229/229 230/230/230 231/231/231
f 232/232/232 233/233/233 234/234/234
f 235/235/235 236/236/236 237/237/237
f 238/238/238 239/239/239 240/240/240
f 241/241/241 242/242/242 243/243/243
f 244/244/244 245/245/245 246/246/246
f 247/247/247 248/248/248 249/249/249
f 250/250/250 251/251/251 252/252/252
f 253/253/253 254/254/254 255/255/255
f 256/256/256 257/257/257 258/258/258
f 259/259/259 260/260/260 261/261/261
f 262/262/262 263/263/263 264/264/264
f 265/265/265 266/266/266 267/267/267
f 268/268/268 269/269/269 270/270/270
f 271/271/271 272/272/272 273/273/273
f 274/274/274 275/275/275 276/276/276
f 277/277/277 278/278/278 279/279/279
f 280/280/280 281/281/281 282/282/282
f 283/283/283 284/284/284 285/285/285
f 286/286/286 287/287/287 288/288/288
f 289/289/289 290/290/290 291/291/291
f 292/292/292 293/293/293 294/294/294
f 295/295/295 296/296/296 297/297/297
f 298/298/298 299/299/299 300/300/300
f 301/301/301 302/302/302 303/303/303
f 304/304/304 305/305/305 306/306/306
f 307/307/307 308/308/308 309/309/309
f 310/310/310 311/311/311 312/312/312
f 313/313/313 314/314/314 315/315/315
f 316/316/316 317/317/317 318/318/318
f 319/319/319 320/320/320 321/321/321
f 322/322/322 323/323/323 324/324/324
f 325/325/325 326/326/326 327/327/327
f 328/328/328 329/329/329 330/330/330
f 331/331/331 332/332/332 333/333/333
f 334/334/334 335/335/335 336/336/336
f 337/337/337 338/338/338 339/339/339
f 340/340/340 341/341/341 342/342/342
f 343/343/343 344/344/344 345/345/345
f 346/346/346 347/347/347 348/348/348
f 349/349/349 350/350/350 351/351/351
f 352/352/352 353/353/353 354/354/354
f 355/355/355 356/356/356 357/357/357
f 358/358/358 359/359/359 360/360/360
f 361/361/361 362/362/362 363/363/363
f 364/364/364 365/365/365 366/366/366
f 367/367/367 368/368/368 369/369/369
f 370/370/370 371/371/371 372/372/372
f 373/373/373 374/374/374 375/375/375
f 376/376/376 377/377/377 378/378/378
f 379/379/379 380/380/380 381/381/381
f 382/382/382 383/383/383 384/384/384
f 385/385/385 386/386/386 387/387/387
f 388/388/388 389/389/389 390/390/390
f 391/391/391 392/392/392 393/393/393
f 394/394/394 395/395/395 396/396/396
f 397/397/397 398/398/398 399/399/399
f 400/400/400 401/401/401 402/402/402
f 403/403/403 404/404/404 405/405/405
f 406/406/406 407/407/407 408/408/408
f 409/409/409 410/410/410 411/411/411
f 412/412/412 413/413/413 414/414/414
f 415/415/415 416/416/416 417/417/417
f 415/415/415 417/417/417 418/418/418
f 419/419/419 420/420/420 421/421/421
f 422/422/422 423/423/423 424/424/424
f 425/425/425 426/426/426 427/427/427
f 428/428/428 429/429/429 430/430/430
f 431/431/431 432/432/432 433/433/433
f 434/434/434 435/435/435 436/436/436
f 437/437/437 438/438/438 439/439/439
f 440/440/440 441/441/441 442/442/442
f 443/443/443 444/444/444 445/445/445
f 446/446/446 447/447/447 448/448/448
f 449/449/449 450/450/450 451/451/451
f 452/452/452 453/453/453 454/454/454
f 455/455/455 456/456/456 457/457/457
f 458/458/458 459/459/459 460/460/460
f 461/461/461 462/462/462 463/463/463
f 462/462/462 464/464/464 463/463/463
f 465/465/465 466/466/466 467/467/467
f 468/468/468 469/469/469 470/470/470
f 471/471/471 472/472/472 473/473/473
f 474/474/474 475/475/475 476/476/476
f 455/455/455 457/457/457 477/477/477
f 478/478/478 479/479/479 480/480/480
f 481/481/481 482/482/482 483/483/483
f 484/484/484 485/485/485 486/486/486
f 487/487/487 488/488/488 489/489/489
f 490/490/490 491/491/491 492/492/492
f 493/493/493 494/494/494 495/495/495
f 496/496/496 497/497/497 498/498/498
f 499/499/499 500/500/500 501/501/501
f 502/502/502 503/503/503 504/504/504
f 505/505/505 506/506/506 507/507/507
f 508/508/508 509/509/509 510/510/510
f 511/511/511 512/512/512 513/513/513
f 514/514/514 515/515/515 516/516/516
f 517/517/517 518/518/518 519/519/519
f 520/520/520 521/521/521 522/522/522
f 520/520/520 523/523/523 521/521/521
f 524/524/524 525/525/525 526/526/526
f 527/527/527 528/528/528 529/529/529
f 530/530/530 531/531/531 532/532/532
f 533/533/533 534/534/534 535/535/535
f 536/536/536 537/537/537 538/538/538
f 539/539/539 540/540/540 541/541/541
f 542/542/542 543/543/543 544/544/544
f 545/545/545 546/546/546 547/547/547
f 548/548/548 549/549/549 550/550/550
f 551/551/551 552/552/552 553/553/553
f 554/554/554 555/555/555 556/556/556
f 557/557/557 558/558/558 559/559/559
f 560/560/560 561/561/561 562/562/562
f 563/563/563 564/564/564 565/565/565
f 566/566/566 567/567/567 568/568/568
f 569/569/569 570/570/570 571/571/571
f 572/572/572 570/570/570 569/569/569
f 573/573/573 574/574/574 575/575/575
f 576/576/576 577/577/577 578/578/578
f 579/579/579 580/580/580 581/581/581
f 576/576/576 582/582/582 577/577/577
f 583/583/583 584/584/584 585/585/585
f 586/586/586 587/587/587 588/588/588
f 589/589/589 590/590/590 591/591/591
f 592/592/592 593/593/593 594/594/594
f 595/595/595 596/596/596 597/597/597
f 598/598/598 599/599/599 600/600/600
f 601/601/601 602/602/602 603/603/603
f 604/604/604 605/605/605 606/606/606
f 607/607/607 608/608/608 609/609/609
f 610/610/610 611/611/611 612/612/612
f 613/613/613 614/614/614 615/615/615
f 616/616/616 617/617/617 618/618/618
f 619/619/619 620/620/620 621/621/621
f 622/622/622 623/623/623 624/624/624
f 625/625/625 626/626/626 627/627/627
f 628/628/628 629/629/629 630/630/630
f 631/631/631 632/632/632 633/633/633
f 634/634/634 635/635/635 636/636/636
f 637/637/637 638/638/638 639/639/639
f 640/640/640 641/641/641 642/642/642
f 643/643/643 644/644/644 645/645/645
f 646/646/646 647/647/647 648/648/648
f 649/649/649 650/650/650 651/651/651
f 652/652/652 653/653/653 654/654/654
f 655/655/655 656/656/656 657/657/657
f 658/658/658 659/659/659 660/660/660
f 661/661/661 662/662/662 663/663/663
f 664/664/664 665/665/665 666/666/666
f 667/667/667 668/668/668 669/669/669
f 670/670/670 671/671/671 672/672/672
f 673/673/673 674/674/674 675/675/675
f 676/676/676 677/677/677 678/678/678
f 679/679/679 680/680/680 681/681/681
f 682/682/682 683/683/683 684/684/684
f 685/685/685 686/686/686 687/687/687
f 688/688/688 689/689/689 690/690/690
f 691/691/691 692/692/692 693/693/693
f 694/694/694 695/695/695 696/696/696
f 697/697/697 698/698/698 699/699/699
f 700/700/700 701/701/701 702/702/702
f 703/703/703 704/704/704 705/705/705
f 706/706/706 707/707/707 708/708/708
f 709/709/709 710/710/710 711/711/711
f 712/712/712 713/713/713 714/714/714
f 715/715/715 716/716/716 717/717/717
f 718/718/718 719/719/719 720/720/720
f 721/721/721 722/722/722 723/723/723
f 724/724/724 725/725/725 726/726/726
f 727/727/727 728/728/728 729/729/729
f 730/730/730 731/731/731 732/732/732
f 733/733/733 734/734/734 735/735/735
f 736/736/736 737/737/737 738/738/738
f 739/739/739 740/740/740 741/741/741
f 742/742/742 743/743/743 744/744/744
f 745/745/745 746/746/746 747/747/747
f 748/748/748 749/749/749 750/750/750
f 751/751/751 752/752/752 753/753/753
f 754/754/754 755/755/755 756/756/756
f 757/757/757 758/758/758 759/759/759
f 760/760/760 761/761/761 762/762/762
f 763/763/763 764/764/764 765/765/765
f 766/766/766 767/767/767 768/768/768
f 769/769/769 770/770/770 771/771/771
f 772/772/772 773/773/773 774/774/774
f 775/775/775 776/776/776 777/777/777
f 778/778/778 779/779/779 780/780/780
f 781/781/781 782/782/782 783/783/783
f 784/784/784 785/785/785 786/786/786
f 787/787/787 788/788/788 789/789/789
f 790/790/790 791/791/791 792/792/792
f 793/793/793 794/794/794 795/795/795
f 796/796/796 797/797/797 798/798/798
f 799/799/799 800/800/800 801/801/801
f 802/802/802 803/803/803 804/804/804
f 805/805/805 806/806/806 807/807/807
f 808/808/808 809/809/809 810/810/810
f 811/811/811 812/812/812 813/813/813
f 814/814/814 815/815/815 816/816/816
f 817/817/817 818/818/818 819/819/819
f 820/820/820 821/821/821 822/822/822
f 823/823/823 824/824/824 825/825/825
f 826/826/826 827/827/827 828/828/828
f 829/829/829 830/830/830 831/831/831
f 832/832/832 833/833/833 834/834/834
f 835/835/835 836/836/836 837/837/837
f 838/838/838 839/839/839 840/840/840
f 841/841/841 842/842/842 843/843/843
f 844/844/844 845/845/845 846/846/846
f 847/847/847 848/848/848 849/849/849
f 850/850/850 851/851/851 852/852/852
f 853/853/853 854/854/854 855/855/855
f 856/856/856 857/857/857 858/858/858
f 859/859/859 860/860/860 861/861/861
f 862/862/862 863/863/863 864/864/864
f 865/865/865 866/866/866 867/867/867
f 868/868/868 869/869/869 870/870/870
f 871/871/871 872/872/872 873/873/873
f 874/874/874 875/875/875 876/876/876
f 877/877/877 878/878/878 879/879/879
f 880/880/880 881/881/881 882/882/882
f 883/883/883 884/884/884 885/885/885
f 886/886/886 887/887/887 888/888/888
f 889/889/889 890/890/890 891/891/891
f 892/892/892 893/893/893 894/894/894
f 895/895/895 896/896/896 897/897/897
f 898/898/898 899/899/899 900/900/900
f 901/901/901 902/902/902 903/903/903
f 904/904/904 905/905/905 906/906/906
f 907/907/907 908/908/908 909/909/909
f 910/910/910 911/911/911 912/912/912
f 913/913/913 914/914/914 915/915/915
f 916/916/916 917/917/917 918/918/918
f 919/919/919 920/920/920 921/921/921
f 922/922/922 923/923/923 924/924/924
f 925/925/925 926/926/926 927/927/927
f 928/928/928 929/929/929 930/930/930
f 931/931/931 932/932/932 933/933/933
f 934/934/934 935/935/935 936/936/936
f 937/937/937 938/938/938 939/939/939
f 940/940/940 941/941/941 942/942/942
f 943/943/943 944/944/944 945/945/945
f 946/946/946 947/947/947 948/948/948
f 949/949/949 950/950/950 951/951/951
f 952/952/952 953/953/953 954/954/954
f 955/955/955 956/956/956 957/957/957
f 958/958/958 959/959/959 960/960/960
f 961/961/961 962/962/962 963/963/963
f 964/964/964 965/965/965 966/966/966
f 967/967/967 968/968/968 969/969/969
f 970/970/970 971/971/971 972/972/972
f 973/973/973 974/974/974 975/975/975
f 976/976/976 977/977/977 978/978/978
f 979/979/979 980/980/980 981/981/981
f 982/982/982 983/983/983 984/984/984
f 985/985/985 986/986/986 987/987/987
f 988/988/988 989/989/989 990/990/990
f 991/991/991 992/992/992 993/993/993
f 994/994/994 995/995/995 996/996/996
f 997/997/997 998/998/998 999/999/999
f 1000/1000/1000 1001/1001/1001 1002/1002/1002
f 1003/1003/1003 1004/1004/1004 1005/1005/1005
f 1006/1006/1006 1007/1007/1007 1008/1008/1008
f 1009/1009/1009 1010/1010/1010 1011/1011/1011
f 1012/1012/1012 1013/1013/1013 1014/1014/1014
f 1015/1015/1015 1016/1016/1016 1017/1017/1017
f 1018/1018/1018 1019/1019/1019 1020/1020/1020
f 1021/1021/1021 1022/1022/1022 1023/1023/1023
f 1024/1024/1024 1025/1025/1025 1026/1026/1026
f 1027/1027/1027 1028/1028/1028 1029/1029/1029
f 1030/1030/1030 1031/1031/1031 1032/1032/1032
f 1033/1033/1033 1034/1034/1034 1035/1035/1035
f 1036/1036/1036 1037/1037/1037 1038/1038/1038
f 1039/1039/1039 1040/1040/1040 1041/1041/1041
f 1042/1042/1042 1043/1043/1043 1044/1044/1044
f 1045/1045/1045 1046/1046/1046 1047/1047/1047
f 1048/1048/1048 1049/1049/1049 1050/1050/1050
f 1051/1051/1051 1052/1052/1052 1053/1053/1053
f 1054/1054/1054 1055/1055/1055 1056/1056/1056
f 1057/1057/1057 1058/1058/1058 1059/1059/1059
f 1060/1060/1060 1061/1061/1061 1062/1062/1062
f 1063/1063/1063 1064/1064/1064 1065/1065/1065
f 1066/1066/1066 1067/1067/1067 1068/1068/1068
f 1069/1069/1069 1070/1070/1070 1071/1071/1071
f 1072/1072/1072 1073/1073/1073 1074/1074/1074
f 1075/1075/1075 1076/1076/1076 1077/1077/1077
f 1078/1078/1078 1079/1079/1079 1080/1080/1080
f 1081/1081/1081 1082/1082/1082 1083/1083/1083
f 1084/1084/1084 1085/1085/1085 1086/1086/1086
f 1087/1087/1087 1088/1088/1088 1089/1089/1089
f 1090/1090/1090 1091/1091/1091 1092/1092/1092
f 1093/1093/1093 1094/1094/1094 1095/1095/1095
f 1096/1096/1096 1097/1097/1097 1098/1098/1098
f 1099/1099/1099 1100/1100/1100 1101/1101/1101
f 1102/1102/1102 1103/1103/1103 1104/1104/1104
f 1105/1105/1105 1106/1106/1106 1107/1107/1107
f 1108/1108/1108 1109/1109/1109 1110/1110/1110
f 1111/1111/1111 1112/1112/1112 1113/1113/1113
f 1114/1114/1114 1115/1115/1115 1116/1116/1116
f 1117/1117/1117 1118/1118/1118 1119/1119/1119
f 1120/1120/1120 1121/1121/1121 1122/1122/1122
f 1123/1123/1123 1124/1124/1124 1125/1125/1125
f 1126/1126/1126 1127/1127/1127 1128/1128/1128
f 1129/1129/1129 1130/1130/1130 1131/1131/1131
f 1132/1132/1132 1133/1133/1133 1134/1134/1134
f 1135/1135/1135 1136/1136/1136 1137/1137/1137
f 1138/1138/1138 1139/1139/1139 1140/1140/1140
f 1141/1141/1141 1142/1142/1142 1143/1143/1143
f 1144/1144/1144 1145/1145/1145 1146/1146/1146
f 1147/1147/1147 1148/1148/1148 1149/1149/1149
f 1150/1150/1150 1151/1151/1151 1152/1152/1152
f 1153/1153/1153 1154/1154/1154 1155/1155/1155
f 1156/1156/1156 1157/1157/1157 1158/1158/1158
f 1159/1159/1159 1160/1160/1160 1161/1161/1161
f 1162/1162/1162 1163/1163/1163 1164/1164/1164
f 1165/1165/1165 1166/1166/1166 1167/1167/1167
f 1168/1168/1168 1169/1169/1169 1170/1170/1170
f 1171/1171/1171 1172/1172/1172 1173/1173/1173
f 1174/1174/1174 1175/1175/1175 1176/1176/1176
f 1177/1177/1177 1178/1178/1178 1179/1179/1179
f 1180/1180/1180 1181/1181/1181 1182/1182/1182
f 1183/1183/1183 1184/1184/1184 1185/1185/1185
f 1186/1186/1186 1187/1187/1187 1188/1188/1188
f 1189/1189/1189 1190/1190/1190 1191/1191/1191
f 1192/1192/1192 1193/1193/1193 1194/1194/1194
f 1195/1195/1195 1196/1196/1196 1197/1197/1197
f 1198/1198/1198 1199/1199/1199 1200/1200/1200
f 1201/1201/1201 1202/1202/1202 1203/1203/1203
f 1204/1204/1204 1205/1205/1205 1206/1206/1206
f 1207/1207/1207 1208/1208/1208 1209/1209/1209
f 1210/1210/1210 1211/1211/1211 1212/1212/1212
f 1213/1213/1213 1214/1214/1214 1215/1215/1215
f 1216/1216/1216 1217/1217/1217 1218/1218/1218
f 1219/1219/1219 1220/1220/1220 1221/1221/1221
f 1222/1222/1222 1223/1223/1223 1224/1224/1224
f 1225/1225/1225 1226/1226/1226 1227/1227/1227
f 1228/1228/1228 1229/1229/1229 1230/1230/1230
f 1231/1231/1231 1232/1232/1232 1233/1233/1233
f 1234/1234/1234 1235/1235/1235 1236/1236/1236
f 1237/1237/1237 1238/1238/1238 1239/1239/1239
f 1240/1240/1240 1241/1241/1241 1242/1242/1242
f 1243/1243/1243 1244/1244/1244 1245/1245/1245
f 1246/1246/1246 1247/1247/1247 1248/1248/1248
f 1249/1249/1249 1250/1250/1250 1251/1251/1251
f 1252/1252/1252 1253/1253/1253 1254/1254/1254
f 1255/1255/1255 1256/1256/1256 1257/1257/1257
f 1258/1258/1258 1259/1259/1259 1260/1260/1260
f 1261/1261/1261 1262/1262/1262 1263/1263/1263
f 1264/1264/1264 1265/1265/1265 1266/1266/1266
f 1267/1267/1267 1268/1268/1268 1269/1269/1269
f 1270/1270/1270 1271/1271/1271 1272/1272/1272
f 1273/1273/1273 1274/1274/1274 1275/1275/1275
f 1276/1276/1276 1277/1277/1277 1278/1278/1278
f 1279/1279/1279 1280/1280/1280 1281/1281/1281
f 1282/1282/1282 1283/1283/1283 1284/1284/1284
f 1285/1285/1285 1286/1286/1286 1287/1287/1287
f 1288/1288/1288 1289/1289/1289 1290/1290/1290
f 1291/1291/1291 1292/1292/1292 1293/1293/1293
f 1294/1294/1294 1295/1295/1295 1296/1296/1296
f 1297/1297/1297 1298/1298/1298 1299/1299/1299
f 1300/1300/1300 1301/1301/1301 1302/1302/1302
f 1303/1303/1303 1304/1304/1304 1305/1305/1305
f 1306/1306/1306 1307/1307/1307 1308/1308/1308
f 1309/1309/1309 1310/1310/1310 1311/1311/1311
f 1312/1312/1312 1313/1313/1313 1314/1314/1314
f 1315/1315/1315 1316/1316/1316 1317/1317/1317
f 1318/1318/1318 1319/1319/1319 1320/1320/1320
f 1321/1321/1321 1322/1322/1322 1323/1323/1323
f 1324/1324/1324 1325/1325/1325 1326/1326/1326
f 1327/1327/1327 1328/1328/1328 1329/1329/1329
f 1330/1330/1330 1331/1331/1331 1332/1332/1332
f 1333/1333/1333 1334/1334/1334 1335/1335/1335
f 1336/1336/1336 1337/1337/1337 1338/1338/1338
f 1339/1339/1339 1340/1340/1340 1341/1341/1341
f 1342/1342/1342 1343/1343/1343 1344/1344/1344
f 1345/1345/1345 1346/1346/1346 1347/1347/1347
f 1348/1348/1348 1349/1349/1349 1350/1350/1350
f 1351/1351/1351 1352/1352/1352 1353/1353/1353
f 1354/1354/1354 1355/1355/1355 1356/1356/1356
f 1357/1357/1357 1358/1358/1358 1359/1359/1359
f 1360/1360/1360 1361/1361/1361 1362/1362/1362
f 1363/1363/1363 1364/1364/1364 1365/1365/1365
f 1366/1366/1366 1367/1367/1367 1368/1368/1368
f 1369/1369/1369 1370/1370/1370 1371/1371/1371
f 1372/1372/1372 1373/1373/1373 1374/1374/1374
f 1375/1375/1375 1376/1376/1376 1377/1377/1377
f 1378/1378/1378 1379/1379/1379 1380/1380/1380
f 1381/1381/1381 1382/1382/1382 1383/1383/1383
f 1384/1384/1384 1385/1385/1385 1386/1386/1386
f 1387/1387/1387 1388/1388/1388 1389/1389/1389
f 1390/1390/1390 1391/1391/1391 1392/1392/1392
f 1393/1393/1393 1394/1394/1394 1395/1395/1395
f 1396/1396/1396 1397/1397/1397 1398/1398/1398
f 1399/1399/1399 1400/1400/1400 1401/1401/1401
f 1402/1402/1402 1403/1403/1403 1404/1404/1404
f 1405/1405/1405 1406/1406/1406 1407/1407/1407
f 1405/1405/1405 1408/1408/1408 1406/1406/1406
f 1409/1409/1409 1410/1410/1410 1411/1411/1411
f 1412/1412/1412 1413/1413/1413 1414/1414/1414
f 1415/1415/1415 1416/1416/1416 1417/1417/1417
f 1418/1418/1418 1419/1419/1419 1420/1420/1420
f 1421/1421/1421 1422/1422/1422 1423/1423/1423
f 1424/1424/1424 1425/1425/1425 1426/1426/1426
f 1427/1427/1427 1428/1428/1428 1429/1429/1429
f 1430/1430/1430 1431/1431/1431 1432/1432/1432
f 1433/1433/1433 1434/1434/1434 1435/1435/1435
f 1436/1436/1436 1437/1437/1437 1438/1438/1438
f 1439/1439/1439 1440/1440/1440 1441/1441/1441
f 1442/1442/1442 1443/1443/1443 1444/1444/1444
f 1445/1445/1445 1446/1446/1446 1447/1447/1447
f 1448/1448/1448 1449/1449/1449 1450/1450/1450
f 1451/1451/1451 1452/1452/1452 1453/1453/1453
f 1454/1454/1454 1455/1455/1455 1456/1456/1456
f 1457/1457/1457 1458/1458/1458 1459/1459/1459
f 1460/1460/1460 1461/1461/1461 1462/1462/1462
f 1463/1463/1463 1464/1464/1464 1465/1465/1465
f 1466/1466/1466 1467/1467/1467 1468/1468/1468
f 1469/1469/1469 1470/1470/1470 1471/1471/1471
f 1472/1472/1472 1473/1473/1473 1474/1474/1474
f 1475/1475/1475 1476/1476/1476 1477/1477/1477
f 1478/1478/1478 1479/1479/1479 1480/1480/1480
f 1481/1481/1481 1482/1482/1482 1483/1483/1483
f 1484/1484/1484 1485/1485/1485 1486/1486/1486
f 1487/1487/1487 1488/1488/1488 1489/1489/1489
f 1490/1490/1490 1491/1491/1491 1492/1492/1492
f 1493/1493/1493 1494/1494/1494 1495/1495/1495
f 1496/1496/1496 1497/1497/1497 1498/1498/1498
f 1499/1499/1499 1500/1500/1500 1501/1501/1501
f 1502/1502/1502 1503/1503/1503 1504/1504/1504
f 1505/1505/1505 1506/1506/1506 1507/1507/1507
f 1508/1508/1508 1509/1509/1509 1510/1510/1510
f 1511/1511/1511 1512/1512/1512 1513/1513/1513
f 1514/1514/1514 1515/1515/1515 1516/1516/1516
f 1517/1517/1517 1518/1518/1518 1519/1519/1519
f 1520/1520/1520 1521/1521/1521 1522/1522/1522
f 1523/1523/1523 1524/1524/1524 1525/1525/1525
f 1526/1526/1526 1527/1527/1527 1528/1528/1528
f 1529/1529/1529 1530/1530/1530 1531/1531/1531
f 1532/1532/1532 1533/1533/1533 1534/1534/1534
f 1535/1535/1535 1536/1536/1536 1537/1537/1537
f 1538/1538/1538 1539/1539/1539 1540/1540/1540
f 1541/1541/1541 1542/1542/1542 1543/1543/1543
f 1544/1544/1544 1545/1545/1545 1546/1546/1546
f 1547/1547/1547 1548/1548/1548 1549/1549/1549
f 1550/1550/1550 1551/1551/1551 1552/1552/1552
f 1553/1553/1553 1554/1554/1554 1555/1555/1555
f 1556/1556/1556 1557/1557/1557 1558/1558/1558
f 1559/1559/1559 1560/1560/1560 1561/1561/1561
f 1562/1562/1562 1563/1563/1563 1564/1564/1564
f 1565/1565/1565 1566/1566/1566 1567/1567/1567
f 1568/1568/1568 1569/1569/1569 1570/1570/1570
f 1571/1571/1571 1572/1572/1572 1573/1573/1573
f 1574/1574/1574 1575/1575/1575 1576/1576/1576
f 1577/1577/1577 1578/1578/1578 1579/1579/1579
f 1580/1580/1580 1581/1581/1581 1582/1582/1582
f 1583/1583/1583 1584/1584/1584 1585/1585/1585
f 1586/1586/1586 1587/1587/1587 1588/1588/1588
f 1589/1589/1589 1590/1590/1590 1591/1591/1591
f 1592/1592/1592 1593/1593/1593 1594/1594/1594
f 1595/1595/1595 1596/1596/1596 1597/1597/1597
f 1598/1598/1598 1599/1599/1599 1600/1600/1600
f 1601/1601/1601 1602/1602/1602 1603/1603/1603
f 1604/1604/1604 1605/1605/1605 1606/1606/1606
f 1607/1607/1607 1608/1608/1608 1609/1609/1609
f 1610/1610/1610 1611/1611/1611 1612/1612/1612
f 1613/1613/1613 1614/1614/1614 1615/1615/1615
f 1616/1616/1616 1617/1617/1617 1618/1618/1618
f 1619/1619/1619 1620/1620/1620 1621/1621/1621
f 1619/1619/1619 1621/1621/1621 1622/1622/1622
f 1623/1623/1623 1624/1624/1624 1625/1625/1625
f 1626/1626/1626 1627/1627/1627 1628/1628/1628
f 1629/1629/1629 1630/1630/1630 1631/1631/1631
f 1632/1632/1632 1633/1633/1633 1634/1634/1634
f 1635/1635/1635 1636/1636/1636 1637/1637/1637
f 1638/1638/1638 1639/1639/1639 1640/1640/1640
f 1641/1641/1641 1642/1642/1642 1643/1643/1643
f 1644/1644/1644 1645/1645/1645 1646/1646/1646
f 1647/1647/1647 1648/1648/1648 1649/1649/1649
f 1650/1650/1650 1651/1651/1651 1652/1652/1652
f 1653/1653/1653 1654/1654/1654 1655/1655/1655
f 1656/1656/1656 1657/1657/1657 1658/1658/1658
f 1659/1659/1659 1660/1660/1660 1661/1661/1661
f 1662/1662/1662 1663/1663/1663 1664/1664/1664
f 1665/1665/1665 1666/1666/1666 1667/1667/1667
f 1668/1668/1668 1669/1669/1669 1670/1670/1670
f 1671/1671/1671 1672/1672/1672 1673/1673/1673
f 1674/1674/1674 1675/1675/1675 1676/1676/1676
f 1677/1677/1677 1678/1678/1678 1679/1679/1679
f 1680/1680/1680 1681/1681/1681 1682/1682/1682
f 1683/1683/1683 1684/1684/1684 1685/1685/1685
f 1686/1686/1686 1687/1687/1687 1688/1688/1688
f 1689/1689/1689 1690/1690/1690 1691/1691/1691
f 1692/1692/1692 1693/1693/1693 1694/1694/1694
f 1695/1695/1695 1696/1696/1696 1697/1697/1697
f 1698/1698/1698 1699/1699/1699 1700/1700/1700
f 1701/1701/1701 1702/1702/1702 1703/1703/1703
f 1704/1704/1704 1705/1705/1705 1706/1706/1706
f 1707/1707/1707 1708/1708/1708 1709/1709/1709
f 1710/1710/1710 1711/1711/1711 1712/1712/1712
f 1713/1713/1713 1714/1714/1714 1715/1715/1715
f 1716/1716/1716 1717/1717/1717 1718/1718/1718
f 1719/1719/1719 1720/1720/1720 1721/1721/1721
f 1722/1722/1722 1723/1723/1723 1724/1724/1724
f 1725/1725/1725 1726/1726/1726 1727/1727/1727
f 1728/1728/1728 1729/1729/1729 1730/1730/1730
f 1731/1731/1731 1732/1732/1732 1733/1733/1733
f 1734/1734/1734 1735/1735/1735 1736/1736/1736
f 1737/1737/1737 1738/1738/1738 1739/1739/1739
f 1740/1740/1740 1741/1741/1741 1742/1742/1742
f 1743/1743/1743 1744/1744/1744 1745/1745/1745
f 1746/1746/1746 1747/1747/1747 1748/1748/1748
f 1749/1749/1749 1750/1750/1750 1751/1751/1751
f 1752/1752/1752 1753/1753/1753 1754/1754/1754
f 1755/1755/1755 1756/1756/1756 1757/1757/1757
f 1758/1758/1758 1759/1759/1759 1760/1760/1760
f 1761/1761/1761 1762/1762/1762 1763/1763/1763
f 1764/1764/1764 1765/1765/1765 1766/1766/1766
f 1767/1767/1767 1768/1768/1768 1769/1769/1769
f 1770/1770/1770 1771/1771/1771 1772/1772/1772
f 1773/1773/1773 1774/1774/1774 1775/1775/1775
f 1776/1776/1776 1777/1777/1777 1778/1778/1778
f 1779/1779/1779 1780/1780/1780 1781/1781/1781
f 1782/1782/1782 1783/1783/1783 1784/1784/1784
f 1785/1785/1785 1786/1786/1786 1787/1787/1787
f 1788/1788/1788 1789/1789/1789 1790/1790/1790
f 1791/1791/1791 1792/1792/1792 1793/1793/1793
f 1794/1794/1794 1795/1795/1795 1796/1796/1796
f 1797/1797/1797 1798/1798/1798 1799/1799/1799
f 1800/1800/1800 1801/1801/1801 1802/1802/1802
f 1803/1803/1803 1804/1804/1804 1805/1805/1805
f 1806/1806/1806 1807/1807/1807 1808/1808/1808
f 1809/1809/1809 1810/1810/1810 1811/1811/1811
f 1812/1812/1812 1813/1813/1813 1814/1814/1814
f 1815/1815/1815 1816/1816/1816 1817/1817/1817
f 1818/1818/1818 1819/1819/1819 1820/1820/1820
f 1821/1821/1821 1822/1822/1822 1823/1823/1823
f 1824/1824/1824 1825/1825/1825 1826/1826/1826
f 1827/1827/1827 1828/1828/1828 1829/1829/1829
f 1830/1830/1830 1831/1831/1831 1832/1832/1832
f 1833/1833/1833 1834/1834/1834 1835/1835/1835
f 1836/1836/1836 1837/1837/1837 1838/1838/1838
