mtllib 420J0W0AXE_B.mtl
o 420J0W0AXE_B_part_0
v 0.0102476515 0.397717774 1.36957228
v 0.03158842 0.463634044 1.28426349
v 0.0119205248 0.2718489 1.44515884
v 0.0119205248 0.2718489 1.44515884
v 0.03158842 0.463634044 1.28426349
v 0.05609194 0.28611818 1.29605031
v 0.01024773 0.11276076 1.490798
v 0.0119205248 0.2718489 1.44515884
v 0.05609194 0.28611818 1.29605031
v 0.0560919642 0.130512685 1.35118842
v 0.01024773 0.11276076 1.490798
v 0.05609194 0.28611818 1.29605031
v 0.05609191 0.213406265 1.27260506
v 0.0560918339 0.144659787 1.18716729
v 0.0560919642 0.130512685 1.35118842
v 0.0560919642 0.130512685 1.35118842
v 0.05609194 0.28611818 1.29605031
v 0.05609191 0.213406265 1.27260506
v 0.0102475183 0.244846687 1.22685146
v 0.05609191 0.213406265 1.27260506
v 0.05609194 0.28611818 1.29605031
v 0.05609191 0.213406265 1.27260506
v 0.0102475183 0.244846687 1.22685146
v 0.0102474866 0.20820564 1.19351351
v 0.0102474866 0.20820564 1.19351351
v 0.0560918339 0.144659787 1.18716729
v 0.05609191 0.213406265 1.27260506
v 0.0102475137 0.415872872 1.20364356
v 0.0102475481 0.426270664 1.24067163
v 0.03158842 0.463634044 1.28426349
v 0.010247549 0.528650761 1.233132
v 0.0102475137 0.415872872 1.20364356
v 0.03158842 0.463634044 1.28426349
v 0.0102476217 -0.6119128 1.43916011
v 0.0102477623 -0.546185434 1.60122323
v 0.0586746149 -0.512443662 1.569635
v 0.0102479048 -0.3242319 1.74392939
v 0.0102478834 -0.234423742 1.7115593
v 0.04473951 -0.2856493 1.71337271
v 0.043128144 -0.393698752 1.6875658
v 0.0102478741 -0.418368161 1.72135651
v 0.0102478983 -0.334771037 1.7412281
v 0.0586746149 -0.512443662 1.569635
v 0.0102477623 -0.546185434 1.60122323
v 0.0102478685 -0.427440017 1.71426415
v 0.0102474662 -0.628364444 1.25434911
v 0.0102476124 -0.615985155 1.428676
v 0.058674477 -0.5709836 1.418927
v 0.0102471467 -0.367879957 0.8453255
v 0.0102472138 -0.503785253 0.941130638
v 0.05867411 -0.449960858 0.9609875
v 0.0580460355 -0.297620535 1.00641859
v 0.0586803332 -0.214770153 0.802385867
v 0.05867411 -0.449960858 0.9609875
v 0.05867411 -0.449960858 0.9609875
v 0.0593150146 -0.3056221 1.07764065
v 0.0580460355 -0.297620535 1.00641859
v 0.0593150146 -0.3056221 1.07764065
v 0.05867411 -0.449960858 0.9609875
v 0.05867422 -0.549132347 1.10615969
v 0.05867422 -0.549132347 1.10615969
v 0.0549827665 -0.215685144 1.17600918
v 0.0593150146 -0.3056221 1.07764065
v 0.0549827665 -0.215685144 1.17600918
v 0.05867422 -0.549132347 1.10615969
v 0.05867434 -0.5798168 1.262527
v 0.05867434 -0.5798168 1.262527
v 0.06237882 -0.1724665 1.40015841
v 0.0549827665 -0.215685144 1.17600918
v 0.06237882 -0.1724665 1.40015841
v 0.05867434 -0.5798168 1.262527
v 0.058674477 -0.5709836 1.418927
v 0.058674477 -0.5709836 1.418927
v 0.06749913 -0.249694139 1.44727385
v 0.06237882 -0.1724665 1.40015841
v 0.0638044551 -0.3298284 1.55259347
v 0.0586746149 -0.512443662 1.569635
v 0.043128144 -0.393698752 1.6875658
v 0.043128144 -0.393698752 1.6875658
v 0.0498423874 -0.320808977 1.66744673
v 0.0638044551 -0.3298284 1.55259347
v 0.06749913 -0.249694139 1.44727385
v 0.058674477 -0.5709836 1.418927
v 0.0586746149 -0.512443662 1.569635
v 0.0586746149 -0.512443662 1.569635
v 0.0638044551 -0.3298284 1.55259347
v 0.06749913 -0.249694139 1.44727385
v 0.0102478461 -0.288403064 1.672293
v 0.04473951 -0.2856493 1.71337271
v 0.0102478834 -0.234423742 1.7115593
v 0.0102478368 -0.291297048 1.660674
v 0.0102477372 -0.314045578 1.54425287
v 0.0638044551 -0.3298284 1.55259347
v 0.0102477334 -0.309214383 1.53795421
v 0.0102476645 -0.243675336 1.44983292
v 0.06749913 -0.249694139 1.44727385
v 0.06749913 -0.249694139 1.44727385
v 0.0102476645 -0.243675336 1.44983292
v 0.0102476366 -0.16863279 1.40940475
v 0.0102476254 -0.120550975 1.390717
v 0.056091886 -0.111269832 1.38249338
v 0.06237882 -0.1724665 1.40015841
v 0.06237882 -0.1724665 1.40015841
v 0.0102476338 -0.1640882 1.406565
v 0.0102476254 -0.120550975 1.390717
v 0.0102473833 -0.121692657 1.10242808
v 0.03656209 -0.114621565 1.18870926
v 0.05609174 -0.07466049 1.10680008
v 0.05609174 -0.07466049 1.10680008
v 0.0102473181 -0.05037558 1.01730013
v 0.0102473833 -0.121692657 1.10242808
v 0.056091886 -0.111269832 1.38249338
v 0.03656209 -0.114621565 1.18870926
v 0.0549827665 -0.215685144 1.17600918
v 0.0549827665 -0.215685144 1.17600918
v 0.06237882 -0.1724665 1.40015841
v 0.056091886 -0.111269832 1.38249338
v 0.056091886 -0.111269832 1.38249338
v 0.0102476254 -0.120550975 1.390717
v 0.0547590144 -0.0873602554 1.41059268
v 0.056091968 0.09681134 1.35772169
v 0.056091886 -0.111269832 1.38249338
v 0.0547590144 -0.0873602554 1.41059268
v 0.0560920164 0.07018061 1.41993618
v 0.056091968 0.09681134 1.35772169
v 0.0547590144 -0.0873602554 1.41059268
v 0.03656209 -0.114621565 1.18870926
v 0.056091886 -0.111269832 1.38249338
v 0.056091968 0.09681134 1.35772169
v 0.05609174 -0.07466049 1.10680008
v 0.03656209 -0.114621565 1.18870926
v 0.056091968 0.09681134 1.35772169
v 0.0560917556 0.07813323 1.10748374
v 0.05609174 -0.07466049 1.10680008
v 0.056091968 0.09681134 1.35772169
v 0.0549827665 -0.215685144 1.17600918
v 0.03656209 -0.114621565 1.18870926
v 0.0102473833 -0.121692657 1.10242808
v 0.0102473628 -0.1901679 1.0838207
v 0.0102473367 -0.252237141 1.060972
v 0.0593150146 -0.3056221 1.07764065
v 0.0102473348 -0.5965821 1.09192061
v 0.0102474568 -0.6289789 1.24346936
v 0.05867434 -0.5798168 1.262527
v 0.0102470862 -0.126261845 0.7500508
v 0.0102471374 -0.351520121 0.8342927
v 0.0586803332 -0.214770153 0.802385867
v 0.0580460355 -0.297620535 1.00641859
v 0.0102472827 -0.270322561 0.9996888
v 0.0102472818 -0.269644022 0.9979058
v 0.0102471877 -0.228273377 0.879895568
v 0.0102471709 -0.2212993 0.8595312
v 0.0586803332 -0.214770153 0.802385867
v 0.0102471877 -0.228273377 0.879895568
v 0.0586803332 -0.214770153 0.802385867
v 0.0102472687 -0.263855428 0.983706057
v 0.0102470862 -0.126261845 0.7500508
v 0.0586803332 -0.214770153 0.802385867
v 0.0102471709 -0.2212993 0.8595312
v 0.0102472231 -0.510684133 0.9512296
v 0.0102473237 -0.5944475 1.08104289
v 0.05867422 -0.549132347 1.10615969
v 0.010247333 -0.251770973 1.05598724
v 0.0102472827 -0.270322561 0.9996888
v 0.0580460355 -0.297620535 1.00641859
v 0.034599252 0.117259167 1.39605558
v 0.01024769 0.108520247 1.44490552
v 0.01024773 0.11276076 1.490798
v 0.01024773 0.11276076 1.490798
v 0.0560919642 0.130512685 1.35118842
v 0.034599252 0.117259167 1.39605558
v 0.0561142974 0.115206771 1.13012958
v 0.0560918339 0.144659787 1.18716729
v 0.0102474866 0.20820564 1.19351351
v 0.0102474866 0.20820564 1.19351351
v 0.0102474317 0.170954585 1.12971365
v 0.0561142974 0.115206771 1.13012958
v 0.0102474317 0.170954585 1.12971365
v 0.0102473805 0.189616591 1.06768966
v 0.0561142974 0.115206771 1.13012958
v 0.0560917556 0.07813323 1.10748374
v 0.056091968 0.09681134 1.35772169
v 0.0561142974 0.115206771 1.13012958
v 0.01024739 0.120073684 1.08683169
v 0.0560917556 0.07813323 1.10748374
v 0.0561142974 0.115206771 1.13012958
v 0.0102473805 0.189616591 1.06768966
v 0.01024739 0.120073684 1.08683169
v 0.0561142974 0.115206771 1.13012958
v 0.056091968 0.09681134 1.35772169
v 0.0560919642 0.130512685 1.35118842
v 0.0560918339 0.144659787 1.18716729
v 0.0560918339 0.144659787 1.18716729
v 0.0561142974 0.115206771 1.13012958
v 0.056091968 0.09681134 1.35772169
v 0.01024769 0.108520247 1.44490552
v 0.034599252 0.117259167 1.39605558
v 0.0560920164 0.07018061 1.41993618
v 0.0560920164 0.07018061 1.41993618
v 0.0102477036 0.0772915 1.466068
v 0.01024769 0.108520247 1.44490552
v 0.01024739 0.120073684 1.08683169
v 0.0102473255 0.0495919548 1.01724219
v 0.0560917556 0.07813323 1.10748374
v 0.0560920164 0.07018061 1.41993618
v 0.056092076 0.0166731663 1.49531853
v 0.0102477372 0.0454746746 1.50805116
v 0.0102477372 0.0454746746 1.50805116
v 0.0102477036 0.0772915 1.466068
v 0.0560920164 0.07018061 1.41993618
v 0.05566053 0.04968789 1.61435008
v 0.0102477893 0.0450449 1.56913006
v 0.06533573 -0.0352004245 1.60116827
v 0.0102478042 0.119300626 1.5800035
v 0.0102477893 0.0450449 1.56913006
v 0.05566053 0.04968789 1.61435008
v 0.0519210845 -0.08223461 1.81729138
v 0.0102479821 -0.00716193439 1.8060931
v 0.0455713235 0.008345658 1.728445
v 0.0455713235 0.008345658 1.728445
v 0.0499908626 -0.0343876 1.70963144
v 0.0519210845 -0.08223461 1.81729138
v 0.0102479821 -0.00716193439 1.8060931
v 0.01035489 0.06389891 1.7225796
v 0.0455713235 0.008345658 1.728445
v 0.06533573 -0.0352004245 1.60116827
v 0.0102477893 0.0450449 1.56913006
v 0.0102477372 0.0454746746 1.50805116
v 0.0102477372 0.0454746746 1.50805116
v 0.056092076 0.0166731663 1.49531853
v 0.06533573 -0.0352004245 1.60116827
v 0.0499908626 -0.0343876 1.70963144
v 0.0103763556 -0.09682447 1.8035152
v 0.0103866616 -0.115351826 1.8246696
v 0.0103866616 -0.115351826 1.8246696
v 0.0519210845 -0.08223461 1.81729138
v 0.0499908626 -0.0343876 1.70963144
v 0.06533573 -0.0352004245 1.60116827
v 0.0529497 -0.06612915 1.48446631
v 0.01024772 -0.102091283 1.5018394
v 0.01024772 -0.102091283 1.5018394
v 0.0103246989 -0.06141803 1.57047188
v 0.06533573 -0.0352004245 1.60116827
v 0.06533573 -0.0352004245 1.60116827
v 0.056092076 0.0166731663 1.49531853
v 0.0529497 -0.06612915 1.48446631
v 0.0560920164 0.07018061 1.41993618
v 0.0547590144 -0.0873602554 1.41059268
v 0.0529497 -0.06612915 1.48446631
v 0.0529497 -0.06612915 1.48446631
v 0.056092076 0.0166731663 1.49531853
v 0.0560920164 0.07018061 1.41993618
v 0.0519210845 -0.08223461 1.81729138
v 0.0104107978 -0.0304958113 1.99453318
v 0.0102479821 -0.00716193439 1.8060931
v 0.0103866616 -0.115351826 1.8246696
v 0.0104107978 -0.0304958113 1.99453318
v 0.0519210845 -0.08223461 1.81729138
v 0.05566053 0.04968789 1.61435008
v 0.0455713235 0.008345658 1.728445
v 0.01035489 0.06389891 1.7225796
v 0.01035489 0.06389891 1.7225796
v 0.0102478042 0.119300626 1.5800035
v 0.05566053 0.04968789 1.61435008
v 0.0499908626 -0.0343876 1.70963144
v 0.0455713235 0.008345658 1.728445
v 0.05566053 0.04968789 1.61435008
v 0.05566053 0.04968789 1.61435008
v 0.06533573 -0.0352004245 1.60116827
v 0.0499908626 -0.0343876 1.70963144
v 0.0499908626 -0.0343876 1.70963144
v 0.0103548486 -0.0523581654 1.68613
v 0.0103763556 -0.09682447 1.8035152
v 0.0499908626 -0.0343876 1.70963144
v 0.06533573 -0.0352004245 1.60116827
v 0.0103246989 -0.06141803 1.57047188
v 0.0103246989 -0.06141803 1.57047188
v 0.0103548486 -0.0523581654 1.68613
v 0.0499908626 -0.0343876 1.70963144
v 0.0547590144 -0.0873602554 1.41059268
v 0.0102476655 -0.11493329 1.4379741
v 0.0102476785 -0.1581027 1.45861483
v 0.0102476785 -0.1581027 1.45861483
v 0.0529497 -0.06612915 1.48446631
v 0.0547590144 -0.0873602554 1.41059268
v 0.0102476254 -0.120550975 1.390717
v 0.0102476655 -0.11493329 1.4379741
v 0.0547590144 -0.0873602554 1.41059268
v 0.0529497 -0.06612915 1.48446631
v 0.0102476785 -0.1581027 1.45861483
v 0.01024772 -0.102091283 1.5018394
v 0.0560919642 0.130512685 1.35118842
v 0.056091968 0.09681134 1.35772169
v 0.0560920164 0.07018061 1.41993618
v 0.0560920164 0.07018061 1.41993618
v 0.034599252 0.117259167 1.39605558
v 0.0560919642 0.130512685 1.35118842
v 0.05609174 -0.07466049 1.10680008
v 0.0560917556 0.07813323 1.10748374
v 0.0102473255 0.0495919548 1.01724219
v 0.0102473255 0.0495919548 1.01724219
v 0.0102473181 -0.05037558 1.01730013
v 0.05609174 -0.07466049 1.10680008
v 0.043128144 -0.393698752 1.6875658
v 0.04473951 -0.2856493 1.71337271
v 0.0498423874 -0.320808977 1.66744673
v 0.0102476515 0.397717774 1.36957228
v 0.010247549 0.528650761 1.233132
v 0.03158842 0.463634044 1.28426349
v 0.05609194 0.28611818 1.29605031
v 0.0102475407 0.28956297 1.24668038
v 0.0102475183 0.244846687 1.22685146
v 0.0102475407 0.2922308 1.24690223
v 0.0102475407 0.28956297 1.24668038
v 0.03158842 0.463634044 1.28426349
v 0.0102475407 0.28956297 1.24668038
v 0.05609194 0.28611818 1.29605031
v 0.03158842 0.463634044 1.28426349
v 0.0102475407 0.2922308 1.24690223
v 0.0103114173 0.386012942 1.24530518
v 0.0102475462 0.370340466 1.24547112
v 0.03158842 0.463634044 1.28426349
v 0.0103114173 0.386012942 1.24530518
v 0.0102475407 0.2922308 1.24690223
v 0.0102475481 0.426270664 1.24067163
v 0.0102475462 0.391542971 1.24454534
v 0.03158842 0.463634044 1.28426349
v 0.0102475462 0.391542971 1.24454534
v 0.0103114173 0.386012942 1.24530518
v 0.03158842 0.463634044 1.28426349
v 0.0102476217 -0.6119128 1.43916011
v 0.058674477 -0.5709836 1.418927
v 0.0102476124 -0.615985155 1.428676
v 0.0586746149 -0.512443662 1.569635
v 0.058674477 -0.5709836 1.418927
v 0.0102476217 -0.6119128 1.43916011
v 0.0102479048 -0.3242319 1.74392939
v 0.043128144 -0.393698752 1.6875658
v 0.0102478983 -0.334771037 1.7412281
v 0.04473951 -0.2856493 1.71337271
v 0.043128144 -0.393698752 1.6875658
v 0.0102479048 -0.3242319 1.74392939
v 0.0102478685 -0.427440017 1.71426415
v 0.0102478741 -0.418368161 1.72135651
v 0.0586746149 -0.512443662 1.569635
v 0.0102478741 -0.418368161 1.72135651
v 0.043128144 -0.393698752 1.6875658
v 0.0586746149 -0.512443662 1.569635
v 0.0102474662 -0.628364444 1.25434911
v 0.05867434 -0.5798168 1.262527
v 0.0102474568 -0.6289789 1.24346936
v 0.058674477 -0.5709836 1.418927
v 0.05867434 -0.5798168 1.262527
v 0.0102474662 -0.628364444 1.25434911
v 0.0102471467 -0.367879957 0.8453255
v 0.0586803332 -0.214770153 0.802385867
v 0.0102471374 -0.351520121 0.8342927
v 0.05867411 -0.449960858 0.9609875
v 0.0586803332 -0.214770153 0.802385867
v 0.0102471467 -0.367879957 0.8453255
v 0.0102478368 -0.291297048 1.660674
v 0.0498423874 -0.320808977 1.66744673
v 0.0102478415 -0.291382968 1.66793621
v 0.0638044551 -0.3298284 1.55259347
v 0.0498423874 -0.320808977 1.66744673
v 0.0102478368 -0.291297048 1.660674
v 0.0102477334 -0.309214383 1.53795421
v 0.0638044551 -0.3298284 1.55259347
v 0.0102477372 -0.314045578 1.54425287
v 0.06749913 -0.249694139 1.44727385
v 0.0638044551 -0.3298284 1.55259347
v 0.0102477334 -0.309214383 1.53795421
v 0.0102476366 -0.16863279 1.40940475
v 0.0102476338 -0.1640882 1.406565
v 0.06749913 -0.249694139 1.44727385
v 0.0102476338 -0.1640882 1.406565
v 0.06237882 -0.1724665 1.40015841
v 0.06749913 -0.249694139 1.44727385
v 0.0102473833 -0.121692657 1.10242808
v 0.0102473693 -0.184197113 1.09114516
v 0.0549827665 -0.215685144 1.17600918
v 0.0102473628 -0.1901679 1.0838207
v 0.0549827665 -0.215685144 1.17600918
v 0.0102473693 -0.184197113 1.09114516
v 0.0593150146 -0.3056221 1.07764065
v 0.0549827665 -0.215685144 1.17600918
v 0.0102473628 -0.1901679 1.0838207
v 0.0102473348 -0.5965821 1.09192061
v 0.05867422 -0.549132347 1.10615969
v 0.0102473237 -0.5944475 1.08104289
v 0.05867434 -0.5798168 1.262527
v 0.05867422 -0.549132347 1.10615969
v 0.0102473348 -0.5965821 1.09192061
v 0.0102472687 -0.263855428 0.983706057
v 0.0580460355 -0.297620535 1.00641859
v 0.0102472818 -0.269644022 0.9979058
v 0.0586803332 -0.214770153 0.802385867
v 0.0580460355 -0.297620535 1.00641859
v 0.0102472687 -0.263855428 0.983706057
v 0.0102472231 -0.510684133 0.9512296
v 0.05867411 -0.449960858 0.9609875
v 0.0102472138 -0.503785253 0.941130638
v 0.05867422 -0.549132347 1.10615969
v 0.05867411 -0.449960858 0.9609875
v 0.0102472231 -0.510684133 0.9512296
v 0.010247333 -0.251770973 1.05598724
v 0.0593150146 -0.3056221 1.07764065
v 0.0102473367 -0.252237141 1.060972
v 0.0580460355 -0.297620535 1.00641859
v 0.0593150146 -0.3056221 1.07764065
v 0.010247333 -0.251770973 1.05598724
v 0.0102478415 -0.291382968 1.66793621
v 0.04473951 -0.2856493 1.71337271
v 0.0102478461 -0.288403064 1.672293
v 0.0498423874 -0.320808977 1.66744673
v 0.04473951 -0.2856493 1.71337271
v 0.0102478415 -0.291382968 1.66793621
v 0.0102476515 0.397717774 1.36957228
v 0.008574885 0.2718489 1.44515884
v -0.0110932542 0.463634044 1.28426349
v 0.008574885 0.2718489 1.44515884
v -0.03559677 0.28611818 1.29605043
v -0.0110932542 0.463634044 1.28426349
v 0.01024773 0.11276076 1.490798
v -0.03559677 0.28611818 1.29605043
v 0.008574885 0.2718489 1.44515884
v -0.03559674 0.130512685 1.35118842
v -0.03559677 0.28611818 1.29605043
v 0.01024773 0.11276076 1.490798
v -0.0355968 0.2134063 1.2726053
v -0.03559674 0.130512685 1.35118842
v -0.0355968773 0.144659787 1.18716729
v -0.03559674 0.130512685 1.35118842
v -0.0355968 0.2134063 1.2726053
v -0.03559677 0.28611818 1.29605043
v 0.0102475183 0.244846687 1.22685146
v -0.03559677 0.28611818 1.29605043
v -0.0355968 0.2134063 1.2726053
v -0.0355968 0.2134063 1.2726053
v 0.0102474866 0.20820564 1.19351351
v 0.0102475183 0.244846687 1.22685146
v 0.0102474866 0.20820564 1.19351351
v -0.0355968 0.2134063 1.2726053
v -0.0355968773 0.144659787 1.18716729
v 0.0102475137 0.415872872 1.20364356
v -0.0110932542 0.463634044 1.28426349
v 0.0102475481 0.426270664 1.24067163
v 0.010247549 0.528650761 1.233132
v -0.0110932542 0.463634044 1.28426349
v 0.0102475137 0.415872872 1.20364356
v 0.0102476217 -0.6119128 1.43916011
v -0.0381791256 -0.512443662 1.569635
v 0.0102477623 -0.546185434 1.60122323
v 0.0102479048 -0.3242319 1.74392939
v -0.0242437553 -0.2856493 1.71337283
v 0.0102478834 -0.234423742 1.7115593
v -0.0226324461 -0.393698752 1.6875658
v 0.0102478983 -0.334771037 1.7412281
v 0.0102478741 -0.418368161 1.72135651
v -0.0381791256 -0.512443662 1.569635
v 0.0102478685 -0.427440017 1.71426415
v 0.0102477623 -0.546185434 1.60122323
v 0.0102474662 -0.628364444 1.25434911
v -0.03817926 -0.5709836 1.41892707
v 0.0102476124 -0.615985155 1.428676
v 0.0102471467 -0.367879957 0.8453255
v -0.038179636 -0.449960858 0.960987568
v 0.0102472138 -0.503785253 0.941130638
v -0.0375514627 -0.297620535 1.00641859
v -0.038179636 -0.449960858 0.960987568
v -0.03818609 -0.214770153 0.802385867
v -0.038179636 -0.449960858 0.960987568
v -0.0375514627 -0.297620535 1.00641859
v -0.03882033 -0.3056221 1.07764065
v -0.03882033 -0.3056221 1.07764065
v -0.0381795242 -0.549132347 1.10615969
v -0.038179636 -0.449960858 0.960987568
v -0.0381795242 -0.549132347 1.10615969
v -0.03882033 -0.3056221 1.07764065
v -0.0344878919 -0.215685129 1.1760093
v -0.0344878919 -0.215685129 1.1760093
v -0.0381793976 -0.5798168 1.26252711
v -0.0381795242 -0.549132347 1.10615969
v -0.0381793976 -0.5798168 1.26252711
v -0.0344878919 -0.215685129 1.1760093
v -0.041883558 -0.1724665 1.40015852
v -0.041883558 -0.1724665 1.40015852
v -0.03817926 -0.5709836 1.41892707
v -0.0381793976 -0.5798168 1.26252711
v -0.03817926 -0.5709836 1.41892707
v -0.041883558 -0.1724665 1.40015852
v -0.0470038131 -0.249694139 1.44727385
v -0.04330897 -0.3298284 1.55259347
v -0.0226324461 -0.393698752 1.6875658
v -0.0381791256 -0.512443662 1.569635
v -0.0226324461 -0.393698752 1.6875658
v -0.04330897 -0.3298284 1.55259347
v -0.02934671 -0.320809036 1.66744673
v -0.0470038131 -0.249694139 1.44727385
v -0.0381791256 -0.512443662 1.569635
v -0.03817926 -0.5709836 1.41892707
v -0.0381791256 -0.512443662 1.569635
v -0.0470038131 -0.249694139 1.44727385
v -0.04330897 -0.3298284 1.55259347
v 0.0102478461 -0.288403064 1.672293
v 0.0102478834 -0.234423742 1.7115593
v -0.0242437553 -0.2856493 1.71337283
v 0.0102478368 -0.291297048 1.660674
v -0.04330897 -0.3298284 1.55259347
v 0.0102477372 -0.314045578 1.54425287
v 0.0102477334 -0.309214383 1.53795421
v -0.0470038131 -0.249694139 1.44727385
v 0.0102476645 -0.243675336 1.44983292
v -0.0470038131 -0.249694139 1.44727385
v 0.0102476366 -0.16863279 1.40940475
v 0.0102476645 -0.243675336 1.44983292
v 0.0102476254 -0.120550975 1.390717
v -0.041883558 -0.1724665 1.40015852
v -0.03559664 -0.111269824 1.38249338
v -0.041883558 -0.1724665 1.40015852
v 0.0102476254 -0.120550975 1.390717
v 0.0102476338 -0.1640882 1.406565
v 0.0102473833 -0.121692657 1.10242808
v -0.03559696 -0.07466048 1.1068002
v -0.0160671826 -0.114621565 1.18870926
v -0.03559696 -0.07466048 1.1068002
v 0.0102473833 -0.121692657 1.10242808
v 0.0102473181 -0.05037558 1.01730013
v -0.03559664 -0.111269824 1.38249338
v -0.0344878919 -0.215685129 1.1760093
v -0.0160671826 -0.114621565 1.18870926
v -0.0344878919 -0.215685129 1.1760093
v -0.03559664 -0.111269824 1.38249338
v -0.041883558 -0.1724665 1.40015852
v -0.03559664 -0.111269824 1.38249338
v -0.0342637263 -0.0873602554 1.41059268
v 0.0102476254 -0.120550975 1.390717
v -0.0355967358 0.09681134 1.35772169
v -0.0342637263 -0.0873602554 1.41059268
v -0.03559664 -0.111269824 1.38249338
v -0.03559669 0.07018061 1.4199363
v -0.0342637263 -0.0873602554 1.41059268
v -0.0355967358 0.09681134 1.35772169
v -0.0160671826 -0.114621565 1.18870926
v -0.0355967358 0.09681134 1.35772169
v -0.03559664 -0.111269824 1.38249338
v -0.03559696 -0.07466048 1.1068002
v -0.0355967358 0.09681134 1.35772169
v -0.0160671826 -0.114621565 1.18870926
v -0.0355969481 0.07813323 1.10748386
v -0.0355967358 0.09681134 1.35772169
v -0.03559696 -0.07466048 1.1068002
v -0.0344878919 -0.215685129 1.1760093
v 0.0102473833 -0.121692657 1.10242808
v -0.0160671826 -0.114621565 1.18870926
v 0.0102473628 -0.1901679 1.0838207
v -0.03882033 -0.3056221 1.07764065
v 0.0102473367 -0.252237141 1.060972
v 0.0102473348 -0.5965821 1.09192061
v -0.0381793976 -0.5798168 1.26252711
v 0.0102474568 -0.6289789 1.24346936
v 0.0102470862 -0.126261845 0.7500508
v -0.03818609 -0.214770153 0.802385867
v 0.0102471374 -0.351520121 0.8342927
v -0.0375514627 -0.297620535 1.00641859
v 0.0102472818 -0.269644022 0.9979058
v 0.0102472827 -0.270322561 0.9996888
v 0.0102471877 -0.228273377 0.879895568
v -0.03818609 -0.214770153 0.802385867
v 0.0102471709 -0.2212993 0.8595312
v 0.0102471877 -0.228273377 0.879895568
v 0.0102472687 -0.263855428 0.983706057
v -0.03818609 -0.214770153 0.802385867
v 0.0102470862 -0.126261845 0.7500508
v 0.0102471709 -0.2212993 0.8595312
v -0.03818609 -0.214770153 0.802385867
v 0.0102472231 -0.510684133 0.9512296
v -0.0381795242 -0.549132347 1.10615969
v 0.0102473237 -0.5944475 1.08104289
v 0.010247333 -0.251770973 1.05598724
v -0.0375514627 -0.297620535 1.00641859
v 0.0102472827 -0.270322561 0.9996888
v -0.0141039537 0.117259167 1.39605558
v 0.01024773 0.11276076 1.490798
v 0.01024769 0.108520247 1.44490552
v 0.01024773 0.11276076 1.490798
v -0.0141039537 0.117259167 1.39605558
v -0.03559674 0.130512685 1.35118842
v -0.03561944 0.115206771 1.13012969
v 0.0102474866 0.20820564 1.19351351
v -0.0355968773 0.144659787 1.18716729
v 0.0102474866 0.20820564 1.19351351
v -0.03561944 0.115206771 1.13012969
v 0.0102474317 0.170954585 1.12971365
v 0.0102474317 0.170954585 1.12971365
v -0.03561944 0.115206771 1.13012969
v 0.0102473805 0.189616591 1.06768966
v -0.0355969481 0.07813323 1.10748386
v -0.03561944 0.115206771 1.13012969
v -0.0355967358 0.09681134 1.35772169
v 0.01024739 0.120073684 1.08683169
v -0.03561944 0.115206771 1.13012969
v -0.0355969481 0.07813323 1.10748386
v 0.0102473805 0.189616591 1.06768966
v -0.03561944 0.115206771 1.13012969
v 0.01024739 0.120073684 1.08683169
v -0.0355967358 0.09681134 1.35772169
v -0.0355968773 0.144659787 1.18716729
v -0.03559674 0.130512685 1.35118842
v -0.0355968773 0.144659787 1.18716729
v -0.0355967358 0.09681134 1.35772169
v -0.03561944 0.115206771 1.13012969
v 0.01024769 0.108520247 1.44490552
v -0.03559669 0.07018061 1.4199363
v -0.0141039537 0.117259167 1.39605558
v -0.03559669 0.07018061 1.4199363
v 0.01024769 0.108520247 1.44490552
v 0.0102477036 0.0772915 1.466068
v 0.01024739 0.120073684 1.08683169
v -0.0355969481 0.07813323 1.10748386
v 0.0102473255 0.0495919548 1.01724219
v -0.03559669 0.07018061 1.4199363
v 0.0102477372 0.0454746746 1.50805116
v -0.0355966277 0.0166731756 1.49531853
v 0.0102477372 0.0454746746 1.50805116
v -0.03559669 0.07018061 1.4199363
v 0.0102477036 0.0772915 1.466068
v -0.03516488 0.0496878922 1.61435032
v -0.0448401123 -0.035200417 1.60116827
v 0.0102477893 0.0450449 1.56913006
v 0.0102478042 0.119300626 1.5800035
v -0.03516488 0.0496878922 1.61435032
v 0.0102477893 0.0450449 1.56913006
v -0.03142511 -0.0822346 1.81729138
v -0.0250754859 0.008345661 1.728445
v 0.0102479821 -0.00716193439 1.8060931
v -0.0250754859 0.008345661 1.728445
v -0.03142511 -0.0822346 1.81729138
v -0.029495066 -0.034387596 1.70963144
v 0.0102479821 -0.00716193439 1.8060931
v -0.0250754859 0.008345661 1.728445
v 0.01014095 0.06389891 1.7225796
v -0.0448401123 -0.035200417 1.60116827
v 0.0102477372 0.0454746746 1.50805116
v 0.0102477893 0.0450449 1.56913006
v 0.0102477372 0.0454746746 1.50805116
v -0.0448401123 -0.035200417 1.60116827
v -0.0355966277 0.0166731756 1.49531853
v -0.029495066 -0.034387596 1.70963144
v 0.0101093156 -0.115351826 1.8246696
v 0.0101195909 -0.09682447 1.8035152
v 0.0101093156 -0.115351826 1.8246696
v -0.029495066 -0.034387596 1.70963144
v -0.03142511 -0.0822346 1.81729138
v -0.0448401123 -0.035200417 1.60116827
v 0.01024772 -0.102091283 1.5018394
v -0.032454282 -0.06612915 1.48446631
v 0.01024772 -0.102091283 1.5018394
v -0.0448401123 -0.035200417 1.60116827
v 0.010170863 -0.0614180379 1.57047188
v -0.0448401123 -0.035200417 1.60116827
v -0.032454282 -0.06612915 1.48446631
v -0.0355966277 0.0166731756 1.49531853
v -0.03559669 0.07018061 1.4199363
v -0.032454282 -0.06612915 1.48446631
v -0.0342637263 -0.0873602554 1.41059268
v -0.032454282 -0.06612915 1.48446631
v -0.03559669 0.07018061 1.4199363
v -0.0355966277 0.0166731756 1.49531853
v -0.03142511 -0.0822346 1.81729138
v 0.0102479821 -0.00716193439 1.8060931
v 0.0100854775 -0.03049581 1.99453318
v 0.0101093156 -0.115351826 1.8246696
v -0.03142511 -0.0822346 1.81729138
v 0.0100854775 -0.03049581 1.99453318
v -0.03516488 0.0496878922 1.61435032
v 0.01014095 0.06389891 1.7225796
v -0.0250754859 0.008345661 1.728445
v 0.01014095 0.06389891 1.7225796
v -0.03516488 0.0496878922 1.61435032
v 0.0102478042 0.119300626 1.5800035
v -0.029495066 -0.034387596 1.70963144
v -0.03516488 0.0496878922 1.61435032
v -0.0250754859 0.008345661 1.728445
v -0.03516488 0.0496878922 1.61435032
v -0.029495066 -0.034387596 1.70963144
v -0.0448401123 -0.035200417 1.60116827
v -0.029495066 -0.034387596 1.70963144
v 0.0101195909 -0.09682447 1.8035152
v 0.0101409089 -0.05235816 1.68613
v -0.029495066 -0.034387596 1.70963144
v 0.010170863 -0.0614180379 1.57047188
v -0.0448401123 -0.035200417 1.60116827
v 0.010170863 -0.0614180379 1.57047188
v -0.029495066 -0.034387596 1.70963144
v 0.0101409089 -0.05235816 1.68613
v -0.0342637263 -0.0873602554 1.41059268
v 0.0102476785 -0.1581027 1.45861483
v 0.0102476655 -0.11493329 1.4379741
v 0.0102476785 -0.1581027 1.45861483
v -0.0342637263 -0.0873602554 1.41059268
v -0.032454282 -0.06612915 1.48446631
v 0.0102476254 -0.120550975 1.390717
v -0.0342637263 -0.0873602554 1.41059268
v 0.0102476655 -0.11493329 1.4379741
v -0.032454282 -0.06612915 1.48446631
v 0.01024772 -0.102091283 1.5018394
v 0.0102476785 -0.1581027 1.45861483
v -0.03559674 0.130512685 1.35118842
v -0.03559669 0.07018061 1.4199363
v -0.0355967358 0.09681134 1.35772169
v -0.03559669 0.07018061 1.4199363
v -0.03559674 0.130512685 1.35118842
v -0.0141039537 0.117259167 1.39605558
v -0.03559696 -0.07466048 1.1068002
v 0.0102473255 0.0495919548 1.01724219
v -0.0355969481 0.07813323 1.10748386
v 0.0102473255 0.0495919548 1.01724219
v -0.03559696 -0.07466048 1.1068002
v 0.0102473181 -0.05037558 1.01730013
v -0.0226324461 -0.393698752 1.6875658
v -0.02934671 -0.320809036 1.66744673
v -0.0242437553 -0.2856493 1.71337283
v 0.0102476515 0.397717774 1.36957228
v -0.0110932542 0.463634044 1.28426349
v 0.010247549 0.528650761 1.233132
v -0.03559677 0.28611818 1.29605043
v 0.0102475183 0.244846687 1.22685146
v 0.0102475407 0.28956297 1.24668038
v 0.0102475407 0.2922308 1.24690223
v -0.0110932542 0.463634044 1.28426349
v 0.0102475407 0.28956297 1.24668038
v 0.0102475407 0.28956297 1.24668038
v -0.0110932542 0.463634044 1.28426349
v -0.03559677 0.28611818 1.29605043
v 0.0102475407 0.2922308 1.24690223
v 0.0102475462 0.370340466 1.24547112
v 0.0101836771 0.386012942 1.24530518
v -0.0110932542 0.463634044 1.28426349
v 0.0102475407 0.2922308 1.24690223
v 0.0101836771 0.386012942 1.24530518
v 0.0102475481 0.426270664 1.24067163
v -0.0110932542 0.463634044 1.28426349
v 0.0102475462 0.391542971 1.24454534
v 0.0102475462 0.391542971 1.24454534
v -0.0110932542 0.463634044 1.28426349
v 0.0101836771 0.386012942 1.24530518
v 0.0102476217 -0.6119128 1.43916011
v 0.0102476124 -0.615985155 1.428676
v -0.03817926 -0.5709836 1.41892707
v -0.0381791256 -0.512443662 1.569635
v 0.0102476217 -0.6119128 1.43916011
v -0.03817926 -0.5709836 1.41892707
v 0.0102479048 -0.3242319 1.74392939
v 0.0102478983 -0.334771037 1.7412281
v -0.0226324461 -0.393698752 1.6875658
v -0.0242437553 -0.2856493 1.71337283
v 0.0102479048 -0.3242319 1.74392939
v -0.0226324461 -0.393698752 1.6875658
v 0.0102478685 -0.427440017 1.71426415
v -0.0381791256 -0.512443662 1.569635
v 0.0102478741 -0.418368161 1.72135651
v 0.0102478741 -0.418368161 1.72135651
v -0.0381791256 -0.512443662 1.569635
v -0.0226324461 -0.393698752 1.6875658
v 0.0102474662 -0.628364444 1.25434911
v 0.0102474568 -0.6289789 1.24346936
v -0.0381793976 -0.5798168 1.26252711
v -0.03817926 -0.5709836 1.41892707
v 0.0102474662 -0.628364444 1.25434911
v -0.0381793976 -0.5798168 1.26252711
v 0.0102471467 -0.367879957 0.8453255
v 0.0102471374 -0.351520121 0.8342927
v -0.03818609 -0.214770153 0.802385867
v -0.038179636 -0.449960858 0.960987568
v 0.0102471467 -0.367879957 0.8453255
v -0.03818609 -0.214770153 0.802385867
v 0.0102478368 -0.291297048 1.660674
v 0.0102478415 -0.291382968 1.66793621
v -0.02934671 -0.320809036 1.66744673
v -0.04330897 -0.3298284 1.55259347
v 0.0102478368 -0.291297048 1.660674
v -0.02934671 -0.320809036 1.66744673
v 0.0102477334 -0.309214383 1.53795421
v 0.0102477372 -0.314045578 1.54425287
v -0.04330897 -0.3298284 1.55259347
v -0.0470038131 -0.249694139 1.44727385
v 0.0102477334 -0.309214383 1.53795421
v -0.04330897 -0.3298284 1.55259347
v 0.0102476366 -0.16863279 1.40940475
v -0.0470038131 -0.249694139 1.44727385
v 0.0102476338 -0.1640882 1.406565
v 0.0102476338 -0.1640882 1.406565
v -0.0470038131 -0.249694139 1.44727385
v -0.041883558 -0.1724665 1.40015852
v 0.0102473833 -0.121692657 1.10242808
v -0.0344878919 -0.215685129 1.1760093
v 0.0102473693 -0.184197113 1.09114516
v 0.0102473628 -0.1901679 1.0838207
v 0.0102473693 -0.184197113 1.09114516
v -0.0344878919 -0.215685129 1.1760093
v -0.03882033 -0.3056221 1.07764065
v 0.0102473628 -0.1901679 1.0838207
v -0.0344878919 -0.215685129 1.1760093
v 0.0102473348 -0.5965821 1.09192061
v 0.0102473237 -0.5944475 1.08104289
v -0.0381795242 -0.549132347 1.10615969
v -0.0381793976 -0.5798168 1.26252711
v 0.0102473348 -0.5965821 1.09192061
v -0.0381795242 -0.549132347 1.10615969
v 0.0102472687 -0.263855428 0.983706057
v 0.0102472818 -0.269644022 0.9979058
v -0.0375514627 -0.297620535 1.00641859
v -0.03818609 -0.214770153 0.802385867
v 0.0102472687 -0.263855428 0.983706057
v -0.0375514627 -0.297620535 1.00641859
v 0.0102472231 -0.510684133 0.9512296
v 0.0102472138 -0.503785253 0.941130638
v -0.038179636 -0.449960858 0.960987568
v -0.0381795242 -0.549132347 1.10615969
v 0.0102472231 -0.510684133 0.9512296
v -0.038179636 -0.449960858 0.960987568
v 0.010247333 -0.251770973 1.05598724
v 0.0102473367 -0.252237141 1.060972
v -0.03882033 -0.3056221 1.07764065
v -0.0375514627 -0.297620535 1.00641859
v 0.010247333 -0.251770973 1.05598724
v -0.03882033 -0.3056221 1.07764065
v 0.0102478415 -0.291382968 1.66793621
v 0.0102478461 -0.288403064 1.672293
v -0.0242437553 -0.2856493 1.71337283
v -0.02934671 -0.320809036 1.66744673
v 0.0102478415 -0.291382968 1.66793621
v -0.0242437553 -0.2856493 1.71337283
v 0.0102462182 0.0336459242 -0.09553606
v 0.0102462163 0.0363257 -0.0995834
v 0.0102461856 0.0586734675 -0.133716568
v -0.030424187 0.00253423746 -0.0960974544
v 0.0102462135 -0.0264864117 -0.09557379
v -0.048071906 0.002534217 -0.134638786
v 0.0102462117 -0.0270889178 -0.09740695
v 0.0102461763 -0.05362613 -0.1337162
v 0.06856428 0.002534207 -0.134638846
v 0.0509166121 0.00253423373 -0.09609751
v 0.0102461455 0.0591994561 -0.178850457
v 0.010246139 0.0373892039 -0.185773343
v 0.044038903 0.00253418577 -0.18428722
v 0.0102461455 0.0591277368 -0.178904578
v 0.06833725 0.00253418135 -0.179814681
v 0.0102461455 0.0591994561 -0.178850457
v 0.0102461344 -0.05400061 -0.178708822
v -0.0478449725 0.00253419182 -0.179814637
v -0.0235466231 0.00253418856 -0.18428722
v 0.0102461344 -0.0539997146 -0.178891942
v 0.0102461344 -0.05383481 -0.178925842
v 0.0102459975 0.0605046265 -0.342105716
v 0.06770011 0.00253412686 -0.2875905
v 0.0102460487 0.0603115037 -0.2866643
v 0.0102460487 0.06027657 -0.28651318
v -0.0472080335 0.002534137 -0.287590444
v 0.0102459872 -0.05564611 -0.3423029
v 0.0102460394 -0.05477385 -0.2866717
v 0.01024604 -0.0544157065 -0.285109878
v 0.0102461334 -0.032320857 -0.185773343
v 0.0102459937 -0.0556165725 -0.337645143
v -0.059004847 0.002534097 -0.3607726
v 0.0102459872 0.07603449 -0.357016742
v 0.0102459965 0.0605314 -0.342332035
v 0.07949679 0.002534086 -0.360772729
v 0.0731006563 0.002534096 -0.343232125
v 0.0102459965 0.0605314 -0.342332035
v -0.0526086837 0.00253410661 -0.343232036
v 0.0102459555 -0.05631179 -0.3784514
v 0.0102459714 -0.07373503 -0.359675884
v 0.0102459658 0.06137994 -0.378451467
v 0.0102459854 0.07880319 -0.359675884
v 0.0664307 0.00253405538 -0.4173484
v 0.0724596 0.00253407122 -0.379185021
v -0.04593884 0.0025340654 -0.4173484
v -0.0519676767 0.00253408682 -0.379184932
v 0.0102458708 0.0412125774 -0.481999576
v 0.0375131331 0.00253402023 -0.5097871
v 0.0102459295 0.0623938553 -0.4171464
v 0.0102459295 0.06250445 -0.4168143
v 0.0102459555 0.06172039 -0.389076769
v -0.0170214474 0.00253402768 -0.509787142
v 0.010245841 -0.0272081252 -0.507286131
v 0.0102459136 -0.051836133 -0.425642252
v 0.0102459192 -0.0546300448 -0.4168392
v 0.0102459555 -0.0563319 -0.379078746
v 0.010245841 -0.02745509 -0.5076182
v 0.05440037 0.00253399531 -0.536097467
v 0.0102458466 0.0329306237 -0.507231355
v -0.03390874 0.002534004 -0.536097348
v 0.0102458037 -0.05042795 -0.5485766
v -0.038735617 0.00253398716 -0.5664181
v -0.03943697 0.00253399555 -0.5512868
v 0.010245814 0.056757424 -0.548512161
v 0.0102458242 0.033045385 -0.5335414
v 0.0599285737 0.00253398623 -0.551286757
v 0.0592272133 0.00253397785 -0.566418231
v 0.0102458037 -0.05027413 -0.548188
v 0.0102458186 -0.02795249 -0.533543348
v 0.0102457982 0.0567781962 -0.563657641
v 0.01024579 0.0308066253 -0.5727801
v 0.0102457982 0.0530276932 -0.5649874
v 0.0102457842 -0.0259154476 -0.572804
v 0.0102457879 -0.05171026 -0.5636576
v 0.0102458037 -0.0504103079 -0.5489344
v 0.01024579 0.0308066253 -0.5727801
v 0.0563796125 0.00253398018 -0.5713231
v 0.010245732 -0.027040733 -0.62926507
v 0.0564476252 0.00253394269 -0.6298345
v 0.07807986 0.002533918 -0.6815323
v 0.0104534663 0.03210861 -0.62926507
v 0.010245759 0.03164558 -0.606031358
v -0.0358880349 0.00253398437 -0.571323
v -0.0359561555 0.002533952 -0.6298345
v -0.0575884767 0.002533934 -0.6815323
v 0.0100380052 0.03210861 -0.62926507
v 0.010245692 0.0618274622 -0.680590749
v 0.0102456352 0.0287749059 -0.7433239
v 0.0102457153 0.047648862 -0.6559519
v 0.0100462455 -0.05653064 -0.680588067
v 0.0102456277 -0.0260857828 -0.7456271
v -0.0282140635 0.00253388728 -0.746166945
v 0.0102456324 0.0280738883 -0.7456605
v 0.0487053245 0.00253387867 -0.746167064
v 0.0104451189 -0.0565306358 -0.680588067
v 0.06664341 0.00253423932 -0.08502839
v 0.0102462117 -0.0290872175 -0.09883196
v 0.01024622 -0.0510856621 -0.0842915252
v -0.0461509638 0.0025342498 -0.0850283355
v 0.0102462107 -0.0287729967 -0.0995836556
v 0.057118874 0.00253423629 -0.1001362
v 0.0102462163 0.0357987657 -0.0995491445
v 0.01024623 0.0567153953 -0.08428387
v -0.0366264433 0.00253424561 -0.100136183
v 0.01024624 0.039621532 -0.0731914043
v 0.0513954721 0.00253424631 -0.07377492
v 0.05140119 0.00253465329 0.7329396
v 0.0102469428 0.03962655 0.733954251
v -0.0309073068 0.002534657 0.732939661
v -0.0309029985 0.00253425515 -0.07377486
v 0.0102469372 -0.0345572531 0.733954251
v 0.0102462443 -0.034028586 -0.0622922257
v 0.0102462349 -0.0340285227 -0.07319962
v 0.0102462349 -0.03416888 -0.07331406
v 0.0815642 0.09422754 1.17358422
v 0.0818476751 -0.0023349023 1.1335876
v 0.08087993 0.134225011 1.27014387
v 0.120595671 -0.00233479938 1.27158856
v 0.0799120739 -0.00233467971 1.40670049
v 0.0801955462 0.09422769 1.366704
v 0.08019553 -0.09889709 1.36670411
v 0.0808799 -0.138894647 1.2701441
v 0.0815641955 -0.09889726 1.17358422
v -0.0610692836 0.09422755 1.17358422
v -0.0603848323 0.134225026 1.2701441
v -0.0613528341 -0.00233489019 1.1335876
v -0.100100607 -0.00233478076 1.27158868
v -0.0603848547 -0.138894647 1.27014422
v -0.0610693023 -0.09889726 1.17358434
v -0.059700314 -0.0988970846 1.36670411
v -0.05941677 -0.00233466784 1.40670061
v -0.0597003 0.0942277 1.36670411
v 0.01097064 -0.07069996 0.9008377
v 0.0102472873 -0.0387234129 0.9792653
v 0.06562551 0.002593022 0.9777909
v 0.09901432 0.00259304536 1.02492857
v 0.0102473265 -0.06279652 1.02990985
v 0.0596395731 -0.0118932333 1.11673
v 0.0587276667 0.00259310077 1.11638153
v 0.0596395731 0.0170794427 1.11673
v 0.08665135 0.00259297038 0.899791241
v 0.08322597 0.00259292871 0.8267602
v 0.010247156 -0.0624503 0.827301562
v 0.0109705646 -0.0820166543 0.810531735
v 0.08975219 0.00259291753 0.8097919
v 0.0109705124 -0.08265198 0.7500709
v 0.08954519 0.00259287818 0.749328136
v 0.0102471076 0.08783776 0.7500708
v 0.0102471579 0.08720251 0.8105317
v 0.0102471672 0.0676361546 0.827301443
v 0.01024723 0.07588592 0.9008376
v 0.0102472939 0.0439094678 0.979265153
v 0.0102473376 0.0679826438 1.02990985
v -0.062731646 0.002592941 0.826760352
v -0.0692579 0.00259293034 0.809792
v -0.069051 0.00259289681 0.749328256
v 0.009523671 -0.08265199 0.7500709
v 0.009523722 -0.0820166543 0.810531735
v 0.009523798 -0.07069996 0.9008377
v -0.0661569 0.00259298272 0.8997913
v -0.0451309346 0.00259303278 0.977790952
v -0.0785196647 0.002593059 1.02492869
v -0.03914476 -0.011893223 1.11673009
v -0.03823286 0.002593105 1.11638165
v -0.03914476 0.0170794521 1.11673009
v 0.0102469372 -0.0345572531 0.733954251
v -0.0309073068 0.002534657 0.732939661
v 0.0102469428 0.03962655 0.733954251
v 0.05140119 0.00253465329 0.7329396
v -0.009945823 0.00253386074 -0.81069684
v 0.0102455746 0.0203984082 -0.8103498
v 0.0102456333 0.02014671 -0.744624853
v 0.0304369647 0.002533854 -0.81069684
v 0.0307112578 0.00253389147 -0.742504
v 0.0102456287 -0.0150789293 -0.744624853
v 0.0102455709 -0.0155137349 -0.810346067
v -0.010219994 0.00253389333 -0.74250406
v -0.0368128829 -0.002334687 1.40654027
v -0.0597003 0.0942277 1.36670411
v -0.0370965078 0.0942277 1.36654377
v -0.0603848323 0.134225026 1.2701441
v -0.0377809443 0.134225026 1.26998389
v -0.0610692836 0.09422755 1.17358422
v -0.038465485 0.09422755 1.173424
v -0.0613528341 -0.00233489019 1.1335876
v -0.03874904 -0.00233490928 1.13342762
v -0.0610693023 -0.09889726 1.17358434
v -0.0384655073 -0.09889725 1.173424
v -0.0603848547 -0.138894647 1.27014422
v -0.03778097 -0.138894618 1.26998413
v -0.059700314 -0.0988970846 1.36670411
v -0.03709643 -0.0988971 1.36654389
v -0.05941677 -0.00233466784 1.40670061
v 0.05759175 0.09422769 1.36654377
v 0.0801955462 0.09422769 1.366704
v 0.05730818 -0.002334694 1.40654016
v 0.0799120739 -0.00233467971 1.40670049
v 0.0575916432 -0.0988971 1.36654389
v 0.08019553 -0.09889709 1.36670411
v 0.0582760163 -0.138894632 1.269984
v 0.0808799 -0.138894647 1.2701441
v 0.0589603931 -0.09889725 1.173424
v 0.0815641955 -0.09889726 1.17358422
v 0.0592438765 -0.00233491627 1.1334275
v 0.0818476751 -0.0023349023 1.1335876
v 0.0589604154 0.09422754 1.173424
v 0.0815642 0.09422754 1.17358422
v 0.05827604 0.134225011 1.26998365
v 0.08087993 0.134225011 1.27014387
v 0.0102456128 -0.0308230966 -0.761765957
v 0.04529525 0.00253387983 -0.7623364
v 0.0510121621 0.00253386982 -0.7798769
v 0.0102456193 0.036287453 -0.7617661
v 0.0102456054 0.049500607 -0.779139161
v -0.030520957 0.00253387354 -0.7798768
v -0.0248040147 0.002533883 -0.762336254
v 0.0102455989 -0.0430519655 -0.777481556
v 0.0102455793 -0.0314383022 -0.7979141
v -0.0242189579 0.00253386819 -0.798288643
v 0.0102455849 0.0369026363 -0.7979142
v 0.04471013 0.00253386027 -0.7982887
vt 0.210275248 1.19843769
vt 0.22748892 1.12131107
vt 0.231521562 1.30122828
vt 0.231521562 1.30122828
vt 0.22748892 1.12131107
vt 0.311309367 1.223006
vt 0.2812181 1.4197917
vt 0.231521562 1.30122828
vt 0.311309367 1.223006
vt 0.363081247 1.33884287
vt 0.2812181 1.4197917
vt 0.311309367 1.223006
vt 0.3582197 1.25120842
vt 0.43196106 1.23932028
vt 0.363081247 1.33884287
vt 0.363081247 1.33884287
vt 0.311309367 1.223006
vt 0.3582197 1.25120842
vt 0.367769718 1.20223236
vt 0.3582197 1.25120842
vt 0.311309367 1.223006
vt 0.3582197 1.25120842
vt 0.367769718 1.20223236
vt 0.3962408 1.20430183
vt 0.3962408 1.20430183
vt 0.43196106 1.23932028
vt 0.3582197 1.25120842
vt 0.291391641 1.09190083
vt 0.271367818 1.112232
vt 0.22748892 1.12131107
vt 0.2116632 1.061774
vt 0.291391641 1.09190083
vt 0.22748892 1.12131107
vt 0.9523458 1.5272758
vt 0.9295896 1.62090158
vt 0.8904507 1.59962583
vt 0.8615948 1.72187674
vt 0.816006541 1.73967123
vt 0.8321309 1.71350694
vt 0.8657219 1.6732657
vt 0.893341839 1.68725157
vt 0.8647903 1.71784627
vt 0.8904507 1.59962583
vt 0.9295896 1.62090158
vt 0.8959706 1.68258893
vt 0.9665529 1.43414688
vt 0.953311563 1.521843
vt 0.9043342 1.52152681
vt 0.946532 1.17511189
vt 0.9655891 1.26030529
vt 0.9173914 1.26411462
vt 0.8167197 1.23669457
vt 0.893379152 1.09563363
vt 0.9173914 1.26411462
vt 0.9173914 1.26411462
vt 0.785161257 1.28446007
vt 0.8167197 1.23669457
vt 0.785161257 1.28446007
vt 0.9173914 1.26411462
vt 0.925069 1.36291039
vt 0.925069 1.36291039
vt 0.6933181 1.33816314
vt 0.785161257 1.28446007
vt 0.6933181 1.33816314
vt 0.925069 1.36291039
vt 0.9157071 1.44502687
vt 0.9157071 1.44502687
vt 0.5976568 1.52140379
vt 0.6933181 1.33816314
vt 0.5976568 1.52140379
vt 0.9157071 1.44502687
vt 0.9043342 1.52152681
vt 0.9043342 1.52152681
vt 0.6629855 1.56402135
vt 0.5976568 1.52140379
vt 0.7565123 1.62291932
vt 0.8904507 1.59962583
vt 0.8657219 1.6732657
vt 0.8657219 1.6732657
vt 0.818566561 1.68157923
vt 0.7565123 1.62291932
vt 0.6629855 1.56402135
vt 0.9043342 1.52152681
vt 0.8904507 1.59962583
vt 0.8904507 1.59962583
vt 0.7565123 1.62291932
vt 0.6629855 1.56402135
vt 0.7971633 1.7016027
vt 0.8321309 1.71350694
vt 0.816006541 1.73967123
vt 0.7911509 1.69544983
vt 0.72099483 1.65006447
vt 0.7565123 1.62291932
vt 0.715286136 1.64667249
vt 0.637865543 1.601028
vt 0.6629855 1.56402135
vt 0.6629855 1.56402135
vt 0.637865543 1.601028
vt 0.576967061 1.56320834
vt 0.539128 1.53569579
vt 0.540332 1.48743343
vt 0.5976568 1.52140379
vt 0.5976568 1.52140379
vt 0.573224 1.56044531
vt 0.539128 1.53569579
vt 0.6445514 1.25923622
vt 0.6097158 1.3223182
vt 0.6005067 1.25543928
vt 0.6005067 1.25543928
vt 0.6191842 1.18201458
vt 0.6445514 1.25923622
vt 0.540332 1.48743343
vt 0.6097158 1.3223182
vt 0.6933181 1.33816314
vt 0.6933181 1.33816314
vt 0.5976568 1.52140379
vt 0.540332 1.48743343
vt 0.540332 1.48743343
vt 0.539128 1.53569579
vt 0.498952627 1.49816108
vt 0.394866943 1.36760724
vt 0.540332 1.48743343
vt 0.498952627 1.49816108
vt 0.3781601 1.416519
vt 0.394866943 1.36760724
vt 0.498952627 1.49816108
vt 0.6097158 1.3223182
vt 0.540332 1.48743343
vt 0.394866943 1.36760724
vt 0.6005067 1.25543928
vt 0.6097158 1.3223182
vt 0.394866943 1.36760724
vt 0.505148053 1.20845914
vt 0.6005067 1.25543928
vt 0.394866943 1.36760724
vt 0.6933181 1.33816314
vt 0.6097158 1.3223182
vt 0.6445514 1.25923622
vt 0.697646737 1.25816512
vt 0.748977661 1.248862
vt 0.785161257 1.28446007
vt 0.973989844 1.35229373
vt 0.967344046 1.42882514
vt 0.9157071 1.44502687
vt 0.919845045 1.03621614
vt 0.944862068 1.16339207
vt 0.893379152 1.09563363
vt 0.8167197 1.23669457
vt 0.7878285 1.21012
vt 0.791093946 1.20287824
vt 0.836040258 1.12188435
vt 0.8480603 1.09930837
vt 0.893379152 1.09563363
vt 0.836040258 1.12188435
vt 0.893379152 1.09563363
vt 0.796402454 1.19303536
vt 0.919845045 1.03621614
vt 0.893379152 1.09563363
vt 0.8480603 1.09930837
vt 0.966123164 1.267178
vt 0.9746411 1.34658134
vt 0.925069 1.36291039
vt 0.7512657 1.24556339
vt 0.7878285 1.21012
vt 0.8167197 1.23669457
vt 0.348496258 1.37364411
vt 0.321192443 1.41070712
vt 0.2812181 1.4197917
vt 0.2812181 1.4197917
vt 0.363081247 1.33884287
vt 0.348496258 1.37364411
vt 0.4812882 1.20810866
vt 0.43196106 1.23932028
vt 0.3962408 1.20430183
vt 0.3962408 1.20430183
vt 0.4475084 1.18956566
vt 0.4812882 1.20810866
vt 0.4475084 1.18956566
vt 0.4381163 1.14144564
vt 0.4812882 1.20810866
vt 0.505148053 1.20845914
vt 0.394866943 1.36760724
vt 0.4812882 1.20810866
vt 0.4888705 1.16053057
vt 0.505148053 1.20845914
vt 0.4812882 1.20810866
vt 0.4381163 1.14144564
vt 0.4888705 1.16053057
vt 0.4812882 1.20810866
vt 0.394866943 1.36760724
vt 0.363081247 1.33884287
vt 0.43196106 1.23932028
vt 0.43196106 1.23932028
vt 0.4812882 1.20810866
vt 0.394866943 1.36760724
vt 0.321192443 1.41070712
vt 0.348496258 1.37364411
vt 0.3781601 1.416519
vt 0.3781601 1.416519
vt 0.33027634 1.44238591
vt 0.321192443 1.41070712
vt 0.4888705 1.16053057
vt 0.5549754 1.14896441
vt 0.505148053 1.20845914
vt 0.3781601 1.416519
vt 0.3807329 1.49739861
vt 0.334567815 1.482779
vt 0.334567815 1.482779
vt 0.33027634 1.44238591
vt 0.3781601 1.416519
vt 0.271616518 1.58449817
vt 0.291710168 1.53183961
vt 0.3575549 1.59944057
vt 0.216369584 1.53361249
vt 0.291710168 1.53183961
vt 0.271616518 1.58449817
vt 0.3194706 1.77812076
vt 0.26049757 1.756322
vt 0.2686276 1.68441486
vt 0.2686276 1.68441486
vt 0.32187292 1.68506312
vt 0.3194706 1.77812076
vt 0.26049757 1.756322
vt 0.204347238 1.66954494
vt 0.2686276 1.68441486
vt 0.3575549 1.59944057
vt 0.291710168 1.53183961
vt 0.334567815 1.482779
vt 0.334567815 1.482779
vt 0.3807329 1.49739861
vt 0.3575549 1.59944057
vt 0.32187292 1.68506312
vt 0.3450126 1.776856
vt 0.3523716 1.79397881
vt 0.3523716 1.79397881
vt 0.3194706 1.77812076
vt 0.32187292 1.68506312
vt 0.3575549 1.59944057
vt 0.439065278 1.53544521
vt 0.462785661 1.58042908
vt 0.462785661 1.58042908
vt 0.4177492 1.61851239
vt 0.3575549 1.59944057
vt 0.3575549 1.59944057
vt 0.3807329 1.49739861
vt 0.439065278 1.53544521
vt 0.3781601 1.416519
vt 0.498952627 1.49816108
vt 0.439065278 1.53544521
vt 0.439065278 1.53544521
vt 0.3807329 1.49739861
vt 0.3781601 1.416519
vt 0.3194706 1.77812076
vt 0.273912668 1.91856778
vt 0.26049757 1.756322
vt 0.3523716 1.79397881
vt 0.273912668 1.91856778
vt 0.3194706 1.77812076
vt 0.271616518 1.58449817
vt 0.2686276 1.68441486
vt 0.204347238 1.66954494
vt 0.204347238 1.66954494
vt 0.216369584 1.53361249
vt 0.271616518 1.58449817
vt 0.32187292 1.68506312
vt 0.2686276 1.68441486
vt 0.271616518 1.58449817
vt 0.271616518 1.58449817
vt 0.3575549 1.59944057
vt 0.32187292 1.68506312
vt 0.32187292 1.68506312
vt 0.367392957 1.68543053
vt 0.3450126 1.776856
vt 0.32187292 1.68506312
vt 0.3575549 1.59944057
vt 0.4177492 1.61851239
vt 0.4177492 1.61851239
vt 0.367392957 1.68543053
vt 0.32187292 1.68506312
vt 0.498952627 1.49816108
vt 0.511696339 1.54333878
vt 0.5110209 1.57140148
vt 0.5110209 1.57140148
vt 0.439065278 1.53544521
vt 0.498952627 1.49816108
vt 0.539128 1.53569579
vt 0.511696339 1.54333878
vt 0.498952627 1.49816108
vt 0.439065278 1.53544521
vt 0.5110209 1.57140148
vt 0.462785661 1.58042908
vt 0.363081247 1.33884287
vt 0.394866943 1.36760724
vt 0.3781601 1.416519
vt 0.3781601 1.416519
vt 0.348496258 1.37364411
vt 0.363081247 1.33884287
vt 0.6005067 1.25543928
vt 0.505148053 1.20845914
vt 0.5549754 1.14896441
vt 0.5549754 1.14896441
vt 0.6191842 1.18201458
vt 0.6005067 1.25543928
vt 0.8657219 1.6732657
vt 0.8321309 1.71350694
vt 0.818566561 1.68157923
vt 0.210275248 1.19843769
vt 0.2116632 1.061774
vt 0.22748892 1.12131107
vt 0.311309367 1.223006
vt 0.3411343 1.18398333
vt 0.367762327 1.20222712
vt 0.3396193 1.18275571
vt 0.3411343 1.18398333
vt 0.22748892 1.12131107
vt 0.3411343 1.18398333
vt 0.311309367 1.223006
vt 0.22748892 1.12131107
vt 0.3396193 1.18275571
vt 0.2912491 1.13465667
vt 0.299391985 1.14262855
vt 0.22748892 1.12131107
vt 0.2912491 1.13465667
vt 0.3396193 1.18275571
vt 0.271367818 1.112232
vt 0.288583577 1.13149941
vt 0.22748892 1.12131107
vt 0.288583577 1.13149941
vt 0.2912491 1.13465667
vt 0.22748892 1.12131107
vt 0.9523458 1.5272758
vt 0.9043342 1.52152681
vt 0.953311563 1.521843
vt 0.8904507 1.59962583
vt 0.9043342 1.52152681
vt 0.9523458 1.5272758
vt 0.8615948 1.72187674
vt 0.8657219 1.6732657
vt 0.8647903 1.71784627
vt 0.8321309 1.71350694
vt 0.8657219 1.6732657
vt 0.8615948 1.72187674
vt 0.8959706 1.68258893
vt 0.893341839 1.68725157
vt 0.8904507 1.59962583
vt 0.893341839 1.68725157
vt 0.8657219 1.6732657
vt 0.8904507 1.59962583
vt 0.9665529 1.43414688
vt 0.9157071 1.44502687
vt 0.967344046 1.42882514
vt 0.9043342 1.52152681
vt 0.9157071 1.44502687
vt 0.9665529 1.43414688
vt 0.946532 1.17511189
vt 0.893379152 1.09563363
vt 0.944862068 1.16339207
vt 0.9173914 1.26411462
vt 0.893379152 1.09563363
vt 0.946532 1.17511189
vt 0.7911509 1.69544983
vt 0.818566561 1.68157923
vt 0.795593441 1.6987803
vt 0.7565123 1.62291932
vt 0.818566561 1.68157923
vt 0.7911509 1.69544983
vt 0.715286136 1.64667249
vt 0.7565123 1.62291932
vt 0.72099483 1.65006447
vt 0.6629855 1.56402135
vt 0.7565123 1.62291932
vt 0.715286136 1.64667249
vt 0.576967061 1.56320834
vt 0.573224 1.56044531
vt 0.6629855 1.56402135
vt 0.573224 1.56044531
vt 0.5976568 1.52140379
vt 0.6629855 1.56402135
vt 0.6445514 1.25923622
vt 0.691348433 1.26236
vt 0.6933181 1.33816314
vt 0.697646737 1.25816512
vt 0.6933181 1.33816314
vt 0.691348433 1.26236
vt 0.785161257 1.28446007
vt 0.6933181 1.33816314
vt 0.697646737 1.25816512
vt 0.973989844 1.35229373
vt 0.925069 1.36291039
vt 0.9746411 1.34658134
vt 0.9157071 1.44502687
vt 0.925069 1.36291039
vt 0.973989844 1.35229373
vt 0.796402454 1.19303536
vt 0.8167197 1.23669457
vt 0.791093946 1.20287824
vt 0.893379152 1.09563363
vt 0.8167197 1.23669457
vt 0.796402454 1.19303536
vt 0.966123164 1.267178
vt 0.9173914 1.26411462
vt 0.9655891 1.26030529
vt 0.925069 1.36291039
vt 0.9173914 1.26411462
vt 0.966123164 1.267178
vt 0.7512657 1.24556339
vt 0.785161257 1.28446007
vt 0.748977661 1.248862
vt 0.8167197 1.23669457
vt 0.785161257 1.28446007
vt 0.7512657 1.24556339
vt 0.795593441 1.6987803
vt 0.8321309 1.71350694
vt 0.7971633 1.7016027
vt 0.818566561 1.68157923
vt 0.8321309 1.71350694
vt 0.795593441 1.6987803
vt 0.210275248 1.19843769
vt 0.231521562 1.30122828
vt 0.22748892 1.12131107
vt 0.231521562 1.30122828
vt 0.311309367 1.223006
vt 0.22748892 1.12131107
vt 0.2812181 1.4197917
vt 0.311309367 1.223006
vt 0.231521562 1.30122828
vt 0.363081247 1.33884287
vt 0.311309367 1.223006
vt 0.2812181 1.4197917
vt 0.3582197 1.25120842
vt 0.363081247 1.33884287
vt 0.43196106 1.23932028
vt 0.363081247 1.33884287
vt 0.3582197 1.25120842
vt 0.311309367 1.223006
vt 0.367769718 1.20223236
vt 0.311309367 1.223006
vt 0.3582197 1.25120842
vt 0.3582197 1.25120842
vt 0.3962408 1.20430183
vt 0.367769718 1.20223236
vt 0.3962408 1.20430183
vt 0.3582197 1.25120842
vt 0.43196106 1.23932028
vt 0.291391641 1.09190083
vt 0.22748892 1.12131107
vt 0.271367818 1.112232
vt 0.2116632 1.061774
vt 0.22748892 1.12131107
vt 0.291391641 1.09190083
vt 0.9523458 1.5272758
vt 0.8904507 1.59962583
vt 0.9295896 1.62090158
vt 0.8615948 1.72187674
vt 0.8321309 1.71350694
vt 0.816006541 1.73967123
vt 0.8657219 1.6732657
vt 0.8647903 1.71784627
vt 0.893341839 1.68725157
vt 0.8904507 1.59962583
vt 0.8959706 1.68258893
vt 0.9295896 1.62090158
vt 0.9665529 1.43414688
vt 0.9043342 1.52152681
vt 0.953311563 1.521843
vt 0.946532 1.17511189
vt 0.9173914 1.26411462
vt 0.9655891 1.26030529
vt 0.8167197 1.23669457
vt 0.9173914 1.26411462
vt 0.893379152 1.09563363
vt 0.9173914 1.26411462
vt 0.8167197 1.23669457
vt 0.785161257 1.28446007
vt 0.785161257 1.28446007
vt 0.925069 1.36291039
vt 0.9173914 1.26411462
vt 0.925069 1.36291039
vt 0.785161257 1.28446007
vt 0.6933181 1.33816314
vt 0.6933181 1.33816314
vt 0.9157071 1.44502687
vt 0.925069 1.36291039
vt 0.9157071 1.44502687
vt 0.6933181 1.33816314
vt 0.5976568 1.52140379
vt 0.5976568 1.52140379
vt 0.9043342 1.52152681
vt 0.9157071 1.44502687
vt 0.9043342 1.52152681
vt 0.5976568 1.52140379
vt 0.6629855 1.56402135
vt 0.7565123 1.62291932
vt 0.8657219 1.6732657
vt 0.8904507 1.59962583
vt 0.8657219 1.6732657
vt 0.7565123 1.62291932
vt 0.818566561 1.68157923
vt 0.6629855 1.56402135
vt 0.8904507 1.59962583
vt 0.9043342 1.52152681
vt 0.8904507 1.59962583
vt 0.6629855 1.56402135
vt 0.7565123 1.62291932
vt 0.7971633 1.7016027
vt 0.816006541 1.73967123
vt 0.8321309 1.71350694
vt 0.7911509 1.69544983
vt 0.7565123 1.62291932
vt 0.72099483 1.65006447
vt 0.715286136 1.64667249
vt 0.6629855 1.56402135
vt 0.637865543 1.601028
vt 0.6629855 1.56402135
vt 0.576967061 1.56320834
vt 0.637865543 1.601028
vt 0.539128 1.53569579
vt 0.5976568 1.52140379
vt 0.540332 1.48743343
vt 0.5976568 1.52140379
vt 0.539128 1.53569579
vt 0.573224 1.56044531
vt 0.6445514 1.25923622
vt 0.6005067 1.25543928
vt 0.6097158 1.3223182
vt 0.6005067 1.25543928
vt 0.6445514 1.25923622
vt 0.6191842 1.18201458
vt 0.540332 1.48743343
vt 0.6933181 1.33816314
vt 0.6097158 1.3223182
vt 0.6933181 1.33816314
vt 0.540332 1.48743343
vt 0.5976568 1.52140379
vt 0.540332 1.48743343
vt 0.498952627 1.49816108
vt 0.539128 1.53569579
vt 0.394866943 1.36760724
vt 0.498952627 1.49816108
vt 0.540332 1.48743343
vt 0.3781601 1.416519
vt 0.498952627 1.49816108
vt 0.394866943 1.36760724
vt 0.6097158 1.3223182
vt 0.394866943 1.36760724
vt 0.540332 1.48743343
vt 0.6005067 1.25543928
vt 0.394866943 1.36760724
vt 0.6097158 1.3223182
vt 0.505148053 1.20845914
vt 0.394866943 1.36760724
vt 0.6005067 1.25543928
vt 0.6933181 1.33816314
vt 0.6445514 1.25923622
vt 0.6097158 1.3223182
vt 0.697646737 1.25816512
vt 0.785161257 1.28446007
vt 0.748977661 1.248862
vt 0.973989844 1.35229373
vt 0.9157071 1.44502687
vt 0.967344046 1.42882514
vt 0.919845045 1.03621614
vt 0.893379152 1.09563363
vt 0.944862068 1.16339207
vt 0.8167197 1.23669457
vt 0.791093946 1.20287824
vt 0.7878285 1.21012
vt 0.836040258 1.12188435
vt 0.893379152 1.09563363
vt 0.8480603 1.09930837
vt 0.836040258 1.12188435
vt 0.796402454 1.19303536
vt 0.893379152 1.09563363
vt 0.919845045 1.03621614
vt 0.8480603 1.09930837
vt 0.893379152 1.09563363
vt 0.966123164 1.267178
vt 0.925069 1.36291039
vt 0.9746411 1.34658134
vt 0.7512657 1.24556339
vt 0.8167197 1.23669457
vt 0.7878285 1.21012
vt 0.348496258 1.37364411
vt 0.2812181 1.4197917
vt 0.321192443 1.41070712
vt 0.2812181 1.4197917
vt 0.348496258 1.37364411
vt 0.363081247 1.33884287
vt 0.4812882 1.20810866
vt 0.3962408 1.20430183
vt 0.43196106 1.23932028
vt 0.3962408 1.20430183
vt 0.4812882 1.20810866
vt 0.4475084 1.18956566
vt 0.4475084 1.18956566
vt 0.4812882 1.20810866
vt 0.4381163 1.14144564
vt 0.505148053 1.20845914
vt 0.4812882 1.20810866
vt 0.394866943 1.36760724
vt 0.4888705 1.16053057
vt 0.4812882 1.20810866
vt 0.505148053 1.20845914
vt 0.4381163 1.14144564
vt 0.4812882 1.20810866
vt 0.4888705 1.16053057
vt 0.394866943 1.36760724
vt 0.43196106 1.23932028
vt 0.363081247 1.33884287
vt 0.43196106 1.23932028
vt 0.394866943 1.36760724
vt 0.4812882 1.20810866
vt 0.321192443 1.41070712
vt 0.3781601 1.416519
vt 0.348496258 1.37364411
vt 0.3781601 1.416519
vt 0.321192443 1.41070712
vt 0.33027634 1.44238591
vt 0.4888705 1.16053057
vt 0.505148053 1.20845914
vt 0.5549754 1.14896441
vt 0.3781601 1.416519
vt 0.334567815 1.482779
vt 0.3807329 1.49739861
vt 0.334567815 1.482779
vt 0.3781601 1.416519
vt 0.33027634 1.44238591
vt 0.271616518 1.58449817
vt 0.3575549 1.59944057
vt 0.291710168 1.53183961
vt 0.216369584 1.53361249
vt 0.271616518 1.58449817
vt 0.291710168 1.53183961
vt 0.3194706 1.77812076
vt 0.2686276 1.68441486
vt 0.26049757 1.756322
vt 0.2686276 1.68441486
vt 0.3194706 1.77812076
vt 0.32187292 1.68506312
vt 0.26049757 1.756322
vt 0.2686276 1.68441486
vt 0.204347238 1.66954494
vt 0.3575549 1.59944057
vt 0.334567815 1.482779
vt 0.291710168 1.53183961
vt 0.334567815 1.482779
vt 0.3575549 1.59944057
vt 0.3807329 1.49739861
vt 0.32187292 1.68506312
vt 0.3523716 1.79397881
vt 0.3450126 1.776856
vt 0.3523716 1.79397881
vt 0.32187292 1.68506312
vt 0.3194706 1.77812076
vt 0.3575549 1.59944057
vt 0.462785661 1.58042908
vt 0.439065278 1.53544521
vt 0.462785661 1.58042908
vt 0.3575549 1.59944057
vt 0.4177492 1.61851239
vt 0.3575549 1.59944057
vt 0.439065278 1.53544521
vt 0.3807329 1.49739861
vt 0.3781601 1.416519
vt 0.439065278 1.53544521
vt 0.498952627 1.49816108
vt 0.439065278 1.53544521
vt 0.3781601 1.416519
vt 0.3807329 1.49739861
vt 0.3194706 1.77812076
vt 0.26049757 1.756322
vt 0.273912668 1.91856778
vt 0.3523716 1.79397881
vt 0.3194706 1.77812076
vt 0.273912668 1.91856778
vt 0.271616518 1.58449817
vt 0.204347238 1.66954494
vt 0.2686276 1.68441486
vt 0.204347238 1.66954494
vt 0.271616518 1.58449817
vt 0.216369584 1.53361249
vt 0.32187292 1.68506312
vt 0.271616518 1.58449817
vt 0.2686276 1.68441486
vt 0.271616518 1.58449817
vt 0.32187292 1.68506312
vt 0.3575549 1.59944057
vt 0.32187292 1.68506312
vt 0.3450126 1.776856
vt 0.367392957 1.68543053
vt 0.32187292 1.68506312
vt 0.4177492 1.61851239
vt 0.3575549 1.59944057
vt 0.4177492 1.61851239
vt 0.32187292 1.68506312
vt 0.367392957 1.68543053
vt 0.498952627 1.49816108
vt 0.5110209 1.57140148
vt 0.511696339 1.54333878
vt 0.5110209 1.57140148
vt 0.498952627 1.49816108
vt 0.439065278 1.53544521
vt 0.539128 1.53569579
vt 0.498952627 1.49816108
vt 0.511696339 1.54333878
vt 0.439065278 1.53544521
vt 0.462785661 1.58042908
vt 0.5110209 1.57140148
vt 0.363081247 1.33884287
vt 0.3781601 1.416519
vt 0.394866943 1.36760724
vt 0.3781601 1.416519
vt 0.363081247 1.33884287
vt 0.348496258 1.37364411
vt 0.6005067 1.25543928
vt 0.5549754 1.14896441
vt 0.505148053 1.20845914
vt 0.5549754 1.14896441
vt 0.6005067 1.25543928
vt 0.6191842 1.18201458
vt 0.8657219 1.6732657
vt 0.818566561 1.68157923
vt 0.8321309 1.71350694
vt 0.210275248 1.19843769
vt 0.22748892 1.12131107
vt 0.2116632 1.061774
vt 0.311309367 1.223006
vt 0.367762327 1.20222712
vt 0.3411343 1.18398333
vt 0.3396193 1.18275571
vt 0.22748892 1.12131107
vt 0.3411343 1.18398333
vt 0.3411343 1.18398333
vt 0.22748892 1.12131107
vt 0.311309367 1.223006
vt 0.3396193 1.18275571
vt 0.299391985 1.14262855
vt 0.2912491 1.13465667
vt 0.22748892 1.12131107
vt 0.3396193 1.18275571
vt 0.2912491 1.13465667
vt 0.271367818 1.112232
vt 0.22748892 1.12131107
vt 0.288583577 1.13149941
vt 0.288583577 1.13149941
vt 0.22748892 1.12131107
vt 0.2912491 1.13465667
vt 0.9523458 1.5272758
vt 0.953311563 1.521843
vt 0.9043342 1.52152681
vt 0.8904507 1.59962583
vt 0.9523458 1.5272758
vt 0.9043342 1.52152681
vt 0.8615948 1.72187674
vt 0.8647903 1.71784627
vt 0.8657219 1.6732657
vt 0.8321309 1.71350694
vt 0.8615948 1.72187674
vt 0.8657219 1.6732657
vt 0.8959706 1.68258893
vt 0.8904507 1.59962583
vt 0.893341839 1.68725157
vt 0.893341839 1.68725157
vt 0.8904507 1.59962583
vt 0.8657219 1.6732657
vt 0.9665529 1.43414688
vt 0.967344046 1.42882514
vt 0.9157071 1.44502687
vt 0.9043342 1.52152681
vt 0.9665529 1.43414688
vt 0.9157071 1.44502687
vt 0.946532 1.17511189
vt 0.944862068 1.16339207
vt 0.893379152 1.09563363
vt 0.9173914 1.26411462
vt 0.946532 1.17511189
vt 0.893379152 1.09563363
vt 0.7911509 1.69544983
vt 0.795593441 1.6987803
vt 0.818566561 1.68157923
vt 0.7565123 1.62291932
vt 0.7911509 1.69544983
vt 0.818566561 1.68157923
vt 0.715286136 1.64667249
vt 0.72099483 1.65006447
vt 0.7565123 1.62291932
vt 0.6629855 1.56402135
vt 0.715286136 1.64667249
vt 0.7565123 1.62291932
vt 0.576967061 1.56320834
vt 0.6629855 1.56402135
vt 0.573224 1.56044531
vt 0.573224 1.56044531
vt 0.6629855 1.56402135
vt 0.5976568 1.52140379
vt 0.6445514 1.25923622
vt 0.6933181 1.33816314
vt 0.691348433 1.26236
vt 0.697646737 1.25816512
vt 0.691348433 1.26236
vt 0.6933181 1.33816314
vt 0.785161257 1.28446007
vt 0.697646737 1.25816512
vt 0.6933181 1.33816314
vt 0.973989844 1.35229373
vt 0.9746411 1.34658134
vt 0.925069 1.36291039
vt 0.9157071 1.44502687
vt 0.973989844 1.35229373
vt 0.925069 1.36291039
vt 0.796402454 1.19303536
vt 0.791093946 1.20287824
vt 0.8167197 1.23669457
vt 0.893379152 1.09563363
vt 0.796402454 1.19303536
vt 0.8167197 1.23669457
vt 0.966123164 1.267178
vt 0.9655891 1.26030529
vt 0.9173914 1.26411462
vt 0.925069 1.36291039
vt 0.966123164 1.267178
vt 0.9173914 1.26411462
vt 0.7512657 1.24556339
vt 0.748977661 1.248862
vt 0.785161257 1.28446007
vt 0.8167197 1.23669457
vt 0.7512657 1.24556339
vt 0.785161257 1.28446007
vt 0.795593441 1.6987803
vt 0.7971633 1.7016027
vt 0.8321309 1.71350694
vt 0.818566561 1.68157923
vt 0.795593441 1.6987803
vt 0.8321309 1.71350694
vt 0.3161724 1.94048882
vt 0.32077834 1.9419539
vt 0.359594584 1.95398
vt 0.318716884 1.87408781
vt 0.3163434 1.93602586
vt 0.35425812 1.87993312
vt 0.3179946 1.93759143
vt 0.35959658 1.95400786
vt 0.35425812 1.87993312
vt 0.318716884 1.87408781
vt 0.387564331 1.94691038
vt 0.407509238 1.93097806
vt 0.406530142 1.88556433
vt 0.3876798 1.94684243
vt 0.38325122 1.88417614
vt 0.387615055 1.9469173
vt 0.387487531 1.94675589
vt 0.38325122 1.88417614
vt 0.406530142 1.88556433
vt 0.387604952 1.9467721
vt 0.3877546 1.94659925
vt 0.556605637 1.9687742
vt 0.5114021 1.88786435
vt 0.500709236 1.95989609
vt 0.5005618 1.95984912
vt 0.5114021 1.88786435
vt 0.556769133 1.96906686
vt 0.500796139 1.95931089
vt 0.499271 1.9588294
vt 0.407509238 1.93097806
vt 0.552075446 1.9683044
vt 0.582817 1.89009476
vt 0.57820034 1.98408222
vt 0.5568471 1.96883059
vt 0.582817 1.89009476
vt 0.5658451 1.89013028
vt 0.556799 1.96880674
vt 0.5658451 1.89013028
vt 0.608278 1.96906364
vt 0.58207345 1.98679566
vt 0.608278 1.96906364
vt 0.58207345 1.98679566
vt 0.638862848 1.89310932
vt 0.600203454 1.89053166
vt 0.638862848 1.89310932
vt 0.600203454 1.89053166
vt 0.70994395 1.938987
vt 0.7348099 1.89248371
vt 0.648820162 1.96144319
vt 0.6484942 1.96157157
vt 0.619421542 1.96702158
vt 0.7348099 1.89248371
vt 0.733746231 1.929387
vt 0.6567061 1.95511889
vt 0.6480435 1.958368
vt 0.608936 1.96894312
vt 0.7342394 1.92968762
vt 0.77225244 1.892056
vt 0.7337228 1.930199
vt 0.77225244 1.892056
vt 0.78413564 1.95364928
vt 0.8091376 1.89102864
vt 0.7890741 1.89203954
vt 0.784018 1.95511675
vt 0.7559067 1.93855357
vt 0.7890741 1.89203954
vt 0.8091376 1.89102864
vt 0.7837109 1.95347071
vt 0.755920053 1.93851566
vt 0.7986004 1.95495415
vt 0.8142034 1.96204317
vt 0.800873458 1.95604742
vt 0.814234138 1.96247387
vt 0.7986004 1.95495415
vt 0.784610569 1.95360494
vt 0.814258754 1.96200323
vt 0.8180828 1.8889178
vt 0.8674052 1.96985459
vt 0.871600866 1.8939352
vt 0.919388831 1.89681447
vt 0.8674052 1.96985459
vt 0.845525265 1.96681738
vt 0.8180828 1.8889178
vt 0.871600866 1.8939352
vt 0.919388831 1.89681447
vt 0.8674052 1.96985459
vt 0.922022164 1.97448969
vt 0.9742189 1.97315168
vt 0.8958086 1.972379
vt 0.9220296 1.97470927
vt 0.976262748 1.97599721
vt 0.9796534 1.90621054
vt 0.9764719 1.97169209
vt 0.9796534 1.90621054
vt 0.9220296 1.97470927
vt 0.0474699736 1.10748863
vt 0.1371536 1.04826117
vt 0.139119223 1.09464324
vt 0.0474699736 1.10748863
vt 0.136095524 1.04607773
vt 0.0446338654 1.06037831
vt 0.141813636 1.04518366
vt 0.140078545 1.09450877
vt 0.0446338654 1.06037831
vt 0.125124931 1.1755513
vt 0.05810535 1.163953
vt 0.0446338654 1.67117453
vt 0.110016108 1.66029942
vt 0.0446338654 1.67117453
vt 0.05810535 1.163953
vt 0.110016108 1.66029942
vt 0.123986669 1.18256009
vt 0.124177061 1.17538726
vt 0.124320507 1.17484617
vt 0.6644941 1.75218689
vt 0.612326264 1.828254
vt 0.6399849 1.65453053
vt 0.538157642 1.72639751
vt 0.4657958 1.6263535
vt 0.564036369 1.60150528
vt 0.413357764 1.70282912
vt 0.4382476 1.80095744
vt 0.5145071 1.85332429
vt 0.6644941 1.75218689
vt 0.6399849 1.65453053
vt 0.612326264 1.828254
vt 0.538157642 1.72639751
vt 0.4382476 1.80095744
vt 0.5145071 1.85332429
vt 0.413357764 1.70282912
vt 0.4657958 1.6263535
vt 0.564036369 1.60150528
vt 0.0817215443 1.81399977
vt 0.0641291142 1.85293579
vt 0.0233631134 1.84752834
vt 0.0205271244 1.8804388
vt 0.07530475 1.88265991
vt 0.0378571749 1.93398821
vt 0.0233631134 1.93358064
vt 0.0378571749 1.93398821
vt 0.0297443867 1.80371642
vt 0.03399849 1.76066053
vt 0.08421254 1.77626014
vt 0.09666848 1.74039483
vt 0.03399849 1.72766078
vt 0.101104259 1.70885623
vt 0.0375435352 1.71052563
vt 0.101104259 1.70885623
vt 0.09666848 1.74039483
vt 0.08421254 1.77626014
vt 0.0817215443 1.81399977
vt 0.06514835 1.85475564
vt 0.07530475 1.88265991
vt 0.03399849 1.76066053
vt 0.03399849 1.72766078
vt 0.0375435352 1.71052563
vt 0.101104259 1.70885623
vt 0.09666848 1.74039483
vt 0.0817215443 1.81399977
vt 0.0297443867 1.80371642
vt 0.0233631134 1.84752834
vt 0.0205271244 1.8804388
vt 0.0378571749 1.93398821
vt 0.0233631134 1.93358064
vt 0.0378571749 1.93398821
vt 0.110016108 1.66029942
vt 0.0446338654 1.67117453
vt 0.110016108 1.66029942
vt 0.0446338654 1.67117453
vt 0.562734663 1.03571332
vt 0.5405704 1.0359447
vt 0.5403591 1.09530687
vt 0.562734663 1.03571332
vt 0.562701 1.09730387
vt 0.585047 1.09533191
vt 0.5851105 1.0359664
vt 0.562701 1.09730387
vt 0.454176128 1.60879207
vt 0.564036369 1.60150528
vt 0.572332144 1.5895139
vt 0.6399849 1.65453053
vt 0.653554738 1.64413571
vt 0.6644941 1.75218689
vt 0.6894292 1.76542282
vt 0.612326264 1.828254
vt 0.6206011 1.845695
vt 0.5145071 1.85332429
vt 0.5033134 1.870282
vt 0.4382476 1.80095744
vt 0.416515946 1.81980824
vt 0.413357764 1.70282912
vt 0.390753418 1.69952345
vt 0.4657958 1.6263535
vt 0.572332144 1.5895139
vt 0.564036369 1.60150528
vt 0.454176128 1.60879207
vt 0.4657958 1.6263535
vt 0.390753418 1.69952345
vt 0.413357764 1.70282912
vt 0.416515946 1.81980824
vt 0.4382476 1.80095744
vt 0.5033134 1.870282
vt 0.5145071 1.85332429
vt 0.6206011 1.845695
vt 0.612326264 1.828254
vt 0.6894292 1.76542282
vt 0.6644941 1.75218689
vt 0.653554738 1.64413571
vt 0.6399849 1.65453053
vt 0.762480855 1.08625317
vt 0.717331648 1.09154069
vt 0.7142942 1.07768273
vt 0.668221951 1.1125741
vt 0.6542758 1.09170246
vt 0.7142942 1.07768273
vt 0.717331648 1.09154069
vt 0.7710576 1.06535625
vt 0.7537137 1.04763925
vt 0.711109042 1.06284833
vt 0.6577425 1.06774783
vt 0.711109042 1.06284833
vn 0.8673882 0.264614135 0.4214464
vn 0.8673882 0.264614165 0.4214464
vn 0.8673882 0.264614165 0.421446443
vn 0.9439947 0.149825066 0.293983728
vn 0.9439947 0.149825066 0.293983728
vn 0.9439947 0.149825081 0.293983728
vn 0.954324245 0.0730741546 0.289698869
vn 0.954324245 0.0730741546 0.289698869
vn 0.954324245 0.0730741546 0.289698869
vn 0.939436436 0.114468582 0.323042065
vn 0.939436436 0.114468582 0.323042065
vn 0.939436436 0.114468582 0.323042065
vn 1 -7.298938E-08 -8.07634E-07
vn 1 -7.298938E-08 -8.07634E-07
vn 1 -7.298938E-08 -8.07634E-07
vn 1 -1.22534729E-07 -8.598969E-07
vn 1 -1.22534729E-07 -8.59896943E-07
vn 1 -1.22534729E-07 -8.59896943E-07
vn 0.75750035 0.20034264 -0.621334136
vn 0.7575003 0.200342655 -0.621334136
vn 0.7575003 0.20034264 -0.6213342
vn 0.768150568 0.4308891 -0.473581374
vn 0.768150568 0.4308891 -0.473581374
vn 0.768150568 0.4308891 -0.473581374
vn 0.7046725 0.552799 -0.4448032
vn 0.7046725 0.552799 -0.4448032
vn 0.7046725 0.552799 -0.4448032
vn 0.7498468 -0.636974454 0.178866789
vn 0.7498469 -0.6369744 0.178866774
vn 0.7498469 -0.6369744 0.178866774
vn 0.95138 0.07791904 -0.29800114
vn 0.95138 0.07791904 -0.2980011
vn 0.95138 0.0779190361 -0.29800114
vn 0.665171564 -0.6919489 0.280630529
vn 0.665171564 -0.6919489 0.280630559
vn 0.665171564 -0.6919489 0.280630559
vn 0.4134904 0.30873847 0.856566548
vn 0.4134904 0.30873847 0.856566548
vn 0.4134904 0.3087385 0.856566548
vn 0.7610871 -0.150008172 0.631065667
vn 0.7610871 -0.150008172 0.631065667
vn 0.7610871 -0.150008172 0.631065667
vn 0.6898351 -0.499172121 0.5243613
vn 0.6898351 -0.499172121 0.5243613
vn 0.6898351 -0.499172121 0.5243613
vn 0.6853716 -0.7263645 0.05157994
vn 0.6853716 -0.7263645 0.0515799373
vn 0.6853716 -0.7263645 0.05157994
vn 0.698292136 -0.412429124 -0.5850558
vn 0.6982922 -0.412429124 -0.585055768
vn 0.698292136 -0.412429124 -0.5850558
vn 0.9999868 0.002850477 0.00426623831
vn 0.9999868 0.002850477 0.00426623831
vn 0.9999868 0.002850477 0.00426623831
vn 0.9998174 0.009128711 -0.01678841
vn 0.9998174 0.00912871 -0.0167884082
vn 0.9998174 0.00912871 -0.01678841
vn 0.999994 -0.00286041829 -0.00195483747
vn 0.999994 -0.00286041829 -0.00195483747
vn 0.999994 -0.00286041829 -0.00195483747
vn 0.999118447 0.0022800602 0.041917555
vn 0.999118447 0.0022800602 0.04191756
vn 0.999118447 0.00228006 0.04191756
vn 0.9999413 0.0106330067 0.00208577816
vn 0.9999413 0.0106330076 0.0020857784
vn 0.9999413 0.0106330067 0.0020857784
vn 0.9994396 0.00219623023 -0.0334010832
vn 0.9994396 0.00219623046 -0.0334010832
vn 0.9994396 0.00219623069 -0.0334010832
vn 0.9999569 -0.009270297 0.00052270625
vn 0.9999569 -0.009270297 0.00052270625
vn 0.9999569 -0.009270297 0.00052270625
vn 0.990986168 -0.0154784778 -0.133067265
vn 0.990986168 -0.015478476 -0.13306725
vn 0.990986168 -0.015478476 -0.13306725
vn 0.9893576 -0.0142791783 0.14480187
vn 0.9893576 -0.0142791783 0.144801885
vn 0.9893576 -0.0142791793 0.14480187
vn 0.990546763 -0.0567763634 0.124873914
vn 0.990546763 -0.0567763634 0.1248739
vn 0.990546763 -0.05677636 0.124873906
vn 0.999534845 -0.028427761 0.0110413507
vn 0.999534845 -0.0284277573 0.01104135
vn 0.999534845 -0.028427761 0.0110413507
vn 0.999534667 -0.0267016087 0.0147479372
vn 0.999534667 -0.0267016124 0.0147479381
vn 0.999534667 -0.02670161 0.0147479372
vn 0.675525665 0.433742076 -0.596265852
vn 0.675525665 0.433742076 -0.596265852
vn 0.6755256 0.433742076 -0.596265852
vn 0.303988874 0.9349934 -0.182696849
vn 0.303988844 0.9349934 -0.182696849
vn 0.303988844 0.9349934 -0.182696849
vn 0.110353328 0.7975054 0.5931335
vn 0.110353328 0.7975054 0.5931335
vn 0.110353328 0.7975054 0.5931335
vn 0.08885972 0.4724109 0.8768876
vn 0.08885972 0.472410858 0.8768876
vn 0.08885972 0.4724109 0.8768876
vn 0.112732194 0.286241025 0.9515028
vn 0.1127322 0.286241025 0.9515028
vn 0.112732194 0.286241025 0.9515028
vn 0.1680297 0.3371886 0.9263206
vn 0.168029681 0.3371886 0.9263206
vn 0.1680297 0.337188572 0.9263207
vn 0.71411854 -0.681025445 -0.161984637
vn 0.7141186 -0.681025445 -0.161984637
vn 0.71411854 -0.681025445 -0.161984637
vn 0.6466083 -0.5847398 -0.4898745
vn 0.6466083 -0.5847398 -0.4898745
vn 0.6466083 -0.5847398 -0.489874482
vn 0.976358652 0.1907389 -0.101697631
vn 0.9763587 0.1907389 -0.101697624
vn 0.9763587 0.190738887 -0.101697624
vn 0.994890451 0.08784337 -0.0497647747
vn 0.994890451 0.08784337 -0.04976477
vn 0.994890451 0.08784337 -0.0497647747
vn 0.261091232 -0.7290375 0.6327208
vn 0.261091232 -0.7290375 0.632720768
vn 0.2610912 -0.7290375 0.6327208
vn 0.9990606 0.005122379 0.0430311561
vn 0.9990606 0.005122379 0.0430311561
vn 0.9990606 0.005122379 0.0430311561
vn 0.9999597 -0.008251454 -0.003532789
vn 0.9999597 -0.008251454 -0.00353278872
vn 0.9999597 -0.008251453 -0.00353278872
vn 0.9949099 -0.01191265 -0.100062139
vn 0.9949099 -0.01191265 -0.100062139
vn 0.9949099 -0.01191265 -0.100062139
vn 0.9709222 -0.197652638 0.135068625
vn 0.9709222 -0.197652638 0.135068625
vn 0.9709222 -0.197652638 0.135068625
vn 1 -9.912743E-08 -8.435708E-07
vn 1 -9.912743E-08 -8.435708E-07
vn 1 -9.912743E-08 -8.435708E-07
vn 0.9308174 0.207469657 -0.300890774
vn 0.9308174 0.207469657 -0.300890774
vn 0.9308174 0.207469657 -0.300890774
vn 0.5705046 0.283718824 -0.770732164
vn 0.5705046 0.283718824 -0.770732164
vn 0.5705046 0.283718824 -0.770732164
vn 0.7321928 -0.6660487 -0.142382845
vn 0.7321928 -0.6660487 -0.142382845
vn 0.7321928 -0.6660487 -0.142382845
vn 0.3486396 -0.328306943 -0.877875268
vn 0.3486396 -0.328306943 -0.877875268
vn 0.348639637 -0.328306943 -0.877875268
vn 0.435423344 0.841361 0.320184618
vn 0.435423344 0.841361 0.320184648
vn 0.435423344 0.841361 0.320184618
vn 0.246852517 0.9167822 0.31396538
vn 0.2468525 0.9167822 0.313965321
vn 0.2468525 0.9167822 0.31396535
vn 0.247237951 0.9166063 0.314175546
vn 0.24723798 0.9166063 0.314175516
vn 0.247237965 0.9166063 0.314175546
vn 0.557564139 0.6268855 0.5441847
vn 0.557564139 0.6268854 0.5441847
vn 0.557564139 0.6268855 0.5441846
vn 0.7297947 -0.5744565 -0.370674372
vn 0.7297947 -0.5744565 -0.370674342
vn 0.7297947 -0.5744565 -0.370674342
vn 0.505892456 0.8192628 -0.2699655
vn 0.505892456 0.819262743 -0.26996547
vn 0.5058925 0.819262743 -0.2699655
vn 0.476451546 -0.875471354 0.08089392
vn 0.476451546 -0.875471354 0.08089391
vn 0.476451576 -0.875471354 0.08089391
vn 0.7356333 -0.658743 0.1578014
vn 0.7356333 -0.658743 0.15780139
vn 0.7356334 -0.658743 0.15780139
vn 0.759735763 0.5778727 -0.2981019
vn 0.759735763 0.5778727 -0.298101872
vn 0.759735763 0.5778727 -0.2981019
vn 0.7255063 0.59432584 -0.3470121
vn 0.7255063 0.59432584 -0.3470121
vn 0.7255063 0.59432584 -0.3470121
vn 0.7577637 0.6248574 0.18800883
vn 0.7577637 0.6248575 0.18800883
vn 0.7577637 0.6248575 0.18800883
vn 0.9999998 -0.0006364822 4.665695E-05
vn 0.9999998 -0.0006364822 4.665695E-05
vn 0.9999998 -0.0006364822 4.665695E-05
vn 0.6525098 0.394726127 -0.6468557
vn 0.6525098 0.394726127 -0.6468557
vn 0.6525098 0.3947261 -0.6468557
vn 0.661465168 -0.199031577 -0.723083854
vn 0.661465168 -0.199031577 -0.723083854
vn 0.661465168 -0.199031591 -0.723083854
vn 1 -3.77713647E-08 -8.04596368E-07
vn 1 -3.77713647E-08 -8.045963E-07
vn 1 -3.77713647E-08 -8.04596368E-07
vn 0.9999999 0.000495170243 0.000138124262
vn 0.9999999 0.000495170243 0.000138124262
vn 0.9999999 0.0004951702 0.000138124247
vn 0.7043253 0.5495079 0.44940725
vn 0.7043253 0.5495079 0.44940725
vn 0.7043253 0.5495079 0.44940725
vn 0.6770691 0.4128409 0.6092124
vn 0.6770691 0.4128409 0.6092124
vn 0.6770691 0.4128409 0.6092124
vn 0.6937751 0.5059977 -0.512486458
vn 0.6937751 0.5059977 -0.512486458
vn 0.6937751 0.5059977 -0.512486458
vn 0.5583693 0.6764954 0.480185181
vn 0.5583693 0.6764954 0.480185181
vn 0.5583693 0.6764953 0.4801852
vn 0.5903508 0.643286049 0.487513155
vn 0.5903508 0.643286 0.487513185
vn 0.5903508 0.643286 0.487513185
vn 0.683403969 0.187454745 -0.7055634
vn 0.683403969 0.187454745 -0.7055634
vn 0.683403969 0.187454745 -0.7055634
vn 0.6964191 0.10397622 -0.7100629
vn 0.6964191 0.10397622 -0.7100629
vn 0.6964191 0.10397622 -0.7100629
vn 0.755423367 0.48504895 0.44052583
vn 0.755423367 0.48504895 0.44052583
vn 0.755423367 0.48504895 0.44052583
vn 0.995423 0.09267281 0.0233395342
vn 0.995423 0.09267282 0.0233395323
vn 0.995423 0.09267282 0.0233395323
vn 0.7375704 0.5138226 0.4381508
vn 0.7375704 0.5138226 0.438150823
vn 0.7375704 0.5138226 0.438150823
vn 0.823678434 0.567043066 0.003989233
vn 0.823678434 0.567043066 0.003989233
vn 0.823678434 0.567043066 0.003989233
vn 0.5661517 0.7586572 0.322353
vn 0.566151738 0.7586572 0.322352976
vn 0.5661517 0.7586573 0.322352976
vn -0.35143733 -0.704371 -0.616727948
vn -0.35143733 -0.704371 -0.616727948
vn -0.35143733 -0.704371 -0.616727948
vn 0.5457283 -0.7620695 -0.348469049
vn 0.5457283 -0.7620695 -0.348469049
vn 0.5457283 -0.762069464 -0.348469049
vn 0.668153048 -0.7336968 0.123533018
vn 0.668153048 -0.7336969 0.123533018
vn 0.668153048 -0.7336968 0.123533018
vn 0.124625146 -0.853634238 0.505744159
vn 0.124625146 -0.853634238 0.505744159
vn 0.124625154 -0.853634238 0.505744159
vn 0.9947776 -0.0247751437 -0.0990135446
vn 0.9947776 -0.0247751456 -0.09901355
vn 0.9947776 -0.0247751456 -0.09901355
vn 0.9995743 -0.0100815278 0.0273789782
vn 0.9995743 -0.0100815278 0.0273789782
vn 0.9995743 -0.0100815268 0.02737898
vn 0.9990948 -0.0346887633 -0.02462333
vn 0.9990948 -0.0346887633 -0.0246233288
vn 0.9990948 -0.0346887633 -0.02462333
vn 0.86891526 0.491300374 0.0600852966
vn 0.86891526 0.491300374 0.0600852929
vn 0.86891526 0.491300374 0.0600852966
vn 0.62120086 -0.7010793 0.350138783
vn 0.62120086 -0.701079369 0.350138783
vn 0.6212009 -0.7010793 0.350138783
vn 0.801469862 0.5360604 0.2651138
vn 0.801469862 0.536060333 0.265113831
vn 0.8014698 0.5360604 0.265113831
vn 0.756264269 0.610035062 0.236477315
vn 0.756264269 0.610035062 0.2364773
vn 0.756264269 0.610035062 0.2364773
vn 0.9926404 0.0552087277 0.1077823
vn 0.9926404 0.055208724 0.1077823
vn 0.9926404 0.0552087277 0.107782304
vn 0.986140847 0.09083718 0.1388338
vn 0.986140847 0.09083718 0.138833821
vn 0.986140847 0.09083718 0.1388338
vn 0.5354981 -0.7897388 -0.2992565
vn 0.5354981 -0.7897388 -0.2992565
vn 0.5354981 -0.7897388 -0.2992565
vn 0.400272638 -0.914194763 0.06347968
vn 0.400272638 -0.914194763 0.06347968
vn 0.400272638 -0.914194763 0.06347968
vn 0.3759928 -0.9238003 0.07226619
vn 0.375992835 -0.9238003 0.07226619
vn 0.375992835 -0.9238003 0.07226619
vn -0.276546657 -0.4145385 -0.8669947
vn -0.276546657 -0.4145385 -0.8669947
vn -0.276546657 -0.4145385 -0.8669947
vn 0.8796837 -0.450904727 0.151134223
vn 0.8796837 -0.450904727 0.151134223
vn 0.8796837 -0.450904727 0.151134223
vn 0.566665769 -0.818187058 0.09726142
vn 0.5666658 -0.818187058 0.09726142
vn 0.566665769 -0.818187058 0.09726142
vn 0.6416642 -0.468585134 0.6072026
vn 0.641664267 -0.468585163 0.60720253
vn 0.641664267 -0.4685851 0.6072026
vn 1 -3.577169E-08 -7.942812E-07
vn 1 -3.577169E-08 -7.942812E-07
vn 1 -3.577169E-08 -7.942812E-07
vn 0.674442649 0.554936469 0.487003773
vn 0.674442649 0.5549365 0.487003744
vn 0.674442649 0.554936469 0.487003773
vn 0.891288042 0.00202869321 -0.453433126
vn 0.891288 0.00202869345 -0.453433156
vn 0.891288 0.00202869345 -0.453433156
vn 0.8900022 -0.000264315982 -0.45595625
vn 0.8900022 -0.000264315982 -0.45595625
vn 0.8900022 -0.000264315953 -0.45595625
vn 0.987702131 -0.0501029268 0.148101836
vn 0.987702131 -0.0501029268 0.148101836
vn 0.987702131 -0.05010293 0.148101836
vn 0.4746239 0.635072768 0.609438062
vn 0.4746239 0.635072768 0.6094381
vn 0.4746239 0.635072768 0.609438062
vn 0.712321 0.284510136 -0.6416018
vn 0.712321 0.284510136 -0.6416018
vn 0.712321 0.284510136 -0.6416018
vn 0.7334476 0.0563370623 -0.6774074
vn 0.7334476 0.05633706 -0.6774074
vn 0.7334476 0.05633706 -0.6774073
vn 0.7335805 0.05629053 -0.677267253
vn 0.73358047 0.0562905259 -0.6772673
vn 0.7335805 0.0562905259 -0.677267253
vn 0.8846497 -0.008541127 -0.4661781
vn 0.884649634 -0.008541127 -0.466178119
vn 0.8846497 -0.008541127 -0.4661781
vn 0.8846677 -0.008540557 -0.466143876
vn 0.8846677 -0.008540558 -0.466143876
vn 0.8846677 -0.008540558 -0.466143847
vn 0.912054062 -0.0454591922 -0.407542527
vn 0.912054062 -0.0454591922 -0.4075425
vn 0.912054062 -0.0454591922 -0.407542527
vn 0.9120579 -0.04546542 -0.4075333
vn 0.9120579 -0.0454654172 -0.407533258
vn 0.9120579 -0.04546542 -0.4075333
vn 0.684564531 -0.6794912 0.263937682
vn 0.684564531 -0.6794912 0.263937682
vn 0.684564531 -0.6794912 0.263937682
vn 0.6845645 -0.679491937 0.263936
vn 0.6845645 -0.679491937 0.263936
vn 0.6845644 -0.679492 0.263935983
vn 0.7505955 -0.164062247 0.6400703
vn 0.7505955 -0.164062247 0.6400703
vn 0.7505955 -0.164062247 0.6400703
vn 0.7505876 -0.1640716 0.6400772
vn 0.7505876 -0.16407162 0.6400772
vn 0.7505876 -0.16407162 0.6400772
vn 0.7860868 -0.380704135 0.486961871
vn 0.786086857 -0.380704135 0.486961871
vn 0.786086857 -0.3807041 0.486961871
vn 0.7860841 -0.38070792 0.4869633
vn 0.7860841 -0.380707949 0.4869633
vn 0.7860841 -0.38070792 0.4869633
vn 0.7040376 -0.709032834 0.0400449447
vn 0.7040376 -0.7090328 0.04004494
vn 0.7040376 -0.7090328 0.04004494
vn 0.704037666 -0.7090328 0.0400446281
vn 0.704037666 -0.7090328 0.0400446281
vn 0.704037666 -0.7090328 0.0400446281
vn 0.7183157 -0.388990819 -0.576809049
vn 0.7183157 -0.388990819 -0.576809049
vn 0.7183157 -0.388990819 -0.576809049
vn 0.718317449 -0.38899073 -0.5768069
vn 0.718317449 -0.38899076 -0.576806962
vn 0.718317449 -0.38899076 -0.576806962
vn 0.5965415 0.8025261 0.009496231
vn 0.596541464 0.8025261 0.009496231
vn 0.596541464 0.8025261 0.009496231
vn 0.596541643 0.802526 0.00949595
vn 0.5965416 0.802526 0.009495949
vn 0.5965416 0.802526 0.009495949
vn 0.13772577 0.7859109 0.6028065
vn 0.13772577 0.7859109 0.6028065
vn 0.137725756 0.7859109 0.6028065
vn 0.137726277 0.7859115 0.6028056
vn 0.137726277 0.7859115 0.6028056
vn 0.137726277 0.7859115 0.6028056
vn 0.186071858 0.5206748 0.8332317
vn 0.186071873 0.5206748 0.8332317
vn 0.186071858 0.5206748 0.8332317
vn 0.186078861 0.5206778 0.83322823
vn 0.186078861 0.520677865 0.83322823
vn 0.186078876 0.5206778 0.8332283
vn 0.893698 0.07970229 -0.4415331
vn 0.893698 0.0797022954 -0.4415331
vn 0.893698 0.07970229 -0.4415331
vn 0.8675317 0.385516763 -0.314269751
vn 0.8675317 0.385516763 -0.314269751
vn 0.8675317 0.3855168 -0.314269751
vn 0.8675307 0.385520041 -0.314268559
vn 0.8675307 0.385520071 -0.3142686
vn 0.8675307 0.385520071 -0.3142686
vn 0.7134215 -0.6876199 -0.13493897
vn 0.7134215 -0.68762 -0.13493897
vn 0.7134215 -0.68762 -0.13493897
vn 0.713421345 -0.687621057 -0.134934634
vn 0.713421345 -0.687621 -0.134934649
vn 0.713421345 -0.687621057 -0.134934634
vn 0.4288824 0.8365229 0.3410123
vn 0.42888236 0.8365229 0.3410123
vn 0.42888236 0.8365229 0.3410123
vn 0.4288807 0.8365226 0.341015249
vn 0.428880662 0.8365226 0.341015279
vn 0.428880662 0.8365226 0.341015279
vn 0.7543365 -0.542077243 -0.370309085
vn 0.7543365 -0.542077243 -0.3703091
vn 0.7543365 -0.542077243 -0.3703091
vn 0.754336238 -0.542077 -0.370309919
vn 0.7543362 -0.542077065 -0.3703099
vn 0.754336238 -0.542077 -0.370309919
vn 0.724671066 0.6861011 0.06416483
vn 0.7246711 0.686101 0.06416483
vn 0.7246711 0.6861011 0.06416483
vn 0.724669933 0.686101854 0.06416965
vn 0.724669933 0.686101854 0.06416965
vn 0.724669933 0.686101854 0.06416965
vn 0.518567264 0.7057453 -0.482712775
vn 0.5185673 0.7057453 -0.482712716
vn 0.5185673 0.7057452 -0.482712746
vn 0.5185474 0.7057682 -0.482700527
vn 0.5185475 0.705768168 -0.482700557
vn 0.5185474 0.705768168 -0.482700557
vn -0.8673876 0.264614135 0.4214477
vn -0.8673876 0.264614135 0.421447664
vn -0.8673876 0.264614135 0.421447664
vn -0.9439941 0.149825379 0.2939855
vn -0.9439941 0.1498254 0.2939855
vn -0.9439941 0.1498254 0.2939855
vn -0.954323649 0.07307437 0.2897006
vn -0.954323649 0.07307436 0.2897006
vn -0.954323649 0.07307436 0.289700627
vn -0.9394359 0.114468433 0.323043525
vn -0.9394359 0.114468433 0.323043525
vn -0.9394359 0.114468426 0.323043525
vn -1 8.583029E-08 8.496239E-07
vn -1 8.583028E-08 8.496239E-07
vn -1 8.583028E-08 8.49624E-07
vn -1 9.27525861E-08 8.56925965E-07
vn -1 9.27525861E-08 8.56925965E-07
vn -1 9.27525861E-08 8.56925965E-07
vn -0.757501662 0.200342774 -0.6213324
vn -0.757501662 0.200342774 -0.6213324
vn -0.757501662 0.200342774 -0.6213324
vn -0.7681515 0.4308891 -0.4735798
vn -0.7681515 0.43088907 -0.473579824
vn -0.7681515 0.4308891 -0.473579824
vn -0.70467335 0.552799046 -0.444801837
vn -0.70467335 0.552799046 -0.444801837
vn -0.7046734 0.552799046 -0.444801837
vn -0.749846339 -0.6369745 0.178868353
vn -0.749846339 -0.6369745 0.178868353
vn -0.749846339 -0.6369745 0.178868353
vn -0.9513805 0.07791927 -0.29799962
vn -0.9513805 0.07791927 -0.29799962
vn -0.9513805 0.0779192746 -0.29799962
vn -0.6651715 -0.691948533 0.280631572
vn -0.6651715 -0.6919486 0.2806316
vn -0.6651715 -0.6919486 0.2806316
vn -0.413486958 0.3087389 0.856568038
vn -0.413486928 0.308738858 0.8565681
vn -0.413486928 0.308738858 0.8565681
vn -0.7610865 -0.150007963 0.6310665
vn -0.7610865 -0.150007948 0.6310665
vn -0.7610865 -0.150007948 0.6310665
vn -0.689834654 -0.499171734 0.5243622
vn -0.689834654 -0.499171764 0.5243622
vn -0.689834654 -0.499171764 0.5243622
vn -0.6853715 -0.7263644 0.0515810922
vn -0.685371459 -0.726364434 0.0515810847
vn -0.685371459 -0.726364434 0.05158109
vn -0.698293269 -0.412428975 -0.5850546
vn -0.698293269 -0.412428975 -0.585054636
vn -0.698293269 -0.412428975 -0.5850546
vn -0.9999868 0.00285067433 0.004267942
vn -0.9999868 0.00285067433 0.00426794169
vn -0.9999868 0.00285067433 0.00426794169
vn -0.999817431 0.009128948 -0.016786838
vn -0.999817431 0.009128947 -0.0167868361
vn -0.999817431 0.009128948 -0.0167868361
vn -0.999994 -0.00286027766 -0.00195314432
vn -0.999994 -0.002860278 -0.00195314432
vn -0.999994 -0.00286027812 -0.00195314432
vn -0.9991184 0.00228021317 0.0419193581
vn -0.9991184 0.00228021317 0.0419193581
vn -0.9991184 0.00228021317 0.04191936
vn -0.9999413 0.0106332013 0.00208738633
vn -0.9999413 0.0106332013 0.00208738633
vn -0.9999413 0.0106332013 0.00208738633
vn -0.999439657 0.00219643419 -0.0333994068
vn -0.999439657 0.00219643419 -0.0333994068
vn -0.999439657 0.00219643419 -0.0333994068
vn -0.9999569 -0.009270109 0.0005244316
vn -0.9999569 -0.009270109 0.0005244316
vn -0.9999569 -0.009270109 0.000524431642
vn -0.9909863 -0.0154783186 -0.133066133
vn -0.9909863 -0.0154783186 -0.133066133
vn -0.9909863 -0.0154783167 -0.133066133
vn -0.9893574 -0.0142790377 0.144803509
vn -0.9893574 -0.0142790377 0.1448035
vn -0.9893574 -0.0142790359 0.1448035
vn -0.990546644 -0.05677619 0.124875538
vn -0.990546644 -0.05677619 0.124875546
vn -0.990546644 -0.056776192 0.124875546
vn -0.999534845 -0.0284275822 0.0110430811
vn -0.999534845 -0.0284275822 0.01104308
vn -0.999534845 -0.0284275822 0.0110430811
vn -0.9995346 -0.026701469 0.0147495931
vn -0.9995346 -0.026701469 0.0147495922
vn -0.9995346 -0.026701469 0.0147495931
vn -0.675527453 0.433741719 -0.596264
vn -0.675527453 0.433741719 -0.596264
vn -0.6755274 0.433741719 -0.596264
vn -0.303988844 0.9349935 -0.182696342
vn -0.303988844 0.9349935 -0.182696342
vn -0.303988844 0.9349935 -0.182696342
vn -0.11035306 0.7975053 0.593133569
vn -0.11035306 0.7975053 0.593133569
vn -0.110353053 0.7975053 0.593133569
vn -0.08885937 0.4724109 0.8768876
vn -0.08885937 0.4724109 0.8768876
vn -0.0888593644 0.472410858 0.8768877
vn -0.112731345 0.286242962 0.951502264
vn -0.112731345 0.286242932 0.951502264
vn -0.112731345 0.286242932 0.951502264
vn -0.1680269 0.3371887 0.926321
vn -0.1680269 0.3371887 0.926321
vn -0.168026879 0.3371887 0.926321
vn -0.714119 -0.6810252 -0.161983579
vn -0.714118958 -0.681025267 -0.161983579
vn -0.714118958 -0.681025267 -0.1619836
vn -0.6466093 -0.584739745 -0.489873379
vn -0.6466093 -0.584739745 -0.489873379
vn -0.646609247 -0.584739745 -0.4898734
vn -0.976358831 0.190738976 -0.101695962
vn -0.976358831 0.190738961 -0.101695955
vn -0.976358831 0.190738976 -0.101695962
vn -0.9948905 0.08784344 -0.04976307
vn -0.9948905 0.08784345 -0.0497630723
vn -0.9948905 0.08784345 -0.04976307
vn -0.2610912 -0.729037464 0.632720947
vn -0.2610912 -0.729037464 0.632720947
vn -0.2610912 -0.729037464 0.632720947
vn -0.9990605 0.0051225163 0.0430326872
vn -0.9990605 0.0051225163 0.04303269
vn -0.9990605 0.005122517 0.0430326872
vn -0.9999597 -0.008251286 -0.003531152
vn -0.9999597 -0.008251286 -0.00353115215
vn -0.9999597 -0.008251286 -0.003531152
vn -0.994910061 -0.011912493 -0.100060426
vn -0.994910061 -0.0119124921 -0.100060433
vn -0.994910061 -0.0119124921 -0.100060433
vn -0.970922 -0.197652429 0.135070309
vn -0.970922 -0.197652429 0.135070309
vn -0.970922 -0.197652429 0.135070309
vn -1 8.453384E-08 8.35728031E-07
vn -1 8.45338448E-08 8.357281E-07
vn -1 8.453384E-08 8.35728031E-07
vn -0.9308179 0.2074697 -0.300889373
vn -0.9308179 0.2074697 -0.300889373
vn -0.9308179 0.207469687 -0.300889343
vn -0.5705059 0.283718944 -0.7707312
vn -0.570505857 0.2837189 -0.7707313
vn -0.5705059 0.2837189 -0.7707313
vn -0.7321931 -0.6660485 -0.142381623
vn -0.7321931 -0.6660486 -0.142381638
vn -0.7321931 -0.6660485 -0.142381623
vn -0.348640084 -0.328306973 -0.87787503
vn -0.348640084 -0.328306973 -0.87787503
vn -0.348640084 -0.328306973 -0.87787503
vn -0.435422719 0.841361046 0.320185333
vn -0.435422748 0.841361 0.320185363
vn -0.435422748 0.841361 0.320185333
vn -0.246852323 0.916782141 0.3139657
vn -0.246852353 0.9167821 0.313965738
vn -0.246852338 0.9167821 0.313965738
vn -0.247237727 0.916606247 0.314175874
vn -0.247237742 0.916606247 0.314175844
vn -0.247237727 0.916606247 0.314175874
vn -0.5575636 0.626885235 0.54418534
vn -0.5575636 0.626885235 0.54418534
vn -0.5575636 0.6268852 0.54418534
vn -0.7297954 -0.5744563 -0.37067312
vn -0.7297954 -0.5744563 -0.37067315
vn -0.7297954 -0.5744563 -0.37067315
vn -0.5058929 0.819262743 -0.269964576
vn -0.5058929 0.819262743 -0.269964546
vn -0.5058929 0.819262743 -0.269964546
vn -0.476451635 -0.875471234 0.08089473
vn -0.476451635 -0.875471234 0.08089472
vn -0.476451665 -0.875471234 0.08089473
vn -0.7356334 -0.6587426 0.157802641
vn -0.7356334 -0.6587426 0.157802641
vn -0.7356334 -0.6587426 0.157802641
vn -0.7597362 0.5778728 -0.298100531
vn -0.7597362 0.5778728 -0.298100531
vn -0.7597362 0.5778728 -0.298100531
vn -0.7255068 0.59432596 -0.347010881
vn -0.7255068 0.59432596 -0.347010881
vn -0.7255068 0.59432596 -0.347010881
vn -0.757763267 0.6248576 0.188010156
vn -0.757763267 0.6248576 0.188010156
vn -0.757763267 0.6248576 0.188010156
vn -0.9999998 -0.0006362702 4.83341428E-05
vn -0.9999998 -0.000636270153 4.83341428E-05
vn -0.9999998 -0.000636270153 4.833414E-05
vn -0.652510941 0.394726157 -0.64685446
vn -0.652510941 0.394726157 -0.64685446
vn -0.652510941 0.3947262 -0.64685446
vn -0.661466539 -0.199031472 -0.723082662
vn -0.661466539 -0.199031472 -0.7230826
vn -0.6614665 -0.199031457 -0.723082662
vn -1 1.13282418E-07 8.519916E-07
vn -1 1.13282418E-07 8.51991558E-07
vn -1 1.13282418E-07 8.519916E-07
vn -0.9999999 0.0004953997 0.000139802883
vn -0.9999999 0.0004953997 0.000139802883
vn -0.9999999 0.000495399639 0.000139802869
vn -0.7043241 0.5495088 0.449408054
vn -0.7043241 0.5495088 0.449408084
vn -0.7043241 0.5495088 0.449408084
vn -0.677067459 0.41284132 0.609214
vn -0.677067459 0.41284132 0.609214
vn -0.677067459 0.41284132 0.609214
vn -0.693776 0.505997956 -0.512485147
vn -0.693775952 0.505997956 -0.512485147
vn -0.693775952 0.505997956 -0.512485147
vn -0.558368742 0.6764947 0.480186582
vn -0.558368742 0.6764948 0.480186582
vn -0.558368742 0.6764947 0.480186582
vn -0.5903493 0.643286347 0.487514377
vn -0.5903493 0.643286347 0.487514377
vn -0.5903493 0.643286347 0.4875144
vn -0.6834056 0.187456056 -0.7055615
vn -0.6834055 0.187456071 -0.7055616
vn -0.6834055 0.187456071 -0.7055615
vn -0.696420968 0.10397625 -0.710061133
vn -0.696420968 0.10397625 -0.7100611
vn -0.696420968 0.103976257 -0.710061133
vn -0.7554229 0.48504886 0.440526873
vn -0.7554229 0.4850489 0.440526843
vn -0.7554229 0.4850489 0.440526873
vn -0.995422959 0.09267306 0.0233412422
vn -0.995422959 0.0926730558 0.0233412422
vn -0.995422959 0.09267306 0.0233412422
vn -0.7375699 0.5138226 0.4381518
vn -0.7375699 0.5138226 0.4381518
vn -0.7375699 0.5138226 0.4381518
vn -0.8236784 0.5670433 0.003990628
vn -0.8236784 0.567043245 0.00399062829
vn -0.8236784 0.5670433 0.00399062829
vn -0.5661513 0.7586571 0.322353959
vn -0.5661513 0.7586571 0.322353959
vn -0.5661513 0.7586571 0.322354
vn 0.3514369 -0.7043708 -0.616728365
vn 0.351436883 -0.704370856 -0.616728365
vn 0.3514369 -0.7043708 -0.6167283
vn -0.5457287 -0.762069643 -0.348468125
vn -0.5457287 -0.762069643 -0.348468125
vn -0.5457287 -0.762069643 -0.348468155
vn -0.6681531 -0.7336967 0.123534091
vn -0.6681531 -0.73369664 0.123534083
vn -0.668153048 -0.7336967 0.123534091
vn -0.124625206 -0.853634238 0.505744159
vn -0.124625206 -0.853634238 0.505744159
vn -0.124625206 -0.8536342 0.5057442
vn -0.994777739 -0.0247750226 -0.09901191
vn -0.994777739 -0.0247750226 -0.09901191
vn -0.994777739 -0.0247750226 -0.09901191
vn -0.999574244 -0.0100813918 0.0273807142
vn -0.999574244 -0.0100813918 0.0273807142
vn -0.999574244 -0.0100813918 0.0273807142
vn -0.999094844 -0.03468863 -0.0246217065
vn -0.999094844 -0.0346886329 -0.0246217065
vn -0.999094844 -0.0346886329 -0.0246217083
vn -0.868915 0.491300553 0.0600867346
vn -0.868915 0.491300583 0.0600867346
vn -0.868915 0.491300553 0.0600867346
vn -0.62120086 -0.701079 0.3501397
vn -0.62120086 -0.701079 0.3501397
vn -0.62120086 -0.701079 0.3501397
vn -0.801469266 0.536060452 0.26511544
vn -0.8014693 0.536060452 0.26511544
vn -0.8014693 0.5360604 0.26511544
vn -0.7562637 0.61003536 0.236478657
vn -0.7562637 0.61003536 0.236478657
vn -0.7562637 0.61003536 0.236478642
vn -0.9926402 0.0552088879 0.107784122
vn -0.9926402 0.0552088842 0.107784115
vn -0.9926402 0.0552088879 0.107784122
vn -0.986140668 0.09083704 0.138835385
vn -0.986140668 0.09083705 0.1388354
vn -0.986140668 0.09083704 0.1388354
vn -0.535498261 -0.789738953 -0.299255759
vn -0.535498261 -0.789738953 -0.299255759
vn -0.535498261 -0.789738953 -0.299255759
vn -0.400272757 -0.9141947 0.06348032
vn -0.400272757 -0.9141947 0.06348032
vn -0.400272757 -0.9141947 0.06348032
vn -0.375992745 -0.9238003 0.07226689
vn -0.375992715 -0.9238003 0.07226689
vn -0.375992715 -0.9238003 0.0722668841
vn 0.2765463 -0.4145384 -0.866994858
vn 0.276546329 -0.4145384 -0.866994858
vn 0.276546329 -0.4145384 -0.866994858
vn -0.879683554 -0.4509045 0.151135713
vn -0.879683554 -0.4509045 0.1511357
vn -0.879683554 -0.4509045 0.1511357
vn -0.566665769 -0.818187 0.09726239
vn -0.566665769 -0.818187 0.09726238
vn -0.566665769 -0.818187 0.09726238
vn -0.6416638 -0.4685848 0.6072033
vn -0.6416638 -0.4685848 0.607203364
vn -0.641663849 -0.4685848 0.6072033
vn -1 1.08095868E-07 8.25237748E-07
vn -1 1.08095868E-07 8.25237748E-07
vn -1 1.08095868E-07 8.25237748E-07
vn -0.6744413 0.554937363 0.487004519
vn -0.6744413 0.554937363 0.487004519
vn -0.6744413 0.554937363 0.487004519
vn -0.891288757 0.00202885387 -0.453431576
vn -0.891288757 0.00202885387 -0.453431576
vn -0.891288757 0.002028854 -0.453431576
vn -0.8900029 -0.000264177768 -0.4559547
vn -0.8900029 -0.000264177768 -0.455954731
vn -0.8900029 -0.000264177739 -0.4559547
vn -0.987702 -0.05010287 0.148103058
vn -0.987702 -0.05010287 0.148103058
vn -0.987702 -0.05010287 0.148103073
vn -0.474623442 0.6350725 0.6094386
vn -0.474623442 0.6350725 0.6094386
vn -0.474623471 0.6350725 0.6094386
vn -0.712322533 0.284510046 -0.6416
vn -0.712322533 0.284510046 -0.6416
vn -0.712322533 0.284510046 -0.6416001
vn -0.7334495 0.056337133 -0.677405357
vn -0.7334495 0.056337133 -0.6774053
vn -0.733449459 0.05633713 -0.677405357
vn -0.733582258 0.0562903248 -0.677265465
vn -0.733582258 0.05629032 -0.677265465
vn -0.733582258 0.0562903248 -0.6772654
vn -0.884647131 -0.00854109 -0.4661829
vn -0.884647131 -0.00854109 -0.4661829
vn -0.884647131 -0.00854109 -0.4661829
vn -0.8846683 -0.00854042 -0.4661427
vn -0.88466835 -0.00854042 -0.466142684
vn -0.88466835 -0.00854042 -0.466142684
vn -0.912054539 -0.04545894 -0.407541364
vn -0.912054539 -0.04545894 -0.407541364
vn -0.912054539 -0.04545894 -0.407541364
vn -0.9120586 -0.04546546 -0.407531559
vn -0.9120586 -0.04546546 -0.4075316
vn -0.9120586 -0.0454654619 -0.4075316
vn -0.684564054 -0.6794913 0.263938665
vn -0.684564054 -0.6794913 0.263938636
vn -0.684564054 -0.679491341 0.263938636
vn -0.684564 -0.6794918 0.263937384
vn -0.684564 -0.6794919 0.263937384
vn -0.684564 -0.6794919 0.263937384
vn -0.7505953 -0.164061427 0.640070736
vn -0.7505953 -0.164061427 0.640070736
vn -0.7505953 -0.164061427 0.640070736
vn -0.7505859 -0.164072439 0.6400789
vn -0.7505859 -0.164072439 0.6400789
vn -0.7505859 -0.164072439 0.6400789
vn -0.7860861 -0.380704075 0.4869631
vn -0.7860861 -0.380704045 0.4869631
vn -0.7860861 -0.380704075 0.486963123
vn -0.7860835 -0.380707681 0.486964434
vn -0.7860835 -0.380707651 0.4869644
vn -0.7860835 -0.380707651 0.486964434
vn -0.7040375 -0.7090328 0.0400459766
vn -0.704037547 -0.7090327 0.0400459766
vn -0.7040375 -0.7090327 0.0400459766
vn -0.7040376 -0.709032655 0.0400458537
vn -0.704037547 -0.7090327 0.0400458537
vn -0.704037547 -0.7090327 0.0400458537
vn -0.7183165 -0.3889909 -0.576808
vn -0.7183165 -0.3889909 -0.576808
vn -0.7183165 -0.388990939 -0.576808
vn -0.7183183 -0.388990879 -0.5768058
vn -0.7183183 -0.3889909 -0.5768058
vn -0.7183183 -0.388990879 -0.5768058
vn -0.5965419 0.8025257 0.009497126
vn -0.5965418 0.802525759 0.009497125
vn -0.5965418 0.802525759 0.009497125
vn -0.5965419 0.8025257 0.009497286
vn -0.5965419 0.8025257 0.009497286
vn -0.5965419 0.8025257 0.009497286
vn -0.137725562 0.7859108 0.6028066
vn -0.137725547 0.7859108 0.6028066
vn -0.137725547 0.785910845 0.6028066
vn -0.137726009 0.785911441 0.602805734
vn -0.137726009 0.7859114 0.602805734
vn -0.137726009 0.785911441 0.602805734
vn -0.186071351 0.5206744 0.833232
vn -0.186071366 0.5206744 0.833232
vn -0.186071366 0.5206744 0.833232
vn -0.186076224 0.5206767 0.8332295
vn -0.186076224 0.5206767 0.8332295
vn -0.186076239 0.5206767 0.8332295
vn -0.8936987 0.07970246 -0.441531539
vn -0.8936987 0.07970246 -0.441531539
vn -0.893698752 0.07970246 -0.4415315
vn -0.8675321 0.38551724 -0.3142684
vn -0.8675321 0.38551724 -0.31426844
vn -0.8675321 0.38551724 -0.31426844
vn -0.8675312 0.38552022 -0.314267159
vn -0.8675312 0.38552025 -0.3142672
vn -0.8675312 0.38552022 -0.314267159
vn -0.7134219 -0.687619865 -0.13493751
vn -0.7134219 -0.687619865 -0.13493751
vn -0.7134219 -0.687619865 -0.13493751
vn -0.7134216 -0.687620938 -0.134933457
vn -0.7134216 -0.687620938 -0.134933457
vn -0.7134216 -0.687620938 -0.134933457
vn -0.4288817 0.8365229 0.341013074
vn -0.428881675 0.8365229 0.341013044
vn -0.428881675 0.8365229 0.341013044
vn -0.4288801 0.8365226 0.341015846
vn -0.4288801 0.8365226 0.341015846
vn -0.4288801 0.8365226 0.341015875
vn -0.7543371 -0.5420772 -0.3703078
vn -0.7543371 -0.5420772 -0.370307833
vn -0.7543371 -0.5420772 -0.370307833
vn -0.7543369 -0.5420769 -0.370308667
vn -0.7543369 -0.5420768 -0.370308667
vn -0.754336834 -0.5420769 -0.370308667
vn -0.7246708 0.686101258 0.0641662851
vn -0.7246708 0.686101258 0.06416629
vn -0.7246708 0.686101258 0.06416629
vn -0.724669755 0.686102 0.0641707852
vn -0.7246697 0.686102 0.06417079
vn -0.7246697 0.686102 0.0641707852
vn -0.518568635 0.7057453 -0.482711256
vn -0.518568635 0.7057453 -0.4827113
vn -0.518568635 0.7057453 -0.4827113
vn -0.5185484 0.7057686 -0.4826989
vn -0.5185484 0.7057686 -0.482698858
vn -0.5185484 0.7057686 -0.4826989
vn 4.814082E-07 0.873019934 0.4876845
vn -1.509958E-07 6.600236E-15 -1
vn 2.331306E-07 0.9646392 0.263573885
vn -0.9090391 -0.0197856445 0.416240841
vn 1.40136308E-07 -0.9500042 0.312237084
vn -0.973199 -0.00319205737 0.229942366
vn 2.04834279E-07 -0.902309358 0.431089163
vn 9.270035E-08 -0.959497631 0.2817168
vn 0.9731994 -0.00319232326 0.229940712
vn 0.9090396 -0.0197856762 0.4162397
vn 6.612087E-09 0.9999321 0.0116532035
vn 1.85143634E-08 0.720601857 -0.693349063
vn 0.641731 -0.0007119533 -0.7669295
vn -2.46726E-06 0.509922564 -0.8602203
vn 0.848111868 -0.000464328565 -0.529817
vn -2.310844E-05 0.7913423 -0.611373365
vn -3.618389E-07 -0.99999994 -0.0003674059
vn -0.848112762 -0.000464163139 -0.529815555
vn -0.641689956 -0.0007636375 -0.7669637
vn 7.44759927E-06 -0.853673637 -0.5208084
vn -1.54497428E-07 -0.21940285 -0.975634336
vn -1.10509347E-06 0.9964409 0.08429462
vn 0.990257144 -0.00095511676 0.139247477
vn -8.169521E-05 0.993881 0.110456429
vn 2.29083635E-05 0.9744246 0.224714771
vn -0.9902569 -0.0009550463 0.139249355
vn 4.21552443E-07 -0.890481532 0.455019355
vn 3.03076746E-08 -0.9932857 0.115686834
vn 1.75180315E-08 -0.9748896 0.2226888
vn -4.46228938E-08 -0.720429838 -0.6935278
vn -4.18206731E-08 -0.999921858 0.0124990232
vn -0.9999899 0.000283244241 -0.00448575569
vn 5.955113E-07 0.6910269 0.722829
vn 8.93135962E-07 0.7177491 0.6963018
vn 0.999989867 0.000282936759 -0.00448781764
vn 0.97170043 0.0008666024 0.236215174
vn -3.33585854E-06 0.9943348 0.106293313
vn -0.971699834 0.0008666872 0.23621729
vn 7.02453633E-07 -0.908221543 -0.418489754
vn -3.98401525E-08 -0.9996737 0.02554358
vn -4.437444E-07 0.9078586 -0.4192765
vn 2.289861E-07 0.9996737 0.0255441628
vn 0.979476035 -0.00646570558 -0.201456711
vn 0.9627811 -3.01691159E-07 -0.270282447
vn -0.9794765 -0.00646686368 -0.201454625
vn -0.962781549 -3.57975E-08 -0.270280749
vn 9.00464059E-08 0.950469136 -0.31081897
vn 0.9810116 -0.008549569 0.193760186
vn 9.307486E-07 0.9489915 -0.315301657
vn 4.91872242E-07 0.990922332 -0.134435669
vn 4.20573549E-08 0.9999402 -0.010936846
vn -0.981011033 -0.008549371 0.193763584
vn 6.039214E-08 -0.9799122 0.199429139
vn 1.63578335E-07 -0.953662336 -0.300879
vn -1.97065773E-07 -0.9862385 -0.165329024
vn 2.09137454E-07 -0.9999915 0.00412893668
vn -1.52725192E-06 -0.929831743 0.367984921
vn 0.8963062 -0.00442726258 0.443413556
vn 1.06005345E-07 0.9969865 -0.07757479
vn -0.896305859 -0.00442541344 0.44341436
vn -7.801805E-07 -0.9881472 0.153509229
vn -0.9385385 -0.00275467173 -0.3451636
vn -0.9907815 -0.00546418969 0.1353596
vn 5.824146E-07 0.9254346 0.378907472
vn 6.793602E-07 0.8250304 0.565088332
vn 0.9907814 -0.0054644607 0.13535966
vn 0.9385381 -0.002755863 -0.345164746
vn 1.99370135E-07 -0.8390301 0.544085
vn 4.37170826E-07 -0.827995956 0.560734034
vn -7.997367E-06 0.8842384 -0.46703577
vn -8.40292955E-07 0.331397384 -0.9434913
vn 1 -2.77297622E-05 7.72441E-05
vn -6.499523E-07 -0.754599 -0.6561862
vn -6.14914256E-07 -0.9027626 -0.430139154
vn 1.476609E-07 -0.9999581 0.009153842
vn 7.809136E-08 0.9999828 0.00587110873
vn 0.953738868 0.0012370894 -0.3006336
vn 1.4006714E-08 -0.972900569 0.2312239
vn 0.9748165 -0.00116445438 0.223005623
vn 0.999992669 0.00364447129 0.00119471131
vn 0.5691128 0.799764454 0.191016942
vn 1.36784351E-07 0.9996789 0.0253384672
vn -0.953739643 0.00123683573 -0.3006314
vn -0.974816 -0.00116424332 0.223007351
vn -0.999992669 0.00364350458 0.00119635335
vn -0.569112539 0.7997644 0.19101797
vn 3.38755655E-07 0.9998343 0.0182022117
vn -4.33906763E-07 0.937757432 -0.347290874
vn 9.402493E-06 0.866735 0.498768926
vn -0.6577288 -0.7527031 0.0288269278
vn -2.80595174E-07 -0.9245178 -0.3811388
vn -0.9099241 0.03208716 -0.41353175
vn -4.202537E-08 0.9578232 -0.287358016
vn 0.9099236 0.03208684 -0.4135329
vn 0.6577286 -0.7527032 0.0288255643
vn 0.9941229 -0.00645133853 0.1080648
vn -2.57159854E-07 -0.7502089 -0.6612008
vn -7.47919557E-08 -0.99997884 0.006505686
vn -0.9941251 -0.0064333193 0.108045973
vn -8.377675E-07 -0.9226348 -0.385674834
vn 0.8457913 -0.0177384038 -0.533219039
vn -4.4594924E-07 0.6345097 -0.7729149
vn 1.09452969E-07 0.9997081 0.0241592042
vn -0.8457921 -0.0177381877 -0.533217669
vn 4.162556E-07 0.8146427 0.5799631
vn 0.8199858 -0.00427082833 0.572367847
vn 0.99999994 -0.0001582176 -0.000356820383
vn -5.96612537E-08 1 -6.217558E-06
vn -0.99999994 -0.000158142415 -0.000355078024
vn -0.819985151 -0.004270756 0.57236886
vn -9.55117443E-08 -0.999999762 -0.0006639517
vn -1.80133455E-07 -1 -1.96073834E-05
vn -3.69096483E-06 -0.8552728 0.5181779
vn 4.27773472E-07 -0.579255939 0.815145731
vn 0.9999749 4.191569E-07 0.007086223
vn 0.983650446 -1.865277E-07 -0.1800884
vn 0.982040346 0.188558 0.006531732
vn 0.9999436 -5.990093E-08 0.0106211221
vn 0.9803944 5.84952247E-08 0.197045088
vn 0.9999749 9.497964E-08 0.00708746351
vn 0.9999749 -2.35299026E-07 0.0070873946
vn 0.982040346 -0.1885581 0.00653198641
vn 0.9999749 -4.10273941E-07 0.007086443
vn -0.9999749 4.95386757E-07 0.00708800554
vn -0.9820403 0.188558161 0.00653345324
vn -0.9836507 -5.342229E-08 -0.180086792
vn -0.999943554 1.35463608E-07 0.0106227305
vn -0.9820403 -0.188558 0.006533711
vn -0.9999749 -3.062377E-07 0.007088001
vn -0.999974847 -6.75132E-08 0.007089153
vn -0.9803941 1.69784528E-07 0.197046816
vn -0.999974847 1.59002639E-07 0.007089053
vn 0.665844858 -0.741719246 0.0806425959
vn -1.79515141E-08 -0.9989599 -0.0455974564
vn 0.9880035 0.000841307337 -0.154429212
vn 0.9878457 -2.73607867E-07 -0.155437559
vn -2.76671074E-07 -0.981119156 -0.193404123
vn 0.880723953 -0.346306145 0.323105961
vn 0.9151403 -4.9530243E-08 0.403135478
vn 0.880724 0.346306235 0.323105544
vn 0.994961858 0.002228864 0.100228995
vn 0.978503168 0.00201525749 0.206222042
vn 3.65677181E-07 -0.886777341 0.462196916
vn 0.691141069 -0.675037742 0.258162826
vn 0.98557353 0.00212060544 0.169234484
vn 0.678205669 -0.646370053 -0.349632382
vn 0.8853389 0.0019819825 -0.4649421
vn -2.64032082E-07 0.8828431 -0.469668061
vn 5.32612546E-07 0.938594937 0.345021
vn 4.82561859E-07 0.8895132 0.456909537
vn 2.11129745E-07 0.994051039 0.108914994
vn 1.01464288E-07 0.998859763 -0.0477406867
vn 3.073123E-08 0.981119037 -0.1934049
vn -0.978503 0.00201547914 0.206222534
vn -0.9855734 0.0021207754 0.169235364
vn -0.8853402 0.00198227074 -0.464939535
vn -0.67820704 -0.64637053 -0.349628836
vn -0.691140652 -0.6750377 0.258164018
vn -0.665844738 -0.7417192 0.0806437358
vn -0.994961739 0.002229069 0.100230575
vn -0.9880037 0.0008416021 -0.154427931
vn -0.9878459 -8.25077748E-08 -0.155436233
vn -0.8807234 -0.346306115 0.323107332
vn -0.9151397 1.63868492E-07 0.4031369
vn -0.8807234 0.346306562 0.323106855
vn -1.87975968E-06 -0.314221263 -0.949349761
vn -0.3714611 0.0009579124 -0.928448
vn -1.89685488E-06 0.317044973 -0.9484105
vn 0.371456772 0.000957943965 -0.92844975
vn -0.9999922 0.0019451587 0.00344318477
vn -1.0671797E-07 0.999992669 0.0038295514
vn 1.09395216E-06 0.99999845 -0.00176615908
vn 0.9999922 0.00194498326 0.00344142178
vn 0.9999919 3.24313E-07 -0.004022281
vn 1.05432036E-06 -0.9999994 -0.00111669465
vn -3.46438355E-07 -0.9999781 0.006615759
vn -0.9999919 4.73071282E-07 -0.004020498
vn 0.00709443353 4.51480332E-07 0.999974847
vn 0.00501658767 0.707106948 0.7070888
vn 0.00501635624 0.707108259 0.7070875
vn 2.56130022E-07 1 -1.0267978E-06
vn -2.11855635E-08 1 -8.060363E-07
vn -0.005014144 0.7071073 -0.7070885
vn -0.005013573 0.70710665 -0.7070891
vn -0.007082394 -1.37560221E-06 -0.9999749
vn -0.007082547 -1.84279E-06 -0.9999749
vn -0.00501540536 -0.7071078 -0.707088
vn -0.00501582865 -0.707106233 -0.707089543
vn 7.916852E-07 -1 -6.57151E-07
vn 1.26250757E-06 -1 2.88530032E-06
vn 0.00501137227 -0.70710665 0.7070891
vn 0.00501183467 -0.7071066 0.7070892
vn 0.00709404424 7.59521129E-07 0.999974847
vn -0.005011755 0.7071072 0.7070886
vn -0.00501220161 0.7071072 0.7070886
vn -0.00709359255 9.860341E-07 0.999974847
vn -0.0070936163 1.54307634E-06 0.999974847
vn -0.005011946 -0.7071062 0.7070896
vn -0.00501140067 -0.7071062 0.707089663
vn -5.781271E-07 -1 2.094667E-06
vn -1.66285531E-07 -1 -8.111704E-07
vn 0.00501345 -0.7071064 -0.707089365
vn 0.005013096 -0.7071075 -0.7070883
vn 0.00708202366 -1.17085756E-06 -0.9999749
vn 0.007081858 -8.60254261E-07 -0.9999749
vn 0.00501137553 0.7071067 -0.7070891
vn 0.0050118193 0.707107 -0.707088768
vn 5.462091E-08 1 -1.39644544E-06
vn 5.101111E-08 1 -1.13717874E-06
vn -3.1536203E-08 -0.823456645 0.567379236
vn 0.950769544 -0.00332782581 0.309880972
vn 0.9999901 -0.0036462876 -0.00254208758
vn 7.481968E-08 0.828344643 0.5602189
vn 2.52553551E-08 0.9996397 0.026841782
vn -0.9999901 -0.003646162 -0.002540763
vn -0.9507694 -0.003327704 0.30988133
vn -2.47397651E-07 -0.9976586 0.0683910847
vn -4.956184E-07 -0.885862947 -0.463947
vn -0.9461084 -0.00324911764 -0.3238339
vn -3.259807E-07 0.8547826 -0.5189863
vn 0.946107745 -0.00324934 -0.323835671
usemtl 420J0W0AXE_B_part_0_material_0
f 1/1/1 3/3/3 2/2/2
f 4/4/4 6/6/6 5/5/5
f 7/7/7 9/9/9 8/8/8
f 10/10/10 12/12/12 11/11/11
f 13/13/13 15/15/15 14/14/14
f 16/16/16 18/18/18 17/17/17
f 19/19/19 21/21/21 20/20/20
f 22/22/22 24/24/24 23/23/23
f 25/25/25 27/27/27 26/26/26
f 28/28/28 30/30/30 29/29/29
f 31/31/31 33/33/33 32/32/32
f 34/34/34 36/36/36 35/35/35
f 37/37/37 39/39/39 38/38/38
f 40/40/40 42/42/42 41/41/41
f 43/43/43 45/45/45 44/44/44
f 46/46/46 48/48/48 47/47/47
f 49/49/49 51/51/51 50/50/50
f 52/52/52 54/54/54 53/53/53
f 55/55/55 57/57/57 56/56/56
f 58/58/58 60/60/60 59/59/59
f 61/61/61 63/63/63 62/62/62
f 64/64/64 66/66/66 65/65/65
f 67/67/67 69/69/69 68/68/68
f 70/70/70 72/72/72 71/71/71
f 73/73/73 75/75/75 74/74/74
f 76/76/76 78/78/78 77/77/77
f 79/79/79 81/81/81 80/80/80
f 82/82/82 84/84/84 83/83/83
f 85/85/85 87/87/87 86/86/86
f 88/88/88 90/90/90 89/89/89
f 91/91/91 93/93/93 92/92/92
f 94/94/94 96/96/96 95/95/95
f 97/97/97 99/99/99 98/98/98
f 100/100/100 102/102/102 101/101/101
f 103/103/103 105/105/105 104/104/104
f 106/106/106 108/108/108 107/107/107
f 109/109/109 111/111/111 110/110/110
f 112/112/112 114/114/114 113/113/113
f 115/115/115 117/117/117 116/116/116
f 118/118/118 120/120/120 119/119/119
f 121/121/121 123/123/123 122/122/122
f 124/124/124 126/126/126 125/125/125
f 127/127/127 129/129/129 128/128/128
f 130/130/130 132/132/132 131/131/131
f 133/133/133 135/135/135 134/134/134
f 136/136/136 138/138/138 137/137/137
f 139/139/139 141/141/141 140/140/140
f 142/142/142 144/144/144 143/143/143
f 145/145/145 147/147/147 146/146/146
f 148/148/148 150/150/150 149/149/149
f 151/151/151 153/153/153 152/152/152
f 154/154/154 156/156/156 155/155/155
f 157/157/157 159/159/159 158/158/158
f 160/160/160 162/162/162 161/161/161
f 163/163/163 165/165/165 164/164/164
f 166/166/166 168/168/168 167/167/167
f 169/169/169 171/171/171 170/170/170
f 172/172/172 174/174/174 173/173/173
f 175/175/175 177/177/177 176/176/176
f 178/178/178 180/180/180 179/179/179
f 181/181/181 183/183/183 182/182/182
f 184/184/184 186/186/186 185/185/185
f 187/187/187 189/189/189 188/188/188
f 190/190/190 192/192/192 191/191/191
f 193/193/193 195/195/195 194/194/194
f 196/196/196 198/198/198 197/197/197
f 199/199/199 201/201/201 200/200/200
f 202/202/202 204/204/204 203/203/203
f 205/205/205 207/207/207 206/206/206
f 208/208/208 210/210/210 209/209/209
f 211/211/211 213/213/213 212/212/212
f 214/214/214 216/216/216 215/215/215
f 217/217/217 219/219/219 218/218/218
f 220/220/220 222/222/222 221/221/221
f 223/223/223 225/225/225 224/224/224
f 226/226/226 228/228/228 227/227/227
f 229/229/229 231/231/231 230/230/230
f 232/232/232 234/234/234 233/233/233
f 235/235/235 237/237/237 236/236/236
f 238/238/238 240/240/240 239/239/239
f 241/241/241 243/243/243 242/242/242
f 244/244/244 246/246/246 245/245/245
f 247/247/247 249/249/249 248/248/248
f 250/250/250 252/252/252 251/251/251
f 253/253/253 255/255/255 254/254/254
f 256/256/256 258/258/258 257/257/257
f 259/259/259 261/261/261 260/260/260
f 262/262/262 264/264/264 263/263/263
f 265/265/265 267/267/267 266/266/266
f 268/268/268 270/270/270 269/269/269
f 271/271/271 273/273/273 272/272/272
f 274/274/274 276/276/276 275/275/275
f 277/277/277 279/279/279 278/278/278
f 280/280/280 282/282/282 281/281/281
f 283/283/283 285/285/285 284/284/284
f 286/286/286 288/288/288 287/287/287
f 289/289/289 291/291/291 290/290/290
f 292/292/292 294/294/294 293/293/293
f 295/295/295 297/297/297 296/296/296
f 298/298/298 300/300/300 299/299/299
f 301/301/301 303/303/303 302/302/302
f 304/304/304 306/306/306 305/305/305
f 307/307/307 309/309/309 308/308/308
f 310/310/310 312/312/312 311/311/311
f 313/313/313 315/315/315 314/314/314
f 316/316/316 318/318/318 317/317/317
f 319/319/319 321/321/321 320/320/320
f 322/322/322 324/324/324 323/323/323
f 325/325/325 327/327/327 326/326/326
f 328/328/328 330/330/330 329/329/329
f 331/331/331 333/333/333 332/332/332
f 334/334/334 336/336/336 335/335/335
f 337/337/337 339/339/339 338/338/338
f 340/340/340 342/342/342 341/341/341
f 343/343/343 345/345/345 344/344/344
f 346/346/346 348/348/348 347/347/347
f 349/349/349 351/351/351 350/350/350
f 352/352/352 354/354/354 353/353/353
f 355/355/355 357/357/357 356/356/356
f 358/358/358 360/360/360 359/359/359
f 361/361/361 363/363/363 362/362/362
f 364/364/364 366/366/366 365/365/365
f 367/367/367 369/369/369 368/368/368
f 370/370/370 372/372/372 371/371/371
f 373/373/373 375/375/375 374/374/374
f 376/376/376 378/378/378 377/377/377
f 379/379/379 381/381/381 380/380/380
f 382/382/382 384/384/384 383/383/383
f 385/385/385 387/387/387 386/386/386
f 388/388/388 390/390/390 389/389/389
f 391/391/391 393/393/393 392/392/392
f 394/394/394 396/396/396 395/395/395
f 397/397/397 399/399/399 398/398/398
f 400/400/400 402/402/402 401/401/401
f 403/403/403 405/405/405 404/404/404
f 406/406/406 408/408/408 407/407/407
f 409/409/409 411/411/411 410/410/410
f 412/412/412 414/414/414 413/413/413
f 415/415/415 417/417/417 416/416/416
f 418/418/418 420/420/420 419/419/419
f 421/421/421 423/423/423 422/422/422
f 424/424/424 426/426/426 425/425/425
f 427/427/427 429/429/429 428/428/428
f 430/430/430 432/432/432 431/431/431
f 433/433/433 435/435/435 434/434/434
f 436/436/436 438/438/438 437/437/437
f 439/439/439 441/441/441 440/440/440
f 442/442/442 444/444/444 443/443/443
f 445/445/445 447/447/447 446/446/446
f 448/448/448 450/450/450 449/449/449
f 451/451/451 453/453/453 452/452/452
f 454/454/454 456/456/456 455/455/455
f 457/457/457 459/459/459 458/458/458
f 460/460/460 462/462/462 461/461/461
f 463/463/463 465/465/465 464/464/464
f 466/466/466 468/468/468 467/467/467
f 469/469/469 471/471/471 470/470/470
f 472/472/472 474/474/474 473/473/473
f 475/475/475 477/477/477 476/476/476
f 478/478/478 480/480/480 479/479/479
f 481/481/481 483/483/483 482/482/482
f 484/484/484 486/486/486 485/485/485
f 487/487/487 489/489/489 488/488/488
f 490/490/490 492/492/492 491/491/491
f 493/493/493 495/495/495 494/494/494
f 496/496/496 498/498/498 497/497/497
f 499/499/499 501/501/501 500/500/500
f 502/502/502 504/504/504 503/503/503
f 505/505/505 507/507/507 506/506/506
f 508/508/508 510/510/510 509/509/509
f 511/511/511 513/513/513 512/512/512
f 514/514/514 516/516/516 515/515/515
f 517/517/517 519/519/519 518/518/518
f 520/520/520 522/522/522 521/521/521
f 523/523/523 525/525/525 524/524/524
f 526/526/526 528/528/528 527/527/527
f 529/529/529 531/531/531 530/530/530
f 532/532/532 534/534/534 533/533/533
f 535/535/535 537/537/537 536/536/536
f 538/538/538 540/540/540 539/539/539
f 541/541/541 543/543/543 542/542/542
f 544/544/544 546/546/546 545/545/545
f 547/547/547 549/549/549 548/548/548
f 550/550/550 552/552/552 551/551/551
f 553/553/553 555/555/555 554/554/554
f 556/556/556 558/558/558 557/557/557
f 559/559/559 561/561/561 560/560/560
f 562/562/562 564/564/564 563/563/563
f 565/565/565 567/567/567 566/566/566
f 568/568/568 570/570/570 569/569/569
f 571/571/571 573/573/573 572/572/572
f 574/574/574 576/576/576 575/575/575
f 577/577/577 579/579/579 578/578/578
f 580/580/580 582/582/582 581/581/581
f 583/583/583 585/585/585 584/584/584
f 586/586/586 588/588/588 587/587/587
f 589/589/589 591/591/591 590/590/590
f 592/592/592 594/594/594 593/593/593
f 595/595/595 597/597/597 596/596/596
f 598/598/598 600/600/600 599/599/599
f 601/601/601 603/603/603 602/602/602
f 604/604/604 606/606/606 605/605/605
f 607/607/607 609/609/609 608/608/608
f 610/610/610 612/612/612 611/611/611
f 613/613/613 615/615/615 614/614/614
f 616/616/616 618/618/618 617/617/617
f 619/619/619 621/621/621 620/620/620
f 622/622/622 624/624/624 623/623/623
f 625/625/625 627/627/627 626/626/626
f 628/628/628 630/630/630 629/629/629
f 631/631/631 633/633/633 632/632/632
f 634/634/634 636/636/636 635/635/635
f 637/637/637 639/639/639 638/638/638
f 640/640/640 642/642/642 641/641/641
f 643/643/643 645/645/645 644/644/644
f 646/646/646 648/648/648 647/647/647
f 649/649/649 651/651/651 650/650/650
f 652/652/652 654/654/654 653/653/653
f 655/655/655 657/657/657 656/656/656
f 658/658/658 660/660/660 659/659/659
f 661/661/661 663/663/663 662/662/662
f 664/664/664 666/666/666 665/665/665
f 667/667/667 669/669/669 668/668/668
f 670/670/670 672/672/672 671/671/671
f 673/673/673 675/675/675 674/674/674
f 676/676/676 678/678/678 677/677/677
f 679/679/679 681/681/681 680/680/680
f 682/682/682 684/684/684 683/683/683
f 685/685/685 687/687/687 686/686/686
f 688/688/688 690/690/690 689/689/689
f 691/691/691 693/693/693 692/692/692
f 694/694/694 696/696/696 695/695/695
f 697/697/697 699/699/699 698/698/698
f 700/700/700 702/702/702 701/701/701
f 703/703/703 705/705/705 704/704/704
f 706/706/706 708/708/708 707/707/707
f 709/709/709 711/711/711 710/710/710
f 712/712/712 714/714/714 713/713/713
f 715/715/715 717/717/717 716/716/716
f 718/718/718 720/720/720 719/719/719
f 721/721/721 723/723/723 722/722/722
f 724/724/724 726/726/726 725/725/725
f 727/727/727 729/729/729 728/728/728
f 730/730/730 732/732/732 731/731/731
f 733/733/733 735/735/735 734/734/734
f 736/736/736 738/738/738 737/737/737
f 739/739/739 741/741/741 740/740/740
f 742/742/742 744/744/744 743/743/743
f 745/745/745 747/747/747 746/746/746
f 748/748/748 750/750/750 749/749/749
f 751/751/751 753/753/753 752/752/752
f 754/754/754 756/756/756 755/755/755
f 757/757/757 759/759/759 758/758/758
f 760/760/760 762/762/762 761/761/761
f 763/763/763 765/765/765 764/764/764
f 766/766/766 768/768/768 767/767/767
f 769/769/769 771/771/771 770/770/770
f 772/772/772 774/774/774 773/773/773
f 775/775/775 777/777/777 776/776/776
f 778/778/778 780/780/780 779/779/779
f 781/781/781 783/783/783 782/782/782
f 784/784/784 786/786/786 785/785/785
f 787/787/787 789/789/789 788/788/788
f 790/790/790 792/792/792 791/791/791
f 793/793/793 795/795/795 794/794/794
f 796/796/796 798/798/798 797/797/797
f 799/799/799 801/801/801 800/800/800
f 802/802/802 804/804/804 803/803/803
f 805/805/805 807/807/807 806/806/806
f 808/808/808 810/810/810 809/809/809
f 811/811/811 813/813/813 812/812/812
f 814/814/814 816/816/816 815/815/815
f 817/817/817 819/819/819 818/818/818
f 820/820/820 822/822/822 821/821/821
f 823/823/823 825/825/825 824/824/824
f 826/826/826 828/828/828 827/827/827
f 829/829/829 831/831/831 830/830/830
f 832/832/832 834/834/834 833/833/833
f 835/835/835 837/837/837 836/836/836
f 836/836/836 837/837/837 835/835/835
f 838/838/838 840/840/840 839/839/839
f 839/839/839 840/840/840 841/841/841
f 840/840/840 842/842/842 841/841/841
f 842/842/842 843/843/843 841/841/841
f 841/841/841 843/843/843 839/839/839
f 839/839/839 843/843/843 844/844/844
f 844/844/844 843/843/843 835/835/835
f 835/835/835 843/843/843 837/837/837
f 843/843/843 845/845/845 837/837/837
f 845/845/845 840/840/840 837/837/837
f 837/837/837 840/840/840 835/835/835
f 840/840/840 838/838/838 835/835/835
f 846/846/846 848/848/848 847/847/847
f 847/847/847 848/848/848 849/849/849
f 848/848/848 850/850/850 849/849/849
f 850/850/850 843/843/843 849/849/849
f 849/849/849 843/843/843 851/851/851
f 843/843/843 842/842/842 851/851/851
f 842/842/842 840/840/840 851/851/851
f 851/851/851 840/840/840 852/852/852
f 840/840/840 850/850/850 852/852/852
f 850/850/850 848/848/848 852/852/852
f 852/852/852 848/848/848 853/853/853
f 848/848/848 846/846/846 853/853/853
f 853/853/853 854/854/854 852/852/852
f 852/852/852 854/854/854 851/851/851
f 851/851/851 854/854/854 849/849/849
f 849/849/849 854/854/854 847/847/847
f 847/847/847 854/854/854 855/855/855
f 854/854/854 853/853/853 855/855/855
f 856/856/856 858/858/858 857/857/857
f 857/857/857 858/858/858 847/847/847
f 858/858/858 859/859/859 847/847/847
f 847/847/847 859/859/859 846/846/846
f 846/846/846 859/859/859 853/853/853
f 859/859/859 858/858/858 853/853/853
f 853/853/853 858/858/858 860/860/860
f 858/858/858 856/856/856 860/860/860
f 861/861/861 857/857/857 862/862/862
f 862/862/862 857/857/857 863/863/863
f 857/857/857 847/847/847 863/863/863
f 863/863/863 847/847/847 864/864/864
f 847/847/847 855/855/855 864/864/864
f 855/855/855 853/853/853 864/864/864
f 864/864/864 853/853/853 863/863/863
f 853/853/853 860/860/860 863/863/863
f 863/863/863 860/860/860 862/862/862
f 860/860/860 861/861/861 862/862/862
f 861/861/861 865/865/865 862/862/862
f 862/862/862 865/865/865 861/861/861
f 866/866/866 868/868/868 867/867/867
f 867/867/867 868/868/868 869/869/869
f 868/868/868 870/870/870 869/869/869
f 869/869/869 870/870/870 861/861/861
f 861/861/861 870/870/870 857/857/857
f 870/870/870 871/871/871 857/857/857
f 857/857/857 871/871/871 856/856/856
f 856/856/856 871/871/871 860/860/860
f 871/871/871 872/872/872 860/860/860
f 860/860/860 872/872/872 861/861/861
f 861/861/861 872/872/872 866/866/866
f 872/872/872 868/868/868 866/866/866
f 873/873/873 874/874/874 866/866/866
f 866/866/866 874/874/874 861/861/861
f 861/861/861 874/874/874 869/869/869
f 874/874/874 873/873/873 869/869/869
f 875/875/875 876/876/876 869/869/869
f 869/869/869 876/876/876 867/867/867
f 867/867/867 876/876/876 866/866/866
f 876/876/876 875/875/875 866/866/866
f 877/877/877 878/878/878 873/873/873
f 873/873/873 878/878/878 869/869/869
f 869/869/869 878/878/878 875/875/875
f 878/878/878 877/877/877 875/875/875
f 879/879/879 880/880/880 875/875/875
f 875/875/875 880/880/880 866/866/866
f 866/866/866 880/880/880 873/873/873
f 880/880/880 879/879/879 873/873/873
f 881/881/881 883/883/883 882/882/882
f 882/882/882 883/883/883 877/877/877
f 883/883/883 884/884/884 877/877/877
f 877/877/877 884/884/884 875/875/875
f 875/875/875 884/884/884 885/885/885
f 885/885/885 884/884/884 875/875/875
f 875/875/875 884/884/884 879/879/879
f 884/884/884 883/883/883 879/879/879
f 879/879/879 883/883/883 886/886/886
f 883/883/883 881/881/881 886/886/886
f 887/887/887 882/882/882 888/888/888
f 888/888/888 882/882/882 889/889/889
f 882/882/882 877/877/877 889/889/889
f 889/889/889 877/877/877 890/890/890
f 877/877/877 873/873/873 890/890/890
f 873/873/873 879/879/879 890/890/890
f 890/890/890 879/879/879 889/889/889
f 879/879/879 886/886/886 889/889/889
f 889/889/889 886/886/886 888/888/888
f 886/886/886 887/887/887 888/888/888
f 891/891/891 892/892/892 887/887/887
f 887/887/887 892/892/892 882/882/882
f 892/892/892 893/893/893 882/882/882
f 882/882/882 893/893/893 881/881/881
f 881/881/881 893/893/893 886/886/886
f 893/893/893 894/894/894 886/886/886
f 886/886/886 894/894/894 887/887/887
f 894/894/894 891/891/891 887/887/887
f 895/895/895 897/897/897 896/896/896
f 896/896/896 897/897/897 898/898/898
f 897/897/897 894/894/894 898/898/898
f 898/898/898 894/894/894 899/899/899
f 894/894/894 893/893/893 899/899/899
f 893/893/893 892/892/892 899/899/899
f 899/899/899 892/892/892 898/898/898
f 892/892/892 900/900/900 898/898/898
f 898/898/898 900/900/900 901/901/901
f 901/901/901 900/900/900 895/895/895
f 900/900/900 902/902/902 895/895/895
f 895/895/895 902/902/902 897/897/897
f 897/897/897 902/902/902 894/894/894
f 902/902/902 903/903/903 894/894/894
f 894/894/894 903/903/903 891/891/891
f 891/891/891 903/903/903 892/892/892
f 903/903/903 902/902/902 892/892/892
f 892/892/892 902/902/902 900/900/900
f 898/898/898 904/904/904 896/896/896
f 896/896/896 904/904/904 905/905/905
f 904/904/904 906/906/906 905/905/905
f 906/906/906 904/904/904 905/905/905
f 905/905/905 904/904/904 901/901/901
f 904/904/904 898/898/898 901/901/901
f 907/907/907 901/901/901 908/908/908
f 908/908/908 901/901/901 909/909/909
f 901/901/901 895/895/895 909/909/909
f 895/895/895 896/896/896 909/909/909
f 909/909/909 896/896/896 908/908/908
f 896/896/896 907/907/907 908/908/908
f 910/910/910 901/901/901 911/911/911
f 901/901/901 907/907/907 911/911/911
f 907/907/907 912/912/912 911/911/911
f 911/911/911 912/912/912 913/913/913
f 912/912/912 914/914/914 913/913/913
f 914/914/914 915/915/915 913/913/913
f 913/913/913 915/915/915 911/911/911
f 915/915/915 916/916/916 911/911/911
f 911/911/911 916/916/916 910/910/910
f 916/916/916 917/917/917 910/910/910
f 910/910/910 917/917/917 896/896/896
f 896/896/896 917/917/917 907/907/907
f 907/907/907 917/917/917 912/912/912
f 917/917/917 918/918/918 912/912/912
f 912/912/912 918/918/918 919/919/919
f 919/919/919 918/918/918 920/920/920
f 918/918/918 917/917/917 920/920/920
f 920/920/920 917/917/917 916/916/916
f 920/920/920 921/921/921 919/919/919
f 919/919/919 921/921/921 922/922/922
f 922/922/922 921/921/921 914/914/914
f 914/914/914 921/921/921 915/915/915
f 915/915/915 921/921/921 923/923/923
f 921/921/921 920/920/920 923/923/923
f 912/912/912 919/919/919 924/924/924
f 924/924/924 919/919/919 925/925/925
f 925/925/925 919/919/919 926/926/926
f 926/926/926 919/919/919 927/927/927
f 919/919/919 922/922/922 927/927/927
f 922/922/922 914/914/914 927/927/927
f 927/927/927 914/914/914 928/928/928
f 928/928/928 914/914/914 925/925/925
f 925/925/925 914/914/914 929/929/929
f 914/914/914 912/912/912 929/929/929
f 930/930/930 932/932/932 931/931/931
f 931/931/931 932/932/932 933/933/933
f 934/934/934 935/935/935 931/931/931
f 931/931/931 935/935/935 930/930/930
f 935/935/935 936/936/936 930/930/930
f 930/930/930 936/936/936 937/937/937
f 937/937/937 936/936/936 933/933/933
f 936/936/936 938/938/938 933/933/933
f 933/933/933 938/938/938 931/931/931
f 938/938/938 934/934/934 931/931/931
f 933/933/933 939/939/939 937/937/937
f 937/937/937 939/939/939 930/930/930
f 930/930/930 939/939/939 940/940/940
f 940/940/940 939/939/939 941/941/941
f 941/941/941 939/939/939 942/942/942
f 942/942/942 939/939/939 943/943/943
f 943/943/943 939/939/939 944/944/944
f 939/939/939 933/933/933 944/944/944
f 945/945/945 946/946/946 941/941/941
f 941/941/941 946/946/946 940/940/940
f 946/946/946 947/947/947 940/940/940
f 940/940/940 947/947/947 930/930/930
f 947/947/947 948/948/948 930/930/930
f 930/930/930 948/948/948 932/932/932
f 932/932/932 948/948/948 933/933/933
f 948/948/948 947/947/947 933/933/933
f 933/933/933 947/947/947 944/944/944
f 947/947/947 946/946/946 944/944/944
f 944/944/944 946/946/946 943/943/943
f 946/946/946 945/945/945 943/943/943
f 949/949/949 951/951/951 950/950/950
f 950/950/950 951/951/951 952/952/952
f 952/952/952 951/951/951 953/953/953
f 951/951/951 954/954/954 953/953/953
f 955/955/955 956/956/956 953/953/953
f 953/953/953 956/956/956 952/952/952
f 952/952/952 956/956/956 950/950/950
f 956/956/956 957/957/957 950/950/950
f 958/958/958 960/960/960 959/959/959
f 959/959/959 960/960/960 961/961/961
f 961/961/961 960/960/960 962/962/962
f 960/960/960 963/963/963 962/962/962
f 964/964/964 965/965/965 962/962/962
f 962/962/962 965/965/965 961/961/961
f 961/961/961 965/965/965 959/959/959
f 965/965/965 966/966/966 959/959/959
f 967/967/967 969/969/969 968/968/968
f 969/969/969 970/970/970 968/968/968
f 968/968/968 970/970/970 971/971/971
f 971/971/971 970/970/970 972/972/972
f 972/972/972 970/970/970 973/973/973
f 970/970/970 974/974/974 973/973/973
f 969/969/969 967/967/967 975/975/975
f 975/975/975 967/967/967 976/976/976
f 967/967/967 977/977/977 976/976/976
f 977/977/977 978/978/978 976/976/976
f 976/976/976 978/978/978 979/979/979
f 978/978/978 980/980/980 979/979/979
f 980/980/980 981/981/981 979/979/979
f 981/981/981 982/982/982 979/979/979
f 982/982/982 983/983/983 979/979/979
f 979/979/979 983/983/983 976/976/976
f 983/983/983 984/984/984 976/976/976
f 984/984/984 985/985/985 976/976/976
f 976/976/976 985/985/985 975/975/975
f 975/975/975 985/985/985 969/969/969
f 985/985/985 986/986/986 969/969/969
f 969/969/969 986/986/986 970/970/970
f 986/986/986 987/987/987 970/970/970
f 970/970/970 987/987/987 974/974/974
f 985/985/985 984/984/984 988/988/988
f 984/984/984 983/983/983 988/988/988
f 988/988/988 983/983/983 989/989/989
f 983/983/983 982/982/982 989/989/989
f 982/982/982 990/990/990 989/989/989
f 990/990/990 991/991/991 989/989/989
f 991/991/991 992/992/992 989/989/989
f 989/989/989 992/992/992 988/988/988
f 992/992/992 977/977/977 988/988/988
f 977/977/977 993/993/993 988/988/988
f 988/988/988 993/993/993 994/994/994
f 994/994/994 993/993/993 995/995/995
f 993/993/993 968/968/968 995/995/995
f 995/995/995 968/968/968 996/996/996
f 968/968/968 971/971/971 996/996/996
f 971/971/971 997/997/997 996/996/996
f 997/997/997 998/998/998 996/996/996
f 996/996/996 998/998/998 999/999/999
f 988/988/988 994/994/994 985/985/985
f 994/994/994 995/995/995 985/985/985
f 985/985/985 995/995/995 986/986/986
f 995/995/995 996/996/996 986/986/986
f 986/986/986 996/996/996 987/987/987
f 996/996/996 999/999/999 987/987/987
f 1000/1000/1000 991/991/991 1001/1001/1001
f 991/991/991 990/990/990 1001/1001/1001
f 990/990/990 982/982/982 1001/1001/1001
f 1001/1001/1001 982/982/982 1002/1002/1002
f 1002/1002/1002 982/982/982 1003/1003/1003
f 982/982/982 981/981/981 1003/1003/1003
f 981/981/981 980/980/980 1003/1003/1003
f 1003/1003/1003 980/980/980 1000/1000/1000
f 1004/1004/1004 1006/1006/1006 1005/1005/1005
f 1005/1005/1005 1006/1006/1006 1007/1007/1007
f 1006/1006/1006 1008/1008/1008 1007/1007/1007
f 1008/1008/1008 1009/1009/1009 1007/1007/1007
f 1007/1007/1007 1009/1009/1009 1010/1010/1010
f 1010/1010/1010 1009/1009/1009 1004/1004/1004
f 1009/1009/1009 1011/1011/1011 1004/1004/1004
f 1004/1004/1004 1011/1011/1011 1006/1006/1006
f 1012/1012/1012 1014/1014/1014 1013/1013/1013
f 1013/1013/1013 1014/1014/1014 1015/1015/1015
f 1014/1014/1014 1016/1016/1016 1015/1015/1015
f 1015/1015/1015 1016/1016/1016 1017/1017/1017
f 1016/1016/1016 1018/1018/1018 1017/1017/1017
f 1017/1017/1017 1018/1018/1018 1019/1019/1019
f 1018/1018/1018 1020/1020/1020 1019/1019/1019
f 1019/1019/1019 1020/1020/1020 1021/1021/1021
f 1020/1020/1020 1022/1022/1022 1021/1021/1021
f 1021/1021/1021 1022/1022/1022 1023/1023/1023
f 1022/1022/1022 1024/1024/1024 1023/1023/1023
f 1023/1023/1023 1024/1024/1024 1025/1025/1025
f 1024/1024/1024 1026/1026/1026 1025/1025/1025
f 1025/1025/1025 1026/1026/1026 1027/1027/1027
f 1026/1026/1026 1012/1012/1012 1027/1027/1027
f 1027/1027/1027 1012/1012/1012 1013/1013/1013
f 1028/1028/1028 1030/1030/1030 1029/1029/1029
f 1029/1029/1029 1030/1030/1030 1031/1031/1031
f 1030/1030/1030 1032/1032/1032 1031/1031/1031
f 1031/1031/1031 1032/1032/1032 1033/1033/1033
f 1032/1032/1032 1034/1034/1034 1033/1033/1033
f 1033/1033/1033 1034/1034/1034 1035/1035/1035
f 1034/1034/1034 1036/1036/1036 1035/1035/1035
f 1035/1035/1035 1036/1036/1036 1037/1037/1037
f 1036/1036/1036 1038/1038/1038 1037/1037/1037
f 1037/1037/1037 1038/1038/1038 1039/1039/1039
f 1038/1038/1038 1040/1040/1040 1039/1039/1039
f 1039/1039/1039 1040/1040/1040 1041/1041/1041
f 1040/1040/1040 1042/1042/1042 1041/1041/1041
f 1041/1041/1041 1042/1042/1042 1043/1043/1043
f 1042/1042/1042 1028/1028/1028 1043/1043/1043
f 1043/1043/1043 1028/1028/1028 1029/1029/1029
f 1044/1044/1044 1046/1046/1046 1045/1045/1045
f 1045/1045/1045 1046/1046/1046 1047/1047/1047
f 1046/1046/1046 1048/1048/1048 1047/1047/1047
f 1048/1048/1048 1049/1049/1049 1047/1047/1047
f 1047/1047/1047 1049/1049/1049 1050/1050/1050
f 1050/1050/1050 1049/1049/1049 1044/1044/1044
f 1049/1049/1049 1051/1051/1051 1044/1044/1044
f 1044/1044/1044 1051/1051/1051 1046/1046/1046
f 1046/1046/1046 1051/1051/1051 1052/1052/1052
f 1051/1051/1051 1049/1049/1049 1052/1052/1052
f 1052/1052/1052 1049/1049/1049 1053/1053/1053
f 1053/1053/1053 1049/1049/1049 1054/1054/1054
f 1049/1049/1049 1048/1048/1048 1054/1054/1054
f 1048/1048/1048 1046/1046/1046 1054/1054/1054
f 1054/1054/1054 1046/1046/1046 1055/1055/1055
f 1046/1046/1046 1052/1052/1052 1055/1055/1055
