mtllib momodrhzsk.mtl
o momodrhzsk_part_0
v -7.632009E-09 -0.1676594 0.0528999977
v -4.309943E-09 -0.15935941 0.0231999978
v -0.0196000021 -0.1286594 0.0288999975
v -0.0282000117 -0.167159408 0.08479999
v -0.02910001 -0.13465941 0.0964
v -5.25411048E-09 -0.101859413 0.0915
v -0.02910001 -0.13465941 0.0964
v -7.868125E-11 -0.0999594 0.0342000052
v -0.0209999979 -0.1298594 -0.0212000012
v -1.22391514E-10 -0.1569594 -0.0223000012
v -0.0196000021 -0.1286594 0.0288999975
v 0.0195999984 -0.128659412 0.0289000012
v 0.02829999 -0.167159408 0.0848
v 0.0291999914 -0.13465941 0.0964
v 0.0211000014 -0.1298594 -0.0211999975
v 0.0195999984 -0.128659412 0.0289000012
v 4.362398E-09 -0.159959391 -0.0766
v -0.0224999934 -0.1331594 -0.0766
v -0.0209999885 -0.129859388 -0.132
v 1.42149448E-08 -0.103259392 -0.1326
v 1.93029521E-08 -0.09995938 -0.1875
v -0.0195999835 -0.128659382 -0.1821
v 9.371723E-09 -0.156959385 -0.1309
v 0.02110001 -0.129859388 -0.132
v 0.019600017 -0.128659382 -0.1821
v 0.0225000083 -0.1331594 -0.0766
v 4.362398E-09 -0.159959391 -0.0766
v 4.4235926E-09 -0.1032594 -0.0205999985
v 9.048258E-09 -0.106359392 -0.0766
v 1.31396467E-08 -0.159359381 -0.1764
v 1.50104942E-08 -0.167659387 -0.2061
v -0.0281999819 -0.167159379 -0.238
v -0.0290999785 -0.13465938 -0.2496
v 2.41461748E-08 -0.101859383 -0.2448
v 0.029200023 -0.13465938 -0.2496
v 0.028300019 -0.167159379 -0.238
v -4.897424E-08 -0.474559426 0.218899965
v -0.0444000475 -0.417059422 0.249599963
v -0.0274000578 -0.505959451 0.284999967
v -5.197284E-08 -0.5104594 0.217299968
v -5.12384872E-08 -0.5685594 0.15079996
v -6.168551E-08 -0.5498594 0.288999975
v -6.70882443E-08 -0.498359442 0.40229997
v -0.0374000631 -0.449959457 0.389699966
v -0.0500000566 -0.372559428 0.394099981
v -0.027300071 -0.425459445 0.518
v -7.517485E-08 -0.479759455 0.513399959
v 0.0373999365 -0.449959457 0.389699966
v 0.0274999421 -0.505959451 0.284999967
v 0.04439995 -0.417059422 0.249599978
v 0.0499999449 -0.372559428 0.394099981
v 0.04889996 -0.362359434 0.254799962
v -3.83523719E-08 -0.3851594 0.186799988
v -3.84660233E-08 -0.370559424 0.202699989
v -0.04880004 -0.362359434 0.254799962
v -3.0563E-08 -0.3608594 0.121999979
v 0.05079996 -0.336059421 0.2651
v 0.03159997 -0.284759432 0.194499984
v 0.0727999657 -0.300059438 0.2569
v 0.0417999737 -0.172059432 0.2434
v 0.0537999719 -0.194259435 0.2987
v 0.079299964 -0.277459443 0.3221
v 0.09489996 -0.210159436 0.3751
v 0.085899964 -0.176359445 0.4035
v 0.106299959 -0.133959442 0.4331
v 0.109199964 -0.0613594465 0.456500024
v 0.0496999659 -0.07985944 0.4182
v 0.07819997 -0.00175943947 0.430800021
v 0.0564999655 -0.00235945336 0.495100021
v 0.110899962 -0.06305946 0.5298
v 0.07379995 -0.05815946 0.5777
v -3.16470548E-08 0.01174055 0.507
v -4.42009664E-08 -0.0647594556 0.5741
v -0.07380004 -0.05815945 0.5777
v -0.04280005 -0.07015945 0.6202
v -0.0565000325 -0.00235944358 0.4951
v -0.03870003 0.0333405621 0.4916
v -2.50553764E-08 0.08234055 0.5022
v -2.58946358E-08 0.0528405644 0.482300043
v -0.0441000238 0.04354056 0.449
v -0.07810003 -0.00175942585 0.4308
v -0.0660000145 0.06264056 0.3897
v -1.85948323E-08 0.0127405655 0.3587
v -1.14611316E-08 0.0589405745 0.323300034
v -0.05540001 0.102840573 0.362000018
v -9.712676E-09 0.08604057 0.33040002
v -0.0273000021 0.167540565 0.317800015
v -6.119656E-10 0.152440563 0.292700022
v -0.0191999953 0.228440568 0.29610002
v 6.294433E-09 0.221540555 0.282800019
v 1.29385649E-08 0.2757406 0.261000037
v 4.59843053E-09 0.230040565 0.310700029
v -2.20305951E-09 0.189740583 0.348200023
v -0.037300013 0.113540575 0.388700038
v -1.45471564E-08 0.121140577 0.42080003
v 0.0441999771 0.0435405523 0.449000031
v 0.03729999 0.113540567 0.388700038
v 0.0272999983 0.167540565 0.317800015
v 0.0192000065 0.228440568 0.29610002
v 0.0553999878 0.102840565 0.362000018
v 0.0659999847 0.0626405552 0.389700025
v 0.03879997 0.03334056 0.491600037
v -2.02908321E-08 -0.0111594284 0.3542
v -2.49329819E-08 -0.03495943 0.3835
v -0.049600035 -0.0798594356 0.4182
v -2.74157888E-08 -0.0727594346 0.3741
v 0.0494999662 -0.144459441 0.3905
v -3.08602459E-08 -0.138559431 0.3477
v -2.596457E-08 -0.147859424 0.2824
v 0.0413999856 -0.114259422 0.1684
v -1.1635974E-08 -0.0790594146 0.1873
v -0.0414000154 -0.114259414 0.1684
v -0.0418000259 -0.172059417 0.2434
v -0.05380003 -0.19425942 0.2987
v -0.0495000333 -0.144459426 0.3905
v -2.63055178E-08 -0.09365943 0.3405
v -4.45856152E-08 -0.46535942 0.177899972
v 0.02819996 -0.4338594 0.17779997
v -3.63241632E-08 -0.395659417 0.153099969
v -0.0281000417 -0.4338594 0.17779997
v -4.12985166E-08 -0.4880594 0.117599972
v -0.0381000079 -0.106359407 0.0922
v 2.124372E-09 -0.0411594063 0.06780001
v 0.038099993 -0.106359415 0.09220001
v 0.03019999 -0.2169594 0.043499995
v 0.02759998 -0.2356594 0.1309
v -2.10863735E-08 -0.294359416 0.080099985
v -0.03160003 -0.2847594 0.194499984
v -0.02750002 -0.2356594 0.130899981
v -0.030200012 -0.2169594 0.0434999876
v -1.16097443E-08 -0.26205942 0.003999989
v -0.05080004 -0.336059421 0.265099972
v -0.07270004 -0.300059438 0.256899983
v -0.07930004 -0.2774594 0.322099984
v -0.0949000344 -0.210159421 0.375099957
v -0.08580004 -0.17635943 0.4035
v -0.109100036 -0.0613594279 0.4565
v -0.110800035 -0.0630594343 0.5298
v -7.872421E-08 -0.456459433 0.5773
v -0.0243000723 -0.392859459 0.5751
v -7.91525849E-08 -0.422359437 0.6163
v -0.0205000788 -0.366059452 0.664
v -8.132942E-08 -0.39675945 0.6668
v -8.53333759E-08 -0.38645947 0.7229
v -0.008600085 -0.372259468 0.7263
v -7.779754E-08 -0.343359441 0.6798
v -8.42406E-08 -0.361759454 0.7351
v -8.92848959E-08 -0.383659482 0.7709
v 0.008699915 -0.372259468 0.7263
v 0.0205999222 -0.366059482 0.664
v 0.0243999269 -0.392859459 0.5751
v 0.02739993 -0.425459445 0.518
v 0.03689993 -0.36915946 0.5389
v -6.517369E-08 -0.329959452 0.5488
v -0.0369000658 -0.36915943 0.5389
v -0.0453000553 -0.334959447 0.451099962
v 0.0453999452 -0.334959447 0.4511
v -0.106300034 -0.133959427 0.4331
v 0.04289995 -0.07015946 0.6202
v -0.0274000131 -0.267759383 0.0159999859
v 0.00489998376 -0.3104594 0.010499985
v -0.0253000148 -0.3159594 -0.00570001826
v -1.18370433E-08 -0.261859417 0.006799989
v 0.0221999884 -0.2181594 0.049399998
v -0.05480001 -0.2204594 0.04469999
v -0.0577000119 -0.2485594 0.0162999853
v -0.0555000156 -0.291459382 -0.00340001867
v -0.0545000136 -0.3374594 -0.0237000231
v -0.021700019 -0.3528594 -0.0122000212
v -0.0518000163 -0.360059381 -0.0509000272
v -0.0222000163 -0.376059383 -0.0474000238
v -0.0535000153 -0.3685594 -0.07660002
v -0.0246000141 -0.386659384 -0.07660002
v -0.02220001 -0.376059383 -0.105800025
v -0.0518000126 -0.360059381 -0.102300026
v -0.0217000078 -0.3528594 -0.141000018
v -0.0545000061 -0.3374594 -0.129600033
v -0.0253000036 -0.315959364 -0.147500008
v -0.0555 -0.291459382 -0.149800017
v -0.0273999963 -0.267759383 -0.169200018
v 0.00489999866 -0.3104594 -0.163700014
v 2.745078E-09 -0.2618594 -0.160000011
v 0.02220001 -0.218159378 -0.2026
v -0.05479999 -0.220459387 -0.197900012
v -0.057699997 -0.248559386 -0.169500008
v -0.0902999938 -0.243659377 -0.160200015
v -0.0964999944 -0.214859381 -0.191900015
v -0.0937999859 -0.17015937 -0.222000018
v -0.0490999855 -0.16285938 -0.2122
v -0.04889998 -0.105359375 -0.2374
v 0.00600002147 -0.138159379 -0.2477
v -0.0132999746 -0.100159377 -0.25
v -0.0548999757 -0.074959375 -0.2388
v -0.012099972 -0.0424593762 -0.2267
v -0.0622999743 -0.0191593766 -0.1998
v -0.123199977 -0.05485937 -0.212
v -0.09239998 -0.113159373 -0.228
v -0.122899987 -0.154859379 -0.202500015
v -0.117699996 -0.19395937 -0.186800018
v -0.118099995 -0.230259374 -0.159200013
v -0.1136 -0.2839594 -0.134300023
v -0.0856 -0.2936594 -0.147000015
v -0.0808000043 -0.345159382 -0.127800032
v -0.07880001 -0.3660594 -0.106700033
v -0.07590002 -0.378759384 -0.07660003
v -0.0788000152 -0.3660594 -0.0465000272
v -0.08080001 -0.345159382 -0.0254000258
v -0.08560002 -0.2936594 -0.0062000216
v -0.09030001 -0.243659392 0.006899982
v -0.09650001 -0.2148594 0.0386999846
v -0.09380001 -0.1701594 0.0686999857
v -0.0491000079 -0.1628594 0.0589999929
v -0.0489000045 -0.105359405 0.0842
v 0.005999991 -0.138159409 0.0945
v -0.0133000053 -0.100159407 0.0968
v -0.0549000055 -0.0749594048 0.0856
v -0.0120999981 -0.0424594022 0.07350001
v -0.0622999929 -0.0191593971 0.0466000028
v -0.1232 -0.0548593923 0.058799997
v -0.09240001 -0.1131594 0.07479999
v -0.122900009 -0.1548594 0.0491999872
v -0.117700011 -0.1939594 0.0335999839
v -0.11810001 -0.230259389 0.00599998143
v -0.113600016 -0.2839594 -0.0189000219
v -0.114800014 -0.3348594 -0.0369000249
v -0.121000014 -0.356559366 -0.0602000281
v -0.117000014 -0.36705938 -0.07660003
v -0.121000014 -0.356559366 -0.09300003
v -0.114800006 -0.334859371 -0.116300032
v -0.1353 -0.3040594 -0.12060003
v -0.137200013 -0.336559385 -0.09770003
v -0.139200017 -0.3376594 -0.07660003
v -0.137200013 -0.336559385 -0.05550003
v -0.13530001 -0.3040594 -0.0326000266
v -0.147700012 -0.262359381 -0.03160002
v -0.13880001 -0.233059391 -0.0113000209
v -0.124300011 -0.201359391 0.0105999829
v -0.1319 -0.132759392 0.04719999
v -0.1635 -0.134159386 0.0516999848
v -0.1646 -0.07665939 0.06759999
v -0.1387 0.00694060931 0.0681
v -0.118599996 -0.0219593942 0.027
v -0.130399987 0.0128406072 0.0398
v -0.130299985 0.0600405969 0.08670001
v -0.1679 0.00554060237 0.0792
v -0.1986 -0.0525593869 0.0626999959
v -0.1934 -0.125659391 0.0461999848
v -0.1795 -0.1936594 0.0211999789
v -0.155200019 -0.195859388 0.02439998
v -0.1422 -0.1918594 0.0120999822
v -0.160000011 -0.2368594 -0.005200023
v -0.1829 -0.231859386 -0.0336000249
v -0.1634 -0.248559386 -0.0426000245
v -0.1572 -0.265859365 -0.0536000244
v -0.148900017 -0.30455938 -0.05210003
v -0.147900015 -0.3044594 -0.07660003
v -0.1489 -0.30455938 -0.101100028
v -0.1572 -0.265859365 -0.0996000245
v -0.1477 -0.262359381 -0.121600024
v -0.1388 -0.233059376 -0.141900018
v -0.124299996 -0.201359376 -0.163800016
v -0.131899983 -0.132759377 -0.20040001
v -0.163499981 -0.134159371 -0.204900011
v -0.16459997 -0.07665937 -0.220800012
v -0.138699964 0.006940635 -0.2214
v -0.118599981 -0.0219593756 -0.1802
v -0.130399972 0.0128406268 -0.193
v -0.130299956 0.0600406267 -0.2399
v -0.167899966 0.00554062938 -0.2324
v -0.198599964 -0.05255936 -0.215900019
v -0.193399981 -0.125659361 -0.199400008
v -0.179499984 -0.193659365 -0.174400017
v -0.15519999 -0.195859373 -0.177600011
v -0.142199978 -0.191859379 -0.165300012
v -0.16 -0.236859381 -0.148000032
v -0.1829 -0.231859371 -0.11960002
v -0.1634 -0.248559371 -0.110600024
v -0.165 -0.240759373 -0.0934000239
v -0.1783 -0.218059376 -0.10020002
v -0.1732 -0.21915938 -0.07660002
v -0.1637 -0.248659387 -0.07660002
v -0.1537 -0.266959369 -0.07660002
v -0.165 -0.240759388 -0.05980002
v -0.1783 -0.218059376 -0.05300002
v 0.005599981 -0.325259417 0.0201999824
v 0.0216999818 -0.3222594 0.0249999855
v 0.0380999781 -0.3336594 0.0387999862
v 0.0214999821 -0.3335594 0.020899985
v 0.008899982 -0.333159417 0.00129998336
v 0.007699981 -0.3532594 -0.00410001865
v 0.006599979 -0.3718594 0.00269997981
v 0.0231999774 -0.372159421 0.009399981
v 0.0425999723 -0.398959428 0.02129998
v 0.0245999768 -0.382359415 -0.00150001969
v 0.0108999806 -0.372259378 -0.01670002
v 0.008999981 -0.3849594 -0.0335000232
v 0.0125999795 -0.4111594 -0.0423000231
v 0.0286999773 -0.415759385 -0.03430002
v 0.04939998 -0.442559421 -0.0368000232
v 0.03059998 -0.4199594 -0.0461000241
v 0.0148999821 -0.3929594 -0.058800023
v 0.013799984 -0.3956594 -0.07660002
v 0.0148999849 -0.3929594 -0.0944000259
v 0.0125999851 -0.4111594 -0.111000024
v 0.0305999853 -0.4199594 -0.107100025
v 0.0493999831 -0.4425594 -0.116400026
v 0.0286999848 -0.415759385 -0.118900023
v 0.008999988 -0.3849594 -0.119700022
v 0.0108999908 -0.372259378 -0.136500016
v 0.00659999251 -0.3718594 -0.155900016
v 0.02459999 -0.3823594 -0.15170002
v 0.04259999 -0.3989594 -0.174500018
v 0.0231999923 -0.3721594 -0.162600011
v 0.007699994 -0.353259385 -0.149100021
v 0.007699994 -0.353259385 -0.149100021
v 0.008899996 -0.3331594 -0.154500008
v 0.0055999984 -0.3252594 -0.173400015
v 0.0216999985 -0.3222594 -0.178300008
v 0.0381 -0.333659381 -0.192100018
v 0.0214999989 -0.3335594 -0.174100012
v -0.156199992 0.08634061 0.09210001
v -0.179599985 0.0997406 0.07740001
v -0.189099982 0.04634061 0.0748
v -0.225899979 -0.004959388 0.0378999934
v -0.208399981 0.07374062 0.0548
v -0.189999983 0.113040611 0.0564000048
v -0.175099984 0.100940615 0.023900006
v -0.192899987 -0.0110593867 -0.004100006
v -0.2189 -0.116159379 0.0237999838
v -0.1955 -0.184959382 -0.0006000216
v -0.19 -0.146059379 -0.02810002
v -0.211999983 -0.0499593727 -0.0766000152
v -0.1906 -0.149859384 -0.0766000152
v -0.189999983 -0.146059379 -0.125100017
v -0.192899972 -0.0110593736 -0.1491
v -0.21889998 -0.116159365 -0.177100018
v -0.225899965 -0.004959368 -0.191100016
v -0.195499986 -0.184959367 -0.152700022
v -0.156199962 0.08634064 -0.2453
v -0.179599956 0.09974063 -0.2306
v -0.189099967 0.0463406369 -0.228
v -0.208399966 0.07374064 -0.208
v -0.189999953 0.113040633 -0.2096
v -0.175099969 0.10094063 -0.1772
v -0.183899969 0.100240633 -0.1531
v -0.219799966 0.05534063 -0.0766
v -0.183899984 0.100240618 -9.999566E-05
v -0.18659997 0.1682406 -0.03119999
v -0.182899982 0.115740612 0.00280000572
v -0.19099997 0.212540641 -0.0765999854
v -0.18659997 0.168240622 -0.121999994
v -0.182899967 0.115740627 -0.156
v -0.187399954 0.146340623 -0.213399991
v -0.187399983 0.146340609 0.0602000058
v 0.008500016 -0.184159383 -0.2341
v 0.0301000215 -0.131559387 -0.255
v 0.049700018 -0.138959378 -0.229
v 0.08230003 -0.09675938 -0.2967
v 0.0330000259 -0.101759382 -0.2569
v 0.0112000257 -0.103959382 -0.2667
v 0.0153000271 -0.07605938 -0.2484
v 0.03690003 -0.07355937 -0.2959
v 0.04100002 -0.16985938 -0.2365
v 0.0610000156 -0.168359384 -0.2201
v 0.08830002 -0.153459385 -0.2457
v 0.008499989 -0.184159413 0.0809
v 0.03009999 -0.131559417 0.1017
v 0.0496999919 -0.138959408 0.07580001
v 0.08229999 -0.09675942 0.143500015
v 0.0329999924 -0.101759411 0.103700005
v 0.0111999922 -0.103959411 0.1135
v 0.0152999964 -0.07605941 0.09510001
v 0.03689999 -0.07355942 0.142700016
v 0.04099999 -0.169859409 0.0833
v 0.0609999932 -0.168359414 0.0669
v 0.08829999 -0.153459415 0.09240001
v -0.042900078 -0.07255948 0.9637
v -0.05240007 -0.08265947 0.8435
v -6.506878E-08 -0.04865947 0.8289
v -7.73429463E-08 -0.0141594913 1.0038
v -8.035028E-08 -0.0490594879 1.0033
v -0.03170009 -0.0479594953 1.0915
v -8.544704E-08 -0.03805949 1.0726
v -8.738782E-08 -0.0505594946 1.0823
v -0.03920009 -0.07785949 1.0698
v -0.06530009 -0.129359484 1.0616
v -0.07430008 -0.139059469 0.8971
v -0.0857000649 -0.136959463 0.7674
v -0.06750006 -0.107859455 0.6819
v -0.0424000546 -0.104859456 0.6813
v -5.71045682E-08 -0.06705946 0.7194
v 0.0524999276 -0.08265948 0.8435
v 0.04289992 -0.07255949 0.9637
v 0.0317999125 -0.0479595 1.0915
v 0.03929991 -0.0778595 1.0698
v 0.06529991 -0.1293595 1.0616
v 0.07429992 -0.139059484 0.8971
v 0.08569993 -0.136959478 0.7674
v 0.06749994 -0.10785947 0.6819
v 0.0424999446 -0.104859464 0.6813
v 0.0231999457 -0.0335594676 0.7154
v 0.04289995 -0.07015946 0.6202
v 0.0181999523 -0.0167594627 0.6662
v 0.0169999544 -0.04755946 0.6092
v -4.42009664E-08 -0.0647594556 0.5741
v -4.121111E-08 -0.00175944774 0.6029
v -0.0169000458 -0.047559455 0.6092
v -4.46992772E-08 -0.0251594577 0.6194
v -4.582703E-08 -0.01015946 0.6473
v -0.01810005 -0.0167594589 0.6662
v -0.04280005 -0.07015945 0.6202
v -0.0231000539 -0.0335594639 0.7154
v -5.76203618E-08 -0.0283594653 0.764
v -5.37562777E-08 0.04814053 0.7963
v -5.13958618E-08 0.0163405333 0.7375
v -4.9734826E-08 0.0297405384 0.7319
v -4.912287E-08 0.00254054228 0.6977
v -4.344039E-08 0.0581405461 0.6883
v -0.0319000967 -0.0587595 1.1698
v -9.1977526E-08 -0.0334595032 1.1519
v -0.0255000982 -0.0205595065 1.2483
v -9.52733643E-08 0.00284048636 1.2259
v -9.699559E-08 -0.00565950945 1.2371
v -0.0169001017 0.0155404862 1.3144
v -9.912871E-08 0.0406404771 1.3078
v -0.0223001055 0.049540475 1.3949
v -1.02686812E-07 0.08134048 1.3892
v -1.04846158E-07 0.0662404746 1.3988
v -1.08753966E-07 0.105840467 1.4831
v -0.03450011 0.06624047 1.4887
v -1.10458707E-07 0.09624046 1.493
v -0.02930012 0.09744047 1.5914
v -1.15450547E-07 0.137340456 1.5912
v -1.16840567E-07 0.126640469 1.5964
v -0.0206001252 0.107640453 1.6688
v -1.22619213E-07 0.141140446 1.677
v -1.24122892E-07 0.128140464 1.6812
v -1.30548457E-07 0.116340443 1.7429
v -0.014700138 0.07274044 1.7857
v -1.41100386E-07 0.0790404454 1.8263
v -0.00780014647 0.0390404351 1.8526
v -1.46494372E-07 0.04954043 1.8585
v -1.54100164E-07 -0.00215956732 1.8938
v -1.47263691E-07 0.0272404421 1.845
v -1.39124623E-07 0.05234044 1.777
v -0.0158001278 0.0612404533 1.6725
v -0.025200123 0.0473404638 1.5922
v -0.02170012 0.0142404623 1.5107
v -1.22898967E-07 0.004340469 1.5434
v -1.25023334E-07 -0.0129595343 1.5504
v -1.2079208E-07 -0.0132595347 1.5017
v -1.17767243E-07 -0.0415595248 1.4388
v -0.0224001147 -0.0373595245 1.4154
v -1.22007251E-07 -0.0671595261 1.4617
v -1.17426296E-07 -0.06555953 1.4109
v -0.0311001111 -0.101959512 1.314
v -1.14952229E-07 -0.104059517 1.3441
v -1.199091E-07 -0.132159516 1.3727
v -1.14689961E-07 -0.126259521 1.3189
v -0.0358001068 -0.1672595 1.1964
v -1.11359142E-07 -0.1868595 1.2202
v -0.02850011 -0.1911595 1.2079
v -1.16630737E-07 -0.220559508 1.2468
v -1.11341663E-07 -0.209359512 1.1975
v -1.03543556E-07 -0.220459491 1.0972
v -0.0405001 -0.2048595 1.0655
v -0.0594001 -0.1075595 1.1813
v -0.0448000878 -0.212959483 0.9373
v -9.386584E-08 -0.250559479 0.9564
v -0.0321000963 -0.2736595 0.9503
v -1.02485735E-07 -0.319859475 0.9857
v -9.536952E-08 -0.2901595 0.934
v -8.088357E-08 -0.274159461 0.7843
v -0.0507000834 -0.231959477 0.8535
v -0.0604000725 -0.213559464 0.7144
v -7.506995E-08 -0.259659469 0.7323
v 0.0507999174 -0.231959477 0.8535
v 0.06049993 -0.213559479 0.7144
v 0.04489991 -0.212959483 0.9373
v 0.0404999 -0.2048595 1.0655
v 0.0594999 -0.10755951 1.1813
v 0.031899903 -0.0587595031 1.1698
v 0.0254999 -0.0205595121 1.2483
v 0.0168998968 0.0155404834 1.3144
v 0.022399893 0.04954047 1.3949
v 0.0344998874 0.06624046 1.4887
v 0.0292998813 0.09744046 1.5914
v 0.0205998756 0.107640445 1.6688
v 0.0147998622 0.07274044 1.7857
v 0.007799853 0.03904043 1.8526
v 0.01579987 0.06124045 1.6725
v 0.0252998769 0.04734046 1.5922
v 0.021799881 0.0142404586 1.5107
v 0.0224998854 -0.03735953 1.4154
v 0.0310998876 -0.101959519 1.314
v 0.03579989 -0.167259514 1.1964
v 0.02849989 -0.191159517 1.2079
v 0.0529998951 -0.0583595149 1.2762
v 0.04349989 0.0168404672 1.3891
v -0.0530001037 -0.0583595075 1.2762
v -0.04340011 0.0168404747 1.3891
v 0.0320999026 -0.2736595 0.9503
v -1.03613488E-07 -0.247559488 1.0709
v -1.09899183E-07 -0.2662595 1.1241
v -1.27689731E-07 0.0345404521 1.6284
v -1.303299E-07 0.04234046 1.6664
v -1.2965674E-07 0.0150404638 1.6314
v -1.25268116E-07 0.0226404611 1.5888
v -1.32637865E-07 0.0478404462 1.6983
v -1.34657327E-07 0.0236404538 1.6972
v -0.04030007 -0.257959455 0.706
v -7.872422E-08 -0.311159462 0.7226
v -7.373238E-08 -0.282059461 0.6946
v -6.868808E-08 -0.299659461 0.6193
v -0.0487000644 -0.249259442 0.6166
v -0.08730007 -0.214259446 0.6575
v -0.102900065 -0.189359456 0.7148
v 0.102999933 -0.189359471 0.7148
v 0.0872999355 -0.214259461 0.6575
v 0.04029993 -0.257959455 0.706
v 0.0487999357 -0.249259457 0.6166
v -0.047000017 -0.689659357 -0.327800065
v 0.00619997969 -0.646559358 -0.278100044
v -0.0413000137 -0.659759343 -0.338000059
v -0.03940002 -0.643259346 -0.31400007
v -0.07290001 -0.628659368 -0.33950007
v -0.09080002 -0.6509594 -0.383700073
v -0.118200012 -0.691659331 -0.384300053
v -0.1875 -0.656559348 -0.43960005
v -0.1567 -0.5895593 -0.449300051
v -0.1279 -0.565659344 -0.377200067
v -0.152499989 -0.474059343 -0.44630003
v -0.147 -0.473459363 -0.386900038
v -0.141499981 -0.383359343 -0.379100025
v -0.154499978 -0.354159355 -0.447400033
v -0.101999983 -0.276159376 -0.355000019
v -0.115299977 -0.267959356 -0.412200034
v -0.06949998 -0.235859364 -0.324000031
v -0.07569997 -0.177359357 -0.3736
v -0.0262999833 -0.219859377 -0.2817
v -0.0285999738 -0.156259373 -0.3211
v -0.131999969 -0.136759356 -0.3757
v -0.06649997 -0.09855937 -0.3159
v 0.005900018 -0.172859386 -0.2425
v -0.0295999777 -0.124859378 -0.2508
v 0.008000011 -0.240659386 -0.227900013
v -0.146499977 -0.243159339 -0.45450002
v -0.195899963 -0.329059333 -0.506400049
v -0.229999974 -0.246059343 -0.498100042
v -0.206699967 -0.209359348 -0.45660004
v -0.222099975 -0.186859339 -0.418500036
v -0.193599969 -0.210159346 -0.409100026
v -0.195199981 -0.42925933 -0.491900027
v -0.2118 -0.5514593 -0.478300065
v -0.2404 -0.611059368 -0.475000054
v -0.3153 -0.5173593 -0.524800062
v -0.2934 -0.506359339 -0.506300032
v -0.257499963 -0.459059328 -0.513900042
v -0.277099967 -0.362059325 -0.5235001
v -0.274399966 -0.243759334 -0.511500061
v -0.343399972 -0.209959328 -0.5055001
v -0.331099957 -0.356659323 -0.519300044
v -0.247399956 -0.136859342 -0.464000016
v -0.241699949 -0.125359342 -0.425300032
v -0.247799948 -0.03265934 -0.4609
v -0.272499979 -0.140159339 -0.5023
v -0.335699975 -0.195659325 -0.498700023
v -0.326299936 -0.09455933 -0.488500029
v -0.315499932 -0.08325933 -0.478700042
v -0.296799928 -0.0161593333 -0.462800026
v -0.220199943 0.07004066 -0.4235
v -0.246599942 0.08694066 -0.4261
v -0.207499936 0.135540649 -0.3939
v -0.222999945 0.06434066 -0.4054
v -0.24059996 -0.0365593471 -0.4173
v -0.02049995 -0.366059333 -0.8172
v -0.0242999587 -0.39285934 -0.7283
v 4.1997918E-08 -0.422359318 -0.7695
v 4.865953E-08 -0.396759331 -0.8201
v 5.44644045E-08 -0.386459321 -0.8762
v -0.008599944 -0.372259319 -0.8796
v 5.445566E-08 -0.343359321 -0.833
v 5.76815644E-08 -0.3617593 -0.8883
v 5.88967382E-08 -0.383659333 -0.9241
v 0.008700056 -0.372259319 -0.8796
v 0.02060005 -0.366059333 -0.8172
v 0.02440004 -0.39285934 -0.7283
v 0.03690004 -0.369159341 -0.6921
v 4.417474E-08 -0.329959333 -0.702
v -0.0368999578 -0.369159341 -0.6921
v -0.0272999667 -0.425459325 -0.6712
v 3.560731E-08 -0.4564593 -0.7305
v 0.0274000335 -0.425459355 -0.6712
v 0.0500000268 -0.372559369 -0.5474
v 0.03740002 -0.449959368 -0.5429
v 0.04440001 -0.417059362 -0.402800024
v 0.0489000157 -0.362359375 -0.408000022
v 7.701955E-09 -0.385159373 -0.340000033
v 1.0368348E-08 -0.370559365 -0.355900019
v -0.0487999842 -0.362359375 -0.408000022
v 4.16133128E-09 -0.360859364 -0.275200039
v 0.050800018 -0.336059362 -0.4183
v 0.0316000171 -0.284759372 -0.3477
v 0.0728000253 -0.300059378 -0.4101
v 0.04180003 -0.172059372 -0.3967
v 0.0538000353 -0.19425936 -0.4519
v 0.07930003 -0.277459353 -0.4753
v 0.0949000344 -0.210159361 -0.5283
v 0.0859000459 -0.176359355 -0.5567
v 0.106300049 -0.133959353 -0.5863
v 0.10920006 -0.0613593534 -0.6097
v 0.0497000553 -0.07985935 -0.5714
v 0.07820006 -0.00175935077 -0.584
v 0.0565000661 -0.00235935347 -0.6483
v 0.110900067 -0.0630593449 -0.683
v 0.0738000646 -0.0581593476 -0.7309
v 7.039283E-08 0.0117406528 -0.6602
v 6.957105E-08 -0.06475934 -0.7273
v -0.07379993 -0.0581593327 -0.7309
v -0.056499932 -0.00235934346 -0.6483
v -0.03869993 0.0333406627 -0.6448
v 7.614524E-08 0.08234066 -0.6554
v 7.182656E-08 0.05284066 -0.6355
v -0.0440999344 0.0435406528 -0.6022
v -0.07809994 -0.00175933714 -0.584
v -0.06599993 0.0626406446 -0.5429
v 5.751545E-08 0.0127406418 -0.5119
v 5.50326433E-08 -0.011159353 -0.5074
v 0.06600007 0.06264064 -0.5429
v 0.0442000665 0.0435406454 -0.6022
v 0.0388000719 0.0333406553 -0.6448
v 7.242104E-08 0.121140666 -0.574
v -0.03729993 0.113540657 -0.5419
v -0.055399932 0.102840655 -0.5152
v 5.84596158E-08 0.0589406453 -0.476499975
v 0.0554000661 0.10284064 -0.5152
v 0.0373000726 0.113540649 -0.5419
v 7.20713444E-08 0.189740658 -0.5014
v -0.0272999331 0.16754064 -0.470999956
v 6.144948E-08 0.0860406458 -0.483599961
v 0.0273000672 0.16754064 -0.470999956
v 7.23161264E-08 0.23004064 -0.46389997
v -0.01919993 0.228440642 -0.449299961
v 6.395851E-08 0.152440637 -0.445899963
v 0.0192000717 0.228440642 -0.449299961
v 7.196643E-08 0.275740653 -0.414199978
v 6.913393E-08 0.22154063 -0.43599996
v 2.79840418E-08 -0.479759365 -0.666600049
v 1.66540488E-08 -0.498359352 -0.555600047
v -0.03739998 -0.449959368 -0.5429001
v -0.0499999747 -0.372559339 -0.5474
v -0.0452999659 -0.334959358 -0.6043
v 0.0454000346 -0.334959358 -0.6043
v 5.551347E-08 -0.03495935 -0.5367
v 5.1387115E-08 -0.07275935 -0.5273
v -0.0495999455 -0.0798593462 -0.5714
v -0.109099939 -0.0613593347 -0.6097
v -0.110799931 -0.06305933 -0.683
v -0.0427999273 -0.07015932 -0.7734
v 0.0429000743 -0.07015933 -0.7734
v -0.05079998 -0.336059362 -0.418300033
v -0.03159998 -0.284759372 -0.34770003
v 6.31192876E-09 -0.2943594 -0.233300015
v 0.0276000164 -0.235659376 -0.2842
v 0.04140003 -0.114259377 -0.3216
v 3.68049946E-08 -0.147859365 -0.4356
v 4.33267324E-08 -0.138559356 -0.5009
v -0.05379997 -0.19425936 -0.4519
v -0.04179997 -0.172059357 -0.3967
v -0.04139997 -0.11425937 -0.3216
v 3.45057742E-08 -0.07905937 -0.3405
v 0.0381000228 -0.106359385 -0.2454
v 0.03020001 -0.216959387 -0.1967
v 2.482809E-09 -0.2620594 -0.157200009
v -0.0274999831 -0.235659376 -0.2842
v -0.0301999915 -0.216959387 -0.196700022
v -0.0380999781 -0.106359378 -0.2454
v 2.73720744E-08 -0.04115938 -0.220999986
v -0.049499955 -0.144459352 -0.5437
v 4.66225742E-08 -0.0936593562 -0.4937
v 0.0495000444 -0.144459352 -0.5437
v -0.0443999879 -0.417059362 -0.402800024
v -0.0273999944 -0.5059594 -0.438200027
v 2.23803376E-09 -0.549859345 -0.442200035
v -1.1478603E-08 -0.568559349 -0.30400002
v -5.85725468E-10 -0.510459363 -0.370500028
v 2.692628E-09 -0.474559367 -0.372100025
v -7.86734636E-11 -0.4653594 -0.331200033
v 0.0282000024 -0.433859378 -0.33100003
v 3.83786736E-09 -0.3956594 -0.306300044
v -0.0280999988 -0.433859348 -0.33100003
v -7.34350625E-09 -0.488059372 -0.270800024
v -0.07269998 -0.300059378 -0.410100043
v -0.07929997 -0.277459353 -0.475300044
v -0.09489996 -0.210159346 -0.5283
v -0.0857999548 -0.176359341 -0.5567
v -0.106299944 -0.133959338 -0.5863
v 0.0275000054 -0.5059594 -0.438200027
v -0.0404999 -0.204859287 -1.2187
v 9.702182E-08 -0.2475593 -1.2241
v 1.000379E-07 -0.266259283 -1.2773
v 8.674964E-08 -0.2505593 -1.1096
v -0.04479991 -0.2129593 -1.0905
v -0.0320999138 -0.273659319 -1.1035
v 8.325273E-08 -0.3198593 -1.1389
v 8.132943E-08 -0.2901593 -1.0872
v 6.9641E-08 -0.2741593 -0.9375
v -0.0506999232 -0.231959313 -1.0067
v -0.07429991 -0.1390593 -1.0503
v -0.0652999 -0.12935929 -1.2148
v -0.0428998955 -0.0725593 -1.1169
v -0.03919989 -0.07785929 -1.223
v -0.0316998847 -0.04795929 -1.2447
v 1.15240717E-07 -0.0505592935 -1.2355
v 1.15494252E-07 -0.03805929 -1.2259
v 1.0846545E-07 -0.0490592979 -1.1565
v 1.11560219E-07 -0.0141593022 -1.157
v 9.325389E-08 -0.0486593135 -0.9821
v -0.0523999073 -0.08265931 -0.9968
v -0.0856999159 -0.136959314 -0.9206
v -0.0603999346 -0.21355933 -0.8676
v 6.63626452E-08 -0.25965932 -0.8855
v 0.0508000776 -0.231959313 -1.0067
v 0.0321000852 -0.273659319 -1.1035
v 0.04490009 -0.2129593 -1.0905
v 0.07430009 -0.13905932 -1.0503
v 0.08570008 -0.136959329 -0.9206
v 0.0605000667 -0.21355933 -0.8676
v 0.0403000638 -0.257959336 -0.8592
v 0.08730007 -0.214259341 -0.8107
v 0.103000075 -0.189359337 -0.868
v 0.05250009 -0.08265932 -0.9968
v 0.06750008 -0.107859336 -0.8351
v 0.042500075 -0.10485933 -0.8346
v 0.0429000743 -0.07015933 -0.7734
v 0.0232000835 -0.03355933 -0.8686
v 8.207252E-08 -0.06705932 -0.8726
v -0.0423999242 -0.104859322 -0.8346
v -0.0230999161 -0.0335593261 -0.8686
v 8.93548346E-08 -0.0283593182 -0.9172
v 9.886643E-08 0.0481406823 -0.9495
v 9.09459246E-08 0.0163406767 -0.8907
v 9.16278253E-08 0.02974068 -0.8851
v 8.62688054E-08 0.00254067779 -0.851
v 0.0182000827 -0.0167593323 -0.8194
v 0.0170000754 -0.04755934 -0.7624
v 6.957105E-08 -0.06475934 -0.7273
v 7.759647E-08 -0.00175932888 -0.7561
v -0.0168999247 -0.0475593358 -0.7624
v -0.0427999273 -0.07015932 -0.7734
v -0.018099919 -0.01675933 -0.8194
v 9.0299E-08 0.05814068 -0.8415
v 8.075243E-08 -0.0101593332 -0.8006
v 7.69932456E-08 -0.0251593366 -0.7726
v -0.06749993 -0.107859321 -0.8351
v -0.102899924 -0.189359322 -0.868
v -0.0872999355 -0.214259326 -0.8107
v -0.0402999371 -0.257959336 -0.8592
v 6.101237E-08 -0.3111593 -0.8758
v 6.110854E-08 -0.282059342 -0.8478
v 5.29869553E-08 -0.299659342 -0.7725
v 0.0488000549 -0.249259338 -0.7698
v -0.0486999452 -0.249259323 -0.7698
v -0.0318998769 -0.05875928 -1.323
v 1.22820268E-07 -0.0334592871 -1.3051
v -0.0254998673 -0.0205592755 -1.4015
v 1.32463E-07 0.002840714 -1.3791
v 1.32699057E-07 -0.00565928 -1.3903
v -0.0168998577 0.0155407293 -1.4676
v 1.42927519E-07 0.04064072 -1.461
v -0.0222998485 0.0495407321 -1.5481
v 1.53601832E-07 0.08134073 -1.5424
v 1.53121022E-07 0.06624073 -1.552
v 1.63952691E-07 0.105840735 -1.6363
v -0.03449984 0.06624074 -1.6419
v 1.63978925E-07 0.09624074 -1.6462
v -0.0292998273 0.09744076 -1.7446
v 1.76156917E-07 0.137340739 -1.7444
v 1.75676092E-07 0.126640752 -1.7496
v -0.02059982 0.107640758 -1.822
v 1.83998736E-07 0.141140759 -1.8303
v 1.83220692E-07 0.128140777 -1.8344
v 1.87583083E-07 0.116340756 -1.8961
v -0.014699813 0.07274077 -1.9389
v 1.91622007E-07 0.07904077 -1.9796
v -0.00779980933 0.03904077 -2.0058
v 1.84969139E-07 0.0523407646 -1.9302
v 1.88719582E-07 0.02724078 -1.9982
v 1.90415577E-07 -0.00215922273 -2.047
v 1.918493E-07 0.04954077 -2.0117
v 0.00780019024 0.03904077 -2.0058
v 0.0148001872 0.07274077 -1.9389
v 0.0206001811 0.107640751 -1.822
v 0.0293001737 0.09744075 -1.7446
v 0.03450016 0.0662407354 -1.6419
v 0.02240015 0.04954073 -1.5481
v 0.01690014 0.0155407265 -1.4676
v 0.0255001318 -0.02055928 -1.4015
v 0.0319001228 -0.058759287 -1.323
v 0.03930011 -0.0778593 -1.223
v 0.05950012 -0.107559294 -1.3345
v 0.06530011 -0.1293593 -1.2148
v 0.0405001 -0.2048593 -1.2187
v 1.0169019E-07 -0.2204593 -1.2504
v -0.0284998864 -0.191159278 -1.3611
v 1.11429095E-07 -0.209359288 -1.3507
v 1.147599E-07 -0.220559284 -1.4
v 1.153806E-07 -0.18685928 -1.3734
v -0.0357998833 -0.167259276 -1.3496
v -0.05939988 -0.107559279 -1.3345
v -0.05299987 -0.05835927 -1.4294
v -0.04339985 0.01684073 -1.5423
v -0.0216998421 0.01424074 -1.6639
v -0.0251998324 0.04734076 -1.7454
v -0.0157998223 0.06124076 -1.8257
v 1.77695568E-07 0.0478407554 -1.8515
v 1.754925E-07 0.0236407649 -1.8505
v 1.74434689E-07 0.0423407666 -1.8197
v 1.70421984E-07 0.03454075 -1.7816
v 1.68979511E-07 0.0150407627 -1.7846
v 1.65919715E-07 0.0226407535 -1.742
v 1.60350879E-07 0.00434075249 -1.6966
v 1.59450437E-07 -0.0129592493 -1.7036
v 1.551667E-07 -0.0132592591 -1.6549
v 1.472025E-07 -0.04155926 -1.5921
v -0.0223998539 -0.0373592637 -1.5686
v -0.0310998689 -0.101959266 -1.4672
v 1.29307054E-07 -0.126259267 -1.4721
v 0.0358001143 -0.167259291 -1.3496
v 0.0285001136 -0.191159278 -1.3611
v 0.05300013 -0.05835928 -1.4294
v 0.0435001478 0.0168407224 -1.5423
v 0.0218001585 0.0142407361 -1.6639
v 0.0225001462 -0.0373592675 -1.5686
v 0.0253001675 0.04734075 -1.7454
v 0.0158001762 0.061240755 -1.8257
v 1.42656518E-07 -0.06555927 -1.5641
v 1.33459636E-07 -0.104059272 -1.4974
v 1.33503349E-07 -0.132159263 -1.526
v 0.03110013 -0.101959273 -1.4672
v 1.469577E-07 -0.06715926 -1.6149
v 0.0429001041 -0.0725593045 -1.1169
v 0.0318001173 -0.0479592979 -1.2447
v -0.047000017 -0.689659357 -0.327800065
v -0.05590002 -0.66135937 -0.313500047
v 0.00619997969 -0.646559358 -0.278100044
v -0.03940002 -0.643259346 -0.31400007
v -0.07290001 -0.628659368 -0.33950007
v -0.119000018 -0.6520594 -0.353600055
v -0.118200012 -0.691659331 -0.384300053
v -0.1875 -0.656559348 -0.43960005
v -0.202 -0.595559359 -0.397900045
v -0.1279 -0.565659344 -0.377200067
v -0.203 -0.484759361 -0.381800056
v -0.147 -0.473459363 -0.386900038
v -0.202899992 -0.372559339 -0.375500023
v -0.141499981 -0.383359343 -0.379100025
v -0.15169999 -0.271159351 -0.349000037
v -0.101999983 -0.276159376 -0.355000019
v -0.06949998 -0.235859364 -0.324000031
v -0.0970999748 -0.215259373 -0.316100031
v -0.05479998 -0.19365938 -0.2788
v -0.0262999833 -0.219859377 -0.2817
v -0.0102999881 -0.221059382 -0.229000017
v -0.0354999825 -0.172359377 -0.2427
v -0.0763999745 -0.142059371 -0.2945
v -0.06649997 -0.09855937 -0.3159
v -0.0295999777 -0.124859378 -0.2508
v -0.131999969 -0.136759356 -0.3757
v -0.129899964 -0.169659361 -0.3384
v -0.204699978 -0.25025934 -0.367900044
v -0.301099956 -0.344359338 -0.391000062
v -0.2767 -0.439059347 -0.404400051
v -0.2467 -0.5568593 -0.43900007
v -0.2404 -0.611059368 -0.475000054
v -0.3153 -0.5173593 -0.524800062
v -0.2934 -0.506359339 -0.506300032
v -0.3034 -0.462859333 -0.466100067
v -0.329099983 -0.368259341 -0.468300074
v -0.332999974 -0.253059328 -0.453700036
v -0.303499967 -0.259859324 -0.406000018
v -0.237999976 -0.21155934 -0.398700029
v -0.222099975 -0.186859339 -0.418500036
v -0.193599969 -0.210159346 -0.409100026
v -0.274399966 -0.138659343 -0.419800043
v -0.326899976 -0.143559337 -0.43900004
v -0.335699975 -0.195659325 -0.498700023
v -0.343399972 -0.209959328 -0.5055001
v -0.331099957 -0.356659323 -0.519300044
v -0.241699949 -0.125359342 -0.425300032
v -0.278699934 -0.0297593381 -0.415300041
v -0.296799928 -0.0161593333 -0.462800026
v -0.236299947 0.07084065 -0.4027
v -0.24059996 -0.0365593471 -0.4173
v -0.222999945 0.06434066 -0.4054
v -0.207499936 0.135540649 -0.3939
v -0.246599942 0.08694066 -0.4261
v -0.315499932 -0.08325933 -0.478700042
v -0.326299936 -0.09455933 -0.488500029
v 0.008000011 -0.240659386 -0.227900013
v -0.0486999452 -0.249259323 -0.7698
v -0.0452999659 -0.334959358 -0.6043
v 4.417474E-08 -0.329959333 -0.702
v 5.29869553E-08 -0.299659342 -0.7725
v 0.0488000549 -0.249259338 -0.7698
v 0.0454000346 -0.334959358 -0.6043
v 0.0796000361 -0.282259345 -0.5983
v 0.09100006 -0.212359339 -0.7384
v 0.08730007 -0.214259341 -0.8107
v 0.12300007 -0.135959342 -0.8082
v 0.11990007 -0.13115935 -0.7414
v 0.104900062 -0.10735935 -0.6667
v 0.110900067 -0.0630593449 -0.683
v 0.0738000646 -0.0581593476 -0.7309
v 0.08210007 -0.02805934 -0.7761
v 0.097300075 -0.06805933 -0.8228
v 0.107200079 -0.07405934 -0.8718
v 0.152800068 -0.132759333 -0.9068
v 0.103000075 -0.189359337 -0.868
v 0.115100071 -0.226559326 -0.9189
v 0.124800071 -0.193859324 -0.9449
v 0.167800084 -0.116159327 -0.9678
v 0.1324001 -0.060959328 -0.9386
v 0.1394001 -0.0367593281 -0.9526
v 0.1456001 -0.0499593243 -0.9782
v 0.1978001 -0.0545593277 -1.0393
v 0.1530001 -0.01855933 -0.9946
v 0.1699001 -0.005459322 -1.0406
v 0.2056001 0.0296406765 -1.0849
v 0.1818001 0.0469406731 -1.0569
v 0.192900121 0.06574068 -1.0938
v 0.227100119 0.09864069 -1.1454
v 0.205800116 0.0352406874 -1.1442
v 0.220300123 0.073240675 -1.1916
v 0.223200113 0.118040688 -1.1904
v 0.239000127 0.148140684 -1.1795
v 0.212500125 0.133940667 -1.1419
v 0.202100113 0.112740688 -1.1118
v 0.186600119 0.09864069 -1.1472
v 0.197700128 0.155140683 -1.1831
v 0.1647001 0.029640682 -1.0967
v 0.135100111 -0.05445932 -1.054
v 0.110900089 -0.116059326 -0.9911
v 0.08570008 -0.136959329 -0.9206
v 0.123000093 -0.0441593267 -0.9137
v 0.06750008 -0.107859336 -0.8351
v 0.134200081 -0.183259323 -0.9752
v 0.1446001 -0.192259327 -1.0136
v 0.157200083 -0.132459328 -1.0317
v 0.1803001 -0.104559325 -1.0944
v 0.1864001 -0.0469593219 -1.0998
v 0.2017001 -0.00955931749 -1.1452
v -0.07959996 -0.282259345 -0.5983
v -0.05859997 -0.334459335 -0.5224
v -0.0499999747 -0.372559339 -0.5474
v -0.0487999842 -0.362359375 -0.408000022
v -0.07269998 -0.300059378 -0.410100043
v -0.07929997 -0.277459353 -0.475300044
v -0.09489996 -0.210159346 -0.5283
v -0.09749995 -0.194659337 -0.5828
v -0.09059995 -0.205259338 -0.6385
v -0.09099994 -0.212359324 -0.7384
v -0.0872999355 -0.214259326 -0.8107
v -0.122999936 -0.135959312 -0.8082
v -0.102899924 -0.189359322 -0.868
v -0.152799919 -0.1327593 -0.9068
v -0.114999928 -0.226559311 -0.9189
v -0.0856999159 -0.136959314 -0.9206
v -0.124699928 -0.193859309 -0.9449
v -0.1676999 -0.1161593 -0.9678
v -0.134099931 -0.183259308 -0.9752
v -0.11089991 -0.1160593 -0.9911
v -0.132399917 -0.0609593056 -0.9386
v -0.122999914 -0.0441593081 -0.9137
v -0.139299914 -0.036759302 -0.9526
v -0.145599917 -0.0499593019 -0.9782
v -0.197799891 -0.0545592941 -1.0393
v -0.1571999 -0.1324593 -1.0317
v -0.1802999 -0.104559287 -1.0944
v -0.1350999 -0.0544592962 -1.054
v -0.1529999 -0.0185593031 -0.9946
v -0.1697999 -0.00545929233 -1.0406
v -0.1646999 0.02964071 -1.0967
v -0.186399892 -0.04695929 -1.0998
v -0.2054999 0.0296407137 -1.0849
v -0.1816999 0.0469407029 -1.0569
v -0.192899883 0.06574071 -1.0938
v -0.227099881 0.098640725 -1.1454
v -0.201999888 0.112740718 -1.1118
v -0.186499879 0.098640725 -1.1472
v -0.205699876 0.0352407247 -1.1442
v -0.2016999 -0.009559283 -1.1452
v -0.220199883 0.07324072 -1.1916
v -0.223199874 0.118040733 -1.1904
v -0.238999858 0.148140714 -1.1795
v -0.234099865 0.14264074 -1.2302
v -0.197599873 0.155140713 -1.1831
v -0.212499887 0.133940712 -1.1419
v -0.215199888 0.167040721 -1.1428
v -0.227999866 0.189240709 -1.1817
v -0.232099861 0.229840711 -1.2118
v -0.224499851 0.229840726 -1.2716
v -0.236299872 0.16964072 -1.2377
v -0.243899852 0.229840726 -1.276
v -0.238199845 0.244340748 -1.2714
v -0.234499857 0.248140723 -1.3363
v -0.227599844 0.239040732 -1.3407
v -0.23499985 0.230340719 -1.3508
v -0.239299849 0.212440729 -1.2827
v -0.237299845 0.239840746 -1.3428
v -0.230699837 0.280940741 -1.3885
v -0.05379999 -0.35735935 -0.342600018
v -0.075699985 -0.293059349 -0.344900042
v -0.06549999 -0.329659373 -0.286800027
v -0.08549999 -0.266959369 -0.30400002
v -0.0771999955 -0.289759368 -0.257900029
v -0.08989999 -0.257959366 -0.282100022
v -0.09099998 -0.244159371 -0.246000022
v -0.101399988 -0.229059368 -0.266700029
v -0.102599986 -0.209659368 -0.252100021
v -0.107799977 -0.187959373 -0.2729
v -0.107199915 -0.074059315 -0.8718
v -0.0971999243 -0.06805932 -0.8228
v -0.06749993 -0.107859321 -0.8351
v -0.104799941 -0.107359335 -0.6667
v -0.119799934 -0.13115932 -0.7414
v -0.08209992 -0.0280593261 -0.7761
v -0.07379993 -0.0581593327 -0.7309
v -0.110799931 -0.06305933 -0.683
v -0.12849994 -0.06035934 -0.6081
v -0.110699944 -0.126259342 -0.5835
v -0.10969995 -0.137459338 -0.5624
v -0.108399957 -0.16105935 -0.5406
v -0.114699945 -0.118159346 -0.5427
v -0.128399938 -0.07185934 -0.5797
v -0.140099943 -0.0380593352 -0.5911
v -0.145999938 -0.0285593364 -0.6003
v -0.133099943 -0.0114593366 -0.6208
v -0.132699922 0.03634067 -0.7145
v -0.120899923 0.01254067 -0.7479
v -0.145599917 0.113940679 -0.818
v -0.133799911 0.0917406753 -0.8404
v -0.1559999 0.145040676 -0.8927
v -0.1438999 0.1338407 -0.9019
v -0.156499892 0.1655407 -0.9717
v -0.1442999 0.1525407 -0.8884
v -0.133899912 0.120840676 -0.8112
v -0.121699922 0.04454067 -0.7048
v -0.142499939 -0.0161593352 -0.5961
v -0.144499913 -0.1922593 -1.0136
v -0.144399941 -0.0268593412 -0.5598
v 0.234200135 0.1426407 -1.2302
v 0.236400127 0.169640675 -1.2377
v 0.224600151 0.229840681 -1.2716
v 0.232200131 0.229840681 -1.2118
v 0.238300145 0.2443407 -1.2714
v 0.244000152 0.229840681 -1.276
v 0.239300147 0.212440684 -1.2827
v 0.235000148 0.230340689 -1.3508
v 0.237400144 0.2398407 -1.3428
v 0.234500155 0.248140678 -1.3363
v 0.227600142 0.2390407 -1.3407
v 0.230700165 0.2809407 -1.3885
v 0.228100136 0.189240679 -1.1817
v 0.215200126 0.167040676 -1.1428
v 0.128500059 -0.0603593625 -0.6081
v 0.132800072 0.0363406464 -0.7145
v 0.120900072 0.0125406487 -0.7479
v 0.1456001 0.113940656 -0.817999959
v 0.1340001 0.120840654 -0.811199963
v 0.1443001 0.152540669 -0.888399959
v 0.156000108 0.145040646 -0.892699957
v 0.1565001 0.165540665 -0.971699953
v 0.143900111 0.133840665 -0.901899934
v 0.133800089 0.09174065 -0.8403999
v 0.121700071 0.04454065 -0.7048
v 0.133100063 -0.01145936 -0.6208
v 0.146000057 -0.0285593625 -0.6003
v 0.14260006 -0.0161593612 -0.5961
v 0.140200064 -0.0380593576 -0.5911
v 0.128500059 -0.07185936 -0.5797
v 0.144500062 -0.0268593673 -0.5598
v 0.110700049 -0.126259357 -0.5835
v 0.09060005 -0.205259353 -0.6385
v 0.09750004 -0.194659352 -0.5828
v 0.109700054 -0.137459368 -0.5624
v 0.108400047 -0.161059365 -0.5406
v 0.114800051 -0.118159361 -0.5427
v 0.0949000344 -0.210159361 -0.5283
v 0.05870003 -0.334459364 -0.5224
v 0.0500000268 -0.372559369 -0.5474
v 0.0489000157 -0.362359375 -0.408000022
v 0.0728000253 -0.300059378 -0.4101
v 0.07930003 -0.277459353 -0.4753
v 0.05390001 -0.35735938 -0.3426
v 0.0757000148 -0.293059379 -0.3449
v 0.0655000061 -0.329659373 -0.2868
v 0.08550002 -0.266959369 -0.304
v 0.0773000047 -0.289759368 -0.2579
v 0.08990002 -0.2579594 -0.2821
v 0.09100001 -0.244159386 -0.246
v 0.101400018 -0.229059383 -0.2667
v 0.102700017 -0.209659383 -0.2521
v 0.107800022 -0.187959388 -0.2729
v -0.03940006 -0.6432594 0.160699949
v -0.05590006 -0.6613594 0.160299957
v 0.0061999443 -0.6465594 0.124899954
v -0.04700006 -0.6896594 0.174599946
v -0.119000062 -0.652059436 0.200399935
v -0.118200064 -0.6916594 0.231099933
v -0.187500075 -0.6565594 0.286399931
v -0.202000067 -0.5955594 0.24469994
v -0.127900064 -0.5656594 0.223999962
v -0.07290006 -0.6286594 0.18629995
v -0.203000039 -0.48475942 0.228499949
v -0.147000045 -0.473459423 0.233699962
v -0.202900052 -0.3725594 0.222299948
v -0.141500041 -0.3833594 0.225899965
v -0.151700035 -0.2711594 0.195799977
v -0.102000028 -0.2761594 0.201799989
v -0.06950002 -0.235859409 0.170799986
v -0.09710002 -0.2152594 0.162899986
v -0.0548000149 -0.19365941 0.12559998
v -0.0263000187 -0.2198594 0.128499985
v -0.0103000142 -0.221059412 0.0757999942
v -0.0355000123 -0.1723594 0.0894999951
v -0.07640001 -0.1420594 0.1413
v -0.0665000156 -0.09855941 0.1627
v -0.0296000075 -0.124859408 0.0976
v -0.132000014 -0.136759415 0.222499982
v -0.129900008 -0.1696594 0.185099989
v -0.204700023 -0.2502594 0.214699969
v -0.301100016 -0.3443594 0.237799957
v -0.303500026 -0.259859383 0.252799958
v -0.238000035 -0.2115594 0.245499969
v -0.222100034 -0.1868594 0.265299976
v -0.193600029 -0.2101594 0.255899966
v -0.240400076 -0.6110594 0.321799934
v -0.246700063 -0.5568594 0.28579995
v -0.27670005 -0.439059377 0.251199931
v -0.329100072 -0.3682594 0.315099955
v -0.303400069 -0.462859422 0.312899947
v -0.293400049 -0.5063594 0.353099942
v -0.315300047 -0.5173594 0.371599942
v -0.274400026 -0.1386594 0.266599983
v -0.326900035 -0.1435594 0.28579998
v -0.2787 -0.0297593977 0.262099981
v -0.241700023 -0.1253594 0.272099972
v -0.24060002 -0.0365594067 0.2641
v -0.2363 0.0708406 0.2495
v -0.223 0.06434061 0.2522
v -0.2075 0.13554059 0.2407
v -0.2466 0.0869406 0.2729
v -0.296800017 -0.0161594022 0.309599966
v -0.315500021 -0.0832594 0.325499982
v -0.326300025 -0.0945594 0.335199982
v -0.335700035 -0.1956594 0.345499963
v -0.333000034 -0.2530594 0.300499976
v -0.343400031 -0.2099594 0.352199972
v -0.331100047 -0.3566594 0.366099954
v 0.007999985 -0.2406594 0.07469999
v 0.005899989 -0.172859415 0.0892
v -0.0286000166 -0.156259418 0.1679
v -0.0665000156 -0.09855941 0.1627
v -0.0296000075 -0.124859408 0.0976
v -0.132000014 -0.136759415 0.222499982
v -0.07570002 -0.177359417 0.220399991
v -0.0263000187 -0.2198594 0.128499985
v -0.06950002 -0.235859409 0.170799986
v -0.115300037 -0.267959416 0.258899957
v -0.102000028 -0.2761594 0.201799989
v -0.154500037 -0.3541594 0.294199973
v -0.141500041 -0.3833594 0.225899965
v -0.152500063 -0.4740594 0.292999983
v -0.147000045 -0.473459423 0.233699962
v -0.127900064 -0.5656594 0.223999962
v -0.15670006 -0.5895594 0.296099931
v -0.09080007 -0.650959432 0.230499938
v -0.07290006 -0.6286594 0.18629995
v -0.0413000621 -0.6597594 0.184799954
v -0.04700006 -0.6896594 0.174599946
v 0.0061999443 -0.6465594 0.124899954
v -0.03940006 -0.6432594 0.160699949
v -0.118200064 -0.6916594 0.231099933
v -0.187500075 -0.6565594 0.286399931
v -0.240400076 -0.6110594 0.321799934
v -0.211800054 -0.5514594 0.325099945
v -0.195200056 -0.429259419 0.338699967
v -0.195900038 -0.329059422 0.353199959
v -0.146500036 -0.243159413 0.301299959
v -0.193600029 -0.2101594 0.255899966
v -0.222100034 -0.1868594 0.265299976
v -0.206700027 -0.2093594 0.30339998
v -0.230000049 -0.246059418 0.344899982
v -0.274400026 -0.243759409 0.358299971
v -0.277100056 -0.3620594 0.370299965
v -0.257500052 -0.459059417 0.360699952
v -0.293400049 -0.5063594 0.353099942
v -0.315300047 -0.5173594 0.371599942
v -0.24740003 -0.1368594 0.310799956
v -0.241700023 -0.1253594 0.272099972
v -0.247800007 -0.0326594077 0.3077
v -0.24060002 -0.0365594067 0.2641
v -0.2202 0.07004059 0.2703
v -0.296800017 -0.0161594022 0.309599966
v -0.2466 0.0869406 0.2729
v -0.2075 0.13554059 0.2407
v -0.223 0.06434061 0.2522
v -0.272500038 -0.140159413 0.349099964
v -0.315500021 -0.0832594 0.325499982
v -0.326300025 -0.0945594 0.335199982
v -0.335700035 -0.1956594 0.345499963
v -0.343400031 -0.2099594 0.352199972
v -0.331100047 -0.3566594 0.366099954
v 0.007999985 -0.2406594 0.07469999
v -6.517369E-08 -0.329959452 0.5488
v -0.0453000553 -0.334959447 0.451099962
v -0.0487000644 -0.249259442 0.6166
v -6.868808E-08 -0.299659461 0.6193
v 0.0487999357 -0.249259457 0.6166
v 0.0453999452 -0.334959447 0.4511
v 0.07959995 -0.282259464 0.4451
v 0.09099994 -0.212359458 0.5852
v 0.09059995 -0.205259442 0.4853
v 0.104899958 -0.107359454 0.5135
v 0.119899951 -0.131159469 0.5882
v 0.110899962 -0.06305946 0.5298
v 0.07379995 -0.05815946 0.5777
v 0.08209995 -0.0280594621 0.6229
v 0.09729995 -0.06805947 0.6696
v 0.122999944 -0.135959476 0.655
v 0.0872999355 -0.214259461 0.6575
v 0.102999933 -0.189359471 0.7148
v 0.152799934 -0.132759482 0.7536
v 0.107199937 -0.07405947 0.7186
v 0.06749994 -0.10785947 0.6819
v 0.08569993 -0.136959478 0.7674
v 0.122999944 -0.0441594757 0.7605
v 0.132399946 -0.06095948 0.7854
v 0.110899925 -0.116059482 0.8379
v 0.139399946 -0.03675948 0.7994
v 0.16779992 -0.116159484 0.8146
v 0.124799922 -0.193859488 0.7917
v 0.134199932 -0.183259487 0.822
v 0.144599929 -0.19225949 0.8604
v 0.157199919 -0.132459491 0.8785
v 0.135099933 -0.05445949 0.9008
v 0.180299923 -0.104559496 0.9412
v 0.186399922 -0.0469595 0.9466
v 0.197799921 -0.0545594953 0.8861
v 0.145599946 -0.0499594845 0.825
v 0.152999938 -0.0185594913 0.8414
v 0.16989994 -0.00545949 0.8874
v 0.164699927 0.0296405032 0.9435
v 0.201699927 -0.009559505 0.992
v 0.205799922 0.0352405 0.991000056
v 0.18659994 0.0986405 0.9940001
v 0.220299929 0.07324048 1.0384
v 0.22709994 0.0986405 0.9922001
v 0.205599919 0.0296405014 0.931700051
v 0.181799933 0.0469405 0.903700054
v 0.192899942 0.0657405 0.940600038
v 0.202099934 0.1127405 0.958600044
v 0.212499946 0.133940488 0.9886001
v 0.238999933 0.14814049 1.0263
v 0.223199919 0.118040495 1.0372
v 0.197699934 0.155140489 1.0299
v 0.215199947 0.1670405 0.989600062
v 0.228099942 0.189240485 1.0285
v 0.232199937 0.229840472 1.0586
v 0.243999943 0.229840472 1.1228
v 0.238299936 0.2443405 1.1181
v 0.237399921 0.2398405 1.1896
v 0.234999925 0.230340466 1.1976
v 0.239299923 0.212440476 1.1295
v 0.236399919 0.169640467 1.0845
v 0.234199926 0.142640486 1.077
v -0.07960005 -0.282259434 0.44509998
v -0.05860005 -0.334459424 0.369199961
v -0.0500000566 -0.372559428 0.394099981
v -0.04880004 -0.362359434 0.254799962
v -0.07270004 -0.300059438 0.256899983
v -0.07930004 -0.2774594 0.322099984
v -0.0949000344 -0.210159421 0.375099957
v -0.09750004 -0.194659427 0.4296
v -0.09060005 -0.205259427 0.4853
v -0.09100006 -0.212359443 0.5852
v -0.08730007 -0.214259446 0.6575
v -0.123000063 -0.135959446 0.655
v -0.102900065 -0.189359456 0.7148
v -0.152800053 -0.132759452 0.7536
v -0.115000077 -0.22655946 0.7657
v -0.0857000649 -0.136959463 0.7674
v -0.124700077 -0.193859458 0.7917
v -0.167700067 -0.116159454 0.8146
v -0.13410008 -0.183259457 0.822
v -0.110900074 -0.116059467 0.8379
v -0.132400066 -0.0609594546 0.7854
v -0.123000063 -0.0441594534 0.7605
v -0.139300063 -0.0367594548 0.7994
v -0.145600066 -0.04995946 0.825
v -0.19780007 -0.05455946 0.8861
v -0.153000057 -0.0185594633 0.8414
v -0.135100082 -0.0544594675 0.9008
v -0.157200068 -0.132459462 0.8785
v -0.144500077 -0.192259461 0.8604
v -0.180300072 -0.104559466 0.9412
v -0.186400071 -0.0469594672 0.9466
v -0.205500081 0.0296405368 0.9317
v -0.169800058 -0.005459461 0.8874
v -0.164700076 0.0296405312 0.9435
v -0.201700076 -0.009559469 0.992
v -0.20570007 0.03524054 0.991
v -0.186500058 0.09864054 0.994
v -0.192900062 0.06574053 0.9406
v -0.181700066 0.04694053 0.9037
v -0.227100059 0.09864054 0.9922
v -0.220200077 0.07324052 1.0384
v -0.223200068 0.118040532 1.0372
v -0.239000052 0.14814052 1.0263
v -0.212500066 0.133940518 0.9886
v -0.202000067 0.112740539 0.9586
v -0.05380004 -0.3573594 0.189299971
v -0.07570003 -0.2930594 0.191699982
v -0.06550003 -0.3296594 0.133599967
v -0.0855000243 -0.2669594 0.15079999
v -0.0772000253 -0.2897594 0.104699977
v -0.0899000242 -0.2579594 0.128899992
v -0.09100001 -0.2441594 0.0927999839
v -0.101400018 -0.2290594 0.113499984
v -0.102600016 -0.2096594 0.09889998
v -0.107800014 -0.1879594 0.119699985
v -0.107200056 -0.07405946 0.7186
v -0.09720005 -0.06805945 0.6696
v -0.06750006 -0.107859455 0.6819
v -0.110700034 -0.126259431 0.4303
v -0.104800045 -0.107359439 0.5135
v -0.119800054 -0.13115944 0.5882
v -0.08210004 -0.0280594472 0.6229
v -0.07380004 -0.05815945 0.5777
v -0.110800035 -0.0630594343 0.5298
v -0.128500029 -0.0603594333 0.4549
v -0.128400028 -0.07185943 0.4265
v -0.140100032 -0.0380594246 0.4379
v -0.146000028 -0.0285594277 0.4471
v -0.133100033 -0.0114594316 0.4676
v -0.132700026 0.036340557 0.5613
v -0.120900035 0.0125405528 0.5947
v -0.145600036 0.113940552 0.6647
v -0.133800045 0.09174055 0.6872
v -0.156000048 0.145040542 0.7395
v -0.143900052 0.133840546 0.7486
v -0.156500041 0.165540531 0.8185
v -0.144300044 0.152540565 0.7352
v -0.133900031 0.120840549 0.658
v -0.121700026 0.04454056 0.5516
v -0.142500028 -0.0161594264 0.4429
v -0.108400039 -0.161059424 0.3873
v -0.109700039 -0.137459427 0.4092
v -0.114700027 -0.118159421 0.3895
v -0.14440003 -0.026859425 0.4066
v -0.197600067 0.155140519 1.0299
v -0.215200067 0.167040527 0.9896
v -0.22800006 0.189240515 1.0285
v -0.232100055 0.229840517 1.0586
v -0.243900061 0.229840517 1.1228
v -0.238200054 0.244340539 1.1181
v -0.22450006 0.229840517 1.1184
v -0.236300081 0.169640511 1.0845
v -0.234100074 0.142640531 1.077
v -0.239300072 0.212440521 1.1295
v -0.235000074 0.2303405 1.1976
v -0.237300068 0.239840522 1.1896
v -0.23450008 0.2481405 1.1831
v -0.227600068 0.239040509 1.1875
v -0.230700076 0.280940533 1.2352
v 0.234499931 0.248140469 1.1831
v 0.230699927 0.280940473 1.2352
v 0.227599919 0.239040479 1.1875
v 0.224599943 0.229840472 1.1184
v 0.115099922 -0.226559475 0.7657
v 0.12849997 -0.0603594556 0.454900026
v 0.132799968 0.0363405347 0.5613
v 0.133099973 -0.0114594549 0.467600018
v 0.145999968 -0.0285594538 0.447100043
v 0.14259997 -0.01615945 0.442900032
v 0.140199974 -0.03805945 0.437900037
v 0.12849997 -0.07185945 0.426500022
v 0.144499972 -0.0268594511 0.406600028
v 0.110699959 -0.126259446 0.4303
v 0.09749995 -0.194659442 0.4296
v 0.09489996 -0.210159436 0.3751
v 0.108399965 -0.161059439 0.3873
v 0.109699965 -0.137459442 0.4092
v 0.114799969 -0.118159443 0.3895
v 0.121699966 0.04454054 0.5516
v 0.133999974 0.120840527 0.658000052
v 0.145599976 0.113940522 0.664700031
v 0.12089996 0.0125405313 0.5947
v 0.133799955 0.09174052 0.687200069
v 0.155999959 0.145040512 0.739500046
v 0.143899962 0.133840531 0.748600066
v 0.156499952 0.1655405 0.818500042
v 0.144299954 0.152540535 0.735200047
v 0.05869995 -0.334459424 0.3692
v 0.0499999449 -0.372559428 0.394099981
v 0.04889996 -0.362359434 0.254799962
v 0.0727999657 -0.300059438 0.2569
v 0.079299964 -0.277459443 0.3221
v 0.0538999625 -0.3573594 0.189299986
v 0.07569997 -0.2930594 0.1917
v 0.06549997 -0.329659432 0.133599982
v 0.08549998 -0.266959429 0.1508
v 0.0772999749 -0.289759427 0.104699992
v 0.08989998 -0.257959425 0.1289
v 0.09099998 -0.244159415 0.0928
v 0.101399988 -0.229059413 0.1135
v 0.102699988 -0.209659413 0.0989
v 0.107799985 -0.187959418 0.119700007
v -0.0181000214 -0.3483594 0.01849998
v -0.0347000174 -0.3181594 0.0165999811
v -0.04500002 -0.3158594 0.0130999805
v -0.0598000139 -0.25965938 0.0362999849
v -0.0762000158 -0.2593594 0.0211999826
v -0.0630000159 -0.189159408 0.08349999
v -0.084800005 -0.1586594 0.06139999
v -0.0523000024 -0.0508594066 0.1237
v -0.0846 -0.0569593981 0.0642
v -0.1488 0.0202406049 0.1446
v -0.1814 0.0128406081 0.0772
v -0.2033 0.0804405957 0.1612
v -0.2678 0.130040616 0.1004
v -0.22239998 0.1472406 0.1607
v -0.0181000214 -0.3483594 0.01849998
v -0.05640002 -0.3219594 0.0160999782
v -0.04760002 -0.3177594 0.02739998
v -0.0801000148 -0.2700594 0.04859998
v -0.0991000161 -0.270459384 0.0178999789
v -0.133300021 -0.2062594 0.0539999828
v -0.118400015 -0.21095939 0.08819999
v -0.098600015 -0.2143594 0.09889998
v -0.134600013 -0.1500594 0.110699981
v -0.138400018 -0.1412594 0.07859998
v -0.1557 -0.0879594 0.120699994
v -0.105900012 -0.154859409 0.12529999
v -0.105200008 -0.0897594 0.1477
v -0.1315 -0.0624594 0.1499
v -0.1683 -0.0446594 0.1615
v -0.2025 -0.0563593954 0.125899985
v -0.1552 -0.0885594 0.08099999
v -0.2123 -0.0586593859 0.08779999
v -0.2753 0.004940611 0.140399992
v -0.293 0.00464061042 0.107599989
v -0.331 0.104840621 0.136899978
v -0.2719 0.1128406 0.1877
v -0.2234 0.0136406021 0.1651
v -0.283899963 0.236440629 0.187900022
v -0.324299961 0.238740623 0.1534
v -0.324399978 0.357640624 0.183300018
v -0.306799978 0.3698406 0.204900011
v -0.333199978 0.4177406 0.21360001
v -0.316999972 0.4180406 0.220600009
v -0.345599979 0.46304062 0.243800014
v -0.0181000214 -0.3483594 0.01849998
v -0.04760002 -0.3177594 0.02739998
v -0.0347000174 -0.3181594 0.0165999811
v -0.0598000139 -0.25965938 0.0362999849
v -0.0801000148 -0.2700594 0.04859998
v -0.0630000159 -0.189159408 0.08349999
v -0.098600015 -0.2143594 0.09889998
v -0.105900012 -0.154859409 0.12529999
v -0.0523000024 -0.0508594066 0.1237
v -0.105200008 -0.0897594 0.1477
v -0.1315 -0.0624594 0.1499
v -0.1488 0.0202406049 0.1446
v -0.1683 -0.0446594 0.1615
v -0.2234 0.0136406021 0.1651
v -0.2033 0.0804405957 0.1612
v -0.2719 0.1128406 0.1877
v -0.22239998 0.1472406 0.1607
v -0.0181000046 -0.348359376 -0.171700016
v -0.0564 -0.321959376 -0.16930002
v -0.045 -0.315859377 -0.166300014
v -0.07619999 -0.2593594 -0.174400017
v -0.0991 -0.270459384 -0.17110002
v -0.08479998 -0.158659369 -0.214600012
v -0.133299991 -0.20625937 -0.207200021
v -0.138399988 -0.141259372 -0.23180002
v -0.155199975 -0.08855937 -0.234200016
v -0.08459998 -0.056959372 -0.2174
v -0.181399971 0.0128406351 -0.2304
v -0.212299973 -0.0586593561 -0.241000012
v -0.292999983 0.00464064255 -0.2609
v -0.267799944 0.130040646 -0.2536
v -0.330999941 0.104840659 -0.2901
v -0.324299932 0.238740668 -0.3066
v -0.277999938 0.24764064 -0.2711
v -0.324399948 0.357640654 -0.3365
v -0.305999935 0.382740617 -0.324199975
v -0.277699918 0.38414067 -0.340199977
v -0.258999944 0.281940639 -0.3248
v -0.320799917 0.431040645 -0.354099959
v -0.299999923 0.429840624 -0.364099979
v -0.3111999 0.430840671 -0.367299974
v -0.34559992 0.46304068 -0.396999985
v -0.333199918 0.417740673 -0.36679998
v -0.0181000046 -0.348359376 -0.171700016
v -0.045 -0.315859377 -0.166300014
v -0.0347 -0.318159372 -0.169800013
v -0.0597999953 -0.25965938 -0.189500019
v -0.07619999 -0.2593594 -0.174400017
v -0.0629999861 -0.189159378 -0.236700013
v -0.08479998 -0.158659369 -0.214600012
v -0.05229997 -0.05085937 -0.2769
v -0.08459998 -0.056959372 -0.2174
v -0.148799956 0.020240644 -0.2978
v -0.181399971 0.0128406351 -0.2304
v -0.203299955 0.08044064 -0.3144
v -0.267799944 0.130040646 -0.2536
v -0.22239995 0.147240639 -0.3139
v -0.0181000046 -0.348359376 -0.171700016
v -0.0476 -0.317759365 -0.180600017
v -0.0564 -0.321959376 -0.16930002
v -0.08009999 -0.270059377 -0.20190002
v -0.0991 -0.270459384 -0.17110002
v -0.133299991 -0.20625937 -0.207200021
v -0.118399985 -0.21095936 -0.241400018
v -0.0985999852 -0.214359373 -0.252100021
v -0.134599984 -0.150059372 -0.2639
v -0.138399988 -0.141259372 -0.23180002
v -0.155699968 -0.0879593641 -0.2739
v -0.105899975 -0.154859364 -0.2785
v -0.10519997 -0.0897593647 -0.3009
v -0.131499976 -0.0624593645 -0.3031
v -0.168299973 -0.0446593575 -0.3147
v -0.202499971 -0.05635936 -0.2791
v -0.155199975 -0.08855937 -0.234200016
v -0.212299973 -0.0586593561 -0.241000012
v -0.275299966 0.004940649 -0.2936
v -0.223399952 0.013640645 -0.3183
v -0.271899939 0.112840645 -0.3409
v -0.330999941 0.104840659 -0.2901
v -0.292999983 0.00464064255 -0.2609
v -0.283899933 0.236440673 -0.3411
v -0.324299932 0.238740668 -0.3066
v -0.324399948 0.357640654 -0.3365
v -0.306799918 0.369840622 -0.358099967
v -0.333199918 0.417740673 -0.36679998
v -0.3169999 0.418040663 -0.37379998
v -0.34559992 0.46304068 -0.396999985
v -0.0181000046 -0.348359376 -0.171700016
v -0.0347 -0.318159372 -0.169800013
v -0.0476 -0.317759365 -0.180600017
v -0.0597999953 -0.25965938 -0.189500019
v -0.08009999 -0.270059377 -0.20190002
v -0.0629999861 -0.189159378 -0.236700013
v -0.0985999852 -0.214359373 -0.252100021
v -0.105899975 -0.154859364 -0.2785
v -0.05229997 -0.05085937 -0.2769
v -0.10519997 -0.0897593647 -0.3009
v -0.131499976 -0.0624593645 -0.3031
v -0.148799956 0.020240644 -0.2978
v -0.168299973 -0.0446593575 -0.3147
v -0.223399952 0.013640645 -0.3183
v -0.203299955 0.08044064 -0.3144
v -0.271899939 0.112840645 -0.3409
v -0.22239995 0.147240639 -0.3139
v -0.0181000214 -0.3483594 0.01849998
v -0.04500002 -0.3158594 0.0130999805
v -0.05640002 -0.3219594 0.0160999782
v -0.0762000158 -0.2593594 0.0211999826
v -0.0991000161 -0.270459384 0.0178999789
v -0.084800005 -0.1586594 0.06139999
v -0.133300021 -0.2062594 0.0539999828
v -0.138400018 -0.1412594 0.07859998
v -0.1552 -0.0885594 0.08099999
v -0.0846 -0.0569593981 0.0642
v -0.1814 0.0128406081 0.0772
v -0.2123 -0.0586593859 0.08779999
v -0.293 0.00464061042 0.107599989
v -0.2678 0.130040616 0.1004
v -0.331 0.104840621 0.136899978
v -0.324299961 0.238740623 0.1534
v -0.277999967 0.24764061 0.117900006
v -0.324399978 0.357640624 0.183300018
v -0.305999964 0.3827406 0.171000019
v -0.277699977 0.38414064 0.187000021
v -0.258999974 0.2819406 0.171600014
v -0.320799977 0.4310406 0.200900018
v -0.299999982 0.4298406 0.210800037
v -0.311199963 0.430840641 0.214100018
v -0.345599979 0.46304062 0.243800014
v -0.333199978 0.4177406 0.21360001
v -0.07379993 -0.0581593327 -0.7309
v -0.08209992 -0.0280593261 -0.7761
v -0.0427999273 -0.07015932 -0.7734
v -0.06749993 -0.107859321 -0.8351
v -0.0427999273 -0.07015932 -0.7734
v -0.08209992 -0.0280593261 -0.7761
v -0.08569995 -0.317559332 -0.7177
v -0.0442999564 -0.346859336 -0.7345
v -0.06429994 -0.282659322 -0.8379
v -0.04099997 -0.392359346 -0.6179
v -0.0788999647 -0.360559344 -0.6211
v -0.09289998 -0.36615935 -0.481000036
v -0.03959998 -0.41105935 -0.497100025
v -0.135999978 -0.241859347 -0.5153
v -0.163699955 -0.168159336 -0.6278
v -0.155099943 -0.152459323 -0.7488
v -0.09649994 -0.2574593 -0.8195
v -0.13789992 -0.1881593 -0.9483
v -0.107899927 -0.2024593 -0.9554
v -0.168599918 -0.140659317 -0.8127
v -0.0410000645 -0.392359436 0.464699984
v -0.0396000557 -0.4110594 0.343899965
v -0.09290005 -0.3661594 0.327799976
v -0.07890006 -0.360559434 0.467899978
v -0.0857000649 -0.317559451 0.5645
v -0.0443000719 -0.346859455 0.5813
v -0.0643000752 -0.282659441 0.6847
v -0.09650007 -0.257459462 0.6663
v -0.137900069 -0.188159466 0.7951
v -0.107900076 -0.202459469 0.8022
v -0.168600053 -0.140659437 0.6595
v -0.155100062 -0.152459443 0.5955
v -0.163700044 -0.168159425 0.474599957
v -0.136000052 -0.241859421 0.362099975
v -0.08210004 -0.0280594472 0.6229
v -0.04280005 -0.07015945 0.6202
v -0.06750006 -0.107859455 0.6819
v -0.07380004 -0.05815945 0.5777
v -0.04280005 -0.07015945 0.6202
v -0.08210004 -0.0280594472 0.6229
v -0.08209992 -0.0280593261 -0.7761
v -0.0971999243 -0.06805932 -0.8228
v -0.06749993 -0.107859321 -0.8351
v -0.06750006 -0.107859455 0.6819
v -0.09720005 -0.06805945 0.6696
v -0.08210004 -0.0280594472 0.6229
v -0.22239995 0.147240639 -0.3139
v -0.267799944 0.130040646 -0.2536
v -0.233899951 0.146940649 -0.314
v -0.271899939 0.112840645 -0.3409
v -0.22239998 0.1472406 0.1607
v -0.233899981 0.1469406 0.1608
v -0.2678 0.130040616 0.1004
v -0.2719 0.1128406 0.1877
v -0.231499985 0.2189406 0.169000015
v -0.277999967 0.24764061 0.117900006
v -0.2678 0.130040616 0.1004
v -0.233899981 0.1469406 0.1608
v -0.231499985 0.2189406 0.169000015
v -0.248999983 0.228140622 0.16230002
v -0.277999967 0.24764061 0.117900006
v -0.283899963 0.236440629 0.187900022
v -0.2719 0.1128406 0.1877
v -0.233899981 0.1469406 0.1608
v -0.248999938 0.228140652 -0.3155
v -0.283899933 0.236440673 -0.3411
v -0.23149994 0.218940645 -0.3222
v -0.271899939 0.112840645 -0.3409
v -0.233899951 0.146940649 -0.314
v -0.277999938 0.24764064 -0.2711
v -0.233899951 0.146940649 -0.314
v -0.267799944 0.130040646 -0.2536
v -0.23149994 0.218940645 -0.3222
v -0.277999938 0.24764064 -0.2711
v -0.243099988 0.287240624 0.172900021
v -0.248999983 0.228140622 0.16230002
v -0.283899963 0.236440629 0.187900022
v -0.258999974 0.2819406 0.171600014
v -0.277999938 0.24764064 -0.2711
v -0.243099943 0.287240654 -0.326099962
v -0.248999938 0.228140652 -0.3155
v -0.243099943 0.287240654 -0.326099962
v -0.277999938 0.24764064 -0.2711
v -0.258999944 0.281940639 -0.3248
v -0.243099943 0.287240654 -0.326099962
v -0.283899933 0.236440673 -0.3411
v -0.248999938 0.228140652 -0.3155
v -0.258999944 0.281940639 -0.3248
v -0.277999967 0.24764061 0.117900006
v -0.248999983 0.228140622 0.16230002
v -0.243099988 0.287240624 0.172900021
v -0.243099988 0.287240624 0.172900021
v -0.258999974 0.2819406 0.171600014
v -0.277999967 0.24764061 0.117900006
v -0.277699977 0.38414064 0.187000021
v -0.258999974 0.2819406 0.171600014
v -0.283899963 0.236440629 0.187900022
v -0.306799978 0.3698406 0.204900011
v -0.316999972 0.4180406 0.220600009
v -0.299999982 0.4298406 0.210800037
v -0.311199963 0.430840641 0.214100018
v -0.345599979 0.46304062 0.243800014
v -0.277699918 0.38414067 -0.340199977
v -0.283899933 0.236440673 -0.3411
v -0.258999944 0.281940639 -0.3248
v -0.306799918 0.369840622 -0.358099967
v -0.3169999 0.418040663 -0.37379998
v -0.299999923 0.429840624 -0.364099979
v -0.3111999 0.430840671 -0.367299974
v -0.34559992 0.46304068 -0.396999985
v 0.07889994 -0.360559464 0.4679
v 0.08569993 -0.317559451 0.5645
v 0.163799956 -0.168159455 0.4746
v 0.136099949 -0.241859436 0.3621
v 0.09299995 -0.366159439 0.3278
v 0.0409999378 -0.392359436 0.464699984
v 0.04429993 -0.346859455 0.5813
v 0.06439993 -0.282659471 0.6847
v 0.09659994 -0.257459462 0.6663
v 0.155099943 -0.152459472 0.5955
v 0.168599933 -0.140659466 0.6595
v 0.137999922 -0.188159481 0.7951
v 0.107999928 -0.202459484 0.8022
v 0.0395999439 -0.411059439 0.343899965
v 0.163800046 -0.168159366 -0.6278
v 0.08570004 -0.317559361 -0.7177
v 0.07890004 -0.360559344 -0.6211
v 0.136100024 -0.241859362 -0.5153
v 0.0930000246 -0.36615935 -0.481
v 0.04100003 -0.392359346 -0.6179
v 0.0443000458 -0.346859336 -0.7345
v 0.06440006 -0.282659322 -0.8379
v 0.09660006 -0.257459342 -0.8195
v 0.155100062 -0.152459353 -0.7488
v 0.168600067 -0.140659347 -0.8127
v 0.138000071 -0.188159332 -0.9483
v 0.108000077 -0.202459335 -0.9554
v 0.03960002 -0.41105935 -0.497100025
v 0.06750008 -0.107859336 -0.8351
v 0.097300075 -0.06805933 -0.8228
v 0.08210007 -0.02805934 -0.7761
v 0.08209995 -0.0280594621 0.6229
v 0.09729995 -0.06805947 0.6696
v 0.06749994 -0.10785947 0.6819
v 0.0738000646 -0.0581593476 -0.7309
v 0.0429000743 -0.07015933 -0.7734
v 0.08210007 -0.02805934 -0.7761
v 0.08210007 -0.02805934 -0.7761
v 0.0429000743 -0.07015933 -0.7734
v 0.06750008 -0.107859336 -0.8351
v 0.06749994 -0.10785947 0.6819
v 0.04289995 -0.07015946 0.6202
v 0.08209995 -0.0280594621 0.6229
v 0.07379995 -0.05815946 0.5777
v 0.08209995 -0.0280594621 0.6229
v 0.04289995 -0.07015946 0.6202
v 0.0493999831 -0.4425594 -0.116400026
v 0.03789999 -0.3858594 -0.111900024
v 0.0286999848 -0.415759385 -0.118900023
v 0.0305999853 -0.4199594 -0.107100025
v 0.0148999849 -0.3929594 -0.0944000259
v 0.0347999856 -0.380359381 -0.0766000152
v 0.013799984 -0.3956594 -0.07660002
v 0.0148999821 -0.3929594 -0.058800023
v 0.0378999822 -0.3858594 -0.0413000174
v 0.03059998 -0.4199594 -0.0461000241
v 0.04939998 -0.442559421 -0.0368000232
v 0.0286999773 -0.415759385 -0.03430002
v 0.008999981 -0.3849594 -0.0335000232
v 0.0108999806 -0.372259378 -0.01670002
v 0.03389998 -0.3594594 -0.0143000167
v 0.03719999 -0.3216594 -0.0766000152
v 0.0338999927 -0.3594594 -0.138900012
v 0.0108999908 -0.372259378 -0.136500016
v 0.008999988 -0.3849594 -0.119700022
v 0.0320999958 -0.3224594 -0.149000019
v 0.0190999936 -0.263459384 -0.07660001
v 0.0320999846 -0.3224594 -0.00420001335
v 0.008899982 -0.333159417 0.00129998336
v 0.0214999821 -0.3335594 0.020899985
v 0.0380999781 -0.3336594 0.0387999862
v 0.0216999818 -0.3222594 0.0249999855
v 0.00489998376 -0.3104594 0.010499985
v -1.18370433E-08 -0.261859417 0.006799989
v 0.0225999933 -0.2134594 0.0119999954
v 0.0221999884 -0.2181594 0.049399998
v 0.0609999932 -0.168359414 0.0669
v 0.02459999 -0.3823594 -0.15170002
v 0.04259999 -0.3989594 -0.174500018
v 0.0231999923 -0.3721594 -0.162600011
v 0.007699994 -0.353259385 -0.149100021
v 0.008899996 -0.3331594 -0.154500008
v 0.0214999989 -0.3335594 -0.174100012
v 0.0381 -0.333659381 -0.192100018
v 0.0216999985 -0.3222594 -0.178300008
v 0.00489999866 -0.3104594 -0.163700014
v 2.745078E-09 -0.2618594 -0.160000011
v 0.0226000082 -0.213459387 -0.1652
v 0.02220001 -0.218159378 -0.2026
v 0.0610000156 -0.168359384 -0.2201
v 0.007699981 -0.3532594 -0.00410001865
v 0.0231999774 -0.372159421 0.009399981
v 0.0425999723 -0.398959428 0.02129998
v 0.0245999768 -0.382359415 -0.00150001969
vt 0.0824 1.7227
vt 0.072 1.7409
vt 0.0497 1.7371
vt 0.0753 1.697
vt 0.0562 1.7024
vt 0.0309 1.71079993
vt 0.0562 1.7024
vt 0.0284 1.7364
vt 0.0451 1.7686
vt 0.0651 1.7681
vt 0.0497 1.7371
vt 0.0497 1.7371
vt 0.0753 1.697
vt 0.0562 1.7024
vt 0.0451 1.7686
vt 0.0497 1.7371
vt 0.064 1.7992
vt 0.0438 1.8004
vt 0.0451 1.7686
vt 0.0251 1.7691
vt 0.0284 1.7364
vt 0.0497 1.7371
vt 0.0651 1.7681
vt 0.0451 1.7686
vt 0.0497 1.7371
vt 0.0438 1.8004
vt 0.064 1.7992
vt 0.0251 1.7691
vt 0.0234 1.8011
vt 0.072 1.7409
vt 0.0824 1.7227
vt 0.0753 1.697
vt 0.0562 1.7024
vt 0.0309 1.71079993
vt 0.0562 1.7024
vt 0.0753 1.697
vt 0.665 1.5053
vt 0.6804 1.549
vt 0.6232 1.536
vt 0.6487 1.4937
vt 0.6381 1.4437
vt 0.6046 1.5167
vt 0.5786 1.5835
vt 0.6125 1.59890008
vt 0.6463 1.6302
vt 0.562 1.6658
vt 0.5382 1.6489
vt 0.6125 1.59890008
vt 0.6232 1.536
vt 0.6804 1.549
vt 0.6463 1.6302
vt 0.7033 1.5743
vt 0.7261 1.5296
vt 0.7291 1.5417
vt 0.7033 1.5743
vt 0.7695 1.52710009
vt 0.7084 1.5887
vt 0.7603 1.5901
vt 0.7213 1.6074
vt 0.7764 1.66140008
vt 0.7418 1.6699
vt 0.7003 1.63899994
vt 0.6954 1.6875
vt 0.6955 1.71230006
vt 0.6791 1.7392
vt 0.6707 1.7808
vt 0.7121 1.76749992
vt 0.6951 1.8165
vt 0.65 1.8329
vt 0.6314 1.78189993
vt 0.6003 1.79559994
vt 0.6258 1.8625
vt 0.5773 1.8303
vt 0.6003 1.79559994
vt 0.5682 1.79640007
vt 0.65 1.8329
vt 0.6553 1.8584
vt 0.6467 1.8957
vt 0.6624 1.8831
vt 0.6845 1.85579991
vt 0.6951 1.8165
vt 0.7251 1.8519
vt 0.7602 1.81559992
vt 0.7779 1.83929992
vt 0.7454 1.87190008
vt 0.7795 1.8538
vt 0.7785 1.9066
vt 0.8009 1.8924
vt 0.7986 1.9376
vt 0.8107 1.93129992
vt 0.8235 1.9631
vt 0.7879 1.9463
vt 0.761 1.9308
vt 0.7308 1.88529992
vt 0.7089 1.9071
vt 0.6845 1.85579991
vt 0.7308 1.88529992
vt 0.7785 1.9066
vt 0.7986 1.9376
vt 0.7454 1.87190008
vt 0.7251 1.8519
vt 0.6553 1.8584
vt 0.7608 1.8037
vt 0.7489 1.7889
vt 0.7121 1.76749992
vt 0.7516 1.7659
vt 0.7165 1.7263
vt 0.7528 1.7223
vt 0.7742 1.69429994
vt 0.831 1.6594
vt 0.8387 1.6896
vt 0.831 1.6594
vt 0.7764 1.66140008
vt 0.7418 1.6699
vt 0.7165 1.7263
vt 0.7625 1.74550009
vt 0.6845 1.49239993
vt 0.7005 1.5094
vt 0.7312 1.50959992
vt 0.7005 1.5094
vt 0.7023 1.45939994
vt 0.8682 1.63840008
vt 0.8894 1.6756
vt 0.8682 1.63840008
vt 0.8412 1.5804
vt 0.8059 1.5915
vt 0.7994 1.5503
vt 0.7603 1.5901
vt 0.8059 1.5915
vt 0.8412 1.5804
vt 0.8299 1.5402
vt 0.7084 1.5887
vt 0.7213 1.6074
vt 0.7003 1.63899994
vt 0.6954 1.6875
vt 0.6955 1.71230006
vt 0.6707 1.7808
vt 0.6314 1.78189993
vt 0.5234 1.68510008
vt 0.5503 1.7006
vt 0.5203 1.7073
vt 0.5356 1.74449992
vt 0.5164 1.7356
vt 0.5041 1.7622
vt 0.5113 1.7705
vt 0.5465 1.7663
vt 0.5143 1.77780008
vt 0.4908 1.7862
vt 0.5113 1.7705
vt 0.5356 1.74449992
vt 0.5503 1.7006
vt 0.562 1.6658
vt 0.5862 1.694
vt 0.6049 1.7184
vt 0.5862 1.694
vt 0.6377 1.6666
vt 0.6377 1.6666
vt 0.6791 1.7392
vt 0.5682 1.79640007
vt 0.4225 1.8367
vt 0.4658 1.8276
vt 0.4644 1.8584
vt 0.4314 1.8171
vt 0.4024 1.78270006
vt 0.3731 1.832
vt 0.3953 1.8506
vt 0.43 1.8696
vt 0.4701 1.894
vt 0.4953 1.8783
vt 0.4924 1.9216
vt 0.5163 1.9078
vt 0.5009 1.93989992
vt 0.5238 1.9317
vt 0.5163 1.9078
vt 0.4924 1.9216
vt 0.4953 1.8783
vt 0.4701 1.894
vt 0.4644 1.8584
vt 0.43 1.8696
vt 0.4225 1.8367
vt 0.4658 1.8276
vt 0.4314 1.8171
vt 0.4024 1.78270006
vt 0.3731 1.832
vt 0.3953 1.8506
vt 0.3807 1.8728
vt 0.3547 1.8572
vt 0.3206 1.8285
vt 0.3304 1.7975
vt 0.288 1.7762
vt 0.3299 1.74309993
vt 0.294 1.7442
vt 0.2589 1.7744
vt 0.2432 1.73659992
vt 0.2063 1.7731
vt 0.2244 1.82279992
vt 0.2832 1.8096
vt 0.3025 1.8495
vt 0.3327 1.8657
vt 0.3623 1.8906
vt 0.402 1.9194
vt 0.4224 1.8936
vt 0.4617 1.91829991
vt 0.4753 1.9346
vt 0.4886 1.9532
vt 0.4753 1.9346
vt 0.4617 1.91829991
vt 0.4224 1.8936
vt 0.3807 1.8728
vt 0.3547 1.8572
vt 0.3206 1.8285
vt 0.3304 1.7975
vt 0.288 1.7762
vt 0.3299 1.74309993
vt 0.294 1.7442
vt 0.2589 1.7744
vt 0.2432 1.73659992
vt 0.2063 1.7731
vt 0.2244 1.82279992
vt 0.2832 1.8096
vt 0.3025 1.8495
vt 0.3327 1.8657
vt 0.3623 1.8906
vt 0.402 1.9194
vt 0.4381 1.9427
vt 0.4486 1.9628
vt 0.458 1.972
vt 0.4486 1.9628
vt 0.4381 1.9427
vt 0.4102 1.9417
vt 0.4306 1.9627
vt 0.4316 1.9776
vt 0.4306 1.9627
vt 0.4102 1.9417
vt 0.3753 1.93779993
vt 0.355 1.913
vt 0.3354 1.8885
vt 0.2803 1.8562
vt 0.2684 1.87330008
vt 0.2278 1.8545
vt 0.1674 1.8309
vt 0.1949 1.8092
vt 0.1688 1.8119
vt 0.1249 1.8223
vt 0.1676 1.8461
vt 0.207 1.8734
vt 0.2568 1.8879
vt 0.3077 1.9064
vt 0.3146 1.8981
vt 0.3224 1.8926
vt 0.3417 1.9194
vt 0.3401 1.9388
vt 0.3598 1.9447
vt 0.3751 1.9553
vt 0.4058 1.9591
vt 0.4049 1.9776
vt 0.4058 1.9591
vt 0.3751 1.9553
vt 0.3753 1.93779993
vt 0.355 1.913
vt 0.3354 1.8885
vt 0.2803 1.8562
vt 0.2684 1.87330008
vt 0.2278 1.8545
vt 0.1674 1.8309
vt 0.1949 1.8092
vt 0.1688 1.8119
vt 0.1249 1.8223
vt 0.1676 1.8461
vt 0.207 1.8734
vt 0.2568 1.8879
vt 0.3077 1.9064
vt 0.3146 1.8981
vt 0.3224 1.8926
vt 0.3417 1.9194
vt 0.3401 1.9388
vt 0.3598 1.9447
vt 0.3543 1.95779991
vt 0.3345 1.9497
vt 0.3363 1.9677
vt 0.3597 1.9703
vt 0.3747 1.974
vt 0.3543 1.95779991
vt 0.3345 1.9497
vt 0.4813 1.8305
vt 0.4839 1.815
vt 0.5012 1.8089
vt 0.4947 1.8258
vt 0.4905 1.8429
vt 0.4976 1.84649992
vt 0.5164 1.8546
vt 0.5192 1.8369
vt 0.5454 1.8327
vt 0.5331 1.8549
vt 0.5243 1.87330008
vt 0.5307 1.881
vt 0.5502 1.8917
vt 0.5585 1.8777
vt 0.5854 1.8796
vt 0.5662 1.8926
vt 0.5495 1.91070008
vt 0.5523 1.9242
vt 0.5495 1.91070008
vt 0.5502 1.8917
vt 0.5662 1.8926
vt 0.5854 1.8796
vt 0.5585 1.8777
vt 0.5307 1.881
vt 0.5243 1.87330008
vt 0.5164 1.8546
vt 0.5331 1.8549
vt 0.5454 1.8327
vt 0.5192 1.8369
vt 0.4976 1.84649992
vt 0.4976 1.84649992
vt 0.4905 1.8429
vt 0.4813 1.8305
vt 0.4839 1.815
vt 0.5012 1.8089
vt 0.4947 1.8258
vt 0.1058 1.8363
vt 0.1032 1.8528
vt 0.1402 1.86019993
vt 0.1735 1.8927
vt 0.1226 1.8794
vt 0.0907 1.8693
vt 0.0946 1.8979
vt 0.1781 1.9242
vt 0.2473 1.90350008
vt 0.3023 1.91490006
vt 0.2783 1.9324
vt 0.2089 1.97320008
vt 0.2836 1.97320008
vt 0.2783 1.9324
vt 0.1781 1.9242
vt 0.2473 1.90350008
vt 0.1735 1.8927
vt 0.3023 1.91490006
vt 0.1058 1.8363
vt 0.1032 1.8528
vt 0.1402 1.86019993
vt 0.1226 1.8794
vt 0.0907 1.8693
vt 0.0946 1.8979
vt 0.0946 1.9203
vt 0.1299 1.97320008
vt 0.0946 1.9203
vt 0.0427 1.947
vt 0.08 1.9177
vt 0.0168 1.97320008
vt 0.0427 1.947
vt 0.08 1.9177
vt 0.0669 1.8629
vt 0.0669 1.8629
vt 0.3651 1.7667
vt 0.3411 1.7185
vt 0.3615 1.7124
vt 0.3316 1.6606
vt 0.3217 1.7086
vt 0.3047 1.7235
vt 0.2752 1.7182
vt 0.2974 1.6866
vt 0.3715 1.7363
vt 0.3922 1.7357
vt 0.3881 1.7058
vt 0.3651 1.7667
vt 0.3411 1.7185
vt 0.3615 1.7124
vt 0.3316 1.6606
vt 0.3217 1.7086
vt 0.3047 1.7235
vt 0.2752 1.7182
vt 0.2974 1.6866
vt 0.3715 1.7363
vt 0.3922 1.7357
vt 0.3881 1.7058
vt 0.6985 1.2626
vt 0.7808 1.2745
vt 0.782 1.3154
vt 0.6675 1.3038
vt 0.6594 1.2802
vt 0.6192 1.2554
vt 0.6168 1.2759
vt 0.6088 1.2653
vt 0.6228 1.2387
vt 0.6338 1.2036
vt 0.7513 1.2193
vt 0.8411 1.24029994
vt 0.8865 1.2802
vt 0.8842 1.2969
vt 0.8529 1.32789993
vt 0.7808 1.2745
vt 0.6985 1.2626
vt 0.6192 1.2554
vt 0.6228 1.2387
vt 0.6338 1.2036
vt 0.7513 1.2193
vt 0.8411 1.24029994
vt 0.8865 1.2802
vt 0.8842 1.2969
vt 0.8737 1.3507
vt 0.926 1.31360006
vt 0.9102 1.354
vt 0.9409 1.3317
vt 0.9653 1.32220006
vt 0.9523 1.3535
vt 0.9409 1.3317
vt 0.9395 1.3497
vt 0.9273 1.3597
vt 0.9102 1.354
vt 0.926 1.31360006
vt 0.8737 1.3507
vt 0.8397 1.3593
vt 0.8213 1.4067
vt 0.8595 1.3844
vt 0.87 1.3951
vt 0.8904 1.3763
vt 0.9069 1.4035
vt 0.566 1.2452
vt 0.5726 1.27259994
vt 0.5212 1.2703
vt 0.5334 1.2915
vt 0.5306 1.2902
vt 0.4895 1.2973
vt 0.4943 1.313
vt 0.4501 1.32080007
vt 0.4582 1.3417
vt 0.4511 1.3396
vt 0.4086 1.3686
vt 0.4023 1.3399
vt 0.4076 1.3696
vt 0.3559 1.3693
vt 0.3588 1.39179993
vt 0.3586 1.392
vt 0.3254 1.3885
vt 0.3268 1.4117
vt 0.3234 1.40770006
vt 0.2946 1.4136
vt 0.2632 1.4006
vt 0.2462 1.418
vt 0.2231 1.4038
vt 0.2233 1.4122
vt 0.1908 1.3963
vt 0.2221 1.3937
vt 0.2595 1.3862
vt 0.3133 1.3625
vt 0.3483 1.3413
vt 0.3808 1.3087
vt 0.3596 1.3073
vt 0.3541 1.2995
vt 0.3729 1.2879
vt 0.4013 1.2659
vt 0.4212 1.26620007
vt 0.3882 1.2578
vt 0.4162 1.2461
vt 0.473 1.2177
vt 0.4478 1.2141
vt 0.4356 1.19580007
vt 0.4674 1.1949
vt 0.5451 1.1749
vt 0.5222 1.1595
vt 0.5407 1.1576
vt 0.5144 1.1352
vt 0.5439 1.1362
vt 0.6037 1.1269
vt 0.6311 1.1503
vt 0.557 1.2149
vt 0.7245 1.154
vt 0.7057 1.1144
vt 0.7345 1.1162
vt 0.7296 1.0748
vt 0.7574 1.0976
vt 0.8474 1.1278
vt 0.7955 1.156
vt 0.8855 1.18930006
vt 0.8821 1.1371
vt 0.7955 1.156
vt 0.8855 1.18930006
vt 0.7245 1.154
vt 0.6311 1.1503
vt 0.557 1.2149
vt 0.566 1.2452
vt 0.5212 1.2703
vt 0.4895 1.2973
vt 0.4501 1.32080007
vt 0.4023 1.3399
vt 0.3559 1.3693
vt 0.3254 1.3885
vt 0.2632 1.4006
vt 0.2231 1.4038
vt 0.3133 1.3625
vt 0.3483 1.3413
vt 0.3808 1.3087
vt 0.4212 1.26620007
vt 0.473 1.2177
vt 0.5451 1.1749
vt 0.5407 1.1576
vt 0.5048 1.2459
vt 0.4478 1.2991
vt 0.5048 1.2459
vt 0.4478 1.2991
vt 0.7345 1.1162
vt 0.6375 1.1066
vt 0.6027 1.095
vt 0.3236 1.3389
vt 0.3074 1.3481
vt 0.3176 1.333
vt 0.3376 1.3224
vt 0.2952 1.36100006
vt 0.2878 1.3505
vt 0.9035 1.1612
vt 0.9106 1.1195
vt 0.9246 1.1379
vt 0.969 1.1497
vt 0.9537 1.1895
vt 0.9187 1.2129
vt 0.8877 1.245
vt 0.8877 1.245
vt 0.9187 1.2129
vt 0.9035 1.1612
vt 0.9537 1.1895
vt 0.1293 1.5276
vt 0.1714 1.53979993
vt 0.1396 1.5144
vt 0.155 1.5109
vt 0.1426 1.4892
vt 0.1086 1.4861
vt 0.0857 1.4998
vt 0.0534 1.4553
vt 0.0876 1.4251
vt 0.1308 1.4325
vt 0.1215 1.3677
vt 0.1494 1.3814
vt 0.1791 1.3403
vt 0.1548 1.30559993
vt 0.232 1.3018
vt 0.207 1.2773
vt 0.2731 1.2803
vt 0.267 1.2358
vt 0.3135 1.2794
vt 0.3089 1.2354
vt 0.2603 1.1983
vt 0.3137 1.1872
vt 0.3293 1.2329
vt 0.3272 1.1798
vt 0.3335 1.2732
vt 0.185 1.2457
vt 0.1261 1.2746
vt 0.1366 1.2215
vt 0.1669 1.2102
vt 0.1845 1.1932
vt 0.1949 1.21230006
vt 0.1033 1.32789993
vt 0.0632 1.3867
vt 0.0343 1.413
vt 0.014 1.3417
vt 0.029 1.3416
vt 0.0588 1.3254
vt 0.0749 1.26609993
vt 0.1054 1.2059
vt 0.0725 1.1789
vt 0.0374 1.2485
vt 0.16 1.1554
vt 0.1846 1.1519
vt 0.1731 1.0942
vt 0.133 1.1516
vt 0.0816 1.1741
vt 0.1107 1.1237
vt 0.1202 1.1197
vt 0.15 1.0763
vt 0.2132 1.0427
vt 0.2016 1.0307
vt 0.2357 1.0122
vt 0.2241 1.0484
vt 0.1962 1.1012
vt 0.5356 1.74449992
vt 0.5503 1.7006
vt 0.5203 1.7073
vt 0.5164 1.7356
vt 0.5041 1.7622
vt 0.5113 1.7705
vt 0.5465 1.7663
vt 0.5143 1.77780008
vt 0.4908 1.7862
vt 0.5113 1.7705
vt 0.5356 1.74449992
vt 0.5503 1.7006
vt 0.5862 1.694
vt 0.6049 1.7184
vt 0.5862 1.694
vt 0.562 1.6658
vt 0.5234 1.68510008
vt 0.562 1.6658
vt 0.6463 1.6302
vt 0.6125 1.59890008
vt 0.6804 1.549
vt 0.7033 1.5743
vt 0.7261 1.5296
vt 0.7291 1.5417
vt 0.7033 1.5743
vt 0.7695 1.52710009
vt 0.7084 1.5887
vt 0.7603 1.5901
vt 0.7213 1.6074
vt 0.7764 1.66140008
vt 0.7418 1.6699
vt 0.7003 1.63899994
vt 0.6954 1.6875
vt 0.6955 1.71230006
vt 0.6791 1.7392
vt 0.6707 1.7808
vt 0.7121 1.76749992
vt 0.6951 1.8165
vt 0.65 1.8329
vt 0.6314 1.78189993
vt 0.6003 1.79559994
vt 0.6258 1.8625
vt 0.5773 1.8303
vt 0.6003 1.79559994
vt 0.65 1.8329
vt 0.6553 1.8584
vt 0.6467 1.8957
vt 0.6624 1.8831
vt 0.6845 1.85579991
vt 0.6951 1.8165
vt 0.7251 1.8519
vt 0.7602 1.81559992
vt 0.7608 1.8037
vt 0.7251 1.8519
vt 0.6845 1.85579991
vt 0.6553 1.8584
vt 0.7089 1.9071
vt 0.7308 1.88529992
vt 0.7454 1.87190008
vt 0.7779 1.83929992
vt 0.7454 1.87190008
vt 0.7308 1.88529992
vt 0.761 1.9308
vt 0.7785 1.9066
vt 0.7795 1.8538
vt 0.7785 1.9066
vt 0.7879 1.9463
vt 0.7986 1.9376
vt 0.8009 1.8924
vt 0.7986 1.9376
vt 0.8235 1.9631
vt 0.8107 1.93129992
vt 0.5382 1.6489
vt 0.5786 1.5835
vt 0.6125 1.59890008
vt 0.6463 1.6302
vt 0.6377 1.6666
vt 0.6377 1.6666
vt 0.7489 1.7889
vt 0.7516 1.7659
vt 0.7121 1.76749992
vt 0.6707 1.7808
vt 0.6314 1.78189993
vt 0.5682 1.79640007
vt 0.5682 1.79640007
vt 0.7084 1.5887
vt 0.7603 1.5901
vt 0.7994 1.5503
vt 0.8059 1.5915
vt 0.831 1.6594
vt 0.7742 1.69429994
vt 0.7528 1.7223
vt 0.7418 1.6699
vt 0.7764 1.66140008
vt 0.831 1.6594
vt 0.8387 1.6896
vt 0.8682 1.63840008
vt 0.8412 1.5804
vt 0.8299 1.5402
vt 0.8059 1.5915
vt 0.8412 1.5804
vt 0.8682 1.63840008
vt 0.8894 1.6756
vt 0.7165 1.7263
vt 0.7625 1.74550009
vt 0.7165 1.7263
vt 0.6804 1.549
vt 0.6232 1.536
vt 0.6046 1.5167
vt 0.6381 1.4437
vt 0.6487 1.4937
vt 0.665 1.5053
vt 0.6845 1.49239993
vt 0.7005 1.5094
vt 0.7312 1.50959992
vt 0.7005 1.5094
vt 0.7023 1.45939994
vt 0.7213 1.6074
vt 0.7003 1.63899994
vt 0.6954 1.6875
vt 0.6955 1.71230006
vt 0.6791 1.7392
vt 0.6232 1.536
vt 0.6311 1.1503
vt 0.6375 1.1066
vt 0.6027 1.095
vt 0.7057 1.1144
vt 0.7245 1.154
vt 0.7345 1.1162
vt 0.7296 1.0748
vt 0.7574 1.0976
vt 0.8474 1.1278
vt 0.7955 1.156
vt 0.7513 1.2193
vt 0.6338 1.2036
vt 0.6985 1.2626
vt 0.6228 1.2387
vt 0.6192 1.2554
vt 0.6088 1.2653
vt 0.6168 1.2759
vt 0.6594 1.2802
vt 0.6675 1.3038
vt 0.782 1.3154
vt 0.7808 1.2745
vt 0.8411 1.24029994
vt 0.8855 1.18930006
vt 0.8821 1.1371
vt 0.7955 1.156
vt 0.7345 1.1162
vt 0.7245 1.154
vt 0.7513 1.2193
vt 0.8411 1.24029994
vt 0.8855 1.18930006
vt 0.9035 1.1612
vt 0.9187 1.2129
vt 0.8877 1.245
vt 0.7808 1.2745
vt 0.8865 1.2802
vt 0.8842 1.2969
vt 0.926 1.31360006
vt 0.8737 1.3507
vt 0.8529 1.32789993
vt 0.8842 1.2969
vt 0.8737 1.3507
vt 0.8397 1.3593
vt 0.8213 1.4067
vt 0.8595 1.3844
vt 0.87 1.3951
vt 0.8904 1.3763
vt 0.9102 1.354
vt 0.9409 1.3317
vt 0.9653 1.32220006
vt 0.9523 1.3535
vt 0.9409 1.3317
vt 0.926 1.31360006
vt 0.9102 1.354
vt 0.9069 1.4035
vt 0.9273 1.3597
vt 0.9395 1.3497
vt 0.8865 1.2802
vt 0.8877 1.245
vt 0.9187 1.2129
vt 0.9035 1.1612
vt 0.9106 1.1195
vt 0.9246 1.1379
vt 0.969 1.1497
vt 0.9537 1.1895
vt 0.9537 1.1895
vt 0.566 1.2452
vt 0.5726 1.27259994
vt 0.5212 1.2703
vt 0.5334 1.2915
vt 0.5306 1.2902
vt 0.4895 1.2973
vt 0.4943 1.313
vt 0.4501 1.32080007
vt 0.4582 1.3417
vt 0.4511 1.3396
vt 0.4086 1.3686
vt 0.4023 1.3399
vt 0.4076 1.3696
vt 0.3559 1.3693
vt 0.3588 1.39179993
vt 0.3586 1.392
vt 0.3254 1.3885
vt 0.3268 1.4117
vt 0.3234 1.40770006
vt 0.2946 1.4136
vt 0.2632 1.4006
vt 0.2462 1.418
vt 0.2231 1.4038
vt 0.2595 1.3862
vt 0.2221 1.3937
vt 0.1908 1.3963
vt 0.2233 1.4122
vt 0.2231 1.4038
vt 0.2632 1.4006
vt 0.3254 1.3885
vt 0.3559 1.3693
vt 0.4023 1.3399
vt 0.4501 1.32080007
vt 0.4895 1.2973
vt 0.5212 1.2703
vt 0.566 1.2452
vt 0.6228 1.2387
vt 0.557 1.2149
vt 0.6338 1.2036
vt 0.6311 1.1503
vt 0.6037 1.1269
vt 0.5407 1.1576
vt 0.5439 1.1362
vt 0.5144 1.1352
vt 0.5222 1.1595
vt 0.5451 1.1749
vt 0.557 1.2149
vt 0.5048 1.2459
vt 0.4478 1.2991
vt 0.3808 1.3087
vt 0.3483 1.3413
vt 0.3133 1.3625
vt 0.2952 1.36100006
vt 0.2878 1.3505
vt 0.3074 1.3481
vt 0.3236 1.3389
vt 0.3176 1.333
vt 0.3376 1.3224
vt 0.3596 1.3073
vt 0.3541 1.2995
vt 0.3729 1.2879
vt 0.4013 1.2659
vt 0.4212 1.26620007
vt 0.473 1.2177
vt 0.4674 1.1949
vt 0.5451 1.1749
vt 0.5407 1.1576
vt 0.5048 1.2459
vt 0.4478 1.2991
vt 0.3808 1.3087
vt 0.4212 1.26620007
vt 0.3483 1.3413
vt 0.3133 1.3625
vt 0.4162 1.2461
vt 0.4478 1.2141
vt 0.4356 1.19580007
vt 0.473 1.2177
vt 0.3882 1.2578
vt 0.6985 1.2626
vt 0.6192 1.2554
vt 0.1293 1.5276
vt 0.1425 1.51410007
vt 0.1714 1.53979993
vt 0.155 1.5109
vt 0.1426 1.4892
vt 0.109 1.4841
vt 0.0857 1.4998
vt 0.0534 1.4553
vt 0.0876 1.4251
vt 0.1308 1.4325
vt 0.1231 1.3697
vt 0.1494 1.3814
vt 0.1557 1.3061
vt 0.1791 1.3403
vt 0.2166 1.2731
vt 0.232 1.3018
vt 0.2731 1.2803
vt 0.2713 1.2592
vt 0.3111 1.2526
vt 0.3135 1.2794
vt 0.3335 1.2516
vt 0.3319 1.2099
vt 0.3116 1.2156
vt 0.3137 1.1872
vt 0.3272 1.1798
vt 0.2603 1.1983
vt 0.2626 1.2247
vt 0.1881 1.25029993
vt 0.1247 1.2742
vt 0.1024 1.32719994
vt 0.0632 1.3867
vt 0.0343 1.413
vt 0.014 1.3417
vt 0.029 1.3416
vt 0.0588 1.3254
vt 0.0749 1.26609993
vt 0.1054 1.2059
vt 0.1399 1.2227
vt 0.1762 1.2088
vt 0.1845 1.1932
vt 0.1949 1.21230006
vt 0.1646 1.1561
vt 0.1335 1.1518
vt 0.0816 1.1741
vt 0.0725 1.1789
vt 0.0374 1.2485
vt 0.1846 1.1519
vt 0.1753 1.09520006
vt 0.15 1.0763
vt 0.2132 1.0427
vt 0.1962 1.1012
vt 0.2241 1.0484
vt 0.2357 1.0122
vt 0.2016 1.0307
vt 0.1202 1.1197
vt 0.1107 1.1237
vt 0.3335 1.2732
vt 0.4694 1.3955
vt 0.5707 1.3645
vt 0.5142 1.3337
vt 0.4649 1.3495
vt 0.4694 1.3955
vt 0.5707 1.3645
vt 0.5711 1.4016
vt 0.4844 1.4308
vt 0.4436 1.4237
vt 0.4374 1.4734
vt 0.4755 1.4801
vt 0.5178 1.4986
vt 0.5049 1.525
vt 0.4727 1.5403
vt 0.4472 1.546
vt 0.422 1.5153
vt 0.3962 1.50830007
vt 0.3777 1.4663
vt 0.4064 1.4381
vt 0.3831 1.4185
vt 0.3687 1.4253
vt 0.3401 1.47009993
vt 0.3558 1.507
vt 0.3437 1.51239991
vt 0.3331 1.5086
vt 0.2914 1.4962
vt 0.321 1.521
vt 0.2937 1.5277
vt 0.257 1.5381
vt 0.2767 1.5538
vt 0.254 1.5605
vt 0.2136 1.5675
vt 0.2227 1.53130007
vt 0.1913 1.5472
vt 0.1851 1.57010007
vt 0.1876 1.5953
vt 0.2182 1.5914
vt 0.2372 1.5833
vt 0.2136 1.5675
vt 0.1877 1.5957
vt 0.257 1.5381
vt 0.2914 1.4962
vt 0.3392 1.4693
vt 0.3777 1.4663
vt 0.3703 1.5131
vt 0.4374 1.4734
vt 0.3426 1.4283
vt 0.3284 1.4252
vt 0.3086 1.4506
vt 0.2681 1.4611
vt 0.2573 1.49169993
vt 0.2303 1.5142
vt 0.5711 1.4016
vt 0.6187 1.3756
vt 0.6095 1.3518
vt 0.6886 1.3724
vt 0.6798 1.4087
vt 0.6405 1.41490006
vt 0.6045 1.4498
vt 0.572 1.4546
vt 0.5411 1.4427
vt 0.4844 1.4308
vt 0.4436 1.4237
vt 0.4374 1.4734
vt 0.4064 1.4381
vt 0.3777 1.4663
vt 0.3831 1.4185
vt 0.3777 1.4663
vt 0.3687 1.4253
vt 0.3401 1.47009993
vt 0.3426 1.4283
vt 0.3392 1.4693
vt 0.3558 1.507
vt 0.3703 1.5131
vt 0.3437 1.51239991
vt 0.3331 1.5086
vt 0.2914 1.4962
vt 0.3086 1.4506
vt 0.2681 1.4611
vt 0.2914 1.4962
vt 0.321 1.521
vt 0.2937 1.5277
vt 0.257 1.5381
vt 0.2573 1.49169993
vt 0.257 1.5381
vt 0.2767 1.5538
vt 0.254 1.5605
vt 0.2136 1.5675
vt 0.2372 1.5833
vt 0.2136 1.5675
vt 0.2227 1.53130007
vt 0.2303 1.5142
vt 0.1913 1.5472
vt 0.1851 1.57010007
vt 0.1876 1.5953
vt 0.1608 1.5808
vt 0.1877 1.5957
vt 0.2182 1.5914
vt 0.2121 1.6083
vt 0.186 1.6176
vt 0.1646 1.6345
vt 0.1226 1.6213
vt 0.154 1.5919
vt 0.1209 1.62
vt 0.1254 1.63179994
vt 0.0908 1.6337
vt 0.0888 1.627
vt 0.0802 1.6159
vt 0.1089 1.60470009
vt 0.088 1.6263
vt 0.0551 1.63260007
vt 0.7241 1.3831
vt 0.7152 1.42059994
vt 0.7518 1.40619993
vt 0.7352 1.4402
vt 0.7636 1.4324
vt 0.7464 1.4484
vt 0.7662 1.4607
vt 0.7521 1.46880007
vt 0.7588 1.4813
vt 0.7443 1.49239993
vt 0.3962 1.50830007
vt 0.422 1.5153
vt 0.4374 1.4734
vt 0.5178 1.4986
vt 0.4755 1.4801
vt 0.4472 1.546
vt 0.4727 1.5403
vt 0.5049 1.525
vt 0.5482 1.5308
vt 0.5657 1.4943
vt 0.5786 1.4896
vt 0.593 1.4779
vt 0.5883 1.5025
vt 0.5645 1.5263
vt 0.5579 1.5444
vt 0.551 1.55049992
vt 0.5378 1.5596
vt 0.4824 1.5804
vt 0.4631 1.5597
vt 0.4183 1.61680007
vt 0.4049 1.5962
vt 0.3744 1.6304
vt 0.3674 1.6148
vt 0.3297 1.6409
vt 0.3794 1.64420009
vt 0.4258 1.6287
vt 0.4904 1.5904
vt 0.5519 1.5606
vt 0.3284 1.4252
vt 0.5734 1.5533
vt 0.1608 1.5808
vt 0.154 1.5919
vt 0.1226 1.6213
vt 0.1646 1.6345
vt 0.1254 1.63179994
vt 0.1209 1.62
vt 0.1089 1.60470009
vt 0.0802 1.6159
vt 0.088 1.6263
vt 0.0908 1.6337
vt 0.0888 1.627
vt 0.0551 1.63260007
vt 0.186 1.6176
vt 0.2121 1.6083
vt 0.5482 1.5308
vt 0.4824 1.5804
vt 0.4631 1.5597
vt 0.4183 1.61680007
vt 0.4258 1.6287
vt 0.3794 1.64420009
vt 0.3744 1.6304
vt 0.3297 1.6409
vt 0.3674 1.6148
vt 0.4049 1.5962
vt 0.4904 1.5904
vt 0.5378 1.5596
vt 0.551 1.55049992
vt 0.5519 1.5606
vt 0.5579 1.5444
vt 0.5645 1.5263
vt 0.5734 1.5533
vt 0.5657 1.4943
vt 0.5411 1.4427
vt 0.572 1.4546
vt 0.5786 1.4896
vt 0.593 1.4779
vt 0.5883 1.5025
vt 0.6045 1.4498
vt 0.6187 1.3756
vt 0.6095 1.3518
vt 0.6886 1.3724
vt 0.6798 1.4087
vt 0.6405 1.41490006
vt 0.7241 1.3831
vt 0.7152 1.42059994
vt 0.7518 1.40619993
vt 0.7352 1.4402
vt 0.7636 1.4324
vt 0.7464 1.4484
vt 0.7662 1.4607
vt 0.7521 1.46880007
vt 0.7588 1.4813
vt 0.7443 1.49239993
vt 0.155 1.5109
vt 0.1425 1.51410007
vt 0.1714 1.53979993
vt 0.1293 1.5276
vt 0.109 1.4841
vt 0.0857 1.4998
vt 0.0534 1.4553
vt 0.0876 1.4251
vt 0.1308 1.4325
vt 0.1426 1.4892
vt 0.1231 1.3697
vt 0.1494 1.3814
vt 0.1557 1.3061
vt 0.1791 1.3403
vt 0.2166 1.2731
vt 0.232 1.3018
vt 0.2731 1.2803
vt 0.2713 1.2592
vt 0.3111 1.2526
vt 0.3135 1.2794
vt 0.3335 1.2516
vt 0.3319 1.2099
vt 0.3116 1.2156
vt 0.3137 1.1872
vt 0.3272 1.1798
vt 0.2603 1.1983
vt 0.2626 1.2247
vt 0.1881 1.25029993
vt 0.1247 1.2742
vt 0.1399 1.2227
vt 0.1762 1.2088
vt 0.1845 1.1932
vt 0.1949 1.21230006
vt 0.0343 1.413
vt 0.0632 1.3867
vt 0.1024 1.32719994
vt 0.0749 1.26609993
vt 0.0588 1.3254
vt 0.029 1.3416
vt 0.014 1.3417
vt 0.1646 1.1561
vt 0.1335 1.1518
vt 0.1753 1.09520006
vt 0.1846 1.1519
vt 0.1962 1.1012
vt 0.2132 1.0427
vt 0.2241 1.0484
vt 0.2357 1.0122
vt 0.2016 1.0307
vt 0.15 1.0763
vt 0.1202 1.1197
vt 0.1107 1.1237
vt 0.0816 1.1741
vt 0.1054 1.2059
vt 0.0725 1.1789
vt 0.0374 1.2485
vt 0.3335 1.2732
vt 0.3293 1.2329
vt 0.3089 1.2354
vt 0.3137 1.1872
vt 0.3272 1.1798
vt 0.2603 1.1983
vt 0.267 1.2358
vt 0.3135 1.2794
vt 0.2731 1.2803
vt 0.207 1.2773
vt 0.232 1.3018
vt 0.1548 1.30559993
vt 0.1791 1.3403
vt 0.1215 1.3677
vt 0.1494 1.3814
vt 0.1308 1.4325
vt 0.0876 1.4251
vt 0.1086 1.4861
vt 0.1426 1.4892
vt 0.1396 1.5144
vt 0.1293 1.5276
vt 0.1714 1.53979993
vt 0.155 1.5109
vt 0.0857 1.4998
vt 0.0534 1.4553
vt 0.0343 1.413
vt 0.0632 1.3867
vt 0.1033 1.32789993
vt 0.1261 1.2746
vt 0.185 1.2457
vt 0.1949 1.21230006
vt 0.1845 1.1932
vt 0.1669 1.2102
vt 0.1366 1.2215
vt 0.1054 1.2059
vt 0.0749 1.26609993
vt 0.0588 1.3254
vt 0.029 1.3416
vt 0.014 1.3417
vt 0.16 1.1554
vt 0.1846 1.1519
vt 0.1731 1.0942
vt 0.1962 1.1012
vt 0.2132 1.0427
vt 0.15 1.0763
vt 0.2016 1.0307
vt 0.2357 1.0122
vt 0.2241 1.0484
vt 0.133 1.1516
vt 0.1202 1.1197
vt 0.1107 1.1237
vt 0.0816 1.1741
vt 0.0725 1.1789
vt 0.0374 1.2485
vt 0.3335 1.2732
vt 0.5142 1.3337
vt 0.5707 1.3645
vt 0.4694 1.3955
vt 0.4649 1.3495
vt 0.4694 1.3955
vt 0.5707 1.3645
vt 0.5711 1.4016
vt 0.4844 1.4308
vt 0.5411 1.4427
vt 0.5178 1.4986
vt 0.4755 1.4801
vt 0.5049 1.525
vt 0.4727 1.5403
vt 0.4472 1.546
vt 0.422 1.5153
vt 0.4374 1.4734
vt 0.4436 1.4237
vt 0.4064 1.4381
vt 0.3777 1.4663
vt 0.3962 1.50830007
vt 0.4374 1.4734
vt 0.3777 1.4663
vt 0.3703 1.5131
vt 0.3558 1.507
vt 0.3392 1.4693
vt 0.3437 1.51239991
vt 0.3401 1.47009993
vt 0.3687 1.4253
vt 0.3426 1.4283
vt 0.3284 1.4252
vt 0.3086 1.4506
vt 0.2914 1.4962
vt 0.2681 1.4611
vt 0.2573 1.49169993
vt 0.2914 1.4962
vt 0.3331 1.5086
vt 0.321 1.521
vt 0.2937 1.5277
vt 0.257 1.5381
vt 0.2303 1.5142
vt 0.2227 1.53130007
vt 0.2136 1.5675
vt 0.1913 1.5472
vt 0.2136 1.5675
vt 0.257 1.5381
vt 0.2767 1.5538
vt 0.254 1.5605
vt 0.2372 1.5833
vt 0.2182 1.5914
vt 0.1876 1.5953
vt 0.1851 1.57010007
vt 0.1877 1.5957
vt 0.2121 1.6083
vt 0.186 1.6176
vt 0.1646 1.6345
vt 0.1209 1.62
vt 0.1254 1.63179994
vt 0.088 1.6263
vt 0.0802 1.6159
vt 0.1089 1.60470009
vt 0.154 1.5919
vt 0.1608 1.5808
vt 0.5711 1.4016
vt 0.6187 1.3756
vt 0.6095 1.3518
vt 0.6886 1.3724
vt 0.6798 1.4087
vt 0.6405 1.41490006
vt 0.6045 1.4498
vt 0.572 1.4546
vt 0.5411 1.4427
vt 0.4844 1.4308
vt 0.4436 1.4237
vt 0.4374 1.4734
vt 0.4064 1.4381
vt 0.3777 1.4663
vt 0.3831 1.4185
vt 0.3777 1.4663
vt 0.3687 1.4253
vt 0.3401 1.47009993
vt 0.3426 1.4283
vt 0.3392 1.4693
vt 0.3558 1.507
vt 0.3703 1.5131
vt 0.3437 1.51239991
vt 0.3331 1.5086
vt 0.2914 1.4962
vt 0.321 1.521
vt 0.2914 1.4962
vt 0.3086 1.4506
vt 0.3284 1.4252
vt 0.2681 1.4611
vt 0.2573 1.49169993
vt 0.257 1.5381
vt 0.2937 1.5277
vt 0.257 1.5381
vt 0.2303 1.5142
vt 0.2227 1.53130007
vt 0.2136 1.5675
vt 0.254 1.5605
vt 0.2767 1.5538
vt 0.2136 1.5675
vt 0.1913 1.5472
vt 0.1851 1.57010007
vt 0.1876 1.5953
vt 0.2182 1.5914
vt 0.2372 1.5833
vt 0.7241 1.3831
vt 0.7152 1.42059994
vt 0.7518 1.40619993
vt 0.7352 1.4402
vt 0.7636 1.4324
vt 0.7464 1.4484
vt 0.7662 1.4607
vt 0.7521 1.46880007
vt 0.7588 1.4813
vt 0.7443 1.49239993
vt 0.3962 1.50830007
vt 0.422 1.5153
vt 0.4374 1.4734
vt 0.5657 1.4943
vt 0.5178 1.4986
vt 0.4755 1.4801
vt 0.4472 1.546
vt 0.4727 1.5403
vt 0.5049 1.525
vt 0.5482 1.5308
vt 0.5645 1.5263
vt 0.5579 1.5444
vt 0.551 1.55049992
vt 0.5378 1.5596
vt 0.4824 1.5804
vt 0.4631 1.5597
vt 0.4183 1.61680007
vt 0.4049 1.5962
vt 0.3744 1.6304
vt 0.3674 1.6148
vt 0.3297 1.6409
vt 0.3794 1.64420009
vt 0.4258 1.6287
vt 0.4904 1.5904
vt 0.5519 1.5606
vt 0.593 1.4779
vt 0.5786 1.4896
vt 0.5883 1.5025
vt 0.5734 1.5533
vt 0.1877 1.5957
vt 0.2121 1.6083
vt 0.186 1.6176
vt 0.1646 1.6345
vt 0.1209 1.62
vt 0.1254 1.63179994
vt 0.1226 1.6213
vt 0.154 1.5919
vt 0.1608 1.5808
vt 0.1089 1.60470009
vt 0.0802 1.6159
vt 0.088 1.6263
vt 0.0908 1.6337
vt 0.0888 1.627
vt 0.0551 1.63260007
vt 0.0908 1.6337
vt 0.0551 1.63260007
vt 0.0888 1.627
vt 0.1226 1.6213
vt 0.3831 1.4185
vt 0.5482 1.5308
vt 0.4824 1.5804
vt 0.5378 1.5596
vt 0.551 1.55049992
vt 0.5519 1.5606
vt 0.5579 1.5444
vt 0.5645 1.5263
vt 0.5734 1.5533
vt 0.5657 1.4943
vt 0.572 1.4546
vt 0.6045 1.4498
vt 0.593 1.4779
vt 0.5786 1.4896
vt 0.5883 1.5025
vt 0.4904 1.5904
vt 0.4258 1.6287
vt 0.4183 1.61680007
vt 0.4631 1.5597
vt 0.4049 1.5962
vt 0.3744 1.6304
vt 0.3674 1.6148
vt 0.3297 1.6409
vt 0.3794 1.64420009
vt 0.6187 1.3756
vt 0.6095 1.3518
vt 0.6886 1.3724
vt 0.6798 1.4087
vt 0.6405 1.41490006
vt 0.7241 1.3831
vt 0.7152 1.42059994
vt 0.7518 1.40619993
vt 0.7352 1.4402
vt 0.7636 1.4324
vt 0.7464 1.4484
vt 0.7662 1.4607
vt 0.7521 1.46880007
vt 0.7588 1.4813
vt 0.7443 1.49239993
vt 0.2132 1.12
vt 0.2308 1.1125
vt 0.2371 1.12
vt 0.2676 1.1005
vt 0.2742 1.1174
vt 0.3051 1.0817
vt 0.3317 1.091
vt 0.366 1.0315
vt 0.3785 1.0654
vt 0.442 1.0407
vt 0.4413 1.0761
vt 0.4829 1.0476
vt 0.5217 1.0793
vt 0.5205 1.0352
vt 0.2132 1.12
vt 0.2414 1.1291
vt 0.2367 1.121
vt 0.2724 1.1149
vt 0.2795 1.1341
vt 0.326 1.1244
vt 0.3163 1.1082
vt 0.3109 1.1008
vt 0.3533 1.0934
vt 0.3597 1.1086
vt 0.3893 1.0894
vt 0.3438 1.0776
vt 0.37 1.071
vt 0.3899 1.0766
vt 0.4177 1.0779
vt 0.4233 1.1004
vt 0.3881 1.1029
vt 0.4219 1.1155
vt 0.4739 1.1091
vt 0.4774 1.1243
vt 0.5385 1.109
vt 0.5254 1.0749
vt 0.4622 1.0824
vt 0.5926 1.0519
vt 0.6023 1.0768
vt 0.6677 1.0539
vt 0.6718 1.0401
vt 0.706 1.0464
vt 0.7032 1.0362
vt 0.7363 1.0443
vt 0.2132 1.12
vt 0.2367 1.121
vt 0.2308 1.1125
vt 0.2676 1.1005
vt 0.2724 1.1149
vt 0.3051 1.0817
vt 0.3109 1.1008
vt 0.3438 1.0776
vt 0.366 1.0315
vt 0.37 1.071
vt 0.3899 1.0766
vt 0.442 1.0407
vt 0.4177 1.0779
vt 0.4622 1.0824
vt 0.4829 1.0476
vt 0.5254 1.0749
vt 0.5205 1.0352
vt 0.2132 1.12
vt 0.2414 1.1291
vt 0.2371 1.12
vt 0.2742 1.1174
vt 0.2795 1.1341
vt 0.3317 1.091
vt 0.326 1.1244
vt 0.3597 1.1086
vt 0.3881 1.1029
vt 0.3785 1.0654
vt 0.4413 1.0761
vt 0.4219 1.1155
vt 0.4774 1.1243
vt 0.5217 1.0793
vt 0.5385 1.109
vt 0.6023 1.0768
vt 0.5898 1.0551
vt 0.6677 1.0539
vt 0.6739 1.0394
vt 0.6736 1.0194
vt 0.6163 1.0236
vt 0.7045 1.0355
vt 0.7039 1.0226
vt 0.7076 1.0283
vt 0.7363 1.0443
vt 0.706 1.0464
vt 0.2132 1.12
vt 0.2371 1.12
vt 0.2308 1.1125
vt 0.2676 1.1005
vt 0.2742 1.1174
vt 0.3051 1.0817
vt 0.3317 1.091
vt 0.366 1.0315
vt 0.3785 1.0654
vt 0.442 1.0407
vt 0.4413 1.0761
vt 0.4829 1.0476
vt 0.5217 1.0793
vt 0.5205 1.0352
vt 0.2132 1.12
vt 0.2367 1.121
vt 0.2414 1.1291
vt 0.2724 1.1149
vt 0.2795 1.1341
vt 0.326 1.1244
vt 0.3163 1.1082
vt 0.3109 1.1008
vt 0.3533 1.0934
vt 0.3597 1.1086
vt 0.3893 1.0894
vt 0.3438 1.0776
vt 0.37 1.071
vt 0.3899 1.0766
vt 0.4177 1.0779
vt 0.4233 1.1004
vt 0.3881 1.1029
vt 0.4219 1.1155
vt 0.4739 1.1091
vt 0.4622 1.0824
vt 0.5254 1.0749
vt 0.5385 1.109
vt 0.4774 1.1243
vt 0.5926 1.0519
vt 0.6023 1.0768
vt 0.6677 1.0539
vt 0.6718 1.0401
vt 0.706 1.0464
vt 0.7032 1.0362
vt 0.7363 1.0443
vt 0.2132 1.12
vt 0.2308 1.1125
vt 0.2367 1.121
vt 0.2676 1.1005
vt 0.2724 1.1149
vt 0.3051 1.0817
vt 0.3109 1.1008
vt 0.3438 1.0776
vt 0.366 1.0315
vt 0.37 1.071
vt 0.3899 1.0766
vt 0.442 1.0407
vt 0.4177 1.0779
vt 0.4622 1.0824
vt 0.4829 1.0476
vt 0.5254 1.0749
vt 0.5205 1.0352
vt 0.2132 1.12
vt 0.2371 1.12
vt 0.2414 1.1291
vt 0.2742 1.1174
vt 0.2795 1.1341
vt 0.3317 1.091
vt 0.326 1.1244
vt 0.3597 1.1086
vt 0.3881 1.1029
vt 0.3785 1.0654
vt 0.4413 1.0761
vt 0.4219 1.1155
vt 0.4774 1.1243
vt 0.5217 1.0793
vt 0.5385 1.109
vt 0.6023 1.0768
vt 0.5898 1.0551
vt 0.6677 1.0539
vt 0.6739 1.0394
vt 0.6736 1.0194
vt 0.6163 1.0236
vt 0.7045 1.0355
vt 0.7039 1.0226
vt 0.7076 1.0283
vt 0.7363 1.0443
vt 0.706 1.0464
vt 0.4727 1.5403
vt 0.4472 1.546
vt 0.4755 1.4801
vt 0.4374 1.4734
vt 0.4755 1.4801
vt 0.4472 1.546
vt 0.8565 1.8556
vt 0.8314 1.8763
vt 0.8882 1.92619991
vt 0.7876 1.80489993
vt 0.8181 1.8003
vt 0.8128 1.7134
vt 0.7725 1.7257
vt 0.8902 1.7258
vt 0.9477 1.7825
vt 0.966 1.8512
vt 0.9067 1.9072
vt 0.9729 1.9654
vt 0.9577 1.97729993
vt 0.9787 1.8817
vt 0.7876 1.80489993
vt 0.7725 1.7257
vt 0.8128 1.7134
vt 0.8181 1.8003
vt 0.8565 1.8556
vt 0.8314 1.8763
vt 0.8882 1.92619991
vt 0.9067 1.9072
vt 0.9729 1.9654
vt 0.9577 1.97729993
vt 0.9787 1.8817
vt 0.966 1.8512
vt 0.9477 1.7825
vt 0.8902 1.7258
vt 0.4472 1.546
vt 0.4755 1.4801
vt 0.4374 1.4734
vt 0.4727 1.5403
vt 0.4755 1.4801
vt 0.4472 1.546
vt 0.4472 1.546
vt 0.422 1.5153
vt 0.4374 1.4734
vt 0.4374 1.4734
vt 0.422 1.5153
vt 0.4472 1.546
vt 0.5205 1.0352
vt 0.5217 1.0793
vt 0.5296 1.0386
vt 0.5254 1.0749
vt 0.5205 1.0352
vt 0.5296 1.0386
vt 0.5217 1.0793
vt 0.5254 1.0749
vt 0.5706 1.0244
vt 0.5898 1.0551
vt 0.5217 1.0793
vt 0.5296 1.0386
vt 0.5706 1.0244
vt 0.5809 1.0269
vt 0.5898 1.0551
vt 0.5926 1.0519
vt 0.5254 1.0749
vt 0.5296 1.0386
vt 0.5809 1.0269
vt 0.5926 1.0519
vt 0.5706 1.0244
vt 0.5254 1.0749
vt 0.5296 1.0386
vt 0.5898 1.0551
vt 0.5296 1.0386
vt 0.5217 1.0793
vt 0.5706 1.0244
vt 0.5898 1.0551
vt 0.6146 1.0134
vt 0.5809 1.0269
vt 0.5926 1.0519
vt 0.6163 1.0236
vt 0.5898 1.0551
vt 0.6146 1.0134
vt 0.5809 1.0269
vt 0.6146 1.0134
vt 0.5898 1.0551
vt 0.6163 1.0236
vt 0.6146 1.0134
vt 0.5926 1.0519
vt 0.5809 1.0269
vt 0.6163 1.0236
vt 0.5898 1.0551
vt 0.5809 1.0269
vt 0.6146 1.0134
vt 0.6146 1.0134
vt 0.6163 1.0236
vt 0.5898 1.0551
vt 0.6736 1.0194
vt 0.6163 1.0236
vt 0.5926 1.0519
vt 0.6718 1.0401
vt 0.7032 1.0362
vt 0.7039 1.0226
vt 0.7076 1.0283
vt 0.7363 1.0443
vt 0.6736 1.0194
vt 0.5926 1.0519
vt 0.6163 1.0236
vt 0.6718 1.0401
vt 0.7032 1.0362
vt 0.7039 1.0226
vt 0.7076 1.0283
vt 0.7363 1.0443
vt 0.8181 1.8003
vt 0.8565 1.8556
vt 0.9477 1.7825
vt 0.8902 1.7258
vt 0.8128 1.7134
vt 0.7876 1.80489993
vt 0.8314 1.8763
vt 0.8882 1.92619991
vt 0.9067 1.9072
vt 0.966 1.8512
vt 0.9787 1.8817
vt 0.9729 1.9654
vt 0.9577 1.97729993
vt 0.7725 1.7257
vt 0.9477 1.7825
vt 0.8565 1.8556
vt 0.8181 1.8003
vt 0.8902 1.7258
vt 0.8128 1.7134
vt 0.7876 1.80489993
vt 0.8314 1.8763
vt 0.8882 1.92619991
vt 0.9067 1.9072
vt 0.966 1.8512
vt 0.9787 1.8817
vt 0.9729 1.9654
vt 0.9577 1.97729993
vt 0.7725 1.7257
vt 0.4374 1.4734
vt 0.422 1.5153
vt 0.4472 1.546
vt 0.4472 1.546
vt 0.422 1.5153
vt 0.4374 1.4734
vt 0.4727 1.5403
vt 0.4755 1.4801
vt 0.4472 1.546
vt 0.4472 1.546
vt 0.4755 1.4801
vt 0.4374 1.4734
vt 0.4374 1.4734
vt 0.4755 1.4801
vt 0.4472 1.546
vt 0.4727 1.5403
vt 0.4472 1.546
vt 0.4755 1.4801
vt 0.9685 1.5863
vt 0.953 1.55419993
vt 0.9532 1.5741
vt 0.9681 1.5681
vt 0.9732 1.5511
vt 0.9691 1.5341
vt 0.982 1.5453
vt 0.9732 1.5511
vt 0.953 1.55419993
vt 0.9681 1.5681
vt 0.9685 1.5863
vt 0.9532 1.5741
vt 0.9396 1.5619
vt 0.9367 1.5619
vt 0.9212 1.5494
vt 0.9444 1.5059
vt 0.9212 1.5494
vt 0.9367 1.5619
vt 0.9396 1.5619
vt 0.8954 1.5411
vt 0.9206 1.4706
vt 0.8954 1.5411
vt 0.9036 1.5492
vt 0.8931 1.5574
vt 0.8771 1.5625
vt 0.8752 1.5489
vt 0.873 1.5339
vt 0.8656 1.5021
vt 0.8536 1.4627
vt 0.8282 1.4729
vt 0.8059 1.4466
vt 0.9243 1.5695
vt 0.9092 1.5826
vt 0.9058 1.5637
vt 0.9038 1.5482
vt 0.9036 1.5492
vt 0.8931 1.5574
vt 0.8771 1.5625
vt 0.8752 1.5489
vt 0.873 1.5339
vt 0.8656 1.5021
vt 0.8536 1.4627
vt 0.8282 1.4729
vt 0.8059 1.4466
vt 0.9038 1.5482
vt 0.9058 1.5637
vt 0.9092 1.5826
vt 0.9243 1.5695
vn -0.0006 -0.8295 -0.5585
vn -0.0006 -0.9871 -0.16
vn -0.9792 0.1751 -0.1021
vn -0.9195 -0.2424 -0.3093
vn -0.9902 0.0227 -0.1378
vn -0.0005 0.999 -0.0439
vn -0.7508 0.6588 -0.0476
vn -0.0005 0.9999 0.0116
vn -0.9999 0.0023 0.0133
vn -0.0005 -0.9993 0.0374
vn -0.845 -0.534 -0.0281
vn 0.9826 0.1521 -0.1069
vn 0.9194 -0.2427 -0.3096
vn 0.9271 0.3615 -0.0988
vn 0.9999 0.0023 0.0132
vn 0.7887 -0.6137 0.0369
vn -0.2278 -0.9736 -0.0175
vn -0.9996 -0.0294 0
vn -0.9999 0.0023 -0.0133
vn -0.0005 0.9988 0.0492
vn -0.0005 0.9999 -0.0116
vn -0.9929 0.0726 0.0944
vn -0.0005 -0.9993 -0.0374
vn 0.9999 0.0023 -0.0132
vn 0.9929 0.0728 0.0945
vn 0.9996 -0.0294 0
vn 0.7639 -0.6427 0.0587
vn -0.0005 0.9988 -0.0492
vn -0.0005 1 0
vn -0.0006 -0.9871 0.16
vn -0.0006 -0.8295 0.5585
vn -0.9195 -0.2424 0.3093
vn -0.9273 0.3611 0.0989
vn -0.0005 0.999 0.0439
vn 0.9271 0.3615 0.0988
vn 0.9194 -0.2427 0.3096
vn -0.0004 -0.7354 -0.6777
vn -0.9577 -0.1413 -0.2508
vn -0.9378 -0.3448 -0.0413
vn -0.0004 0.5837 -0.812
vn -0.0001 -0.4165 -0.9091
vn -0.0003 -0.9645 0.2641
vn -0.0003 -0.9612 0.2759
vn -0.9312 -0.3495 0.104
vn -0.9886 -0.138 0.0611
vn -0.933 -0.3243 0.1561
vn -0.0003 -0.9538 0.3004
vn 0.9311 -0.3497 0.1041
vn 0.9377 -0.3451 -0.0414
vn 0.9576 -0.1414 -0.251
vn 0.9886 -0.138 0.0611
vn 0.9464 -0.0592 -0.3175
vn -0.0004 0.7744 -0.6327
vn -0.0005 -0.4721 -0.8816
vn -0.9465 -0.0593 -0.3172
vn -0.0002 -0.6912 -0.7227
vn 0.8784 -0.1976 -0.4352
vn 0.94 -0.0898 -0.329
vn 0.8854 -0.0927 -0.4555
vn 0.9252 0.373 0.0697
vn 0.844 0.4961 -0.2037
vn 0.9354 0.206 -0.2873
vn 0.792 0.4207 -0.4425
vn 0.3585 0.6 -0.7152
vn 0.5787 0.26 -0.773
vn 0.775 0.4077 -0.4828
vn 0.597 0.1821 -0.7813
vn 0.9343 0.2106 -0.2878
vn 0.6364 0.6428 0.4263
vn 0.6648 0.7163 0.212
vn 0.1777 0.8574 0.4829
vn -0.0001 0.4743 0.8804
vn 0 0.8051 0.5931
vn -0.1777 0.8574 0.4829
vn 0.0966 0.9742 0.2042
vn -0.6365 0.6428 0.4263
vn -0.6153 0.53 0.5835
vn -0.0002 0.9694 0.2455
vn -0.0004 0.9898 -0.1423
vn -0.7136 0.5606 0.4201
vn -0.9343 0.2106 -0.2876
vn -0.9823 0.0705 -0.1737
vn -0.0002 -0.2653 -0.9642
vn -0.0002 -0.263 -0.9648
vn -0.9439 0.1818 -0.2756
vn -0.0002 -0.0196 -0.9998
vn -0.963 0.1275 -0.2373
vn -0.0004 -0.3597 -0.9331
vn -0.9617 0.2739 -0.0105
vn -0.0006 -0.2492 -0.9684
vn -0.0002 0.816 -0.578
vn -0.0005 0.6066 0.795
vn -0.0004 0.7697 0.6384
vn -0.7137 0.5372 0.4494
vn -0.0003 0.7022 0.712
vn 0.7134 0.5608 0.4202
vn 0.7135 0.5374 0.4496
vn 0.963 0.1276 -0.2375
vn 0.9616 0.2743 -0.0107
vn 0.9439 0.1817 -0.2758
vn 0.9823 0.0704 -0.1738
vn 0.615 0.5302 0.5836
vn -0.0001 -0.3073 -0.9516
vn -0.0002 -0.3577 -0.9338
vn -0.5972 0.182 -0.7812
vn -0.0003 0.6611 -0.7503
vn 0.6643 0.449 -0.5976
vn -0.0003 0.6178 -0.7863
vn -0.0003 0.9761 0.2173
vn 0.9125 0.3894 0.1252
vn -0.0003 0.9188 0.3947
vn -0.9126 0.3892 0.1251
vn -0.9253 0.3727 0.0696
vn -0.8441 0.4959 -0.2036
vn -0.6645 0.4489 -0.5975
vn -0.0002 0.3838 -0.9234
vn -0.0004 -0.9902 0.14
vn 0.9668 -0.0836 -0.2414
vn -0.0003 0.7512 -0.6601
vn -0.9669 -0.0835 -0.2412
vn -0.0002 -0.6943 -0.7197
vn -0.9499 0.3081 0.0522
vn -0.0002 0.9532 0.3023
vn 0.9498 0.3084 0.0522
vn 0.937 -0.3449 -0.0555
vn 0.977 -0.1828 -0.1096
vn -0.0003 -0.8003 -0.5996
vn -0.9401 -0.0897 -0.3289
vn -0.9771 -0.1826 -0.1095
vn -0.9371 -0.3445 -0.0554
vn -0.0002 -0.967 -0.2546
vn -0.8785 -0.1976 -0.435
vn -0.8854 -0.0927 -0.4555
vn -0.9354 0.206 -0.2873
vn -0.792 0.4207 -0.4425
vn -0.3585 0.6 -0.7152
vn -0.775 0.4077 -0.4828
vn -0.6648 0.7163 0.212
vn -0.0003 -0.8478 0.5303
vn -0.9261 -0.3264 0.1891
vn -0.0005 -0.8717 0.4901
vn -0.981 0.0972 0.1678
vn -0.0006 -0.9413 0.3376
vn -0.001 -0.9903 0.139
vn -0.9848 0.0166 0.1731
vn -0.0006 0.97 0.243
vn -0.0011 0.9009 0.434
vn -0.0003 -0.243 0.97
vn 0.9847 0.0165 0.1736
vn 0.981 0.0973 0.168
vn 0.926 -0.3267 0.1893
vn 0.9328 -0.3246 0.1562
vn 0.9648 0.1882 0.1836
vn -0.0004 0.9682 0.2503
vn -0.9649 0.1879 0.1835
vn -0.9839 0.1125 0.1386
vn 0.9839 0.1126 0.1387
vn -0.5787 0.26 -0.773
vn -0.0965 0.9742 0.2042
vn -0.0705 -0.4496 0.8905
vn -0.3627 0.1982 0.9106
vn -0.3581 -0.3309 0.8731
vn 0.3684 -0.4137 0.8325
vn 0.1207 -0.6536 0.7472
vn -0.1528 -0.5343 0.8314
vn -0.3117 -0.5711 0.7594
vn -0.1789 -0.3753 0.9095
vn -0.1658 -0.5496 0.8188
vn -0.4356 -0.4788 0.7622
vn -0.1527 -0.8622 0.483
vn -0.4662 -0.7929 0.3923
vn -0.0866 -0.9962 0
vn -0.4106 -0.9118 0
vn -0.4662 -0.7929 -0.3923
vn -0.1527 -0.8622 -0.483
vn -0.4356 -0.4788 -0.7622
vn -0.1658 -0.5496 -0.8188
vn -0.3581 -0.3309 -0.8731
vn -0.1789 -0.3753 -0.9095
vn -0.0705 -0.4496 -0.8905
vn -0.3627 0.1982 -0.9106
vn 0.3684 -0.4137 -0.8325
vn 0.1207 -0.6536 -0.7472
vn -0.1528 -0.5343 -0.8314
vn -0.3117 -0.5711 -0.7594
vn -0.3018 -0.5453 -0.782
vn -0.3959 -0.583 -0.7095
vn -0.2676 -0.3172 -0.9098
vn -0.089 -0.3144 -0.9451
vn -0.2328 -0.1904 -0.9537
vn -0.287 -0.2986 -0.9102
vn -0.3417 0.0711 -0.9371
vn -0.2044 0.2542 -0.9453
vn -0.1524 0.4542 -0.8778
vn -0.1964 0.5876 -0.785
vn 0.0933 0.1743 -0.9803
vn -0.3789 -0.0526 -0.9239
vn -0.7066 -0.2429 -0.6647
vn -0.7581 -0.3669 -0.5391
vn -0.535 -0.4398 -0.7213
vn -0.4372 -0.29 -0.8513
vn -0.2661 -0.3057 -0.9142
vn -0.1401 -0.5845 -0.7992
vn -0.0277 -0.8266 -0.5621
vn 0.0856 -0.9963 0
vn -0.0277 -0.8266 0.5621
vn -0.1401 -0.5845 0.7992
vn -0.2661 -0.3057 0.9142
vn -0.3018 -0.5453 0.782
vn -0.3959 -0.583 0.7095
vn -0.2676 -0.3172 0.9098
vn -0.089 -0.3144 0.9451
vn -0.2328 -0.1904 0.9537
vn -0.287 -0.2986 0.9102
vn -0.3417 0.0711 0.9371
vn -0.2044 0.2542 0.9453
vn -0.1524 0.4542 0.8778
vn -0.1964 0.5876 0.785
vn 0.0933 0.1743 0.9803
vn -0.3789 -0.0526 0.9239
vn -0.7066 -0.2429 0.6647
vn -0.7581 -0.3669 0.5391
vn -0.535 -0.4398 0.7213
vn -0.4372 -0.29 0.8513
vn -0.4402 -0.4856 0.7553
vn -0.5628 -0.6943 0.4485
vn -0.5224 -0.8527 0
vn -0.5628 -0.6943 -0.4485
vn -0.4402 -0.4856 -0.7553
vn -0.5801 -0.2914 -0.7607
vn -0.7786 -0.4973 -0.3827
vn -0.8918 -0.4523 0
vn -0.7786 -0.4973 0.3827
vn -0.5801 -0.2914 0.7607
vn -0.6905 -0.3249 0.6462
vn -0.2271 -0.5772 0.7844
vn -0.6197 -0.3967 0.6772
vn -0.23 -0.2447 0.9419
vn -0.0421 -0.3183 0.947
vn 0.0223 -0.209 0.9777
vn 0.714 -0.147 0.6845
vn 0.5573 0.5384 0.6321
vn 0.9568 0.0457 0.2871
vn 0.2779 -0.2334 0.9318
vn -0.0351 -0.1492 0.9882
vn -0.5377 -0.1423 0.8311
vn -0.4955 -0.3109 0.8111
vn -0.5075 -0.5057 0.6977
vn 0.2507 -0.4984 0.8299
vn 0.3141 -0.4828 0.8175
vn -0.1473 -0.8069 0.572
vn -0.8601 -0.5101 -0.0078
vn -0.7526 -0.6284 0.1967
vn -0.9385 -0.3227 0.1229
vn -0.926 -0.2613 0.2724
vn -0.9727 -0.2321 0
vn -0.926 -0.2613 -0.2724
vn -0.9385 -0.3227 -0.1229
vn -0.6905 -0.3249 -0.6462
vn -0.2271 -0.5772 -0.7844
vn -0.6197 -0.3967 -0.6772
vn -0.23 -0.2447 -0.9419
vn -0.0421 -0.3183 -0.947
vn 0.0223 -0.209 -0.9777
vn 0.714 -0.147 -0.6845
vn 0.5573 0.5384 -0.6321
vn 0.9568 0.0457 -0.2871
vn 0.2779 -0.2334 -0.9318
vn -0.0351 -0.1492 -0.9882
vn -0.5377 -0.1423 -0.8311
vn -0.4955 -0.3109 -0.8111
vn -0.5075 -0.5057 -0.6977
vn 0.2507 -0.4984 -0.8299
vn 0.3141 -0.4828 -0.8175
vn -0.1473 -0.8069 -0.572
vn -0.8601 -0.5101 0.0078
vn -0.7526 -0.6284 -0.1967
vn -0.9 -0.421 0.1127
vn -0.9354 -0.2514 0.2485
vn -0.9428 -0.3334 0
vn -0.9076 -0.4198 0
vn -0.9586 -0.2847 0
vn -0.9 -0.421 -0.1127
vn -0.9354 -0.2514 -0.2485
vn -0.5968 -0.2391 0.7659
vn -0.3355 0.4949 0.8016
vn -0.5326 -0.2825 0.7978
vn -0.4433 -0.8204 0.3613
vn -0.4403 -0.6294 0.6403
vn -0.2897 0.1145 0.9502
vn -0.6622 -0.416 0.6232
vn -0.3626 0.1943 0.9114
vn -0.6743 -0.6002 0.4302
vn -0.5255 -0.8356 -0.1603
vn -0.4741 -0.8501 0.2292
vn -0.4516 -0.53 0.7177
vn -0.7035 -0.706 0.0821
vn -0.4979 -0.4232 0.757
vn -0.6551 -0.7471 0.1127
vn -0.443 -0.619 -0.6485
vn -0.4232 -0.8499 -0.3139
vn -0.2272 -0.9738 0
vn -0.4232 -0.8499 0.3139
vn -0.7035 -0.706 -0.0821
vn -0.443 -0.619 0.6485
vn -0.6551 -0.7471 -0.1127
vn -0.4979 -0.4232 -0.757
vn -0.4516 -0.53 -0.7177
vn -0.4741 -0.8501 -0.2292
vn -0.6622 -0.416 -0.6232
vn -0.5255 -0.8356 0.1603
vn -0.6743 -0.6002 -0.4302
vn -0.3626 0.1943 -0.9114
vn -0.28 0.2051 -0.9378
vn -0.3038 -0.2299 -0.9246
vn -0.4403 -0.6294 -0.6403
vn -0.5968 -0.2391 -0.7659
vn -0.3355 0.4949 -0.8016
vn -0.5326 -0.2825 -0.7978
vn -0.4433 -0.8204 -0.3613
vn -0.3711 -0.0937 0.9238
vn -0.6916 0.1084 0.7141
vn -0.4879 0.001 0.8729
vn -0.995 0.0961 0.0287
vn -0.9574 0.2641 0.1165
vn -0.9758 0.2186 0.0078
vn -0.9343 0.232 -0.2706
vn -0.986 0.0683 -0.1522
vn -0.9795 -0.1691 0.1098
vn -0.9452 -0.3172 0.0769
vn -0.977 -0.1171 -0.178
vn -0.9955 -0.0952 0
vn -0.9805 -0.1964 0
vn -0.977 -0.1171 0.178
vn -0.986 0.0683 0.1522
vn -0.9795 -0.1691 -0.1098
vn -0.995 0.0961 -0.0287
vn -0.9452 -0.3172 -0.0769
vn -0.3711 -0.0937 -0.9238
vn -0.6916 0.1084 -0.7141
vn -0.4879 0.001 -0.8729
vn -0.9574 0.2641 -0.1165
vn -0.9758 0.2186 -0.0078
vn -0.9343 0.232 0.2706
vn -0.938 0.081 -0.3371
vn -0.9984 0.0563 0
vn -0.938 0.081 0.337
vn -0.9457 0.1538 0.2862
vn -0.9866 0.0341 0.1597
vn -0.9836 0.1803 0
vn -0.9457 0.1538 -0.2862
vn -0.9866 0.0341 -0.1597
vn -0.9954 0.0842 0.0466
vn -0.9954 0.0842 -0.0466
vn -0.0684 -0.4528 -0.889
vn -0.0207 -0.4408 -0.8974
vn 0.173 -0.3106 -0.9347
vn -0.2586 -0.558 -0.7885
vn -0.1115 -0.4143 -0.9033
vn -0.2923 -0.2266 -0.9291
vn -0.5183 0.4368 -0.7353
vn -0.6162 -0.2083 -0.7595
vn 0.1024 -0.273 -0.9565
vn 0.3933 -0.8265 -0.4027
vn -0.0613 -0.346 -0.9362
vn -0.0684 -0.4528 0.889
vn -0.0207 -0.4408 0.8974
vn 0.173 -0.3106 0.9347
vn -0.2586 -0.558 0.7885
vn -0.1115 -0.4143 0.9033
vn -0.2923 -0.2266 0.9291
vn -0.5183 0.4368 0.7353
vn -0.6162 -0.2083 0.7595
vn 0.1024 -0.273 0.9565
vn 0.3933 -0.8265 0.4027
vn -0.0613 -0.346 0.9362
vn -0.8273 0.5617 0.011
vn -0.7455 0.6663 -0.0135
vn -0.0002 0.9921 -0.1255
vn -0.0002 0.7841 0.6207
vn -0.0004 0.8851 0.4653
vn -0.4705 0.3418 0.8135
vn -0.0002 0.9804 0.1971
vn 0 0.7696 0.6385
vn -0.9088 0.4081 0.087
vn -0.9969 0.0583 0.0532
vn -0.9961 0.0466 0.0742
vn -0.9896 0.0871 0.1141
vn -0.2636 0.9565 0.1246
vn -0.5483 0.8053 0.2257
vn -0.0009 0.5187 0.855
vn 0.7454 0.6665 -0.0135
vn 0.8271 0.5619 0.011
vn 0.4706 0.3419 0.8134
vn 0.9088 0.4081 0.0871
vn 0.9969 0.0583 0.0532
vn 0.9961 0.0466 0.0742
vn 0.9896 0.0871 0.1141
vn 0.2636 0.9565 0.1246
vn 0.5482 0.8053 0.2258
vn 0.9517 0.0756 0.2975
vn 0.8274 0.5404 -0.1527
vn 0.8674 0.4777 -0.1397
vn 0.7664 0.4971 -0.4069
vn -0.0003 0.5406 -0.8413
vn -0.0003 0.9942 -0.1072
vn -0.7668 0.4968 -0.4065
vn -0.001 0.9971 0.0758
vn -0.0007 0.7714 -0.6363
vn -0.8677 0.4771 -0.1396
vn -0.8274 0.5405 -0.1526
vn -0.9519 0.0755 0.2971
vn -0.0004 -0.5207 0.8537
vn -0.0001 0.7311 0.6823
vn -0.0008 0.9714 0.2375
vn -0.0002 0.9683 0.2497
vn -0.001 0.9591 0.283
vn -0.0002 0.9762 0.2168
vn -0.7855 0.5973 -0.1621
vn -0.0004 0.9523 -0.3053
vn -0.7614 0.6153 -0.2041
vn -0.0004 0.9979 -0.0649
vn -0.0003 0.9613 0.2755
vn -0.8075 0.5215 -0.2756
vn -0.0006 0.8647 -0.5024
vn -0.7715 0.6021 -0.2055
vn -0.0004 0.9862 0.1656
vn -0.0007 0.9541 0.2994
vn -0.0003 0.9898 0.1426
vn -0.9506 0.3093 -0.0275
vn -0.0004 0.962 0.2732
vn -0.9429 0.3331 0.0022
vn -0.0003 0.9619 0.2734
vn -0.0005 0.7779 0.6284
vn -0.9489 0.3044 0.0835
vn -0.0004 0.891 0.454
vn -0.0008 0.6994 0.7147
vn -0.0006 0.9401 0.3408
vn -0.9944 0.0023 0.1056
vn -0.0008 0.8236 0.5672
vn -0.9886 -0.0118 0.1503
vn -0.0013 0.6691 0.7431
vn -0.0003 -0.6933 0.7206
vn -0.0013 -0.9043 -0.427
vn -0.0008 -0.9974 -0.0716
vn -0.9316 -0.355 0.0775
vn -0.9149 -0.3776 0.1427
vn -0.8927 -0.4157 0.174
vn -0.0009 -0.5048 0.8632
vn -0.0003 -0.5584 0.8296
vn -0.0006 -0.9615 0.2749
vn -0.0009 -0.1734 0.9848
vn -0.8627 -0.4145 0.2898
vn -0.0002 -0.461 0.8874
vn -0.0006 -0.9284 0.3715
vn -0.8272 -0.4661 0.3137
vn -0.0006 -0.1702 0.9854
vn -0.0002 -0.4371 0.8994
vn -0.0004 -0.9768 0.2144
vn -0.8965 -0.3319 0.2934
vn -0.0005 -0.017 0.9999
vn -0.8051 -0.2862 0.5195
vn -0.0002 -0.5548 0.832
vn -0.0004 -0.9997 -0.026
vn -0.0005 -0.4349 0.9005
vn -0.849 -0.5164 0.1118
vn -0.9975 0.0443 0.0544
vn -0.914 -0.3595 0.1881
vn -0.0004 -0.3392 0.9407
vn -0.8182 -0.3492 0.4567
vn -0.0002 -0.763 0.6463
vn -0.0003 -0.9623 -0.2722
vn -0.0002 -0.9704 -0.2415
vn -0.8769 -0.4806 -0.0115
vn -0.7037 -0.6319 0.3247
vn -0.0003 -0.7856 0.6188
vn 0.8768 -0.4807 -0.0116
vn 0.7037 -0.632 0.3247
vn 0.914 -0.3595 0.1881
vn 0.8488 -0.5167 0.1119
vn 0.9975 0.0443 0.0544
vn 0.7852 0.5976 -0.1622
vn 0.7612 0.6155 -0.2043
vn 0.8072 0.5219 -0.2758
vn 0.7712 0.6025 -0.2057
vn 0.9505 0.3096 -0.0276
vn 0.9428 0.3335 0.0021
vn 0.9487 0.305 0.0836
vn 0.9944 0.0023 0.1058
vn 0.9885 -0.012 0.1509
vn 0.9314 -0.3556 0.0776
vn 0.9148 -0.3779 0.1428
vn 0.8925 -0.4161 0.1742
vn 0.8624 -0.4149 0.2901
vn 0.827 -0.4664 0.3139
vn 0.8965 -0.3319 0.2936
vn 0.8048 -0.2864 0.5198
vn 0.9937 0.1086 0.0262
vn 0.9806 0.1894 -0.0496
vn -0.9937 0.1086 0.0262
vn -0.9806 0.1894 -0.0496
vn 0.8179 -0.3495 0.457
vn -0.0003 -0.9834 -0.1817
vn -0.0002 -0.6638 0.7479
vn -0.0008 -0.6827 0.7307
vn -0.0009 -0.9904 -0.1385
vn -0.0003 -0.694 0.7199
vn -0.0005 -0.9903 0.1393
vn -0.0011 -0.8546 0.5193
vn -0.0003 -0.8693 0.4942
vn -0.6937 -0.5971 0.4028
vn -0.0002 -0.9573 0.289
vn -0.0003 -0.9686 -0.2488
vn -0.0003 -0.9966 0.0828
vn -0.7013 -0.7128 -0.0032
vn -0.6745 -0.7203 0.1619
vn -0.4107 -0.7309 0.545
vn 0.4107 -0.7309 0.545
vn 0.6745 -0.7203 0.1619
vn 0.6935 -0.5972 0.403
vn 0.7011 -0.713 -0.0033
vn 0.6754 -0.3553 -0.6462
vn 0.7529 0.1722 -0.6353
vn 0.7361 0.1143 -0.6672
vn 0.5269 0.6811 -0.5084
vn 0.6791 0.5191 -0.519
vn 0.6959 -0.0113 -0.7181
vn 0.5264 -0.3431 -0.7779
vn 0.4286 -0.315 -0.8468
vn 0.6379 -0.1111 -0.762
vn 0.8917 0.2294 -0.3901
vn 0.8962 0.0185 -0.4432
vn 0.9932 0.0708 -0.0924
vn 0.9683 -0.1234 -0.2174
vn 0.8754 -0.1095 -0.4709
vn 0.8745 -0.4046 -0.2675
vn 0.8595 -0.2077 -0.467
vn 0.8034 -0.3641 -0.4712
vn 0.6935 0.2041 -0.691
vn 0.7319 -0.3504 -0.5843
vn 0.8072 0.1968 -0.5565
vn 0.3092 0.5464 -0.7784
vn 0.6491 0.481 -0.5893
vn 0.9163 0.1579 -0.3681
vn 0.8008 0.5523 -0.2315
vn 0.8536 -0.1728 -0.4915
vn 0.576 0.319 -0.7526
vn 0.5082 0.0129 -0.8612
vn 0.4214 0.2746 -0.8643
vn 0.6133 0.6221 -0.4866
vn 0.7981 0.5997 -0.0584
vn 0.2756 0.891 -0.3608
vn 0.5481 -0.0702 -0.8335
vn 0.348 -0.1762 -0.9208
vn 0.3419 -0.2363 -0.9095
vn 0.4416 0.1298 -0.8878
vn 0.2956 0.0783 -0.9521
vn 0.1739 -0.1332 -0.9757
vn 0.0728 -0.021 -0.9971
vn 0.1044 0.1197 -0.9873
vn 0.0454 0.2714 -0.9614
vn -0.0751 0.0056 -0.9972
vn 0.9029 0.1932 -0.384
vn 0.9755 0.1217 -0.1831
vn 0.6846 0.1496 -0.7134
vn 0.3396 0.1998 -0.9191
vn -0.0484 0.2107 -0.9764
vn 0.0818 0.3773 -0.9225
vn -0.0274 0.3655 -0.9304
vn 0.1052 0.3025 -0.9473
vn 0.8118 0.0538 -0.5815
vn 0.2708 0.2823 -0.9203
vn 0.7143 0.1681 -0.6794
vn 0.9757 -0.2008 0.0879
vn 0.9828 -0.0978 -0.1567
vn -0.981 0.0972 -0.1678
vn -0.9261 -0.3264 -0.1891
vn -0.0005 -0.8717 -0.4901
vn -0.0006 -0.9413 -0.3376
vn -0.001 -0.9903 -0.139
vn -0.9848 0.0166 -0.1731
vn -0.0006 0.97 -0.243
vn -0.0011 0.9009 -0.434
vn -0.0003 -0.243 -0.97
vn 0.9847 0.0165 -0.1736
vn 0.981 0.0973 -0.168
vn 0.926 -0.3267 -0.1893
vn 0.9648 0.1882 -0.1836
vn -0.0004 0.9682 -0.2503
vn -0.9649 0.1879 -0.1835
vn -0.933 -0.3243 -0.1561
vn -0.0003 -0.8478 -0.5303
vn 0.9328 -0.3246 -0.1562
vn 0.9886 -0.138 -0.0611
vn 0.9311 -0.3497 -0.1041
vn 0.9576 -0.1414 0.251
vn 0.9464 -0.0592 0.3175
vn -0.0004 0.7744 0.6327
vn -0.0005 -0.4721 0.8816
vn -0.9465 -0.0593 0.3172
vn -0.0002 -0.6912 0.7227
vn 0.8784 -0.1976 0.4352
vn 0.94 -0.0898 0.329
vn 0.8854 -0.0927 0.4556
vn 0.9252 0.373 -0.0697
vn 0.844 0.4961 0.2037
vn 0.9354 0.206 0.2873
vn 0.792 0.4207 0.4425
vn 0.3585 0.6 0.7152
vn 0.5787 0.26 0.773
vn 0.775 0.4077 0.4828
vn 0.597 0.1821 0.7813
vn 0.9343 0.2106 0.2878
vn 0.6364 0.6428 -0.4263
vn 0.6648 0.7163 -0.212
vn 0.1777 0.8574 -0.4829
vn -0.0001 0.4743 -0.8804
vn 0 0.8052 -0.5931
vn -0.1777 0.8574 -0.4829
vn -0.6365 0.6428 -0.4263
vn -0.6152 0.53 -0.5835
vn -0.0002 0.9694 -0.2455
vn -0.0004 0.9898 0.1423
vn -0.7136 0.5606 -0.4201
vn -0.9343 0.2106 0.2876
vn -0.9823 0.0705 0.1737
vn -0.0002 -0.2653 0.9642
vn -0.0001 -0.3073 0.9516
vn 0.9823 0.0704 0.1738
vn 0.7134 0.5608 -0.4202
vn 0.615 0.5302 -0.5836
vn -0.0003 0.7022 -0.712
vn -0.7137 0.5372 -0.4494
vn -0.9439 0.1818 0.2756
vn -0.0002 -0.263 0.9648
vn 0.9439 0.1817 0.2758
vn 0.7135 0.5374 -0.4496
vn -0.0004 0.7697 -0.6384
vn -0.963 0.1275 0.2373
vn -0.0002 -0.0196 0.9998
vn 0.963 0.1276 0.2375
vn -0.0005 0.6066 -0.795
vn -0.9617 0.2739 0.0105
vn -0.0004 -0.3597 0.9331
vn 0.9616 0.2743 0.0107
vn -0.0002 0.816 0.578
vn -0.0006 -0.2492 0.9684
vn -0.0003 -0.9538 -0.3004
vn -0.0003 -0.9612 -0.2759
vn -0.9312 -0.3495 -0.104
vn -0.9886 -0.138 -0.0611
vn -0.9839 0.1125 -0.1386
vn 0.9839 0.1126 -0.1387
vn -0.0002 -0.3577 0.9338
vn -0.0003 0.6611 0.7503
vn -0.5972 0.182 0.7812
vn -0.775 0.4077 0.4828
vn -0.6648 0.7163 -0.212
vn 0.0966 0.9742 -0.2042
vn -0.0965 0.9742 -0.2042
vn -0.8785 -0.1976 0.435
vn -0.9401 -0.0897 0.3289
vn -0.0003 -0.8003 0.5996
vn 0.977 -0.1828 0.1096
vn 0.9125 0.3894 -0.1252
vn -0.0003 0.9761 -0.2173
vn -0.0003 0.6178 0.7863
vn -0.8441 0.4959 0.2036
vn -0.9253 0.3727 -0.0696
vn -0.9126 0.3892 -0.1251
vn -0.0003 0.9188 -0.3947
vn 0.9498 0.3084 -0.0522
vn 0.937 -0.3449 0.0555
vn -0.0002 -0.967 0.2546
vn -0.9771 -0.1826 0.1095
vn -0.9371 -0.3445 0.0554
vn -0.9499 0.3081 -0.0522
vn -0.0002 0.9532 -0.3023
vn -0.6645 0.4489 0.5975
vn -0.0002 0.3838 0.9234
vn 0.6643 0.449 0.5976
vn -0.9577 -0.1413 0.2508
vn -0.9378 -0.3448 0.0413
vn -0.0004 -0.9645 -0.2641
vn -0.0001 -0.4165 0.9091
vn -0.0004 0.5837 0.812
vn -0.0004 -0.7353 0.6777
vn -0.0004 -0.9902 -0.14
vn 0.9668 -0.0836 0.2414
vn -0.0003 0.7512 0.6601
vn -0.9669 -0.0835 0.2412
vn -0.0002 -0.6943 0.7197
vn -0.8854 -0.0927 0.4556
vn -0.9354 0.206 0.2873
vn -0.792 0.4207 0.4425
vn -0.3585 0.6 0.7152
vn -0.5787 0.26 0.773
vn 0.9377 -0.3451 0.0414
vn -0.849 -0.5164 -0.1118
vn -0.0003 -0.9834 0.1817
vn -0.0002 -0.6638 -0.7479
vn -0.0004 -0.3392 -0.9407
vn -0.914 -0.3595 -0.1881
vn -0.8182 -0.3492 -0.4567
vn -0.0002 -0.763 -0.6463
vn -0.0003 -0.9623 0.2722
vn -0.0002 -0.9704 0.2415
vn -0.8769 -0.4806 0.0115
vn -0.9961 0.0466 -0.0742
vn -0.9969 0.0583 -0.0532
vn -0.8273 0.5617 -0.011
vn -0.9088 0.4081 -0.087
vn -0.4705 0.3418 -0.8135
vn 0 0.7696 -0.6385
vn -0.0002 0.9804 -0.1971
vn -0.0004 0.8851 -0.4653
vn -0.0002 0.7841 -0.6207
vn -0.0002 0.9921 0.1255
vn -0.7455 0.6663 0.0135
vn -0.9896 0.0871 -0.1141
vn -0.7037 -0.6319 -0.3247
vn -0.0003 -0.7856 -0.6188
vn 0.8768 -0.4807 0.0116
vn 0.8179 -0.3495 -0.457
vn 0.914 -0.3595 -0.1881
vn 0.9961 0.0466 -0.0742
vn 0.9896 0.0871 -0.1141
vn 0.7037 -0.632 -0.3247
vn 0.6935 -0.5972 -0.403
vn 0.6745 -0.7203 -0.1619
vn 0.4107 -0.7309 -0.545
vn 0.7454 0.6665 0.0135
vn 0.2636 0.9565 -0.1246
vn 0.5482 0.8053 -0.2258
vn 0.8274 0.5404 0.1527
vn 0.9517 0.0756 -0.2975
vn -0.0009 0.5187 -0.855
vn -0.5483 0.8053 -0.2257
vn -0.9519 0.0755 -0.2971
vn -0.0004 -0.5207 -0.8537
vn -0.0001 0.7311 -0.6823
vn -0.0008 0.9714 -0.2376
vn -0.0002 0.9683 -0.2497
vn -0.001 0.9591 -0.283
vn 0.8674 0.4777 0.1397
vn 0.7664 0.497 0.4069
vn -0.0003 0.5406 0.8413
vn -0.0003 0.9942 0.1072
vn -0.7668 0.4968 0.4065
vn -0.8274 0.5405 0.1526
vn -0.8677 0.4771 0.1396
vn -0.0002 0.9762 -0.2169
vn -0.0007 0.7714 0.6363
vn -0.001 0.9971 -0.0758
vn -0.2636 0.9565 -0.1246
vn -0.4107 -0.7309 -0.545
vn -0.6745 -0.7203 -0.1619
vn -0.6937 -0.5971 -0.4028
vn -0.0002 -0.9573 -0.289
vn -0.0003 -0.9686 0.2488
vn -0.0003 -0.9966 -0.0828
vn 0.7011 -0.713 0.0033
vn -0.7013 -0.7128 0.0032
vn -0.7855 0.5973 0.1621
vn -0.0004 0.9523 0.3053
vn -0.7614 0.6153 0.2041
vn -0.0004 0.9979 0.0649
vn -0.0003 0.9613 -0.2755
vn -0.8075 0.5215 0.2756
vn -0.0006 0.8647 0.5024
vn -0.7715 0.6021 0.2055
vn -0.0004 0.9862 -0.1656
vn -0.0007 0.9541 -0.2994
vn -0.0003 0.9898 -0.1426
vn -0.9506 0.3093 0.0275
vn -0.0004 0.962 -0.2732
vn -0.9429 0.3331 -0.0022
vn -0.0003 0.9619 -0.2734
vn -0.0005 0.7779 -0.6284
vn -0.9489 0.3044 -0.0835
vn -0.0004 0.891 -0.454
vn -0.0008 0.6994 -0.7147
vn -0.0006 0.9401 -0.3408
vn -0.9944 0.0023 -0.1056
vn -0.0008 0.8236 -0.5672
vn -0.9886 -0.0118 -0.1503
vn -0.0008 -0.9974 0.0716
vn -0.0013 -0.9043 0.427
vn -0.0003 -0.6933 -0.7206
vn -0.0013 0.6691 -0.7431
vn 0.9885 -0.012 -0.1509
vn 0.9944 0.0023 -0.1058
vn 0.9487 0.305 -0.0836
vn 0.9428 0.3335 -0.0021
vn 0.9505 0.3096 0.0276
vn 0.7712 0.6025 0.2057
vn 0.8072 0.5219 0.2758
vn 0.7612 0.6155 0.2043
vn 0.7852 0.5976 0.1622
vn 0.9088 0.4081 -0.0871
vn 0.9975 0.0443 -0.0544
vn 0.9969 0.0583 -0.0532
vn 0.8488 -0.5167 -0.1119
vn -0.0005 -0.435 -0.9005
vn -0.8051 -0.2862 -0.5195
vn -0.0004 -0.9997 0.026
vn -0.0002 -0.5548 -0.832
vn -0.0005 -0.017 -0.9999
vn -0.8965 -0.3319 -0.2934
vn -0.9975 0.0443 -0.0544
vn -0.9937 0.1086 -0.0262
vn -0.9806 0.1894 0.0496
vn -0.8927 -0.4157 -0.174
vn -0.9149 -0.3776 -0.1427
vn -0.9316 -0.355 -0.0775
vn -0.0011 -0.8546 -0.5193
vn -0.0003 -0.8693 -0.4942
vn -0.0009 -0.9904 0.1385
vn -0.0008 -0.6827 -0.7307
vn -0.0003 -0.694 -0.7199
vn -0.0005 -0.9903 -0.1393
vn -0.0009 -0.5048 -0.8632
vn -0.0003 -0.5584 -0.8296
vn -0.0006 -0.9615 -0.2749
vn -0.0009 -0.1734 -0.9848
vn -0.8627 -0.4145 -0.2898
vn -0.8272 -0.4661 -0.3137
vn -0.0004 -0.9768 -0.2144
vn 0.8965 -0.3319 -0.2936
vn 0.8048 -0.2864 -0.5198
vn 0.9937 0.1086 -0.0262
vn 0.9806 0.1894 0.0496
vn 0.8925 -0.4161 -0.1742
vn 0.8624 -0.4149 -0.2901
vn 0.9148 -0.3779 -0.1428
vn 0.9314 -0.3556 -0.0776
vn -0.0006 -0.9284 -0.3715
vn -0.0006 -0.1702 -0.9854
vn -0.0002 -0.4371 -0.8994
vn 0.827 -0.4664 -0.3139
vn -0.0002 -0.461 -0.8874
vn 0.8271 0.5619 -0.011
vn 0.4706 0.3419 -0.8134
vn -0.4475 -0.5167 0.7299
vn -0.4991 -0.0945 0.8614
vn -0.4766 -0.0892 0.8746
vn -0.4854 0.4591 0.744
vn -0.4249 0.3364 0.8404
vn -0.5539 -0.1901 0.8106
vn -0.6178 -0.4894 0.6154
vn -0.6929 -0.5022 0.5174
vn -0.5967 -0.301 0.7439
vn -0.2522 0.0856 0.9639
vn -0.1716 -0.0655 0.983
vn 0.0766 0.0194 0.9969
vn -0.125 -0.1264 0.9841
vn 0.0371 -0.1743 0.984
vn -0.1993 -0.1899 0.9614
vn 0.0575 -0.485 0.8726
vn -0.2065 -0.5781 0.7894
vn -0.4271 -0.2844 0.8583
vn -0.6802 -0.3708 0.6323
vn -0.6108 -0.6899 0.3885
vn -0.7466 -0.5981 0.2912
vn -0.8036 -0.065 0.5916
vn -0.6748 0.2761 0.6844
vn -0.7084 0.4003 0.5813
vn -0.8169 0.1949 0.5429
vn -0.7421 0.4695 0.4785
vn -0.6897 0.2974 0.6602
vn -0.3772 0.2361 0.8955
vn -0.6327 -0.1029 0.7675
vn -0.6319 -0.2297 0.7403
vn -0.7998 -0.3637 0.4776
vn -0.7748 -0.4289 0.4645
vn -0.7845 -0.017 0.6199
vn -0.884 -0.08 0.4605
vn -0.9138 -0.3046 0.2686
vn -0.9622 -0.1867 0.1985
vn -0.9445 -0.0086 0.3283
vn -0.6126 0.1287 0.7798
vn -0.1034 0.4254 0.8991
vn 0.2558 0.4756 0.8417
vn -0.2645 0.7111 0.6514
vn -0.1094 0.0937 0.9896
vn -0.8197 0.1256 0.5588
vn -0.9703 0.1306 0.2036
vn -0.9388 0.158 0.306
vn -0.9873 -0.1586 0.0075
vn 0.1321 0.0356 0.9906
vn -0.5157 0.1153 0.849
vn -0.8799 0.2841 0.3808
vn -0.4317 0.0598 0.9001
vn 0.0381 -0.112 0.993
vn 0.1238 -0.1568 0.9798
vn -0.5859 0.153 0.7958
vn -0.8121 0.2489 0.5278
vn -0.9268 0.3126 0.2082
vn -0.9023 0.312 0.2976
vn -0.7226 -0.6601 0.2052
vn -0.711 -0.6742 -0.1998
vn -0.8439 -0.4933 -0.2108
vn -0.0003 -0.9008 -0.4343
vn -0.0003 -0.9186 -0.3951
vn 0.7109 -0.6743 -0.1999
vn 0.8439 -0.4934 -0.2108
vn 0.9228 -0.3744 -0.091
vn 0.8858 -0.4626 -0.0372
vn 0.8583 -0.5132 0.0025
vn 0.9934 -0.0335 0.1097
vn 0.9945 -0.0088 0.1044
vn 0.9825 -0.1862 0.0045
vn 0.9777 -0.0606 -0.201
vn 0.8482 0.5258 0.0646
vn 0.8995 0.3934 0.1902
vn 0.7418 0.6703 -0.0197
vn -0.0224 0.9909 0.1326
vn 0.9585 -0.0666 0.2772
vn 0.6175 -0.7104 0.3377
vn -0.0194 -0.9932 -0.1148
vn 0.1328 -0.811 -0.5697
vn 0.9674 -0.0918 0.2361
vn -0.0143 0.9628 0.2699
vn 0.0023 0.957 0.29
vn -0.0301 0.9469 0.3201
vn 0.9665 -0.0165 0.256
vn -0.147 0.7557 0.6382
vn -0.1163 0.7184 0.6859
vn 0.9355 0.0527 0.3493
vn -0.0793 0.6248 0.7767
vn -0.0469 0.6889 0.7233
vn 0.9631 -0.0262 0.268
vn 0.301 -0.4965 -0.8142
vn 0.2219 -0.445 -0.8676
vn 0.2189 -0.5867 -0.7796
vn 0.9744 -0.0735 0.2124
vn 0.0227 0.5079 0.8611
vn -0.0765 0.5964 0.7991
vn -0.9703 0.1537 -0.1869
vn -0.9852 0.1142 -0.1282
vn -0.9562 0.2152 -0.1986
vn -0.9276 0.1137 -0.3558
vn -0.9264 0.0248 -0.3756
vn -0.9464 0.074 -0.3144
vn 0.0168 0.9998 0.0137
vn -0.7618 0.5777 -0.293
vn -0.0121 -0.9957 -0.0919
vn 0.078 -0.8835 -0.4619
vn 0.2354 -0.6813 -0.6931
vn 0.2161 -0.6253 -0.7498
vn 0.2998 -0.3478 -0.8883
vn 0.247 -0.4648 -0.8503
vn -0.9228 -0.3744 -0.091
vn -0.9581 -0.2846 -0.0325
vn -0.9825 -0.163 -0.0906
vn -0.938 -0.3461 -0.0216
vn -0.9387 -0.3441 -0.0178
vn -0.9509 -0.3057 -0.0477
vn -0.9675 -0.2528 -0.0081
vn -0.9775 -0.2018 -0.0607
vn -0.9867 -0.1584 -0.0363
vn -0.8858 -0.4626 -0.0372
vn -0.8583 -0.5132 0.0025
vn -0.9934 -0.0335 0.1097
vn -0.6175 -0.7104 0.3377
vn -0.9585 -0.0666 0.2772
vn 0.0194 -0.9932 -0.1148
vn 0.9464 0.074 -0.3144
vn -0.1328 -0.811 -0.5697
vn -0.9674 -0.0918 0.2361
vn 0.0121 -0.9957 -0.0919
vn 0.9264 0.0248 -0.3756
vn 0.0143 0.9628 0.2699
vn -0.0168 0.9998 0.0137
vn -0.0023 0.957 0.29
vn 0.0301 0.9469 0.3201
vn -0.9665 -0.0165 0.256
vn -0.2354 -0.6813 -0.6931
vn -0.2161 -0.6253 -0.7498
vn 0.9276 0.1137 -0.3558
vn 0.147 0.7557 0.6382
vn 0.1163 0.7184 0.6859
vn 0.9562 0.2152 -0.1986
vn -0.2998 -0.3478 -0.8883
vn -0.9355 0.0527 0.3493
vn 0.0793 0.6248 0.7767
vn 0.0469 0.6889 0.7233
vn -0.9631 -0.0262 0.268
vn 0.0765 0.5964 0.7991
vn 0.9703 0.1537 -0.1869
vn -0.301 -0.4965 -0.8142
vn -0.247 -0.4648 -0.8503
vn -0.2219 -0.445 -0.8676
vn -0.2189 -0.5867 -0.7796
vn -0.9744 -0.0735 0.2124
vn -0.2229 -0.5458 -0.8077
vn 0.9852 0.1142 -0.1282
vn -0.0227 0.5079 0.8611
vn 0.0718 0.4893 0.8692
vn -0.2238 0.644 0.7316
vn -0.1181 0.8545 0.5058
vn 0.9761 0.1857 -0.1127
vn -0.3294 -0.572 -0.7512
vn -0.9949 0.1004 -0.0072
vn -0.2289 0.9608 0.1566
vn -0.1757 0.958 0.2266
vn 0.9966 -0.0691 -0.0457
vn -0.1467 -0.7901 -0.5951
vn -0.2551 -0.8461 -0.468
vn -0.9953 0.0584 -0.0778
vn 0.0413 0.6725 -0.7389
vn -0.9423 -0.3334 -0.0306
vn -0.9476 -0.3187 -0.0227
vn -0.9501 -0.3117 -0.0152
vn -0.9436 -0.331 -0.0133
vn -0.9478 -0.3168 0.0359
vn -0.9281 -0.3695 0.0463
vn -0.9255 -0.3449 0.1564
vn -0.9356 -0.2988 0.1882
vn -0.9709 -0.1811 0.157
vn -0.9853 -0.1387 0.0996
vn 0.0224 0.9909 0.1326
vn -0.7418 0.6703 -0.0197
vn 0.7618 0.5777 -0.293
vn -0.9825 -0.1862 0.0045
vn -0.9945 -0.0088 0.1044
vn -0.8995 0.3934 0.1902
vn -0.8482 0.5258 0.0646
vn -0.9777 -0.0606 -0.201
vn -0.936 -0.2968 -0.1894
vn -0.9695 -0.224 -0.0999
vn -0.9816 -0.1698 -0.0878
vn -0.9762 -0.1988 -0.0862
vn -0.9833 -0.1507 -0.1024
vn -0.94 -0.3242 -0.1063
vn -0.9127 -0.4084 -0.0151
vn -0.9015 -0.137 -0.4105
vn -0.9754 -0.0533 -0.214
vn -0.9809 0.1424 0.1324
vn -0.9479 -0.2881 -0.1358
vn -0.9518 0.2109 0.2225
vn -0.9092 -0.3987 -0.1199
vn -0.988 0.1376 0.0696
vn -0.7467 -0.6268 -0.2226
vn -0.9974 -0.0714 -0.0128
vn -0.5943 0.7432 0.3073
vn -0.6365 0.625 0.4519
vn -0.7384 0.5643 0.3693
vn -0.8972 0.3442 -0.2765
vn -0.078 -0.8835 -0.4619
vn -0.9438 -0.3302 -0.0123
vn 0.2229 -0.5458 -0.8077
vn 0.3294 -0.572 -0.7512
vn -0.9761 0.1857 -0.1127
vn 0.1181 0.8545 0.5058
vn 0.2289 0.9608 0.1566
vn 0.9949 0.1004 -0.0072
vn 0.2551 -0.8461 -0.468
vn 0.1467 -0.7901 -0.5951
vn 0.9953 0.0584 -0.0778
vn 0.1757 0.958 0.2266
vn -0.9966 -0.0691 -0.0457
vn -0.0413 0.6725 -0.7389
vn 0.2238 0.644 0.7316
vn -0.0718 0.4893 0.8692
vn 0.936 -0.2968 -0.1894
vn 0.9809 0.1424 0.1324
vn 0.9479 -0.2881 -0.1358
vn 0.9518 0.2109 0.2225
vn 0.6365 0.625 0.4519
vn 0.5943 0.7432 0.3073
vn 0.988 0.1376 0.0696
vn 0.9974 -0.0714 -0.0128
vn 0.7467 -0.6268 -0.2226
vn 0.9092 -0.3987 -0.1199
vn 0.7384 0.5642 0.3693
vn 0.9754 -0.0533 -0.214
vn 0.9015 -0.137 -0.4105
vn 0.8972 0.3442 -0.2765
vn 0.9127 -0.4084 -0.0151
vn 0.94 -0.3242 -0.1063
vn 0.9438 -0.3302 -0.0123
vn 0.9695 -0.224 -0.0999
vn 0.9867 -0.1584 -0.0363
vn 0.9775 -0.2018 -0.0607
vn 0.9816 -0.1698 -0.0878
vn 0.9762 -0.1988 -0.0862
vn 0.9833 -0.1507 -0.1024
vn 0.9675 -0.2528 -0.0081
vn 0.9581 -0.2846 -0.0325
vn 0.9825 -0.163 -0.0906
vn 0.938 -0.3461 -0.0216
vn 0.9387 -0.3441 -0.0178
vn 0.9509 -0.3057 -0.0477
vn 0.9423 -0.3334 -0.0306
vn 0.9476 -0.3187 -0.0227
vn 0.9501 -0.3117 -0.0152
vn 0.9436 -0.331 -0.0133
vn 0.9478 -0.3168 0.0359
vn 0.9281 -0.3695 0.0463
vn 0.9255 -0.3449 0.1564
vn 0.9356 -0.2988 0.1882
vn 0.9709 -0.1811 0.157
vn 0.9853 -0.1387 0.0996
vn -0.4854 0.4591 -0.744
vn -0.4991 -0.0945 -0.8614
vn -0.4766 -0.0892 -0.8746
vn -0.4475 -0.5167 -0.7299
vn -0.5539 -0.1901 -0.8106
vn -0.6178 -0.4894 -0.6154
vn -0.6929 -0.5022 -0.5174
vn -0.5967 -0.301 -0.7439
vn -0.2522 0.0856 -0.9639
vn -0.4249 0.3364 -0.8404
vn -0.1716 -0.0655 -0.983
vn 0.0766 0.0194 -0.9969
vn -0.125 -0.1264 -0.9841
vn 0.0371 -0.1743 -0.984
vn -0.1993 -0.1899 -0.9614
vn 0.0575 -0.485 -0.8726
vn -0.2065 -0.5781 -0.7894
vn -0.4271 -0.2844 -0.8583
vn -0.6802 -0.3708 -0.6323
vn -0.6108 -0.6899 -0.3885
vn -0.7466 -0.5981 -0.2912
vn -0.8036 -0.065 -0.5916
vn -0.6748 0.2761 -0.6844
vn -0.7084 0.4003 -0.5813
vn -0.8169 0.1949 -0.5429
vn -0.7421 0.4695 -0.4785
vn -0.6897 0.2974 -0.6602
vn -0.3772 0.2361 -0.8955
vn -0.6327 -0.1029 -0.7675
vn -0.6126 0.1287 -0.7798
vn -0.1034 0.4254 -0.8991
vn 0.2558 0.4756 -0.8417
vn -0.2645 0.7111 -0.6514
vn -0.7748 -0.4289 -0.4645
vn -0.7998 -0.3637 -0.4776
vn -0.6319 -0.2297 -0.7403
vn -0.9622 -0.1867 -0.1985
vn -0.9138 -0.3046 -0.2686
vn -0.884 -0.08 -0.4605
vn -0.7845 -0.017 -0.6199
vn -0.1094 0.0937 -0.9896
vn -0.8197 0.1256 -0.5588
vn -0.5157 0.1153 -0.849
vn 0.1321 0.0356 -0.9906
vn 0.0381 -0.112 -0.993
vn -0.4317 0.0598 -0.9001
vn 0.1238 -0.1568 -0.9798
vn -0.5859 0.153 -0.7958
vn -0.8121 0.2489 -0.5278
vn -0.8799 0.2841 -0.3808
vn -0.9268 0.3126 -0.2082
vn -0.9023 0.312 -0.2976
vn -0.9703 0.1306 -0.2036
vn -0.9445 -0.0086 -0.3283
vn -0.9388 0.158 -0.306
vn -0.9873 -0.1586 -0.0075
vn -0.7226 -0.6601 -0.2052
vn 0.9163 0.1579 0.3681
vn 0.8072 0.1968 0.5565
vn 0.6491 0.481 0.5893
vn 0.8008 0.5523 0.2315
vn 0.3092 0.5464 0.7784
vn 0.6935 0.2041 0.691
vn 0.7319 -0.3504 0.5843
vn 0.8034 -0.3641 0.4712
vn 0.8595 -0.2077 0.467
vn 0.8745 -0.4046 0.2675
vn 0.8754 -0.1095 0.4709
vn 0.9683 -0.1234 0.2174
vn 0.8962 0.0185 0.4432
vn 0.9932 0.0708 0.0924
vn 0.8917 0.2294 0.3901
vn 0.6379 -0.1111 0.762
vn 0.6959 -0.0113 0.7181
vn 0.6791 0.5191 0.519
vn 0.7361 0.1143 0.6672
vn 0.6754 -0.3553 0.6462
vn 0.7529 0.1722 0.6353
vn 0.5269 0.6811 0.5084
vn 0.5264 -0.3431 0.7779
vn 0.4286 -0.315 0.8468
vn 0.3419 -0.2363 0.9095
vn 0.348 -0.1762 0.9208
vn 0.5481 -0.0702 0.8335
vn 0.5082 0.0129 0.8612
vn 0.576 0.319 0.7526
vn 0.2756 0.891 0.3608
vn 0.7981 0.5997 0.0584
vn 0.6133 0.6221 0.4866
vn 0.4214 0.2746 0.8643
vn 0.1044 0.1197 0.9873
vn 0.0728 -0.021 0.9971
vn 0.1739 -0.1332 0.9757
vn 0.2956 0.0783 0.9521
vn 0.4416 0.1298 0.8878
vn 0.9029 0.1932 0.384
vn 0.9755 0.1217 0.1831
vn 0.6846 0.1496 0.7134
vn 0.9828 -0.0978 0.1567
vn 0.8118 0.0538 0.5815
vn 0.1052 0.3025 0.9473
vn 0.2708 0.2823 0.9203
vn 0.7143 0.1681 0.6794
vn 0.9757 -0.2008 -0.0879
vn 0.3396 0.1998 0.9191
vn -0.0274 0.3655 0.9304
vn 0.0818 0.3773 0.9225
vn -0.0484 0.2107 0.9764
vn 0.0454 0.2714 0.9614
vn -0.0751 0.0056 0.9972
vn 0.8536 -0.1728 0.4915
vn -0.0003 -0.9008 0.4343
vn -0.8439 -0.4933 0.2108
vn -0.711 -0.6742 0.1998
vn -0.0003 -0.9186 0.3951
vn 0.7109 -0.6743 0.1999
vn 0.8439 -0.4934 0.2108
vn 0.9228 -0.3744 0.091
vn 0.8858 -0.4626 0.0372
vn 0.9867 -0.1584 0.0363
vn 0.9825 -0.1862 -0.0045
vn 0.9945 -0.0088 -0.1044
vn 0.9777 -0.0606 0.201
vn 0.8482 0.5258 -0.0646
vn 0.8995 0.3934 -0.1902
vn 0.7418 0.6703 0.0197
vn 0.9934 -0.0335 -0.1097
vn 0.8583 -0.5132 -0.0025
vn 0.6175 -0.7104 -0.3377
vn 0.9585 -0.0666 -0.2772
vn -0.0224 0.9909 -0.1326
vn -0.7618 0.5777 0.293
vn -0.9464 0.074 0.3144
vn 0.0168 0.9998 -0.0137
vn -0.0143 0.9628 -0.2699
vn -0.9264 0.0248 0.3756
vn 0.0023 0.957 -0.29
vn 0.9674 -0.0918 -0.2361
vn 0.1328 -0.811 0.5697
vn -0.0121 -0.9957 0.0919
vn 0.078 -0.8835 0.4619
vn 0.2354 -0.6813 0.6931
vn -0.9276 0.1137 0.3558
vn 0.2161 -0.6253 0.7498
vn 0.2998 -0.3478 0.8883
vn 0.9665 -0.0165 -0.256
vn -0.0301 0.9469 -0.3201
vn -0.147 0.7557 -0.6382
vn -0.1163 0.7184 -0.6859
vn -0.9562 0.2152 0.1986
vn 0.247 -0.4648 0.8503
vn 0.301 -0.4965 0.8142
vn -0.9703 0.1537 0.1869
vn 0.2219 -0.445 0.8676
vn 0.9631 -0.0262 -0.268
vn 0.9355 0.0527 -0.3493
vn -0.0793 0.6248 -0.7767
vn -0.0469 0.6889 -0.7233
vn -0.0765 0.5964 -0.7991
vn 0.0227 0.5079 -0.8611
vn 0.9744 -0.0735 -0.2124
vn 0.2189 -0.5867 0.7796
vn -0.9852 0.1142 0.1282
vn -0.0718 0.4893 -0.8692
vn 0.2238 0.644 -0.7316
vn 0.1181 0.8545 -0.5058
vn 0.9949 0.1004 0.0072
vn 0.2289 0.9608 -0.1566
vn 0.9953 0.0584 0.0778
vn 0.1467 -0.7901 0.5951
vn 0.2551 -0.8461 0.468
vn 0.3294 -0.572 0.7512
vn 0.2229 -0.5458 0.8077
vn -0.9228 -0.3744 0.091
vn -0.9581 -0.2846 0.0325
vn -0.9825 -0.163 0.0906
vn -0.938 -0.3461 0.0216
vn -0.9387 -0.3441 0.0178
vn -0.9509 -0.3057 0.0477
vn -0.9675 -0.2528 0.0081
vn -0.9775 -0.2018 0.0607
vn -0.9867 -0.1584 0.0363
vn -0.8858 -0.4626 0.0372
vn -0.8583 -0.5132 -0.0025
vn -0.9934 -0.0335 -0.1097
vn -0.6175 -0.7104 -0.3377
vn -0.9585 -0.0666 -0.2772
vn 0.0194 -0.9932 0.1148
vn 0.9464 0.074 0.3144
vn -0.1328 -0.811 0.5697
vn -0.9674 -0.0918 -0.2361
vn 0.0121 -0.9957 0.0919
vn 0.9264 0.0248 0.3756
vn 0.0143 0.9628 -0.2699
vn -0.0168 0.9998 -0.0137
vn -0.0023 0.957 -0.29
vn 0.0301 0.9469 -0.3201
vn -0.9665 -0.0165 -0.256
vn 0.147 0.7557 -0.6382
vn 0.9276 0.1137 0.3558
vn -0.2354 -0.6813 0.6931
vn -0.078 -0.8835 0.4619
vn -0.2161 -0.6253 0.7498
vn -0.2998 -0.3478 0.8883
vn -0.9355 0.0527 -0.3493
vn 0.1163 0.7184 -0.6859
vn 0.9562 0.2152 0.1986
vn -0.247 -0.4648 0.8503
vn -0.301 -0.4965 0.8142
vn 0.9703 0.1537 0.1869
vn 0.0469 0.6889 -0.7233
vn 0.0793 0.6248 -0.7767
vn -0.9631 -0.0262 -0.268
vn -0.2219 -0.445 0.8676
vn -0.2189 -0.5867 0.7796
vn -0.9744 -0.0735 -0.2124
vn -0.0227 0.5079 -0.8611
vn 0.0765 0.5964 -0.7991
vn -0.9423 -0.3334 0.0306
vn -0.9476 -0.3187 0.0227
vn -0.9501 -0.3117 0.0152
vn -0.9436 -0.331 0.0133
vn -0.9478 -0.3168 -0.0359
vn -0.9281 -0.3695 -0.0463
vn -0.9255 -0.3449 -0.1564
vn -0.9356 -0.2988 -0.1882
vn -0.9709 -0.1811 -0.157
vn -0.9853 -0.1387 -0.0996
vn 0.0224 0.9909 -0.1326
vn -0.7418 0.6703 0.0197
vn 0.7618 0.5777 0.293
vn -0.9695 -0.224 0.0999
vn -0.9825 -0.1862 -0.0045
vn -0.9945 -0.0088 -0.1044
vn -0.8995 0.3934 -0.1902
vn -0.8482 0.5258 -0.0646
vn -0.9777 -0.0606 0.201
vn -0.936 -0.2968 0.1894
vn -0.94 -0.3242 0.1063
vn -0.9127 -0.4084 0.0151
vn -0.9015 -0.137 0.4104
vn -0.9754 -0.0533 0.214
vn -0.9809 0.1424 -0.1324
vn -0.9479 -0.2881 0.1358
vn -0.9518 0.2109 -0.2225
vn -0.9092 -0.3987 0.1199
vn -0.988 0.1376 -0.0696
vn -0.7467 -0.6268 0.2226
vn -0.9974 -0.0714 0.0128
vn -0.5943 0.7432 -0.3073
vn -0.6365 0.625 -0.4519
vn -0.7384 0.5643 -0.3693
vn -0.8972 0.3442 0.2765
vn -0.9762 -0.1988 0.0862
vn -0.9816 -0.1698 0.0878
vn -0.9833 -0.1507 0.1024
vn -0.9438 -0.3302 0.0123
vn 0.9852 0.1142 0.1282
vn 0.0718 0.4893 -0.8692
vn -0.2238 0.644 -0.7316
vn -0.1181 0.8545 -0.5058
vn -0.9949 0.1004 0.0072
vn -0.2289 0.9608 -0.1566
vn 0.9761 0.1857 0.1127
vn -0.3294 -0.572 0.7512
vn -0.2229 -0.5458 0.8077
vn -0.2551 -0.8461 0.468
vn -0.1467 -0.7901 0.5951
vn -0.9953 0.0584 0.0778
vn -0.1757 0.958 -0.2266
vn 0.9966 -0.0691 0.0457
vn 0.0413 0.6725 0.7389
vn 0.1757 0.958 -0.2266
vn -0.0413 0.6725 0.739
vn -0.9966 -0.0691 0.0457
vn -0.9761 0.1857 0.1127
vn -0.0194 -0.9932 0.1148
vn 0.936 -0.2968 0.1894
vn 0.9809 0.1424 -0.1324
vn 0.9754 -0.0533 0.214
vn 0.9015 -0.137 0.4104
vn 0.8972 0.3442 0.2765
vn 0.9127 -0.4084 0.0151
vn 0.94 -0.3242 0.1063
vn 0.9438 -0.3302 0.0123
vn 0.9695 -0.224 0.0999
vn 0.9775 -0.2018 0.0607
vn 0.9675 -0.2528 0.0081
vn 0.9762 -0.1988 0.0862
vn 0.9816 -0.1698 0.0878
vn 0.9833 -0.1507 0.1024
vn 0.7384 0.5643 -0.3693
vn 0.6365 0.625 -0.4519
vn 0.9518 0.2109 -0.2225
vn 0.9479 -0.2881 0.1358
vn 0.9092 -0.3987 0.1199
vn 0.988 0.1376 -0.0696
vn 0.7467 -0.6268 0.2226
vn 0.9974 -0.0714 0.0128
vn 0.5943 0.7432 -0.3073
vn 0.9581 -0.2846 0.0325
vn 0.9825 -0.163 0.0906
vn 0.938 -0.3461 0.0216
vn 0.9387 -0.3441 0.0178
vn 0.9509 -0.3057 0.0477
vn 0.9423 -0.3334 0.0306
vn 0.9476 -0.3187 0.0227
vn 0.9501 -0.3117 0.0152
vn 0.9436 -0.331 0.0133
vn 0.9478 -0.3168 -0.0359
vn 0.9281 -0.3695 -0.0463
vn 0.9255 -0.3449 -0.1564
vn 0.9356 -0.2988 -0.1882
vn 0.9709 -0.1811 -0.157
vn 0.9853 -0.1387 -0.0996
vn 0.3423 0.1305 -0.9305
vn 0.3571 0.2337 -0.9044
vn 0.4023 0.3712 -0.8369
vn 0.6017 0.4492 -0.6604
vn 0.6521 0.4209 -0.6305
vn 0.8109 0.2263 -0.5396
vn 0.8225 0.145 -0.5499
vn 0.7354 0.4868 -0.4715
vn 0.763 0.4577 -0.4565
vn 0.5715 0.7363 -0.3623
vn 0.6123 0.7131 -0.3415
vn 0.7391 0.5289 -0.4172
vn 0.7719 0.4329 -0.4656
vn 0.7515 0.2103 -0.6253
vn -0.4769 -0.6371 0.6056
vn -0.5282 -0.6208 0.5793
vn -0.4882 -0.6244 0.6097
vn -0.6633 -0.6109 0.4322
vn -0.6814 -0.5929 0.4292
vn -0.8297 -0.4832 0.2796
vn -0.6744 -0.5296 0.5145
vn -0.4666 -0.5543 0.6892
vn -0.7806 -0.3353 0.5275
vn -0.974 -0.2211 0.0492
vn -0.6178 -0.6299 0.4707
vn -0.4679 -0.3487 0.8121
vn -0.4494 -0.3614 0.817
vn -0.276 -0.5998 0.7511
vn -0.3788 -0.6378 0.6706
vn -0.5101 -0.746 0.4281
vn -0.7985 -0.6011 0.0313
vn -0.5214 -0.8301 0.1978
vn -0.5603 -0.5598 0.6105
vn -0.6907 -0.6153 0.3798
vn -0.6522 -0.212 0.7278
vn -0.5905 -0.201 0.7816
vn -0.3573 -0.4696 0.8074
vn -0.6526 -0.1219 0.7479
vn -0.6496 -0.1199 0.7508
vn -0.6554 -0.2757 0.7032
vn -0.5986 -0.3505 0.7202
vn -0.371 -0.4833 0.793
vn -0.3437 -0.4615 0.8179
vn -0.3119 -0.5836 0.7498
vn 0.6052 0.378 0.7006
vn 0.6288 0.1133 0.7693
vn 0.6295 0.2561 0.7336
vn 0.5981 -0.2175 0.7713
vn 0.5915 -0.2555 0.7648
vn 0.5694 -0.3351 0.7506
vn 0.5731 -0.3603 0.7361
vn 0.5499 -0.2755 0.7885
vn 0.427 -0.0475 0.903
vn 0.4488 -0.061 0.8915
vn 0.3085 0.1454 0.9401
vn 0.281 0.1027 0.9542
vn 0.313 0.1497 0.9379
vn 0.2811 0.0322 0.9591
vn 0.3364 0.0011 0.9417
vn 0.3814 0.0541 0.9228
vn 0.4072 0.1233 0.905
vn -0.1146 -0.2518 0.961
vn -0.1553 -0.084 0.9843
vn -0.1799 -0.1357 0.9743
vn -0.0034 0.2475 0.9689
vn -0.0206 0.254 0.967
vn -0.2265 0.2196 0.9489
vn -0.2212 0.3645 0.9046
vn -0.2838 0.074 0.956
vn -0.2182 -0.0475 0.9747
vn -0.221 -0.0267 0.9749
vn -0.228 -0.0432 0.9727
vn -0.2044 -0.056 0.9773
vn -0.3257 0.0035 0.9455
vn -0.48 0.0695 0.8745
vn -0.5242 0.0892 0.8469
vn -0.6044 0.1372 0.7848
vn -0.4003 0.1892 0.8967
vn -0.6889 0.1752 0.7034
vn -0.1726 0.4173 0.8922
vn 0.4712 0.4723 0.7449
vn 0.8644 0.2257 0.4492
vn -0.2199 0.641 0.7353
vn 0.3177 0.7506 0.5794
vn 0.2678 0.9455 0.1855
vn -0.3686 0.6293 0.6842
vn -0.7768 0.1684 0.6068
vn 0.3423 0.1305 0.9305
vn 0.4023 0.3712 0.8369
vn 0.3571 0.2337 0.9044
vn 0.6017 0.4492 0.6604
vn 0.6521 0.4209 0.6305
vn 0.8109 0.2263 0.5397
vn 0.8225 0.145 0.5499
vn 0.7354 0.4868 0.4715
vn 0.763 0.4577 0.4565
vn 0.5715 0.7363 0.3623
vn 0.6123 0.7131 0.3415
vn 0.7391 0.5289 0.4172
vn 0.7719 0.4329 0.4656
vn 0.7515 0.2103 0.6253
vn -0.4769 -0.6371 -0.6056
vn -0.4882 -0.6244 -0.6097
vn -0.5282 -0.6208 -0.5793
vn -0.6633 -0.6109 -0.4322
vn -0.6814 -0.5929 -0.4292
vn -0.8297 -0.4832 -0.2796
vn -0.6744 -0.5296 -0.5145
vn -0.4666 -0.5543 -0.6892
vn -0.7806 -0.3353 -0.5275
vn -0.974 -0.2211 -0.0492
vn -0.6178 -0.6299 -0.4707
vn -0.4679 -0.3487 -0.8121
vn -0.4494 -0.3614 -0.817
vn -0.276 -0.5998 -0.7511
vn -0.3788 -0.6378 -0.6706
vn -0.5101 -0.746 -0.4281
vn -0.7985 -0.6011 -0.0313
vn -0.5214 -0.8301 -0.1978
vn -0.5603 -0.5598 -0.6105
vn -0.3573 -0.4696 -0.8074
vn -0.5905 -0.201 -0.7816
vn -0.6522 -0.212 -0.7278
vn -0.6907 -0.6153 -0.3798
vn -0.6526 -0.1219 -0.7479
vn -0.6496 -0.1199 -0.7508
vn -0.6554 -0.2757 -0.7032
vn -0.5987 -0.3505 -0.7202
vn -0.371 -0.4833 -0.793
vn -0.3437 -0.4615 -0.8179
vn -0.3119 -0.5836 -0.7498
vn 0.6052 0.378 -0.7006
vn 0.6295 0.2561 -0.7336
vn 0.6288 0.1133 -0.7693
vn 0.5981 -0.2175 -0.7713
vn 0.5915 -0.2555 -0.7648
vn 0.5694 -0.3351 -0.7506
vn 0.5731 -0.3603 -0.7361
vn 0.5499 -0.2755 -0.7885
vn 0.427 -0.0475 -0.903
vn 0.4488 -0.061 -0.8915
vn 0.3085 0.1454 -0.9401
vn 0.281 0.1027 -0.9542
vn 0.313 0.1497 -0.9379
vn 0.2811 0.0322 -0.9591
vn 0.3364 0.0011 -0.9417
vn 0.3814 0.0541 -0.9228
vn 0.4072 0.1233 -0.905
vn -0.1145 -0.2518 -0.961
vn -0.1799 -0.1357 -0.9743
vn -0.1553 -0.084 -0.9843
vn -0.0034 0.2475 -0.9689
vn -0.0206 0.254 -0.967
vn -0.2265 0.2196 -0.9489
vn -0.2212 0.3645 -0.9046
vn -0.2838 0.074 -0.956
vn -0.2182 -0.0475 -0.9747
vn -0.221 -0.0267 -0.9749
vn -0.228 -0.0432 -0.9727
vn -0.2044 -0.056 -0.9773
vn -0.3257 0.0035 -0.9455
vn -0.48 0.0695 -0.8745
vn -0.5242 0.0892 -0.8469
vn -0.6044 0.1372 -0.7848
vn -0.4003 0.1892 -0.8967
vn -0.6889 0.1752 -0.7034
vn -0.1726 0.4173 -0.8922
vn 0.4712 0.4722 -0.7449
vn 0.8644 0.2257 -0.4492
vn -0.2199 0.641 -0.7353
vn 0.3177 0.7506 -0.5794
vn 0.2678 0.9455 -0.1855
vn -0.3686 0.6293 -0.6842
vn -0.7768 0.1684 -0.6068
vn 0.6842 0.6587 0.313
vn 0.6842 0.6587 0.313
vn 0.6842 0.6587 0.313
vn 0.617 0.5379 -0.5744
vn 0.617 0.5379 -0.5744
vn 0.617 0.5379 -0.5744
vn -0.7849 -0.58 -0.2181
vn -0.6288 -0.7206 -0.2922
vn -0.662 -0.7014 -0.264
vn -0.6319 -0.7549 -0.1757
vn -0.7735 -0.6133 -0.1599
vn -0.8168 -0.5665 -0.1091
vn -0.6591 -0.7443 -0.1074
vn -0.9207 -0.3845 -0.066
vn -0.9103 -0.4042 -0.0895
vn -0.8889 -0.4558 -0.0456
vn -0.7908 -0.5916 -0.157
vn -0.6806 -0.7036 -0.2043
vn -0.4692 -0.8005 -0.3729
vn -0.8492 -0.5266 0.0406
vn -0.6319 -0.7549 0.1757
vn -0.6591 -0.7443 0.1074
vn -0.8168 -0.5665 0.1091
vn -0.7735 -0.6133 0.1599
vn -0.7849 -0.58 0.2181
vn -0.6288 -0.7206 0.2922
vn -0.662 -0.7014 0.264
vn -0.7908 -0.5916 0.157
vn -0.6806 -0.7036 0.2043
vn -0.4692 -0.8005 0.3729
vn -0.8492 -0.5266 -0.0406
vn -0.8889 -0.4558 0.0456
vn -0.9103 -0.4042 0.0895
vn -0.9207 -0.3845 0.066
vn 0.617 0.5379 0.5744
vn 0.617 0.5379 0.5744
vn 0.617 0.5379 0.5744
vn 0.6842 0.6587 -0.313
vn 0.6842 0.6587 -0.313
vn 0.6842 0.6587 -0.313
vn 0.495 0.5735 -0.6527
vn 0.495 0.5735 -0.6527
vn 0.495 0.5735 -0.6527
vn 0.495 0.5735 0.6527
vn 0.495 0.5735 0.6527
vn 0.495 0.5735 0.6527
vn -0.0232 0.9754 -0.2192
vn -0.0254 0.966 0.2572
vn -0.0216 0.9382 -0.3454
vn -0.0117 0.6269 -0.779
vn -0.0232 0.9754 0.2192
vn -0.0216 0.9382 0.3454
vn -0.0254 0.966 -0.2572
vn -0.0117 0.6269 0.779
vn 0.8074 0.1166 -0.5784
vn 0.7734 0.1579 -0.614
vn 0.8238 0.0948 -0.5589
vn 0.8681 0.0279 -0.4956
vn 0.4943 0.3988 0.7724
vn 0.4059 0.8982 0.1688
vn 0.4256 0.8974 0.1163
vn 0.3968 0.2325 0.888
vn 0.5098 -0.0432 0.8592
vn 0.637 -0.1085 0.7632
vn 0.4059 0.8982 -0.1688
vn 0.3968 0.2325 -0.888
vn 0.4943 0.3988 -0.7724
vn 0.5098 -0.0432 -0.8592
vn 0.637 -0.1085 -0.7632
vn 0.4256 0.8974 -0.1163
vn 0.8681 0.0279 0.4956
vn 0.8238 0.0948 0.5589
vn 0.8074 0.1166 0.5784
vn 0.7734 0.1579 0.614
vn 0.2107 0.117 0.9705
vn 0.547 -0.1998 0.8129
vn 0.4647 -0.1145 0.878
vn -0.2158 0.4319 0.8758
vn 0.8402 0.0131 0.5421
vn 0.8402 0.0131 0.5421
vn 0.8402 0.0131 0.5421
vn -0.2524 0.8539 0.4551
vn -0.2524 0.8539 0.4551
vn -0.2524 0.8539 0.4551
vn 0.2107 0.117 -0.9705
vn 0.4647 -0.1145 -0.878
vn 0.547 -0.1998 -0.8129
vn -0.2158 0.4319 -0.8758
vn 0.8402 0.0131 -0.5421
vn 0.8402 0.0131 -0.5421
vn 0.8402 0.0131 -0.5421
vn -0.2524 0.8539 -0.4551
vn -0.2524 0.8539 -0.4551
vn -0.2524 0.8539 -0.4551
vn 0.5547 -0.0799 0.8282
vn 0.57 -0.0191 0.8215
vn 0.5579 -0.0185 0.8297
vn 0.5502 -0.075 0.8316
vn 0.5843 -0.006 0.8115
vn 0.5009 -0.0093 0.8655
vn 0.4791 0.2165 0.8506
vn 0.6843 0.0605 0.7267
vn 0.5547 -0.0799 -0.8282
vn 0.5579 -0.0185 -0.8297
vn 0.57 -0.0191 -0.8214
vn 0.5502 -0.075 -0.8316
vn 0.5843 -0.006 -0.8115
vn 0.5009 -0.0093 -0.8655
vn 0.4791 0.2164 -0.8506
vn 0.6843 0.0605 -0.7267
vn 0.7735 -0.6133 0.1599
vn 0.7849 -0.58 0.2181
vn 0.9103 -0.4042 0.0895
vn 0.9207 -0.3845 0.066
vn 0.8168 -0.5665 0.1091
vn 0.6319 -0.7549 0.1757
vn 0.6288 -0.7206 0.2922
vn 0.662 -0.7014 0.264
vn 0.7908 -0.5916 0.157
vn 0.8889 -0.4558 0.0456
vn 0.8492 -0.5266 -0.0406
vn 0.6806 -0.7036 0.2043
vn 0.4692 -0.8005 0.3729
vn 0.6591 -0.7443 0.1074
vn 0.9103 -0.4042 -0.0895
vn 0.7849 -0.58 -0.2181
vn 0.7735 -0.6133 -0.1599
vn 0.9207 -0.3845 -0.066
vn 0.8168 -0.5665 -0.1091
vn 0.6319 -0.7549 -0.1757
vn 0.6288 -0.7206 -0.2922
vn 0.662 -0.7014 -0.264
vn 0.7908 -0.5916 -0.157
vn 0.8889 -0.4558 -0.0456
vn 0.8492 -0.5266 0.0406
vn 0.6806 -0.7036 -0.2043
vn 0.4692 -0.8005 -0.3729
vn 0.6591 -0.7443 -0.1074
vn -0.495 0.5735 -0.6527
vn -0.495 0.5735 -0.6527
vn -0.495 0.5735 -0.6527
vn -0.495 0.5735 0.6527
vn -0.495 0.5735 0.6527
vn -0.495 0.5735 0.6527
vn -0.6842 0.6587 0.313
vn -0.6842 0.6587 0.313
vn -0.6842 0.6587 0.313
vn -0.617 0.5379 -0.5744
vn -0.617 0.5379 -0.5744
vn -0.617 0.5379 -0.5744
vn -0.617 0.5379 0.5744
vn -0.617 0.5379 0.5744
vn -0.617 0.5379 0.5744
vn -0.6842 0.6587 -0.313
vn -0.6842 0.6587 -0.313
vn -0.6842 0.6587 -0.313
vn 0.98 0.1951 0.0398
vn 0.917 -0.3165 -0.2427
vn 0.2809 0.1364 -0.95
vn 0.5113 0.0122 0.8593
vn 0.632 -0.686 0.3605
vn 0.8675 -0.4974 0
vn 0.5894 -0.8078 0
vn 0.632 -0.686 -0.3605
vn 0.917 -0.3165 0.2427
vn 0.5113 0.0122 -0.8593
vn 0.98 0.1951 -0.0398
vn 0.2809 0.1364 0.95
vn 0.2083 -0.5185 0.8293
vn 0.391 -0.9001 0.192
vn 0.9026 -0.1329 0.4095
vn 0.9874 0.1583 0
vn 0.9026 -0.1329 -0.4095
vn 0.391 -0.9001 -0.192
vn 0.2083 -0.5185 -0.8293
vn 0.9222 0.0762 -0.3791
vn 0.9844 0.176 0
vn 0.9222 0.0762 0.3791
vn 0.4344 -0.6628 0.6099
vn 0.3167 -0.91 -0.2675
vn 0.991 0.0556 -0.1221
vn 0.4698 0.868 0.1607
vn 0.5678 0.4368 0.6977
vn 0.9575 -0.0974 0.2715
vn 0.8785 -0.477 0.0252
vn 0.8411 -0.5379 -0.0561
vn 0.7978 -0.5995 -0.0643
vn 0.3956 -0.5634 0.7253
vn 0.9852 0.1573 0.068
vn 0.4776 0.6666 -0.5724
vn 0.3846 0.1183 -0.9155
vn 0.4344 -0.6628 -0.6099
vn 0.3167 -0.91 0.2675
vn 0.991 0.0556 0.1221
vn 0.4699 0.868 -0.1607
vn 0.5678 0.4368 -0.6977
vn 0.9575 -0.0974 -0.2715
vn 0.8785 -0.477 -0.0252
vn 0.8411 -0.5379 0.0561
vn 0.7978 -0.5995 0.0643
vn 0.3846 0.1183 0.9155
vn 0.4776 0.6666 0.5724
vn 0.9852 0.1573 -0.068
vn 0.3956 -0.5634 -0.7253
usemtl momodrhzsk_part_0_material_0
f 1/1/1 3/3/3 2/2/2
f 3/3/3 1/1/1 4/4/4
f 5/5/5 3/3/3 4/4/4
f 6/6/6 3/3/3 7/7/7
f 3/3/3 6/6/6 8/8/8
f 8/8/8 9/9/9 3/3/3
f 10/10/10 3/3/3 9/9/9
f 11/11/11 10/10/10 2/2/2
f 10/10/10 12/12/12 2/2/2
f 12/12/12 1/1/1 2/2/2
f 1/1/1 12/12/12 13/13/13
f 14/14/14 13/13/13 12/12/12
f 12/12/12 6/6/6 14/14/14
f 6/6/6 12/12/12 8/8/8
f 15/15/15 8/8/8 12/12/12
f 16/16/16 10/10/10 15/15/15
f 17/17/17 15/15/15 10/10/10
f 9/9/9 17/17/17 10/10/10
f 17/17/17 9/9/9 18/18/18
f 19/19/19 17/17/17 18/18/18
f 18/18/18 20/20/20 19/19/19
f 21/21/21 19/19/19 20/20/20
f 19/19/19 21/21/21 22/22/22
f 22/22/22 23/23/23 19/19/19
f 17/17/17 19/19/19 23/23/23
f 24/24/24 17/17/17 23/23/23
f 23/23/23 25/25/25 24/24/24
f 21/21/21 24/24/24 25/25/25
f 24/24/24 21/21/21 20/20/20
f 20/20/20 26/26/26 24/24/24
f 17/17/17 24/24/24 26/26/26
f 15/15/15 27/27/27 26/26/26
f 26/26/26 28/28/28 15/15/15
f 8/8/8 15/15/15 28/28/28
f 9/9/9 8/8/8 28/28/28
f 28/28/28 18/18/18 9/9/9
f 18/18/18 28/28/28 29/29/29
f 20/20/20 18/18/18 29/29/29
f 26/26/26 20/20/20 29/29/29
f 28/28/28 26/26/26 29/29/29
f 23/23/23 22/22/22 30/30/30
f 25/25/25 23/23/23 30/30/30
f 31/31/31 25/25/25 30/30/30
f 22/22/22 31/31/31 30/30/30
f 31/31/31 22/22/22 32/32/32
f 33/33/33 32/32/32 22/22/22
f 22/22/22 34/34/34 33/33/33
f 34/34/34 22/22/22 21/21/21
f 25/25/25 34/34/34 21/21/21
f 34/34/34 25/25/25 35/35/35
f 35/35/35 25/25/25 36/36/36
f 25/25/25 31/31/31 36/36/36
f 37/37/37 39/39/39 38/38/38
f 39/39/39 37/37/37 40/40/40
f 41/41/41 39/39/39 40/40/40
f 42/42/42 39/39/39 41/41/41
f 43/43/43 39/39/39 42/42/42
f 39/39/39 43/43/43 44/44/44
f 44/44/44 38/38/38 39/39/39
f 45/45/45 38/38/38 44/44/44
f 46/46/46 45/45/45 44/44/44
f 44/44/44 47/47/47 46/46/46
f 47/47/47 44/44/44 43/43/43
f 48/48/48 47/47/47 43/43/43
f 43/43/43 49/49/49 48/48/48
f 49/49/49 43/43/43 42/42/42
f 42/42/42 41/41/41 49/49/49
f 41/41/41 40/40/40 49/49/49
f 37/37/37 49/49/49 40/40/40
f 49/49/49 37/37/37 50/50/50
f 48/48/48 49/49/49 50/50/50
f 50/50/50 51/51/51 48/48/48
f 51/51/51 50/50/50 52/52/52
f 53/53/53 52/52/52 50/50/50
f 52/52/52 53/53/53 54/54/54
f 53/53/53 55/55/55 54/54/54
f 55/55/55 53/53/53 38/38/38
f 38/38/38 45/45/45 55/55/55
f 54/54/54 55/55/55 56/56/56
f 54/54/54 56/56/56 52/52/52
f 57/57/57 52/52/52 56/56/56
f 56/56/56 58/58/58 57/57/57
f 59/59/59 57/57/57 58/58/58
f 60/60/60 59/59/59 58/58/58
f 59/59/59 60/60/60 61/61/61
f 62/62/62 59/59/59 61/61/61
f 63/63/63 62/62/62 61/61/61
f 63/63/63 61/61/61 64/64/64
f 63/63/63 64/64/64 65/65/65
f 64/64/64 66/66/66 65/65/65
f 64/64/64 67/67/67 66/66/66
f 68/68/68 66/66/66 67/67/67
f 69/69/69 66/66/66 68/68/68
f 66/66/66 69/69/69 70/70/70
f 71/71/71 70/70/70 69/69/69
f 72/72/72 71/71/71 69/69/69
f 71/71/71 72/72/72 73/73/73
f 72/72/72 74/74/74 73/73/73
f 73/73/73 74/74/74 75/75/75
f 74/74/74 72/72/72 76/76/76
f 77/77/77 76/76/76 72/72/72
f 72/72/72 78/78/78 77/77/77
f 77/77/77 78/78/78 79/79/79
f 80/80/80 77/77/77 79/79/79
f 77/77/77 80/80/80 76/76/76
f 80/80/80 81/81/81 76/76/76
f 81/81/81 80/80/80 82/82/82
f 82/82/82 83/83/83 81/81/81
f 83/83/83 82/82/82 84/84/84
f 85/85/85 84/84/84 82/82/82
f 84/84/84 85/85/85 86/86/86
f 87/87/87 86/86/86 85/85/85
f 86/86/86 87/87/87 88/88/88
f 88/88/88 87/87/87 89/89/89
f 90/90/90 88/88/88 89/89/89
f 89/89/89 91/91/91 90/90/90
f 92/92/92 91/91/91 89/89/89
f 87/87/87 92/92/92 89/89/89
f 92/92/92 87/87/87 93/93/93
f 94/94/94 93/93/93 87/87/87
f 87/87/87 85/85/85 94/94/94
f 82/82/82 94/94/94 85/85/85
f 94/94/94 82/82/82 80/80/80
f 80/80/80 95/95/95 94/94/94
f 95/95/95 80/80/80 79/79/79
f 96/96/96 95/95/95 79/79/79
f 95/95/95 96/96/96 97/97/97
f 97/97/97 93/93/93 95/95/95
f 93/93/93 94/94/94 95/95/95
f 93/93/93 97/97/97 98/98/98
f 98/98/98 92/92/92 93/93/93
f 92/92/92 98/98/98 99/99/99
f 88/88/88 99/99/99 98/98/98
f 98/98/98 86/86/86 88/88/88
f 86/86/86 98/98/98 100/100/100
f 100/100/100 84/84/84 86/86/86
f 84/84/84 100/100/100 101/101/101
f 101/101/101 83/83/83 84/84/84
f 83/83/83 101/101/101 68/68/68
f 68/68/68 101/101/101 96/96/96
f 96/96/96 69/69/69 68/68/68
f 102/102/102 69/69/69 96/96/96
f 102/102/102 72/72/72 69/69/69
f 72/72/72 102/102/102 78/78/78
f 102/102/102 79/79/79 78/78/78
f 96/96/96 79/79/79 102/102/102
f 101/101/101 97/97/97 96/96/96
f 97/97/97 101/101/101 100/100/100
f 98/98/98 97/97/97 100/100/100
f 90/90/90 99/99/99 88/88/88
f 99/99/99 90/90/90 91/91/91
f 92/92/92 99/99/99 91/91/91
f 81/81/81 83/83/83 103/103/103
f 68/68/68 103/103/103 83/83/83
f 104/104/104 103/103/103 68/68/68
f 104/104/104 81/81/81 103/103/103
f 105/105/105 81/81/81 104/104/104
f 105/105/105 104/104/104 106/106/106
f 67/67/67 106/106/106 104/104/104
f 67/67/67 104/104/104 68/68/68
f 67/67/67 64/64/64 107/107/107
f 64/64/64 61/61/61 107/107/107
f 61/61/61 108/108/108 107/107/107
f 108/108/108 61/61/61 109/109/109
f 61/61/61 60/60/60 109/109/109
f 110/110/110 109/109/109 60/60/60
f 109/109/109 110/110/110 111/111/111
f 112/112/112 109/109/109 111/111/111
f 109/109/109 112/112/112 113/113/113
f 114/114/114 109/109/109 113/113/113
f 114/114/114 108/108/108 109/109/109
f 108/108/108 114/114/114 115/115/115
f 108/108/108 115/115/115 116/116/116
f 105/105/105 116/116/116 115/115/115
f 116/116/116 105/105/105 106/106/106
f 116/116/116 106/106/106 67/67/67
f 67/67/67 107/107/107 116/116/116
f 108/108/108 116/116/116 107/107/107
f 37/37/37 38/38/38 117/117/117
f 37/37/37 117/117/117 50/50/50
f 50/50/50 117/117/117 118/118/118
f 50/50/50 118/118/118 53/53/53
f 53/53/53 118/118/118 119/119/119
f 53/53/53 119/119/119 120/120/120
f 38/38/38 53/53/53 120/120/120
f 38/38/38 120/120/120 117/117/117
f 120/120/120 121/121/121 117/117/117
f 121/121/121 120/120/120 119/119/119
f 121/121/121 119/119/119 118/118/118
f 118/118/118 117/117/117 121/121/121
f 111/111/111 122/122/122 112/112/112
f 122/122/122 111/111/111 123/123/123
f 111/111/111 124/124/124 123/123/123
f 124/124/124 111/111/111 110/110/110
f 110/110/110 125/125/125 124/124/124
f 125/125/125 110/110/110 126/126/126
f 60/60/60 126/126/126 110/110/110
f 126/126/126 60/60/60 58/58/58
f 58/58/58 127/127/127 126/126/126
f 127/127/127 58/58/58 56/56/56
f 128/128/128 127/127/127 56/56/56
f 127/127/127 128/128/128 129/129/129
f 113/113/113 129/129/129 128/128/128
f 129/129/129 113/113/113 112/112/112
f 112/112/112 130/130/130 129/129/129
f 130/130/130 112/112/112 122/122/122
f 131/131/131 129/129/129 130/130/130
f 129/129/129 131/131/131 127/127/127
f 131/131/131 126/126/126 127/127/127
f 126/126/126 131/131/131 125/125/125
f 132/132/132 56/56/56 55/55/55
f 56/56/56 132/132/132 128/128/128
f 133/133/133 128/128/128 132/132/132
f 133/133/133 113/113/113 128/128/128
f 113/113/113 133/133/133 114/114/114
f 134/134/134 114/114/114 133/133/133
f 135/135/135 114/114/114 134/134/134
f 135/135/135 136/136/136 114/114/114
f 136/136/136 115/115/115 114/114/114
f 136/136/136 105/105/105 115/115/115
f 105/105/105 136/136/136 137/137/137
f 81/81/81 105/105/105 137/137/137
f 137/137/137 76/76/76 81/81/81
f 76/76/76 137/137/137 138/138/138
f 74/74/74 76/76/76 138/138/138
f 46/46/46 47/47/47 139/139/139
f 139/139/139 140/140/140 46/46/46
f 140/140/140 139/139/139 141/141/141
f 141/141/141 142/142/142 140/140/140
f 142/142/142 141/141/141 143/143/143
f 144/144/144 142/142/142 143/143/143
f 142/142/142 144/144/144 145/145/145
f 145/145/145 146/146/146 142/142/142
f 146/146/146 145/145/145 147/147/147
f 148/148/148 147/147/147 145/145/145
f 145/145/145 144/144/144 148/148/148
f 149/149/149 148/148/148 144/144/144
f 148/148/148 149/149/149 147/147/147
f 149/149/149 146/146/146 147/147/147
f 146/146/146 149/149/149 150/150/150
f 144/144/144 150/150/150 149/149/149
f 150/150/150 144/144/144 143/143/143
f 141/141/141 150/150/150 143/143/143
f 150/150/150 141/141/141 151/151/151
f 139/139/139 151/151/151 141/141/141
f 151/151/151 139/139/139 152/152/152
f 152/152/152 139/139/139 47/47/47
f 47/47/47 48/48/48 152/152/152
f 51/51/51 152/152/152 48/48/48
f 152/152/152 51/51/51 153/153/153
f 153/153/153 151/151/151 152/152/152
f 153/153/153 150/150/150 151/151/151
f 154/154/154 150/150/150 153/153/153
f 150/150/150 154/154/154 146/146/146
f 154/154/154 142/142/142 146/146/146
f 142/142/142 154/154/154 155/155/155
f 155/155/155 140/140/140 142/142/142
f 155/155/155 46/46/46 140/140/140
f 45/45/45 46/46/46 155/155/155
f 155/155/155 156/156/156 45/45/45
f 155/155/155 154/154/154 156/156/156
f 153/153/153 157/157/157 154/154/154
f 153/153/153 51/51/51 157/157/157
f 135/135/135 158/158/158 136/136/136
f 136/136/136 158/158/158 137/137/137
f 73/73/73 159/159/159 71/71/71
f 160/160/160 162/162/162 161/161/161
f 160/160/160 161/161/161 163/163/163
f 160/160/160 163/163/163 164/164/164
f 165/165/165 160/160/160 164/164/164
f 160/160/160 165/165/165 166/166/166
f 167/167/167 160/160/160 166/166/166
f 162/162/162 160/160/160 167/167/167
f 168/168/168 162/162/162 167/167/167
f 162/162/162 168/168/168 169/169/169
f 170/170/170 169/169/169 168/168/168
f 169/169/169 170/170/170 171/171/171
f 172/172/172 171/171/171 170/170/170
f 171/171/171 172/172/172 173/173/173
f 172/172/172 174/174/174 173/173/173
f 174/174/174 172/172/172 175/175/175
f 175/175/175 176/176/176 174/174/174
f 176/176/176 175/175/175 177/177/177
f 177/177/177 178/178/178 176/176/176
f 178/178/178 177/177/177 179/179/179
f 178/178/178 179/179/179 180/180/180
f 180/180/180 181/181/181 178/178/178
f 180/180/180 182/182/182 181/181/181
f 180/180/180 183/183/183 182/182/182
f 180/180/180 184/184/184 183/183/183
f 184/184/184 180/180/180 185/185/185
f 179/179/179 185/185/185 180/180/180
f 179/179/179 186/186/186 185/185/185
f 187/187/187 185/185/185 186/186/186
f 185/185/185 187/187/187 184/184/184
f 188/188/188 184/184/184 187/187/187
f 184/184/184 188/188/188 189/189/189
f 188/188/188 190/190/190 189/189/189
f 190/190/190 191/191/191 189/189/189
f 191/191/191 190/190/190 192/192/192
f 193/193/193 192/192/192 190/190/190
f 194/194/194 192/192/192 193/193/193
f 194/194/194 193/193/193 195/195/195
f 196/196/196 195/195/195 193/193/193
f 197/197/197 196/196/196 193/193/193
f 190/190/190 197/197/197 193/193/193
f 190/190/190 188/188/188 197/197/197
f 197/197/197 188/188/188 198/198/198
f 199/199/199 198/198/198 188/188/188
f 187/187/187 199/199/199 188/188/188
f 200/200/200 199/199/199 187/187/187
f 187/187/187 186/186/186 200/200/200
f 186/186/186 201/201/201 200/200/200
f 201/201/201 186/186/186 202/202/202
f 186/186/186 179/179/179 202/202/202
f 179/179/179 203/203/203 202/202/202
f 203/203/203 179/179/179 177/177/177
f 175/175/175 203/203/203 177/177/177
f 203/203/203 175/175/175 204/204/204
f 172/172/172 204/204/204 175/175/175
f 204/204/204 172/172/172 205/205/205
f 172/172/172 206/206/206 205/205/205
f 206/206/206 172/172/172 170/170/170
f 170/170/170 207/207/207 206/206/206
f 207/207/207 170/170/170 168/168/168
f 167/167/167 207/207/207 168/168/168
f 207/207/207 167/167/167 208/208/208
f 167/167/167 209/209/209 208/208/208
f 209/209/209 167/167/167 166/166/166
f 166/166/166 210/210/210 209/209/209
f 210/210/210 166/166/166 165/165/165
f 165/165/165 211/211/211 210/210/210
f 211/211/211 165/165/165 212/212/212
f 213/213/213 211/211/211 212/212/212
f 214/214/214 213/213/213 212/212/212
f 213/213/213 214/214/214 215/215/215
f 216/216/216 213/213/213 215/215/215
f 215/215/215 217/217/217 216/216/216
f 217/217/217 218/218/218 216/216/216
f 219/219/219 216/216/216 218/218/218
f 220/220/220 216/216/216 219/219/219
f 213/213/213 216/216/216 220/220/220
f 211/211/211 213/213/213 220/220/220
f 220/220/220 221/221/221 211/211/211
f 222/222/222 211/211/211 221/221/221
f 210/210/210 211/211/211 222/222/222
f 223/223/223 210/210/210 222/222/222
f 210/210/210 223/223/223 209/209/209
f 224/224/224 209/209/209 223/223/223
f 209/209/209 224/224/224 208/208/208
f 225/225/225 208/208/208 224/224/224
f 208/208/208 225/225/225 207/207/207
f 225/225/225 206/206/206 207/207/207
f 206/206/206 225/225/225 226/226/226
f 227/227/227 206/206/206 226/226/226
f 206/206/206 227/227/227 205/205/205
f 227/227/227 204/204/204 205/205/205
f 204/204/204 227/227/227 228/228/228
f 229/229/229 204/204/204 228/228/228
f 204/204/204 229/229/229 203/203/203
f 229/229/229 202/202/202 203/203/203
f 202/202/202 229/229/229 201/201/201
f 201/201/201 229/229/229 230/230/230
f 231/231/231 230/230/230 229/229/229
f 228/228/228 231/231/231 229/229/229
f 228/228/228 232/232/232 231/231/231
f 232/232/232 228/228/228 227/227/227
f 226/226/226 232/232/232 227/227/227
f 232/232/232 226/226/226 233/233/233
f 226/226/226 225/225/225 233/233/233
f 234/234/234 233/233/233 225/225/225
f 224/224/224 234/234/234 225/225/225
f 234/234/234 224/224/224 235/235/235
f 224/224/224 236/236/236 235/235/235
f 236/236/236 224/224/224 223/223/223
f 236/236/236 223/223/223 237/237/237
f 223/223/223 222/222/222 237/237/237
f 222/222/222 238/238/238 237/237/237
f 238/238/238 222/222/222 221/221/221
f 238/238/238 221/221/221 220/220/220
f 219/219/219 238/238/238 220/220/220
f 219/219/219 239/239/239 238/238/238
f 239/239/239 219/219/219 240/240/240
f 241/241/241 240/240/240 219/219/219
f 242/242/242 241/241/241 219/219/219
f 242/242/242 219/219/219 218/218/218
f 241/241/241 242/242/242 243/243/243
f 241/241/241 243/243/243 244/244/244
f 244/244/244 245/245/245 241/241/241
f 240/240/240 241/241/241 245/245/245
f 245/245/245 246/246/246 240/240/240
f 247/247/247 240/240/240 246/246/246
f 240/240/240 247/247/247 239/239/239
f 248/248/248 239/239/239 247/247/247
f 248/248/248 249/249/249 239/239/239
f 249/249/249 238/238/238 239/239/239
f 238/238/238 249/249/249 250/250/250
f 237/237/237 238/238/238 250/250/250
f 237/237/237 250/250/250 236/236/236
f 249/249/249 236/236/236 250/250/250
f 236/236/236 249/249/249 251/251/251
f 248/248/248 251/251/251 249/249/249
f 248/248/248 252/252/252 251/251/251
f 253/253/253 251/251/251 252/252/252
f 251/251/251 253/253/253 236/236/236
f 253/253/253 235/235/235 236/236/236
f 235/235/235 253/253/253 254/254/254
f 254/254/254 234/234/234 235/235/235
f 234/234/234 254/254/254 255/255/255
f 233/233/233 234/234/234 255/255/255
f 256/256/256 233/233/233 255/255/255
f 233/233/233 256/256/256 232/232/232
f 256/256/256 231/231/231 232/232/232
f 231/231/231 256/256/256 257/257/257
f 230/230/230 231/231/231 257/257/257
f 258/258/258 230/230/230 257/257/257
f 230/230/230 258/258/258 259/259/259
f 230/230/230 259/259/259 201/201/201
f 201/201/201 259/259/259 260/260/260
f 260/260/260 200/200/200 201/201/201
f 260/260/260 261/261/261 200/200/200
f 200/200/200 261/261/261 199/199/199
f 262/262/262 199/199/199 261/261/261
f 199/199/199 262/262/262 198/198/198
f 262/262/262 197/197/197 198/198/198
f 196/196/196 197/197/197 262/262/262
f 263/263/263 196/196/196 262/262/262
f 196/196/196 263/263/263 264/264/264
f 264/264/264 265/265/265 196/196/196
f 265/265/265 266/266/266 196/196/196
f 266/266/266 195/195/195 196/196/196
f 266/266/266 265/265/265 267/267/267
f 265/265/265 268/268/268 267/267/267
f 269/269/269 268/268/268 265/265/265
f 265/265/265 264/264/264 269/269/269
f 270/270/270 269/269/269 264/264/264
f 264/264/264 271/271/271 270/270/270
f 271/271/271 264/264/264 263/263/263
f 272/272/272 271/271/271 263/263/263
f 272/272/272 263/263/263 273/273/273
f 262/262/262 273/273/273 263/263/263
f 273/273/273 262/262/262 274/274/274
f 261/261/261 274/274/274 262/262/262
f 261/261/261 260/260/260 274/274/274
f 260/260/260 273/273/273 274/274/274
f 273/273/273 260/260/260 275/275/275
f 272/272/272 273/273/273 275/275/275
f 276/276/276 272/272/272 275/275/275
f 277/277/277 276/276/276 275/275/275
f 275/275/275 260/260/260 277/277/277
f 277/277/277 260/260/260 259/259/259
f 259/259/259 258/258/258 277/277/277
f 278/278/278 277/277/277 258/258/258
f 278/278/278 276/276/276 277/277/277
f 276/276/276 278/278/278 279/279/279
f 278/278/278 280/280/280 279/279/279
f 280/280/280 278/278/278 281/281/281
f 278/278/278 282/282/282 281/281/281
f 282/282/282 278/278/278 258/258/258
f 257/257/257 282/282/282 258/258/258
f 282/282/282 257/257/257 256/256/256
f 255/255/255 282/282/282 256/256/256
f 282/282/282 255/255/255 254/254/254
f 283/283/283 282/282/282 254/254/254
f 282/282/282 283/283/283 281/281/281
f 283/283/283 280/280/280 281/281/281
f 280/280/280 283/283/283 284/284/284
f 283/283/283 252/252/252 284/284/284
f 252/252/252 283/283/283 253/253/253
f 283/283/283 254/254/254 253/253/253
f 161/161/161 162/162/162 285/285/285
f 161/161/161 285/285/285 286/286/286
f 285/285/285 287/287/287 286/286/286
f 287/287/287 285/285/285 288/288/288
f 288/288/288 285/285/285 289/289/289
f 162/162/162 289/289/289 285/285/285
f 162/162/162 290/290/290 289/289/289
f 290/290/290 162/162/162 169/169/169
f 169/169/169 291/291/291 290/290/290
f 290/290/290 291/291/291 292/292/292
f 291/291/291 293/293/293 292/292/292
f 293/293/293 291/291/291 294/294/294
f 295/295/295 294/294/294 291/291/291
f 291/291/291 169/169/169 295/295/295
f 169/169/169 296/296/296 295/295/295
f 296/296/296 169/169/169 171/171/171
f 297/297/297 296/296/296 171/171/171
f 298/298/298 296/296/296 297/297/297
f 297/297/297 299/299/299 298/298/298
f 299/299/299 297/297/297 300/300/300
f 301/301/301 300/300/300 297/297/297
f 297/297/297 171/171/171 301/301/301
f 173/173/173 301/301/301 171/171/171
f 301/301/301 173/173/173 302/302/302
f 173/173/173 303/303/303 302/302/302
f 303/303/303 173/173/173 174/174/174
f 304/304/304 303/303/303 174/174/174
f 303/303/303 304/304/304 305/305/305
f 306/306/306 305/305/305 304/304/304
f 304/304/304 307/307/307 306/306/306
f 307/307/307 304/304/304 308/308/308
f 304/304/304 174/174/174 308/308/308
f 176/176/176 308/308/308 174/174/174
f 308/308/308 176/176/176 309/309/309
f 310/310/310 309/309/309 176/176/176
f 309/309/309 310/310/310 311/311/311
f 312/312/312 311/311/311 310/310/310
f 310/310/310 313/313/313 312/312/312
f 314/314/314 313/313/313 310/310/310
f 176/176/176 314/314/314 310/310/310
f 178/178/178 314/314/314 176/176/176
f 315/315/315 178/178/178 316/316/316
f 178/178/178 317/317/317 316/316/316
f 181/181/181 317/317/317 178/178/178
f 181/181/181 318/318/318 317/317/317
f 317/317/317 318/318/318 319/319/319
f 319/319/319 320/320/320 317/317/317
f 320/320/320 316/316/316 317/317/317
f 245/245/245 244/244/244 321/321/321
f 322/322/322 245/245/245 321/321/321
f 245/245/245 322/322/322 323/323/323
f 246/246/246 245/245/245 323/323/323
f 323/323/323 324/324/324 246/246/246
f 324/324/324 323/323/323 325/325/325
f 325/325/325 323/323/323 322/322/322
f 326/326/326 325/325/325 322/322/322
f 325/325/325 326/326/326 327/327/327
f 327/327/327 328/328/328 325/325/325
f 325/325/325 328/328/328 324/324/324
f 328/328/328 329/329/329 324/324/324
f 329/329/329 246/246/246 324/324/324
f 246/246/246 329/329/329 247/247/247
f 329/329/329 248/248/248 247/247/247
f 248/248/248 329/329/329 330/330/330
f 252/252/252 248/248/248 330/330/330
f 330/330/330 284/284/284 252/252/252
f 284/284/284 330/330/330 331/331/331
f 331/331/331 330/330/330 329/329/329
f 329/329/329 328/328/328 331/331/331
f 332/332/332 331/331/331 328/328/328
f 331/331/331 332/332/332 333/333/333
f 333/333/333 284/284/284 331/331/331
f 284/284/284 333/333/333 280/280/280
f 333/333/333 279/279/279 280/280/280
f 279/279/279 333/333/333 334/334/334
f 332/332/332 334/334/334 333/333/333
f 334/334/334 332/332/332 335/335/335
f 335/335/335 336/336/336 334/334/334
f 336/336/336 335/335/335 337/337/337
f 270/270/270 336/336/336 337/337/337
f 336/336/336 270/270/270 271/271/271
f 272/272/272 336/336/336 271/271/271
f 336/336/336 272/272/272 338/338/338
f 272/272/272 276/276/276 338/338/338
f 279/279/279 338/338/338 276/276/276
f 338/338/338 279/279/279 334/334/334
f 334/334/334 336/336/336 338/338/338
f 268/268/268 269/269/269 339/339/339
f 269/269/269 340/340/340 339/339/339
f 340/340/340 269/269/269 341/341/341
f 269/269/269 270/270/270 341/341/341
f 337/337/337 341/341/341 270/270/270
f 341/341/341 337/337/337 342/342/342
f 342/342/342 340/340/340 341/341/341
f 343/343/343 340/340/340 342/342/342
f 342/342/342 344/344/344 343/343/343
f 344/344/344 342/342/342 335/335/335
f 342/342/342 337/337/337 335/335/335
f 344/344/344 335/335/335 345/345/345
f 335/335/335 346/346/346 345/345/345
f 335/335/335 332/332/332 346/346/346
f 328/328/328 346/346/346 332/332/332
f 328/328/328 347/347/347 346/346/346
f 327/327/327 347/347/347 328/328/328
f 348/348/348 346/346/346 347/347/347
f 348/348/348 347/347/347 349/349/349
f 346/346/346 348/348/348 350/350/350
f 351/351/351 346/346/346 350/350/350
f 346/346/346 351/351/351 345/345/345
f 351/351/351 352/352/352 345/345/345
f 343/343/343 344/344/344 353/353/353
f 353/353/353 340/340/340 343/343/343
f 326/326/326 354/354/354 327/327/327
f 354/354/354 326/326/326 322/322/322
f 355/355/355 183/183/183 184/184/184
f 189/189/189 355/355/355 184/184/184
f 189/189/189 191/191/191 355/355/355
f 356/356/356 355/355/355 191/191/191
f 357/357/357 355/355/355 356/356/356
f 358/358/358 357/357/357 356/356/356
f 359/359/359 358/358/358 356/356/356
f 356/356/356 191/191/191 359/359/359
f 359/359/359 191/191/191 360/360/360
f 360/360/360 191/191/191 192/192/192
f 192/192/192 361/361/361 360/360/360
f 192/192/192 194/194/194 361/361/361
f 362/362/362 360/360/360 361/361/361
f 362/362/362 359/359/359 360/360/360
f 355/355/355 357/357/357 363/363/363
f 183/183/183 355/355/355 363/363/363
f 183/183/183 363/363/363 364/364/364
f 365/365/365 364/364/364 363/363/363
f 357/357/357 365/365/365 363/363/363
f 366/366/366 165/165/165 164/164/164
f 212/212/212 165/165/165 366/366/366
f 212/212/212 366/366/366 214/214/214
f 367/367/367 214/214/214 366/366/366
f 368/368/368 367/367/367 366/366/366
f 369/369/369 367/367/367 368/368/368
f 370/370/370 367/367/367 369/369/369
f 367/367/367 370/370/370 214/214/214
f 370/370/370 371/371/371 214/214/214
f 371/371/371 215/215/215 214/214/214
f 215/215/215 371/371/371 372/372/372
f 217/217/217 215/215/215 372/372/372
f 373/373/373 372/372/372 371/371/371
f 373/373/373 371/371/371 370/370/370
f 366/366/366 374/374/374 368/368/368
f 164/164/164 374/374/374 366/366/366
f 164/164/164 375/375/375 374/374/374
f 376/376/376 374/374/374 375/375/375
f 368/368/368 374/374/374 376/376/376
f 377/377/377 379/379/379 378/378/378
f 379/379/379 377/377/377 380/380/380
f 381/381/381 380/380/380 377/377/377
f 382/382/382 381/381/381 377/377/377
f 381/381/381 382/382/382 383/383/383
f 382/382/382 384/384/384 383/383/383
f 385/385/385 384/384/384 382/382/382
f 377/377/377 385/385/385 382/382/382
f 377/377/377 386/386/386 385/385/385
f 386/386/386 377/377/377 387/387/387
f 378/378/378 387/387/387 377/377/377
f 387/387/387 378/378/378 388/388/388
f 389/389/389 388/388/388 378/378/378
f 390/390/390 389/389/389 378/378/378
f 378/378/378 391/391/391 390/390/390
f 391/391/391 378/378/378 379/379/379
f 392/392/392 391/391/391 379/379/379
f 379/379/379 393/393/393 392/392/392
f 393/393/393 379/379/379 380/380/380
f 381/381/381 393/393/393 380/380/380
f 381/381/381 394/394/394 393/393/393
f 394/394/394 381/381/381 383/383/383
f 394/394/394 383/383/383 384/384/384
f 395/395/395 394/394/394 384/384/384
f 393/393/393 394/394/394 395/395/395
f 396/396/396 393/393/393 395/395/395
f 393/393/393 396/396/396 397/397/397
f 392/392/392 393/393/393 397/397/397
f 397/397/397 398/398/398 392/392/392
f 399/399/399 392/392/392 398/398/398
f 400/400/400 392/392/392 399/399/399
f 391/391/391 392/392/392 400/400/400
f 391/391/391 400/400/400 401/401/401
f 400/400/400 402/402/402 401/401/401
f 400/400/400 399/399/399 402/402/402
f 402/402/402 403/403/403 401/401/401
f 403/403/403 402/402/402 404/404/404
f 402/402/402 405/405/405 404/404/404
f 404/404/404 405/405/405 406/406/406
f 407/407/407 406/406/406 405/405/405
f 408/408/408 406/406/406 407/407/407
f 408/408/408 404/404/404 406/406/406
f 403/403/403 404/404/404 408/408/408
f 403/403/403 408/408/408 409/409/409
f 410/410/410 409/409/409 408/408/408
f 410/410/410 408/408/408 407/407/407
f 410/410/410 407/407/407 411/411/411
f 411/411/411 407/407/407 405/405/405
f 390/390/390 411/411/411 389/389/389
f 390/390/390 412/412/412 411/411/411
f 391/391/391 412/412/412 390/390/390
f 413/413/413 412/412/412 391/391/391
f 413/413/413 391/391/391 401/401/401
f 414/414/414 413/413/413 401/401/401
f 414/414/414 412/412/412 413/413/413
f 412/412/412 414/414/414 415/415/415
f 401/401/401 415/415/415 414/414/414
f 401/401/401 416/416/416 415/415/415
f 412/412/412 415/415/415 416/416/416
f 412/412/412 416/416/416 417/417/417
f 412/412/412 417/417/417 410/410/410
f 411/411/411 412/412/412 410/410/410
f 418/418/418 410/410/410 417/417/417
f 410/410/410 418/418/418 409/409/409
f 403/403/403 409/409/409 418/418/418
f 418/418/418 417/417/417 403/403/403
f 401/401/401 403/403/403 417/417/417
f 401/401/401 417/417/417 416/416/416
f 419/419/419 384/384/384 385/385/385
f 384/384/384 419/419/419 420/420/420
f 421/421/421 420/420/420 419/419/419
f 420/420/420 421/421/421 422/422/422
f 423/423/423 422/422/422 421/421/421
f 424/424/424 423/423/423 421/421/421
f 423/423/423 424/424/424 425/425/425
f 426/426/426 425/425/425 424/424/424
f 425/425/425 426/426/426 427/427/427
f 428/428/428 427/427/427 426/426/426
f 426/426/426 429/429/429 428/428/428
f 430/430/430 429/429/429 426/426/426
f 429/429/429 430/430/430 431/431/431
f 432/432/432 431/431/431 430/430/430
f 431/431/431 432/432/432 433/433/433
f 433/433/433 432/432/432 434/434/434
f 435/435/435 434/434/434 432/432/432
f 434/434/434 435/435/435 436/436/436
f 435/435/435 437/437/437 436/436/436
f 437/437/437 435/435/435 438/438/438
f 438/438/438 435/435/435 439/439/439
f 438/438/438 439/439/439 440/440/440
f 441/441/441 440/440/440 439/439/439
f 440/440/440 441/441/441 442/442/442
f 441/441/441 443/443/443 442/442/442
f 444/444/444 443/443/443 441/441/441
f 441/441/441 445/445/445 444/444/444
f 445/445/445 441/441/441 439/439/439
f 439/439/439 446/446/446 445/445/445
f 446/446/446 439/439/439 435/435/435
f 435/435/435 447/447/447 446/446/446
f 432/432/432 447/447/447 435/435/435
f 430/430/430 447/447/447 432/432/432
f 447/447/447 430/430/430 448/448/448
f 448/448/448 449/449/449 447/447/447
f 450/450/450 449/449/449 448/448/448
f 451/451/451 450/450/450 448/448/448
f 448/448/448 452/452/452 451/451/451
f 452/452/452 448/448/448 453/453/453
f 454/454/454 452/452/452 453/453/453
f 455/455/455 454/454/454 453/453/453
f 456/456/456 455/455/455 453/453/453
f 456/456/456 457/457/457 455/455/455
f 458/458/458 457/457/457 456/456/456
f 459/459/459 458/458/458 456/456/456
f 460/460/460 459/459/459 456/456/456
f 459/459/459 460/460/460 461/461/461
f 460/460/460 462/462/462 461/461/461
f 463/463/463 461/461/461 462/462/462
f 464/464/464 463/463/463 462/462/462
f 462/462/462 465/465/465 464/464/464
f 465/465/465 462/462/462 466/466/466
f 460/460/460 466/466/466 462/462/462
f 467/467/467 466/466/466 460/460/460
f 466/466/466 467/467/467 386/386/386
f 387/387/387 466/466/466 386/386/386
f 466/466/466 387/387/387 468/468/468
f 469/469/469 466/466/466 468/468/468
f 468/468/468 470/470/470 469/469/469
f 469/469/469 470/470/470 471/471/471
f 472/472/472 471/471/471 470/470/470
f 470/470/470 473/473/473 472/472/472
f 473/473/473 470/470/470 474/474/474
f 470/470/470 468/468/468 474/474/474
f 468/468/468 387/387/387 474/474/474
f 388/388/388 474/474/474 387/387/387
f 474/474/474 388/388/388 475/475/475
f 476/476/476 474/474/474 475/475/475
f 474/474/474 476/476/476 473/473/473
f 476/476/476 477/477/477 473/473/473
f 477/477/477 476/476/476 478/478/478
f 398/398/398 477/477/477 478/478/478
f 477/477/477 398/398/398 397/397/397
f 479/479/479 477/477/477 397/397/397
f 397/397/397 480/480/480 479/479/479
f 480/480/480 397/397/397 396/396/396
f 481/481/481 480/480/480 396/396/396
f 395/395/395 481/481/481 396/396/396
f 481/481/481 395/395/395 482/482/482
f 384/384/384 482/482/482 395/395/395
f 482/482/482 384/384/384 420/420/420
f 420/420/420 483/483/483 482/482/482
f 483/483/483 420/420/420 422/422/422
f 423/423/423 483/483/483 422/422/422
f 423/423/423 484/484/484 483/483/483
f 484/484/484 423/423/423 425/425/425
f 425/425/425 485/485/485 484/484/484
f 485/485/485 425/425/425 427/427/427
f 428/428/428 485/485/485 427/427/427
f 485/485/485 428/428/428 429/429/429
f 486/486/486 485/485/485 429/429/429
f 429/429/429 431/431/431 486/486/486
f 431/431/431 487/487/487 486/486/486
f 487/487/487 431/431/431 433/433/433
f 433/433/433 434/434/434 487/487/487
f 434/434/434 488/488/488 487/487/487
f 488/488/488 434/434/434 436/436/436
f 488/488/488 436/436/436 437/437/437
f 437/437/437 438/438/438 488/488/488
f 438/438/438 489/489/489 488/488/488
f 438/438/438 440/440/440 489/489/489
f 440/440/440 490/490/490 489/489/489
f 490/490/490 440/440/440 442/442/442
f 490/490/490 442/442/442 443/443/443
f 444/444/444 490/490/490 443/443/443
f 445/445/445 490/490/490 444/444/444
f 490/490/490 445/445/445 489/489/489
f 489/489/489 445/445/445 491/491/491
f 491/491/491 488/488/488 489/489/489
f 488/488/488 491/491/491 492/492/492
f 487/487/487 488/488/488 492/492/492
f 492/492/492 486/486/486 487/487/487
f 486/486/486 492/492/492 493/493/493
f 493/493/493 492/492/492 449/449/449
f 450/450/450 493/493/493 449/449/449
f 451/451/451 493/493/493 450/450/450
f 452/452/452 493/493/493 451/451/451
f 493/493/493 452/452/452 494/494/494
f 454/454/454 494/494/494 452/452/452
f 455/455/455 494/494/494 454/454/454
f 495/495/495 494/494/494 455/455/455
f 495/495/495 455/455/455 457/457/457
f 458/458/458 495/495/495 457/457/457
f 459/459/459 495/495/495 458/458/458
f 459/459/459 496/496/496 495/495/495
f 496/496/496 459/459/459 461/461/461
f 496/496/496 461/461/461 497/497/497
f 496/496/496 497/497/497 480/480/480
f 480/480/480 481/481/481 496/496/496
f 498/498/498 496/496/496 481/481/481
f 496/496/496 498/498/498 495/495/495
f 499/499/499 495/495/495 498/498/498
f 498/498/498 485/485/485 499/499/499
f 498/498/498 484/484/484 485/485/485
f 483/483/483 484/484/484 498/498/498
f 498/498/498 482/482/482 483/483/483
f 482/482/482 498/498/498 481/481/481
f 385/385/385 467/467/467 419/419/419
f 467/467/467 385/385/385 386/386/386
f 500/500/500 419/419/419 467/467/467
f 419/419/419 500/500/500 421/421/421
f 421/421/421 500/500/500 424/424/424
f 500/500/500 426/426/426 424/424/424
f 500/500/500 501/501/501 426/426/426
f 501/501/501 430/430/430 426/426/426
f 501/501/501 448/448/448 430/430/430
f 448/448/448 501/501/501 453/453/453
f 501/501/501 456/456/456 453/453/453
f 456/456/456 501/501/501 500/500/500
f 500/500/500 460/460/460 456/456/456
f 460/460/460 500/500/500 467/467/467
f 480/480/480 469/469/469 479/479/479
f 479/479/479 469/469/469 502/502/502
f 502/502/502 477/477/477 479/479/479
f 502/502/502 473/473/473 477/477/477
f 473/473/473 502/502/502 472/472/472
f 472/472/472 502/502/502 471/471/471
f 469/469/469 471/471/471 502/502/502
f 466/466/466 469/469/469 503/503/503
f 469/469/469 480/480/480 503/503/503
f 480/480/480 504/504/504 503/503/503
f 466/466/466 503/503/503 504/504/504
f 465/465/465 466/466/466 504/504/504
f 465/465/465 504/504/504 480/480/480
f 497/497/497 465/465/465 480/480/480
f 465/465/465 497/497/497 464/464/464
f 464/464/464 497/497/497 463/463/463
f 463/463/463 497/497/497 461/461/461
f 493/493/493 499/499/499 486/486/486
f 499/499/499 493/493/493 494/494/494
f 495/495/495 499/499/499 494/494/494
f 499/499/499 485/485/485 486/486/486
f 505/505/505 446/446/446 447/447/447
f 446/446/446 505/505/505 506/506/506
f 505/505/505 491/491/491 506/506/506
f 491/491/491 505/505/505 492/492/492
f 507/507/507 492/492/492 505/505/505
f 507/507/507 505/505/505 447/447/447
f 508/508/508 507/507/507 447/447/447
f 449/449/449 508/508/508 447/447/447
f 449/449/449 492/492/492 508/508/508
f 508/508/508 492/492/492 507/507/507
f 509/509/509 445/445/445 446/446/446
f 509/509/509 491/491/491 445/445/445
f 510/510/510 491/491/491 509/509/509
f 510/510/510 509/509/509 446/446/446
f 506/506/506 510/510/510 446/446/446
f 506/506/506 491/491/491 510/510/510
f 475/475/475 511/511/511 476/476/476
f 512/512/512 476/476/476 511/511/511
f 513/513/513 512/512/512 511/511/511
f 511/511/511 514/514/514 513/513/513
f 514/514/514 511/511/511 515/515/515
f 516/516/516 515/515/515 511/511/511
f 511/511/511 475/475/475 516/516/516
f 517/517/517 516/516/516 475/475/475
f 388/388/388 517/517/517 475/475/475
f 398/398/398 478/478/478 518/518/518
f 518/518/518 478/478/478 519/519/519
f 520/520/520 519/519/519 478/478/478
f 478/478/478 476/476/476 520/520/520
f 512/512/512 520/520/520 476/476/476
f 513/513/513 520/520/520 512/512/512
f 514/514/514 520/520/520 513/513/513
f 520/520/520 514/514/514 521/521/521
f 519/519/519 520/520/520 521/521/521
f 522/522/522 524/524/524 523/523/523
f 523/523/523 524/524/524 525/525/525
f 525/525/525 524/524/524 526/526/526
f 526/526/526 524/524/524 527/527/527
f 522/522/522 527/527/527 524/524/524
f 527/527/527 522/522/522 528/528/528
f 529/529/529 527/527/527 528/528/528
f 527/527/527 529/529/529 530/530/530
f 531/531/531 527/527/527 530/530/530
f 527/527/527 531/531/531 526/526/526
f 532/532/532 531/531/531 530/530/530
f 531/531/531 532/532/532 533/533/533
f 532/532/532 534/534/534 533/533/533
f 534/534/534 532/532/532 535/535/535
f 535/535/535 536/536/536 534/534/534
f 536/536/536 535/535/535 537/537/537
f 537/537/537 538/538/538 536/536/536
f 538/538/538 537/537/537 539/539/539
f 539/539/539 540/540/540 538/538/538
f 540/540/540 539/539/539 541/541/541
f 542/542/542 541/541/541 539/539/539
f 541/541/541 542/542/542 543/543/543
f 543/543/543 544/544/544 541/541/541
f 544/544/544 543/543/543 545/545/545
f 546/546/546 541/541/541 544/544/544
f 541/541/541 546/546/546 540/540/540
f 547/547/547 542/542/542 539/539/539
f 547/547/547 539/539/539 537/537/537
f 535/535/535 547/547/547 537/537/537
f 547/547/547 535/535/535 548/548/548
f 548/548/548 549/549/549 547/547/547
f 550/550/550 547/547/547 549/549/549
f 547/547/547 550/550/550 551/551/551
f 551/551/551 552/552/552 547/547/547
f 552/552/552 542/542/542 547/547/547
f 553/553/553 535/535/535 532/532/532
f 530/530/530 553/553/553 532/532/532
f 554/554/554 553/553/553 530/530/530
f 530/530/530 555/555/555 554/554/554
f 555/555/555 530/530/530 529/529/529
f 554/554/554 555/555/555 556/556/556
f 556/556/556 557/557/557 554/554/554
f 554/554/554 557/557/557 558/558/558
f 554/554/554 558/558/558 553/553/553
f 553/553/553 558/558/558 559/559/559
f 548/548/548 553/553/553 559/559/559
f 535/535/535 553/553/553 548/548/548
f 548/548/548 560/560/560 549/549/549
f 560/560/560 548/548/548 559/559/559
f 559/559/559 561/561/561 560/560/560
f 561/561/561 559/559/559 562/562/562
f 559/559/559 558/558/558 562/562/562
f 558/558/558 557/557/557 562/562/562
f 549/549/549 563/563/563 550/550/550
f 563/563/563 551/551/551 550/550/550
f 551/551/551 563/563/563 564/564/564
f 565/565/565 564/564/564 563/563/563
f 565/565/565 563/563/563 566/566/566
f 563/563/563 549/549/549 566/566/566
f 549/549/549 560/560/560 566/566/566
f 567/567/567 566/566/566 560/560/560
f 560/560/560 561/561/561 567/567/567
f 566/566/566 567/567/567 568/568/568
f 566/566/566 568/568/568 569/569/569
f 570/570/570 566/566/566 569/569/569
f 566/566/566 570/570/570 565/565/565
f 570/570/570 571/571/571 565/565/565
f 571/571/571 570/570/570 572/572/572
f 573/573/573 571/571/571 572/572/572
f 573/573/573 574/574/574 571/571/571
f 575/575/575 571/571/571 574/574/574
f 571/571/571 575/575/575 565/565/565
f 564/564/564 565/565/565 575/575/575
f 576/576/576 578/578/578 577/577/577
f 578/578/578 576/576/576 579/579/579
f 576/576/576 580/580/580 579/579/579
f 580/580/580 576/576/576 581/581/581
f 582/582/582 581/581/581 576/576/576
f 581/581/581 582/582/582 583/583/583
f 584/584/584 581/581/581 583/583/583
f 581/581/581 584/584/584 580/580/580
f 585/585/585 580/580/580 584/584/584
f 584/584/584 583/583/583 585/585/585
f 582/582/582 585/585/585 583/583/583
f 585/585/585 582/582/582 586/586/586
f 586/586/586 580/580/580 585/585/585
f 580/580/580 586/586/586 579/579/579
f 586/586/586 578/578/578 579/579/579
f 578/578/578 586/586/586 587/587/587
f 588/588/588 587/587/587 586/586/586
f 586/586/586 589/589/589 588/588/588
f 589/589/589 586/586/586 582/582/582
f 576/576/576 589/589/589 582/582/582
f 589/589/589 576/576/576 590/590/590
f 590/590/590 576/576/576 577/577/577
f 590/590/590 577/577/577 591/591/591
f 577/577/577 592/592/592 591/591/591
f 592/592/592 577/577/577 578/578/578
f 587/587/587 592/592/592 578/578/578
f 592/592/592 587/587/587 593/593/593
f 588/588/588 593/593/593 587/587/587
f 594/594/594 593/593/593 588/588/588
f 593/593/593 594/594/594 595/595/595
f 594/594/594 596/596/596 595/595/595
f 596/596/596 594/594/594 597/597/597
f 597/597/597 598/598/598 596/596/596
f 598/598/598 597/597/597 599/599/599
f 600/600/600 598/598/598 599/599/599
f 599/599/599 601/601/601 600/600/600
f 599/599/599 597/597/597 601/601/601
f 602/602/602 601/601/601 597/597/597
f 601/601/601 602/602/602 603/603/603
f 604/604/604 603/603/603 602/602/602
f 604/604/604 605/605/605 603/603/603
f 605/605/605 604/604/604 606/606/606
f 607/607/607 606/606/606 604/604/604
f 608/608/608 606/606/606 607/607/607
f 608/608/608 609/609/609 606/606/606
f 608/608/608 610/610/610 609/609/609
f 609/609/609 610/610/610 611/611/611
f 612/612/612 609/609/609 611/611/611
f 613/613/613 612/612/612 611/611/611
f 611/611/611 614/614/614 613/613/613
f 614/614/614 611/611/611 615/615/615
f 616/616/616 614/614/614 615/615/615
f 616/616/616 617/617/617 614/614/614
f 617/617/617 616/616/616 618/618/618
f 619/619/619 617/617/617 618/618/618
f 617/617/617 619/619/619 620/620/620
f 621/621/621 617/617/617 620/620/620
f 617/617/617 621/621/621 622/622/622
f 621/621/621 623/623/623 622/622/622
f 624/624/624 623/623/623 621/621/621
f 621/621/621 620/620/620 624/624/624
f 624/624/624 620/620/620 625/625/625
f 625/625/625 626/626/626 624/624/624
f 627/627/627 626/626/626 625/625/625
f 625/625/625 628/628/628 627/627/627
f 613/613/613 627/627/627 628/628/628
f 629/629/629 627/627/627 613/613/613
f 613/613/613 630/630/630 629/629/629
f 630/630/630 613/613/613 614/614/614
f 631/631/631 630/630/630 614/614/614
f 631/631/631 614/614/614 617/617/617
f 617/617/617 622/622/622 631/631/631
f 631/631/631 622/622/622 623/623/623
f 630/630/630 631/631/631 623/623/623
f 632/632/632 630/630/630 623/623/623
f 624/624/624 632/632/632 623/623/623
f 632/632/632 624/624/624 633/633/633
f 626/626/626 633/633/633 624/624/624
f 633/633/633 626/626/626 634/634/634
f 635/635/635 634/634/634 626/626/626
f 626/626/626 627/627/627 635/635/635
f 627/627/627 629/629/629 635/635/635
f 636/636/636 635/635/635 629/629/629
f 629/629/629 637/637/637 636/636/636
f 637/637/637 629/629/629 630/630/630
f 630/630/630 632/632/632 637/637/637
f 638/638/638 637/637/637 632/632/632
f 633/633/633 638/638/638 632/632/632
f 638/638/638 633/633/633 639/639/639
f 639/639/639 633/633/633 634/634/634
f 640/640/640 639/639/639 634/634/634
f 634/634/634 635/635/635 640/640/640
f 635/635/635 636/636/636 640/640/640
f 641/641/641 640/640/640 636/636/636
f 641/641/641 636/636/636 637/637/637
f 637/637/637 638/638/638 641/641/641
f 642/642/642 641/641/641 638/638/638
f 639/639/639 642/642/642 638/638/638
f 642/642/642 639/639/639 643/643/643
f 644/644/644 643/643/643 639/639/639
f 639/639/639 640/640/640 644/644/644
f 640/640/640 641/641/641 644/644/644
f 644/644/644 641/641/641 645/645/645
f 641/641/641 642/642/642 645/645/645
f 642/642/642 646/646/646 645/645/645
f 642/642/642 643/643/643 646/646/646
f 643/643/643 647/647/647 646/646/646
f 647/647/647 643/643/643 644/644/644
f 647/647/647 644/644/644 645/645/645
f 645/645/645 646/646/646 647/647/647
f 591/591/591 592/592/592 648/648/648
f 593/593/593 648/648/648 592/592/592
f 595/595/595 648/648/648 593/593/593
f 648/648/648 595/595/595 649/649/649
f 650/650/650 648/648/648 649/649/649
f 648/648/648 650/650/650 591/591/591
f 651/651/651 591/591/591 650/650/650
f 591/591/591 651/651/651 590/590/590
f 590/590/590 651/651/651 652/652/652
f 590/590/590 652/652/652 589/589/589
f 588/588/588 589/589/589 653/653/653
f 588/588/588 653/653/653 594/594/594
f 654/654/654 628/628/628 625/625/625
f 654/654/654 613/613/613 628/628/628
f 612/612/612 613/613/613 654/654/654
f 612/612/612 654/654/654 655/655/655
f 656/656/656 655/655/655 654/654/654
f 656/656/656 654/654/654 625/625/625
f 625/625/625 657/657/657 656/656/656
f 620/620/620 657/657/657 625/625/625
f 657/657/657 620/620/620 658/658/658
f 619/619/619 658/658/658 620/620/620
f 618/618/618 659/659/659 619/619/619
f 618/618/618 616/616/616 660/660/660
f 661/661/661 600/600/600 601/601/601
f 601/601/601 662/662/662 661/661/661
f 663/663/663 662/662/662 601/601/601
f 603/603/603 663/663/663 601/601/601
f 663/663/663 603/603/603 664/664/664
f 605/605/605 664/664/664 603/603/603
f 664/664/664 605/605/605 665/665/665
f 666/666/666 665/665/665 605/605/605
f 606/606/606 666/666/666 605/605/605
f 606/606/606 667/667/667 666/666/666
f 667/667/667 668/668/668 666/666/666
f 668/668/668 669/669/669 666/666/666
f 670/670/670 666/666/666 669/669/669
f 666/666/666 670/670/670 671/671/671
f 665/665/665 666/666/666 671/671/671
f 671/671/671 672/672/672 665/665/665
f 673/673/673 665/665/665 672/672/672
f 665/665/665 673/673/673 664/664/664
f 674/674/674 664/664/664 673/673/673
f 664/664/664 674/674/674 663/663/663
f 674/674/674 675/675/675 663/663/663
f 662/662/662 663/663/663 675/675/675
f 675/675/675 669/669/669 662/662/662
f 669/669/669 675/675/675 670/670/670
f 676/676/676 670/670/670 675/675/675
f 675/675/675 674/674/674 676/676/676
f 670/670/670 676/676/676 677/677/677
f 677/677/677 671/671/671 670/670/670
f 671/671/671 677/677/677 678/678/678
f 672/672/672 671/671/671 678/678/678
f 668/668/668 667/667/667 679/679/679
f 667/667/667 680/680/680 679/679/679
f 656/656/656 679/679/679 680/680/680
f 680/680/680 655/655/655 656/656/656
f 680/680/680 612/612/612 655/655/655
f 612/612/612 680/680/680 681/681/681
f 609/609/609 612/612/612 681/681/681
f 609/609/609 681/681/681 606/606/606
f 667/667/667 606/606/606 681/681/681
f 667/667/667 681/681/681 680/680/680
f 598/598/598 600/600/600 682/682/682
f 651/651/651 682/682/682 600/600/600
f 682/682/682 651/651/651 650/650/650
f 650/650/650 683/683/683 682/682/682
f 649/649/649 683/683/683 650/650/650
f 683/683/683 649/649/649 684/684/684
f 684/684/684 685/685/685 683/683/683
f 685/685/685 686/686/686 683/683/683
f 687/687/687 683/683/683 686/686/686
f 683/683/683 687/687/687 682/682/682
f 687/687/687 688/688/688 682/682/682
f 687/687/687 596/596/596 688/688/688
f 596/596/596 689/689/689 688/688/688
f 596/596/596 598/598/598 689/689/689
f 598/598/598 690/690/690 689/689/689
f 598/598/598 691/691/691 690/690/690
f 682/682/682 691/691/691 598/598/598
f 682/682/682 688/688/688 691/691/691
f 691/691/691 688/688/688 692/692/692
f 692/692/692 690/690/690 691/691/691
f 692/692/692 689/689/689 690/690/690
f 689/689/689 692/692/692 688/688/688
f 693/693/693 661/661/661 662/662/662
f 669/669/669 693/693/693 662/662/662
f 693/693/693 669/669/669 668/668/668
f 694/694/694 693/693/693 668/668/668
f 695/695/695 694/694/694 668/668/668
f 695/695/695 668/668/668 696/696/696
f 696/696/696 668/668/668 679/679/679
f 656/656/656 696/696/696 679/679/679
f 696/696/696 656/656/656 657/657/657
f 696/696/696 657/657/657 697/697/697
f 695/695/695 696/696/696 697/697/697
f 595/595/595 596/596/596 698/698/698
f 698/698/698 649/649/649 595/595/595
f 649/649/649 698/698/698 684/684/684
f 684/684/684 698/698/698 685/685/685
f 685/685/685 698/698/698 686/686/686
f 698/698/698 687/687/687 686/686/686
f 687/687/687 698/698/698 596/596/596
f 699/699/699 701/701/701 700/700/700
f 702/702/702 699/699/699 700/700/700
f 699/699/699 702/702/702 703/703/703
f 703/703/703 702/702/702 704/704/704
f 702/702/702 705/705/705 704/704/704
f 706/706/706 704/704/704 705/705/705
f 707/707/707 704/704/704 706/706/706
f 704/704/704 707/707/707 708/708/708
f 704/704/704 708/708/708 703/703/703
f 703/703/703 708/708/708 709/709/709
f 709/709/709 699/699/699 703/703/703
f 699/699/699 709/709/709 710/710/710
f 711/711/711 710/710/710 709/709/709
f 710/710/710 711/711/711 712/712/712
f 711/711/711 713/713/713 712/712/712
f 712/712/712 713/713/713 714/714/714
f 713/713/713 715/715/715 714/714/714
f 713/713/713 716/716/716 715/715/715
f 716/716/716 713/713/713 711/711/711
f 716/716/716 711/711/711 717/717/717
f 711/711/711 718/718/718 717/717/717
f 718/718/718 711/711/711 719/719/719
f 719/719/719 711/711/711 709/709/709
f 709/709/709 720/720/720 719/719/719
f 708/708/708 720/720/720 709/709/709
f 720/720/720 708/708/708 721/721/721
f 708/708/708 722/722/722 721/721/721
f 722/722/722 708/708/708 707/707/707
f 723/723/723 722/722/722 707/707/707
f 707/707/707 724/724/724 723/723/723
f 724/724/724 707/707/707 706/706/706
f 706/706/706 705/705/705 724/724/724
f 702/702/702 724/724/724 705/705/705
f 725/725/725 724/724/724 702/702/702
f 724/724/724 725/725/725 723/723/723
f 725/725/725 726/726/726 723/723/723
f 727/727/727 723/723/723 726/726/726
f 723/723/723 727/727/727 728/728/728
f 722/722/722 723/723/723 728/728/728
f 728/728/728 729/729/729 722/722/722
f 729/729/729 728/728/728 730/730/730
f 731/731/731 730/730/730 728/728/728
f 727/727/727 731/731/731 728/728/728
f 726/726/726 732/732/732 727/727/727
f 733/733/733 727/727/727 732/732/732
f 734/734/734 733/733/733 732/732/732
f 734/734/734 735/735/735 733/733/733
f 734/734/734 736/736/736 735/735/735
f 737/737/737 736/736/736 734/734/734
f 732/732/732 737/737/737 734/734/734
f 737/737/737 732/732/732 718/718/718
f 719/719/719 737/737/737 718/718/718
f 737/737/737 719/719/719 738/738/738
f 737/737/737 738/738/738 739/739/739
f 740/740/740 737/737/737 739/739/739
f 740/740/740 736/736/736 737/737/737
f 741/741/741 736/736/736 740/740/740
f 741/741/741 740/740/740 739/739/739
f 739/739/739 742/742/742 741/741/741
f 736/736/736 741/741/741 742/742/742
f 736/736/736 742/742/742 743/743/743
f 739/739/739 743/743/743 742/742/742
f 739/739/739 744/744/744 743/743/743
f 736/736/736 743/743/743 744/744/744
f 736/736/736 744/744/744 745/745/745
f 735/735/735 736/736/736 745/745/745
f 745/745/745 746/746/746 735/735/735
f 735/735/735 746/746/746 747/747/747
f 746/746/746 748/748/748 747/747/747
f 749/749/749 747/747/747 748/748/748
f 750/750/750 747/747/747 749/749/749
f 751/751/751 750/750/750 749/749/749
f 750/750/750 751/751/751 739/739/739
f 739/739/739 751/751/751 744/744/744
f 752/752/752 744/744/744 751/751/751
f 752/752/752 745/745/745 744/744/744
f 745/745/745 752/752/752 753/753/753
f 751/751/751 753/753/753 752/752/752
f 751/751/751 754/754/754 753/753/753
f 751/751/751 749/749/749 754/754/754
f 754/754/754 749/749/749 748/748/748
f 754/754/754 748/748/748 746/746/746
f 745/745/745 754/754/754 746/746/746
f 745/745/745 753/753/753 754/754/754
f 738/738/738 750/750/750 739/739/739
f 738/738/738 755/755/755 750/750/750
f 738/738/738 719/719/719 755/755/755
f 755/755/755 719/719/719 720/720/720
f 720/720/720 721/721/721 756/756/756
f 756/756/756 721/721/721 757/757/757
f 758/758/758 757/757/757 721/721/721
f 721/721/721 722/722/722 758/758/758
f 759/759/759 758/758/758 722/722/722
f 759/759/759 722/722/722 729/729/729
f 760/760/760 759/759/759 729/729/729
f 760/760/760 758/758/758 759/759/759
f 761/761/761 758/758/758 760/760/760
f 729/729/729 761/761/761 760/760/760
f 761/761/761 729/729/729 762/762/762
f 730/730/730 762/762/762 729/729/729
f 758/758/758 761/761/761 763/763/763
f 757/757/757 758/758/758 763/763/763
f 714/714/714 764/764/764 712/712/712
f 764/764/764 714/714/714 765/765/765
f 765/765/765 766/766/766 764/764/764
f 766/766/766 765/765/765 767/767/767
f 768/768/768 766/766/766 767/767/767
f 768/768/768 769/769/769 766/766/766
f 769/769/769 768/768/768 770/770/770
f 770/770/770 771/771/771 769/769/769
f 771/771/771 770/770/770 772/772/772
f 773/773/773 771/771/771 772/772/772
f 771/771/771 773/773/773 774/774/774
f 775/775/775 771/771/771 774/774/774
f 774/774/774 776/776/776 775/775/775
f 776/776/776 777/777/777 775/775/775
f 777/777/777 776/776/776 778/778/778
f 778/778/778 779/779/779 777/777/777
f 779/779/779 780/780/780 777/777/777
f 780/780/780 779/779/779 781/781/781
f 780/780/780 781/781/781 782/782/782
f 782/782/782 783/783/783 780/780/780
f 783/783/783 784/784/784 780/780/780
f 783/783/783 785/785/785 784/784/784
f 785/785/785 786/786/786 784/784/784
f 786/786/786 787/787/787 784/784/784
f 787/787/787 786/786/786 788/788/788
f 788/788/788 786/786/786 789/789/789
f 786/786/786 790/790/790 789/789/789
f 786/786/786 785/785/785 790/790/790
f 785/785/785 791/791/791 790/790/790
f 791/791/791 789/789/789 790/790/790
f 788/788/788 789/789/789 791/791/791
f 791/791/791 787/787/787 788/788/788
f 787/787/787 791/791/791 792/792/792
f 791/791/791 785/785/785 792/792/792
f 783/783/783 792/792/792 785/785/785
f 783/783/783 793/793/793 792/792/792
f 782/782/782 793/793/793 783/783/783
f 793/793/793 782/782/782 781/781/781
f 779/779/779 793/793/793 781/781/781
f 793/793/793 779/779/779 794/794/794
f 778/778/778 794/794/794 779/779/779
f 776/776/776 794/794/794 778/778/778
f 794/794/794 776/776/776 795/795/795
f 774/774/774 795/795/795 776/776/776
f 795/795/795 774/774/774 796/796/796
f 796/796/796 774/774/774 773/773/773
f 773/773/773 772/772/772 796/796/796
f 770/770/770 796/796/796 772/772/772
f 796/796/796 770/770/770 797/797/797
f 768/768/768 797/797/797 770/770/770
f 797/797/797 768/768/768 798/798/798
f 768/768/768 767/767/767 798/798/798
f 765/765/765 798/798/798 767/767/767
f 798/798/798 765/765/765 799/799/799
f 714/714/714 799/799/799 765/765/765
f 799/799/799 714/714/714 800/800/800
f 800/800/800 801/801/801 799/799/799
f 801/801/801 800/800/800 802/802/802
f 803/803/803 801/801/801 802/802/802
f 726/726/726 803/803/803 802/802/802
f 803/803/803 726/726/726 725/725/725
f 702/702/702 803/803/803 725/725/725
f 803/803/803 702/702/702 700/700/700
f 803/803/803 700/700/700 701/701/701
f 804/804/804 803/803/803 701/701/701
f 804/804/804 701/701/701 699/699/699
f 805/805/805 804/804/804 699/699/699
f 804/804/804 805/805/805 806/806/806
f 806/806/806 805/805/805 807/807/807
f 807/807/807 805/805/805 808/808/808
f 809/809/809 808/808/808 805/805/805
f 809/809/809 805/805/805 699/699/699
f 699/699/699 810/810/810 809/809/809
f 810/810/810 699/699/699 710/710/710
f 712/712/712 810/810/810 710/710/710
f 810/810/810 712/712/712 764/764/764
f 764/764/764 811/811/811 810/810/810
f 811/811/811 764/764/764 766/766/766
f 766/766/766 769/769/769 811/811/811
f 811/811/811 769/769/769 771/771/771
f 811/811/811 771/771/771 812/812/812
f 812/812/812 771/771/771 775/775/775
f 813/813/813 812/812/812 775/775/775
f 775/775/775 814/814/814 813/813/813
f 814/814/814 775/775/775 777/777/777
f 777/777/777 780/780/780 814/814/814
f 780/780/780 815/815/815 814/814/814
f 815/815/815 780/780/780 784/784/784
f 784/784/784 787/787/787 815/815/815
f 816/816/816 815/815/815 787/787/787
f 817/817/817 815/815/815 816/816/816
f 818/818/818 815/815/815 817/817/817
f 819/819/819 815/815/815 818/818/818
f 815/815/815 819/819/819 814/814/814
f 820/820/820 814/814/814 819/819/819
f 821/821/821 814/814/814 820/820/820
f 822/822/822 814/814/814 821/821/821
f 813/813/813 814/814/814 822/822/822
f 823/823/823 813/813/813 822/822/822
f 824/824/824 813/813/813 823/823/823
f 825/825/825 813/813/813 824/824/824
f 813/813/813 825/825/825 826/826/826
f 812/812/812 813/813/813 826/826/826
f 827/827/827 812/812/812 826/826/826
f 812/812/812 827/827/827 811/811/811
f 809/809/809 811/811/811 827/827/827
f 811/811/811 809/809/809 810/810/810
f 828/828/828 809/809/809 827/827/827
f 809/809/809 828/828/828 808/808/808
f 828/828/828 829/829/829 808/808/808
f 829/829/829 830/830/830 808/808/808
f 829/829/829 803/803/803 830/830/830
f 801/801/801 803/803/803 829/829/829
f 829/829/829 831/831/831 801/801/801
f 831/831/831 799/799/799 801/801/801
f 799/799/799 831/831/831 798/798/798
f 798/798/798 831/831/831 797/797/797
f 831/831/831 796/796/796 797/797/797
f 831/831/831 832/832/832 796/796/796
f 832/832/832 795/795/795 796/796/796
f 832/832/832 833/833/833 795/795/795
f 833/833/833 832/832/832 834/834/834
f 825/825/825 833/833/833 834/834/834
f 833/833/833 825/825/825 824/824/824
f 824/824/824 823/823/823 833/833/833
f 823/823/823 822/822/822 833/833/833
f 833/833/833 822/822/822 835/835/835
f 835/835/835 795/795/795 833/833/833
f 795/795/795 835/835/835 794/794/794
f 794/794/794 835/835/835 793/793/793
f 793/793/793 835/835/835 836/836/836
f 836/836/836 792/792/792 793/793/793
f 792/792/792 836/836/836 787/787/787
f 816/816/816 787/787/787 836/836/836
f 817/817/817 816/816/816 836/836/836
f 818/818/818 817/817/817 836/836/836
f 836/836/836 819/819/819 818/818/818
f 819/819/819 836/836/836 835/835/835
f 820/820/820 819/819/819 835/835/835
f 821/821/821 820/820/820 835/835/835
f 822/822/822 821/821/821 835/835/835
f 804/804/804 830/830/830 803/803/803
f 830/830/830 804/804/804 806/806/806
f 806/806/806 807/807/807 830/830/830
f 807/807/807 808/808/808 830/830/830
f 827/827/827 826/826/826 837/837/837
f 827/827/827 837/837/837 838/838/838
f 839/839/839 827/827/827 838/838/838
f 828/828/828 827/827/827 839/839/839
f 828/828/828 839/839/839 840/840/840
f 829/829/829 828/828/828 840/840/840
f 831/831/831 829/829/829 840/840/840
f 840/840/840 832/832/832 831/831/831
f 832/832/832 840/840/840 834/834/834
f 840/840/840 837/837/837 834/834/834
f 840/840/840 838/838/838 837/837/837
f 839/839/839 838/838/838 840/840/840
f 841/841/841 826/826/826 825/825/825
f 837/837/837 826/826/826 841/841/841
f 837/837/837 841/841/841 834/834/834
f 841/841/841 825/825/825 834/834/834
f 732/732/732 726/726/726 842/842/842
f 802/802/802 842/842/842 726/726/726
f 842/842/842 802/802/802 800/800/800
f 842/842/842 800/800/800 843/843/843
f 843/843/843 716/716/716 842/842/842
f 716/716/716 717/717/717 842/842/842
f 718/718/718 842/842/842 717/717/717
f 842/842/842 718/718/718 732/732/732
f 800/800/800 714/714/714 843/843/843
f 843/843/843 714/714/714 715/715/715
f 716/716/716 843/843/843 715/715/715
f 844/844/844 846/846/846 845/845/845
f 847/847/847 845/845/845 846/846/846
f 845/845/845 847/847/847 848/848/848
f 845/845/845 848/848/848 849/849/849
f 849/849/849 844/844/844 845/845/845
f 844/844/844 849/849/849 850/850/850
f 849/849/849 851/851/851 850/850/850
f 851/851/851 849/849/849 852/852/852
f 849/849/849 853/853/853 852/852/852
f 853/853/853 849/849/849 848/848/848
f 853/853/853 854/854/854 852/852/852
f 854/854/854 853/853/853 855/855/855
f 855/855/855 856/856/856 854/854/854
f 856/856/856 855/855/855 857/857/857
f 857/857/857 858/858/858 856/856/856
f 858/858/858 857/857/857 859/859/859
f 860/860/860 858/858/858 859/859/859
f 858/858/858 860/860/860 861/861/861
f 860/860/860 862/862/862 861/861/861
f 862/862/862 860/860/860 863/863/863
f 863/863/863 864/864/864 862/862/862
f 865/865/865 862/862/862 864/864/864
f 862/862/862 865/865/865 866/866/866
f 865/865/865 867/867/867 866/866/866
f 867/867/867 865/865/865 868/868/868
f 869/869/869 866/866/866 867/867/867
f 866/866/866 869/869/869 870/870/870
f 870/870/870 862/862/862 866/866/866
f 862/862/862 870/870/870 861/861/861
f 870/870/870 858/858/858 861/861/861
f 858/858/858 870/870/870 871/871/871
f 856/856/856 858/858/858 871/871/871
f 871/871/871 872/872/872 856/856/856
f 856/856/856 872/872/872 873/873/873
f 873/873/873 854/854/854 856/856/856
f 852/852/852 854/854/854 873/873/873
f 852/852/852 873/873/873 874/874/874
f 875/875/875 852/852/852 874/874/874
f 852/852/852 875/875/875 851/851/851
f 875/875/875 874/874/874 876/876/876
f 876/876/876 874/874/874 877/877/877
f 878/878/878 877/877/877 874/874/874
f 874/874/874 873/873/873 878/878/878
f 873/873/873 879/879/879 878/878/878
f 872/872/872 879/879/879 873/873/873
f 872/872/872 880/880/880 879/879/879
f 880/880/880 872/872/872 881/881/881
f 872/872/872 871/871/871 881/881/881
f 871/871/871 882/882/882 881/881/881
f 883/883/883 882/882/882 871/871/871
f 883/883/883 871/871/871 884/884/884
f 870/870/870 884/884/884 871/871/871
f 884/884/884 870/870/870 869/869/869
f 883/883/883 885/885/885 882/882/882
f 885/885/885 881/881/881 882/882/882
f 881/881/881 885/885/885 886/886/886
f 880/880/880 881/881/881 886/886/886
f 886/886/886 887/887/887 880/880/880
f 887/887/887 888/888/888 880/880/880
f 888/888/888 879/879/879 880/880/880
f 879/879/879 888/888/888 889/889/889
f 889/889/889 878/878/878 879/879/879
f 889/889/889 877/877/877 878/878/878
f 885/885/885 883/883/883 890/890/890
f 890/890/890 891/891/891 885/885/885
f 885/885/885 891/891/891 886/886/886
f 892/892/892 886/886/886 891/891/891
f 893/893/893 892/892/892 891/891/891
f 894/894/894 893/893/893 891/891/891
f 891/891/891 890/890/890 894/894/894
f 893/893/893 894/894/894 895/895/895
f 896/896/896 893/893/893 895/895/895
f 896/896/896 897/897/897 893/893/893
f 892/892/892 893/893/893 897/897/897
f 886/886/886 892/892/892 898/898/898
f 886/886/886 898/898/898 899/899/899
f 887/887/887 886/886/886 899/899/899
f 864/864/864 863/863/863 900/900/900
f 901/901/901 903/903/903 902/902/902
f 903/903/903 901/901/901 904/904/904
f 905/905/905 903/903/903 904/904/904
f 903/903/903 905/905/905 906/906/906
f 906/906/906 905/905/905 907/907/907
f 908/908/908 907/907/907 905/905/905
f 909/909/909 908/908/908 905/905/905
f 910/910/910 908/908/908 909/909/909
f 908/908/908 910/910/910 911/911/911
f 912/912/912 908/908/908 911/911/911
f 911/911/911 913/913/913 912/912/912
f 914/914/914 913/913/913 911/911/911
f 914/914/914 911/911/911 915/915/915
f 911/911/911 916/916/916 915/915/915
f 916/916/916 911/911/911 910/910/910
f 910/910/910 917/917/917 916/916/916
f 918/918/918 917/917/917 910/910/910
f 919/919/919 918/918/918 910/910/910
f 919/919/919 910/910/910 909/909/909
f 920/920/920 918/918/918 919/919/919
f 918/918/918 920/920/920 921/921/921
f 921/921/921 922/922/922 918/918/918
f 922/922/922 923/923/923 918/918/918
f 923/923/923 922/922/922 924/924/924
f 922/922/922 925/925/925 924/924/924
f 926/926/926 925/925/925 922/922/922
f 925/925/925 926/926/926 927/927/927
f 927/927/927 926/926/926 928/928/928
f 929/929/929 928/928/928 926/926/926
f 928/928/928 929/929/929 930/930/930
f 930/930/930 929/929/929 931/931/931
f 932/932/932 931/931/931 929/929/929
f 933/933/933 932/932/932 929/929/929
f 934/934/934 932/932/932 933/933/933
f 935/935/935 932/932/932 934/934/934
f 935/935/935 936/936/936 932/932/932
f 936/936/936 937/937/937 932/932/932
f 932/932/932 937/937/937 938/938/938
f 931/931/931 932/932/932 938/938/938
f 931/931/931 938/938/938 939/939/939
f 939/939/939 938/938/938 937/937/937
f 940/940/940 939/939/939 937/937/937
f 935/935/935 939/939/939 940/940/940
f 935/935/935 934/934/934 939/939/939
f 934/934/934 933/933/933 939/939/939
f 933/933/933 941/941/941 939/939/939
f 939/939/939 941/941/941 931/931/931
f 930/930/930 931/931/931 941/941/941
f 928/928/928 930/930/930 941/941/941
f 941/941/941 942/942/942 928/928/928
f 927/927/927 928/928/928 942/942/942
f 925/925/925 927/927/927 942/942/942
f 942/942/942 943/943/943 925/925/925
f 943/943/943 924/924/924 925/925/925
f 923/923/923 924/924/924 943/943/943
f 943/943/943 944/944/944 923/923/923
f 944/944/944 945/945/945 923/923/923
f 918/918/918 923/923/923 945/945/945
f 945/945/945 917/917/917 918/918/918
f 945/945/945 944/944/944 917/917/917
f 944/944/944 946/946/946 917/917/917
f 946/946/946 916/916/916 917/917/917
f 921/921/921 920/920/920 944/944/944
f 920/920/920 919/919/919 944/944/944
f 944/944/944 947/947/947 921/921/921
f 922/922/922 921/921/921 947/947/947
f 947/947/947 948/948/948 922/922/922
f 948/948/948 947/947/947 943/943/943
f 947/947/947 944/944/944 943/943/943
f 949/949/949 943/943/943 942/942/942
f 949/949/949 948/948/948 943/943/943
f 949/949/949 922/922/922 948/948/948
f 949/949/949 926/926/926 922/922/922
f 950/950/950 926/926/926 949/949/949
f 950/950/950 949/949/949 942/942/942
f 951/951/951 950/950/950 942/942/942
f 951/951/951 942/942/942 941/941/941
f 952/952/952 951/951/951 941/941/941
f 933/933/933 952/952/952 941/941/941
f 933/933/933 929/929/929 952/952/952
f 952/952/952 929/929/929 951/951/951
f 951/951/951 929/929/929 926/926/926
f 951/951/951 926/926/926 950/950/950
f 902/902/902 953/953/953 901/901/901
f 953/953/953 902/902/902 954/954/954
f 902/902/902 955/955/955 954/954/954
f 954/954/954 955/955/955 956/956/956
f 957/957/957 954/954/954 956/956/956
f 954/954/954 957/957/957 958/958/958
f 959/959/959 954/954/954 958/958/958
f 954/954/954 959/959/959 953/953/953
f 959/959/959 960/960/960 953/953/953
f 961/961/961 953/953/953 960/960/960
f 962/962/962 953/953/953 961/961/961
f 953/953/953 962/962/962 901/901/901
f 963/963/963 901/901/901 962/962/962
f 962/962/962 964/964/964 963/963/963
f 965/965/965 963/963/963 964/964/964
f 965/965/965 964/964/964 966/966/966
f 967/967/967 965/965/965 966/966/966
f 967/967/967 968/968/968 965/965/965
f 969/969/969 968/968/968 967/967/967
f 966/966/966 969/969/969 967/967/967
f 970/970/970 969/969/969 966/966/966
f 969/969/969 970/970/970 971/971/971
f 971/971/971 968/968/968 969/969/969
f 968/968/968 971/971/971 972/972/972
f 972/972/972 973/973/973 968/968/968
f 968/968/968 973/973/973 974/974/974
f 966/966/966 974/974/974 973/973/973
f 970/970/970 966/966/966 973/973/973
f 973/973/973 975/975/975 970/970/970
f 973/973/973 972/972/972 975/975/975
f 972/972/972 976/976/976 975/975/975
f 970/970/970 975/975/975 976/976/976
f 977/977/977 970/970/970 976/976/976
f 978/978/978 970/970/970 977/977/977
f 979/979/979 978/978/978 977/977/977
f 979/979/979 980/980/980 978/978/978
f 978/978/978 980/980/980 972/972/972
f 980/980/980 976/976/976 972/972/972
f 976/976/976 980/980/980 981/981/981
f 976/976/976 981/981/981 977/977/977
f 981/981/981 982/982/982 977/977/977
f 981/981/981 980/980/980 982/982/982
f 983/983/983 982/982/982 980/980/980
f 984/984/984 983/983/983 980/980/980
f 984/984/984 980/980/980 979/979/979
f 984/984/984 979/979/979 977/977/977
f 984/984/984 977/977/977 985/985/985
f 985/985/985 977/977/977 982/982/982
f 982/982/982 986/986/986 985/985/985
f 982/982/982 983/983/983 986/986/986
f 986/986/986 983/983/983 987/987/987
f 986/986/986 987/987/987 985/985/985
f 988/988/988 985/985/985 987/987/987
f 987/987/987 989/989/989 988/988/988
f 987/987/987 990/990/990 989/989/989
f 990/990/990 987/987/987 983/983/983
f 991/991/991 990/990/990 983/983/983
f 991/991/991 983/983/983 992/992/992
f 992/992/992 983/983/983 984/984/984
f 992/992/992 984/984/984 985/985/985
f 991/991/991 992/992/992 985/985/985
f 991/991/991 985/985/985 988/988/988
f 993/993/993 991/991/991 988/988/988
f 993/993/993 990/990/990 991/991/991
f 994/994/994 990/990/990 993/993/993
f 994/994/994 993/993/993 988/988/988
f 994/994/994 988/988/988 995/995/995
f 996/996/996 994/994/994 995/995/995
f 996/996/996 997/997/997 994/994/994
f 994/994/994 997/997/997 990/990/990
f 997/997/997 998/998/998 990/990/990
f 990/990/990 998/998/998 989/989/989
f 988/988/988 989/989/989 998/998/998
f 995/995/995 988/988/988 998/998/998
f 999/999/999 995/995/995 998/998/998
f 999/999/999 998/998/998 997/997/997
f 999/999/999 997/997/997 1000/1000/1000
f 999/999/999 1000/1000/1000 995/995/995
f 1000/1000/1000 1001/1001/1001 995/995/995
f 1000/1000/1000 997/997/997 1001/1001/1001
f 1002/1002/1002 1001/1001/1001 997/997/997
f 1003/1003/1003 1002/1002/1002 997/997/997
f 997/997/997 996/996/996 1003/1003/1003
f 995/995/995 1003/1003/1003 996/996/996
f 1004/1004/1004 1003/1003/1003 995/995/995
f 1001/1001/1001 1004/1004/1004 995/995/995
f 1004/1004/1004 1001/1001/1001 1005/1005/1005
f 1001/1001/1001 1002/1002/1002 1005/1005/1005
f 1002/1002/1002 1006/1006/1006 1005/1005/1005
f 1006/1006/1006 1002/1002/1002 1007/1007/1007
f 1002/1002/1002 1008/1008/1008 1007/1007/1007
f 1008/1008/1008 1002/1002/1002 1009/1009/1009
f 1002/1002/1002 1003/1003/1003 1009/1009/1009
f 1003/1003/1003 1004/1004/1004 1009/1009/1009
f 1004/1004/1004 1008/1008/1008 1009/1009/1009
f 1008/1008/1008 1004/1004/1004 1010/1010/1010
f 1005/1005/1005 1010/1010/1010 1004/1004/1004
f 1010/1010/1010 1005/1005/1005 1006/1006/1006
f 1010/1010/1010 1006/1006/1006 1011/1011/1011
f 1011/1011/1011 1008/1008/1008 1010/1010/1010
f 1011/1011/1011 1007/1007/1007 1008/1008/1008
f 1006/1006/1006 1007/1007/1007 1011/1011/1011
f 1012/1012/1012 957/957/957 956/956/956
f 957/957/957 1012/1012/1012 1013/1013/1013
f 1012/1012/1012 1014/1014/1014 1013/1013/1013
f 1014/1014/1014 1015/1015/1015 1013/1013/1013
f 1015/1015/1015 1014/1014/1014 1016/1016/1016
f 1015/1015/1015 1016/1016/1016 1017/1017/1017
f 1018/1018/1018 1017/1017/1017 1016/1016/1016
f 1017/1017/1017 1018/1018/1018 1019/1019/1019
f 1019/1019/1019 1018/1018/1018 1020/1020/1020
f 1019/1019/1019 1020/1020/1020 1021/1021/1021
f 974/974/974 1022/1022/1022 968/968/968
f 974/974/974 966/966/966 1022/1022/1022
f 966/966/966 964/964/964 1022/1022/1022
f 964/964/964 1023/1023/1023 1022/1022/1022
f 1024/1024/1024 1022/1022/1022 1023/1023/1023
f 968/968/968 1022/1022/1022 1024/1024/1024
f 1025/1025/1025 962/962/962 961/961/961
f 962/962/962 1025/1025/1025 1026/1026/1026
f 964/964/964 962/962/962 1026/1026/1026
f 1026/1026/1026 1023/1023/1023 964/964/964
f 1023/1023/1023 1026/1026/1026 1027/1027/1027
f 1028/1028/1028 1027/1027/1027 1026/1026/1026
f 1028/1028/1028 1026/1026/1026 1029/1029/1029
f 1026/1026/1026 1025/1025/1025 1029/1029/1029
f 1029/1029/1029 1025/1025/1025 1030/1030/1030
f 1025/1025/1025 1031/1031/1031 1030/1030/1030
f 961/961/961 1031/1031/1031 1025/1025/1025
f 1031/1031/1031 961/961/961 960/960/960
f 960/960/960 1032/1032/1032 1031/1031/1031
f 1033/1033/1033 1032/1032/1032 960/960/960
f 1033/1033/1033 960/960/960 959/959/959
f 1034/1034/1034 1032/1032/1032 1033/1033/1033
f 1035/1035/1035 1030/1030/1030 1031/1031/1031
f 1035/1035/1035 1036/1036/1036 1030/1030/1030
f 1030/1030/1030 1036/1036/1036 1037/1037/1037
f 1037/1037/1037 1038/1038/1038 1030/1030/1030
f 1038/1038/1038 1039/1039/1039 1030/1030/1030
f 1039/1039/1039 1029/1029/1029 1030/1030/1030
f 1029/1029/1029 1039/1039/1039 1040/1040/1040
f 1041/1041/1041 1040/1040/1040 1039/1039/1039
f 1040/1040/1040 1041/1041/1041 1042/1042/1042
f 1043/1043/1043 1042/1042/1042 1041/1041/1041
f 1042/1042/1042 1043/1043/1043 1044/1044/1044
f 1045/1045/1045 1044/1044/1044 1043/1043/1043
f 1043/1043/1043 1046/1046/1046 1045/1045/1045
f 1041/1041/1041 1046/1046/1046 1043/1043/1043
f 1046/1046/1046 1041/1041/1041 1047/1047/1047
f 1039/1039/1039 1047/1047/1047 1041/1041/1041
f 1047/1047/1047 1039/1039/1039 1048/1048/1048
f 1039/1039/1039 1038/1038/1038 1048/1048/1048
f 1037/1037/1037 1049/1049/1049 1038/1038/1038
f 1050/1050/1050 972/972/972 971/971/971
f 978/978/978 972/972/972 1050/1050/1050
f 978/978/978 1050/1050/1050 970/970/970
f 971/971/971 970/970/970 1050/1050/1050
f 1036/1036/1036 1035/1035/1035 1051/1051/1051
f 1052/1052/1052 935/935/935 940/940/940
f 1052/1052/1052 936/936/936 935/935/935
f 936/936/936 1052/1052/1052 1053/1053/1053
f 940/940/940 1053/1053/1053 1052/1052/1052
f 1054/1054/1054 1053/1053/1053 940/940/940
f 1055/1055/1055 1054/1054/1054 940/940/940
f 1054/1054/1054 1055/1055/1055 1056/1056/1056
f 1055/1055/1055 1057/1057/1057 1056/1056/1056
f 1057/1057/1057 1055/1055/1055 936/936/936
f 1053/1053/1053 1057/1057/1057 936/936/936
f 1057/1057/1057 1053/1053/1053 1058/1058/1058
f 1053/1053/1053 1054/1054/1054 1058/1058/1058
f 1054/1054/1054 1059/1059/1059 1058/1058/1058
f 1059/1059/1059 1057/1057/1057 1058/1058/1058
f 1057/1057/1057 1059/1059/1059 1060/1060/1060
f 1060/1060/1060 1056/1056/1056 1057/1057/1057
f 1056/1056/1056 1060/1060/1060 1061/1061/1061
f 1061/1061/1061 1054/1054/1054 1056/1056/1056
f 1054/1054/1054 1061/1061/1061 1062/1062/1062
f 1059/1059/1059 1054/1054/1054 1062/1062/1062
f 1063/1063/1063 1059/1059/1059 1062/1062/1062
f 1061/1061/1061 1063/1063/1063 1062/1062/1062
f 1060/1060/1060 1063/1063/1063 1061/1061/1061
f 1063/1063/1063 1060/1060/1060 1059/1059/1059
f 1064/1064/1064 1055/1055/1055 940/940/940
f 1064/1064/1064 936/936/936 1055/1055/1055
f 1065/1065/1065 936/936/936 1064/1064/1064
f 1065/1065/1065 1064/1064/1064 940/940/940
f 1065/1065/1065 940/940/940 937/937/937
f 1065/1065/1065 937/937/937 936/936/936
f 913/913/913 1066/1066/1066 912/912/912
f 913/913/913 1067/1067/1067 1066/1066/1066
f 1067/1067/1067 913/913/913 1068/1068/1068
f 1068/1068/1068 1069/1069/1069 1067/1067/1067
f 1070/1070/1070 1067/1067/1067 1069/1069/1069
f 1069/1069/1069 1071/1071/1071 1070/1070/1070
f 1071/1071/1071 1069/1069/1069 1072/1072/1072
f 1072/1072/1072 1073/1073/1073 1071/1071/1071
f 1073/1073/1073 1072/1072/1072 1074/1074/1074
f 1072/1072/1072 1075/1075/1075 1074/1074/1074
f 1075/1075/1075 1072/1072/1072 1069/1069/1069
f 1069/1069/1069 1068/1068/1068 1075/1075/1075
f 1067/1067/1067 1070/1070/1070 1076/1076/1076
f 1077/1077/1077 1067/1067/1067 1076/1076/1076
f 1067/1067/1067 1077/1077/1077 1066/1066/1066
f 1078/1078/1078 1066/1066/1066 1077/1077/1077
f 1078/1078/1078 1077/1077/1077 1079/1079/1079
f 1066/1066/1066 1078/1078/1078 1080/1080/1080
f 1080/1080/1080 1081/1081/1081 1066/1066/1066
f 1081/1081/1081 1080/1080/1080 1082/1082/1082
f 1081/1081/1081 1083/1083/1083 1066/1066/1066
f 912/912/912 1066/1066/1066 1083/1083/1083
f 1084/1084/1084 912/912/912 1083/1083/1083
f 908/908/908 912/912/912 1084/1084/1084
f 907/907/907 908/908/908 1084/1084/1084
f 1084/1084/1084 1085/1085/1085 907/907/907
f 1083/1083/1083 1085/1085/1085 1084/1084/1084
f 1085/1085/1085 1083/1083/1083 1086/1086/1086
f 1087/1087/1087 1085/1085/1085 1086/1086/1086
f 1088/1088/1088 1087/1087/1087 1086/1086/1086
f 1087/1087/1087 1089/1089/1089 1085/1085/1085
f 1089/1089/1089 907/907/907 1085/1085/1085
f 1089/1089/1089 1090/1090/1090 907/907/907
f 907/907/907 1090/1090/1090 906/906/906
f 906/906/906 1090/1090/1090 1091/1091/1091
f 1090/1090/1090 1092/1092/1092 1091/1091/1091
f 1090/1090/1090 1093/1093/1093 1092/1092/1092
f 1093/1093/1093 1090/1090/1090 1094/1094/1094
f 1090/1090/1090 1089/1089/1089 1094/1094/1094
f 1093/1093/1093 1095/1095/1095 1092/1092/1092
f 1095/1095/1095 1093/1093/1093 1096/1096/1096
f 1095/1095/1095 1096/1096/1096 1097/1097/1097
f 1098/1098/1098 1097/1097/1097 1096/1096/1096
f 1097/1097/1097 1098/1098/1098 1099/1099/1099
f 1098/1098/1098 1100/1100/1100 1099/1099/1099
f 1100/1100/1100 1101/1101/1101 1099/1099/1099
f 1101/1101/1101 1100/1100/1100 1102/1102/1102
f 1102/1102/1102 1103/1103/1103 1101/1101/1101
f 1102/1102/1102 1104/1104/1104 1103/1103/1103
f 1105/1105/1105 1107/1107/1107 1106/1106/1106
f 1108/1108/1108 1106/1106/1106 1107/1107/1107
f 1108/1108/1108 1109/1109/1109 1106/1106/1106
f 1109/1109/1109 1108/1108/1108 1110/1110/1110
f 1111/1111/1111 1109/1109/1109 1110/1110/1110
f 1109/1109/1109 1111/1111/1111 1112/1112/1112
f 1113/1113/1113 1109/1109/1109 1112/1112/1112
f 1109/1109/1109 1113/1113/1113 1114/1114/1114
f 1106/1106/1106 1109/1109/1109 1114/1114/1114
f 1106/1106/1106 1114/1114/1114 1105/1105/1105
f 1115/1115/1115 1113/1113/1113 1112/1112/1112
f 1113/1113/1113 1115/1115/1115 1116/1116/1116
f 1117/1117/1117 1116/1116/1116 1115/1115/1115
f 1116/1116/1116 1117/1117/1117 1118/1118/1118
f 1119/1119/1119 1118/1118/1118 1117/1117/1117
f 1118/1118/1118 1119/1119/1119 1120/1120/1120
f 1119/1119/1119 1121/1121/1121 1120/1120/1120
f 1121/1121/1121 1119/1119/1119 1122/1122/1122
f 1123/1123/1123 1121/1121/1121 1122/1122/1122
f 1121/1121/1121 1123/1123/1123 1124/1124/1124
f 1125/1125/1125 1124/1124/1124 1123/1123/1123
f 1123/1123/1123 1126/1126/1126 1125/1125/1125
f 1126/1126/1126 1123/1123/1123 1127/1127/1127
f 1128/1128/1128 1126/1126/1126 1127/1127/1127
f 1126/1126/1126 1128/1128/1128 1129/1129/1129
f 1127/1127/1127 1130/1130/1130 1128/1128/1128
f 1130/1130/1130 1127/1127/1127 1131/1131/1131
f 1123/1123/1123 1131/1131/1131 1127/1127/1127
f 1131/1131/1131 1123/1123/1123 1122/1122/1122
f 1119/1119/1119 1131/1131/1131 1122/1122/1122
f 1131/1131/1131 1119/1119/1119 1132/1132/1132
f 1117/1117/1117 1132/1132/1132 1119/1119/1119
f 1132/1132/1132 1117/1117/1117 1133/1133/1133
f 1133/1133/1133 1134/1134/1134 1132/1132/1132
f 1132/1132/1132 1134/1134/1134 1135/1135/1135
f 1136/1136/1136 1132/1132/1132 1135/1135/1135
f 1136/1136/1136 1137/1137/1137 1132/1132/1132
f 1137/1137/1137 1131/1131/1131 1132/1132/1132
f 1131/1131/1131 1137/1137/1137 1130/1130/1130
f 1138/1138/1138 1112/1112/1112 1111/1111/1111
f 1112/1112/1112 1138/1138/1138 1139/1139/1139
f 1112/1112/1112 1139/1139/1139 1140/1140/1140
f 1112/1112/1112 1140/1140/1140 1115/1115/1115
f 1140/1140/1140 1117/1117/1117 1115/1115/1115
f 1117/1117/1117 1140/1140/1140 1133/1133/1133
f 1133/1133/1133 1140/1140/1140 1141/1141/1141
f 1140/1140/1140 1142/1142/1142 1141/1141/1141
f 1139/1139/1139 1142/1142/1142 1140/1140/1140
f 1142/1142/1142 1139/1139/1139 1143/1143/1143
f 1144/1144/1144 1143/1143/1143 1139/1139/1139
f 1138/1138/1138 1144/1144/1144 1139/1139/1139
f 1145/1145/1145 1136/1136/1136 1135/1135/1135
f 1145/1145/1145 1135/1135/1135 1134/1134/1134
f 1134/1134/1134 1146/1146/1146 1145/1145/1145
f 1145/1145/1145 1146/1146/1146 1147/1147/1147
f 1147/1147/1147 1148/1148/1148 1145/1145/1145
f 1136/1136/1136 1145/1145/1145 1148/1148/1148
f 1148/1148/1148 1147/1147/1147 1149/1149/1149
f 1150/1150/1150 1149/1149/1149 1147/1147/1147
f 1149/1149/1149 1150/1150/1150 1151/1151/1151
f 1152/1152/1152 1151/1151/1151 1150/1150/1150
f 1152/1152/1152 1150/1150/1150 1153/1153/1153
f 1150/1150/1150 1154/1154/1154 1153/1153/1153
f 1154/1154/1154 1150/1150/1150 1147/1147/1147
f 1146/1146/1146 1154/1154/1154 1147/1147/1147
f 1154/1154/1154 1146/1146/1146 1155/1155/1155
f 1146/1146/1146 1156/1156/1156 1155/1155/1155
f 1146/1146/1146 1157/1157/1157 1156/1156/1156
f 1157/1157/1157 1146/1146/1146 1158/1158/1158
f 1158/1158/1158 1146/1146/1146 1134/1134/1134
f 1133/1133/1133 1158/1158/1158 1134/1134/1134
f 1158/1158/1158 1133/1133/1133 1141/1141/1141
f 1141/1141/1141 1159/1159/1159 1158/1158/1158
f 1157/1157/1157 1158/1158/1158 1159/1159/1159
f 1159/1159/1159 1141/1141/1141 1160/1160/1160
f 1160/1160/1160 1141/1141/1141 1142/1142/1142
f 1160/1160/1160 1142/1142/1142 1143/1143/1143
f 1124/1124/1124 1125/1125/1125 1161/1161/1161
f 1162/1162/1162 1164/1164/1164 1163/1163/1163
f 1164/1164/1164 1162/1162/1162 1165/1165/1165
f 1166/1166/1166 1163/1163/1163 1164/1164/1164
f 1163/1163/1163 1166/1166/1166 1167/1167/1167
f 1167/1167/1167 1168/1168/1168 1163/1163/1163
f 1168/1168/1168 1167/1167/1167 1169/1169/1169
f 1170/1170/1170 1169/1169/1169 1167/1167/1167
f 1169/1169/1169 1170/1170/1170 1171/1171/1171
f 1172/1172/1172 1171/1171/1171 1170/1170/1170
f 1171/1171/1171 1172/1172/1172 1173/1173/1173
f 1174/1174/1174 1173/1173/1173 1172/1172/1172
f 1173/1173/1173 1174/1174/1174 1175/1175/1175
f 1174/1174/1174 1176/1176/1176 1175/1175/1175
f 1176/1176/1176 1174/1174/1174 1177/1177/1177
f 1178/1178/1178 1176/1176/1176 1177/1177/1177
f 1176/1176/1176 1178/1178/1178 1179/1179/1179
f 1179/1179/1179 1178/1178/1178 1180/1180/1180
f 1178/1178/1178 1181/1181/1181 1180/1180/1180
f 1181/1181/1181 1182/1182/1182 1180/1180/1180
f 1182/1182/1182 1183/1183/1183 1180/1180/1180
f 1183/1183/1183 1179/1179/1179 1180/1180/1180
f 1181/1181/1181 1178/1178/1178 1184/1184/1184
f 1178/1178/1178 1185/1185/1185 1184/1184/1184
f 1185/1185/1185 1178/1178/1178 1177/1177/1177
f 1177/1177/1177 1186/1186/1186 1185/1185/1185
f 1186/1186/1186 1177/1177/1177 1187/1187/1187
f 1187/1187/1187 1177/1177/1177 1188/1188/1188
f 1177/1177/1177 1174/1174/1174 1188/1188/1188
f 1188/1188/1188 1174/1174/1174 1172/1172/1172
f 1172/1172/1172 1189/1189/1189 1188/1188/1188
f 1190/1190/1190 1189/1189/1189 1172/1172/1172
f 1172/1172/1172 1170/1170/1170 1190/1190/1190
f 1190/1190/1190 1170/1170/1170 1167/1167/1167
f 1190/1190/1190 1167/1167/1167 1166/1166/1166
f 1191/1191/1191 1190/1190/1190 1166/1166/1166
f 1192/1192/1192 1190/1190/1190 1191/1191/1191
f 1190/1190/1190 1192/1192/1192 1193/1193/1193
f 1193/1193/1193 1194/1194/1194 1190/1190/1190
f 1189/1189/1189 1190/1190/1190 1194/1194/1194
f 1195/1195/1195 1189/1189/1189 1194/1194/1194
f 1189/1189/1189 1195/1195/1195 1196/1196/1196
f 1189/1189/1189 1196/1196/1196 1188/1188/1188
f 1188/1188/1188 1196/1196/1196 1197/1197/1197
f 1187/1187/1187 1188/1188/1188 1197/1197/1197
f 1187/1187/1187 1197/1197/1197 1198/1198/1198
f 1199/1199/1199 1187/1187/1187 1198/1198/1198
f 1187/1187/1187 1199/1199/1199 1186/1186/1186
f 1194/1194/1194 1193/1193/1193 1200/1200/1200
f 1192/1192/1192 1200/1200/1200 1193/1193/1193
f 1200/1200/1200 1192/1192/1192 1201/1201/1201
f 1201/1201/1201 1202/1202/1202 1200/1200/1200
f 1202/1202/1202 1201/1201/1201 1203/1203/1203
f 1203/1203/1203 1204/1204/1204 1202/1202/1202
f 1204/1204/1204 1205/1205/1205 1202/1202/1202
f 1205/1205/1205 1204/1204/1204 1206/1206/1206
f 1207/1207/1207 1206/1206/1206 1204/1204/1204
f 1207/1207/1207 1204/1204/1204 1208/1208/1208
f 1204/1204/1204 1203/1203/1203 1208/1208/1208
f 1194/1194/1194 1209/1209/1209 1195/1195/1195
f 1200/1200/1200 1209/1209/1209 1194/1194/1194
f 1202/1202/1202 1209/1209/1209 1200/1200/1200
f 1205/1205/1205 1209/1209/1209 1202/1202/1202
f 1209/1209/1209 1205/1205/1205 1210/1210/1210
f 1209/1209/1209 1210/1210/1210 1211/1211/1211
f 1212/1212/1212 1209/1209/1209 1211/1211/1211
f 1209/1209/1209 1212/1212/1212 1195/1195/1195
f 1195/1195/1195 1212/1212/1212 1213/1213/1213
f 1213/1213/1213 1196/1196/1196 1195/1195/1195
f 1196/1196/1196 1213/1213/1213 1214/1214/1214
f 1196/1196/1196 1214/1214/1214 1197/1197/1197
f 1197/1197/1197 1214/1214/1214 1198/1198/1198
f 1163/1163/1163 1215/1215/1215 1162/1162/1162
f 1215/1215/1215 1163/1163/1163 1168/1168/1168
f 1216/1216/1216 1218/1218/1218 1217/1217/1217
f 1218/1218/1218 1216/1216/1216 1219/1219/1219
f 1216/1216/1216 1220/1220/1220 1219/1219/1219
f 1220/1220/1220 1216/1216/1216 1221/1221/1221
f 1221/1221/1221 1222/1222/1222 1220/1220/1220
f 1222/1222/1222 1223/1223/1223 1220/1220/1220
f 1223/1223/1223 1222/1222/1222 1224/1224/1224
f 1225/1225/1225 1223/1223/1223 1224/1224/1224
f 1223/1223/1223 1225/1225/1225 1226/1226/1226
f 1226/1226/1226 1225/1225/1225 1227/1227/1227
f 1228/1228/1228 1226/1226/1226 1227/1227/1227
f 1228/1228/1228 1229/1229/1229 1226/1226/1226
f 1230/1230/1230 1226/1226/1226 1229/1229/1229
f 1226/1226/1226 1230/1230/1230 1231/1231/1231
f 1231/1231/1231 1223/1223/1223 1226/1226/1226
f 1223/1223/1223 1231/1231/1231 1232/1232/1232
f 1232/1232/1232 1220/1220/1220 1223/1223/1223
f 1233/1233/1233 1232/1232/1232 1231/1231/1231
f 1233/1233/1233 1231/1231/1231 1234/1234/1234
f 1234/1234/1234 1231/1231/1231 1235/1235/1235
f 1231/1231/1231 1230/1230/1230 1235/1235/1235
f 1236/1236/1236 1235/1235/1235 1230/1230/1230
f 1237/1237/1237 1235/1235/1235 1236/1236/1236
f 1238/1238/1238 1235/1235/1235 1237/1237/1237
f 1238/1238/1238 1234/1234/1234 1235/1235/1235
f 1234/1234/1234 1238/1238/1238 1239/1239/1239
f 1237/1237/1237 1239/1239/1239 1238/1238/1238
f 1240/1240/1240 1239/1239/1239 1237/1237/1237
f 1239/1239/1239 1240/1240/1240 1241/1241/1241
f 1239/1239/1239 1241/1241/1241 1242/1242/1242
f 1242/1242/1242 1234/1234/1234 1239/1239/1239
f 1242/1242/1242 1243/1243/1243 1234/1234/1234
f 1243/1243/1243 1242/1242/1242 1244/1244/1244
f 1244/1244/1244 1237/1237/1237 1243/1243/1243
f 1237/1237/1237 1244/1244/1244 1240/1240/1240
f 1245/1245/1245 1240/1240/1240 1244/1244/1244
f 1244/1244/1244 1242/1242/1242 1245/1245/1245
f 1246/1246/1246 1245/1245/1245 1242/1242/1242
f 1246/1246/1246 1240/1240/1240 1245/1245/1245
f 1246/1246/1246 1247/1247/1247 1240/1240/1240
f 1248/1248/1248 1247/1247/1247 1246/1246/1246
f 1249/1249/1249 1247/1247/1247 1248/1248/1248
f 1249/1249/1249 1248/1248/1248 1250/1250/1250
f 1248/1248/1248 1246/1246/1246 1250/1250/1250
f 1246/1246/1246 1242/1242/1242 1250/1250/1250
f 1250/1250/1250 1242/1242/1242 1251/1251/1251
f 1242/1242/1242 1241/1241/1241 1251/1251/1251
f 1240/1240/1240 1251/1251/1251 1241/1241/1241
f 1247/1247/1247 1251/1251/1251 1240/1240/1240
f 1251/1251/1251 1247/1247/1247 1252/1252/1252
f 1251/1251/1251 1252/1252/1252 1250/1250/1250
f 1252/1252/1252 1253/1253/1253 1250/1250/1250
f 1252/1252/1252 1247/1247/1247 1253/1253/1253
f 1254/1254/1254 1253/1253/1253 1247/1247/1247
f 1249/1249/1249 1254/1254/1254 1247/1247/1247
f 1255/1255/1255 1254/1254/1254 1249/1249/1249
f 1256/1256/1256 1254/1254/1254 1255/1255/1255
f 1256/1256/1256 1257/1257/1257 1254/1254/1254
f 1258/1258/1258 1257/1257/1257 1256/1256/1256
f 1258/1258/1258 1256/1256/1256 1259/1259/1259
f 1256/1256/1256 1260/1260/1260 1259/1259/1259
f 1256/1256/1256 1255/1255/1255 1260/1260/1260
f 1255/1255/1255 1249/1249/1249 1260/1260/1260
f 1249/1249/1249 1250/1250/1250 1260/1260/1260
f 1260/1260/1260 1250/1250/1250 1253/1253/1253
f 1253/1253/1253 1261/1261/1261 1260/1260/1260
f 1253/1253/1253 1254/1254/1254 1261/1261/1261
f 1261/1261/1261 1254/1254/1254 1262/1262/1262
f 1261/1261/1261 1262/1262/1262 1260/1260/1260
f 1259/1259/1259 1260/1260/1260 1262/1262/1262
f 1262/1262/1262 1263/1263/1263 1259/1259/1259
f 1262/1262/1262 1257/1257/1257 1263/1263/1263
f 1257/1257/1257 1262/1262/1262 1254/1254/1254
f 1257/1257/1257 1264/1264/1264 1263/1263/1263
f 1259/1259/1259 1263/1263/1263 1264/1264/1264
f 1265/1265/1265 1259/1259/1259 1264/1264/1264
f 1266/1266/1266 1259/1259/1259 1265/1265/1265
f 1266/1266/1266 1258/1258/1258 1259/1259/1259
f 1266/1266/1266 1257/1257/1257 1258/1258/1258
f 1266/1266/1266 1267/1267/1267 1257/1257/1257
f 1267/1267/1267 1264/1264/1264 1257/1257/1257
f 1268/1268/1268 1264/1264/1264 1267/1267/1267
f 1268/1268/1268 1265/1265/1265 1264/1264/1264
f 1268/1268/1268 1269/1269/1269 1265/1265/1265
f 1268/1268/1268 1267/1267/1267 1269/1269/1269
f 1269/1269/1269 1267/1267/1267 1270/1270/1270
f 1269/1269/1269 1270/1270/1270 1265/1265/1265
f 1270/1270/1270 1271/1271/1271 1265/1265/1265
f 1271/1271/1271 1270/1270/1270 1272/1272/1272
f 1272/1272/1272 1273/1273/1273 1271/1271/1271
f 1274/1274/1274 1271/1271/1271 1273/1273/1273
f 1271/1271/1271 1274/1274/1274 1275/1275/1275
f 1276/1276/1276 1271/1271/1271 1275/1275/1275
f 1271/1271/1271 1276/1276/1276 1265/1265/1265
f 1265/1265/1265 1276/1276/1276 1277/1277/1277
f 1267/1267/1267 1277/1277/1277 1276/1276/1276
f 1277/1277/1277 1267/1267/1267 1266/1266/1266
f 1277/1277/1277 1266/1266/1266 1265/1265/1265
f 1217/1217/1217 1218/1218/1218 1278/1278/1278
f 1278/1278/1278 1279/1279/1279 1217/1217/1217
f 1217/1217/1217 1279/1279/1279 1280/1280/1280
f 1279/1279/1279 1281/1281/1281 1280/1280/1280
f 1279/1279/1279 1282/1282/1282 1281/1281/1281
f 1282/1282/1282 1279/1279/1279 1283/1283/1283
f 1279/1279/1279 1284/1284/1284 1283/1283/1283
f 1284/1284/1284 1279/1279/1279 1278/1278/1278
f 1284/1284/1284 1278/1278/1278 1285/1285/1285
f 1286/1286/1286 1285/1285/1285 1278/1278/1278
f 1278/1278/1278 1287/1287/1287 1286/1286/1286
f 1287/1287/1287 1278/1278/1278 1218/1218/1218
f 1288/1288/1288 1287/1287/1287 1218/1218/1218
f 1289/1289/1289 1287/1287/1287 1288/1288/1288
f 1290/1290/1290 1289/1289/1289 1288/1288/1288
f 1290/1290/1290 1291/1291/1291 1289/1289/1289
f 1292/1292/1292 1291/1291/1291 1290/1290/1290
f 1292/1292/1292 1290/1290/1290 1293/1293/1293
f 1294/1294/1294 1292/1292/1292 1293/1293/1293
f 1291/1291/1291 1292/1292/1292 1294/1294/1294
f 1294/1294/1294 1295/1295/1295 1291/1291/1291
f 1295/1295/1295 1294/1294/1294 1296/1296/1296
f 1293/1293/1293 1296/1296/1296 1294/1294/1294
f 1296/1296/1296 1293/1293/1293 1297/1297/1297
f 1297/1297/1297 1293/1293/1293 1298/1298/1298
f 1293/1293/1293 1299/1299/1299 1298/1298/1298
f 1291/1291/1291 1298/1298/1298 1299/1299/1299
f 1295/1295/1295 1298/1298/1298 1291/1291/1291
f 1298/1298/1298 1295/1295/1295 1300/1300/1300
f 1298/1298/1298 1300/1300/1300 1297/1297/1297
f 1297/1297/1297 1300/1300/1300 1301/1301/1301
f 1295/1295/1295 1301/1301/1301 1300/1300/1300
f 1302/1302/1302 1301/1301/1301 1295/1295/1295
f 1301/1301/1301 1302/1302/1302 1303/1303/1303
f 1301/1301/1301 1303/1303/1303 1304/1304/1304
f 1304/1304/1304 1297/1297/1297 1301/1301/1301
f 1305/1305/1305 1297/1297/1297 1304/1304/1304
f 1305/1305/1305 1306/1306/1306 1297/1297/1297
f 1306/1306/1306 1296/1296/1296 1297/1297/1297
f 1296/1296/1296 1306/1306/1306 1295/1295/1295
f 1305/1305/1305 1295/1295/1295 1306/1306/1306
f 1305/1305/1305 1302/1302/1302 1295/1295/1295
f 1307/1307/1307 1302/1302/1302 1305/1305/1305
f 1307/1307/1307 1305/1305/1305 1304/1304/1304
f 1308/1308/1308 1307/1307/1307 1304/1304/1304
f 1308/1308/1308 1302/1302/1302 1307/1307/1307
f 1308/1308/1308 1309/1309/1309 1302/1302/1302
f 1309/1309/1309 1310/1310/1310 1302/1302/1302
f 1303/1303/1303 1302/1302/1302 1310/1310/1310
f 1303/1303/1303 1310/1310/1310 1304/1304/1304
f 1311/1311/1311 1304/1304/1304 1310/1310/1310
f 1308/1308/1308 1304/1304/1304 1311/1311/1311
f 1312/1312/1312 1308/1308/1308 1311/1311/1311
f 1312/1312/1312 1309/1309/1309 1308/1308/1308
f 1313/1313/1313 1309/1309/1309 1312/1312/1312
f 1313/1313/1313 1312/1312/1312 1311/1311/1311
f 1313/1313/1313 1311/1311/1311 1314/1314/1314
f 1314/1314/1314 1311/1311/1311 1315/1315/1315
f 1316/1316/1316 1315/1315/1315 1311/1311/1311
f 1310/1310/1310 1316/1316/1316 1311/1311/1311
f 1310/1310/1310 1309/1309/1309 1316/1316/1316
f 1316/1316/1316 1309/1309/1309 1315/1315/1315
f 1317/1317/1317 1315/1315/1315 1309/1309/1309
f 1313/1313/1313 1317/1317/1317 1309/1309/1309
f 1318/1318/1318 1317/1317/1317 1313/1313/1313
f 1318/1318/1318 1313/1313/1313 1314/1314/1314
f 1319/1319/1319 1318/1318/1318 1314/1314/1314
f 1319/1319/1319 1317/1317/1317 1318/1318/1318
f 1319/1319/1319 1320/1320/1320 1317/1317/1317
f 1320/1320/1320 1321/1321/1321 1317/1317/1317
f 1317/1317/1317 1321/1321/1321 1322/1322/1322
f 1314/1314/1314 1322/1322/1322 1321/1321/1321
f 1315/1315/1315 1322/1322/1322 1314/1314/1314
f 1315/1315/1315 1317/1317/1317 1322/1322/1322
f 1282/1282/1282 1323/1323/1323 1281/1281/1281
f 1323/1323/1323 1282/1282/1282 1324/1324/1324
f 1323/1323/1323 1324/1324/1324 1325/1325/1325
f 1326/1326/1326 1325/1325/1325 1324/1324/1324
f 1325/1325/1325 1326/1326/1326 1327/1327/1327
f 1326/1326/1326 1328/1328/1328 1327/1327/1327
f 1328/1328/1328 1329/1329/1329 1327/1327/1327
f 1329/1329/1329 1328/1328/1328 1330/1330/1330
f 1330/1330/1330 1331/1331/1331 1329/1329/1329
f 1330/1330/1330 1332/1332/1332 1331/1331/1331
f 1299/1299/1299 1293/1293/1293 1333/1333/1333
f 1299/1299/1299 1333/1333/1333 1291/1291/1291
f 1291/1291/1291 1333/1333/1333 1289/1289/1289
f 1289/1289/1289 1333/1333/1333 1334/1334/1334
f 1335/1335/1335 1334/1334/1334 1333/1333/1333
f 1293/1293/1293 1335/1335/1335 1333/1333/1333
f 1336/1336/1336 1285/1285/1285 1286/1286/1286
f 1286/1286/1286 1337/1337/1337 1336/1336/1336
f 1287/1287/1287 1337/1337/1337 1286/1286/1286
f 1337/1337/1337 1287/1287/1287 1338/1338/1338
f 1287/1287/1287 1289/1289/1289 1338/1338/1338
f 1334/1334/1334 1338/1338/1338 1289/1289/1289
f 1338/1338/1338 1334/1334/1334 1339/1339/1339
f 1340/1340/1340 1338/1338/1338 1339/1339/1339
f 1340/1340/1340 1341/1341/1341 1338/1338/1338
f 1338/1338/1338 1341/1341/1341 1337/1337/1337
f 1341/1341/1341 1342/1342/1342 1337/1337/1337
f 1337/1337/1337 1342/1342/1342 1336/1336/1336
f 1343/1343/1343 1336/1336/1336 1342/1342/1342
f 1344/1344/1344 1343/1343/1343 1342/1342/1342
f 1342/1342/1342 1345/1345/1345 1344/1344/1344
f 1345/1345/1345 1342/1342/1342 1346/1346/1346
f 1347/1347/1347 1346/1346/1346 1342/1342/1342
f 1341/1341/1341 1347/1347/1347 1342/1342/1342
f 1347/1347/1347 1341/1341/1341 1348/1348/1348
f 1348/1348/1348 1349/1349/1349 1347/1347/1347
f 1349/1349/1349 1348/1348/1348 1350/1350/1350
f 1350/1350/1350 1351/1351/1351 1349/1349/1349
f 1351/1351/1351 1350/1350/1350 1352/1352/1352
f 1353/1353/1353 1351/1351/1351 1352/1352/1352
f 1351/1351/1351 1353/1353/1353 1354/1354/1354
f 1354/1354/1354 1349/1349/1349 1351/1351/1351
f 1349/1349/1349 1354/1354/1354 1355/1355/1355
f 1355/1355/1355 1347/1347/1347 1349/1349/1349
f 1347/1347/1347 1355/1355/1355 1356/1356/1356
f 1346/1346/1346 1347/1347/1347 1356/1356/1356
f 1345/1345/1345 1346/1346/1346 1357/1357/1357
f 1358/1358/1358 1284/1284/1284 1285/1285/1285
f 1358/1358/1358 1285/1285/1285 1359/1359/1359
f 1285/1285/1285 1336/1336/1336 1359/1359/1359
f 1360/1360/1360 1358/1358/1358 1359/1359/1359
f 1343/1343/1343 1344/1344/1344 1361/1361/1361
f 1319/1319/1319 1314/1314/1314 1362/1362/1362
f 1362/1362/1362 1314/1314/1314 1321/1321/1321
f 1363/1363/1363 1362/1362/1362 1321/1321/1321
f 1363/1363/1363 1321/1321/1321 1320/1320/1320
f 1363/1363/1363 1320/1320/1320 1364/1364/1364
f 1363/1363/1363 1364/1364/1364 1362/1362/1362
f 1364/1364/1364 1365/1365/1365 1362/1362/1362
f 1364/1364/1364 1320/1320/1320 1365/1365/1365
f 1366/1366/1366 1365/1365/1365 1320/1320/1320
f 1365/1365/1365 1366/1366/1366 1367/1367/1367
f 1368/1368/1368 1365/1365/1365 1367/1367/1367
f 1365/1365/1365 1368/1368/1368 1362/1362/1362
f 1368/1368/1368 1369/1369/1369 1362/1362/1362
f 1362/1362/1362 1369/1369/1369 1370/1370/1370
f 1370/1370/1370 1319/1319/1319 1362/1362/1362
f 1370/1370/1370 1320/1320/1320 1319/1319/1319
f 1320/1320/1320 1370/1370/1370 1369/1369/1369
f 1369/1369/1369 1366/1366/1366 1320/1320/1320
f 1366/1366/1366 1369/1369/1369 1371/1371/1371
f 1369/1369/1369 1368/1368/1368 1371/1371/1371
f 1368/1368/1368 1372/1372/1372 1371/1371/1371
f 1372/1372/1372 1366/1366/1366 1371/1371/1371
f 1366/1366/1366 1372/1372/1372 1373/1373/1373
f 1373/1373/1373 1367/1367/1367 1366/1366/1366
f 1367/1367/1367 1373/1373/1373 1374/1374/1374
f 1374/1374/1374 1368/1368/1368 1367/1367/1367
f 1368/1368/1368 1374/1374/1374 1375/1375/1375
f 1372/1372/1372 1368/1368/1368 1375/1375/1375
f 1376/1376/1376 1372/1372/1372 1375/1375/1375
f 1374/1374/1374 1376/1376/1376 1375/1375/1375
f 1373/1373/1373 1376/1376/1376 1374/1374/1374
f 1376/1376/1376 1373/1373/1373 1372/1372/1372
f 1273/1273/1273 1272/1272/1272 1377/1377/1377
f 1273/1273/1273 1377/1377/1377 1378/1378/1378
f 1378/1378/1378 1274/1274/1274 1273/1273/1273
f 1378/1378/1378 1379/1379/1379 1274/1274/1274
f 1377/1377/1377 1379/1379/1379 1378/1378/1378
f 1377/1377/1377 1380/1380/1380 1379/1379/1379
f 1380/1380/1380 1274/1274/1274 1379/1379/1379
f 1274/1274/1274 1380/1380/1380 1275/1275/1275
f 1380/1380/1380 1276/1276/1276 1275/1275/1275
f 1276/1276/1276 1380/1380/1380 1267/1267/1267
f 1380/1380/1380 1270/1270/1270 1267/1267/1267
f 1270/1270/1270 1380/1380/1380 1272/1272/1272
f 1380/1380/1380 1377/1377/1377 1272/1272/1272
f 1234/1234/1234 1243/1243/1243 1381/1381/1381
f 1381/1381/1381 1233/1233/1233 1234/1234/1234
f 1381/1381/1381 1237/1237/1237 1233/1233/1233
f 1243/1243/1243 1237/1237/1237 1381/1381/1381
f 1227/1227/1227 1225/1225/1225 1382/1382/1382
f 1383/1383/1383 1227/1227/1227 1382/1382/1382
f 1384/1384/1384 1383/1383/1383 1382/1382/1382
f 1385/1385/1385 1384/1384/1384 1382/1382/1382
f 1385/1385/1385 1386/1386/1386 1384/1384/1384
f 1382/1382/1382 1387/1387/1387 1385/1385/1385
f 1388/1388/1388 1387/1387/1387 1382/1382/1382
f 1387/1387/1387 1388/1388/1388 1389/1389/1389
f 1388/1388/1388 1382/1382/1382 1390/1390/1390
f 1225/1225/1225 1390/1390/1390 1382/1382/1382
f 1224/1224/1224 1390/1390/1390 1225/1225/1225
f 1390/1390/1390 1224/1224/1224 1391/1391/1391
f 1224/1224/1224 1222/1222/1222 1391/1391/1391
f 1392/1392/1392 1391/1391/1391 1222/1222/1222
f 1393/1393/1393 1391/1391/1391 1392/1392/1392
f 1393/1393/1393 1394/1394/1394 1391/1391/1391
f 1391/1391/1391 1394/1394/1394 1390/1390/1390
f 1395/1395/1395 1394/1394/1394 1393/1393/1393
f 1383/1383/1383 1384/1384/1384 1396/1396/1396
f 1397/1397/1397 1383/1383/1383 1396/1396/1396
f 1383/1383/1383 1397/1397/1397 1398/1398/1398
f 1398/1398/1398 1399/1399/1399 1383/1383/1383
f 1227/1227/1227 1383/1383/1383 1399/1399/1399
f 1399/1399/1399 1398/1398/1398 1400/1400/1400
f 1401/1401/1401 1400/1400/1400 1398/1398/1398
f 1400/1400/1400 1401/1401/1401 1402/1402/1402
f 1403/1403/1403 1402/1402/1402 1401/1401/1401
f 1401/1401/1401 1404/1404/1404 1403/1403/1403
f 1398/1398/1398 1404/1404/1404 1401/1401/1401
f 1404/1404/1404 1398/1398/1398 1397/1397/1397
f 1405/1405/1405 1392/1392/1392 1222/1222/1222
f 1222/1222/1222 1221/1221/1221 1405/1405/1405
f 1221/1221/1221 1406/1406/1406 1405/1405/1405
f 1405/1405/1405 1406/1406/1406 1407/1407/1407
f 1408/1408/1408 1405/1405/1405 1407/1407/1407
f 1405/1405/1405 1408/1408/1408 1409/1409/1409
f 1392/1392/1392 1405/1405/1405 1409/1409/1409
f 1410/1410/1410 1408/1408/1408 1407/1407/1407
f 1408/1408/1408 1410/1410/1410 1411/1411/1411
f 1410/1410/1410 1412/1412/1412 1411/1411/1411
f 1412/1412/1412 1413/1413/1413 1411/1411/1411
f 1413/1413/1413 1412/1412/1412 1414/1414/1414
f 1413/1413/1413 1414/1414/1414 1415/1415/1415
f 1416/1416/1416 1415/1415/1415 1414/1414/1414
f 1415/1415/1415 1416/1416/1416 1417/1417/1417
f 1417/1417/1417 1416/1416/1416 1418/1418/1418
f 1417/1417/1417 1418/1418/1418 1419/1419/1419
f 1420/1420/1420 1422/1422/1422 1421/1421/1421
f 1422/1422/1422 1423/1423/1423 1421/1421/1421
f 1423/1423/1423 1422/1422/1422 1424/1424/1424
f 1424/1424/1424 1425/1425/1425 1423/1423/1423
f 1425/1425/1425 1424/1424/1424 1426/1426/1426
f 1426/1426/1426 1427/1427/1427 1425/1425/1425
f 1427/1427/1427 1426/1426/1426 1428/1428/1428
f 1428/1428/1428 1429/1429/1429 1427/1427/1427
f 1429/1429/1429 1428/1428/1428 1430/1430/1430
f 1430/1430/1430 1431/1431/1431 1429/1429/1429
f 1431/1431/1431 1430/1430/1430 1432/1432/1432
f 1432/1432/1432 1433/1433/1433 1431/1431/1431
f 1434/1434/1434 1436/1436/1436 1435/1435/1435
f 1437/1437/1437 1435/1435/1435 1436/1436/1436
f 1435/1435/1435 1437/1437/1437 1438/1438/1438
f 1437/1437/1437 1439/1439/1439 1438/1438/1438
f 1439/1439/1439 1437/1437/1437 1440/1440/1440
f 1437/1437/1437 1441/1441/1441 1440/1440/1440
f 1441/1441/1441 1442/1442/1442 1440/1440/1440
f 1442/1442/1442 1439/1439/1439 1440/1440/1440
f 1439/1439/1439 1442/1442/1442 1443/1443/1443
f 1444/1444/1444 1443/1443/1443 1442/1442/1442
f 1445/1445/1445 1444/1444/1444 1442/1442/1442
f 1442/1442/1442 1441/1441/1441 1445/1445/1445
f 1444/1444/1444 1445/1445/1445 1446/1446/1446
f 1444/1444/1444 1446/1446/1446 1447/1447/1447
f 1448/1448/1448 1444/1444/1444 1447/1447/1447
f 1444/1444/1444 1448/1448/1448 1449/1449/1449
f 1449/1449/1449 1450/1450/1450 1444/1444/1444
f 1443/1443/1443 1444/1444/1444 1450/1450/1450
f 1450/1450/1450 1449/1449/1449 1451/1451/1451
f 1452/1452/1452 1451/1451/1451 1449/1449/1449
f 1451/1451/1451 1452/1452/1452 1453/1453/1453
f 1454/1454/1454 1453/1453/1453 1452/1452/1452
f 1452/1452/1452 1455/1455/1455 1454/1454/1454
f 1452/1452/1452 1456/1456/1456 1455/1455/1455
f 1449/1449/1449 1456/1456/1456 1452/1452/1452
f 1456/1456/1456 1449/1449/1449 1448/1448/1448
f 1457/1457/1457 1454/1454/1454 1455/1455/1455
f 1454/1454/1454 1457/1457/1457 1458/1458/1458
f 1457/1457/1457 1459/1459/1459 1458/1458/1458
f 1459/1459/1459 1457/1457/1457 1460/1460/1460
f 1460/1460/1460 1461/1461/1461 1459/1459/1459
f 1461/1461/1461 1460/1460/1460 1462/1462/1462
f 1463/1463/1463 1461/1461/1461 1462/1462/1462
f 1464/1464/1464 1466/1466/1466 1465/1465/1465
f 1467/1467/1467 1465/1465/1465 1466/1466/1466
f 1465/1465/1465 1467/1467/1467 1468/1468/1468
f 1469/1469/1469 1468/1468/1468 1467/1467/1467
f 1468/1468/1468 1469/1469/1469 1470/1470/1470
f 1470/1470/1470 1469/1469/1469 1471/1471/1471
f 1472/1472/1472 1471/1471/1471 1469/1469/1469
f 1471/1471/1471 1472/1472/1472 1473/1473/1473
f 1474/1474/1474 1473/1473/1473 1472/1472/1472
f 1475/1475/1475 1474/1474/1474 1472/1472/1472
f 1474/1474/1474 1475/1475/1475 1476/1476/1476
f 1476/1476/1476 1475/1475/1475 1477/1477/1477
f 1475/1475/1475 1478/1478/1478 1477/1477/1477
f 1478/1478/1478 1479/1479/1479 1477/1477/1477
f 1480/1480/1480 1479/1479/1479 1478/1478/1478
f 1481/1481/1481 1483/1483/1483 1482/1482/1482
f 1484/1484/1484 1482/1482/1482 1483/1483/1483
f 1482/1482/1482 1484/1484/1484 1485/1485/1485
f 1486/1486/1486 1485/1485/1485 1484/1484/1484
f 1485/1485/1485 1486/1486/1486 1487/1487/1487
f 1486/1486/1486 1488/1488/1488 1487/1487/1487
f 1486/1486/1486 1489/1489/1489 1488/1488/1488
f 1489/1489/1489 1486/1486/1486 1490/1490/1490
f 1491/1491/1491 1489/1489/1489 1490/1490/1490
f 1489/1489/1489 1491/1491/1491 1492/1492/1492
f 1492/1492/1492 1491/1491/1491 1493/1493/1493
f 1494/1494/1494 1493/1493/1493 1491/1491/1491
f 1494/1494/1494 1495/1495/1495 1493/1493/1493
f 1494/1494/1494 1496/1496/1496 1495/1495/1495
f 1496/1496/1496 1494/1494/1494 1497/1497/1497
f 1497/1497/1497 1498/1498/1498 1496/1496/1496
f 1498/1498/1498 1497/1497/1497 1499/1499/1499
f 1500/1500/1500 1499/1499/1499 1497/1497/1497
f 1501/1501/1501 1500/1500/1500 1497/1497/1497
f 1500/1500/1500 1502/1502/1502 1499/1499/1499
f 1502/1502/1502 1500/1500/1500 1503/1503/1503
f 1503/1503/1503 1504/1504/1504 1502/1502/1502
f 1505/1505/1505 1502/1502/1502 1504/1504/1504
f 1505/1505/1505 1506/1506/1506 1502/1502/1502
f 1506/1506/1506 1499/1499/1499 1502/1502/1502
f 1499/1499/1499 1506/1506/1506 1498/1498/1498
f 1507/1507/1507 1509/1509/1509 1508/1508/1508
f 1510/1510/1510 1508/1508/1508 1509/1509/1509
f 1508/1508/1508 1510/1510/1510 1511/1511/1511
f 1512/1512/1512 1511/1511/1511 1510/1510/1510
f 1511/1511/1511 1512/1512/1512 1513/1513/1513
f 1514/1514/1514 1513/1513/1513 1512/1512/1512
f 1513/1513/1513 1514/1514/1514 1515/1515/1515
f 1516/1516/1516 1515/1515/1515 1514/1514/1514
f 1515/1515/1515 1516/1516/1516 1517/1517/1517
f 1517/1517/1517 1516/1516/1516 1518/1518/1518
f 1518/1518/1518 1519/1519/1519 1517/1517/1517
f 1519/1519/1519 1518/1518/1518 1520/1520/1520
f 1521/1521/1521 1523/1523/1523 1522/1522/1522
f 1523/1523/1523 1524/1524/1524 1522/1522/1522
f 1524/1524/1524 1523/1523/1523 1525/1525/1525
f 1526/1526/1526 1524/1524/1524 1525/1525/1525
f 1524/1524/1524 1526/1526/1526 1527/1527/1527
f 1524/1524/1524 1527/1527/1527 1528/1528/1528
f 1529/1529/1529 1528/1528/1528 1527/1527/1527
f 1526/1526/1526 1529/1529/1529 1527/1527/1527
f 1529/1529/1529 1526/1526/1526 1530/1530/1530
f 1530/1530/1530 1531/1531/1531 1529/1529/1529
f 1531/1531/1531 1532/1532/1532 1529/1529/1529
f 1528/1528/1528 1529/1529/1529 1532/1532/1532
f 1532/1532/1532 1531/1531/1531 1533/1533/1533
f 1531/1531/1531 1534/1534/1534 1533/1533/1533
f 1531/1531/1531 1535/1535/1535 1534/1534/1534
f 1535/1535/1535 1531/1531/1531 1536/1536/1536
f 1537/1537/1537 1536/1536/1536 1531/1531/1531
f 1531/1531/1531 1530/1530/1530 1537/1537/1537
f 1536/1536/1536 1537/1537/1537 1538/1538/1538
f 1538/1538/1538 1539/1539/1539 1536/1536/1536
f 1540/1540/1540 1536/1536/1536 1539/1539/1539
f 1536/1536/1536 1540/1540/1540 1535/1535/1535
f 1539/1539/1539 1541/1541/1541 1540/1540/1540
f 1539/1539/1539 1542/1542/1542 1541/1541/1541
f 1542/1542/1542 1539/1539/1539 1543/1543/1543
f 1539/1539/1539 1538/1538/1538 1543/1543/1543
f 1542/1542/1542 1544/1544/1544 1541/1541/1541
f 1544/1544/1544 1542/1542/1542 1545/1545/1545
f 1546/1546/1546 1544/1544/1544 1545/1545/1545
f 1544/1544/1544 1546/1546/1546 1547/1547/1547
f 1548/1548/1548 1547/1547/1547 1546/1546/1546
f 1547/1547/1547 1548/1548/1548 1549/1549/1549
f 1550/1550/1550 1549/1549/1549 1548/1548/1548
f 1551/1551/1551 1553/1553/1553 1552/1552/1552
f 1553/1553/1553 1554/1554/1554 1552/1552/1552
f 1554/1554/1554 1553/1553/1553 1555/1555/1555
f 1555/1555/1555 1556/1556/1556 1554/1554/1554
f 1556/1556/1556 1555/1555/1555 1557/1557/1557
f 1557/1557/1557 1558/1558/1558 1556/1556/1556
f 1558/1558/1558 1559/1559/1559 1556/1556/1556
f 1559/1559/1559 1558/1558/1558 1560/1560/1560
f 1561/1561/1561 1559/1559/1559 1560/1560/1560
f 1561/1561/1561 1562/1562/1562 1559/1559/1559
f 1562/1562/1562 1561/1561/1561 1563/1563/1563
f 1563/1563/1563 1564/1564/1564 1562/1562/1562
f 1562/1562/1562 1564/1564/1564 1565/1565/1565
f 1565/1565/1565 1564/1564/1564 1566/1566/1566
f 1567/1567/1567 1565/1565/1565 1566/1566/1566
f 1568/1568/1568 1570/1570/1570 1569/1569/1569
f 1570/1570/1570 1571/1571/1571 1569/1569/1569
f 1571/1571/1571 1570/1570/1570 1572/1572/1572
f 1572/1572/1572 1573/1573/1573 1571/1571/1571
f 1573/1573/1573 1572/1572/1572 1574/1574/1574
f 1573/1573/1573 1574/1574/1574 1575/1575/1575
f 1576/1576/1576 1573/1573/1573 1575/1575/1575
f 1573/1573/1573 1576/1576/1576 1577/1577/1577
f 1576/1576/1576 1578/1578/1578 1577/1577/1577
f 1578/1578/1578 1576/1576/1576 1579/1579/1579
f 1579/1579/1579 1580/1580/1580 1578/1578/1578
f 1581/1581/1581 1578/1578/1578 1580/1580/1580
f 1581/1581/1581 1580/1580/1580 1582/1582/1582
f 1583/1583/1583 1581/1581/1581 1582/1582/1582
f 1581/1581/1581 1583/1583/1583 1584/1584/1584
f 1585/1585/1585 1584/1584/1584 1583/1583/1583
f 1584/1584/1584 1585/1585/1585 1586/1586/1586
f 1587/1587/1587 1584/1584/1584 1586/1586/1586
f 1588/1588/1588 1584/1584/1584 1587/1587/1587
f 1587/1587/1587 1586/1586/1586 1589/1589/1589
f 1589/1589/1589 1590/1590/1590 1587/1587/1587
f 1590/1590/1590 1589/1589/1589 1591/1591/1591
f 1592/1592/1592 1591/1591/1591 1589/1589/1589
f 1592/1592/1592 1589/1589/1589 1593/1593/1593
f 1586/1586/1586 1593/1593/1593 1589/1589/1589
f 1593/1593/1593 1586/1586/1586 1585/1585/1585
f 1594/1594/1594 1596/1596/1596 1595/1595/1595
f 1597/1597/1597 1599/1599/1599 1598/1598/1598
f 1600/1600/1600 1602/1602/1602 1601/1601/1601
f 1603/1603/1603 1600/1600/1600 1601/1601/1601
f 1600/1600/1600 1603/1603/1603 1604/1604/1604
f 1603/1603/1603 1605/1605/1605 1604/1604/1604
f 1605/1605/1605 1603/1603/1603 1606/1606/1606
f 1605/1605/1605 1607/1607/1607 1604/1604/1604
f 1608/1608/1608 1604/1604/1604 1607/1607/1607
f 1604/1604/1604 1608/1608/1608 1600/1600/1600
f 1608/1608/1608 1609/1609/1609 1600/1600/1600
f 1610/1610/1610 1600/1600/1600 1609/1609/1609
f 1602/1602/1602 1600/1600/1600 1610/1610/1610
f 1611/1611/1611 1602/1602/1602 1610/1610/1610
f 1602/1602/1602 1611/1611/1611 1612/1612/1612
f 1610/1610/1610 1613/1613/1613 1611/1611/1611
f 1613/1613/1613 1610/1610/1610 1609/1609/1609
f 1614/1614/1614 1616/1616/1616 1615/1615/1615
f 1616/1616/1616 1614/1614/1614 1617/1617/1617
f 1614/1614/1614 1618/1618/1618 1617/1617/1617
f 1618/1618/1618 1614/1614/1614 1619/1619/1619
f 1620/1620/1620 1618/1618/1618 1619/1619/1619
f 1618/1618/1618 1620/1620/1620 1621/1621/1621
f 1620/1620/1620 1622/1622/1622 1621/1621/1621
f 1622/1622/1622 1620/1620/1620 1623/1623/1623
f 1624/1624/1624 1621/1621/1621 1622/1622/1622
f 1621/1621/1621 1624/1624/1624 1625/1625/1625
f 1621/1621/1621 1625/1625/1625 1618/1618/1618
f 1626/1626/1626 1618/1618/1618 1625/1625/1625
f 1626/1626/1626 1617/1617/1617 1618/1618/1618
f 1617/1617/1617 1626/1626/1626 1627/1627/1627
f 1616/1616/1616 1617/1617/1617 1627/1627/1627
f 1628/1628/1628 1630/1630/1630 1629/1629/1629
f 1631/1631/1631 1633/1633/1633 1632/1632/1632
f 1634/1634/1634 1636/1636/1636 1635/1635/1635
f 1637/1637/1637 1639/1639/1639 1638/1638/1638
f 1640/1640/1640 1642/1642/1642 1641/1641/1641
f 1642/1642/1642 1640/1640/1640 1643/1643/1643
f 1644/1644/1644 1646/1646/1646 1645/1645/1645
f 1645/1645/1645 1647/1647/1647 1644/1644/1644
f 1648/1648/1648 1650/1650/1650 1649/1649/1649
f 1651/1651/1651 1650/1650/1650 1648/1648/1648
f 1652/1652/1652 1654/1654/1654 1653/1653/1653
f 1653/1653/1653 1655/1655/1655 1652/1652/1652
f 1652/1652/1652 1655/1655/1655 1656/1656/1656
f 1652/1652/1652 1656/1656/1656 1657/1657/1657
f 1658/1658/1658 1660/1660/1660 1659/1659/1659
f 1660/1660/1660 1661/1661/1661 1659/1659/1659
f 1660/1660/1660 1662/1662/1662 1661/1661/1661
f 1660/1660/1660 1658/1658/1658 1663/1663/1663
f 1664/1664/1664 1666/1666/1666 1665/1665/1665
f 1666/1666/1666 1667/1667/1667 1665/1665/1665
f 1668/1668/1668 1670/1670/1670 1669/1669/1669
f 1671/1671/1671 1670/1670/1670 1668/1668/1668
f 1672/1672/1672 1674/1674/1674 1673/1673/1673
f 1675/1675/1675 1677/1677/1677 1676/1676/1676
f 1678/1678/1678 1680/1680/1680 1679/1679/1679
f 1681/1681/1681 1678/1678/1678 1679/1679/1679
f 1682/1682/1682 1684/1684/1684 1683/1683/1683
f 1685/1685/1685 1687/1687/1687 1686/1686/1686
f 1688/1688/1688 1690/1690/1690 1689/1689/1689
f 1688/1688/1688 1691/1691/1691 1690/1690/1690
f 1691/1691/1691 1688/1688/1688 1692/1692/1692
f 1693/1693/1693 1692/1692/1692 1688/1688/1688
f 1694/1694/1694 1692/1692/1692 1693/1693/1693
f 1695/1695/1695 1692/1692/1692 1694/1694/1694
f 1696/1696/1696 1698/1698/1698 1697/1697/1697
f 1696/1696/1696 1697/1697/1697 1699/1699/1699
f 1699/1699/1699 1700/1700/1700 1696/1696/1696
f 1701/1701/1701 1696/1696/1696 1700/1700/1700
f 1702/1702/1702 1701/1701/1701 1700/1700/1700
f 1703/1703/1703 1702/1702/1702 1700/1700/1700
f 1704/1704/1704 1706/1706/1706 1705/1705/1705
f 1706/1706/1706 1704/1704/1704 1707/1707/1707
f 1708/1708/1708 1707/1707/1707 1704/1704/1704
f 1709/1709/1709 1708/1708/1708 1704/1704/1704
f 1705/1705/1705 1709/1709/1709 1704/1704/1704
f 1709/1709/1709 1705/1705/1705 1710/1710/1710
f 1705/1705/1705 1711/1711/1711 1710/1710/1710
f 1711/1711/1711 1705/1705/1705 1712/1712/1712
f 1712/1712/1712 1705/1705/1705 1713/1713/1713
f 1706/1706/1706 1713/1713/1713 1705/1705/1705
f 1714/1714/1714 1712/1712/1712 1713/1713/1713
f 1712/1712/1712 1714/1714/1714 1715/1715/1715
f 1715/1715/1715 1711/1711/1711 1712/1712/1712
f 1711/1711/1711 1715/1715/1715 1716/1716/1716
f 1708/1708/1708 1709/1709/1709 1717/1717/1717
f 1718/1718/1718 1720/1720/1720 1719/1719/1719
f 1720/1720/1720 1718/1718/1718 1721/1721/1721
f 1722/1722/1722 1720/1720/1720 1721/1721/1721
f 1722/1722/1722 1723/1723/1723 1720/1720/1720
f 1723/1723/1723 1719/1719/1719 1720/1720/1720
f 1719/1719/1719 1723/1723/1723 1724/1724/1724
f 1725/1725/1725 1719/1719/1719 1724/1724/1724
f 1719/1719/1719 1725/1725/1725 1726/1726/1726
f 1726/1726/1726 1727/1727/1727 1719/1719/1719
f 1718/1718/1718 1719/1719/1719 1727/1727/1727
f 1726/1726/1726 1728/1728/1728 1727/1727/1727
f 1728/1728/1728 1726/1726/1726 1729/1729/1729
f 1725/1725/1725 1729/1729/1729 1726/1726/1726
f 1729/1729/1729 1725/1725/1725 1730/1730/1730
f 1723/1723/1723 1722/1722/1722 1731/1731/1731
f 1732/1732/1732 1734/1734/1734 1733/1733/1733
f 1735/1735/1735 1737/1737/1737 1736/1736/1736
f 1738/1738/1738 1740/1740/1740 1739/1739/1739
f 1741/1741/1741 1743/1743/1743 1742/1742/1742
f 1744/1744/1744 1746/1746/1746 1745/1745/1745
f 1747/1747/1747 1749/1749/1749 1748/1748/1748
f 1750/1750/1750 1752/1752/1752 1751/1751/1751
f 1751/1751/1751 1753/1753/1753 1750/1750/1750
f 1753/1753/1753 1751/1751/1751 1754/1754/1754
f 1755/1755/1755 1754/1754/1754 1751/1751/1751
f 1754/1754/1754 1755/1755/1755 1756/1756/1756
f 1755/1755/1755 1757/1757/1757 1756/1756/1756
f 1757/1757/1757 1755/1755/1755 1758/1758/1758
f 1759/1759/1759 1757/1757/1757 1758/1758/1758
f 1758/1758/1758 1760/1760/1760 1759/1759/1759
f 1760/1760/1760 1758/1758/1758 1761/1761/1761
f 1758/1758/1758 1762/1762/1762 1761/1761/1761
f 1758/1758/1758 1763/1763/1763 1762/1762/1762
f 1763/1763/1763 1758/1758/1758 1764/1764/1764
f 1765/1765/1765 1764/1764/1764 1758/1758/1758
f 1758/1758/1758 1755/1755/1755 1765/1765/1765
f 1751/1751/1751 1765/1765/1765 1755/1755/1755
f 1766/1766/1766 1765/1765/1765 1751/1751/1751
f 1751/1751/1751 1767/1767/1767 1766/1766/1766
f 1767/1767/1767 1751/1751/1751 1768/1768/1768
f 1751/1751/1751 1752/1752/1752 1768/1768/1768
f 1765/1765/1765 1766/1766/1766 1769/1769/1769
f 1769/1769/1769 1770/1770/1770 1765/1765/1765
f 1770/1770/1770 1771/1771/1771 1765/1765/1765
f 1764/1764/1764 1765/1765/1765 1771/1771/1771
f 1772/1772/1772 1764/1764/1764 1771/1771/1771
f 1773/1773/1773 1772/1772/1772 1771/1771/1771
f 1771/1771/1771 1774/1774/1774 1773/1773/1773
f 1774/1774/1774 1771/1771/1771 1775/1775/1775
f 1771/1771/1771 1776/1776/1776 1775/1775/1775
f 1777/1777/1777 1776/1776/1776 1771/1771/1771
f 1771/1771/1771 1770/1770/1770 1777/1777/1777
f 1778/1778/1778 1777/1777/1777 1770/1770/1770
f 1777/1777/1777 1778/1778/1778 1779/1779/1779
f 1780/1780/1780 1779/1779/1779 1778/1778/1778
f 1781/1781/1781 1766/1766/1766 1767/1767/1767
f 1766/1766/1766 1781/1781/1781 1782/1782/1782
f 1782/1782/1782 1783/1783/1783 1766/1766/1766
f 1766/1766/1766 1783/1783/1783 1784/1784/1784
f 1785/1785/1785 1766/1766/1766 1784/1784/1784
f 1766/1766/1766 1785/1785/1785 1769/1769/1769
f 1786/1786/1786 1769/1769/1769 1785/1785/1785
f 1769/1769/1769 1786/1786/1786 1787/1787/1787
f 1787/1787/1787 1788/1788/1788 1769/1769/1769
f 1769/1769/1769 1788/1788/1788 1789/1789/1789
f 1790/1790/1790 1769/1769/1769 1789/1789/1789
f 1770/1770/1770 1769/1769/1769 1790/1790/1790
f 1790/1790/1790 1791/1791/1791 1770/1770/1770
f 1791/1791/1791 1790/1790/1790 1792/1792/1792
f 1793/1793/1793 1791/1791/1791 1792/1792/1792
f 1764/1764/1764 1772/1772/1772 1794/1794/1794
f 1764/1764/1764 1794/1794/1794 1795/1795/1795
f 1796/1796/1796 1764/1764/1764 1795/1795/1795
f 1764/1764/1764 1796/1796/1796 1797/1797/1797
f 1797/1797/1797 1763/1763/1763 1764/1764/1764
