mtllib by-bd013.mtl
o by-bd013_part_0
v 0.07398629 3.42684078 0.267688066
v 2.005028 3.42684078 3.61234951
v 3.93606853 3.42684078 0.267687947
v 3.49776125 3.93992519 0.281075478
v 2.748952 3.66969776 1.66649437
v 2.87159157 3.66128039 1.72745538
v 3.62565947 3.93354583 0.274676353
v 1.88765538 3.92688513 3.20336485
v 2.002387 3.92050576 3.26906538
v 3.58380032 4.02701235 -0.0249515176
v 3.717247 4.02701235 0.158721074
v 3.717247 3.42684078 0.158721089
v 3.58380032 3.42684078 -0.0249514878
v 3.36788034 4.02701235 0.04520507
v 3.58380032 4.02701235 -0.0249515176
v 3.58380032 3.42684078 -0.0249514878
v 3.36788034 3.42684078 0.04520507
v 3.36788034 4.027013 0.272237271
v 3.36788034 4.02701235 0.04520507
v 3.36788034 3.42684078 0.04520507
v 3.36788034 3.42684078 0.272237271
v 3.58380032 4.027013 0.342394084
v 3.36788034 4.027013 0.272237271
v 3.36788034 3.42684078 0.272237271
v 3.58380032 3.42684078 0.3423941
v 3.717247 4.02701235 0.158721074
v 3.58380032 4.027013 0.342394084
v 3.58380032 3.42684078 0.3423941
v 3.717247 3.42684078 0.158721089
v 3.36788034 4.027013 0.272237271
v 3.58380032 4.027013 0.342394084
v 3.717247 4.02701235 0.158721074
v 3.58380032 4.02701235 -0.0249515176
v 3.36788034 4.02701235 0.04520507
v 1.91369188 4.027013 3.09944081
v 2.047138 4.027013 3.283113
v 2.047138 3.42684078 3.283113
v 1.91369188 3.42684078 3.09944057
v 1.69777179 4.027013 3.16959715
v 1.91369188 4.027013 3.09944081
v 1.91369188 3.42684078 3.09944057
v 1.69777179 3.42684078 3.169597
v 1.69777179 4.027013 3.39662957
v 1.69777179 4.027013 3.16959715
v 1.69777179 3.42684078 3.169597
v 1.69777179 3.42684078 3.39662933
v 1.91369236 4.027013 3.466786
v 1.69777179 4.027013 3.39662957
v 1.69777179 3.42684078 3.39662933
v 1.91369236 3.42684078 3.46678567
v 2.047138 4.027013 3.283113
v 1.91369236 4.027013 3.466786
v 1.91369236 3.42684078 3.46678567
v 2.047138 3.42684078 3.283113
v 1.69777179 4.027013 3.39662957
v 1.91369236 4.027013 3.466786
v 2.047138 4.027013 3.283113
v 1.91369188 4.027013 3.09944081
v 1.69777179 4.027013 3.16959715
v 0.07398629 3.42684078 0.267688066
v 3.93606853 3.42684078 0.267687947
v 2.00502729 3.42684078 -3.07697368
v 1.91463876 3.9529655 -2.64937472
v 2.691986 3.66969752 -1.249989
v 2.810268 3.66128039 -1.31902671
v 2.02965021 3.946586 -2.73881316
v 3.49776125 3.93992519 0.281075478
v 3.62565947 3.93354583 0.274676353
v 2.00502729 3.42684078 -3.07697368
v -1.86093187 3.42684078 -3.05270553
v 2.03237629 4.027013 -2.90279174
v 2.16582251 4.027013 -2.71911955
v 2.16582251 3.42684078 -2.71911979
v 2.03237629 3.42684078 -2.902792
v 1.8164562 4.027013 -2.8326354
v 2.03237629 4.027013 -2.90279174
v 2.03237629 3.42684078 -2.902792
v 1.8164562 3.42684078 -2.83263564
v 1.8164562 4.02701235 -2.60560322
v 1.8164562 4.027013 -2.8326354
v 1.8164562 3.42684078 -2.83263564
v 1.8164562 3.42684078 -2.60560322
v 2.03237629 4.02701235 -2.53544664
v 1.8164562 4.02701235 -2.60560322
v 1.8164562 3.42684078 -2.60560322
v 2.03237629 3.42684078 -2.535447
v 2.16582251 4.027013 -2.71911955
v 2.03237629 4.02701235 -2.53544664
v 2.03237629 3.42684078 -2.535447
v 2.16582251 3.42684078 -2.71911979
v 1.8164562 4.02701235 -2.60560322
v 2.03237629 4.02701235 -2.53544664
v 2.16582251 4.027013 -2.71911955
v 2.03237629 4.027013 -2.90279174
v 1.8164562 4.027013 -2.8326354
v -1.85705471 3.42684078 3.61234951
v 2.00502825 3.42684078 3.61234879
v 1.7262131 3.95296574 3.24767327
v 0.240947992 3.66969752 3.31611943
v 0.255985618 3.66128039 3.45224643
v 1.76122129 3.946586 3.38909912
v -1.63364339 3.92688513 3.34180522
v -1.62686849 3.92050576 3.47384286
v -1.65276515 4.027013 -3.07432675
v -1.519319 4.027013 -2.89065385
v -1.519319 3.42684078 -2.890654
v -1.65276515 3.42684078 -3.074327
v -1.86868525 4.027013 -3.00417
v -1.65276515 4.027013 -3.07432675
v -1.65276515 3.42684078 -3.074327
v -1.86093187 3.42684078 -3.05270576
v -1.868685 4.027013 -2.77713776
v -1.86868525 4.027013 -3.00417
v -1.86093187 3.42684078 -3.05270576
v -1.868685 3.42684078 -2.77713776
v -1.65276515 4.027013 -2.70698118
v -1.868685 4.027013 -2.77713776
v -1.868685 3.42684078 -2.77713776
v -1.65276515 3.42684078 -2.70698142
v -1.519319 4.027013 -2.89065385
v -1.65276515 4.027013 -2.70698118
v -1.65276515 3.42684078 -2.70698142
v -1.519319 3.42684078 -2.890654
v -1.868685 4.027013 -2.77713776
v -1.65276515 4.027013 -2.70698118
v -1.519319 4.027013 -2.89065385
v -1.65276515 4.027013 -3.07432675
v -1.86868525 4.027013 -3.00417
v -1.86093187 3.42684078 -3.05270553
v -3.788096 3.42684078 0.267688334
v -3.35020542 3.95296574 0.224701837
v -2.68215036 3.66969752 -1.14742732
v -2.801745 3.66128039 -1.21416473
v -3.48570347 3.946586 0.171155214
v -1.75668824 3.92688513 -2.73999119
v -1.86815727 3.920506 -2.81108546
v -3.42919922 4.027013 0.126812667
v -3.29575348 4.027013 0.310485482
v -3.29575348 3.42684078 0.3104855
v -3.42919922 3.42684078 0.1268127
v -3.64511967 4.027013 0.19696939
v -3.42919922 4.027013 0.126812667
v -3.42919922 3.42684078 0.1268127
v -3.64511967 3.42684078 0.19696939
v -3.64511967 4.027013 0.424001664
v -3.64511967 4.027013 0.19696939
v -3.64511967 3.42684078 0.19696939
v -3.64511967 3.42684078 0.4240017
v -3.42919922 4.027013 0.4941581
v -3.64511967 4.027013 0.424001664
v -3.64511967 3.42684078 0.4240017
v -3.42919922 3.42684078 0.494158149
v -3.29575348 4.027013 0.310485482
v -3.42919922 4.027013 0.4941581
v -3.42919922 3.42684078 0.494158149
v -3.29575348 3.42684078 0.3104855
v -3.64511967 4.027013 0.424001664
v -3.42919922 4.027013 0.4941581
v -3.29575348 4.027013 0.310485482
v -3.42919922 4.027013 0.126812667
v -3.64511967 4.027013 0.19696939
v -3.788096 3.42684078 0.267688334
v -1.85705471 3.42684078 3.61234951
v -1.57215631 4.027013 3.13947487
v -1.43871021 4.027013 3.323148
v -1.43871021 3.42684078 3.32314754
v -1.57215631 3.42684078 3.13947487
v -1.78807676 4.027013 3.20963168
v -1.57215631 4.027013 3.13947487
v -1.57215631 3.42684078 3.13947487
v -1.78807676 3.42684078 3.20963144
v -1.78807676 4.027013 3.43666363
v -1.78807676 4.027013 3.20963168
v -1.78807676 3.42684078 3.20963144
v -1.78807676 3.42684078 3.43666339
v -1.57215643 4.027013 3.5068202
v -1.78807676 4.027013 3.43666363
v -1.78807676 3.42684078 3.43666339
v -1.57215643 3.42684078 3.50682
v -1.43871021 4.027013 3.323148
v -1.57215643 4.027013 3.5068202
v -1.57215643 3.42684078 3.50682
v -1.43871021 3.42684078 3.32314754
v -1.78807676 4.027013 3.43666363
v -1.57215643 4.027013 3.5068202
v -1.43871021 4.027013 3.323148
v -1.57215631 4.027013 3.13947487
v -1.78807676 4.027013 3.20963168
v -1.6475184 3.95296574 3.21309781
v -2.456368 3.66969752 1.96551657
v -2.566287 3.66128039 2.04721475
v -1.75193036 3.946586 3.31471086
v -3.42483854 3.92688513 0.360269338
v -3.535398 3.92050576 0.4327702
v 2.005028 2.90313 3.61234951
v 3.93606853 2.90313 0.267687947
v 3.93606853 3.42684078 0.267687947
v 2.005028 3.42684078 3.61234951
v 2.00502729 2.90313 -3.07697368
v 2.00502729 3.42684078 -3.07697368
v 2.00502729 2.90313 -3.07697368
v -1.85957217 2.90313 -3.0612185
v -1.86093187 3.42684078 -3.05270553
v 2.00502729 3.42684078 -3.07697368
v -1.85705471 2.90313 3.61234951
v 2.00502825 2.90313 3.61234879
v 2.00502825 3.42684078 3.61234879
v -1.85705471 3.42684078 3.61234951
v -1.85957193 2.90313 -3.0612185
v -3.788096 2.90313 0.2676884
v -3.788096 3.42684078 0.267688334
v -1.86093187 3.42684078 -3.05270553
v 3.93606853 2.90313 0.267687947
v 2.005028 2.90313 3.61234951
v 2.020943 -1.5081687 3.63988829
v 3.967896 -1.5081687 0.2676672
v 2.00502729 2.90313 -3.07697368
v 2.02094221 -1.5081687 -3.104555
v -1.85957217 2.90313 -3.0612185
v 2.00502729 2.90313 -3.07697368
v -1.87457621 -1.5081687 -3.09446
v 2.00502825 2.90313 3.61234879
v -1.85705471 2.90313 3.61234951
v -1.87296307 -1.5081687 3.63988829
v 2.020943 -1.5081687 3.63988781
v -3.788096 2.90313 0.2676884
v -1.85957193 2.90313 -3.0612185
v -1.87457621 -1.5081687 -3.09446049
v -3.81991625 -1.5081687 0.267667621
vt 0.608540952 1.10158825
vt 0.98229146 0.301517427
vt 0.254299581 0.302732
vt 1.2235049 0.07475668
vt 0.494898349 0.07508522
vt 0.459238261 0.00125360489
vt 1.22604847 4.261732E-05
vt -0.3757118 0.0754089952
vt -0.374701679 0.00235676765
vt 0.0583035573 0.831825852
vt 0.0036066398 0.831825852
vt 0.0036066398 0.59039855
vt 0.0583035573 0.59039855
vt 0.111748055 0.831825852
vt 0.055982247 0.831825852
vt 0.055982247 0.59039855
vt 0.111748055 0.59039855
vt 0.0583035573 0.831825852
vt 0.0036066398 0.831825852
vt 0.0036066398 0.59039855
vt 0.0583035573 0.59039855
vt 0.111748055 0.831825852
vt 0.055982247 0.831825852
vt 0.055982247 0.59039855
vt 0.111748055 0.59039855
vt 0.0583035573 0.831825852
vt 0.0036066398 0.831825852
vt 0.0036066398 0.59039855
vt 0.0583035573 0.59039855
vt 0.167327583 0.9072059
vt 0.224386111 0.9188908
vt 0.230734959 0.975949347
vt 0.1776003 0.9995284
vt 0.138412386 0.957042634
vt 0.111748055 0.831825852
vt 0.055982247 0.831825852
vt 0.055982247 0.59039855
vt 0.111748055 0.59039855
vt 0.0583035573 0.831825852
vt 0.0036066398 0.831825852
vt 0.0036066398 0.59039855
vt 0.0583035573 0.59039855
vt 0.111748055 0.831825852
vt 0.055982247 0.831825852
vt 0.055982247 0.59039855
vt 0.111748055 0.59039855
vt 0.0583035573 0.831825852
vt 0.0036066398 0.831825852
vt 0.0036066398 0.59039855
vt 0.0583035573 0.59039855
vt 0.0583035573 0.831825852
vt 0.0036066398 0.831825852
vt 0.0036066398 0.59039855
vt 0.0583035573 0.59039855
vt 0.167327583 0.9072059
vt 0.224386111 0.9188908
vt 0.230734959 0.975949347
vt 0.1776003 0.9995284
vt 0.138412386 0.957042634
vt 0.6078381 1.10158825
vt 0.257223636 0.301517427
vt 0.985215545 0.302732
vt 1.2235049 0.07475668
vt 0.494898349 0.07508522
vt 0.459238261 0.00125360489
vt 1.22604847 4.261732E-05
vt -0.3757118 0.0754089952
vt -0.374701679 0.00235676765
vt 0.98229146 0.301517427
vt 0.254299581 0.302732
vt 0.0583035573 0.831825852
vt 0.0036066398 0.831825852
vt 0.0036066398 0.59039855
vt 0.0583035573 0.59039855
vt 0.111748055 0.831825852
vt 0.055982247 0.831825852
vt 0.055982247 0.59039855
vt 0.111748055 0.59039855
vt 0.0583035573 0.831825852
vt 0.0036066398 0.831825852
vt 0.0036066398 0.59039855
vt 0.0583035573 0.59039855
vt 0.0583035573 0.831825852
vt 0.0036066398 0.831825852
vt 0.0036066398 0.59039855
vt 0.0583035573 0.59039855
vt 0.111748055 0.831825852
vt 0.055982247 0.831825852
vt 0.055982247 0.59039855
vt 0.111748055 0.59039855
vt 0.167327583 0.9072059
vt 0.224386111 0.9188908
vt 0.230734959 0.975949347
vt 0.1776003 0.9995284
vt 0.138412386 0.957042634
vt 0.257223636 0.301517427
vt 0.985215545 0.302732
vt 1.2235049 0.07475668
vt 0.494898349 0.07508522
vt 0.459238261 0.00125360489
vt 1.22604847 4.261732E-05
vt -0.3757118 0.0754089952
vt -0.374701679 0.00235676765
vt 0.0583035573 0.831825852
vt 0.0036066398 0.831825852
vt 0.0036066398 0.59039855
vt 0.0583035573 0.59039855
vt 0.111748055 0.831825852
vt 0.055982247 0.831825852
vt 0.055982247 0.59039855
vt 0.111748055 0.59039855
vt 0.0583035573 0.831825852
vt 0.0036066398 0.831825852
vt 0.0036066398 0.59039855
vt 0.0583035573 0.59039855
vt 0.111748055 0.831825852
vt 0.055982247 0.831825852
vt 0.055982247 0.59039855
vt 0.111748055 0.59039855
vt 0.0583035573 0.831825852
vt 0.0036066398 0.831825852
vt 0.0036066398 0.59039855
vt 0.0583035573 0.59039855
vt 0.167327583 0.9072059
vt 0.224386111 0.9188908
vt 0.230734959 0.975949347
vt 0.1776003 0.9995284
vt 0.138412386 0.957042634
vt 0.257223636 0.301517427
vt 0.985215545 0.302732
vt 1.2235049 0.07475668
vt 0.494898349 0.07508522
vt 0.459238261 0.00125360489
vt 1.22604847 4.261732E-05
vt -0.3757118 0.0754089952
vt -0.374701679 0.00235676765
vt 0.111748055 0.831825852
vt 0.055982247 0.831825852
vt 0.055982247 0.59039855
vt 0.111748055 0.59039855
vt 0.0583035573 0.831825852
vt 0.0036066398 0.831825852
vt 0.0036066398 0.59039855
vt 0.0583035573 0.59039855
vt 0.0583035573 0.831825852
vt 0.0036066398 0.831825852
vt 0.0036066398 0.59039855
vt 0.0583035573 0.59039855
vt 0.111748055 0.831825852
vt 0.055982247 0.831825852
vt 0.055982247 0.59039855
vt 0.111748055 0.59039855
vt 0.111748055 0.831825852
vt 0.055982247 0.831825852
vt 0.055982247 0.59039855
vt 0.111748055 0.59039855
vt 0.167327583 0.9072059
vt 0.224386111 0.9188908
vt 0.230734959 0.975949347
vt 0.1776003 0.9995284
vt 0.138412386 0.957042634
vt 0.98229146 0.301517427
vt 0.254299581 0.302732
vt 0.0583035573 0.831825852
vt 0.0036066398 0.831825852
vt 0.0036066398 0.59039855
vt 0.0583035573 0.59039855
vt 0.111748055 0.831825852
vt 0.055982247 0.831825852
vt 0.055982247 0.59039855
vt 0.111748055 0.59039855
vt 0.0583035573 0.831825852
vt 0.0036066398 0.831825852
vt 0.0036066398 0.59039855
vt 0.0583035573 0.59039855
vt 0.0583035573 0.831825852
vt 0.0036066398 0.831825852
vt 0.0036066398 0.59039855
vt 0.0583035573 0.59039855
vt 0.111748055 0.831825852
vt 0.055982247 0.831825852
vt 0.055982247 0.59039855
vt 0.111748055 0.59039855
vt 0.167327583 0.9072059
vt 0.224386111 0.9188908
vt 0.230734959 0.975949347
vt 0.1776003 0.9995284
vt 0.138412386 0.957042634
vt 1.2235049 0.07475668
vt 0.494898349 0.07508522
vt 0.459238261 0.00125360489
vt 1.22604847 4.261732E-05
vt -0.3757118 0.0754089952
vt -0.374701679 0.00235676765
vt 0.9870701 1.0817219
vt 0.342618346 1.08172178
vt 0.342618346 1.006254
vt 0.9870701 1.006254
vt 0.984719753 1.08172178
vt 0.984719753 1.006254
vt 0.9831155 1.08172178
vt 0.34504962 1.08172178
vt 0.344809175 1.006254
vt 0.9831155 1.006254
vt 0.345116854 1.0817219
vt 0.9870701 1.08172178
vt 0.9870701 1.006254
vt 0.345116854 1.006254
vt 0.34504962 1.0817219
vt 0.9835206 1.08172178
vt 0.9835206 1.006254
vt 0.344809175 1.006254
vt 0.3835016 0.996743441
vt 0.992846 0.99674356
vt 0.9921393 0.497288
vt 0.386628449 0.497288
vt 0.992842257 0.996743441
vt 0.992138863 0.497288
vt 0.3835048 0.996743441
vt 0.9928397 0.996743441
vt 0.386639118 0.497288
vt 0.992846 0.996743441
vt 0.3835049 0.99674356
vt 0.386638761 0.497288
vt 0.9921393 0.497288
vt 0.99284035 0.996743441
vt 0.3835048 0.99674356
vt 0.386639118 0.497288
vt 0.9921386 0.497288
vn 0 1 0
vn 0 1 0
vn 0 1 0
vn 0.04884237 0.99869585 0.0148655847
vn 0.0500572324 0.998065948 0.0368601233
vn 0.0486733019 0.9978273 0.0444030836
vn 0.04771769 0.9988591 0.00188219431
vn 0.113301173 0.988322 -0.101894088
vn 0.113505147 0.9883086 -0.10179697
vn 0.309016228 -3.68117E-08 -0.9510568
vn 1 1.04142792E-08 -4.467E-07
vn 1 -1.04143112E-08 -5.67986433E-07
vn 0.3090163 -2.47584673E-08 -0.9510567
vn -0.809017 -2.24675336E-08 -0.587785244
vn 0.309016228 -3.68117E-08 -0.9510568
vn 0.3090163 -2.47584673E-08 -0.9510567
vn -0.8090169 0 -0.5877854
vn -0.8090171 2.189043E-08 0.587785065
vn -0.809017 -2.24675336E-08 -0.587785244
vn -0.8090169 0 -0.5877854
vn -0.8090172 2.75073067E-08 0.587785
vn 0.309016228 4.16091E-08 0.9510568
vn -0.8090171 2.189043E-08 0.587785065
vn -0.8090172 2.75073067E-08 0.587785
vn 0.309016317 3.68117E-08 0.9510567
vn 1 1.04142792E-08 -4.467E-07
vn 0.309016228 4.16091E-08 0.9510568
vn 0.309016317 3.68117E-08 0.9510567
vn 1 -1.04143112E-08 -5.67986433E-07
vn 9.20166059E-08 1 -4.16904868E-07
vn 1.706079E-07 1 -5.250759E-07
vn 2.40901983E-07 1 -3.087333E-07
vn 1.271634E-07 1 -3.087336E-07
vn -1.70607578E-07 1 -5.250766E-07
vn 0.309017062 2.667219E-07 -0.9510565
vn 1 -1.11085235E-07 -1.712047E-06
vn 1 1.1108569E-07 -1.22833114E-06
vn 0.3090172 3.77807538E-07 -0.9510564
vn -0.809016645 2.33498127E-07 -0.5877858
vn 0.309017062 2.667219E-07 -0.9510565
vn 0.3090172 3.77807538E-07 -0.9510564
vn -0.809016466 2.33498213E-07 -0.587785959
vn -0.809016347 -2.334983E-07 0.5877862
vn -0.809016645 2.33498127E-07 -0.5877858
vn -0.809016466 2.33498213E-07 -0.587785959
vn -0.8090164 -2.33498227E-07 0.587786
vn 0.3090189 -3.77807368E-07 0.9510559
vn -0.809016347 -2.334983E-07 0.5877862
vn -0.8090164 -2.33498227E-07 0.587786
vn 0.309018731 -2.66722054E-07 0.951055944
vn 1 -1.11085235E-07 -1.712047E-06
vn 0.3090189 -3.77807368E-07 0.9510559
vn 0.309018731 -2.66722054E-07 0.951055944
vn 1 1.1108569E-07 -1.22833114E-06
vn 0 1 0
vn 0 1 0
vn 0 1 0
vn 0 1 0
vn 0 1 0
vn -1.319858E-15 1 -3.78692633E-08
vn -1.319858E-15 1 -3.78692633E-08
vn -1.319858E-15 1 -3.78692633E-08
vn 0.145446762 0.9823676 0.117469788
vn 0.05980587 0.9979648 -0.022125043
vn 0.0624117441 0.9979361 -0.0151067218
vn 0.145703182 0.982350647 0.117293462
vn 0.04884237 0.99869585 0.0148655847
vn 0.04771769 0.9988591 0.00188219431
vn 3.26434453E-08 1 -1.90225631E-08
vn 3.26434453E-08 1 -1.90225631E-08
vn 0.309017 3.778077E-07 -0.95105654
vn 1 3.42488977E-13 -9.154869E-07
vn 1 4.22260019E-13 -1.04489629E-06
vn 0.3090169 3.778077E-07 -0.95105654
vn -0.8090166 2.33498227E-07 -0.58778584
vn 0.309017 3.778077E-07 -0.95105654
vn 0.3090169 3.778077E-07 -0.95105654
vn -0.809016466 2.33498284E-07 -0.587785959
vn -0.809016943 0 0.587785363
vn -0.8090166 2.33498227E-07 -0.58778584
vn -0.809016466 2.33498284E-07 -0.587785959
vn -0.809016645 -1.79740411E-07 0.5877858
vn 0.309017569 -1.98067468E-07 0.9510563
vn -0.809016943 0 0.587785363
vn -0.809016645 -1.79740411E-07 0.5877858
vn 0.3090179 -3.77807652E-07 0.951056242
vn 1 3.42488977E-13 -9.154869E-07
vn 0.309017569 -1.98067468E-07 0.9510563
vn 0.3090179 -3.77807652E-07 0.951056242
vn 1 4.22260019E-13 -1.04489629E-06
vn -9.201651E-08 1 4.169053E-07
vn -1.70607521E-07 1 5.250768E-07
vn -2.40901926E-07 1 3.08733576E-07
vn -1.27163659E-07 1 3.08733661E-07
vn 1.70606867E-07 1 5.250766E-07
vn 0 1 0
vn 0 1 0
vn -0.181936488 0.979295969 0.08876134
vn -0.0156433638 0.997871161 0.06331257
vn -0.0319026373 0.9973451 0.0654599741
vn -0.181870863 0.9792688 0.0891942754
vn 0.136358947 0.9898179 0.04082528
vn 0.136377126 0.9898057 0.041059956
vn 0.309016943 3.778077E-07 -0.95105654
vn 1 -1.84742412E-13 4.93802247E-07
vn 1 -6.972493E-14 2.01255943E-07
vn 0.385206759 0.03577876 -0.9221364
vn -0.81215024 0.00191674009 -0.5834452
vn 0.309016943 3.778077E-07 -0.95105654
vn 0.385206759 0.03577876 -0.9221364
vn -0.7153449 0.05235789 -0.696807265
vn -0.8112577 -0.00581229059 0.5846598
vn -0.81215024 0.00191674009 -0.5834452
vn -0.7153449 0.05235789 -0.696807265
vn -0.817203 -1.81614E-07 0.5763499
vn 0.309017 -1.98067454E-07 0.95105654
vn -0.8112577 -0.00581229059 0.5846598
vn -0.817203 -1.81614E-07 0.5763499
vn 0.30901742 -3.778076E-07 0.951056361
vn 1 -1.84742412E-13 4.93802247E-07
vn 0.309017 -1.98067454E-07 0.95105654
vn 0.30901742 -3.778076E-07 0.951056361
vn 1 -6.972493E-14 2.01255943E-07
vn 0 1 0
vn 0 1 0
vn 0 1 0
vn 0 1 0
vn 0 1 0
vn 0 1 0
vn 0 1 0
vn 0.0285211168 0.9817274 -0.188143164
vn -0.04216351 0.9978551 -0.0500738621
vn -0.0442634635 0.99791497 -0.04697236
vn 0.02817769 0.9817128 -0.1882711
vn -0.115612082 0.9889754 0.0925285146
vn -0.11582125 0.9889607 0.09242396
vn 0.3090174 -4.37545218E-08 -0.951056361
vn 1 3.47143114E-09 2.704349E-07
vn 1 -3.47140872E-09 2.3906972E-07
vn 0.30901742 -2.47584246E-08 -0.951056361
vn -0.8090169 -2.24675158E-08 -0.5877854
vn 0.3090174 -4.37545218E-08 -0.951056361
vn 0.30901742 -2.47584246E-08 -0.951056361
vn -0.8090169 0 -0.5877854
vn -0.8090165 1.45936347E-08 0.58778584
vn -0.8090169 -2.24675158E-08 -0.5877854
vn -0.8090169 0 -0.5877854
vn -0.8090165 2.5827406E-08 0.5877859
vn 0.3090177 3.599218E-08 0.9510563
vn -0.8090165 1.45936347E-08 0.58778584
vn -0.8090165 2.5827406E-08 0.5877859
vn 0.309017658 4.37545147E-08 0.9510563
vn 1 3.47143114E-09 2.704349E-07
vn 0.3090177 3.599218E-08 0.9510563
vn 0.309017658 4.37545147E-08 0.9510563
vn 1 -3.47140872E-09 2.3906972E-07
vn 0 1 0
vn 0 1 0
vn 0 1 0
vn 0 1 0
vn 0 1 0
vn 0 1 0
vn 0 1 0
vn 0.3090173 2.221708E-07 -0.9510564
vn 1 1.11084617E-07 1.63910954E-06
vn 1 -2.22171536E-07 3.61239842E-07
vn 0.309017241 1.79740056E-07 -0.9510564
vn -0.809017 5.37578551E-08 -0.587785244
vn 0.3090173 2.221708E-07 -0.9510564
vn 0.309017241 1.79740056E-07 -0.9510564
vn -0.809016645 2.33498113E-07 -0.5877857
vn -0.8090167 -2.33498071E-07 0.587785661
vn -0.809017 5.37578551E-08 -0.587785244
vn -0.809016645 2.33498113E-07 -0.5877857
vn -0.8090168 -2.33498028E-07 0.587785542
vn 0.309016377 -3.77807652E-07 0.9510567
vn -0.8090167 -2.33498071E-07 0.587785661
vn -0.8090168 -2.33498028E-07 0.587785542
vn 0.309016645 -4.88893249E-07 0.9510566
vn 1 1.11084617E-07 1.63910954E-06
vn 0.309016377 -3.77807652E-07 0.9510567
vn 0.309016645 -4.88893249E-07 0.9510566
vn 1 -2.22171536E-07 3.61239842E-07
vn 0 1 0
vn 0 1 0
vn 0 1 0
vn 0 1 0
vn 0 1 0
vn -0.168463856 0.9792959 -0.112247042
vn -0.0625504255 0.997871161 0.018456379
vn -0.07261184 0.9973451 0.00550484657
vn -0.168804467 0.9792688 -0.111971848
vn 0.0335923322 0.9898179 0.1383186
vn 0.0333989374 0.9898057 0.138452753
vn 0.8660212 0.00312643335 0.499997437
vn 0.9999935 0.00361151877 7.00600651E-07
vn 1 0 -7.847643E-09
vn 0.866025448 0 0.499999881
vn 0.4977923 0.00401654746 -0.867287
vn 0.497279435 0 -0.8675904
vn 0.4977923 0.00401654746 -0.867287
vn -0.00373443845 0.0115397759 -0.999926448
vn -0.00426525855 0.0148477769 -0.9998807
vn 0.497279435 0 -0.8675904
vn -0.499996424 0.00360885845 0.866019964
vn 1.70689077E-07 0.003124938 0.9999951
vn 1.851995E-07 0 1
vn -0.4999999 3.18316373E-09 0.866025448
vn -0.865085 0.006064156 -0.5015887
vn -0.999992967 0.00368536357 -0.0006780175
vn -0.999999642 0.0002942225 -0.000775133958
vn -0.864865 0.005913742 -0.501969635
vn 0.9999935 0.00361151877 7.00600651E-07
vn 0.8660212 0.00312643335 0.499997437
vn 0.8660085 0.00624576863 0.4999902
vn 0.999973953 0.00721472735 -1.5042624E-06
vn 0.4977923 0.00401654746 -0.867287
vn 0.498571277 0.00762593932 -0.86681515
vn -0.00373443845 0.0115397759 -0.999926448
vn 0.4977923 0.00401654746 -0.867287
vn -0.00259132637 0.00754411239 -0.9999682
vn 1.70689077E-07 0.003124938 0.9999951
vn -0.499996424 0.00360885845 0.866019964
vn -0.499987364 0.007209376 0.8660027
vn 1.22454892E-07 0.006242715 0.9999805
vn -0.999992967 0.00368536357 -0.0006780175
vn -0.865085 0.006064156 -0.5015887
vn -0.8654133 0.00646254839 -0.501017
vn -0.9999739 0.007213151 -0.0004701771
usemtl by-bd013_part_0_material_0
f 1/1/1 2/2/2 3/3/3
f 4/4/4 5/5/5 6/6/6
f 6/6/6 7/7/7 4/4/4
f 5/5/5 8/8/8 9/9/9
f 9/9/9 6/6/6 5/5/5
f 10/10/10 11/11/11 12/12/12
f 12/12/12 13/13/13 10/10/10
f 14/14/14 15/15/15 16/16/16
f 16/16/16 17/17/17 14/14/14
f 18/18/18 19/19/19 20/20/20
f 20/20/20 21/21/21 18/18/18
f 22/22/22 23/23/23 24/24/24
f 24/24/24 25/25/25 22/22/22
f 26/26/26 27/27/27 28/28/28
f 28/28/28 29/29/29 26/26/26
f 30/30/30 31/31/31 32/32/32
f 30/30/30 32/32/32 33/33/33
f 30/30/30 33/33/33 34/34/34
f 35/35/35 36/36/36 37/37/37
f 37/37/37 38/38/38 35/35/35
f 39/39/39 40/40/40 41/41/41
f 41/41/41 42/42/42 39/39/39
f 43/43/43 44/44/44 45/45/45
f 45/45/45 46/46/46 43/43/43
f 47/47/47 48/48/48 49/49/49
f 49/49/49 50/50/50 47/47/47
f 51/51/51 52/52/52 53/53/53
f 53/53/53 54/54/54 51/51/51
f 55/55/55 56/56/56 57/57/57
f 55/55/55 57/57/57 58/58/58
f 55/55/55 58/58/58 59/59/59
f 60/60/60 61/61/61 62/62/62
f 63/63/63 64/64/64 65/65/65
f 65/65/65 66/66/66 63/63/63
f 64/64/64 67/67/67 68/68/68
f 68/68/68 65/65/65 64/64/64
f 1/1/1 69/69/69 70/70/70
f 71/71/71 72/72/72 73/73/73
f 73/73/73 74/74/74 71/71/71
f 75/75/75 76/76/76 77/77/77
f 77/77/77 78/78/78 75/75/75
f 79/79/79 80/80/80 81/81/81
f 81/81/81 82/82/82 79/79/79
f 83/83/83 84/84/84 85/85/85
f 85/85/85 86/86/86 83/83/83
f 87/87/87 88/88/88 89/89/89
f 89/89/89 90/90/90 87/87/87
f 91/91/91 92/92/92 93/93/93
f 91/91/91 93/93/93 94/94/94
f 91/91/91 94/94/94 95/95/95
f 60/60/60 96/96/96 97/97/97
f 98/98/98 99/99/99 100/100/100
f 100/100/100 101/101/101 98/98/98
f 99/99/99 102/102/102 103/103/103
f 103/103/103 100/100/100 99/99/99
f 104/104/104 105/105/105 106/106/106
f 106/106/106 107/107/107 104/104/104
f 108/108/108 109/109/109 110/110/110
f 110/110/110 111/111/111 108/108/108
f 112/112/112 113/113/113 114/114/114
f 114/114/114 115/115/115 112/112/112
f 116/116/116 117/117/117 118/118/118
f 118/118/118 119/119/119 116/116/116
f 120/120/120 121/121/121 122/122/122
f 122/122/122 123/123/123 120/120/120
f 124/124/124 125/125/125 126/126/126
f 124/124/124 126/126/126 127/127/127
f 124/124/124 127/127/127 128/128/128
f 60/60/60 129/129/129 130/130/130
f 131/131/131 132/132/132 133/133/133
f 133/133/133 134/134/134 131/131/131
f 132/132/132 135/135/135 136/136/136
f 136/136/136 133/133/133 132/132/132
f 137/137/137 138/138/138 139/139/139
f 139/139/139 140/140/140 137/137/137
f 141/141/141 142/142/142 143/143/143
f 143/143/143 144/144/144 141/141/141
f 145/145/145 146/146/146 147/147/147
f 147/147/147 148/148/148 145/145/145
f 149/149/149 150/150/150 151/151/151
f 151/151/151 152/152/152 149/149/149
f 153/153/153 154/154/154 155/155/155
f 155/155/155 156/156/156 153/153/153
f 157/157/157 158/158/158 159/159/159
f 157/157/157 159/159/159 160/160/160
f 157/157/157 160/160/160 161/161/161
f 1/1/1 162/162/162 163/163/163
f 164/164/164 165/165/165 166/166/166
f 166/166/166 167/167/167 164/164/164
f 168/168/168 169/169/169 170/170/170
f 170/170/170 171/171/171 168/168/168
f 172/172/172 173/173/173 174/174/174
f 174/174/174 175/175/175 172/172/172
f 176/176/176 177/177/177 178/178/178
f 178/178/178 179/179/179 176/176/176
f 180/180/180 181/181/181 182/182/182
f 182/182/182 183/183/183 180/180/180
f 184/184/184 185/185/185 186/186/186
f 184/184/184 186/186/186 187/187/187
f 184/184/184 187/187/187 188/188/188
f 189/189/189 190/190/190 191/191/191
f 191/191/191 192/192/192 189/189/189
f 190/190/190 193/193/193 194/194/194
f 194/194/194 191/191/191 190/190/190
usemtl by-bd013_part_0_material_1
f 195/195/195 196/196/196 197/197/197
f 197/197/197 198/198/198 195/195/195
f 196/196/196 199/199/199 200/200/200
f 200/200/200 197/197/197 196/196/196
f 201/201/201 202/202/202 203/203/203
f 203/203/203 204/204/204 201/201/201
f 205/205/205 206/206/206 207/207/207
f 207/207/207 208/208/208 205/205/205
f 209/209/209 210/210/210 211/211/211
f 211/211/211 212/212/212 209/209/209
f 210/210/210 205/205/205 208/208/208
f 208/208/208 211/211/211 210/210/210
f 213/213/213 214/214/214 215/215/215
f 215/215/215 216/216/216 213/213/213
f 217/217/217 213/213/213 216/216/216
f 216/216/216 218/218/218 217/217/217
f 219/219/219 220/220/220 218/218/218
f 218/218/218 221/221/221 219/219/219
f 222/222/222 223/223/223 224/224/224
f 224/224/224 225/225/225 222/222/222
f 226/226/226 227/227/227 228/228/228
f 228/228/228 229/229/229 226/226/226
f 223/223/223 226/226/226 229/229/229
f 229/229/229 224/224/224 223/223/223
o by-bd013_part_1
v -0.771179 4.8652 -1.23259568
v 0.952460945 4.8652 -1.2086482
v 0.9756132 3.39892745 -1.24749279
v -0.7932433 3.39892745 -1.2720685
v -1.6537379 4.8652 0.248146549
v -0.771179 4.8652 -1.23259568
v -0.7932433 3.39892745 -1.2720685
v -1.69895434 3.39892745 0.247518316
v -0.812657 4.8652 1.75283623
v -1.6537379 4.8652 0.248146549
v -1.69895434 3.39892745 0.247518316
v -0.835809231 3.39892745 1.79168081
v 0.9109829 4.8652 1.77678323
v -0.812657 4.8652 1.75283623
v -0.835809231 3.39892745 1.79168081
v 0.9330472 3.39892745 1.816256
v 1.79354167 4.8652 0.296041
v 0.9109829 4.8652 1.77678323
v 0.9330472 3.39892745 1.816256
v 1.83875835 3.39892745 0.2966692
v 0.952460945 4.8652 -1.2086482
v 1.79354167 4.8652 0.296041
v 1.83875835 3.39892745 0.2966692
v 0.9756132 3.39892745 -1.24749279
v 0.952460945 4.8652 -1.2086482
v -0.771179 4.8652 -1.23259568
v -0.6243133 4.955448 -0.9698537
v 0.7983527 4.955448 -0.9500882
v -0.771179 4.8652 -1.23259568
v -1.6537379 4.8652 0.248146549
v -1.35276389 4.955448 0.252328247
v -0.6243133 4.955448 -0.9698537
v -1.6537379 4.8652 0.248146549
v -0.812657 4.8652 1.75283623
v -0.658548534 4.955448 1.49427581
v -1.35276389 4.955448 0.252328247
v -0.812657 4.8652 1.75283623
v 0.9109829 4.8652 1.77678323
v 0.7641175 4.955448 1.51404166
v -0.658548534 4.955448 1.49427581
v 0.9109829 4.8652 1.77678323
v 1.79354167 4.8652 0.296041
v 1.4925679 4.955448 0.291859627
v 0.7641175 4.955448 1.51404166
v 1.79354167 4.8652 0.296041
v 0.952460945 4.8652 -1.2086482
v 0.7983527 4.955448 -0.9500882
v 1.4925679 4.955448 0.291859627
v 0.7983527 4.955448 -0.9500882
v -0.6243133 4.955448 -0.9698537
v -0.4356693 6.59466 -0.6396992
v 0.6036837 6.59466 -0.6252589
v -0.6243133 4.955448 -0.9698537
v -1.35276389 4.955448 0.252328247
v -0.967851162 6.59466 0.253186882
v -0.4356693 6.59466 -0.6396992
v -1.35276389 4.955448 0.252328247
v -0.658548534 4.955448 1.49427581
v -0.460680366 6.59466 1.16051316
v -0.967851162 6.59466 0.253186882
v -0.658548534 4.955448 1.49427581
v 0.7641175 4.955448 1.51404166
v 0.5786725 6.59466 1.17495322
v -0.460680366 6.59466 1.16051316
v 0.7641175 4.955448 1.51404166
v 1.4925679 4.955448 0.291859627
v 1.11085463 6.59466 0.28206715
v 0.5786725 6.59466 1.17495322
v 1.4925679 4.955448 0.291859627
v 0.7983527 4.955448 -0.9500882
v 0.6036837 6.59466 -0.6252589
v 1.11085463 6.59466 0.28206715
v 0.8117765 9.70615 -0.9743933
v 0.5123948 9.268238 -0.472095668
v -0.3486705 9.268238 -0.484058857
v -0.633982062 9.70615 -0.994479835
v -0.633982062 9.70615 -0.994479835
v -0.3486705 9.268238 -0.484058857
v -0.7895636 9.268238 0.255663961
v -1.374257 9.70615 0.2475406
v -1.374257 9.70615 0.2475406
v -0.7895636 9.268238 0.255663961
v -0.369391352 9.268238 1.00734985
v -0.668773055 9.70615 1.50964737
v -0.668773055 9.70615 1.50964737
v -0.369391352 9.268238 1.00734985
v 0.4916739 9.268238 1.0193131
v 0.7769855 9.70615 1.5297339
v 0.7769855 9.70615 1.5297339
v 0.4916739 9.268238 1.0193131
v 0.9325669 9.268238 0.279590249
v 1.51726 9.70615 0.287713677
v 1.51726 9.70615 0.287713677
v 0.9325669 9.268238 0.279590249
v 0.5123948 9.268238 -0.472095668
v 0.8117765 9.70615 -0.9743933
v 0.460492671 11.4556513 0.8892584
v 0.8251035 11.4556513 0.277520478
v 0.477628469 11.4556522 -0.344110847
v 0.477628469 11.4556522 -0.344110847
v -0.234457672 11.4556522 -0.3540042
v -0.599068642 11.4556522 0.257733852
v 0.460492671 11.4556513 0.8892584
v 0.477628469 11.4556522 -0.344110847
v 0.460492671 11.4556513 0.8892584
v -0.251593471 11.4556513 0.879365
v 0.477628469 10.9312954 -0.3441108
v -0.234457672 10.9312954 -0.354004145
v -0.234457672 11.4556522 -0.3540042
v 0.477628469 11.4556522 -0.344110847
v -0.234457672 10.9312954 -0.354004145
v -0.5990685 10.9312963 0.257733822
v -0.599068642 11.4556522 0.257733852
v -0.234457672 11.4556522 -0.3540042
v -0.5990685 10.9312963 0.257733822
v -0.251593381 10.9312963 0.879365146
v -0.251593471 11.4556513 0.879365
v -0.599068642 11.4556522 0.257733852
v -0.251593381 10.9312963 0.879365146
v 0.460492671 10.9312963 0.8892585
v 0.460492671 11.4556513 0.8892584
v -0.251593471 11.4556513 0.879365
v 0.460492671 10.9312963 0.8892585
v 0.8251035 10.9312954 0.277520448
v 0.8251035 11.4556513 0.277520478
v 0.460492671 11.4556513 0.8892584
v 0.8251035 10.9312954 0.277520448
v 0.477628469 10.9312954 -0.3441108
v 0.477628469 11.4556522 -0.344110847
v 0.8251035 11.4556513 0.277520478
v 0.418107748 11.5877008 0.813379347
v 0.7381992 11.5877008 0.27633518
v 0.433151335 11.5877008 -0.269394279
v -0.191988349 11.5877008 -0.2780795
v -0.5120798 11.5877008 0.258964568
v -0.207031757 11.5877008 0.804694
v 0.600383162 11.53041 -0.549973
v -0.351360768 11.5304089 -0.563196063
v -0.351360768 11.6977234 -0.563196063
v 0.600383162 11.6977234 -0.549973
v -0.351360768 11.5304089 -0.563196063
v -0.838684142 11.53041 0.2544269
v -0.838684142 11.6977234 0.2544269
v -0.351360768 11.6977234 -0.563196063
v -0.838684142 11.53041 0.2544269
v -0.374263644 11.5304089 1.08527255
v -0.374263644 11.6977234 1.08527267
v -0.838684142 11.6977234 0.2544269
v -0.374263644 11.5304089 1.08527255
v 0.577480137 11.53041 1.0984956
v 0.577480137 11.6977234 1.0984956
v -0.374263644 11.6977234 1.08527267
v 0.577480137 11.53041 1.0984956
v 1.06480348 11.5304089 0.280872822
v 1.06480348 11.6977234 0.280872822
v 0.577480137 11.6977234 1.0984956
v 1.06480348 11.5304089 0.280872822
v 0.600383162 11.53041 -0.549973
v 0.600383162 11.6977234 -0.549973
v 1.06480348 11.6977234 0.280872822
v -0.262618721 11.686554 0.7388496
v -0.2775239 11.9221478 0.757218
v -0.129978463 11.9221478 0.8451589
v -0.120973423 11.686554 0.8232736
v -0.2775239 11.9221478 0.757218
v -0.20765233 12.1813965 0.663046062
v -0.08038759 12.1813965 0.738899
v -0.129978463 11.9221478 0.8451589
v -0.20765233 12.1813965 0.663046062
v -0.0265647918 12.5018406 0.415712
v 0.0511051081 12.5018406 0.462005228
v -0.08038759 12.1813965 0.738899
v 0.0159911215 12.59274 0.3583557
v -0.0202350765 12.4963436 0.4071809
v 0.05559755 12.4963427 0.452379078
v 0.08130885 12.59274 0.3972867
v -0.0202350765 12.4963436 0.4071809
v -0.133076012 12.46909 0.5592666
v -0.0244905353 12.46909 0.623986363
v 0.05559755 12.4963427 0.452379078
v -0.133076012 12.46909 0.5592666
v -0.290840626 12.2391768 0.775166154
v -0.139429837 12.2391768 0.865410745
v -0.0244905353 12.46909 0.623986363
v -0.290840626 12.2391768 0.775166154
v -0.39808 11.940897 0.9197022
v -0.215542227 11.940897 1.02849913
v -0.139429837 12.2391768 0.865410745
v -0.39808 11.940897 0.9197022
v -0.417106271 11.68998 0.947066069
v -0.230619937 11.68998 1.05821645
v -0.215542227 11.940897 1.02849913
v -0.0202350765 12.4963436 0.4071809
v 0.0159911215 12.59274 0.3583557
v 0.0310771689 12.5117874 0.3380229
v -0.0265647918 12.5018406 0.415712
v -0.262618721 11.686554 0.7388496
v -0.417106271 11.68998 0.947066069
v -0.39808 11.940897 0.9197022
v -0.2775239 11.9221478 0.757218
v -0.290840626 12.2391768 0.775166154
v -0.20765233 12.1813965 0.663046062
v -0.133076012 12.46909 0.5592666
v 0.09201606 12.5117874 0.374344
v 0.08130885 12.59274 0.3972867
v 0.05559755 12.4963427 0.452379078
v -0.215542227 11.940897 1.02849913
v -0.230619937 11.68998 1.05821645
v -0.120973423 11.686554 0.8232736
v -0.129978463 11.9221478 0.8451589
v -0.139429837 12.2391768 0.865410745
v -0.08038759 12.1813965 0.738899
v -0.0244905353 12.46909 0.623986363
v 0.0511051081 12.5018406 0.462005228
v 0.09858161 12.4837847 0.2677197
v -0.06632422 12.5434856 0.317714632
v 0.0525139868 12.5434856 0.118329957
v 0.133060485 12.5434856 0.436552852
v -0.06632422 12.5434856 0.317714632
v 0.251898646 12.5434856 0.237168133
v 0.133060485 12.5434856 0.436552852
v 0.0525139868 12.5434856 0.118329957
v 0.251898646 12.5434856 0.237168133
v -0.0677403063 12.6541662 0.3180731
v 0.05215557 12.6541662 0.116913855
v 0.0525139868 12.5434856 0.118329957
v -0.06632422 12.5434856 0.317714632
v 0.133418918 12.6541662 0.43796894
v -0.0677403063 12.6541662 0.3180731
v -0.06632422 12.5434856 0.317714632
v 0.133060485 12.5434856 0.436552852
v 0.2533148 12.6541662 0.2368097
v 0.133418918 12.6541662 0.43796894
v 0.133060485 12.5434856 0.436552852
v 0.251898646 12.5434856 0.237168133
v 0.05215557 12.6541662 0.116913855
v 0.2533148 12.6541662 0.2368097
v 0.251898646 12.5434856 0.237168133
v 0.0525139868 12.5434856 0.118329957
v 0.00129953772 12.71579 0.300598145
v 0.0696304739 12.71579 0.185953692
v 0.115944013 12.71579 0.3689291
v 0.00129953772 12.71579 0.300598145
v 0.184274927 12.71579 0.25428462
v 0.115944013 12.71579 0.3689291
v 0.0696304739 12.71579 0.185953692
v 0.184274927 12.71579 0.25428462
v 0.0696304739 12.71579 0.185953692
v 0.00129953772 12.71579 0.300598145
v -0.0128627419 12.7495432 0.304182827
v 0.06604581 12.7495432 0.1717914
v 0.00129953772 12.71579 0.300598145
v 0.115944013 12.71579 0.3689291
v 0.119528674 12.7495432 0.38309136
v -0.0128627419 12.7495432 0.304182827
v 0.115944013 12.71579 0.3689291
v 0.184274927 12.71579 0.25428462
v 0.198437214 12.7495432 0.250699967
v 0.119528674 12.7495432 0.38309136
v 0.184274927 12.71579 0.25428462
v 0.0696304739 12.71579 0.185953692
v 0.06604581 12.7495432 0.1717914
v 0.198437214 12.7495432 0.250699967
v 0.06604581 12.7495432 0.1717914
v -0.0128627419 12.7495432 0.304182827
v -0.0200178921 12.8407936 0.305993885
v 0.0642347559 12.8407936 0.164636284
v -0.0128627419 12.7495432 0.304182827
v 0.119528674 12.7495432 0.38309136
v 0.121339731 12.8407936 0.3902465
v -0.0200178921 12.8407936 0.305993885
v 0.119528674 12.7495432 0.38309136
v 0.198437214 12.7495432 0.250699967
v 0.205592349 12.8407936 0.24888888
v 0.121339731 12.8407936 0.3902465
v 0.198437214 12.7495432 0.250699967
v 0.06604581 12.7495432 0.1717914
v 0.0642347559 12.8407936 0.164636284
v 0.205592349 12.8407936 0.24888888
v 0.0642347559 12.8407936 0.164636284
v -0.0200178921 12.8407936 0.305993885
v 0.019160673 12.9320421 0.296077281
v 0.07415137 12.9320421 0.203814819
v -0.0200178921 12.8407936 0.305993885
v 0.121339731 12.8407936 0.3902465
v 0.11142312 12.9320421 0.35106796
v 0.019160673 12.9320421 0.296077281
v 0.121339731 12.8407936 0.3902465
v 0.205592349 12.8407936 0.24888888
v 0.166413814 12.9320421 0.2588055
v 0.11142312 12.9320421 0.35106796
v 0.205592349 12.8407936 0.24888888
v 0.0642347559 12.8407936 0.164636284
v 0.07415137 12.9320421 0.203814819
v 0.166413814 12.9320421 0.2588055
v 0.07415137 12.9320421 0.203814819
v 0.019160673 12.9320421 0.296077281
v 0.09278724 13.5399008 0.277441382
v 0.019160673 12.9320421 0.296077281
v 0.11142312 12.9320421 0.35106796
v 0.09278724 13.5399008 0.277441382
v 0.11142312 12.9320421 0.35106796
v 0.166413814 12.9320421 0.2588055
v 0.09278724 13.5399008 0.277441382
v 0.166413814 12.9320421 0.2588055
v 0.07415137 12.9320421 0.203814819
v 0.09278724 13.5399008 0.277441382
v 0.3333066 11.686554 0.8291142
v 0.341761976 11.9221478 0.851219237
v 0.491693676 11.9221478 0.7674115
v 0.4772426 11.686554 0.7486578
v 0.341761976 11.9221478 0.851219237
v 0.2951424 12.1813965 0.7436227
v 0.424465418 12.1813965 0.6713346
v 0.491693676 11.9221478 0.7674115
v 0.2951424 12.1813965 0.7436227
v 0.171696529 12.5018406 0.448203385
v 0.250622541 12.5018406 0.404085875
v 0.424465418 12.1813965 0.6713346
v 0.143302456 12.59274 0.3826707
v 0.167473257 12.4963436 0.438456118
v 0.244532332 12.4963427 0.395382226
v 0.209676519 12.59274 0.345569372
v 0.167473257 12.4963436 0.438456118
v 0.2425553 12.46909 0.6271597
v 0.352897018 12.46909 0.565481842
v 0.244532332 12.4963427 0.395382226
v 0.2425553 12.46909 0.6271597
v 0.3506472 12.2391768 0.8717259
v 0.504506648 12.2391768 0.785722554
v 0.352897018 12.46909 0.565481842
v 0.3506472 12.2391768 0.8717259
v 0.4221993 11.940897 1.036866
v 0.607689261 11.940897 0.9331821
v 0.504506648 12.2391768 0.785722554
v 0.4221993 11.940897 1.036866
v 0.4363836 11.68998 1.06701255
v 0.625885844 11.68998 0.961086
v 0.607689261 11.940897 0.9331821
v 0.167473257 12.4963436 0.438456118
v 0.143302456 12.59274 0.3826707
v 0.133236751 12.5117874 0.3594394
v 0.171696529 12.5018406 0.448203385
v 0.3333066 11.686554 0.8291142
v 0.4363836 11.68998 1.06701255
v 0.4221993 11.940897 1.036866
v 0.341761976 11.9221478 0.851219237
v 0.3506472 12.2391768 0.8717259
v 0.2951424 12.1813965 0.7436227
v 0.2425553 12.46909 0.6271597
v 0.195161179 12.5117874 0.324825317
v 0.209676519 12.59274 0.345569372
v 0.244532332 12.4963427 0.395382226
v 0.607689261 11.940897 0.9331821
v 0.625885844 11.68998 0.961086
v 0.4772426 11.686554 0.7486578
v 0.491693676 11.9221478 0.7674115
v 0.504506648 12.2391768 0.785722554
v 0.424465418 12.1813965 0.6713346
v 0.352897018 12.46909 0.565481842
v 0.250622541 12.5018406 0.404085875
v 0.709440649 11.686554 0.3581601
v 0.732812345 11.9221478 0.3619025
v 0.7351986 11.9221478 0.190154016
v 0.711731434 11.686554 0.193279654
v 0.732812345 11.9221478 0.3619025
v 0.6163213 12.1813965 0.348478049
v 0.6183795 12.1813965 0.200337023
v 0.7351986 11.9221478 0.190154016
v 0.6163213 12.1813965 0.348478049
v 0.298758 12.5018406 0.307687432
v 0.3000141 12.5018406 0.217276737
v 0.6183795 12.1813965 0.200337023
v 0.227808028 12.59274 0.2995111
v 0.288205028 12.4963436 0.3064713
v 0.289431483 12.4963427 0.218199223
v 0.228864372 12.59274 0.223478809
v 0.288205028 12.4963436 0.3064713
v 0.489168227 12.46909 0.335800141
v 0.4909244 12.46909 0.209402457
v 0.289431483 12.4963427 0.218199223
v 0.489168227 12.46909 0.335800141
v 0.7550143 12.2391768 0.3644611
v 0.757463 12.2391768 0.18821317
v 0.4909244 12.46909 0.209402457
v 0.7550143 12.2391768 0.3644611
v 0.9338058 11.940897 0.385065168
v 0.9367578 11.940897 0.172584221
v 0.757463 12.2391768 0.18821317
v 0.9338058 11.940897 0.385065168
v 0.9670053 11.68998 0.387842029
v 0.9700213 11.68998 0.170764789
v 0.9367578 11.940897 0.172584221
v 0.288205028 12.4963436 0.3064713
v 0.227808028 12.59274 0.2995111
v 0.202656284 12.5117874 0.29661262
v 0.298758 12.5018406 0.307687432
v 0.709440649 11.686554 0.3581601
v 0.9670053 11.68998 0.387842029
v 0.9338058 11.940897 0.385065168
v 0.732812345 11.9221478 0.3619025
v 0.7550143 12.2391768 0.3644611
v 0.6163213 12.1813965 0.348478049
v 0.489168227 12.46909 0.335800141
v 0.203641817 12.5117874 0.225677431
v 0.228864372 12.59274 0.223478809
v 0.289431483 12.4963427 0.218199223
v 0.9367578 11.940897 0.172584221
v 0.9700213 11.68998 0.170764789
v 0.711731434 11.686554 0.193279654
v 0.7351986 11.9221478 0.190154016
v 0.757463 12.2391768 0.18821317
v 0.6183795 12.1813965 0.200337023
v 0.4909244 12.46909 0.209402457
v 0.3000141 12.5018406 0.217276737
v 0.489649534 11.686554 -0.2030586
v 0.504576743 11.9221478 -0.221415341
v 0.3570313 11.9221478 -0.3093561
v 0.348004282 11.686554 -0.287482619
v 0.504576743 11.9221478 -0.221415341
v 0.434705257 12.1813965 -0.12724328
v 0.307440519 12.1813965 -0.2030963
v 0.3570313 11.9221478 -0.3093561
v 0.434705257 12.1813965 -0.12724328
v 0.240598291 12.5018406 0.127391011
v 0.162928417 12.5018406 0.08109783
v 0.307440519 12.1813965 -0.2030963
v 0.198042408 12.59274 0.184747338
v 0.234268576 12.4963436 0.135922074
v 0.158435985 12.4963427 0.09072389
v 0.132724687 12.59274 0.145816356
v 0.234268576 12.4963436 0.135922074
v 0.3601497 12.46909 -0.023452729
v 0.251564175 12.46909 -0.0881724954
v 0.158435985 12.4963427 0.09072389
v 0.3601497 12.46909 -0.023452729
v 0.5178935 12.2391768 -0.239363432
v 0.3664827 12.2391768 -0.329608023
v 0.251564175 12.46909 -0.0881724954
v 0.5178935 12.2391768 -0.239363432
v 0.625132859 11.940897 -0.3838994
v 0.442595124 11.940897 -0.492696464
v 0.3664827 12.2391768 -0.329608023
v 0.625132859 11.940897 -0.3838994
v 0.644137144 11.68998 -0.411275029
v 0.457650721 11.68998 -0.522425532
v 0.442595124 11.940897 -0.492696464
v 0.234268576 12.4963436 0.135922074
v 0.198042408 12.59274 0.184747338
v 0.182956368 12.5117874 0.205080122
v 0.240598291 12.5018406 0.127391011
v 0.489649534 11.686554 -0.2030586
v 0.644137144 11.68998 -0.411275029
v 0.625132859 11.940897 -0.3838994
v 0.504576743 11.9221478 -0.221415341
v 0.5178935 12.2391768 -0.239363432
v 0.434705257 12.1813965 -0.12724328
v 0.3601497 12.46909 -0.023452729
v 0.122017473 12.5117874 0.168759048
v 0.132724687 12.59274 0.145816356
v 0.158435985 12.4963427 0.09072389
v 0.442595124 11.940897 -0.492696464
v 0.457650721 11.68998 -0.522425532
v 0.348004282 11.686554 -0.287482619
v 0.3570313 11.9221478 -0.3093561
v 0.3664827 12.2391768 -0.329608023
v 0.307440519 12.1813965 -0.2030963
v 0.251564175 12.46909 -0.0881724954
v 0.162928417 12.5018406 0.08109783
v -0.482409716 11.686554 0.1776307
v -0.5057593 11.9221478 0.173900113
v -0.50814563 11.9221478 0.345648646
v -0.4847005 11.686554 0.342511058
v -0.5057593 11.9221478 0.173900113
v -0.389268219 12.1813965 0.187324643
v -0.3913265 12.1813965 0.33546564
v -0.50814563 11.9221478 0.345648646
v -0.389268219 12.1813965 0.187324643
v -0.07168424 12.5018406 0.2281265
v -0.07294038 12.5018406 0.318537176
v -0.3913265 12.1813965 0.33546564
v -0.0007342398 12.59274 0.236302838
v -0.061131224 12.4963436 0.229342639
v -0.06235771 12.4963427 0.3176147
v -0.00179061294 12.59274 0.312335134
v -0.061131224 12.4963436 0.229342639
v -0.262094438 12.46909 0.200013787
v -0.2638506 12.46909 0.326411426
v -0.06235771 12.4963427 0.3176147
v -0.262094438 12.46909 0.200013787
v -0.527961254 12.2391768 0.171341538
v -0.530409932 12.2391768 0.347589374
v -0.2638506 12.46909 0.326411426
v -0.527961254 12.2391768 0.171341538
v -0.7067527 11.940897 0.1507375
v -0.709704936 11.940897 0.363218367
v -0.530409932 12.2391768 0.347589374
v -0.7067527 11.940897 0.1507375
v -0.7399743 11.68998 0.147948742
v -0.742990255 11.68998 0.365025878
v -0.709704936 11.940897 0.363218367
v -0.061131224 12.4963436 0.229342639
v -0.0007342398 12.59274 0.236302838
v 0.0244174972 12.5117874 0.239201337
v -0.07168424 12.5018406 0.2281265
v -0.482409716 11.686554 0.1776307
v -0.7399743 11.68998 0.147948742
v -0.7067527 11.940897 0.1507375
v -0.5057593 11.9221478 0.173900113
v -0.527961254 12.2391768 0.171341538
v -0.389268219 12.1813965 0.187324643
v -0.262094438 12.46909 0.200013787
v 0.0234319419 12.5117874 0.3101365
v -0.00179061294 12.59274 0.312335134
v -0.06235771 12.4963427 0.3176147
v -0.709704936 11.940897 0.363218367
v -0.742990255 11.68998 0.365025878
v -0.4847005 11.686554 0.342511058
v -0.50814563 11.9221478 0.345648646
v -0.530409932 12.2391768 0.347589374
v -0.3913265 12.1813965 0.33546564
v -0.2638506 12.46909 0.326411426
v -0.07294038 12.5018406 0.318537176
v -0.106275707 11.686554 -0.293323159
v -0.114709094 11.9221478 -0.3154165
v -0.264640719 11.9221478 -0.231608748
v -0.250211716 11.686554 -0.212866873
v -0.114709094 11.9221478 -0.3154165
v -0.0680895 12.1813965 -0.207819909
v -0.197412461 12.1813965 -0.135531932
v -0.264640719 11.9221478 -0.231608748
v -0.0680895 12.1813965 -0.207819909
v 0.0553771555 12.5018406 0.08761057
v -0.0235488564 12.5018406 0.131728083
v -0.197412461 12.1813965 -0.135531932
v 0.08377126 12.59274 0.153143227
v 0.0596004426 12.4963436 0.09735775
v -0.0174586326 12.4963427 0.140431657
v 0.0173971877 12.59274 0.190244541
v 0.0596004426 12.4963436 0.09735775
v -0.0154816508 12.46909 -0.09134588
v -0.1258233 12.46909 -0.0296679139
v -0.0174586326 12.4963427 0.140431657
v -0.0154816508 12.46909 -0.09134588
v -0.123594314 12.2391768 -0.335923135
v -0.27745375 12.2391768 -0.249919832
v -0.1258233 12.46909 -0.0296679139
v -0.123594314 12.2391768 -0.335923135
v -0.195146412 11.940897 -0.5010632
v -0.380636215 11.940897 -0.397379279
v -0.27745375 12.2391768 -0.249919832
v -0.195146412 11.940897 -0.5010632
v -0.209352732 11.68998 -0.5312217
v -0.398855031 11.68998 -0.425294876
v -0.380636215 11.940897 -0.397379279
v 0.0596004426 12.4963436 0.09735775
v 0.08377126 12.59274 0.153143227
v 0.0938369557 12.5117874 0.17637451
v 0.0553771555 12.5018406 0.08761057
v -0.106275707 11.686554 -0.293323159
v -0.209352732 11.68998 -0.5312217
v -0.195146412 11.940897 -0.5010632
v -0.114709094 11.9221478 -0.3154165
v -0.123594314 12.2391768 -0.335923135
v -0.0680895 12.1813965 -0.207819909
v -0.0154816508 12.46909 -0.09134588
v 0.031912528 12.5117874 0.210988581
v 0.0173971877 12.59274 0.190244541
v -0.0174586326 12.4963427 0.140431657
v -0.380636215 11.940897 -0.397379279
v -0.398855031 11.68998 -0.425294876
v -0.250211716 11.686554 -0.212866873
v -0.264640719 11.9221478 -0.231608748
v -0.27745375 12.2391768 -0.249919832
v -0.197412461 12.1813965 -0.135531932
v -0.1258233 12.46909 -0.0296679139
v -0.0235488564 12.5018406 0.131728083
v 0.600383162 11.6977234 -0.549973
v -0.351360768 11.6977234 -0.563196063
v -0.191988349 11.7115383 -0.278079569
v 0.433151335 11.7115383 -0.269394279
v -0.351360768 11.6977234 -0.563196063
v -0.838684142 11.6977234 0.2544269
v -0.512079835 11.7115383 0.258964539
v -0.191988349 11.7115383 -0.278079569
v -0.838684142 11.6977234 0.2544269
v -0.374263644 11.6977234 1.08527267
v -0.207031786 11.7115383 0.804694
v -0.512079835 11.7115383 0.258964539
v -0.374263644 11.6977234 1.08527267
v 0.577480137 11.6977234 1.0984956
v 0.418107748 11.7115383 0.813379347
v -0.207031786 11.7115383 0.804694
v 0.577480137 11.6977234 1.0984956
v 1.06480348 11.6977234 0.280872822
v 0.7381992 11.7115383 0.27633518
v 0.418107748 11.7115383 0.813379347
v 1.06480348 11.6977234 0.280872822
v 0.600383162 11.6977234 -0.549973
v 0.433151335 11.7115383 -0.269394279
v 0.7381992 11.7115383 0.27633518
v 0.433151335 11.7115383 -0.269394279
v -0.191988349 11.7115383 -0.278079569
v -0.191988349 11.5877008 -0.2780795
v 0.433151335 11.5877008 -0.269394279
v -0.191988349 11.7115383 -0.278079569
v -0.512079835 11.7115383 0.258964539
v -0.5120798 11.5877008 0.258964568
v -0.191988349 11.5877008 -0.2780795
v -0.512079835 11.7115383 0.258964539
v -0.207031786 11.7115383 0.804694
v -0.207031757 11.5877008 0.804694
v -0.5120798 11.5877008 0.258964568
v -0.207031786 11.7115383 0.804694
v 0.418107748 11.7115383 0.813379347
v 0.418107748 11.5877008 0.813379347
v -0.207031757 11.5877008 0.804694
v 0.418107748 11.7115383 0.813379347
v 0.7381992 11.7115383 0.27633518
v 0.7381992 11.5877008 0.27633518
v 0.418107748 11.5877008 0.813379347
v 0.7381992 11.7115383 0.27633518
v 0.433151335 11.7115383 -0.269394279
v 0.433151335 11.5877008 -0.269394279
v 0.7381992 11.5877008 0.27633518
v -0.3486705 9.268238 -0.484058857
v 0.5123948 9.268238 -0.472095668
v -0.4356693 6.59466 -0.6396992
v -0.967851162 6.59466 0.253186882
v -0.7895636 9.268238 0.255663961
v -0.3486705 9.268238 -0.484058857
v -0.967851162 6.59466 0.253186882
v -0.460680366 6.59466 1.16051316
v -0.369391352 9.268238 1.00734985
v -0.7895636 9.268238 0.255663961
v 0.4916739 9.268238 1.0193131
v -0.369391352 9.268238 1.00734985
v 0.5786725 6.59466 1.17495322
v 1.11085463 6.59466 0.28206715
v 0.9325669 9.268238 0.279590249
v 0.4916739 9.268238 1.0193131
v 1.11085463 6.59466 0.28206715
v 0.6036837 6.59466 -0.6252589
v 0.5123948 9.268238 -0.472095668
v 0.9325669 9.268238 0.279590249
v 0.1148962 10.2056427 0.2611992
v 0.8782183 10.2798347 -1.01948953
v -0.6125517 10.2798347 -1.04020143
v -0.6125517 10.2798347 -1.04020143
v -1.37587368 10.2798347 0.240487367
v -1.37587368 10.2798347 0.240487367
v -0.6484258 10.2798347 1.54188776
v -0.6484258 10.2798347 1.54188776
v 0.842344046 10.2798347 1.56259966
v 0.842344046 10.2798347 1.56259966
v 1.605666 10.2798347 0.2819111
v 1.605666 10.2798347 0.2819111
v 0.8782183 10.2798347 -1.01948953
v 0.8782183 9.736092 -1.01948953
v -0.6125517 9.736092 -1.04020143
v -0.6125517 10.2798347 -1.04020143
v 0.8782183 10.2798347 -1.01948953
v -0.6125517 9.736092 -1.04020143
v -1.37587368 9.736092 0.240487367
v -1.37587368 10.2798347 0.240487367
v -0.6125517 10.2798347 -1.04020143
v -1.37587368 9.736092 0.240487367
v -0.6484258 9.736092 1.54188776
v -0.6484258 10.2798347 1.54188776
v -1.37587368 10.2798347 0.240487367
v -0.6484258 9.736092 1.54188776
v 0.842344046 9.736092 1.56259966
v 0.842344046 10.2798347 1.56259966
v -0.6484258 10.2798347 1.54188776
v 0.842344046 9.736092 1.56259966
v 1.605666 9.736092 0.2819111
v 1.605666 10.2798347 0.2819111
v 0.842344046 10.2798347 1.56259966
v 1.605666 9.736092 0.2819111
v 0.8782183 9.736092 -1.01948953
v 0.8782183 10.2798347 -1.01948953
v 1.605666 10.2798347 0.2819111
v 0.3771498 10.2150764 -0.178805232
v -0.135032058 10.2150764 -0.185921222
v -0.130419075 10.8767757 -0.1776686
v 0.372309357 10.8767757 -0.17068398
v -0.135032058 10.2150764 -0.185921222
v -0.397285581 10.2150764 0.254083276
v -0.387832165 10.8767757 0.2542146
v -0.130419075 10.8767757 -0.1776686
v -0.397285581 10.2150764 0.254083276
v -0.147357285 10.2106037 0.7012037
v -0.142516792 10.8767748 0.6930824
v -0.387832165 10.8767757 0.2542146
v -0.147357285 10.2106037 0.7012037
v 0.364824533 10.2150764 0.7083197
v 0.3602116 10.8767748 0.7000672
v -0.142516792 10.8767748 0.6930824
v 0.364824533 10.2150764 0.7083197
v 0.627078 10.2150764 0.268315136
v 0.61762464 10.8767748 0.268183857
v 0.3602116 10.8767748 0.7000672
v 0.627078 10.2150764 0.268315136
v 0.3771498 10.2150764 -0.178805232
v 0.372309357 10.8767757 -0.17068398
v 0.61762464 10.8767748 0.268183857
v -0.6484258 10.6927624 1.54188776
v -1.37587368 10.6927633 0.240487367
v -1.37587368 10.2798347 0.240487367
v -0.6484258 10.2798347 1.54188776
v -0.6125517 10.6929226 -1.04020143
v 0.8782183 10.6929226 -1.01948953
v 0.8782183 10.2798347 -1.01948953
v -0.6125517 10.2798347 -1.04020143
v -1.37587368 10.6927633 0.240487367
v -0.6125517 10.6929226 -1.04020143
v -0.6125517 10.2798347 -1.04020143
v -1.37587368 10.2798347 0.240487367
v 0.842344046 10.6929216 1.56259966
v -0.6484258 10.6927624 1.54188776
v -0.6484258 10.2798347 1.54188776
v 0.842344046 10.2798347 1.56259966
v 1.605666 10.6929216 0.2819111
v 0.842344046 10.6929216 1.56259966
v 0.842344046 10.2798347 1.56259966
v 1.605666 10.2798347 0.2819111
v 0.8782183 10.6929226 -1.01948953
v 1.605666 10.6929216 0.2819111
v 1.605666 10.2798347 0.2819111
v 0.8782183 10.2798347 -1.01948953
v -1.32746673 9.855089 0.23751761
v -1.315214 10.2562122 0.241642118
v -0.62053746 10.2565241 1.50221062
v -0.62053746 10.2565241 1.50221062
v -0.62053746 9.855089 1.50221062
v -1.32746673 9.855089 0.23751761
v 0.8630458 9.855089 -0.9869198
v 0.8630458 10.2565241 -0.9869198
v -0.5856751 10.2565241 -1.00704765
v -0.5856751 9.855089 -1.00704765
v -0.5856751 9.855089 -1.00704765
v -0.5856751 10.2565241 -1.00704765
v -1.32746673 10.2565241 0.23751761
v -1.32746673 9.855089 0.23751761
v -0.62053746 9.855089 1.50221062
v -0.62053746 10.2565241 1.50221062
v 0.8281835 10.2565241 1.52233791
v 0.8281835 9.855089 1.52233791
v 0.8281835 9.855089 1.52233791
v 0.8281835 10.2565241 1.52233791
v 1.5699749 10.2565241 0.277772963
v 1.5699749 9.855089 0.277772963
v 1.5699749 9.855089 0.277772963
v 1.5699749 10.2565241 0.277772963
v 0.8630458 10.2565241 -0.9869198
v 0.8630458 9.855089 -0.9869198
v -0.512895644 8.940542 -1.14863324
v -0.522497535 10.0691776 -1.0306251
v 0.7391886 10.0829277 -1.01932478
v 0.7487902 8.954292 -1.13733315
v -0.811277 8.998053 1.47546577
v -0.7108477 10.05317 1.428932
v -1.28269064 10.0660267 0.3972689
v -1.38311982 9.010908 0.443803072
v 1.70885861 8.888287 0.418949574
v 1.61343741 10.01369 0.3494314
v 0.947920442 10.027401 1.41712117
v 1.04334188 8.901998 1.48663878
v -1.36903429 10.6914864 0.252723247
v -0.662104964 10.6914854 1.51741576
v -1.36903429 10.290205 0.252723247
v -0.655265331 10.2863216 1.52965164
v -1.36219466 10.2863216 0.2649591
v -0.655265331 10.687603 1.52965164
v 0.8642019 10.6916428 -1.01968431
v -0.584518969 10.6916428 -1.03981185
v 0.8642019 10.2902069 -1.01968431
v -0.598535359 10.2863235 -1.04000664
v 0.8501856 10.2863235 -1.01987886
v -0.598535359 10.6877594 -1.04000664
v -0.619728565 10.6916428 -1.0281601
v -1.36152017 10.6914883 0.216405034
v -0.619728565 10.2902069 -1.0281601
v -1.36869693 10.2863216 0.2284462
v -0.6269053 10.2863216 -1.016119
v -1.36869693 10.687604 0.2284462
v -0.6344095 10.6914864 1.54208255
v 0.8143113 10.6916409 1.56221008
v -0.6344095 10.290206 1.54208255
v 0.828327656 10.2863235 1.56240487
v -0.6203931 10.2863235 1.5422771
v 0.828327656 10.6877594 1.56240487
v 0.849520862 10.6916428 1.55055833
v 1.59131229 10.6916428 0.3059934
v 0.849520862 10.2902069 1.55055833
v 1.59848928 10.2863235 0.293952256
v 0.856697738 10.2863235 1.53851724
v 1.59848928 10.6877594 0.293952256
v 1.59882653 10.6916428 0.269675255
v 0.8918974 10.6916428 -0.9950176
v 1.59882653 10.2902069 0.269675255
v 0.8850578 10.2863235 -1.00725365
v 1.591987 10.2863235 0.2574393
v 0.8850578 10.6877594 -1.00725365
vt 0.729399 0.222954154
vt 0.3648673 0.222954154
vt 0.3648673 -2.05039978E-05
vt 0.729399 -2.05039978E-05
vt 0.363400251 0.223242283
vt 0.007365823 0.223242283
vt 0.007365823 0.0004994273
vt 0.363400251 0.0004994273
vt 0.729399 0.222954154
vt 0.3648673 0.222954154
vt 0.3648673 -2.05039978E-05
vt 0.729399 -2.05039978E-05
vt 0.363400251 0.223242283
vt 0.007365823 0.223242283
vt 0.007365823 0.0004994273
vt 0.363400251 0.0004994273
vt 0.729399 0.222954154
vt 0.3648673 0.222954154
vt 0.3648673 -2.05039978E-05
vt 0.729399 -2.05039978E-05
vt 0.363400251 0.223242283
vt 0.007365823 0.223242283
vt 0.007365823 0.0004994273
vt 0.363400251 0.0004994273
vt 0.008988698 0.223242283
vt 0.363684356 0.223242283
vt 0.3231684 0.279427767
vt 0.0495047159 0.279427767
vt 0.008988698 0.223242283
vt 0.363684356 0.223242283
vt 0.3231684 0.279427767
vt 0.0495047159 0.279427767
vt 0.008988698 0.223242283
vt 0.363684356 0.223242283
vt 0.3231684 0.279427767
vt 0.0495047159 0.279427767
vt 0.008988698 0.223242283
vt 0.363684356 0.223242283
vt 0.3231684 0.279427767
vt 0.0495047159 0.279427767
vt 0.008988698 0.223242283
vt 0.363684356 0.223242283
vt 0.3231684 0.279427767
vt 0.0495047159 0.279427767
vt 0.008988698 0.223242283
vt 0.363684356 0.223242283
vt 0.3231684 0.279427767
vt 0.0495047159 0.279427767
vt 0.411347479 0.2558869
vt 0.692314 0.2558869
vt 0.6545596 0.5773876
vt 0.443497539 0.5773876
vt 0.04788184 0.256140769
vt 0.328848451 0.256140769
vt 0.290510863 0.576920331
vt 0.0828340948 0.576920331
vt 0.0477006435 0.2558869
vt 0.3286672 0.2558869
vt 0.290912777 0.576956451
vt 0.0798507 0.576956451
vt 0.04788184 0.256140769
vt 0.328848451 0.256140769
vt 0.290510863 0.576920331
vt 0.0828340948 0.576920331
vt 0.0477006435 0.2558869
vt 0.3286672 0.2558869
vt 0.290912777 0.576956451
vt 0.0798507 0.576956451
vt 0.04788184 0.256140769
vt 0.328848451 0.256140769
vt 0.290510863 0.576920331
vt 0.0828340948 0.576920331
vt 0.445445329 1.0000205
vt 0.4451816 0.9556272
vt 0.652875543 0.9556272
vt 0.6526118 1.0000205
vt 0.445458472 0.9995005
vt 0.445194751 0.955153465
vt 0.64950335 0.955153465
vt 0.6492396 0.9995005
vt 0.445445329 1.0000205
vt 0.4451816 0.9556272
vt 0.652875543 0.9556272
vt 0.6526118 1.0000205
vt 0.0847819149 0.9995005
vt 0.0845181942 0.955153465
vt 0.288826764 0.955153465
vt 0.288563043 0.9995005
vt 0.445445329 1.0000205
vt 0.4451816 0.9556272
vt 0.652875543 0.9556272
vt 0.6526118 1.0000205
vt 0.445458472 0.9995005
vt 0.445194751 0.955153465
vt 0.64950335 0.955153465
vt 0.6492396 0.9995005
vt NaN NaN
vt NaN NaN
vt NaN NaN
vt NaN NaN
vt 0.282028735 0.964874148
vt 0.7179715 0.964874148
vt NaN NaN
vt NaN NaN
vt NaN NaN
vt NaN NaN
vt 0.476828277 0.8998682
vt 0.634126 0.8998682
vt 0.634126 1.03114486
vt 0.476828277 1.03114486
vt 0.476828277 0.8998682
vt 0.634126 0.8998682
vt 0.634126 1.03114486
vt 0.476828277 1.03114486
vt 0.476828277 0.8998682
vt 0.634126 0.8998682
vt 0.634126 1.03114486
vt 0.476828277 1.03114486
vt 0.476828277 0.8998682
vt 0.634126 0.8998682
vt 0.634126 1.03114486
vt 0.476828277 1.03114486
vt 0.476828277 0.8998682
vt 0.634126 0.8998682
vt 0.634126 1.03114486
vt 0.476828277 1.03114486
vt 0.476828277 0.8998682
vt 0.634126 0.8998682
vt 0.634126 1.03114486
vt 0.476828277 1.03114486
vt 0.788084567 0.435304463
vt 0.8793799 0.435304463
vt 0.9250277 0.516464651
vt 0.8793799 0.6004139
vt 0.788084567 0.6004139
vt 0.7424368 0.5164647
vt 0.704483032 0.7382564
vt 0.9862538 0.7382564
vt 0.9862538 0.7884519
vt 0.704483032 0.7884519
vt 0.704483032 0.7382564
vt 0.9862538 0.7382564
vt 0.9862538 0.7884519
vt 0.704483032 0.7884519
vt 0.704483032 0.7382564
vt 0.9862538 0.7382564
vt 0.9862538 0.7884519
vt 0.704483032 0.7884519
vt 0.704483032 0.7382564
vt 0.9862538 0.7382564
vt 0.9862538 0.7884519
vt 0.704483032 0.7884519
vt 0.704483032 0.7382564
vt 0.9862538 0.7382564
vt 0.9862538 0.7884519
vt 0.704483032 0.7884519
vt 0.704483032 0.7382564
vt 0.9862538 0.7382564
vt 0.9862538 0.7884519
vt 0.704483032 0.7884519
vt 0.5738533 0.78546226
vt 0.563398063 0.853042543
vt 0.518126 0.8550566
vt 0.5100026 0.78546226
vt 0.563398063 0.853042543
vt 0.560120463 0.9258626
vt 0.5263889 0.9258626
vt 0.518126 0.8550566
vt 0.560120463 0.9258626
vt 0.5551063 0.980179131
vt 0.529923 0.980179131
vt 0.5263889 0.9258626
vt 0.233991534 0.8448196
vt 0.234065592 0.812374055
vt 0.147964939 0.8123739
vt 0.148322031 0.8448196
vt 0.234065592 0.812374055
vt 0.234296218 0.748245955
vt 0.146852642 0.748245955
vt 0.147964939 0.8123739
vt 0.234296218 0.748245955
vt 0.234690517 0.637551
vt 0.1449506 0.637551
vt 0.146852642 0.748245955
vt 0.234690517 0.637551
vt 0.234928787 0.518324435
vt 0.143801451 0.518324435
vt 0.1449506 0.637551
vt 0.234928787 0.518324435
vt 0.235028043 0.419577837
vt 0.143322662 0.419577837
vt 0.143801451 0.518324435
vt 0.308491766 0.980420947
vt 0.298014224 0.997118235
vt 0.293650985 0.983096
vt 0.310322464 0.9611262
vt 0.393782616 0.7904043
vt 0.4447047 0.7911767
vt 0.4306556 0.844803452
vt 0.392751575 0.840773046
vt 0.3969385 0.9089229
vt 0.370783269 0.896502137
vt 0.3411283 0.9543055
vt 0.2910984 0.984533846
vt 0.295461684 0.998556137
vt 0.305939227 0.9818587
vt 0.428764015 0.846241236
vt 0.443076521 0.7876112
vt 0.393471032 0.7868388
vt 0.39244 0.8422109
vt 0.391886979 0.913520753
vt 0.365205079 0.9039966
vt 0.3392367 0.9557434
vt 0.307769924 0.962564051
vt 0.364184856 0.402454436
vt 0.397006273 0.434860528
vt 0.334938854 0.434860528
vt 0.397006273 0.434860528
vt 0.334938854 0.434860528
vt 0.397006273 0.434860528
vt 0.334938854 0.434860528
vt 0.397006273 0.434860528
vt 0.334938854 0.434860528
vt 0.400039464 0.462427258
vt 0.3346504 0.462427258
vt 0.334938854 0.4352951
vt 0.397006273 0.4352951
vt 0.400039464 0.462427258
vt 0.3346504 0.462427258
vt 0.334938854 0.4352951
vt 0.397006273 0.4352951
vt 0.400039464 0.462427258
vt 0.3346504 0.462427258
vt 0.334938854 0.4352951
vt 0.397006273 0.4352951
vt 0.400039464 0.462427258
vt 0.3346504 0.462427258
vt 0.334938854 0.4352951
vt 0.397006273 0.4352951
vt 0.385978162 0.479634523
vt 0.3487117 0.479634523
vt 0.385978162 0.479634523
vt 0.3487117 0.479634523
vt 0.385978162 0.479634523
vt 0.3487117 0.479634523
vt 0.385978162 0.479634523
vt 0.3487117 0.479634523
vt 0.3487117 0.479634523
vt 0.385978162 0.479634523
vt 0.38886255 0.492832124
vt 0.3458273 0.492832124
vt 0.3487117 0.479634523
vt 0.385978162 0.479634523
vt 0.38886255 0.492832124
vt 0.3458273 0.492832124
vt 0.3487117 0.479634523
vt 0.385978162 0.479634523
vt 0.38886255 0.492832124
vt 0.3458273 0.492832124
vt 0.3487117 0.479634523
vt 0.385978162 0.479634523
vt 0.38886255 0.492832124
vt 0.3458273 0.492832124
vt 0.3458273 0.492832124
vt 0.38886255 0.492832124
vt 0.3903199 0.5183114
vt 0.34437 0.5183114
vt 0.3458273 0.492832124
vt 0.38886255 0.492832124
vt 0.3903199 0.5183114
vt 0.34437 0.5183114
vt 0.3458273 0.492832124
vt 0.38886255 0.492832124
vt 0.3903199 0.5183114
vt 0.34437 0.5183114
vt 0.3458273 0.492832124
vt 0.38886255 0.492832124
vt 0.3903199 0.5183114
vt 0.34437 0.5183114
vt 0.34437 0.5183114
vt 0.3903199 0.5183114
vt 0.382340461 0.5437908
vt 0.3523495 0.5437908
vt 0.34437 0.5183114
vt 0.3903199 0.5183114
vt 0.382340461 0.5437908
vt 0.3523495 0.5437908
vt 0.34437 0.5183114
vt 0.3903199 0.5183114
vt 0.382340461 0.5437908
vt 0.3523495 0.5437908
vt 0.34437 0.5183114
vt 0.3903199 0.5183114
vt 0.382340461 0.5437908
vt 0.3523495 0.5437908
vt 0.3523495 0.5437908
vt 0.382340461 0.5437908
vt 0.371004671 0.7469535
vt 0.3523495 0.5437908
vt 0.382340461 0.5437908
vt 0.371004671 0.7469535
vt 0.3523495 0.5437908
vt 0.382340461 0.5437908
vt 0.371004671 0.7469535
vt 0.3523495 0.5437908
vt 0.382340461 0.5437908
vt 0.371004671 0.7469535
vt 0.5738533 0.78546226
vt 0.563398063 0.853042543
vt 0.518126 0.8550566
vt 0.5100026 0.78546226
vt 0.563398063 0.853042543
vt 0.560120463 0.9258626
vt 0.5263889 0.9258626
vt 0.518126 0.8550566
vt 0.560120463 0.9258626
vt 0.5551063 0.980179131
vt 0.529923 0.980179131
vt 0.5263889 0.9258626
vt 0.233991534 0.8448196
vt 0.234065592 0.812374055
vt 0.147964939 0.8123739
vt 0.148322031 0.8448196
vt 0.234065592 0.812374055
vt 0.234296218 0.748245955
vt 0.146852642 0.748245955
vt 0.147964939 0.8123739
vt 0.234296218 0.748245955
vt 0.234690517 0.637551
vt 0.1449506 0.637551
vt 0.146852642 0.748245955
vt 0.234690517 0.637551
vt 0.234928787 0.518324435
vt 0.143801451 0.518324435
vt 0.1449506 0.637551
vt 0.234928787 0.518324435
vt 0.235028043 0.419577837
vt 0.143322662 0.419577837
vt 0.143801451 0.518324435
vt 0.308491766 0.980420947
vt 0.298014224 0.997118235
vt 0.293650985 0.983096
vt 0.310322464 0.9611262
vt 0.393782616 0.7904043
vt 0.4447047 0.7911767
vt 0.4306556 0.844803452
vt 0.392751575 0.840773046
vt 0.3969385 0.9089229
vt 0.370783269 0.896502137
vt 0.3411283 0.9543055
vt 0.2910984 0.984533846
vt 0.295461684 0.998556137
vt 0.305939227 0.9818587
vt 0.428764015 0.846241236
vt 0.443076521 0.7876112
vt 0.393471032 0.7868388
vt 0.39244 0.8422109
vt 0.391886979 0.913520753
vt 0.365205079 0.9039966
vt 0.3392367 0.9557434
vt 0.307769924 0.962564051
vt 0.5738533 0.78546226
vt 0.563398063 0.853042543
vt 0.518126 0.8550566
vt 0.5100026 0.78546226
vt 0.563398063 0.853042543
vt 0.560120463 0.9258626
vt 0.5263889 0.9258626
vt 0.518126 0.8550566
vt 0.560120463 0.9258626
vt 0.5551063 0.980179131
vt 0.529923 0.980179131
vt 0.5263889 0.9258626
vt 0.233991534 0.8448196
vt 0.234065592 0.812374055
vt 0.147964939 0.8123739
vt 0.148322031 0.8448196
vt 0.234065592 0.812374055
vt 0.234296218 0.748245955
vt 0.146852642 0.748245955
vt 0.147964939 0.8123739
vt 0.234296218 0.748245955
vt 0.234690517 0.637551
vt 0.1449506 0.637551
vt 0.146852642 0.748245955
vt 0.234690517 0.637551
vt 0.234928787 0.518324435
vt 0.143801451 0.518324435
vt 0.1449506 0.637551
vt 0.234928787 0.518324435
vt 0.235028043 0.419577837
vt 0.143322662 0.419577837
vt 0.143801451 0.518324435
vt 0.308491766 0.980420947
vt 0.298014224 0.997118235
vt 0.293650985 0.983096
vt 0.310322464 0.9611262
vt 0.393782616 0.7904043
vt 0.4447047 0.7911767
vt 0.4306556 0.844803452
vt 0.392751575 0.840773046
vt 0.3969385 0.9089229
vt 0.370783269 0.896502137
vt 0.3411283 0.9543055
vt 0.2910984 0.984533846
vt 0.295461684 0.998556137
vt 0.305939227 0.9818587
vt 0.428764015 0.846241236
vt 0.443076521 0.7876112
vt 0.393471032 0.7868388
vt 0.39244 0.8422109
vt 0.391886979 0.913520753
vt 0.365205079 0.9039966
vt 0.3392367 0.9557434
vt 0.307769924 0.962564051
vt 0.5738533 0.78546226
vt 0.563398063 0.853042543
vt 0.518126 0.8550566
vt 0.5100026 0.78546226
vt 0.563398063 0.853042543
vt 0.560120463 0.9258626
vt 0.5263889 0.9258626
vt 0.518126 0.8550566
vt 0.560120463 0.9258626
vt 0.5551063 0.980179131
vt 0.529923 0.980179131
vt 0.5263889 0.9258626
vt 0.233991534 0.8448196
vt 0.234065592 0.812374055
vt 0.147964939 0.8123739
vt 0.148322031 0.8448196
vt 0.234065592 0.812374055
vt 0.234296218 0.748245955
vt 0.146852642 0.748245955
vt 0.147964939 0.8123739
vt 0.234296218 0.748245955
vt 0.234690517 0.637551
vt 0.1449506 0.637551
vt 0.146852642 0.748245955
vt 0.234690517 0.637551
vt 0.234928787 0.518324435
vt 0.143801451 0.518324435
vt 0.1449506 0.637551
vt 0.234928787 0.518324435
vt 0.235028043 0.419577837
vt 0.143322662 0.419577837
vt 0.143801451 0.518324435
vt 0.308491766 0.980420947
vt 0.298014224 0.997118235
vt 0.293650985 0.983096
vt 0.310322464 0.9611262
vt 0.393782616 0.7904043
vt 0.4447047 0.7911767
vt 0.4306556 0.844803452
vt 0.392751575 0.840773046
vt 0.3969385 0.9089229
vt 0.370783269 0.896502137
vt 0.3411283 0.9543055
vt 0.2910984 0.984533846
vt 0.295461684 0.998556137
vt 0.305939227 0.9818587
vt 0.428764015 0.846241236
vt 0.443076521 0.7876112
vt 0.393471032 0.7868388
vt 0.39244 0.8422109
vt 0.391886979 0.913520753
vt 0.365205079 0.9039966
vt 0.3392367 0.9557434
vt 0.307769924 0.962564051
vt 0.5738533 0.78546226
vt 0.563398063 0.853042543
vt 0.518126 0.8550566
vt 0.5100026 0.78546226
vt 0.563398063 0.853042543
vt 0.560120463 0.9258626
vt 0.5263889 0.9258626
vt 0.518126 0.8550566
vt 0.560120463 0.9258626
vt 0.5551063 0.980179131
vt 0.529923 0.980179131
vt 0.5263889 0.9258626
vt 0.233991534 0.8448196
vt 0.234065592 0.812374055
vt 0.147964939 0.8123739
vt 0.148322031 0.8448196
vt 0.234065592 0.812374055
vt 0.234296218 0.748245955
vt 0.146852642 0.748245955
vt 0.147964939 0.8123739
vt 0.234296218 0.748245955
vt 0.234690517 0.637551
vt 0.1449506 0.637551
vt 0.146852642 0.748245955
vt 0.234690517 0.637551
vt 0.234928787 0.518324435
vt 0.143801451 0.518324435
vt 0.1449506 0.637551
vt 0.234928787 0.518324435
vt 0.235028043 0.419577837
vt 0.143322662 0.419577837
vt 0.143801451 0.518324435
vt 0.308491766 0.980420947
vt 0.298014224 0.997118235
vt 0.293650985 0.983096
vt 0.310322464 0.9611262
vt 0.393782616 0.7904043
vt 0.4447047 0.7911767
vt 0.4306556 0.844803452
vt 0.392751575 0.840773046
vt 0.3969385 0.9089229
vt 0.370783269 0.896502137
vt 0.3411283 0.9543055
vt 0.2910984 0.984533846
vt 0.295461684 0.998556137
vt 0.305939227 0.9818587
vt 0.428764015 0.846241236
vt 0.443076521 0.7876112
vt 0.393471032 0.7868388
vt 0.39244 0.8422109
vt 0.391886979 0.913520753
vt 0.365205079 0.9039966
vt 0.3392367 0.9557434
vt 0.307769924 0.962564051
vt 0.5738533 0.78546226
vt 0.563398063 0.853042543
vt 0.518126 0.8550566
vt 0.5100026 0.78546226
vt 0.563398063 0.853042543
vt 0.560120463 0.9258626
vt 0.5263889 0.9258626
vt 0.518126 0.8550566
vt 0.560120463 0.9258626
vt 0.5551063 0.980179131
vt 0.529923 0.980179131
vt 0.5263889 0.9258626
vt 0.233991534 0.8448196
vt 0.234065592 0.812374055
vt 0.147964939 0.8123739
vt 0.148322031 0.8448196
vt 0.234065592 0.812374055
vt 0.234296218 0.748245955
vt 0.146852642 0.748245955
vt 0.147964939 0.8123739
vt 0.234296218 0.748245955
vt 0.234690517 0.637551
vt 0.1449506 0.637551
vt 0.146852642 0.748245955
vt 0.234690517 0.637551
vt 0.234928787 0.518324435
vt 0.143801451 0.518324435
vt 0.1449506 0.637551
vt 0.234928787 0.518324435
vt 0.235028043 0.419577837
vt 0.143322662 0.419577837
vt 0.143801451 0.518324435
vt 0.308491766 0.980420947
vt 0.298014224 0.997118235
vt 0.293650985 0.983096
vt 0.310322464 0.9611262
vt 0.393782616 0.7904043
vt 0.4447047 0.7911767
vt 0.4306556 0.844803452
vt 0.392751575 0.840773046
vt 0.3969385 0.9089229
vt 0.370783269 0.896502137
vt 0.3411283 0.9543055
vt 0.2910984 0.984533846
vt 0.295461684 0.998556137
vt 0.305939227 0.9818587
vt 0.428764015 0.846241236
vt 0.443076521 0.7876112
vt 0.393471032 0.7868388
vt 0.39244 0.8422109
vt 0.391886979 0.913520753
vt 0.365205079 0.9039966
vt 0.3392367 0.9557434
vt 0.307769924 0.962564051
vt 0.7211693 0.7855406
vt 0.9805172 0.785373151
vt 0.934842169 0.6826076
vt 0.761748552 0.6833136
vt 0.9805172 0.785373151
vt 0.7143182 0.785373151
vt 0.7599933 0.6826076
vt 0.934842169 0.6826076
vt 0.7143182 0.785373151
vt 0.980346262 0.785645068
vt 0.933087051 0.682939053
vt 0.7599933 0.6826076
vt 0.980346262 0.785645068
vt 0.7143182 0.785820961
vt 0.7599933 0.683163166
vt 0.933087051 0.682939053
vt 0.7143182 0.785820961
vt 0.9805172 0.785820961
vt 0.934842169 0.683163166
vt 0.7599933 0.683163166
vt 0.9805172 0.785820961
vt 0.7211693 0.7855406
vt 0.761748552 0.6833136
vt 0.934842169 0.683163166
vt 0 0
vt 0.2985807 0
vt 0.2985807 0.0442417264
vt 0 0.0442417264
vt 0 0
vt 0.2985807 0
vt 0.2985807 0.0442417264
vt 0 0.0442417264
vt 0 0
vt 0.2985807 0
vt 0.2985807 0.0442417264
vt 0 0.0442417264
vt 0 0
vt 0.2985807 0
vt 0.2985807 0.0442417264
vt 0 0.0442417264
vt 0 0
vt 0.2985807 0
vt 0.2985807 0.0442417264
vt 0 0.0442417264
vt 0 0
vt 0.2985807 0
vt 0.2985807 0.0442417264
vt 0 0.0442417264
vt 0.652875543 0.992467761
vt 0.4451816 0.992467761
vt 0.443510652 0.577351451
vt 0.6511874 0.577351451
vt 0.64950335 0.991994
vt 0.445194751 0.991994
vt 0.443497539 0.5773876
vt 0.6545596 0.5773876
vt 0.652875543 0.992467761
vt 0.4451816 0.992467761
vt 0.288826764 0.995560169
vt 0.0845181942 0.995560169
vt 0.443497539 0.5773876
vt 0.6545596 0.5773876
vt 0.652875543 0.992467761
vt 0.4451816 0.992467761
vt 0.443510652 0.577351451
vt 0.6511874 0.577351451
vt 0.64950335 0.991994
vt 0.445194751 0.991994
vt 0.8078313 0.6012589
vt 0.62252754 0.9940775
vt 0.9990042 0.994098961
vt 0.9995265 0.994096339
vt 0.6219004 0.9940745
vt 0.62252754 0.9940775
vt 0.9990042 0.994098961
vt 0.9995265 0.994096339
vt 0.6219004 0.9940745
vt 0.62252754 0.9940775
vt 0.9990042 0.994098961
vt 0.9995265 0.994096339
vt 0.6219004 0.9940745
vt 0.313695282 0.1225152
vt 0.9310783 0.1225152
vt 0.9310783 0.29949826
vt 0.313695282 0.29949826
vt 0.313695282 0.1225152
vt 0.9310783 0.1225152
vt 0.9310783 0.29949826
vt 0.313695282 0.29949826
vt 0.313695282 0.1225152
vt 0.9310783 0.1225152
vt 0.9310783 0.29949826
vt 0.313695282 0.29949826
vt 0.313695282 0.1225152
vt 0.9310783 0.1225152
vt 0.9310783 0.29949826
vt 0.313695282 0.29949826
vt 0.313695282 0.1225152
vt 0.9310783 0.1225152
vt 0.9310783 0.29949826
vt 0.313695282 0.29949826
vt 0.958419144 0.1225152
vt 0.335368246 0.1225152
vt 0.335368246 0.29949826
vt 0.958419144 0.29949826
vt 0.7319345 0.795524538
vt 0.9419749 0.795524538
vt 0.940090835 0.9933299
vt 0.7338184 0.9933299
vt 0.7319345 0.795524538
vt 0.9419749 0.795524538
vt 0.940090835 0.9933299
vt 0.7338184 0.9933299
vt 0.7319345 0.795524538
vt 0.9419749 0.795524538
vt 0.940090835 0.9933299
vt 0.7338184 0.9933299
vt 0.7319345 0.795524538
vt 0.9419749 0.795524538
vt 0.940090835 0.9933299
vt 0.7338184 0.9933299
vt 0.7319345 0.795524538
vt 0.9419749 0.795524538
vt 0.940090835 0.9933299
vt 0.7338184 0.9933299
vt 0.7319345 0.795524538
vt 0.9419749 0.795524538
vt 0.940090835 0.9933299
vt 0.7338184 0.9933299
vt 0.9919693 0.112087727
vt 0.735999763 0.112087727
vt 0.735999763 0.001861155
vt 0.9919693 0.001861155
vt 0.9919693 0.112087727
vt 0.735999763 0.112087727
vt 0.735999763 0.001861155
vt 0.9919693 0.001861155
vt 0.9919693 0.112087727
vt 0.735999763 0.112087727
vt 0.735999763 0.001861155
vt 0.9919693 0.001861155
vt 0.9919693 0.112087727
vt 0.735999763 0.112087727
vt 0.735999763 0.001861155
vt 0.9919693 0.001861155
vt 0.9919693 0.112087727
vt 0.735999763 0.112087727
vt 0.735999763 0.001861155
vt 0.9919693 0.001861155
vt 0.9919693 0.112087727
vt 0.735999763 0.112087727
vt 0.735999763 0.001861155
vt 0.9919693 0.001861155
vt 0.735999763 0.001861155
vt 0.735999763 0.112087727
vt 0.9919693 0.112087727
vt 0.9919693 0.112087727
vt 0.9919693 0.001861155
vt 0.735999763 0.001861155
vt 0.735999763 0.001861155
vt 0.735999763 0.112087727
vt 0.9919693 0.112087727
vt 0.9919693 0.001861155
vt 0.735999763 0.001861155
vt 0.735999763 0.112087727
vt 0.9919693 0.112087727
vt 0.9919693 0.001861155
vt 0.735999763 0.001861155
vt 0.735999763 0.112087727
vt 0.9919693 0.112087727
vt 0.9919693 0.001861155
vt 0.735999763 0.001861155
vt 0.735999763 0.112087727
vt 0.9919693 0.112087727
vt 0.9919693 0.001861155
vt 0.735999763 0.001861155
vt 0.735999763 0.112087727
vt 0.9919693 0.112087727
vt 0.9919693 0.001861155
vt 0.229047477 0.08966607
vt 0.229047477 0.330166221
vt 0.0004995465 0.330166221
vt 0.0004995167 0.08966607
vt 0.229047477 0.08966607
vt 0.229047477 0.330166221
vt 0.0004995465 0.330166221
vt 0.0004995167 0.08966607
vt 0.229047477 0.08966607
vt 0.229047477 0.330166221
vt 0.0004995465 0.330166221
vt 0.0004995167 0.08966607
vt 0.735999763 0.112087727
vt 0.9919693 0.112087727
vt 0.735999763 0.001861155
vt 0.9919693 0.001861155
vt 0.735999763 0.001861155
vt 0.9919693 0.112087727
vt 0.735999763 0.112087727
vt 0.9919693 0.112087727
vt 0.735999763 0.001861155
vt 0.9919693 0.001861155
vt 0.735999763 0.001861155
vt 0.9919693 0.112087727
vt 0.735999763 0.112087727
vt 0.9919693 0.112087727
vt 0.735999763 0.001861155
vt 0.9919693 0.001861155
vt 0.735999763 0.001861155
vt 0.9919693 0.112087727
vt 0.735999763 0.112087727
vt 0.9919693 0.112087727
vt 0.735999763 0.001861155
vt 0.9919693 0.001861155
vt 0.735999763 0.001861155
vt 0.9919693 0.112087727
vt 0.735999763 0.112087727
vt 0.9919693 0.112087727
vt 0.735999763 0.001861155
vt 0.9919693 0.001861155
vt 0.735999763 0.001861155
vt 0.9919693 0.112087727
vt 0.735999763 0.112087727
vt 0.9919693 0.112087727
vt 0.735999763 0.001861155
vt 0.9919693 0.001861155
vt 0.735999763 0.001861155
vt 0.9919693 0.112087727
vn -0.487688839 0.0308261067 -0.8724731
vn 0.511739433 0.0308260862 -0.8585875
vn 0.5117394 0.0308260545 -0.8585875
vn -0.487688869 0.0308260862 -0.8724731
vn -0.999428332 0.0308260284 -0.0138854738
vn -0.487688839 0.0308261067 -0.8724731
vn -0.487688869 0.0308260862 -0.8724731
vn -0.999428332 0.0308260079 -0.0138854673
vn -0.5117393 0.0308260452 0.858587563
vn -0.999428332 0.0308260284 -0.0138854738
vn -0.999428332 0.0308260079 -0.0138854673
vn -0.5117393 0.0308260564 0.858587563
vn 0.487689018 0.0308261011 0.872473
vn -0.5117393 0.0308260452 0.858587563
vn -0.5117393 0.0308260564 0.858587563
vn 0.487689018 0.0308261178 0.872473
vn 0.999428332 0.030826157 0.0138854869
vn 0.487689018 0.0308261011 0.872473
vn 0.487689018 0.0308261178 0.872473
vn 0.999428332 0.0308261327 0.0138854636
vn 0.511739433 0.0308260862 -0.8585875
vn 0.999428332 0.030826157 0.0138854869
vn 0.999428332 0.0308261327 0.0138854636
vn 0.5117394 0.0308260545 -0.8585875
vn 0.0045449445 0.9449703 -0.327124625
vn 0.0045449445 0.9449703 -0.327124625
vn 0.0045449445 0.9449703 -0.327124625
vn 0.004544915 0.94497025 -0.327124774
vn -0.281025469 0.9449704 -0.1674981
vn -0.281025469 0.9449704 -0.1674981
vn -0.281025469 0.9449704 -0.1674981
vn -0.281025827 0.94497025 -0.167498231
vn -0.285570323 0.9449704 0.1596261
vn -0.285570323 0.9449704 0.1596261
vn -0.285570323 0.9449704 0.1596261
vn -0.2855705 0.944970369 0.159626245
vn -0.00454483274 0.94497025 0.3271247
vn -0.00454483274 0.94497025 0.3271247
vn -0.00454483274 0.94497025 0.3271247
vn -0.00454491051 0.9449704 0.327124238
vn 0.281025827 0.94497025 0.1674983
vn 0.281025827 0.94497025 0.1674983
vn 0.281025827 0.94497025 0.1674983
vn 0.281025946 0.94497025 0.16749835
vn 0.285570741 0.94497025 -0.15962635
vn 0.285570741 0.94497025 -0.15962635
vn 0.285570741 0.94497025 -0.15962635
vn 0.285570532 0.944970369 -0.1596262
vn 0.498974621 0.225093454 -0.836873531
vn -0.475821733 0.22596173 -0.8500206
vn -0.482017815 0.150598034 -0.8631217
vn 0.5060954 0.150125161 -0.8493114
vn -0.475821733 0.22596173 -0.8500206
vn -0.973439932 0.2285857 -0.0127776368
vn -0.9882734 0.152031615 -0.0142174242
vn -0.482017815 0.150598034 -0.8631217
vn -0.973439932 0.2285857 -0.0127776368
vn -0.498085558 0.230338 0.8359756
vn -0.506040335 0.152992949 0.848832369
vn -0.9882734 0.152031615 -0.0142174242
vn -0.498085558 0.230338 0.8359756
vn 0.474381626 0.229474664 0.8498844
vn 0.482550979 0.152518913 0.862486243
vn -0.506040335 0.152992949 0.848832369
vn 0.474381626 0.229474664 0.8498844
vn 0.973824143 0.226853818 0.0142776789
vn 0.9884321 0.151084647 0.0132459244
vn 0.482550979 0.152518913 0.862486243
vn 0.973824143 0.226853818 0.0142776789
vn 0.498974621 0.225093454 -0.836873531
vn 0.5060954 0.150125161 -0.8493114
vn 0.9884321 0.151084647 0.0132459244
vn 0.306897879 -0.800427139 -0.514907837
vn 0.446588159 -0.4890212 -0.74927783
vn -0.425599635 -0.489021271 -0.7613955
vn -0.292474449 -0.8004271 -0.523235261
vn -0.292474449 -0.8004271 -0.523235261
vn -0.425599635 -0.489021271 -0.7613955
vn -0.872187734 -0.489021182 -0.0121176643
vn -0.599372268 -0.800427139 -0.00832734
vn -0.599372268 -0.800427139 -0.00832734
vn -0.872187734 -0.489021182 -0.0121176643
vn -0.446588159 -0.4890212 0.74927783
vn -0.306897819 -0.800427 0.514908
vn -0.306897819 -0.800427 0.514908
vn -0.446588159 -0.4890212 0.74927783
vn 0.425599635 -0.489021182 0.7613956
vn 0.292474568 -0.80042696 0.5232354
vn 0.292474568 -0.80042696 0.5232354
vn 0.425599635 -0.489021182 0.7613956
vn 0.8721878 -0.4890211 0.0121176885
vn 0.599372447 -0.80042696 0.008327378
vn 0.599372447 -0.80042696 0.008327378
vn 0.8721878 -0.4890211 0.0121176885
vn 0.446588159 -0.4890212 -0.74927783
vn 0.306897879 -0.800427139 -0.514907837
vn 2.72247433E-07 1 4.870493E-07
vn 6.641347E-07 1 3.9584063E-07
vn 2.74932631E-07 1 2.93779863E-07
vn 2.74932631E-07 1 2.93779863E-07
vn 0 1 0
vn 1.062138E-07 1 3.88089177E-07
vn 2.72247433E-07 1 4.870493E-07
vn 2.74932631E-07 1 2.93779863E-07
vn 2.72247433E-07 1 4.870493E-07
vn -1.07407452E-08 1 7.730779E-07
vn 0.013892144 -1.13661152E-07 -0.9999035
vn 0.013892144 -1.13661152E-07 -0.9999035
vn 0.013892144 -1.13661152E-07 -0.9999035
vn 0.013892144 -1.13661152E-07 -0.9999035
vn -0.8589958 -1.80738382E-07 -0.5119826
vn -0.8589958 -1.80738382E-07 -0.5119826
vn -0.8589958 -1.80738382E-07 -0.5119826
vn -0.8589958 -5.81981574E-08 -0.5119827
vn -0.8728879 -3.79086131E-08 0.4879208
vn -0.8728879 -3.79086131E-08 0.4879208
vn -0.8728879 -3.79086131E-08 0.4879208
vn -0.87288785 -2.1231196E-07 0.4879209
vn -0.0138921458 2.27322715E-07 0.9999035
vn -0.0138921458 2.27322715E-07 0.9999035
vn -0.0138921458 2.27322715E-07 0.9999035
vn -0.013892144 2.24953979E-07 0.9999035
vn 0.858995855 -1.45495482E-08 0.51198256
vn 0.858995855 -1.45495482E-08 0.51198256
vn 0.858995855 -1.45495482E-08 0.51198256
vn 0.8589958 1.16396514E-07 0.5119826
vn 0.8728879 -5.54629835E-08 -0.487920731
vn 0.8728879 -5.54629835E-08 -0.487920731
vn 0.8728879 -5.54629835E-08 -0.487920731
vn 0.872887969 1.38657574E-08 -0.4879207
vn 0 1 0
vn 0 1 0
vn 0 1 0
vn 0 1 0
vn 0 1 0
vn 0 1 0
vn 0.0138921561 0 -0.9999035
vn 0.0138921561 0 -0.9999035
vn 0.0138921561 0 -0.9999035
vn 0.0138921561 0 -0.9999035
vn -0.8589958 -1.13994565E-08 -0.5119826
vn -0.8589958 -1.13994565E-08 -0.5119826
vn -0.8589958 -1.13994565E-08 -0.5119826
vn -0.8589958 0 -0.5119826
vn -0.87288785 -1.73818449E-07 0.4879209
vn -0.87288785 -1.73818449E-07 0.4879209
vn -0.87288785 -1.73818449E-07 0.4879209
vn -0.87288785 1.08637144E-08 0.48792088
vn -0.0138920965 0 0.9999035
vn -0.0138920965 0 0.9999035
vn -0.0138920965 0 0.9999035
vn -0.0138920341 -3.56208716E-07 0.9999035
vn 0.8589958 5.69969671E-09 0.5119827
vn 0.8589958 5.69969671E-09 0.5119827
vn 0.8589958 5.69969671E-09 0.5119827
vn 0.8589958 0 0.5119827
vn 0.872887969 0 -0.4879207
vn 0.872887969 0 -0.4879207
vn 0.872887969 0 -0.4879207
vn 0.872887969 -5.43182432E-09 -0.4879207
vn 0.50947386 0.09887774 -0.8547863
vn 0.5094746 0.0988772139 -0.8547859
vn 0.5094741 0.09887756 -0.854786158
vn 0.5094734 0.0988781 -0.8547865
vn 0.466885537 -0.4103777 -0.783331335
vn 0.466885239 -0.4103775 -0.783331633
vn 0.4668854 -0.410377622 -0.7833315
vn 0.4668857 -0.410377771 -0.7833312
vn 0.370753318 -0.689640641 -0.622043252
vn 0.370753378 -0.689640641 -0.6220432
vn 0.370753348 -0.689640641 -0.6220432
vn 0.370753318 -0.689640641 -0.622043252
vn -0.433673352 0.5315128 0.7276136
vn -0.4336699 0.531514764 0.7276142
vn -0.43367213 0.531513453 0.727613866
vn -0.433675826 0.531511366 0.7276132
vn -0.07328547 0.989700735 0.122970164
vn -0.07329322 0.9897002 0.122969955
vn -0.0732897744 0.989700437 0.122970037
vn -0.0732809752 0.9897011 0.12297029
vn -0.3346325 0.7568395 0.56144017
vn -0.334632277 0.7568396 0.56144017
vn -0.334632337 0.7568396 0.56144017
vn -0.334632576 0.7568395 0.5614401
vn -0.4389614 0.5146915 0.7364819
vn -0.438961148 0.5146916 0.736481965
vn -0.438961238 0.514691532 0.736481965
vn -0.438961476 0.5146915 0.736481845
vn -0.5075465 0.1313521 0.8515534
vn -0.5075465 0.131352127 0.8515534
vn -0.5075465 0.131352112 0.8515534
vn -0.507546544 0.131352082 0.8515534
vn 0.8030899 6.21945E-07 0.595857859
vn -0.8030899 5.58275772E-08 -0.595857859
vn -0.8030899 7.82851046E-08 -0.595857859
vn 0.803295135 -0.0018923349 0.595578134
vn -0.8032055 -0.0042135 -0.595687151
vn -0.8031154 -0.004078517 -0.5958095
vn -0.803164542 -0.00249171956 -0.59575206
vn -0.803204954 -0.002112401 -0.595699
vn -0.803637743 -0.00223124656 -0.595114648
vn -0.8036516 -0.00335197686 -0.5950907
vn -0.802633762 -0.00719000539 -0.5964289
vn 0.906173646 -3.69692472E-08 0.422905773
vn 0.906173646 -1.81726321E-07 0.422905743
vn -0.906173944 3.86443935E-06 -0.422905177
vn 0.906112134 -0.00266220258 0.423029244
vn 0.906140566 -0.004357827 0.422954261
vn 0.9060715 -0.0045016855 0.4231007
vn 0.9060829 -0.00225680671 0.423094124
vn 0.9057583 -0.002356278 0.423788
vn 0.9057428 -0.00353964278 0.423812956
vn 0.906473458 -0.007592244 0.4221945
vn -0.9060171 -0.00199539377 -0.42323634
vn 0.0172095485 -0.9994349 -0.0288738348
vn -0.846304238 -0.4868079 0.216303512
vn -0.217949137 -0.4772803 -0.8512941
vn 0.212370381 -0.486807942 0.847299755
vn -0.846304238 -0.4868079 0.216303512
vn 0.85247153 -0.477280438 -0.213297069
vn 0.212370381 -0.486807942 0.847299755
vn -0.217949137 -0.4772803 -0.8512941
vn 0.85247153 -0.477280438 -0.213297069
vn -0.9074002 0.3519576 0.229675278
vn -0.229675159 0.35195756 -0.90740025
vn -0.217949137 -0.4772803 -0.8512941
vn -0.846304238 -0.4868079 0.216303512
vn 0.229675233 0.351957619 0.9074002
vn -0.9074002 0.3519576 0.229675278
vn -0.846304238 -0.4868079 0.216303512
vn 0.212370381 -0.486807942 0.847299755
vn 0.90740025 0.35195747 -0.2296752
vn 0.229675233 0.351957619 0.9074002
vn 0.212370381 -0.486807942 0.847299755
vn 0.85247153 -0.477280438 -0.213297069
vn -0.229675159 0.35195756 -0.90740025
vn 0.90740025 0.35195747 -0.2296752
vn 0.85247153 -0.477280438 -0.213297069
vn -0.217949137 -0.4772803 -0.8512941
vn -0.6343325 0.756203353 0.160557851
vn -0.1605581 0.7562033 -0.6343325
vn 0.160558149 0.756203353 0.634332359
vn -0.6343325 0.756203353 0.160557851
vn 0.634332359 0.756203353 -0.1605581
vn 0.160558149 0.756203353 0.634332359
vn -0.1605581 0.7562033 -0.6343325
vn 0.634332359 0.756203353 -0.1605581
vn -0.821389556 -0.2926463 -0.489568532
vn -0.821389556 -0.2926463 -0.489568532
vn -0.821389556 -0.2926463 -0.489568532
vn -0.821389556 -0.292646378 -0.4895685
vn -0.489568532 -0.2926461 0.8213896
vn -0.489568532 -0.2926461 0.8213896
vn -0.489568532 -0.2926461 0.8213896
vn -0.489568353 -0.2926466 0.821389556
vn 0.821389556 -0.292646557 0.489568353
vn 0.821389556 -0.292646557 0.489568353
vn 0.821389556 -0.292646557 0.489568353
vn 0.8213896 -0.2926462 0.4895685
vn 0.489568472 -0.292646468 -0.821389556
vn 0.489568472 -0.292646468 -0.821389556
vn 0.489568472 -0.292646468 -0.821389556
vn 0.4895684 -0.292646617 -0.8213895
vn -0.8575942 -0.0571010262 -0.5111474
vn -0.8575942 -0.0571010262 -0.5111474
vn -0.8575942 -0.0571010262 -0.5111474
vn -0.8575942 -0.0571008623 -0.511147439
vn -0.511147261 -0.0571010262 0.8575943
vn -0.511147261 -0.0571010262 0.8575943
vn -0.511147261 -0.0571010262 0.8575943
vn -0.5111472 -0.0571010746 0.8575943
vn 0.857594252 -0.0571008548 0.5111473
vn 0.857594252 -0.0571008548 0.5111473
vn 0.857594252 -0.0571008548 0.5111473
vn 0.857594252 -0.057100933 0.5111473
vn 0.5111473 -0.05710088 -0.857594252
vn 0.5111473 -0.05710088 -0.857594252
vn 0.5111473 -0.05710088 -0.857594252
vn 0.511147261 -0.05710105 -0.8575943
vn -0.819735646 0.2988649 -0.48858285
vn -0.819735646 0.2988649 -0.48858285
vn -0.819735646 0.2988649 -0.48858285
vn -0.8197358 0.2988647 -0.48858276
vn -0.488582641 0.298864841 0.8197358
vn -0.488582641 0.298864841 0.8197358
vn -0.488582641 0.298864841 0.8197358
vn -0.488582671 0.2988649 0.819735765
vn 0.8197358 0.298864633 0.48858273
vn 0.8197358 0.298864633 0.48858273
vn 0.8197358 0.298864633 0.48858273
vn 0.819735765 0.298864722 0.4885828
vn 0.488582671 0.298864752 -0.8197358
vn 0.488582671 0.298864752 -0.8197358
vn 0.488582671 0.298864752 -0.8197358
vn 0.4885827 0.298864782 -0.8197358
vn -0.8556628 0.08800613 -0.5099961
vn -0.8556628 0.08800613 -0.5099961
vn -0.8556628 0.08800613 -0.5099961
vn -0.509996057 0.08800614 0.8556628
vn -0.509996057 0.08800614 0.8556628
vn -0.509996057 0.08800614 0.8556628
vn 0.855662763 0.08800614 0.5099962
vn 0.855662763 0.08800614 0.5099962
vn 0.855662763 0.08800614 0.5099962
vn 0.5099961 0.08800614 -0.8556628
vn 0.5099961 0.08800614 -0.8556628
vn 0.5099961 0.08800614 -0.8556628
vn -0.485527515 0.0989241749 -0.8686064
vn -0.4855274 0.09892407 -0.868606448
vn -0.485527456 0.09892414 -0.8686064
vn -0.485527575 0.09892425 -0.8686063
vn -0.4449425 -0.4103777 -0.7960002
vn -0.444942743 -0.410377622 -0.7960001
vn -0.444942653 -0.410377681 -0.7960001
vn -0.444942445 -0.410377771 -0.7960002
vn -0.346276522 -0.704506 -0.6194868
vn -0.346276432 -0.704506 -0.619486868
vn -0.346276462 -0.704506 -0.6194868
vn -0.346276522 -0.704506 -0.6194868
vn 0.413295269 0.531513 0.7393788
vn 0.413297355 0.5315148 0.7393763
vn 0.413296044 0.531513631 0.739377856
vn 0.4132938 0.531511664 0.739380538
vn 0.065448314 0.9909645 0.117072575
vn 0.0654438362 0.990964 0.11707902
vn 0.06544564 0.9909642 0.117076404
vn 0.0654506758 0.9909647 0.117069185
vn 0.3189122 0.7568268 0.5705333
vn 0.318912745 0.756827 0.5705327
vn 0.318912566 0.756826937 0.5705329
vn 0.31891197 0.7568267 0.5705335
vn 0.418331385 0.514691651 0.7483925
vn 0.418331057 0.5146914 0.7483929
vn 0.418331236 0.514691532 0.7483927
vn 0.4183316 0.51469177 0.748392344
vn 0.483695865 0.131308869 0.86533016
vn 0.483695865 0.131308928 0.86533016
vn 0.483695835 0.131308869 0.86533016
vn 0.4836958 0.131308824 0.8653302
vn 0.9200507 -0.0124755967 -0.3916007
vn -0.9175728 8.092344E-08 0.397567749
vn -0.9175728 3.47773664E-07 0.3975678
vn 0.9222898 -0.05263174 -0.382898748
vn -0.9174825 -0.004232373 0.3977536
vn -0.91754365 -0.004096888 0.397613943
vn -0.917518437 -0.00250279135 0.397685349
vn -0.917492568 -0.00212176959 0.397747248
vn -0.9172022 -0.00223607779 0.3984158
vn -0.9186166 -0.004983505 0.3951186
vn -0.9286237 -0.0206521787 0.3704477
vn 0.8193338 -9.48567163E-08 -0.573316753
vn 0.8193338 8.61697558E-08 -0.573316753
vn -0.8244812 0.0179022253 0.5656061
vn 0.8194096 -0.00264574564 -0.5732023
vn 0.8193593 -0.004330954 -0.573264
vn 0.819451 -0.00447385944 -0.573131859
vn 0.8194509 -0.00224288553 -0.573145032
vn 0.8198886 -0.002348958 -0.5725183
vn 0.8228483 -0.00125576952 -0.5682597
vn 0.8418062 0.0118858591 -0.539649069
vn -0.8300627 0.07081765 0.553155363
vn -0.9949987 0.09892698 -0.0138242766
vn -0.9949987 0.09892681 -0.0138245011
vn -0.9949987 0.09892692 -0.0138243567
vn -0.994998634 0.09892709 -0.0138241267
vn -0.9118277 -0.4103776 -0.0126686934
vn -0.9118278 -0.410377383 -0.0126681775
vn -0.911827743 -0.410377532 -0.0126684345
vn -0.9118276 -0.410377741 -0.0126689235
vn -0.7096301 -0.7045055 -0.009859028
vn -0.7096301 -0.7045055 -0.009859147
vn -0.70963 -0.7045055 -0.00985912
vn -0.7096301 -0.704505444 -0.009859011
vn 0.846968353 0.5315131 0.01176513
vn 0.8469673 0.5315149 0.0117621934
vn 0.846968 0.531513751 0.0117640952
vn 0.8469692 0.5315118 0.01176724
vn 0.134111986 0.9909645 0.00185635418
vn 0.1341153 0.990964 0.00186338951
vn 0.134113953 0.9909642 0.00186055247
vn 0.134110242 0.9909647 0.00185264868
vn 0.653553069 0.7568262 0.009080319
vn 0.653553 0.7568263 0.009080054
vn 0.653553 0.7568263 0.009080137
vn 0.6535532 0.756826162 0.009080427
vn 0.8572928 0.5146914 0.01191055
vn 0.8572927 0.514691532 0.0119102933
vn 0.8572928 0.5146915 0.0119104125
vn 0.857292831 0.514691353 0.0119106872
vn 0.9912461 0.1313069 0.0137716262
vn 0.991246164 0.131306574 0.0137720266
vn 0.9912461 0.131306842 0.0137717016
vn 0.991246045 0.131307185 0.0137712974
vn 0.120888427 -0.0124806007 -0.9925876
vn -0.114482768 6.925139E-08 0.99342525
vn -0.11448276 1.35182E-07 0.99342525
vn 0.1295422 -0.05264723 -0.9901753
vn -0.114274308 -0.004283145 0.99344
vn -0.114427537 -0.004146167 0.9934229
vn -0.1143524 -0.00253291824 0.993437
vn -0.114285156 -0.00214729132 0.9934457
vn -0.1135576 -0.00224969769 0.993528843
vn -0.117120065 -0.00500392355 0.9931052
vn -0.143498436 -0.0206949115 0.9894341
vn -0.08683978 5.77319241E-08 -0.9962223
vn -0.08683979 -2.915191E-08 -0.9962223
vn 0.07758965 0.0179090276 0.9968245
vn -0.08670473 -0.00261520874 -0.9962306
vn -0.08678253 -0.00428085262 -0.9962181
vn -0.08662399 -0.004422206 -0.996231258
vn -0.08663521 -0.00221705 -0.996237636
vn -0.08587703 -0.00233554165 -0.996303
vn -0.08070936 -0.00123547111 -0.9967369
vn -0.0464427359 0.01192924 -0.99884975
vn 0.06401798 0.07083477 0.9954316
vn -0.509473443 0.09888259 0.854786
vn -0.509473562 0.0988825 0.8547859
vn -0.5094735 0.09888256 0.854786
vn -0.5094733 0.09888266 0.854786038
vn -0.466885179 -0.4103776 0.783331633
vn -0.4668854 -0.410377741 0.783331454
vn -0.466885269 -0.410377651 0.7833316
vn -0.4668851 -0.410377532 0.783331752
vn -0.363348 -0.70451653 0.6096184
vn -0.363347918 -0.7045165 0.6096186
vn -0.363347918 -0.70451653 0.609618545
vn -0.363348067 -0.70451653 0.6096184
vn 0.433673173 0.5315131 -0.7276135
vn 0.433670044 0.5315149 -0.727614045
vn 0.433672041 0.5315137 -0.7276137
vn 0.433675438 0.5315118 -0.7276131
vn 0.0686636642 0.9909645 -0.1152162
vn 0.06867142 0.990964 -0.11521554
vn 0.06866829 0.9909642 -0.115215808
vn 0.06865957 0.9909647 -0.115216538
vn 0.33463335 0.7568382 -0.5614414
vn 0.334633023 0.7568383 -0.5614415
vn 0.334633142 0.756838262 -0.5614414
vn 0.33463347 0.7568382 -0.561441362
vn 0.4389615 0.514691532 -0.7364818
vn 0.438961625 0.514691532 -0.7364817
vn 0.438961565 0.514691532 -0.7364817
vn 0.438961446 0.5146916 -0.7364818
vn 0.5075472 0.131347418 -0.8515537
vn 0.507547 0.131347582 -0.8515538
vn 0.50754714 0.131347448 -0.851553738
vn 0.5075473 0.1313473 -0.8515536
vn -0.7991616 -0.0124770021 -0.6009867
vn 0.8030902 -6.948783E-08 0.595857441
vn 0.8030903 1.36852393E-07 0.5958574
vn -0.7927461 -0.05265071 -0.6072738
vn 0.8032078 -0.0043147956 0.5956833
vn 0.803115666 -0.004176665 0.5958085
vn 0.803166 -0.002551694 0.595749855
vn 0.8032075 -0.002163254 0.595695436
vn 0.8036445 -0.00225805421 0.5951054
vn 0.801496446 -0.005016634 0.597978532
vn 0.785123765 -0.020722704 0.6189921
vn -0.9061738 -9.583562E-08 -0.422905475
vn -0.9061738 -2.001308E-08 -0.422905475
vn 0.902070045 0.0179049 0.431218117
vn -0.906113565 -0.00260158419 -0.423026472
vn -0.9061417 -0.00425840728 -0.422952861
vn -0.906074047 -0.00439921161 -0.42309624
vn -0.906085 -0.00220552576 -0.423089921
vn -0.9057632 -0.0023293288 -0.423777759
vn -0.9035553 -0.00122614775 -0.428469747
vn -0.888249457 0.0119500328 -0.459205955
vn 0.894078135 0.07083567 0.4422743
vn 0.995007932 0.0988339558 0.0138245458
vn 0.995007932 0.09883366 0.0138249751
vn 0.995007932 0.09883385 0.0138246976
vn 0.9950079 0.09883415 0.0138242617
vn 0.9118276 -0.410377681 0.0126691386
vn 0.9118277 -0.4103776 0.0126689114
vn 0.9118277 -0.410377651 0.0126690241
vn 0.9118276 -0.410377771 0.01266924
vn 0.709607 -0.7045287 0.009859235
vn 0.709607 -0.7045287 0.009859059
vn 0.709607 -0.704528749 0.009859099
vn 0.709606946 -0.7045288 0.009859261
vn -0.8469684 0.531513 -0.0117653841
vn -0.84696734 0.5315148 -0.0117623359
vn -0.846968055 0.531513631 -0.0117643084
vn -0.846969247 0.531511664 -0.0117675718
vn -0.134111986 0.9909645 -0.00185636908
vn -0.1341153 0.990964 -0.00186338986
vn -0.134113953 0.9909642 -0.00186055852
vn -0.134110257 0.9909647 -0.00185267127
vn -0.653523743 0.756851554 -0.009079913
vn -0.6535236 0.7568517 -0.009079652
vn -0.6535236 0.7568517 -0.009079734
vn -0.653523743 0.756851554 -0.00908002
vn -0.857292652 0.514691651 -0.0119108884
vn -0.8572927 0.5146915 -0.0119112618
vn -0.8572927 0.514691532 -0.0119110895
vn -0.8572926 0.5146917 -0.0119106919
vn -0.9912347 0.131392762 -0.0137719614
vn -0.99123466 0.131393075 -0.013771602
vn -0.9912347 0.1313928 -0.0137718925
vn -0.9912348 0.131392509 -0.0137722585
vn -0.120888516 -0.012480855 0.9925876
vn 0.114482954 7.980413E-08 -0.9934252
vn 0.114482954 1.34169454E-07 -0.9934252
vn -0.129543871 -0.05263887 0.9901755
vn 0.114276193 -0.004245076 -0.99344
vn 0.1144282 -0.00410920149 -0.993423045
vn 0.114353515 -0.00251044519 -0.993436933
vn 0.114286825 -0.00212818058 -0.9934455
vn 0.113561958 -0.00223950529 -0.993528366
vn 0.117124274 -0.00498881331 -0.993104756
vn 0.143496647 -0.0206653532 -0.989435
vn 0.08683988 -9.585492E-08 0.996222258
vn 0.08683987 -9.11901736E-08 0.996222258
vn -0.07758932 0.0179068875 -0.996824563
vn 0.08670269 -0.0026486218 0.9962307
vn 0.0867816359 -0.00433555 0.9962179
vn 0.08662096 -0.0044787894 0.996231258
vn 0.0866321549 -0.00224527461 0.9962378
vn 0.08587026 -0.002350057 0.996303558
vn 0.0807027146 -0.00125746476 0.9967374
vn 0.0464458168 0.0118849277 0.9988501
vn -0.06401539 0.0708208755 -0.9954328
vn 0.4855317 0.09883633 0.868614
vn 0.485531926 0.09883653 0.8686139
vn 0.485531777 0.09883641 0.868613958
vn 0.485531539 0.0988362 0.868614137
vn 0.4449426 -0.4103777 0.7960001
vn 0.444942236 -0.41037786 0.796000242
vn 0.4449424 -0.4103778 0.7960002
vn 0.444942743 -0.410377651 0.7960001
vn 0.346265435 -0.7045282 0.6194677
vn 0.3462657 -0.704528153 0.6194676
vn 0.346265644 -0.704528153 0.6194676
vn 0.3462654 -0.7045282 0.619467735
vn -0.413295329 0.5315133 -0.7393785
vn -0.413297445 0.5315152 -0.739376
vn -0.413296074 0.5315139 -0.7393776
vn -0.413293779 0.5315119 -0.7393804
vn -0.06544838 0.9909645 -0.117072552
vn -0.06544394 0.990964 -0.117078967
vn -0.06544573 0.9909642 -0.117076382
vn -0.06545073 0.9909647 -0.117069185
vn -0.318898827 0.756850958 -0.5705087
vn -0.318899 0.756851 -0.57050854
vn -0.318898916 0.756851 -0.57050854
vn -0.318898767 0.756850958 -0.5705088
vn -0.418331534 0.5146915 -0.7483926
vn -0.418331742 0.5146916 -0.748392344
vn -0.418331683 0.5146916 -0.7483924
vn -0.4183314 0.5146914 -0.748392642
vn -0.483691365 0.131390661 -0.865320265
vn -0.483691335 0.131390631 -0.865320265
vn -0.483691365 0.131390661 -0.865320265
vn -0.4836914 0.131390691 -0.865320265
vn -0.9200501 -0.0124844722 0.391601861
vn 0.9175729 8.033943E-08 -0.3975675
vn 0.9175729 -1.11300356E-08 -0.3975675
vn -0.9222874 -0.0526529141 0.382901549
vn 0.9174811 -0.004296172 -0.397756159
vn 0.917543232 -0.00415864261 -0.39761433
vn 0.917517662 -0.00254057 -0.3976869
vn 0.917491436 -0.002153704 -0.397749752
vn 0.917199433 -0.00225279271 -0.398422033
vn 0.9186136 -0.00500899134 -0.39512527
vn 0.9286247 -0.020708153 -0.3704421
vn -0.819333851 1.45026661E-07 0.5733167
vn -0.819333851 -1.91955163E-08 0.5733167
vn 0.824480236 0.0179109834 -0.5656072
vn -0.8194088 -0.00261813565 0.5732037
vn -0.8193588 -0.00428542 0.573264956
vn -0.819449663 -0.004426989 0.573134
vn -0.819449663 -0.002219477 0.5731469
vn -0.819885552 -0.002336853 0.5725227
vn -0.822845 -0.00123731687 0.568264544
vn -0.841808259 0.0119282417 0.5396449
vn 0.830060065 0.0708353743 -0.553157
vn 0.000677651551 0.9988096 -0.0487747267
vn 0.000677651551 0.9988096 -0.0487747267
vn 0.000677651551 0.9988096 -0.0487747267
vn 0.000677645148 0.9988096 -0.0487747453
vn -0.04190133 0.9988096 -0.0249742251
vn -0.04190133 0.9988096 -0.0249742251
vn -0.04190133 0.9988096 -0.0249742251
vn -0.0419013351 0.9988096 -0.0249742251
vn -0.04257899 0.9988096 0.0238005146
vn -0.04257899 0.9988096 0.0238005146
vn -0.04257899 0.9988096 0.0238005146
vn -0.0425789841 0.9988096 0.0238005035
vn -0.0006776461 0.9988096 0.0487747639
vn -0.0006776461 0.9988096 0.0487747639
vn -0.0006776461 0.9988096 0.0487747639
vn -0.000677650038 0.9988096 0.0487747528
vn 0.0419013351 0.9988096 0.0249742288
vn 0.0419013351 0.9988096 0.0249742288
vn 0.0419013351 0.9988096 0.0249742288
vn 0.04190136 0.9988096 0.0249742344
vn 0.042579 0.9988096 -0.0238005053
vn 0.042579 0.9988096 -0.0238005053
vn 0.042579 0.9988096 -0.0238005053
vn 0.04257898 0.9988096 -0.0238004867
vn -0.0138920192 4.81267E-07 0.9999035
vn -0.0138920192 4.81267E-07 0.9999035
vn -0.0138920192 4.81267E-07 0.9999035
vn -0.0138919242 0 0.9999035
vn 0.8589958 4.403989E-07 0.5119826
vn 0.8589958 4.403989E-07 0.5119826
vn 0.8589958 4.403989E-07 0.5119826
vn 0.858995855 2.46424122E-07 0.51198256
vn 0.8728879 2.10066361E-07 -0.4879208
vn 0.8728879 2.10066361E-07 -0.4879208
vn 0.8728879 2.10066361E-07 -0.4879208
vn 0.8728879 3.944468E-07 -0.487920761
vn 0.0138921179 0 -0.9999035
vn 0.0138921179 0 -0.9999035
vn 0.0138921179 0 -0.9999035
vn 0.0138921188 3.34323214E-09 -0.9999035
vn -0.858995855 0 -0.5119825
vn -0.858995855 0 -0.5119825
vn -0.858995855 0 -0.5119825
vn -0.858995855 0 -0.5119825
vn -0.872888 0 0.487920552
vn -0.872888 0 0.487920552
vn -0.872888 0 0.487920552
vn -0.872888 0 0.487920552
vn -0.425599635 -0.489021271 -0.7613955
vn 0.446588159 -0.4890212 -0.74927783
vn -0.482017815 0.150598034 -0.8631217
vn -0.9882734 0.152031615 -0.0142174242
vn -0.872187734 -0.489021182 -0.0121176643
vn -0.425599635 -0.489021271 -0.7613955
vn -0.9882734 0.152031615 -0.0142174242
vn -0.506040335 0.152992949 0.848832369
vn -0.446588159 -0.4890212 0.74927783
vn -0.872187734 -0.489021182 -0.0121176643
vn 0.425599635 -0.489021182 0.7613956
vn -0.446588159 -0.4890212 0.74927783
vn 0.482550979 0.152518913 0.862486243
vn 0.9884321 0.151084647 0.0132459244
vn 0.8721878 -0.4890211 0.0121176885
vn 0.425599635 -0.489021182 0.7613956
vn 0.9884321 0.151084647 0.0132459244
vn 0.5060954 0.150125161 -0.8493114
vn 0.446588159 -0.4890212 -0.74927783
vn 0.8721878 -0.4890211 0.0121176885
vn 1.72162909E-10 1 -3.0776075E-09
vn -0.0254465342 0.9987641 0.0426937528
vn 0.0242506117 0.9987641 0.0433842167
vn 0.0242506117 0.9987641 0.0433842167
vn 0.0496971458 0.9987641 0.0006904614
vn 0.0496971458 0.9987641 0.0006904614
vn 0.0254465342 0.9987641 -0.042693764
vn 0.0254465342 0.9987641 -0.042693764
vn -0.0242506173 0.9987641 -0.04338423
vn -0.0242506173 0.9987641 -0.04338423
vn -0.0496971458 0.9987641 -0.0006904675
vn -0.0496971458 0.9987641 -0.0006904675
vn -0.0254465342 0.9987641 0.0426937528
vn 0.0138920825 0 -0.9999035
vn 0.0138920825 0 -0.9999035
vn 0.0138920825 0 -0.9999035
vn 0.0138920825 0 -0.9999035
vn -0.8589958 1.753845E-09 -0.5119826
vn -0.8589958 1.753845E-09 -0.5119826
vn -0.8589958 1.753845E-09 -0.5119826
vn -0.8589958 0 -0.5119826
vn -0.87288785 0 0.48792088
vn -0.87288785 0 0.48792088
vn -0.87288785 0 0.48792088
vn -0.87288785 -1.67141911E-09 0.48792088
vn -0.0138920844 0 0.9999035
vn -0.0138920844 0 0.9999035
vn -0.0138920844 0 0.9999035
vn -0.0138920844 0 0.9999035
vn 0.858995736 -8.769226E-10 0.5119827
vn 0.858995736 -8.769226E-10 0.5119827
vn 0.858995736 -8.769226E-10 0.5119827
vn 0.858995736 0 0.5119827
vn 0.8728879 0 -0.487920761
vn 0.8728879 0 -0.487920761
vn 0.8728879 0 -0.487920761
vn 0.8728879 8.35709335E-10 -0.487920761
vn 0.0138910795 0.01237287 -0.999826968
vn 0.0138910795 0.01237287 -0.999826968
vn 0.0138910795 0.01237287 -0.999826968
vn 0.0138910236 0.0123728272 -0.999826968
vn -0.858930051 0.0123727871 -0.51194346
vn -0.858930051 0.0123727871 -0.51194346
vn -0.858930051 0.0123727871 -0.51194346
vn -0.85893 0.012372857 -0.5119435
vn -0.8727696 0.0122906389 0.487977654
vn -0.8727696 0.0122906389 0.487977654
vn -0.8727696 0.0122906389 0.487977654
vn -0.872821 0.0123727955 0.487883627
vn -0.0139991 0.0123719275 0.9998255
vn -0.0139991 0.0123719275 0.9998255
vn -0.0139991 0.0123719275 0.9998255
vn -0.0138914539 0.0122899152 0.999828
vn 0.8589301 0.0123726847 0.5119433
vn 0.8589301 0.0123726847 0.5119433
vn 0.8589301 0.0123726847 0.5119433
vn 0.8589301 0.0123727135 0.51194334
vn 0.8728211 0.0123727843 -0.487883419
vn 0.8728211 0.0123727843 -0.487883419
vn 0.8728211 0.0123727843 -0.487883419
vn 0.8728211 0.01237276 -0.487883449
vn -0.87288785 0 0.48792088
vn -0.87288785 0 0.48792088
vn -0.87288785 0 0.48792088
vn -0.87288785 0 0.48792088
vn 0.0138920825 0 -0.9999035
vn 0.0138920825 0 -0.9999035
vn 0.0138920825 0 -0.9999035
vn 0.0138920825 0 -0.9999035
vn -0.8589958 0 -0.5119826
vn -0.8589958 0 -0.5119826
vn -0.8589958 0 -0.5119826
vn -0.8589958 0 -0.5119826
vn -0.0138920844 0 0.9999035
vn -0.0138920844 0 0.9999035
vn -0.0138920844 0 0.9999035
vn -0.0138920844 0 0.9999035
vn 0.858995736 0 0.5119827
vn 0.858995736 0 0.5119827
vn 0.858995736 0 0.5119827
vn 0.858995736 0 0.5119827
vn 0.8728879 0 -0.487920761
vn 0.8728879 0 -0.487920761
vn 0.8728879 0 -0.487920761
vn 0.8728879 0 -0.487920761
vn 0.875609934 -0.0217847973 -0.4825274
vn 0.875609934 -0.0217847973 -0.4825274
vn 0.875609934 -0.0217847973 -0.4825274
vn 0.8728879 0 -0.487920761
vn 0.8728879 0 -0.487920761
vn 0.8728879 0 -0.487920761
vn -0.0138921374 0 0.9999035
vn -0.0138921374 0 0.9999035
vn -0.0138921374 0 0.9999035
vn -0.0138921374 0 0.9999035
vn 0.858995736 0 0.5119827
vn 0.858995736 0 0.5119827
vn 0.858995736 0 0.5119827
vn 0.858995736 0 0.5119827
vn 0.0138918087 0 -0.9999035
vn 0.0138918087 0 -0.9999035
vn 0.0138918087 0 -0.9999035
vn 0.0138918087 0 -0.9999035
vn -0.8589958 0 -0.5119827
vn -0.8589958 0 -0.5119827
vn -0.8589958 0 -0.5119827
vn -0.8589958 0 -0.5119827
vn -0.8728879 0 0.487920761
vn -0.8728879 0 0.487920761
vn -0.8728879 0 0.487920761
vn -0.8728879 0 0.487920761
vn 0.00777368248 0.104053438 -0.994541347
vn 0.00777368248 0.104053438 -0.994541347
vn 0.00777368248 0.104053438 -0.994541347
vn 0.007773279 0.104053877 -0.9945413
vn -0.8693277 0.104054078 0.4831584
vn -0.8693277 0.104054078 0.4831584
vn -0.8693277 0.104054078 0.4831584
vn -0.8693277 0.104054056 0.4831584
vn 0.844629467 0.104053758 0.5251418
vn 0.844629467 0.104053758 0.5251418
vn 0.844629467 0.104053758 0.5251418
vn 0.8446294 0.104053676 0.5251419
vn 0.8728878 0 -0.48792094
vn 0.8728878 0 -0.48792094
vn 0.8728878 0 -0.48792094
vn 0.87288785 0 -0.48792094
vn 0.87288785 0 -0.48792094
vn 0.87288785 0 -0.48792094
vn -0.0138920564 0 0.9999035
vn -0.0138920564 0 0.9999035
vn -0.0138920564 0 0.9999035
vn -0.0138921374 0 0.9999035
vn -0.0138921374 0 0.9999035
vn -0.0138921374 0 0.9999035
vn 0.858995736 0 0.5119827
vn 0.858995736 0 0.5119827
vn 0.858995736 0 0.5119827
vn 0.8589958 0 0.5119827
vn 0.8589958 0 0.5119827
vn 0.8589958 0 0.5119827
vn 0.0138920564 0 -0.9999035
vn 0.0138920564 0 -0.9999035
vn 0.0138920564 0 -0.9999035
vn 0.0138921393 0 -0.9999035
vn 0.0138921393 0 -0.9999035
vn 0.0138921393 0 -0.9999035
vn -0.8589958 0 -0.5119827
vn -0.8589958 0 -0.5119827
vn -0.8589958 0 -0.5119827
vn -0.858995736 0 -0.511982739
vn -0.858995736 0 -0.511982739
vn -0.858995736 0 -0.511982739
vn -0.8728879 0 0.4879208
vn -0.8728879 0 0.4879208
vn -0.8728879 0 0.4879208
vn -0.8728879 0 0.4879208
vn -0.8728879 0 0.4879208
vn -0.8728879 0 0.4879208
usemtl by-bd013_part_1_material_0
f 402/402/402 403/403/403 404/404/404
f 404/404/404 405/405/405 402/402/402
f 406/406/406 407/407/407 408/408/408
f 408/408/408 409/409/409 406/406/406
f 410/410/410 411/411/411 412/412/412
f 412/412/412 413/413/413 410/410/410
f 414/414/414 415/415/415 416/416/416
f 416/416/416 417/417/417 414/414/414
f 418/418/418 419/419/419 420/420/420
f 420/420/420 421/421/421 418/418/418
f 549/549/549 550/550/550 551/551/551
f 551/551/551 552/552/552 549/549/549
f 553/553/553 554/554/554 555/555/555
f 555/555/555 556/556/556 553/553/553
f 557/557/557 558/558/558 559/559/559
f 559/559/559 560/560/560 557/557/557
f 561/561/561 562/562/562 563/563/563
f 563/563/563 564/564/564 561/561/561
f 565/565/565 566/566/566 567/567/567
f 567/567/567 568/568/568 565/565/565
f 603/603/603 604/604/604 605/605/605
f 605/605/605 606/606/606 603/603/603
f 607/607/607 608/608/608 609/609/609
f 609/609/609 610/610/610 607/607/607
f 611/611/611 612/612/612 613/613/613
f 613/613/613 614/614/614 611/611/611
f 615/615/615 616/616/616 617/617/617
f 617/617/617 618/618/618 615/615/615
f 619/619/619 620/620/620 621/621/621
f 621/621/621 622/622/622 619/619/619
f 657/657/657 658/658/658 659/659/659
f 659/659/659 660/660/660 657/657/657
f 661/661/661 662/662/662 663/663/663
f 663/663/663 664/664/664 661/661/661
f 665/665/665 666/666/666 667/667/667
f 667/667/667 668/668/668 665/665/665
f 669/669/669 670/670/670 671/671/671
f 671/671/671 672/672/672 669/669/669
f 673/673/673 674/674/674 675/675/675
f 675/675/675 676/676/676 673/673/673
f 711/711/711 712/712/712 713/713/713
f 713/713/713 714/714/714 711/711/711
f 715/715/715 716/716/716 717/717/717
f 717/717/717 718/718/718 715/715/715
f 719/719/719 720/720/720 721/721/721
f 721/721/721 722/722/722 719/719/719
f 723/723/723 724/724/724 725/725/725
f 725/725/725 726/726/726 723/723/723
f 727/727/727 728/728/728 729/729/729
f 729/729/729 730/730/730 727/727/727
f 765/765/765 766/766/766 767/767/767
f 767/767/767 768/768/768 765/765/765
f 769/769/769 770/770/770 771/771/771
f 771/771/771 772/772/772 769/769/769
f 773/773/773 774/774/774 775/775/775
f 775/775/775 776/776/776 773/773/773
f 777/777/777 778/778/778 779/779/779
f 779/779/779 780/780/780 777/777/777
f 781/781/781 782/782/782 783/783/783
f 783/783/783 784/784/784 781/781/781
f 875/875/875 876/876/876 877/877/877
f 875/875/875 878/878/878 879/879/879
f 875/875/875 880/880/880 881/881/881
f 875/875/875 882/882/882 883/883/883
f 875/875/875 884/884/884 885/885/885
f 875/875/875 886/886/886 887/887/887
f 888/888/888 889/889/889 890/890/890
f 890/890/890 891/891/891 888/888/888
f 892/892/892 893/893/893 894/894/894
f 894/894/894 895/895/895 892/892/892
f 896/896/896 897/897/897 898/898/898
f 898/898/898 899/899/899 896/896/896
f 900/900/900 901/901/901 902/902/902
f 902/902/902 903/903/903 900/900/900
f 904/904/904 905/905/905 906/906/906
f 906/906/906 907/907/907 904/904/904
f 908/908/908 909/909/909 910/910/910
f 910/910/910 911/911/911 908/908/908
f 986/986/986 987/987/987 988/988/988
f 988/988/988 989/989/989 986/986/986
f 990/990/990 991/991/991 992/992/992
f 992/992/992 993/993/993 990/990/990
f 994/994/994 995/995/995 996/996/996
f 996/996/996 997/997/997 994/994/994
usemtl by-bd013_part_1_material_1
f 230/230/230 231/231/231 232/232/232
f 232/232/232 233/233/233 230/230/230
f 234/234/234 235/235/235 236/236/236
f 236/236/236 237/237/237 234/234/234
f 238/238/238 239/239/239 240/240/240
f 240/240/240 241/241/241 238/238/238
f 242/242/242 243/243/243 244/244/244
f 244/244/244 245/245/245 242/242/242
f 246/246/246 247/247/247 248/248/248
f 248/248/248 249/249/249 246/246/246
f 250/250/250 251/251/251 252/252/252
f 252/252/252 253/253/253 250/250/250
f 254/254/254 255/255/255 256/256/256
f 256/256/256 257/257/257 254/254/254
f 258/258/258 259/259/259 260/260/260
f 260/260/260 261/261/261 258/258/258
f 262/262/262 263/263/263 264/264/264
f 264/264/264 265/265/265 262/262/262
f 266/266/266 267/267/267 268/268/268
f 268/268/268 269/269/269 266/266/266
f 270/270/270 271/271/271 272/272/272
f 272/272/272 273/273/273 270/270/270
f 274/274/274 275/275/275 276/276/276
f 276/276/276 277/277/277 274/274/274
f 278/278/278 279/279/279 280/280/280
f 280/280/280 281/281/281 278/278/278
f 282/282/282 283/283/283 284/284/284
f 284/284/284 285/285/285 282/282/282
f 286/286/286 287/287/287 288/288/288
f 288/288/288 289/289/289 286/286/286
f 290/290/290 291/291/291 292/292/292
f 292/292/292 293/293/293 290/290/290
f 294/294/294 295/295/295 296/296/296
f 296/296/296 297/297/297 294/294/294
f 298/298/298 299/299/299 300/300/300
f 300/300/300 301/301/301 298/298/298
f 302/302/302 303/303/303 304/304/304
f 304/304/304 305/305/305 302/302/302
f 306/306/306 307/307/307 308/308/308
f 308/308/308 309/309/309 306/306/306
f 310/310/310 311/311/311 312/312/312
f 312/312/312 313/313/313 310/310/310
f 314/314/314 315/315/315 316/316/316
f 316/316/316 317/317/317 314/314/314
f 318/318/318 319/319/319 320/320/320
f 320/320/320 321/321/321 318/318/318
f 322/322/322 323/323/323 324/324/324
f 324/324/324 325/325/325 322/322/322
f 326/326/326 327/327/327 328/328/328
f 329/329/329 330/330/330 331/331/331
f 332/332/332 333/333/333 331/331/331
f 334/334/334 331/331/331 335/335/335
f 336/336/336 337/337/337 338/338/338
f 338/338/338 339/339/339 336/336/336
f 340/340/340 341/341/341 342/342/342
f 342/342/342 343/343/343 340/340/340
f 344/344/344 345/345/345 346/346/346
f 346/346/346 347/347/347 344/344/344
f 348/348/348 349/349/349 350/350/350
f 350/350/350 351/351/351 348/348/348
f 352/352/352 353/353/353 354/354/354
f 354/354/354 355/355/355 352/352/352
f 356/356/356 357/357/357 358/358/358
f 358/358/358 359/359/359 356/356/356
f 360/360/360 361/361/361 362/362/362
f 362/362/362 363/363/363 364/364/364
f 360/360/360 362/362/362 364/364/364
f 360/360/360 364/364/364 365/365/365
f 366/366/366 367/367/367 368/368/368
f 368/368/368 369/369/369 366/366/366
f 370/370/370 371/371/371 372/372/372
f 372/372/372 373/373/373 370/370/370
f 374/374/374 375/375/375 376/376/376
f 376/376/376 377/377/377 374/374/374
f 378/378/378 379/379/379 380/380/380
f 380/380/380 381/381/381 378/378/378
f 382/382/382 383/383/383 384/384/384
f 384/384/384 385/385/385 382/382/382
f 386/386/386 387/387/387 388/388/388
f 388/388/388 389/389/389 386/386/386
f 390/390/390 391/391/391 392/392/392
f 392/392/392 393/393/393 390/390/390
f 394/394/394 395/395/395 396/396/396
f 396/396/396 397/397/397 394/394/394
f 398/398/398 399/399/399 400/400/400
f 400/400/400 401/401/401 398/398/398
f 422/422/422 423/423/423 424/424/424
f 422/422/422 424/424/424 425/425/425
f 426/426/426 427/427/427 428/428/428
f 429/429/429 426/426/426 428/428/428
f 429/429/429 428/428/428 430/430/430
f 431/431/431 429/429/429 430/430/430
f 431/431/431 430/430/430 432/432/432
f 425/425/425 431/431/431 432/432/432
f 422/422/422 425/425/425 432/432/432
f 433/433/433 434/434/434 435/435/435
f 436/436/436 437/437/437 438/438/438
f 436/436/436 438/438/438 439/439/439
f 440/440/440 436/436/436 439/439/439
f 440/440/440 439/439/439 441/441/441
f 442/442/442 440/440/440 441/441/441
f 442/442/442 441/441/441 443/443/443
f 435/435/435 442/442/442 443/443/443
f 433/433/433 435/435/435 443/443/443
f 444/444/444 445/445/445 446/446/446
f 444/444/444 447/447/447 448/448/448
f 444/444/444 449/449/449 450/450/450
f 444/444/444 451/451/451 452/452/452
f 453/453/453 454/454/454 455/455/455
f 455/455/455 456/456/456 453/453/453
f 457/457/457 458/458/458 459/459/459
f 459/459/459 460/460/460 457/457/457
f 461/461/461 462/462/462 463/463/463
f 463/463/463 464/464/464 461/461/461
f 465/465/465 466/466/466 467/467/467
f 467/467/467 468/468/468 465/465/465
f 469/469/469 470/470/470 454/454/454
f 454/454/454 453/453/453 469/469/469
f 471/471/471 472/472/472 458/458/458
f 458/458/458 457/457/457 471/471/471
f 473/473/473 474/474/474 462/462/462
f 462/462/462 461/461/461 473/473/473
f 475/475/475 476/476/476 466/466/466
f 466/466/466 465/465/465 475/475/475
f 477/477/477 478/478/478 479/479/479
f 479/479/479 480/480/480 477/477/477
f 481/481/481 482/482/482 483/483/483
f 483/483/483 484/484/484 481/481/481
f 485/485/485 486/486/486 487/487/487
f 487/487/487 488/488/488 485/485/485
f 489/489/489 490/490/490 491/491/491
f 491/491/491 492/492/492 489/489/489
f 493/493/493 494/494/494 495/495/495
f 495/495/495 496/496/496 493/493/493
f 497/497/497 498/498/498 499/499/499
f 499/499/499 500/500/500 497/497/497
f 501/501/501 502/502/502 503/503/503
f 503/503/503 504/504/504 501/501/501
f 505/505/505 506/506/506 507/507/507
f 507/507/507 508/508/508 505/505/505
f 509/509/509 510/510/510 511/511/511
f 511/511/511 512/512/512 509/509/509
f 513/513/513 514/514/514 515/515/515
f 515/515/515 516/516/516 513/513/513
f 517/517/517 518/518/518 519/519/519
f 519/519/519 520/520/520 517/517/517
f 521/521/521 522/522/522 523/523/523
f 523/523/523 524/524/524 521/521/521
f 525/525/525 526/526/526 527/527/527
f 528/528/528 529/529/529 530/530/530
f 531/531/531 532/532/532 533/533/533
f 534/534/534 535/535/535 536/536/536
f 537/537/537 538/538/538 539/539/539
f 539/539/539 540/540/540 537/537/537
f 541/541/541 542/542/542 543/543/543
f 543/543/543 544/544/544 541/541/541
f 545/545/545 546/546/546 547/547/547
f 547/547/547 548/548/548 545/545/545
f 569/569/569 570/570/570 571/571/571
f 569/569/569 571/571/571 572/572/572
f 573/573/573 574/574/574 575/575/575
f 576/576/576 573/573/573 575/575/575
f 576/576/576 575/575/575 577/577/577
f 578/578/578 576/576/576 577/577/577
f 578/578/578 577/577/577 579/579/579
f 572/572/572 578/578/578 579/579/579
f 569/569/569 572/572/572 579/579/579
f 580/580/580 581/581/581 582/582/582
f 583/583/583 584/584/584 585/585/585
f 583/583/583 585/585/585 586/586/586
f 587/587/587 583/583/583 586/586/586
f 587/587/587 586/586/586 588/588/588
f 589/589/589 587/587/587 588/588/588
f 589/589/589 588/588/588 590/590/590
f 582/582/582 589/589/589 590/590/590
f 580/580/580 582/582/582 590/590/590
f 591/591/591 592/592/592 593/593/593
f 593/593/593 594/594/594 591/591/591
f 595/595/595 596/596/596 597/597/597
f 597/597/597 598/598/598 595/595/595
f 599/599/599 600/600/600 601/601/601
f 601/601/601 602/602/602 599/599/599
f 623/623/623 624/624/624 625/625/625
f 623/623/623 625/625/625 626/626/626
f 627/627/627 628/628/628 629/629/629
f 630/630/630 627/627/627 629/629/629
f 630/630/630 629/629/629 631/631/631
f 632/632/632 630/630/630 631/631/631
f 632/632/632 631/631/631 633/633/633
f 626/626/626 632/632/632 633/633/633
f 623/623/623 626/626/626 633/633/633
f 634/634/634 635/635/635 636/636/636
f 637/637/637 638/638/638 639/639/639
f 637/637/637 639/639/639 640/640/640
f 641/641/641 637/637/637 640/640/640
f 641/641/641 640/640/640 642/642/642
f 643/643/643 641/641/641 642/642/642
f 643/643/643 642/642/642 644/644/644
f 636/636/636 643/643/643 644/644/644
f 634/634/634 636/636/636 644/644/644
f 645/645/645 646/646/646 647/647/647
f 647/647/647 648/648/648 645/645/645
f 649/649/649 650/650/650 651/651/651
f 651/651/651 652/652/652 649/649/649
f 653/653/653 654/654/654 655/655/655
f 655/655/655 656/656/656 653/653/653
f 677/677/677 678/678/678 679/679/679
f 677/677/677 679/679/679 680/680/680
f 681/681/681 682/682/682 683/683/683
f 684/684/684 681/681/681 683/683/683
f 684/684/684 683/683/683 685/685/685
f 686/686/686 684/684/684 685/685/685
f 686/686/686 685/685/685 687/687/687
f 680/680/680 686/686/686 687/687/687
f 677/677/677 680/680/680 687/687/687
f 688/688/688 689/689/689 690/690/690
f 691/691/691 692/692/692 693/693/693
f 691/691/691 693/693/693 694/694/694
f 695/695/695 691/691/691 694/694/694
f 695/695/695 694/694/694 696/696/696
f 697/697/697 695/695/695 696/696/696
f 697/697/697 696/696/696 698/698/698
f 690/690/690 697/697/697 698/698/698
f 688/688/688 690/690/690 698/698/698
f 699/699/699 700/700/700 701/701/701
f 701/701/701 702/702/702 699/699/699
f 703/703/703 704/704/704 705/705/705
f 705/705/705 706/706/706 703/703/703
f 707/707/707 708/708/708 709/709/709
f 709/709/709 710/710/710 707/707/707
f 731/731/731 732/732/732 733/733/733
f 731/731/731 733/733/733 734/734/734
f 735/735/735 736/736/736 737/737/737
f 738/738/738 735/735/735 737/737/737
f 738/738/738 737/737/737 739/739/739
f 740/740/740 738/738/738 739/739/739
f 740/740/740 739/739/739 741/741/741
f 734/734/734 740/740/740 741/741/741
f 731/731/731 734/734/734 741/741/741
f 742/742/742 743/743/743 744/744/744
f 745/745/745 746/746/746 747/747/747
f 745/745/745 747/747/747 748/748/748
f 749/749/749 745/745/745 748/748/748
f 749/749/749 748/748/748 750/750/750
f 751/751/751 749/749/749 750/750/750
f 751/751/751 750/750/750 752/752/752
f 744/744/744 751/751/751 752/752/752
f 742/742/742 744/744/744 752/752/752
f 753/753/753 754/754/754 755/755/755
f 755/755/755 756/756/756 753/753/753
f 757/757/757 758/758/758 759/759/759
f 759/759/759 760/760/760 757/757/757
f 761/761/761 762/762/762 763/763/763
f 763/763/763 764/764/764 761/761/761
f 785/785/785 786/786/786 787/787/787
f 785/785/785 787/787/787 788/788/788
f 789/789/789 790/790/790 791/791/791
f 792/792/792 789/789/789 791/791/791
f 792/792/792 791/791/791 793/793/793
f 794/794/794 792/792/792 793/793/793
f 794/794/794 793/793/793 795/795/795
f 788/788/788 794/794/794 795/795/795
f 785/785/785 788/788/788 795/795/795
f 796/796/796 797/797/797 798/798/798
f 799/799/799 800/800/800 801/801/801
f 799/799/799 801/801/801 802/802/802
f 803/803/803 799/799/799 802/802/802
f 803/803/803 802/802/802 804/804/804
f 805/805/805 803/803/803 804/804/804
f 805/805/805 804/804/804 806/806/806
f 798/798/798 805/805/805 806/806/806
f 796/796/796 798/798/798 806/806/806
f 807/807/807 808/808/808 809/809/809
f 809/809/809 810/810/810 807/807/807
f 811/811/811 812/812/812 813/813/813
f 813/813/813 814/814/814 811/811/811
f 815/815/815 816/816/816 817/817/817
f 817/817/817 818/818/818 815/815/815
f 819/819/819 820/820/820 821/821/821
f 821/821/821 822/822/822 819/819/819
f 823/823/823 824/824/824 825/825/825
f 825/825/825 826/826/826 823/823/823
f 827/827/827 828/828/828 829/829/829
f 829/829/829 830/830/830 827/827/827
f 831/831/831 832/832/832 833/833/833
f 833/833/833 834/834/834 831/831/831
f 835/835/835 836/836/836 837/837/837
f 837/837/837 838/838/838 835/835/835
f 839/839/839 840/840/840 841/841/841
f 841/841/841 842/842/842 839/839/839
f 843/843/843 844/844/844 845/845/845
f 845/845/845 846/846/846 843/843/843
f 847/847/847 848/848/848 849/849/849
f 849/849/849 850/850/850 847/847/847
f 851/851/851 852/852/852 853/853/853
f 853/853/853 854/854/854 851/851/851
f 281/281/281 280/280/280 855/855/855
f 855/855/855 856/856/856 281/281/281
f 857/857/857 858/858/858 859/859/859
f 859/859/859 860/860/860 857/857/857
f 861/861/861 862/862/862 863/863/863
f 863/863/863 864/864/864 861/861/861
f 293/293/293 292/292/292 865/865/865
f 865/865/865 866/866/866 293/293/293
f 867/867/867 868/868/868 869/869/869
f 869/869/869 870/870/870 867/867/867
f 871/871/871 872/872/872 873/873/873
f 873/873/873 874/874/874 871/871/871
f 912/912/912 913/913/913 914/914/914
f 914/914/914 915/915/915 912/912/912
f 916/916/916 917/917/917 918/918/918
f 918/918/918 919/919/919 916/916/916
f 920/920/920 921/921/921 922/922/922
f 922/922/922 923/923/923 920/920/920
f 924/924/924 925/925/925 926/926/926
f 926/926/926 927/927/927 924/924/924
f 928/928/928 929/929/929 930/930/930
f 930/930/930 931/931/931 928/928/928
f 932/932/932 933/933/933 934/934/934
f 934/934/934 935/935/935 932/932/932
f 936/936/936 937/937/937 938/938/938
f 938/938/938 939/939/939 936/936/936
f 940/940/940 941/941/941 942/942/942
f 942/942/942 943/943/943 940/940/940
f 944/944/944 945/945/945 946/946/946
f 946/946/946 947/947/947 944/944/944
f 948/948/948 949/949/949 950/950/950
f 950/950/950 951/951/951 948/948/948
f 952/952/952 953/953/953 954/954/954
f 954/954/954 955/955/955 952/952/952
f 956/956/956 957/957/957 958/958/958
f 958/958/958 959/959/959 956/956/956
f 960/960/960 961/961/961 962/962/962
f 963/963/963 964/964/964 965/965/965
f 966/966/966 967/967/967 968/968/968
f 968/968/968 969/969/969 966/966/966
f 970/970/970 971/971/971 972/972/972
f 972/972/972 973/973/973 970/970/970
f 974/974/974 975/975/975 976/976/976
f 976/976/976 977/977/977 974/974/974
f 978/978/978 979/979/979 980/980/980
f 980/980/980 981/981/981 978/978/978
f 982/982/982 983/983/983 984/984/984
f 984/984/984 985/985/985 982/982/982
f 998/998/998 999/999/999 1000/1000/1000
f 1001/1001/1001 1002/1002/1002 1003/1003/1003
f 1004/1004/1004 1005/1005/1005 1006/1006/1006
f 1007/1007/1007 1008/1008/1008 1009/1009/1009
f 1010/1010/1010 1011/1011/1011 1012/1012/1012
f 1013/1013/1013 1014/1014/1014 1015/1015/1015
f 1016/1016/1016 1017/1017/1017 1018/1018/1018
f 1019/1019/1019 1020/1020/1020 1021/1021/1021
f 1022/1022/1022 1023/1023/1023 1024/1024/1024
f 1025/1025/1025 1026/1026/1026 1027/1027/1027
f 1028/1028/1028 1029/1029/1029 1030/1030/1030
f 1031/1031/1031 1032/1032/1032 1033/1033/1033
o by-bd013_part_2
v 0.08956234 12.4714108 0.262504756
v -0.11133489 12.3968468 0.373430341
v -0.0077665 12.3968468 0.470329881
v 0.1329782 12.3968468 0.487847269
v 0.2571395 12.3968468 0.419291466
v 0.3172921 12.3968468 0.290848464
v 0.290459573 12.3968468 0.151579142
v 0.186891168 12.3968468 0.0546796322
v 0.0461464673 12.3968468 0.03716223
v -0.07801482 12.3968468 0.105718046
v -0.138167381 12.3968468 0.234161019
v -0.235496178 12.2016335 0.441986084
v -0.06791903 12.2016335 0.5987729
v 0.159810692 12.2016335 0.6271166
v 0.360707879 12.2016335 0.516191
v 0.458036721 12.2016335 0.308365852
v 0.414620876 12.2016335 0.0830233544
v 0.247043684 12.2016335 -0.07376337
v 0.0193139836 12.2016335 -0.102107048
v -0.181583211 12.2016335 0.008818597
v -0.278912067 12.2016335 0.216643661
v 8.994788 6.90063572 -2.66660571
v 0.232589975 12.3133717 0.252466261
v 9.087033 7.121673 -2.30043578
v 0.206724465 12.2513933 0.149793923
v 0.232589975 12.3133717 0.252466261
v 0.258455515 12.2513933 0.35513854
v 9.179281 6.90063572 -1.93426585
v 9.087033 7.121673 -2.30043578
v -2.07118678 6.90063667 9.45515
v 0.06327783 12.3133717 0.40230003
v -2.43091 7.121674 9.340308
v 0.164142787 12.2513943 0.434501082
v 0.06327783 12.3133717 0.40230003
v -0.0375869423 12.2513943 0.370098948
v -2.79063559 6.90063667 9.225467
v -2.43091 7.121674 9.340308
v -6.476211 6.90063667 -6.343618
v -0.0201001167 12.3133717 0.2624779
v -6.18473 7.121674 -6.58367729
v -0.101830035 12.2513943 0.329789639
v -0.0201001167 12.3133717 0.2624779
v 0.061629653 12.2513943 0.1951662
v -5.893251 6.90063667 -6.82373857
v -6.18473 7.121674 -6.58367729
v 0.339381516 12.0062075 0.293132126
v 0.458120227 12.2014208 0.307689279
v 0.3611731 12.2014208 0.5156927
v 0.273667961 12.0062075 0.43412286
v 0.160479873 12.2014208 0.626987
v 0.13763231 12.0062075 0.5095612
v -0.06730142 12.2014208 0.59906137
v -0.01676438 12.0062075 0.4906325
v -0.235166118 12.2014208 0.442582548
v -0.130547881 12.0062075 0.384566635
v -0.278995633 12.2014208 0.217320219
v -0.1602568 12.0062075 0.231877357
v -0.182048425 12.2014208 0.009316772
v -0.09454326 12.0062075 0.09088662
v 0.0186447427 12.2014208 -0.101977378
v 0.0414923728 12.0062075 0.015448302
v 0.246426031 12.2014208 -0.0740518
v 0.195889056 12.0062075 0.0343770832
v 0.414290726 12.2014208 0.08242695
v 0.309672654 12.0062075 0.140442818
vt 0.857255042 0.250256419
vt 0.857255042 0.319823146
vt 0.8163649 0.306537032
vt 0.791093349 0.2717538
vt 0.791093349 0.22875911
vt 0.8163649 0.1939758
vt 0.857255042 0.180689752
vt 0.8981455 0.1939758
vt 0.9234171 0.22875911
vt 0.9234171 0.2717538
vt 0.8981455 0.306537032
vt 0.857255042 0.362817883
vt 0.791093349 0.3413205
vt 0.7502029 0.285039783
vt 0.7502029 0.215473115
vt 0.791093349 0.159192324
vt 0.857255042 0.137695074
vt 0.9234171 0.159192324
vt 0.9643073 0.215473115
vt 0.9643073 0.285039783
vt 0.9234171 0.341320455
vt 0 1
vt 0.03537202 0.6708638
vt 0.0443973169 1
vt 0.0103146266 0.6708638
vt 0.0103146266 0.6708638
vt 0.03537202 0.6708638
vt 0.0443973169 1
vt 0 1
vt 0 1
vt 0.03537202 0.6708638
vt 0.0443973169 1
vt 0.0103146266 0.6708638
vt 0.0103146266 0.6708638
vt 0.03537202 0.6708638
vt 0.0443973169 1
vt 0 1
vt 0 1
vt 0.03537202 0.6708638
vt 0.0443973169 1
vt 0.0103146266 0.6708638
vt 0.0103146266 0.6708638
vt 0.03537202 0.6708638
vt 0.0443973169 1
vt 0 1
vt 0.857255042 0.319823146
vt 0.857255042 0.362817883
vt 0.791093349 0.3413205
vt 0.8163649 0.306537032
vt 0.7502029 0.285039783
vt 0.791093349 0.2717538
vt 0.7502029 0.215473115
vt 0.791093349 0.22875911
vt 0.791093349 0.159192324
vt 0.8163649 0.1939758
vt 0.857255042 0.137695074
vt 0.857255042 0.180689752
vt 0.9234171 0.159192324
vt 0.8981455 0.1939758
vt 0.9643073 0.215473115
vt 0.9234171 0.22875911
vt 0.9643073 0.285039783
vt 0.9234171 0.2717538
vt 0.9234171 0.341320455
vt 0.8981455 0.306537032
vn -7.373118E-10 1 5.23657E-09
vn -0.5473349 0.7804439 0.302211523
vn -0.265167832 0.7804439 0.5662096
vn 0.118284434 0.780443966 0.6139349
vn 0.456556 0.7804439 0.427157938
vn 0.620438755 0.780443847 0.07722118
vn 0.54733485 0.7804439 -0.3022116
vn 0.2651677 0.7804439 -0.5662096
vn -0.118284494 0.780443847 -0.613935
vn -0.456556052 0.780443847 -0.427158
vn -0.6204387 0.7804439 -0.077221185
vn -0.7082294 0.5877851 0.3910496
vn -0.343116581 0.5877851 0.7326525
vn 0.153055266 0.587785244 0.79440707
vn 0.590765059 0.5877853 0.552725136
vn 0.8028228 0.5877851 0.09992101
vn 0.708229363 0.5877851 -0.3910496
vn 0.343116373 0.5877852 -0.732652545
vn -0.153055444 0.587785065 -0.7944071
vn -0.590765238 0.587785065 -0.552725255
vn -0.802822769 0.5877852 -0.09992104
vn 0.300293 0.7812461 -0.5472464
vn 0.477986932 0.8710062 -0.113475665
vn 0.473247766 0.8712295 -0.130367473
vn 0.3002926 0.7812458 -0.547247
vn 0.477986932 0.8710062 -0.113475665
vn 0.546400666 0.7707823 0.327629238
vn 0.5464007 0.7707829 0.3276279
vn 0.473247766 0.8712295 -0.130367473
vn 0.308327943 0.782692552 0.540672
vn -0.155631647 0.8724182 0.463319838
vn -0.137240455 0.872682154 0.4686053
vn 0.30832693 0.782692969 0.540672
vn -0.155631647 0.8724182 0.463319838
vn -0.566530049 0.771345437 0.2899481
vn -0.566528141 0.7713464 0.2899493
vn -0.137240455 0.872682154 0.4686053
vn -0.621481836 0.7826934 -0.03393177
vn -0.3057661 0.8707845 -0.38502124
vn -0.3228616 0.8711624 -0.369914085
vn -0.621481657 0.7826935 -0.0339320078
vn -0.3057661 0.8707845 -0.38502124
vn 0.0590710752 0.769082069 -0.6364145
vn 0.05906996 0.7690826 -0.636413932
vn -0.3228616 0.8711624 -0.369914085
vn 0.846302 -0.5225016 0.103755176
vn 0.8463019 -0.5225016 0.103755161
vn 0.623687 -0.5225016 0.5813834
vn 0.62368685 -0.522501647 0.581383467
vn 0.162844658 -0.5225018 0.8369429
vn 0.1628446 -0.5225019 0.8369429
vn -0.360198557 -0.522502 0.7728186
vn -0.3601985 -0.522501945 0.7728187
vn -0.745658159 -0.522502 0.413504034
vn -0.745658159 -0.522501945 0.413504034
vn -0.8463017 -0.522502 -0.103755124
vn -0.846301734 -0.522501945 -0.103755079
vn -0.623686731 -0.5225017 -0.5813835
vn -0.6236867 -0.522501767 -0.5813835
vn -0.162844539 -0.5225017 -0.83694303
vn -0.16284433 -0.5225018 -0.836943
vn 0.360198647 -0.5225018 -0.7728187
vn 0.360198557 -0.522501767 -0.7728188
vn 0.7456583 -0.522501647 -0.413504183
vn 0.7456583 -0.5225015 -0.413504362
usemtl by-bd013_part_2_material_0
f 1034/1034/1034 1035/1035/1035 1036/1036/1036
f 1034/1034/1034 1036/1036/1036 1037/1037/1037
f 1034/1034/1034 1037/1037/1037 1038/1038/1038
f 1034/1034/1034 1038/1038/1038 1039/1039/1039
f 1034/1034/1034 1039/1039/1039 1040/1040/1040
f 1034/1034/1034 1040/1040/1040 1041/1041/1041
f 1034/1034/1034 1041/1041/1041 1042/1042/1042
f 1034/1034/1034 1042/1042/1042 1043/1043/1043
f 1034/1034/1034 1043/1043/1043 1044/1044/1044
f 1034/1034/1034 1044/1044/1044 1035/1035/1035
f 1035/1035/1035 1045/1045/1045 1046/1046/1046
f 1035/1035/1035 1046/1046/1046 1036/1036/1036
f 1036/1036/1036 1046/1046/1046 1047/1047/1047
f 1036/1036/1036 1047/1047/1047 1037/1037/1037
f 1037/1037/1037 1047/1047/1047 1048/1048/1048
f 1037/1037/1037 1048/1048/1048 1038/1038/1038
f 1038/1038/1038 1048/1048/1048 1049/1049/1049
f 1038/1038/1038 1049/1049/1049 1039/1039/1039
f 1039/1039/1039 1049/1049/1049 1050/1050/1050
f 1039/1039/1039 1050/1050/1050 1040/1040/1040
f 1040/1040/1040 1050/1050/1050 1051/1051/1051
f 1040/1040/1040 1051/1051/1051 1041/1041/1041
f 1041/1041/1041 1051/1051/1051 1052/1052/1052
f 1041/1041/1041 1052/1052/1052 1042/1042/1042
f 1042/1042/1042 1052/1052/1052 1053/1053/1053
f 1042/1042/1042 1053/1053/1053 1043/1043/1043
f 1043/1043/1043 1053/1053/1053 1054/1054/1054
f 1043/1043/1043 1054/1054/1054 1044/1044/1044
f 1044/1044/1044 1054/1054/1054 1045/1045/1045
f 1044/1044/1044 1045/1045/1045 1035/1035/1035
f 1079/1079/1079 1080/1080/1080 1081/1081/1081
f 1079/1079/1079 1081/1081/1081 1082/1082/1082
f 1082/1082/1082 1081/1081/1081 1083/1083/1083
f 1082/1082/1082 1083/1083/1083 1084/1084/1084
f 1084/1084/1084 1083/1083/1083 1085/1085/1085
f 1084/1084/1084 1085/1085/1085 1086/1086/1086
f 1086/1086/1086 1085/1085/1085 1087/1087/1087
f 1086/1086/1086 1087/1087/1087 1088/1088/1088
f 1088/1088/1088 1087/1087/1087 1089/1089/1089
f 1088/1088/1088 1089/1089/1089 1090/1090/1090
f 1090/1090/1090 1089/1089/1089 1091/1091/1091
f 1090/1090/1090 1091/1091/1091 1092/1092/1092
f 1092/1092/1092 1091/1091/1091 1093/1093/1093
f 1092/1092/1092 1093/1093/1093 1094/1094/1094
f 1094/1094/1094 1093/1093/1093 1095/1095/1095
f 1094/1094/1094 1095/1095/1095 1096/1096/1096
f 1096/1096/1096 1095/1095/1095 1097/1097/1097
f 1096/1096/1096 1097/1097/1097 1098/1098/1098
f 1098/1098/1098 1097/1097/1097 1080/1080/1080
f 1098/1098/1098 1080/1080/1080 1079/1079/1079
usemtl by-bd013_part_2_material_1
f 1055/1055/1055 1056/1056/1056 1057/1057/1057
f 1056/1056/1056 1055/1055/1055 1058/1058/1058
f 1059/1059/1059 1060/1060/1060 1061/1061/1061
f 1061/1061/1061 1062/1062/1062 1059/1059/1059
f 1063/1063/1063 1064/1064/1064 1065/1065/1065
f 1064/1064/1064 1063/1063/1063 1066/1066/1066
f 1067/1067/1067 1068/1068/1068 1069/1069/1069
f 1069/1069/1069 1070/1070/1070 1067/1067/1067
f 1071/1071/1071 1072/1072/1072 1073/1073/1073
f 1072/1072/1072 1071/1071/1071 1074/1074/1074
f 1075/1075/1075 1076/1076/1076 1077/1077/1077
f 1077/1077/1077 1078/1078/1078 1075/1075/1075
