mtllib by-bd019.mtl
o by-bd019_part_0
v -8.863799 1.01847148 1.08181632
v -6.70016766 1.01847148 1.08181632
v -8.863799 1.018471 -1.08181608
v -6.70016766 1.018471 -1.08181608
v -8.863799 -0.0553820729 1.08181632
v -6.70016766 -0.0553820729 1.08181632
v -8.863799 1.01847148 1.08181632
v -6.70016766 1.01847148 1.08181632
v -8.863799 -0.05538243 -1.08181608
v -8.863799 -0.0553820729 1.08181632
v -8.863799 1.018471 -1.08181608
v -8.863799 1.01847148 1.08181632
v -6.70016766 -0.05538243 -1.08181608
v -8.863799 -0.05538243 -1.08181608
v -6.70016766 1.018471 -1.08181608
v -8.863799 1.018471 -1.08181608
v -6.70016766 -0.0553820729 1.08181632
v -6.70016766 -0.05538243 -1.08181608
v -6.70016766 1.01847148 1.08181632
v -6.70016766 1.018471 -1.08181608
v -8.379991 1.01847136 0.5980065
v -7.183977 1.01847136 0.5980065
v -8.379991 2.22603369 0.598006248
v -7.183977 2.22603369 0.598006248
v -8.379991 1.01847112 -0.5980067
v -8.379991 1.01847136 0.5980065
v -8.379991 2.22603369 -0.598006964
v -8.379991 2.22603369 0.598006248
v -7.183977 1.01847112 -0.5980067
v -8.379991 1.01847112 -0.5980067
v -7.183977 2.22603369 -0.598006964
v -8.379991 2.22603369 -0.598006964
v -7.183977 1.01847136 0.5980065
v -7.183977 1.01847112 -0.5980067
v -7.183977 2.22603369 0.598006248
v -7.183977 2.22603369 -0.598006964
v -8.48717 2.469779 0.7051866
v -7.07679653 2.469779 0.7051866
v -8.48717 2.469779 -0.7051873
v -7.07679653 2.469779 -0.7051873
v -8.48717 2.22049522 0.7051866
v -7.07679653 2.22049522 0.7051866
v -8.48717 2.469779 0.7051866
v -7.07679653 2.469779 0.7051866
v -8.48717 2.22049475 -0.7051873
v -8.48717 2.22049522 0.7051866
v -8.48717 2.469779 -0.7051873
v -8.48717 2.469779 0.7051866
v -7.07679653 2.22049475 -0.7051873
v -8.48717 2.22049475 -0.7051873
v -7.07679653 2.469779 -0.7051873
v -8.48717 2.469779 -0.7051873
v -7.07679653 2.22049522 0.7051866
v -7.07679653 2.22049475 -0.7051873
v -7.07679653 2.469779 0.7051866
v -7.07679653 2.469779 -0.7051873
v -8.379991 2.46608663 0.598006248
v -7.183977 2.46608663 0.598006248
v -8.379991 7.646832 0.598005533
v -7.183976 7.646832 0.598005533
v -8.379991 2.46608663 -0.598006964
v -8.379991 2.46608663 0.598006248
v -8.379991 7.646832 -0.598007739
v -8.379991 7.646832 0.598005533
v -7.183977 2.46608663 -0.598006964
v -8.379991 2.46608663 -0.598006964
v -7.183976 7.646832 -0.598007739
v -8.379991 7.646832 -0.598007739
v -7.183977 2.46608663 0.598006248
v -7.183977 2.46608663 -0.598006964
v -7.183976 7.646832 0.598005533
v -7.183976 7.646832 -0.598007739
v -8.48717 8.051191 0.705185831
v -7.07679653 8.051191 0.705185831
v -8.48717 8.051191 -0.7051881
v -7.07679653 8.051191 -0.7051881
v -8.48717 7.646832 0.7051859
v -7.07679653 7.646832 0.7051859
v -8.48717 8.051191 0.705185831
v -7.07679653 8.051191 0.705185831
v -8.48717 7.646832 -0.705188036
v -8.48717 7.646832 0.7051859
v -8.48717 8.051191 -0.7051881
v -8.48717 8.051191 0.705185831
v -7.07679653 7.646832 -0.705188036
v -8.48717 7.646832 -0.705188036
v -7.07679653 8.051191 -0.7051881
v -8.48717 8.051191 -0.7051881
v -8.593516 8.051191 0.811531842
v -6.9704504 8.051191 0.811531842
v -8.593516 8.49027252 0.811531663
v -6.9704504 8.49027252 0.811531663
v -8.593516 8.051191 -0.8115341
v -8.593516 8.051191 0.811531842
v -8.593516 8.49027252 -0.8115343
v -8.593516 8.49027252 0.811531663
v -6.9704504 8.051191 -0.8115341
v -8.593516 8.051191 -0.8115341
v -6.9704504 8.49027252 -0.8115343
v -8.593516 8.49027252 -0.8115343
vt 0.38900122 0.19977355
vt 0.747716844 0.19977349
vt 0.38900134 0.560378969
vt 0.747716844 0.5603789
vt 0.747716844 0.0258942842
vt 0.389811844 0.0258942842
vt 0.747716844 0.1996485
vt 0.389811844 0.1996485
vt 0.389811844 0.0258942842
vt 0.747716844 0.0258942842
vt 0.389811844 0.1996485
vt 0.747716844 0.1996485
vt 0.747716844 0.0258942842
vt 0.389811844 0.0258942842
vt 0.747716844 0.1996485
vt 0.389811844 0.1996485
vt 0.389811844 0.0258942842
vt 0.747716844 0.0258942842
vt 0.389811844 0.1996485
vt 0.747716844 0.1996485
vt 0.0295630079 0.005905986
vt 0.185498938 0.005905986
vt 0.0295630079 0.221757233
vt 0.185498968 0.221757233
vt 0.185498938 0.005905986
vt 0.0295630079 0.005905986
vt 0.185498968 0.221757233
vt 0.0295630079 0.221757233
vt 0.0295630079 0.005905986
vt 0.185498938 0.005905986
vt 0.0295630079 0.221757233
vt 0.185498968 0.221757233
vt 0.0295630079 0.005905986
vt 0.185498938 0.005905986
vt 0.0295630079 0.221757233
vt 0.185498968 0.221757233
vt 0.473754764 0.286732435
vt 0.655946434 0.286732435
vt 0.473754764 0.474753022
vt 0.655946434 0.474752963
vt 0.991514444 0.447764277
vt 0.991514444 0.230582714
vt 0.942409039 0.447764277
vt 0.942409039 0.230582714
vt 0.991514444 0.230582714
vt 0.991514444 0.447764277
vt 0.942409039 0.230582714
vt 0.942409039 0.447764277
vt 0.991514564 0.0134013891
vt 0.991514444 0.230582714
vt 0.942409039 0.0134013891
vt 0.942409039 0.230582714
vt 0.991514444 0.230582714
vt 0.991514564 0.0134013891
vt 0.942409039 0.230582714
vt 0.942409039 0.0134013891
vt 0.0178198218 0.229219079
vt 0.186526418 0.229219079
vt 0.0178198554 0.9762285
vt 0.186526477 0.9762285
vt 0.186526418 0.229219079
vt 0.0178198218 0.229219079
vt 0.186526477 0.9762285
vt 0.0178198554 0.9762285
vt 0.0178198218 0.229219079
vt 0.186526418 0.229219079
vt 0.0178198554 0.9762285
vt 0.186526477 0.9762285
vt 0.0178198218 0.229219079
vt 0.186526418 0.229219079
vt 0.0178198554 0.9762285
vt 0.186526477 0.9762285
vt 1.30822837 0.4146831
vt 1.54329073 0.4146831
vt 1.30822849 0.649745464
vt 1.54329085 0.6497454
vt 0.935126245 0.244230032
vt 0.9360293 0.0136263967
vt 0.8540258 0.244230032
vt 0.854365 0.0136263967
vt 0.935126245 0.244230032
vt 0.9360293 0.0136263967
vt 0.8540258 0.244230032
vt 0.854365 0.0136263967
vt 0.935126245 0.244230032
vt 0.9360293 0.0136263967
vt 0.8540258 0.244230032
vt 0.854365 0.0136263967
vt 0.8487209 0.272775769
vt 0.8487208 0.0135916471
vt 0.7596044 0.272775769
vt 0.7596043 0.0135917068
vt 0.8487209 0.272775769
vt 0.8487208 0.0135916471
vt 0.7596044 0.272775769
vt 0.7596043 0.0135917068
vt 0.8487208 0.0135916471
vt 0.8487209 0.272775769
vt 0.7596043 0.0135916471
vt 0.7596044 0.272775769
vn 0 1 -2.20387321E-07
vn 0 1 -2.20387321E-07
vn 0 1 -2.20387321E-07
vn 0 1 -2.20387321E-07
vn 0 0 1
vn 0 0 1
vn 0 0 1
vn 0 0 1
vn -1 0 0
vn -1 0 0
vn -1 0 0
vn -1 0 0
vn 0 0 -1
vn 0 0 -1
vn 0 0 -1
vn 0 0 -1
vn 1 0 0
vn 1 0 0
vn 1 0 0
vn 1 0 0
vn 0 1.97437913E-07 1
vn 0 1.97437913E-07 1
vn 0 1.97437913E-07 1
vn 0 1.97437913E-07 1
vn -1 0 0
vn -1 0 0
vn -1 0 0
vn -1 0 0
vn 0 -1.9743787E-07 -1
vn 0 -1.9743787E-07 -1
vn 0 -1.9743787E-07 -1
vn 0 -1.9743787E-07 -1
vn 1 0 0
vn 1 0 0
vn 1 0 0
vn 1 0 0
vn 0 1 0
vn 0 1 0
vn 0 1 0
vn 0 1 0
vn 0 0 1
vn 0 0 1
vn 0 0 1
vn 0 0 1
vn -1 0 0
vn -1 0 0
vn -1 0 0
vn -1 0 0
vn 0 0 -1
vn 0 0 -1
vn 0 0 -1
vn 0 0 -1
vn 1 0 0
vn 1 0 0
vn 1 0 0
vn 1 0 0
vn 0 1.38060386E-07 1
vn 0 1.38060386E-07 1
vn 0 1.38060386E-07 1
vn 0 1.38060386E-07 1
vn -1 0 0
vn -1 0 0
vn -1 0 0
vn -1 0 0
vn 0 -1.49565423E-07 -1
vn 0 -1.49565423E-07 -1
vn 0 -1.49565423E-07 -1
vn 0 -1.49565423E-07 -1
vn 1 -1.8408052E-07 0
vn 1 -1.8408052E-07 0
vn 1 -1.8408052E-07 0
vn 1 -1.8408052E-07 0
vn 0 1 0
vn 0 1 0
vn 0 1 0
vn 0 1 0
vn 0 1.47404961E-07 1
vn 0 1.47404961E-07 1
vn 0 1.47404961E-07 1
vn 0 1.47404961E-07 1
vn -1 0 0
vn -1 0 0
vn -1 0 0
vn -1 0 0
vn 0 -1.47404961E-07 -1
vn 0 -1.47404961E-07 -1
vn 0 -1.47404961E-07 -1
vn 0 -1.47404961E-07 -1
vn 0 4.072466E-07 1
vn 0 4.072466E-07 1
vn 0 4.072466E-07 1
vn 0 4.072466E-07 1
vn -1 0 0
vn -1 0 0
vn -1 0 0
vn -1 0 0
vn 0 -4.072466E-07 -1
vn 0 -4.072466E-07 -1
vn 0 -4.072466E-07 -1
vn 0 -4.072466E-07 -1
usemtl by-bd019_part_0_material_0
f 1/1/1 2/2/2 3/3/3
f 4/4/4 3/3/3 2/2/2
f 5/5/5 6/6/6 7/7/7
f 8/8/8 7/7/7 6/6/6
f 9/9/9 10/10/10 11/11/11
f 12/12/12 11/11/11 10/10/10
f 13/13/13 14/14/14 15/15/15
f 16/16/16 15/15/15 14/14/14
f 17/17/17 18/18/18 19/19/19
f 20/20/20 19/19/19 18/18/18
f 21/21/21 22/22/22 23/23/23
f 24/24/24 23/23/23 22/22/22
f 25/25/25 26/26/26 27/27/27
f 28/28/28 27/27/27 26/26/26
f 29/29/29 30/30/30 31/31/31
f 32/32/32 31/31/31 30/30/30
f 33/33/33 34/34/34 35/35/35
f 36/36/36 35/35/35 34/34/34
f 37/37/37 38/38/38 39/39/39
f 40/40/40 39/39/39 38/38/38
f 41/41/41 42/42/42 43/43/43
f 44/44/44 43/43/43 42/42/42
f 45/45/45 46/46/46 47/47/47
f 48/48/48 47/47/47 46/46/46
f 49/49/49 50/50/50 51/51/51
f 52/52/52 51/51/51 50/50/50
f 53/53/53 54/54/54 55/55/55
f 56/56/56 55/55/55 54/54/54
f 57/57/57 58/58/58 59/59/59
f 60/60/60 59/59/59 58/58/58
f 61/61/61 62/62/62 63/63/63
f 64/64/64 63/63/63 62/62/62
f 65/65/65 66/66/66 67/67/67
f 68/68/68 67/67/67 66/66/66
f 69/69/69 70/70/70 71/71/71
f 72/72/72 71/71/71 70/70/70
f 73/73/73 74/74/74 75/75/75
f 76/76/76 75/75/75 74/74/74
f 77/77/77 78/78/78 79/79/79
f 80/80/80 79/79/79 78/78/78
f 81/81/81 82/82/82 83/83/83
f 84/84/84 83/83/83 82/82/82
f 85/85/85 86/86/86 87/87/87
f 88/88/88 87/87/87 86/86/86
f 89/89/89 90/90/90 91/91/91
f 92/92/92 91/91/91 90/90/90
f 93/93/93 94/94/94 95/95/95
f 96/96/96 95/95/95 94/94/94
f 97/97/97 98/98/98 99/99/99
f 100/100/100 99/99/99 98/98/98
o by-bd019_part_1
v 6.70016766 1.01847148 1.08181632
v 8.863799 1.01847148 1.08181632
v 8.863799 1.01847124 -1.08181608
v 6.70016766 1.01847124 -1.08181608
v 6.70016766 -0.0553820431 1.08181632
v 8.863799 -0.0553820431 1.08181632
v 8.863799 1.01847148 1.08181632
v 6.70016766 1.01847148 1.08181632
v 8.863799 -0.0553820431 1.08181632
v 8.863799 -0.0553822219 -1.08181608
v 8.863799 1.01847124 -1.08181608
v 8.863799 1.01847148 1.08181632
v 8.863799 -0.0553822219 -1.08181608
v 6.70016766 -0.0553822219 -1.08181608
v 6.70016766 1.01847124 -1.08181608
v 8.863799 1.01847124 -1.08181608
v 6.70016766 -0.0553822219 -1.08181608
v 6.70016766 -0.0553820431 1.08181632
v 6.70016766 1.01847148 1.08181632
v 6.70016766 1.01847124 -1.08181608
v 7.183977 1.01847148 0.598006546
v 8.379991 1.01847148 0.598006546
v 8.379991 2.22603369 0.5980064
v 7.183977 2.22603369 0.5980064
v 8.379991 1.01847148 0.598006546
v 8.379991 1.01847124 -0.598006666
v 8.379991 2.22603369 -0.5980068
v 8.379991 2.22603369 0.5980064
v 8.379991 1.01847124 -0.598006666
v 7.183977 1.01847124 -0.598006666
v 7.183977 2.22603369 -0.5980068
v 8.379991 2.22603369 -0.5980068
v 7.183977 1.01847124 -0.598006666
v 7.183977 1.01847148 0.598006546
v 7.183977 2.22603369 0.5980064
v 7.183977 2.22603369 -0.5980068
v 7.07679653 2.469779 0.7051868
v 8.48717 2.469779 0.7051868
v 8.48717 2.469779 -0.705187142
v 7.07679653 2.469779 -0.705187142
v 7.07679653 2.22049522 0.7051868
v 8.48717 2.22049522 0.7051868
v 8.48717 2.469779 0.7051868
v 7.07679653 2.469779 0.7051868
v 8.48717 2.22049522 0.7051868
v 8.48717 2.22049475 -0.705187142
v 8.48717 2.469779 -0.705187142
v 8.48717 2.469779 0.7051868
v 8.48717 2.22049475 -0.705187142
v 7.07679653 2.22049475 -0.705187142
v 7.07679653 2.469779 -0.705187142
v 8.48717 2.469779 -0.705187142
v 7.07679653 2.22049475 -0.705187142
v 7.07679653 2.22049522 0.7051868
v 7.07679653 2.469779 0.7051868
v 7.07679653 2.469779 -0.705187142
v 7.183977 2.46608686 0.5980064
v 8.379991 2.46608686 0.5980064
v 8.379991 7.646832 0.59800607
v 7.183976 7.646832 0.59800607
v 8.379991 2.46608686 0.5980064
v 8.379991 2.46608686 -0.5980068
v 8.379991 7.646832 -0.5980072
v 8.379991 7.646832 0.59800607
v 8.379991 2.46608686 -0.5980068
v 7.183977 2.46608686 -0.5980068
v 7.183976 7.646832 -0.5980072
v 8.379991 7.646832 -0.5980072
v 7.183977 2.46608686 -0.5980068
v 7.183977 2.46608686 0.5980064
v 7.183976 7.646832 0.59800607
v 7.183976 7.646832 -0.5980072
v 7.07679653 8.051191 0.7051864
v 8.48717 8.051191 0.7051864
v 8.48717 8.051191 -0.7051875
v 7.07679653 8.051191 -0.7051875
v 7.07679653 7.646832 0.7051864
v 8.48717 7.646832 0.7051864
v 8.48717 8.051191 0.7051864
v 7.07679653 8.051191 0.7051864
v 8.48717 7.646832 0.7051864
v 8.48717 7.646832 -0.7051875
v 8.48717 8.051191 -0.7051875
v 8.48717 8.051191 0.7051864
v 8.48717 7.646832 -0.7051875
v 7.07679653 7.646832 -0.7051875
v 7.07679653 8.051191 -0.7051875
v 8.48717 8.051191 -0.7051875
v 7.07679653 7.646832 -0.7051875
v 7.07679653 7.646832 0.7051864
v 7.07679653 8.051191 0.7051864
v 7.07679653 8.051191 -0.7051875
v 6.9704504 8.051191 0.811532438
v 8.593516 8.051191 0.811532438
v 8.593516 8.49027252 0.8115323
v 6.9704504 8.49027252 0.8115323
v 8.593516 8.051191 0.811532438
v 8.593516 8.051191 -0.8115335
v 8.593516 8.49027252 -0.81153363
v 8.593516 8.49027252 0.8115323
v 8.593516 8.051191 -0.8115335
v 6.9704504 8.051191 -0.8115335
v 6.9704504 8.49027252 -0.81153363
v 8.593516 8.49027252 -0.81153363
v 6.9704504 8.051191 -0.8115335
v 6.9704504 8.051191 0.811532438
v 6.9704504 8.49027252 0.8115323
v 6.9704504 8.49027252 -0.81153363
vt 0.747716844 0.19977349
vt 0.38900122 0.19977355
vt 0.38900134 0.560378969
vt 0.747716844 0.5603789
vt 0.389811844 0.0258942842
vt 0.747716844 0.0258942842
vt 0.747716844 0.1996485
vt 0.389811844 0.1996485
vt 0.747716844 0.0258942842
vt 0.389811844 0.0258942842
vt 0.389811844 0.1996485
vt 0.747716844 0.1996485
vt 0.389811844 0.0258942842
vt 0.747716844 0.0258942842
vt 0.747716844 0.1996485
vt 0.389811844 0.1996485
vt 0.747716844 0.0258942842
vt 0.389811844 0.0258942842
vt 0.389811844 0.1996485
vt 0.747716844 0.1996485
vt 0.185498938 0.005905986
vt 0.0295630079 0.005905986
vt 0.0295630079 0.221757233
vt 0.185498968 0.221757233
vt 0.0295630079 0.005905986
vt 0.185498938 0.005905986
vt 0.185498968 0.221757233
vt 0.0295630079 0.221757233
vt 0.185498938 0.005905986
vt 0.0295630079 0.005905986
vt 0.0295630079 0.221757233
vt 0.185498968 0.221757233
vt 0.185498938 0.005905986
vt 0.0295630079 0.005905986
vt 0.0295630079 0.221757233
vt 0.185498968 0.221757233
vt 0.655946434 0.286732435
vt 0.473754764 0.286732435
vt 0.473754764 0.474753022
vt 0.655946434 0.474752963
vt 0.991514444 0.230582714
vt 0.991514444 0.447764277
vt 0.942409039 0.447764277
vt 0.942409039 0.230582714
vt 0.991514444 0.447764277
vt 0.991514444 0.230582714
vt 0.942409039 0.230582714
vt 0.942409039 0.447764277
vt 0.991514444 0.230582714
vt 0.991514564 0.0134013891
vt 0.942409039 0.0134013891
vt 0.942409039 0.230582714
vt 0.991514564 0.0134013891
vt 0.991514444 0.230582714
vt 0.942409039 0.230582714
vt 0.942409039 0.0134013891
vt 0.186526418 0.229219079
vt 0.0178198218 0.229219079
vt 0.0178198554 0.9762285
vt 0.186526477 0.9762285
vt 0.0178198218 0.229219079
vt 0.186526418 0.229219079
vt 0.186526477 0.9762285
vt 0.0178198554 0.9762285
vt 0.186526418 0.229219079
vt 0.0178198218 0.229219079
vt 0.0178198554 0.9762285
vt 0.186526477 0.9762285
vt 0.186526418 0.229219079
vt 0.0178198218 0.229219079
vt 0.0178198554 0.9762285
vt 0.186526477 0.9762285
vt 1.54329073 0.4146831
vt 1.30822837 0.4146831
vt 1.30822849 0.649745464
vt 1.54329085 0.6497454
vt 0.9360293 0.0136263967
vt 0.935126245 0.244230032
vt 0.8540258 0.244230032
vt 0.854365 0.0136263967
vt 0.9360293 0.0136263967
vt 0.935126245 0.244230032
vt 0.8540258 0.244230032
vt 0.854365 0.0136263967
vt 0.9360293 0.0136263967
vt 0.935126245 0.244230032
vt 0.8540258 0.244230032
vt 0.854365 0.0136263967
vt 0.9360293 0.0136263967
vt 0.935126245 0.244230032
vt 0.8540258 0.244230032
vt 0.854365 0.0136263967
vt 0.8487208 0.0135916471
vt 0.8487209 0.272775769
vt 0.7596044 0.272775769
vt 0.7596043 0.0135917068
vt 0.8487208 0.0135916471
vt 0.8487209 0.272775769
vt 0.7596044 0.272775769
vt 0.7596043 0.0135917068
vt 0.8487209 0.272775769
vt 0.8487208 0.0135916471
vt 0.7596043 0.0135916471
vt 0.7596044 0.272775769
vt 0.8487208 0.0135916471
vt 0.8487209 0.272775769
vt 0.7596044 0.272775769
vt 0.7596043 0.0135916471
vn 0 1 -1.1019366E-07
vn 0 1 -1.1019366E-07
vn 0 1 -1.1019366E-07
vn 0 1 -1.1019366E-07
vn 0 0 1
vn 0 0 1
vn 0 0 1
vn 0 0 1
vn 1 0 0
vn 1 0 0
vn 1 0 0
vn 1 0 0
vn 0 0 -1
vn 0 0 -1
vn 0 0 -1
vn 0 0 -1
vn -1 0 0
vn -1 0 0
vn -1 0 0
vn -1 0 0
vn 0 9.87189637E-08 1
vn 0 9.87189637E-08 1
vn 0 9.87189637E-08 1
vn 0 9.87189637E-08 1
vn 1 0 0
vn 1 0 0
vn 1 0 0
vn 1 0 0
vn 0 -9.871894E-08 -1
vn 0 -9.871894E-08 -1
vn 0 -9.871894E-08 -1
vn 0 -9.871894E-08 -1
vn -1 0 0
vn -1 0 0
vn -1 0 0
vn -1 0 0
vn 0 1 0
vn 0 1 0
vn 0 1 0
vn 0 1 0
vn 0 0 1
vn 0 0 1
vn 0 0 1
vn 0 0 1
vn 1 0 0
vn 1 0 0
vn 1 0 0
vn 1 0 0
vn 0 0 -1
vn 0 0 -1
vn 0 0 -1
vn 0 0 -1
vn -1 0 0
vn -1 0 0
vn -1 0 0
vn -1 0 0
vn 0 6.90302E-08 1
vn 0 6.90302E-08 1
vn 0 6.90302E-08 1
vn 0 6.90302E-08 1
vn 1 0 0
vn 1 0 0
vn 1 0 0
vn 1 0 0
vn 0 -8.053523E-08 -1
vn 0 -8.053523E-08 -1
vn 0 -8.053523E-08 -1
vn 0 -8.053523E-08 -1
vn -1 -1.84080534E-07 0
vn -1 -1.84080534E-07 0
vn -1 -1.84080534E-07 0
vn -1 -1.84080534E-07 0
vn 0 1 0
vn 0 1 0
vn 0 1 0
vn 0 1 0
vn 0 0 1
vn 0 0 1
vn 0 0 1
vn 0 0 1
vn 1 0 0
vn 1 0 0
vn 1 0 0
vn 1 0 0
vn 0 0 -1
vn 0 0 -1
vn 0 0 -1
vn 0 0 -1
vn -1 0 0
vn -1 0 0
vn -1 0 0
vn -1 0 0
vn 0 2.71497157E-07 1
vn 0 2.71497157E-07 1
vn 0 2.71497157E-07 1
vn 0 2.71497157E-07 1
vn 1 0 0
vn 1 0 0
vn 1 0 0
vn 1 0 0
vn 0 -2.71497157E-07 -1
vn 0 -2.71497157E-07 -1
vn 0 -2.71497157E-07 -1
vn 0 -2.71497157E-07 -1
vn -1 0 0
vn -1 0 0
vn -1 0 0
vn -1 0 0
usemtl by-bd019_part_1_material_0
f 101/101/101 102/102/102 103/103/103
f 103/103/103 104/104/104 101/101/101
f 105/105/105 106/106/106 107/107/107
f 107/107/107 108/108/108 105/105/105
f 109/109/109 110/110/110 111/111/111
f 111/111/111 112/112/112 109/109/109
f 113/113/113 114/114/114 115/115/115
f 115/115/115 116/116/116 113/113/113
f 117/117/117 118/118/118 119/119/119
f 119/119/119 120/120/120 117/117/117
f 121/121/121 122/122/122 123/123/123
f 123/123/123 124/124/124 121/121/121
f 125/125/125 126/126/126 127/127/127
f 127/127/127 128/128/128 125/125/125
f 129/129/129 130/130/130 131/131/131
f 131/131/131 132/132/132 129/129/129
f 133/133/133 134/134/134 135/135/135
f 135/135/135 136/136/136 133/133/133
f 137/137/137 138/138/138 139/139/139
f 139/139/139 140/140/140 137/137/137
f 141/141/141 142/142/142 143/143/143
f 143/143/143 144/144/144 141/141/141
f 145/145/145 146/146/146 147/147/147
f 147/147/147 148/148/148 145/145/145
f 149/149/149 150/150/150 151/151/151
f 151/151/151 152/152/152 149/149/149
f 153/153/153 154/154/154 155/155/155
f 155/155/155 156/156/156 153/153/153
f 157/157/157 158/158/158 159/159/159
f 159/159/159 160/160/160 157/157/157
f 161/161/161 162/162/162 163/163/163
f 163/163/163 164/164/164 161/161/161
f 165/165/165 166/166/166 167/167/167
f 167/167/167 168/168/168 165/165/165
f 169/169/169 170/170/170 171/171/171
f 171/171/171 172/172/172 169/169/169
f 173/173/173 174/174/174 175/175/175
f 175/175/175 176/176/176 173/173/173
f 177/177/177 178/178/178 179/179/179
f 179/179/179 180/180/180 177/177/177
f 181/181/181 182/182/182 183/183/183
f 183/183/183 184/184/184 181/181/181
f 185/185/185 186/186/186 187/187/187
f 187/187/187 188/188/188 185/185/185
f 189/189/189 190/190/190 191/191/191
f 191/191/191 192/192/192 189/189/189
f 193/193/193 194/194/194 195/195/195
f 195/195/195 196/196/196 193/193/193
f 197/197/197 198/198/198 199/199/199
f 199/199/199 200/200/200 197/197/197
f 201/201/201 202/202/202 203/203/203
f 203/203/203 204/204/204 201/201/201
f 205/205/205 206/206/206 207/207/207
f 207/207/207 208/208/208 205/205/205
o by-bd019_part_2
v -7.07679653 7.646832 0.7051859
v -7.07679653 7.646832 -0.705188036
v -7.07679653 8.051191 0.705185831
v -7.07679653 8.051191 -0.7051881
v -8.593516 8.49027252 0.811531663
v -6.9704504 8.49027252 0.811531663
v -8.593516 8.49027252 -0.8115343
v -6.9704504 8.49027252 -0.8115343
v -6.9704504 8.051191 0.811531842
v -6.9704504 8.051191 -0.8115341
v -6.9704504 8.49027252 0.811531663
v -6.9704504 8.49027252 -0.8115343
v -8.061381 9.849088 -1.47305343E-06
v -7.92168236 9.849088 -0.241967276
v -7.78198338 9.755124 -1.45070169E-06
v -7.64228439 9.849088 -0.241967276
v -7.50258541 9.849088 -1.45070169E-06
v -7.64228439 9.849088 0.241964385
v -7.92168236 9.849088 0.241964325
v -7.94947624 10.0201273 -0.29010734
v -8.116969 10.0201273 -1.50285575E-06
v -7.61449051 10.0201273 -0.29010734
v -7.44699764 10.0201273 -1.47305343E-06
v -7.61449051 10.0201273 0.2901043
v -7.94947624 10.0201273 0.29010424
v -7.85030842 10.1398134 -0.118342884
v -7.91863155 10.1398134 -1.52520749E-06
v -7.71365833 10.1398134 -0.118342884
v -7.645335 10.1398134 -1.51775691E-06
v -7.71365833 10.1398134 0.118339844
v -7.85030842 10.1398134 0.1183398
v -7.880906 10.2172651 -0.171339825
v -7.979828 10.2172651 -1.54010866E-06
v -7.68306065 10.2172651 -0.171339825
v -7.584139 10.2172651 -1.52520749E-06
v -7.68306065 10.2172651 0.1713368
v -7.880906 10.2172651 0.17133671
v -7.826438 10.322629 -0.07700025
v -7.87089443 10.322629 -1.5624604E-06
v -7.737529 10.322629 -0.07700025
v -7.69307232 10.322629 -1.55500982E-06
v -7.737529 10.322629 0.07699715
v -7.826438 10.322629 0.07699711
v -7.78198338 11.0255232 -1.68166969E-06
v -7.78198338 11.0255232 -1.68166969E-06
v -7.183976 6.240465 0.476266831
v -7.183976 6.240465 -0.4762685
v -6.16072369 7.32809973 0.4762666
v -6.16072369 7.32809973 -0.476268679
v -7.183976 7.49782 0.476266563
v -7.183976 6.240465 0.476266831
v -6.562169 8.118807 0.476266474
v -6.16072369 7.32809973 0.4762666
v -7.183976 7.49782 -0.476268739
v -7.183976 7.49782 0.476266563
v -6.562169 8.118807 -0.4762688
v -6.562169 8.118807 0.476266474
v -7.183976 6.240465 -0.4762685
v -7.183976 7.49782 -0.476268739
v -6.16072369 7.32809973 -0.476268679
v -6.562169 8.118807 -0.4762688
v -6.16072369 7.32809973 -0.476268679
v -5.001231 8.039295 -0.4762688
v -6.16072369 7.32809973 0.4762666
v -5.001231 8.039294 0.476266474
v -5.001231 8.039294 0.476266474
v -5.365712 8.820929 0.476266354
v -6.562169 8.118807 0.476266474
v -5.365712 8.820929 0.476266354
v -6.562169 8.118807 -0.4762688
v -5.365712 8.820929 -0.476268917
v -5.365712 8.820929 -0.476268917
v -5.001231 8.039295 -0.4762688
v -3.15113831 8.325672 -0.7456148
v -3.67323685 9.911075 -0.745615065
v -3.15113831 8.325672 0.745612264
v -3.67323685 9.911075 0.7456121
v -4.911418 7.686355 0.7456125
v -4.911418 7.686355 -0.745614946
v -3.15113831 8.325672 0.745612264
v -3.15113831 8.325672 -0.7456148
v -4.75844669 8.106347 0.5915587
v -3.55391884 8.522312 0.5915489
v -5.160491 8.964106 0.5915521
v -3.8783884 9.464029 0.5915454
v -5.59550762 9.1213 0.7456123
v -3.67323685 9.911075 0.7456121
v -5.59550762 9.1213 -0.745614946
v -3.67323685 9.911075 -0.745615065
v -5.59550762 9.1213 -0.745614946
v -4.911418 7.686355 -0.745614946
v -5.59550762 9.1213 0.7456123
v -4.911418 7.686355 0.7456125
v -3.82809353 9.5189085 0.7456122
v -3.484315 8.49459648 0.745612264
v -3.67323685 9.911075 0.7456121
v -3.15113831 8.325672 0.745612264
v -4.793725 8.04241 0.745612442
v -4.911418 7.686355 0.7456125
v -5.23077869 8.974857 0.7456123
v -5.59550762 9.1213 0.7456123
v -3.8783884 9.464029 0.5915454
v -3.55391884 8.522312 0.5915489
v -3.82809353 9.5189085 0.7456122
v -3.484315 8.49459648 0.745612264
v -3.82809353 9.5189085 0.7456122
v -3.55391884 8.522312 0.5915489
v -3.55391884 8.522312 0.5915489
v -4.75844669 8.106347 0.5915587
v -3.484315 8.49459648 0.745612264
v -4.793725 8.04241 0.745612442
v -4.75844669 8.106347 0.5915587
v -5.160491 8.964106 0.5915521
v -4.793725 8.04241 0.745612442
v -5.23077869 8.974857 0.7456123
v -5.160491 8.964106 0.5915521
v -3.8783884 9.464029 0.5915454
v -5.23077869 8.974857 0.7456123
v -3.82809353 9.5189085 0.7456122
v -5.23077869 8.974857 0.7456123
v -3.8783884 9.464029 0.5915454
v -7.06241131 8.888683 0.7270114
v -7.30618954 8.886801 0.745343745
v -7.05242825 8.487485 0.7369952
v -7.384556 8.487485 0.7895992
v -7.38820362 8.885651 0.6809336
v -7.496971 8.487485 0.659779251
v -7.38820362 8.885651 0.6809336
v -7.092887 8.885651 0.416822851
v -7.496971 8.487485 0.659779251
v -7.062915 8.487485 0.359181345
v -7.092887 8.885651 0.416822851
v -7.039859 8.886801 0.487454474
v -7.062915 8.487485 0.359181345
v -6.99982357 8.487485 0.404867321
v -7.13046551 9.212876 0.6589574
v -7.32084656 9.199951 0.669988751
v -7.38632 9.192332 0.61390245
v -7.38632 9.192332 0.61390245
v -7.16447926 9.192332 0.414144158
v -7.16447926 9.192332 0.414144158
v -7.122444 9.199951 0.4655662
v -7.331992 9.588423 0.45743078
v -7.44909668 9.540192 0.4779896
v -7.4905405 9.51315 0.463222325
v -7.4905405 9.51315 0.463222325
v -7.32086754 9.513149 0.304216743
v -7.32086754 9.513149 0.304216743
v -7.309348 9.540193 0.342411637
v -7.722226 9.860057 0.06719721
v -7.79622936 9.793113 0.09735547
v -7.816367 9.756871 0.0906280652
v -7.816367 9.756871 0.0906280652
v -7.69613171 9.756871 -0.02428044
v -7.69613171 9.756871 -0.02428044
v -7.69236946 9.793113 -0.00710767275
v -8.508996 8.888683 0.719570935
v -8.527328 8.886801 0.475793421
v -8.518979 8.487485 0.7295545
v -8.571584 8.487485 0.397426933
v -8.462918 8.885651 0.3937789
v -8.441764 8.487485 0.285011858
v -8.462918 8.885651 0.3937789
v -8.198807 8.885651 0.689096034
v -8.441764 8.487485 0.285011858
v -8.141166 8.487485 0.7190682
v -8.198807 8.885651 0.689096034
v -8.269439 8.886801 0.7421236
v -8.141166 8.487485 0.7190682
v -8.1868515 8.487485 0.7821587
v -8.440942 9.212876 0.6515167
v -8.451972 9.199951 0.461135834
v -8.395886 9.192332 0.3956626
v -8.395886 9.192332 0.3956626
v -8.196128 9.192332 0.617503047
v -8.196128 9.192332 0.617503047
v -8.24755 9.199951 0.65953815
v -8.239415 9.588423 0.449990034
v -8.25997448 9.540192 0.332885623
v -8.245206 9.51315 0.291442275
v -8.245206 9.51315 0.291442275
v -8.086201 9.513149 0.461115152
v -8.086201 9.513149 0.461115152
v -8.124395 9.540193 0.472634315
v -7.849181 9.860057 0.0597565025
v -7.879339 9.793113 -0.0142464247
v -7.872612 9.756871 -0.0343840457
v -7.872612 9.756871 -0.0343840457
v -7.757704 9.756871 0.0858505
v -7.757704 9.756871 0.0858505
v -7.77487659 9.793113 0.08961316
v -8.501555 8.888683 -0.727012634
v -8.257777 8.886801 -0.745345
v -8.51153851 8.487485 -0.7369965
v -8.179411 8.487485 -0.789600432
v -8.175763 8.885651 -0.680934846
v -8.066996 8.487485 -0.659780562
v -8.175763 8.885651 -0.680934846
v -8.47108 8.885651 -0.416824073
v -8.066996 8.487485 -0.659780562
v -8.501052 8.487485 -0.359182537
v -8.47108 8.885651 -0.416824073
v -8.524108 8.886801 -0.4874557
v -8.501052 8.487485 -0.359182537
v -8.564143 8.487485 -0.4048685
v -8.433501 9.212876 -0.6589588
v -8.243119 9.199951 -0.6699901
v -8.177647 9.192332 -0.6139038
v -8.177647 9.192332 -0.6139038
v -8.3994875 9.192332 -0.41414544
v -8.3994875 9.192332 -0.41414544
v -8.441522 9.199951 -0.4655675
v -8.231975 9.588423 -0.457432181
v -8.11487 9.540192 -0.477991
v -8.073426 9.51315 -0.463223726
v -8.073426 9.51315 -0.463223726
v -8.2431 9.513149 -0.304218143
v -8.2431 9.513149 -0.304218143
v -8.254619 9.540193 -0.342413038
v -7.84174061 9.860057 -0.06719866
v -7.76773739 9.793113 -0.09735694
v -7.7475996 9.756871 -0.09062951
v -7.7475996 9.756871 -0.09062951
v -7.867835 9.756871 0.02427901
v -7.867835 9.756871 0.02427901
v -7.87159729 9.793113 0.00710622454
v -7.04498768 8.487485 -0.72955817
v -7.036639 8.886801 -0.4757972
v -6.992384 8.487485 -0.397430539
v -7.05497169 8.888683 -0.719574749
v -7.10104942 8.885651 -0.3937827
v -7.122204 8.487485 -0.285015464
v -7.122204 8.487485 -0.285015464
v -7.36516 8.885651 -0.6890998
v -7.422801 8.487485 -0.719071865
v -7.10104942 8.885651 -0.3937827
v -7.422801 8.487485 -0.719071865
v -7.294528 8.886801 -0.742127359
v -7.37711525 8.487485 -0.7821623
v -7.36516 8.885651 -0.6890998
v -7.111994 9.199951 -0.461139768
v -7.123025 9.212876 -0.651520669
v -7.16808033 9.192332 -0.395666569
v -7.367839 9.192332 -0.617507041
v -7.16808033 9.192332 -0.395666569
v -7.31641674 9.199951 -0.659542143
v -7.367839 9.192332 -0.617507041
v -7.303993 9.540192 -0.332889766
v -7.32455158 9.588423 -0.449994177
v -7.31876 9.51315 -0.291446418
v -7.477766 9.513149 -0.461119264
v -7.31876 9.51315 -0.291446418
v -7.43957138 9.540193 -0.472638458
v -7.477766 9.513149 -0.461119264
v -7.68462753 9.793113 0.0142421965
v -7.71478558 9.860057 -0.0597607531
v -7.69135475 9.756871 0.0343798436
v -7.806263 9.756871 -0.0858547
v -7.69135475 9.756871 0.0343798436
v -7.78909 9.793113 -0.0896173939
v -7.806263 9.756871 -0.0858547
v -5.160491 8.964106 -0.5915523
v -3.55391884 8.522312 -0.5915523
v -4.75844669 8.106347 -0.5915523
v -3.8783884 9.464029 -0.591558933
v -3.67323685 9.911075 -0.745615065
v -3.484315 8.49459648 -0.745614946
v -3.82809353 9.5189085 -0.745615065
v -3.15113831 8.325672 -0.7456148
v -4.793725 8.04241 -0.745614946
v -4.911418 7.686355 -0.745614946
v -5.23077869 8.974857 -0.745615
v -5.59550762 9.1213 -0.745614946
v -3.82809353 9.5189085 -0.745615065
v -3.55391884 8.522312 -0.5915523
v -3.8783884 9.464029 -0.591558933
v -3.55391884 8.522312 -0.5915523
v -3.82809353 9.5189085 -0.745615065
v -3.484315 8.49459648 -0.745614946
v -3.484315 8.49459648 -0.745614946
v -4.75844669 8.106347 -0.5915523
v -3.55391884 8.522312 -0.5915523
v -4.793725 8.04241 -0.745614946
v -4.793725 8.04241 -0.745614946
v -5.160491 8.964106 -0.5915523
v -4.75844669 8.106347 -0.5915523
v -5.23077869 8.974857 -0.745615
v -5.23077869 8.974857 -0.745615
v -3.8783884 9.464029 -0.591558933
v -5.160491 8.964106 -0.5915523
v -3.8783884 9.464029 -0.591558933
v -5.23077869 8.974857 -0.745615
v -3.82809353 9.5189085 -0.745615065
vt 0.935126245 0.244230032
vt 0.9360293 0.0136263967
vt 0.8540258 0.244230032
vt 0.854365 0.0136263967
vt 0.3900892 0.715347469
vt 0.6606003 0.715347469
vt 0.3900892 0.9858585
vt 0.6606003 0.9858584
vt 0.8487209 0.272775769
vt 0.8487208 0.0135916471
vt 0.7596044 0.272775769
vt 0.7596043 0.0135916471
vt -0.4285825 0.532774031
vt -0.4285825 0.6142747
vt -0.449924141 0.573524356
vt -0.4285825 0.5327739
vt -0.4285825 0.6142747
vt -0.4285825 0.5327739
vt -0.4285825 0.6142747
vt -0.38296935 0.622382045
vt -0.38296935 0.524666548
vt -0.38296935 0.524666548
vt -0.38296935 0.622382045
vt -0.38296935 0.524666548
vt -0.38296935 0.622382045
vt -0.340251982 0.593454659
vt -0.340251982 0.553594
vt -0.340251982 0.553593934
vt -0.340251982 0.593454659
vt -0.340251982 0.553593934
vt -0.340251982 0.593454659
vt -0.3177163 0.6023801
vt -0.3177163 0.544668734
vt -0.3177163 0.5446685
vt -0.3177163 0.6023801
vt -0.3177163 0.5446685
vt -0.3177163 0.6023801
vt -0.283851266 0.586491942
vt -0.283851266 0.5605568
vt -0.283851266 0.56055665
vt -0.283851266 0.586491942
vt -0.283851266 0.56055665
vt -0.283851266 0.586491942
vt -0.138885558 0.57122314
vt -0.138885558 0.575825453
vt 0.185507551 -0.0270627737
vt 0.0199014675 -0.0270627737
vt 0.185507551 -0.222577333
vt 0.0199014675 -0.222577333
vt 0.0199014675 -0.4008423
vt 0.185507551 -0.5031029
vt 0.0199014675 -0.257260919
vt 0.185507551 -0.257475019
vt 0.192357928 -0.4001807
vt 0.356378853 -0.4001807
vt 0.192357928 -0.257995248
vt 0.356378853 -0.257995367
vt 0.185507551 -0.5031029
vt 0.0199014675 -0.4008423
vt 0.185507551 -0.257475019
vt 0.0199014675 -0.257260919
vt 0.0199014675 -0.222577333
vt 0.0199014675 -0.400667429
vt 0.185507551 -0.222577333
vt 0.185507551 -0.4006673
vt 0.185507551 -0.0273522139
vt 0.0199014675 -0.0273522139
vt 0.356378853 -0.257995367
vt 0.356378853 -0.0273833275
vt 0.192357928 -0.257995248
vt 0.192357928 -0.0273832083
vt 0.0199014675 -0.0273522139
vt 0.185507551 -0.0273522139
vt -0.636071563 0.244151115
vt -0.636071563 0.02240634
vt -0.388996929 0.244151115
vt -0.388996929 0.02240628
vt 0.6546059 0.04543829
vt 0.6546059 0.1998133
vt 0.459340155 0.04543823
vt 0.459340155 0.199813247
vt -0.7039386 0.06933367
vt -0.919345 0.06933367
vt -0.7039386 0.224763513
vt -0.920507431 0.224763513
vt -0.805810153 0.6002768
vt -0.478030384 0.6002769
vt -0.8058106 0.8495763
vt -0.4780305 0.849576354
vt -0.636071563 0.244151115
vt -0.636071563 0.02240634
vt -0.388996929 0.244151115
vt -0.388996929 0.02240628
vt -0.9487704 0.2504087
vt -0.9487704 0.04615611
vt -0.981488943 0.2804345
vt -0.981488943 0.0152760744
vt -0.6753093 0.04615611
vt -0.6454867 0.0152760744
vt -0.6753093 0.2504087
vt -0.6454867 0.2804345
vt -0.920507431 0.224763513
vt -0.919345 0.06933367
vt -0.9487704 0.2504087
vt -0.9487704 0.04615611
vt -0.9487704 0.2504087
vt -0.919345 0.06933367
vt -0.919345 0.06933367
vt -0.7039386 0.06933367
vt -0.9487704 0.04615611
vt -0.6753093 0.04615611
vt -0.7039386 0.06933367
vt -0.7039386 0.224763513
vt -0.6753093 0.04615611
vt -0.6753093 0.2504087
vt -0.7039386 0.224763513
vt -0.920507431 0.224763513
vt -0.6753093 0.2504087
vt -0.9487704 0.2504087
vt -0.6753093 0.2504087
vt -0.920507431 0.224763513
vt 0.457896769 0.6455204
vt 0.457896769 0.6707384
vt 0.392691374 0.645533144
vt 0.392691374 0.6754912
vt 0.457896769 0.692623556
vt 0.392691374 0.697217941
vt -0.401672661 0.6363773
vt -0.4013643 0.7299007
vt -0.463524759 0.620339751
vt -0.463524759 0.744185567
vt 0.457896769 0.592246056
vt 0.457896769 0.6160797
vt 0.392691374 0.5847072
vt 0.392691374 0.6121008
vt 0.5127865 0.6454341
vt 0.5127865 0.670458853
vt 0.5127865 0.691762
vt -0.347375631 0.647130847
vt -0.34707123 0.7175965
vt 0.5127865 0.5973417
vt 0.5127865 0.6201778
vt 0.5805263 0.6451784
vt 0.5805263 0.6635616
vt 0.5805263 0.6822217
vt -0.281301677 0.6520339
vt -0.280736417 0.706896
vt 0.5805263 0.605927646
vt 0.5805263 0.6246712
vt 0.6594064 0.6446832
vt 0.659309566 0.6584132
vt 0.657571 0.6746561
vt -0.20576866 0.6520551
vt -0.2052486 0.691279
vt 0.659022033 0.6122772
vt 0.65909183 0.630897045
vt 0.457896769 0.6455204
vt 0.457896769 0.6707384
vt 0.392691374 0.645533144
vt 0.392691374 0.6754912
vt 0.457896769 0.692623556
vt 0.392691374 0.697217941
vt -0.401672661 0.6363773
vt -0.4013643 0.7299007
vt -0.463524759 0.620339751
vt -0.463524759 0.744185567
vt 0.457896769 0.592246056
vt 0.457896769 0.6160797
vt 0.392691374 0.5847072
vt 0.392691374 0.6121008
vt 0.5127865 0.6454341
vt 0.5127865 0.670458853
vt 0.5127865 0.691762
vt -0.347375631 0.647130847
vt -0.34707123 0.7175965
vt 0.5127865 0.5973417
vt 0.5127865 0.6201778
vt 0.5805263 0.6451784
vt 0.5805263 0.6635616
vt 0.5805263 0.6822217
vt -0.281301677 0.6520339
vt -0.280736417 0.706896
vt 0.5805263 0.605927646
vt 0.5805263 0.6246712
vt 0.6594064 0.6446832
vt 0.659309566 0.6584132
vt 0.657571 0.6746561
vt -0.20576866 0.6520551
vt -0.2052486 0.691279
vt 0.659022033 0.6122772
vt 0.65909183 0.630897045
vt 0.457896769 0.6455204
vt 0.457896769 0.6707384
vt 0.392691374 0.645533144
vt 0.392691374 0.6754912
vt 0.457896769 0.692623556
vt 0.392691374 0.697217941
vt -0.401672661 0.6363773
vt -0.4013643 0.7299007
vt -0.463524759 0.620339751
vt -0.463524759 0.744185567
vt 0.457896769 0.592246056
vt 0.457896769 0.6160797
vt 0.392691374 0.5847072
vt 0.392691374 0.6121008
vt 0.5127865 0.6454341
vt 0.5127865 0.670458853
vt 0.5127865 0.691762
vt -0.347375631 0.647130847
vt -0.34707123 0.7175965
vt 0.5127865 0.5973417
vt 0.5127865 0.6201778
vt 0.5805263 0.6451784
vt 0.5805263 0.6635616
vt 0.5805263 0.6822217
vt -0.281301677 0.6520339
vt -0.280736417 0.706896
vt 0.5805263 0.605927646
vt 0.5805263 0.6246712
vt 0.6594064 0.6446832
vt 0.659309566 0.6584132
vt 0.657571 0.6746561
vt -0.20576866 0.6520551
vt -0.2052486 0.691279
vt 0.659022033 0.6122772
vt 0.65909183 0.630897045
vt 0.392691374 0.645533144
vt 0.457896769 0.6707384
vt 0.392691374 0.6754912
vt 0.457896769 0.6455204
vt 0.457896769 0.692623556
vt 0.392691374 0.697217941
vt -0.463524759 0.620339751
vt -0.4013643 0.7299007
vt -0.463524759 0.744185567
vt -0.401672661 0.6363773
vt 0.392691374 0.5847072
vt 0.457896769 0.6160797
vt 0.392691374 0.6121008
vt 0.457896769 0.592246056
vt 0.5127865 0.670458853
vt 0.5127865 0.6454341
vt 0.5127865 0.691762
vt -0.34707123 0.7175965
vt -0.347375631 0.647130847
vt 0.5127865 0.6201778
vt 0.5127865 0.5973417
vt 0.5805263 0.6635616
vt 0.5805263 0.6451784
vt 0.5805263 0.6822217
vt -0.280736417 0.706896
vt -0.281301677 0.6520339
vt 0.5805263 0.6246712
vt 0.5805263 0.605927646
vt 0.659309566 0.6584132
vt 0.6594064 0.6446832
vt 0.657571 0.6746561
vt -0.2052486 0.691279
vt -0.20576866 0.6520551
vt 0.65909183 0.630897045
vt 0.659022033 0.6122772
vt -0.7039386 0.224763513
vt -0.919345 0.06933367
vt -0.7039386 0.06933367
vt -0.920507431 0.224763513
vt -0.981488943 0.2804345
vt -0.9487704 0.04615611
vt -0.9487704 0.2504087
vt -0.981488943 0.0152760744
vt -0.6753093 0.04615611
vt -0.6454867 0.0152760744
vt -0.6753093 0.2504087
vt -0.6454867 0.2804345
vt -0.9487704 0.2504087
vt -0.919345 0.06933367
vt -0.920507431 0.224763513
vt -0.919345 0.06933367
vt -0.9487704 0.2504087
vt -0.9487704 0.04615611
vt -0.9487704 0.04615611
vt -0.7039386 0.06933367
vt -0.919345 0.06933367
vt -0.6753093 0.04615611
vt -0.6753093 0.04615611
vt -0.7039386 0.224763513
vt -0.7039386 0.06933367
vt -0.6753093 0.2504087
vt -0.6753093 0.2504087
vt -0.920507431 0.224763513
vt -0.7039386 0.224763513
vt -0.920507431 0.224763513
vt -0.6753093 0.2504087
vt -0.9487704 0.2504087
vn 1 0 0
vn 1 0 0
vn 1 0 0
vn 1 0 0
vn 0 1 0
vn 0 1 0
vn 0 1 0
vn 0 1 0
vn 1 0 0
vn 1 0 0
vn 1 0 0
vn 1 0 0
vn -0.770087361 -0.6379385 -1.19319481E-07
vn -0.38504374 -0.6379379 -0.6669157
vn -6.954269E-09 -1 3.669597E-09
vn 0.385043621 -0.637937963 -0.6669157
vn 0.770087361 -0.6379385 2.0899158E-07
vn 0.38504374 -0.6379376 0.666916
vn -0.3850437 -0.637937665 0.666915953
vn -0.47732535 0.297727942 -0.8267518
vn -0.9546507 0.297728062 2.2620344E-07
vn 0.477325469 0.2977284 -0.8267516
vn 0.9546507 0.297728062 -1.57949714E-07
vn 0.47732532 0.2977282 0.826751769
vn -0.4773255 0.2977287 0.8267515
vn -0.485048145 0.2427486 -0.8401199
vn -0.970090449 0.242743656 2.162084E-07
vn 0.485048562 0.242746234 -0.8401203
vn 0.9700905 0.242743611 -1.97219066E-07
vn 0.4850479 0.242748588 0.84012
vn -0.485048622 0.242746308 0.840120256
vn -0.499223083 0.0557906255 -0.8646755
vn -0.99844265 0.0557879545 -1.56258523E-06
vn 0.4992218 0.0557903573 -0.864676237
vn 0.99844265 0.0557879321 1.55324892E-06
vn 0.499222964 0.05579072 0.8646756
vn -0.499221921 0.05579052 0.8646762
vn -0.434062481 0.4963307 -0.7518282
vn -0.8681317 0.496333957 -2.69522457E-06
vn 0.43405962 0.496332526 -0.7518286
vn 0.8681317 0.496333927 2.67428572E-06
vn 0.434062272 0.496331036 0.7518281
vn -0.434059769 0.496332645 0.751828432
vn -5.483393E-07 1 -1.11223444E-05
vn -5.483393E-07 1 -1.11223444E-05
vn 0.728334844 -0.6852214 0
vn 0.728334844 -0.6852214 0
vn 0.728334844 -0.6852214 0
vn 0.728334844 -0.6852214 0
vn -6.925468E-08 2.13321584E-07 1
vn -6.925468E-08 2.13321584E-07 1
vn -6.925468E-08 2.13321584E-07 1
vn 4.72524029E-08 1.74753026E-07 1
vn -0.706640244 0.707573 0
vn -0.706640244 0.707573 0
vn -0.706640244 0.707573 0
vn -0.706640244 0.707573 0
vn 2.67992935E-08 -1.89619186E-07 -1
vn 2.67992935E-08 -1.89619186E-07 -1
vn 2.67992935E-08 -1.89619186E-07 -1
vn 3.63010422E-08 -1.32332616E-07 -1
vn 0.5228497 -0.85242486 0
vn 0.5228497 -0.85242486 0
vn 0.5228497 -0.85242486 0
vn 0.522849441 -0.852425039 -4.26722181E-07
vn 7.883638E-09 1.5476536E-07 1
vn 7.957925E-09 1.56223692E-07 1
vn -0.5061218 0.862462044 0
vn -0.5061218 0.862462044 0
vn -0.5061218 0.862462044 0
vn -0.5061218 0.862462044 0
vn -8.600228E-09 -1.55129172E-07 -1
vn -7.204508E-09 -1.5587247E-07 -1
vn 0.94982177 0.3127916 0
vn 0.94982177 0.3127916 0
vn 0.94982177 0.3127916 0
vn 0.94982177 0.3127916 0
vn 0.341373 -0.939927936 0
vn 0.341373 -0.939927936 0
vn 0.341373 -0.939927936 0
vn 0.341373 -0.939927936 0
vn 4.6921964E-06 9.912565E-06 1
vn 4.6921964E-06 9.912565E-06 1
vn 4.6921964E-06 9.912565E-06 1
vn 3.306521E-06 4.873586E-06 1
vn -0.380030364 0.924974 0
vn -0.380030364 0.924974 0
vn -0.380030364 0.924974 0
vn -0.380030364 0.924974 0
vn -0.9026693 -0.4303349 0
vn -0.9026693 -0.4303349 0
vn -0.9026693 -0.4303349 0
vn -0.9026693 -0.4303349 0
vn 3.36466144E-07 1.71114365E-07 1
vn 3.36466144E-07 1.71114365E-07 1
vn 3.36466144E-07 1.71114365E-07 1
vn 6.864633E-08 1.3539406E-07 1
vn 8.123188E-08 1.60217084E-07 1
vn 8.482806E-08 1.39363522E-07 1
vn 4.949267E-08 1.51043551E-07 1
vn 6.187808E-08 1.54113323E-07 1
vn -0.8702316 -0.299837679 0.390889138
vn -0.8702316 -0.299837679 0.390889138
vn -0.8702316 -0.299837679 0.390889138
vn -0.8888126 -0.2983024 0.3478906
vn -0.8888126 -0.2983024 0.3478906
vn -0.8888126 -0.2983024 0.3478906
vn -0.311110675 0.9009036 0.3026267
vn -0.311110675 0.9009036 0.3026267
vn -0.311110675 0.9009036 0.3026267
vn -0.311111182 0.900893033 0.302657455
vn 0.8454326 0.3962697 0.358069837
vn 0.8454326 0.3962697 0.358069837
vn 0.8454326 0.3962697 0.358069837
vn 0.8454358 0.396269739 0.358062267
vn 0.353982627 -0.9078196 0.224855229
vn 0.353982627 -0.9078196 0.224855229
vn 0.353982627 -0.9078196 0.224855229
vn 0.353606284 -0.911675751 0.209308177
vn 0.353606284 -0.911675751 0.209308177
vn 0.353606284 -0.911675751 0.209308177
vn 0.6839527 0.166523576 0.7102666
vn -0.250608146 0.172760457 0.952548862
vn 0.6960885 0.05551391 0.715806544
vn -0.364329427 0.1482481 0.9193947
vn -0.9796033 0.183927611 0.0809199
vn -0.9687365 0.225149617 -0.104197904
vn -0.9796033 0.183927611 0.0809199
vn 0.149697721 0.118934646 -0.9815524
vn -0.9687365 0.225149617 -0.104197904
vn 0.05235906 0.181557745 -0.9819854
vn 0.149697721 0.118934646 -0.9815524
vn 0.953570664 0.168109313 -0.249884412
vn 0.05235906 0.181557745 -0.9819854
vn 0.8886771 0.164345637 -0.428069443
vn 0.632649839 0.4408767 0.6366961
vn -0.292467058 0.2925058 0.910441339
vn -0.988868952 -0.11850141 0.0899755
vn -0.988868952 -0.11850141 0.0899755
vn 0.1461621 -0.084602654 -0.985636353
vn 0.1461621 -0.084602654 -0.985636353
vn 0.9042049 0.302290916 -0.301718
vn 0.449412256 0.7633822 0.463978738
vn -0.290492624 0.5116055 0.8086247
vn -0.902403355 -0.240723953 0.3573796
vn -0.902403355 -0.240723953 0.3573796
vn 0.3991903 -0.239432946 -0.8850531
vn 0.3991903 -0.239432946 -0.8850531
vn 0.8174211 0.50269413 -0.2812853
vn 0.2943963 0.905458 0.305739522
vn -0.473419458 0.454607159 0.754457653
vn -0.764625251 -0.556789041 0.3245524
vn -0.764625251 -0.556789041 0.3245524
vn 0.334377736 -0.5315725 -0.7782173
vn 0.334377736 -0.5315725 -0.7782173
vn 0.73872155 0.4691821 -0.4838994
vn -0.71026814 0.166523546 0.6839511
vn -0.9525495 0.172761381 -0.250605017
vn -0.715805352 0.055514615 0.6960897
vn -0.9193951 0.148248583 -0.3643282
vn -0.08092509 0.183929354 -0.9796025
vn 0.104198173 0.2251484 -0.968736768
vn -0.08092509 0.183929354 -0.9796025
vn 0.9815519 0.118934251 0.149701431
vn 0.104198173 0.2251484 -0.968736768
vn 0.9819854 0.181557164 0.05236115
vn 0.9815519 0.118934251 0.149701431
vn 0.249880835 0.16810903 0.9535717
vn 0.9819854 0.181557164 0.05236115
vn 0.428067923 0.164345488 0.8886779
vn -0.636698 0.440876484 0.6326481
vn -0.9104412 0.29250443 -0.292468637
vn -0.08997789 -0.118500076 -0.9888689
vn -0.08997789 -0.118500076 -0.9888689
vn 0.9856365 -0.08460288 0.146161243
vn 0.9856365 -0.08460288 0.146161243
vn 0.301717162 0.3022914 0.904204965
vn -0.46397838 0.763382256 0.449412435
vn -0.80862534 0.511599958 -0.290500522
vn -0.357370883 -0.2407367 -0.9024034
vn -0.357370883 -0.2407367 -0.9024034
vn 0.8850527 -0.239432126 0.399191678
vn 0.8850527 -0.239432126 0.399191678
vn 0.281283647 0.502695 0.8174211
vn -0.3057398 0.9054582 0.2943954
vn -0.7544567 0.454607934 -0.4734203
vn -0.324552357 -0.5567868 -0.764626861
vn -0.324552357 -0.5567868 -0.764626861
vn 0.7782166 -0.531576633 0.3343729
vn 0.7782166 -0.531576633 0.3343729
vn 0.483902335 0.469179183 0.7387215
vn -0.6839527 0.166523486 -0.7102666
vn 0.250608116 0.172760263 -0.9525489
vn -0.696088552 0.0555139147 -0.7158065
vn 0.364329338 0.148248136 -0.919394732
vn 0.9796033 0.183927551 -0.08091983
vn 0.9687365 0.225149661 0.104197688
vn 0.9796033 0.183927551 -0.08091983
vn -0.149697885 0.118935652 0.981552243
vn 0.9687365 0.225149661 0.104197688
vn -0.05235896 0.181557819 0.9819854
vn -0.149697885 0.118935652 0.981552243
vn -0.9535705 0.168110088 0.24988468
vn -0.05235896 0.181557819 0.9819854
vn -0.8886771 0.164345682 0.428069443
vn -0.6326508 0.44087714 -0.636694849
vn 0.292470574 0.2925043 -0.9104407
vn 0.9888691 -0.118503243 -0.0899719
vn 0.9888691 -0.118503243 -0.0899719
vn -0.1461673 -0.0846002549 0.9856358
vn -0.1461673 -0.0846002549 0.9856358
vn -0.9042053 0.302291632 0.3017159
vn -0.4494128 0.763381839 -0.463978767
vn 0.290492564 0.51160574 -0.8086245
vn 0.902403533 -0.240724549 -0.357378781
vn 0.902403533 -0.240724549 -0.357378781
vn -0.3991984 -0.239426047 0.8850513
vn -0.3991984 -0.239426047 0.8850513
vn -0.8174213 0.5026971 0.281279236
vn -0.294396371 0.905458 -0.305739462
vn 0.473419517 0.454607 -0.7544577
vn 0.7646252 -0.55678916 -0.324552268
vn 0.7646252 -0.55678916 -0.324552268
vn -0.3343768 -0.5315724 0.7782178
vn -0.3343768 -0.5315724 0.7782178
vn -0.7387211 0.46918273 0.4838995
vn 0.715805948 0.0555144772 -0.696089
vn 0.9525492 0.172760129 0.250607133
vn 0.919394433 0.148247719 0.364330173
vn 0.7102665 0.166523129 -0.6839529
vn 0.08092045 0.183927834 0.9796032
vn -0.10419891 0.225148946 0.9687366
vn -0.10419891 0.225148946 0.9687366
vn -0.9815518 0.118934177 -0.149702117
vn -0.981985331 0.181557164 -0.0523617864
vn 0.08092045 0.183927834 0.9796032
vn -0.981985331 0.181557164 -0.0523617864
vn -0.249880776 0.168108538 -0.9535718
vn -0.428067982 0.164345339 -0.8886779
vn -0.9815518 0.118934177 -0.149702117
vn 0.910441041 0.2925044 0.292469352
vn 0.636697054 0.440875947 -0.632649362
vn 0.08997375 -0.118502192 0.988869
vn -0.9856365 -0.08460253 -0.146161586
vn 0.08997375 -0.118502192 0.988869
vn -0.301717162 0.302290946 -0.904205143
vn -0.9856365 -0.08460253 -0.146161586
vn 0.8086242 0.5116062 0.290492684
vn 0.463980645 0.763381839 -0.449410856
vn 0.3573813 -0.240720376 0.902403653
vn -0.88505286 -0.2394326 -0.399190962
vn 0.3573813 -0.240720376 0.902403653
vn -0.281283766 0.5026948 -0.8174212
vn -0.88505286 -0.2394326 -0.399190962
vn 0.7544571 0.454607546 0.47342
vn 0.305739731 0.905458152 -0.294395536
vn 0.324553341 -0.556787133 0.7646262
vn -0.778216243 -0.5315772 -0.334372759
vn 0.324553341 -0.556787133 0.7646262
vn -0.4839025 0.469178826 -0.7387216
vn -0.778216243 -0.5315772 -0.334372759
vn 0 0 -1
vn 0 0 -1
vn 0 0 -1
vn -2.13418662E-06 -7.760923E-06 -1
vn 1.593166E-07 -6.29101748E-08 -1
vn 1.593166E-07 -6.29101748E-08 -1
vn 1.593166E-07 -6.29101748E-08 -1
vn 3.37981675E-07 -3.908083E-08 -1
vn 1.44964332E-07 -4.19777081E-07 -1
vn 7.69611148E-08 -2.54393218E-08 -1
vn 7.997701E-08 -2.643622E-08 -1
vn -2.02108168E-07 -9.635223E-08 -1
vn -0.8702208 -0.2998382 -0.390912861
vn -0.8702208 -0.2998382 -0.390912861
vn -0.8702208 -0.2998382 -0.390912861
vn -0.888812065 -0.2983023 -0.347892
vn -0.888812065 -0.2983023 -0.347892
vn -0.888812065 -0.2983023 -0.347892
vn -0.311112642 0.9009022 -0.302628756
vn -0.311112642 0.9009022 -0.302628756
vn -0.311112642 0.9009022 -0.302628756
vn -0.311112881 0.9008978 -0.3026416
vn 0.845440149 0.396270484 -0.35805124
vn 0.845440149 0.396270484 -0.35805124
vn 0.845440149 0.396270484 -0.35805124
vn 0.8454376 0.396270484 -0.35805732
vn 0.353980958 -0.9078213 -0.224851027
vn 0.353980958 -0.9078213 -0.224851027
vn 0.353980958 -0.9078213 -0.224851027
vn 0.353605181 -0.911673 -0.20932205
vn 0.353605181 -0.911673 -0.20932205
vn 0.353605181 -0.911673 -0.20932205
usemtl by-bd019_part_2_material_0
f 209/209/209 210/210/210 211/211/211
f 212/212/212 211/211/211 210/210/210
f 213/213/213 214/214/214 215/215/215
f 216/216/216 215/215/215 214/214/214
f 217/217/217 218/218/218 219/219/219
f 220/220/220 219/219/219 218/218/218
f 254/254/254 255/255/255 256/256/256
f 257/257/257 256/256/256 255/255/255
f 258/258/258 259/259/259 260/260/260
f 261/261/261 260/260/260 259/259/259
f 262/262/262 263/263/263 264/264/264
f 265/265/265 264/264/264 263/263/263
f 266/266/266 267/267/267 268/268/268
f 269/269/269 268/268/268 267/267/267
f 270/270/270 271/271/271 272/272/272
f 273/273/273 272/272/272 271/271/271
f 261/261/261 274/274/274 260/260/260
f 275/275/275 260/260/260 274/274/274
f 276/276/276 277/277/277 278/278/278
f 279/279/279 278/278/278 277/277/277
f 269/269/269 280/280/280 268/268/268
f 281/281/281 268/268/268 280/280/280
f 286/286/286 287/287/287 288/288/288
f 289/289/289 288/288/288 287/287/287
f 330/330/330 331/331/331 332/332/332
f 333/333/333 332/332/332 331/331/331
f 331/331/331 334/334/334 333/333/333
f 335/335/335 333/333/333 334/334/334
f 340/340/340 341/341/341 342/342/342
f 343/343/343 342/342/342 341/341/341
f 341/341/341 330/330/330 343/343/343
f 332/332/332 343/343/343 330/330/330
f 344/344/344 345/345/345 330/330/330
f 331/331/331 330/330/330 345/345/345
f 345/345/345 346/346/346 331/331/331
f 334/334/334 331/331/331 346/346/346
f 349/349/349 350/350/350 340/340/340
f 341/341/341 340/340/340 350/350/350
f 350/350/350 344/344/344 341/341/341
f 330/330/330 341/341/341 344/344/344
f 351/351/351 352/352/352 344/344/344
f 345/345/345 344/344/344 352/352/352
f 352/352/352 353/353/353 345/345/345
f 346/346/346 345/345/345 353/353/353
f 356/356/356 357/357/357 349/349/349
f 350/350/350 349/349/349 357/357/357
f 357/357/357 351/351/351 350/350/350
f 344/344/344 350/350/350 351/351/351
f 358/358/358 359/359/359 351/351/351
f 352/352/352 351/351/351 359/359/359
f 359/359/359 360/360/360 352/352/352
f 353/353/353 352/352/352 360/360/360
f 363/363/363 364/364/364 356/356/356
f 357/357/357 356/356/356 364/364/364
f 364/364/364 358/358/358 357/357/357
f 351/351/351 357/357/357 358/358/358
f 365/365/365 366/366/366 367/367/367
f 368/368/368 367/367/367 366/366/366
f 366/366/366 369/369/369 368/368/368
f 370/370/370 368/368/368 369/369/369
f 375/375/375 376/376/376 377/377/377
f 378/378/378 377/377/377 376/376/376
f 376/376/376 365/365/365 378/378/378
f 367/367/367 378/378/378 365/365/365
f 379/379/379 380/380/380 365/365/365
f 366/366/366 365/365/365 380/380/380
f 380/380/380 381/381/381 366/366/366
f 369/369/369 366/366/366 381/381/381
f 384/384/384 385/385/385 375/375/375
f 376/376/376 375/375/375 385/385/385
f 385/385/385 379/379/379 376/376/376
f 365/365/365 376/376/376 379/379/379
f 386/386/386 387/387/387 379/379/379
f 380/380/380 379/379/379 387/387/387
f 387/387/387 388/388/388 380/380/380
f 381/381/381 380/380/380 388/388/388
f 391/391/391 392/392/392 384/384/384
f 385/385/385 384/384/384 392/392/392
f 392/392/392 386/386/386 385/385/385
f 379/379/379 385/385/385 386/386/386
f 393/393/393 394/394/394 386/386/386
f 387/387/387 386/386/386 394/394/394
f 394/394/394 395/395/395 387/387/387
f 388/388/388 387/387/387 395/395/395
f 398/398/398 399/399/399 391/391/391
f 392/392/392 391/391/391 399/399/399
f 399/399/399 393/393/393 392/392/392
f 386/386/386 392/392/392 393/393/393
f 400/400/400 401/401/401 402/402/402
f 403/403/403 402/402/402 401/401/401
f 401/401/401 404/404/404 403/403/403
f 405/405/405 403/403/403 404/404/404
f 410/410/410 411/411/411 412/412/412
f 413/413/413 412/412/412 411/411/411
f 411/411/411 400/400/400 413/413/413
f 402/402/402 413/413/413 400/400/400
f 414/414/414 415/415/415 400/400/400
f 401/401/401 400/400/400 415/415/415
f 415/415/415 416/416/416 401/401/401
f 404/404/404 401/401/401 416/416/416
f 419/419/419 420/420/420 410/410/410
f 411/411/411 410/410/410 420/420/420
f 420/420/420 414/414/414 411/411/411
f 400/400/400 411/411/411 414/414/414
f 421/421/421 422/422/422 414/414/414
f 415/415/415 414/414/414 422/422/422
f 422/422/422 423/423/423 415/415/415
f 416/416/416 415/415/415 423/423/423
f 426/426/426 427/427/427 419/419/419
f 420/420/420 419/419/419 427/427/427
f 427/427/427 421/421/421 420/420/420
f 414/414/414 420/420/420 421/421/421
f 428/428/428 429/429/429 421/421/421
f 422/422/422 421/421/421 429/429/429
f 429/429/429 430/430/430 422/422/422
f 423/423/423 422/422/422 430/430/430
f 433/433/433 434/434/434 426/426/426
f 427/427/427 426/426/426 434/434/434
f 434/434/434 428/428/428 427/427/427
f 421/421/421 427/427/427 428/428/428
f 435/435/435 436/436/436 437/437/437
f 436/436/436 435/435/435 438/438/438
f 437/437/437 439/439/439 440/440/440
f 439/439/439 437/437/437 436/436/436
f 445/445/445 446/446/446 447/447/447
f 446/446/446 445/445/445 448/448/448
f 447/447/447 438/438/438 435/435/435
f 438/438/438 447/447/447 446/446/446
f 438/438/438 449/449/449 436/436/436
f 449/449/449 438/438/438 450/450/450
f 436/436/436 451/451/451 439/439/439
f 451/451/451 436/436/436 449/449/449
f 448/448/448 454/454/454 446/446/446
f 454/454/454 448/448/448 455/455/455
f 446/446/446 450/450/450 438/438/438
f 450/450/450 446/446/446 454/454/454
f 450/450/450 456/456/456 449/449/449
f 456/456/456 450/450/450 457/457/457
f 449/449/449 458/458/458 451/451/451
f 458/458/458 449/449/449 456/456/456
f 455/455/455 461/461/461 454/454/454
f 461/461/461 455/455/455 462/462/462
f 454/454/454 457/457/457 450/450/450
f 457/457/457 454/454/454 461/461/461
f 457/457/457 463/463/463 456/456/456
f 463/463/463 457/457/457 464/464/464
f 456/456/456 465/465/465 458/458/458
f 465/465/465 456/456/456 463/463/463
f 462/462/462 468/468/468 461/461/461
f 468/468/468 462/462/462 469/469/469
f 461/461/461 464/464/464 457/457/457
f 464/464/464 461/461/461 468/468/468
usemtl by-bd019_part_2_material_1
f 221/221/221 222/222/222 223/223/223
f 222/222/222 224/224/224 223/223/223
f 224/224/224 225/225/225 223/223/223
f 225/225/225 226/226/226 223/223/223
f 226/226/226 227/227/227 223/223/223
f 227/227/227 221/221/221 223/223/223
f 222/222/222 221/221/221 228/228/228
f 229/229/229 228/228/228 221/221/221
f 224/224/224 222/222/222 230/230/230
f 228/228/228 230/230/230 222/222/222
f 225/225/225 224/224/224 231/231/231
f 230/230/230 231/231/231 224/224/224
f 226/226/226 225/225/225 232/232/232
f 231/231/231 232/232/232 225/225/225
f 227/227/227 226/226/226 233/233/233
f 232/232/232 233/233/233 226/226/226
f 221/221/221 227/227/227 229/229/229
f 233/233/233 229/229/229 227/227/227
f 228/228/228 229/229/229 234/234/234
f 235/235/235 234/234/234 229/229/229
f 230/230/230 228/228/228 236/236/236
f 234/234/234 236/236/236 228/228/228
f 231/231/231 230/230/230 237/237/237
f 236/236/236 237/237/237 230/230/230
f 232/232/232 231/231/231 238/238/238
f 237/237/237 238/238/238 231/231/231
f 233/233/233 232/232/232 239/239/239
f 238/238/238 239/239/239 232/232/232
f 229/229/229 233/233/233 235/235/235
f 239/239/239 235/235/235 233/233/233
f 234/234/234 235/235/235 240/240/240
f 241/241/241 240/240/240 235/235/235
f 236/236/236 234/234/234 242/242/242
f 240/240/240 242/242/242 234/234/234
f 237/237/237 236/236/236 243/243/243
f 242/242/242 243/243/243 236/236/236
f 238/238/238 237/237/237 244/244/244
f 243/243/243 244/244/244 237/237/237
f 239/239/239 238/238/238 245/245/245
f 244/244/244 245/245/245 238/238/238
f 235/235/235 239/239/239 241/241/241
f 245/245/245 241/241/241 239/239/239
f 240/240/240 241/241/241 246/246/246
f 247/247/247 246/246/246 241/241/241
f 242/242/242 240/240/240 248/248/248
f 246/246/246 248/248/248 240/240/240
f 243/243/243 242/242/242 249/249/249
f 248/248/248 249/249/249 242/242/242
f 244/244/244 243/243/243 250/250/250
f 249/249/249 250/250/250 243/243/243
f 245/245/245 244/244/244 251/251/251
f 250/250/250 251/251/251 244/244/244
f 241/241/241 245/245/245 247/247/247
f 251/251/251 247/247/247 245/245/245
f 252/252/252 246/246/246 247/247/247
f 253/253/253 248/248/248 246/246/246
f 252/252/252 249/249/249 248/248/248
f 253/253/253 250/250/250 249/249/249
f 252/252/252 251/251/251 250/250/250
f 253/253/253 247/247/247 251/251/251
f 282/282/282 283/283/283 284/284/284
f 285/285/285 284/284/284 283/283/283
f 290/290/290 291/291/291 292/292/292
f 293/293/293 292/292/292 291/291/291
f 294/294/294 295/295/295 296/296/296
f 297/297/297 296/296/296 295/295/295
f 298/298/298 299/299/299 300/300/300
f 301/301/301 300/300/300 299/299/299
f 302/302/302 303/303/303 304/304/304
f 305/305/305 304/304/304 303/303/303
f 303/303/303 306/306/306 305/305/305
f 307/307/307 305/305/305 306/306/306
f 306/306/306 308/308/308 307/307/307
f 309/309/309 307/307/307 308/308/308
f 308/308/308 302/302/302 309/309/309
f 304/304/304 309/309/309 302/302/302
f 310/310/310 311/311/311 312/312/312
f 313/313/313 314/314/314 315/315/315
f 316/316/316 317/317/317 318/318/318
f 319/319/319 318/318/318 317/317/317
f 320/320/320 321/321/321 322/322/322
f 323/323/323 322/322/322 321/321/321
f 324/324/324 325/325/325 326/326/326
f 327/327/327 328/328/328 329/329/329
f 336/336/336 337/337/337 338/338/338
f 339/339/339 338/338/338 337/337/337
f 347/347/347 348/348/348 336/336/336
f 337/337/337 336/336/336 348/348/348
f 354/354/354 355/355/355 347/347/347
f 348/348/348 347/347/347 355/355/355
f 361/361/361 362/362/362 354/354/354
f 355/355/355 354/354/354 362/362/362
f 371/371/371 372/372/372 373/373/373
f 374/374/374 373/373/373 372/372/372
f 382/382/382 383/383/383 371/371/371
f 372/372/372 371/371/371 383/383/383
f 389/389/389 390/390/390 382/382/382
f 383/383/383 382/382/382 390/390/390
f 396/396/396 397/397/397 389/389/389
f 390/390/390 389/389/389 397/397/397
f 406/406/406 407/407/407 408/408/408
f 409/409/409 408/408/408 407/407/407
f 417/417/417 418/418/418 406/406/406
f 407/407/407 406/406/406 418/418/418
f 424/424/424 425/425/425 417/417/417
f 418/418/418 417/417/417 425/425/425
f 431/431/431 432/432/432 424/424/424
f 425/425/425 424/424/424 432/432/432
f 441/441/441 442/442/442 443/443/443
f 442/442/442 441/441/441 444/444/444
f 444/444/444 452/452/452 442/442/442
f 452/452/452 444/444/444 453/453/453
f 453/453/453 459/459/459 452/452/452
f 459/459/459 453/453/453 460/460/460
f 460/460/460 466/466/466 459/459/459
f 466/466/466 460/460/460 467/467/467
f 470/470/470 471/471/471 472/472/472
f 471/471/471 470/470/470 473/473/473
f 474/474/474 475/475/475 476/476/476
f 475/475/475 474/474/474 477/477/477
f 477/477/477 478/478/478 475/475/475
f 478/478/478 477/477/477 479/479/479
f 479/479/479 480/480/480 478/478/478
f 480/480/480 479/479/479 481/481/481
f 481/481/481 476/476/476 480/480/480
f 476/476/476 481/481/481 474/474/474
f 482/482/482 483/483/483 484/484/484
f 485/485/485 486/486/486 487/487/487
f 488/488/488 489/489/489 490/490/490
f 489/489/489 488/488/488 491/491/491
f 492/492/492 493/493/493 494/494/494
f 493/493/493 492/492/492 495/495/495
f 496/496/496 497/497/497 498/498/498
f 499/499/499 500/500/500 501/501/501
o by-bd019_part_3
v 6.9704504 8.49027252 0.8115324
v 8.593516 8.49027252 0.8115324
v 8.593516 8.49027252 -0.8115336
v 6.9704504 8.49027252 -0.8115336
v 7.92168236 9.849088 -0.241966531
v 8.061381 9.849088 -7.27995371E-07
v 7.78198338 9.755124 -7.130942E-07
v 7.64228439 9.849088 -0.241966531
v 7.50258541 9.849088 -7.05643629E-07
v 7.64228439 9.849088 0.24196513
v 7.92168236 9.849088 0.24196507
v 7.94947624 10.0201273 -0.290106565
v 8.116969 10.0201273 -7.42896532E-07
v 7.61449051 10.0201273 -0.290106565
v 7.44699764 10.0201273 -7.130942E-07
v 7.61449051 10.0201273 0.290105075
v 7.94947624 10.0201273 0.290105015
v 7.85030842 10.1398134 -0.118342109
v 7.91863155 10.1398134 -7.503471E-07
v 7.71365833 10.1398134 -0.118342109
v 7.645335 10.1398134 -7.42896532E-07
v 7.71365833 10.1398134 0.118340619
v 7.85030842 10.1398134 0.118340574
v 7.880906 10.2172651 -0.17133905
v 7.979828 10.2172651 -7.577977E-07
v 7.68306065 10.2172651 -0.17133905
v 7.584139 10.2172651 -7.42896532E-07
v 7.68306065 10.2172651 0.171337575
v 7.880906 10.2172651 0.171337485
v 7.826438 10.322629 -0.07699946
v 7.87089443 10.322629 -7.72698854E-07
v 7.737529 10.322629 -0.07699946
v 7.69307232 10.322629 -7.652483E-07
v 7.737529 10.322629 0.07699794
v 7.826438 10.322629 0.0769979
v 7.78198338 11.0255232 -8.323035E-07
v 7.78198338 11.0255232 -8.323035E-07
v 7.183976 6.240465 -0.476268023
v 7.183976 6.240465 0.476267278
v 6.16072369 7.32809973 0.476267129
v 6.16072369 7.32809973 -0.476268142
v 7.183976 6.240465 0.476267278
v 7.183976 7.49782 0.4762671
v 6.562169 8.118807 0.47626707
v 6.16072369 7.32809973 0.476267129
v 7.183976 7.49782 0.4762671
v 7.183976 7.49782 -0.4762682
v 6.562169 8.118807 -0.4762682
v 6.562169 8.118807 0.47626707
v 7.183976 7.49782 -0.4762682
v 7.183976 6.240465 -0.476268023
v 6.16072369 7.32809973 -0.476268142
v 6.562169 8.118807 -0.4762682
v 5.001231 8.039295 -0.4762682
v 6.16072369 7.32809973 -0.476268142
v 6.16072369 7.32809973 0.476267129
v 5.001231 8.039294 0.47626707
v 5.001231 8.039294 0.47626707
v 5.365712 8.820929 0.476267
v 5.365712 8.820929 0.476267
v 6.562169 8.118807 0.47626707
v 6.562169 8.118807 -0.4762682
v 5.365712 8.820929 -0.476268262
v 5.365712 8.820929 -0.476268262
v 5.001231 8.039295 -0.4762682
v 3.67323685 9.911075 -0.745614231
v 3.15113831 8.325672 -0.7456142
v 3.15113831 8.325672 0.7456129
v 3.67323685 9.911075 0.7456129
v 4.911418 7.686355 -0.74561435
v 4.911418 7.686355 0.7456131
v 3.15113831 8.325672 0.7456129
v 3.15113831 8.325672 -0.7456142
v 3.55391884 8.522312 0.591549456
v 4.75844669 8.106347 0.5915561
v 5.160491 8.964106 0.5915529
v 3.8783884 9.464029 0.591549456
v 3.67323685 9.911075 0.7456129
v 5.59550762 9.1213 0.745613039
v 5.59550762 9.1213 -0.745614231
v 3.67323685 9.911075 -0.745614231
v 4.911418 7.686355 -0.74561435
v 5.59550762 9.1213 -0.745614231
v 5.59550762 9.1213 0.745613039
v 4.911418 7.686355 0.7456131
v 3.484315 8.49459648 0.745613
v 3.82809353 9.5189085 0.745613
v 3.67323685 9.911075 0.7456129
v 3.15113831 8.325672 0.7456129
v 4.793725 8.04241 0.7456131
v 4.911418 7.686355 0.7456131
v 5.23077869 8.974857 0.745613039
v 5.59550762 9.1213 0.745613039
v 3.55391884 8.522312 0.591549456
v 3.8783884 9.464029 0.591549456
v 3.82809353 9.5189085 0.745613
v 3.82809353 9.5189085 0.745613
v 3.484315 8.49459648 0.745613
v 3.55391884 8.522312 0.591549456
v 4.75844669 8.106347 0.5915561
v 3.55391884 8.522312 0.591549456
v 3.484315 8.49459648 0.745613
v 4.793725 8.04241 0.7456131
v 5.160491 8.964106 0.5915529
v 4.75844669 8.106347 0.5915561
v 4.793725 8.04241 0.7456131
v 5.23077869 8.974857 0.745613039
v 3.8783884 9.464029 0.591549456
v 5.160491 8.964106 0.5915529
v 5.23077869 8.974857 0.745613039
v 5.23077869 8.974857 0.745613039
v 3.82809353 9.5189085 0.745613
v 3.8783884 9.464029 0.591549456
v 7.30618954 8.886801 0.74534446
v 7.06241131 8.888683 0.7270121
v 7.05242825 8.487485 0.736995935
v 7.384556 8.487485 0.7895999
v 7.38820362 8.885651 0.6809343
v 7.496971 8.487485 0.659779966
v 7.092887 8.885651 0.4168235
v 7.38820362 8.885651 0.6809343
v 7.496971 8.487485 0.659779966
v 7.062915 8.487485 0.35918197
v 7.039859 8.886801 0.48745513
v 7.092887 8.885651 0.4168235
v 7.062915 8.487485 0.35918197
v 6.99982357 8.487485 0.404867947
v 7.32084656 9.199951 0.6699895
v 7.13046551 9.212876 0.6589582
v 7.38632 9.192332 0.6139032
v 7.16447926 9.192332 0.414144844
v 7.38632 9.192332 0.6139032
v 7.122444 9.199951 0.465566874
v 7.16447926 9.192332 0.414144844
v 7.44909668 9.540192 0.477990329
v 7.331992 9.588423 0.4574315
v 7.4905405 9.51315 0.46322304
v 7.32086754 9.513149 0.304217458
v 7.4905405 9.51315 0.46322304
v 7.309348 9.540193 0.342412353
v 7.32086754 9.513149 0.304217458
v 7.79622936 9.793113 0.0973562151
v 7.722226 9.860057 0.0671979561
v 7.816367 9.756871 0.0906288
v 7.69613171 9.756871 -0.0242797043
v 7.816367 9.756871 0.0906288
v 7.69236946 9.793113 -0.00710692769
v 7.69613171 9.756871 -0.0242797043
v 8.527328 8.886801 0.475794077
v 8.508996 8.888683 0.71957165
v 8.518979 8.487485 0.7295552
v 8.571584 8.487485 0.397427559
v 8.462918 8.885651 0.393779546
v 8.441764 8.487485 0.285012484
v 8.198807 8.885651 0.689096749
v 8.462918 8.885651 0.393779546
v 8.441764 8.487485 0.285012484
v 8.141166 8.487485 0.719068944
v 8.269439 8.886801 0.7421243
v 8.198807 8.885651 0.689096749
v 8.141166 8.487485 0.719068944
v 8.1868515 8.487485 0.7821594
v 8.451972 9.199951 0.46113652
v 8.440942 9.212876 0.651517451
v 8.395886 9.192332 0.3956633
v 8.196128 9.192332 0.6175038
v 8.395886 9.192332 0.3956633
v 8.24755 9.199951 0.6595389
v 8.196128 9.192332 0.6175038
v 8.25997448 9.540192 0.332886338
v 8.239415 9.588423 0.449990749
v 8.245206 9.51315 0.291443
v 8.086201 9.513149 0.461115867
v 8.245206 9.51315 0.291443
v 8.124395 9.540193 0.472635031
v 8.086201 9.513149 0.461115867
v 7.879339 9.793113 -0.01424568
v 7.849181 9.860057 0.05975725
v 7.872612 9.756871 -0.03438331
v 7.757704 9.756871 0.08585124
v 7.872612 9.756871 -0.03438331
v 7.77487659 9.793113 0.08961391
v 7.757704 9.756871 0.08585124
v 8.257777 8.886801 -0.7453443
v 8.501555 8.888683 -0.7270119
v 8.51153851 8.487485 -0.736995757
v 8.179411 8.487485 -0.7895997
v 8.175763 8.885651 -0.680934131
v 8.066996 8.487485 -0.659779847
v 8.47108 8.885651 -0.416823417
v 8.175763 8.885651 -0.680934131
v 8.066996 8.487485 -0.659779847
v 8.501052 8.487485 -0.3591819
v 8.524108 8.886801 -0.48745504
v 8.47108 8.885651 -0.416823417
v 8.501052 8.487485 -0.3591819
v 8.564143 8.487485 -0.4048679
v 8.243119 9.199951 -0.669989347
v 8.433501 9.212876 -0.658958
v 8.177647 9.192332 -0.613903046
v 8.3994875 9.192332 -0.414144784
v 8.177647 9.192332 -0.613903046
v 8.441522 9.199951 -0.465566784
v 8.3994875 9.192332 -0.414144784
v 8.11487 9.540192 -0.4779903
v 8.231975 9.588423 -0.457431465
v 8.073426 9.51315 -0.463223
v 8.2431 9.513149 -0.304217428
v 8.073426 9.51315 -0.463223
v 8.254619 9.540193 -0.342412323
v 8.2431 9.513149 -0.304217428
v 7.76773739 9.793113 -0.09735619
v 7.84174061 9.860057 -0.06719791
v 7.7475996 9.756871 -0.0906287655
v 7.867835 9.756871 0.0242797453
v 7.7475996 9.756871 -0.0906287655
v 7.87159729 9.793113 0.0071069696
v 7.867835 9.756871 0.0242797453
v 7.036639 8.886801 -0.475796551
v 7.04498768 8.487485 -0.729557455
v 6.992384 8.487485 -0.3974299
v 7.05497169 8.888683 -0.719574034
v 7.10104942 8.885651 -0.393782049
v 7.122204 8.487485 -0.285014838
v 7.36516 8.885651 -0.6890991
v 7.122204 8.487485 -0.285014838
v 7.422801 8.487485 -0.71907115
v 7.10104942 8.885651 -0.393782049
v 7.294528 8.886801 -0.742126644
v 7.422801 8.487485 -0.71907115
v 7.37711525 8.487485 -0.7821616
v 7.36516 8.885651 -0.6890991
v 7.111994 9.199951 -0.4611391
v 7.123025 9.212876 -0.6515199
v 7.16808033 9.192332 -0.395665884
v 7.367839 9.192332 -0.617506266
v 7.16808033 9.192332 -0.395665884
v 7.31641674 9.199951 -0.659541368
v 7.367839 9.192332 -0.617506266
v 7.303993 9.540192 -0.33288905
v 7.32455158 9.588423 -0.449993461
v 7.31876 9.51315 -0.2914457
v 7.477766 9.513149 -0.461118549
v 7.31876 9.51315 -0.2914457
v 7.43957138 9.540193 -0.472637743
v 7.477766 9.513149 -0.461118549
v 7.68462753 9.793113 0.0142429415
v 7.71478558 9.860057 -0.059760008
v 7.69135475 9.756871 0.034380585
v 7.806263 9.756871 -0.08585396
v 7.69135475 9.756871 0.034380585
v 7.78909 9.793113 -0.08961665
v 7.806263 9.756871 -0.08585396
v 3.55391884 8.522312 -0.5915522
v 5.160491 8.964106 -0.5915522
v 4.75844669 8.106347 -0.5915551
v 3.8783884 9.464029 -0.5915551
v 3.484315 8.49459648 -0.745614231
v 3.67323685 9.911075 -0.745614231
v 3.82809353 9.5189085 -0.7456143
v 3.15113831 8.325672 -0.7456142
v 4.793725 8.04241 -0.7456143
v 4.911418 7.686355 -0.74561435
v 5.23077869 8.974857 -0.7456143
v 5.59550762 9.1213 -0.745614231
v 3.55391884 8.522312 -0.5915522
v 3.82809353 9.5189085 -0.7456143
v 3.8783884 9.464029 -0.5915551
v 3.82809353 9.5189085 -0.7456143
v 3.55391884 8.522312 -0.5915522
v 3.484315 8.49459648 -0.745614231
v 4.75844669 8.106347 -0.5915551
v 3.484315 8.49459648 -0.745614231
v 3.55391884 8.522312 -0.5915522
v 4.793725 8.04241 -0.7456143
v 5.160491 8.964106 -0.5915522
v 4.793725 8.04241 -0.7456143
v 4.75844669 8.106347 -0.5915551
v 5.23077869 8.974857 -0.7456143
v 3.8783884 9.464029 -0.5915551
v 5.23077869 8.974857 -0.7456143
v 5.160491 8.964106 -0.5915522
v 5.23077869 8.974857 -0.7456143
v 3.8783884 9.464029 -0.5915551
v 3.82809353 9.5189085 -0.7456143
vt 0.6606003 0.715347469
vt 0.3900892 0.715347469
vt 0.3900892 0.9858585
vt 0.6606003 0.9858584
vt -0.4285825 0.6142747
vt -0.4285825 0.532774031
vt -0.449924141 0.573524356
vt -0.4285825 0.5327739
vt -0.4285825 0.6142747
vt -0.4285825 0.5327739
vt -0.4285825 0.6142747
vt -0.38296935 0.622382045
vt -0.38296935 0.524666548
vt -0.38296935 0.524666548
vt -0.38296935 0.622382045
vt -0.38296935 0.524666548
vt -0.38296935 0.622382045
vt -0.340251982 0.593454659
vt -0.340251982 0.553594
vt -0.340251982 0.553593934
vt -0.340251982 0.593454659
vt -0.340251982 0.553593934
vt -0.340251982 0.593454659
vt -0.3177163 0.6023801
vt -0.3177163 0.544668734
vt -0.3177163 0.5446685
vt -0.3177163 0.6023801
vt -0.3177163 0.5446685
vt -0.3177163 0.6023801
vt -0.283851266 0.586491942
vt -0.283851266 0.5605568
vt -0.283851266 0.56055665
vt -0.283851266 0.586491942
vt -0.283851266 0.56055665
vt -0.283851266 0.586491942
vt -0.138885558 0.57122314
vt -0.138885558 0.575825453
vt 0.0199014675 -0.0270627737
vt 0.185507551 -0.0270627737
vt 0.185507551 -0.222577333
vt 0.0199014675 -0.222577333
vt 0.185507551 -0.5031029
vt 0.0199014675 -0.4008423
vt 0.0199014675 -0.257260919
vt 0.185507551 -0.257475019
vt 0.356378853 -0.4001807
vt 0.192357928 -0.4001807
vt 0.192357928 -0.257995248
vt 0.356378853 -0.257995367
vt 0.0199014675 -0.4008423
vt 0.185507551 -0.5031029
vt 0.185507551 -0.257475019
vt 0.0199014675 -0.257260919
vt 0.0199014675 -0.400667429
vt 0.0199014675 -0.222577333
vt 0.185507551 -0.222577333
vt 0.185507551 -0.4006673
vt 0.185507551 -0.0273522139
vt 0.0199014675 -0.0273522139
vt 0.356378853 -0.0273833275
vt 0.356378853 -0.257995367
vt 0.192357928 -0.257995248
vt 0.192357928 -0.0273832083
vt 0.0199014675 -0.0273522139
vt 0.185507551 -0.0273522139
vt -0.636071563 0.02240634
vt -0.636071563 0.244151115
vt -0.388996929 0.244151115
vt -0.388996929 0.02240628
vt 0.6546059 0.1998133
vt 0.6546059 0.04543829
vt 0.459340155 0.04543823
vt 0.459340155 0.199813247
vt -0.919345 0.06933367
vt -0.7039386 0.06933367
vt -0.7039386 0.224763513
vt -0.920507431 0.224763513
vt -0.478030384 0.6002769
vt -0.805810153 0.6002768
vt -0.8058106 0.8495763
vt -0.4780305 0.849576354
vt -0.636071563 0.02240634
vt -0.636071563 0.244151115
vt -0.388996929 0.244151115
vt -0.388996929 0.02240628
vt -0.9487704 0.04615611
vt -0.9487704 0.2504087
vt -0.981488943 0.2804345
vt -0.981488943 0.0152760744
vt -0.6753093 0.04615611
vt -0.6454867 0.0152760744
vt -0.6753093 0.2504087
vt -0.6454867 0.2804345
vt -0.919345 0.06933367
vt -0.920507431 0.224763513
vt -0.9487704 0.2504087
vt -0.9487704 0.2504087
vt -0.9487704 0.04615611
vt -0.919345 0.06933367
vt -0.7039386 0.06933367
vt -0.919345 0.06933367
vt -0.9487704 0.04615611
vt -0.6753093 0.04615611
vt -0.7039386 0.224763513
vt -0.7039386 0.06933367
vt -0.6753093 0.04615611
vt -0.6753093 0.2504087
vt -0.920507431 0.224763513
vt -0.7039386 0.224763513
vt -0.6753093 0.2504087
vt -0.6753093 0.2504087
vt -0.9487704 0.2504087
vt -0.920507431 0.224763513
vt 0.457896769 0.6707384
vt 0.457896769 0.6455204
vt 0.392691374 0.645533144
vt 0.392691374 0.6754912
vt 0.457896769 0.692623556
vt 0.392691374 0.697217941
vt -0.4013643 0.7299007
vt -0.401672661 0.6363773
vt -0.463524759 0.620339751
vt -0.463524759 0.744185567
vt 0.457896769 0.6160797
vt 0.457896769 0.592246056
vt 0.392691374 0.5847072
vt 0.392691374 0.6121008
vt 0.5127865 0.670458853
vt 0.5127865 0.6454341
vt 0.5127865 0.691762
vt -0.34707123 0.7175965
vt -0.347375631 0.647130847
vt 0.5127865 0.6201778
vt 0.5127865 0.5973417
vt 0.5805263 0.6635616
vt 0.5805263 0.6451784
vt 0.5805263 0.6822217
vt -0.280736417 0.706896
vt -0.281301677 0.6520339
vt 0.5805263 0.6246712
vt 0.5805263 0.605927646
vt 0.659309566 0.6584132
vt 0.6594064 0.6446832
vt 0.657571 0.6746561
vt -0.2052486 0.691279
vt -0.20576866 0.6520551
vt 0.65909183 0.630897045
vt 0.659022033 0.6122772
vt 0.457896769 0.6707384
vt 0.457896769 0.6455204
vt 0.392691374 0.645533144
vt 0.392691374 0.6754912
vt 0.457896769 0.692623556
vt 0.392691374 0.697217941
vt -0.4013643 0.7299007
vt -0.401672661 0.6363773
vt -0.463524759 0.620339751
vt -0.463524759 0.744185567
vt 0.457896769 0.6160797
vt 0.457896769 0.592246056
vt 0.392691374 0.5847072
vt 0.392691374 0.6121008
vt 0.5127865 0.670458853
vt 0.5127865 0.6454341
vt 0.5127865 0.691762
vt -0.34707123 0.7175965
vt -0.347375631 0.647130847
vt 0.5127865 0.6201778
vt 0.5127865 0.5973417
vt 0.5805263 0.6635616
vt 0.5805263 0.6451784
vt 0.5805263 0.6822217
vt -0.280736417 0.706896
vt -0.281301677 0.6520339
vt 0.5805263 0.6246712
vt 0.5805263 0.605927646
vt 0.659309566 0.6584132
vt 0.6594064 0.6446832
vt 0.657571 0.6746561
vt -0.2052486 0.691279
vt -0.20576866 0.6520551
vt 0.65909183 0.630897045
vt 0.659022033 0.6122772
vt 0.457896769 0.6707384
vt 0.457896769 0.6455204
vt 0.392691374 0.645533144
vt 0.392691374 0.6754912
vt 0.457896769 0.692623556
vt 0.392691374 0.697217941
vt -0.4013643 0.7299007
vt -0.401672661 0.6363773
vt -0.463524759 0.620339751
vt -0.463524759 0.744185567
vt 0.457896769 0.6160797
vt 0.457896769 0.592246056
vt 0.392691374 0.5847072
vt 0.392691374 0.6121008
vt 0.5127865 0.670458853
vt 0.5127865 0.6454341
vt 0.5127865 0.691762
vt -0.34707123 0.7175965
vt -0.347375631 0.647130847
vt 0.5127865 0.6201778
vt 0.5127865 0.5973417
vt 0.5805263 0.6635616
vt 0.5805263 0.6451784
vt 0.5805263 0.6822217
vt -0.280736417 0.706896
vt -0.281301677 0.6520339
vt 0.5805263 0.6246712
vt 0.5805263 0.605927646
vt 0.659309566 0.6584132
vt 0.6594064 0.6446832
vt 0.657571 0.6746561
vt -0.2052486 0.691279
vt -0.20576866 0.6520551
vt 0.65909183 0.630897045
vt 0.659022033 0.6122772
vt 0.457896769 0.6707384
vt 0.392691374 0.645533144
vt 0.392691374 0.6754912
vt 0.457896769 0.6455204
vt 0.457896769 0.692623556
vt 0.392691374 0.697217941
vt -0.4013643 0.7299007
vt -0.463524759 0.620339751
vt -0.463524759 0.744185567
vt -0.401672661 0.6363773
vt 0.457896769 0.6160797
vt 0.392691374 0.5847072
vt 0.392691374 0.6121008
vt 0.457896769 0.592246056
vt 0.5127865 0.670458853
vt 0.5127865 0.6454341
vt 0.5127865 0.691762
vt -0.34707123 0.7175965
vt -0.347375631 0.647130847
vt 0.5127865 0.6201778
vt 0.5127865 0.5973417
vt 0.5805263 0.6635616
vt 0.5805263 0.6451784
vt 0.5805263 0.6822217
vt -0.280736417 0.706896
vt -0.281301677 0.6520339
vt 0.5805263 0.6246712
vt 0.5805263 0.605927646
vt 0.659309566 0.6584132
vt 0.6594064 0.6446832
vt 0.657571 0.6746561
vt -0.2052486 0.691279
vt -0.20576866 0.6520551
vt 0.65909183 0.630897045
vt 0.659022033 0.6122772
vt -0.919345 0.06933367
vt -0.7039386 0.224763513
vt -0.7039386 0.06933367
vt -0.920507431 0.224763513
vt -0.9487704 0.04615611
vt -0.981488943 0.2804345
vt -0.9487704 0.2504087
vt -0.981488943 0.0152760744
vt -0.6753093 0.04615611
vt -0.6454867 0.0152760744
vt -0.6753093 0.2504087
vt -0.6454867 0.2804345
vt -0.919345 0.06933367
vt -0.9487704 0.2504087
vt -0.920507431 0.224763513
vt -0.9487704 0.2504087
vt -0.919345 0.06933367
vt -0.9487704 0.04615611
vt -0.7039386 0.06933367
vt -0.9487704 0.04615611
vt -0.919345 0.06933367
vt -0.6753093 0.04615611
vt -0.7039386 0.224763513
vt -0.6753093 0.04615611
vt -0.7039386 0.06933367
vt -0.6753093 0.2504087
vt -0.920507431 0.224763513
vt -0.6753093 0.2504087
vt -0.7039386 0.224763513
vt -0.6753093 0.2504087
vt -0.920507431 0.224763513
vt -0.9487704 0.2504087
vn 0 1 0
vn 0 1 0
vn 0 1 0
vn 0 1 0
vn 0.38504377 -0.637937844 -0.6669157
vn 0.770087361 -0.63793844 -1.39814929E-07
vn 5.543264E-09 -1 1.5692464E-10
vn -0.385043621 -0.637937844 -0.6669158
vn -0.770087361 -0.63793844 1.777171E-07
vn -0.3850437 -0.6379377 0.6669159
vn 0.385043681 -0.6379377 0.6669159
vn 0.47732535 0.297728032 -0.8267518
vn 0.9546507 0.297728062 2.05004156E-07
vn -0.477325469 0.297728449 -0.8267516
vn -0.9546507 0.297728032 -1.56650771E-07
vn -0.4773253 0.297728181 0.826751769
vn 0.4773255 0.297728628 0.8267515
vn 0.485048115 0.242748618 -0.8401199
vn 0.970090449 0.242743731 2.473309E-07
vn -0.485048562 0.242746234 -0.8401203
vn -0.970090449 0.242743656 -1.94613293E-07
vn -0.4850479 0.242748544 0.84012
vn 0.485048681 0.242746264 0.840120256
vn 0.499223083 0.0557906777 -0.8646755
vn 0.99844265 0.0557879619 -1.53209749E-06
vn -0.499221742 0.05579037 -0.8646763
vn -0.99844265 0.0557879545 1.58195724E-06
vn -0.499223 0.0557907 0.8646755
vn 0.499221921 0.05579049 0.8646762
vn 0.434062481 0.4963308 -0.7518281
vn 0.8681317 0.496333927 -2.71920771E-06
vn -0.43405962 0.4963326 -0.751828551
vn -0.8681317 0.496333927 2.66810662E-06
vn -0.434062272 0.496331 0.7518281
vn 0.434059769 0.496332645 0.751828432
vn 4.970145E-07 1 -5.731156E-06
vn 4.970145E-07 1 -5.731156E-06
vn -0.728334844 -0.6852214 0
vn -0.728334844 -0.6852214 0
vn -0.728334844 -0.6852214 0
vn -0.728334844 -0.6852214 0
vn 9.4098354E-08 1.4221439E-07 1
vn 9.4098354E-08 1.4221439E-07 1
vn 9.4098354E-08 1.4221439E-07 1
vn -4.254292E-08 9.698061E-08 1
vn 0.706640244 0.707573 0
vn 0.706640244 0.707573 0
vn 0.706640244 0.707573 0
vn 0.706640244 0.707573 0
vn -3.46620155E-08 -1.4221439E-07 -1
vn -3.46620155E-08 -1.4221439E-07 -1
vn -3.46620155E-08 -1.4221439E-07 -1
vn -4.99537478E-08 -5.00196826E-08 -1
vn -0.5228497 -0.85242486 0
vn -0.5228497 -0.85242486 0
vn -0.5228497 -0.85242486 0
vn -0.522849441 -0.852425039 -4.26722181E-07
vn -3.941819E-09 7.738268E-08 1
vn -3.97896249E-09 7.81118459E-08 1
vn 0.5061218 0.862462044 0
vn 0.5061218 0.862462044 0
vn 0.5061218 0.862462044 0
vn 0.5061218 0.862462044 0
vn 4.300114E-09 -7.75645859E-08 -1
vn 3.602254E-09 -7.79362352E-08 -1
vn -0.94982177 0.3127916 0
vn -0.94982177 0.3127916 0
vn -0.94982177 0.3127916 0
vn -0.94982177 0.3127916 0
vn -0.341373 -0.939927936 0
vn -0.341373 -0.939927936 0
vn -0.341373 -0.939927936 0
vn -0.341373 -0.939927936 0
vn -3.632844E-06 5.385677E-06 1
vn -3.632844E-06 5.385677E-06 1
vn -3.632844E-06 5.385677E-06 1
vn -2.37705171E-06 8.190155E-07 1
vn 0.380030364 0.924974 0
vn 0.380030364 0.924974 0
vn 0.380030364 0.924974 0
vn 0.380030364 0.924974 0
vn 0.9026693 -0.4303349 0
vn 0.9026693 -0.4303349 0
vn 0.9026693 -0.4303349 0
vn 0.9026693 -0.4303349 0
vn -2.08062218E-07 6.982964E-08 1
vn -2.08062218E-07 6.982964E-08 1
vn -2.08062218E-07 6.982964E-08 1
vn -2.14755048E-07 7.07222938E-08 1
vn -1.26636749E-07 -1.03077156E-07 1
vn -1.15441672E-07 -3.81589835E-08 1
vn 7.997701E-08 2.643622E-08 1
vn -2.06260289E-08 5.137111E-08 1
vn 0.870228231 -0.299837977 0.390896469
vn 0.870228231 -0.299837977 0.390896469
vn 0.870228231 -0.299837977 0.390896469
vn 0.8888127 -0.298302472 0.347890228
vn 0.8888127 -0.298302472 0.347890228
vn 0.8888127 -0.298302472 0.347890228
vn 0.3111114 0.900903344 0.3026266
vn 0.3111114 0.900903344 0.3026266
vn 0.3111114 0.900903344 0.3026266
vn 0.3111118 0.9008948 0.3026516
vn -0.84543556 0.396269679 0.3580629
vn -0.84543556 0.396269679 0.3580629
vn -0.84543556 0.396269679 0.3580629
vn -0.845435739 0.396269679 0.3580625
vn -0.353982151 -0.9078198 0.2248552
vn -0.353982151 -0.9078198 0.2248552
vn -0.353982151 -0.9078198 0.2248552
vn -0.353605956 -0.9116749 0.209312439
vn -0.353605956 -0.9116749 0.209312439
vn -0.353605956 -0.9116749 0.209312439
vn 0.250608146 0.172760382 0.9525489
vn -0.683952749 0.166523516 0.7102666
vn -0.696088552 0.0555139147 0.7158065
vn 0.364329427 0.1482481 0.9193947
vn 0.9796033 0.1839276 0.08091993
vn 0.9687365 0.225149632 -0.104197927
vn -0.149697632 0.118934743 -0.9815524
vn 0.9796033 0.1839276 0.08091993
vn 0.9687365 0.225149632 -0.104197927
vn -0.0523589775 0.1815578 -0.9819854
vn -0.953570664 0.168109328 -0.249884382
vn -0.149697632 0.118934743 -0.9815524
vn -0.0523589775 0.1815578 -0.9819854
vn -0.8886771 0.164345682 -0.428069443
vn 0.292467028 0.292505771 0.910441339
vn -0.632649839 0.440876633 0.63669616
vn 0.988868952 -0.118501343 0.08997557
vn -0.146161973 -0.0846026 -0.985636353
vn 0.988868952 -0.118501343 0.08997557
vn -0.9042049 0.3022909 -0.301717937
vn -0.146161973 -0.0846026 -0.985636353
vn 0.2904927 0.5116055 0.8086246
vn -0.449412316 0.7633822 0.4639787
vn 0.902403355 -0.240724012 0.357379526
vn -0.3991903 -0.239432842 -0.8850531
vn 0.902403355 -0.240724012 0.357379526
vn -0.817421 0.5026942 -0.281285316
vn -0.3991903 -0.239432842 -0.8850531
vn 0.473419517 0.45460704 0.7544577
vn -0.294396281 0.905458 0.305739582
vn 0.7646253 -0.5567888 0.324552566
vn -0.3343777 -0.5315725 -0.7782173
vn 0.7646253 -0.5567888 0.324552566
vn -0.7387215 0.469182163 -0.483899385
vn -0.3343777 -0.5315725 -0.7782173
vn 0.9525495 0.1727614 -0.250605
vn 0.7102682 0.166523486 0.6839511
vn 0.715805352 0.0555146076 0.6960897
vn 0.9193951 0.148248613 -0.364328235
vn 0.08092511 0.183929443 -0.9796025
vn -0.104198217 0.225148439 -0.968736768
vn -0.9815519 0.118934236 0.149701387
vn 0.08092511 0.183929443 -0.9796025
vn -0.104198217 0.225148439 -0.968736768
vn -0.9819854 0.181557164 0.0523611978
vn -0.249880835 0.16810894 0.9535717
vn -0.9815519 0.118934236 0.149701387
vn -0.9819854 0.181557164 0.0523611978
vn -0.428067923 0.164345488 0.8886779
vn 0.9104412 0.2925045 -0.292468637
vn 0.636698 0.440876424 0.6326481
vn 0.08997783 -0.118500009 -0.9888689
vn -0.9856365 -0.0846028253 0.146161333
vn 0.08997783 -0.118500009 -0.9888689
vn -0.301717162 0.302291334 0.904205
vn -0.9856365 -0.0846028253 0.146161333
vn 0.80862534 0.5115999 -0.290500522
vn 0.46397838 0.7633823 0.449412435
vn 0.357370883 -0.240736634 -0.9024034
vn -0.885052741 -0.239432111 0.3991916
vn 0.357370883 -0.240736634 -0.9024034
vn -0.281283677 0.502695 0.8174211
vn -0.885052741 -0.239432111 0.3991916
vn 0.754456639 0.454608023 -0.4734202
vn 0.30573985 0.905458152 0.294395417
vn 0.324552327 -0.556786835 -0.764626861
vn -0.7782166 -0.5315767 0.334372818
vn 0.324552327 -0.556786835 -0.764626861
vn -0.4839024 0.4691791 0.7387215
vn -0.7782166 -0.5315767 0.334372818
vn -0.250608116 0.172760367 -0.9525489
vn 0.6839527 0.166523546 -0.7102666
vn 0.6960885 0.05551391 -0.715806544
vn -0.364329338 0.148248136 -0.919394732
vn -0.9796033 0.183927581 -0.08091984
vn -0.9687365 0.225149646 0.104197755
vn 0.14969793 0.1189356 0.981552243
vn -0.9796033 0.183927581 -0.08091984
vn -0.9687365 0.225149646 0.104197755
vn 0.05235901 0.181557745 0.9819854
vn 0.9535705 0.168110073 0.249884725
vn 0.14969793 0.1189356 0.981552243
vn 0.05235901 0.181557745 0.9819854
vn 0.8886771 0.164345637 0.428069443
vn -0.292470574 0.29250434 -0.9104406
vn 0.632650733 0.440877169 -0.636694849
vn -0.9888691 -0.11850334 -0.08997172
vn 0.146167219 -0.08460038 0.9856358
vn -0.9888691 -0.11850334 -0.08997172
vn 0.904205263 0.3022916 0.301716149
vn 0.146167219 -0.08460038 0.9856358
vn -0.290492624 0.5116057 -0.808624566
vn 0.4494128 0.763381839 -0.463978767
vn -0.902403533 -0.240724549 -0.3573787
vn 0.399198383 -0.239426181 0.88505125
vn -0.902403533 -0.240724549 -0.3573787
vn 0.8174213 0.5026971 0.2812793
vn 0.399198383 -0.239426181 0.88505125
vn -0.473419547 0.45460704 -0.754457653
vn 0.294396371 0.905458 -0.305739433
vn -0.764625251 -0.556789 -0.324552476
vn 0.334376872 -0.5315724 0.7782178
vn -0.764625251 -0.556789 -0.324552476
vn 0.7387211 0.46918267 0.483899564
vn 0.334376872 -0.5315724 0.7782178
vn -0.9525492 0.172760084 0.250607133
vn -0.715805948 0.0555144772 -0.696089
vn -0.919394433 0.148247689 0.364330173
vn -0.7102664 0.166523188 -0.683953
vn -0.08092045 0.18392776 0.979603231
vn 0.104198866 0.225148872 0.9687366
vn 0.981551766 0.118934214 -0.149702191
vn 0.104198866 0.225148872 0.9687366
vn 0.981985331 0.181557178 -0.052361764
vn -0.08092045 0.18392776 0.979603231
vn 0.249880761 0.168108627 -0.953571737
vn 0.981985331 0.181557178 -0.052361764
vn 0.428067982 0.164345339 -0.8886779
vn 0.981551766 0.118934214 -0.149702191
vn -0.910441041 0.29250443 0.292469233
vn -0.6366971 0.440875977 -0.6326493
vn -0.08997396 -0.118502155 0.988869
vn 0.9856365 -0.08460255 -0.146161422
vn -0.08997396 -0.118502155 0.988869
vn 0.301717132 0.302290976 -0.904205143
vn 0.9856365 -0.08460255 -0.146161422
vn -0.808624268 0.511606157 0.2904926
vn -0.463980645 0.7633819 -0.4494108
vn -0.3573813 -0.240720451 0.9024036
vn 0.88505286 -0.239432663 -0.399190933
vn -0.3573813 -0.240720451 0.9024036
vn 0.281283766 0.5026948 -0.8174212
vn 0.88505286 -0.239432663 -0.399190933
vn -0.7544571 0.454607517 0.47342
vn -0.3057397 0.9054582 -0.2943955
vn -0.3245532 -0.5567874 0.7646261
vn 0.778216243 -0.53157717 -0.334372818
vn -0.3245532 -0.5567874 0.7646261
vn 0.483902544 0.469178855 -0.73872155
vn 0.778216243 -0.53157717 -0.334372818
vn -1.0748762E-06 3.90876357E-06 -1
vn -1.0748762E-06 3.90876357E-06 -1
vn -1.0748762E-06 3.90876357E-06 -1
vn 9.42118447E-07 -3.425993E-06 -1
vn -2.87720525E-07 3.837455E-08 -1
vn -2.87720525E-07 3.837455E-08 -1
vn -2.87720525E-07 3.837455E-08 -1
vn -1.91872942E-07 2.559094E-08 -1
vn -9.95594647E-08 -1.56482855E-07 -1
vn -4.63475018E-08 1.52083174E-07 -1
vn -2.094467E-07 9.817111E-08 -1
vn 1.60856118E-07 6.38999076E-09 -1
vn 0.870224 -0.299837738 -0.390906036
vn 0.870224 -0.299837738 -0.390906036
vn 0.870224 -0.299837738 -0.390906036
vn 0.888811648 -0.298302144 -0.347893178
vn 0.888811648 -0.298302144 -0.347893178
vn 0.888811648 -0.298302144 -0.347893178
vn 0.3111119 0.900902152 -0.30262956
vn 0.3111119 0.900902152 -0.30262956
vn 0.3111119 0.900902152 -0.30262956
vn 0.311112225 0.900895953 -0.302647769
vn -0.8454371 0.3962703 -0.3580585
vn -0.8454371 0.3962703 -0.3580585
vn -0.8454371 0.3962703 -0.3580585
vn -0.8454371 0.3962703 -0.358058542
vn -0.353981435 -0.9078208 -0.22485207
vn -0.353981435 -0.9078208 -0.22485207
vn -0.353981435 -0.9078208 -0.22485207
vn -0.3536055 -0.9116738 -0.2093181
vn -0.3536055 -0.9116738 -0.2093181
vn -0.3536055 -0.9116738 -0.2093181
usemtl by-bd019_part_3_material_0
f 502/502/502 503/503/503 504/504/504
f 504/504/504 505/505/505 502/502/502
f 539/539/539 540/540/540 541/541/541
f 541/541/541 542/542/542 539/539/539
f 543/543/543 544/544/544 545/545/545
f 545/545/545 546/546/546 543/543/543
f 547/547/547 548/548/548 549/549/549
f 549/549/549 550/550/550 547/547/547
f 551/551/551 552/552/552 553/553/553
f 553/553/553 554/554/554 551/551/551
f 555/555/555 556/556/556 557/557/557
f 557/557/557 558/558/558 555/555/555
f 559/559/559 546/546/546 545/545/545
f 545/545/545 560/560/560 559/559/559
f 561/561/561 562/562/562 563/563/563
f 563/563/563 564/564/564 561/561/561
f 565/565/565 554/554/554 553/553/553
f 553/553/553 566/566/566 565/565/565
f 571/571/571 572/572/572 573/573/573
f 573/573/573 574/574/574 571/571/571
f 615/615/615 616/616/616 617/617/617
f 617/617/617 618/618/618 615/615/615
f 619/619/619 615/615/615 618/618/618
f 618/618/618 620/620/620 619/619/619
f 625/625/625 626/626/626 627/627/627
f 627/627/627 628/628/628 625/625/625
f 616/616/616 625/625/625 628/628/628
f 628/628/628 617/617/617 616/616/616
f 629/629/629 630/630/630 616/616/616
f 616/616/616 615/615/615 629/629/629
f 631/631/631 629/629/629 615/615/615
f 615/615/615 619/619/619 631/631/631
f 634/634/634 635/635/635 626/626/626
f 626/626/626 625/625/625 634/634/634
f 630/630/630 634/634/634 625/625/625
f 625/625/625 616/616/616 630/630/630
f 636/636/636 637/637/637 630/630/630
f 630/630/630 629/629/629 636/636/636
f 638/638/638 636/636/636 629/629/629
f 629/629/629 631/631/631 638/638/638
f 641/641/641 642/642/642 635/635/635
f 635/635/635 634/634/634 641/641/641
f 637/637/637 641/641/641 634/634/634
f 634/634/634 630/630/630 637/637/637
f 643/643/643 644/644/644 637/637/637
f 637/637/637 636/636/636 643/643/643
f 645/645/645 643/643/643 636/636/636
f 636/636/636 638/638/638 645/645/645
f 648/648/648 649/649/649 642/642/642
f 642/642/642 641/641/641 648/648/648
f 644/644/644 648/648/648 641/641/641
f 641/641/641 637/637/637 644/644/644
f 650/650/650 651/651/651 652/652/652
f 652/652/652 653/653/653 650/650/650
f 654/654/654 650/650/650 653/653/653
f 653/653/653 655/655/655 654/654/654
f 660/660/660 661/661/661 662/662/662
f 662/662/662 663/663/663 660/660/660
f 651/651/651 660/660/660 663/663/663
f 663/663/663 652/652/652 651/651/651
f 664/664/664 665/665/665 651/651/651
f 651/651/651 650/650/650 664/664/664
f 666/666/666 664/664/664 650/650/650
f 650/650/650 654/654/654 666/666/666
f 669/669/669 670/670/670 661/661/661
f 661/661/661 660/660/660 669/669/669
f 665/665/665 669/669/669 660/660/660
f 660/660/660 651/651/651 665/665/665
f 671/671/671 672/672/672 665/665/665
f 665/665/665 664/664/664 671/671/671
f 673/673/673 671/671/671 664/664/664
f 664/664/664 666/666/666 673/673/673
f 676/676/676 677/677/677 670/670/670
f 670/670/670 669/669/669 676/676/676
f 672/672/672 676/676/676 669/669/669
f 669/669/669 665/665/665 672/672/672
f 678/678/678 679/679/679 672/672/672
f 672/672/672 671/671/671 678/678/678
f 680/680/680 678/678/678 671/671/671
f 671/671/671 673/673/673 680/680/680
f 683/683/683 684/684/684 677/677/677
f 677/677/677 676/676/676 683/683/683
f 679/679/679 683/683/683 676/676/676
f 676/676/676 672/672/672 679/679/679
f 685/685/685 686/686/686 687/687/687
f 687/687/687 688/688/688 685/685/685
f 689/689/689 685/685/685 688/688/688
f 688/688/688 690/690/690 689/689/689
f 695/695/695 696/696/696 697/697/697
f 697/697/697 698/698/698 695/695/695
f 686/686/686 695/695/695 698/698/698
f 698/698/698 687/687/687 686/686/686
f 699/699/699 700/700/700 686/686/686
f 686/686/686 685/685/685 699/699/699
f 701/701/701 699/699/699 685/685/685
f 685/685/685 689/689/689 701/701/701
f 704/704/704 705/705/705 696/696/696
f 696/696/696 695/695/695 704/704/704
f 700/700/700 704/704/704 695/695/695
f 695/695/695 686/686/686 700/700/700
f 706/706/706 707/707/707 700/700/700
f 700/700/700 699/699/699 706/706/706
f 708/708/708 706/706/706 699/699/699
f 699/699/699 701/701/701 708/708/708
f 711/711/711 712/712/712 705/705/705
f 705/705/705 704/704/704 711/711/711
f 707/707/707 711/711/711 704/704/704
f 704/704/704 700/700/700 707/707/707
f 713/713/713 714/714/714 707/707/707
f 707/707/707 706/706/706 713/713/713
f 715/715/715 713/713/713 706/706/706
f 706/706/706 708/708/708 715/715/715
f 718/718/718 719/719/719 712/712/712
f 712/712/712 711/711/711 718/718/718
f 714/714/714 718/718/718 711/711/711
f 711/711/711 707/707/707 714/714/714
f 720/720/720 721/721/721 722/722/722
f 721/721/721 720/720/720 723/723/723
f 724/724/724 722/722/722 725/725/725
f 722/722/722 724/724/724 720/720/720
f 730/730/730 731/731/731 732/732/732
f 731/731/731 730/730/730 733/733/733
f 723/723/723 732/732/732 721/721/721
f 732/732/732 723/723/723 730/730/730
f 734/734/734 723/723/723 720/720/720
f 723/723/723 734/734/734 735/735/735
f 736/736/736 720/720/720 724/724/724
f 720/720/720 736/736/736 734/734/734
f 739/739/739 733/733/733 730/730/730
f 733/733/733 739/739/739 740/740/740
f 735/735/735 730/730/730 723/723/723
f 730/730/730 735/735/735 739/739/739
f 741/741/741 735/735/735 734/734/734
f 735/735/735 741/741/741 742/742/742
f 743/743/743 734/734/734 736/736/736
f 734/734/734 743/743/743 741/741/741
f 746/746/746 740/740/740 739/739/739
f 740/740/740 746/746/746 747/747/747
f 742/742/742 739/739/739 735/735/735
f 739/739/739 742/742/742 746/746/746
f 748/748/748 742/742/742 741/741/741
f 742/742/742 748/748/748 749/749/749
f 750/750/750 741/741/741 743/743/743
f 741/741/741 750/750/750 748/748/748
f 753/753/753 747/747/747 746/746/746
f 747/747/747 753/753/753 754/754/754
f 749/749/749 746/746/746 742/742/742
f 746/746/746 749/749/749 753/753/753
usemtl by-bd019_part_3_material_1
f 506/506/506 507/507/507 508/508/508
f 509/509/509 506/506/506 508/508/508
f 510/510/510 509/509/509 508/508/508
f 511/511/511 510/510/510 508/508/508
f 512/512/512 511/511/511 508/508/508
f 507/507/507 512/512/512 508/508/508
f 507/507/507 506/506/506 513/513/513
f 513/513/513 514/514/514 507/507/507
f 506/506/506 509/509/509 515/515/515
f 515/515/515 513/513/513 506/506/506
f 509/509/509 510/510/510 516/516/516
f 516/516/516 515/515/515 509/509/509
f 510/510/510 511/511/511 517/517/517
f 517/517/517 516/516/516 510/510/510
f 511/511/511 512/512/512 518/518/518
f 518/518/518 517/517/517 511/511/511
f 512/512/512 507/507/507 514/514/514
f 514/514/514 518/518/518 512/512/512
f 514/514/514 513/513/513 519/519/519
f 519/519/519 520/520/520 514/514/514
f 513/513/513 515/515/515 521/521/521
f 521/521/521 519/519/519 513/513/513
f 515/515/515 516/516/516 522/522/522
f 522/522/522 521/521/521 515/515/515
f 516/516/516 517/517/517 523/523/523
f 523/523/523 522/522/522 516/516/516
f 517/517/517 518/518/518 524/524/524
f 524/524/524 523/523/523 517/517/517
f 518/518/518 514/514/514 520/520/520
f 520/520/520 524/524/524 518/518/518
f 520/520/520 519/519/519 525/525/525
f 525/525/525 526/526/526 520/520/520
f 519/519/519 521/521/521 527/527/527
f 527/527/527 525/525/525 519/519/519
f 521/521/521 522/522/522 528/528/528
f 528/528/528 527/527/527 521/521/521
f 522/522/522 523/523/523 529/529/529
f 529/529/529 528/528/528 522/522/522
f 523/523/523 524/524/524 530/530/530
f 530/530/530 529/529/529 523/523/523
f 524/524/524 520/520/520 526/526/526
f 526/526/526 530/530/530 524/524/524
f 526/526/526 525/525/525 531/531/531
f 531/531/531 532/532/532 526/526/526
f 525/525/525 527/527/527 533/533/533
f 533/533/533 531/531/531 525/525/525
f 527/527/527 528/528/528 534/534/534
f 534/534/534 533/533/533 527/527/527
f 528/528/528 529/529/529 535/535/535
f 535/535/535 534/534/534 528/528/528
f 529/529/529 530/530/530 536/536/536
f 536/536/536 535/535/535 529/529/529
f 530/530/530 526/526/526 532/532/532
f 532/532/532 536/536/536 530/530/530
f 531/531/531 537/537/537 532/532/532
f 533/533/533 538/538/538 531/531/531
f 534/534/534 537/537/537 533/533/533
f 535/535/535 538/538/538 534/534/534
f 536/536/536 537/537/537 535/535/535
f 532/532/532 538/538/538 536/536/536
f 567/567/567 568/568/568 569/569/569
f 569/569/569 570/570/570 567/567/567
f 575/575/575 576/576/576 577/577/577
f 577/577/577 578/578/578 575/575/575
f 579/579/579 580/580/580 581/581/581
f 581/581/581 582/582/582 579/579/579
f 583/583/583 584/584/584 585/585/585
f 585/585/585 586/586/586 583/583/583
f 587/587/587 588/588/588 589/589/589
f 589/589/589 590/590/590 587/587/587
f 591/591/591 587/587/587 590/590/590
f 590/590/590 592/592/592 591/591/591
f 593/593/593 591/591/591 592/592/592
f 592/592/592 594/594/594 593/593/593
f 588/588/588 593/593/593 594/594/594
f 594/594/594 589/589/589 588/588/588
f 595/595/595 596/596/596 597/597/597
f 598/598/598 599/599/599 600/600/600
f 601/601/601 602/602/602 603/603/603
f 603/603/603 604/604/604 601/601/601
f 605/605/605 606/606/606 607/607/607
f 607/607/607 608/608/608 605/605/605
f 609/609/609 610/610/610 611/611/611
f 612/612/612 613/613/613 614/614/614
f 621/621/621 622/622/622 623/623/623
f 623/623/623 624/624/624 621/621/621
f 632/632/632 633/633/633 622/622/622
f 622/622/622 621/621/621 632/632/632
f 639/639/639 640/640/640 633/633/633
f 633/633/633 632/632/632 639/639/639
f 646/646/646 647/647/647 640/640/640
f 640/640/640 639/639/639 646/646/646
f 656/656/656 657/657/657 658/658/658
f 658/658/658 659/659/659 656/656/656
f 667/667/667 668/668/668 657/657/657
f 657/657/657 656/656/656 667/667/667
f 674/674/674 675/675/675 668/668/668
f 668/668/668 667/667/667 674/674/674
f 681/681/681 682/682/682 675/675/675
f 675/675/675 674/674/674 681/681/681
f 691/691/691 692/692/692 693/693/693
f 693/693/693 694/694/694 691/691/691
f 702/702/702 703/703/703 692/692/692
f 692/692/692 691/691/691 702/702/702
f 709/709/709 710/710/710 703/703/703
f 703/703/703 702/702/702 709/709/709
f 716/716/716 717/717/717 710/710/710
f 710/710/710 709/709/709 716/716/716
f 726/726/726 727/727/727 728/728/728
f 727/727/727 726/726/726 729/729/729
f 737/737/737 729/729/729 726/726/726
f 729/729/729 737/737/737 738/738/738
f 744/744/744 738/738/738 737/737/737
f 738/738/738 744/744/744 745/745/745
f 751/751/751 745/745/745 744/744/744
f 745/745/745 751/751/751 752/752/752
f 755/755/755 756/756/756 757/757/757
f 756/756/756 755/755/755 758/758/758
f 759/759/759 760/760/760 761/761/761
f 760/760/760 759/759/759 762/762/762
f 763/763/763 762/762/762 759/759/759
f 762/762/762 763/763/763 764/764/764
f 765/765/765 764/764/764 763/763/763
f 764/764/764 765/765/765 766/766/766
f 761/761/761 766/766/766 765/765/765
f 766/766/766 761/761/761 760/760/760
f 767/767/767 768/768/768 769/769/769
f 770/770/770 771/771/771 772/772/772
f 773/773/773 774/774/774 775/775/775
f 774/774/774 773/773/773 776/776/776
f 777/777/777 778/778/778 779/779/779
f 778/778/778 777/777/777 780/780/780
f 781/781/781 782/782/782 783/783/783
f 784/784/784 785/785/785 786/786/786
o by-bd019_part_4
v 1.54842186 9.875104 0.3560263
v 2.378347 9.910199 0.356026232
v 2.378347 9.910199 -0.356032729
v 1.54842186 9.875104 -0.35603267
v 0.04010153 9.025045 0.356026649
v 0.04010153 9.595908 0.3560264
v 0.04010153 9.595908 -0.3560326
v 0.04010153 9.025045 -0.3560323
v 2.79966879 8.64817 0.356026828
v 2.272492 8.375099 0.3560269
v 2.272492 8.375099 -0.356032073
v 2.79966879 8.64817 -0.3560322
v 2.59729 8.811026 0.3560267
v 2.79966879 8.64817 0.356026828
v 2.79966879 8.64817 -0.3560322
v 2.59729 8.811026 -0.356032252
v 0.04010153 9.595908 0.3560264
v 0.4044881 10.0334921 0.356026232
v 0.4044881 10.0334921 -0.356032729
v 0.04010153 9.595908 -0.3560326
v 0.4044881 10.0334921 0.356026232
v 0.9356327 10.1616964 0.356026173
v 0.9356327 10.1616964 -0.3560328
v 0.4044881 10.0334921 -0.356032729
v 0.6088619 8.180843 0.356027
v 0.19857502 8.532444 0.356026828
v 0.19857502 8.532444 -0.356032133
v 0.6088619 8.180843 -0.356032
v 0.19857502 8.532444 0.356026828
v 0.04010153 9.025045 0.356026649
v 0.04010153 9.025045 -0.3560323
v 0.19857502 8.532444 -0.356032133
v 1.29493856 8.114925 0.356027
v 0.6088619 8.180843 0.356027
v 0.6088619 8.180843 -0.356032
v 1.29493856 8.114925 -0.356032
v 2.272492 8.375099 0.3560269
v 1.67020369 8.377436 0.3560269
v 1.67020369 8.377436 -0.356032073
v 2.272492 8.375099 -0.356032073
v 1.67020369 8.377436 0.3560269
v 1.29493856 8.114925 0.356027
v 1.29493856 8.114925 -0.356032
v 1.67020369 8.377436 -0.356032073
v 3.42903376 9.654241 0.3560264
v 2.83726072 9.455305 0.356026471
v 2.83726072 9.455305 -0.35603255
v 3.42903376 9.654241 -0.3560326
v 3.02734756 8.833028 0.3560267
v 2.59729 8.811026 0.3560267
v 2.59729 8.811026 -0.356032252
v 3.02734756 8.833028 -0.356032252
v 2.83726072 9.455305 0.356026471
v 3.38795 9.496356 0.3560264
v 3.38795 9.496356 -0.35603255
v 2.83726072 9.455305 -0.35603255
v 3.38795 9.496356 0.3560264
v 3.02734756 8.833028 0.3560267
v 3.02734756 8.833028 -0.356032252
v 3.38795 9.496356 -0.35603255
v 2.378347 9.910199 0.356026232
v 3.62035322 10.3392534 0.3560261
v 3.62035322 10.3392534 -0.356032848
v 2.378347 9.910199 -0.356032729
v 3.62035322 10.3392534 0.3560261
v 3.42903376 9.654241 0.3560264
v 3.42903376 9.654241 -0.3560326
v 3.62035322 10.3392534 -0.356032848
v 0.9356327 10.1616964 0.356026173
v 1.54842186 9.875104 0.3560263
v 1.54842186 9.875104 -0.35603267
v 0.9356327 10.1616964 -0.3560328
v 2.378347 9.910199 0.356026232
v 1.54842186 9.875104 0.3560263
v 2.83726072 9.455305 0.356026471
v 0.04010153 9.025045 0.356026649
v 2.272492 8.375099 0.3560269
v 0.04010153 9.595908 0.3560264
v 0.9356327 10.1616964 0.356026173
v 2.59729 8.811026 0.3560267
v 2.79966879 8.64817 0.356026828
v 0.4044881 10.0334921 0.356026232
v 0.19857502 8.532444 0.356026828
v 0.6088619 8.180843 0.356027
v 1.29493856 8.114925 0.356027
v 1.67020369 8.377436 0.3560269
v 3.42903376 9.654241 0.3560264
v 3.02734756 8.833028 0.3560267
v 3.38795 9.496356 0.3560264
v 3.62035322 10.3392534 0.3560261
v 1.54842186 9.875104 -0.35603267
v 2.378347 9.910199 -0.356032729
v 2.83726072 9.455305 -0.35603255
v 2.272492 8.375099 -0.356032073
v 0.04010153 9.025045 -0.3560323
v 0.04010153 9.595908 -0.3560326
v 0.9356327 10.1616964 -0.3560328
v 2.59729 8.811026 -0.356032252
v 2.79966879 8.64817 -0.3560322
v 0.4044881 10.0334921 -0.356032729
v 0.6088619 8.180843 -0.356032
v 0.19857502 8.532444 -0.356032133
v 1.29493856 8.114925 -0.356032
v 1.67020369 8.377436 -0.356032073
v 3.42903376 9.654241 -0.3560326
v 3.02734756 8.833028 -0.356032252
v 3.38795 9.496356 -0.35603255
v 3.62035322 10.3392534 -0.356032848
v -2.37834644 9.910199 -0.356032729
v -2.37834644 9.910199 0.356026232
v -1.54842186 9.875104 0.3560263
v -1.54842186 9.875104 -0.35603267
v -0.04010153 9.595908 -0.3560326
v -0.04010153 9.595908 0.3560264
v -0.04010153 9.025045 0.356026649
v -0.04010153 9.025045 -0.3560323
v -2.27249241 8.375099 -0.356032073
v -2.27249241 8.375099 0.3560269
v -2.79966831 8.64817 0.356026828
v -2.79966831 8.64817 -0.3560322
v -2.79966831 8.64817 -0.3560322
v -2.79966831 8.64817 0.356026828
v -2.59729 8.811026 0.3560267
v -2.59729 8.811026 -0.356032252
v -0.404488564 10.0334921 -0.356032729
v -0.404488564 10.0334921 0.356026232
v -0.04010153 9.595908 0.3560264
v -0.04010153 9.595908 -0.3560326
v -0.9356327 10.1616964 -0.3560328
v -0.9356327 10.1616964 0.356026173
v -0.404488564 10.0334921 0.356026232
v -0.404488564 10.0334921 -0.356032729
v -0.19857502 8.532444 -0.356032133
v -0.19857502 8.532444 0.356026828
v -0.6088619 8.180843 0.356027
v -0.6088619 8.180843 -0.356032
v -0.04010153 9.025045 -0.3560323
v -0.04010153 9.025045 0.356026649
v -0.19857502 8.532444 0.356026828
v -0.19857502 8.532444 -0.356032133
v -0.6088619 8.180843 -0.356032
v -0.6088619 8.180843 0.356027
v -1.29493809 8.114925 0.356027
v -1.29493809 8.114925 -0.356032
v -1.67020321 8.377436 -0.356032073
v -1.67020321 8.377436 0.3560269
v -2.27249241 8.375099 0.3560269
v -2.27249241 8.375099 -0.356032073
v -1.29493809 8.114925 -0.356032
v -1.29493809 8.114925 0.356027
v -1.67020321 8.377436 0.3560269
v -1.67020321 8.377436 -0.356032073
v -2.83726025 9.455305 -0.35603255
v -2.83726025 9.455305 0.356026471
v -3.42903423 9.654241 0.3560264
v -3.42903423 9.654241 -0.3560326
v -2.59729 8.811026 -0.356032252
v -2.59729 8.811026 0.3560267
v -3.02734756 8.833028 0.3560267
v -3.02734756 8.833028 -0.356032252
v -3.38795 9.496356 -0.35603255
v -3.38795 9.496356 0.3560264
v -2.83726025 9.455305 0.356026471
v -2.83726025 9.455305 -0.35603255
v -3.02734756 8.833028 -0.356032252
v -3.02734756 8.833028 0.3560267
v -3.38795 9.496356 0.3560264
v -3.38795 9.496356 -0.35603255
v -3.62035275 10.3392534 -0.356032848
v -3.62035275 10.3392534 0.3560261
v -2.37834644 9.910199 0.356026232
v -2.37834644 9.910199 -0.356032729
v -3.42903423 9.654241 -0.3560326
v -3.42903423 9.654241 0.3560264
v -3.62035275 10.3392534 0.3560261
v -3.62035275 10.3392534 -0.356032848
v -1.54842186 9.875104 -0.35603267
v -1.54842186 9.875104 0.3560263
v -0.9356327 10.1616964 0.356026173
v -0.9356327 10.1616964 -0.3560328
v -2.83726025 9.455305 0.356026471
v -1.54842186 9.875104 0.3560263
v -2.37834644 9.910199 0.356026232
v -0.04010153 9.595908 0.3560264
v -2.27249241 8.375099 0.3560269
v -0.04010153 9.025045 0.356026649
v -0.9356327 10.1616964 0.356026173
v -2.59729 8.811026 0.3560267
v -2.79966831 8.64817 0.356026828
v -0.404488564 10.0334921 0.356026232
v -0.6088619 8.180843 0.356027
v -0.19857502 8.532444 0.356026828
v -1.29493809 8.114925 0.356027
v -1.67020321 8.377436 0.3560269
v -3.42903423 9.654241 0.3560264
v -3.02734756 8.833028 0.3560267
v -3.38795 9.496356 0.3560264
v -3.62035275 10.3392534 0.3560261
v -2.83726025 9.455305 -0.35603255
v -2.37834644 9.910199 -0.356032729
v -1.54842186 9.875104 -0.35603267
v -0.04010153 9.595908 -0.3560326
v -0.04010153 9.025045 -0.3560323
v -2.27249241 8.375099 -0.356032073
v -0.9356327 10.1616964 -0.3560328
v -2.59729 8.811026 -0.356032252
v -2.79966831 8.64817 -0.3560322
v -0.404488564 10.0334921 -0.356032729
v -0.19857502 8.532444 -0.356032133
v -0.6088619 8.180843 -0.356032
v -1.29493809 8.114925 -0.356032
v -1.67020321 8.377436 -0.356032073
v -3.42903423 9.654241 -0.3560326
v -3.02734756 8.833028 -0.356032252
v -3.38795 9.496356 -0.35603255
v -3.62035275 10.3392534 -0.356032848
v 0.7219782 8.842514 0.7566612
v 0.7219782 8.842514 0.347671628
v 0.7304354 8.995448 0.756661057
v 0.7304354 8.995448 0.347671628
v 0.7219782 8.842514 0.7566612
v 0.7304354 8.995448 0.756661057
v 0.6397667 8.747457 0.7566612
v -0.494179726 10.6809874 0.7566607
v 0.7304354 8.995448 0.347671628
v -0.494179726 10.6809874 0.347671151
v 0.7304354 8.995448 0.756661057
v -0.494179726 10.6809874 0.7566607
v 0.6397667 8.747457 0.347671628
v 0.7219782 8.842514 0.347671628
v 0.6397667 8.747457 0.7566612
v 0.7219782 8.842514 0.7566612
v 0.523957253 8.698643 0.347671628
v 0.523957253 8.698643 0.7566612
v 0.3758936 8.737858 0.7566612
v 0.3758936 8.737858 0.347671628
v -0.848722458 10.423398 0.756660759
v 0.3758936 8.737858 0.7566612
v 0.523957253 8.698643 0.7566612
v -0.848722458 10.423398 0.3476712
v 0.3758936 8.737858 0.347671628
v 0.3758936 8.737858 0.7566612
v -0.848722458 10.423398 0.756660759
v 0.523957253 8.698643 0.347671628
v 0.6397667 8.747457 0.347671628
v 0.6397667 8.747457 0.7566612
v 0.523957253 8.698643 0.7566612
v -0.494179726 10.6809874 0.347671151
v -0.425624847 11.11383 0.347671032
v -0.425624847 11.11383 0.7566606
v -0.494179726 10.6809874 0.7566607
v -1.28156471 10.4919538 0.3476712
v -0.848722458 10.423398 0.3476712
v -0.848722458 10.423398 0.756660759
v -1.28156471 10.4919538 0.756660759
v -1.539155 10.8464956 0.347671151
v -1.28156471 10.4919538 0.3476712
v -1.28156471 10.4919538 0.756660759
v -1.539155 10.8464956 0.7566607
v -1.47059917 11.2793379 0.347671032
v -1.539155 10.8464956 0.347671151
v -1.539155 10.8464956 0.7566607
v -1.47059917 11.2793379 0.7566606
v -1.1160574 11.5369272 0.3476709
v -1.47059917 11.2793379 0.347671032
v -1.47059917 11.2793379 0.7566606
v -1.1160574 11.5369272 0.7566605
v -0.683215141 11.4683714 0.347670972
v -1.1160574 11.5369272 0.3476709
v -1.1160574 11.5369272 0.7566605
v -0.683215141 11.4683714 0.7566605
v -0.425624847 11.11383 0.347671032
v -0.683215141 11.4683714 0.347670972
v -0.683215141 11.4683714 0.7566605
v -0.425624847 11.11383 0.7566606
v -0.791830063 10.8633871 0.347671151
v -0.791830063 10.8633871 0.7566607
v -0.7650709 11.0323362 0.3476711
v -0.7650709 11.0323362 0.7566606
v -0.930215836 10.762845 0.347671151
v -0.9302168 10.762845 0.7566607
v -0.791830063 10.8633871 0.347671151
v -0.791830063 10.8633871 0.7566607
v -1.099165 10.7896032 0.347671151
v -1.099165 10.7896032 0.7566607
v -0.930215836 10.762845 0.347671151
v -0.9302168 10.762845 0.7566607
v -1.199708 10.927989 0.3476711
v -1.199708 10.927989 0.7566607
v -1.099165 10.7896032 0.347671151
v -1.099165 10.7896032 0.7566607
v -1.17294979 11.0969381 0.347671032
v -1.17294979 11.0969381 0.7566606
v -1.199708 10.927989 0.3476711
v -1.199708 10.927989 0.7566607
v -1.03456306 11.1974821 0.347671032
v -1.03456306 11.1974821 0.7566606
v -1.17294979 11.0969381 0.347671032
v -1.17294979 11.0969381 0.7566606
v -0.8656149 11.170722 0.347671032
v -0.8656149 11.170722 0.7566606
v -1.03456306 11.1974821 0.347671032
v -1.03456306 11.1974821 0.7566606
v -0.7650709 11.0323362 0.3476711
v -0.7650709 11.0323362 0.7566606
v -0.8656149 11.170722 0.347671032
v -0.8656149 11.170722 0.7566606
v -0.425624847 11.11383 0.7566606
v -0.791830063 10.8633871 0.7566607
v -0.7650709 11.0323362 0.7566606
v -0.9302168 10.762845 0.7566607
v -1.099165 10.7896032 0.7566607
v -1.28156471 10.4919538 0.756660759
v -1.199708 10.927989 0.7566607
v -1.539155 10.8464956 0.7566607
v -1.17294979 11.0969381 0.7566606
v -1.47059917 11.2793379 0.7566606
v -1.03456306 11.1974821 0.7566606
v -1.1160574 11.5369272 0.7566605
v -0.8656149 11.170722 0.7566606
v -0.683215141 11.4683714 0.7566605
v 0.7219782 8.842514 0.347671628
v 0.6397667 8.747457 0.347671628
v 0.7304354 8.995448 0.347671628
v -0.494179726 10.6809874 0.347671151
v -0.848722458 10.423398 0.3476712
v 0.3758936 8.737858 0.347671628
v 0.523957253 8.698643 0.347671628
v -0.425624847 11.11383 0.347671032
v -0.791830063 10.8633871 0.347671151
v -0.7650709 11.0323362 0.3476711
v -0.930215836 10.762845 0.347671151
v -1.28156471 10.4919538 0.3476712
v -1.099165 10.7896032 0.347671151
v -1.539155 10.8464956 0.347671151
v -1.199708 10.927989 0.3476711
v -1.47059917 11.2793379 0.347671032
v -1.17294979 11.0969381 0.347671032
v -1.1160574 11.5369272 0.3476709
v -1.03456306 11.1974821 0.347671032
v -0.683215141 11.4683714 0.347670972
v -0.8656149 11.170722 0.347671032
v -1.527875 8.789105 0.748304546
v -1.66047764 9.016599 0.7483044
v -1.66047859 9.016599 0.356028318
v -1.527875 8.789105 0.356028318
v 0.3758936 8.737858 0.7566612
v -0.1466937 8.503468 0.736991346
v -0.146694183 8.503468 0.367341638
v 0.3758936 8.737858 0.347671628
v 0.057905674 9.17553 0.756661057
v -0.304980278 8.906049 0.7369912
v -0.1466937 8.503468 0.736991346
v -0.1466937 8.503468 0.736991346
v 0.3758936 8.737858 0.7566612
v 0.057905674 9.17553 0.756661057
v 0.0579051971 9.17553 0.347671628
v -0.304980278 8.906049 0.367341578
v -0.304980278 8.906049 0.7369912
v 0.057905674 9.17553 0.756661057
v -0.304980278 8.906049 0.367341578
v -0.7249403 8.851854 0.385119557
v -0.7249403 8.851854 0.7192133
v -0.304980278 8.906049 0.7369912
v -0.304980278 8.906049 0.7369912
v -0.7249403 8.851854 0.7192133
v -0.750393867 8.534836 0.719213367
v -0.750393867 8.534836 0.719213367
v -0.1466937 8.503468 0.736991346
v -0.304980278 8.906049 0.7369912
v -0.1466937 8.503468 0.736991346
v -0.750393867 8.534836 0.719213367
v -0.750393867 8.534836 0.385119617
v -0.146694183 8.503468 0.367341638
v -1.10117626 9.03967 0.7483044
v -1.22180653 9.264009 0.7483044
v -1.481226 9.249592 0.7483044
v -1.66047764 9.016599 0.7483044
v -1.527875 8.789105 0.748304546
v -1.22100925 8.753096 0.748304546
v -0.750393867 8.534836 0.719213367
v -0.7249403 8.851854 0.7192133
v -1.10117626 9.03967 0.7483044
v -1.22100925 8.753096 0.748304546
v -0.7249403 8.851854 0.7192133
v -1.22100925 8.753096 0.748304546
v -1.527875 8.789105 0.748304546
v -1.527875 8.789105 0.356028318
v -1.22100925 8.753096 0.356028318
v -1.22100925 8.753096 0.748304546
v -1.481226 9.249592 0.7483044
v -1.481226 9.249592 0.356028259
v -1.66047859 9.016599 0.356028318
v -1.66047764 9.016599 0.7483044
v -0.7249403 8.851854 0.385119557
v -1.10117626 9.03967 0.356028318
v -1.10117626 9.03967 0.7483044
v -0.7249403 8.851854 0.7192133
v -0.8093338 9.46831 0.5521663
v -1.10117626 9.03967 0.7483044
v -1.10117626 9.03967 0.356028318
v -0.8093338 9.46831 0.5521663
v -1.22180653 9.264009 0.7483044
v -1.10117626 9.03967 0.7483044
v -0.8093338 9.46831 0.5521663
v -1.22180653 9.264009 0.356028259
v -1.22180653 9.264009 0.7483044
v -0.750393867 8.534836 0.719213367
v -1.22100925 8.753096 0.748304546
v -1.22100925 8.753096 0.356028318
v -0.750393867 8.534836 0.385119617
v -1.481226 9.249592 0.7483044
v -1.22180653 9.264009 0.7483044
v -1.22180653 9.264009 0.356028259
v -1.481226 9.249592 0.356028259
v 1.09461021 11.0182886 0.35602802
v 1.09461021 11.0182886 0.7483041
v 1.26999187 10.8218756 0.748304248
v 1.26999187 10.8218756 0.35602802
v 1.11484146 9.420028 0.367341518
v 1.11484146 9.420028 0.736991167
v 0.7304354 8.995448 0.756661057
v 0.7304354 8.995448 0.347671628
v 1.11484146 9.420028 0.736991167
v 0.7808771 9.694971 0.7369911
v 0.412447929 9.433121 0.756661
v 0.412447929 9.433121 0.756661
v 0.7304354 8.995448 0.756661057
v 1.11484146 9.420028 0.736991167
v 0.7808771 9.694971 0.7369911
v 0.7808771 9.694971 0.367341459
v 0.412447929 9.433121 0.347671568
v 0.412447929 9.433121 0.756661
v 0.962194443 10.07763 0.7192131
v 0.962194443 10.07763 0.385119379
v 0.7808771 9.694971 0.367341459
v 0.7808771 9.694971 0.7369911
v 1.27156258 10.0038738 0.7192131
v 0.962194443 10.07763 0.7192131
v 0.7808771 9.694971 0.7369911
v 0.7808771 9.694971 0.7369911
v 1.11484146 9.420028 0.736991167
v 1.27156258 10.0038738 0.7192131
v 1.27156258 10.0038738 0.385119379
v 1.27156258 10.0038738 0.7192131
v 1.11484146 9.420028 0.736991167
v 1.11484146 9.420028 0.367341518
v 0.81762886 10.9198084 0.7483042
v 0.723751068 10.6775408 0.7483042
v 0.899834633 10.49349 0.748304248
v 1.09461021 11.0182886 0.7483041
v 1.26999187 10.8218756 0.748304248
v 0.962194443 10.07763 0.7192131
v 1.27156258 10.0038738 0.7192131
v 1.20941353 10.5189018 0.7483043
v 0.962194443 10.07763 0.7192131
v 1.20941353 10.5189018 0.7483043
v 0.899834633 10.49349 0.748304248
v 1.20941353 10.5189018 0.7483043
v 1.20941353 10.5189018 0.35602802
v 1.26999187 10.8218756 0.35602802
v 1.26999187 10.8218756 0.748304248
v 1.20941353 10.5189018 0.7483043
v 1.09461021 11.0182886 0.35602802
v 0.81762886 10.9198084 0.35602802
v 0.81762886 10.9198084 0.7483042
v 1.09461021 11.0182886 0.7483041
v 0.899834633 10.49349 0.748304248
v 0.899834633 10.49349 0.35602808
v 0.962194443 10.07763 0.385119379
v 0.962194443 10.07763 0.7192131
v 0.899834633 10.49349 0.35602808
v 0.899834633 10.49349 0.748304248
v 0.401988983 10.3483877 0.552166164
v 0.899834633 10.49349 0.748304248
v 0.723751068 10.6775408 0.7483042
v 0.401988983 10.3483877 0.552166164
v 0.723751068 10.6775408 0.7483042
v 0.723751068 10.6775408 0.35602802
v 0.401988983 10.3483877 0.552166164
v 1.20941353 10.5189018 0.35602802
v 1.20941353 10.5189018 0.7483043
v 1.27156258 10.0038738 0.7192131
v 1.27156258 10.0038738 0.385119379
v 0.723751068 10.6775408 0.35602802
v 0.723751068 10.6775408 0.7483042
v 0.81762886 10.9198084 0.7483042
v 0.81762886 10.9198084 0.35602802
v -0.146694183 8.503468 0.367341638
v -0.304980278 8.906049 0.367341578
v 0.0579051971 9.17553 0.347671628
v 0.0579051971 9.17553 0.347671628
v 0.3758936 8.737858 0.347671628
v -0.146694183 8.503468 0.367341638
v -0.750393867 8.534836 0.385119617
v -0.7249403 8.851854 0.385119557
v -0.304980278 8.906049 0.367341578
v -0.304980278 8.906049 0.367341578
v -0.146694183 8.503468 0.367341638
v -0.750393867 8.534836 0.385119617
v -1.481226 9.249592 0.356028259
v -1.22180653 9.264009 0.356028259
v -1.10117626 9.03967 0.356028318
v -1.66047859 9.016599 0.356028318
v -1.527875 8.789105 0.356028318
v -0.7249403 8.851854 0.385119557
v -0.750393867 8.534836 0.385119617
v -1.22100925 8.753096 0.356028318
v -0.7249403 8.851854 0.385119557
v -1.22100925 8.753096 0.356028318
v -1.10117626 9.03967 0.356028318
v -1.22100925 8.753096 0.356028318
v -1.10117626 9.03967 0.356028318
v -1.22180653 9.264009 0.356028259
v -0.8093338 9.46831 0.5521663
v 0.412447929 9.433121 0.347671568
v 0.7808771 9.694971 0.367341459
v 1.11484146 9.420028 0.367341518
v 1.11484146 9.420028 0.367341518
v 0.7304354 8.995448 0.347671628
v 0.412447929 9.433121 0.347671568
v 0.7808771 9.694971 0.367341459
v 0.962194443 10.07763 0.385119379
v 1.27156258 10.0038738 0.385119379
v 1.27156258 10.0038738 0.385119379
v 1.11484146 9.420028 0.367341518
v 0.7808771 9.694971 0.367341459
v 0.899834633 10.49349 0.35602808
v 0.723751068 10.6775408 0.35602802
v 0.81762886 10.9198084 0.35602802
v 1.09461021 11.0182886 0.35602802
v 1.26999187 10.8218756 0.35602802
v 1.20941353 10.5189018 0.35602802
v 1.27156258 10.0038738 0.385119379
v 0.962194443 10.07763 0.385119379
v 0.899834633 10.49349 0.35602808
v 1.20941353 10.5189018 0.35602802
v 0.962194443 10.07763 0.385119379
v 1.20941353 10.5189018 0.35602802
v 0.401988983 10.3483877 0.552166164
v 0.723751068 10.6775408 0.35602802
v 0.899834633 10.49349 0.35602808
vt -0.633129358 0.864896536
vt -0.7706359 0.864896536
vt -0.7706359 0.983033955
vt -0.633129358 0.983033955
vt -0.8811142 0.864896536
vt -0.750544 0.864896536
vt -0.750544 0.9830341
vt -0.8811142 0.983033955
vt -0.107937947 1.745192
vt -0.107937947 1.65732932
vt -0.004140319 1.65732908
vt -0.004140322 1.745192
vt -0.9456368 1.86539626
vt -0.9793666 1.86539626
vt -0.9793666 1.98407292
vt -0.9456368 1.98407292
vt -0.750544 0.864896536
vt -0.633129358 0.864896536
vt -0.633129358 0.983033955
vt -0.750544 0.983033955
vt -0.633129358 0.864896536
vt -0.531599045 0.8648964
vt -0.531599045 0.983033955
vt -0.633129358 0.983033955
vt -0.107605807 1.78497016
vt -0.107605807 1.91183662
vt -0.00456511043 1.91183662
vt -0.00456511043 1.78497016
vt -0.107605807 1.91183662
vt -0.1076058 1.99455976
vt -0.004565095 1.99455976
vt -0.00456511043 1.91183662
vt -0.107605807 1.62006366
vt -0.107605807 1.78497016
vt -0.00456511043 1.78497016
vt -0.00456511043 1.62006366
vt -0.107937947 1.65732932
vt -0.107937947 1.556948
vt -0.004140419 1.55694771
vt -0.004140319 1.65732908
vt -0.107605807 1.55688155
vt -0.107605807 1.62006366
vt -0.00456511043 1.62006366
vt -0.00456511043 1.55688155
vt -0.002224268 1.56066871
vt -0.09678508 1.56066871
vt -0.09678532 1.67934513
vt -0.002224268 1.67934513
vt -0.002224268 1.56066871
vt -0.09678508 1.56066871
vt -0.09678532 1.67934513
vt -0.002224268 1.67934513
vt -0.887893736 1.86699677
vt -0.9796751 1.86699677
vt -0.9796751 1.98567331
vt -0.887893736 1.98567331
vt -0.1103346 1.99455976
vt -0.1103346 1.88496482
vt -0.005334017 1.88496482
vt -0.00533381058 1.99455976
vt -0.7706359 0.864896536
vt -0.9788948 0.864896536
vt -0.9788948 0.9830341
vt -0.7706359 0.983033955
vt -0.00511676446 1.99455976
vt -0.00511676446 1.88038671
vt -0.109770939 1.88038671
vt -0.109770939 1.99455976
vt -0.531599045 0.8648964
vt -0.633129358 0.864896536
vt -0.633129358 0.983033955
vt -0.531599045 0.983033955
vt -0.40766263 0.508816957
vt -0.270156056 0.5029944
vt -0.483697921 0.433345616
vt -0.01726754 0.353441358
vt -0.390124 0.250132918
vt -0.01726754 0.456673145
vt -0.168625772 0.5505427
vt -0.443938226 0.326453269
vt -0.479752719 0.299434
vt -0.0738069862 0.529698431
vt -0.0430982932 0.275547862
vt -0.1144847 0.220622
vt -0.228157744 0.210963547
vt -0.290333629 0.253374875
vt -0.5783381 0.469332874
vt -0.5151925 0.330103755
vt -0.574939 0.44015646
vt -0.610462964 0.582131267
vt -0.270156056 0.5029944
vt -0.40766263 0.508816957
vt -0.483697921 0.433345616
vt -0.390124 0.250132918
vt -0.01726754 0.353441358
vt -0.01726754 0.456673145
vt -0.168625772 0.5505427
vt -0.443938226 0.326453269
vt -0.479752719 0.299434
vt -0.0738069862 0.529698431
vt -0.1144847 0.220622
vt -0.0430982932 0.275547862
vt -0.228157744 0.210963547
vt -0.290333629 0.253374875
vt -0.5783381 0.469332874
vt -0.5151925 0.330103755
vt -0.574939 0.44015646
vt -0.610462964 0.582131267
vt -0.7706359 0.983033955
vt -0.7706359 0.864896536
vt -0.633129358 0.864896536
vt -0.633129358 0.983033955
vt -0.750544 0.9830341
vt -0.750544 0.864896536
vt -0.8811142 0.864896536
vt -0.8811142 0.983033955
vt -0.004140319 1.65732908
vt -0.107937947 1.65732932
vt -0.107937947 1.745192
vt -0.004140322 1.745192
vt -0.9793666 1.98407292
vt -0.9793666 1.86539626
vt -0.9456368 1.86539626
vt -0.9456368 1.98407292
vt -0.633129358 0.983033955
vt -0.633129358 0.864896536
vt -0.750544 0.864896536
vt -0.750544 0.983033955
vt -0.531599045 0.983033955
vt -0.531599045 0.8648964
vt -0.633129358 0.864896536
vt -0.633129358 0.983033955
vt -0.00456511043 1.91183662
vt -0.107605807 1.91183662
vt -0.107605807 1.78497016
vt -0.00456511043 1.78497016
vt -0.004565095 1.99455976
vt -0.1076058 1.99455976
vt -0.107605807 1.91183662
vt -0.00456511043 1.91183662
vt -0.00456511043 1.78497016
vt -0.107605807 1.78497016
vt -0.107605807 1.62006366
vt -0.00456511043 1.62006366
vt -0.004140419 1.55694771
vt -0.107937947 1.556948
vt -0.107937947 1.65732932
vt -0.004140319 1.65732908
vt -0.00456511043 1.62006366
vt -0.107605807 1.62006366
vt -0.107605807 1.55688155
vt -0.00456511043 1.55688155
vt -0.09678532 1.67934513
vt -0.09678508 1.56066871
vt -0.002224268 1.56066871
vt -0.002224268 1.67934513
vt -0.09678532 1.67934513
vt -0.09678508 1.56066871
vt -0.002224268 1.56066871
vt -0.002224268 1.67934513
vt -0.9796751 1.98567331
vt -0.9796751 1.86699677
vt -0.887893736 1.86699677
vt -0.887893736 1.98567331
vt -0.005334017 1.88496482
vt -0.1103346 1.88496482
vt -0.1103346 1.99455976
vt -0.00533381058 1.99455976
vt -0.9788948 0.9830341
vt -0.9788948 0.864896536
vt -0.7706359 0.864896536
vt -0.7706359 0.983033955
vt -0.109770939 1.88038671
vt -0.00511676446 1.88038671
vt -0.00511676446 1.99455976
vt -0.109770939 1.99455976
vt -0.633129358 0.983033955
vt -0.633129358 0.864896536
vt -0.531599045 0.8648964
vt -0.531599045 0.983033955
vt -0.483697921 0.433345616
vt -0.270156056 0.5029944
vt -0.40766263 0.508816957
vt -0.01726754 0.456673145
vt -0.390124 0.250132918
vt -0.01726754 0.353441358
vt -0.168625772 0.5505427
vt -0.443938226 0.326453269
vt -0.479752719 0.299434
vt -0.0738069862 0.529698431
vt -0.1144847 0.220622
vt -0.0430982932 0.275547862
vt -0.228157744 0.210963547
vt -0.290333629 0.253374875
vt -0.5783381 0.469332874
vt -0.5151925 0.330103755
vt -0.574939 0.44015646
vt -0.610462964 0.582131267
vt -0.483697921 0.433345616
vt -0.40766263 0.508816957
vt -0.270156056 0.5029944
vt -0.01726754 0.456673145
vt -0.01726754 0.353441358
vt -0.390124 0.250132918
vt -0.168625772 0.5505427
vt -0.443938226 0.326453269
vt -0.479752719 0.299434
vt -0.0738069862 0.529698431
vt -0.0430982932 0.275547862
vt -0.1144847 0.220622
vt -0.228157744 0.210963547
vt -0.290333629 0.253374875
vt -0.5783381 0.469332874
vt -0.5151925 0.330103755
vt -0.574939 0.44015646
vt -0.610462964 0.582131267
vt 0.0600502379 0.572204649
vt 0.13665846 0.5722047
vt 0.0600502379 0.590936363
vt 0.13665846 0.5909364
vt -0.9236538 0.305724382
vt -0.9396814 0.325427175
vt -0.9033767 0.3009827
vt -0.9396812 0.671090364
vt 0.06082113 1.70213461
vt 0.0608212948 1.42286539
vt 0.1351239 1.70213461
vt 0.135123655 1.42286539
vt 0.136658445 0.54850626
vt 0.13665846 0.5722047
vt 0.060050223 0.5485062
vt 0.0600502379 0.572204649
vt 0.136658445 0.52480793
vt 0.060050223 0.5248079
vt 0.060050223 0.5060759
vt 0.136658445 0.506076
vt -0.8664466 0.671090364
vt -0.8670717 0.325427175
vt -0.8830993 0.3057245
vt 0.06044671 1.42320871
vt 0.06044656 1.70247793
vt 0.134923935 1.70247793
vt 0.134923682 1.42320871
vt 0.136658445 0.52480793
vt 0.136658445 0.54850626
vt 0.060050223 0.5485062
vt 0.060050223 0.5248079
vt 0.0605028123 1.422526
vt 0.0605028123 1.49935842
vt 0.134920657 1.49935842
vt 0.134920657 1.422526
vt 0.0605028123 1.49017286
vt 0.0605028123 1.42251217
vt 0.134920657 1.42251217
vt 0.134920657 1.49017286
vt 0.0605028123 1.54557
vt 0.0605028123 1.49017286
vt 0.134920657 1.49017286
vt 0.134920657 1.54557
vt 0.0605028123 1.61336315
vt 0.0605028123 1.54557
vt 0.134920657 1.54557
vt 0.134920657 1.61336315
vt 0.0605028123 1.66499949
vt 0.0605028123 1.6133486
vt 0.134920657 1.6133486
vt 0.134920657 1.66499949
vt 0.0605028123 1.59338319
vt 0.0605028123 1.4993583
vt 0.134920657 1.4993583
vt 0.134920657 1.59338319
vt 0.0605028123 1.6649996
vt 0.0605028123 1.593363
vt 0.134920657 1.593363
vt 0.134920657 1.6649996
vt 0.07735685 0.497569084
vt 0.117707685 0.497569084
vt 0.0773568451 0.5144453
vt 0.117707677 0.5144453
vt 0.07735687 0.480692983
vt 0.117707692 0.480692863
vt 0.07735685 0.497569084
vt 0.117707685 0.497569084
vt 0.07735687 0.463816762
vt 0.1177077 0.463816762
vt 0.07735687 0.480692983
vt 0.117707692 0.480692863
vt 0.07735687 0.446940541
vt 0.1177077 0.446940541
vt 0.07735687 0.463816762
vt 0.1177077 0.463816762
vt 0.07735687 0.430064321
vt 0.117707692 0.430064321
vt 0.07735687 0.446940541
vt 0.1177077 0.446940541
vt 0.07715499 0.413480759
vt 0.117707692 0.413187981
vt 0.07735687 0.430064321
vt 0.117707692 0.430064321
vt 0.0773568451 0.5313215
vt 0.117707677 0.5313215
vt 0.0773568451 0.5481978
vt 0.117707677 0.5481978
vt 0.0773568451 0.5144453
vt 0.117707677 0.5144453
vt 0.0773568451 0.5313215
vt 0.117707677 0.5313215
vt -0.9872911 0.722502649
vt -0.918414354 0.720696747
vt -0.9384546 0.7407641
vt -0.8900733 0.720697
vt -0.8700327 0.7407642
vt -0.815729 0.7170243
vt -0.870032966 0.769143641
vt -0.8157289 0.7991136
vt -0.890073061 0.789211452
vt -0.862459362 0.8466228
vt -0.918414354 0.789211452
vt -0.9396812 0.8466227
vt -0.9384546 0.76914376
vt -0.987290859 0.7952106
vt -0.9236538 0.305724382
vt -0.9033767 0.3009827
vt -0.9396814 0.325427175
vt -0.9396812 0.671090364
vt -0.8664466 0.671090364
vt -0.8670717 0.325427175
vt -0.8830993 0.3057245
vt -0.9872911 0.722502649
vt -0.918414354 0.720696747
vt -0.9384546 0.7407641
vt -0.8900733 0.720697
vt -0.815729 0.7170243
vt -0.8700327 0.7407642
vt -0.8157289 0.7991136
vt -0.870032966 0.769143641
vt -0.862459362 0.8466228
vt -0.890073061 0.789211452
vt -0.9396812 0.8466227
vt -0.918414354 0.789211452
vt -0.987290859 0.7952106
vt -0.9384546 0.76914376
vt -0.3670023 0.91577667
vt -0.3210515 0.91577667
vt -0.321051449 0.9919743
vt -0.367002249 0.9919743
vt 0.0598639958 0.5064842
vt 0.0598639958 0.5604016
vt 0.137140036 0.5604016
vt 0.137140036 0.506484151
vt -0.8670717 0.415182948
vt -0.7921854 0.414400578
vt -0.7741962 0.344928682
vt -0.7741962 0.344928682
vt -0.8670717 0.325427175
vt -0.8670717 0.415182948
vt 0.060413532 0.660766244
vt 0.060413532 0.590880156
vt 0.136394367 0.590880156
vt 0.136394367 0.660766244
vt 0.060413532 0.590880156
vt 0.06041349 0.525409758
vt 0.136394337 0.525409758
vt 0.136394367 0.590880156
vt -0.7921854 0.414400578
vt -0.730615139 0.448080659
vt -0.6963296 0.408011377
vt -0.6963296 0.408011377
vt -0.7741962 0.344928682
vt -0.7921854 0.414400578
vt 0.0598639958 0.5604016
vt 0.0598640069 0.6509293
vt 0.137140051 0.6509293
vt 0.137140036 0.5604016
vt -0.698474348 0.5099802
vt -0.7041529 0.551855743
vt -0.6679754 0.575219
vt -0.621257544 0.561426163
vt -0.616877139 0.517959654
vt -0.654503 0.483201027
vt -0.6963296 0.408011377
vt -0.730615139 0.448080659
vt -0.698474348 0.5099802
vt -0.654503 0.483201027
vt -0.730615139 0.448080659
vt -0.654503 0.483201027
vt 0.0598639958 0.5064842
vt 0.137140036 0.506484151
vt 0.137140036 0.5604016
vt 0.0598639958 0.5604016
vt -0.269752383 0.91577667
vt -0.269752324 0.9919743
vt -0.321051449 0.9919743
vt -0.3210515 0.91577667
vt 0.06041349 0.525409758
vt 0.06041349 0.460392952
vt 0.136394337 0.460392952
vt 0.136394337 0.525409758
vt 0.100326367 0.380216
vt 0.136394337 0.460392952
vt 0.06041349 0.460392952
vt -0.779338 0.5390535
vt -0.7041529 0.551855743
vt -0.698474348 0.5099802
vt -0.1490871 0.9558219
vt -0.224412084 0.9919743
vt -0.224412143 0.91577667
vt 0.0598640069 0.6509293
vt 0.0598639958 0.5604016
vt 0.137140036 0.5604016
vt 0.137140051 0.6509293
vt -0.269752383 0.91577667
vt -0.224412143 0.91577667
vt -0.224412084 0.9919743
vt -0.269752324 0.9919743
vt -0.321051449 0.9919743
vt -0.3210515 0.91577667
vt -0.3670023 0.91577667
vt -0.367002249 0.9919743
vt 0.137140036 0.5604016
vt 0.0598639958 0.5604016
vt 0.0598639958 0.5064842
vt 0.137140036 0.506484151
vt -0.7741962 0.344928682
vt -0.7921854 0.414400578
vt -0.8670717 0.415182948
vt -0.8670717 0.415182948
vt -0.8670717 0.325427175
vt -0.7741962 0.344928682
vt 0.136394367 0.590880156
vt 0.060413532 0.590880156
vt 0.060413532 0.660766244
vt 0.136394367 0.660766244
vt 0.136394337 0.525409758
vt 0.06041349 0.525409758
vt 0.060413532 0.590880156
vt 0.136394367 0.590880156
vt -0.6963296 0.408011377
vt -0.730615139 0.448080659
vt -0.7921854 0.414400578
vt -0.7921854 0.414400578
vt -0.7741962 0.344928682
vt -0.6963296 0.408011377
vt 0.137140051 0.6509293
vt 0.0598640069 0.6509293
vt 0.0598639958 0.5604016
vt 0.137140036 0.5604016
vt -0.6679754 0.575219
vt -0.7041529 0.551855743
vt -0.698474348 0.5099802
vt -0.621257544 0.561426163
vt -0.616877139 0.517959654
vt -0.730615139 0.448080659
vt -0.6963296 0.408011377
vt -0.654503 0.483201027
vt -0.730615139 0.448080659
vt -0.654503 0.483201027
vt -0.698474348 0.5099802
vt -0.654503 0.483201027
vt 0.137140036 0.5604016
vt 0.137140036 0.506484151
vt 0.0598639958 0.5064842
vt 0.0598639958 0.5604016
vt -0.321051449 0.9919743
vt -0.269752324 0.9919743
vt -0.269752383 0.91577667
vt -0.3210515 0.91577667
vt 0.136394337 0.460392952
vt 0.06041349 0.460392952
vt 0.06041349 0.525409758
vt 0.136394337 0.525409758
vt 0.06041349 0.460392952
vt 0.136394337 0.460392952
vt 0.100326367 0.380216
vt -0.698474348 0.5099802
vt -0.7041529 0.551855743
vt -0.779338 0.5390535
vt -0.224412143 0.91577667
vt -0.224412084 0.9919743
vt -0.1490871 0.9558219
vt 0.137140036 0.5604016
vt 0.0598639958 0.5604016
vt 0.0598640069 0.6509293
vt 0.137140051 0.6509293
vt -0.224412084 0.9919743
vt -0.224412143 0.91577667
vt -0.269752383 0.91577667
vt -0.269752324 0.9919743
vt -0.7741962 0.344928682
vt -0.7921854 0.414400578
vt -0.8670717 0.415182948
vt -0.8670717 0.415182948
vt -0.8670717 0.325427175
vt -0.7741962 0.344928682
vt -0.6963296 0.408011377
vt -0.730615139 0.448080659
vt -0.7921854 0.414400578
vt -0.7921854 0.414400578
vt -0.7741962 0.344928682
vt -0.6963296 0.408011377
vt -0.6679754 0.575219
vt -0.7041529 0.551855743
vt -0.698474348 0.5099802
vt -0.621257544 0.561426163
vt -0.616877139 0.517959654
vt -0.730615139 0.448080659
vt -0.6963296 0.408011377
vt -0.654503 0.483201027
vt -0.730615139 0.448080659
vt -0.654503 0.483201027
vt -0.698474348 0.5099802
vt -0.654503 0.483201027
vt -0.698474348 0.5099802
vt -0.7041529 0.551855743
vt -0.779338 0.5390535
vt -0.8670717 0.415182948
vt -0.7921854 0.414400578
vt -0.7741962 0.344928682
vt -0.7741962 0.344928682
vt -0.8670717 0.325427175
vt -0.8670717 0.415182948
vt -0.7921854 0.414400578
vt -0.730615139 0.448080659
vt -0.6963296 0.408011377
vt -0.6963296 0.408011377
vt -0.7741962 0.344928682
vt -0.7921854 0.414400578
vt -0.698474348 0.5099802
vt -0.7041529 0.551855743
vt -0.6679754 0.575219
vt -0.621257544 0.561426163
vt -0.616877139 0.517959654
vt -0.654503 0.483201027
vt -0.6963296 0.408011377
vt -0.730615139 0.448080659
vt -0.698474348 0.5099802
vt -0.654503 0.483201027
vt -0.730615139 0.448080659
vt -0.654503 0.483201027
vt -0.779338 0.5390535
vt -0.7041529 0.551855743
vt -0.698474348 0.5099802
vn -0.0422494523 0.9991071 0
vn -0.0422494523 0.9991071 0
vn -0.0422494523 0.9991071 0
vn -0.0422494523 0.9991071 0
vn -1 0 0
vn -1 0 0
vn -1 0 0
vn -1 0 0
vn 0.4599465 -0.8879466 0
vn 0.4599465 -0.8879466 0
vn 0.4599465 -0.8879466 0
vn 0.4599465 -0.8879466 0
vn 0.6269275 0.7790776 0
vn 0.6269275 0.7790776 0
vn 0.6269275 0.7790776 0
vn 0.6269275 0.7790776 0
vn -0.7684516 0.639907956 0
vn -0.7684516 0.639907956 0
vn -0.7684516 0.639907956 0
vn -0.7684516 0.639907956 0
vn -0.234635383 0.972083449 0
vn -0.234635383 0.972083449 0
vn -0.234635383 0.972083449 0
vn -0.234635383 0.972083449 0
vn -0.6507121 -0.759324551 0
vn -0.6507121 -0.759324551 0
vn -0.6507121 -0.759324551 0
vn -0.6507121 -0.759324551 0
vn -0.9519512 -0.3062497 0
vn -0.9519512 -0.3062497 0
vn -0.9519512 -0.3062497 0
vn -0.9519512 -0.3062497 0
vn -0.09563986 -0.995416 0
vn -0.09563986 -0.995416 0
vn -0.09563986 -0.995416 0
vn -0.09563986 -0.995416 0
vn -0.00388013758 -0.9999925 0
vn -0.00388013758 -0.9999925 0
vn -0.00388013758 -0.9999925 0
vn -0.00388013758 -0.9999925 0
vn 0.5732054 -0.8194117 0
vn 0.5732054 -0.8194117 0
vn 0.5732054 -0.8194117 0
vn 0.5732054 -0.8194117 0
vn 0.318645447 -0.94787395 0
vn 0.318645447 -0.94787395 0
vn 0.318645447 -0.94787395 0
vn 0.318645447 -0.94787395 0
vn 0.0510942861 -0.9986938 0
vn 0.0510942861 -0.9986938 0
vn 0.0510942861 -0.9986938 0
vn 0.0510942861 -0.9986938 0
vn -0.07433835 0.9972331 0
vn -0.07433835 0.9972331 0
vn -0.07433835 0.9972331 0
vn -0.07433835 0.9972331 0
vn 0.8785701 -0.477613449 0
vn 0.8785701 -0.477613449 0
vn 0.8785701 -0.477613449 0
vn 0.8785701 -0.477613449 0
vn -0.326518565 0.9451908 0
vn -0.326518565 0.9451908 0
vn -0.326518565 0.9451908 0
vn -0.326518565 0.9451908 0
vn 0.963140547 -0.268998653 0
vn 0.963140547 -0.268998653 0
vn 0.963140547 -0.268998653 0
vn 0.963140547 -0.268998653 0
vn 0.423643023 0.905829251 0
vn 0.423643023 0.905829251 0
vn 0.423643023 0.905829251 0
vn 0.423643023 0.905829251 0
vn 5.02811837E-08 5.09329539E-07 1
vn 5.02811837E-08 5.09329539E-07 1
vn 5.02811837E-08 5.09329539E-07 1
vn 2.99947729E-08 4.698518E-07 1
vn 2.99947729E-08 4.698518E-07 1
vn 2.99947729E-08 4.698518E-07 1
vn 1.87281746E-09 4.18427561E-07 1
vn -4.57612526E-09 4.13602E-07 1
vn -6.982933E-08 4.62220527E-07 1
vn 1.07800972E-07 2.507642E-07 1
vn -7.194767E-08 3.39853159E-07 1
vn -7.194767E-08 3.39853159E-07 1
vn 3.9892825E-08 4.15202976E-07 1
vn 1.44257917E-09 3.71782761E-07 1
vn -3.9910816E-08 4.18340534E-07 1
vn -1.90975413E-08 3.732824E-07 1
vn 2.14976481E-08 4.37598061E-07 1
vn -3.35542367E-08 4.44433738E-07 1
vn -5.29382724E-08 -4.4649525E-07 -1
vn -5.29382724E-08 -4.4649525E-07 -1
vn -5.29382724E-08 -4.4649525E-07 -1
vn -4.5194156E-08 -5.220576E-07 -1
vn -4.5194156E-08 -5.220576E-07 -1
vn -4.5194156E-08 -5.220576E-07 -1
vn 3.61641277E-08 -3.732846E-07 -1
vn -6.59412747E-09 -4.05279337E-07 -1
vn -2.223327E-08 -3.93627E-07 -1
vn -5.815094E-08 -2.24002449E-07 -1
vn -2.83379151E-08 -3.7211575E-07 -1
vn -2.83379151E-08 -3.7211575E-07 -1
vn -3.62662043E-08 -3.77457241E-07 -1
vn -1.44257917E-09 -3.71782761E-07 -1
vn 2.34644E-08 -3.69417421E-07 -1
vn 1.90975413E-08 -3.732824E-07 -1
vn 3.490631E-08 -4.682607E-07 -1
vn 2.684339E-08 -3.55546973E-07 -1
vn 0.0422494747 0.999107063 0
vn 0.0422494747 0.999107063 0
vn 0.0422494747 0.999107063 0
vn 0.0422494747 0.999107063 0
vn 1 0 0
vn 1 0 0
vn 1 0 0
vn 1 0 0
vn -0.459947169 -0.8879463 0
vn -0.459947169 -0.8879463 0
vn -0.459947169 -0.8879463 0
vn -0.459947169 -0.8879463 0
vn -0.6269284 0.7790769 0
vn -0.6269284 0.7790769 0
vn -0.6269284 0.7790769 0
vn -0.6269284 0.7790769 0
vn 0.768451154 0.639908433 0
vn 0.768451154 0.639908433 0
vn 0.768451154 0.639908433 0
vn 0.768451154 0.639908433 0
vn 0.234635592 0.9720834 0
vn 0.234635592 0.9720834 0
vn 0.234635592 0.9720834 0
vn 0.234635592 0.9720834 0
vn 0.6507121 -0.759324551 0
vn 0.6507121 -0.759324551 0
vn 0.6507121 -0.759324551 0
vn 0.6507121 -0.759324551 0
vn 0.9519512 -0.3062497 0
vn 0.9519512 -0.3062497 0
vn 0.9519512 -0.3062497 0
vn 0.9519512 -0.3062497 0
vn 0.09563993 -0.995416 0
vn 0.09563993 -0.995416 0
vn 0.09563993 -0.995416 0
vn 0.09563993 -0.995416 0
vn 0.00388013152 -0.9999925 0
vn 0.00388013152 -0.9999925 0
vn 0.00388013152 -0.9999925 0
vn 0.00388013152 -0.9999925 0
vn -0.5732054 -0.8194117 0
vn -0.5732054 -0.8194117 0
vn -0.5732054 -0.8194117 0
vn -0.5732054 -0.8194117 0
vn -0.318645 -0.9478741 0
vn -0.318645 -0.9478741 0
vn -0.318645 -0.9478741 0
vn -0.318645 -0.9478741 0
vn -0.0510942861 -0.9986938 0
vn -0.0510942861 -0.9986938 0
vn -0.0510942861 -0.9986938 0
vn -0.0510942861 -0.9986938 0
vn 0.07433828 0.9972331 0
vn 0.07433828 0.9972331 0
vn 0.07433828 0.9972331 0
vn 0.07433828 0.9972331 0
vn -0.8785701 -0.477613449 0
vn -0.8785701 -0.477613449 0
vn -0.8785701 -0.477613449 0
vn -0.8785701 -0.477613449 0
vn 0.326518565 0.9451908 0
vn 0.326518565 0.9451908 0
vn 0.326518565 0.9451908 0
vn 0.326518565 0.9451908 0
vn -0.9631409 -0.268997431 0
vn -0.9631409 -0.268997431 0
vn -0.9631409 -0.268997431 0
vn -0.9631409 -0.268997431 0
vn -0.423643023 0.905829251 0
vn -0.423643023 0.905829251 0
vn -0.423643023 0.905829251 0
vn -0.423643023 0.905829251 0
vn -5.02812121E-08 5.093296E-07 1
vn -5.02812121E-08 5.093296E-07 1
vn -5.02812121E-08 5.093296E-07 1
vn -2.99947658E-08 4.698518E-07 1
vn -2.99947658E-08 4.698518E-07 1
vn -2.99947658E-08 4.698518E-07 1
vn -1.87281723E-09 4.18427561E-07 1
vn 4.57612748E-09 4.13602E-07 1
vn 6.98294755E-08 4.62220555E-07 1
vn -1.07801128E-07 2.50763975E-07 1
vn 7.194767E-08 3.39853159E-07 1
vn 7.194767E-08 3.39853159E-07 1
vn -3.98928535E-08 4.15203E-07 1
vn -1.44257684E-09 3.71782761E-07 1
vn 3.991077E-08 4.183406E-07 1
vn 1.90975413E-08 3.732824E-07 1
vn -2.14976286E-08 4.37598061E-07 1
vn 3.355422E-08 4.44433681E-07 1
vn 5.29383E-08 -4.46495278E-07 -1
vn 5.29383E-08 -4.46495278E-07 -1
vn 5.29383E-08 -4.46495278E-07 -1
vn 4.519415E-08 -5.220576E-07 -1
vn 4.519415E-08 -5.220576E-07 -1
vn 4.519415E-08 -5.220576E-07 -1
vn -3.61641241E-08 -3.73284564E-07 -1
vn 6.594131E-09 -4.05279337E-07 -1
vn 2.22333139E-08 -3.93627E-07 -1
vn 5.81510236E-08 -2.240023E-07 -1
vn 2.83379151E-08 -3.7211575E-07 -1
vn 2.83379151E-08 -3.7211575E-07 -1
vn 3.62662327E-08 -3.77457269E-07 -1
vn 1.44257684E-09 -3.71782761E-07 -1
vn -2.34643718E-08 -3.6941745E-07 -1
vn -1.90975413E-08 -3.732824E-07 -1
vn -3.490628E-08 -4.682607E-07 -1
vn -2.68433755E-08 -3.55546945E-07 -1
vn 0.9984745 -0.05521518 0
vn 0.9984745 -0.05521518 0
vn 0.9984745 -0.05521518 0
vn 0.9984745 -0.05521518 0
vn -9.628444E-07 8.327264E-07 1
vn -9.628444E-07 8.327264E-07 1
vn -9.628444E-07 8.327264E-07 1
vn 2.4586717E-07 3.90807E-07 1
vn 0.8090172 0.587785 0
vn 0.8090172 0.587785 0
vn 0.8090172 0.587785 0
vn 0.8090172 0.587785 0
vn 0.7563647 -0.6541502 0
vn 0.7563647 -0.6541502 0
vn 0.7563647 -0.6541502 0
vn 0.7563647 -0.6541502 0
vn -0.256025344 -0.966670036 0
vn -0.256025344 -0.966670036 0
vn -0.256025344 -0.966670036 0
vn -0.256025344 -0.966670036 0
vn -7.754358E-09 2.42067074E-07 1
vn 0 0 1
vn 0 0 1
vn -0.8090171 -0.587785065 0
vn -0.8090171 -0.587785065 0
vn -0.8090171 -0.587785065 0
vn -0.8090171 -0.587785065 0
vn 0.3884081 -0.921487451 0
vn 0.3884081 -0.921487451 0
vn 0.3884081 -0.921487451 0
vn 0.3884081 -0.921487451 0
vn 0.987688541 -0.156433135 0
vn 0.987688541 -0.156433135 0
vn 0.987688541 -0.156433135 0
vn 0.987688541 -0.156433135 0
vn -0.156435251 -0.987688243 0
vn -0.156435251 -0.987688243 0
vn -0.156435251 -0.987688243 0
vn -0.156435251 -0.987688243 0
vn -0.809016347 -0.5877862 0
vn -0.809016347 -0.5877862 0
vn -0.809016347 -0.5877862 0
vn -0.809016347 -0.5877862 0
vn -0.987688243 0.156435251 0
vn -0.987688243 0.156435251 0
vn -0.987688243 0.156435251 0
vn -0.987688243 0.156435251 0
vn -0.587784767 0.80901736 0
vn -0.587784767 0.80901736 0
vn -0.587784767 0.80901736 0
vn -0.587784767 0.80901736 0
vn 0.156435251 0.987688243 0
vn 0.156435251 0.987688243 0
vn 0.156435251 0.987688243 0
vn 0.156435251 0.987688243 0
vn 0.809016347 0.5877862 0
vn 0.809016347 0.5877862 0
vn 0.809016347 0.5877862 0
vn 0.809016347 0.5877862 0
vn -0.9876881 0.1564358 0
vn -0.9876881 0.1564358 0
vn -0.9876881 0.1564358 0
vn -0.9876881 0.1564358 0
vn -0.587781131 0.80902 -1.37057725E-06
vn -0.587781131 0.80902 -1.37057725E-06
vn -0.587781131 0.80902 -1.37057725E-06
vn -0.587778449 0.80902195 0
vn 0.156430364 0.987689 0
vn 0.156430364 0.987689 0
vn 0.156430364 0.987689 0
vn 0.156431228 0.987688839 3.6476348E-07
vn 0.80901736 0.587784767 0
vn 0.80901736 0.587784767 0
vn 0.80901736 0.587784767 0
vn 0.80901736 0.587784767 0
vn 0.987689 -0.156430364 0
vn 0.987689 -0.156430364 0
vn 0.987689 -0.156430364 0
vn 0.987689 -0.156430364 0
vn 0.5877858 -0.809016645 0
vn 0.5877858 -0.809016645 0
vn 0.5877858 -0.809016645 0
vn 0.5877858 -0.809016645 0
vn -0.1564421 -0.9876871 0
vn -0.1564421 -0.9876871 0
vn -0.1564421 -0.9876871 0
vn -0.1564421 -0.9876871 0
vn -0.8090147 -0.5877884 0
vn -0.8090147 -0.5877884 0
vn -0.8090147 -0.5877884 0
vn -0.8090147 -0.5877884 0
vn 1.53839949E-07 2.51044838E-07 1
vn 1.53839949E-07 2.51044838E-07 1
vn -1.760929E-07 7.33483432E-07 1
vn 3.452016E-08 1.83880957E-07 1
vn 2.89107955E-08 1.82534635E-07 1
vn 2.89107955E-08 1.82534635E-07 1
vn -3.43666464E-08 1.43148512E-07 1
vn -3.43666464E-08 1.43148512E-07 1
vn 1.53840219E-07 2.5104444E-07 1
vn 1.53840219E-07 2.5104444E-07 1
vn 3.45195978E-08 1.83881852E-07 1
vn 3.45195978E-08 1.83881852E-07 1
vn 2.89107955E-08 1.82534635E-07 1
vn 2.89107955E-08 1.82534635E-07 1
vn 0 0 -1
vn 0 0 -1
vn 0 0 -1
vn 2.42839121E-07 -8.878488E-08 -1
vn -9.820722E-11 -2.312589E-07 -1
vn -9.930306E-08 -3.74936661E-07 -1
vn -9.930306E-08 -3.74936661E-07 -1
vn -6.257279E-08 -2.655E-07 -1
vn -6.257279E-08 -2.655E-07 -1
vn -3.22091E-09 -3.52286264E-07 -1
vn -3.452022E-08 -1.83880871E-07 -1
vn 3.38503163E-08 -2.20994693E-07 -1
vn 3.38503163E-08 -2.20994693E-07 -1
vn -4.039042E-08 -1.97462839E-07 -1
vn -4.039042E-08 -1.97462839E-07 -1
vn -6.25728944E-08 -2.65499835E-07 -1
vn -6.25728944E-08 -2.65499835E-07 -1
vn 2.53491739E-09 -3.505801E-07 -1
vn 2.53491739E-09 -3.505801E-07 -1
vn 1.939492E-08 -3.12262017E-07 -1
vn 1.939492E-08 -3.12262017E-07 -1
vn -0.863947 -0.5035828 2.10036751E-06
vn -0.863947 -0.5035828 2.10036751E-06
vn -0.863947 -0.5035828 2.10036751E-06
vn -0.8639454 -0.503585458 0
vn 0.409240544 -0.912426531 -5.279081E-07
vn 0.409240544 -0.912426531 -5.279081E-07
vn 0.409240544 -0.912426531 -5.279081E-07
vn 0.409240216 -0.9124267 0
vn -0.0419118069 -0.0164785553 0.9989854
vn -0.0419118069 -0.0164785553 0.9989854
vn -0.0419118069 -0.0164785553 0.9989854
vn -0.028371064 -0.020612523 0.99938494
vn -0.028371064 -0.020612523 0.99938494
vn -0.028371064 -0.020612523 0.99938494
vn -0.5961951 0.8028396 0
vn -0.5961951 0.8028396 0
vn -0.5961951 0.8028396 0
vn -0.5961946 0.802839935 6.95098038E-07
vn -0.127985418 0.991776049 0
vn -0.127985418 0.991776049 0
vn -0.127985418 0.991776049 0
vn -0.127985418 0.991776049 0
vn -0.04273631 0.00343150645 0.9990805
vn -0.04273631 0.00343150645 0.9990805
vn -0.04273631 0.00343150645 0.9990805
vn -0.0300468374 -0.0118134962 0.9994787
vn -0.0300468374 -0.0118134962 0.9994787
vn -0.0300468374 -0.0118134962 0.9994787
vn -0.0518899933 -0.9986528 0
vn -0.0518899933 -0.9986528 0
vn -0.0518899933 -0.9986528 0
vn -0.05189003 -0.9986528 6.69366E-08
vn 0 0 1
vn 0 0 1
vn 0 0 1
vn 0 0 1
vn -2.11080842E-08 5.117087E-07 1
vn 0.05948988 -0.004776283 0.998217463
vn 0.05948988 -0.004776283 0.998217463
vn 0.05948988 -0.004776283 0.998217463
vn 0.0638155 -0.0266844612 0.9976049
vn 0.0638155 -0.0266844612 0.9976049
vn 0.0638155 -0.0266844612 0.9976049
vn 4.65308254E-08 3.9652312E-07 1
vn -0.116547361 -0.993185163 0
vn -0.116547361 -0.993185163 0
vn -0.116547361 -0.993185163 0
vn -0.116547361 -0.993185163 0
vn -0.792579353 0.609768748 0
vn -0.792579353 0.609768748 0
vn -0.792579353 0.609768748 0
vn -0.792580962 0.6097667 1.92686753E-06
vn 0.446638376 0.8947146 0
vn 0.446638376 0.8947146 0
vn 0.446638376 0.8947146 0
vn 0.446638376 0.8947146 0
vn 0.8265973 -0.5627939 0
vn 0.8265973 -0.5627939 0
vn 0.8265973 -0.5627939 0
vn 0.345422983 0.185738444 0.9198827
vn 0.345422983 0.185738444 0.9198827
vn 0.345422983 0.185738444 0.9198827
vn -0.443846554 0.8961028 0
vn -0.443846554 0.8961028 0
vn -0.443846554 0.8961028 0
vn -0.420730382 -0.907185733 0
vn -0.420730382 -0.907185733 0
vn -0.420730382 -0.907185733 0
vn -0.420730382 -0.907185733 0
vn -0.05549096 0.99845916 0
vn -0.05549096 0.99845916 0
vn -0.05549096 0.99845916 0
vn -0.05549096 0.99845916 0
vn 0.7459134 0.666043 0
vn 0.7459134 0.666043 0
vn 0.7459134 0.666043 0
vn 0.7459134 0.666043 0
vn 0.7413076 -0.6711654 0
vn 0.7413076 -0.6711654 0
vn 0.7413076 -0.6711654 0
vn 0.7413076 -0.6711654 0
vn 0.0286236927 0.0347684436 0.9989854
vn 0.0286236927 0.0347684436 0.9989854
vn 0.0286236927 0.0347684436 0.9989854
vn 0.0283710137 0.020612862 0.9993849
vn 0.0283710137 0.020612862 0.9993849
vn 0.0283710137 0.020612862 0.9993849
vn -0.579312563 0.8151055 0
vn -0.579312563 0.8151055 0
vn -0.579312563 0.8151055 0
vn -0.579312563 0.8151055 0
vn -0.903685 0.428197861 0
vn -0.903685 0.428197861 0
vn -0.903685 0.428197861 0
vn -0.903685 0.428197861 0
vn 0.009942872 0.0417050645 0.9990805
vn 0.009942872 0.0417050645 0.9990805
vn 0.009942872 0.0417050645 0.9990805
vn 0.0205204561 0.0249257162 0.9994787
vn 0.0205204561 0.0249257162 0.9994787
vn 0.0205204561 0.0249257162 0.9994787
vn 0.965809941 -0.2592512 0
vn 0.965809941 -0.2592512 0
vn 0.965809941 -0.2592512 0
vn 0.965809941 -0.2592512 0
vn -2.409218E-07 9.335629E-08 1
vn -2.409218E-07 9.335629E-08 1
vn -2.409218E-07 9.335629E-08 1
vn 1.54866072E-07 1.69674991E-07 1
vn -3.004424E-07 3.38659817E-07 1
vn -0.0138406428 -0.058054138 0.998217463
vn -0.0138406428 -0.058054138 0.998217463
vn -0.0138406428 -0.058054138 0.998217463
vn 0.005658546 -0.0689380243 0.9976049
vn 0.005658546 -0.0689380243 0.9976049
vn 0.005658546 -0.0689380243 0.9976049
vn -2.12165375E-07 2.39153621E-07 1
vn 0.9805909 -0.196065083 0
vn 0.9805909 -0.196065083 0
vn 0.9805909 -0.196065083 0
vn 0.9805909 -0.196065083 0
vn -0.335003525 0.9422169 0
vn -0.335003525 0.9422169 0
vn -0.335003525 0.9422169 0
vn -0.335003525 0.9422169 0
vn -0.98894304 -0.14829576 0
vn -0.98894304 -0.14829576 0
vn -0.98894304 -0.14829576 0
vn -0.98894304 -0.14829576 0
vn 0.279817849 -0.9600531 0
vn 0.279817849 -0.9600531 0
vn 0.279817849 -0.9600531 0
vn -0.283388436 -0.2711211 0.9198828
vn -0.283388436 -0.2711211 0.9198828
vn -0.283388436 -0.2711211 0.9198828
vn -0.7150897 0.6990327 0
vn -0.7150897 0.6990327 0
vn -0.7150897 0.6990327 0
vn 0.9927978 0.1198021 0
vn 0.9927978 0.1198021 0
vn 0.9927978 0.1198021 0
vn 0.9927978 0.1198021 0
vn -0.932442665 0.361318022 0
vn -0.932442665 0.361318022 0
vn -0.932442665 0.361318022 0
vn -0.932442665 0.361318022 0
vn -0.041911874 -0.0164789762 -0.9989854
vn -0.041911874 -0.0164789762 -0.9989854
vn -0.041911874 -0.0164789762 -0.9989854
vn -0.0283711329 -0.0206129439 -0.9993849
vn -0.0283711329 -0.0206129439 -0.9993849
vn -0.0283711329 -0.0206129439 -0.9993849
vn -0.0427364036 0.00343113835 -0.9990805
vn -0.0427364036 0.00343113835 -0.9990805
vn -0.0427364036 0.00343113835 -0.9990805
vn -0.0300468821 -0.0118139228 -0.9994787
vn -0.0300468821 -0.0118139228 -0.9994787
vn -0.0300468821 -0.0118139228 -0.9994787
vn 7.16882331E-09 -1.28989981E-07 -1
vn 7.16882331E-09 -1.28989981E-07 -1
vn 7.16882331E-09 -1.28989981E-07 -1
vn 5.44926948E-09 -1.32103111E-07 -1
vn 0 0 -1
vn 0.0594899543 -0.00477666454 -0.998217463
vn 0.0594899543 -0.00477666454 -0.998217463
vn 0.0594899543 -0.00477666454 -0.998217463
vn 0.06381558 -0.0266849138 -0.997604847
vn 0.06381558 -0.0266849138 -0.997604847
vn 0.06381558 -0.0266849138 -0.997604847
vn 0 0 -1
vn 0.345422834 0.185738236 -0.919882834
vn 0.345422834 0.185738236 -0.919882834
vn 0.345422834 0.185738236 -0.919882834
vn 0.0286238156 0.03476816 -0.9989854
vn 0.0286238156 0.03476816 -0.9989854
vn 0.0286238156 0.03476816 -0.9989854
vn 0.0283711385 0.02061275 -0.9993849
vn 0.0283711385 0.02061275 -0.9993849
vn 0.0283711385 0.02061275 -0.9993849
vn 0.009942926 0.0417048857 -0.9990805
vn 0.009942926 0.0417048857 -0.9990805
vn 0.009942926 0.0417048857 -0.9990805
vn 0.0205205753 0.02492543 -0.9994787
vn 0.0205205753 0.02492543 -0.9994787
vn 0.0205205753 0.02492543 -0.9994787
vn 2.89468236E-08 -1.34230845E-07 -1
vn 2.89468236E-08 -1.34230845E-07 -1
vn 2.89468236E-08 -1.34230845E-07 -1
vn 4.65206824E-08 -1.30842125E-07 -1
vn -8.98499337E-08 -8.022904E-08 -1
vn -0.0138406279 -0.05805448 -0.998217463
vn -0.0138406279 -0.05805448 -0.998217463
vn -0.0138406279 -0.05805448 -0.998217463
vn 0.00565867545 -0.06893843 -0.997604847
vn 0.00565867545 -0.06893843 -0.997604847
vn 0.00565867545 -0.06893843 -0.997604847
vn -8.966459E-08 -8.043796E-08 -1
vn -0.283388317 -0.271121442 -0.9198827
vn -0.283388317 -0.271121442 -0.9198827
vn -0.283388317 -0.271121442 -0.9198827
usemtl by-bd019_part_4_material_0
f 787/787/787 788/788/788 789/789/789
f 789/789/789 790/790/790 787/787/787
f 791/791/791 792/792/792 793/793/793
f 793/793/793 794/794/794 791/791/791
f 795/795/795 796/796/796 797/797/797
f 797/797/797 798/798/798 795/795/795
f 799/799/799 800/800/800 801/801/801
f 801/801/801 802/802/802 799/799/799
f 803/803/803 804/804/804 805/805/805
f 805/805/805 806/806/806 803/803/803
f 807/807/807 808/808/808 809/809/809
f 809/809/809 810/810/810 807/807/807
f 811/811/811 812/812/812 813/813/813
f 813/813/813 814/814/814 811/811/811
f 815/815/815 816/816/816 817/817/817
f 817/817/817 818/818/818 815/815/815
f 819/819/819 820/820/820 821/821/821
f 821/821/821 822/822/822 819/819/819
f 823/823/823 824/824/824 825/825/825
f 825/825/825 826/826/826 823/823/823
f 827/827/827 828/828/828 829/829/829
f 829/829/829 830/830/830 827/827/827
f 831/831/831 832/832/832 833/833/833
f 833/833/833 834/834/834 831/831/831
f 835/835/835 836/836/836 837/837/837
f 837/837/837 838/838/838 835/835/835
f 839/839/839 840/840/840 841/841/841
f 841/841/841 842/842/842 839/839/839
f 843/843/843 844/844/844 845/845/845
f 845/845/845 846/846/846 843/843/843
f 847/847/847 848/848/848 849/849/849
f 849/849/849 850/850/850 847/847/847
f 851/851/851 852/852/852 853/853/853
f 853/853/853 854/854/854 851/851/851
f 855/855/855 856/856/856 857/857/857
f 857/857/857 858/858/858 855/855/855
f 859/859/859 860/860/860 861/861/861
f 862/862/862 863/863/863 864/864/864
f 865/865/865 864/864/864 863/863/863
f 865/865/865 863/863/863 866/866/866
f 863/863/863 867/867/867 866/866/866
f 868/868/868 864/864/864 865/865/865
f 869/869/869 870/870/870 862/862/862
f 870/870/870 871/871/871 862/862/862
f 872/872/872 863/863/863 862/862/862
f 871/871/871 872/872/872 862/862/862
f 873/873/873 859/859/859 861/861/861
f 860/860/860 866/866/866 874/874/874
f 861/861/861 874/874/874 875/875/875
f 876/876/876 859/859/859 873/873/873
f 865/865/865 866/866/866 860/860/860
f 861/861/861 860/860/860 874/874/874
f 877/877/877 878/878/878 879/879/879
f 880/880/880 881/881/881 882/882/882
f 882/882/882 883/883/883 880/880/880
f 880/880/880 883/883/883 884/884/884
f 885/885/885 880/880/880 884/884/884
f 882/882/882 886/886/886 883/883/883
f 887/887/887 888/888/888 881/881/881
f 889/889/889 887/887/887 881/881/881
f 880/880/880 890/890/890 881/881/881
f 890/890/890 889/889/889 881/881/881
f 878/878/878 891/891/891 879/879/879
f 884/884/884 877/877/877 892/892/892
f 892/892/892 879/879/879 893/893/893
f 878/878/878 894/894/894 891/891/891
f 884/884/884 883/883/883 877/877/877
f 877/877/877 879/879/879 892/892/892
f 895/895/895 896/896/896 897/897/897
f 897/897/897 898/898/898 895/895/895
f 899/899/899 900/900/900 901/901/901
f 901/901/901 902/902/902 899/899/899
f 903/903/903 904/904/904 905/905/905
f 905/905/905 906/906/906 903/903/903
f 907/907/907 908/908/908 909/909/909
f 909/909/909 910/910/910 907/907/907
f 911/911/911 912/912/912 913/913/913
f 913/913/913 914/914/914 911/911/911
f 915/915/915 916/916/916 917/917/917
f 917/917/917 918/918/918 915/915/915
f 919/919/919 920/920/920 921/921/921
f 921/921/921 922/922/922 919/919/919
f 923/923/923 924/924/924 925/925/925
f 925/925/925 926/926/926 923/923/923
f 927/927/927 928/928/928 929/929/929
f 929/929/929 930/930/930 927/927/927
f 931/931/931 932/932/932 933/933/933
f 933/933/933 934/934/934 931/931/931
f 935/935/935 936/936/936 937/937/937
f 937/937/937 938/938/938 935/935/935
f 939/939/939 940/940/940 941/941/941
f 941/941/941 942/942/942 939/939/939
f 943/943/943 944/944/944 945/945/945
f 945/945/945 946/946/946 943/943/943
f 947/947/947 948/948/948 949/949/949
f 949/949/949 950/950/950 947/947/947
f 951/951/951 952/952/952 953/953/953
f 953/953/953 954/954/954 951/951/951
f 955/955/955 956/956/956 957/957/957
f 957/957/957 958/958/958 955/955/955
f 959/959/959 960/960/960 961/961/961
f 961/961/961 962/962/962 959/959/959
f 963/963/963 964/964/964 965/965/965
f 965/965/965 966/966/966 963/963/963
f 967/967/967 968/968/968 969/969/969
f 970/970/970 971/971/971 972/972/972
f 971/971/971 970/970/970 973/973/973
f 974/974/974 971/971/971 973/973/973
f 974/974/974 975/975/975 971/971/971
f 973/973/973 970/970/970 976/976/976
f 972/972/972 977/977/977 978/978/978
f 972/972/972 979/979/979 977/977/977
f 972/972/972 971/971/971 980/980/980
f 972/972/972 980/980/980 979/979/979
f 967/967/967 969/969/969 981/981/981
f 982/982/982 974/974/974 968/968/968
f 983/983/983 982/982/982 967/967/967
f 981/981/981 969/969/969 984/984/984
f 968/968/968 974/974/974 973/973/973
f 982/982/982 968/968/968 967/967/967
f 985/985/985 986/986/986 987/987/987
f 988/988/988 989/989/989 990/990/990
f 990/990/990 991/991/991 988/988/988
f 992/992/992 991/991/991 990/990/990
f 992/992/992 990/990/990 993/993/993
f 991/991/991 994/994/994 988/988/988
f 989/989/989 995/995/995 996/996/996
f 989/989/989 996/996/996 997/997/997
f 989/989/989 998/998/998 990/990/990
f 989/989/989 997/997/997 998/998/998
f 985/985/985 999/999/999 986/986/986
f 1000/1000/1000 987/987/987 992/992/992
f 1001/1001/1001 985/985/985 1000/1000/1000
f 999/999/999 1002/1002/1002 986/986/986
f 987/987/987 991/991/991 992/992/992
f 1000/1000/1000 985/985/985 987/987/987
f 1003/1003/1003 1004/1004/1004 1005/1005/1005
f 1006/1006/1006 1005/1005/1005 1004/1004/1004
f 1007/1007/1007 1008/1008/1008 1009/1009/1009
f 1009/1009/1009 1008/1008/1008 1010/1010/1010
f 1011/1011/1011 1012/1012/1012 1013/1013/1013
f 1014/1014/1014 1013/1013/1013 1012/1012/1012
f 1015/1015/1015 1016/1016/1016 1017/1017/1017
f 1018/1018/1018 1017/1017/1017 1016/1016/1016
f 1019/1019/1019 1020/1020/1020 1021/1021/1021
f 1021/1021/1021 1022/1022/1022 1019/1019/1019
f 1009/1009/1009 1010/1010/1010 1023/1023/1023
f 1024/1024/1024 1025/1025/1025 1009/1009/1009
f 1024/1024/1024 1009/1009/1009 1023/1023/1023
f 1026/1026/1026 1027/1027/1027 1028/1028/1028
f 1028/1028/1028 1029/1029/1029 1026/1026/1026
f 1030/1030/1030 1031/1031/1031 1032/1032/1032
f 1032/1032/1032 1033/1033/1033 1030/1030/1030
f 1034/1034/1034 1035/1035/1035 1036/1036/1036
f 1037/1037/1037 1034/1034/1034 1036/1036/1036
f 1038/1038/1038 1039/1039/1039 1040/1040/1040
f 1041/1041/1041 1038/1038/1038 1040/1040/1040
f 1042/1042/1042 1043/1043/1043 1044/1044/1044
f 1045/1045/1045 1042/1042/1042 1044/1044/1044
f 1046/1046/1046 1047/1047/1047 1048/1048/1048
f 1049/1049/1049 1046/1046/1046 1048/1048/1048
f 1050/1050/1050 1051/1051/1051 1052/1052/1052
f 1053/1053/1053 1050/1050/1050 1052/1052/1052
f 1054/1054/1054 1055/1055/1055 1056/1056/1056
f 1057/1057/1057 1054/1054/1054 1056/1056/1056
f 1058/1058/1058 1059/1059/1059 1060/1060/1060
f 1061/1061/1061 1058/1058/1058 1060/1060/1060
f 1062/1062/1062 1063/1063/1063 1064/1064/1064
f 1065/1065/1065 1064/1064/1064 1063/1063/1063
f 1066/1066/1066 1067/1067/1067 1068/1068/1068
f 1069/1069/1069 1068/1068/1068 1067/1067/1067
f 1070/1070/1070 1071/1071/1071 1072/1072/1072
f 1073/1073/1073 1072/1072/1072 1071/1071/1071
f 1074/1074/1074 1075/1075/1075 1076/1076/1076
f 1077/1077/1077 1076/1076/1076 1075/1075/1075
f 1078/1078/1078 1079/1079/1079 1080/1080/1080
f 1081/1081/1081 1080/1080/1080 1079/1079/1079
f 1082/1082/1082 1083/1083/1083 1084/1084/1084
f 1085/1085/1085 1084/1084/1084 1083/1083/1083
f 1086/1086/1086 1087/1087/1087 1088/1088/1088
f 1089/1089/1089 1088/1088/1088 1087/1087/1087
f 1090/1090/1090 1091/1091/1091 1092/1092/1092
f 1093/1093/1093 1092/1092/1092 1091/1091/1091
f 1094/1094/1094 1095/1095/1095 1010/1010/1010
f 1095/1095/1095 1094/1094/1094 1096/1096/1096
f 1010/1010/1010 1097/1097/1097 1023/1023/1023
f 1097/1097/1097 1010/1010/1010 1095/1095/1095
f 1023/1023/1023 1098/1098/1098 1099/1099/1099
f 1098/1098/1098 1023/1023/1023 1097/1097/1097
f 1099/1099/1099 1100/1100/1100 1101/1101/1101
f 1100/1100/1100 1099/1099/1099 1098/1098/1098
f 1101/1101/1101 1102/1102/1102 1103/1103/1103
f 1102/1102/1102 1101/1101/1101 1100/1100/1100
f 1103/1103/1103 1104/1104/1104 1105/1105/1105
f 1104/1104/1104 1103/1103/1103 1102/1102/1102
f 1105/1105/1105 1106/1106/1106 1107/1107/1107
f 1106/1106/1106 1105/1105/1105 1104/1104/1104
f 1107/1107/1107 1096/1096/1096 1094/1094/1094
f 1096/1096/1096 1107/1107/1107 1106/1106/1106
f 1108/1108/1108 1109/1109/1109 1110/1110/1110
f 1109/1109/1109 1111/1111/1111 1110/1110/1110
f 1109/1109/1109 1112/1112/1112 1111/1111/1111
f 1113/1113/1113 1109/1109/1109 1114/1114/1114
f 1113/1113/1113 1112/1112/1112 1109/1109/1109
f 1115/1115/1115 1111/1111/1111 1116/1116/1116
f 1116/1116/1116 1117/1117/1117 1115/1115/1115
f 1111/1111/1111 1112/1112/1112 1118/1118/1118
f 1118/1118/1118 1116/1116/1116 1111/1111/1111
f 1112/1112/1112 1119/1119/1119 1120/1120/1120
f 1120/1120/1120 1118/1118/1118 1112/1112/1112
f 1119/1119/1119 1121/1121/1121 1122/1122/1122
f 1122/1122/1122 1120/1120/1120 1119/1119/1119
f 1121/1121/1121 1123/1123/1123 1124/1124/1124
f 1124/1124/1124 1122/1122/1122 1121/1121/1121
f 1123/1123/1123 1125/1125/1125 1126/1126/1126
f 1126/1126/1126 1124/1124/1124 1123/1123/1123
f 1125/1125/1125 1127/1127/1127 1128/1128/1128
f 1128/1128/1128 1126/1126/1126 1125/1125/1125
f 1127/1127/1127 1115/1115/1115 1117/1117/1117
f 1117/1117/1117 1128/1128/1128 1127/1127/1127
f 1129/1129/1129 1130/1130/1130 1131/1131/1131
f 1131/1131/1131 1132/1132/1132 1129/1129/1129
f 1133/1133/1133 1134/1134/1134 1135/1135/1135
f 1135/1135/1135 1136/1136/1136 1133/1133/1133
f 1137/1137/1137 1138/1138/1138 1139/1139/1139
f 1140/1140/1140 1141/1141/1141 1142/1142/1142
f 1143/1143/1143 1144/1144/1144 1145/1145/1145
f 1145/1145/1145 1146/1146/1146 1143/1143/1143
f 1147/1147/1147 1148/1148/1148 1149/1149/1149
f 1149/1149/1149 1150/1150/1150 1147/1147/1147
f 1151/1151/1151 1152/1152/1152 1153/1153/1153
f 1154/1154/1154 1155/1155/1155 1156/1156/1156
f 1157/1157/1157 1158/1158/1158 1159/1159/1159
f 1159/1159/1159 1160/1160/1160 1157/1157/1157
f 1161/1161/1161 1162/1162/1162 1163/1163/1163
f 1161/1161/1161 1163/1163/1163 1164/1164/1164
f 1165/1165/1165 1161/1161/1161 1164/1164/1164
f 1166/1166/1166 1167/1167/1167 1168/1168/1168
f 1169/1169/1169 1170/1170/1170 1171/1171/1171
f 1165/1165/1165 1172/1172/1172 1161/1161/1161
f 1173/1173/1173 1174/1174/1174 1175/1175/1175
f 1175/1175/1175 1176/1176/1176 1173/1173/1173
f 1177/1177/1177 1178/1178/1178 1179/1179/1179
f 1179/1179/1179 1180/1180/1180 1177/1177/1177
f 1181/1181/1181 1182/1182/1182 1183/1183/1183
f 1183/1183/1183 1184/1184/1184 1181/1181/1181
f 1185/1185/1185 1186/1186/1186 1187/1187/1187
f 1188/1188/1188 1189/1189/1189 1190/1190/1190
f 1191/1191/1191 1192/1192/1192 1193/1193/1193
f 1194/1194/1194 1195/1195/1195 1196/1196/1196
f 1196/1196/1196 1197/1197/1197 1194/1194/1194
f 1198/1198/1198 1199/1199/1199 1200/1200/1200
f 1200/1200/1200 1201/1201/1201 1198/1198/1198
f 1202/1202/1202 1203/1203/1203 1204/1204/1204
f 1204/1204/1204 1205/1205/1205 1202/1202/1202
f 1206/1206/1206 1207/1207/1207 1208/1208/1208
f 1208/1208/1208 1209/1209/1209 1206/1206/1206
f 1210/1210/1210 1211/1211/1211 1212/1212/1212
f 1213/1213/1213 1214/1214/1214 1215/1215/1215
f 1216/1216/1216 1217/1217/1217 1218/1218/1218
f 1218/1218/1218 1219/1219/1219 1216/1216/1216
f 1220/1220/1220 1221/1221/1221 1222/1222/1222
f 1222/1222/1222 1223/1223/1223 1220/1220/1220
f 1224/1224/1224 1225/1225/1225 1226/1226/1226
f 1227/1227/1227 1228/1228/1228 1229/1229/1229
f 1230/1230/1230 1231/1231/1231 1232/1232/1232
f 1232/1232/1232 1233/1233/1233 1230/1230/1230
f 1234/1234/1234 1235/1235/1235 1236/1236/1236
f 1237/1237/1237 1234/1234/1234 1236/1236/1236
f 1237/1237/1237 1236/1236/1236 1238/1238/1238
f 1239/1239/1239 1240/1240/1240 1241/1241/1241
f 1242/1242/1242 1243/1243/1243 1244/1244/1244
f 1236/1236/1236 1245/1245/1245 1238/1238/1238
f 1246/1246/1246 1247/1247/1247 1248/1248/1248
f 1248/1248/1248 1249/1249/1249 1246/1246/1246
f 1250/1250/1250 1251/1251/1251 1252/1252/1252
f 1252/1252/1252 1253/1253/1253 1250/1250/1250
f 1254/1254/1254 1255/1255/1255 1256/1256/1256
f 1256/1256/1256 1257/1257/1257 1254/1254/1254
f 1258/1258/1258 1259/1259/1259 1260/1260/1260
f 1261/1261/1261 1262/1262/1262 1263/1263/1263
f 1264/1264/1264 1265/1265/1265 1266/1266/1266
f 1267/1267/1267 1268/1268/1268 1269/1269/1269
f 1269/1269/1269 1270/1270/1270 1267/1267/1267
f 1271/1271/1271 1272/1272/1272 1273/1273/1273
f 1273/1273/1273 1274/1274/1274 1271/1271/1271
f 1275/1275/1275 1276/1276/1276 1277/1277/1277
f 1278/1278/1278 1279/1279/1279 1280/1280/1280
f 1281/1281/1281 1282/1282/1282 1283/1283/1283
f 1284/1284/1284 1285/1285/1285 1286/1286/1286
f 1287/1287/1287 1288/1288/1288 1289/1289/1289
f 1290/1290/1290 1287/1287/1287 1289/1289/1289
f 1290/1290/1290 1289/1289/1289 1291/1291/1291
f 1292/1292/1292 1293/1293/1293 1294/1294/1294
f 1295/1295/1295 1296/1296/1296 1297/1297/1297
f 1289/1289/1289 1298/1298/1298 1291/1291/1291
f 1299/1299/1299 1300/1300/1300 1301/1301/1301
f 1302/1302/1302 1303/1303/1303 1304/1304/1304
f 1305/1305/1305 1306/1306/1306 1307/1307/1307
f 1308/1308/1308 1309/1309/1309 1310/1310/1310
f 1311/1311/1311 1312/1312/1312 1313/1313/1313
f 1314/1314/1314 1315/1315/1315 1316/1316/1316
f 1314/1314/1314 1316/1316/1316 1317/1317/1317
f 1318/1318/1318 1314/1314/1314 1317/1317/1317
f 1319/1319/1319 1320/1320/1320 1321/1321/1321
f 1322/1322/1322 1323/1323/1323 1324/1324/1324
f 1318/1318/1318 1325/1325/1325 1314/1314/1314
f 1326/1326/1326 1327/1327/1327 1328/1328/1328
o by-bd019_part_5
v -5.66241169 8.694462 -1.17989123E-06
v -7.83244228 8.694462 -2.17003274
v -7.502236 8.970963 -1.30914066E-06
v -7.83244371 8.970963 -0.3302093
v -7.83244228 8.694462 2.17003036
v -5.66241169 8.694462 -1.17989123E-06
v -7.83244371 8.970963 0.330206662
v -7.502236 8.970963 -1.30914066E-06
v -7.83244228 8.694462 -2.17003274
v -10.0024719 8.694462 -1.37574364E-06
v -8.162651 8.970963 -1.338943E-06
v -7.83244371 8.970963 -0.3302093
v -10.0024719 8.694462 -1.37574364E-06
v -7.83244228 8.694462 2.17003036
v -7.83244371 8.970963 0.330206662
v -8.162651 8.970963 -1.338943E-06
vt 0.2037797 0.206580877
vt 0.2037797 0.0341394544
vt 0.2768076 0.133407176
vt 0.27695334 0.107167244
vt 0.376221061 0.206580877
vt 0.2037797 0.206580877
vt 0.3030475 0.133552969
vt 0.2768076 0.133407176
vt 0.2037797 0.0341394544
vt 0.376221061 0.0341394544
vt 0.3031933 0.107312977
vt 0.27695334 0.107167244
vt 0.376221061 0.0341394544
vt 0.376221061 0.206580877
vt 0.3030475 0.133552969
vt 0.3031933 0.107312977
vn 0.14700295 0.978151441 -0.147002876
vn 0.14700295 0.978151441 -0.147002876
vn 0.14700295 0.978151441 -0.147002876
vn 0.147002965 0.978151441 -0.147002876
vn 0.147002935 0.978151441 0.147002876
vn 0.147002935 0.978151441 0.147002876
vn 0.147002935 0.978151441 0.147002876
vn 0.147002935 0.978151441 0.147002876
vn -0.147003189 0.9781514 -0.1470031
vn -0.147003189 0.9781514 -0.1470031
vn -0.147003189 0.9781514 -0.1470031
vn -0.147003174 0.9781514 -0.1470031
vn -0.147003189 0.9781514 0.147003084
vn -0.147003189 0.9781514 0.147003084
vn -0.147003189 0.9781514 0.147003084
vn -0.1470032 0.9781514 0.147003129
usemtl by-bd019_part_5_material_0
f 1329/1329/1329 1330/1330/1330 1331/1331/1331
f 1332/1332/1332 1331/1331/1331 1330/1330/1330
f 1333/1333/1333 1334/1334/1334 1335/1335/1335
f 1336/1336/1336 1335/1335/1335 1334/1334/1334
f 1337/1337/1337 1338/1338/1338 1339/1339/1339
f 1339/1339/1339 1340/1340/1340 1337/1337/1337
f 1341/1341/1341 1342/1342/1342 1343/1343/1343
f 1343/1343/1343 1344/1344/1344 1341/1341/1341
o by-bd019_part_6
v 9.963743 8.694462 -1.17989123E-06
v 7.793713 8.694462 -2.17003274
v 8.12391949 8.970963 -1.30914066E-06
v 7.79371166 8.970963 -0.3302093
v 7.793713 8.694462 2.17003036
v 9.963743 8.694462 -1.17989123E-06
v 7.79371166 8.970963 0.330206662
v 8.12391949 8.970963 -1.30914066E-06
v 7.793713 8.694462 -2.17003274
v 5.623683 8.694462 -1.37574364E-06
v 7.463504 8.970963 -1.338943E-06
v 7.79371166 8.970963 -0.3302093
v 5.623683 8.694462 -1.37574364E-06
v 7.793713 8.694462 2.17003036
v 7.79371166 8.970963 0.330206662
v 7.463504 8.970963 -1.338943E-06
vt 0.2037797 0.206580877
vt 0.2037797 0.0341394544
vt 0.2768076 0.133407176
vt 0.27695334 0.107167244
vt 0.376221061 0.206580877
vt 0.2037797 0.206580877
vt 0.3030475 0.133552969
vt 0.2768076 0.133407176
vt 0.2037797 0.0341394544
vt 0.376221061 0.0341394544
vt 0.3031933 0.107312977
vt 0.27695334 0.107167244
vt 0.376221061 0.0341394544
vt 0.376221061 0.206580877
vt 0.3030475 0.133552969
vt 0.3031933 0.107312977
vn 0.14700295 0.978151441 -0.147002876
vn 0.14700295 0.978151441 -0.147002876
vn 0.14700295 0.978151441 -0.147002876
vn 0.147002965 0.978151441 -0.147002876
vn 0.147002935 0.978151441 0.147002876
vn 0.147002935 0.978151441 0.147002876
vn 0.147002935 0.978151441 0.147002876
vn 0.147002935 0.978151441 0.147002876
vn -0.147003189 0.9781514 -0.1470031
vn -0.147003189 0.9781514 -0.1470031
vn -0.147003189 0.9781514 -0.1470031
vn -0.147003174 0.9781514 -0.1470031
vn -0.147003189 0.9781514 0.147003084
vn -0.147003189 0.9781514 0.147003084
vn -0.147003189 0.9781514 0.147003084
vn -0.1470032 0.9781514 0.147003129
usemtl by-bd019_part_6_material_0
f 1345/1345/1345 1346/1346/1346 1347/1347/1347
f 1348/1348/1348 1347/1347/1347 1346/1346/1346
f 1349/1349/1349 1350/1350/1350 1351/1351/1351
f 1352/1352/1352 1351/1351/1351 1350/1350/1350
f 1353/1353/1353 1354/1354/1354 1355/1355/1355
f 1355/1355/1355 1356/1356/1356 1353/1353/1353
f 1357/1357/1357 1358/1358/1358 1359/1359/1359
f 1359/1359/1359 1360/1360/1360 1357/1357/1357
o by-bd019_part_7
v 7.463504 8.970963 -1.338943E-06
v 7.79371166 8.970963 -0.3302093
v 7.79371166 8.386086 -1.23463485E-06
v 7.79371166 8.970963 -0.3302093
v 8.12391949 8.970963 -1.30914066E-06
v 7.79371166 8.386086 -1.23463485E-06
v 8.12391949 8.970963 -1.30914066E-06
v 7.79371166 8.970963 0.330206662
v 7.79371166 8.386086 -1.23463485E-06
v 7.79371166 8.970963 0.330206662
v 7.463504 8.970963 -1.338943E-06
v 7.79371166 8.386086 -1.23463485E-06
v 7.79371166 9.563094 -1.44325111E-06
v 7.79371166 8.970963 -0.3302093
v 7.79371166 9.563094 -1.44325111E-06
v 7.79371166 8.970963 -0.3302093
v 7.463504 8.970963 -1.338943E-06
v 7.79371166 8.970963 0.330206662
vt -0.854078531 0.533514142
vt -0.854078531 0.436477423
vt -0.7993679 0.533514142
vt -0.3270951 0.127766669
vt -0.230058372 0.127766669
vt -0.230058372 0.07305604
vt -0.854078531 0.533514142
vt -0.7993679 0.533514142
vt -0.854078531 0.436477423
vt -0.3270951 0.127766669
vt -0.230058372 0.07305604
vt -0.230058372 0.127766669
vt -0.854078531 0.6317546
vt -0.7993679 0.533514142
vt -0.131817922 0.127766669
vt -0.230058372 0.07305604
vt -0.230058372 0.127766669
vt -0.230058372 0.07305604
vn -0.9999976 -0.002191588 -1.81861237E-09
vn -1.81395841E-08 -0.00219171518 -0.9999976
vn -3.488816E-08 -1 1.61633182E-07
vn -1.81395841E-08 -0.00219171518 -0.9999976
vn 0.9999976 -0.00219160458 5.857797E-08
vn -3.488816E-08 -1 1.61633182E-07
vn 0.9999976 -0.00219160458 5.857797E-08
vn -4.033747E-08 -0.00219149422 0.9999976
vn -3.488816E-08 -1 1.61633182E-07
vn -4.033747E-08 -0.00219149422 0.9999976
vn -0.9999976 -0.002191588 -1.81861237E-09
vn -3.488816E-08 -1 1.61633182E-07
vn -4.95153643E-08 1 -1.36443035E-07
vn -1.81395841E-08 -0.00219171518 -0.9999976
vn -4.95153643E-08 1 -1.36443035E-07
vn -1.81395841E-08 -0.00219171518 -0.9999976
vn -0.9999976 -0.002191588 -1.81861237E-09
vn -4.033747E-08 -0.00219149422 0.9999976
usemtl by-bd019_part_7_material_0
f 1361/1361/1361 1362/1362/1362 1363/1363/1363
f 1364/1364/1364 1365/1365/1365 1366/1366/1366
f 1367/1367/1367 1368/1368/1368 1369/1369/1369
f 1370/1370/1370 1371/1371/1371 1372/1372/1372
f 1373/1373/1373 1374/1374/1374 1361/1361/1361
f 1375/1375/1375 1365/1365/1365 1376/1376/1376
f 1373/1373/1373 1368/1368/1368 1367/1367/1367
f 1375/1375/1375 1377/1377/1377 1378/1378/1378
o by-bd019_part_8
v 7.79371166 9.666003 -1.46217326E-06
v 7.79371166 8.970752 -0.387715
v 7.405998 8.970752 -1.33969991E-06
v 8.181425 8.970752 -1.30470744E-06
v 7.79371166 8.970752 0.3877124
vt 0.291182518 0.116687119
vt 0.291182518 0.116687119
vt 0.291182518 0.116687119
vt 0.291182518 0.116687119
vt 0.291182518 0.116687119
vn -4.95153749E-08 1 -1.36443063E-07
vn -1.24987629E-08 0.48704645 -0.8733761
vn -0.8733761 0.487046421 2.92848874E-08
vn 0.8733761 0.48704645 6.963645E-08
vn -4.58863276E-08 0.487046748 0.8733759
usemtl by-bd019_part_8_material_0
f 1379/1379/1379 1380/1380/1380 1381/1381/1381
f 1379/1379/1379 1382/1382/1382 1380/1380/1380
f 1379/1379/1379 1383/1383/1383 1382/1382/1382
f 1379/1379/1379 1381/1381/1381 1383/1383/1383
o by-bd019_part_9
v -8.162651 8.970963 -1.338943E-06
v -7.83244371 8.970963 -0.3302093
v -7.83244371 8.386086 -1.23463485E-06
v -7.83244371 8.970963 -0.3302093
v -7.502236 8.970963 -1.30914066E-06
v -7.83244371 8.386086 -1.23463485E-06
v -7.502236 8.970963 -1.30914066E-06
v -7.83244371 8.970963 0.330206662
v -7.83244371 8.386086 -1.23463485E-06
v -7.83244371 8.970963 0.330206662
v -8.162651 8.970963 -1.338943E-06
v -7.83244371 8.386086 -1.23463485E-06
v -7.83244371 9.563094 -1.44325111E-06
v -7.83244371 8.970963 -0.3302093
v -7.83244371 9.563094 -1.44325111E-06
v -7.83244371 8.970963 -0.3302093
v -8.162651 8.970963 -1.338943E-06
v -7.83244371 8.970963 0.330206662
vt -0.854078531 0.533514142
vt -0.854078531 0.436477423
vt -0.7993679 0.533514142
vt -0.3270951 0.127766669
vt -0.230058372 0.127766669
vt -0.230058372 0.07305604
vt -0.854078531 0.533514142
vt -0.7993679 0.533514142
vt -0.854078531 0.436477423
vt -0.3270951 0.127766669
vt -0.230058372 0.07305604
vt -0.230058372 0.127766669
vt -0.854078531 0.6317546
vt -0.7993679 0.533514142
vt -0.131817922 0.127766669
vt -0.230058372 0.07305604
vt -0.230058372 0.127766669
vt -0.230058372 0.07305604
vn -0.9999976 -0.002191588 -1.81861237E-09
vn -1.81395841E-08 -0.00219171518 -0.9999976
vn -3.488816E-08 -1 1.61633182E-07
vn -1.81395841E-08 -0.00219171518 -0.9999976
vn 0.9999976 -0.00219160458 5.857797E-08
vn -3.488816E-08 -1 1.61633182E-07
vn 0.9999976 -0.00219160458 5.857797E-08
vn -4.033747E-08 -0.00219149422 0.9999976
vn -3.488816E-08 -1 1.61633182E-07
vn -4.033747E-08 -0.00219149422 0.9999976
vn -0.9999976 -0.002191588 -1.81861237E-09
vn -3.488816E-08 -1 1.61633182E-07
vn -4.95153643E-08 1 -1.36443035E-07
vn -1.81395841E-08 -0.00219171518 -0.9999976
vn -4.95153643E-08 1 -1.36443035E-07
vn -1.81395841E-08 -0.00219171518 -0.9999976
vn -0.9999976 -0.002191588 -1.81861237E-09
vn -4.033747E-08 -0.00219149422 0.9999976
usemtl by-bd019_part_9_material_0
f 1384/1384/1384 1385/1385/1385 1386/1386/1386
f 1387/1387/1387 1388/1388/1388 1389/1389/1389
f 1390/1390/1390 1391/1391/1391 1392/1392/1392
f 1393/1393/1393 1394/1394/1394 1395/1395/1395
f 1396/1396/1396 1397/1397/1397 1384/1384/1384
f 1398/1398/1398 1388/1388/1388 1399/1399/1399
f 1396/1396/1396 1391/1391/1391 1390/1390/1390
f 1398/1398/1398 1400/1400/1400 1401/1401/1401
o by-bd019_part_10
v -7.83244371 9.666003 -1.46217326E-06
v -7.83244371 8.970752 -0.387715
v -8.220158 8.970752 -1.33969991E-06
v -7.44473028 8.970752 -1.30470744E-06
v -7.83244371 8.970752 0.3877124
vt 0.291182518 0.116687119
vt 0.291182518 0.116687119
vt 0.291182518 0.116687119
vt 0.291182518 0.116687119
vt 0.291182518 0.116687119
vn -4.95153749E-08 1 -1.36443063E-07
vn -1.24987629E-08 0.48704645 -0.8733761
vn -0.8733761 0.487046421 2.92848874E-08
vn 0.8733761 0.48704645 6.963645E-08
vn -4.58863276E-08 0.487046748 0.8733759
usemtl by-bd019_part_10_material_0
f 1402/1402/1402 1403/1403/1403 1404/1404/1404
f 1402/1402/1402 1405/1405/1405 1403/1403/1403
f 1402/1402/1402 1406/1406/1406 1405/1405/1405
f 1402/1402/1402 1404/1404/1404 1406/1406/1406
