mtllib cc-bd002.mtl
o cc-bd002_part_0
v 1.47278345 11.363596 -0.162681073
v -1.39323413 11.363596 -0.163761154
v -1.41024864 11.192709 0.1703599
v 1.48979747 11.192708 0.170359656
v -1.41909516 11.5933628 -0.163761124
v -2.06246567 11.5922327 -0.163761139
v -2.07762146 11.468833 0.109119728
v -1.42136979 11.46912 0.123673275
v 0.2342465 4.194563 3.345978
v -4.58668041 4.194563 3.345978
v -4.58668041 0.0187168121 3.345978
v 0.2342465 0.0187168121 3.345978
v 4.68104553 4.194563 -0.1626811
v 4.68104553 4.194563 3.345978
v 4.68104553 0.0187168121 3.345978
v 4.68104553 0.0187168121 -0.162681192
v 0.0471822135 4.06930876 3.968792
v -5.24200726 4.06930876 3.966227
v -5.242007 3.78547454 3.966227
v 0.0471822135 3.78547454 3.968792
v 5.33637238 4.06930876 3.966227
v 5.33637142 3.78547454 3.966228
v 4.68104553 4.194563 -3.67134023
v 4.68104553 4.194563 -0.1626811
v 4.68104553 0.0187168121 -0.162681192
v 4.68104553 0.0187168121 -3.67134023
v -4.58668041 4.194563 -3.67134023
v 0.2989127 4.194563 -3.67134023
v 0.2989125 0.0187168121 -3.67134023
v -4.58668041 0.0187168121 -3.67134023
v -4.58668041 0.0187168121 -1.99304569
v -4.58668041 4.194563 -1.99304569
v -4.58668041 4.194563 -3.67134023
v -4.58668041 0.0187168121 -3.67134023
v -4.58668041 0.0187168121 1.97266412
v -4.58668041 0.0187168121 3.345978
v -4.58668041 4.194563 3.345978
v -4.58668041 4.194563 1.97266412
v -5.25307035 4.06930876 -0.1626812
v -5.24200726 4.06930876 -4.29158831
v -5.242007 3.78547454 -4.29158926
v -5.25307035 3.78547454 -0.162681118
v -5.24200726 4.06930876 3.966227
v -5.242007 3.78547454 3.966227
v -5.24200726 4.06930876 3.966227
v 0.0471822135 4.06930876 3.968792
v 0.0471822135 4.40454054 3.09391713
v -4.25378561 4.40454054 3.09391713
v -5.25307035 4.06930876 -0.1626812
v -5.24200726 4.06930876 3.966227
v -4.25378561 4.40454054 3.09391713
v -4.25378561 4.40454054 -0.162681192
v 5.33637238 4.06930876 3.966227
v 4.348149 4.40454054 3.093917
v -5.24200726 4.06930876 -4.29158831
v -4.25378466 4.40454054 -3.419279
v 0.0471822135 4.670957 3.09391713
v -4.25378561 4.670957 3.09391713
v -4.25378561 4.40454054 3.09391713
v 0.0471822135 4.40454054 3.09391713
v -4.25378561 4.670957 3.09391713
v -4.25378561 4.670957 -0.162681192
v -4.25378561 4.40454054 -0.162681192
v -4.25378561 4.40454054 3.09391713
v 4.34815 4.670957 3.09391737
v 4.348149 4.40454054 3.093917
v -4.253786 4.670957 -3.41927934
v -4.25378466 4.40454054 -3.419279
v -4.25378561 4.670957 3.09391713
v 0.0471822135 4.670957 3.09391713
v 1.05502343 4.679729 2.14894533
v -1.09098887 4.679729 2.14894557
v -3.237002 4.679729 2.14894533
v -3.237002 4.679729 2.14894533
v -3.237002 4.679729 -0.162681192
v -4.25378561 4.670957 -0.162681192
v -4.25378561 4.670957 3.09391713
v 3.331366 4.679729 2.148945
v 4.34815 4.670957 3.09391737
v -3.23700333 4.679729 -2.47430754
v -4.253786 4.670957 -3.41927934
v 1.05502343 4.679729 2.14894533
v 1.05502415 7.53395176 2.14894533
v -1.090989 7.53395176 2.14894533
v -1.09098887 4.679729 2.14894557
v -3.23700142 7.53395176 2.14894533
v -3.23700142 7.53395176 -0.162681609
v -3.237002 4.679729 -0.162681192
v -3.237002 4.679729 2.14894533
v 3.331366 7.53395176 2.14894557
v 1.05502415 7.53395176 2.14894533
v 1.05502343 4.679729 2.14894533
v 3.331366 4.679729 2.148945
v -3.23700285 7.53395176 -2.47430778
v -3.23700333 4.679729 -2.47430754
v -4.263355 7.45860863 3.07913
v -2.427413 7.45860863 3.082768
v -2.427413 7.863721 3.082433
v -3.57926273 7.863721 3.079995
v -4.263355 7.863721 3.07913
v -4.263355 7.863721 3.07913
v -4.262979 7.863721 -0.162681758
v -4.262979 7.45860863 -0.162681758
v -4.263355 7.45860863 3.07913
v -3.105742 9.050581 1.88461018
v -4.032 8.394744 2.74339414
v -3.307003 8.39180851 2.75187159
v -2.4732976 9.043086 1.85891986
v -2.960298 8.829877 1.84441757
v -2.960298 8.829877 -0.162681684
v -1.909578 11.336257 -0.163761154
v -2.960298 8.829877 -0.162681684
v -2.960298 8.829877 1.84441757
v -1.92560291 11.336257 -0.003412962
v -2.42733288 8.829877 1.84441757
v -2.427413 7.863721 3.082433
v 2.50663948 7.863721 3.08246517
v 2.50680113 8.829971 1.844351
v -2.08427668 11.3364162 0.0181228071
v -3.10327625 8.838689 1.84533691
v -3.105742 9.050581 1.88461018
v -2.07762146 11.468833 0.109119728
v -4.032 8.394744 2.74339414
v -4.39979458 7.868962 3.072253
v -4.515241 7.989728 3.19810629
v -4.263355 7.863721 3.07913
v -3.57926273 7.863721 3.079995
v -3.72037745 7.98519135 3.20524168
v -4.515241 7.989728 3.19810629
v -4.39979458 7.868962 3.072253
v -3.57926273 7.863721 3.079995
v -2.42733288 8.829877 1.84441757
v -2.4732976 9.043086 1.85891986
v -3.307003 8.39180851 2.75187159
v -3.72037745 7.98519135 3.20524168
v -3.446611 8.509807 2.92115426
v -3.707996 8.408901 3.16148353
v -3.83362341 8.225921 3.277354
v -1.41024864 11.192709 0.1703599
v -1.42136979 11.46912 0.123673275
v -1.39323413 11.363596 -0.163761154
v -1.41909516 11.5933628 -0.163761124
v -2.071056 11.351532 -0.163761169
v -2.06246567 11.5922327 -0.163761139
v -3.446611 8.509807 2.92115426
v -4.22206926 8.509017 2.9122436
v -4.568142 8.229971 3.272873
v -4.453159 8.412896 3.15604
v -4.22206926 8.509017 2.9122436
v -3.83362341 8.225921 3.277354
v -4.568142 8.229971 3.272873
v -4.453159 8.412896 3.15604
v -3.707996 8.408901 3.16148353
v -4.724551 0.0187168121 0.0893759
v -4.724551 0.0187168121 1.18964839
v -4.724551 3.086578 1.18964839
v -4.724551 3.086578 0.08937599
v 2.50663948 7.45860863 3.08279777
v 2.50663948 7.863721 3.08246517
v 4.357345 7.45860863 -0.162681311
v 4.357345 7.863721 -0.162681326
v 4.35772038 7.863721 3.07913
v 4.35772038 7.45860863 3.07913
v 3.05466366 8.829877 1.84441733
v 3.05466366 8.829877 -0.162681371
v 3.05466366 8.829877 1.84441733
v 3.05466366 8.829877 -0.162681371
v 2.003944 11.336257 -0.162681341
v 2.01996946 11.336257 -0.00341320038
v -4.2633543 7.863721 -3.40557313
v -4.2633543 7.45860863 -3.40449333
v -2.96029758 8.829877 -2.17086053
v -2.96029758 8.829877 -2.17086053
v -1.92560256 11.336257 -0.3230297
v 4.35772 7.863721 -3.40449238
v 4.35772 7.45860863 -3.40449238
v 3.05466366 8.829877 -2.16977978
v 3.05466366 8.829877 -2.16977978
v 2.01996946 11.336257 -0.32194972
v -2.960298 8.829877 1.84441757
v -4.263355 7.863721 3.07913
v -4.39979458 7.868962 3.072253
v -3.10327625 8.838689 1.84533691
v -1.92560291 11.336257 -0.003412962
v -2.08427668 11.3364162 0.0181228071
v -1.909578 11.336257 -0.163761154
v -1.92560291 11.336257 -0.003412962
v -2.08427668 11.3364162 0.0181228071
v -2.071056 11.351532 -0.163761169
v -4.26407433 0.30350253 2.96516466
v -4.015065 0.30350253 3.396462
v -4.09239769 -0.012712758 3.396462
v -4.302741 -0.0127127506 3.03213668
v -4.762093 0.30350253 2.96516466
v -4.26407433 0.30350253 2.96516466
v -4.302741 -0.0127127506 3.03213668
v -4.7234273 -0.0127127506 3.03213668
v -5.01110268 0.30350253 3.396462
v -4.93377 -0.012712758 3.396462
v -4.762093 0.30350256 3.827758
v -4.7234273 -0.012712758 3.76078629
v -4.26407433 0.30350256 3.827758
v -4.302741 -0.012712758 3.76078629
v -4.341061 0.515147567 3.098509
v -4.169038 0.515147567 3.396462
v -4.68510675 0.515147567 3.098509
v -4.341061 0.515147567 3.098509
v -4.85713 0.515147567 3.396462
v -4.68510675 0.5151476 3.69441366
v -4.341061 0.5151476 3.69441366
v -4.341061 4.10499334 3.09850931
v -4.169038 4.10499334 3.396462
v -4.68510675 4.10499334 3.09850931
v -4.341061 4.10499334 3.09850931
v -4.85713 4.10499334 3.396462
v -4.68510675 4.10499334 3.69441438
v -4.341061 4.10499334 3.69441366
v 0.360844761 0.303502619 2.96516466
v 0.6098541 0.303502619 3.396462
v 0.5325217 -0.0127127506 3.396462
v 0.322178185 -0.0127127506 3.03213668
v -0.137173831 0.303502619 2.96516466
v 0.360844761 0.303502619 2.96516466
v 0.322178185 -0.0127127506 3.03213668
v -0.09850766 -0.0127127506 3.03213668
v -0.386183172 0.303502619 3.396462
v -0.308851182 -0.0127127506 3.396462
v -0.137173831 0.303502619 3.827758
v -0.09850766 -0.0127126463 3.76078629
v 0.360844761 0.303502619 3.827758
v 0.322178185 -0.0127126463 3.76078629
v 0.283857942 0.5151477 3.098509
v 0.455881327 0.5151477 3.396462
v -0.06018745 0.5151477 3.098509
v 0.283857942 0.5151477 3.098509
v -0.232210845 0.5151477 3.396462
v -0.06018745 0.5151477 3.69441366
v 0.283857942 0.5151477 3.69441366
v 0.283857942 4.10499334 3.09850931
v 0.455881327 4.10499334 3.396462
v -0.06018745 4.10499334 3.09850931
v 0.283857942 4.10499334 3.09850931
v -0.232210845 4.10499334 3.396462
v -0.06018745 4.10499334 3.69441438
v 0.283857942 4.10499334 3.69441366
v 4.99652052 0.30350253 2.96516466
v 5.24553 0.30350253 3.396462
v 5.16819763 -0.0127127506 3.396462
v 4.957854 -0.0127127506 3.03213668
v 4.498502 0.30350253 2.96516466
v 4.99652052 0.30350253 2.96516466
v 4.957854 -0.0127127506 3.03213668
v 4.5371685 -0.0127127506 3.03213668
v 4.24949265 0.30350253 3.396462
v 4.32682467 -0.0127127506 3.396462
v 4.498502 0.30350256 3.827758
v 4.5371685 -0.0127127506 3.76078629
v 4.99652052 0.30350256 3.827758
v 4.957854 -0.0127127506 3.76078629
v 4.91953373 0.515147567 3.098509
v 5.0915575 0.515147567 3.396462
v 4.57548857 0.515147567 3.098509
v 4.91953373 0.515147567 3.098509
v 4.403465 0.515147567 3.396462
v 4.57548857 0.5151476 3.69441366
v 4.91953373 0.5151476 3.69441366
v 4.91953373 4.10499334 3.09850931
v 5.0915575 4.10499334 3.396462
v 4.57548857 4.10499334 3.09850931
v 4.91953373 4.10499334 3.09850931
v 4.403465 4.10499334 3.396462
v 4.57548857 4.10499334 3.69441438
v 4.91953373 4.10499334 3.69441366
v -4.264074 0.30350253 -4.08292246
v -4.01506472 0.30350253 -3.65162587
v -4.09239769 -0.0127127506 -3.65162587
v -4.302741 -0.0127127506 -4.01595068
v -4.76209259 0.30350253 -4.08292246
v -4.264074 0.30350253 -4.08292246
v -4.302741 -0.0127127506 -4.01595068
v -4.7234273 -0.0127127506 -4.01595068
v -5.011102 0.30350253 -3.65162587
v -4.93377 -0.0127127506 -3.65162587
v -4.76209259 0.30350256 -3.22032928
v -4.7234273 -0.0127127506 -3.28730083
v -4.264074 0.30350256 -3.22032928
v -4.302741 -0.0127127506 -3.28730083
v -4.341061 0.515147567 -3.94957829
v -4.169038 0.515147567 -3.65162587
v -4.68510675 0.515147567 -3.94957829
v -4.341061 0.515147567 -3.94957829
v -4.85713 0.515147567 -3.65162587
v -4.68510675 0.5151476 -3.3536737
v -4.341061 0.5151476 -3.3536737
v -4.341061 4.10499334 -3.94957829
v -4.169038 4.10499334 -3.65162587
v -4.68510675 4.10499334 -3.94957829
v -4.341061 4.10499334 -3.94957829
v -4.85713 4.10499334 -3.65162587
v -4.68510675 4.10499334 -3.35367322
v -4.341061 4.10499334 -3.3536737
v 0.359524369 0.30350253 -4.08292246
v 0.6085337 0.30350247 -3.65162587
v 0.531201243 -0.0127127506 -3.65162587
v 0.3208577 -0.0127128586 -4.01595068
v -0.138494253 0.30350253 -4.08292246
v 0.359524369 0.30350253 -4.08292246
v 0.3208577 -0.0127128586 -4.01595068
v -0.09982805 -0.0127128586 -4.01595068
v -0.387503564 0.30350247 -3.65162587
v -0.310171574 -0.0127127506 -3.65162587
v -0.138494253 0.30350253 -3.22032928
v -0.09982805 -0.0127127506 -3.28730083
v 0.359524369 0.30350253 -3.22032928
v 0.3208577 -0.0127127506 -3.28730083
v 0.28253755 0.5151475 -3.94957829
v 0.4545609 0.5151475 -3.65162587
v -0.061507836 0.5151475 -3.94957829
v 0.28253755 0.5151475 -3.94957829
v -0.233531266 0.5151475 -3.65162587
v -0.061507836 0.515147567 -3.3536737
v 0.28253755 0.515147567 -3.3536737
v 0.28253755 4.10499334 -3.94957829
v 0.4545609 4.10499334 -3.65162587
v -0.061507836 4.10499334 -3.94957829
v 0.28253755 4.10499334 -3.94957829
v -0.233531266 4.10499334 -3.65162587
v -0.061507836 4.10499334 -3.35367322
v 0.28253755 4.10499334 -3.3536737
v 4.99652052 0.30350253 -4.08292246
v 5.24553 0.30350253 -3.65162587
v 5.16819763 -0.0127127506 -3.65162587
v 4.95785332 -0.0127127506 -4.01595068
v 4.498502 0.30350253 -4.08292246
v 4.99652052 0.30350253 -4.08292246
v 4.95785332 -0.0127127506 -4.01595068
v 4.5371685 -0.0127127506 -4.01595068
v 4.24949265 0.30350253 -3.65162587
v 4.326824 -0.0127127506 -3.65162587
v 4.498502 0.30350256 -3.22032928
v 4.5371685 -0.0127127506 -3.28730083
v 4.99652052 0.30350256 -3.22032928
v 4.95785332 -0.0127127506 -3.28730083
v 4.91953325 0.515147567 -3.94957829
v 5.0915575 0.515147567 -3.65162587
v 4.57548857 0.515147567 -3.94957829
v 4.91953325 0.515147567 -3.94957829
v 4.40346432 0.515147567 -3.65162587
v 4.57548857 0.5151476 -3.3536737
v 4.91953325 0.5151476 -3.3536737
v 4.91953325 4.10499334 -3.94957829
v 5.0915575 4.10499334 -3.65162587
v 4.57548857 4.10499334 -3.94957829
v 4.91953325 4.10499334 -3.94957829
v 4.40346432 4.10499334 -3.65162587
v 4.57548857 4.10499334 -3.35367322
v 4.91953325 4.10499334 -3.3536737
v -3.042563 7.7436347 1.92762041
v -2.9082303 7.7436347 2.16029119
v -2.9082303 4.56905 2.16029119
v -3.042563 4.56905 1.92762041
v -3.3112278 7.7436347 1.92762041
v -3.042563 7.7436347 1.92762041
v -3.042563 4.56905 1.92762041
v -3.3112278 4.56905 1.92762041
v -3.44556046 7.7436347 2.16029119
v -3.3112278 7.7436347 1.92762041
v -3.3112278 4.56905 1.92762041
v -3.44556046 4.56905 2.16029119
v -3.3112278 7.7436347 2.392962
v -3.3112278 4.56905 2.392962
v -3.042563 7.7436347 2.392962
v -3.3112278 7.7436347 2.392962
v -3.3112278 4.56905 2.392962
v -3.042563 4.56905 2.392962
v -3.042563 7.7436347 2.392962
v -3.042563 4.56905 2.392962
v 3.50324774 7.7436347 1.81667149
v 3.63758039 7.7436347 2.04934239
v 3.63758039 4.56905 2.04934239
v 3.50324774 4.56905 1.81667149
v 3.23458338 7.7436347 1.81667149
v 3.50324774 7.7436347 1.81667149
v 3.50324774 4.56905 1.81667149
v 3.23458338 4.56905 1.81667149
v 3.1002512 7.7436347 2.04934239
v 3.23458338 7.7436347 1.81667149
v 3.23458338 4.56905 1.81667149
v 3.1002512 4.56905 2.04934239
v 3.23458338 7.7436347 2.28201318
v 3.23458338 4.56905 2.282013
v 3.50324774 7.7436347 2.28201318
v 3.23458338 7.7436347 2.28201318
v 3.23458338 4.56905 2.282013
v 3.50324774 4.56905 2.282013
v 3.50324774 7.7436347 2.28201318
v 3.50324774 4.56905 2.282013
v -3.18084621 7.7436347 -2.6799283
v -3.04651356 7.7436347 -2.44725752
v -3.04651356 4.56905 -2.44725752
v -3.18084621 4.56905 -2.6799283
v -3.44951057 7.7436347 -2.6799283
v -3.18084621 7.7436347 -2.6799283
v -3.18084621 4.56905 -2.6799283
v -3.44951057 4.56905 -2.6799283
v -3.58384371 7.7436347 -2.44725752
v -3.44951057 7.7436347 -2.6799283
v -3.44951057 4.56905 -2.6799283
v -3.58384371 4.56905 -2.44725752
v -3.44951057 7.7436347 -2.21458673
v -3.44951057 4.56905 -2.214587
v -3.18084621 7.7436347 -2.21458673
v -3.44951057 7.7436347 -2.21458673
v -3.44951057 4.56905 -2.214587
v -3.18084621 4.56905 -2.214587
v -3.18084621 7.7436347 -2.21458673
v -3.18084621 4.56905 -2.214587
v 3.50324726 7.7436347 -2.6799283
v 3.63758039 7.7436347 -2.44725752
v 3.63758039 4.56905 -2.44725752
v 3.50324726 4.56905 -2.6799283
v 3.234583 7.7436347 -2.6799283
v 3.50324726 7.7436347 -2.6799283
v 3.50324726 4.56905 -2.6799283
v 3.234583 4.56905 -2.6799283
v 3.10025072 7.7436347 -2.44725752
v 3.234583 7.7436347 -2.6799283
v 3.234583 4.56905 -2.6799283
v 3.10025072 4.56905 -2.44725752
v 3.234583 7.7436347 -2.21458673
v 3.234583 4.56905 -2.214587
v 3.50324726 7.7436347 -2.21458673
v 3.234583 7.7436347 -2.21458673
v 3.234583 4.56905 -2.214587
v 3.50324726 4.56905 -2.214587
v 3.50324726 7.7436347 -2.21458673
v 3.50324726 4.56905 -2.214587
v 4.35772038 7.45860863 3.07913
v 4.35772038 7.863721 3.07913
v 3.67362881 7.863721 3.079995
v 3.67362881 7.863721 3.079995
v 2.50680113 8.829971 1.844351
v -3.57926273 7.863721 3.079995
v -1.41024864 11.192709 -0.49680227
v 1.48979747 11.192709 -0.495721877
v -4.2633543 7.45860863 -3.40449333
v -4.2633543 7.863721 -3.40557313
v -3.57926178 7.863721 -3.40643787
v -2.427413 7.863721 -3.407796
v -2.427413 7.45860863 -3.40813041
v 2.506639 7.863721 -3.40782762
v -2.427413 7.863721 -3.407796
v -2.4273324 8.829877 -2.17086029
v 2.50680113 8.829971 -2.16971326
v 2.506639 7.863721 -3.40782762
v 2.506639 7.45860863 -3.40816021
v 3.67362833 7.863721 -3.40535736
v 4.35772 7.863721 -3.40449238
v 4.35772 7.45860863 -3.40449238
v 3.67362833 7.863721 -3.40535736
v 2.50680113 8.829971 -2.16971326
v -3.57926178 7.863721 -3.40643787
v -2.07762051 11.4768648 -0.4188316
v -1.413153 11.4771528 -0.422286451
v -3.30700254 8.391809 -3.07939386
v -4.031999 8.394745 -3.07091641
v -3.1057415 9.050581 -2.212133
v -2.47329664 9.043087 -2.18644238
v -3.1057415 9.050581 -2.212133
v -3.1032753 8.838689 -2.17285967
v -2.0842762 11.3364162 -0.345645249
v -2.07762051 11.4768648 -0.4188316
v -4.031999 8.394745 -3.07091641
v -4.51524067 7.989729 -3.52562928
v -4.399794 7.86896229 -3.399776
v -4.2633543 7.863721 -3.40557313
v -4.399794 7.86896229 -3.399776
v -4.51524067 7.989729 -3.52562928
v -3.720376 7.9851923 -3.53276443
v -3.57926178 7.863721 -3.40643787
v -3.57926178 7.863721 -3.40643787
v -3.720376 7.9851923 -3.53276443
v -3.30700254 8.391809 -3.07939386
v -2.47329664 9.043087 -2.18644238
v -2.4273324 8.829877 -2.17086029
v -3.833623 8.225922 -3.60487676
v -3.70799541 8.408902 -3.48900628
v -3.44661 8.509808 -3.248677
v -1.413153 11.4771528 -0.422286451
v -1.41024864 11.192709 -0.49680227
v -3.44661 8.509808 -3.248677
v -4.222069 8.509018 -3.23976636
v -4.222069 8.509018 -3.23976636
v -4.45315838 8.412896 -3.48356223
v -4.56814146 8.229972 -3.6003952
v -4.56814146 8.229972 -3.6003952
v -3.833623 8.225922 -3.60487676
v -4.45315838 8.412896 -3.48356223
v -3.70799541 8.408902 -3.48900628
v -4.399794 7.86896229 -3.399776
v -4.2633543 7.863721 -3.40557313
v -2.96029758 8.829877 -2.17086053
v -3.1032753 8.838689 -2.17285967
v -1.92560256 11.336257 -0.3230297
v -2.0842762 11.3364162 -0.345645249
v -2.0842762 11.3364162 -0.345645249
v -1.92560256 11.336257 -0.3230297
v 2.15717077 11.468832 0.109120116
v 2.12630033 11.5922318 -0.162681192
v 1.49864471 11.5933628 -0.162681192
v 1.49270272 11.4691191 0.11257498
v 3.38655233 8.39180851 2.75187135
v 4.11155 8.394744 2.743394
v 3.18529129 9.050581 1.88461065
v 2.55284643 9.043086 1.85891986
v 3.18529129 9.050581 1.88461065
v 3.182825 8.838689 1.84533715
v 2.16382551 11.3364162 0.01812306
v 2.15717077 11.468832 0.109120116
v 4.11155 8.394744 2.743394
v 4.594791 7.989728 3.19810677
v 4.47934437 7.86896229 3.07225323
v 4.342904 7.863721 3.07913041
v 4.47934437 7.86896229 3.07225323
v 4.594791 7.989728 3.19810677
v 3.79992676 7.98519135 3.205242
v 3.65881157 7.863721 3.07999539
v 3.65881157 7.863721 3.07999539
v 3.79992676 7.98519135 3.205242
v 3.38655233 8.39180851 2.75187135
v 2.55284643 9.043086 1.85891986
v 2.50680113 8.829971 1.844351
v 3.91317272 8.225921 3.27735448
v 3.7875452 8.408901 3.16148376
v 3.52615976 8.509807 2.92115474
v 1.49270272 11.4691191 0.11257498
v 1.48979747 11.192708 0.170359656
v 1.49864471 11.5933628 -0.162681192
v 1.47278345 11.363596 -0.162681073
v 2.1506052 11.351532 -0.162681088
v 2.12630033 11.5922318 -0.162681192
v 3.52615976 8.509807 2.92115474
v 4.301619 8.509017 2.912244
v 4.301619 8.509017 2.912244
v 4.53270864 8.412896 3.15603971
v 4.64769173 8.229971 3.27287269
v 4.64769173 8.229971 3.27287269
v 3.91317272 8.225921 3.27735448
v 4.53270864 8.412896 3.15603971
v 3.7875452 8.408901 3.16148376
v 4.47934437 7.86896229 3.07225323
v 4.342904 7.863721 3.07913041
v 3.039847 8.829877 1.84441781
v 3.182825 8.838689 1.84533715
v 2.00515223 11.336257 -0.00341255963
v 2.16382551 11.3364162 0.01812306
v 2.16382551 11.3364162 0.01812306
v 2.00515223 11.336257 -0.00341255963
v 1.98912728 11.336257 -0.162681088
v 2.1506052 11.351532 -0.162681088
v 2.15717077 11.4768648 -0.416671634
v 1.49270284 11.4771528 -0.4201265
v 3.18529081 9.050581 -2.20997286
v 4.111549 8.394745 -3.068756
v 3.38655233 8.39180851 -3.07723355
v 2.55284643 9.043087 -2.184282
v 2.163826 11.3364162 -0.343485355
v 3.182825 8.838689 -2.17069936
v 3.18529081 9.050581 -2.20997286
v 2.15717077 11.4768648 -0.416671634
v 4.111549 8.394745 -3.068756
v 4.47934437 7.86896229 -3.397616
v 4.59479046 7.989729 -3.52346921
v 4.342904 7.863721 -3.404493
v 3.65881157 7.863721 -3.4053576
v 3.7999258 7.98519135 -3.53060412
v 4.59479046 7.989729 -3.52346921
v 4.47934437 7.86896229 -3.397616
v 3.65881157 7.863721 -3.4053576
v 2.50680113 8.829971 -2.16971326
v 2.55284643 9.043087 -2.184282
v 3.38655233 8.39180851 -3.07723355
v 3.7999258 7.98519135 -3.53060412
v 3.52615929 8.509808 -3.246517
v 3.7875452 8.408902 -3.486846
v 3.91317272 8.225922 -3.60271668
v 1.48979747 11.192709 -0.495721877
v 1.49270284 11.4771528 -0.4201265
v 3.52615929 8.509808 -3.246517
v 4.30161858 8.509018 -3.23760629
v 4.64769125 8.229972 -3.598235
v 4.532708 8.412896 -3.481402
v 4.30161858 8.509018 -3.23760629
v 3.91317272 8.225922 -3.60271668
v 4.64769125 8.229972 -3.598235
v 4.532708 8.412896 -3.481402
v 3.7875452 8.408902 -3.486846
v 3.039847 8.829878 -2.16978
v 4.342904 7.863721 -3.404493
v 4.47934437 7.86896229 -3.397616
v 3.182825 8.838689 -2.17069936
v 2.00515223 11.336257 -0.32194972
v 2.163826 11.3364162 -0.343485355
v 1.98912728 11.336257 -0.162681088
v 2.00515223 11.336257 -0.32194972
v 2.163826 11.3364162 -0.343485355
v 2.1506052 11.351532 -0.162681088
v -3.23700142 7.53395176 2.14894533
v -3.237002 4.679729 2.14894533
v 4.22155857 4.630375 -2.940555
v 4.22155857 4.630375 -3.231629
v 4.22155857 5.52349854 -3.231629
v 4.22155857 5.52349854 -2.940555
v 4.22155857 4.630375 -3.231629
v 3.91449881 4.630375 -3.231629
v 3.91449881 5.523499 -3.231629
v 4.22155857 5.52349854 -3.231629
v 3.91449881 4.630375 -3.231629
v 3.914363 4.630375 -2.940355
v 3.914363 5.52349854 -2.940355
v 3.91449881 5.523499 -3.231629
v 4.172859 5.63234 -3.18545914
v 4.172859 5.63234 -2.98669267
v 3.96317625 5.63234043 -3.18545914
v 4.172859 5.63234 -3.18545914
v 3.96308327 5.63234 -2.986556
v 3.96317625 5.63234043 -3.18545914
v 4.22155857 5.730052 -3.231629
v 4.22155857 5.730052 -2.940555
v 3.91449881 5.73005247 -3.231629
v 4.22155857 5.730052 -3.231629
v 3.914363 5.730052 -2.940355
v 3.91449881 5.73005247 -3.231629
v 4.22155857 5.8989296 -2.940555
v 4.22155857 5.8989296 -3.231629
v 3.91449881 5.89893 -3.231629
v 3.914363 5.8989296 -2.940355
v 4.22155857 5.8989296 -3.231629
v 4.22155857 5.8989296 -2.940555
v 4.22155857 5.730052 -2.940555
v 4.22155857 5.730052 -3.231629
v 3.91449881 5.89893 -3.231629
v 4.22155857 5.8989296 -3.231629
v 4.22155857 5.730052 -3.231629
v 3.91449881 5.73005247 -3.231629
v 3.914363 5.8989296 -2.940355
v 3.91449881 5.89893 -3.231629
v 3.91449881 5.73005247 -3.231629
v 3.914363 5.730052 -2.940355
v 4.22155857 5.8989296 -2.940555
v 3.914363 5.8989296 -2.940355
v 3.914363 5.730052 -2.940355
v 4.22155857 5.730052 -2.940555
v 0.047181882 4.06930876 -4.29415369
v 5.33637142 4.06930876 -4.29158926
v 5.33637142 3.78547454 -4.29158926
v 0.0471821576 3.78547454 -4.29684925
v -5.24200726 4.06930876 -4.29158831
v -5.242007 3.78547454 -4.29158926
v 5.347434 4.06930876 -0.162681192
v 5.33637238 4.06930876 3.966227
v 5.33637142 3.78547454 3.966228
v 5.347434 3.78547454 -0.162681192
v 5.33637142 4.06930876 -4.29158926
v 5.33637142 3.78547454 -4.29158926
v 5.33637142 4.06930876 -4.29158926
v 0.047181882 4.06930876 -4.29415369
v 0.0471815243 4.40454054 -3.41927886
v 4.3481493 4.40454054 -3.41927958
v 5.347434 4.06930876 -0.162681192
v 5.33637142 4.06930876 -4.29158926
v 4.3481493 4.40454054 -3.41927958
v 4.3481493 4.40454054 -0.1626813
v -5.24200726 4.06930876 -4.29158831
v -4.25378466 4.40454054 -3.419279
v 5.33637238 4.06930876 3.966227
v 4.348149 4.40454054 3.093917
v -4.803383 0.32943064 1.14450455
v -4.6753397 0.327190429 1.14450455
v -4.6753397 0.327190429 -1.01860273
v -4.803383 0.32943064 -1.01860273
v -4.86382866 -0.019728411 1.14450455
v -4.803383 0.32943064 1.14450455
v -4.803383 0.32943064 -1.01860273
v -4.86382866 -0.019728411 -1.01860273
v -4.79439831 3.5884912 -0.9852617
v -4.79439831 3.5884912 1.01010764
v -4.79439831 4.13830328 1.01010764
v -4.79439831 4.13830328 -0.9852617
v 1.491147 5.49727058 2.94707417
v 4.15418673 5.49727058 2.94707417
v 4.15418673 5.49727058 2.727783
v 1.491147 5.49727058 2.727783
v 1.491147 5.409554 2.94707417
v 4.15418673 5.409554 2.94707417
v 4.15418673 5.49727058 2.94707417
v 1.491147 5.49727058 2.94707417
v 1.491147 4.600307 2.88128686
v 4.186938 4.600307 2.88128686
v 4.186938 5.477472 2.88128686
v 1.491147 5.477472 2.88128686
v 1.49114692 5.409554 2.727783
v 1.491147 5.49727058 2.727783
v 4.15418673 5.49727058 2.727783
v 4.15418673 5.409554 2.727783
v 1.49114692 4.600307 2.79357052
v 1.491147 5.477472 2.79357052
v 4.186938 5.477472 2.79357052
v 4.186938 4.600307 2.79357052
v -1.204644 5.49727058 2.94707417
v 1.49114692 5.49727058 2.94707417
v 1.49114692 5.49727058 2.727783
v -1.204644 5.49727058 2.727783
v -1.204644 5.409554 2.94707417
v 1.49114692 5.409554 2.94707417
v 1.49114692 5.49727058 2.94707417
v -1.204644 5.49727058 2.94707417
v -1.204644 4.600307 2.88128686
v 1.49114692 4.600307 2.88128686
v 1.49114692 5.477472 2.88128686
v -1.204644 5.477472 2.88128686
v -1.20464432 5.409554 2.727783
v -1.204644 5.49727058 2.727783
v 1.49114692 5.49727058 2.727783
v 1.49114692 5.409554 2.727783
v -1.20464432 4.600307 2.79357052
v -1.204644 5.477472 2.79357052
v 1.49114692 5.477472 2.79357052
v 1.49114692 4.600307 2.79357052
v -3.90043449 5.49727058 2.94707417
v -1.2046442 5.49727058 2.94707417
v -1.2046442 5.49727058 2.727783
v -3.90043449 5.49727058 2.727783
v -3.90043449 5.409554 2.94707417
v -1.2046442 5.409554 2.94707417
v -1.2046442 5.49727058 2.94707417
v -3.90043449 5.49727058 2.94707417
v -3.90043449 4.600307 2.88128686
v -1.2046442 4.600307 2.88128686
v -1.2046442 5.477472 2.88128686
v -3.90043449 5.477472 2.88128686
v -3.900435 5.409554 2.727783
v -3.90043449 5.49727058 2.727783
v -1.2046442 5.49727058 2.727783
v -1.2046442 5.409554 2.727783
v -3.900435 4.600307 2.79357052
v -3.90043449 5.477472 2.79357052
v -1.2046442 5.477472 2.79357052
v -1.2046442 4.600307 2.79357052
v 1.49114716 5.49727058 -3.00383782
v 4.18693829 5.49727058 -3.00383782
v 4.18693829 5.49727058 -3.223129
v 1.49114728 5.49727058 -3.223129
v 1.49114716 5.40955448 -3.00383782
v 4.18693829 5.40955448 -3.00383782
v 4.18693829 5.49727058 -3.00383782
v 1.49114716 5.49727058 -3.00383782
v 1.49114716 4.60030746 -3.06962514
v 4.18693829 4.60030746 -3.06962514
v 4.18693829 5.47747231 -3.06962514
v 1.49114716 5.47747231 -3.06962538
v 1.49114716 5.40955448 -3.223129
v 1.49114728 5.49727058 -3.223129
v 4.18693829 5.49727058 -3.223129
v 4.18693829 5.40955448 -3.223129
v 1.491147 4.60030746 -3.157342
v 1.49114716 5.47747231 -3.157342
v 4.18693829 5.47747231 -3.15734148
v 4.18693829 4.60030746 -3.15734148
v -1.20464373 5.49727058 -3.00383782
v 1.491147 5.49727058 -3.00383782
v 1.491147 5.49727058 -3.223129
v -1.20464373 5.49727058 -3.223129
v -1.20464373 5.40955448 -3.00383782
v 1.491147 5.40955448 -3.00383782
v 1.491147 5.49727058 -3.00383782
v -1.20464373 5.49727058 -3.00383782
v -1.20464373 4.60030746 -3.06962514
v 1.491147 4.60030746 -3.06962514
v 1.491147 5.47747231 -3.06962538
v -1.20464373 5.47747231 -3.06962514
v -1.20464408 5.40955448 -3.223129
v -1.20464373 5.49727058 -3.223129
v 1.491147 5.49727058 -3.223129
v 1.491147 5.40955448 -3.223129
v -1.20464408 4.60030746 -3.15734148
v -1.20464373 5.47747231 -3.15734148
v 1.491147 5.47747231 -3.157342
v 1.491147 4.60030746 -3.157342
v -3.900434 5.49727058 -3.00383782
v -1.204644 5.49727058 -3.00383782
v -1.20464385 5.49727058 -3.223129
v -3.900434 5.49727058 -3.223129
v -3.900434 5.40955448 -3.00383782
v -1.204644 5.40955448 -3.00383782
v -1.204644 5.49727058 -3.00383782
v -3.900434 5.49727058 -3.00383782
v -3.900434 4.60030746 -3.06962538
v -1.204644 4.60030746 -3.06962514
v -1.204644 5.47747231 -3.06962514
v -3.900434 5.47747231 -3.06962538
v -3.90043449 5.40955448 -3.223129
v -3.900434 5.49727058 -3.223129
v -1.20464385 5.49727058 -3.223129
v -1.20464385 5.40955448 -3.223129
v -3.90043449 4.60030746 -3.157342
v -3.900434 5.47747231 -3.157342
v -1.204644 5.47747231 -3.15734148
v -1.204644 4.60030746 -3.15734148
v 0.122882031 1.41507328 3.483645
v 4.494536 1.41507328 3.483645
v 4.494536 1.41507328 3.26435351
v 0.122882031 1.41507328 3.26435351
v 0.122882031 1.32735682 3.483645
v 4.494536 1.32735682 3.483645
v 4.494536 1.41507328 3.483645
v 0.122882031 1.41507328 3.483645
v -4.362306 1.41507328 3.483645
v 0.122881509 1.41507328 3.483645
v 0.122881509 1.41507328 3.26435351
v -4.362306 1.41507328 3.26435351
v -4.362306 1.32735682 3.483645
v 0.122881509 1.32735682 3.483645
v 0.122881509 1.41507328 3.483645
v -4.362306 1.41507328 3.483645
v 3.96180058 5.49727058 -0.189911589
v 3.96180058 5.49727058 2.74650359
v 4.181092 5.49727058 2.74650359
v 4.181092 5.49727058 -0.189911485
v 3.96180058 5.40955448 -0.189911589
v 3.96180058 5.40955448 2.74650359
v 3.96180058 5.49727058 2.74650359
v 3.96180058 5.49727058 -0.189911589
v 4.08242 4.60030746 -0.18991144
v 4.08242 4.60030746 2.74650359
v 4.08242 5.47747231 2.74650359
v 4.08242035 5.47747231 -0.18991144
v 4.181092 5.40955448 -0.189911589
v 4.181092 5.49727058 -0.189911485
v 4.181092 5.49727058 2.74650359
v 4.181092 5.40955448 2.74650359
v 4.115304 4.60030746 -0.1899117
v 4.115304 5.47747231 -0.189911589
v 4.11530352 5.47747231 2.74650359
v 4.11530352 4.60030746 2.74650359
v 3.96180058 5.49727058 -3.01147532
v 3.96180058 5.49727058 -0.1899118
v 4.181092 5.49727058 -0.1899118
v 4.18109226 5.49727058 -3.01147532
v 3.96180058 5.40955448 -3.01147532
v 3.96180058 5.40955448 -0.1899118
v 3.96180058 5.49727058 -0.1899118
v 3.96180058 5.49727058 -3.01147532
v 4.08242 4.60030746 -3.01147532
v 4.08242 4.60030746 -0.189911649
v 4.08242035 5.47747231 -0.189911649
v 4.08242 5.47747231 -3.01147532
v 4.18109226 5.40955448 -3.0114758
v 4.18109226 5.49727058 -3.01147532
v 4.181092 5.49727058 -0.1899118
v 4.181092 5.40955448 -0.1899118
v 4.115304 4.60030746 -3.0114758
v 4.115304 5.47747231 -3.01147532
v 4.115304 5.47747231 -0.1899118
v 4.115304 4.60030746 -0.1899118
v -4.090174 5.49727058 -0.189911544
v -4.090174 5.49727058 2.74650359
v -3.87088346 5.49727058 2.74650359
v -3.87088346 5.49727058 -0.18991144
v -4.090174 5.40955448 -0.189911544
v -4.090174 5.40955448 2.74650359
v -4.090174 5.49727058 2.74650359
v -4.090174 5.49727058 -0.189911544
v -4.02438641 4.60030746 -0.18991144
v -4.024387 4.60030746 2.74650359
v -4.024387 5.47747231 2.74650359
v -4.02438641 5.47747231 -0.18991144
v -3.87088346 5.40955448 -0.189911544
v -3.87088346 5.49727058 -0.18991144
v -3.87088346 5.49727058 2.74650359
v -3.87088346 5.40955448 2.74650359
v -3.93667126 4.60030746 -0.189911649
v -3.93667126 5.47747231 -0.189911544
v -3.93667173 5.47747231 2.74650359
v -3.93667173 4.60030746 2.74650359
v -4.090174 5.49727058 -3.01147532
v -4.090174 5.49727058 -0.189911753
v -3.87088346 5.49727058 -0.189911753
v -3.87088346 5.49727058 -3.01147532
v -4.090174 5.40955448 -3.01147532
v -4.090174 5.40955448 -0.189911753
v -4.090174 5.49727058 -0.189911753
v -4.090174 5.49727058 -3.01147532
v -4.02438641 4.60030746 -3.01147532
v -4.02438641 4.60030746 -0.189911649
v -4.02438641 5.47747231 -0.189911649
v -4.02438641 5.47747231 -3.01147532
v -3.87088346 5.40955448 -3.0114758
v -3.87088346 5.49727058 -3.01147532
v -3.87088346 5.49727058 -0.189911753
v -3.87088346 5.40955448 -0.189911753
v -3.93667126 4.60030746 -3.0114758
v -3.93667126 5.47747231 -3.01147532
v -3.93667126 5.47747231 -0.189911753
v -3.93667126 4.60030746 -0.189911753
v -4.76971436 1.41507328 1.31370831
v -4.76971531 1.41507328 3.48017287
v -4.55042362 1.41507328 3.48017287
v -4.550423 1.41507328 1.31370831
v -4.76971436 1.32735682 1.31370831
v -4.76971531 1.32735682 3.48017287
v -4.76971531 1.41507328 3.48017287
v -4.76971436 1.41507328 1.31370831
v -4.76971436 1.41507328 -3.60610032
v -4.76971436 1.41507328 -1.22363484
v -4.550423 1.41507328 -1.22363484
v -4.550423 1.41507328 -3.60610032
v -4.76971436 1.32735682 -3.60610032
v -4.76971436 1.32735682 -1.22363484
v -4.76971436 1.41507328 -1.22363484
v -4.76971436 1.41507328 -3.60610032
v -0.0285178572 1.41507328 -3.77469158
v -4.22032261 1.41507328 -3.77469087
v -4.22032261 1.41507328 -3.5554
v -0.0285178348 1.41507328 -3.55540037
v -0.0285178572 1.32735682 -3.77469158
v -4.22032261 1.32735682 -3.77469087
v -4.22032261 1.41507328 -3.77469087
v -0.0285178572 1.41507328 -3.77469158
v 4.51648474 1.41507328 -3.77469158
v -0.02851738 1.41507328 -3.77469158
v -0.0285173655 1.41507328 -3.55540037
v 4.51648474 1.41507328 -3.55540061
v 4.51648474 1.32735682 -3.77469158
v -0.02851738 1.32735682 -3.77469158
v -0.02851738 1.41507328 -3.77469158
v 4.51648474 1.41507328 -3.77469158
v 4.76931 1.41507328 -0.238381088
v 4.76930952 1.41507328 -3.702178
v 4.550019 1.41507328 -3.702178
v 4.55001926 1.41507328 -0.238381058
v 4.76931 1.32735682 -0.238381088
v 4.76930952 1.32735682 -3.702178
v 4.76930952 1.41507328 -3.702178
v 4.76931 1.41507328 -0.238381088
v 4.769311 1.41507328 3.22112513
v 4.76931 1.41507328 -0.238380611
v 4.55001926 1.41507328 -0.238380611
v 4.55001974 1.41507328 3.22112513
v 4.769311 1.32735682 3.22112513
v 4.76931 1.32735682 -0.238380611
v 4.76931 1.41507328 -0.238380611
v 4.769311 1.41507328 3.22112513
v -4.365252 -0.0464273542 1.19138718
v -4.53307629 -0.0464274064 0.900706649
v -4.542304 0.109946638 0.9166899
v -4.38370752 0.109946616 1.19138718
v -4.868725 -0.0464274064 0.900706649
v -4.85949659 0.109946638 0.9166899
v -4.542304 0.109946638 0.9166899
v -4.53307629 -0.0464274064 0.900706649
v -5.036549 -0.0464273542 1.19138718
v -5.018093 0.109946631 1.19138718
v -4.868725 -0.0464273319 1.48206723
v -4.85949659 0.109946631 1.46608424
v -4.53307629 -0.0464273319 1.48206723
v -4.542304 0.109946631 1.46608424
v -4.58496237 4.124886 0.990576744
v -4.469025 4.124886 1.19138718
v -4.469025 0.166554168 1.19138718
v -4.58496237 0.166554168 0.990576744
v -4.81683874 4.124886 0.990576744
v -4.58496237 4.124886 0.990576744
v -4.58496237 0.166554168 0.990576744
v -4.81683874 0.166554168 0.990576744
v -4.93277645 4.124886 1.19138718
v -4.93277645 0.166554168 1.19138718
v -4.81683874 4.12488556 1.39219761
v -4.81683874 0.166554168 1.39219749
v -4.58496237 4.12488556 1.39219749
v -4.58496237 0.166554168 1.39219749
v -4.365252 -0.0464273468 -1.15506935
v -4.53307629 -0.0464274 -1.44574988
v -4.542304 0.109946631 -1.42976665
v -4.38370752 0.109946631 -1.15506935
v -4.868725 -0.0464274 -1.44574988
v -4.85949659 0.109946631 -1.42976665
v -4.542304 0.109946631 -1.42976665
v -4.53307629 -0.0464274 -1.44574988
v -5.036549 -0.0464273468 -1.15506935
v -5.018093 0.109946631 -1.15506935
v -4.868725 -0.0464273468 -0.8643895
v -4.85949659 0.109946631 -0.8803723
v -4.53307629 -0.0464273468 -0.8643895
v -4.542304 0.109946631 -0.8803723
v -4.58496237 4.124886 -1.35587978
v -4.469025 4.124886 -1.15506935
v -4.469025 0.166554168 -1.15506935
v -4.58496237 0.166554168 -1.35587978
v -4.81683874 4.124886 -1.35587978
v -4.58496237 4.124886 -1.35587978
v -4.58496237 0.166554168 -1.35587978
v -4.81683874 0.166554168 -1.35587978
v -4.93277645 4.124886 -1.15506935
v -4.93277645 0.166554168 -1.15506935
v -4.81683874 4.12488556 -0.9542591
v -4.81683874 0.166554168 -0.9542591
v -4.58496237 4.12488556 -0.9542591
v -4.58496237 0.166554168 -0.9542591
v -4.724551 3.086578 -1.01089644
v -4.724551 0.0187168121 -1.01089668
v 0.047181 4.670957 -3.41927886
v 4.348149 4.670957 -3.41927981
v 4.3481493 4.40454054 -3.41927958
v 0.0471815243 4.40454054 -3.41927886
v 4.348149 4.670957 -3.41927981
v 4.348149 4.670957 -0.162681609
v 4.3481493 4.40454054 -0.1626813
v 4.3481493 4.40454054 -3.41927958
v -4.253786 4.670957 -3.41927934
v -4.25378466 4.40454054 -3.419279
v 4.34815 4.670957 3.09391737
v 4.348149 4.40454054 3.093917
v 4.348149 4.670957 -3.41927981
v 0.047181 4.670957 -3.41927886
v -0.960660338 4.679729 -2.47430754
v 1.18535149 4.679729 -2.474308
v 3.331365 4.679729 -2.474308
v 3.331365 4.679729 -2.474308
v 3.331365 4.679729 -0.1626814
v 4.348149 4.670957 -0.162681609
v 4.348149 4.670957 -3.41927981
v -3.23700333 4.679729 -2.47430754
v -4.253786 4.670957 -3.41927934
v 3.331366 4.679729 2.148945
v 4.34815 4.670957 3.09391737
v -0.960660338 4.679729 -2.47430754
v -0.960660338 7.53395176 -2.47430754
v 1.185352 7.53395176 -2.47430754
v 1.18535149 4.679729 -2.474308
v 3.33136559 7.53395176 -2.47430778
v 3.331366 7.53395176 -0.162681088
v 3.331365 4.679729 -0.1626814
v 3.331365 4.679729 -2.474308
v -3.23700285 7.53395176 -2.47430778
v -0.960660338 7.53395176 -2.47430754
v -0.960660338 4.679729 -2.47430754
v -3.23700333 4.679729 -2.47430754
v 3.331366 7.53395176 2.14894557
v 3.331366 4.679729 2.148945
v 3.33136559 7.53395176 -2.47430778
v 3.331365 4.679729 -2.474308
v -4.79439831 3.038679 -0.9852617
v -4.79439831 3.03867912 1.01010764
v 4.90975857 0.30350253 -0.5339894
v 5.158768 0.30350253 -0.1026924
v 5.081436 -0.0127127506 -0.1026924
v 4.87109232 -0.0127127506 -0.4670173
v 4.4117403 0.30350253 -0.5339894
v 4.90975857 0.30350253 -0.5339894
v 4.87109232 -0.0127127506 -0.4670173
v 4.450407 -0.0127127506 -0.4670173
v 4.16273069 0.30350253 -0.1026924
v 4.240063 -0.0127127506 -0.1026924
v 4.4117403 0.30350256 0.328604221
v 4.450407 -0.0127127506 0.2616325
v 4.90975857 0.30350256 0.328604221
v 4.87109232 -0.0127127506 0.2616325
v 4.83277225 0.515147567 -0.400644958
v 5.004796 0.515147567 -0.1026924
v 4.488727 0.515147567 -0.400644958
v 4.83277225 0.515147567 -0.400644958
v 4.31670332 0.515147567 -0.1026924
v 4.488727 0.5151476 0.195259765
v 4.83277225 0.5151476 0.195259765
v 4.83277225 4.10499334 -0.400644958
v 5.004796 4.10499334 -0.1026924
v 4.488727 4.10499334 -0.400644958
v 4.83277225 4.10499334 -0.400644958
v 4.31670332 4.10499334 -0.1026924
v 4.488727 4.10499334 0.195260182
v 4.83277225 4.10499334 0.195259765
v 0.447434843 4.194563 -3.67134023
v 4.68104553 4.194563 -3.67134023
v 4.68104553 0.0187168121 -3.67134023
v 0.447434634 0.0187168121 -3.67134023
v 4.68104553 4.194563 3.345978
v -0.114269227 4.194563 3.345978
v -0.114269227 0.0187168121 3.345978
v 4.68104553 0.0187168121 3.345978
v -4.58668041 0.0187168121 1.97266412
v -4.58668041 4.194563 1.97266412
v -4.58668041 4.194563 1.18964851
v -4.58668041 0.0187168121 1.18964839
v -4.58668041 0.0187168121 -0.966680944
v -4.58668041 4.194563 -0.9666808
v -4.58668041 4.194563 -1.99304569
v -4.58668041 0.0187168121 -1.99304569
v -3.821453 4.630375 -2.94055486
v -3.821453 4.630375 -3.23162866
v -3.821453 5.52349854 -3.23162866
v -3.821453 5.52349854 -2.94055486
v -3.821453 4.630375 -3.23162866
v -4.12851238 4.630375 -3.23162866
v -4.12851238 5.523499 -3.23162866
v -3.821453 5.52349854 -3.23162866
v -4.12851238 4.630375 -3.23162866
v -4.12864828 4.630375 -2.94035482
v -4.12864828 5.52349854 -2.94035482
v -4.12851238 5.523499 -3.23162866
v -3.87015152 5.63234 -3.185459
v -3.87015152 5.63234 -2.98669243
v -4.07983446 5.63234043 -3.185459
v -3.87015152 5.63234 -3.185459
v -4.079927 5.63234 -2.98655581
v -4.07983446 5.63234043 -3.185459
v -3.821453 5.730052 -3.23162866
v -3.821453 5.730052 -2.94055486
v -4.12851238 5.73005247 -3.23162866
v -3.821453 5.730052 -3.23162866
v -4.12864828 5.730052 -2.94035482
v -4.12851238 5.73005247 -3.23162866
v -3.821453 5.8989296 -2.94055486
v -3.821453 5.8989296 -3.23162866
v -4.12851238 5.89893 -3.23162866
v -4.12864828 5.8989296 -2.94035482
v -3.821453 5.8989296 -3.23162866
v -3.821453 5.8989296 -2.94055486
v -3.821453 5.730052 -2.94055486
v -3.821453 5.730052 -3.23162866
v -4.12851238 5.89893 -3.23162866
v -3.821453 5.8989296 -3.23162866
v -3.821453 5.730052 -3.23162866
v -4.12851238 5.73005247 -3.23162866
v -4.12864828 5.8989296 -2.94035482
v -4.12851238 5.89893 -3.23162866
v -4.12851238 5.73005247 -3.23162866
v -4.12864828 5.730052 -2.94035482
v -3.821453 5.8989296 -2.94055486
v -4.12864828 5.8989296 -2.94035482
v -4.12864828 5.730052 -2.94035482
v -3.821453 5.730052 -2.94055486
v 4.22155762 4.630375 2.98186779
v 4.22155762 4.630375 2.690794
v 4.22155762 5.52349854 2.690794
v 4.22155762 5.52349854 2.98186779
v 4.22155762 4.630375 2.690794
v 3.91449833 4.630375 2.690794
v 3.91449833 5.523499 2.690794
v 4.22155762 5.52349854 2.690794
v 3.91449833 4.630375 2.690794
v 3.91436243 4.630375 2.98206782
v 3.91436243 5.52349854 2.98206782
v 3.91449833 5.523499 2.690794
v 4.17285872 5.63234 2.73696327
v 4.17285872 5.63234 2.93573022
v 3.96317577 5.63234043 2.73696327
v 4.17285872 5.63234 2.73696327
v 3.96308279 5.63234 2.93586683
v 3.96317577 5.63234043 2.73696327
v 4.22155762 5.730052 2.690794
v 4.22155762 5.730052 2.98186779
v 3.91449833 5.73005247 2.690794
v 4.22155762 5.730052 2.690794
v 3.91436243 5.730052 2.98206782
v 3.91449833 5.73005247 2.690794
v 4.22155762 5.8989296 2.98186779
v 4.22155762 5.8989296 2.690794
v 3.91449833 5.89893 2.690794
v 3.91436243 5.8989296 2.98206782
v 4.22155762 5.8989296 2.690794
v 4.22155762 5.8989296 2.98186779
v 4.22155762 5.730052 2.98186779
v 4.22155762 5.730052 2.690794
v 3.91449833 5.89893 2.690794
v 4.22155762 5.8989296 2.690794
v 4.22155762 5.730052 2.690794
v 3.91449833 5.73005247 2.690794
v 3.91436243 5.8989296 2.98206782
v 3.91449833 5.89893 2.690794
v 3.91449833 5.73005247 2.690794
v 3.91436243 5.730052 2.98206782
v 4.22155762 5.8989296 2.98186779
v 3.91436243 5.8989296 2.98206782
v 3.91436243 5.730052 2.98206782
v 4.22155762 5.730052 2.98186779
v -3.821453 4.630375 2.98186827
v -3.821453 4.630375 2.69079447
v -3.821453 5.52349854 2.69079447
v -3.821453 5.52349854 2.98186827
v -3.821453 4.630375 2.69079447
v -4.12851238 4.630375 2.69079447
v -4.12851238 5.523499 2.69079447
v -3.821453 5.52349854 2.69079447
v -4.12851238 4.630375 2.69079447
v -4.12864828 4.630375 2.982068
v -4.12864828 5.52349854 2.982068
v -4.12851238 5.523499 2.69079447
v -3.87015152 5.63234 2.73696423
v -3.87015152 5.63234 2.9357307
v -4.07983446 5.63234043 2.73696423
v -3.87015152 5.63234 2.73696423
v -4.079927 5.63234 2.93586731
v -4.07983446 5.63234043 2.73696423
v -3.821453 5.730052 2.69079447
v -3.821453 5.730052 2.98186827
v -4.12851238 5.73005247 2.69079447
v -3.821453 5.730052 2.69079447
v -4.12864828 5.730052 2.982068
v -4.12851238 5.73005247 2.69079447
v -3.821453 5.8989296 2.98186827
v -3.821453 5.8989296 2.69079447
v -4.12851238 5.89893 2.69079447
v -4.12864828 5.8989296 2.982068
v -3.821453 5.8989296 2.69079447
v -3.821453 5.8989296 2.98186827
v -3.821453 5.730052 2.98186827
v -3.821453 5.730052 2.69079447
v -4.12851238 5.89893 2.69079447
v -3.821453 5.8989296 2.69079447
v -3.821453 5.730052 2.69079447
v -4.12851238 5.73005247 2.69079447
v -4.12864828 5.8989296 2.982068
v -4.12851238 5.89893 2.69079447
v -4.12851238 5.73005247 2.69079447
v -4.12864828 5.730052 2.982068
v -3.821453 5.8989296 2.98186827
v -4.12864828 5.8989296 2.982068
v -4.12864828 5.730052 2.982068
v -3.821453 5.730052 2.98186827
v 5.523788 4.174345 -4.31774759
v 5.552184 4.029573 -4.21972656
v 5.50903 3.99270082 -4.42171669
v 5.402301 4.171617 -4.44661665
v 5.309211 4.02411652 -4.47746325
v 5.337608 3.87934542 -4.37944174
v 5.45909452 3.88207364 -4.250572
v 5.44257832 4.151596 -4.278344
v 5.4621954 4.051583 -4.210629
v 5.552184 4.029573 -4.21972656
v 5.523788 4.174345 -4.31774759
v 5.35865164 4.14971161 -4.36737
v 5.402301 4.171617 -4.44661665
v 5.29434252 4.04781342 -4.3886795
v 5.309211 4.02411652 -4.47746325
v 5.31396 3.947801 -4.32096434
v 5.29434252 4.04781342 -4.3886795
v 5.309211 4.02411652 -4.47746325
v 5.337608 3.87934542 -4.37944174
v 5.39788675 3.949686 -4.231938
v 5.45909452 3.88207364 -4.250572
v 4.28338337 4.556149 -3.28064561
v 4.303001 4.456136 -3.212929
v 4.19945765 4.55426455 -3.369671
v 4.135148 4.45236731 -3.390982
v 4.154765 4.352354 -3.3232646
v 4.135148 4.45236731 -3.390982
v 4.238692 4.354239 -3.23423934
v -5.292592 4.143437 -4.36527634
v -5.20075035 3.99866486 -4.40976858
v -5.39259243 3.961793 -4.333226
v -5.39917 4.140709 -4.22382832
v -5.41390467 3.99320817 -4.126875
v -5.322063 3.84843731 -4.17136765
v -5.21548462 3.85116553 -4.312815
v -5.24008 4.120688 -4.29185963
v -5.17663336 4.02067471 -4.3225956
v -5.20075035 3.99866486 -4.40976858
v -5.292592 4.143437 -4.36527634
v -5.3137064 4.1188035 -4.1941433
v -5.39917 4.140709 -4.22382832
v -5.32388544 4.016906 -4.127164
v -5.41390467 3.99320817 -4.126875
v -5.2604394 3.916893 -4.157902
v -5.32388544 4.016906 -4.127164
v -5.41390467 3.99320817 -4.126875
v -5.322063 3.84843731 -4.17136765
v -5.186812 3.91877818 -4.255618
v -5.21548462 3.85116553 -4.312815
v -4.06147528 4.525241 -3.31716585
v -3.99802732 4.425228 -3.34790277
v -4.13510132 4.52335644 -3.219451
v -4.145282 4.421459 -3.152471
v -4.08183336 4.321446 -3.1832087
v -4.145282 4.421459 -3.152471
v -4.00820732 4.323331 -3.28092432
v -5.34361172 4.156511 3.97720671
v -5.37671137 4.011739 3.88067245
v -5.32384634 3.97486687 4.080341
v -5.216039 4.153783 4.10005426
v -5.12156773 4.00628233 4.126366
v -5.154668 3.86151123 4.029832
v -5.28224 3.86423969 3.90698385
v -5.264402 4.133762 3.93392515
v -5.28726625 4.033749 3.86723661
v -5.37671137 4.011739 3.88067245
v -5.34361172 4.156511 3.97720671
v -5.17627048 4.131878 4.018791
v -5.216039 4.153783 4.10005426
v -5.11100674 4.02997971 4.03696775
v -5.12156773 4.00628233 4.126366
v -5.13387346 3.92996716 3.97027969
v -5.11100674 4.02997971 4.03696775
v -5.12156773 4.00628233 4.126366
v -5.154668 3.86151123 4.029832
v -5.22200441 3.931852 3.88541317
v -5.28224 3.86423969 3.90698385
v -4.15477371 4.5383153 2.881375
v -4.177639 4.438302 2.81468558
v -4.066643 4.53643036 2.96624064
v -4.001379 4.434533 2.98441863
v -4.02424574 4.33452034 2.91772866
v -4.001379 4.434533 2.98441863
v -4.11237574 4.336405 2.832863
v 5.38986254 4.1501317 4.102201
v 5.296956 4.00535965 4.14442348
v 5.490621 3.9684875 4.072617
v 5.499883 4.14740372 3.96341419
v 5.51699543 3.999903 3.86685181
v 5.424089 3.85513186 3.90907478
v 5.314068 3.85786033 4.047861
v 5.33917 4.12738276 4.027517
v 5.2749877 4.0273695 4.05668354
v 5.296956 4.00535965 4.14442348
v 5.38986254 4.1501317 4.102201
v 5.415175 4.12549829 3.93163824
v 5.499883 4.14740372 3.96341419
v 5.426996 4.0236 3.86492968
v 5.51699543 3.999903 3.86685181
v 5.362814 3.9235878 3.89409924
v 5.426996 4.0236 3.86492968
v 5.51699543 3.999903 3.86685181
v 5.424089 3.85513186 3.90907478
v 5.286808 3.92547274 3.989977
v 5.314068 3.85786033 4.047861
v 4.18486643 4.53193569 3.024163
v 4.120683 4.431923 3.053331
v 4.26087 4.530051 2.928286
v 4.27269363 4.428154 2.861577
v 4.208509 4.32814074 2.89074588
v 4.27269363 4.428154 2.861577
v 4.132505 4.33002567 2.986623
vt 0.7891686 0.9848433
vt 0.211750269 0.9848435
vt 0.2083223 0.9120372
vt 0.7925964 0.9120371
vt 0.9948454 0.993458152
vt 0.913731337 0.9934338
vt 0.913728237 0.9501029
vt 0.994846642 0.9497182
vt 1.11711943 0.9950293
vt -0.110742472 0.9950293
vt -0.110742472 0.004484415
vt 1.11711943 0.004484415
vt -0.106961548 0.9995005
vt 1.09024072 0.9995023
vt 1.09024668 0.000501334667
vt -0.106955588 0.0004995465
vt 0.740319133 0.07866067
vt 0.740513444 -1.327043
vt 0.6885736 -1.32704258
vt 0.688388646 0.0786608458
vt 0.7405231 1.38615143
vt 0.688583255 1.38615131
vt -0.0842423961 0.9994987
vt 1.07229412 0.9995005
vt 1.07230008 0.0004995465
vt -0.0842364356 0.0004976988
vt -0.117383257 0.995029151
vt 1.12897968 0.995029151
vt 1.12897968 0.00448435545
vt -0.117383257 0.00448435545
vt 0.406518817 0.0004995465
vt 0.4065188 0.9995005
vt -0.0874167 0.9995005
vt -0.08741666 0.0004995465
vt 0.5918953 0.0004995465
vt 1.07828844 0.000499606133
vt 1.07828832 0.9995005
vt 0.5918952 0.9995005
vt 0.740650654 0.5915088
vt 0.7407956 1.50851107
vt 0.688779354 1.50851071
vt 0.6886411 0.5915082
vt 0.740789 -0.325494051
vt 0.6887727 -0.3254944
vt 0.740513444 -1.327043
vt 0.740319133 0.07866067
vt 0.9842083 0.07865971
vt 0.9842042 -1.08083153
vt 0.740650654 0.5915088
vt 0.740789 -0.325494051
vt 0.984131932 -0.131753922
vt 0.984134555 0.5915147
vt 0.7405231 1.38615143
vt 0.9842121 1.13993847
vt 0.7407956 1.50851107
vt 0.9841372 1.314783
vt 0.07067863 0.5622833
vt 0.07067861 -0.107047319
vt 0.004974582 -0.1070472
vt 0.004976907 0.5622834
vt 0.0706723258 1.22910988
vt 0.0706723 0.559779346
vt 0.00333479885 0.559779763
vt 0.00333765987 1.22911048
vt 0.0706786439 1.231614
vt 0.004979172 1.23161411
vt 0.07067229 -0.109551311
vt 0.00333211664 -0.109550714
vt 0.0704985037 -0.107047319
vt 0.07049852 0.5622833
vt 0.261660546 0.7191261
vt 0.2616593 0.385156631
vt 0.2616581 0.05118704
vt 0.2627007 1.03488386
vt 0.262698919 0.5597738
vt 0.0704922 0.559779346
vt 0.07049222 1.22910988
vt 0.2616618 1.073378
vt 0.07049853 1.231614
vt 0.26269713 0.08466375
vt 0.0704921857 -0.109551311
vt 0.003991723 0.010392487
vt 0.00399184227 0.6937154
vt 0.7392756 0.6937154
vt 0.7392756 0.010392487
vt -0.06802905 0.7004001
vt 0.739990354 0.7003983
vt 0.739994049 0.000499665737
vt -0.06802548 0.0005014539
vt -0.0513381027 0.6937154
vt 0.7484737 0.6937154
vt 0.7484736 0.010392487
vt -0.0513381027 0.010392487
vt -0.089289166 0.700396538
vt -0.08928549 0.000497818
vt -0.367088258 0.00460207462
vt 0.00294451416 0.0045747757
vt 0.002944544 0.08939147
vt -0.22920996 0.09002006
vt -0.367088258 0.09024304
vt -0.115379959 0.0933330655
vt 0.5018707 0.0933330655
vt 0.5018707 0.00488168
vt -0.115379952 0.00488168
vt 0.9136231 0.381655574
vt 0.9135283 0.184908509
vt 0.9944387 0.183458447
vt 0.9946183 0.383770466
vt 0.119712889 0.362196684
vt 0.5018706 0.362196684
vt 0.8475968 0.9851377
vt 0.8475988 0.413664818
vt 0.399238378 0.4136665
vt 0.8122981 0.9851378
vt 0.00340969628 0.387491465
vt 0.00339342654 0.09059763
vt 0.9974599 0.0905936956
vt 0.997460067 0.387491226
vt 0.904005349 0.942321658
vt 0.904684663 0.330613375
vt 0.8650431 0.351497531
vt 0.864679039 0.94950217
vt 0.8651158 0.134697676
vt 0.904446244 0.0167081356
vt 0.8650766 0.0125510693
vt 0.91350466 0.0131927729
vt 0.994380057 0.0130864978
vt 0.994349658 0.0506737828
vt 0.913478851 0.05076641
vt 0.913487852 0.0359940529
vt 0.9044439 0.0148391128
vt 0.9046942 0.3296342
vt 0.865072131 0.3545307
vt 0.865111 0.133008122
vt 0.865074337 0.0108659267
vt 0.8394707 0.121757865
vt 0.8201532 0.07160777
vt 0.8298355 0.0303247571
vt 0.9039987 0.9018337
vt 0.86467576 0.949002445
vt 0.904084265 0.987213
vt 0.8647853 0.999049544
vt 0.904166937 0.976793647
vt 0.8647873 0.999073267
vt 0.9944086 0.157129884
vt 0.9135089 0.158115208
vt 0.829889 0.0315360427
vt 0.820349038 0.07296133
vt 0.840827763 0.123040378
vt 0.9943253 0.07387483
vt 0.9134735 0.07498884
vt 0.9134852 0.114786446
vt 0.994352341 0.113561869
vt 0.365694 0.0004994869
vt 6.15716E-05 0.0004994869
vt 6.151199E-05 0.7806453
vt 0.365694 0.7806453
vt 0.9973993 0.00457453728
vt 0.99739933 0.08938289
vt 0.5018703 0.00488168
vt 0.5018703 0.0933330059
vt -0.115380332 0.0933330059
vt -0.115380317 0.00488168
vt 0.119712673 0.362196565
vt 0.5018703 0.362196565
vt 0.399238139 0.4136665
vt 0.847599149 0.413664758
vt 0.847597 0.9851377
vt 0.812298 0.9851378
vt 1.11912119 0.0933330655
vt 1.11912119 0.00488168
vt 0.884028256 0.362196684
vt 0.398938656 0.413663149
vt 0.8119946 0.9851376
vt 1.11912072 0.0933330059
vt 1.11912072 0.00488168
vt 0.884027839 0.362196565
vt 0.3989392 0.4136631
vt 0.811994731 0.9851376
vt 0.9761872 0.4049273
vt 0.9762988 0.0309555531
vt 0.9423515 0.0291798115
vt 0.9420573 0.404648781
vt 0.9773772 0.964601338
vt 0.9427737 0.9580785
vt 0.9780405 0.991264343
vt 0.9773303 0.9654347
vt 0.943221867 0.9599466
vt 0.9434586 0.989443958
vt 0.754842043 0.08099842
vt 0.8645276 0.08099842
vt 0.8645276 0.005385995
vt 0.754842043 0.005385995
vt 0.864310563 0.0810850263
vt 0.995798051 0.0810850263
vt 0.995798051 0.005433321
vt 0.864310563 0.005433321
vt 0.754667163 0.0810850263
vt 0.754667163 0.005433321
vt 0.8645052 0.0810850263
vt 0.8645052 0.005433321
vt 0.9958452 0.0810850263
vt 0.9958452 0.005433321
vt 0.754842043 0.131477952
vt 0.8645276 0.131477952
vt 0.864310563 0.131740391
vt 0.995798051 0.131740391
vt 0.754667163 0.131740391
vt 0.8645052 0.131740391
vt 0.9958452 0.131740391
vt 0.754842043 0.9900243
vt 0.8645276 0.9900243
vt 0.864310563 0.9902303
vt 0.995798051 0.9902303
vt 0.7546673 0.9902303
vt 0.8645052 0.9902303
vt 0.9958452 0.9902303
vt 0.754842043 0.08099842
vt 0.8645276 0.08099842
vt 0.8645276 0.005385995
vt 0.754842043 0.005385995
vt 0.864310563 0.0810850263
vt 0.995798051 0.0810850263
vt 0.995798051 0.005433321
vt 0.864310563 0.005433321
vt 0.754667163 0.0810850263
vt 0.754667163 0.005433321
vt 0.8645052 0.0810850263
vt 0.8645052 0.005433321
vt 0.9958452 0.0810850263
vt 0.9958452 0.005433321
vt 0.754842043 0.131477952
vt 0.8645276 0.131477952
vt 0.864310563 0.131740391
vt 0.995798051 0.131740391
vt 0.754667163 0.131740391
vt 0.8645052 0.131740391
vt 0.9958452 0.131740391
vt 0.754842043 0.9900243
vt 0.8645276 0.9900243
vt 0.864310563 0.9902303
vt 0.995798051 0.9902303
vt 0.7546673 0.9902303
vt 0.8645052 0.9902303
vt 0.9958452 0.9902303
vt 0.754842043 0.08099842
vt 0.8645276 0.08099842
vt 0.8645276 0.005385995
vt 0.754842043 0.005385995
vt 0.864310563 0.0810850263
vt 0.995798051 0.0810850263
vt 0.995798051 0.005433321
vt 0.864310563 0.005433321
vt 0.754667163 0.0810850263
vt 0.754667163 0.005433321
vt 0.8645052 0.0810850263
vt 0.8645052 0.005433321
vt 0.9958452 0.0810850263
vt 0.9958452 0.005433321
vt 0.754842043 0.131477952
vt 0.8645276 0.131477952
vt 0.864310563 0.131740391
vt 0.995798051 0.131740391
vt 0.754667163 0.131740391
vt 0.8645052 0.131740391
vt 0.9958452 0.131740391
vt 0.754842043 0.9900243
vt 0.8645276 0.9900243
vt 0.864310563 0.9902303
vt 0.995798051 0.9902303
vt 0.7546673 0.9902303
vt 0.8645052 0.9902303
vt 0.9958452 0.9902303
vt 0.754842043 0.08099842
vt 0.8645276 0.08099842
vt 0.8645276 0.005385995
vt 0.754842043 0.005385995
vt 0.864310563 0.0810850263
vt 0.995798051 0.0810850263
vt 0.995798051 0.005433321
vt 0.864310563 0.005433321
vt 0.754667163 0.0810850263
vt 0.754667163 0.005433321
vt 0.8645052 0.0810850263
vt 0.8645052 0.005433321
vt 0.9958452 0.0810850263
vt 0.9958452 0.005433321
vt 0.754842043 0.131477952
vt 0.8645276 0.131477952
vt 0.864310563 0.131740391
vt 0.995798051 0.131740391
vt 0.754667163 0.131740391
vt 0.8645052 0.131740391
vt 0.9958452 0.131740391
vt 0.754842043 0.9900243
vt 0.8645276 0.9900243
vt 0.864310563 0.9902303
vt 0.995798051 0.9902303
vt 0.7546673 0.9902303
vt 0.8645052 0.9902303
vt 0.9958452 0.9902303
vt 0.754842043 0.08099842
vt 0.8645276 0.08099842
vt 0.8645276 0.005385995
vt 0.754842043 0.005385995
vt 0.864310563 0.0810850263
vt 0.995798051 0.0810850263
vt 0.995798051 0.005433321
vt 0.864310563 0.005433321
vt 0.754667163 0.0810850263
vt 0.754667163 0.005433321
vt 0.8645052 0.0810850263
vt 0.8645052 0.005433321
vt 0.9958452 0.0810850263
vt 0.9958452 0.005433321
vt 0.754842043 0.131477952
vt 0.8645276 0.131477952
vt 0.864310563 0.131740391
vt 0.995798051 0.131740391
vt 0.754667163 0.131740391
vt 0.8645052 0.131740391
vt 0.9958452 0.131740391
vt 0.754842043 0.9900243
vt 0.8645276 0.9900243
vt 0.864310563 0.9902303
vt 0.995798051 0.9902303
vt 0.7546673 0.9902303
vt 0.8645052 0.9902303
vt 0.9958452 0.9902303
vt 0.754842043 0.08099842
vt 0.8645276 0.08099842
vt 0.8645276 0.005385995
vt 0.754842043 0.005385995
vt 0.864310563 0.0810850263
vt 0.995798051 0.0810850263
vt 0.995798051 0.005433321
vt 0.864310563 0.005433321
vt 0.754667163 0.0810850263
vt 0.754667163 0.005433321
vt 0.8645052 0.0810850263
vt 0.8645052 0.005433321
vt 0.9958452 0.0810850263
vt 0.9958452 0.005433321
vt 0.754842043 0.131477952
vt 0.8645276 0.131477952
vt 0.864310563 0.131740391
vt 0.995798051 0.131740391
vt 0.754667163 0.131740391
vt 0.8645052 0.131740391
vt 0.9958452 0.131740391
vt 0.754842043 0.9900243
vt 0.8645276 0.9900243
vt 0.864310563 0.9902303
vt 0.995798051 0.9902303
vt 0.7546673 0.9902303
vt 0.8645052 0.9902303
vt 0.9958452 0.9902303
vt 0.7668869 0.9890497
vt 0.8746357 0.9890497
vt 0.8746357 0.146826029
vt 0.7668869 0.146826029
vt 0.874276936 0.9890497
vt 0.986648262 0.9890497
vt 0.986648262 0.146826029
vt 0.874276936 0.146826029
vt 0.766543448 0.9890497
vt 0.874276936 0.9890497
vt 0.874276936 0.146826029
vt 0.766543448 0.146826029
vt 0.874292254 0.9890497
vt 0.8742922 0.146826029
vt 0.9866636 0.9890497
vt 0.874292254 0.9890497
vt 0.8742922 0.146826029
vt 0.9866636 0.146826029
vt 0.9866636 0.9890497
vt 0.9866636 0.146826029
vt 0.7668869 0.9890497
vt 0.8746357 0.9890497
vt 0.8746357 0.146826029
vt 0.7668869 0.146826029
vt 0.874276936 0.9890497
vt 0.986648262 0.9890497
vt 0.986648262 0.146826029
vt 0.874276936 0.146826029
vt 0.766543448 0.9890497
vt 0.874276936 0.9890497
vt 0.874276936 0.146826029
vt 0.766543448 0.146826029
vt 0.874292254 0.9890497
vt 0.8742922 0.146826029
vt 0.9866636 0.9890497
vt 0.874292254 0.9890497
vt 0.8742922 0.146826029
vt 0.9866636 0.146826029
vt 0.9866636 0.9890497
vt 0.9866636 0.146826029
vt 0.7668869 0.9890497
vt 0.8746357 0.9890497
vt 0.8746357 0.146826029
vt 0.7668869 0.146826029
vt 0.874276936 0.9890497
vt 0.986648262 0.9890497
vt 0.986648262 0.146826029
vt 0.874276936 0.146826029
vt 0.766543448 0.9890497
vt 0.874276936 0.9890497
vt 0.874276936 0.146826029
vt 0.766543448 0.146826029
vt 0.874292254 0.9890497
vt 0.8742922 0.146826029
vt 0.9866636 0.9890497
vt 0.874292254 0.9890497
vt 0.8742922 0.146826029
vt 0.9866636 0.146826029
vt 0.9866636 0.9890497
vt 0.9866636 0.146826029
vt 0.7668869 0.9890497
vt 0.8746357 0.9890497
vt 0.8746357 0.146826029
vt 0.7668869 0.146826029
vt 0.874276936 0.9890497
vt 0.986648262 0.9890497
vt 0.986648262 0.146826029
vt 0.874276936 0.146826029
vt 0.766543448 0.9890497
vt 0.874276936 0.9890497
vt 0.874276936 0.146826029
vt 0.766543448 0.146826029
vt 0.874292254 0.9890497
vt 0.8742922 0.146826029
vt 0.9866636 0.9890497
vt 0.874292254 0.9890497
vt 0.8742922 0.146826029
vt 0.9866636 0.146826029
vt 0.9866636 0.9890497
vt 0.9866636 0.146826029
vt 1.3704834 0.00460207462
vt 1.3704834 0.0902423859
vt 1.2326051 0.0900195241
vt 1.23257387 0.09088546
vt 0.997508943 0.3874913
vt -0.228670478 0.0908857
vt 0.2083223 0.9120372
vt 0.7925964 0.9120371
vt -0.367088258 0.00460207462
vt -0.367088258 0.09024304
vt -0.22920996 0.09002006
vt 0.002944544 0.08939147
vt 0.00294451416 0.0045747757
vt 0.9974599 0.0905936956
vt 0.00339342654 0.09059763
vt 0.00340969628 0.387491465
vt 0.997460067 0.387491226
vt 0.99739933 0.08938289
vt 0.9973993 0.00457453728
vt 1.2326051 0.0900195241
vt 1.3704834 0.0902423859
vt 1.3704834 0.00460207462
vt 1.23257387 0.09088546
vt 0.997508943 0.3874913
vt -0.228670478 0.0908857
vt 0.913728237 0.9501029
vt 0.994846642 0.9497182
vt 0.9944387 0.183458447
vt 0.9135283 0.184908509
vt 0.9136231 0.381655574
vt 0.9946183 0.383770466
vt 0.8650431 0.351497531
vt 0.904684663 0.330613375
vt 0.904005349 0.942321658
vt 0.864679039 0.94950217
vt 0.8651158 0.134697676
vt 0.8650766 0.0125510693
vt 0.904446244 0.0167081356
vt 0.91350466 0.0131927729
vt 0.913487852 0.0359940529
vt 0.913478851 0.05076641
vt 0.994349658 0.0506737828
vt 0.994380057 0.0130864978
vt 0.9044439 0.0148391128
vt 0.865074337 0.0108659267
vt 0.865111 0.133008122
vt 0.865072131 0.3545307
vt 0.9046942 0.3296342
vt 0.8298355 0.0303247571
vt 0.8201532 0.07160777
vt 0.8394707 0.121757865
vt 0.86467576 0.949002445
vt 0.9039987 0.9018337
vt 0.9944086 0.157129884
vt 0.9135089 0.158115208
vt 0.840827763 0.123040378
vt 0.820349038 0.07296133
vt 0.829889 0.0315360427
vt 0.9134735 0.07498884
vt 0.9943253 0.07387483
vt 0.9134852 0.114786446
vt 0.994352341 0.113561869
vt 0.9423515 0.0291798115
vt 0.9762988 0.0309555531
vt 0.9761872 0.4049273
vt 0.9420573 0.404648781
vt 0.9773772 0.964601338
vt 0.9427737 0.9580785
vt 0.943221867 0.9599466
vt 0.9773303 0.9654347
vt 0.913728237 0.9501029
vt 0.913731337 0.9934338
vt 0.9948454 0.993458152
vt 0.994846642 0.9497182
vt 0.9944387 0.183458447
vt 0.9135283 0.184908509
vt 0.9136231 0.381655574
vt 0.9946183 0.383770466
vt 0.8650431 0.351497531
vt 0.904684663 0.330613375
vt 0.904005349 0.942321658
vt 0.864679039 0.94950217
vt 0.8651158 0.134697676
vt 0.8650766 0.0125510693
vt 0.904446244 0.0167081356
vt 0.91350466 0.0131927729
vt 0.913487852 0.0359940529
vt 0.913478851 0.05076641
vt 0.994349658 0.0506737828
vt 0.994380057 0.0130864978
vt 0.9044439 0.0148391128
vt 0.865074337 0.0108659267
vt 0.865111 0.133008122
vt 0.865072131 0.3545307
vt 0.9046942 0.3296342
vt 0.8298355 0.0303247571
vt 0.8201532 0.07160777
vt 0.8394707 0.121757865
vt 0.86467576 0.949002445
vt 0.9039987 0.9018337
vt 0.8647853 0.999049544
vt 0.904084265 0.987213
vt 0.904166937 0.976793647
vt 0.8647873 0.999073267
vt 0.9944086 0.157129884
vt 0.9135089 0.158115208
vt 0.840827763 0.123040378
vt 0.820349038 0.07296133
vt 0.829889 0.0315360427
vt 0.9134735 0.07498884
vt 0.9943253 0.07387483
vt 0.9134852 0.114786446
vt 0.994352341 0.113561869
vt 0.9423515 0.0291798115
vt 0.9762988 0.0309555531
vt 0.9761872 0.4049273
vt 0.9420573 0.404648781
vt 0.9773772 0.964601338
vt 0.9427737 0.9580785
vt 0.943221867 0.9599466
vt 0.9773303 0.9654347
vt 0.9780405 0.991264343
vt 0.9434586 0.989443958
vt 0.913728237 0.9501029
vt 0.994846642 0.9497182
vt 0.9136231 0.381655574
vt 0.9135283 0.184908509
vt 0.9944387 0.183458447
vt 0.9946183 0.383770466
vt 0.904005349 0.942321658
vt 0.904684663 0.330613375
vt 0.8650431 0.351497531
vt 0.864679039 0.94950217
vt 0.8651158 0.134697676
vt 0.904446244 0.0167081356
vt 0.8650766 0.0125510693
vt 0.91350466 0.0131927729
vt 0.994380057 0.0130864978
vt 0.994349658 0.0506737828
vt 0.913478851 0.05076641
vt 0.913487852 0.0359940529
vt 0.9044439 0.0148391128
vt 0.9046942 0.3296342
vt 0.865072131 0.3545307
vt 0.865111 0.133008122
vt 0.865074337 0.0108659267
vt 0.8394707 0.121757865
vt 0.8201532 0.07160777
vt 0.8298355 0.0303247571
vt 0.9039987 0.9018337
vt 0.86467576 0.949002445
vt 0.9944086 0.157129884
vt 0.9135089 0.158115208
vt 0.829889 0.0315360427
vt 0.820349038 0.07296133
vt 0.840827763 0.123040378
vt 0.9943253 0.07387483
vt 0.9134735 0.07498884
vt 0.9134852 0.114786446
vt 0.994352341 0.113561869
vt 0.9761872 0.4049273
vt 0.9762988 0.0309555531
vt 0.9423515 0.0291798115
vt 0.9420573 0.404648781
vt 0.9773772 0.964601338
vt 0.9427737 0.9580785
vt 0.9780405 0.991264343
vt 0.9773303 0.9654347
vt 0.943221867 0.9599466
vt 0.9434586 0.989443958
vt -0.134307146 0.6937154
vt -0.134307265 0.010392487
vt 0.2797404 0.9834868
vt 0.338971645 0.9834863
vt 0.338970572 0.7364364
vt 0.2797395 0.736436844
vt 0.27976656 0.9834868
vt 0.338873476 0.9834863
vt 0.338872463 0.7364364
vt 0.2797656 0.736436844
vt 0.279743969 0.9834868
vt 0.338795871 0.9834863
vt 0.3387948 0.7364364
vt 0.279743075 0.736436844
vt 0.329690784 0.7063294
vt 0.286727846 0.7063298
vt 0.3295569 0.7063294
vt 0.286738217 0.7063298
vt 0.329642922 0.7063294
vt 0.286734641 0.7063298
vt 0.338970333 0.6793012
vt 0.2797393 0.6793016
vt 0.338872224 0.6793012
vt 0.2797654 0.6793016
vt 0.338794559 0.6793012
vt 0.279742867 0.6793016
vt 0.2794596 0.5421523
vt 0.341919631 0.5421519
vt 0.341919869 0.6137756
vt 0.279416949 0.613807559
vt 0.339005917 0.6325875
vt 0.2797391 0.6325879
vt 0.2797393 0.6793016
vt 0.338970333 0.6793012
vt 0.338853627 0.6325875
vt 0.279757947 0.6325879
vt 0.2797654 0.6793016
vt 0.338872224 0.6793012
vt 0.3388981 0.6325875
vt 0.279746443 0.6325879
vt 0.279742867 0.6793016
vt 0.338794559 0.6793012
vt 0.2797391 0.6325879
vt 0.3388981 0.6325875
vt 0.338794559 0.6793012
vt 0.2797393 0.6793016
vt 0.740319133 0.07866067
vt 0.740513444 -1.327043
vt 0.6885736 -1.32704258
vt 0.688388646 0.0786608458
vt 0.7405231 1.38615143
vt 0.688583255 1.38615131
vt 0.740649343 0.22682786
vt 0.740794241 1.14383018
vt 0.688778043 1.14383
vt 0.6886397 0.2268272
vt 0.7407876 -0.6901748
vt 0.6887714 -0.690175056
vt 0.740513444 -1.327043
vt 0.740319133 0.07866067
vt 0.9842083 0.07865971
vt 0.9842042 -1.08083153
vt 0.740649343 0.22682786
vt 0.7407876 -0.6901748
vt 0.9841306 -0.49643445
vt 0.984133244 0.226833761
vt 0.7405231 1.38615143
vt 0.9842121 1.13993847
vt 0.740794241 1.14383018
vt 0.984135866 0.9501022
vt 0.08221038 0.688484669
vt 0.0334431231 0.688485
vt 0.03344116 0.07158744
vt 0.08220844 0.0715870857
vt 0.179355264 0.6884798
vt 0.08221038 0.688484669
vt 0.08220844 0.0715870857
vt 0.1793533 0.07158226
vt 0.0004992862 0.990927756
vt 0.6541953 0.9909279
vt 0.6541953 0.801034331
vt 0.0004992644 0.801034331
vt 0.0004993975 0.9309798
vt 0.731520951 0.9309798
vt 0.731520951 0.999497533
vt 0.0004994273 0.9995004
vt 0.000499606133 0.8927555
vt 0.731647849 0.8927555
vt 0.731647849 0.9307399
vt 0.000499606133 0.9307399
vt 0.006111271 0.7038291
vt 0.735751867 0.7038291
vt 0.735751867 0.898490369
vt 0.006111271 0.898490369
vt 0.00049957633 0.8927554
vt 0.000499606133 0.9307399
vt 0.731647849 0.9307399
vt 0.731647849 0.8927554
vt 0.00611125 0.7038291
vt 0.006111271 0.898490369
vt 0.735751867 0.898490369
vt 0.735751867 0.7038291
vt 0.0004993975 0.9309798
vt 0.731520951 0.9309798
vt 0.731520951 0.999497533
vt 0.0004994273 0.9995004
vt 0.000499606133 0.8927555
vt 0.731647849 0.8927555
vt 0.731647849 0.9307399
vt 0.000499606133 0.9307399
vt 0.006111271 0.7038291
vt 0.735751867 0.7038291
vt 0.735751867 0.898490369
vt 0.006111271 0.898490369
vt 0.00049957633 0.8927554
vt 0.000499606133 0.9307399
vt 0.731647849 0.9307399
vt 0.731647849 0.8927554
vt 0.00611125 0.7038291
vt 0.006111271 0.898490369
vt 0.735751867 0.898490369
vt 0.735751867 0.7038291
vt 0.0004993975 0.9309798
vt 0.731520951 0.9309798
vt 0.731520951 0.999497533
vt 0.0004994273 0.9995004
vt 0.000499606133 0.8927555
vt 0.731647849 0.8927555
vt 0.731647849 0.9307399
vt 0.000499606133 0.9307399
vt 0.006111271 0.7038291
vt 0.735751867 0.7038291
vt 0.735751867 0.898490369
vt 0.006111271 0.898490369
vt 0.00049957633 0.8927554
vt 0.000499606133 0.9307399
vt 0.731647849 0.9307399
vt 0.731647849 0.8927554
vt 0.00611125 0.7038291
vt 0.006111271 0.898490369
vt 0.735751867 0.898490369
vt 0.735751867 0.7038291
vt 0.0004993975 0.9309798
vt 0.731520951 0.9309798
vt 0.731520951 0.999497533
vt 0.0004994273 0.9995004
vt 0.000499606133 0.8927555
vt 0.731647849 0.8927555
vt 0.731647849 0.9307399
vt 0.000499606133 0.9307399
vt 0.006111271 0.7038291
vt 0.735751867 0.7038291
vt 0.735751867 0.898490369
vt 0.006111271 0.898490369
vt 0.00049957633 0.8927554
vt 0.000499606133 0.9307399
vt 0.731647849 0.9307399
vt 0.731647849 0.8927554
vt 0.00611125 0.7038291
vt 0.006111271 0.898490369
vt 0.735751867 0.898490369
vt 0.735751867 0.7038291
vt 0.0004993975 0.9309798
vt 0.731520951 0.9309798
vt 0.731520951 0.999497533
vt 0.0004994273 0.9995004
vt 0.000499606133 0.8927555
vt 0.731647849 0.8927555
vt 0.731647849 0.9307399
vt 0.000499606133 0.9307399
vt 0.006111271 0.7038291
vt 0.735751867 0.7038291
vt 0.735751867 0.898490369
vt 0.006111271 0.898490369
vt 0.00049957633 0.8927554
vt 0.000499606133 0.9307399
vt 0.731647849 0.9307399
vt 0.731647849 0.8927554
vt 0.00611125 0.7038291
vt 0.006111271 0.898490369
vt 0.735751867 0.898490369
vt 0.735751867 0.7038291
vt 0.0004993975 0.9309798
vt 0.731520951 0.9309798
vt 0.731520951 0.999497533
vt 0.0004994273 0.9995004
vt 0.000499606133 0.8927555
vt 0.731647849 0.8927555
vt 0.731647849 0.9307399
vt 0.000499606133 0.9307399
vt 0.006111271 0.7038291
vt 0.735751867 0.7038291
vt 0.735751867 0.898490369
vt 0.006111271 0.898490369
vt 0.00049957633 0.8927554
vt 0.000499606133 0.9307399
vt 0.731647849 0.9307399
vt 0.731647849 0.8927554
vt 0.00611125 0.7038291
vt 0.006111271 0.898490369
vt 0.735751867 0.898490369
vt 0.735751867 0.7038291
vt 0.0004993975 0.9309798
vt 0.731520951 0.9309798
vt 0.731520951 0.999497533
vt 0.0004994273 0.9995004
vt 0.000499606133 0.8927555
vt 0.731647849 0.8927555
vt 0.731647849 0.9307399
vt 0.000499606133 0.9307399
vt 0.0004993975 0.9309798
vt 0.731520951 0.9309798
vt 0.731520951 0.999497533
vt 0.0004994273 0.9995004
vt 0.000499606133 0.8927555
vt 0.731647849 0.8927555
vt 0.731647849 0.9307399
vt 0.000499606133 0.9307399
vt 0.0004993975 0.9309798
vt 0.731520951 0.9309798
vt 0.731520951 0.999497533
vt 0.0004994273 0.9995004
vt 0.000499606133 0.8927555
vt 0.731647849 0.8927555
vt 0.731647849 0.9307399
vt 0.000499606133 0.9307399
vt 0.006111271 0.7038291
vt 0.735751867 0.7038291
vt 0.735751867 0.898490369
vt 0.006111271 0.898490369
vt 0.00049957633 0.8927554
vt 0.000499606133 0.9307399
vt 0.731647849 0.9307399
vt 0.731647849 0.8927554
vt 0.00611125 0.7038291
vt 0.006111271 0.898490369
vt 0.735751867 0.898490369
vt 0.735751867 0.7038291
vt 0.0004993975 0.9309798
vt 0.731520951 0.9309798
vt 0.731520951 0.999497533
vt 0.0004994273 0.9995004
vt 0.000499606133 0.8927555
vt 0.731647849 0.8927555
vt 0.731647849 0.9307399
vt 0.000499606133 0.9307399
vt 0.006111271 0.7038291
vt 0.735751867 0.7038291
vt 0.735751867 0.898490369
vt 0.006111271 0.898490369
vt 0.00049957633 0.8927554
vt 0.000499606133 0.9307399
vt 0.731647849 0.9307399
vt 0.731647849 0.8927554
vt 0.00611125 0.7038291
vt 0.006111271 0.898490369
vt 0.735751867 0.898490369
vt 0.735751867 0.7038291
vt 0.0004993975 0.9309798
vt 0.731520951 0.9309798
vt 0.731520951 0.999497533
vt 0.0004994273 0.9995004
vt 0.000499606133 0.8927555
vt 0.731647849 0.8927555
vt 0.731647849 0.9307399
vt 0.000499606133 0.9307399
vt 0.006111271 0.7038291
vt 0.735751867 0.7038291
vt 0.735751867 0.898490369
vt 0.006111271 0.898490369
vt 0.00049957633 0.8927554
vt 0.000499606133 0.9307399
vt 0.731647849 0.9307399
vt 0.731647849 0.8927554
vt 0.00611125 0.7038291
vt 0.006111271 0.898490369
vt 0.735751867 0.898490369
vt 0.735751867 0.7038291
vt 0.0004993975 0.9309798
vt 0.731520951 0.9309798
vt 0.731520951 0.999497533
vt 0.0004994273 0.9995004
vt 0.000499606133 0.8927555
vt 0.731647849 0.8927555
vt 0.731647849 0.9307399
vt 0.000499606133 0.9307399
vt 0.006111271 0.7038291
vt 0.735751867 0.7038291
vt 0.735751867 0.898490369
vt 0.006111271 0.898490369
vt 0.00049957633 0.8927554
vt 0.000499606133 0.9307399
vt 0.731647849 0.9307399
vt 0.731647849 0.8927554
vt 0.00611125 0.7038291
vt 0.006111271 0.898490369
vt 0.735751867 0.898490369
vt 0.735751867 0.7038291
vt 0.0004993975 0.9309798
vt 0.731520951 0.9309798
vt 0.731520951 0.999497533
vt 0.0004994273 0.9995004
vt 0.000499606133 0.8927555
vt 0.731647849 0.8927555
vt 0.731647849 0.9307399
vt 0.000499606133 0.9307399
vt 0.0004993975 0.9309798
vt 0.731520951 0.9309798
vt 0.731520951 0.999497533
vt 0.0004994273 0.9995004
vt 0.000499606133 0.8927555
vt 0.731647849 0.8927555
vt 0.731647849 0.9307399
vt 0.000499606133 0.9307399
vt 0.0004993975 0.9309798
vt 0.731520951 0.9309798
vt 0.731520951 0.999497533
vt 0.0004994273 0.9995004
vt 0.000499606133 0.8927555
vt 0.731647849 0.8927555
vt 0.731647849 0.9307399
vt 0.000499606133 0.9307399
vt 0.0004993975 0.9309798
vt 0.731520951 0.9309798
vt 0.731520951 0.999497533
vt 0.0004994273 0.9995004
vt 0.000499606133 0.8927555
vt 0.731647849 0.8927555
vt 0.731647849 0.9307399
vt 0.000499606133 0.9307399
vt 0.0004993975 0.9309798
vt 0.731520951 0.9309798
vt 0.731520951 0.999497533
vt 0.0004994273 0.9995004
vt 0.000499606133 0.8927555
vt 0.731647849 0.8927555
vt 0.731647849 0.9307399
vt 0.000499606133 0.9307399
vt 0.0004993975 0.9309798
vt 0.731520951 0.9309798
vt 0.731520951 0.999497533
vt 0.0004994273 0.9995004
vt 0.000499606133 0.8927555
vt 0.731647849 0.8927555
vt 0.731647849 0.9307399
vt 0.000499606133 0.9307399
vt 0.8645276 0.08099842
vt 0.754842043 0.08099842
vt 0.754842043 0.118061185
vt 0.8645276 0.118061185
vt 0.864310563 0.0810850263
vt 0.8643106 0.118276894
vt 0.995798051 0.118276894
vt 0.995798051 0.0810850263
vt 0.754667163 0.0810850263
vt 0.754667163 0.118276894
vt 0.8645052 0.0810850263
vt 0.8645052 0.118276894
vt 0.9958452 0.0810850263
vt 0.9958452 0.118276894
vt 0.754842043 0.9900243
vt 0.8645276 0.9900243
vt 0.8645276 0.131477952
vt 0.754842043 0.131477952
vt 0.864310563 0.9902303
vt 0.995798051 0.9902303
vt 0.995798051 0.131740391
vt 0.864310563 0.131740391
vt 0.7546673 0.9902303
vt 0.754667163 0.131740391
vt 0.8645052 0.9902303
vt 0.8645052 0.131740391
vt 0.9958452 0.9902303
vt 0.9958452 0.131740391
vt 0.8645276 0.08099842
vt 0.754842043 0.08099842
vt 0.754842043 0.118061185
vt 0.8645276 0.118061185
vt 0.864310563 0.0810850263
vt 0.8643106 0.118276894
vt 0.995798051 0.118276894
vt 0.995798051 0.0810850263
vt 0.754667163 0.0810850263
vt 0.754667163 0.118276894
vt 0.8645052 0.0810850263
vt 0.8645052 0.118276894
vt 0.9958452 0.0810850263
vt 0.9958452 0.118276894
vt 0.754842043 0.9900243
vt 0.8645276 0.9900243
vt 0.8645276 0.131477952
vt 0.754842043 0.131477952
vt 0.864310563 0.9902303
vt 0.995798051 0.9902303
vt 0.995798051 0.131740391
vt 0.864310563 0.131740391
vt 0.7546673 0.9902303
vt 0.754667163 0.131740391
vt 0.8645052 0.9902303
vt 0.8645052 0.131740391
vt 0.9958452 0.9902303
vt 0.9958452 0.131740391
vt 0.000499555143 0.7806453
vt 0.0004995444 0.0004994869
vt 0.07067863 0.5622833
vt 0.07067861 -0.107047319
vt 0.004974582 -0.1070472
vt 0.004976907 0.5622834
vt 0.0706723258 1.22910988
vt 0.0706723 0.559779346
vt 0.00333479885 0.559779763
vt 0.00333765987 1.22911048
vt 0.0706786439 1.231614
vt 0.004979172 1.23161411
vt 0.07067229 -0.109551311
vt 0.00333211664 -0.109550714
vt 0.0704985037 -0.107047319
vt 0.07049852 0.5622833
vt 0.261660546 0.7191261
vt 0.2616593 0.385156631
vt 0.2616581 0.05118704
vt 0.2627007 1.03488386
vt 0.262698919 0.5597738
vt 0.0704922 0.559779346
vt 0.07049222 1.22910988
vt 0.2616618 1.073378
vt 0.07049853 1.231614
vt 0.26269713 0.08466375
vt 0.0704921857 -0.109551311
vt 0.003991723 0.010392487
vt 0.00399184227 0.6937154
vt 0.7392756 0.6937154
vt 0.7392756 0.010392487
vt -0.08991457 0.7004001
vt 0.739990354 0.7003983
vt 0.739994049 0.000499665737
vt -0.08991099 0.0005014539
vt -0.0586332753 0.6937154
vt 0.7484737 0.6937154
vt 0.7484736 0.010392487
vt -0.0586332753 0.010392487
vt -0.115476973 0.700396538
vt -0.1154733 0.000497818
vt -0.07781631 0.6937154
vt -0.07781643 0.010392487
vt 0.0004993081 0.8029687
vt 0.6541953 0.8029689
vt 0.754842043 0.08099842
vt 0.8645276 0.08099842
vt 0.8645276 0.005385995
vt 0.754842043 0.005385995
vt 0.864310563 0.0810850263
vt 0.995798051 0.0810850263
vt 0.995798051 0.005433321
vt 0.864310563 0.005433321
vt 0.754667163 0.0810850263
vt 0.754667163 0.005433321
vt 0.8645052 0.0810850263
vt 0.8645052 0.005433321
vt 0.9958452 0.0810850263
vt 0.9958452 0.005433321
vt 0.754842043 0.131477952
vt 0.8645276 0.131477952
vt 0.864310563 0.131740391
vt 0.995798051 0.131740391
vt 0.754667163 0.131740391
vt 0.8645052 0.131740391
vt 0.9958452 0.131740391
vt 0.754842043 0.9900243
vt 0.8645276 0.9900243
vt 0.864310563 0.9902303
vt 0.995798051 0.9902303
vt 0.7546673 0.9902303
vt 0.8645052 0.9902303
vt 0.9958452 0.9902303
vt 0.9992844 0.995029151
vt -0.04792394 0.995029151
vt -0.04792394 0.00448435545
vt 0.9992844 0.00448435545
vt -0.07405265 0.9950293
vt 1.14192474 0.9950293
vt 1.14192474 0.004484415
vt -0.07405265 0.004484415
vt 0.223975375 0.0004995465
vt 0.223975316 0.9995005
vt -0.0508576669 0.9995005
vt -0.0508576669 0.0004995465
vt 1.09205043 0.0004995465
vt 1.09205043 0.9995005
vt 0.7899831 0.9995005
vt 0.7899831 0.0004995465
vt 0.2797404 0.9834868
vt 0.338971645 0.9834863
vt 0.338970572 0.7364364
vt 0.2797395 0.736436844
vt 0.27976656 0.9834868
vt 0.338873476 0.9834863
vt 0.338872463 0.7364364
vt 0.2797656 0.736436844
vt 0.279743969 0.9834868
vt 0.338795871 0.9834863
vt 0.3387948 0.7364364
vt 0.279743075 0.736436844
vt 0.329690784 0.7063294
vt 0.286727846 0.7063298
vt 0.3295569 0.7063294
vt 0.286738217 0.7063298
vt 0.329642922 0.7063294
vt 0.286734641 0.7063298
vt 0.338970333 0.6793012
vt 0.2797393 0.6793016
vt 0.338872224 0.6793012
vt 0.2797654 0.6793016
vt 0.338794559 0.6793012
vt 0.279742867 0.6793016
vt 0.2794596 0.5421523
vt 0.341919631 0.5421519
vt 0.341919869 0.6137756
vt 0.279416949 0.613807559
vt 0.339005917 0.6325875
vt 0.2797391 0.6325879
vt 0.2797393 0.6793016
vt 0.338970333 0.6793012
vt 0.338853627 0.6325875
vt 0.279757947 0.6325879
vt 0.2797654 0.6793016
vt 0.338872224 0.6793012
vt 0.3388981 0.6325875
vt 0.279746443 0.6325879
vt 0.279742867 0.6793016
vt 0.338794559 0.6793012
vt 0.2797391 0.6325879
vt 0.3388981 0.6325875
vt 0.338794559 0.6793012
vt 0.2797393 0.6793016
vt 0.2797404 0.9834868
vt 0.338971645 0.9834863
vt 0.338970572 0.7364364
vt 0.2797395 0.736436844
vt 0.27976656 0.9834868
vt 0.338873476 0.9834863
vt 0.338872463 0.7364364
vt 0.2797656 0.736436844
vt 0.279743969 0.9834868
vt 0.338795871 0.9834863
vt 0.3387948 0.7364364
vt 0.279743075 0.736436844
vt 0.329690784 0.7063294
vt 0.286727846 0.7063298
vt 0.3295569 0.7063294
vt 0.286738217 0.7063298
vt 0.329642922 0.7063294
vt 0.286734641 0.7063298
vt 0.338970333 0.6793012
vt 0.2797393 0.6793016
vt 0.338872224 0.6793012
vt 0.2797654 0.6793016
vt 0.338794559 0.6793012
vt 0.279742867 0.6793016
vt 0.2794596 0.5421523
vt 0.341919631 0.5421519
vt 0.341919869 0.6137756
vt 0.279416949 0.613807559
vt 0.339005917 0.6325875
vt 0.2797391 0.6325879
vt 0.2797393 0.6793016
vt 0.338970333 0.6793012
vt 0.338853627 0.6325875
vt 0.279757947 0.6325879
vt 0.2797654 0.6793016
vt 0.338872224 0.6793012
vt 0.3388981 0.6325875
vt 0.279746443 0.6325879
vt 0.279742867 0.6793016
vt 0.338794559 0.6793012
vt 0.2797391 0.6325879
vt 0.3388981 0.6325875
vt 0.338794559 0.6793012
vt 0.2797393 0.6793016
vt 0.2797404 0.9834868
vt 0.338971645 0.9834863
vt 0.338970572 0.7364364
vt 0.2797395 0.736436844
vt 0.27976656 0.9834868
vt 0.338873476 0.9834863
vt 0.338872463 0.7364364
vt 0.2797656 0.736436844
vt 0.279743969 0.9834868
vt 0.338795871 0.9834863
vt 0.3387948 0.7364364
vt 0.279743075 0.736436844
vt 0.329690784 0.7063294
vt 0.286727846 0.7063298
vt 0.3295569 0.7063294
vt 0.286738217 0.7063298
vt 0.329642922 0.7063294
vt 0.286734641 0.7063298
vt 0.338970333 0.6793012
vt 0.2797393 0.6793016
vt 0.338872224 0.6793012
vt 0.2797654 0.6793016
vt 0.338794559 0.6793012
vt 0.279742867 0.6793016
vt 0.2794596 0.5421523
vt 0.341919631 0.5421519
vt 0.341919869 0.6137756
vt 0.279416949 0.613807559
vt 0.339005917 0.6325875
vt 0.2797391 0.6325879
vt 0.2797393 0.6793016
vt 0.338970333 0.6793012
vt 0.338853627 0.6325875
vt 0.279757947 0.6325879
vt 0.2797654 0.6793016
vt 0.338872224 0.6793012
vt 0.3388981 0.6325875
vt 0.279746443 0.6325879
vt 0.279742867 0.6793016
vt 0.338794559 0.6793012
vt 0.2797391 0.6325879
vt 0.3388981 0.6325875
vt 0.338794559 0.6793012
vt 0.2797393 0.6793016
vt 0.73821944 0.6317714
vt 0.7216373 0.6179185
vt 0.7183007 0.638348758
vt 0.736452 0.65234226
vt 0.7153925 0.6605191
vt 0.6990187 0.6422891
vt 0.7043297 0.624219358
vt 0.7558163 0.397717118
vt 0.743602633 0.4190324
vt 0.7310702 0.419873357
vt 0.742516458 0.399935961
vt 0.7577878 0.381200016
vt 0.7438621 0.381350875
vt 0.751639 0.3632332
vt 0.7397439 0.363052964
vt 0.7419445 0.455084324
vt 0.740933657 0.474575043
vt 0.729038537 0.473696947
vt 0.730501831 0.454992771
vt 0.7412324 0.435490429
vt 0.729471147 0.43628633
vt 0.9960467 0.397491157
vt 0.9970576 0.410063684
vt 0.99675864 0.381575644
vt 0.9984816 0.365160823
vt 0.9994929 0.461612225
vt 0.9984819 0.4809004
vt 0.998780668 0.430737436
vt 0.73821944 0.6317714
vt 0.7216373 0.6179185
vt 0.7183007 0.638348758
vt 0.736452 0.65234226
vt 0.7153925 0.6605191
vt 0.6990187 0.6422891
vt 0.7043297 0.624219358
vt 0.7558163 0.397717118
vt 0.743602633 0.4190324
vt 0.7310702 0.419873357
vt 0.742516458 0.399935961
vt 0.7577878 0.381200016
vt 0.7438621 0.381350875
vt 0.751639 0.3632332
vt 0.7397439 0.363052964
vt 0.7419445 0.455084324
vt 0.740933657 0.474575043
vt 0.729038537 0.473696947
vt 0.730501831 0.454992771
vt 0.7412324 0.435490429
vt 0.729471147 0.43628633
vt 0.9960467 0.397491157
vt 0.9970576 0.410063684
vt 0.99675864 0.381575644
vt 0.9984816 0.365160823
vt 0.9994929 0.461612225
vt 0.9984819 0.4809004
vt 0.998780668 0.430737436
vt 0.73821944 0.6317714
vt 0.7216373 0.6179185
vt 0.7183007 0.638348758
vt 0.736452 0.65234226
vt 0.7153925 0.6605191
vt 0.6990187 0.6422891
vt 0.7043297 0.624219358
vt 0.7558163 0.397717118
vt 0.743602633 0.4190324
vt 0.7310702 0.419873357
vt 0.742516458 0.399935961
vt 0.7577878 0.381200016
vt 0.7438621 0.381350875
vt 0.751639 0.3632332
vt 0.7397439 0.363052964
vt 0.7419445 0.455084324
vt 0.740933657 0.474575043
vt 0.729038537 0.473696947
vt 0.730501831 0.454992771
vt 0.7412324 0.435490429
vt 0.729471147 0.43628633
vt 0.9960467 0.397491157
vt 0.9970576 0.410063684
vt 0.99675864 0.381575644
vt 0.9984816 0.365160823
vt 0.9994929 0.461612225
vt 0.9984819 0.4809004
vt 0.998780668 0.430737436
vt 0.73821944 0.6317714
vt 0.7216373 0.6179185
vt 0.7183007 0.638348758
vt 0.736452 0.65234226
vt 0.7153925 0.6605191
vt 0.6990187 0.6422891
vt 0.7043297 0.624219358
vt 0.7558163 0.397717118
vt 0.743602633 0.4190324
vt 0.7310702 0.419873357
vt 0.742516458 0.399935961
vt 0.7577878 0.381200016
vt 0.7438621 0.381350875
vt 0.751639 0.3632332
vt 0.7397439 0.363052964
vt 0.7419445 0.455084324
vt 0.740933657 0.474575043
vt 0.729038537 0.473696947
vt 0.730501831 0.454992771
vt 0.7412324 0.435490429
vt 0.729471147 0.43628633
vt 0.9960467 0.397491157
vt 0.9970576 0.410063684
vt 0.99675864 0.381575644
vt 0.9984816 0.365160823
vt 0.9994929 0.461612225
vt 0.9984819 0.4809004
vt 0.998780668 0.430737436
vn 8.80873558E-05 1 5.78665E-05
vn 0.7702183 0.63778 -0.0005952908
vn 0.500360668 0.5088368 0.7005172
vn 2.98027572E-07 0.7374187 0.6754359
vn 0.59882617 0.800878167 -0.00117967848
vn -0.00175653433 0.999998331 -0.000523276452
vn -0.008663037 0.7588211 0.6512415
vn 0.6319905 0.5809622 0.512904465
vn 0 0 1
vn 0 0 1
vn 0 0 1
vn 0 0 1
vn 1 0 0
vn 1 0 0
vn 1 0 0
vn 1 0 0
vn -7.55711E-11 -1.39020019E-11 1
vn -0.0004849338 -8.146814E-10 0.9999999
vn -0.000484933815 -7.86877452E-10 0.9999999
vn -3.07627479E-09 5.73107357E-08 1
vn 0.000484759716 3.24371854E-06 0.9999999
vn 0.000484753575 3.35834034E-06 0.9999999
vn 1 0 0
vn 1 0 0
vn 1 0 0
vn 1 0 0
vn 0 0 -1
vn 0 0 -1
vn 0 0 -1
vn 0 0 -1
vn -1 0 0
vn -1 0 0
vn -1 0 0
vn -1 0 0
vn -1 0 0
vn -1 0 0
vn -1 0 0
vn -1 0 0
vn -1 -3.64881565E-08 -5.55390436E-08
vn -0.9999964 -1.67097585E-06 -0.002679416
vn -0.9999964 -1.5979997E-06 -0.00267942087
vn -1 -3.67206141E-08 -5.52210153E-08
vn -0.9999964 -1.60653769E-06 0.00267952541
vn -0.9999964 -1.67997871E-06 0.00267953076
vn -0.177142009 0.9691005 0.171653777
vn -7.489893E-05 0.9337755 0.3578594
vn -7.70881452E-05 0.933775365 0.357859641
vn -0.16078639 0.96856916 0.189793363
vn -0.318300843 0.9479897 -0.000341074
vn -0.177142009 0.9691005 0.171653777
vn -0.16078639 0.96856916 0.189793363
vn -0.318303645 0.947988749 -0.000358953461
vn 0.177083924 0.969166934 0.171337992
vn 0.1614047 0.968559265 0.189318359
vn -0.177084073 0.9691669 -0.171338171
vn -0.161404848 0.9685592 -0.189318568
vn -2.7716851E-08 0 1
vn 0 0 1
vn 0 0 1
vn -2.553364E-08 -3.52453675E-08 1
vn -1 0 0
vn -1 -1.3951157E-07 -1.35008662E-07
vn -1 0 -1.46421868E-07
vn -1 0 0
vn 5.10672749E-08 -1.71932743E-06 1
vn 5.543372E-08 -1.78981827E-06 1
vn -1 -5.369454E-06 1.46421854E-07
vn -1 -5.09043048E-06 1.2359547E-07
vn -0.00451441761 0.999980032 0.004425037
vn 1.00504681E-10 0.9999569 0.009282307
vn 7.969344E-10 0.9999569 0.009282308
vn 8.4063384E-10 0.9999569 0.009282312
vn -0.00424649473 0.999979854 0.004713318
vn -0.00424649473 0.999979854 0.004713318
vn -0.00862678047 0.9999628 9.384601E-10
vn -0.00862678047 0.9999628 6.315747E-10
vn -0.00451441761 0.999980032 0.004425037
vn 0.00424649846 0.999979854 0.00471331459
vn 0.004514416 0.999980032 0.00442503626
vn -0.0042465 0.999979854 -0.00471331645
vn -0.00451441761 0.999980032 -0.00442503858
vn 4.02290077E-08 -2.31064519E-08 1
vn -5.23687973E-08 1.31233923E-14 1
vn 2.27989432E-08 5.89078475E-08 1
vn 2.27989645E-08 5.890785E-08 1
vn -1 1.67063746E-07 0
vn -1 1.670638E-07 2.57847262E-07
vn -1 1.67063789E-07 2.578472E-07
vn -1 1.67063746E-07 0
vn -1.49574912E-08 -7.160274E-08 1
vn -5.23687973E-08 1.31233923E-14 1
vn 4.02290077E-08 -2.31064519E-08 1
vn 1.04737552E-07 -1.67063746E-07 1
vn -1 1.670638E-07 5.156945E-07
vn -1 1.67063817E-07 5.156945E-07
vn -0.00153582 0.00040518865 0.999998748
vn -0.0009937981 0.000826877134 0.999999166
vn -0.000921184139 0.438890636 0.89854
vn 0.238055423 0.04533933 0.97019273
vn -0.0144214351 -0.508074045 0.861192644
vn -0.944208145 0.329349279 -0.000109440058
vn -0.8932117 0.44963634 -9.103472E-08
vn -1 1.22059669E-08 -9.130422E-08
vn -1 0 -0.000115906689
vn 0.03080329 0.7264814 0.6864954
vn 0.004025634 0.960094452 -0.279646873
vn 0.5427488 0.5078941 0.66893
vn 0.4768705 0.392744 0.7863502
vn -0.717259943 0.696804643 -0.0012043413
vn -0.78703624 0.616906762 -9.338608E-08
vn -0.9373271 0.34845075 0.000190748033
vn -0.78703624 0.616906762 -9.338608E-08
vn -0.717259943 0.696804643 -0.0012043413
vn -0.9428062 0.319747776 -0.09422257
vn 0.360816449 0.503908634 0.7847851
vn -0.000921184139 0.438890636 0.89854
vn 0.0009472491 0.4388648 0.8985526
vn 0.00024121828 0.7200839 0.693886936
vn -0.9759418 0.152573034 -0.155753374
vn -0.7861084 0.0997728854 -0.6099828
vn -0.8530353 0.08799666 -0.5143806
vn -0.980196059 0.135373011 -0.144533113
vn -0.700257242 0.03705227 -0.7129284
vn -0.7083831 0.0554186553 -0.703649163
vn -0.7166038 0.03852772 -0.696415544
vn -0.0144214351 -0.508074045 0.861192644
vn 0.238055423 0.04533933 0.97019273
vn 0.34195292 -0.3424149 0.8751116
vn -0.0165257268 -0.460472524 0.887520134
vn -0.0620384961 -0.747969568 0.6608273
vn 0.238055423 0.04533933 0.97019273
vn 0.360816449 0.503908634 0.7847851
vn 0.4768705 0.392744 0.7863502
vn 0.5427488 0.5078941 0.66893
vn 0.34195292 -0.3424149 0.8751116
vn 0.5619679 0.7964756 0.2232011
vn 0.336342871 0.5759263 0.7451056
vn 0.217854112 0.123197764 0.9681745
vn 0.500360668 0.5088368 0.7005172
vn 0.6319905 0.5809622 0.512904465
vn 0.7702183 0.63778 -0.0005952908
vn 0.59882617 0.800878167 -0.00117967848
vn -0.998653531 0.0518421978 0.00186598534
vn -0.999361932 0.03566562 0.00192884123
vn 0.5619679 0.7964756 0.2232011
vn 0.00220083049 0.990686059 0.136147916
vn -0.744991541 0.04312263 -0.6656786
vn -0.7356367 0.040709056 -0.676151931
vn -0.6890921 -0.009851215 -0.7246068
vn 0.217854112 0.123197764 0.9681745
vn -0.005627935 0.0819933638 0.99661696
vn -0.00102202047 0.6812647 0.7320365
vn 0.336342871 0.5759263 0.7451056
vn -1 0 0
vn -1 0 0
vn -1 0 0
vn -1 0 0
vn 0.00101365848 0.000857588951 0.9999991
vn 0.0009472491 0.4388648 0.8985526
vn 1 -2.3160064E-15 -7.354322E-08
vn 0.8932117 0.4496363 -5.17735543E-08
vn 0.944208145 0.329349279 -0.000109301182
vn 1 0 -0.000115759613
vn 0.7172597 0.6968049 -0.00120457332
vn 0.7870363 0.6169067 0
vn 0.7172597 0.6968049 -0.00120457332
vn 0.7870363 0.6169067 0
vn 0.9373746 0.348322868 -3.2886625E-08
vn 0.9428917 0.319302738 -0.09487366
vn -0.944079 0.3297193 0.000109274661
vn -1 3.08548948E-07 0.000115759613
vn -0.7172597 0.6968049 0.00120437448
vn -0.7172597 0.6968049 0.00120437448
vn -0.9428908 0.3193071 0.09486771
vn 0.944208145 0.32934925 0.0001091623
vn 1 0 0.000115612529
vn 0.717259765 0.6968048 0.001204561
vn 0.717259765 0.6968048 0.001204561
vn 0.942891657 0.319302857 0.09487353
vn -0.0436115153 -0.6444069 -0.7634381
vn 0.0007690765 -0.787942052 -0.615748942
vn -0.00215821015 -0.7862734 -0.6178749
vn -0.0484607555 -0.696643054 -0.7157793
vn -0.0493786633 -0.929694951 -0.365005553
vn -0.0959372446 -0.821436942 -0.562172055
vn -0.05212063 -0.9986408 1.0303409E-07
vn -0.0493786633 -0.929694951 -0.365005553
vn -0.0959372446 -0.821436942 -0.562172055
vn -0.0941746458 -0.9955557 -3.07904031E-07
vn 0.492554069 0.171940789 -0.8531277
vn 0.9851073 0.1719406 5.43396936E-07
vn 0.971373856 -0.23755607 9.322492E-07
vn 0.485686421 -0.237556741 -0.8412345
vn -0.492553353 0.171940982 -0.8531281
vn 0.492554069 0.171940789 -0.8531277
vn 0.485686421 -0.237556741 -0.8412345
vn -0.485687554 -0.237555638 -0.841234148
vn -0.9851073 0.171940774 7.145393E-07
vn -0.971374 -0.237555489 9.22213E-07
vn -0.492553085 0.171941191 0.8531282
vn -0.4856873 -0.237554759 0.841234565
vn 0.492553681 0.171940789 0.8531279
vn 0.4856862 -0.237555861 0.841234863
vn 0.469690233 0.3428758 -0.813527644
vn 0.9393808 0.3428756 5.305008E-07
vn -0.469690353 0.3428756 -0.8135277
vn 0.469690233 0.3428758 -0.813527644
vn -0.9393809 0.3428754 9.33272759E-07
vn -0.469689757 0.3428753 0.8135282
vn 0.46968925 0.342875838 0.81352824
vn 0.499999762 3.951074E-08 -0.866025567
vn 1 0 7.11922951E-07
vn -0.499999732 5.75168428E-08 -0.866025567
vn 0.499999762 3.951074E-08 -0.866025567
vn -1 1.80061122E-08 2.108515E-07
vn -0.499998629 -1.18532292E-07 0.8660262
vn 0.49999994 -1.08036389E-07 0.866025448
vn 0.49255392 0.171940908 -0.8531278
vn 0.985107243 0.171940878 5.55915733E-07
vn 0.9713739 -0.237555742 9.03850832E-07
vn 0.485686451 -0.237556472 -0.841234565
vn -0.492553681 0.171940684 -0.853127956
vn 0.49255392 0.171940908 -0.8531278
vn 0.485686451 -0.237556472 -0.841234565
vn -0.485687137 -0.2375556 -0.8412344
vn -0.985107243 0.171940908 5.207196E-07
vn -0.9713742 -0.237554535 2.67059818E-07
vn -0.492553174 0.171941131 0.853128135
vn -0.4856863 -0.237555385 0.841235
vn 0.4925535 0.171940878 0.853128
vn 0.485686183 -0.237555653 0.841235
vn 0.4696901 0.3428758 -0.813527763
vn 0.939380765 0.342875779 5.7602125E-07
vn -0.469690174 0.34287557 -0.8135278
vn 0.4696901 0.3428758 -0.813527763
vn -0.939381063 0.342874885 1.10236283E-06
vn -0.469689757 0.342875183 0.8135282
vn 0.469689161 0.3428758 0.8135283
vn 0.4999996 3.95107378E-08 -0.8660256
vn 1 0 7.25048949E-07
vn -0.4999996 5.75168464E-08 -0.8660256
vn 0.4999996 3.95107378E-08 -0.8660256
vn -1 1.80061246E-08 1.95147649E-07
vn -0.4999985 -1.18532284E-07 0.8660263
vn 0.499999881 -1.08036396E-07 0.8660255
vn 0.492553771 0.171940833 -0.853127837
vn 0.9851073 0.1719406 5.28052055E-07
vn 0.9713738 -0.237556115 9.822944E-07
vn 0.485685974 -0.237556756 -0.841234744
vn -0.4925541 0.171940416 -0.8531278
vn 0.492553771 0.171940833 -0.853127837
vn 0.485685974 -0.237556756 -0.841234744
vn -0.48568666 -0.237556159 -0.841234565
vn -0.9851073 0.171940655 5.112582E-07
vn -0.9713741 -0.237554953 -3.9690498E-08
vn -0.492553532 0.1719412 0.8531279
vn -0.485685438 -0.23755613 0.8412352
vn 0.492553324 0.171940774 0.853128135
vn 0.4856858 -0.237555817 0.8412351
vn 0.469689757 0.342875719 -0.813528
vn 0.939380765 0.342875719 4.51277572E-07
vn -0.4696894 0.342875957 -0.813528061
vn 0.469689757 0.342875719 -0.813528
vn -0.939381063 0.342874885 1.39461406E-06
vn -0.4696893 0.342875361 0.8135284
vn 0.469688684 0.3428758 0.813528538
vn 0.4999992 3.951073E-08 -0.866025865
vn 1 0 7.05785851E-07
vn -0.499999166 5.751686E-08 -0.866025865
vn 0.4999992 3.951073E-08 -0.866025865
vn -1 1.80061619E-08 2.16861707E-07
vn -0.4999981 -1.18532249E-07 0.8660265
vn 0.499999374 -1.08036353E-07 0.866025746
vn 0.4925543 0.171941027 -0.8531275
vn 0.9851073 0.17194061 4.593301E-08
vn 0.9713735 -0.2375574 2.625824E-07
vn 0.4856858 -0.237556845 -0.841234863
vn -0.4925529 0.171941265 -0.853128254
vn 0.4925543 0.171941027 -0.8531275
vn 0.4856858 -0.237556845 -0.841234863
vn -0.485687762 -0.2375544 -0.8412344
vn -0.9851073 0.1719408 3.21609917E-07
vn -0.971374333 -0.237554014 4.49215946E-07
vn -0.492552966 0.171941429 0.8531282
vn -0.4856881 -0.237553447 0.8412345
vn 0.492554247 0.171941072 0.853127539
vn 0.485685945 -0.23755607 0.841235
vn 0.469689637 0.342876166 -0.8135279
vn 0.9393805 0.342876375 -1.53560578E-07
vn -0.4696904 0.342875123 -0.8135279
vn 0.469689637 0.342876166 -0.8135279
vn -0.9393812 0.342874557 2.53894569E-07
vn -0.469690382 0.3428749 0.813527942
vn 0.4696892 0.3428763 0.813528061
vn 0.499999583 0 -0.8660256
vn 1 0 1.72048274E-07
vn -0.499999553 0 -0.8660257
vn 0.499999583 0 -0.8660256
vn -1 0 -1.5838306E-07
vn -0.4999991 -7.902152E-08 0.8660259
vn 0.49999997 -7.20242852E-08 0.866025448
vn 0.49255383 0.171941221 -0.8531277
vn 0.985107243 0.171940923 5.7986064E-08
vn 0.9713739 -0.2375558 2.67845081E-07
vn 0.485686153 -0.237555981 -0.841234863
vn -0.492553532 0.171941042 -0.853127956
vn 0.49255383 0.171941221 -0.8531277
vn 0.485686153 -0.237555981 -0.841234863
vn -0.4856869 -0.237555131 -0.8412347
vn -0.9851073 0.171940863 1.29604956E-07
vn -0.9713742 -0.23755452 -1.77461729E-07
vn -0.4925535 0.171941459 0.8531279
vn -0.48568657 -0.2375548 0.841235
vn 0.492553771 0.171941191 0.8531278
vn 0.4856863 -0.23755528 0.841235
vn 0.469689876 0.342875868 -0.8135279
vn 0.939380765 0.3428758 -1.41854059E-07
vn -0.469689816 0.3428757 -0.813527942
vn 0.469689876 0.342875868 -0.8135279
vn -0.939381063 0.342874974 4.51028171E-07
vn -0.469689965 0.3428753 0.813528061
vn 0.469689459 0.342875957 0.813528061
vn 0.499999523 0 -0.8660257
vn 1 0 1.73496261E-07
vn -0.4999994 0 -0.866025746
vn 0.499999523 0 -0.8660257
vn -1 0 -1.834899E-07
vn -0.499998957 -7.902151E-08 0.866026
vn 0.499999881 -7.20242852E-08 0.866025448
vn 0.49255386 0.171941176 -0.8531277
vn 0.9851073 0.171940625 6.032153E-08
vn 0.971373737 -0.237556368 6.48595858E-07
vn 0.485684961 -0.237556845 -0.84123534
vn -0.4925538 0.17194058 -0.8531279
vn 0.49255386 0.171941176 -0.8531277
vn 0.485684961 -0.237556845 -0.84123534
vn -0.4856863 -0.237555325 -0.841235
vn -0.9851073 0.1719407 6.471687E-08
vn -0.9713744 -0.237553775 -8.40084965E-07
vn -0.492553681 0.171941534 0.8531278
vn -0.485685378 -0.237555534 0.841235459
vn 0.4925538 0.171940908 0.853127837
vn 0.485685438 -0.237555712 0.84123534
vn 0.469688863 0.342875838 -0.8135284
vn 0.9393807 0.342875957 -5.024433E-07
vn -0.469688565 0.342875868 -0.8135286
vn 0.469688863 0.342875838 -0.8135284
vn -0.939381242 0.342874378 9.564425E-07
vn -0.4696893 0.342875183 0.8135285
vn 0.4696881 0.342876226 0.8135287
vn 0.49999848 0 -0.8660263
vn 1 0 1.46726052E-07
vn -0.4999986 0 -0.8660262
vn 0.49999848 0 -0.8660263
vn -1 0 -1.58868076E-07
vn -0.499998 -7.902147E-08 0.8660266
vn 0.499999 -7.202426E-08 0.866026
vn 0.8660252 0 -0.5000003
vn 1 0 -3.94684072E-08
vn 1 0 5.449148E-08
vn 0.8660252 0 -0.5000003
vn 0 0 -1
vn 0 0 -1
vn 0 0 -1
vn 0 0 -1
vn -1 0 5.449148E-08
vn -0.8660252 0 -0.5000003
vn -0.8660252 0 -0.5000003
vn -1 0 -4.91596737E-08
vn -0.8660252 0 0.5000003
vn -0.8660252 0 0.5000003
vn 0 0 1
vn 0 0 1
vn 0 0 1
vn 0 0 1
vn 0.8660252 0 0.5000003
vn 0.8660252 0 0.5000003
vn 0.8660253 0 -0.5000001
vn 1 -2.05148929E-08 7.343368E-08
vn 1 0 4.04920115E-07
vn 0.8660253 0 -0.5000001
vn 0 0 -1
vn 0 0 -1
vn 0 0 -1
vn 0 0 -1
vn -1 0 1.51816522E-07
vn -0.8660261 0 -0.4999988
vn -0.8660261 0 -0.4999988
vn -1 -2.05148378E-08 2.92310375E-07
vn -0.866026 -2.01832817E-09 0.499999017
vn -0.866025746 -3.75510965E-08 0.499999374
vn 0 -7.51022853E-08 1
vn 0 -7.51022853E-08 1
vn 0 -7.51022853E-08 1
vn 0 -7.51022853E-08 1
vn 0.8660252 -3.75511675E-08 0.5000003
vn 0.866025 -2.018335E-09 0.5000007
vn 0.8660252 0 -0.5000003
vn 1 -2.05148947E-08 -1.41977061E-08
vn 1 0 2.953809E-07
vn 0.8660252 0 -0.5000003
vn 0 0 -1
vn 0 0 -1
vn 0 0 -1
vn 0 0 -1
vn -1 0 7.92105155E-08
vn -0.866024435 0 -0.500001669
vn -0.866024435 0 -0.500001669
vn -1 -2.05149853E-08 1.14517249E-07
vn -0.866024435 -2.01833927E-09 0.500001669
vn -0.8660242 -3.75512954E-08 0.5000021
vn 0 -7.510229E-08 1
vn 0 -7.51022853E-08 1
vn 0 -7.510229E-08 1
vn 0 -7.51022853E-08 1
vn 0.8660252 -3.75511675E-08 0.5000003
vn 0.866025 -2.018335E-09 0.5000007
vn 0.866024435 0 -0.500001669
vn 1 -2.05149675E-08 -5.01829653E-08
vn 1 0 2.637795E-07
vn 0.866024435 0 -0.500001669
vn 0 0 -1
vn 0 0 -1
vn 0 0 -1
vn 0 0 -1
vn -1 0 1.42625405E-08
vn -0.866026342 0 -0.499998361
vn -0.866026342 0 -0.499998331
vn -1 -2.05148023E-08 1.81451924E-07
vn -0.866026342 -2.01832573E-09 0.4999984
vn -0.866026163 -3.75510467E-08 0.499998719
vn 0 -7.51022853E-08 1
vn 0 -7.51022853E-08 1
vn 0 -7.51022853E-08 1
vn 0 -7.51022853E-08 1
vn 0.866024435 -3.7551267E-08 0.500001669
vn 0.866024256 -2.01834061E-09 0.500002
vn 0.00198145 0 0.999998033
vn 0.00188310083 0.000449387822 0.999998152
vn 0.00144400436 0.19657442 0.9804878
vn 0.00144400436 0.19657442 0.9804878
vn 0.00024121828 0.7200839 0.693886936
vn 0.238055423 0.04533933 0.97019273
vn 0.4670134 0.5215565 -0.714056969
vn 0.000251593854 0.737488866 -0.675359249
vn -0.001346003 -0.00221177563 -0.999996662
vn -0.0136553831 -0.510225534 -0.859932244
vn 0.239392549 0.0414047129 -0.9700396
vn -0.0007247514 0.438619822 -0.8986724
vn -0.0009935389 0.0008257001 -0.999999166
vn 0.0009774043 0.438846171 -0.898561656
vn -0.0007247514 0.438619822 -0.8986724
vn 0.362289876 0.503192 -0.784566
vn 0.0003897732 0.7200802 -0.6938907
vn 0.0009774043 0.438846171 -0.898561656
vn 0.00101370458 0.0008575586 -0.9999991
vn 0.00144400436 0.196574464 -0.9804878
vn 0.00188310107 0.000449387939 -0.999998152
vn 0.00198145024 0 -0.999998033
vn 0.00144400436 0.196574464 -0.9804878
vn 0.0003897732 0.7200802 -0.6938907
vn 0.239392549 0.0414047129 -0.9700396
vn -0.000757156755 0.7567322 -0.653724551
vn 0.6599927 0.5688721 -0.490707844
vn 0.543778241 0.50680536 -0.6689197
vn 0.00402562274 0.9600947 0.2796461
vn 0.03078417 0.727195859 -0.6857394
vn 0.479934782 0.392910838 -0.7844002
vn -0.85275656 0.08750679 0.514926
vn -0.7861083 0.0997728556 0.609982848
vn -0.974550068 0.136337966 0.1779441
vn -0.981903732 0.113883734 0.151312619
vn -0.7002572 0.03705172 0.712928534
vn -0.716603458 0.0385270342 0.696415961
vn -0.7083831 0.05541828 0.7036492
vn -0.0136553831 -0.510225534 -0.859932244
vn -0.0568506159 -0.745911658 -0.6636142
vn -0.0157438423 -0.460859835 -0.8873333
vn 0.342483252 -0.344548434 -0.8740661
vn 0.239392549 0.0414047129 -0.9700396
vn 0.239392549 0.0414047129 -0.9700396
vn 0.342483252 -0.344548434 -0.8740661
vn 0.543778241 0.50680536 -0.6689197
vn 0.479934782 0.392910838 -0.7844002
vn 0.362289876 0.503192 -0.784566
vn 0.217852965 0.123198614 -0.9681747
vn 0.336341649 0.5759269 -0.7451057
vn 0.5619684 0.7964751 -0.223201469
vn 0.6599927 0.5688721 -0.490707844
vn 0.4670134 0.5215565 -0.714056969
vn 0.5619684 0.7964751 -0.223201469
vn 0.0021999 0.9906858 -0.13615
vn -0.6890919 -0.00985174347 0.724607
vn -0.7356358 0.04070778 0.676152945
vn -0.744990468 0.0431213 0.665679932
vn -0.005628567 0.0819957256 -0.9966168
vn 0.217852965 0.123198614 -0.9681747
vn -0.00102293619 0.6812653 -0.732035935
vn 0.336341649 0.5759269 -0.7451057
vn -0.006826856 -0.7838536 0.620908141
vn -0.00388568523 -0.7855483 0.6187881
vn -0.0492522158 -0.6418558 0.76524204
vn -0.05374438 -0.694350541 0.7176273
vn -0.0516959 -0.9300514 0.363774627
vn -0.09992927 -0.8195748 0.564190865
vn -0.09992927 -0.8195748 0.564190865
vn -0.0516959 -0.9300514 0.363774627
vn 0.0007542387 0.7522589 0.6588672
vn 0.001802032 0.999997854 -0.00104978855
vn -0.597398758 0.8019443 0.00012696402
vn -0.659505665 0.5654558 0.495289862
vn -0.5427476 0.50789547 0.6689299
vn -0.004025614 0.9600949 -0.279645324
vn -0.03080374 0.7264812 0.686495543
vn -0.4769457 0.392884046 0.7862347
vn 0.8530353 0.0879972354 -0.514380455
vn 0.7861083 0.09977342 -0.6099828
vn 0.97589004 0.152704075 -0.155949146
vn 0.975919664 0.155494392 -0.152978152
vn 0.7002571 0.03705158 -0.7129286
vn 0.716603756 0.03852742 -0.6964156
vn 0.7083835 0.05541865 -0.703648746
vn 0.01951632 -0.7097777 0.7041553
vn 0.0620419681 -0.747972965 0.660823166
vn 0.0165266469 -0.460471958 0.8875204
vn -0.3419528 -0.342414618 0.8751117
vn -0.5575106 -0.184619188 0.809381
vn -0.5575106 -0.184619188 0.809381
vn -0.3419528 -0.342414618 0.8751117
vn -0.5427476 0.50789547 0.6689299
vn -0.4769457 0.392884046 0.7862347
vn -0.7125887 0.1070187 0.693371654
vn -0.217854336 0.123198032 0.968174458
vn -0.3363425 0.575926363 0.745105743
vn -0.561968744 0.7964747 0.22320205
vn -0.659505665 0.5654558 0.495289862
vn -0.8441077 0.12730065 0.5208423
vn -0.597398758 0.8019443 0.00012696402
vn -0.9937253 0.111848138 2.84897482E-07
vn 0.995327 0.096521005 0.00279958174
vn 0.9949329 0.100465186 0.003912192
vn -0.561968744 0.7964747 0.22320205
vn -0.002200671 0.990686 0.136148661
vn 0.6890926 -0.009850706 -0.7246064
vn 0.735635459 0.0407076031 -0.6761533
vn 0.7449905 0.0431212336 -0.6656798
vn 0.00562889269 0.08199505 0.99661684
vn -0.217854336 0.123198032 0.968174458
vn 0.00102266017 0.681264758 0.7320364
vn -0.3363425 0.575926363 0.745105743
vn 0.00215969444 -0.7862727 -0.6178758
vn -0.0007674746 -0.7879413 -0.6157499
vn 0.0436114669 -0.644407 -0.7634381
vn 0.04846065 -0.696643233 -0.7157791
vn 0.0493671671 -0.929729164 -0.364919871
vn 0.09601609 -0.821288764 -0.562375
vn 0.09601609 -0.821288764 -0.562375
vn 0.0493671671 -0.929729164 -0.364919871
vn 0.0518805124 -0.997438133 -0.0492498875
vn 0.09379442 -0.991537631 -0.08975355
vn 0.0007555587 0.7530882 -0.657919168
vn -0.6601409 0.5685945 -0.4908302
vn -0.0307845734 0.7271954 -0.685739934
vn -0.0040260884 0.960094869 0.279645562
vn -0.542749047 0.507894754 -0.668929338
vn -0.478251785 0.3943068 -0.7847276
vn 0.974500537 0.136435941 0.178140283
vn 0.786108732 0.09977423 0.609982133
vn 0.852757 0.08750808 0.5149251
vn 0.9775361 0.135275885 0.161628053
vn 0.7002574 0.0370524 0.712928236
vn 0.7083837 0.05541948 0.7036485
vn 0.716603637 0.0385275 0.6964157
vn 0.0195167623 -0.709775031 -0.704158
vn -0.5575112 -0.18462117 -0.8093802
vn -0.341953516 -0.3424139 -0.8751117
vn 0.016526809 -0.460470229 -0.887521267
vn 0.0620420352 -0.747969568 -0.660827
vn -0.5575112 -0.18462117 -0.8093802
vn -0.712765932 0.107958935 -0.6930437
vn -0.478251785 0.3943068 -0.7847276
vn -0.542749047 0.507894754 -0.668929338
vn -0.341953516 -0.3424139 -0.8751117
vn -0.561969459 0.796474636 -0.223200455
vn -0.336341441 0.57592696 -0.745105743
vn -0.217853516 0.123198994 -0.9681745
vn -0.8086809 0.167087 -0.5640187
vn -0.6601409 0.5685945 -0.4908302
vn -0.561969459 0.796474636 -0.223200455
vn -0.00219989754 0.990685761 -0.13615033
vn 0.7449901 0.04312084 0.665680349
vn 0.735635459 0.0407072939 0.676153362
vn 0.6890921 -0.009851577 0.7246068
vn -0.217853516 0.123198994 -0.9681745
vn 0.005628889 0.0819962844 -0.9966167
vn 0.001023104 0.6812653 -0.7320359
vn -0.336341441 0.57592696 -0.745105743
vn 0.04360735 -0.6444085 0.763437
vn -0.000767492165 -0.7879411 0.615750134
vn 0.002159447 -0.7862727 0.6178759
vn 0.048456233 -0.6966459 0.7157768
vn 0.04936704 -0.9297291 0.36492008
vn 0.09601597 -0.8212887 0.5623752
vn 0.05188048 -0.997438133 0.0492499
vn 0.04936704 -0.9297291 0.36492008
vn 0.09601597 -0.8212887 0.5623752
vn 0.09379442 -0.991537631 0.08975362
vn -4.55978828E-08 4.924806E-08 1
vn -1.1109838E-07 1.85605112E-14 1
vn 0.707336962 0 0.7068765
vn 0.7071068 0 -0.707106769
vn 0.686871052 0.2450135 -0.684234262
vn 0.6871034 0.244963408 0.6840189
vn 0.7071068 0 -0.707106769
vn -0.706941843 0 -0.7072717
vn -0.686717749 0.244977266 -0.6844011
vn 0.686871052 0.2450135 -0.684234262
vn -0.706941843 0 -0.7072717
vn -0.7070415 0 0.7071721
vn -0.6867921 0.245095864 0.684284031
vn -0.686717749 0.244977266 -0.6844011
vn 0.699352562 -0.03416075 -0.7139601
vn 0.6995855 -0.0341482572 0.7137324
vn -0.6991891 -0.0341526829 -0.714120567
vn 0.699352562 -0.03416075 -0.7139601
vn -0.6992845 -0.0341823 0.714025736
vn -0.6991891 -0.0341526829 -0.714120567
vn 0.5858102 -0.5660339 -0.5800277
vn 0.586062849 -0.5659068 0.5798964
vn -0.5857203 -0.5659415 -0.58020854
vn 0.5858102 -0.5660339 -0.5800277
vn -0.585653961 -0.566243947 0.5799804
vn -0.5857203 -0.5659415 -0.58020854
vn 8.030551E-07 1 7.910415E-07
vn 1.55291423E-06 1 0
vn 7.503702E-07 1 8.46619741E-07
vn 1.06599718E-09 1 1.6370758E-06
vn 1 0 0
vn 1 0 0
vn 1 0 0
vn 1 0 0
vn 0 0 -1
vn 0 0 -1
vn 0 0 -1
vn 0 0 -1
vn -0.9999999 0 -0.000466566358
vn -0.9999999 0 -0.000466566358
vn -0.9999999 0 -0.000466566358
vn -0.9999999 0 -0.000466566358
vn 0.000651159266 0 0.999999762
vn 0.000651159266 0 0.999999762
vn 0.000651159266 0 0.999999762
vn 0.000651159266 0 0.999999762
vn 0.000246020238 0.009334473 -0.9999564
vn 0.000484843651 0 -0.9999999
vn 0.0005022375 0.0003241325 -0.9999998
vn 0.000246022071 0.009334532 -0.9999564
vn -0.0009770913 0.0003273766 -0.999999464
vn -0.0009944792 3.35829736E-06 -0.9999995
vn 1 -7.320879E-08 -5.67587932E-09
vn 0.9999964 -3.350956E-06 0.0026790686
vn 0.9999964 -3.20453842E-06 0.00267907861
vn 1 0 6.15979143E-12
vn 0.9999964 0 -0.0026792998
vn 0.9999964 0 -0.00267929956
vn 0.177141935 0.9691005 -0.171653777
vn 7.48977764E-05 0.9337755 -0.357859433
vn 7.709031E-05 0.933775365 -0.357859641
vn 0.160786286 0.96856916 -0.189793468
vn 0.3183008 0.9479897 0.000341022474
vn 0.177141935 0.9691005 -0.171653777
vn 0.160786286 0.96856916 -0.189793468
vn 0.318303645 0.947988749 0.000358903228
vn -0.177084073 0.9691669 -0.171338171
vn -0.161404848 0.9685592 -0.189318568
vn 0.177083924 0.969166934 0.171337992
vn 0.1614047 0.968559265 0.189318359
vn 0.0174930673 0.999847 0
vn 0.0174930673 0.999847 0
vn 0.0174930654 0.999847 0
vn 0.0174930673 0.999847 0
vn -0.9853437 0.170580924 0
vn -0.9853437 0.170580909 0
vn -0.9853437 0.170580924 0
vn -0.9853437 0.170580909 0
vn -1 0 0
vn -1 0 0
vn -1 0 0
vn -1 0 0
vn 0 1 0
vn 0 1 0
vn 0 1 0
vn 0 1 0
vn 0 0 1
vn 0 0 1
vn 0 0 1
vn 0 0 1
vn 0 0 1
vn 0 0 1
vn 0 0 1
vn 0 0 1
vn 0 0 -1
vn 0 0 -1
vn 0 0 -1
vn 0 0 -1
vn 0 0 -1
vn 0 0 -1
vn 0 0 -1
vn 0 0 -1
vn 0 1 0
vn 0 1 0
vn 0 1 0
vn 0 1 0
vn 0 0 1
vn 0 0 1
vn 0 0 1
vn 0 0 1
vn 0 0 1
vn 0 0 1
vn 0 0 1
vn 0 0 1
vn 0 0 -1
vn 0 0 -1
vn 0 0 -1
vn 0 0 -1
vn 0 0 -1
vn 0 0 -1
vn 0 0 -1
vn 0 0 -1
vn 0 1 0
vn 0 1 0
vn 0 1 0
vn 0 1 0
vn 0 0 1
vn 0 0 1
vn 0 0 1
vn 0 0 1
vn 0 0 1
vn 0 0 1
vn 0 0 1
vn 0 0 1
vn 0 0 -1
vn 0 0 -1
vn 0 0 -1
vn 0 0 -1
vn 0 0 -1
vn 0 0 -1
vn 0 0 -1
vn 0 0 -1
vn 0 1 0
vn 0 1 0
vn 0 1 0
vn 0 1 0
vn 0 0 1
vn 0 0 1
vn 0 0 1
vn 0 0 1
vn -7.072924E-08 2.1737219E-07 1
vn 0 0 1
vn -1.771181E-08 5.44337126E-08 1
vn -8.844104E-08 2.718059E-07 1
vn 0 0 -1
vn 0 0 -1
vn 0 0 -1
vn 0 0 -1
vn 1.768821E-07 -1.9224624E-14 -1
vn 1.768821E-07 -2.40387967E-14 -1
vn 1.76882082E-07 -4.814174E-15 -1
vn 1.76882068E-07 0 -1
vn 0 1 0
vn 0 1 0
vn 0 1 0
vn 0 1 0
vn 0 0 1
vn 0 0 1
vn 0 0 1
vn 0 0 1
vn 7.072924E-08 5.44337126E-08 1
vn 0 2.718059E-07 1
vn 1.771181E-08 2.1737219E-07 1
vn 8.84410554E-08 0 1
vn 0 0 -1
vn 0 0 -1
vn 0 0 -1
vn 0 0 -1
vn -1.76882111E-07 5.767387E-14 -1
vn -1.768821E-07 7.21164E-14 -1
vn -1.76882082E-07 1.4442525E-14 -1
vn -1.76882068E-07 0 -1
vn 0 1 0
vn 0 1 0
vn 0 1 0
vn 0 1 0
vn 0 0 1
vn 0 0 1
vn 0 0 1
vn 0 0 1
vn -8.84410838E-08 0 1
vn -8.84410838E-08 0 1
vn -8.84410838E-08 0 1
vn -8.84410838E-08 0 1
vn 0 0 -1
vn 0 0 -1
vn 0 0 -1
vn 0 0 -1
vn 1.76882153E-07 -7.689852E-14 -1
vn 1.76882168E-07 -9.61552344E-14 -1
vn 1.76882139E-07 -1.92567062E-14 -1
vn 1.76882139E-07 0 -1
vn 0 1 0
vn 0 1 0
vn 0 1 0
vn 0 1 0
vn 0 0 1
vn 0 0 1
vn 0 0 1
vn 0 0 1
vn 0 1 0
vn 0 1 0
vn 0 1 0
vn 0 1 0
vn 0 0 1
vn 0 0 1
vn 0 0 1
vn 0 0 1
vn 0 1 0
vn 0 1 0
vn 0 1 0
vn 0 1 0
vn -1 0 0
vn -1 0 0
vn -1 0 0
vn -1 0 0
vn -1 4.43152828E-07 -1.32378446E-07
vn -1 0 0
vn -1 1.00458976E-07 -3.00090726E-08
vn -1 5.436118E-07 -1.62387522E-07
vn 1 0 0
vn 1 0 0
vn 1 0 0
vn 1 0 0
vn 1 -1.57417939E-14 1.62387522E-07
vn 1 -1.93103234E-14 1.623875E-07
vn 1 -3.56853075E-15 1.62387508E-07
vn 1 0 1.62387508E-07
vn 0 1 0
vn 0 1 0
vn 0 1 0
vn 0 1 0
vn -1 0 0
vn -1 0 0
vn -1 0 0
vn -1 0 0
vn -1 1.04309272E-07 1.36569938E-07
vn -1 5.436118E-07 0
vn -1 4.39302568E-07 3.242756E-08
vn -1 0 1.68997488E-07
vn 1 -9.00518429E-13 1.68997488E-07
vn 1 -9.186943E-13 1.68997488E-07
vn 1 -1.81757821E-14 1.6899746E-07
vn 1 0 1.6899746E-07
vn 1 0 0
vn 1 0 0
vn 1 0 0
vn 1 0 0
vn 0 1 0
vn 0 1 0
vn 0 1 0
vn 0 1 0
vn -1 0 0
vn -1 0 0
vn -1 0 0
vn -1 0 0
vn -1 0 -1.62387522E-07
vn -1 0 -1.62387522E-07
vn -1 0 -1.62387522E-07
vn -1 0 -1.62387522E-07
vn 1 0 0
vn 1 0 0
vn 1 0 0
vn 1 0 0
vn 1 -1.57417939E-14 1.62387522E-07
vn 1 -1.93103234E-14 1.623875E-07
vn 1 -3.568531E-15 1.62387508E-07
vn 1 0 1.62387508E-07
vn 0 1 0
vn 0 1 0
vn 0 1 0
vn 0 1 0
vn -1 0 0
vn -1 0 0
vn -1 0 0
vn -1 0 0
vn -1 0 0
vn -1 0 0
vn -1 0 0
vn -1 0 0
vn 1 0 0
vn 1 0 0
vn 1 0 0
vn 1 0 0
vn 1 0 0
vn 1 0 0
vn 1 0 0
vn 1 0 0
vn 0 1 0
vn 0 1 0
vn 0 1 0
vn 0 1 0
vn -1 0 -4.40198448E-07
vn -1 0 -4.40198448E-07
vn -1 0 -4.40198448E-07
vn -1 0 -4.40198448E-07
vn 0 1 0
vn 0 1 0
vn 0 1 0
vn 0 1 0
vn -1 0 0
vn -1 0 0
vn -1 0 0
vn -1 0 0
vn 0 1 0
vn 0 1 0
vn 0 1 0
vn 0 1 0
vn -1.70631921E-07 0 -1
vn -1.70631921E-07 0 -1
vn -1.70631921E-07 0 -1
vn -1.70631921E-07 0 -1
vn 0 1 0
vn 0 1 0
vn 0 1 0
vn 0 1 0
vn 0 0 -1
vn 0 0 -1
vn 0 0 -1
vn 0 0 -1
vn 0 1 0
vn 0 1 0
vn 0 1 0
vn 0 1 0
vn 1 0 -1.37663136E-07
vn 1 0 -1.37663136E-07
vn 1 0 -1.37663136E-07
vn 1 0 -1.37663136E-07
vn 0 1 0
vn 0 1 0
vn 0 1 0
vn 0 1 0
vn 1 0 -2.756678E-07
vn 1 0 -2.756678E-07
vn 1 0 -2.756678E-07
vn 1 0 -2.756678E-07
vn 0.9931074 0.117208295 1.59678748E-07
vn 0.49655357 0.117209621 -0.8600561
vn 0.440972179 0.471354276 -0.7637858
vn 0.881944 0.471354216 1.3623108E-07
vn -0.496554136 0.117211118 -0.860055566
vn -0.440971434 0.471354425 -0.7637861
vn 0.440972179 0.471354276 -0.7637858
vn 0.49655357 0.117209621 -0.8600561
vn -0.993107 0.117211267 1.96683047E-07
vn -0.8819441 0.471354 1.57996965E-07
vn -0.496554166 0.117209882 0.8600557
vn -0.4409713 0.471353769 0.7637866
vn 0.4965536 0.117208384 0.8600562
vn 0.44097206 0.471353561 0.763786256
vn 0.5000012 0 -0.866024733
vn 1 0 -1.95228054E-07
vn 0.8354357 0.549588263 1.04770628E-07
vn 0.4177191 0.5495876 -0.723508239
vn -0.5000004 0 -0.86602515
vn 0.5000012 0 -0.866024733
vn 0.4177191 0.5495876 -0.723508239
vn -0.417719722 0.549586535 -0.7235087
vn -1 0 -4.12371634E-07
vn -0.835437357 0.54958564 1.60624055E-07
vn -0.500000536 -1.77113435E-08 0.8660251
vn -0.417719543 0.5495862 0.723509133
vn 0.5000016 -1.67398166E-08 0.8660245
vn 0.417719 0.54958725 0.7235086
vn 0.9931074 0.11720819 2.18642086E-07
vn 0.49655357 0.117209636 -0.8600561
vn 0.440972149 0.471354216 -0.763785839
vn 0.881943941 0.471354276 1.65889247E-07
vn -0.496554136 0.117211126 -0.860055566
vn -0.440971434 0.471354425 -0.7637861
vn 0.440972149 0.471354216 -0.763785839
vn 0.49655357 0.117209636 -0.8600561
vn -0.993107 0.117211178 2.477499E-07
vn -0.8819441 0.471354 1.60657947E-07
vn -0.496554226 0.1172089 0.8600558
vn -0.440971226 0.471353441 0.7637868
vn 0.496553659 0.117207408 0.860056341
vn 0.4409719 0.471353233 0.763786554
vn 0.5000012 0 -0.866024733
vn 1 0 -1.24202344E-07
vn 0.8354356 0.549588263 1.74131486E-07
vn 0.417719066 0.5495876 -0.7235083
vn -0.5000004 0 -0.86602515
vn 0.5000012 0 -0.866024733
vn 0.417719066 0.5495876 -0.7235083
vn -0.417719722 0.549586535 -0.7235087
vn -1 0 -2.23102E-07
vn -0.835437357 0.54958564 2.1651141E-07
vn -0.5000006 0 0.866025031
vn -0.417719573 0.549586356 0.723508954
vn 0.5000013 0 0.8660247
vn 0.417718977 0.549587369 0.723508537
vn -1 0 0
vn -1 0 0
vn -2.88083E-08 -1.76227353E-08 -1
vn -2.21734808E-07 -8.949094E-07 -1
vn -2.19551609E-07 -8.59664E-07 -1
vn -2.88086159E-08 -1.76227335E-08 -1
vn 1 1.789818E-06 0
vn 1 1.65030667E-06 6.179768E-08
vn 1 1.78981816E-06 7.32109839E-08
vn 1 1.789818E-06 0
vn 5.76169477E-08 -8.596632E-07 -1
vn 5.543372E-08 -8.949087E-07 -1
vn 1 -3.5796354E-06 -2.92843652E-07
vn 1 -3.300613E-06 -2.700173E-07
vn 0.00451441854 0.999980032 -0.004425037
vn -1.47295121E-09 0.9999569 -0.009282313
vn -4.937225E-10 0.9999569 -0.009282312
vn -1.87188487E-09 0.9999569 -0.009282314
vn 0.004246495 0.999979854 -0.00471331831
vn 0.004246495 0.999979854 -0.00471331831
vn 0.008626783 0.9999628 -1.36263623E-09
vn 0.008626783 0.9999628 -1.26314936E-09
vn 0.00451441854 0.999980032 -0.004425037
vn -0.0042465 0.999979854 -0.00471331645
vn -0.00451441761 0.999980032 -0.00442503858
vn 0.00424649846 0.999979854 0.00471331459
vn 0.004514416 0.999980032 0.00442503626
vn -4.30555254E-08 2.538283E-08 -1
vn 5.23687866E-08 0 -1
vn -1.01147066E-07 1.178157E-07 -1
vn -1.33897387E-07 1.42439745E-07 -1
vn 1 -2.2552517E-07 -1.75322654E-07
vn 1 -2.39465265E-07 -2.441043E-07
vn 1 -2.63130829E-07 -2.73324758E-07
vn 1 -8.353187E-08 0
vn 5.984752E-08 -3.580138E-08 -1
vn 5.23687866E-08 0 -1
vn -4.30555254E-08 2.538283E-08 -1
vn 0 -8.353188E-08 -1
vn 1 0 0
vn 1 -1.89324382E-07 -2.33763544E-07
vn -6.550047E-08 1.32779931E-07 -1
vn 0 8.353187E-08 -1
vn -1 0 0
vn -1 0 0
vn 0.4925533 0.1719408 -0.853128135
vn 0.9851073 0.171940669 1.47541854E-07
vn 0.971374154 -0.2375548 4.62875278E-07
vn 0.4856863 -0.2375564 -0.8412347
vn -0.4925537 0.171940446 -0.853127956
vn 0.4925533 0.1719408 -0.853128135
vn 0.4856863 -0.2375564 -0.8412347
vn -0.485686243 -0.237556651 -0.8412346
vn -0.9851073 0.17194058 1.67935767E-07
vn -0.971373856 -0.237556025 -2.98766537E-07
vn -0.492553532 0.1719412 0.8531279
vn -0.485685766 -0.237555981 0.8412351
vn 0.492553234 0.171940953 0.853128135
vn 0.485686541 -0.237555012 0.8412349
vn 0.46969 0.3428753 -0.813528
vn 0.939381063 0.342874885 -9.947464E-08
vn -0.46968922 0.342876017 -0.8135282
vn 0.46969 0.3428753 -0.813528
vn -0.9393808 0.342875659 6.65635639E-07
vn -0.469689429 0.3428756 0.81352824
vn 0.469689369 0.3428755 0.8135283
vn 0.499999136 0 -0.8660259
vn 1 0 2.97357957E-07
vn -0.4999991 0 -0.8660259
vn 0.499999136 0 -0.8660259
vn -1 0 1.34869085E-08
vn -0.499998569 -6.91438E-08 0.8660262
vn 0.499999344 -6.302123E-08 0.8660258
vn 0 0 -1
vn 0 0 -1
vn 0 0 -1
vn 0 0 -1
vn 0 0 1
vn 0 0 1
vn 0 0 1
vn 0 0 1
vn -1 0 0
vn -1 0 0
vn -1 0 0
vn -1 0 0
vn -1 0 0
vn -1 0 0
vn -1 0 0
vn -1 0 0
vn 0.707336962 0 0.7068765
vn 0.7071068 0 -0.707106769
vn 0.686870933 0.245012164 -0.684234858
vn 0.6871033 0.244962081 0.6840195
vn 0.7071068 0 -0.707106769
vn -0.706941843 0 -0.7072717
vn -0.686718047 0.2449789 -0.68440026
vn 0.686870933 0.245012164 -0.684234858
vn -0.706941843 0 -0.7072717
vn -0.7070415 0 0.7071721
vn -0.686792254 0.245098114 0.6842831
vn -0.686718047 0.2449789 -0.68440026
vn 0.699354649 -0.0341605656 -0.713958
vn 0.699587643 -0.0341480821 0.7137304
vn -0.6991877 -0.03415357 -0.7141219
vn 0.699354649 -0.0341605656 -0.713958
vn -0.6992803 -0.0341832377 0.7140298
vn -0.6991877 -0.03415357 -0.7141219
vn 0.58581084 -0.566031 -0.580029845
vn 0.5860635 -0.5659039 0.579898536
vn -0.585719645 -0.565944433 -0.580206335
vn 0.58581084 -0.566031 -0.580029845
vn -0.585652947 -0.5662481 0.5799773
vn -0.585719645 -0.565944433 -0.580206335
vn 8.030551E-07 1 7.910415E-07
vn 1.55291423E-06 1 0
vn 7.503702E-07 1 8.46619741E-07
vn 1.06599718E-09 1 1.6370758E-06
vn 1 0 0
vn 1 0 0
vn 1 0 0
vn 1 0 0
vn 0 0 -1
vn 0 0 -1
vn 0 0 -1
vn 0 0 -1
vn -0.9999999 0 -0.000466566358
vn -0.9999999 0 -0.000466566358
vn -0.9999999 0 -0.000466566358
vn -0.9999999 0 -0.000466566358
vn 0.000651159266 0 0.999999762
vn 0.000651159266 0 0.999999762
vn 0.000651159266 0 0.999999762
vn 0.000651159266 0 0.999999762
vn 0.707336962 0 0.7068765
vn 0.707106769 0 -0.707106769
vn 0.6868714 0.245011747 -0.68423456
vn 0.687103331 0.244962528 0.684019268
vn 0.707106769 0 -0.707106769
vn -0.706941843 0 -0.7072717
vn -0.6867182 0.24497655 -0.684400856
vn 0.6868714 0.245011747 -0.68423456
vn -0.706941843 0 -0.7072717
vn -0.7070415 0 0.707172036
vn -0.6867921 0.245096311 0.684283853
vn -0.6867182 0.24497655 -0.684400856
vn 0.699352562 -0.0341605 -0.7139601
vn 0.6995869 -0.0341481455 0.71373105
vn -0.6991881 -0.0341529138 -0.7141215
vn 0.699352562 -0.0341605 -0.7139601
vn -0.6992834 -0.03418265 0.714026749
vn -0.6991881 -0.0341529138 -0.7141215
vn 0.5858121 -0.56603 -0.5800295
vn 0.5860633 -0.565904856 0.5798978
vn -0.5857218 -0.5659396 -0.5802089
vn 0.5858121 -0.56603 -0.5800295
vn -0.5856538 -0.5662446 0.5799799
vn -0.5857218 -0.5659396 -0.5802089
vn 8.030556E-07 1 7.910423E-07
vn 1.55291684E-06 1 0
vn 7.50372237E-07 1 8.466189E-07
vn 1.065999E-09 1 1.6370758E-06
vn 1 0 0
vn 1 0 0
vn 1 0 0
vn 1 0 0
vn 0 0 -1
vn 0 0 -1
vn 0 0 -1
vn 0 0 -1
vn -0.9999999 0 -0.000466566358
vn -0.9999999 0 -0.000466566358
vn -0.9999999 0 -0.000466566358
vn -0.9999999 0 -0.000466566358
vn 0.000651160255 0 0.999999762
vn 0.000651160255 0 0.999999762
vn 0.000651160255 0 0.999999762
vn 0.000651160255 0 0.999999762
vn 0.7073367 0 0.706876755
vn 0.7071068 0 -0.707106769
vn 0.686870933 0.245012164 -0.684234858
vn 0.687103033 0.244962066 0.684019744
vn 0.7071068 0 -0.707106769
vn -0.7069418 0 -0.707271755
vn -0.686718047 0.2449789 -0.68440026
vn 0.686870933 0.245012164 -0.684234858
vn -0.7069418 0 -0.707271755
vn -0.7070418 0 0.7071718
vn -0.6867926 0.245097786 0.684282839
vn -0.686718047 0.2449789 -0.68440026
vn 0.699354649 -0.0341605656 -0.713958
vn 0.699587464 -0.0341483243 0.7137306
vn -0.6991877 -0.034153562 -0.714121938
vn 0.699354649 -0.0341605656 -0.713958
vn -0.6992797 -0.034183383 0.7140303
vn -0.6991877 -0.034153562 -0.714121938
vn 0.58581084 -0.566031 -0.580029845
vn 0.586063564 -0.565903664 0.5798987
vn -0.585719645 -0.565944433 -0.580206335
vn 0.58581084 -0.566031 -0.580029845
vn -0.5856539 -0.566247165 0.579977334
vn -0.585719645 -0.565944433 -0.580206335
vn 8.03054832E-07 1 7.910417E-07
vn 1.55291423E-06 1 0
vn 7.50369566E-07 1 8.466204E-07
vn 1.06472753E-09 1 1.637077E-06
vn 1 0 0
vn 1 0 0
vn 1 0 0
vn 1 0 0
vn 0 0 -1
vn 0 0 -1
vn 0 0 -1
vn 0 0 -1
vn -0.9999999 0 -0.000466566766
vn -0.9999999 0 -0.000466566766
vn -0.9999999 0 -0.000466566766
vn -0.9999999 0 -0.000466566766
vn 0.0006503831 0 0.999999762
vn 0.0006503831 0 0.999999762
vn 0.0006503831 0 0.999999762
vn 0.0006503831 0 0.999999762
vn 0.627065 0.7756891 0.07138529
vn 0.785445869 -0.03179224 0.6181133
vn 0.6964956 -0.303599566 -0.650170147
vn -0.0505421236 0.7604728 -0.647399962
vn -0.569763243 -0.062227387 -0.819449544
vn -0.411375165 -0.869709 -0.272720963
vn 0.266226 -0.8544882 0.446064562
vn 0.230201378 0.885287046 0.404072016
vn 0.3892839 0.13080892 0.9117824
vn 0.785445869 -0.03179224 0.6181133
vn 0.627065 0.7756891 0.07138529
vn -0.3902737 0.876078367 -0.283148646
vn -0.0505421236 0.7604728 -0.647399962
vn -0.873241365 0.0911743 -0.47868228
vn -0.569763243 -0.062227387 -0.819449544
vn -0.841810346 -0.539556444 -0.0153049883
vn -0.873241365 0.0911743 -0.47868228
vn -0.569763243 -0.062227387 -0.819449544
vn -0.411375165 -0.869709 -0.272720963
vn -0.03466582 -0.5090048 0.860065341
vn 0.266226 -0.8544882 0.446064562
vn 0.4795592 0.8515416 0.211895928
vn 0.6547157 0.0121214492 0.755778
vn -0.188445941 0.814229 -0.5491076
vn -0.660189152 -0.0422805361 -0.749908447
vn -0.657134652 -0.5067281 -0.5580328
vn -0.660189152 -0.0422805361 -0.749908447
vn 0.481567085 -0.459944427 0.746018946
vn -0.0351977274 0.7756892 -0.630132854
vn 0.477065146 -0.03179195 -0.878292739
vn -0.758143067 -0.303598642 -0.577102244
vn -0.6296519 0.7604723 0.158809066
vn -0.711841047 -0.0622320771 0.699578047
vn -0.199576154 -0.8697085 0.451416165
vn 0.394879133 -0.8544884 -0.3375205
vn 0.359553576 0.885286331 -0.294939518
vn 0.833234847 0.130808339 -0.537223339
vn 0.477065146 -0.03179195 -0.878292739
vn -0.0351977274 0.7756892 -0.630132854
vn -0.213404074 0.8760798 0.432368875
vn -0.6296519 0.7604723 0.158809066
vn -0.324850976 0.0911706463 0.9413606
vn -0.711841047 -0.0622320771 0.699578047
vn 0.1266277 -0.5395566 0.832372546
vn -0.324850976 0.0911706463 0.9413606
vn -0.711841047 -0.0622320771 0.699578047
vn -0.199576154 -0.8697085 0.451416165
vn 0.853627 -0.5090032 -0.110619575
vn 0.394879133 -0.8544884 -0.3375205
vn 0.128140762 0.8515413 -0.508387
vn 0.6347734 0.0121214474 -0.7726033
vn -0.509546638 0.81422925 0.278195977
vn -0.628066 -0.0422812551 0.77701056
vn -0.4394413 -0.5067313 0.7416972
vn -0.628066 -0.0422812551 0.77701056
vn 0.6543026 -0.459942669 -0.6002839
vn -0.629782856 0.7756885 -0.04099906
vn -0.814398348 -0.0317925736 -0.5794347
vn -0.664263 -0.3035993 0.683068156
vn 0.08176703 0.7604714 0.6442029
vn 0.6086944 -0.062228553 0.79096067
vn 0.424073249 -0.8697088 0.252524376
vn -0.287471324 -0.8544886 -0.432677031
vn -0.249458835 0.885284841 -0.392480582
vn -0.432893217 0.130807042 -0.8919041
vn -0.814398348 -0.0317925736 -0.5794347
vn -0.629782856 0.7756885 -0.04099906
vn 0.403498918 0.876078844 0.263959318
vn 0.08176703 0.7604714 0.6442029
vn 0.89535147 0.0911742449 0.4359278
vn 0.6086944 -0.062228553 0.79096067
vn 0.841566563 -0.539556265 -0.0253910925
vn 0.89535147 0.0911742449 0.4359278
vn 0.6086944 -0.062228553 0.79096067
vn 0.424073249 -0.8697088 0.252524376
vn -0.00693870056 -0.5090032 -0.860736668
vn -0.287471324 -0.8544886 -0.432677031
vn -0.489240468 0.851539969 -0.188476652
vn -0.690472066 0.0121167824 -0.7232576
vn 0.214763716 0.814226866 0.539361835
vn 0.695656657 -0.0422824062 0.717129
vn 0.68333286 -0.5067296 0.5256247
vn 0.695656657 -0.0422824062 0.717129
vn -0.5170568 -0.459941268 -0.7218769
vn 0.0197052117 0.775689363 0.630807161
vn -0.498497933 -0.0317930579 0.8663077
vn 0.7437378 -0.303598017 0.5955521
vn 0.6333624 0.760473132 -0.143292353
vn 0.7288101 -0.0622288547 -0.6818823
vn 0.210607469 -0.869707942 -0.446377218
vn -0.403049946 -0.8544885 0.327719629
vn -0.366694152 0.8852847 0.286018163
vn -0.846180737 0.130805537 0.516592741
vn -0.498497933 -0.0317930579 0.8663077
vn 0.0197052117 0.775689363 0.630807161
vn 0.2239639 0.8760784 -0.4269974
vn 0.6333624 0.760473132 -0.143292353
vn 0.3478766 0.09117056 -0.9330969
vn 0.7288101 -0.0622288547 -0.6818823
vn -0.106141038 -0.5395574 -0.8352316
vn 0.3478766 0.09117056 -0.9330969
vn 0.7288101 -0.0622288547 -0.6818823
vn 0.210607469 -0.869707942 -0.446377218
vn -0.8560857 -0.5090037 0.08962375
vn -0.403049946 -0.8544885 0.327719629
vn -0.140593156 0.851540148 0.5050871
vn -0.6535628 0.012119147 0.75677526
vn 0.5162268 0.814229548 -0.265593946
vn 0.646965444 -0.04227802 -0.76134634
vn 0.457531333 -0.506728351 -0.7306788
vn 0.646965444 -0.04227802 -0.76134634
vn -0.6688531 -0.459938467 0.584031
usemtl cc-bd002_part_0_material_0
f 9/9/9 10/10/10 11/11/11
f 11/11/11 12/12/12 9/9/9
f 13/13/13 14/14/14 15/15/15
f 15/15/15 16/16/16 13/13/13
f 23/23/23 24/24/24 25/25/25
f 25/25/25 26/26/26 23/23/23
f 27/27/27 28/28/28 29/29/29
f 29/29/29 30/30/30 27/27/27
f 31/31/31 32/32/32 33/33/33
f 33/33/33 34/34/34 31/31/31
f 35/35/35 36/36/36 37/37/37
f 37/37/37 38/38/38 35/35/35
f 1083/1083/1083 1084/1084/1084 1085/1085/1085
f 1085/1085/1085 1086/1086/1086 1083/1083/1083
f 1087/1087/1087 1088/1088/1088 1089/1089/1089
f 1089/1089/1089 1090/1090/1090 1087/1087/1087
f 1091/1091/1091 1092/1092/1092 1093/1093/1093
f 1093/1093/1093 1094/1094/1094 1091/1091/1091
f 1095/1095/1095 1096/1096/1096 1097/1097/1097
f 1097/1097/1097 1098/1098/1098 1095/1095/1095
usemtl cc-bd002_part_0_material_1
f 82/82/82 83/83/83 84/84/84
f 84/84/84 85/85/85 82/82/82
f 86/86/86 87/87/87 88/88/88
f 88/88/88 89/89/89 86/86/86
f 90/90/90 91/91/91 92/92/92
f 92/92/92 93/93/93 90/90/90
f 87/87/87 94/94/94 95/95/95
f 95/95/95 88/88/88 87/87/87
f 190/190/190 191/191/191 192/192/192
f 192/192/192 193/193/193 190/190/190
f 194/194/194 195/195/195 196/196/196
f 196/196/196 197/197/197 194/194/194
f 198/198/198 194/194/194 197/197/197
f 197/197/197 199/199/199 198/198/198
f 200/200/200 198/198/198 199/199/199
f 199/199/199 201/201/201 200/200/200
f 202/202/202 200/200/200 201/201/201
f 201/201/201 203/203/203 202/202/202
f 191/191/191 202/202/202 203/203/203
f 203/203/203 192/192/192 191/191/191
f 204/204/204 205/205/205 191/191/191
f 191/191/191 190/190/190 204/204/204
f 206/206/206 207/207/207 195/195/195
f 195/195/195 194/194/194 206/206/206
f 208/208/208 206/206/206 194/194/194
f 194/194/194 198/198/198 208/208/208
f 209/209/209 208/208/208 198/198/198
f 198/198/198 200/200/200 209/209/209
f 210/210/210 209/209/209 200/200/200
f 200/200/200 202/202/202 210/210/210
f 205/205/205 210/210/210 202/202/202
f 202/202/202 191/191/191 205/205/205
f 211/211/211 212/212/212 205/205/205
f 205/205/205 204/204/204 211/211/211
f 213/213/213 214/214/214 207/207/207
f 207/207/207 206/206/206 213/213/213
f 215/215/215 213/213/213 206/206/206
f 206/206/206 208/208/208 215/215/215
f 216/216/216 215/215/215 208/208/208
f 208/208/208 209/209/209 216/216/216
f 217/217/217 216/216/216 209/209/209
f 209/209/209 210/210/210 217/217/217
f 212/212/212 217/217/217 210/210/210
f 210/210/210 205/205/205 212/212/212
f 218/218/218 219/219/219 220/220/220
f 220/220/220 221/221/221 218/218/218
f 222/222/222 223/223/223 224/224/224
f 224/224/224 225/225/225 222/222/222
f 226/226/226 222/222/222 225/225/225
f 225/225/225 227/227/227 226/226/226
f 228/228/228 226/226/226 227/227/227
f 227/227/227 229/229/229 228/228/228
f 230/230/230 228/228/228 229/229/229
f 229/229/229 231/231/231 230/230/230
f 219/219/219 230/230/230 231/231/231
f 231/231/231 220/220/220 219/219/219
f 232/232/232 233/233/233 219/219/219
f 219/219/219 218/218/218 232/232/232
f 234/234/234 235/235/235 223/223/223
f 223/223/223 222/222/222 234/234/234
f 236/236/236 234/234/234 222/222/222
f 222/222/222 226/226/226 236/236/236
f 237/237/237 236/236/236 226/226/226
f 226/226/226 228/228/228 237/237/237
f 238/238/238 237/237/237 228/228/228
f 228/228/228 230/230/230 238/238/238
f 233/233/233 238/238/238 230/230/230
f 230/230/230 219/219/219 233/233/233
f 239/239/239 240/240/240 233/233/233
f 233/233/233 232/232/232 239/239/239
f 241/241/241 242/242/242 235/235/235
f 235/235/235 234/234/234 241/241/241
f 243/243/243 241/241/241 234/234/234
f 234/234/234 236/236/236 243/243/243
f 244/244/244 243/243/243 236/236/236
f 236/236/236 237/237/237 244/244/244
f 245/245/245 244/244/244 237/237/237
f 237/237/237 238/238/238 245/245/245
f 240/240/240 245/245/245 238/238/238
f 238/238/238 233/233/233 240/240/240
f 246/246/246 247/247/247 248/248/248
f 248/248/248 249/249/249 246/246/246
f 250/250/250 251/251/251 252/252/252
f 252/252/252 253/253/253 250/250/250
f 254/254/254 250/250/250 253/253/253
f 253/253/253 255/255/255 254/254/254
f 256/256/256 254/254/254 255/255/255
f 255/255/255 257/257/257 256/256/256
f 258/258/258 256/256/256 257/257/257
f 257/257/257 259/259/259 258/258/258
f 247/247/247 258/258/258 259/259/259
f 259/259/259 248/248/248 247/247/247
f 260/260/260 261/261/261 247/247/247
f 247/247/247 246/246/246 260/260/260
f 262/262/262 263/263/263 251/251/251
f 251/251/251 250/250/250 262/262/262
f 264/264/264 262/262/262 250/250/250
f 250/250/250 254/254/254 264/264/264
f 265/265/265 264/264/264 254/254/254
f 254/254/254 256/256/256 265/265/265
f 266/266/266 265/265/265 256/256/256
f 256/256/256 258/258/258 266/266/266
f 261/261/261 266/266/266 258/258/258
f 258/258/258 247/247/247 261/261/261
f 267/267/267 268/268/268 261/261/261
f 261/261/261 260/260/260 267/267/267
f 269/269/269 270/270/270 263/263/263
f 263/263/263 262/262/262 269/269/269
f 271/271/271 269/269/269 262/262/262
f 262/262/262 264/264/264 271/271/271
f 272/272/272 271/271/271 264/264/264
f 264/264/264 265/265/265 272/272/272
f 273/273/273 272/272/272 265/265/265
f 265/265/265 266/266/266 273/273/273
f 268/268/268 273/273/273 266/266/266
f 266/266/266 261/261/261 268/268/268
f 274/274/274 275/275/275 276/276/276
f 276/276/276 277/277/277 274/274/274
f 278/278/278 279/279/279 280/280/280
f 280/280/280 281/281/281 278/278/278
f 282/282/282 278/278/278 281/281/281
f 281/281/281 283/283/283 282/282/282
f 284/284/284 282/282/282 283/283/283
f 283/283/283 285/285/285 284/284/284
f 286/286/286 284/284/284 285/285/285
f 285/285/285 287/287/287 286/286/286
f 275/275/275 286/286/286 287/287/287
f 287/287/287 276/276/276 275/275/275
f 288/288/288 289/289/289 275/275/275
f 275/275/275 274/274/274 288/288/288
f 290/290/290 291/291/291 279/279/279
f 279/279/279 278/278/278 290/290/290
f 292/292/292 290/290/290 278/278/278
f 278/278/278 282/282/282 292/292/292
f 293/293/293 292/292/292 282/282/282
f 282/282/282 284/284/284 293/293/293
f 294/294/294 293/293/293 284/284/284
f 284/284/284 286/286/286 294/294/294
f 289/289/289 294/294/294 286/286/286
f 286/286/286 275/275/275 289/289/289
f 295/295/295 296/296/296 289/289/289
f 289/289/289 288/288/288 295/295/295
f 297/297/297 298/298/298 291/291/291
f 291/291/291 290/290/290 297/297/297
f 299/299/299 297/297/297 290/290/290
f 290/290/290 292/292/292 299/299/299
f 300/300/300 299/299/299 292/292/292
f 292/292/292 293/293/293 300/300/300
f 301/301/301 300/300/300 293/293/293
f 293/293/293 294/294/294 301/301/301
f 296/296/296 301/301/301 294/294/294
f 294/294/294 289/289/289 296/296/296
f 302/302/302 303/303/303 304/304/304
f 304/304/304 305/305/305 302/302/302
f 306/306/306 307/307/307 308/308/308
f 308/308/308 309/309/309 306/306/306
f 310/310/310 306/306/306 309/309/309
f 309/309/309 311/311/311 310/310/310
f 312/312/312 310/310/310 311/311/311
f 311/311/311 313/313/313 312/312/312
f 314/314/314 312/312/312 313/313/313
f 313/313/313 315/315/315 314/314/314
f 303/303/303 314/314/314 315/315/315
f 315/315/315 304/304/304 303/303/303
f 316/316/316 317/317/317 303/303/303
f 303/303/303 302/302/302 316/316/316
f 318/318/318 319/319/319 307/307/307
f 307/307/307 306/306/306 318/318/318
f 320/320/320 318/318/318 306/306/306
f 306/306/306 310/310/310 320/320/320
f 321/321/321 320/320/320 310/310/310
f 310/310/310 312/312/312 321/321/321
f 322/322/322 321/321/321 312/312/312
f 312/312/312 314/314/314 322/322/322
f 317/317/317 322/322/322 314/314/314
f 314/314/314 303/303/303 317/317/317
f 323/323/323 324/324/324 317/317/317
f 317/317/317 316/316/316 323/323/323
f 325/325/325 326/326/326 319/319/319
f 319/319/319 318/318/318 325/325/325
f 327/327/327 325/325/325 318/318/318
f 318/318/318 320/320/320 327/327/327
f 328/328/328 327/327/327 320/320/320
f 320/320/320 321/321/321 328/328/328
f 329/329/329 328/328/328 321/321/321
f 321/321/321 322/322/322 329/329/329
f 324/324/324 329/329/329 322/322/322
f 322/322/322 317/317/317 324/324/324
f 330/330/330 331/331/331 332/332/332
f 332/332/332 333/333/333 330/330/330
f 334/334/334 335/335/335 336/336/336
f 336/336/336 337/337/337 334/334/334
f 338/338/338 334/334/334 337/337/337
f 337/337/337 339/339/339 338/338/338
f 340/340/340 338/338/338 339/339/339
f 339/339/339 341/341/341 340/340/340
f 342/342/342 340/340/340 341/341/341
f 341/341/341 343/343/343 342/342/342
f 331/331/331 342/342/342 343/343/343
f 343/343/343 332/332/332 331/331/331
f 344/344/344 345/345/345 331/331/331
f 331/331/331 330/330/330 344/344/344
f 346/346/346 347/347/347 335/335/335
f 335/335/335 334/334/334 346/346/346
f 348/348/348 346/346/346 334/334/334
f 334/334/334 338/338/338 348/348/348
f 349/349/349 348/348/348 338/338/338
f 338/338/338 340/340/340 349/349/349
f 350/350/350 349/349/349 340/340/340
f 340/340/340 342/342/342 350/350/350
f 345/345/345 350/350/350 342/342/342
f 342/342/342 331/331/331 345/345/345
f 351/351/351 352/352/352 345/345/345
f 345/345/345 344/344/344 351/351/351
f 353/353/353 354/354/354 347/347/347
f 347/347/347 346/346/346 353/353/353
f 355/355/355 353/353/353 346/346/346
f 346/346/346 348/348/348 355/355/355
f 356/356/356 355/355/355 348/348/348
f 348/348/348 349/349/349 356/356/356
f 357/357/357 356/356/356 349/349/349
f 349/349/349 350/350/350 357/357/357
f 352/352/352 357/357/357 350/350/350
f 350/350/350 345/345/345 352/352/352
f 358/358/358 359/359/359 360/360/360
f 360/360/360 361/361/361 358/358/358
f 362/362/362 363/363/363 364/364/364
f 364/364/364 365/365/365 362/362/362
f 366/366/366 367/367/367 368/368/368
f 368/368/368 369/369/369 366/366/366
f 370/370/370 366/366/366 369/369/369
f 369/369/369 371/371/371 370/370/370
f 372/372/372 373/373/373 374/374/374
f 374/374/374 375/375/375 372/372/372
f 359/359/359 376/376/376 377/377/377
f 377/377/377 360/360/360 359/359/359
f 378/378/378 379/379/379 380/380/380
f 380/380/380 381/381/381 378/378/378
f 382/382/382 383/383/383 384/384/384
f 384/384/384 385/385/385 382/382/382
f 386/386/386 387/387/387 388/388/388
f 388/388/388 389/389/389 386/386/386
f 390/390/390 386/386/386 389/389/389
f 389/389/389 391/391/391 390/390/390
f 392/392/392 393/393/393 394/394/394
f 394/394/394 395/395/395 392/392/392
f 379/379/379 396/396/396 397/397/397
f 397/397/397 380/380/380 379/379/379
f 398/398/398 399/399/399 400/400/400
f 400/400/400 401/401/401 398/398/398
f 402/402/402 403/403/403 404/404/404
f 404/404/404 405/405/405 402/402/402
f 406/406/406 407/407/407 408/408/408
f 408/408/408 409/409/409 406/406/406
f 410/410/410 406/406/406 409/409/409
f 409/409/409 411/411/411 410/410/410
f 412/412/412 413/413/413 414/414/414
f 414/414/414 415/415/415 412/412/412
f 399/399/399 416/416/416 417/417/417
f 417/417/417 400/400/400 399/399/399
f 418/418/418 419/419/419 420/420/420
f 420/420/420 421/421/421 418/418/418
f 422/422/422 423/423/423 424/424/424
f 424/424/424 425/425/425 422/422/422
f 426/426/426 427/427/427 428/428/428
f 428/428/428 429/429/429 426/426/426
f 430/430/430 426/426/426 429/429/429
f 429/429/429 431/431/431 430/430/430
f 432/432/432 433/433/433 434/434/434
f 434/434/434 435/435/435 432/432/432
f 419/419/419 436/436/436 437/437/437
f 437/437/437 420/420/420 419/419/419
f 85/85/85 84/84/84 608/608/608
f 608/608/608 609/609/609 85/85/85
f 690/690/690 691/691/691 692/692/692
f 692/692/692 693/693/693 690/690/690
f 694/694/694 695/695/695 696/696/696
f 696/696/696 697/697/697 694/694/694
f 698/698/698 699/699/699 700/700/700
f 700/700/700 701/701/701 698/698/698
f 702/702/702 703/703/703 704/704/704
f 704/704/704 705/705/705 702/702/702
f 706/706/706 707/707/707 708/708/708
f 708/708/708 709/709/709 706/706/706
f 710/710/710 711/711/711 712/712/712
f 712/712/712 713/713/713 710/710/710
f 714/714/714 715/715/715 716/716/716
f 716/716/716 717/717/717 714/714/714
f 718/718/718 719/719/719 720/720/720
f 720/720/720 721/721/721 718/718/718
f 722/722/722 723/723/723 724/724/724
f 724/724/724 725/725/725 722/722/722
f 726/726/726 727/727/727 728/728/728
f 728/728/728 729/729/729 726/726/726
f 730/730/730 731/731/731 732/732/732
f 732/732/732 733/733/733 730/730/730
f 734/734/734 735/735/735 736/736/736
f 736/736/736 737/737/737 734/734/734
f 738/738/738 739/739/739 740/740/740
f 740/740/740 741/741/741 738/738/738
f 742/742/742 743/743/743 744/744/744
f 744/744/744 745/745/745 742/742/742
f 746/746/746 747/747/747 748/748/748
f 748/748/748 749/749/749 746/746/746
f 750/750/750 751/751/751 752/752/752
f 752/752/752 753/753/753 750/750/750
f 754/754/754 755/755/755 756/756/756
f 756/756/756 757/757/757 754/754/754
f 758/758/758 759/759/759 760/760/760
f 760/760/760 761/761/761 758/758/758
f 762/762/762 763/763/763 764/764/764
f 764/764/764 765/765/765 762/762/762
f 766/766/766 767/767/767 768/768/768
f 768/768/768 769/769/769 766/766/766
f 770/770/770 771/771/771 772/772/772
f 772/772/772 773/773/773 770/770/770
f 774/774/774 775/775/775 776/776/776
f 776/776/776 777/777/777 774/774/774
f 778/778/778 779/779/779 780/780/780
f 780/780/780 781/781/781 778/778/778
f 782/782/782 783/783/783 784/784/784
f 784/784/784 785/785/785 782/782/782
f 786/786/786 787/787/787 788/788/788
f 788/788/788 789/789/789 786/786/786
f 790/790/790 791/791/791 792/792/792
f 792/792/792 793/793/793 790/790/790
f 794/794/794 795/795/795 796/796/796
f 796/796/796 797/797/797 794/794/794
f 798/798/798 799/799/799 800/800/800
f 800/800/800 801/801/801 798/798/798
f 802/802/802 803/803/803 804/804/804
f 804/804/804 805/805/805 802/802/802
f 806/806/806 807/807/807 808/808/808
f 808/808/808 809/809/809 806/806/806
f 810/810/810 811/811/811 812/812/812
f 812/812/812 813/813/813 810/810/810
f 814/814/814 815/815/815 816/816/816
f 816/816/816 817/817/817 814/814/814
f 818/818/818 819/819/819 820/820/820
f 820/820/820 821/821/821 818/818/818
f 822/822/822 823/823/823 824/824/824
f 824/824/824 825/825/825 822/822/822
f 826/826/826 827/827/827 828/828/828
f 828/828/828 829/829/829 826/826/826
f 830/830/830 831/831/831 832/832/832
f 832/832/832 833/833/833 830/830/830
f 834/834/834 835/835/835 836/836/836
f 836/836/836 837/837/837 834/834/834
f 838/838/838 839/839/839 840/840/840
f 840/840/840 841/841/841 838/838/838
f 842/842/842 843/843/843 844/844/844
f 844/844/844 845/845/845 842/842/842
f 846/846/846 847/847/847 848/848/848
f 848/848/848 849/849/849 846/846/846
f 850/850/850 851/851/851 852/852/852
f 852/852/852 853/853/853 850/850/850
f 854/854/854 855/855/855 856/856/856
f 856/856/856 857/857/857 854/854/854
f 858/858/858 859/859/859 860/860/860
f 860/860/860 861/861/861 858/858/858
f 862/862/862 863/863/863 864/864/864
f 864/864/864 865/865/865 862/862/862
f 866/866/866 867/867/867 868/868/868
f 868/868/868 869/869/869 866/866/866
f 870/870/870 871/871/871 872/872/872
f 872/872/872 873/873/873 870/870/870
f 874/874/874 875/875/875 876/876/876
f 876/876/876 877/877/877 874/874/874
f 878/878/878 879/879/879 880/880/880
f 880/880/880 881/881/881 878/878/878
f 882/882/882 883/883/883 884/884/884
f 884/884/884 885/885/885 882/882/882
f 886/886/886 887/887/887 888/888/888
f 888/888/888 889/889/889 886/886/886
f 890/890/890 891/891/891 892/892/892
f 892/892/892 893/893/893 890/890/890
f 894/894/894 895/895/895 896/896/896
f 896/896/896 897/897/897 894/894/894
f 898/898/898 899/899/899 900/900/900
f 900/900/900 901/901/901 898/898/898
f 902/902/902 903/903/903 904/904/904
f 904/904/904 905/905/905 902/902/902
f 906/906/906 907/907/907 908/908/908
f 908/908/908 909/909/909 906/906/906
f 910/910/910 911/911/911 912/912/912
f 912/912/912 913/913/913 910/910/910
f 914/914/914 915/915/915 916/916/916
f 916/916/916 917/917/917 914/914/914
f 918/918/918 919/919/919 920/920/920
f 920/920/920 921/921/921 918/918/918
f 922/922/922 923/923/923 924/924/924
f 924/924/924 925/925/925 922/922/922
f 926/926/926 927/927/927 928/928/928
f 928/928/928 929/929/929 926/926/926
f 930/930/930 931/931/931 932/932/932
f 932/932/932 933/933/933 930/930/930
f 934/934/934 935/935/935 936/936/936
f 936/936/936 937/937/937 934/934/934
f 938/938/938 939/939/939 940/940/940
f 940/940/940 941/941/941 938/938/938
f 942/942/942 943/943/943 944/944/944
f 944/944/944 945/945/945 942/942/942
f 946/946/946 947/947/947 948/948/948
f 948/948/948 949/949/949 946/946/946
f 950/950/950 951/951/951 952/952/952
f 952/952/952 953/953/953 950/950/950
f 954/954/954 955/955/955 956/956/956
f 956/956/956 957/957/957 954/954/954
f 958/958/958 959/959/959 960/960/960
f 960/960/960 961/961/961 958/958/958
f 962/962/962 963/963/963 959/959/959
f 959/959/959 958/958/958 962/962/962
f 962/962/962 964/964/964 965/965/965
f 965/965/965 963/963/963 962/962/962
f 966/966/966 967/967/967 965/965/965
f 965/965/965 964/964/964 966/966/966
f 954/954/954 957/957/957 967/967/967
f 967/967/967 966/966/966 954/954/954
f 968/968/968 969/969/969 970/970/970
f 970/970/970 971/971/971 968/968/968
f 972/972/972 973/973/973 974/974/974
f 974/974/974 975/975/975 972/972/972
f 976/976/976 972/972/972 975/975/975
f 975/975/975 977/977/977 976/976/976
f 978/978/978 976/976/976 977/977/977
f 977/977/977 979/979/979 978/978/978
f 980/980/980 978/978/978 979/979/979
f 979/979/979 981/981/981 980/980/980
f 969/969/969 980/980/980 981/981/981
f 981/981/981 970/970/970 969/969/969
f 971/971/971 970/970/970 957/957/957
f 957/957/957 956/956/956 971/971/971
f 975/975/975 974/974/974 960/960/960
f 960/960/960 959/959/959 975/975/975
f 963/963/963 977/977/977 975/975/975
f 975/975/975 959/959/959 963/963/963
f 979/979/979 977/977/977 963/963/963
f 963/963/963 965/965/965 979/979/979
f 981/981/981 979/979/979 965/965/965
f 965/965/965 967/967/967 981/981/981
f 957/957/957 970/970/970 981/981/981
f 981/981/981 967/967/967 957/957/957
f 982/982/982 983/983/983 984/984/984
f 984/984/984 985/985/985 982/982/982
f 986/986/986 987/987/987 988/988/988
f 988/988/988 989/989/989 986/986/986
f 990/990/990 991/991/991 987/987/987
f 987/987/987 986/986/986 990/990/990
f 990/990/990 992/992/992 993/993/993
f 993/993/993 991/991/991 990/990/990
f 994/994/994 995/995/995 993/993/993
f 993/993/993 992/992/992 994/994/994
f 982/982/982 985/985/985 995/995/995
f 995/995/995 994/994/994 982/982/982
f 996/996/996 997/997/997 998/998/998
f 998/998/998 999/999/999 996/996/996
f 1000/1000/1000 1001/1001/1001 1002/1002/1002
f 1002/1002/1002 1003/1003/1003 1000/1000/1000
f 1004/1004/1004 1000/1000/1000 1003/1003/1003
f 1003/1003/1003 1005/1005/1005 1004/1004/1004
f 1006/1006/1006 1004/1004/1004 1005/1005/1005
f 1005/1005/1005 1007/1007/1007 1006/1006/1006
f 1008/1008/1008 1006/1006/1006 1007/1007/1007
f 1007/1007/1007 1009/1009/1009 1008/1008/1008
f 997/997/997 1008/1008/1008 1009/1009/1009
f 1009/1009/1009 998/998/998 997/997/997
f 999/999/999 998/998/998 985/985/985
f 985/985/985 984/984/984 999/999/999
f 1003/1003/1003 1002/1002/1002 988/988/988
f 988/988/988 987/987/987 1003/1003/1003
f 991/991/991 1005/1005/1005 1003/1003/1003
f 1003/1003/1003 987/987/987 991/991/991
f 1007/1007/1007 1005/1005/1005 991/991/991
f 991/991/991 993/993/993 1007/1007/1007
f 1009/1009/1009 1007/1007/1007 993/993/993
f 993/993/993 995/995/995 1009/1009/1009
f 985/985/985 998/998/998 1009/1009/1009
f 1009/1009/1009 995/995/995 985/985/985
f 1037/1037/1037 1038/1038/1038 1039/1039/1039
f 1039/1039/1039 1040/1040/1040 1037/1037/1037
f 1041/1041/1041 1042/1042/1042 1043/1043/1043
f 1043/1043/1043 1044/1044/1044 1041/1041/1041
f 1045/1045/1045 1046/1046/1046 1047/1047/1047
f 1047/1047/1047 1048/1048/1048 1045/1045/1045
f 1042/1042/1042 1049/1049/1049 1050/1050/1050
f 1050/1050/1050 1043/1043/1043 1042/1042/1042
f 1040/1040/1040 1039/1039/1039 1051/1051/1051
f 1051/1051/1051 1052/1052/1052 1040/1040/1040
f 1055/1055/1055 1056/1056/1056 1057/1057/1057
f 1057/1057/1057 1058/1058/1058 1055/1055/1055
f 1059/1059/1059 1060/1060/1060 1061/1061/1061
f 1061/1061/1061 1062/1062/1062 1059/1059/1059
f 1063/1063/1063 1059/1059/1059 1062/1062/1062
f 1062/1062/1062 1064/1064/1064 1063/1063/1063
f 1065/1065/1065 1063/1063/1063 1064/1064/1064
f 1064/1064/1064 1066/1066/1066 1065/1065/1065
f 1067/1067/1067 1065/1065/1065 1066/1066/1066
f 1066/1066/1066 1068/1068/1068 1067/1067/1067
f 1056/1056/1056 1067/1067/1067 1068/1068/1068
f 1068/1068/1068 1057/1057/1057 1056/1056/1056
f 1069/1069/1069 1070/1070/1070 1056/1056/1056
f 1056/1056/1056 1055/1055/1055 1069/1069/1069
f 1071/1071/1071 1072/1072/1072 1060/1060/1060
f 1060/1060/1060 1059/1059/1059 1071/1071/1071
f 1073/1073/1073 1071/1071/1071 1059/1059/1059
f 1059/1059/1059 1063/1063/1063 1073/1073/1073
f 1074/1074/1074 1073/1073/1073 1063/1063/1063
f 1063/1063/1063 1065/1065/1065 1074/1074/1074
f 1075/1075/1075 1074/1074/1074 1065/1065/1065
f 1065/1065/1065 1067/1067/1067 1075/1075/1075
f 1070/1070/1070 1075/1075/1075 1067/1067/1067
f 1067/1067/1067 1056/1056/1056 1070/1070/1070
f 1076/1076/1076 1077/1077/1077 1070/1070/1070
f 1070/1070/1070 1069/1069/1069 1076/1076/1076
f 1078/1078/1078 1079/1079/1079 1072/1072/1072
f 1072/1072/1072 1071/1071/1071 1078/1078/1078
f 1080/1080/1080 1078/1078/1078 1071/1071/1071
f 1071/1071/1071 1073/1073/1073 1080/1080/1080
f 1081/1081/1081 1080/1080/1080 1073/1073/1073
f 1073/1073/1073 1074/1074/1074 1081/1081/1081
f 1082/1082/1082 1081/1081/1081 1074/1074/1074
f 1074/1074/1074 1075/1075/1075 1082/1082/1082
f 1077/1077/1077 1082/1082/1082 1075/1075/1075
f 1075/1075/1075 1070/1070/1070 1077/1077/1077
usemtl cc-bd002_part_0_material_2
f 1/1/1 2/2/2 3/3/3
f 3/3/3 4/4/4 1/1/1
f 96/96/96 97/97/97 98/98/98
f 96/96/96 98/98/98 99/99/99
f 96/96/96 99/99/99 100/100/100
f 101/101/101 102/102/102 103/103/103
f 103/103/103 104/104/104 101/101/101
f 102/102/102 101/101/101 109/109/109
f 109/109/109 110/110/110 102/102/102
f 115/115/115 116/116/116 117/117/117
f 117/117/117 118/118/118 115/115/115
f 3/3/3 115/115/115 118/118/118
f 118/118/118 4/4/4 3/3/3
f 158/158/158 159/159/159 98/98/98
f 98/98/98 97/97/97 158/158/158
f 160/160/160 161/161/161 162/162/162
f 162/162/162 163/163/163 160/160/160
f 164/164/164 162/162/162 161/161/161
f 161/161/161 165/165/165 164/164/164
f 103/103/103 102/102/102 170/170/170
f 170/170/170 171/171/171 103/103/103
f 172/172/172 170/170/170 102/102/102
f 102/102/102 110/110/110 172/172/172
f 175/175/175 161/161/161 160/160/160
f 160/160/160 176/176/176 175/175/175
f 161/161/161 175/175/175 177/177/177
f 177/177/177 165/165/165 161/161/161
f 158/158/158 438/438/438 439/439/439
f 158/158/158 439/439/439 440/440/440
f 158/158/158 440/440/440 159/159/159
f 117/117/117 441/441/441 442/442/442
f 115/115/115 443/443/443 116/116/116
f 444/444/444 2/2/2 1/1/1
f 1/1/1 445/445/445 444/444/444
f 446/446/446 447/447/447 448/448/448
f 446/446/446 448/448/448 449/449/449
f 446/446/446 449/449/449 450/450/450
f 451/451/451 452/452/452 453/453/453
f 453/453/453 454/454/454 451/451/451
f 454/454/454 453/453/453 444/444/444
f 444/444/444 445/445/445 454/454/454
f 449/449/449 455/455/455 456/456/456
f 456/456/456 450/450/450 449/449/449
f 456/456/456 455/455/455 457/457/457
f 456/456/456 457/457/457 458/458/458
f 456/456/456 458/458/458 459/459/459
f 460/460/460 451/451/451 461/461/461
f 462/462/462 453/453/453 452/452/452
usemtl cc-bd002_part_0_material_3
f 5/5/5 6/6/6 7/7/7
f 7/7/7 8/8/8 5/5/5
f 105/105/105 106/106/106 107/107/107
f 107/107/107 108/108/108 105/105/105
f 7/7/7 105/105/105 108/108/108
f 108/108/108 8/8/8 7/7/7
f 111/111/111 112/112/112 113/113/113
f 113/113/113 114/114/114 111/111/111
f 119/119/119 120/120/120 121/121/121
f 121/121/121 122/122/122 119/119/119
f 123/123/123 121/121/121 120/120/120
f 123/123/123 120/120/120 124/124/124
f 123/123/123 124/124/124 125/125/125
f 126/126/126 127/127/127 128/128/128
f 126/126/126 128/128/128 129/129/129
f 126/126/126 129/129/129 130/130/130
f 131/131/131 132/132/132 133/133/133
f 131/131/131 133/133/133 134/134/134
f 131/131/131 134/134/134 135/135/135
f 135/135/135 134/134/134 136/136/136
f 135/135/135 136/136/136 137/137/137
f 135/135/135 137/137/137 138/138/138
f 132/132/132 139/139/139 140/140/140
f 140/140/140 133/133/133 132/132/132
f 139/139/139 141/141/141 142/142/142
f 142/142/142 140/140/140 139/139/139
f 143/143/143 119/119/119 122/122/122
f 122/122/122 144/144/144 143/143/143
f 145/145/145 107/107/107 106/106/106
f 106/106/106 146/146/146 145/145/145
f 125/125/125 147/147/147 148/148/148
f 125/125/125 148/148/148 149/149/149
f 125/125/125 149/149/149 123/123/123
f 150/150/150 151/151/151 129/129/129
f 129/129/129 128/128/128 150/150/150
f 152/152/152 151/151/151 150/150/150
f 150/150/150 153/153/153 152/152/152
f 154/154/154 155/155/155 156/156/156
f 156/156/156 157/157/157 154/154/154
f 146/146/146 152/152/152 153/153/153
f 153/153/153 145/145/145 146/146/146
f 166/166/166 167/167/167 168/168/168
f 168/168/168 169/169/169 166/166/166
f 173/173/173 112/112/112 111/111/111
f 111/111/111 174/174/174 173/173/173
f 168/168/168 167/167/167 178/178/178
f 178/178/178 179/179/179 168/168/168
f 180/180/180 181/181/181 182/182/182
f 182/182/182 183/183/183 180/180/180
f 184/184/184 180/180/180 183/183/183
f 183/183/183 185/185/185 184/184/184
f 186/186/186 187/187/187 188/188/188
f 188/188/188 189/189/189 186/186/186
f 463/463/463 6/6/6 5/5/5
f 5/5/5 464/464/464 463/463/463
f 465/465/465 466/466/466 467/467/467
f 467/467/467 468/468/468 465/465/465
f 468/468/468 467/467/467 463/463/463
f 463/463/463 464/464/464 468/468/468
f 469/469/469 470/470/470 471/471/471
f 471/471/471 472/472/472 469/469/469
f 473/473/473 474/474/474 475/475/475
f 473/473/473 475/475/475 470/470/470
f 473/473/473 470/470/470 469/469/469
f 476/476/476 477/477/477 478/478/478
f 476/476/476 478/478/478 479/479/479
f 476/476/476 479/479/479 480/480/480
f 481/481/481 482/482/482 483/483/483
f 481/481/481 483/483/483 484/484/484
f 481/481/481 484/484/484 485/485/485
f 482/482/482 486/486/486 487/487/487
f 482/482/482 487/487/487 488/488/488
f 482/482/482 488/488/488 483/483/483
f 489/489/489 490/490/490 485/485/485
f 485/485/485 484/484/484 489/489/489
f 142/142/142 141/141/141 490/490/490
f 490/490/490 489/489/489 142/142/142
f 472/472/472 471/471/471 143/143/143
f 143/143/143 144/144/144 472/472/472
f 466/466/466 465/465/465 491/491/491
f 491/491/491 492/492/492 466/466/466
f 474/474/474 473/473/473 493/493/493
f 474/474/474 493/493/493 494/494/494
f 474/474/474 494/494/494 495/495/495
f 478/478/478 496/496/496 497/497/497
f 497/497/497 479/479/479 478/478/478
f 497/497/497 496/496/496 498/498/498
f 498/498/498 499/499/499 497/497/497
f 499/499/499 498/498/498 492/492/492
f 492/492/492 491/491/491 499/499/499
f 500/500/500 501/501/501 502/502/502
f 502/502/502 503/503/503 500/500/500
f 503/503/503 502/502/502 504/504/504
f 504/504/504 505/505/505 503/503/503
f 506/506/506 507/507/507 186/186/186
f 186/186/186 189/189/189 506/506/506
f 508/508/508 509/509/509 510/510/510
f 510/510/510 511/511/511 508/508/508
f 512/512/512 513/513/513 514/514/514
f 514/514/514 515/515/515 512/512/512
f 515/515/515 514/514/514 508/508/508
f 508/508/508 511/511/511 515/515/515
f 516/516/516 517/517/517 518/518/518
f 518/518/518 519/519/519 516/516/516
f 520/520/520 521/521/521 522/522/522
f 520/520/520 522/522/522 517/517/517
f 520/520/520 517/517/517 516/516/516
f 523/523/523 524/524/524 525/525/525
f 523/523/523 525/525/525 526/526/526
f 523/523/523 526/526/526 527/527/527
f 528/528/528 529/529/529 530/530/530
f 528/528/528 530/530/530 531/531/531
f 528/528/528 531/531/531 532/532/532
f 529/529/529 533/533/533 534/534/534
f 529/529/529 534/534/534 535/535/535
f 529/529/529 535/535/535 530/530/530
f 536/536/536 537/537/537 532/532/532
f 532/532/532 531/531/531 536/536/536
f 538/538/538 539/539/539 537/537/537
f 537/537/537 536/536/536 538/538/538
f 519/519/519 518/518/518 540/540/540
f 540/540/540 541/541/541 519/519/519
f 513/513/513 512/512/512 542/542/542
f 542/542/542 543/543/543 513/513/513
f 521/521/521 520/520/520 544/544/544
f 521/521/521 544/544/544 545/545/545
f 521/521/521 545/545/545 546/546/546
f 525/525/525 547/547/547 548/548/548
f 548/548/548 526/526/526 525/525/525
f 548/548/548 547/547/547 549/549/549
f 549/549/549 550/550/550 548/548/548
f 550/550/550 549/549/549 543/543/543
f 543/543/543 542/542/542 550/550/550
f 551/551/551 552/552/552 553/553/553
f 553/553/553 554/554/554 551/551/551
f 554/554/554 553/553/553 555/555/555
f 555/555/555 556/556/556 554/554/554
f 557/557/557 558/558/558 559/559/559
f 559/559/559 560/560/560 557/557/557
f 510/510/510 509/509/509 561/561/561
f 561/561/561 562/562/562 510/510/510
f 563/563/563 564/564/564 565/565/565
f 565/565/565 566/566/566 563/563/563
f 561/561/561 563/563/563 566/566/566
f 566/566/566 562/562/562 561/561/561
f 567/567/567 568/568/568 569/569/569
f 569/569/569 570/570/570 567/567/567
f 571/571/571 569/569/569 568/568/568
f 571/571/571 568/568/568 572/572/572
f 571/571/571 572/572/572 573/573/573
f 574/574/574 575/575/575 576/576/576
f 574/574/574 576/576/576 577/577/577
f 574/574/574 577/577/577 578/578/578
f 579/579/579 580/580/580 581/581/581
f 579/579/579 581/581/581 582/582/582
f 579/579/579 582/582/582 583/583/583
f 583/583/583 582/582/582 584/584/584
f 583/583/583 584/584/584 585/585/585
f 583/583/583 585/585/585 586/586/586
f 580/580/580 587/587/587 588/588/588
f 588/588/588 581/581/581 580/580/580
f 587/587/587 539/539/539 538/538/538
f 538/538/538 588/588/588 587/587/587
f 540/540/540 567/567/567 570/570/570
f 570/570/570 541/541/541 540/540/540
f 589/589/589 565/565/565 564/564/564
f 564/564/564 590/590/590 589/589/589
f 573/573/573 591/591/591 592/592/592
f 573/573/573 592/592/592 593/593/593
f 573/573/573 593/593/593 571/571/571
f 594/594/594 595/595/595 577/577/577
f 577/577/577 576/576/576 594/594/594
f 596/596/596 595/595/595 594/594/594
f 594/594/594 597/597/597 596/596/596
f 590/590/590 596/596/596 597/597/597
f 597/597/597 589/589/589 590/590/590
f 598/598/598 599/599/599 600/600/600
f 600/600/600 601/601/601 598/598/598
f 602/602/602 598/598/598 601/601/601
f 601/601/601 603/603/603 602/602/602
f 604/604/604 605/605/605 606/606/606
f 606/606/606 607/607/607 604/604/604
f 678/678/678 679/679/679 680/680/680
f 680/680/680 681/681/681 678/678/678
f 682/682/682 683/683/683 684/684/684
f 684/684/684 685/685/685 682/682/682
f 686/686/686 687/687/687 688/688/688
f 688/688/688 689/689/689 686/686/686
f 154/154/154 157/157/157 1010/1010/1010
f 1010/1010/1010 1011/1011/1011 154/154/154
f 1053/1053/1053 1054/1054/1054 687/687/687
f 687/687/687 686/686/686 1053/1053/1053
usemtl cc-bd002_part_0_material_4
f 17/17/17 18/18/18 19/19/19
f 19/19/19 20/20/20 17/17/17
f 21/21/21 17/17/17 20/20/20
f 20/20/20 22/22/22 21/21/21
f 39/39/39 40/40/40 41/41/41
f 41/41/41 42/42/42 39/39/39
f 43/43/43 39/39/39 42/42/42
f 42/42/42 44/44/44 43/43/43
f 45/45/45 46/46/46 47/47/47
f 47/47/47 48/48/48 45/45/45
f 49/49/49 50/50/50 51/51/51
f 51/51/51 52/52/52 49/49/49
f 46/46/46 53/53/53 54/54/54
f 54/54/54 47/47/47 46/46/46
f 55/55/55 49/49/49 52/52/52
f 52/52/52 56/56/56 55/55/55
f 57/57/57 58/58/58 59/59/59
f 59/59/59 60/60/60 57/57/57
f 61/61/61 62/62/62 63/63/63
f 63/63/63 64/64/64 61/61/61
f 65/65/65 57/57/57 60/60/60
f 60/60/60 66/66/66 65/65/65
f 62/62/62 67/67/67 68/68/68
f 68/68/68 63/63/63 62/62/62
f 69/69/69 70/70/70 71/71/71
f 69/69/69 71/71/71 72/72/72
f 69/69/69 72/72/72 73/73/73
f 74/74/74 75/75/75 76/76/76
f 76/76/76 77/77/77 74/74/74
f 78/78/78 71/71/71 70/70/70
f 70/70/70 79/79/79 78/78/78
f 75/75/75 80/80/80 81/81/81
f 81/81/81 76/76/76 75/75/75
f 610/610/610 611/611/611 612/612/612
f 612/612/612 613/613/613 610/610/610
f 614/614/614 615/615/615 616/616/616
f 616/616/616 617/617/617 614/614/614
f 618/618/618 619/619/619 620/620/620
f 620/620/620 621/621/621 618/618/618
f 619/619/619 610/610/610 613/613/613
f 613/613/613 620/620/620 619/619/619
f 613/613/613 612/612/612 622/622/622
f 622/622/622 623/623/623 613/613/613
f 617/617/617 616/616/616 624/624/624
f 624/624/624 625/625/625 617/617/617
f 621/621/621 620/620/620 626/626/626
f 626/626/626 627/627/627 621/621/621
f 620/620/620 613/613/613 623/623/623
f 623/623/623 626/626/626 620/620/620
f 623/623/623 622/622/622 628/628/628
f 628/628/628 629/629/629 623/623/623
f 625/625/625 624/624/624 630/630/630
f 630/630/630 631/631/631 625/625/625
f 627/627/627 626/626/626 632/632/632
f 632/632/632 633/633/633 627/627/627
f 626/626/626 623/623/623 629/629/629
f 629/629/629 632/632/632 626/626/626
f 634/634/634 635/635/635 636/636/636
f 634/634/634 636/636/636 637/637/637
f 638/638/638 639/639/639 640/640/640
f 640/640/640 641/641/641 638/638/638
f 642/642/642 643/643/643 644/644/644
f 644/644/644 645/645/645 642/642/642
f 646/646/646 647/647/647 648/648/648
f 648/648/648 649/649/649 646/646/646
f 650/650/650 651/651/651 652/652/652
f 652/652/652 653/653/653 650/650/650
f 654/654/654 655/655/655 656/656/656
f 656/656/656 657/657/657 654/654/654
f 658/658/658 654/654/654 657/657/657
f 657/657/657 659/659/659 658/658/658
f 660/660/660 661/661/661 662/662/662
f 662/662/662 663/663/663 660/660/660
f 664/664/664 660/660/660 663/663/663
f 663/663/663 665/665/665 664/664/664
f 666/666/666 667/667/667 668/668/668
f 668/668/668 669/669/669 666/666/666
f 670/670/670 671/671/671 672/672/672
f 672/672/672 673/673/673 670/670/670
f 667/667/667 674/674/674 675/675/675
f 675/675/675 668/668/668 667/667/667
f 676/676/676 670/670/670 673/673/673
f 673/673/673 677/677/677 676/676/676
f 1012/1012/1012 1013/1013/1013 1014/1014/1014
f 1014/1014/1014 1015/1015/1015 1012/1012/1012
f 1016/1016/1016 1017/1017/1017 1018/1018/1018
f 1018/1018/1018 1019/1019/1019 1016/1016/1016
f 1020/1020/1020 1012/1012/1012 1015/1015/1015
f 1015/1015/1015 1021/1021/1021 1020/1020/1020
f 1017/1017/1017 1022/1022/1022 1023/1023/1023
f 1023/1023/1023 1018/1018/1018 1017/1017/1017
f 1024/1024/1024 1025/1025/1025 1026/1026/1026
f 1024/1024/1024 1026/1026/1026 1027/1027/1027
f 1024/1024/1024 1027/1027/1027 1028/1028/1028
f 1029/1029/1029 1030/1030/1030 1031/1031/1031
f 1031/1031/1031 1032/1032/1032 1029/1029/1029
f 1033/1033/1033 1026/1026/1026 1025/1025/1025
f 1025/1025/1025 1034/1034/1034 1033/1033/1033
f 1030/1030/1030 1035/1035/1035 1036/1036/1036
f 1036/1036/1036 1031/1031/1031 1030/1030/1030
f 1099/1099/1099 1100/1100/1100 1101/1101/1101
f 1101/1101/1101 1102/1102/1102 1099/1099/1099
f 1103/1103/1103 1104/1104/1104 1105/1105/1105
f 1105/1105/1105 1106/1106/1106 1103/1103/1103
f 1107/1107/1107 1108/1108/1108 1109/1109/1109
f 1109/1109/1109 1110/1110/1110 1107/1107/1107
f 1108/1108/1108 1099/1099/1099 1102/1102/1102
f 1102/1102/1102 1109/1109/1109 1108/1108/1108
f 1102/1102/1102 1101/1101/1101 1111/1111/1111
f 1111/1111/1111 1112/1112/1112 1102/1102/1102
f 1106/1106/1106 1105/1105/1105 1113/1113/1113
f 1113/1113/1113 1114/1114/1114 1106/1106/1106
f 1110/1110/1110 1109/1109/1109 1115/1115/1115
f 1115/1115/1115 1116/1116/1116 1110/1110/1110
f 1109/1109/1109 1102/1102/1102 1112/1112/1112
f 1112/1112/1112 1115/1115/1115 1109/1109/1109
f 1112/1112/1112 1111/1111/1111 1117/1117/1117
f 1117/1117/1117 1118/1118/1118 1112/1112/1112
f 1114/1114/1114 1113/1113/1113 1119/1119/1119
f 1119/1119/1119 1120/1120/1120 1114/1114/1114
f 1116/1116/1116 1115/1115/1115 1121/1121/1121
f 1121/1121/1121 1122/1122/1122 1116/1116/1116
f 1115/1115/1115 1112/1112/1112 1118/1118/1118
f 1118/1118/1118 1121/1121/1121 1115/1115/1115
f 1123/1123/1123 1124/1124/1124 1125/1125/1125
f 1123/1123/1123 1125/1125/1125 1126/1126/1126
f 1127/1127/1127 1128/1128/1128 1129/1129/1129
f 1129/1129/1129 1130/1130/1130 1127/1127/1127
f 1131/1131/1131 1132/1132/1132 1133/1133/1133
f 1133/1133/1133 1134/1134/1134 1131/1131/1131
f 1135/1135/1135 1136/1136/1136 1137/1137/1137
f 1137/1137/1137 1138/1138/1138 1135/1135/1135
f 1139/1139/1139 1140/1140/1140 1141/1141/1141
f 1141/1141/1141 1142/1142/1142 1139/1139/1139
f 1143/1143/1143 1144/1144/1144 1145/1145/1145
f 1145/1145/1145 1146/1146/1146 1143/1143/1143
f 1147/1147/1147 1148/1148/1148 1149/1149/1149
f 1149/1149/1149 1150/1150/1150 1147/1147/1147
f 1151/1151/1151 1152/1152/1152 1153/1153/1153
f 1153/1153/1153 1154/1154/1154 1151/1151/1151
f 1152/1152/1152 1143/1143/1143 1146/1146/1146
f 1146/1146/1146 1153/1153/1153 1152/1152/1152
f 1146/1146/1146 1145/1145/1145 1155/1155/1155
f 1155/1155/1155 1156/1156/1156 1146/1146/1146
f 1150/1150/1150 1149/1149/1149 1157/1157/1157
f 1157/1157/1157 1158/1158/1158 1150/1150/1150
f 1154/1154/1154 1153/1153/1153 1159/1159/1159
f 1159/1159/1159 1160/1160/1160 1154/1154/1154
f 1153/1153/1153 1146/1146/1146 1156/1156/1156
f 1156/1156/1156 1159/1159/1159 1153/1153/1153
f 1156/1156/1156 1155/1155/1155 1161/1161/1161
f 1161/1161/1161 1162/1162/1162 1156/1156/1156
f 1158/1158/1158 1157/1157/1157 1163/1163/1163
f 1163/1163/1163 1164/1164/1164 1158/1158/1158
f 1160/1160/1160 1159/1159/1159 1165/1165/1165
f 1165/1165/1165 1166/1166/1166 1160/1160/1160
f 1159/1159/1159 1156/1156/1156 1162/1162/1162
f 1162/1162/1162 1165/1165/1165 1159/1159/1159
f 1167/1167/1167 1168/1168/1168 1169/1169/1169
f 1167/1167/1167 1169/1169/1169 1170/1170/1170
f 1171/1171/1171 1172/1172/1172 1173/1173/1173
f 1173/1173/1173 1174/1174/1174 1171/1171/1171
f 1175/1175/1175 1176/1176/1176 1177/1177/1177
f 1177/1177/1177 1178/1178/1178 1175/1175/1175
f 1179/1179/1179 1180/1180/1180 1181/1181/1181
f 1181/1181/1181 1182/1182/1182 1179/1179/1179
f 1183/1183/1183 1184/1184/1184 1185/1185/1185
f 1185/1185/1185 1186/1186/1186 1183/1183/1183
f 1187/1187/1187 1188/1188/1188 1189/1189/1189
f 1189/1189/1189 1190/1190/1190 1187/1187/1187
f 1191/1191/1191 1192/1192/1192 1193/1193/1193
f 1193/1193/1193 1194/1194/1194 1191/1191/1191
f 1195/1195/1195 1196/1196/1196 1197/1197/1197
f 1197/1197/1197 1198/1198/1198 1195/1195/1195
f 1196/1196/1196 1187/1187/1187 1190/1190/1190
f 1190/1190/1190 1197/1197/1197 1196/1196/1196
f 1190/1190/1190 1189/1189/1189 1199/1199/1199
f 1199/1199/1199 1200/1200/1200 1190/1190/1190
f 1194/1194/1194 1193/1193/1193 1201/1201/1201
f 1201/1201/1201 1202/1202/1202 1194/1194/1194
f 1198/1198/1198 1197/1197/1197 1203/1203/1203
f 1203/1203/1203 1204/1204/1204 1198/1198/1198
f 1197/1197/1197 1190/1190/1190 1200/1200/1200
f 1200/1200/1200 1203/1203/1203 1197/1197/1197
f 1200/1200/1200 1199/1199/1199 1205/1205/1205
f 1205/1205/1205 1206/1206/1206 1200/1200/1200
f 1202/1202/1202 1201/1201/1201 1207/1207/1207
f 1207/1207/1207 1208/1208/1208 1202/1202/1202
f 1204/1204/1204 1203/1203/1203 1209/1209/1209
f 1209/1209/1209 1210/1210/1210 1204/1204/1204
f 1203/1203/1203 1200/1200/1200 1206/1206/1206
f 1206/1206/1206 1209/1209/1209 1203/1203/1203
f 1211/1211/1211 1212/1212/1212 1213/1213/1213
f 1211/1211/1211 1213/1213/1213 1214/1214/1214
f 1215/1215/1215 1216/1216/1216 1217/1217/1217
f 1217/1217/1217 1218/1218/1218 1215/1215/1215
f 1219/1219/1219 1220/1220/1220 1221/1221/1221
f 1221/1221/1221 1222/1222/1222 1219/1219/1219
f 1223/1223/1223 1224/1224/1224 1225/1225/1225
f 1225/1225/1225 1226/1226/1226 1223/1223/1223
f 1227/1227/1227 1228/1228/1228 1229/1229/1229
f 1229/1229/1229 1230/1230/1230 1227/1227/1227
f 1231/1231/1231 1232/1232/1232 1233/1233/1233
f 1234/1234/1234 1231/1231/1231 1233/1233/1233
f 1235/1235/1235 1234/1234/1234 1233/1233/1233
f 1236/1236/1236 1235/1235/1235 1233/1233/1233
f 1237/1237/1237 1236/1236/1236 1233/1233/1233
f 1232/1232/1232 1237/1237/1237 1233/1233/1233
f 1238/1238/1238 1239/1239/1239 1240/1240/1240
f 1240/1240/1240 1241/1241/1241 1238/1238/1238
f 1242/1242/1242 1238/1238/1238 1241/1241/1241
f 1241/1241/1241 1243/1243/1243 1242/1242/1242
f 1244/1244/1244 1242/1242/1242 1243/1243/1243
f 1243/1243/1243 1245/1245/1245 1244/1244/1244
f 1246/1246/1246 1247/1247/1247 1248/1248/1248
f 1248/1248/1248 1249/1249/1249 1246/1246/1246
f 1250/1250/1250 1246/1246/1246 1249/1249/1249
f 1249/1249/1249 1251/1251/1251 1250/1250/1250
f 1239/1239/1239 1250/1250/1250 1251/1251/1251
f 1251/1251/1251 1240/1240/1240 1239/1239/1239
f 1252/1252/1252 1253/1253/1253 1239/1239/1239
f 1239/1239/1239 1238/1238/1238 1252/1252/1252
f 1254/1254/1254 1252/1252/1252 1238/1238/1238
f 1238/1238/1238 1242/1242/1242 1254/1254/1254
f 1255/1255/1255 1254/1254/1254 1242/1242/1242
f 1242/1242/1242 1244/1244/1244 1255/1255/1255
f 1256/1256/1256 1257/1257/1257 1247/1247/1247
f 1247/1247/1247 1246/1246/1246 1256/1256/1256
f 1253/1253/1253 1258/1258/1258 1250/1250/1250
f 1250/1250/1250 1239/1239/1239 1253/1253/1253
f 1259/1259/1259 1260/1260/1260 1261/1261/1261
f 1262/1262/1262 1259/1259/1259 1261/1261/1261
f 1263/1263/1263 1262/1262/1262 1261/1261/1261
f 1264/1264/1264 1263/1263/1263 1261/1261/1261
f 1265/1265/1265 1264/1264/1264 1261/1261/1261
f 1260/1260/1260 1265/1265/1265 1261/1261/1261
f 1266/1266/1266 1267/1267/1267 1268/1268/1268
f 1268/1268/1268 1269/1269/1269 1266/1266/1266
f 1270/1270/1270 1266/1266/1266 1269/1269/1269
f 1269/1269/1269 1271/1271/1271 1270/1270/1270
f 1272/1272/1272 1270/1270/1270 1271/1271/1271
f 1271/1271/1271 1273/1273/1273 1272/1272/1272
f 1274/1274/1274 1275/1275/1275 1276/1276/1276
f 1276/1276/1276 1277/1277/1277 1274/1274/1274
f 1278/1278/1278 1274/1274/1274 1277/1277/1277
f 1277/1277/1277 1279/1279/1279 1278/1278/1278
f 1267/1267/1267 1278/1278/1278 1279/1279/1279
f 1279/1279/1279 1268/1268/1268 1267/1267/1267
f 1280/1280/1280 1281/1281/1281 1267/1267/1267
f 1267/1267/1267 1266/1266/1266 1280/1280/1280
f 1282/1282/1282 1280/1280/1280 1266/1266/1266
f 1266/1266/1266 1270/1270/1270 1282/1282/1282
f 1283/1283/1283 1282/1282/1282 1270/1270/1270
f 1270/1270/1270 1272/1272/1272 1283/1283/1283
f 1284/1284/1284 1285/1285/1285 1275/1275/1275
f 1275/1275/1275 1274/1274/1274 1284/1284/1284
f 1281/1281/1281 1286/1286/1286 1278/1278/1278
f 1278/1278/1278 1267/1267/1267 1281/1281/1281
f 1287/1287/1287 1288/1288/1288 1289/1289/1289
f 1290/1290/1290 1287/1287/1287 1289/1289/1289
f 1291/1291/1291 1290/1290/1290 1289/1289/1289
f 1292/1292/1292 1291/1291/1291 1289/1289/1289
f 1293/1293/1293 1292/1292/1292 1289/1289/1289
f 1288/1288/1288 1293/1293/1293 1289/1289/1289
f 1294/1294/1294 1295/1295/1295 1296/1296/1296
f 1296/1296/1296 1297/1297/1297 1294/1294/1294
f 1298/1298/1298 1294/1294/1294 1297/1297/1297
f 1297/1297/1297 1299/1299/1299 1298/1298/1298
f 1300/1300/1300 1298/1298/1298 1299/1299/1299
f 1299/1299/1299 1301/1301/1301 1300/1300/1300
f 1302/1302/1302 1303/1303/1303 1304/1304/1304
f 1304/1304/1304 1305/1305/1305 1302/1302/1302
f 1306/1306/1306 1302/1302/1302 1305/1305/1305
f 1305/1305/1305 1307/1307/1307 1306/1306/1306
f 1295/1295/1295 1306/1306/1306 1307/1307/1307
f 1307/1307/1307 1296/1296/1296 1295/1295/1295
f 1308/1308/1308 1309/1309/1309 1295/1295/1295
f 1295/1295/1295 1294/1294/1294 1308/1308/1308
f 1310/1310/1310 1308/1308/1308 1294/1294/1294
f 1294/1294/1294 1298/1298/1298 1310/1310/1310
f 1311/1311/1311 1310/1310/1310 1298/1298/1298
f 1298/1298/1298 1300/1300/1300 1311/1311/1311
f 1312/1312/1312 1313/1313/1313 1303/1303/1303
f 1303/1303/1303 1302/1302/1302 1312/1312/1312
f 1309/1309/1309 1314/1314/1314 1306/1306/1306
f 1306/1306/1306 1295/1295/1295 1309/1309/1309
f 1315/1315/1315 1316/1316/1316 1317/1317/1317
f 1318/1318/1318 1315/1315/1315 1317/1317/1317
f 1319/1319/1319 1318/1318/1318 1317/1317/1317
f 1320/1320/1320 1319/1319/1319 1317/1317/1317
f 1321/1321/1321 1320/1320/1320 1317/1317/1317
f 1316/1316/1316 1321/1321/1321 1317/1317/1317
f 1322/1322/1322 1323/1323/1323 1324/1324/1324
f 1324/1324/1324 1325/1325/1325 1322/1322/1322
f 1326/1326/1326 1322/1322/1322 1325/1325/1325
f 1325/1325/1325 1327/1327/1327 1326/1326/1326
f 1328/1328/1328 1326/1326/1326 1327/1327/1327
f 1327/1327/1327 1329/1329/1329 1328/1328/1328
f 1330/1330/1330 1331/1331/1331 1332/1332/1332
f 1332/1332/1332 1333/1333/1333 1330/1330/1330
f 1334/1334/1334 1330/1330/1330 1333/1333/1333
f 1333/1333/1333 1335/1335/1335 1334/1334/1334
f 1323/1323/1323 1334/1334/1334 1335/1335/1335
f 1335/1335/1335 1324/1324/1324 1323/1323/1323
f 1336/1336/1336 1337/1337/1337 1323/1323/1323
f 1323/1323/1323 1322/1322/1322 1336/1336/1336
f 1338/1338/1338 1336/1336/1336 1322/1322/1322
f 1322/1322/1322 1326/1326/1326 1338/1338/1338
f 1339/1339/1339 1338/1338/1338 1326/1326/1326
f 1326/1326/1326 1328/1328/1328 1339/1339/1339
f 1340/1340/1340 1341/1341/1341 1331/1331/1331
f 1331/1331/1331 1330/1330/1330 1340/1340/1340
f 1337/1337/1337 1342/1342/1342 1334/1334/1334
f 1334/1334/1334 1323/1323/1323 1337/1337/1337
o cc-bd002_part_1
v -2.59861565 8.716218 -0.5317828
v -3.06016517 8.813533 0.112222716
v -3.0604496 8.812163 -0.531783
v -2.598331 8.717587 0.112222865
v -2.98293853 9.185265 0.632412
v -2.52110434 9.08932 0.6324122
v -2.52110434 9.08932 0.6324122
v -2.85826731 9.78537 0.8300901
v -2.98293853 9.185265 0.632412
v -2.396433 9.68942451 0.830090344
v -2.733772 10.3846283 0.629750967
v -2.27193785 10.2886829 0.629751146
v -2.65700555 10.7541437 0.107917115
v -2.19517136 10.6581984 0.107917264
v -2.65729022 10.7527733 -0.5360885
v -2.195456 10.6568289 -0.5360884
v -2.73451686 10.3810415 -1.05627787
v -2.27268267 10.2850962 -1.05627763
v -2.859188 9.780936 -1.253956
v -2.397354 9.684992 -1.25395584
v -2.98368335 9.181679 -1.05361676
v -2.52184916 9.085733 -1.05361652
v -2.85872769 9.783154 -0.211932883
v -3.0604496 8.812163 -0.531783
v -3.06016517 8.813533 0.112222716
v -2.98293853 9.185265 0.632412
v -2.85826731 9.78537 0.8300901
v -2.733772 10.3846283 0.629750967
v -2.65700555 10.7541437 0.107917115
v -2.65729022 10.7527733 -0.5360885
v -2.73451686 10.3810415 -1.05627787
v -2.859188 9.780936 -1.253956
v -2.98368335 9.181679 -1.05361676
v -2.9470377 9.390177 0.369405866
v -2.99632215 9.150757 0.02067992
v -2.787692 10.16427 -0.804784358
v -2.733093 10.4295082 -0.433176577
v -2.99632215 9.150757 0.02067992
v -2.999909 9.133395 -0.434890181
v -3.06016517 8.813533 0.112222716
v -3.0604496 8.812163 -0.531783
v -2.86419177 9.792698 0.5271727
v -2.9470377 9.390177 0.369405866
v -2.85826731 9.78537 0.8300901
v -2.98293853 9.185265 0.632412
v -2.78069973 10.1982975 0.37580508
v -2.733772 10.3846283 0.629750967
v -2.73263717 10.4317827 0.005320728
v -2.65700555 10.7541437 0.107917115
v -2.733093 10.4295082 -0.433176577
v -2.65729022 10.7527733 -0.5360885
v -2.86826873 9.772896 -0.9275964
v -2.787692 10.16427 -0.804784358
v -2.859188 9.780936 -1.253956
v -2.73451686 10.3810415 -1.05627787
v -2.948813 9.381617 -0.8046866
v -2.98368335 9.181679 -1.05361676
vt 0.381104857 0.664069057
vt 0.5470159 0.770354331
vt 0.381104857 0.770354331
vt 0.5470159 0.664069057
vt 0.381083965 0.770354331
vt 0.381083965 0.664069057
vt 0.380947351 0.664069057
vt 0.546995044 0.770354331
vt 0.380947351 0.770354331
vt 0.546995044 0.664069057
vt 0.381249636 0.770354331
vt 0.381249636 0.664069057
vt 0.5472198 0.770354331
vt 0.5472198 0.664069057
vt 0.381261468 0.770354331
vt 0.381261468 0.664069057
vt 0.5472378 0.770354331
vt 0.5472378 0.664069057
vt 0.381285667 0.770354331
vt 0.381285667 0.664069057
vt 0.547095 0.770354331
vt 0.547095 0.664069057
vt 0.6126955 0.208129346
vt 0.554276943 0.0208494663
vt 0.6696358 0.020458281
vt 0.7632454 0.0917511
vt 0.79935 0.2074964
vt 0.764158964 0.323483467
vt 0.671114 0.395409167
vt 0.5557552 0.395800352
vt 0.462145627 0.324507535
vt 0.426040977 0.208762288
vt 0.461231977 0.092775166
vt 0.381083965 0.770354331
vt 0.5470159 0.770354331
vt 0.5472378 0.770354331
vt 0.381261468 0.770354331
vt 0.6718571 0.0190906525
vt 0.555345654 0.018468976
vt 0.6718571 0.0190906525
vt 0.555345654 0.018468976
vt 0.801215 0.209135234
vt 0.765770853 0.09191871
vt 0.801215 0.209135234
vt 0.765770853 0.09191871
vt 0.7646511 0.32596755
vt 0.7646511 0.32596755
vt 0.6700454 0.397789657
vt 0.6700454 0.397789657
vt 0.5535339 0.39716804
vt 0.5535339 0.39716804
vt 0.424176067 0.207123458
vt 0.4596202 0.32434
vt 0.424176067 0.207123458
vt 0.4596202 0.32434
vt 0.4607399 0.09029108
vt 0.4607399 0.09029108
vn -0.193585843 -0.931829453 -0.306950152
vn -0.542265 -0.788306 0.2907272
vn -0.193585843 -0.931829453 -0.306950122
vn -0.193312928 -0.9305148 0.3110825
vn -0.497576 -0.448285937 0.74260205
vn -0.119201109 -0.573775053 0.810292065
vn -0.119201109 -0.573775053 0.810292065
vn 0.000441363256 0.00212687161 0.9999976
vn -0.497576 -0.448285937 0.74260205
vn 0.000441421376 0.00212716521 0.9999976
vn 0.119915359 0.577216744 0.8077383
vn 0.119915426 0.5772169 0.8077382
vn 0.193585724 0.931829453 0.306950182
vn 0.193585753 0.9318295 0.3069501
vn -0.193728343 0.936980963 -0.290750742
vn 0.193312943 0.9305148 -0.311082423
vn -0.291821182 0.6091825 -0.7373853
vn 0.119201072 0.573775232 -0.810292
vn -0.0004416319 -0.002127173 -0.9999976
vn -0.0004415713 -0.00212685647 -0.9999976
vn -0.119915508 -0.5772169 -0.8077381
vn -0.11991547 -0.577216744 -0.807738245
vn -0.9790945 0.203405917 -1.57798922E-07
vn -0.9808276 0.194859788 -0.00260856
vn -0.980329931 0.197365642 0.00013492041
vn -0.9794947 0.201366976 0.00644213473
vn -0.9791014 0.203042641 0.0115805054
vn -0.977525055 0.210574672 0.0101498608
vn -0.976636946 0.214863822 0.00370936142
vn -0.9773136 0.21179761 -4.10882858E-05
vn -0.9785522 0.20585224 -0.007768667
vn -0.9790695 0.203206584 -0.0114061609
vn -0.9803188 0.1972497 -0.008224576
vn -0.9821629 0.187699661 0.0111747859
vn -0.982034266 0.188468724 0.009393821
vn -0.974756 0.222777247 -0.0148679195
vn -0.974599242 0.223366708 -0.0162350126
vn -0.9825148 0.186183378 0.000639959064
vn -0.982400358 0.186729774 -0.004635499
vn -0.980329931 0.197365642 0.00013492041
vn -0.9808276 0.194859788 -0.00260856
vn -0.9791144 0.201857686 0.0242584869
vn -0.980394363 0.195941523 0.0208283141
vn -0.9791014 0.203042641 0.0115805054
vn -0.9794947 0.201366976 0.00644213473
vn -0.9758202 0.217611164 0.0205015745
vn -0.977525055 0.210574672 0.0101498608
vn -0.974056 0.226191133 0.00724472245
vn -0.976636946 0.214863822 0.00370936142
vn -0.9736033 0.228246778 -0.000172204454
vn -0.9773136 0.21179761 -4.10882858E-05
vn -0.9791333 0.202035159 -0.02190284
vn -0.9773409 0.210315377 -0.0239218455
vn -0.9790695 0.203206584 -0.0114061609
vn -0.9785522 0.20585224 -0.007768667
vn -0.981376469 0.191446781 -0.0157579333
vn -0.9803188 0.1972497 -0.008224576
usemtl cc-bd002_part_1_material_0
f 1343/1343/1343 1344/1344/1344 1345/1345/1345
f 1343/1343/1343 1346/1346/1346 1344/1344/1344
f 1346/1346/1346 1347/1347/1347 1344/1344/1344
f 1346/1346/1346 1348/1348/1348 1347/1347/1347
f 1349/1349/1349 1350/1350/1350 1351/1351/1351
f 1349/1349/1349 1352/1352/1352 1350/1350/1350
f 1352/1352/1352 1353/1353/1353 1350/1350/1350
f 1352/1352/1352 1354/1354/1354 1353/1353/1353
f 1354/1354/1354 1355/1355/1355 1353/1353/1353
f 1354/1354/1354 1356/1356/1356 1355/1355/1355
f 1356/1356/1356 1357/1357/1357 1355/1355/1355
f 1356/1356/1356 1358/1358/1358 1357/1357/1357
f 1358/1358/1358 1359/1359/1359 1357/1357/1357
f 1358/1358/1358 1360/1360/1360 1359/1359/1359
f 1360/1360/1360 1361/1361/1361 1359/1359/1359
f 1360/1360/1360 1362/1362/1362 1361/1361/1361
f 1362/1362/1362 1363/1363/1363 1361/1361/1361
f 1362/1362/1362 1364/1364/1364 1363/1363/1363
f 1364/1364/1364 1345/1345/1345 1363/1363/1363
f 1364/1364/1364 1343/1343/1343 1345/1345/1345
f 1365/1365/1365 1366/1366/1366 1367/1367/1367
f 1365/1365/1365 1367/1367/1367 1368/1368/1368
f 1365/1365/1365 1368/1368/1368 1369/1369/1369
f 1365/1365/1365 1369/1369/1369 1370/1370/1370
f 1365/1365/1365 1370/1370/1370 1371/1371/1371
f 1365/1365/1365 1371/1371/1371 1372/1372/1372
f 1365/1365/1365 1372/1372/1372 1373/1373/1373
f 1365/1365/1365 1373/1373/1373 1374/1374/1374
f 1365/1365/1365 1374/1374/1374 1375/1375/1375
f 1365/1365/1365 1375/1375/1375 1366/1366/1366
f 1376/1376/1376 1377/1377/1377 1344/1344/1344
f 1344/1344/1344 1347/1347/1347 1376/1376/1376
f 1378/1378/1378 1379/1379/1379 1357/1357/1357
f 1357/1357/1357 1359/1359/1359 1378/1378/1378
f 1380/1380/1380 1381/1381/1381 1382/1382/1382
f 1383/1383/1383 1382/1382/1382 1381/1381/1381
f 1384/1384/1384 1385/1385/1385 1386/1386/1386
f 1387/1387/1387 1386/1386/1386 1385/1385/1385
f 1388/1388/1388 1384/1384/1384 1389/1389/1389
f 1386/1386/1386 1389/1389/1389 1384/1384/1384
f 1390/1390/1390 1388/1388/1388 1391/1391/1391
f 1389/1389/1389 1391/1391/1391 1388/1388/1388
f 1392/1392/1392 1390/1390/1390 1393/1393/1393
f 1391/1391/1391 1393/1393/1393 1390/1390/1390
f 1394/1394/1394 1395/1395/1395 1396/1396/1396
f 1397/1397/1397 1396/1396/1396 1395/1395/1395
f 1398/1398/1398 1394/1394/1394 1399/1399/1399
f 1396/1396/1396 1399/1399/1399 1394/1394/1394
f 1381/1381/1381 1398/1398/1398 1383/1383/1383
f 1399/1399/1399 1383/1383/1383 1398/1398/1398
o cc-bd002_part_2
v -2.96954155 9.38859749 -0.79290235
v -3.02583981 9.115105 -0.458538741
v -3.08531523 8.826175 -0.5336542
v -3.010235 9.19091 -1.04639649
v -2.76543784 10.3801231 -1.042178
v -2.80199933 10.202508 -0.7886923
v -2.74926257 10.4587 -0.4574294
v -2.68835545 10.7545853 -0.534119844
v -2.921706 9.249227 -0.9287434
v -2.98527932 8.940392 -0.5000317
v -3.21229744 8.987123 -0.5000316
v -3.148724 9.29595852 -0.9287434
v -2.9354074 10.3322392 -0.9287146
v -2.70838928 10.2855082 -0.9287144
v -2.64220428 10.6070309 -0.499792218
v -2.8692224 10.6537628 -0.499792039
v -2.74926257 10.4587 -0.457429171
v -2.68835545 10.7545853 -0.534119844
v -2.688576 10.7535133 0.112792835
v -2.74820447 10.4638414 0.0144397616
v -2.74820447 10.4638414 0.0144396573
v -2.688576 10.7535133 0.112792924
v -2.64220428 10.6070309 -0.499792218
v -2.8692224 10.6537628 -0.499792218
v -2.86887074 10.6554708 0.0687685758
v -2.64185238 10.60874 0.068768695
v -2.64185238 10.60874 0.06876849
v -2.86887074 10.6554708 0.0687687844
v -2.80199933 10.202508 -0.7886923
v -2.76543784 10.3801231 -1.04217792
v -2.96954155 9.38859749 -0.79290235
v -2.89189148 9.765818 -0.939110339
v -2.88759732 9.786679 -1.25005281
v -3.010235 9.19091 -1.04639649
v -2.70838928 10.2855082 -0.928714454
v -2.9354074 10.3322392 -0.928714454
v -2.921706 9.249227 -0.9287434
v -2.81610537 9.762229 -1.11087084
v -3.04312348 9.80896 -1.11087084
v -3.148724 9.295958 -0.9287434
v -2.89189148 9.765818 -0.9391102
v -2.88759732 9.786679 -1.25005281
v -2.81610537 9.762229 -1.11087084
v -3.04312348 9.808961 -1.11087084
v -3.08531523 8.826175 -0.5336542
v -3.02583981 9.115105 -0.458538741
v -3.21229744 8.987123 -0.5000316
v -2.98527932 8.940392 -0.5000317
v -2.76449323 10.3847122 0.630511642
v -2.886719 9.790946 0.8243892
v -2.88917017 9.779037 0.512955368
v -2.80168867 10.2040186 0.379304528
v -2.80168867 10.2040186 0.379304528
v -2.88917017 9.779037 0.512955368
v -2.886719 9.790946 0.8243892
v -2.76449323 10.3847122 0.630511642
v -2.9347465 10.33545 0.518067837
v -3.04142022 9.817235 0.684987068
v -2.814402 9.770503 0.684987068
v -2.70772839 10.2887192 0.518067837
v -2.70772839 10.2887192 0.518067837
v -2.814402 9.770503 0.684987068
v -3.04142022 9.817235 0.684987068
v -2.9347465 10.33545 0.518067837
v -3.02583981 9.115105 -0.458538741
v -3.02700639 9.109437 0.0391108841
v -3.084918 8.828106 0.112522945
v -3.08531523 8.826175 -0.5336542
v -3.084918 8.828106 0.112522945
v -3.02700639 9.109437 0.0391108841
v -3.02583981 9.115105 -0.458538741
v -3.08531523 8.826175 -0.5336542
v -2.986858 8.932722 0.08293991
v -3.213876 8.979454 0.08293991
v -3.21229744 8.987123 -0.5000316
v -2.98527932 8.940392 -0.5000317
v -3.213876 8.979454 0.08293991
v -2.986858 8.932722 0.08293991
v -2.98527932 8.940392 -0.5000317
v -3.21229744 8.987123 -0.5000316
v -3.009269 9.195603 0.6278655
v -2.97023177 9.385244 0.382430553
v -2.97023177 9.385244 0.382430553
v -3.009269 9.195603 0.6278655
v -3.14539957 9.312109 0.5180053
v -2.91838145 9.265377 0.5180053
v -2.91838145 9.265377 0.5180053
v -3.14539957 9.312109 0.5180053
vt -2.12882233 0.0104640722
vt -2.67796326 0.0104644895
vt -2.67796326 0.4794855
vt -2.12882233 0.4794851
vt -1.11947262 0.47948426
vt -1.11947238 0.0104632378
vt -0.626510143 0.01046288
vt -0.626510262 0.479483843
vt -2.12882233 0.0104640722
vt -2.67796326 0.0104644895
vt -2.67796326 0.4794855
vt -2.12882233 0.4794851
vt -1.11947238 0.47948426
vt -1.11947262 0.0104632378
vt -0.626510262 0.01046288
vt -0.6265099 0.479483843
vt -0.6265099 0.01046288
vt -0.626510262 0.479483843
vt -0.127510548 0.479483366
vt -0.12751019 0.0104624033
vt -0.127510309 0.0104624033
vt -0.127510548 0.479483366
vt -0.626510262 0.01046288
vt -0.626510143 0.479483843
vt -0.127510309 0.479483366
vt -0.127510548 0.0104624033
vt -0.127510548 0.0104624033
vt -0.12751019 0.479483366
vt -1.11947238 0.0104632378
vt -1.11947262 0.47948426
vt -2.12882233 0.0104640722
vt -1.64448977 0.010463655
vt -1.64449 0.479484677
vt -2.12882233 0.4794851
vt -1.11947262 0.0104632378
vt -1.11947238 0.47948426
vt -2.12882233 0.0104640722
vt -1.64449 0.010463655
vt -1.64448977 0.479484677
vt -2.12882233 0.4794851
vt -1.64448977 0.010463655
vt -1.64449 0.479484677
vt -1.64449 0.010463655
vt -1.64448977 0.479484677
vt -2.67796326 0.4794855
vt -2.67796326 0.0104644895
vt -2.67796326 0.4794855
vt -2.67796326 0.0104644895
vt 0.4088867 0.479482949
vt 0.8891879 0.479482532
vt 0.8891881 0.0104615092
vt 0.408886939 0.0104619861
vt 0.408886939 0.0104619861
vt 0.8891881 0.0104615092
vt 0.8891879 0.479482532
vt 0.4088867 0.479482949
vt 0.408886939 0.479482949
vt 0.8891881 0.479482532
vt 0.8891879 0.0104615092
vt 0.4088867 0.0104619861
vt 0.4088867 0.0104619861
vt 0.8891879 0.0104615092
vt 0.8891881 0.479482472
vt 0.408886939 0.479482949
vt 2.62914371 0.010461092
vt 1.8772881 0.0104612112
vt 1.87927508 0.479482174
vt 2.62914371 0.479482055
vt 1.87927508 0.479482174
vt 1.8772881 0.0104612112
vt 2.62914371 0.010461092
vt 2.62914371 0.479482055
vt 1.87860274 0.0104612112
vt 1.87860274 0.479482174
vt 2.62914371 0.479482055
vt 2.62914371 0.010461092
vt 1.87860274 0.479482174
vt 1.87860274 0.0104612112
vt 2.62914371 0.010461092
vt 2.62914371 0.479482055
vt 1.3998692 0.4794823
vt 1.40201545 0.0104612708
vt 1.40201545 0.0104612708
vt 1.3998692 0.4794823
vt 1.40082979 0.4794823
vt 1.40082979 0.0104612708
vt 1.40082979 0.0104612708
vt 1.40082979 0.4794823
vn 0.979463637 -0.201620847 7.842754E-08
vn 0.979463637 -0.201620832 1.422552E-07
vn 0.979463637 -0.201620832 9.708796E-08
vn 0.979463637 -0.201620862 6.42693436E-08
vn -0.979463637 0.201620847 7.898957E-08
vn -0.979463637 0.201620847 6.2498664E-08
vn -0.979463637 0.201620772 4.725113E-09
vn -0.979463637 0.201620787 9.412008E-09
vn -0.119702905 -0.581509352 -0.8046851
vn -0.191144243 -0.9285677 -0.3181601
vn -0.191144168 -0.928567767 -0.318159968
vn -0.119702861 -0.5815093 -0.8046851
vn -0.117653683 -0.5715534 0.8120864
vn -0.11765375 -0.571553648 0.8120862
vn -0.1908619 -0.927198946 0.322294652
vn -0.190861762 -0.927199066 0.322294325
vn 0.979463637 -0.201620772 -1.67571219E-08
vn 0.979463637 -0.201620772 -1.68328427E-08
vn 0.979463637 -0.2016208 8.43095E-08
vn 0.979463637 -0.201620832 8.25151361E-08
vn -0.979463637 0.201620847 -8.787796E-08
vn -0.979463637 0.201620847 -7.174593E-08
vn 0.19086194 0.927198946 -0.322294652
vn 0.190861985 0.927198946 -0.322294682
vn 0.191834182 0.9319238 0.3077624
vn 0.191834182 0.931923747 0.307762533
vn -0.191834986 -0.9319237 -0.307762146
vn -0.191834852 -0.931923568 -0.307762682
vn 0.979463637 -0.201620877 -1.04359636E-07
vn 0.979463637 -0.201620877 -7.092066E-08
vn -0.979463637 0.201620847 -7.392934E-08
vn -0.979463637 0.201620921 -4.849176E-10
vn -0.979463637 0.201620892 2.79986239E-08
vn -0.979463637 0.201620862 -5.46850458E-08
vn 0.117652945 0.5715538 -0.8120862
vn 0.117653027 0.571553648 -0.812086344
vn 0.119702592 0.581509352 0.8046851
vn 0.000610563147 0.00296609942 0.9999954
vn 0.0006104808 0.00296619325 0.9999954
vn 0.11970254 0.581509531 0.804685
vn 0.979463637 -0.201620862 -2.93924813E-08
vn 0.979463637 -0.201620862 -5.737994E-09
vn -0.0006106611 -0.002966242 -0.9999954
vn -0.000610497838 -0.002965881 -0.9999954
vn -0.979463637 0.201620847 -9.814297E-08
vn -0.979463637 0.201620832 -1.472832E-07
vn 0.191144153 0.928567767 0.3181601
vn 0.191144139 0.9285677 0.3181602
vn 0.979463637 -0.201620877 9.355762E-08
vn 0.979463637 -0.201620862 6.71188038E-09
vn 0.979463637 -0.201620892 -1.26013164E-08
vn 0.979463637 -0.201620892 9.522885E-08
vn -0.979463637 0.201620847 -7.95397952E-08
vn -0.979463637 0.2016209 1.615701E-08
vn -0.979463637 0.201620892 -1.10030216E-08
vn -0.979463637 0.201620862 -7.45661737E-08
vn 0.11777541 0.57214874 0.8116494
vn -0.0007588578 -0.00368648558 0.9999929
vn -0.0007588474 -0.0036865375 0.9999929
vn 0.117775448 0.5721489 0.811649263
vn -0.117775828 -0.5721488 -0.8116493
vn 0.000758883951 0.00368663343 -0.9999929
vn 0.0007588367 0.003686589 -0.9999929
vn -0.117775723 -0.57214874 -0.8116494
vn 0.979463637 -0.201620832 1.422552E-07
vn 0.979463637 -0.2016208 3.647761E-11
vn 0.979463637 -0.2016208 1.16700928E-11
vn 0.979463637 -0.201620832 9.708796E-08
vn -0.979463637 0.2016208 -1.16700928E-11
vn -0.979463637 0.2016208 -3.647761E-11
vn -0.979463637 0.201620832 -1.472832E-07
vn -0.979463637 0.201620847 -9.814297E-08
vn -0.191085085 -0.9282842 0.319021761
vn -0.191084951 -0.9282843 0.3190216
vn -0.191144168 -0.928567767 -0.318159968
vn -0.191144243 -0.9285677 -0.3181601
vn 0.191085085 0.9282842 -0.3190217
vn 0.191084951 0.9282842 -0.319021851
vn 0.191144139 0.9285677 0.3181602
vn 0.191144153 0.928567767 0.3181601
vn 0.979463637 -0.201620892 -4.380432E-08
vn 0.979463637 -0.2016209 -8.39584E-08
vn -0.979463637 0.2016209 8.39584E-08
vn -0.979463637 0.201620892 4.380432E-08
vn -0.1155928 -0.5615466 0.8193312
vn -0.11559274 -0.5615464 0.8193314
vn 0.115592726 0.5615463 -0.819331467
vn 0.115592763 0.561546564 -0.8193313
usemtl cc-bd002_part_2_material_0
f 1400/1400/1400 1401/1401/1401 1402/1402/1402
f 1402/1402/1402 1403/1403/1403 1400/1400/1400
f 1404/1404/1404 1405/1405/1405 1406/1406/1406
f 1406/1406/1406 1407/1407/1407 1404/1404/1404
f 1408/1408/1408 1409/1409/1409 1410/1410/1410
f 1410/1410/1410 1411/1411/1411 1408/1408/1408
f 1412/1412/1412 1413/1413/1413 1414/1414/1414
f 1414/1414/1414 1415/1415/1415 1412/1412/1412
f 1416/1416/1416 1417/1417/1417 1418/1418/1418
f 1418/1418/1418 1419/1419/1419 1416/1416/1416
f 1407/1407/1407 1406/1406/1406 1420/1420/1420
f 1420/1420/1420 1421/1421/1421 1407/1407/1407
f 1422/1422/1422 1423/1423/1423 1424/1424/1424
f 1424/1424/1424 1425/1425/1425 1422/1422/1422
f 1415/1415/1415 1414/1414/1414 1426/1426/1426
f 1426/1426/1426 1427/1427/1427 1415/1415/1415
f 1416/1416/1416 1428/1428/1428 1429/1429/1429
f 1429/1429/1429 1417/1417/1417 1416/1416/1416
f 1430/1430/1430 1431/1431/1431 1432/1432/1432
f 1432/1432/1432 1433/1433/1433 1430/1430/1430
f 1422/1422/1422 1434/1434/1434 1435/1435/1435
f 1435/1435/1435 1423/1423/1423 1422/1422/1422
f 1436/1436/1436 1437/1437/1437 1438/1438/1438
f 1438/1438/1438 1439/1439/1439 1436/1436/1436
f 1432/1432/1432 1431/1431/1431 1405/1405/1405
f 1405/1405/1405 1404/1404/1404 1432/1432/1432
f 1438/1438/1438 1437/1437/1437 1413/1413/1413
f 1413/1413/1413 1412/1412/1412 1438/1438/1438
f 1440/1440/1440 1441/1441/1441 1429/1429/1429
f 1429/1429/1429 1428/1428/1428 1440/1440/1440
f 1442/1442/1442 1443/1443/1443 1435/1435/1435
f 1435/1435/1435 1434/1434/1434 1442/1442/1442
f 1400/1400/1400 1403/1403/1403 1441/1441/1441
f 1441/1441/1441 1440/1440/1440 1400/1400/1400
f 1408/1408/1408 1411/1411/1411 1443/1443/1443
f 1443/1443/1443 1442/1442/1442 1408/1408/1408
f 1430/1430/1430 1433/1433/1433 1444/1444/1444
f 1444/1444/1444 1445/1445/1445 1430/1430/1430
f 1436/1436/1436 1439/1439/1439 1446/1446/1446
f 1446/1446/1446 1447/1447/1447 1436/1436/1436
f 1448/1448/1448 1449/1449/1449 1450/1450/1450
f 1450/1450/1450 1451/1451/1451 1448/1448/1448
f 1452/1452/1452 1453/1453/1453 1454/1454/1454
f 1454/1454/1454 1455/1455/1455 1452/1452/1452
f 1456/1456/1456 1457/1457/1457 1458/1458/1458
f 1458/1458/1458 1459/1459/1459 1456/1456/1456
f 1460/1460/1460 1461/1461/1461 1462/1462/1462
f 1462/1462/1462 1463/1463/1463 1460/1460/1460
f 1419/1419/1419 1418/1418/1418 1448/1448/1448
f 1448/1448/1448 1451/1451/1451 1419/1419/1419
f 1421/1421/1421 1420/1420/1420 1452/1452/1452
f 1452/1452/1452 1455/1455/1455 1421/1421/1421
f 1425/1425/1425 1424/1424/1424 1456/1456/1456
f 1456/1456/1456 1459/1459/1459 1425/1425/1425
f 1427/1427/1427 1426/1426/1426 1460/1460/1460
f 1460/1460/1460 1463/1463/1463 1427/1427/1427
f 1464/1464/1464 1465/1465/1465 1466/1466/1466
f 1466/1466/1466 1467/1467/1467 1464/1464/1464
f 1468/1468/1468 1469/1469/1469 1470/1470/1470
f 1470/1470/1470 1471/1471/1471 1468/1468/1468
f 1472/1472/1472 1473/1473/1473 1474/1474/1474
f 1474/1474/1474 1475/1475/1475 1472/1472/1472
f 1476/1476/1476 1477/1477/1477 1478/1478/1478
f 1478/1478/1478 1479/1479/1479 1476/1476/1476
f 1480/1480/1480 1481/1481/1481 1450/1450/1450
f 1450/1450/1450 1449/1449/1449 1480/1480/1480
f 1453/1453/1453 1482/1482/1482 1483/1483/1483
f 1483/1483/1483 1454/1454/1454 1453/1453/1453
f 1484/1484/1484 1485/1485/1485 1458/1458/1458
f 1458/1458/1458 1457/1457/1457 1484/1484/1484
f 1486/1486/1486 1487/1487/1487 1462/1462/1462
f 1462/1462/1462 1461/1461/1461 1486/1486/1486
f 1481/1481/1481 1480/1480/1480 1466/1466/1466
f 1466/1466/1466 1465/1465/1465 1481/1481/1481
f 1468/1468/1468 1483/1483/1483 1482/1482/1482
f 1482/1482/1482 1469/1469/1469 1468/1468/1468
f 1485/1485/1485 1484/1484/1484 1473/1473/1473
f 1473/1473/1473 1472/1472/1472 1485/1485/1485
f 1487/1487/1487 1486/1486/1486 1477/1477/1477
f 1477/1477/1477 1476/1476/1476 1487/1487/1487
o cc-bd002_part_3
v -3.104359 8.95599651 -0.364079773
v -3.12060475 8.877074 -0.2905112
v -3.10577178 8.949132 -0.209934264
v -3.0895257 9.028054 -0.283503175
v -3.05349684 8.820421 -0.2924189
v -3.03091049 8.930144 -0.132861659
v -3.00520062 9.055042 -0.281528324
v -3.02808452 8.943873 -0.441152483
v -3.08729267 9.038903 -0.6107942
v -3.10791349 8.938727 -0.57278645
v -3.10025024 8.975955 -0.4705106
v -3.07962942 9.076131 -0.508518338
v -3.04004478 8.88577 -0.5902807
v -3.03116131 8.92892551 -0.400368452
v -2.9960916 9.099293 -0.490408719
v -3.005246 9.054822 -0.680936158
v -3.05696726 9.186222 -0.8244201
v -3.07887316 9.079803 -0.814401031
v -3.076853 9.089618 -0.7057519
v -3.05494714 9.196035 -0.7157713
v -3.00981832 9.032609 -0.841248751
v -3.011228 9.02576 -0.646418
v -2.97263741 9.213231 -0.6879792
v -2.97145653 9.218968 -0.883754134
v -3.03986073 9.269324 -0.911195636
v -3.018191 9.374594 -0.8923868
v -3.014399 9.393016 -0.9998635
v -3.03606844 9.287746 -1.018672
v -2.937757 9.382679 -0.858011
v -2.92610025 9.439306 -1.04419732
v -2.96553826 9.24772 -1.05425692
v -2.97702384 9.191923 -0.8668617
v -2.962274 9.646236 -1.0816201
v -2.98057055 9.557352 -1.14219916
v -2.99278474 9.498017 -1.05145121
v -2.974488 9.586902 -0.9908725
v -2.90665865 9.533753 -1.18339157
v -2.93247223 9.408353 -1.03636682
v -2.89720631 9.579673 -0.948231339
v -2.871451 9.704791 -1.09670448
v -2.90622354 9.918526 -1.089986
v -2.92122817 9.845634 -1.16977787
v -2.937316 9.767481 -1.09535837
v -2.92231154 9.840372 -1.01556671
v -2.84536552 9.8315115 -1.21175516
v -2.8772943 9.676403 -1.09804463
v -2.847049 9.823334 -0.9721128
v -2.81510973 9.978492 -1.0872997
v -2.851846 10.1826906 -1.02041245
v -2.861869 10.1339989 -1.11753953
v -2.88145185 10.038867 -1.06782675
v -2.87142873 10.0875578 -0.9707
v -2.783699 10.1310844 -1.15751016
v -2.820687 9.951399 -1.0915339
v -2.798555 10.0589161 -0.9293232
v -2.76147532 10.2390471 -0.9967052
v -2.80876637 10.3919687 -0.8532026
v -2.8085134 10.3931971 -0.9623054
v -2.83051085 10.286335 -0.963559747
v -2.83076382 10.2851067 -0.854457259
v -2.726889 10.4070654 -0.9916625
v -2.76581526 10.2179632 -1.01873839
v -2.76146579 10.2390928 -0.824067354
v -2.72232628 10.4292307 -0.798023939
v -2.79310274 10.4680624 -0.763363
v -2.79792285 10.4446459 -0.6569041
v -2.77645874 10.5489187 -0.6329968
v -2.77163839 10.5723343 -0.7394551
v -2.72950983 10.3943329 -0.634433031
v -2.69256878 10.5737906 -0.5678138
v -2.6886642 10.59276 -0.762716532
v -2.72585678 10.41208 -0.8285458
v -2.75964427 10.6306019 -0.3791623
v -2.74799562 10.68719 -0.471720845
v -2.76665735 10.5965319 -0.5294955
v -2.778306 10.5399446 -0.4369372
v -2.66417718 10.7117157 -0.481189221
v -2.694596 10.563942 -0.604662
v -2.711279 10.4828978 -0.4271357
v -2.68057 10.632081 -0.303995639
v -2.9994967 9.46541 0.597537041
v -2.988926 9.516763 0.6932248
v -2.96963334 9.610486 0.6407957
v -2.980204 9.559133 0.545107961
v -2.91573238 9.489674 0.7335435
v -2.879134 9.667467 0.6624249
v -2.90217876 9.555516 0.503371239
v -2.93886065 9.377317 0.57590735
v -3.0474906 9.232259 0.438508838
v -3.04499865 9.244365 0.546916366
v -3.02314138 9.350546 0.53455615
v -3.02563334 9.33844 0.4261491
v -2.97470236 9.203201 0.579790235
v -2.935399 9.39413452 0.5825803
v -2.944609 9.349393 0.39211908
v -2.98409748 9.157559 0.39048472
v -3.08384323 9.055659 0.199809909
v -3.08827281 9.034141 0.306685358
v -3.06672454 9.138821 0.328655154
v -3.062295 9.160339 0.221780121
v -3.01977634 8.984233 0.329797179
v -2.98259759 9.164846 0.3930777
v -2.979407 9.180345 0.197855383
v -3.01683474 8.998524 0.13538754
v -3.09371614 9.007697 0.07693794
v -3.082715 9.06114 -0.0175487846
v -3.10176563 8.968594 -0.07211226
v -3.11276674 8.915151 0.02237469
v -2.998967 9.085324 -0.02841635
v -3.03022265 8.933486 -0.146637633
v -3.045667 8.85845852 0.0336243361
v -3.01412368 9.011694 0.151463747
v -2.79669642 10.4506054 0.366303533
v -2.7752955 10.5545692 0.341035157
v -2.78039 10.5298195 0.234891474
v -2.801791 10.4258566 0.2601603
v -2.69251537 10.5740509 0.363049656
v -2.69666934 10.5538712 0.1691854
v -2.733689 10.3740311 0.237371147
v -2.72928166 10.395443 0.4320096
v -2.83595228 10.259902 0.5483422
v -2.81401968 10.3664494 0.5567956
v -2.81231546 10.3747282 0.448013455
v -2.834248 10.2681808 0.439560562
v -2.73294544 10.3776436 0.588707447
v -2.724929 10.4165869 0.3978487
v -2.76438022 10.2249355 0.406526
v -2.77220321 10.1869326 0.5985068
v -2.88571572 10.0181532 0.6490928
v -2.8660543 10.1136675 0.698036432
v -2.85618639 10.1616058 0.600519538
v -2.87584758 10.0660915 0.5515765
v -2.78782082 10.111063 0.7379042
v -2.76585364 10.2177773 0.5762329
v -2.80303955 10.03713 0.5103065
v -2.82491279 9.930872 0.6733793
v -2.91168761 9.891985 0.664790034
v -2.92701817 9.817509 0.5865382
v -2.94279528 9.740865 0.6625756
v -2.92746472 9.81534 0.7408271
v -2.85132885 9.802545 0.5445396
v -2.88278151 9.649749 0.661468
v -2.85202265 9.799173 0.7843027
v -2.8205657 9.951989 0.665897369
v -2.759877 10.6294727 -0.01574868
v -2.77961588 10.5335817 0.0324224532
v -2.76990342 10.5807648 0.130322963
v -2.75016475 10.6766539 0.08215174
v -2.71206474 10.4790812 0.01888521
v -2.699349 10.5408545 0.20335868
v -2.66629815 10.7014132 0.0961645544
v -2.679296 10.63827 -0.0887846053
v -2.75562334 10.650136 -0.107258216
v -2.740715 10.72256 -0.187493
v -2.756892 10.6439724 -0.261434585
v -2.7718 10.5715494 -0.181199685
v -2.65668559 10.7481108 -0.189206213
v -2.68195868 10.6253347 -0.338522851
v -2.70499158 10.513442 -0.179426342
v -2.679421 10.6376629 -0.0301701277
vt 0.18336457 0.7525959
vt 0.1253668 0.8680642
vt 0.06736964 0.7525959
vt 0.1253668 0.637128949
vt 0.1253668 0.9835314
vt 0.009372484 0.7525959
vt 0.1253668 0.5216606
vt 0.241361156 0.7525959
vt 0.4361934 0.752329946
vt 0.377145618 0.8733774
vt 0.3180987 0.752329946
vt 0.377145618 0.6312833
vt 0.377145618 0.994424
vt 0.2590517 0.752329946
vt 0.377145618 0.5102355
vt 0.4952399 0.752329946
vt 0.6827099 0.7525959
vt 0.624712169 0.8680642
vt 0.566714942 0.7525959
vt 0.624712169 0.637128949
vt 0.624712169 0.9835314
vt 0.508717835 0.7525959
vt 0.624712169 0.5216606
vt 0.7407065 0.7525959
vt 0.9355387 0.752329946
vt 0.876491 0.8733774
vt 0.817444 0.752329946
vt 0.876491 0.6312833
vt 0.876491 0.994424
vt 0.758397043 0.752329946
vt 0.876491 0.5102355
vt 0.9945852 0.752329946
vt 0.18336457 0.7525959
vt 0.1253668 0.8680642
vt 0.06736964 0.7525959
vt 0.1253668 0.637128949
vt 0.1253668 0.9835314
vt 0.009372484 0.7525959
vt 0.1253668 0.5216606
vt 0.241361156 0.7525959
vt 0.4361934 0.752329946
vt 0.377145618 0.8733774
vt 0.3180987 0.752329946
vt 0.377145618 0.6312833
vt 0.377145618 0.994424
vt 0.2590517 0.752329946
vt 0.377145618 0.5102355
vt 0.4952399 0.752329946
vt 0.6827099 0.7525959
vt 0.624712169 0.8680642
vt 0.566714942 0.7525959
vt 0.624712169 0.637128949
vt 0.624712169 0.9835314
vt 0.508717835 0.7525959
vt 0.624712169 0.5216606
vt 0.7407065 0.7525959
vt 0.9355387 0.752329946
vt 0.876491 0.8733774
vt 0.817444 0.752329946
vt 0.876491 0.6312833
vt 0.876491 0.994424
vt 0.758397043 0.752329946
vt 0.876491 0.5102355
vt 0.9945852 0.752329946
vt 0.18336457 0.7525959
vt 0.1253668 0.8680642
vt 0.06736964 0.7525959
vt 0.1253668 0.637128949
vt 0.1253668 0.9835314
vt 0.009372484 0.7525959
vt 0.1253668 0.5216606
vt 0.241361156 0.7525959
vt 0.4361934 0.752329946
vt 0.377145618 0.8733774
vt 0.3180987 0.752329946
vt 0.377145618 0.6312833
vt 0.377145618 0.994424
vt 0.2590517 0.752329946
vt 0.377145618 0.5102355
vt 0.4952399 0.752329946
vt 0.18336457 0.7525959
vt 0.1253668 0.8680642
vt 0.06736964 0.7525959
vt 0.1253668 0.637128949
vt 0.1253668 0.9835314
vt 0.009372484 0.7525959
vt 0.1253668 0.5216606
vt 0.241361156 0.7525959
vt 0.4361934 0.752329946
vt 0.377145618 0.8733774
vt 0.3180987 0.752329946
vt 0.377145618 0.6312833
vt 0.377145618 0.994424
vt 0.2590517 0.752329946
vt 0.377145618 0.5102355
vt 0.4952399 0.752329946
vt 0.6827099 0.7525959
vt 0.624712169 0.8680642
vt 0.566714942 0.7525959
vt 0.624712169 0.637128949
vt 0.624712169 0.9835314
vt 0.508717835 0.7525959
vt 0.624712169 0.5216606
vt 0.7407065 0.7525959
vt 0.9355387 0.752329946
vt 0.876491 0.8733774
vt 0.817444 0.752329946
vt 0.876491 0.6312833
vt 0.876491 0.994424
vt 0.758397043 0.752329946
vt 0.876491 0.5102355
vt 0.9945852 0.752329946
vt 0.18336457 0.7525959
vt 0.1253668 0.8680642
vt 0.06736964 0.7525959
vt 0.1253668 0.637128949
vt 0.1253668 0.9835314
vt 0.009372484 0.7525959
vt 0.1253668 0.5216606
vt 0.241361156 0.7525959
vt 0.4361934 0.752329946
vt 0.377145618 0.8733774
vt 0.3180987 0.752329946
vt 0.377145618 0.6312833
vt 0.377145618 0.994424
vt 0.2590517 0.752329946
vt 0.377145618 0.5102355
vt 0.4952399 0.752329946
vt 0.6827099 0.7525959
vt 0.624712169 0.8680642
vt 0.566714942 0.7525959
vt 0.624712169 0.637128949
vt 0.624712169 0.9835314
vt 0.508717835 0.7525959
vt 0.624712169 0.5216606
vt 0.7407065 0.7525959
vt 0.9355387 0.752329946
vt 0.876491 0.8733774
vt 0.817444 0.752329946
vt 0.876491 0.6312833
vt 0.876491 0.994424
vt 0.758397043 0.752329946
vt 0.876491 0.5102355
vt 0.9945852 0.752329946
vt 0.9355387 0.752329946
vt 0.876491 0.8733774
vt 0.817444 0.752329946
vt 0.876491 0.6312833
vt 0.876491 0.994424
vt 0.758397043 0.752329946
vt 0.876491 0.5102355
vt 0.9945852 0.752329946
vt 0.6827099 0.7525959
vt 0.624712169 0.8680642
vt 0.566714942 0.7525959
vt 0.624712169 0.637128949
vt 0.624712169 0.9835314
vt 0.508717835 0.7525959
vt 0.624712169 0.5216606
vt 0.7407065 0.7525959
vn -0.8328228 0.195473149 -0.517876863
vn -0.889083862 -0.456856668 -0.0284939185
vn -0.82499367 0.189816713 0.532311
vn -0.6303203 0.773236454 0.0692941248
vn -0.645226359 -0.762949347 -0.0398894139
vn -0.670525968 0.118102334 0.7324252
vn -0.3402231 0.9383772 0.06079843
vn -0.6350615 0.16477786 -0.7546821
vn -0.7940363 0.383897245 -0.471305847
vn -0.877720654 -0.4016546 -0.261304438
vn -0.865505338 -0.00698259939 0.5008511
vn -0.6448182 0.7028042 0.300459146
vn -0.629318833 -0.6856714 -0.365803957
vn -0.7255852 -0.1493648 0.6717263
vn -0.357315928 0.855341 0.3751227
vn -0.5785256 0.439429283 -0.6871754
vn -0.77075994 0.496970654 -0.398684472
vn -0.860000968 -0.315572977 -0.401013762
vn -0.890575349 -0.128775239 0.436225325
vn -0.66451335 0.607128739 0.4356796
vn -0.6045127 -0.565164745 -0.5613851
vn -0.758863449 -0.31103614 0.5721737
vn -0.382383436 0.73356396 0.5618424
vn -0.5445811 0.6043277 -0.581566453
vn -0.9231129 -0.243150368 0.297893375
vn -0.690035343 0.5101115 0.5134564
vn -0.746410847 0.571569264 -0.340850979
vn -0.824007452 -0.167687446 -0.5411956
vn -0.366575152 0.590723932 0.718796134
vn -0.5473086 0.7166883 -0.432216674
vn -0.6068107 -0.356695652 -0.7103161
vn -0.7663266 -0.47289893 0.434867918
vn -0.7350644 0.670378447 -0.101356156
vn -0.7874532 0.0368623175 -0.6152712
vn -0.932187259 -0.330922216 0.146688148
vn -0.7404799 0.23808594 0.6284939
vn -0.5029525 -0.07178499 -0.8613279
vn -0.8108975 -0.5638094 0.156729683
vn -0.482473761 0.247330248 0.8402659
vn -0.492455959 0.857551754 -0.148634076
vn -0.733109951 0.679870546 0.0180513617
vn -0.7583171 0.178400472 -0.626999557
vn -0.936219454 -0.350509167 0.0252283253
vn -0.7700187 0.0945876539 0.630970955
vn -0.4621627 0.126356676 -0.8777469
vn -0.8142981 -0.5803281 -0.0117438938
vn -0.522142351 0.05462449 0.85110724
vn -0.4895637 0.871599138 0.0253447238
vn -0.7381047 0.655611 0.1592973
vn -0.7238527 0.3458258 -0.5970275
vn -0.9335095 -0.337338626 -0.121501453
vn -0.804388046 -0.0723757744 0.5896793
vn -0.413915426 0.360737443 -0.835788548
vn -0.808000445 -0.5497223 -0.211992085
vn -0.568756 -0.171815559 0.8043606
vn -0.4967884 0.8365061 0.231211439
vn -0.764516234 0.527303934 0.370763421
vn -0.672255456 0.5964853 -0.43849504
vn -0.910059452 -0.223424941 -0.3491033
vn -0.85436064 -0.315140635 0.41322425
vn -0.341684461 0.711640537 -0.613856256
vn -0.7718096 -0.373919129 -0.5142902
vn -0.6377326 -0.506904 0.5799529
vn -0.5351967 0.649923 0.5395967
vn -0.893487155 -0.09923594 -0.437987328
vn -0.869590044 -0.3621591 0.335639626
vn -0.7642298 0.485007733 0.425112218
vn -0.6452319 0.7008026 -0.3042227
vn -0.617936134 -0.630380154 0.469867826
vn -0.58523 0.532471 0.6115394
vn -0.364123285 0.822281957 -0.437340438
vn -0.723430932 -0.264520347 -0.637712061
vn -0.814009249 0.286870033 0.505068839
vn -0.6394833 0.7556851 -0.141425475
vn -0.861662149 0.0116845444 -0.5073479
vn -0.883537054 -0.45687598 0.103085294
vn -0.2958035 0.9345065 -0.1979847
vn -0.7025908 -0.0376671068 -0.710596442
vn -0.68014586 -0.7129475 0.1706093
vn -0.607264757 0.299814671 0.735758543
vn -0.9379012 -0.314991355 -0.145333454
vn -0.798184 -0.0152670778 0.6022203
vn -0.7237263 0.6817658 0.106844284
vn -0.713772535 0.367829949 -0.596011639
vn -0.5179752 -0.1447604 0.843057632
vn -0.5240367 0.8297369 0.192151636
vn -0.4592446 0.360176355 -0.8120144
vn -0.788041055 -0.578385 -0.210860386
vn -0.9193753 -0.224992484 -0.322687745
vn -0.841458142 -0.2254907 0.491021544
vn -0.739682 0.604260147 0.296209723
vn -0.67157644 0.5728133 -0.4699681
vn -0.5785536 -0.4390564 0.687390149
vn -0.549267948 0.70717597 0.445204258
vn -0.401238918 0.641962469 -0.6533693
vn -0.761111557 -0.4475622 -0.469464839
vn -0.8950821 -0.106981061 -0.43287766
vn -0.868343651 -0.356101334 0.3452117
vn -0.7626832 0.492518842 0.419212937
vn -0.646362364 0.6953026 -0.314276874
vn -0.616192162 -0.621900737 0.483266681
vn -0.5830031 0.5432849 0.60411
vn -0.365747064 0.8143841 -0.450563639
vn -0.7257536 -0.27579987 -0.6302508
vn -0.810528 0.3037869 0.5007574
vn -0.6405355 0.750576854 -0.162322879
vn -0.865154147 -0.00527812773 -0.501478255
vn -0.88274914 -0.4530489 0.124501452
vn -0.297279924 0.9273549 -0.227239117
vn -0.7074883 -0.0614537522 -0.7040481
vn -0.6788658 -0.706729352 0.199185461
vn -0.6021947 0.324453175 0.7294461
vn -0.892353058 -0.09372166 0.441499978
vn -0.6549949 0.6803345 0.3288261
vn -0.780352 0.4066822 -0.475037217
vn -0.861758053 -0.3510734 -0.3662247
vn -0.317520529 0.8290235 0.4603268
vn -0.5915435 0.5017956 -0.63109225
vn -0.6557322 -0.594342351 -0.465588242
vn -0.721450031 -0.254893541 0.6438471
vn -0.9169828 -0.2133696 0.3370696
vn -0.68047595 0.5565498 0.47666
vn -0.75335604 0.5378327 -0.378405452
vn -0.8341284 -0.21685648 -0.507151961
vn -0.353191465 0.655736566 0.667282045
vn -0.556183159 0.6735836 -0.4867703
vn -0.6200608 -0.421060532 -0.6619914
vn -0.7573786 -0.4294319 0.491900384
vn -0.9367788 -0.309540123 0.163188174
vn -0.7229042 0.350439936 0.595484138
vn -0.730125 0.6506855 -0.208628535
vn -0.7897876 -0.00144605746 -0.6133787
vn -0.412589252 0.367198884 0.833627641
vn -0.527276933 0.814004958 -0.243669838
vn -0.5615732 -0.136926442 -0.81601876
vn -0.7862906 -0.5698836 0.2387044
vn -0.733058 0.6801255 0.00744075235
vn -0.7609066 0.165822938 -0.627314866
vn -0.9360925 -0.349894762 0.0361172073
vn -0.7674113 0.107252426 0.6321209
vn -0.465788066 0.108753875 -0.878187954
vn -0.8143142 -0.5804152 0.00325437472
vn -0.5186261 0.0716982856 0.8519896
vn -0.489491582 0.871952 0.009884955
vn -0.8038844 0.3360556 -0.490751
vn -0.882465661 -0.424703866 -0.202190429
vn -0.85508883 0.043616578 0.516643643
vn -0.639261 0.7297989 0.242361128
vn -0.635961533 -0.717936933 -0.2830539
vn -0.71156317 -0.08125574 0.697907865
vn -0.3504478 0.888698 0.295638621
vn -0.5928837 0.369679183 -0.7154203
vn -0.8333071 0.193120375 0.5179805
vn -0.636335433 0.770988047 -0.0255871117
vn -0.8421194 0.106622338 -0.528646
vn -0.88520366 -0.4649696 -0.0147565491
vn -0.2914007 0.9559302 -0.0358207
vn -0.675390244 0.09447748 -0.7313837
vn -0.683603942 -0.7297431 0.0126754753
vn -0.6353819 0.163224 0.754750133
usemtl cc-bd002_part_3_material_0
f 1488/1488/1488 1489/1489/1489 1490/1490/1490
f 1490/1490/1490 1491/1491/1491 1488/1488/1488
f 1489/1489/1489 1492/1492/1492 1493/1493/1493
f 1493/1493/1493 1490/1490/1490 1489/1489/1489
f 1494/1494/1494 1491/1491/1491 1490/1490/1490
f 1490/1490/1490 1493/1493/1493 1494/1494/1494
f 1495/1495/1495 1488/1488/1488 1491/1491/1491
f 1491/1491/1491 1494/1494/1494 1495/1495/1495
f 1495/1495/1495 1492/1492/1492 1489/1489/1489
f 1489/1489/1489 1488/1488/1488 1495/1495/1495
f 1496/1496/1496 1497/1497/1497 1498/1498/1498
f 1498/1498/1498 1499/1499/1499 1496/1496/1496
f 1497/1497/1497 1500/1500/1500 1501/1501/1501
f 1501/1501/1501 1498/1498/1498 1497/1497/1497
f 1502/1502/1502 1499/1499/1499 1498/1498/1498
f 1498/1498/1498 1501/1501/1501 1502/1502/1502
f 1503/1503/1503 1496/1496/1496 1499/1499/1499
f 1499/1499/1499 1502/1502/1502 1503/1503/1503
f 1503/1503/1503 1500/1500/1500 1497/1497/1497
f 1497/1497/1497 1496/1496/1496 1503/1503/1503
f 1504/1504/1504 1505/1505/1505 1506/1506/1506
f 1506/1506/1506 1507/1507/1507 1504/1504/1504
f 1505/1505/1505 1508/1508/1508 1509/1509/1509
f 1509/1509/1509 1506/1506/1506 1505/1505/1505
f 1510/1510/1510 1507/1507/1507 1506/1506/1506
f 1506/1506/1506 1509/1509/1509 1510/1510/1510
f 1511/1511/1511 1504/1504/1504 1507/1507/1507
f 1507/1507/1507 1510/1510/1510 1511/1511/1511
f 1511/1511/1511 1508/1508/1508 1505/1505/1505
f 1505/1505/1505 1504/1504/1504 1511/1511/1511
f 1512/1512/1512 1513/1513/1513 1514/1514/1514
f 1514/1514/1514 1515/1515/1515 1512/1512/1512
f 1513/1513/1513 1516/1516/1516 1517/1517/1517
f 1517/1517/1517 1514/1514/1514 1513/1513/1513
f 1518/1518/1518 1515/1515/1515 1514/1514/1514
f 1514/1514/1514 1517/1517/1517 1518/1518/1518
f 1519/1519/1519 1512/1512/1512 1515/1515/1515
f 1515/1515/1515 1518/1518/1518 1519/1519/1519
f 1519/1519/1519 1516/1516/1516 1513/1513/1513
f 1513/1513/1513 1512/1512/1512 1519/1519/1519
f 1520/1520/1520 1521/1521/1521 1522/1522/1522
f 1522/1522/1522 1523/1523/1523 1520/1520/1520
f 1521/1521/1521 1524/1524/1524 1525/1525/1525
f 1525/1525/1525 1522/1522/1522 1521/1521/1521
f 1526/1526/1526 1523/1523/1523 1522/1522/1522
f 1522/1522/1522 1525/1525/1525 1526/1526/1526
f 1527/1527/1527 1520/1520/1520 1523/1523/1523
f 1523/1523/1523 1526/1526/1526 1527/1527/1527
f 1527/1527/1527 1524/1524/1524 1521/1521/1521
f 1521/1521/1521 1520/1520/1520 1527/1527/1527
f 1528/1528/1528 1529/1529/1529 1530/1530/1530
f 1530/1530/1530 1531/1531/1531 1528/1528/1528
f 1529/1529/1529 1532/1532/1532 1533/1533/1533
f 1533/1533/1533 1530/1530/1530 1529/1529/1529
f 1534/1534/1534 1531/1531/1531 1530/1530/1530
f 1530/1530/1530 1533/1533/1533 1534/1534/1534
f 1535/1535/1535 1528/1528/1528 1531/1531/1531
f 1531/1531/1531 1534/1534/1534 1535/1535/1535
f 1535/1535/1535 1532/1532/1532 1529/1529/1529
f 1529/1529/1529 1528/1528/1528 1535/1535/1535
f 1536/1536/1536 1537/1537/1537 1538/1538/1538
f 1538/1538/1538 1539/1539/1539 1536/1536/1536
f 1537/1537/1537 1540/1540/1540 1541/1541/1541
f 1541/1541/1541 1538/1538/1538 1537/1537/1537
f 1542/1542/1542 1539/1539/1539 1538/1538/1538
f 1538/1538/1538 1541/1541/1541 1542/1542/1542
f 1543/1543/1543 1536/1536/1536 1539/1539/1539
f 1539/1539/1539 1542/1542/1542 1543/1543/1543
f 1543/1543/1543 1540/1540/1540 1537/1537/1537
f 1537/1537/1537 1536/1536/1536 1543/1543/1543
f 1544/1544/1544 1545/1545/1545 1546/1546/1546
f 1546/1546/1546 1547/1547/1547 1544/1544/1544
f 1545/1545/1545 1548/1548/1548 1549/1549/1549
f 1549/1549/1549 1546/1546/1546 1545/1545/1545
f 1550/1550/1550 1547/1547/1547 1546/1546/1546
f 1546/1546/1546 1549/1549/1549 1550/1550/1550
f 1551/1551/1551 1544/1544/1544 1547/1547/1547
f 1547/1547/1547 1550/1550/1550 1551/1551/1551
f 1551/1551/1551 1548/1548/1548 1545/1545/1545
f 1545/1545/1545 1544/1544/1544 1551/1551/1551
f 1552/1552/1552 1553/1553/1553 1554/1554/1554
f 1554/1554/1554 1555/1555/1555 1552/1552/1552
f 1553/1553/1553 1556/1556/1556 1557/1557/1557
f 1557/1557/1557 1554/1554/1554 1553/1553/1553
f 1558/1558/1558 1555/1555/1555 1554/1554/1554
f 1554/1554/1554 1557/1557/1557 1558/1558/1558
f 1559/1559/1559 1552/1552/1552 1555/1555/1555
f 1555/1555/1555 1558/1558/1558 1559/1559/1559
f 1559/1559/1559 1556/1556/1556 1553/1553/1553
f 1553/1553/1553 1552/1552/1552 1559/1559/1559
f 1560/1560/1560 1561/1561/1561 1562/1562/1562
f 1562/1562/1562 1563/1563/1563 1560/1560/1560
f 1561/1561/1561 1564/1564/1564 1565/1565/1565
f 1565/1565/1565 1562/1562/1562 1561/1561/1561
f 1566/1566/1566 1563/1563/1563 1562/1562/1562
f 1562/1562/1562 1565/1565/1565 1566/1566/1566
f 1567/1567/1567 1560/1560/1560 1563/1563/1563
f 1563/1563/1563 1566/1566/1566 1567/1567/1567
f 1567/1567/1567 1564/1564/1564 1561/1561/1561
f 1561/1561/1561 1560/1560/1560 1567/1567/1567
f 1568/1568/1568 1569/1569/1569 1570/1570/1570
f 1570/1570/1570 1571/1571/1571 1568/1568/1568
f 1569/1569/1569 1572/1572/1572 1573/1573/1573
f 1573/1573/1573 1570/1570/1570 1569/1569/1569
f 1574/1574/1574 1571/1571/1571 1570/1570/1570
f 1570/1570/1570 1573/1573/1573 1574/1574/1574
f 1575/1575/1575 1568/1568/1568 1571/1571/1571
f 1571/1571/1571 1574/1574/1574 1575/1575/1575
f 1575/1575/1575 1572/1572/1572 1569/1569/1569
f 1569/1569/1569 1568/1568/1568 1575/1575/1575
f 1576/1576/1576 1577/1577/1577 1578/1578/1578
f 1578/1578/1578 1579/1579/1579 1576/1576/1576
f 1577/1577/1577 1580/1580/1580 1581/1581/1581
f 1581/1581/1581 1578/1578/1578 1577/1577/1577
f 1582/1582/1582 1579/1579/1579 1578/1578/1578
f 1578/1578/1578 1581/1581/1581 1582/1582/1582
f 1583/1583/1583 1576/1576/1576 1579/1579/1579
f 1579/1579/1579 1582/1582/1582 1583/1583/1583
f 1583/1583/1583 1580/1580/1580 1577/1577/1577
f 1577/1577/1577 1576/1576/1576 1583/1583/1583
f 1584/1584/1584 1585/1585/1585 1586/1586/1586
f 1586/1586/1586 1587/1587/1587 1584/1584/1584
f 1585/1585/1585 1588/1588/1588 1589/1589/1589
f 1589/1589/1589 1586/1586/1586 1585/1585/1585
f 1590/1590/1590 1587/1587/1587 1586/1586/1586
f 1586/1586/1586 1589/1589/1589 1590/1590/1590
f 1591/1591/1591 1584/1584/1584 1587/1587/1587
f 1587/1587/1587 1590/1590/1590 1591/1591/1591
f 1591/1591/1591 1588/1588/1588 1585/1585/1585
f 1585/1585/1585 1584/1584/1584 1591/1591/1591
f 1592/1592/1592 1593/1593/1593 1594/1594/1594
f 1594/1594/1594 1595/1595/1595 1592/1592/1592
f 1593/1593/1593 1596/1596/1596 1597/1597/1597
f 1597/1597/1597 1594/1594/1594 1593/1593/1593
f 1598/1598/1598 1595/1595/1595 1594/1594/1594
f 1594/1594/1594 1597/1597/1597 1598/1598/1598
f 1599/1599/1599 1592/1592/1592 1595/1595/1595
f 1595/1595/1595 1598/1598/1598 1599/1599/1599
f 1599/1599/1599 1596/1596/1596 1593/1593/1593
f 1593/1593/1593 1592/1592/1592 1599/1599/1599
f 1600/1600/1600 1601/1601/1601 1602/1602/1602
f 1602/1602/1602 1603/1603/1603 1600/1600/1600
f 1601/1601/1601 1604/1604/1604 1605/1605/1605
f 1605/1605/1605 1602/1602/1602 1601/1601/1601
f 1606/1606/1606 1603/1603/1603 1602/1602/1602
f 1602/1602/1602 1605/1605/1605 1606/1606/1606
f 1607/1607/1607 1600/1600/1600 1603/1603/1603
f 1603/1603/1603 1606/1606/1606 1607/1607/1607
f 1607/1607/1607 1604/1604/1604 1601/1601/1601
f 1601/1601/1601 1600/1600/1600 1607/1607/1607
f 1608/1608/1608 1609/1609/1609 1610/1610/1610
f 1610/1610/1610 1611/1611/1611 1608/1608/1608
f 1609/1609/1609 1612/1612/1612 1613/1613/1613
f 1613/1613/1613 1610/1610/1610 1609/1609/1609
f 1614/1614/1614 1611/1611/1611 1610/1610/1610
f 1610/1610/1610 1613/1613/1613 1614/1614/1614
f 1615/1615/1615 1608/1608/1608 1611/1611/1611
f 1611/1611/1611 1614/1614/1614 1615/1615/1615
f 1615/1615/1615 1612/1612/1612 1609/1609/1609
f 1609/1609/1609 1608/1608/1608 1615/1615/1615
f 1616/1616/1616 1617/1617/1617 1618/1618/1618
f 1618/1618/1618 1619/1619/1619 1616/1616/1616
f 1617/1617/1617 1620/1620/1620 1621/1621/1621
f 1621/1621/1621 1618/1618/1618 1617/1617/1617
f 1622/1622/1622 1619/1619/1619 1618/1618/1618
f 1618/1618/1618 1621/1621/1621 1622/1622/1622
f 1623/1623/1623 1616/1616/1616 1619/1619/1619
f 1619/1619/1619 1622/1622/1622 1623/1623/1623
f 1623/1623/1623 1620/1620/1620 1617/1617/1617
f 1617/1617/1617 1616/1616/1616 1623/1623/1623
f 1624/1624/1624 1625/1625/1625 1626/1626/1626
f 1626/1626/1626 1627/1627/1627 1624/1624/1624
f 1625/1625/1625 1628/1628/1628 1629/1629/1629
f 1629/1629/1629 1626/1626/1626 1625/1625/1625
f 1630/1630/1630 1627/1627/1627 1626/1626/1626
f 1626/1626/1626 1629/1629/1629 1630/1630/1630
f 1631/1631/1631 1624/1624/1624 1627/1627/1627
f 1627/1627/1627 1630/1630/1630 1631/1631/1631
f 1631/1631/1631 1628/1628/1628 1625/1625/1625
f 1625/1625/1625 1624/1624/1624 1631/1631/1631
f 1632/1632/1632 1633/1633/1633 1634/1634/1634
f 1634/1634/1634 1635/1635/1635 1632/1632/1632
f 1633/1633/1633 1636/1636/1636 1637/1637/1637
f 1637/1637/1637 1634/1634/1634 1633/1633/1633
f 1638/1638/1638 1635/1635/1635 1634/1634/1634
f 1634/1634/1634 1637/1637/1637 1638/1638/1638
f 1639/1639/1639 1632/1632/1632 1635/1635/1635
f 1635/1635/1635 1638/1638/1638 1639/1639/1639
f 1639/1639/1639 1636/1636/1636 1633/1633/1633
f 1633/1633/1633 1632/1632/1632 1639/1639/1639
f 1640/1640/1640 1641/1641/1641 1642/1642/1642
f 1642/1642/1642 1643/1643/1643 1640/1640/1640
f 1641/1641/1641 1644/1644/1644 1645/1645/1645
f 1645/1645/1645 1642/1642/1642 1641/1641/1641
f 1646/1646/1646 1643/1643/1643 1642/1642/1642
f 1642/1642/1642 1645/1645/1645 1646/1646/1646
f 1647/1647/1647 1640/1640/1640 1643/1643/1643
f 1643/1643/1643 1646/1646/1646 1647/1647/1647
f 1647/1647/1647 1644/1644/1644 1641/1641/1641
f 1641/1641/1641 1640/1640/1640 1647/1647/1647
