mtllib 0001010802.mtl
o 0001010802_part_0
v -0.5623555 2.0176878 -0.3016098
v -0.6903022 1.96881664 -0.0598301142
v -0.494811982 2.136577 -0.1202665
v -0.4430483 2.048276 -0.316841841
v -0.461307079 1.75753808 -0.272004724
v -0.418926239 1.862167 -0.303393722
v -0.4122289 1.70814514 -0.1314883
v -0.411378115 1.69368923 -0.17449671
v -0.552816033 1.76951325 0.101824448
v -0.5624694 1.89262474 0.17836079
v -0.6868066 1.82050955 -0.106137864
v -0.382961154 1.818733 0.176050186
v -0.476917982 1.9582653 0.180908665
v -0.420165718 1.77265322 0.0159672759
v -0.395989865 1.70219588 0.0218115337
v -0.418926239 1.862167 -0.303393722
v -0.461307079 1.75753808 -0.272004724
v -0.574252546 1.89145064 -0.301947147
v -0.522928536 1.67560184 -0.351282954
v -0.452491343 1.59417617 -0.175773472
v -0.467081666 1.58744514 -0.0287592523
v -0.5728838 1.58774137 0.06250045
v -0.522928536 1.67560184 -0.351282954
v -0.6608276 1.69371235 -0.345256269
v -0.7901004 1.470487 -0.110545285
v -0.8279384 1.559866 -0.172323138
v -0.6749668 1.58361793 -0.378938019
v -0.7164185 1.44425869 -0.310032338
v -0.5530487 1.45118856 -0.3392997
v -0.5792513 1.55801308 -0.367158473
v -0.427862674 1.50741291 -0.222181976
v -0.448071182 1.45769477 -0.151769459
v -0.616340637 1.52796841 0.06365933
v -0.5982452 1.60509634 0.08361491
v -0.453235745 1.52327144 0.009856648
v -0.427943319 1.56987286 -0.0298631657
v -0.5792513 1.55801308 -0.367158473
v -0.5530487 1.45118856 -0.3392997
v -0.493570656 2.10624266 0.113936648
v -0.6674593 1.66041088 -0.360392749
v -0.7538605 1.6496408 -0.1490035
v -0.538054466 1.6347661 -0.350487828
v -0.538054466 1.6347661 -0.350487828
v 0.6092177 2.00387979 -0.2628335
v 0.5539569 2.021613 -0.2854244
v 0.541511655 2.12805414 -0.105269425
v 0.707837641 1.98290443 -0.0202899761
v 0.540891945 1.73952115 -0.254787862
v 0.4843209 1.67261612 -0.163131773
v 0.41873014 1.65416217 -0.10233029
v 0.4340626 1.77832484 -0.283228159
v 0.5713656 1.77254641 0.127633631
v 0.729007363 1.83412135 -0.0598762669
v 0.559993 1.90401161 0.178978771
v 0.444290638 1.94586134 0.16513437
v 0.4443041 1.80585539 0.173392937
v 0.4378308 1.68435407 0.0280407928
v 0.424624681 1.71777153 0.0456106029
v 0.4340626 1.77832484 -0.283228159
v 0.6405819 1.88547254 -0.273385674
v 0.540891945 1.73952115 -0.254787862
v 0.6232422 1.66372049 -0.320121467
v 0.5365423 1.57891834 -0.153727859
v 0.5288821 1.57792413 -0.00604006834
v 0.618501067 1.5936482 0.09999644
v 0.6232422 1.66372049 -0.320121467
v 0.755449533 1.69881153 -0.2942309
v 0.875023842 1.49942207 -0.0385291278
v 0.8340028 1.46549892 -0.246082753
v 0.7862029 1.59463668 -0.321807027
v 0.9087355 1.59214389 -0.0939851254
v 0.676862836 1.45056486 -0.297835439
v 0.546947658 1.44090414 -0.1267831
v 0.529965043 1.48831046 -0.19949846
v 0.6937299 1.55697525 -0.323144257
v 0.67258364 1.53109729 0.109316982
v 0.64162004 1.60486186 0.125883177
v 0.520685852 1.50492918 0.0334075652
v 0.4950835 1.54808283 -0.00985149853
v 0.676862836 1.45056486 -0.297835439
v 0.6937299 1.55697525 -0.323144257
v 0.488357127 2.09887481 0.120154046
v 0.7682118 1.66619039 -0.306683153
v 0.821499944 1.67172647 -0.08443035
v 0.6427554 1.6250912 -0.315222472
v 0.6427554 1.6250912 -0.315222472
v -0.341066629 1.35136318 0.07690695
v -0.3192356 1.41921937 0.06351812
v -0.333888143 1.40477753 -0.154203966
v -0.329378635 1.331843 -0.145408422
v -0.221965149 1.36315584 0.203099757
v -0.216498271 1.43216479 0.198161915
v -0.031709604 1.37689149 0.258914679
v -0.031967707 1.44302952 0.246624932
v -0.4558754 1.04900694 0.1127229
v -0.392741621 1.27730072 0.0961476
v -0.394712657 1.263824 -0.154476732
v -0.394712657 1.263824 -0.154476732
v -0.4846993 1.02893972 -0.1443688
v -0.4558754 1.04900694 0.1127229
v -0.3149211 1.04647255 0.265483856
v -0.290375173 1.27629566 0.225434631
v -0.392741621 1.27730072 0.0961476
v -0.392741621 1.27730072 0.0961476
v -0.4558754 1.04900694 0.1127229
v -0.3149211 1.04647255 0.265483856
v -0.035144724 1.288933 0.313398927
v -0.290375173 1.27629566 0.225434631
v -0.3149211 1.04647255 0.265483856
v -0.3149211 1.04647255 0.265483856
v -0.0354453623 1.05701172 0.3686652
v -0.035144724 1.288933 0.313398927
v -0.035144724 1.288933 0.313398927
v -0.031709604 1.37689149 0.258914679
v -0.221965149 1.36315584 0.203099757
v -0.221965149 1.36315584 0.203099757
v -0.290375173 1.27629566 0.225434631
v -0.035144724 1.288933 0.313398927
v -0.290375173 1.27629566 0.225434631
v -0.221965149 1.36315584 0.203099757
v -0.341066629 1.35136318 0.07690695
v -0.341066629 1.35136318 0.07690695
v -0.392741621 1.27730072 0.0961476
v -0.290375173 1.27629566 0.225434631
v -0.341066629 1.35136318 0.07690695
v -0.329378635 1.331843 -0.145408422
v -0.394712657 1.263824 -0.154476732
v -0.394712657 1.263824 -0.154476732
v -0.392741621 1.27730072 0.0961476
v -0.341066629 1.35136318 0.07690695
v -0.03326062 1.71845245 0.339939475
v -0.289850652 1.72213817 0.2781844
v -0.292446733 1.645776 0.275874734
v -0.0347612128 1.61747324 0.323232
v -0.418926239 1.862167 -0.303393722
v -0.401302636 1.619399 -0.1258372
v -0.4122289 1.70814514 -0.1314883
v -0.3809416 1.69814348 0.1326112
v -0.382961154 1.818733 0.176050186
v -0.2605809 1.48315537 0.219947234
v -0.03848498 1.50574517 0.298287451
v -0.386439174 1.46112287 -0.132637069
v -0.420165718 1.77265322 0.0159672759
v 0.00666018156 1.96316171 0.272053868
v -0.19205524 1.993498 0.190666348
v -0.3875747 1.9602654 0.175696164
v -0.1832612 2.22001767 0.113155991
v -0.257356822 2.17713165 0.07707037
v -0.0445592739 2.13792086 0.183339462
v -0.493570656 2.10624266 0.113936648
v -0.0949095339 2.32749248 -0.009622365
v -0.148080334 2.23249841 -0.209410623
v 0.0159497261 2.09040213 0.242888808
v 0.3730873 2.02823043 -0.3163418
v 0.33178556 2.18187213 -0.16832602
v 0.423770159 2.15175271 -0.156713039
v 0.5539569 2.021613 -0.2854244
v 0.310981244 1.365911 0.141503051
v 0.3594632 1.35457361 -0.07883272
v 0.3529588 1.42197311 -0.106143147
v 0.289224565 1.43279481 0.123796135
v 0.169042408 1.37187958 0.2418355
v 0.161607608 1.44060063 0.235619545
v -0.031709604 1.37689149 0.258914679
v -0.031967707 1.44302952 0.246624932
v 0.442820936 1.06835592 0.190940589
v 0.497196376 1.06021655 -0.0378239378
v 0.414467275 1.28253865 -0.06534316
v 0.414467275 1.28253865 -0.06534316
v 0.361099124 1.2941196 0.170827955
v 0.442820936 1.06835592 0.190940589
v 0.276342452 1.07087874 0.323025435
v 0.442820936 1.06835592 0.190940589
v 0.361099124 1.2941196 0.170827955
v 0.361099124 1.2941196 0.170827955
v 0.235512152 1.28802872 0.277532429
v 0.276342452 1.07087874 0.323025435
v -0.0354453623 1.05701172 0.3686652
v 0.276342452 1.07087874 0.323025435
v 0.235512152 1.28802872 0.277532429
v 0.235512152 1.28802872 0.277532429
v -0.035144724 1.288933 0.313398927
v -0.0354453623 1.05701172 0.3686652
v -0.035144724 1.288933 0.313398927
v 0.235512152 1.28802872 0.277532429
v 0.169042408 1.37187958 0.2418355
v 0.169042408 1.37187958 0.2418355
v -0.031709604 1.37689149 0.258914679
v -0.035144724 1.288933 0.313398927
v 0.235512152 1.28802872 0.277532429
v 0.361099124 1.2941196 0.170827955
v 0.310981244 1.365911 0.141503051
v 0.310981244 1.365911 0.141503051
v 0.169042408 1.37187958 0.2418355
v 0.235512152 1.28802872 0.277532429
v 0.310981244 1.365911 0.141503051
v 0.361099124 1.2941196 0.170827955
v 0.414467275 1.28253865 -0.06534316
v 0.414467275 1.28253865 -0.06534316
v 0.3594632 1.35457361 -0.07883272
v 0.310981244 1.365911 0.141503051
v -0.03326062 1.71845245 0.339939475
v -0.0347612128 1.61747324 0.323232
v 0.2471252 1.5925988 0.305725843
v 0.232568353 1.70424533 0.32557255
v 0.4340626 1.77832484 -0.283228159
v 0.41873014 1.65416217 -0.10233029
v 0.390014261 1.59646559 -0.0245072655
v 0.346033156 1.67324448 0.1985544
v 0.182815477 1.82344091 -0.3088547
v 0.2603154 1.59469581 -0.205838025
v 0.4443041 1.80585539 0.173392937
v 0.19826594 1.49339271 0.2654036
v -0.03848498 1.50574517 0.298287451
v 0.400656283 1.46223116 -0.07599543
v 0.187648088 2.11385512 -0.31093958
v 0.424624681 1.71777153 0.0456106029
v 0.00666018156 1.96316171 0.272053868
v 0.215032279 1.96637917 0.221581027
v 0.230671316 2.20140529 -0.199636415
v 0.424117148 1.944514 0.182483375
v 0.289189428 2.173484 0.08957357
v 0.33178556 2.18187213 -0.16832602
v 0.230671316 2.20140529 -0.199636415
v 0.241219327 2.19017458 0.135896951
v 0.0945406854 2.128884 0.188220441
v 0.3832332 2.15196276 0.07185273
v 0.423770159 2.15175271 -0.156713039
v 0.176231116 2.30240154 -0.0003925821
v 0.0159497261 2.09040213 0.242888808
v 0.414467275 1.28253865 -0.06534316
v 0.497196376 1.06021655 -0.0378239378
v 0.437265217 1.02709758 -0.314290047
v 0.437265217 1.02709758 -0.314290047
v 0.382672638 1.265829 -0.285606921
v 0.414467275 1.28253865 -0.06534316
v 0.382672638 1.265829 -0.285606921
v 0.437265217 1.02709758 -0.314290047
v 0.04668069 1.01264048 -0.4343914
v 0.04668069 1.01264048 -0.4343914
v 0.0390310958 1.24887776 -0.4456301
v 0.382672638 1.265829 -0.285606921
v 0.04668069 1.01264048 -0.4343914
v -0.375009239 1.01007533 -0.385247767
v -0.326482266 1.25326145 -0.311699778
v -0.326482266 1.25326145 -0.311699778
v 0.0390310958 1.24887776 -0.4456301
v 0.04668069 1.01264048 -0.4343914
v -0.375009239 1.01007533 -0.385247767
v -0.4846993 1.02893972 -0.1443688
v -0.394712657 1.263824 -0.154476732
v -0.394712657 1.263824 -0.154476732
v -0.326482266 1.25326145 -0.311699778
v -0.375009239 1.01007533 -0.385247767
v 0.276342452 1.07087874 0.323025435
v -0.0354453623 1.05701172 0.3686652
v -0.035406407 0.9531652 0.388626635
v -0.035406407 0.9531652 0.388626635
v 0.287200749 0.979705334 0.3402478
v 0.276342452 1.07087874 0.323025435
v 0.442820936 1.06835592 0.190940589
v 0.276342452 1.07087874 0.323025435
v 0.287200749 0.979705334 0.3402478
v 0.287200749 0.979705334 0.3402478
v 0.466878 0.9722012 0.202367291
v 0.442820936 1.06835592 0.190940589
v 0.497196376 1.06021655 -0.0378239378
v 0.442820936 1.06835592 0.190940589
v 0.466878 0.9722012 0.202367291
v 0.466878 0.9722012 0.202367291
v 0.5185398 0.957527757 -0.02397685
v 0.497196376 1.06021655 -0.0378239378
v 0.454485178 0.925739 -0.2922845
v 0.437265217 1.02709758 -0.314290047
v 0.497196376 1.06021655 -0.0378239378
v 0.497196376 1.06021655 -0.0378239378
v 0.5185398 0.957527757 -0.02397685
v 0.454485178 0.925739 -0.2922845
v 0.04825272 0.915615439 -0.429147422
v 0.04668069 1.01264048 -0.4343914
v 0.437265217 1.02709758 -0.314290047
v 0.437265217 1.02709758 -0.314290047
v 0.454485178 0.925739 -0.2922845
v 0.04825272 0.915615439 -0.429147422
v -0.375009239 1.01007533 -0.385247767
v 0.04668069 1.01264048 -0.4343914
v 0.04825272 0.915615439 -0.429147422
v 0.04825272 0.915615439 -0.429147422
v -0.390203863 0.9190543 -0.366462052
v -0.375009239 1.01007533 -0.385247767
v -0.4846993 1.02893972 -0.1443688
v -0.375009239 1.01007533 -0.385247767
v -0.390203863 0.9190543 -0.366462052
v -0.390203863 0.9190543 -0.366462052
v -0.500587761 0.9373683 -0.1411482
v -0.4846993 1.02893972 -0.1443688
v -0.479271531 0.946156144 0.117802277
v -0.4558754 1.04900694 0.1127229
v -0.4846993 1.02893972 -0.1443688
v -0.4846993 1.02893972 -0.1443688
v -0.500587761 0.9373683 -0.1411482
v -0.479271531 0.946156144 0.117802277
v -0.321180373 0.953567743 0.279627025
v -0.3149211 1.04647255 0.265483856
v -0.4558754 1.04900694 0.1127229
v -0.4558754 1.04900694 0.1127229
v -0.479271531 0.946156144 0.117802277
v -0.321180373 0.953567743 0.279627025
v -0.0354453623 1.05701172 0.3686652
v -0.3149211 1.04647255 0.265483856
v -0.321180373 0.953567743 0.279627025
v -0.321180373 0.953567743 0.279627025
v -0.035406407 0.9531652 0.388626635
v -0.0354453623 1.05701172 0.3686652
v -0.3027643 1.61469734 -0.181698382
v -0.295815527 1.453915 -0.248900086
v -0.386439174 1.46112287 -0.132637069
v -0.386439174 1.46112287 -0.132637069
v -0.401302636 1.619399 -0.1258372
v -0.3027643 1.61469734 -0.181698382
v -0.295815527 1.453915 -0.248900086
v -0.2912247 1.3967 -0.272498846
v -0.333888143 1.40477753 -0.154203966
v -0.333888143 1.40477753 -0.154203966
v -0.386439174 1.46112287 -0.132637069
v -0.295815527 1.453915 -0.248900086
v 0.35508877 1.35013711 -0.2592438
v 0.323441833 1.40798259 -0.244596839
v 0.3529588 1.42197311 -0.106143147
v 0.3529588 1.42197311 -0.106143147
v 0.3594632 1.35457361 -0.07883272
v 0.35508877 1.35013711 -0.2592438
v 0.0411107056 1.33703077 -0.404684067
v 0.0546727739 1.39380753 -0.382201284
v 0.323441833 1.40798259 -0.244596839
v 0.323441833 1.40798259 -0.244596839
v 0.35508877 1.35013711 -0.2592438
v 0.0411107056 1.33703077 -0.404684067
v -0.276301324 1.31576478 -0.2964719
v -0.2912247 1.3967 -0.272498846
v 0.0546727739 1.39380753 -0.382201284
v 0.0546727739 1.39380753 -0.382201284
v 0.0411107056 1.33703077 -0.404684067
v -0.276301324 1.31576478 -0.2964719
v -0.329378635 1.331843 -0.145408422
v -0.333888143 1.40477753 -0.154203966
v -0.2912247 1.3967 -0.272498846
v -0.2912247 1.3967 -0.272498846
v -0.276301324 1.31576478 -0.2964719
v -0.329378635 1.331843 -0.145408422
v 0.35508877 1.35013711 -0.2592438
v 0.3594632 1.35457361 -0.07883272
v 0.414467275 1.28253865 -0.06534316
v 0.414467275 1.28253865 -0.06534316
v 0.382672638 1.265829 -0.285606921
v 0.35508877 1.35013711 -0.2592438
v 0.0411107056 1.33703077 -0.404684067
v 0.35508877 1.35013711 -0.2592438
v 0.382672638 1.265829 -0.285606921
v 0.382672638 1.265829 -0.285606921
v 0.0390310958 1.24887776 -0.4456301
v 0.0411107056 1.33703077 -0.404684067
v -0.276301324 1.31576478 -0.2964719
v 0.0411107056 1.33703077 -0.404684067
v 0.0390310958 1.24887776 -0.4456301
v 0.0390310958 1.24887776 -0.4456301
v -0.326482266 1.25326145 -0.311699778
v -0.276301324 1.31576478 -0.2964719
v -0.329378635 1.331843 -0.145408422
v -0.276301324 1.31576478 -0.2964719
v -0.326482266 1.25326145 -0.311699778
v -0.326482266 1.25326145 -0.311699778
v -0.394712657 1.263824 -0.154476732
v -0.329378635 1.331843 -0.145408422
v -0.3027643 1.61469734 -0.181698382
v -0.2912247 1.3967 -0.272498846
v -0.295815527 1.453915 -0.248900086
v 0.400656283 1.46223116 -0.07599543
v 0.3529588 1.42197311 -0.106143147
v 0.2603154 1.59469581 -0.205838025
v 0.2603154 1.59469581 -0.205838025
v 0.390014261 1.59646559 -0.0245072655
v 0.400656283 1.46223116 -0.07599543
v 0.3529588 1.42197311 -0.106143147
v 0.323441833 1.40798259 -0.244596839
v 0.2603154 1.59469581 -0.205838025
v -0.3132231 1.46643484 0.326603472
v -0.400380254 1.54269147 0.174713
v -0.405953974 1.44301629 0.0656476
v -0.24643904 1.73864555 0.364242375
v -0.411173433 1.6184411 0.165845722
v -0.2839879 1.60160863 0.369093239
v -0.28013584 2.118162 -0.348270476
v 0.0374539122 2.09583163 -0.328549922
v 0.0287480671 1.9246943 -0.3972903
v -0.272559762 1.9170109 -0.4145158
v -0.276959121 2.076136 0.240939692
v -0.414563 1.79936266 0.206041008
v -0.4471879 1.74975455 0.198246568
v -0.250823468 1.74817336 -0.3295563
v -0.466863573 1.84796619 -0.3693871
v -0.305259258 2.21179748 0.05892218
v -0.297033 2.24041271 -0.204126686
v -0.6881662 2.14275718 -0.08488985
v -0.6128702 2.06483078 0.167731613
v -0.532403648 1.925078 0.228770167
v -0.6494546 2.1685946 -0.3168996
v 0.0302677639 1.78895116 -0.345799327
v 0.0199218933 1.606379 -0.289284617
v -0.216344744 1.61347938 -0.2980794
v -0.41378206 1.5946039 -0.139900312
v -0.428224385 1.39944983 -0.203229949
v -0.2885146 1.39160609 -0.4144988
v 0.0331664421 1.41080737 -0.392467767
v -0.5715005 0.9907265 0.134790182
v -0.426087558 0.9738156 0.460277468
v -0.354427367 1.30364954 0.371708065
v -0.354427367 1.30364954 0.371708065
v -0.475235462 1.280051 0.08414295
v -0.5715005 0.9907265 0.134790182
v -0.590481 0.97069335 -0.175866574
v -0.4809186 1.25900853 -0.198397487
v -0.313912928 1.2424413 -0.464753121
v -0.313912928 1.2424413 -0.464753121
v -0.42948243 1.05871141 -0.4640275
v -0.590481 0.97069335 -0.175866574
v 0.00169476029 0.99371773 -0.5315842
v -0.42948243 1.05871141 -0.4640275
v -0.313912928 1.2424413 -0.464753121
v -0.313912928 1.2424413 -0.464753121
v 0.0429440178 1.24993813 -0.454935133
v 0.00169476029 0.99371773 -0.5315842
v -0.5715005 0.9907265 0.134790182
v -0.475235462 1.280051 0.08414295
v -0.4809186 1.25900853 -0.198397487
v -0.4809186 1.25900853 -0.198397487
v -0.590481 0.97069335 -0.175866574
v -0.5715005 0.9907265 0.134790182
v -0.426087558 0.9738156 0.460277468
v -0.5715005 0.9907265 0.134790182
v -0.6332017 0.8644264 0.17676729
v -0.6332017 0.8644264 0.17676729
v -0.4640213 0.8174266 0.506847858
v -0.426087558 0.9738156 0.460277468
v -0.676237166 0.862658 -0.142665416
v -0.590481 0.97069335 -0.175866574
v -0.42948243 1.05871141 -0.4640275
v -0.42948243 1.05871141 -0.4640275
v -0.462101758 0.8401634 -0.5258095
v -0.676237166 0.862658 -0.142665416
v -0.42948243 1.05871141 -0.4640275
v 0.00169476029 0.99371773 -0.5315842
v 0.0016947604 0.7867133 -0.57726413
v 0.0016947604 0.7867133 -0.57726413
v -0.462101758 0.8401634 -0.5258095
v -0.42948243 1.05871141 -0.4640275
v -0.5715005 0.9907265 0.134790182
v -0.590481 0.97069335 -0.175866574
v -0.676237166 0.862658 -0.142665416
v -0.676237166 0.862658 -0.142665416
v -0.6332017 0.8644264 0.17676729
v -0.5715005 0.9907265 0.134790182
v -0.466863573 1.84796619 -0.3693871
v -0.250823468 1.74817336 -0.3295563
v -0.41378206 1.5946039 -0.139900312
v -0.196449548 2.01007581 0.2674648
v -0.1742491 2.193639 0.1780108
v -0.2068782 2.276483 0.0175112337
v -0.28013584 2.118162 -0.348270476
v -0.297033 2.24041271 -0.204126686
v 0.0417158045 2.22278714 -0.21496211
v 0.0417158045 2.22278714 -0.21496211
v 0.0374539122 2.09583163 -0.328549922
v -0.28013584 2.118162 -0.348270476
v -0.0774286538 2.31170535 -0.0998470858
v 0.0417158045 2.22278714 -0.21496211
v -0.297033 2.24041271 -0.204126686
v -0.297033 2.24041271 -0.204126686
v -0.2068782 2.276483 0.0175112337
v -0.0774286538 2.31170535 -0.0998470858
v -0.0774286538 2.31170535 -0.0998470858
v 0.043251086 2.31103158 -0.0953398645
v 0.0417158045 2.22278714 -0.21496211
v 0.229117647 1.47139978 0.3808461
v 0.372059077 1.46037447 0.142722517
v 0.363933384 1.49303818 0.201532423
v 0.2032561 1.58507609 0.413290232
v 0.3646356 1.59186971 0.2362186
v 0.31734544 2.10625 -0.3365094
v 0.326997876 1.87806082 -0.393477559
v 0.3079431 2.0598278 0.252304167
v 0.17523548 1.72420335 0.4024921
v 0.4020139 1.72066951 0.2752768
v 0.460959971 1.78244448 0.214415178
v 0.4271077 1.75499475 -0.328128934
v 0.3011373 1.72926879 -0.279488444
v 0.336969763 2.197102 0.07161496
v 0.590756059 2.10730553 0.152660042
v 0.672516 2.15984535 -0.102158412
v 0.331428051 2.227586 -0.191294163
v 0.6125202 2.11566854 -0.336708
v 0.2539261 1.59737253 -0.255421519
v 0.419147849 1.566076 -0.06434601
v 0.4485288 1.41901124 -0.116373092
v 0.3534495 1.40592909 -0.350901634
v 0.441892415 1.30413818 0.174430013
v 0.267222375 1.31995678 0.432642221
v 0.363438547 1.01311231 0.531551838
v 0.363438547 1.01311231 0.531551838
v 0.5534708 1.03606391 0.2281953
v 0.441892415 1.30413818 0.174430013
v 0.393966526 1.26113439 -0.39369446
v 0.503802955 1.28489542 -0.101127304
v 0.616431653 1.00595737 -0.075262174
v 0.616431653 1.00595737 -0.075262174
v 0.4321462 1.03351593 -0.461225539
v 0.393966526 1.26113439 -0.39369446
v 0.393966526 1.26113439 -0.39369446
v 0.4321462 1.03351593 -0.461225539
v 0.00169476029 0.99371773 -0.5315842
v 0.00169476029 0.99371773 -0.5315842
v 0.0429440178 1.24993813 -0.454935133
v 0.393966526 1.26113439 -0.39369446
v 0.503802955 1.28489542 -0.101127304
v 0.441892415 1.30413818 0.174430013
v 0.5534708 1.03606391 0.2281953
v 0.5534708 1.03606391 0.2281953
v 0.616431653 1.00595737 -0.075262174
v 0.503802955 1.28489542 -0.101127304
v 0.641199 0.9097094 0.255338222
v 0.5534708 1.03606391 0.2281953
v 0.363438547 1.01311231 0.531551838
v 0.363438547 1.01311231 0.531551838
v 0.43013218 0.8774806 0.5890392
v 0.641199 0.9097094 0.255338222
v 0.687618256 0.8677055 -0.06084736
v 0.4654913 0.84016335 -0.525809467
v 0.4321462 1.03351593 -0.461225539
v 0.4321462 1.03351593 -0.461225539
v 0.616431653 1.00595737 -0.075262174
v 0.687618256 0.8677055 -0.06084736
v 0.0016947604 0.7867133 -0.57726413
v 0.00169476029 0.99371773 -0.5315842
v 0.4321462 1.03351593 -0.461225539
v 0.4321462 1.03351593 -0.461225539
v 0.4654913 0.84016335 -0.525809467
v 0.0016947604 0.7867133 -0.57726413
v 0.687618256 0.8677055 -0.06084736
v 0.616431653 1.00595737 -0.075262174
v 0.5534708 1.03606391 0.2281953
v 0.5534708 1.03606391 0.2281953
v 0.641199 0.9097094 0.255338222
v 0.687618256 0.8677055 -0.06084736
v 0.4271077 1.75499475 -0.328128934
v 0.419147849 1.566076 -0.06434601
v 0.3011373 1.72926879 -0.279488444
v 0.21613805 1.98327243 0.2819422
v 0.224143088 2.167758 0.191990182
v 0.2783265 2.244962 0.03453684
v 0.31734544 2.10625 -0.3365094
v 0.0374539122 2.09583163 -0.328549922
v 0.0417158045 2.22278714 -0.21496211
v 0.0417158045 2.22278714 -0.21496211
v 0.331428051 2.227586 -0.191294163
v 0.31734544 2.10625 -0.3365094
v 0.163023844 2.296085 -0.09140968
v 0.331428051 2.227586 -0.191294163
v 0.0417158045 2.22278714 -0.21496211
v 0.331428051 2.227586 -0.191294163
v 0.163023844 2.296085 -0.09140968
v 0.2783265 2.244962 0.03453684
v 0.163023844 2.296085 -0.09140968
v 0.0417158045 2.22278714 -0.21496211
v 0.043251086 2.31103158 -0.0953398645
v -0.3387911 1.37795365 0.353525639
v -0.3132231 1.46643484 0.326603472
v -0.405953974 1.44301629 0.0656476
v -0.405953974 1.44301629 0.0656476
v -0.4432225 1.35535252 0.07559679
v -0.3387911 1.37795365 0.353525639
v -0.452528566 1.33467412 -0.201001078
v -0.428224385 1.39944983 -0.203229949
v -0.2885146 1.39160609 -0.4144988
v -0.2885146 1.39160609 -0.4144988
v -0.300711572 1.31997311 -0.43863228
v -0.452528566 1.33467412 -0.201001078
v -0.2885146 1.39160609 -0.4144988
v 0.0331664421 1.41080737 -0.392467767
v 0.0382300876 1.32749581 -0.424818575
v 0.0382300876 1.32749581 -0.424818575
v -0.300711572 1.31997311 -0.43863228
v -0.2885146 1.39160609 -0.4144988
v -0.4432225 1.35535252 0.07559679
v -0.405953974 1.44301629 0.0656476
v -0.428224385 1.39944983 -0.203229949
v -0.428224385 1.39944983 -0.203229949
v -0.452528566 1.33467412 -0.201001078
v -0.4432225 1.35535252 0.07559679
v 0.372059077 1.46037447 0.142722517
v 0.229117647 1.47139978 0.3808461
v 0.252189428 1.393576 0.4114216
v 0.252189428 1.393576 0.4114216
v 0.408919752 1.37790716 0.159458935
v 0.372059077 1.46037447 0.142722517
v 0.3534495 1.40592909 -0.350901634
v 0.4485288 1.41901124 -0.116373092
v 0.473179281 1.35919988 -0.10957396
v 0.473179281 1.35919988 -0.10957396
v 0.3724876 1.337893 -0.3710091
v 0.3534495 1.40592909 -0.350901634
v 0.0382300876 1.32749581 -0.424818575
v 0.0331664421 1.41080737 -0.392467767
v 0.3534495 1.40592909 -0.350901634
v 0.3534495 1.40592909 -0.350901634
v 0.3724876 1.337893 -0.3710091
v 0.0382300876 1.32749581 -0.424818575
v 0.4485288 1.41901124 -0.116373092
v 0.372059077 1.46037447 0.142722517
v 0.408919752 1.37790716 0.159458935
v 0.408919752 1.37790716 0.159458935
v 0.473179281 1.35919988 -0.10957396
v 0.4485288 1.41901124 -0.116373092
v -0.354427367 1.30364954 0.371708065
v -0.3387911 1.37795365 0.353525639
v -0.4432225 1.35535252 0.07559679
v -0.4432225 1.35535252 0.07559679
v -0.475235462 1.280051 0.08414295
v -0.354427367 1.30364954 0.371708065
v -0.4809186 1.25900853 -0.198397487
v -0.452528566 1.33467412 -0.201001078
v -0.300711572 1.31997311 -0.43863228
v -0.300711572 1.31997311 -0.43863228
v -0.313912928 1.2424413 -0.464753121
v -0.4809186 1.25900853 -0.198397487
v -0.300711572 1.31997311 -0.43863228
v 0.0382300876 1.32749581 -0.424818575
v 0.0429440178 1.24993813 -0.454935133
v 0.0429440178 1.24993813 -0.454935133
v -0.313912928 1.2424413 -0.464753121
v -0.300711572 1.31997311 -0.43863228
v -0.475235462 1.280051 0.08414295
v -0.4432225 1.35535252 0.07559679
v -0.452528566 1.33467412 -0.201001078
v -0.452528566 1.33467412 -0.201001078
v -0.4809186 1.25900853 -0.198397487
v -0.475235462 1.280051 0.08414295
v 0.408919752 1.37790716 0.159458935
v 0.252189428 1.393576 0.4114216
v 0.267222375 1.31995678 0.432642221
v 0.267222375 1.31995678 0.432642221
v 0.441892415 1.30413818 0.174430013
v 0.408919752 1.37790716 0.159458935
v 0.3724876 1.337893 -0.3710091
v 0.473179281 1.35919988 -0.10957396
v 0.503802955 1.28489542 -0.101127304
v 0.503802955 1.28489542 -0.101127304
v 0.393966526 1.26113439 -0.39369446
v 0.3724876 1.337893 -0.3710091
v 0.0429440178 1.24993813 -0.454935133
v 0.0382300876 1.32749581 -0.424818575
v 0.3724876 1.337893 -0.3710091
v 0.3724876 1.337893 -0.3710091
v 0.393966526 1.26113439 -0.39369446
v 0.0429440178 1.24993813 -0.454935133
v 0.473179281 1.35919988 -0.10957396
v 0.408919752 1.37790716 0.159458935
v 0.441892415 1.30413818 0.174430013
v 0.441892415 1.30413818 0.174430013
v 0.503802955 1.28489542 -0.101127304
v 0.473179281 1.35919988 -0.10957396
v 0.672516 2.15984535 -0.102158412
v 0.590756059 2.10730553 0.152660042
v 0.488357127 2.09887481 0.120154046
v 0.488357127 2.09887481 0.120154046
v 0.541511655 2.12805414 -0.105269425
v 0.672516 2.15984535 -0.102158412
v 0.6125202 2.11566854 -0.336708
v 0.672516 2.15984535 -0.102158412
v 0.541511655 2.12805414 -0.105269425
v 0.541511655 2.12805414 -0.105269425
v 0.5539569 2.021613 -0.2854244
v 0.6125202 2.11566854 -0.336708
v 0.510723352 1.94876575 0.218981341
v 0.590756059 2.10730553 0.152660042
v 0.510723352 1.94876575 0.218981341
v 0.444290638 1.94586134 0.16513437
v 0.444290638 1.94586134 0.16513437
v 0.488357127 2.09887481 0.120154046
v 0.590756059 2.10730553 0.152660042
v 0.3832332 2.15196276 0.07185273
v 0.510723352 1.94876575 0.218981341
v 0.460959971 1.78244448 0.214415178
v 0.4443041 1.80585539 0.173392937
v 0.4443041 1.80585539 0.173392937
v 0.444290638 1.94586134 0.16513437
v 0.510723352 1.94876575 0.218981341
v 0.4271077 1.75499475 -0.328128934
v 0.6125202 2.11566854 -0.336708
v 0.5539569 2.021613 -0.2854244
v 0.5539569 2.021613 -0.2854244
v 0.4340626 1.77832484 -0.283228159
v 0.4271077 1.75499475 -0.328128934
v -0.6128702 2.06483078 0.167731613
v -0.6881662 2.14275718 -0.08488985
v -0.494811982 2.136577 -0.1202665
v -0.494811982 2.136577 -0.1202665
v -0.493570656 2.10624266 0.113936648
v -0.6128702 2.06483078 0.167731613
v -0.6881662 2.14275718 -0.08488985
v -0.6494546 2.1685946 -0.3168996
v -0.4430483 2.048276 -0.316841841
v -0.4430483 2.048276 -0.316841841
v -0.494811982 2.136577 -0.1202665
v -0.6881662 2.14275718 -0.08488985
v -0.414563 1.79936266 0.206041008
v -0.532403648 1.925078 0.228770167
v -0.476917982 1.9582653 0.180908665
v -0.476917982 1.9582653 0.180908665
v -0.382961154 1.818733 0.176050186
v -0.414563 1.79936266 0.206041008
v -0.532403648 1.925078 0.228770167
v -0.6128702 2.06483078 0.167731613
v -0.493570656 2.10624266 0.113936648
v -0.493570656 2.10624266 0.113936648
v -0.476917982 1.9582653 0.180908665
v -0.532403648 1.925078 0.228770167
v -0.4430483 2.048276 -0.316841841
v -0.6494546 2.1685946 -0.3168996
v -0.466863573 1.84796619 -0.3693871
v -0.466863573 1.84796619 -0.3693871
v -0.418926239 1.862167 -0.303393722
v -0.4430483 2.048276 -0.316841841
v -0.466863573 1.84796619 -0.3693871
v -0.41378206 1.5946039 -0.139900312
v -0.401302636 1.619399 -0.1258372
v -0.401302636 1.619399 -0.1258372
v -0.418926239 1.862167 -0.303393722
v -0.466863573 1.84796619 -0.3693871
v 0.419147849 1.566076 -0.06434601
v 0.4271077 1.75499475 -0.328128934
v 0.4340626 1.77832484 -0.283228159
v 0.4340626 1.77832484 -0.283228159
v 0.390014261 1.59646559 -0.0245072655
v 0.419147849 1.566076 -0.06434601
v -0.12724863 1.02842569 0.212152824
v -0.0122980308 0.93329525 -0.0379097946
v 0.006904313 0.926183343 -0.0354237221
v -0.0189087037 1.00081778 0.2083302
v -0.359937429 1.02909207 -0.385781139
v 0.04825272 0.915615439 -0.429147422
v -0.206994608 0.9490587 -0.3799176
v -0.5076087 0.7391039 -0.18228592
v -0.347464472 0.741721153 -0.318014145
v -0.404569626 0.647806644 -0.355008423
v -0.523378253 0.6361865 -0.0506448
v -0.446962476 1.05214763 0.07671717
v -0.4586659 1.03621864 -0.123897776
v -0.5405691 0.745830357 0.032891456
v -0.07862131 0.5724967 0.00598908169
v -0.05684397 0.635645866 0.0243370738
v -0.179253012 0.699874759 0.226047724
v -0.2002972 0.5387759 0.2547265
v -0.376083225 0.7252044 0.2371182
v -0.412876248 0.5530367 0.2427881
v -0.1416803 0.7595842 -0.275704652
v -0.06954203 0.942438662 -0.282921046
v -0.0122980308 0.93329525 -0.0379097946
v -0.05684397 0.635645866 0.0243370738
v -0.302071869 1.0455296 0.2400757
v -0.17290163 0.4878482 -0.07016981
v -0.07862131 0.5724967 0.00598908169
v -0.2002972 0.5387759 0.2547265
v -0.23514089 0.4638142 -0.00558847329
v -0.431914419 0.5000238 -0.115851194
v -0.523378253 0.6361865 -0.0506448
v -0.404569626 0.647806644 -0.355008423
v -0.341922432 0.6003057 -0.266514271
v -0.412876248 0.5530367 0.2427881
v -0.358382463 0.470577866 -0.0300439633
v -0.152786508 0.6252224 -0.33636564
v -0.201560467 0.5936777 -0.266277015
v 0.02851026 0.98352915 -0.2664341
v 0.006904313 0.926183343 -0.0354237221
v -0.07862131 0.5724967 0.00598908169
v -0.152786508 0.6252224 -0.33636564
v -0.0110311853 1.00806558 -0.328117669
v -0.389031 0.292642951 -0.215113685
v -0.335594863 0.37485528 -0.290620923
v -0.335582376 0.224919587 -0.339614
v -0.400463521 0.173739851 -0.273083031
v -0.235858381 0.374040216 -0.286094457
v -0.2280307 0.226978347 -0.340584725
v -0.203442827 0.296113819 -0.2079655
v -0.191107079 0.181305781 -0.272012383
v -0.203442827 0.296113819 -0.2079655
v -0.275572181 0.278080344 -0.103562512
v -0.27671206 0.200085267 -0.125603512
v -0.191107079 0.181305781 -0.272012383
v -0.3553126 0.28913188 -0.123206317
v -0.359819561 0.2070059 -0.148708075
v -0.4258273 0.5001495 -0.115932129
v -0.341922432 0.6003057 -0.266514271
v -0.201560467 0.5936777 -0.266277015
v -0.17290163 0.4878482 -0.07016981
v -0.17290163 0.4878482 -0.07016981
v -0.23514089 0.4638142 -0.00558847329
v -0.358382463 0.470577866 -0.0300439633
v -0.12724863 1.02842569 0.212152824
v -0.035406407 0.9531652 0.388626635
v -0.321180373 0.953567743 0.279627025
v -0.321180373 0.953567743 0.279627025
v -0.302071869 1.0455296 0.2400757
v -0.12724863 1.02842569 0.212152824
v -0.446962476 1.05214763 0.07671717
v -0.302071869 1.0455296 0.2400757
v -0.321180373 0.953567743 0.279627025
v -0.321180373 0.953567743 0.279627025
v -0.479271531 0.946156144 0.117802277
v -0.446962476 1.05214763 0.07671717
v -0.4586659 1.03621864 -0.123897776
v -0.446962476 1.05214763 0.07671717
v -0.479271531 0.946156144 0.117802277
v -0.479271531 0.946156144 0.117802277
v -0.500587761 0.9373683 -0.1411482
v -0.4586659 1.03621864 -0.123897776
v -0.359937429 1.02909207 -0.385781139
v -0.4586659 1.03621864 -0.123897776
v -0.500587761 0.9373683 -0.1411482
v -0.500587761 0.9373683 -0.1411482
v -0.390203863 0.9190543 -0.366462052
v -0.359937429 1.02909207 -0.385781139
v -0.359937429 1.02909207 -0.385781139
v -0.390203863 0.9190543 -0.366462052
v 0.04825272 0.915615439 -0.429147422
v 0.08939532 1.03764951 0.237427443
v 0.02588811 0.934147239 -0.0341268256
v 0.4189744 1.03725672 -0.312990427
v 0.2699375 0.9514991 -0.329192519
v 0.2445532 1.007023 -0.3668942
v 0.5168344 0.738553 -0.08609109
v 0.53245455 0.651334763 0.0592222363
v 0.417853057 0.6132435 -0.246594071
v 0.358982325 0.711569548 -0.225485817
v 0.43323496 1.07521486 0.153030545
v 0.54747504 0.772814631 0.126794368
v 0.473669648 1.05254817 -0.043112278
v 0.08764371 0.5908931 0.119021364
v 0.206201077 0.5983007 0.373120964
v 0.184439465 0.748991 0.32072264
v 0.06458292 0.6587169 0.1276384
v 0.380975425 0.7770358 0.330386251
v 0.418799222 0.613505 0.362114429
v 0.152324438 0.7331542 -0.189281344
v 0.06458292 0.6587169 0.1276384
v 0.02588811 0.934147239 -0.0341268256
v 0.120474078 0.9474685 -0.2614274
v 0.293517083 1.07030463 0.296673477
v 0.18390058 0.4933246 0.06408527
v 0.245223418 0.483051479 0.133049577
v 0.206201077 0.5983007 0.373120964
v 0.08764371 0.5908931 0.119021364
v 0.4453995 0.5022997 0.0212432966
v 0.360897124 0.570917845 -0.147055537
v 0.417853057 0.6132435 -0.246594071
v 0.53245455 0.651334763 0.0592222363
v 0.374817669 0.487831742 0.109695978
v 0.418799222 0.613505 0.362114429
v 0.166056782 0.590290546 -0.2281891
v 0.214681044 0.5614018 -0.147804588
v 0.166056782 0.590290546 -0.2281891
v 0.08764371 0.5908931 0.119021364
v 0.09375742 1.01040351 -0.317736626
v 0.412386268 0.279260248 -0.0384171233
v 0.427104235 0.1519172 -0.0730036
v 0.362699628 0.188437134 -0.148988068
v 0.359056383 0.344836324 -0.128812522
v 0.255170673 0.1879985 -0.152129248
v 0.2592783 0.3427632 -0.125886872
v 0.226658478 0.2800648 -0.0351549722
v 0.217668489 0.155109629 -0.07687364
v 0.226658478 0.2800648 -0.0351549722
v 0.217668489 0.155109629 -0.07687364
v 0.29991883 0.202612847 0.06488234
v 0.296948045 0.28330493 0.0719744
v 0.383345366 0.206874281 0.0422898233
v 0.3768649 0.292196721 0.0519548878
v 0.44346872 0.5023298 0.02094409
v 0.360897124 0.570917845 -0.147055537
v 0.214681044 0.5614018 -0.147804588
v 0.18390058 0.4933246 0.06408527
v 0.18390058 0.4933246 0.06408527
v 0.245223418 0.483051479 0.133049577
v 0.374817669 0.487831742 0.109695978
v 0.08939532 1.03764951 0.237427443
v 0.293517083 1.07030463 0.296673477
v 0.287200749 0.979705334 0.3402478
v 0.287200749 0.979705334 0.3402478
v -0.035406407 0.9531652 0.388626635
v 0.08939532 1.03764951 0.237427443
v 0.43323496 1.07521486 0.153030545
v 0.466878 0.9722012 0.202367291
v 0.287200749 0.979705334 0.3402478
v 0.287200749 0.979705334 0.3402478
v 0.293517083 1.07030463 0.296673477
v 0.43323496 1.07521486 0.153030545
v 0.473669648 1.05254817 -0.043112278
v 0.5185398 0.957527757 -0.02397685
v 0.466878 0.9722012 0.202367291
v 0.466878 0.9722012 0.202367291
v 0.43323496 1.07521486 0.153030545
v 0.473669648 1.05254817 -0.043112278
v 0.4189744 1.03725672 -0.312990427
v 0.454485178 0.925739 -0.2922845
v 0.5185398 0.957527757 -0.02397685
v 0.5185398 0.957527757 -0.02397685
v 0.473669648 1.05254817 -0.043112278
v 0.4189744 1.03725672 -0.312990427
v 0.4189744 1.03725672 -0.312990427
v 0.2445532 1.007023 -0.3668942
v 0.454485178 0.925739 -0.2922845
v 0.09375742 1.01040351 -0.317736626
v 0.04825272 0.915615439 -0.429147422
v 0.2445532 1.007023 -0.3668942
v -0.035406407 0.9531652 0.388626635
v -0.12724863 1.02842569 0.212152824
v -0.0189087037 1.00081778 0.2083302
v -0.0189087037 1.00081778 0.2083302
v 0.08939532 1.03764951 0.237427443
v -0.035406407 0.9531652 0.388626635
v 0.09375742 1.01040351 -0.317736626
v 0.02851026 0.98352915 -0.2664341
v -0.0110311853 1.00806558 -0.328117669
v -0.0110311853 1.00806558 -0.328117669
v 0.04825272 0.915615439 -0.429147422
v 0.09375742 1.01040351 -0.317736626
v -0.462101758 0.8401634 -0.5258095
v 0.0016947604 0.7867133 -0.57726413
v 0.04767061 0.9258419 -0.4296559
v 0.04767061 0.9258419 -0.4296559
v -0.390203863 0.9190543 -0.366462052
v -0.462101758 0.8401634 -0.5258095
v 0.0016947604 0.7867133 -0.57726413
v 0.4654913 0.84016335 -0.525809467
v 0.454485178 0.925739 -0.2922845
v 0.454485178 0.925739 -0.2922845
v 0.04767061 0.9258419 -0.4296559
v 0.0016947604 0.7867133 -0.57726413
v -0.676237166 0.862658 -0.142665416
v -0.462101758 0.8401634 -0.5258095
v -0.390203863 0.9190543 -0.366462052
v -0.390203863 0.9190543 -0.366462052
v -0.500587761 0.9373683 -0.1411482
v -0.676237166 0.862658 -0.142665416
v -0.6332017 0.8644264 0.17676729
v -0.676237166 0.862658 -0.142665416
v -0.500587761 0.9373683 -0.1411482
v -0.500587761 0.9373683 -0.1411482
v -0.5597103 0.859084368 0.176333472
v -0.6332017 0.8644264 0.17676729
v -0.4640213 0.8174266 0.506847858
v -0.6332017 0.8644264 0.17676729
v -0.5597103 0.859084368 0.176333472
v 0.4654913 0.84016335 -0.525809467
v 0.687618256 0.8677055 -0.06084736
v 0.5796507 0.875447452 0.0296759736
v 0.5796507 0.875447452 0.0296759736
v 0.454485178 0.925739 -0.2922845
v 0.4654913 0.84016335 -0.525809467
v 0.687618256 0.8677055 -0.06084736
v 0.641199 0.9097094 0.255338222
v 0.51546514 0.899576247 0.2545476
v 0.51546514 0.899576247 0.2545476
v 0.5796507 0.875447452 0.0296759736
v 0.687618256 0.8677055 -0.06084736
v 0.641199 0.9097094 0.255338222
v 0.43013218 0.8774806 0.5890392
v 0.51546514 0.899576247 0.2545476
vt 0.943329 0.317886174
vt 0.8712483 0.3110367
vt 0.8766807 0.386472881
vt 0.9538383 0.357309341
vt 0.599466 0.212145209
vt 0.5994661 0.253855169
vt 0.6615115 0.235479474
vt 0.661510766 0.216682136
vt 0.7726171 0.273328066
vt 0.774377465 0.317802668
vt 0.8712656 0.261177778
vt 0.7042989 0.304556847
vt 0.7464738 0.331863523
vt 0.6912692 0.2830962
vt 0.7049199 0.25416702
vt 0.9903742 0.285233378
vt 0.9903712 0.233384967
vt 0.937203467 0.277829
vt 0.5994805 0.180107534
vt 0.6603494 0.184632838
vt 0.715214431 0.205029309
vt 0.775379 0.209034324
vt 0.9903628 0.182811737
vt 0.9319329 0.197401941
vt 0.8688034 0.135739923
vt 0.8708525 0.170326054
vt 0.931162834 0.172961473
vt 0.9313021 0.136157513
vt 0.5994734 0.128046691
vt 0.598283768 0.154524267
vt 0.67524904 0.15795064
vt 0.674114 0.129241168
vt 0.7735741 0.136506259
vt 0.7735164 0.169533372
vt 0.706978858 0.132411659
vt 0.7176703 0.166900277
vt 0.9903059 0.159206748
vt 0.990401268 0.128788829
vt 0.7799652 0.390891075
vt 0.9314082 0.185136616
vt 0.8713183 0.19579643
vt 0.5994517 0.164956033
vt 0.990369856 0.171327055
vt 0.943329 0.317886174
vt 0.9538383 0.357309341
vt 0.8766807 0.386472881
vt 0.8712483 0.3110367
vt 0.599466 0.212145209
vt 0.661510766 0.216682136
vt 0.6615115 0.235479474
vt 0.5994661 0.253855169
vt 0.7726171 0.273328066
vt 0.8712656 0.261177778
vt 0.774377465 0.317802668
vt 0.746093869 0.332054973
vt 0.7042989 0.304556847
vt 0.7049199 0.25416702
vt 0.6912692 0.2830962
vt 0.9903742 0.285233378
vt 0.937203467 0.277829
vt 0.9903712 0.233384967
vt 0.5994805 0.180107534
vt 0.6603494 0.184632838
vt 0.715214431 0.205029309
vt 0.775379 0.209034324
vt 0.9903628 0.182811737
vt 0.9319329 0.197401941
vt 0.8688034 0.135739923
vt 0.9313021 0.136157513
vt 0.931162834 0.172961473
vt 0.8708525 0.170326054
vt 0.5994734 0.128046691
vt 0.674114 0.129241168
vt 0.67524904 0.15795064
vt 0.598283768 0.154524267
vt 0.7735741 0.136506259
vt 0.7735164 0.169533372
vt 0.706978858 0.132411659
vt 0.7176703 0.166900277
vt 0.990401268 0.128788829
vt 0.9903059 0.159206748
vt 0.7799652 0.390891075
vt 0.9314082 0.185136616
vt 0.8713183 0.19579643
vt 0.5994517 0.164956033
vt 0.990369856 0.171327055
vt 0.188443154 0.1844064
vt 0.188491762 0.205569744
vt 0.11211013 0.205397367
vt 0.11211013 0.18277812
vt 0.258744568 0.184652269
vt 0.258293 0.2057144
vt 0.330784321 0.1845336
vt 0.330784321 0.20570153
vt 0.171826228 0.0522395372
vt 0.17267248 0.141817033
vt 0.112109952 0.141318858
vt 0.112109952 0.141318858
vt 0.112109765 0.048266232
vt 0.171826228 0.0522395372
vt 0.245057911 0.0546020865
vt 0.245322451 0.141820908
vt 0.17267248 0.141817033
vt 0.17267248 0.141817033
vt 0.171826228 0.0522395372
vt 0.245057911 0.0546020865
vt 0.330784321 0.141770124
vt 0.245322451 0.141820908
vt 0.245057911 0.0546020865
vt 0.245057911 0.0546020865
vt 0.330784321 0.0523231626
vt 0.330784321 0.141770124
vt 0.330784321 0.141770124
vt 0.330784321 0.1845336
vt 0.258744568 0.184652269
vt 0.258744568 0.184652269
vt 0.245322451 0.141820908
vt 0.330784321 0.141770124
vt 0.245322451 0.141820908
vt 0.258744568 0.184652269
vt 0.188443154 0.1844064
vt 0.188443154 0.1844064
vt 0.17267248 0.141817033
vt 0.245322451 0.141820908
vt 0.188443154 0.1844064
vt 0.11211013 0.18277812
vt 0.112109952 0.141318858
vt 0.112109952 0.141318858
vt 0.17267248 0.141817033
vt 0.188443154 0.1844064
vt 0.330784321 0.334906936
vt 0.229179 0.3347404
vt 0.223548725 0.29381454
vt 0.330784321 0.2938881
vt 0.08106791 0.3272103
vt 0.112118 0.269029856
vt 0.108766548 0.294780731
vt 0.1778833 0.313944161
vt 0.167101145 0.365685046
vt 0.2329334 0.234183669
vt 0.330784321 0.23417455
vt 0.11211019 0.234281123
vt 0.1361633 0.327664375
vt 0.330784321 0.415416181
vt 0.248346984 0.4154334
vt 0.171482354 0.415362418
vt 0.245121881 0.5058194
vt 0.213283122 0.4940402
vt 0.2996122 0.478457272
vt 0.178027838 0.478242338
vt 0.27847138 0.549411237
vt 0.23815769 0.576858938
vt 0.330784321 0.463500977
vt 0.5904402 0.407606721
vt 0.599902332 0.46209383
vt 0.5731707 0.459583163
vt 0.5485193 0.396816134
vt 0.4731335 0.1844064
vt 0.54946655 0.18277812
vt 0.54946655 0.205397367
vt 0.4730849 0.205569744
vt 0.402832061 0.184652269
vt 0.403283626 0.2057144
vt 0.330792367 0.1845336
vt 0.330792367 0.20570153
vt 0.489769 0.0502735376
vt 0.5494669 0.0453678966
vt 0.5494667 0.141318858
vt 0.5494667 0.141318858
vt 0.488904178 0.141817033
vt 0.489769 0.0502735376
vt 0.4165347 0.0493412
vt 0.489769 0.0502735376
vt 0.488904178 0.141817033
vt 0.488904178 0.141817033
vt 0.4162542 0.141820908
vt 0.4165347 0.0493412
vt 0.330792367 0.0523231626
vt 0.4165347 0.0493412
vt 0.4162542 0.141820908
vt 0.4162542 0.141820908
vt 0.330792367 0.141770124
vt 0.330792367 0.0523231626
vt 0.330792367 0.141770124
vt 0.4162542 0.141820908
vt 0.402832061 0.184652269
vt 0.402832061 0.184652269
vt 0.330792367 0.1845336
vt 0.330792367 0.141770124
vt 0.4162542 0.141820908
vt 0.488904178 0.141817033
vt 0.4731335 0.1844064
vt 0.4731335 0.1844064
vt 0.402832061 0.184652269
vt 0.4162542 0.141820908
vt 0.4731335 0.1844064
vt 0.488904178 0.141817033
vt 0.5494667 0.141318858
vt 0.5494667 0.141318858
vt 0.54946655 0.18277812
vt 0.4731335 0.1844064
vt 0.330792367 0.334906936
vt 0.330792367 0.2938881
vt 0.44178167 0.29381454
vt 0.436151445 0.3347404
vt 0.580508769 0.3272103
vt 0.552810133 0.294780731
vt 0.5494587 0.269029856
vt 0.483693361 0.313944161
vt 0.6489725 0.3386011
vt 0.610944867 0.266882062
vt 0.4944755 0.365685046
vt 0.428643256 0.234183669
vt 0.330792367 0.23417455
vt 0.5494665 0.234281123
vt 0.6505475 0.4280461
vt 0.5254134 0.327664375
vt 0.330792367 0.415416181
vt 0.408365339 0.416543961
vt 0.640417159 0.471858561
vt 0.4900943 0.415362418
vt 0.448293537 0.4940402
vt 0.472100765 0.5627599
vt 0.423418939 0.576858938
vt 0.416454732 0.5058194
vt 0.361964464 0.478457272
vt 0.48354882 0.478242338
vt 0.494633764 0.5440155
vt 0.383105218 0.549411237
vt 0.330792367 0.463500977
vt 0.5494667 0.141318858
vt 0.5494669 0.0453678966
vt 0.5494669 0.05141133
vt 0.5494669 0.05141133
vt 0.5494667 0.141318858
vt 0.5494667 0.141318858
vt 0.5494667 0.141318858
vt 0.5494669 0.05141133
vt 0.5494669 0.0501469374
vt 0.5494669 0.0501469374
vt 0.5494667 0.141318858
vt 0.5494667 0.141318858
vt 0.5494669 0.0501469374
vt 0.5494669 0.04838586
vt 0.5494667 0.141318858
vt 0.5494667 0.141318858
vt 0.5494667 0.141318858
vt 0.5494669 0.0501469374
vt 0.5494669 0.04838586
vt 0.5494669 0.048266232
vt 0.5494667 0.141318858
vt 0.5494667 0.141318858
vt 0.5494667 0.141318858
vt 0.5494669 0.04838586
vt 0.4165347 0.0493412
vt 0.330792367 0.0523231626
vt 0.330792367 0.0234131217
vt 0.330792367 0.0234131217
vt 0.416612923 0.023543
vt 0.4165347 0.0493412
vt 0.489769 0.0502735376
vt 0.4165347 0.0493412
vt 0.416612923 0.023543
vt 0.416612923 0.023543
vt 0.490020633 0.0236393809
vt 0.489769 0.0502735376
vt 0.5494669 0.0453678966
vt 0.489769 0.0502735376
vt 0.490020633 0.0236393809
vt 0.490020633 0.0236393809
vt 0.549466968 0.0235884786
vt 0.5494669 0.0453678966
vt 0.549466968 0.0235884786
vt 0.5494669 0.05141133
vt 0.5494669 0.0453678966
vt 0.5494669 0.0453678966
vt 0.549466968 0.0235884786
vt 0.549466968 0.0235884786
vt 0.549466968 0.0235884786
vt 0.5494669 0.0501469374
vt 0.5494669 0.05141133
vt 0.5494669 0.05141133
vt 0.549466968 0.0235884786
vt 0.549466968 0.0235884786
vt 0.5494669 0.04838586
vt 0.5494669 0.0501469374
vt 0.549466968 0.0235884786
vt 0.549466968 0.0235884786
vt 0.549466968 0.0235884786
vt 0.5494669 0.04838586
vt 0.5494669 0.048266232
vt 0.5494669 0.04838586
vt 0.549466968 0.0235884786
vt 0.549466968 0.0235884786
vt 0.549466968 0.0235884786
vt 0.5494669 0.048266232
vt 0.171556026 0.0236393809
vt 0.171826228 0.0522395372
vt 0.112109765 0.048266232
vt 0.112109765 0.048266232
vt 0.112109713 0.0235884786
vt 0.171556026 0.0236393809
vt 0.244963691 0.023543
vt 0.245057911 0.0546020865
vt 0.171826228 0.0522395372
vt 0.171826228 0.0522395372
vt 0.171556026 0.0236393809
vt 0.244963691 0.023543
vt 0.330784321 0.0523231626
vt 0.245057911 0.0546020865
vt 0.244963691 0.023543
vt 0.244963691 0.023543
vt 0.330784321 0.0234131217
vt 0.330784321 0.0523231626
vt 0.112118 0.269029856
vt 0.11211019 0.234281123
vt 0.11211019 0.234281123
vt 0.11211019 0.234281123
vt 0.112118 0.269029856
vt 0.112118 0.269029856
vt 0.11211019 0.234281123
vt 0.11211013 0.205397367
vt 0.11211013 0.205397367
vt 0.11211013 0.205397367
vt 0.11211019 0.234281123
vt 0.11211019 0.234281123
vt 0.54946655 0.18277812
vt 0.54946655 0.205397367
vt 0.54946655 0.205397367
vt 0.54946655 0.205397367
vt 0.54946655 0.18277812
vt 0.54946655 0.18277812
vt 0.54946655 0.18277812
vt 0.54946655 0.205397367
vt 0.54946655 0.205397367
vt 0.54946655 0.205397367
vt 0.54946655 0.18277812
vt 0.54946655 0.18277812
vt 0.54946655 0.18277812
vt 0.54946655 0.205397367
vt 0.54946655 0.205397367
vt 0.54946655 0.205397367
vt 0.54946655 0.18277812
vt 0.54946655 0.18277812
vt 0.54946655 0.18277812
vt 0.54946655 0.205397367
vt 0.54946655 0.205397367
vt 0.54946655 0.205397367
vt 0.54946655 0.18277812
vt 0.54946655 0.18277812
vt 0.5494667 0.141318858
vt 0.5494667 0.141318858
vt 0.5494667 0.141318858
vt 0.5494667 0.141318858
vt 0.5494667 0.141318858
vt 0.5494667 0.141318858
vt 0.5494667 0.141318858
vt 0.5494667 0.141318858
vt 0.5494667 0.141318858
vt 0.5494667 0.141318858
vt 0.5494667 0.141318858
vt 0.5494667 0.141318858
vt 0.5494667 0.141318858
vt 0.5494667 0.141318858
vt 0.5494667 0.141318858
vt 0.5494667 0.141318858
vt 0.5494667 0.141318858
vt 0.5494667 0.141318858
vt 0.5494667 0.141318858
vt 0.5494667 0.141318858
vt 0.5494667 0.141318858
vt 0.5494667 0.141318858
vt 0.5494667 0.141318858
vt 0.5494667 0.141318858
vt 0.112118 0.269029856
vt 0.54946655 0.205397367
vt 0.11211019 0.234281123
vt 0.5494587 0.269029856
vt 0.610944867 0.266882062
vt 0.610944867 0.266882062
vt 0.610944867 0.266882062
vt 0.5494587 0.269029856
vt 0.5494587 0.269029856
vt 0.54946655 0.205397367
vt 0.54946655 0.205397367
vt 0.54946655 0.205397367
vt 0.689347744 0.9927857
vt 0.65435034 0.8996609
vt 0.6903456 0.8992984
vt 0.517678142 0.99460423
vt 0.602598131 0.900713
vt 0.6117312 0.9936079
vt 0.360166937 0.7263145
vt 0.317596167 0.66026026
vt 0.450417072 0.636628568
vt 0.463189065 0.715748668
vt 0.424636453 0.924851835
vt 0.516732335 0.8906631
vt 0.5517437 0.906120658
vt 0.569019139 0.7313805
vt 0.499063581 0.7518819
vt 0.3389449 0.8660666
vt 0.314328134 0.7811324
vt 0.392045438 0.816342354
vt 0.4168352 0.8633303
vt 0.4749527 0.8792318
vt 0.38876614 0.772250533
vt 0.5277345 0.628873467
vt 0.615963638 0.6306406
vt 0.6293979 0.7391269
vt 0.6331807 0.818105757
vt 0.691007853 0.8158704
vt 0.6895631 0.736884
vt 0.6900509 0.630479336
vt 0.937303662 0.8991114
vt 0.928070545 0.9915619
vt 0.785396039 0.9908539
vt 0.785396039 0.9908539
vt 0.777378559 0.8992271
vt 0.937303662 0.8991114
vt 0.9382086 0.815338
vt 0.768311143 0.815706849
vt 0.7574009 0.7367815
vt 0.7574009 0.7367815
vt 0.9174335 0.7363454
vt 0.9382086 0.815338
vt 0.8981669 0.6301224
vt 0.9174335 0.7363454
vt 0.7574009 0.7367815
vt 0.7574009 0.7367815
vt 0.754125834 0.6303654
vt 0.8981669 0.6301224
vt 0.937303662 0.8991114
vt 0.777378559 0.8992271
vt 0.768311143 0.815706849
vt 0.768311143 0.815706849
vt 0.9382086 0.815338
vt 0.937303662 0.8991114
vt 0.928070545 0.9915619
vt 0.937303662 0.8991114
vt 0.9887572 0.899077058
vt 0.9887572 0.899077058
vt 0.9923202 0.99277246
vt 0.928070545 0.9915619
vt 0.9877868 0.8152285
vt 0.9382086 0.815338
vt 0.9174335 0.7363454
vt 0.9174335 0.7363454
vt 0.991049349 0.736055434
vt 0.9877868 0.8152285
vt 0.9174335 0.7363454
vt 0.8981669 0.6301224
vt 0.9928476 0.6299745
vt 0.9928476 0.6299745
vt 0.991049349 0.736055434
vt 0.9174335 0.7363454
vt 0.937303662 0.8991114
vt 0.9382086 0.815338
vt 0.9877868 0.8152285
vt 0.9877868 0.8152285
vt 0.9887572 0.899077058
vt 0.937303662 0.8991114
vt 0.499063581 0.7518819
vt 0.569019139 0.7313805
vt 0.6331807 0.818105757
vt 0.422992468 0.9699118
vt 0.343992442 0.9455551
vt 0.287556022 0.8483719
vt 0.360166937 0.7263145
vt 0.314328134 0.7811324
vt 0.250171125 0.7461534
vt 0.250171125 0.7461534
vt 0.317596167 0.66026026
vt 0.360166937 0.7263145
vt 0.2575747 0.8096005
vt 0.250171125 0.7461534
vt 0.314328134 0.7811324
vt 0.314328134 0.7811324
vt 0.287556022 0.8483719
vt 0.2575747 0.8096005
vt 0.2575747 0.8096005
vt 0.218998581 0.784984
vt 0.250171125 0.7461534
vt 0.689347744 0.9927857
vt 0.6903456 0.8992984
vt 0.65435034 0.8996609
vt 0.611658931 0.9936087
vt 0.602598131 0.900713
vt 0.360166937 0.7263145
vt 0.463189065 0.715748668
vt 0.424636453 0.924851835
vt 0.517678142 0.99460423
vt 0.5517437 0.906120658
vt 0.516732335 0.8906631
vt 0.499063581 0.7518819
vt 0.569019139 0.7313805
vt 0.3389449 0.8660666
vt 0.417175382 0.863423347
vt 0.392045438 0.816342354
vt 0.314328134 0.7811324
vt 0.38876614 0.772250533
vt 0.6293979 0.7391269
vt 0.6331807 0.818105757
vt 0.691007853 0.8158704
vt 0.6895631 0.736884
vt 0.775424 0.8992287
vt 0.784181 0.990878344
vt 0.9268466 0.9915388
vt 0.9268466 0.9915388
vt 0.9352641 0.899112761
vt 0.775424 0.8992287
vt 0.7560772 0.736783445
vt 0.766137064 0.8157114
vt 0.9358808 0.815343142
vt 0.9358808 0.815343142
vt 0.9157957 0.7363519
vt 0.7560772 0.736783445
vt 0.7560772 0.736783445
vt 0.9157957 0.7363519
vt 0.8981669 0.6301224
vt 0.8981669 0.6301224
vt 0.754125834 0.6303654
vt 0.7560772 0.736783445
vt 0.766137064 0.8157114
vt 0.775424 0.8992287
vt 0.9352641 0.899112761
vt 0.9352641 0.899112761
vt 0.9358808 0.815343142
vt 0.766137064 0.8157114
vt 0.9887572 0.899077058
vt 0.9352641 0.899112761
vt 0.9268466 0.9915388
vt 0.9268466 0.9915388
vt 0.9923202 0.99277246
vt 0.9887572 0.899077058
vt 0.9877868 0.8152285
vt 0.991049349 0.736055434
vt 0.9157957 0.7363519
vt 0.9157957 0.7363519
vt 0.9358808 0.815343142
vt 0.9877868 0.8152285
vt 0.9928476 0.6299745
vt 0.8981669 0.6301224
vt 0.9157957 0.7363519
vt 0.9157957 0.7363519
vt 0.991049349 0.736055434
vt 0.9928476 0.6299745
vt 0.9877868 0.8152285
vt 0.9358808 0.815343142
vt 0.9352641 0.899112761
vt 0.9352641 0.899112761
vt 0.9887572 0.899077058
vt 0.9877868 0.8152285
vt 0.499063581 0.7518819
vt 0.6331807 0.818105757
vt 0.569019139 0.7313805
vt 0.422992468 0.9699118
vt 0.343992442 0.9455551
vt 0.287556022 0.8483719
vt 0.360166937 0.7263145
vt 0.317596167 0.66026026
vt 0.250171125 0.7461534
vt 0.250171125 0.7461534
vt 0.314328134 0.7811324
vt 0.360166937 0.7263145
vt 0.2575747 0.8096005
vt 0.314328134 0.7811324
vt 0.250171125 0.7461534
vt 0.314328134 0.7811324
vt 0.2575747 0.8096005
vt 0.287556022 0.8483719
vt 0.2575747 0.8096005
vt 0.250171125 0.7461534
vt 0.218998581 0.784984
vt 0.7485336 0.991595268
vt 0.689347744 0.9927857
vt 0.6903456 0.8992984
vt 0.6903456 0.8992984
vt 0.7371632 0.899260044
vt 0.7485336 0.991595268
vt 0.7266625 0.815795
vt 0.691007853 0.8158704
vt 0.6895631 0.736884
vt 0.6895631 0.736884
vt 0.7221406 0.736834764
vt 0.7266625 0.815795
vt 0.6895631 0.736884
vt 0.6900509 0.630479336
vt 0.7232343 0.6304203
vt 0.7232343 0.6304203
vt 0.7221406 0.736834764
vt 0.6895631 0.736884
vt 0.7371632 0.899260044
vt 0.6903456 0.8992984
vt 0.691007853 0.8158704
vt 0.691007853 0.8158704
vt 0.7266625 0.815795
vt 0.7371632 0.899260044
vt 0.6903456 0.8992984
vt 0.689347744 0.9927857
vt 0.7473188 0.9916197
vt 0.7473188 0.9916197
vt 0.7352532 0.8992616
vt 0.6903456 0.8992984
vt 0.6895631 0.736884
vt 0.691007853 0.8158704
vt 0.724513054 0.8157995
vt 0.724513054 0.8157995
vt 0.7208167 0.736836731
vt 0.6895631 0.736884
vt 0.7232343 0.6304203
vt 0.6900509 0.630479336
vt 0.6895631 0.736884
vt 0.6895631 0.736884
vt 0.7208167 0.736836731
vt 0.7232343 0.6304203
vt 0.691007853 0.8158704
vt 0.6903456 0.8992984
vt 0.7352532 0.8992616
vt 0.7352532 0.8992616
vt 0.724513054 0.8157995
vt 0.691007853 0.8158704
vt 0.785396039 0.9908539
vt 0.7485336 0.991595268
vt 0.7371632 0.899260044
vt 0.7371632 0.899260044
vt 0.777378559 0.8992271
vt 0.785396039 0.9908539
vt 0.768311143 0.815706849
vt 0.7266625 0.815795
vt 0.7221406 0.736834764
vt 0.7221406 0.736834764
vt 0.7574009 0.7367815
vt 0.768311143 0.815706849
vt 0.7221406 0.736834764
vt 0.7232343 0.6304203
vt 0.754125834 0.6303654
vt 0.754125834 0.6303654
vt 0.7574009 0.7367815
vt 0.7221406 0.736834764
vt 0.777378559 0.8992271
vt 0.7371632 0.899260044
vt 0.7266625 0.815795
vt 0.7266625 0.815795
vt 0.768311143 0.815706849
vt 0.777378559 0.8992271
vt 0.7352532 0.8992616
vt 0.7473188 0.9916197
vt 0.784181 0.990878344
vt 0.784181 0.990878344
vt 0.775424 0.8992287
vt 0.7352532 0.8992616
vt 0.7208167 0.736836731
vt 0.724513054 0.8157995
vt 0.766137064 0.8157114
vt 0.766137064 0.8157114
vt 0.7560772 0.736783445
vt 0.7208167 0.736836731
vt 0.754125834 0.6303654
vt 0.7232343 0.6304203
vt 0.7208167 0.736836731
vt 0.7208167 0.736836731
vt 0.7560772 0.736783445
vt 0.754125834 0.6303654
vt 0.724513054 0.8157995
vt 0.7352532 0.8992616
vt 0.775424 0.8992287
vt 0.775424 0.8992287
vt 0.766137064 0.8157114
vt 0.724513054 0.8157995
vt 0.392045438 0.816342354
vt 0.417175382 0.863423347
vt 0.4168352 0.8633303
vt 0.4168352 0.8633303
vt 0.392045438 0.816342354
vt 0.392045438 0.816342354
vt 0.38876614 0.772250533
vt 0.392045438 0.816342354
vt 0.392045438 0.816342354
vt 0.392045438 0.816342354
vt 0.38876614 0.772250533
vt 0.38876614 0.772250533
vt 0.464163482 0.8762797
vt 0.417175382 0.863423347
vt 0.464163482 0.8762797
vt 0.464163482 0.8762797
vt 0.464163482 0.8762797
vt 0.417515576 0.86351645
vt 0.417175382 0.863423347
vt 0.7649848 0.4257866
vt 0.464163482 0.8762797
vt 0.516732335 0.8906631
vt 0.516732335 0.8906631
vt 0.516732335 0.8906631
vt 0.464163482 0.8762797
vt 0.464163482 0.8762797
vt 0.499063581 0.7518819
vt 0.38876614 0.772250533
vt 0.38876614 0.772250533
vt 0.38876614 0.772250533
vt 0.499063581 0.7518819
vt 0.499063581 0.7518819
vt 0.4168352 0.8633303
vt 0.392045438 0.816342354
vt 0.392045438 0.816342354
vt 0.392045438 0.816342354
vt 0.4168352 0.8633303
vt 0.4168352 0.8633303
vt 0.392045438 0.816342354
vt 0.38876614 0.772250533
vt 0.38876614 0.772250533
vt 0.38876614 0.772250533
vt 0.392045438 0.816342354
vt 0.392045438 0.816342354
vt 0.516732335 0.8906631
vt 0.4749527 0.8792318
vt 0.4749527 0.8792318
vt 0.4749527 0.8792318
vt 0.516732335 0.8906631
vt 0.516732335 0.8906631
vt 0.4749527 0.8792318
vt 0.4168352 0.8633303
vt 0.4168352 0.8633303
vt 0.4168352 0.8633303
vt 0.4749527 0.8792318
vt 0.4749527 0.8792318
vt 0.38876614 0.772250533
vt 0.38876614 0.772250533
vt 0.499063581 0.7518819
vt 0.499063581 0.7518819
vt 0.499063581 0.7518819
vt 0.38876614 0.772250533
vt 0.499063581 0.7518819
vt 0.6331807 0.818105757
vt 0.6331807 0.818105757
vt 0.6331807 0.818105757
vt 0.499063581 0.7518819
vt 0.499063581 0.7518819
vt 0.6331807 0.818105757
vt 0.499063581 0.7518819
vt 0.499063581 0.7518819
vt 0.499063581 0.7518819
vt 0.6331807 0.818105757
vt 0.6331807 0.818105757
vt 0.170351416 0.9271152
vt 0.150838211 0.990958
vt 0.160489023 0.990157962
vt 0.178024083 0.9886611
vt 0.173447669 0.715541542
vt 0.159005851 0.629900932
vt 0.144673347 0.6777835
vt 0.06540301 0.7527383
vt 0.064090535 0.686888
vt 0.0100559872 0.711034954
vt 0.009725105 0.78153646
vt 0.1789317 0.824282467
vt 0.17936258 0.7836946
vt 0.06569304 0.793394268
vt 0.009999713 0.9934299
vt 0.06465414 0.992306
vt 0.06490814 0.9363272
vt 0.009843139 0.9374229
vt 0.0655444041 0.8640542
vt 0.009722771 0.8641423
vt 0.06369044 0.633129
vt 0.137786418 0.6243825
vt 0.132923916 0.5653227
vt 0.0629332662 0.565371156
vt 0.175160959 0.863301158
vt 0.7103095 0.525046945
vt 0.668197155 0.5525787
vt 0.7294242 0.608900666
vt 0.7340677 0.53875947
vt 0.7614811 0.5022017
vt 0.81211555 0.48212254
vt 0.7322243 0.412062645
vt 0.735194564 0.466762185
vt 0.79545 0.5916093
vt 0.758532047 0.523328841
vt 0.665317535 0.449639976
vt 0.7061139 0.480345726
vt 0.147367686 0.565348
vt 0.1219008 0.5653328
vt 0.009164842 0.565415144
vt 0.009589154 0.634347
vt 0.14902854 0.6045302
vt 0.908291042 0.5213377
vt 0.9246395 0.486916482
vt 0.8797269 0.483594477
vt 0.871262431 0.517945
vt 0.9269301 0.458486557
vt 0.8825314 0.453063726
vt 0.9154035 0.424203277
vt 0.877902269 0.422871351
vt 0.9007315 0.6113239
vt 0.9110754 0.577144563
vt 0.8880381 0.574717939
vt 0.862784863 0.6099322
vt 0.9143879 0.553574
vt 0.889979541 0.549952865
vt 0.9740412 0.5268223
vt 0.9883412 0.4910158
vt 0.9888594 0.459008455
vt 0.980541766 0.40723896
vt 0.966744661 0.621307731
vt 0.970222354 0.592781961
vt 0.9724963 0.5646789
vt 0.170351416 0.9271152
vt 0.170351416 0.9271152
vt 0.175160959 0.863301158
vt 0.175160959 0.863301158
vt 0.175160959 0.863301158
vt 0.170351416 0.9271152
vt 0.1789317 0.824282467
vt 0.175160959 0.863301158
vt 0.175160959 0.863301158
vt 0.175160959 0.863301158
vt 0.1789317 0.824282467
vt 0.1789317 0.824282467
vt 0.17936258 0.7836946
vt 0.1789317 0.824282467
vt 0.1789317 0.824282467
vt 0.1789317 0.824282467
vt 0.17936258 0.7836946
vt 0.17936258 0.7836946
vt 0.173447669 0.715541542
vt 0.17936258 0.7836946
vt 0.17936258 0.7836946
vt 0.17936258 0.7836946
vt 0.173447669 0.715541542
vt 0.173447669 0.715541542
vt 0.173447669 0.715541542
vt 0.173447669 0.715541542
vt 0.159005851 0.629900932
vt 0.170351416 0.9271152
vt 0.150838211 0.990958
vt 0.173447669 0.715541542
vt 0.144673347 0.6777835
vt 0.168983176 0.6552717
vt 0.06540301 0.7527383
vt 0.009725105 0.78153646
vt 0.0100559872 0.711034954
vt 0.064090535 0.686888
vt 0.1789317 0.824282467
vt 0.06569304 0.793394268
vt 0.17936258 0.7836946
vt 0.009999713 0.9934299
vt 0.009843139 0.9374229
vt 0.06490814 0.9363272
vt 0.06465414 0.992306
vt 0.0655444041 0.8640542
vt 0.009722771 0.8641423
vt 0.06369044 0.633129
vt 0.0629332662 0.565371156
vt 0.132923916 0.5653227
vt 0.137786418 0.6243825
vt 0.175160959 0.863301158
vt 0.7103095 0.525046945
vt 0.7340677 0.53875947
vt 0.7294242 0.608900666
vt 0.668197155 0.5525787
vt 0.7614811 0.5022017
vt 0.735194564 0.466762185
vt 0.7322243 0.412062645
vt 0.81211555 0.48212254
vt 0.758532047 0.523328841
vt 0.79545 0.5916093
vt 0.665317535 0.449639976
vt 0.7061139 0.480345726
vt 0.009589154 0.634347
vt 0.009164842 0.565415144
vt 0.14902854 0.6045302
vt 0.908291042 0.5213377
vt 0.871262431 0.517945
vt 0.8797269 0.483594477
vt 0.9246395 0.486916482
vt 0.8825314 0.453063726
vt 0.9269301 0.458486557
vt 0.9154035 0.424203277
vt 0.877902269 0.422871351
vt 0.9007315 0.6113239
vt 0.862784863 0.6099322
vt 0.8880381 0.574717939
vt 0.9110754 0.577144563
vt 0.889979541 0.549952865
vt 0.9143879 0.553574
vt 0.9740412 0.5268223
vt 0.9883412 0.4910158
vt 0.9888594 0.459008455
vt 0.980541766 0.40723896
vt 0.966744661 0.621307731
vt 0.970222354 0.592781961
vt 0.9724963 0.5646789
vt 0.170351416 0.9271152
vt 0.175160959 0.863301158
vt 0.175160959 0.863301158
vt 0.175160959 0.863301158
vt 0.170351416 0.9271152
vt 0.170351416 0.9271152
vt 0.1789317 0.824282467
vt 0.1789317 0.824282467
vt 0.175160959 0.863301158
vt 0.175160959 0.863301158
vt 0.175160959 0.863301158
vt 0.1789317 0.824282467
vt 0.17936258 0.7836946
vt 0.17936258 0.7836946
vt 0.1789317 0.824282467
vt 0.1789317 0.824282467
vt 0.1789317 0.824282467
vt 0.17936258 0.7836946
vt 0.173447669 0.715541542
vt 0.173447669 0.715541542
vt 0.17936258 0.7836946
vt 0.17936258 0.7836946
vt 0.17936258 0.7836946
vt 0.173447669 0.715541542
vt 0.173447669 0.715541542
vt 0.168983176 0.6552717
vt 0.173447669 0.715541542
vt 0.14902854 0.6045302
vt 0.14902854 0.6045302
vt 0.168983176 0.6552717
vt 0.170351416 0.9271152
vt 0.170351416 0.9271152
vt 0.178024083 0.9886611
vt 0.178024083 0.9886611
vt 0.170351416 0.9271152
vt 0.170351416 0.9271152
vt 0.14902854 0.6045302
vt 0.147367686 0.565348
vt 0.14902854 0.6045302
vt 0.14902854 0.6045302
vt 0.159005851 0.629900932
vt 0.14902854 0.6045302
vt 0.991049349 0.736055434
vt 0.9928476 0.6299745
vt 0.9928476 0.6299745
vt 0.9928476 0.6299745
vt 0.991049349 0.736055434
vt 0.991049349 0.736055434
vt 0.9928476 0.6299745
vt 0.991049349 0.736055434
vt 0.991049349 0.736055434
vt 0.991049349 0.736055434
vt 0.9928476 0.6299745
vt 0.9928476 0.6299745
vt 0.9877868 0.8152285
vt 0.991049349 0.736055434
vt 0.991049349 0.736055434
vt 0.991049349 0.736055434
vt 0.9877868 0.8152285
vt 0.9877868 0.8152285
vt 0.9887572 0.899077058
vt 0.9877868 0.8152285
vt 0.9877868 0.8152285
vt 0.9877868 0.8152285
vt 0.9887572 0.899077058
vt 0.9887572 0.899077058
vt 0.9923202 0.99277246
vt 0.9887572 0.899077058
vt 0.9887572 0.899077058
vt 0.991049349 0.736055434
vt 0.9877868 0.8152285
vt 0.9877868 0.8152285
vt 0.9877868 0.8152285
vt 0.991049349 0.736055434
vt 0.991049349 0.736055434
vt 0.9877868 0.8152285
vt 0.9887572 0.899077058
vt 0.9887572 0.899077058
vt 0.9887572 0.899077058
vt 0.9877868 0.8152285
vt 0.9877868 0.8152285
vt 0.9887572 0.899077058
vt 0.9923202 0.99277246
vt 0.9887572 0.899077058
vn -0.533331037 0.412403375 -0.7385672
vn -0.9470662 0.3097204 0.0844919756
vn -0.602131248 0.787744343 -0.1299875
vn -0.22254774 0.43308118 -0.873449
vn 0.709261 -0.1337316 -0.692145
vn 0.05512169 -0.248451322 -0.967074752
vn -0.9660736 -0.25648573 0.0302812047
vn 0.9683437 -0.004220397 -0.249585062
vn -0.4531354 -0.410120279 0.791498363
vn -0.4211831 -0.174470365 0.890036464
vn -0.9851903 0.141684175 0.09656996
vn -0.6495244 -0.253905982 0.7166937
vn -0.2231326 0.0586270057 0.9730235
vn -0.317917228 0.336100131 -0.88654685
vn 0.872127 -0.3286727 0.362448275
vn 0.05512169 -0.248451322 -0.967074752
vn 0.709261 -0.1337316 -0.692145
vn -0.463157743 0.16242604 -0.871265
vn 0.485677242 -0.0245362818 -0.8737938
vn 0.985162258 -0.033527907 -0.168318674
vn 0.837475061 0.293287 0.461105436
vn -0.401112378 0.907546461 -0.124371342
vn 0.485677242 -0.0245362818 -0.8737938
vn -0.53230685 0.403241873 -0.744342268
vn -0.9587443 -0.0729789957 0.274742454
vn -0.9974062 0.0243443735 -0.0677363053
vn -0.381657958 -0.02964219 -0.9238282
vn -0.725884557 -0.0885135159 -0.6820975
vn 0.382142872 -0.248017684 -0.8901989
vn 0.28030318 -0.124366976 -0.95182085
vn 0.9295566 -0.163027778 -0.330675751
vn 0.897404253 -0.440018028 -0.03239941
vn -0.384986252 -0.128369108 0.9139513
vn 0.025032606 0.6017493 0.798292637
vn 0.759027243 0.00424171751 0.6510451
vn 0.863670766 0.459057242 0.208180815
vn 0.28030318 -0.124366976 -0.95182085
vn 0.382142872 -0.248017684 -0.8901989
vn -0.4927606 0.5709948 0.656621635
vn -0.413576573 0.376063436 -0.8291747
vn -0.8457837 0.5019954 0.180694625
vn 0.489345282 -0.0472331941 -0.8708101
vn 0.489345282 -0.0472331941 -0.8708101
vn 0.6092022 0.411299884 -0.67801553
vn 0.3701213 0.463652521 -0.80500716
vn 0.6385347 0.768613756 -0.03881153
vn 0.894361138 0.3947217 0.21050638
vn -0.3666214 -0.293929577 -0.882719755
vn -0.632689238 -0.5819235 -0.5109495
vn 0.410948932 -0.8913985 -0.191127524
vn 0.0346268229 -0.390259862 -0.920053363
vn 0.367294073 -0.300171435 0.8803364
vn 0.9347954 0.264315933 0.23726508
vn 0.352442622 -0.0319108963 0.9352892
vn -0.0231371578 0.136183769 0.990413368
vn 0.5085311 -0.291690528 0.8101313
vn -0.75730294 -0.582085252 0.29608947
vn 0.06482971 -0.891097069 0.4491582
vn 0.0346268229 -0.390259862 -0.920053363
vn 0.496501148 0.27140978 -0.824514031
vn -0.3666214 -0.293929577 -0.882719755
vn -0.338234156 -0.107202359 -0.934936
vn -0.9361572 -0.16014415 -0.312991232
vn -0.9358546 0.09480089 0.3393949
vn -0.137173086 0.9696511 0.2023865
vn -0.338234156 -0.107202359 -0.934936
vn 0.5900175 0.4458371 -0.673133433
vn 0.910876453 0.04514665 0.410202265
vn 0.8220204 0.004808274 -0.569437742
vn 0.509926558 0.0156423971 -0.8600757
vn 0.984046757 0.159302965 0.079211764
vn -0.223120168 -0.2928476 -0.9297622
vn -0.8158579 -0.557611346 -0.153119266
vn -0.8426143 -0.2836094 -0.4577847
vn -0.119432643 -0.164526924 -0.9791153
vn 0.266727358 -0.08594689 0.9599321
vn -0.147277892 0.534507036 0.832232833
vn -0.8356268 -0.105087064 0.5391517
vn -0.9583609 0.2648439 0.1067806
vn -0.223120168 -0.2928476 -0.9297622
vn -0.119432643 -0.164526924 -0.9791153
vn 0.194800109 0.5215185 0.830705345
vn 0.487008244 0.411737919 -0.770256341
vn 0.7409389 0.6061593 0.289102763
vn -0.343323261 -0.126410484 -0.9306716
vn -0.343323261 -0.126410484 -0.9306716
vn -0.887061238 0.3091941 0.342813879
vn -0.928308845 0.09845392 0.358538
vn -0.9387615 -0.343245745 0.0301541854
vn -0.9966536 -0.06722972 -0.04649497
vn -0.5735206 0.137959763 0.8074907
vn -0.480450749 -0.292365164 0.8268553
vn -0.102125615 0.1630915 0.981311142
vn -0.0905716941 -0.2599158 0.9613743
vn -0.963927 0.2660819 -0.006727116
vn -0.963927 0.2660819 -0.006727116
vn -0.963927 0.2660819 -0.006727116
vn -0.9300006 0.359572321 0.0762009844
vn -0.9300006 0.359572321 0.0762009844
vn -0.9300006 0.359572321 0.0762009844
vn -0.7692283 0.1885467 0.6105227
vn -0.7692283 0.1885467 0.6105227
vn -0.7692283 0.1885467 0.6105227
vn -0.710621655 0.244421244 0.659753859
vn -0.710621655 0.244421244 0.659753859
vn -0.710621655 0.244421244 0.659753859
vn -0.3281765 0.1960751 0.9240426
vn -0.3281765 0.1960751 0.9240426
vn -0.3281765 0.1960751 0.9240426
vn -0.345240563 0.21797733 0.912849844
vn -0.345240563 0.21797733 0.912849844
vn -0.345240563 0.21797733 0.912849844
vn -0.2754343 0.513973057 0.81238395
vn -0.2754343 0.513973057 0.81238395
vn -0.2754343 0.513973057 0.81238395
vn -0.309811831 0.458222866 0.83309567
vn -0.309811831 0.458222866 0.83309567
vn -0.309811831 0.458222866 0.83309567
vn -0.604743659 0.608431637 0.5139028
vn -0.604743659 0.608431637 0.5139028
vn -0.604743659 0.608431637 0.5139028
vn -0.637891531 0.577448249 0.5095566
vn -0.637891531 0.577448249 0.5095566
vn -0.637891531 0.577448249 0.5095566
vn -0.7110961 0.6961595 -0.09851066
vn -0.7110961 0.6961595 -0.09851066
vn -0.7110961 0.6961595 -0.09851066
vn -0.8227941 0.56783 -0.0240628459
vn -0.8227941 0.56783 -0.0240628459
vn -0.8227941 0.56783 -0.0240628459
vn -0.08501804 0.0674777254 0.994091868
vn -0.515249 0.08887838 0.852419555
vn -0.6204613 -0.2122316 0.7549739
vn -0.08162832 -0.215194792 0.973153651
vn 0.05512169 -0.248451322 -0.967074752
vn -0.9703746 -0.105818994 0.217199251
vn -0.9660736 -0.25648573 0.0302812047
vn -0.829061866 -0.5030788 0.244065747
vn -0.6495244 -0.253905982 0.7166937
vn -0.586716831 -0.454399168 0.6702871
vn -0.08813456 -0.41609633 0.9050393
vn -0.8884902 -0.4058933 0.214092925
vn -0.317917228 0.336100131 -0.88654685
vn -0.053905 0.289542258 0.955646157
vn -0.243636817 0.373253077 0.8951666
vn -0.216449991 0.287657082 0.9329538
vn -0.5870576 0.423889369 0.6896965
vn -0.29715538 0.423661441 0.8556925
vn -0.350303471 0.4007069 0.846594036
vn -0.4927606 0.5709948 0.656621635
vn -0.8060751 0.5882157 -0.06515571
vn -0.8060751 0.5882157 -0.0651557
vn -0.0465892479 0.353218347 0.9343801
vn 0.152708679 0.4193132 -0.894905865
vn 0.29401195 0.910974264 -0.289279938
vn 0.288239539 0.874552965 -0.389968
vn 0.3701213 0.463652521 -0.80500716
vn 0.7734569 0.36878106 0.515524
vn 0.9633826 0.175213069 0.202963978
vn 0.90089 -0.360988677 0.24100709
vn 0.8323537 0.1577073 0.5313339
vn 0.3961845 0.159551725 0.9042019
vn 0.320121139 -0.274453044 0.906751335
vn -0.102125615 0.1630915 0.981311142
vn -0.0905716941 -0.2599158 0.9613743
vn 0.909181952 0.363467962 0.203172967
vn 0.909181952 0.363467962 0.203172967
vn 0.909181952 0.363467962 0.203172967
vn 0.9175774 0.3490911 0.190229043
vn 0.9175774 0.3490911 0.190229043
vn 0.9175774 0.3490911 0.190229043
vn 0.5986808 0.283450425 0.749157667
vn 0.5986808 0.283450425 0.749157667
vn 0.5986808 0.283450425 0.749157667
vn 0.615638435 0.270795971 0.740039766
vn 0.615638435 0.270795971 0.740039766
vn 0.615638435 0.270795971 0.740039766
vn 0.131176665 0.226844639 0.9650566
vn 0.131176665 0.226844639 0.9650566
vn 0.131176665 0.226844639 0.9650566
vn 0.128609 0.229723856 0.964721
vn 0.128609 0.229723856 0.964721
vn 0.128609 0.229723856 0.964721
vn 0.117727719 0.466525942 0.876637757
vn 0.117727719 0.466525942 0.876637757
vn 0.117727719 0.466525942 0.876637757
vn 0.085226804 0.522267044 0.84851253
vn 0.085226804 0.522267044 0.84851253
vn 0.085226804 0.522267044 0.84851253
vn 0.499436945 0.6028227 0.622227848
vn 0.499436945 0.6028227 0.622227848
vn 0.499436945 0.6028227 0.622227848
vn 0.4647445 0.6322929 0.6198534
vn 0.4647445 0.6322929 0.6198534
vn 0.4647445 0.6322929 0.6198534
vn 0.781874359 0.6058642 0.146972716
vn 0.781874359 0.6058642 0.146972716
vn 0.781874359 0.6058642 0.146972716
vn 0.7744227 0.6172915 0.13863866
vn 0.7744227 0.6172915 0.13863866
vn 0.7744227 0.6172915 0.13863866
vn -0.08501804 0.0674777254 0.994091868
vn -0.08162832 -0.215194792 0.973153651
vn 0.505833566 -0.3224436 0.8001016
vn 0.3412349 0.0338812433 0.939367235
vn 0.0346268229 -0.390259862 -0.920053363
vn 0.410948932 -0.8913985 -0.191127524
vn 0.925121367 -0.0165590364 0.3793102
vn 0.7613025 -0.485660762 0.429595321
vn 0.0289442986 -0.1989711 -0.979577839
vn 0.0205660556 -0.404746354 -0.9141977
vn 0.5085311 -0.291690528 0.8101313
vn 0.378793985 -0.5215958 0.764495254
vn -0.08813456 -0.41609633 0.9050393
vn 0.773290038 -0.5399604 0.332363278
vn 0.175086647 0.4349168 -0.8832848
vn 0.06482971 -0.891097069 0.4491582
vn -0.053905 0.289542258 0.955646157
vn 0.247341633 0.373979539 0.8938464
vn 0.401287973 0.843692 -0.356583446
vn 0.322838068 0.3371858 0.884353638
vn 0.4228128 0.7949756 0.435020924
vn 0.29401195 0.910974264 -0.289279938
vn 0.401287973 0.843692 -0.356583446
vn 0.645682156 0.50205183 0.575359464
vn 0.284025669 0.390377 0.8757484
vn 0.190598965 0.7669621 0.6127325
vn 0.288239539 0.874552965 -0.389968
vn 0.871031761 0.491104752 -0.0109443618
vn -0.0465892479 0.353218347 0.9343801
vn 0.9197627 0.3129363 -0.236870155
vn 0.9197627 0.3129363 -0.236870155
vn 0.9197627 0.3129363 -0.236870155
vn 0.9585856 0.2380015 -0.156425238
vn 0.9585856 0.2380015 -0.156425238
vn 0.9585856 0.2380015 -0.156425238
vn 0.283192545 0.177987739 -0.9424024
vn 0.283192545 0.177987739 -0.9424024
vn 0.283192545 0.177987739 -0.9424024
vn 0.423151 -0.0293799285 -0.9055827
vn 0.423151 -0.0293799285 -0.9055827
vn 0.423151 -0.0293799285 -0.9055827
vn -0.111975051 0.30807 -0.944751
vn -0.111975051 0.30807 -0.944751
vn -0.111975051 0.30807 -0.944751
vn -0.344102532 -0.05573214 -0.9372766
vn -0.344102532 -0.05573214 -0.9372766
vn -0.344102532 -0.05573214 -0.9372766
vn -0.8558371 0.310063958 -0.414008737
vn -0.8558371 0.310063958 -0.414008737
vn -0.8558371 0.310063958 -0.414008737
vn -0.869550049 0.293608338 -0.3970855
vn -0.869550049 0.293608338 -0.3970855
vn -0.869550049 0.293608338 -0.3970855
vn 0.134127185 0.187107787 0.9731395
vn 0.134127185 0.187107787 0.9731395
vn 0.134127185 0.187107787 0.9731395
vn 0.12931709 0.1989048 0.971449435
vn 0.12931709 0.1989048 0.971449435
vn 0.12931709 0.1989048 0.971449435
vn 0.6087885 0.216664672 0.763173
vn 0.6087885 0.216664672 0.763173
vn 0.6087885 0.216664672 0.763173
vn 0.597238362 0.240357876 0.7652022
vn 0.597238362 0.240357876 0.7652022
vn 0.597238362 0.240357876 0.7652022
vn 0.9412286 0.260970145 0.214437038
vn 0.9412286 0.260970145 0.214437038
vn 0.9412286 0.260970145 0.214437038
vn 0.9529046 0.225414649 0.202881947
vn 0.9529046 0.225414649 0.202881947
vn 0.9529046 0.225414649 0.202881947
vn 0.9677561 0.115854546 -0.223664761
vn 0.9677561 0.115854546 -0.223664761
vn 0.9677561 0.115854546 -0.223664761
vn 0.954727948 0.165063918 -0.2474842
vn 0.954727948 0.165063918 -0.2474842
vn 0.954727948 0.165063918 -0.2474842
vn 0.295170456 -0.0467952266 -0.95429796
vn 0.295170456 -0.0467952266 -0.95429796
vn 0.295170456 -0.0467952266 -0.95429796
vn 0.319043577 -0.148998529 -0.9359544
vn 0.319043577 -0.148998529 -0.9359544
vn 0.319043577 -0.148998529 -0.9359544
vn -0.115245186 -0.05547112 -0.991787
vn -0.115245186 -0.05547112 -0.991787
vn -0.115245186 -0.05547112 -0.991787
vn -0.140645087 -0.1775462 -0.9740104
vn -0.140645087 -0.1775462 -0.9740104
vn -0.140645087 -0.1775462 -0.9740104
vn -0.9062226 0.0650585 -0.417765439
vn -0.9062226 0.0650585 -0.417765439
vn -0.9062226 0.0650585 -0.417765439
vn -0.8849666 0.137906939 -0.444764853
vn -0.8849666 0.137906939 -0.444764853
vn -0.8849666 0.137906939 -0.444764853
vn -0.970044553 0.225165382 0.09118162
vn -0.970044553 0.225165382 0.09118162
vn -0.970044553 0.225165382 0.09118162
vn -0.982058764 0.173032522 0.07496879
vn -0.982058764 0.173032522 0.07496879
vn -0.982058764 0.173032522 0.07496879
vn -0.7252464 0.151116818 0.6717003
vn -0.7252464 0.151116818 0.6717003
vn -0.7252464 0.151116818 0.6717003
vn -0.706117153 0.194253281 0.680928946
vn -0.706117153 0.194253281 0.680928946
vn -0.706117153 0.194253281 0.680928946
vn -0.34709385 0.16395469 0.923387647
vn -0.34709385 0.16395469 0.923387647
vn -0.34709385 0.16395469 0.923387647
vn -0.350553662 0.176659584 0.9197301
vn -0.350553662 0.176659584 0.9197301
vn -0.350553662 0.176659584 0.9197301
vn -0.7624732 0.22118707 -0.608038545
vn -0.7624732 0.22118707 -0.608038545
vn -0.7624732 0.22118707 -0.608038545
vn -0.49346903 -0.008976101 -0.869717062
vn -0.49346903 -0.008976101 -0.869717062
vn -0.49346903 -0.008976101 -0.869717062
vn -0.9371874 0.0660731 -0.3425115
vn -0.9371874 0.0660731 -0.3425115
vn -0.9371874 0.0660731 -0.3425115
vn -0.7127337 -0.463081 -0.526845932
vn -0.7127337 -0.463081 -0.526845932
vn -0.7127337 -0.463081 -0.526845932
vn 0.8286202 0.5111419 -0.22830373
vn 0.8286202 0.5111419 -0.22830373
vn 0.8286202 0.5111419 -0.22830373
vn 0.995993853 0.08548141 -0.0262520351
vn 0.995993853 0.08548141 -0.0262520351
vn 0.995993853 0.08548141 -0.0262520351
vn 0.432210743 0.240873739 -0.869007349
vn 0.432210743 0.240873739 -0.869007349
vn 0.432210743 0.240873739 -0.869007349
vn 0.368633181 0.412597179 -0.832990468
vn 0.368633181 0.412597179 -0.832990468
vn 0.368633181 0.412597179 -0.832990468
vn -0.2931248 0.221440688 -0.9300763
vn -0.2931248 0.221440688 -0.9300763
vn -0.2931248 0.221440688 -0.9300763
vn -0.318476468 0.413789272 -0.8528488
vn -0.318476468 0.413789272 -0.8528488
vn -0.318476468 0.413789272 -0.8528488
vn -0.9382791 -0.09801488 -0.331700861
vn -0.9382791 -0.09801488 -0.331700861
vn -0.9382791 -0.09801488 -0.331700861
vn -0.9431424 -0.07821347 -0.323055774
vn -0.9431424 -0.07821347 -0.323055774
vn -0.9431424 -0.07821347 -0.323055774
vn 0.7974023 0.602481 -0.0341503136
vn 0.7974023 0.602481 -0.0341503136
vn 0.7974023 0.602481 -0.0341503136
vn 0.9223492 0.351750284 -0.15982382
vn 0.9223492 0.351750284 -0.15982382
vn 0.9223492 0.351750284 -0.15982382
vn 0.374399483 0.386118054 -0.8430527
vn 0.374399483 0.386118054 -0.8430527
vn 0.374399483 0.386118054 -0.8430527
vn 0.374281555 0.38336575 -0.8443601
vn 0.374281555 0.38336575 -0.8443601
vn 0.374281555 0.38336575 -0.8443601
vn -0.319192976 0.405409455 -0.856597364
vn -0.319192976 0.405409455 -0.856597364
vn -0.319192976 0.405409455 -0.856597364
vn -0.302836835 0.448064446 -0.8411469
vn -0.302836835 0.448064446 -0.8411469
vn -0.302836835 0.448064446 -0.8411469
vn -0.7013387 0.639695346 -0.314505816
vn -0.7013387 0.639695346 -0.314505816
vn -0.7013387 0.639695346 -0.314505816
vn -0.6581012 0.676256 -0.331029624
vn -0.6581012 0.676256 -0.331029624
vn -0.6581012 0.676256 -0.331029624
vn 0.135723 0.387056738 -0.9120123
vn 0.135723 0.387056738 -0.9120123
vn 0.135723 0.387056738 -0.9120123
vn 0.605230331 -0.1287956 -0.785562158
vn 0.605230331 -0.1287956 -0.785562158
vn 0.605230331 -0.1287956 -0.785562158
vn 0.780259252 0.276961029 -0.5607924
vn 0.780259252 0.276961029 -0.5607924
vn 0.780259252 0.276961029 -0.5607924
vn 0.90671283 0.3541077 -0.229084268
vn 0.90671283 0.3541077 -0.229084268
vn 0.90671283 0.3541077 -0.229084268
vn -0.8791765 -0.064479515 0.472113431
vn -0.940981567 -0.141609743 0.307409167
vn -0.983778358 -0.104517989 0.14579466
vn -0.666856349 0.150601655 0.729809344
vn -0.933576 -0.178317055 0.310868
vn -0.839457 0.138037637 0.5256021
vn -0.0300535075 0.421289861 -0.906428
vn 0.0201180857 0.37176767 -0.9281078
vn 0.0256537832 0.008550799 -0.9996343
vn -0.0897478238 -0.0342607163 -0.9953751
vn -0.17778562 0.4766241 0.860942364
vn -0.07031925 0.219572678 -0.9730586
vn -0.946582 0.146213189 0.287409484
vn -0.134406939 -0.372866631 -0.918098748
vn -0.130185887 -0.0223009884 -0.9912388
vn -0.3311806 0.86830765 0.3692712
vn -0.177394941 0.965109646 -0.192599177
vn -0.249048769 0.9503262 0.186694413
vn -0.257132083 0.713341355 0.651941061
vn -0.10012576 0.08948397 0.9909427
vn -0.1584349 0.8506618 -0.5012712
vn 0.04281956 -0.3588612 -0.9324082
vn 0.0860794 0.09396052 -0.991847634
vn -0.322116733 0.0816248059 -0.943174541
vn -0.927879333 0.07773647 -0.364687532
vn -0.8700518 0.285088778 -0.402161926
vn -0.394027054 0.5271864 -0.752872646
vn 0.07650534 0.469314426 -0.8797107
vn -0.8662166 0.29624486 0.402377725
vn -0.8662166 0.29624486 0.402377725
vn -0.8662166 0.29624486 0.402377725
vn -0.87358284 0.349879473 0.338285923
vn -0.87358284 0.349879473 0.338285923
vn -0.87358284 0.349879473 0.338285923
vn -0.809045553 0.266507447 -0.523850262
vn -0.809045553 0.266507447 -0.523850262
vn -0.809045553 0.266507447 -0.523850262
vn -0.808836162 0.5076005 -0.29685995
vn -0.808836162 0.5076005 -0.29685995
vn -0.808836162 0.5076005 -0.29685995
vn -0.141677335 0.0852226 -0.986237645
vn -0.141677335 0.0852226 -0.986237645
vn -0.141677335 0.0852226 -0.986237645
vn 0.0204211678 0.283524454 -0.958747566
vn 0.0204211678 0.283524454 -0.958747566
vn 0.0204211678 0.283524454 -0.958747566
vn -0.9490767 0.3150148 -0.004370942
vn -0.9490767 0.3150148 -0.004370942
vn -0.9490767 0.3150148 -0.004370942
vn -0.9333561 0.357339472 0.0339826643
vn -0.9333561 0.357339472 0.0339826643
vn -0.9333561 0.357339472 0.0339826643
vn -0.778266549 0.504476547 0.373904437
vn -0.778266549 0.504476547 0.373904437
vn -0.778266549 0.504476547 0.373904437
vn -0.817396462 0.337328434 0.466982424
vn -0.817396462 0.337328434 0.466982424
vn -0.817396462 0.337328434 0.466982424
vn -0.7922742 0.5439127 -0.276515126
vn -0.7922742 0.5439127 -0.276515126
vn -0.7922742 0.5439127 -0.276515126
vn -0.8360042 0.2611967 -0.4825694
vn -0.8360042 0.2611967 -0.4825694
vn -0.8360042 0.2611967 -0.4825694
vn -0.119651452 0.213938892 -0.9694915
vn -0.119651452 0.213938892 -0.9694915
vn -0.119651452 0.213938892 -0.9694915
vn -0.07370526 0.2814639 -0.956737
vn -0.07370526 0.2814639 -0.956737
vn -0.07370526 0.2814639 -0.956737
vn -0.782078743 0.6231333 0.007599843
vn -0.782078743 0.6231333 0.007599843
vn -0.782078743 0.6231333 0.007599843
vn -0.8768096 0.466748953 0.115543947
vn -0.8768096 0.466748953 0.115543947
vn -0.8768096 0.466748953 0.115543947
vn -0.183722571 -0.6807614 -0.709090948
vn -0.183722585 -0.6807614 -0.709090948
vn -0.183722571 -0.6807614 -0.709090948
vn -0.0028549952 0.3696133 0.9291813
vn -0.31757316 0.6947146 0.645382762
vn -0.450658351 0.8533047 0.2622559
vn 0.0190877859 0.763611257 -0.6453941
vn 0.0190877859 0.763611257 -0.6453941
vn 0.0190877859 0.763611257 -0.6453941
vn 0.0927314758 0.6621781 -0.7435866
vn 0.0927314758 0.6621781 -0.7435866
vn 0.0927314758 0.6621781 -0.7435866
vn 0.02267585 0.8024132 -0.596337855
vn 0.02267585 0.8024132 -0.596337855
vn 0.02267585 0.8024132 -0.596337855
vn -0.292919278 0.9554462 -0.0363439322
vn -0.292919278 0.9554462 -0.0363439322
vn -0.292919278 0.9554462 -0.0363439322
vn 0.0266625173 0.804279268 -0.593653
vn 0.0266625173 0.804279268 -0.593653
vn 0.0266625173 0.804279268 -0.593653
vn 0.8010533 -0.0436380468 0.5970003
vn 0.851576149 -0.399436057 0.339512646
vn 0.853695154 -0.313918471 0.41552344
vn 0.7542305 0.0845981762 0.6511371
vn 0.8339433 -0.238078788 0.497852474
vn 0.05791324 0.37730667 -0.9242758
vn 0.30152452 -0.09963544 -0.948238254
vn 0.18191883 0.4572121 0.8705531
vn 0.5510975 0.113236032 0.8267219
vn 0.7018757 -0.183347732 0.688298
vn 0.6766295 -0.137445346 0.7233818
vn 0.05143879 -0.291921735 -0.955058
vn 0.18245776 -0.470426619 -0.8633701
vn 0.312204152 0.868396044 0.385249078
vn 0.235457167 0.7737301 0.58813405
vn 0.230692014 0.9729317 0.0136058647
vn 0.177142322 0.9591497 -0.220573023
vn 0.126934946 0.679265559 -0.7228318
vn 0.476682723 0.113890044 -0.8716666
vn 0.986022234 0.06501752 -0.153404146
vn 0.9065663 0.348544151 -0.238022134
vn 0.5037548 0.57548964 -0.6442381
vn 0.7698716 0.401353031 0.496199071
vn 0.7698716 0.401353031 0.496199071
vn 0.7698716 0.401353031 0.496199071
vn 0.756137669 0.416033566 0.505145431
vn 0.756137669 0.416033566 0.505145431
vn 0.756137669 0.416033566 0.505145431
vn 0.8776435 0.321399182 -0.3555902
vn 0.8776435 0.321399182 -0.3555902
vn 0.8776435 0.321399182 -0.3555902
vn 0.87719965 0.26576975 -0.399858981
vn 0.87719965 0.26576975 -0.399858981
vn 0.87719965 0.26576975 -0.399858981
vn 0.12657775 0.301597983 -0.944995642
vn 0.12657775 0.301597983 -0.944995642
vn 0.12657775 0.301597983 -0.944995642
vn 0.157935172 0.25958243 -0.952719
vn 0.157935172 0.25958243 -0.952719
vn 0.157935172 0.25958243 -0.952719
vn 0.8965249 0.407839417 0.17294544
vn 0.8965249 0.407839417 0.17294544
vn 0.8965249 0.407839417 0.17294544
vn 0.9116505 0.382126957 0.151236281
vn 0.9116505 0.382126957 0.151236281
vn 0.9116505 0.382126957 0.151236281
vn 0.676315 0.5698383 0.466778666
vn 0.676315 0.5698383 0.466778666
vn 0.676315 0.5698383 0.466778666
vn 0.6851318 0.542790532 0.485770375
vn 0.6851318 0.542790532 0.485770375
vn 0.6851318 0.542790532 0.485770375
vn 0.856693149 0.2901895 -0.4264586
vn 0.856693149 0.2901895 -0.4264586
vn 0.856693149 0.2901895 -0.4264586
vn 0.8401463 0.393701553 -0.37303254
vn 0.8401463 0.393701553 -0.37303254
vn 0.8401463 0.393701553 -0.37303254
vn 0.138346612 0.213414818 -0.9671165
vn 0.138346612 0.213414818 -0.9671165
vn 0.138346612 0.213414818 -0.9671165
vn 0.06697514 0.3264758 -0.9428297
vn 0.06697514 0.3264758 -0.9428297
vn 0.06697514 0.3264758 -0.9428297
vn 0.8750513 0.464691371 0.135451391
vn 0.8750513 0.464691371 0.135451391
vn 0.8750513 0.464691371 0.135451391
vn 0.8162712 0.5760429 0.0433121435
vn 0.8162712 0.5760429 0.0433121435
vn 0.8162712 0.5760429 0.0433121435
vn -0.05932054 -0.8107206 -0.5824201
vn -0.05932054 -0.8107206 -0.582420051
vn -0.0593205355 -0.8107206 -0.5824201
vn -0.07012165 0.432158977 0.899067044
vn 0.318229467 0.669308364 0.671383858
vn 0.510650039 0.8217187 0.253011853
vn -0.04597438 0.666933656 -0.7436974
vn -0.04597438 0.666933656 -0.7436974
vn -0.04597438 0.666933656 -0.7436974
vn 0.0398565829 0.7648655 -0.64295584
vn 0.0398565829 0.7648655 -0.64295584
vn 0.0398565829 0.7648655 -0.64295584
vn 0.0293681119 0.8467541 -0.5311733
vn 0.0293681119 0.8467541 -0.5311733
vn 0.0293681119 0.8467541 -0.5311733
vn 0.386874348 0.921914756 0.0200348161
vn 0.386874348 0.921914756 0.0200348161
vn 0.386874348 0.921914756 0.0200348161
vn 0.118992835 0.7982812 -0.5904133
vn 0.118992835 0.7982812 -0.5904133
vn 0.118992835 0.7982812 -0.5904133
vn -0.893629432 0.345417738 0.286553681
vn -0.893629432 0.345417738 0.286553681
vn -0.893629432 0.345417738 0.286553681
vn -0.8673995 0.402037233 0.2932306
vn -0.8673995 0.402037233 0.2932306
vn -0.8673995 0.402037233 0.2932306
vn -0.7958941 0.280155659 -0.5367173
vn -0.7958941 0.280155659 -0.5367173
vn -0.7958941 0.280155659 -0.5367173
vn -0.7918345 0.311758339 -0.52517134
vn -0.7918345 0.311758339 -0.52517134
vn -0.7918345 0.311758339 -0.52517134
vn 0.04200737 0.363876522 -0.9304995
vn 0.04200737 0.363876522 -0.9304995
vn 0.04200737 0.363876522 -0.9304995
vn 0.03169411 0.31426093 -0.9488074
vn 0.03169411 0.31426093 -0.9488074
vn 0.03169411 0.31426093 -0.9488074
vn -0.91969943 0.392421126 0.0125919143
vn -0.91969943 0.392421126 0.0125919143
vn -0.91969943 0.392421126 0.0125919143
vn -0.936194062 0.351444632 0.005224109
vn -0.936194062 0.351444632 0.005224109
vn -0.936194062 0.351444632 0.005224109
vn 0.7892939 0.41263622 0.4546939
vn 0.7892939 0.41263622 0.4546939
vn 0.7892939 0.41263622 0.4546939
vn 0.7750284 0.43871963 0.454814285
vn 0.7750284 0.43871963 0.454814285
vn 0.7750284 0.43871963 0.454814285
vn 0.8725299 0.317378968 -0.371432543
vn 0.8725299 0.317378968 -0.371432543
vn 0.8725299 0.317378968 -0.371432543
vn 0.864691854 0.3487883 -0.361461937
vn 0.864691854 0.3487883 -0.361461937
vn 0.864691854 0.3487883 -0.361461937
vn 0.125259832 0.365733981 -0.92225194
vn 0.125259832 0.365733981 -0.92225194
vn 0.125259832 0.365733981 -0.92225194
vn 0.14114432 0.3167029 -0.937964559
vn 0.14114432 0.3167029 -0.937964559
vn 0.14114432 0.3167029 -0.937964559
vn 0.8811236 0.432599932 0.190993369
vn 0.8811236 0.432599932 0.190993369
vn 0.8811236 0.432599932 0.190993369
vn 0.900407 0.392437071 0.187777415
vn 0.900407 0.392437071 0.187777415
vn 0.900407 0.392437071 0.187777415
vn -0.9085085 0.269357383 0.31946674
vn -0.9085085 0.269357383 0.31946674
vn -0.9085085 0.269357383 0.31946674
vn -0.855886459 0.400937051 0.326661617
vn -0.855886459 0.400937051 0.326661617
vn -0.855886459 0.400937051 0.326661617
vn -0.800451934 0.282135546 -0.528844237
vn -0.800451934 0.282135546 -0.528844237
vn -0.800451934 0.282135546 -0.528844237
vn -0.796575963 0.310406685 -0.51876235
vn -0.796575963 0.310406685 -0.51876235
vn -0.796575963 0.310406685 -0.51876235
vn 0.0298841912 0.363395035 -0.931155741
vn 0.0298841912 0.363395035 -0.931155741
vn 0.0298841912 0.363395035 -0.931155741
vn 0.0194515157 0.31623587 -0.948481143
vn 0.0194515157 0.31623587 -0.948481143
vn 0.0194515157 0.31623587 -0.948481143
vn -0.9202169 0.391405046 0.00169913028
vn -0.9202169 0.391405046 0.00169913028
vn -0.9202169 0.391405046 0.00169913028
vn -0.9363241 0.351060778 -0.00731201051
vn -0.9363241 0.351060778 -0.00731201051
vn -0.9363241 0.351060778 -0.00731201051
vn 0.8164229 0.307584584 0.488718122
vn 0.8164229 0.307584584 0.488718122
vn 0.8164229 0.307584584 0.488718122
vn 0.757219434 0.436977357 0.485458016
vn 0.757219434 0.436977357 0.485458016
vn 0.757219434 0.436977357 0.485458016
vn 0.8752609 0.319447517 -0.363141358
vn 0.8752609 0.319447517 -0.363141358
vn 0.8752609 0.319447517 -0.363141358
vn 0.868179262 0.347608179 -0.354165673
vn 0.868179262 0.347608179 -0.354165673
vn 0.868179262 0.347608179 -0.354165673
vn 0.13681975 0.365790069 -0.9205857
vn 0.13681975 0.365790069 -0.9205857
vn 0.13681975 0.365790069 -0.9205857
vn 0.152985856 0.31921494 -0.9352524
vn 0.152985856 0.31921494 -0.9352524
vn 0.152985856 0.31921494 -0.9352524
vn 0.8836558 0.4317117 0.181045353
vn 0.8836558 0.4317117 0.181045353
vn 0.8836558 0.4317117 0.181045353
vn 0.903018355 0.3921184 0.175502181
vn 0.903018355 0.3921184 0.175502181
vn 0.903018355 0.3921184 0.175502181
vn 0.131228581 -0.9784158 -0.159629554
vn 0.131228581 -0.9784158 -0.159629554
vn 0.131228581 -0.9784158 -0.159629554
vn 0.236816987 -0.969058335 -0.0695960447
vn 0.236816987 -0.969058335 -0.0695960447
vn 0.236816987 -0.969058335 -0.0695960447
vn 0.231298029 -0.965125263 0.122614831
vn 0.231298029 -0.965125263 0.122614831
vn 0.231298029 -0.965125263 0.122614831
vn 0.875382 -0.387308747 0.289306432
vn 0.875382 -0.387308747 0.289306432
vn 0.875382 -0.387308747 0.289306432
vn 0.204979658 0.081613414 0.975357652
vn 0.543214142 -0.5423375 -0.6409278
vn 0.543214142 -0.5423375 -0.6409278
vn 0.543214142 -0.5423375 -0.6409278
vn 0.30951792 -0.349141866 -0.8844765
vn 0.30951792 -0.349141866 -0.8844765
vn 0.30951792 -0.349141866 -0.8844765
vn 0.190598965 0.7669621 0.6127325
vn 0.8442759 -0.23944509 -0.479441673
vn 0.8442759 -0.23944509 -0.479441673
vn 0.8442759 -0.23944509 -0.479441673
vn 0.6302265 -0.0456584767 -0.7750677
vn 0.6302265 -0.0456584767 -0.7750677
vn 0.6302265 -0.0456584767 -0.7750677
vn 0.876197755 -0.446089923 0.182431534
vn 0.876197755 -0.446089923 0.182431534
vn 0.876197755 -0.446089923 0.182431534
vn 0.8936755 -0.439598233 0.0899858847
vn 0.8936755 -0.439598233 0.0899858847
vn 0.8936755 -0.439598233 0.0899858847
vn -0.08039151 -0.9589746 -0.2718545
vn -0.08039151 -0.9589746 -0.2718545
vn -0.08039151 -0.9589746 -0.2718545
vn 0.274611354 -0.953403533 -0.124941312
vn 0.274611354 -0.953403533 -0.124941312
vn 0.274611354 -0.953403533 -0.124941312
vn -0.49558273 -0.8502559 -0.177377135
vn -0.49558273 -0.8502559 -0.177377135
vn -0.49558273 -0.8502559 -0.177377135
vn 0.0478252731 -0.9063843 0.4197383
vn 0.0478252731 -0.9063843 0.4197383
vn 0.0478252731 -0.9063843 0.4197383
vn -0.499816149 -0.323225439 -0.803560257
vn -0.499816149 -0.323225439 -0.803560257
vn -0.499816149 -0.323225439 -0.803560257
vn -0.533963263 -0.3324861 -0.777390659
vn -0.533963263 -0.3324861 -0.777390659
vn -0.533963263 -0.3324861 -0.777390659
vn -0.210896984 -0.49068135 -0.8454314
vn -0.210896984 -0.49068135 -0.8454314
vn -0.210896984 -0.49068135 -0.8454314
vn -0.44220224 -0.4106471 -0.797387064
vn -0.44220224 -0.4106471 -0.797387064
vn -0.44220224 -0.4106471 -0.797387064
vn -0.137810811 -0.235952273 0.9619432
vn -0.137810811 -0.235952273 0.9619432
vn -0.137810811 -0.235952273 0.9619432
vn -0.801301837 -0.0608530864 0.5951573
vn -0.801301837 -0.0608530864 0.5951573
vn -0.801301837 -0.0608530864 0.5951573
vn -0.8816281 0.2017394 0.4266534
vn -0.8816281 0.2017394 0.4266534
vn -0.8816281 0.2017394 0.4266534
vn -0.7985727 0.316480458 0.511978269
vn -0.7985727 0.316480458 0.511978269
vn -0.7985727 0.316480458 0.511978269
vn 0.9861101 -0.14767988 -0.07601027
vn 0.9861101 -0.14767988 -0.07601027
vn 0.9861101 -0.14767988 -0.07601027
vn 0.864029 0.3307219 0.379574627
vn 0.864029 0.3307219 0.379574627
vn 0.864029 0.3307219 0.379574627
vn 0.409532934 -0.392121881 0.8237252
vn 0.368523747 -0.916591 0.155084625
vn 0.0127524408 -0.992234051 0.123729177
vn 0.00305425515 -0.95608747 0.2930656
vn -0.575204432 -0.134254247 -0.806917369
vn 0.294088185 -0.914308369 0.278482229
vn -0.013794709 -0.510525346 -0.859752059
vn -0.9261465 0.0444203839 -0.374539018
vn -0.237146214 0.110648982 -0.965152
vn -0.431040466 -0.215742067 -0.8761618
vn -0.9234988 -0.3808588 -0.0457871929
vn -0.8842173 0.223431945 0.410168082
vn -0.9636079 0.15368785 -0.218723178
vn -0.9737071 0.0427258238 0.223761216
vn 0.85039407 -0.5195472 0.08306995
vn 0.9483703 -0.2409415 0.20625475
vn 0.552081466 -0.00452293362 0.8337779
vn 0.40285334 -0.5087778 0.7608248
vn -0.409025669 0.115430124 0.905192733
vn -0.5152808 -0.4853877 0.706317544
vn 0.7247996 -0.114799082 -0.679328144
vn 0.5935656 -0.7706638 -0.2318561
vn 0.368523747 -0.916591 0.155084625
vn 0.9483703 -0.2409415 0.20625475
vn -0.3058929 0.08734034 0.9480513
vn 0.810055554 -0.5845228 0.0462936424
vn 0.85039407 -0.5195472 0.08306995
vn 0.40285334 -0.5087778 0.7608248
vn 0.29639715 -0.819313347 0.490789562
vn -0.7690934 -0.638950169 -0.0154265352
vn -0.9234988 -0.3808588 -0.0457871929
vn -0.431040466 -0.215742067 -0.8761618
vn -0.16667293 -0.644368649 -0.7463305
vn -0.5152808 -0.4853877 0.706317544
vn -0.5276518 -0.686707735 0.5000161
vn 0.508941 -0.335227132 -0.7928441
vn 0.152360424 -0.7244469 -0.6722819
vn 0.06608359 -0.9083283 -0.4130044
vn 0.0127524408 -0.992234051 0.123729177
vn 0.85039407 -0.5195472 0.08306995
vn 0.508941 -0.335227132 -0.7928441
vn 0.790151 -0.5899035 0.166358724
vn -0.9955523 0.00562461233 -0.09404265
vn -0.499500722 0.170916289 -0.84928596
vn -0.509907 0.328058332 -0.7952186
vn -0.9570897 0.196062863 -0.213397771
vn 0.6191491 0.148737848 -0.7710587
vn 0.608484149 0.3394154 -0.717317343
vn 0.991059661 -0.08162333 0.105538569
vn 0.9952881 0.09425995 0.0227305964
vn 0.991059661 -0.08162333 0.105538569
vn 0.301579833 -0.39965573 0.8656356
vn 0.404853523 -0.265038669 0.8751275
vn 0.9952881 0.09425995 0.0227305964
vn -0.649837136 -0.305673063 0.6958992
vn -0.7416334 -0.164386839 0.650351346
vn -0.990091145 -0.139367059 -0.0172148943
vn -0.16667293 -0.644368649 -0.7463305
vn 0.152360424 -0.7244469 -0.6722819
vn 0.810055554 -0.5845228 0.0462936424
vn 0.810055554 -0.5845228 0.0462936424
vn 0.29639715 -0.819313347 0.490789562
vn -0.5276518 -0.686707735 0.5000161
vn 0.174940735 -0.86952436 -0.461869121
vn 0.174940735 -0.86952436 -0.461869121
vn 0.174940735 -0.86952436 -0.461869121
vn -0.181269765 -0.3565209 -0.916533768
vn -0.181269765 -0.3565209 -0.916533768
vn -0.181269765 -0.3565209 -0.916533768
vn 0.6757369 -0.4052384 -0.6157609
vn 0.6757369 -0.4052384 -0.6157609
vn 0.6757369 -0.4052384 -0.6157609
vn 0.652846932 -0.4384437 -0.6177038
vn 0.652846932 -0.4384437 -0.6177038
vn 0.652846932 -0.4384437 -0.6177038
vn 0.952594161 -0.3026041 -0.031545233
vn 0.952594161 -0.3026041 -0.031545233
vn 0.952594161 -0.3026041 -0.031545233
vn 0.9227068 -0.3803118 -0.0630487353
vn 0.9227068 -0.3803118 -0.0630487353
vn 0.9227068 -0.3803118 -0.0630487353
vn 0.846763134 -0.416794568 0.330566823
vn 0.846763134 -0.416794568 0.330566823
vn 0.846763134 -0.416794568 0.330566823
vn 0.8805105 -0.164111763 0.444711745
vn 0.8805105 -0.164111763 0.444711745
vn 0.8805105 -0.164111763 0.444711745
vn 0.1412899 0.13335982 0.980944633
vn 0.1412899 0.13335982 0.980944633
vn 0.1412899 0.13335982 0.980944633
vn -0.574199736 -0.372334242 0.7291514
vn -0.37105602 -0.9216693 0.113327481
vn 0.6783885 -0.189934775 -0.709728062
vn 0.00104375836 -0.454673022 -0.890657842
vn -0.03687952 -0.5904731 -0.8062143
vn 0.929221153 -0.0617326461 -0.364331126
vn 0.93282187 -0.35978967 0.0198687632
vn 0.455255359 -0.330890268 -0.8265919
vn 0.2383685 -0.0125793638 -0.9710933
vn 0.834363759 0.303688377 0.460011363
vn 0.967244267 0.07528569 0.242426485
vn 0.9744756 0.211652085 -0.07483738
vn -0.853114545 -0.5000751 0.148729563
vn -0.409759939 -0.384340852 0.827271938
vn -0.5768862 0.108985096 0.8095212
vn -0.954411566 -0.18095313 0.23739101
vn 0.398710668 0.248922139 0.882648051
vn 0.509998143 -0.357255 0.7824773
vn -0.7030067 -0.1776347 -0.688641846
vn -0.954411566 -0.18095313 0.23739101
vn -0.37105602 -0.9216693 0.113327481
vn -0.4518824 -0.624221 -0.637299359
vn 0.22371693 0.236889943 0.9454279
vn -0.802255452 -0.5828921 0.128930181
vn -0.294977 -0.7297714 0.6167838
vn -0.409759939 -0.384340852 0.827271938
vn -0.853114545 -0.5000751 0.148729563
vn 0.7953681 -0.597441256 0.102242753
vn 0.213261545 -0.736766636 -0.641634166
vn 0.455255359 -0.330890268 -0.8265919
vn 0.93282187 -0.35978967 0.0198687632
vn 0.5360579 -0.57290405 0.6200185
vn 0.509998143 -0.357255 0.7824773
vn -0.5046835 -0.441984624 -0.7415822
vn -0.198076382 -0.807254732 -0.555972636
vn -0.5046835 -0.441984624 -0.7415822
vn -0.853114545 -0.5000751 0.148729563
vn -0.236651108 -0.701716959 -0.6720041
vn 0.997009933 0.009135552 -0.0767319053
vn 0.9576274 0.1731822 -0.230125189
vn 0.520156145 0.185107335 -0.8337703
vn 0.5136308 0.0205248054 -0.8577658
vn -0.5996187 0.187045127 -0.7781205
vn -0.598955333 -0.0198911 -0.8005354
vn -0.9908405 -0.09174415 0.0990865156
vn -0.997057736 0.07571927 -0.0119365221
vn -0.9908405 -0.09174415 0.0990865156
vn -0.997057736 0.07571927 -0.0119365221
vn -0.417889476 -0.106107347 0.9022802
vn -0.306290984 -0.2415466 0.920782864
vn 0.730987847 -0.02474983 0.6819415
vn 0.640049636 -0.156147122 0.7522995
vn 0.9925487 -0.119112238 0.02567659
vn 0.213261545 -0.736766636 -0.641634166
vn -0.198076382 -0.807254732 -0.555972636
vn -0.802255452 -0.5828921 0.128930181
vn -0.802255452 -0.5828921 0.128930181
vn -0.294977 -0.7297714 0.6167838
vn 0.5360579 -0.57290405 0.6200185
vn 0.314420283 -0.429163 -0.846734345
vn 0.314420283 -0.429163 -0.846734345
vn 0.314420283 -0.429163 -0.846734345
vn -0.0015187317 -0.8724311 -0.488734782
vn -0.0015187317 -0.8724311 -0.488734782
vn -0.0015187317 -0.8724311 -0.488734782
vn -0.540123761 -0.5004537 -0.6766184
vn -0.540123761 -0.5004537 -0.6766184
vn -0.540123761 -0.5004537 -0.6766184
vn -0.68406117 -0.2768749 -0.6748337
vn -0.68406117 -0.2768749 -0.6748337
vn -0.68406117 -0.2768749 -0.6748337
vn -0.8771617 -0.4486703 -0.171120808
vn -0.8771617 -0.4486703 -0.171120808
vn -0.8771617 -0.4486703 -0.171120808
vn -0.917514145 -0.36977157 -0.1464132
vn -0.917514145 -0.36977157 -0.1464132
vn -0.917514145 -0.36977157 -0.1464132
vn -0.9344935 -0.250635475 0.252791941
vn -0.9344935 -0.250635475 0.252791941
vn -0.9344935 -0.250635475 0.252791941
vn -0.900431037 -0.3840657 0.204248562
vn -0.900431037 -0.3840657 0.204248562
vn -0.900431037 -0.3840657 0.204248562
vn -0.306742221 0.07844542 0.948554456
vn -0.306742221 0.07844542 0.948554456
vn -0.306742221 0.07844542 0.948554456
vn 0.176401824 -0.784089148 0.595051765
vn 0.176401824 -0.784089148 0.595051765
vn 0.176401824 -0.784089148 0.595051765
vn -0.246746972 -0.9310928 -0.268667281
vn -0.246746972 -0.9310928 -0.268667281
vn -0.246746972 -0.9310928 -0.268667281
vn 0.364329457 -0.9080501 -0.206661612
vn 0.364329457 -0.9080501 -0.206661612
vn 0.364329457 -0.9080501 -0.206661612
vn 0.06021173 -0.913645864 -0.40202713
vn 0.06021173 -0.913645864 -0.40202713
vn 0.06021173 -0.913645864 -0.40202713
vn -0.04849788 -0.750879943 0.658655643
vn -0.04849788 -0.750879943 0.658655643
vn -0.04849788 -0.750879943 0.658655643
vn -0.00749703869 -0.72651273 0.687112153
vn -0.00749703869 -0.72651273 0.687112153
vn -0.00749703869 -0.72651273 0.687112153
vn 0.07401124 -0.9065992 0.4154518
vn 0.07401124 -0.9065992 0.4154518
vn 0.07401124 -0.9065992 0.4154518
vn 0.06942411 -0.9356146 0.3461296
vn 0.06942411 -0.9356146 0.3461296
vn 0.06942411 -0.9356146 0.3461296
vn -0.238032579 -0.6686868 0.704413533
vn -0.238032579 -0.6686868 0.704413533
vn -0.238032579 -0.6686868 0.704413533
vn 0.38234055 -0.885013 0.265645921
vn 0.38234055 -0.885013 0.265645921
vn 0.38234055 -0.885013 0.265645921
vn 0.376403064 -0.8901661 0.2567587
vn 0.376403064 -0.8901661 0.2567587
vn 0.376403064 -0.8901661 0.2567587
vn 0.391307682 -0.919026434 -0.04763113
vn 0.391307682 -0.919026434 -0.04763113
vn 0.391307682 -0.919026434 -0.04763113
vn -0.071646 -0.965241134 -0.251349121
vn -0.071646 -0.965241134 -0.251349121
vn -0.071646 -0.965241134 -0.251349121
vn -0.0727151856 -0.991918862 -0.103968419
vn -0.0727151856 -0.991918862 -0.103968419
vn -0.0727151856 -0.991918862 -0.103968419
vn -0.0157008134 -0.9976564 0.06659725
vn -0.0157008134 -0.9976564 0.06659725
vn -0.0157008134 -0.9976564 0.06659725
vn -0.7532737 -0.628224432 0.1947119
vn -0.7532737 -0.628224432 0.1947119
vn -0.7532737 -0.628224432 0.1947119
vn 0.0786194354 -0.986650944 0.1426144
vn 0.0786194354 -0.986650944 0.1426144
vn 0.0786194354 -0.986650944 0.1426144
vn 0.023840189 -0.993265331 0.113382436
vn 0.023840189 -0.993265331 0.113382436
vn 0.023840189 -0.993265331 0.113382436
vn 0.08053194 -0.9957253 -0.04523025
vn 0.08053194 -0.9957253 -0.04523025
vn 0.08053194 -0.9957253 -0.04523025
usemtl 0001010802_part_0_material_0
f 1/1/1 2/2/2 3/3/3
f 3/3/3 4/4/4 1/1/1
f 5/5/5 6/6/6 7/7/7
f 7/7/7 8/8/8 5/5/5
f 9/9/9 10/10/10 2/2/2
f 2/2/2 11/11/11 9/9/9
f 9/9/9 12/12/12 13/13/13
f 13/13/13 10/10/10 9/9/9
f 8/8/8 7/7/7 14/14/14
f 14/14/14 15/15/15 8/8/8
f 15/15/15 12/12/12 9/9/9
f 12/12/12 15/15/15 14/14/14
f 16/16/16 17/17/17 18/18/18
f 16/16/16 1/1/1 4/4/4
f 2/2/2 1/1/1 18/18/18
f 18/18/18 11/11/11 2/2/2
f 19/19/19 5/5/5 8/8/8
f 8/8/8 20/20/20 19/19/19
f 21/21/21 15/15/15 9/9/9
f 9/9/9 22/22/22 21/21/21
f 20/20/20 8/8/8 15/15/15
f 15/15/15 21/21/21 20/20/20
f 23/23/23 24/24/24 18/18/18
f 18/18/18 17/17/17 23/23/23
f 25/25/25 26/26/26 27/27/27
f 27/27/27 28/28/28 25/25/25
f 29/29/29 30/30/30 31/31/31
f 31/31/31 32/32/32 29/29/29
f 33/33/33 34/34/34 26/26/26
f 26/26/26 25/25/25 33/33/33
f 35/35/35 36/36/36 34/34/34
f 34/34/34 33/33/33 35/35/35
f 32/32/32 31/31/31 36/36/36
f 36/36/36 35/35/35 32/32/32
f 28/28/28 27/27/27 37/37/37
f 37/37/37 38/38/38 28/28/28
f 2/2/2 10/10/10 39/39/39
f 39/39/39 3/3/3 2/2/2
f 40/40/40 26/26/26 41/41/41
f 41/41/41 24/24/24 40/40/40
f 20/20/20 31/31/31 42/42/42
f 42/42/42 19/19/19 20/20/20
f 41/41/41 26/26/26 34/34/34
f 34/34/34 22/22/22 41/41/41
f 22/22/22 34/34/34 36/36/36
f 36/36/36 21/21/21 22/22/22
f 21/21/21 36/36/36 31/31/31
f 31/31/31 20/20/20 21/21/21
f 43/43/43 40/40/40 24/24/24
f 24/24/24 23/23/23 43/43/43
f 26/26/26 40/40/40 27/27/27
f 42/42/42 31/31/31 30/30/30
f 37/37/37 27/27/27 40/40/40
f 40/40/40 43/43/43 37/37/37
f 11/11/11 41/41/41 22/22/22
f 22/22/22 9/9/9 11/11/11
f 41/41/41 11/11/11 18/18/18
f 18/18/18 24/24/24 41/41/41
f 1/1/1 16/16/16 18/18/18
f 44/44/44 45/45/45 46/46/46
f 46/46/46 47/47/47 44/44/44
f 48/48/48 49/49/49 50/50/50
f 50/50/50 51/51/51 48/48/48
f 52/52/52 53/53/53 47/47/47
f 47/47/47 54/54/54 52/52/52
f 52/52/52 54/54/54 55/55/55
f 55/55/55 56/56/56 52/52/52
f 49/49/49 57/57/57 58/58/58
f 58/58/58 50/50/50 49/49/49
f 57/57/57 52/52/52 56/56/56
f 56/56/56 58/58/58 57/57/57
f 59/59/59 60/60/60 61/61/61
f 59/59/59 45/45/45 44/44/44
f 47/47/47 53/53/53 60/60/60
f 60/60/60 44/44/44 47/47/47
f 62/62/62 63/63/63 49/49/49
f 49/49/49 48/48/48 62/62/62
f 64/64/64 65/65/65 52/52/52
f 52/52/52 57/57/57 64/64/64
f 63/63/63 64/64/64 57/57/57
f 57/57/57 49/49/49 63/63/63
f 66/66/66 61/61/61 60/60/60
f 60/60/60 67/67/67 66/66/66
f 68/68/68 69/69/69 70/70/70
f 70/70/70 71/71/71 68/68/68
f 72/72/72 73/73/73 74/74/74
f 74/74/74 75/75/75 72/72/72
f 76/76/76 68/68/68 71/71/71
f 71/71/71 77/77/77 76/76/76
f 78/78/78 76/76/76 77/77/77
f 77/77/77 79/79/79 78/78/78
f 73/73/73 78/78/78 79/79/79
f 79/79/79 74/74/74 73/73/73
f 69/69/69 80/80/80 81/81/81
f 81/81/81 70/70/70 69/69/69
f 47/47/47 46/46/46 82/82/82
f 82/82/82 54/54/54 47/47/47
f 83/83/83 67/67/67 84/84/84
f 84/84/84 71/71/71 83/83/83
f 63/63/63 62/62/62 85/85/85
f 85/85/85 74/74/74 63/63/63
f 84/84/84 65/65/65 77/77/77
f 77/77/77 71/71/71 84/84/84
f 65/65/65 64/64/64 79/79/79
f 79/79/79 77/77/77 65/65/65
f 64/64/64 63/63/63 74/74/74
f 74/74/74 79/79/79 64/64/64
f 86/86/86 66/66/66 67/67/67
f 67/67/67 83/83/83 86/86/86
f 71/71/71 70/70/70 83/83/83
f 85/85/85 75/75/75 74/74/74
f 81/81/81 86/86/86 83/83/83
f 83/83/83 70/70/70 81/81/81
f 53/53/53 52/52/52 65/65/65
f 65/65/65 84/84/84 53/53/53
f 84/84/84 67/67/67 60/60/60
f 60/60/60 53/53/53 84/84/84
f 44/44/44 60/60/60 59/59/59
f 87/87/87 88/88/88 89/89/89
f 89/89/89 90/90/90 87/87/87
f 91/91/91 92/92/92 88/88/88
f 88/88/88 87/87/87 91/91/91
f 93/93/93 94/94/94 92/92/92
f 92/92/92 91/91/91 93/93/93
f 95/95/95 96/96/96 97/97/97
f 98/98/98 99/99/99 100/100/100
f 101/101/101 102/102/102 103/103/103
f 104/104/104 105/105/105 106/106/106
f 107/107/107 108/108/108 109/109/109
f 110/110/110 111/111/111 112/112/112
f 113/113/113 114/114/114 115/115/115
f 116/116/116 117/117/117 118/118/118
f 119/119/119 120/120/120 121/121/121
f 122/122/122 123/123/123 124/124/124
f 125/125/125 126/126/126 127/127/127
f 128/128/128 129/129/129 130/130/130
f 131/131/131 132/132/132 133/133/133
f 133/133/133 134/134/134 131/131/131
f 135/135/135 136/136/136 137/137/137
f 133/133/133 138/138/138 137/137/137
f 137/137/137 136/136/136 133/133/133
f 132/132/132 139/139/139 138/138/138
f 138/138/138 133/133/133 132/132/132
f 140/140/140 141/141/141 134/134/134
f 134/134/134 133/133/133 140/140/140
f 142/142/142 140/140/140 133/133/133
f 133/133/133 136/136/136 142/142/142
f 143/143/143 138/138/138 139/139/139
f 144/144/144 145/145/145 132/132/132
f 132/132/132 131/131/131 144/144/144
f 132/132/132 145/145/145 146/146/146
f 146/146/146 139/139/139 132/132/132
f 147/147/147 148/148/148 145/145/145
f 145/145/145 149/149/149 147/147/147
f 150/150/150 146/146/146 145/145/145
f 145/145/145 148/148/148 150/150/150
f 138/138/138 143/143/143 137/137/137
f 142/142/142 89/89/89 88/88/88
f 88/88/88 92/92/92 140/140/140
f 140/140/140 142/142/142 88/88/88
f 151/151/151 152/152/152 147/147/147
f 145/145/145 144/144/144 153/153/153
f 153/153/153 149/149/149 145/145/145
f 140/140/140 92/92/92 94/94/94
f 94/94/94 141/141/141 140/140/140
f 154/154/154 155/155/155 156/156/156
f 156/156/156 157/157/157 154/154/154
f 158/158/158 159/159/159 160/160/160
f 160/160/160 161/161/161 158/158/158
f 162/162/162 158/158/158 161/161/161
f 161/161/161 163/163/163 162/162/162
f 164/164/164 162/162/162 163/163/163
f 163/163/163 165/165/165 164/164/164
f 166/166/166 167/167/167 168/168/168
f 169/169/169 170/170/170 171/171/171
f 172/172/172 173/173/173 174/174/174
f 175/175/175 176/176/176 177/177/177
f 178/178/178 179/179/179 180/180/180
f 181/181/181 182/182/182 183/183/183
f 184/184/184 185/185/185 186/186/186
f 187/187/187 188/188/188 189/189/189
f 190/190/190 191/191/191 192/192/192
f 193/193/193 194/194/194 195/195/195
f 196/196/196 197/197/197 198/198/198
f 199/199/199 200/200/200 201/201/201
f 202/202/202 203/203/203 204/204/204
f 204/204/204 205/205/205 202/202/202
f 206/206/206 207/207/207 208/208/208
f 204/204/204 208/208/208 207/207/207
f 207/207/207 209/209/209 204/204/204
f 210/210/210 206/206/206 211/211/211
f 205/205/205 204/204/204 209/209/209
f 209/209/209 212/212/212 205/205/205
f 213/213/213 204/204/204 203/203/203
f 203/203/203 214/214/214 213/213/213
f 215/215/215 208/208/208 204/204/204
f 204/204/204 213/213/213 215/215/215
f 210/210/210 216/216/216 154/154/154
f 154/154/154 206/206/206 210/210/210
f 217/217/217 212/212/212 209/209/209
f 218/218/218 202/202/202 205/205/205
f 205/205/205 219/219/219 218/218/218
f 154/154/154 216/216/216 220/220/220
f 220/220/220 155/155/155 154/154/154
f 205/205/205 212/212/212 221/221/221
f 221/221/221 219/219/219 205/205/205
f 222/222/222 223/223/223 224/224/224
f 224/224/224 225/225/225 222/222/222
f 225/225/225 226/226/226 219/219/219
f 219/219/219 222/222/222 225/225/225
f 227/227/227 222/222/222 219/219/219
f 219/219/219 221/221/221 227/227/227
f 227/227/227 228/228/228 223/223/223
f 223/223/223 222/222/222 227/227/227
f 209/209/209 207/207/207 217/217/217
f 215/215/215 161/161/161 160/160/160
f 161/161/161 215/215/215 213/213/213
f 213/213/213 163/163/163 161/161/161
f 229/229/229 225/225/225 224/224/224
f 219/219/219 226/226/226 230/230/230
f 230/230/230 218/218/218 219/219/219
f 213/213/213 214/214/214 165/165/165
f 165/165/165 163/163/163 213/213/213
f 231/231/231 232/232/232 233/233/233
f 234/234/234 235/235/235 236/236/236
f 237/237/237 238/238/238 239/239/239
f 240/240/240 241/241/241 242/242/242
f 243/243/243 244/244/244 245/245/245
f 246/246/246 247/247/247 248/248/248
f 249/249/249 250/250/250 251/251/251
f 252/252/252 253/253/253 254/254/254
f 255/255/255 256/256/256 257/257/257
f 258/258/258 259/259/259 260/260/260
f 261/261/261 262/262/262 263/263/263
f 264/264/264 265/265/265 266/266/266
f 267/267/267 268/268/268 269/269/269
f 270/270/270 271/271/271 272/272/272
f 273/273/273 274/274/274 275/275/275
f 276/276/276 277/277/277 278/278/278
f 279/279/279 280/280/280 281/281/281
f 282/282/282 283/283/283 284/284/284
f 285/285/285 286/286/286 287/287/287
f 288/288/288 289/289/289 290/290/290
f 291/291/291 292/292/292 293/293/293
f 294/294/294 295/295/295 296/296/296
f 297/297/297 298/298/298 299/299/299
f 300/300/300 301/301/301 302/302/302
f 303/303/303 304/304/304 305/305/305
f 306/306/306 307/307/307 308/308/308
f 309/309/309 310/310/310 311/311/311
f 312/312/312 313/313/313 314/314/314
f 315/315/315 316/316/316 317/317/317
f 318/318/318 319/319/319 320/320/320
f 321/321/321 322/322/322 323/323/323
f 324/324/324 325/325/325 326/326/326
f 327/327/327 328/328/328 329/329/329
f 330/330/330 331/331/331 332/332/332
f 333/333/333 334/334/334 335/335/335
f 336/336/336 337/337/337 338/338/338
f 339/339/339 340/340/340 341/341/341
f 342/342/342 343/343/343 344/344/344
f 345/345/345 346/346/346 347/347/347
f 348/348/348 349/349/349 350/350/350
f 351/351/351 352/352/352 353/353/353
f 354/354/354 355/355/355 356/356/356
f 357/357/357 358/358/358 359/359/359
f 360/360/360 361/361/361 362/362/362
f 363/363/363 364/364/364 365/365/365
f 366/366/366 367/367/367 368/368/368
f 369/369/369 370/370/370 371/371/371
f 372/372/372 373/373/373 374/374/374
f 375/375/375 376/376/376 377/377/377
f 378/378/378 379/379/379 380/380/380
f 381/381/381 382/382/382 383/383/383
f 384/384/384 385/385/385 386/386/386
f 387/387/387 388/388/388 389/389/389
f 390/390/390 391/391/391 392/392/392
f 393/393/393 394/394/394 395/395/395
f 395/395/395 396/396/396 393/393/393
f 397/397/397 398/398/398 399/399/399
f 399/399/399 390/390/390 397/397/397
f 396/396/396 400/400/400 401/401/401
f 402/402/402 403/403/403 404/404/404
f 404/404/404 405/405/405 402/402/402
f 397/397/397 406/406/406 398/398/398
f 403/403/403 393/393/393 407/407/407
f 407/407/407 404/404/404 403/403/403
f 393/393/393 396/396/396 401/401/401
f 401/401/401 407/407/407 393/393/393
f 408/408/408 409/409/409 410/410/410
f 410/410/410 400/400/400 408/408/408
f 396/396/396 395/395/395 408/408/408
f 408/408/408 400/400/400 396/396/396
f 390/390/390 399/399/399 391/391/391
f 391/391/391 411/411/411 388/388/388
f 412/412/412 411/411/411 410/410/410
f 410/410/410 413/413/413 412/412/412
f 413/413/413 410/410/410 409/409/409
f 409/409/409 414/414/414 413/413/413
f 388/388/388 411/411/411 412/412/412
f 412/412/412 389/389/389 388/388/388
f 391/391/391 399/399/399 411/411/411
f 411/411/411 400/400/400 410/410/410
f 415/415/415 416/416/416 417/417/417
f 418/418/418 419/419/419 420/420/420
f 421/421/421 422/422/422 423/423/423
f 424/424/424 425/425/425 426/426/426
f 427/427/427 428/428/428 429/429/429
f 430/430/430 431/431/431 432/432/432
f 433/433/433 434/434/434 435/435/435
f 436/436/436 437/437/437 438/438/438
f 439/439/439 440/440/440 441/441/441
f 442/442/442 443/443/443 444/444/444
f 445/445/445 446/446/446 447/447/447
f 448/448/448 449/449/449 450/450/450
f 451/451/451 452/452/452 453/453/453
f 454/454/454 455/455/455 456/456/456
f 457/457/457 458/458/458 459/459/459
f 460/460/460 461/461/461 462/462/462
f 463/463/463 464/464/464 465/465/465
f 411/411/411 399/399/399 398/398/398
f 390/390/390 466/466/466 397/397/397
f 467/467/467 397/397/397 466/466/466
f 467/467/467 468/468/468 402/402/402
f 402/402/402 397/397/397 467/467/467
f 468/468/468 403/403/403 402/402/402
f 469/469/469 470/470/470 471/471/471
f 472/472/472 473/473/473 474/474/474
f 475/475/475 476/476/476 477/477/477
f 478/478/478 479/479/479 480/480/480
f 481/481/481 482/482/482 483/483/483
f 484/484/484 485/485/485 486/486/486
f 487/487/487 484/484/484 486/486/486
f 486/486/486 488/488/488 487/487/487
f 489/489/489 490/490/490 395/395/395
f 395/395/395 394/394/394 489/489/489
f 491/491/491 492/492/492 493/493/493
f 493/493/493 494/494/494 491/491/491
f 490/490/490 495/495/495 496/496/496
f 497/497/497 498/498/498 499/499/499
f 499/499/499 500/500/500 497/497/497
f 491/491/491 498/498/498 497/497/497
f 500/500/500 499/499/499 501/501/501
f 501/501/501 489/489/489 500/500/500
f 489/489/489 501/501/501 495/495/495
f 495/495/495 490/490/490 489/489/489
f 408/408/408 496/496/496 502/502/502
f 502/502/502 409/409/409 408/408/408
f 490/490/490 496/496/496 408/408/408
f 408/408/408 395/395/395 490/490/490
f 492/492/492 488/488/488 493/493/493
f 488/488/488 486/486/486 503/503/503
f 504/504/504 505/505/505 502/502/502
f 502/502/502 503/503/503 504/504/504
f 505/505/505 414/414/414 409/409/409
f 409/409/409 502/502/502 505/505/505
f 486/486/486 485/485/485 504/504/504
f 504/504/504 503/503/503 486/486/486
f 488/488/488 503/503/503 493/493/493
f 503/503/503 502/502/502 496/496/496
f 506/506/506 507/507/507 508/508/508
f 509/509/509 510/510/510 511/511/511
f 512/512/512 513/513/513 514/514/514
f 515/515/515 516/516/516 517/517/517
f 518/518/518 519/519/519 520/520/520
f 521/521/521 522/522/522 523/523/523
f 524/524/524 525/525/525 526/526/526
f 527/527/527 528/528/528 529/529/529
f 530/530/530 531/531/531 532/532/532
f 533/533/533 534/534/534 535/535/535
f 536/536/536 537/537/537 538/538/538
f 539/539/539 540/540/540 541/541/541
f 542/542/542 543/543/543 544/544/544
f 545/545/545 546/546/546 547/547/547
f 548/548/548 549/549/549 550/550/550
f 551/551/551 552/552/552 553/553/553
f 554/554/554 555/555/555 556/556/556
f 503/503/503 494/494/494 493/493/493
f 492/492/492 491/491/491 557/557/557
f 558/558/558 557/557/557 491/491/491
f 558/558/558 491/491/491 497/497/497
f 497/497/497 559/559/559 558/558/558
f 559/559/559 497/497/497 500/500/500
f 560/560/560 561/561/561 562/562/562
f 563/563/563 564/564/564 565/565/565
f 566/566/566 567/567/567 568/568/568
f 569/569/569 570/570/570 571/571/571
f 572/572/572 573/573/573 574/574/574
f 488/488/488 492/492/492 487/487/487
f 388/388/388 387/387/387 392/392/392
f 392/392/392 391/391/391 388/388/388
f 575/575/575 576/576/576 577/577/577
f 578/578/578 579/579/579 580/580/580
f 581/581/581 582/582/582 583/583/583
f 584/584/584 585/585/585 586/586/586
f 587/587/587 588/588/588 589/589/589
f 590/590/590 591/591/591 592/592/592
f 593/593/593 594/594/594 595/595/595
f 596/596/596 597/597/597 598/598/598
f 599/599/599 600/600/600 601/601/601
f 602/602/602 603/603/603 604/604/604
f 605/605/605 606/606/606 607/607/607
f 608/608/608 609/609/609 610/610/610
f 611/611/611 612/612/612 613/613/613
f 614/614/614 615/615/615 616/616/616
f 617/617/617 618/618/618 619/619/619
f 620/620/620 621/621/621 622/622/622
f 623/623/623 624/624/624 625/625/625
f 626/626/626 627/627/627 628/628/628
f 629/629/629 630/630/630 631/631/631
f 632/632/632 633/633/633 634/634/634
f 635/635/635 636/636/636 637/637/637
f 638/638/638 639/639/639 640/640/640
f 641/641/641 642/642/642 643/643/643
f 644/644/644 645/645/645 646/646/646
f 647/647/647 648/648/648 649/649/649
f 650/650/650 651/651/651 652/652/652
f 653/653/653 654/654/654 655/655/655
f 656/656/656 657/657/657 658/658/658
f 659/659/659 660/660/660 661/661/661
f 662/662/662 663/663/663 664/664/664
f 665/665/665 666/666/666 667/667/667
f 668/668/668 669/669/669 670/670/670
f 671/671/671 672/672/672 673/673/673
f 674/674/674 675/675/675 676/676/676
f 677/677/677 678/678/678 679/679/679
f 680/680/680 681/681/681 682/682/682
f 491/491/491 683/683/683 498/498/498
f 491/491/491 494/494/494 683/683/683
f 684/684/684 685/685/685 686/686/686
f 687/687/687 688/688/688 689/689/689
f 55/55/55 54/54/54 82/82/82
f 82/82/82 690/690/690 55/55/55
f 691/691/691 692/692/692 693/693/693
f 694/694/694 695/695/695 696/696/696
f 697/697/697 698/698/698 699/699/699
f 700/700/700 701/701/701 702/702/702
f 397/397/397 402/402/402 405/405/405
f 397/397/397 405/405/405 406/406/406
f 39/39/39 10/10/10 13/13/13
f 703/703/703 704/704/704 705/705/705
f 706/706/706 707/707/707 708/708/708
f 709/709/709 710/710/710 711/711/711
f 712/712/712 713/713/713 714/714/714
f 715/715/715 716/716/716 717/717/717
f 718/718/718 719/719/719 720/720/720
f 721/721/721 722/722/722 723/723/723
f 724/724/724 725/725/725 726/726/726
f 727/727/727 728/728/728 729/729/729
f 730/730/730 731/731/731 732/732/732
f 733/733/733 734/734/734 735/735/735
f 736/736/736 737/737/737 738/738/738
f 739/739/739 740/740/740 741/741/741
f 742/742/742 743/743/743 744/744/744
f 745/745/745 746/746/746 747/747/747
f 747/747/747 748/748/748 745/745/745
f 749/749/749 750/750/750 751/751/751
f 752/752/752 753/753/753 754/754/754
f 754/754/754 755/755/755 752/752/752
f 756/756/756 757/757/757 758/758/758
f 759/759/759 760/760/760 761/761/761
f 761/761/761 762/762/762 759/759/759
f 758/758/758 757/757/757 749/749/749
f 749/749/749 752/752/752 758/758/758
f 763/763/763 764/764/764 762/762/762
f 762/762/762 761/761/761 763/763/763
f 765/765/765 766/766/766 767/767/767
f 767/767/767 768/768/768 765/765/765
f 763/763/763 769/769/769 756/756/756
f 756/756/756 758/758/758 763/763/763
f 765/765/765 753/753/753 751/751/751
f 751/751/751 766/766/766 765/765/765
f 770/770/770 771/771/771 772/772/772
f 772/772/772 773/773/773 770/770/770
f 774/774/774 775/775/775 776/776/776
f 776/776/776 777/777/777 774/774/774
f 773/773/773 772/772/772 778/778/778
f 778/778/778 779/779/779 773/773/773
f 780/780/780 771/771/771 770/770/770
f 770/770/770 781/781/781 780/780/780
f 779/779/779 778/778/778 775/775/775
f 775/775/775 774/774/774 779/779/779
f 776/776/776 780/780/780 781/781/781
f 781/781/781 777/777/777 776/776/776
f 766/766/766 782/782/782 783/783/783
f 783/783/783 767/767/767 766/766/766
f 749/749/749 751/751/751 753/753/753
f 753/753/753 752/752/752 749/749/749
f 746/746/746 745/745/745 761/761/761
f 761/761/761 760/760/760 746/746/746
f 758/758/758 752/752/752 755/755/755
f 761/761/761 745/745/745 769/769/769
f 769/769/769 763/763/763 761/761/761
f 768/768/768 784/784/784 785/785/785
f 785/785/785 765/765/765 768/768/768
f 758/758/758 755/755/755 764/764/764
f 764/764/764 763/763/763 758/758/758
f 785/785/785 754/754/754 753/753/753
f 753/753/753 765/765/765 785/785/785
f 766/766/766 751/751/751 750/750/750
f 750/750/750 786/786/786 766/766/766
f 786/786/786 782/782/782 766/766/766
f 787/787/787 788/788/788 789/789/789
f 789/789/789 790/790/790 787/787/787
f 789/789/789 788/788/788 791/791/791
f 791/791/791 792/792/792 789/789/789
f 793/793/793 794/794/794 792/792/792
f 792/792/792 791/791/791 793/793/793
f 795/795/795 796/796/796 797/797/797
f 797/797/797 798/798/798 795/795/795
f 796/796/796 799/799/799 800/800/800
f 800/800/800 797/797/797 796/796/796
f 787/787/787 790/790/790 800/800/800
f 800/800/800 799/799/799 787/787/787
f 801/801/801 802/802/802 788/788/788
f 788/788/788 787/787/787 801/801/801
f 788/788/788 802/802/802 803/803/803
f 803/803/803 791/791/791 788/788/788
f 791/791/791 803/803/803 804/804/804
f 804/804/804 793/793/793 791/791/791
f 805/805/805 806/806/806 796/796/796
f 796/796/796 795/795/795 805/805/805
f 806/806/806 807/807/807 799/799/799
f 799/799/799 796/796/796 806/806/806
f 799/799/799 807/807/807 801/801/801
f 801/801/801 787/787/787 799/799/799
f 808/808/808 809/809/809 810/810/810
f 811/811/811 812/812/812 813/813/813
f 814/814/814 815/815/815 816/816/816
f 817/817/817 818/818/818 819/819/819
f 820/820/820 821/821/821 822/822/822
f 823/823/823 824/824/824 825/825/825
f 826/826/826 827/827/827 828/828/828
f 829/829/829 830/830/830 831/831/831
f 832/832/832 833/833/833 834/834/834
f 835/835/835 748/748/748 747/747/747
f 747/747/747 836/836/836 835/835/835
f 837/837/837 838/838/838 839/839/839
f 840/840/840 841/841/841 842/842/842
f 842/842/842 843/843/843 840/840/840
f 844/844/844 845/845/845 846/846/846
f 847/847/847 848/848/848 849/849/849
f 849/849/849 850/850/850 847/847/847
f 845/845/845 840/840/840 837/837/837
f 837/837/837 846/846/846 845/845/845
f 851/851/851 849/849/849 848/848/848
f 848/848/848 852/852/852 851/851/851
f 853/853/853 854/854/854 855/855/855
f 855/855/855 856/856/856 853/853/853
f 851/851/851 845/845/845 844/844/844
f 844/844/844 857/857/857 851/851/851
f 853/853/853 856/856/856 838/838/838
f 838/838/838 843/843/843 853/853/853
f 858/858/858 859/859/859 860/860/860
f 860/860/860 861/861/861 858/858/858
f 862/862/862 863/863/863 864/864/864
f 864/864/864 865/865/865 862/862/862
f 859/859/859 866/866/866 867/867/867
f 867/867/867 860/860/860 859/859/859
f 868/868/868 869/869/869 858/858/858
f 858/858/858 861/861/861 868/868/868
f 866/866/866 862/862/862 865/865/865
f 865/865/865 867/867/867 866/866/866
f 864/864/864 863/863/863 869/869/869
f 869/869/869 868/868/868 864/864/864
f 856/856/856 855/855/855 783/783/783
f 783/783/783 782/782/782 856/856/856
f 837/837/837 840/840/840 843/843/843
f 843/843/843 838/838/838 837/837/837
f 836/836/836 850/850/850 849/849/849
f 849/849/849 835/835/835 836/836/836
f 845/845/845 841/841/841 840/840/840
f 849/849/849 851/851/851 857/857/857
f 857/857/857 835/835/835 849/849/849
f 854/854/854 853/853/853 870/870/870
f 870/870/870 871/871/871 854/854/854
f 845/845/845 851/851/851 852/852/852
f 852/852/852 841/841/841 845/845/845
f 870/870/870 853/853/853 843/843/843
f 843/843/843 842/842/842 870/870/870
f 856/856/856 872/872/872 839/839/839
f 839/839/839 838/838/838 856/856/856
f 872/872/872 856/856/856 782/782/782
f 873/873/873 874/874/874 875/875/875
f 875/875/875 876/876/876 873/873/873
f 875/875/875 877/877/877 878/878/878
f 878/878/878 876/876/876 875/875/875
f 879/879/879 878/878/878 877/877/877
f 877/877/877 880/880/880 879/879/879
f 881/881/881 882/882/882 883/883/883
f 883/883/883 884/884/884 881/881/881
f 884/884/884 883/883/883 885/885/885
f 885/885/885 886/886/886 884/884/884
f 873/873/873 886/886/886 885/885/885
f 885/885/885 874/874/874 873/873/873
f 887/887/887 873/873/873 876/876/876
f 876/876/876 888/888/888 887/887/887
f 876/876/876 878/878/878 889/889/889
f 889/889/889 888/888/888 876/876/876
f 878/878/878 879/879/879 890/890/890
f 890/890/890 889/889/889 878/878/878
f 891/891/891 881/881/881 884/884/884
f 884/884/884 892/892/892 891/891/891
f 892/892/892 884/884/884 886/886/886
f 886/886/886 893/893/893 892/892/892
f 886/886/886 873/873/873 887/887/887
f 887/887/887 893/893/893 886/886/886
f 894/894/894 895/895/895 896/896/896
f 897/897/897 898/898/898 899/899/899
f 900/900/900 901/901/901 902/902/902
f 903/903/903 904/904/904 905/905/905
f 906/906/906 907/907/907 908/908/908
f 909/909/909 910/910/910 911/911/911
f 912/912/912 913/913/913 914/914/914
f 915/915/915 916/916/916 917/917/917
f 918/918/918 919/919/919 920/920/920
f 921/921/921 922/922/922 923/923/923
f 924/924/924 925/925/925 926/926/926
f 927/927/927 928/928/928 929/929/929
f 930/930/930 931/931/931 932/932/932
f 933/933/933 934/934/934 935/935/935
f 936/936/936 937/937/937 938/938/938
f 939/939/939 940/940/940 941/941/941
f 942/942/942 943/943/943 944/944/944
f 945/945/945 946/946/946 947/947/947
f 948/948/948 949/949/949 950/950/950
f 951/951/951 952/952/952 953/953/953
f 954/954/954 955/955/955 956/956/956
f 957/957/957 958/958/958 959/959/959
f 960/960/960 961/961/961 962/962/962
f 963/963/963 964/964/964 965/965/965
f 966/966/966 967/967/967 968/968/968
f 969/969/969 970/970/970 971/971/971
f 972/972/972 973/973/973 974/974/974
f 975/975/975 976/976/976 977/977/977
