mtllib 0712000000.mtl
o 0712000000_part_0
v 0.124489613 0.99126184 0.172662482
v 0.0248585977 0.9804757 0.216477126
v 0.0440829322 0.8857465 0.215148047
v 0.147747934 0.8846574 0.139237463
v -0.08534931 0.971512139 0.227627531
v -0.09523704 0.86239326 0.209259048
v 0.124489613 0.99126184 0.172662482
v 0.0957801938 1.08805847 0.143625885
v 0.00683435658 1.08966482 0.223013178
v 0.0248585977 0.9804757 0.216477126
v -0.07526254 1.07939065 0.243291035
v -0.08534931 0.971512139 0.227627531
v -0.072692804 1.29384136 0.239570558
v 0.0202996191 1.299942 0.2092863
v 0.00670454651 1.4470998 0.207235441
v 0.0101420134 1.48958874 0.231353208
v -0.08098863 1.48682618 0.246065885
v -0.0508106761 0.6181607 0.09551324
v -0.102919966 0.8118554 0.0870168954
v 0.02768309 0.8046745 -0.043402262
v 0.05236347 0.635708034 -0.03986793
v -0.0551382378 0.8350787 0.193244845
v 0.125746459 0.674938142 0.250526547
v -0.0508106761 0.6181607 0.09551324
v -0.00340495445 0.633880138 0.2019192
v -0.102919966 0.8118554 0.0870168954
v 0.1819916 0.6400776 -0.02230605
v 0.165086612 0.858876944 0.01293603
v 0.250913978 0.665060759 0.125975773
v 0.0386014767 1.69268453 0.06430744
v -0.0203868914 1.716398 0.07327698
v -0.012841817 1.6692487 0.122315213
v 0.03033399 1.68815386 -0.0311541185
v -0.0901862755 1.65556765 0.131695211
v 0.000678881945 1.58086967 0.186026141
v -0.012841817 1.6692487 0.122315213
v -0.0901862755 1.65556765 0.131695211
v -0.0849996358 1.584035 0.189344168
v 0.0608528852 1.16419172 -0.0231987759
v 0.0727973 0.9641341 -0.04644452
v -0.0215605963 0.9588288 -0.06610786
v -0.07481561 1.16676116 -0.0296995528
v -0.0854442 0.9778373 -0.0727202743
v 0.112294495 0.9702232 0.0248142555
v 0.244965836 1.547354 0.021372905
v 0.207696065 1.6362009 0.0308846831
v 0.19505091 1.58703959 0.107225128
v 0.20825614 1.524269 0.08527396
v 0.1669124 1.50080013 0.121143892
v 0.129364341 1.5189054 0.14782393
v 0.143867522 1.4389255 0.05054521
v 0.194330841 1.52444208 -0.05092622
v 0.120145142 1.47827435 -0.0126419291
v 0.114657022 1.50553763 -0.055033356
v 0.169990569 1.58270621 -0.05647727
v 0.143867522 1.4389255 0.05054521
v 0.0888951942 1.46699154 -0.0209197812
v 0.120145142 1.47827435 -0.0126419291
v 0.144669846 1.65462971 0.0234050527
v 0.136942446 1.60908294 0.110750534
v 0.19505091 1.58703959 0.107225128
v 0.207696065 1.6362009 0.0308846831
v 0.144669846 1.65462971 0.0234050527
v 0.207696065 1.6362009 0.0308846831
v 0.169990569 1.58270621 -0.05647727
v 0.137661979 1.62242651 -0.0470100157
v 0.114657022 1.50553763 -0.055033356
v 0.1669124 1.50080013 0.121143892
v -0.006836136 1.7334919 0.0715746
v -0.08436581 1.7222743 0.155280411
v -0.003943424 1.7358644 0.011753289
v -0.09814444 0.8622247 -0.00561425276
v -0.0854442 0.9778373 -0.0727202743
v -0.0215605963 0.9588288 -0.06610786
v 0.112294495 0.9702232 0.0248142555
v 0.107494049 1.1693548 0.03313802
v 0.0727973 0.9641341 -0.04644452
v -0.00126020843 1.80336332 0.09465636
v -0.08080113 1.77836657 0.144779488
v -0.00186793157 1.83159661 0.0180373564
v -0.07666905 1.84981179 -0.0500891581
v -0.08040587 1.73555291 -0.0393243842
v 0.3034495 1.33001518 -0.021238042
v 0.194330841 1.52444208 -0.05092622
v 0.244965836 1.547354 0.021372905
v 0.217729956 1.32052517 -0.08139199
v 0.120145142 1.47827435 -0.0126419291
v 0.169909239 1.30281925 -0.009541613
v 0.143867522 1.4389255 0.05054521
v 0.200266048 1.31125951 0.0566552877
v 0.1669124 1.50080013 0.121143892
v 0.143867522 1.4389255 0.05054521
v 0.169909239 1.30281925 -0.009541613
v 0.20825614 1.524269 0.08527396
v 0.253530622 1.32365584 0.07237444
v 0.234761342 1.2498678 -0.101430982
v 0.225670412 1.28642917 -0.0966246352
v 0.331156224 1.2893362 -0.0286251158
v 0.255469769 1.27074385 0.06754038
v 0.2662498 1.19561374 0.0990549251
v 0.179267332 1.25851822 -0.0169789083
v 0.196471915 1.14248168 -0.0199161619
v 0.362130761 1.19038618 -0.03274618
v 0.179267332 1.25851822 -0.0169789083
v 0.2572037 1.15357471 -0.118928254
v 0.196471915 1.14248168 -0.0199161619
v 0.0902979746 1.30016661 0.144093692
v -0.08235039 1.48184991 -0.11934042
v -0.08889217 1.63777959 -0.07528243
v 0.0150111774 1.64614475 -0.07990283
v 0.0108761918 1.48239112 -0.08570624
v 0.09182747 1.47852254 0.1676724
v 0.000678881945 1.58086967 0.186026141
v -0.08946829 1.68452048 -0.0615931377
v 0.03033399 1.68815386 -0.0311541185
v 0.0101420134 1.48958874 0.231353208
v 0.03033399 1.68815386 -0.0311541185
v 0.0386014767 1.69268453 0.06430744
v -0.012841817 1.6692487 0.122315213
v 0.0787571743 1.44688964 0.155266941
v 0.09182747 1.47852254 0.1676724
v -0.08235039 1.48184991 -0.11934042
v 0.0108761918 1.48239112 -0.08570624
v 0.0301887169 1.29771876 -0.0303684324
v -0.07316525 1.29697156 -0.0552925244
v 0.143867522 1.4389255 0.05054521
v 0.104181305 1.29675317 0.0396368429
v 0.0888951942 1.46699154 -0.0209197812
v -0.08946829 1.68452048 -0.0615931377
v 0.362130761 1.19038618 -0.03274618
v 0.3200171 1.05415809 0.170009091
v 0.413677484 1.00191224 -0.0326243
v 0.204734564 0.9558598 0.007522651
v 0.196471915 1.14248168 -0.0199161619
v 0.2572037 1.15357471 -0.118928254
v 0.204734564 0.9558598 0.007522651
v 0.196471915 1.14248168 -0.0199161619
v 0.286139071 0.9489989 -0.126831263
v 0.286139071 0.9489989 -0.126831263
v 0.2572037 1.15357471 -0.118928254
v 0.05990472 0.493120372 -0.06681162
v -0.02236228 0.457506537 0.122309536
v 0.167486534 0.484164923 0.2724228
v 0.0450230874 0.476714641 0.232846662
v -0.02236228 0.457506537 0.122309536
v 0.205606014 0.4999236 -0.0335242227
v 0.2814253 0.514230132 0.135144368
v 0.0698356 0.346728623 0.120154157
v 0.153016791 0.329601437 0.1355139
v 0.16050534 0.45010525 0.171995461
v 0.0878551453 0.4744323 0.158705562
v 0.21346812 0.394595355 0.0399440639
v 0.209369719 0.46880883 0.110075526
v 0.169472232 0.5430579 0.04996968
v 0.101374283 0.5452416 0.0322549529
v 0.103469893 0.387842447 -0.04760036
v 0.03767761 0.3897505 0.0417883433
v 0.0645128638 0.490790963 0.0863710642
v 0.0645128638 0.490790963 0.0863710642
v 0.03767761 0.3897505 0.0417883433
v 0.3886231 -0.000851838558 0.372458458
v 0.252526343 -0.00103803689 0.458463818
v 0.109977864 -0.0005715422 0.42122227
v 0.109114416 -0.0009667876 0.252757818
v 0.05873849 -0.00157328974 -0.03022527
v 0.146777466 -0.001095043 -0.118552022
v 0.2426602 -0.0006190591 -0.05127936
v 0.08889973 -0.0014728622 0.123744249
v 0.27336365 -0.0005246892 0.080980666
v 0.331456423 -0.0006803799 0.206592843
v 0.146777466 -0.001095043 -0.118552022
v 0.052379 0.08811852 -0.0392080881
v 0.144771487 0.107873045 -0.105942734
v 0.05873849 -0.00157328974 -0.03022527
v 0.136196345 0.206154287 -0.06665159
v 0.20604299 0.190925509 0.0297102667
v 0.220771238 0.103205837 -0.0407180078
v 0.06641953 0.199360475 -0.0112269819
v 0.08560309 0.18725723 0.08406466
v 0.27336365 -0.0005246892 0.080980666
v 0.2566253 0.09862553 0.06898679
v 0.306306839 0.0690438449 0.219436228
v 0.331456423 -0.0006803799 0.206592843
v 0.1842932 0.152658686 0.195705
v 0.208592981 0.1383427 0.2660464
v 0.127273753 0.09177651 0.2684596
v 0.0950987339 0.09340555 0.137305915
v 0.08889973 -0.0014728622 0.123744249
v 0.109114416 -0.0009667876 0.252757818
v 0.109977864 -0.0005715422 0.42122227
v 0.144128516 0.09634086 0.3668473
v 0.1644854 0.200218529 0.127902046
v 0.2426602 -0.0006190591 -0.05127936
v 0.252526343 -0.00103803689 0.458463818
v 0.3886231 -0.000851838558 0.372458458
v 0.3376128 0.09428328 0.321473062
v 0.241556019 0.14673768 0.3835027
v 0.136196345 0.206154287 -0.06665159
v 0.20604299 0.190925509 0.0297102667
v 0.06641953 0.199360475 -0.0112269819
v 0.08560309 0.18725723 0.08406466
v 0.06641953 0.199360475 -0.0112269819
v 0.1644854 0.200218529 0.127902046
v -0.04666538 1.95341361 0.293638766
v -0.07684915 1.90506172 0.298916847
v -0.0004867082 1.90378439 0.27208966
v -0.0525445566 2.03862023 0.271368325
v 0.0131216431 1.97797155 0.2672272
v 0.0293644 2.0219686 0.252382219
v -0.006836541 1.870653 0.267109543
v 0.0619136356 1.86261868 0.207804948
v 0.08088288 1.91991282 0.2097252
v -0.07728478 1.8865658 0.289675385
v 0.0411578454 2.07907128 0.256996155
v -0.07291261 2.0741446 0.288631558
v -0.07402444 2.02640963 0.290555745
v -0.07523908 1.9734875 0.329895079
v 0.08553663 2.01030612 0.193947628
v -0.0761026144 1.93707812 0.299314231
v 0.0979866162 2.05157042 0.194817543
v -0.07825071 1.8453337 0.2798281
v -0.07785153 1.86226046 0.28934598
v -0.07570864 1.95347273 0.323693037
v -0.0182592049 1.80339551 0.252086073
v -0.07970328 1.78341961 0.2606714
v -0.08080113 1.77836657 0.144779488
v 0.0396172628 1.82609808 0.150341108
v 0.1068973 2.00997782 0.07768126
v 0.09155021 1.87685692 0.0656602159
v 0.113453709 2.093454 0.170516178
v 0.0547777861 2.131097 0.249435738
v -0.07102121 2.15545964 0.280061781
v -0.07928993 1.80087745 0.2738614
v 0.1155274 1.89742255 0.0380029567
v 0.162554085 2.01077 0.009920549
v 0.1112891 1.93573511 0.0232169442
v 0.162554085 2.01077 0.009920549
v 0.1155274 1.89742255 0.0380029567
v 0.09155021 1.87685692 0.0656602159
v 0.135173842 2.03014731 0.0315373652
v -0.00126010412 1.80336332 0.09465633
v 0.135173842 2.03014731 0.0315373652
v 0.09155021 1.87685692 0.0656602159
v 0.115321711 2.00557113 -0.07002412
v 0.135173842 2.03014731 0.0315373652
v -0.00186793157 1.83159661 0.0180373564
v -0.00126020843 1.80336332 0.09465636
v 0.03940233 1.99329388 -0.148403078
v -0.07666905 1.84981179 -0.0500891581
v 0.078884 2.24966669 0.188367337
v -0.0679922 2.28648567 0.2276669
v 0.00641987473 2.2263577 0.246429011
v 0.0547777861 2.131097 0.249435738
v 0.113453709 2.093454 0.170516178
v 0.136713728 2.1706965 0.05365519
v 0.069966495 0.3655201 -0.0813814
v -0.00747996336 0.318662882 0.07559493
v 0.07152718 0.311367184 0.217438146
v 0.1743284 0.310848027 0.228290558
v -0.00747996336 0.318662882 0.07559493
v 0.219203472 0.354988068 -0.0579340532
v 0.2847824 0.3367273 0.101323158
v 0.074286595 2.30580425 0.07982715
v -0.06662435 2.34757042 0.111733921
v 0.074286595 2.30580425 0.07982715
v -0.06738712 2.31853127 -0.0655942559
v -0.06662435 2.34757042 0.111733921
v 0.08586034 2.26627159 -0.06735102
v 0.136713728 2.1706965 0.05365519
v 0.124769852 2.13660812 -0.07580124
v 0.135173842 2.03014731 0.0315373652
v 0.115321711 2.00557113 -0.07002412
v -0.0689334646 2.25440359 -0.171914533
v 0.06506175 2.122813 -0.167204127
v 0.03940233 1.99329388 -0.148403078
v -0.07187763 2.12871122 -0.201115131
v -0.0750547647 1.99196661 -0.179335967
v 0.3980066 1.01329541 -0.0295215566
v 0.3007922 1.06148314 0.120359182
v 0.43945992 0.89869523 0.09097551
v 0.4598996 0.8544537 0.0245641917
v 0.320533931 1.020113 0.170898184
v 0.3007922 1.06148314 0.120359182
v 0.230061978 0.9763769 -0.00689004129
v 0.2686575 0.9096638 0.153369173
v 0.320533931 1.020113 0.170898184
v 0.3693042 0.8830607 0.134279758
v 0.293844521 0.867535949 -0.0788116
v 0.287978768 0.982359648 -0.102964066
v 0.3669453 0.851161838 -0.09790192
v 0.4083189 0.8775785 0.125053182
v 0.293844521 0.867535949 -0.0788116
v 0.2741637 0.76750505 0.160179973
v 0.254742473 0.7653994 0.130143717
v 0.337863237 0.770758033 0.07945877
v 0.388870627 0.7615201 0.101309344
v 0.30133152 0.8245848 0.0972477943
v 0.2619212 0.8774293 -0.05216271
v 0.374540865 0.792872548 0.132177889
v 0.286175072 0.7922122 0.170757368
v 0.31609264 0.7992693 0.167880416
v 0.2997189 0.9293702 0.195136815
v 0.248632908 0.8014318 0.175678015
v 0.286175072 0.7922122 0.170757368
v 0.374540865 0.792872548 0.132177889
v 0.2479766 0.7873073 0.117962278
v 0.254742473 0.7653994 0.130143717
v 0.2741637 0.76750505 0.160179973
v 0.3665866 0.846122146 0.131665245
v 0.272408247 0.775979042 0.131442785
v 0.248632908 0.8014318 0.175678015
v 0.2997189 0.9293702 0.195136815
v 0.3665866 0.846122146 0.131665245
v 0.272408247 0.775979042 0.131442785
v 0.278431267 0.827932537 -0.06337506
v 0.2619212 0.8774293 -0.05216271
v 0.4083189 0.8775785 0.125053182
v 0.1880587 0.849676967 -0.0002040767
v 0.220206141 0.8542907 0.127982274
v 0.1880587 0.849676967 -0.0002040767
v 0.212279782 0.8103865 0.125644416
v 0.212279782 0.8103865 0.125644416
v 0.30133152 0.8245848 0.0972477943
v 0.220206141 0.8542907 0.127982274
v 0.337863237 0.770758033 0.07945877
v 0.2479766 0.7873073 0.117962278
v 0.287978768 0.982359648 -0.102964066
v 0.121859305 1.26022053 -0.0490487777
v 0.0156046143 1.25576985 -0.100284204
v 0.0398020446 1.26375282 0.234394327
v 0.133554116 1.26637983 0.167808741
v -0.07422066 1.25820875 -0.147120178
v 0.147998437 1.27722359 0.04762303
v 0.148221418 1.04648149 -0.0468664281
v 0.0335890464 1.04770458 -0.130232662
v 0.071669 1.05479717 0.255779177
v 0.16917482 1.05800986 0.176384151
v -0.07519716 1.04585576 -0.1789661
v 0.225342318 1.06477726 0.0431039259
v -0.0750547647 1.99196661 -0.179335967
v 0.119827628 1.94751012 0.01639024
v 0.100651972 1.92760289 -0.0528680757
v 0.0302991122 1.90014386 -0.109611124
v -0.07748705 1.8867228 -0.135815114
v 0.07517149 1.86191 0.03415736
v 0.0468637422 1.84370124 -0.02329196
v -0.00407220237 1.82958853 -0.06486822
v -0.07914569 1.81481862 -0.09959359
v -0.08068678 1.74835765 -0.08266416
v 0.0387591533 1.79139531 0.05348835
v 0.0133361919 1.76079059 -0.0309458375
v 0.104722172 2.00036931 0.137729436
v 0.115391426 1.99228656 0.07659897
v 0.135173842 2.03014731 0.0315373652
v 0.113453709 2.093454 0.170516178
v 0.0944017 1.91433644 0.133657709
v 0.0849454552 0.2665737 -0.07725646
v 0.04153173 0.234539285 0.04135234
v 0.09090542 0.245220676 0.139765039
v 0.168291539 0.241088718 0.158741757
v 0.04153173 0.234539285 0.04135234
v 0.187889174 0.256705046 -0.04136397
v 0.236491024 0.247494608 0.0916878954
v 0.169152275 0.7722522 -0.06653358
v 0.04996352 0.7892409 -0.157515883
v 0.114385836 0.8275059 0.27373457
v 0.224930227 0.825012445 0.172887683
v -0.0978535 0.816239536 -0.220987439
v 0.266980171 0.7959492 0.0281309877
v -0.2856824 1.00100482 0.173454076
v -0.229635671 0.89831394 0.217565566
v -0.191703 0.987739861 0.2168104
v -0.3273652 0.89246726 0.152142376
v -0.2856824 1.00100482 0.173454076
v -0.156450674 1.09182906 0.223412514
v -0.245106667 1.09169126 0.144492954
v -0.191703 0.987739861 0.2168104
v -0.165992573 1.29941916 0.2098099
v -0.164165363 1.44176412 0.207903728
v -0.172203377 1.48304129 0.23212193
v -0.08605565 0.6660859 0.0452898
v -0.21967487 0.847568035 -0.0489832126
v -0.210455284 0.682547152 -0.07104864
v -0.243217051 0.6684511 0.22891967
v -0.138028264 0.8453999 0.189248681
v -0.08605565 0.6660859 0.0452898
v -0.118274175 0.6584946 0.158077076
v -0.334780455 0.660842657 -0.03636253
v -0.351606637 0.8841808 0.0275581665
v -0.382961363 0.652740657 0.12167199
v -0.223289251 1.679863 0.06440742
v -0.168931052 1.66351748 0.122047067
v -0.165771 1.711036 0.07287466
v -0.2139671 1.67656446 -0.03086631
v -0.1701566 1.57470465 0.186671644
v -0.168931052 1.66351748 0.122047067
v -0.208654031 1.165319 -0.02246549
v -0.171734616 0.984292865 -0.06368406
v -0.270538747 0.9952252 -0.03437339
v -0.3059185 0.993093431 0.0423083
v -0.4048273 1.49207091 0.0225570612
v -0.364806265 1.53608513 0.110562384
v -0.3832459 1.58383274 0.03463711
v -0.367817253 1.47205985 0.08738442
v -0.330214262 1.46577287 0.123575643
v -0.29973352 1.40510321 0.052781038
v -0.290936 1.49668241 0.150193736
v -0.3475079 1.47910118 -0.0469783843
v -0.2724955 1.47970116 -0.04870069
v -0.276560366 1.44880223 -0.007333432
v -0.33239007 1.539124 -0.0501003638
v -0.29973352 1.40510321 0.052781038
v -0.276560366 1.44880223 -0.007333432
v -0.247246459 1.44475865 -0.01602769
v -0.3268684 1.62150121 0.02459447
v -0.364806265 1.53608513 0.110562384
v -0.3108758 1.58000875 0.112458318
v -0.3832459 1.58383274 0.03463711
v -0.3268684 1.62150121 0.02459447
v -0.33239007 1.539124 -0.0501003638
v -0.3832459 1.58383274 0.03463711
v -0.3081124 1.58249116 -0.03969328
v -0.2724955 1.47970116 -0.04870069
v -0.330214262 1.46577287 0.123575643
v -0.157414317 1.73998523 0.06858923
v -0.158245146 1.74293852 0.009282734
v -0.171734616 0.984292865 -0.06368406
v -0.3059185 0.993093431 0.0423083
v -0.254142761 1.16924644 0.0341860168
v -0.270538747 0.9952252 -0.03437339
v -0.15757671 1.80876744 0.0934435353
v -0.153715581 1.83684611 0.0168592017
v -0.439784884 1.27977788 -0.0430762842
v -0.4048273 1.49207091 0.0225570612
v -0.3475079 1.47910118 -0.0469783843
v -0.351152182 1.27192163 -0.09715698
v -0.276560366 1.44880223 -0.007333432
v -0.29973352 1.40510321 0.052781038
v -0.305376232 1.26304531 -0.0244301446
v -0.338636965 1.275847 0.03764279
v -0.29973352 1.40510321 0.052781038
v -0.330214262 1.46577287 0.123575643
v -0.305376232 1.26304531 -0.0244301446
v -0.367817253 1.47205985 0.08738442
v -0.393111825 1.28607965 0.0498304926
v -0.362610936 1.19833136 -0.110428467
v -0.464075983 1.23784149 -0.047106225
v -0.35587436 1.23689294 -0.109676823
v -0.3906203 1.23584962 0.051132232
v -0.395186543 1.17818689 0.102879338
v -0.311110735 1.21883774 -0.0276745725
v -0.3214697 1.10426986 -0.00175423268
v -0.4896426 1.13794065 -0.02381052
v -0.311110735 1.21883774 -0.0276745725
v -0.382066339 1.0893389 -0.100343853
v -0.3214697 1.10426986 -0.00175423268
v -0.236819357 1.29798675 0.14506337
v -0.19348903 1.63681674 -0.07940018
v -0.1741287 1.47507679 -0.08476345
v -0.251586854 1.46432424 0.169441909
v -0.1701566 1.57470465 0.186671644
v -0.2139671 1.67656446 -0.03086631
v -0.172203377 1.48304129 0.23212193
v -0.2139671 1.67656446 -0.03086631
v -0.223289251 1.679863 0.06440742
v -0.168931052 1.66351748 0.122047067
v -0.251586854 1.46432424 0.169441909
v -0.236819372 1.4346112 0.156834468
v -0.177057713 1.29817021 -0.029845681
v -0.1741287 1.47507679 -0.08476345
v -0.29973352 1.40510321 0.052781038
v -0.251523882 1.29400468 0.0407071523
v -0.247246459 1.44475865 -0.01602769
v -0.4896426 1.13794065 -0.02381052
v -0.420975119 1.06292856 0.198190272
v -0.5284452 0.9456389 0.032000564
v -0.309205323 0.9403221 0.04894404
v -0.3214697 1.10426986 -0.00175423268
v -0.382066339 1.0893389 -0.100343853
v -0.3214697 1.10426986 -0.00175423268
v -0.309205323 0.9403221 0.04894404
v -0.404400617 0.8863035 -0.0650174
v -0.404400617 0.8863035 -0.0650174
v -0.382066339 1.0893389 -0.100343853
v -0.199219882 0.5065222 -0.124021269
v -0.0840563253 0.495831728 0.0508122668
v -0.250156 0.490054965 0.230602816
v -0.135497212 0.50352484 0.172058612
v -0.0840563253 0.495831728 0.0508122668
v -0.337427646 0.49913156 -0.06697043
v -0.387013733 0.498625219 0.110532068
v -0.139566 0.361928284 0.0784219354
v -0.254093438 0.4620079 0.128977358
v -0.21839422 0.3496494 0.112347558
v -0.18856065 0.4972493 0.104957581
v -0.321221471 0.394906878 0.0223624
v -0.314225316 0.474228859 0.07602856
v -0.2949011 0.553605 0.01047086
v -0.231369376 0.5655433 -0.01793762
v -0.1481574 0.4074991 -0.00626342837
v -0.226819173 0.386336178 -0.0816760138
v -0.179271653 0.5166605 0.0293147676
v -0.1481574 0.4074991 -0.00626342837
v -0.179271653 0.5166605 0.0293147676
v -0.420945346 0.00617664773 0.399399459
v -0.138167635 0.008474133 0.406656027
v -0.273682564 0.0070084543 0.464455426
v -0.162084967 0.007996337 0.23989597
v -0.153868869 0.007600842 -0.0474189669
v -0.338889182 0.007229448 -0.0411963277
v -0.253941029 0.00740332855 -0.121838234
v -0.161059543 0.00756679848 0.109312072
v -0.3887949 0.00666931551 0.226930439
v -0.349808723 0.007174037 0.0941409841
v -0.253941029 0.00740332855 -0.121838234
v -0.250881374 0.1163896 -0.109603271
v -0.149540707 0.09733108 -0.0571917966
v -0.153868869 0.007600842 -0.0474189669
v -0.2403687 0.2016174 -0.0716677
v -0.316427678 0.111213684 -0.0339137278
v -0.291388661 0.1961619 0.035403572
v -0.163017988 0.204696789 -0.0299764834
v -0.164507747 0.201869369 0.06924851
v -0.349808723 0.007174037 0.0941409841
v -0.36252895 0.07657827 0.235972688
v -0.3357252 0.106435031 0.07986855
v -0.3887949 0.00666931551 0.226930439
v -0.24593249 0.161050513 0.194600582
v -0.2595208 0.146598265 0.26774314
v -0.178400114 0.100615747 0.258146673
v -0.16587472 0.102405623 0.123688206
v -0.161059543 0.00756679848 0.109312072
v -0.162084967 0.007996337 0.23989597
v -0.18063502 0.105111331 0.35794577
v -0.138167635 0.008474133 0.406656027
v -0.235925645 0.212785184 0.124871567
v -0.338889182 0.007229448 -0.0411963277
v -0.273682564 0.0070084543 0.464455426
v -0.378668725 0.101647049 0.341517329
v -0.420945346 0.00617664773 0.399399459
v -0.2749116 0.15481931 0.388774365
v -0.2403687 0.2016174 -0.0716677
v -0.291388661 0.1961619 0.035403572
v -0.163017988 0.204696789 -0.0299764834
v -0.164507747 0.201869369 0.06924851
v -0.163017988 0.204696789 -0.0299764834
v -0.235925645 0.212785184 0.124871567
v -0.104752176 1.9547677 0.2936669
v -0.153214082 1.90734458 0.27216357
v -0.09493056 2.03960824 0.271388829
v -0.16335544 1.98208547 0.267312616
v -0.177544788 2.02679181 0.252482355
v -0.148419783 1.87395346 0.2671781
v -0.233804062 1.9272486 0.2098775
v -0.217527017 1.86913276 0.207940191
v -0.186660141 2.084382 0.257106423
v -0.23425597 2.017761 0.1941024
v -0.244768783 2.05956054 0.194983423
v -0.140158072 1.8062371 0.252145052
v -0.08080113 1.77836657 0.144779488
v -0.1970122 1.83161414 0.150455639
v -0.2557212 2.018431 0.07785676
v -0.246605441 1.88473976 0.0658238754
v -0.19784838 2.136986 0.249558
v -0.258290946 2.10211968 0.1706961
v -0.269625038 1.90640092 0.0381893665
v -0.311346143 2.02181745 0.0101499073
v -0.263620436 1.94447458 0.0233983938
v -0.269625038 1.90640092 0.0381893665
v -0.311346143 2.02181745 0.0101499073
v -0.246605441 1.88473976 0.0658238754
v -0.283071816 2.039897 0.03173979
v -0.157576829 1.80876744 0.0934435055
v -0.283071816 2.039897 0.03173979
v -0.246605441 1.88473976 0.0658238754
v -0.283071816 2.039897 0.03173979
v -0.2644847 2.0144248 -0.0698403046
v -0.153715581 1.83684611 0.0168592017
v -0.15757671 1.80876744 0.0934435353
v -0.1892957 1.998625 -0.148292392
v -0.216483369 2.25575066 0.1839784
v -0.0679922 2.28648567 0.2276669
v -0.2780395 2.18036485 0.05385592
v -0.196776465 0.36274308 -0.117769286
v -0.08798889 0.344357133 0.02716103
v -0.1089484 0.331199616 0.1758541
v -0.205855608 0.342958927 0.208636627
v -0.08798889 0.344357133 0.02716103
v -0.337892264 0.3412365 -0.06721067
v -0.343847334 0.363361329 0.1057926
v -0.209359258 2.31241632 0.07996443
v -0.06662435 2.34757042 0.111733921
v -0.209359258 2.31241632 0.07996443
v -0.06662435 2.34757042 0.111733921
v -0.2229049 2.27346945 -0.0672015846
v -0.2780395 2.18036485 0.05385592
v -0.267822236 2.14576 -0.07561123
v -0.283071816 2.039897 0.03173979
v -0.2644847 2.0144248 -0.0698403046
v -0.208910242 2.1291995 -0.167071521
v -0.1892957 1.998625 -0.148292392
v -0.5147017 0.9599079 0.0282633528
v -0.5013106 0.884213269 0.188404
v -0.410634816 1.05779266 0.146554172
v -0.5291966 0.8190855 0.144477025
v -0.389835656 1.022557 0.195687592
v -0.33967334 0.951865554 0.0350952335
v -0.410634816 1.05779266 0.146554172
v -0.326668978 0.93109107 0.217357159
v -0.389835656 1.022557 0.195687592
v -0.427863151 0.8918334 0.210722029
v -0.3810454 0.8114549 0.006864494
v -0.456594527 0.783832431 0.0106264371
v -0.408167571 0.9244243 -0.05004436
v -0.4607063 0.875589848 0.219933242
v -0.3810454 0.8114549 0.006864494
v -0.324976116 0.772539 0.266542226
v -0.401544273 0.754906952 0.200130209
v -0.3110252 0.7600301 0.236002177
v -0.448148221 0.7561792 0.231610253
v -0.361873537 0.809104264 0.194028735
v -0.348080248 0.81069684 0.0313129574
v -0.4283662 0.7945134 0.248353869
v -0.334703416 0.800027847 0.270584345
v -0.384420276 0.8167676 0.254459172
v -0.365354449 0.951106 0.259358943
v -0.3174709 0.8196407 0.265676618
v -0.334703416 0.800027847 0.270584345
v -0.4283662 0.7945134 0.248353869
v -0.306194842 0.7766345 0.216635138
v -0.3110252 0.7600301 0.236002177
v -0.324976116 0.772539 0.266542226
v -0.413500875 0.8691629 0.217843071
v -0.339207679 0.787269354 0.225062862
v -0.365354449 0.951106 0.259358943
v -0.3174709 0.8196407 0.265676618
v -0.413500875 0.8691629 0.217843071
v -0.339207679 0.787269354 0.225062862
v -0.36684823 0.761334538 0.039017
v -0.348080248 0.81069684 0.0313129574
v -0.4607063 0.875589848 0.219933242
v -0.266724885 0.795557559 0.07689442
v -0.276334316 0.8414967 0.200521857
v -0.266724885 0.795557559 0.07689442
v -0.2694415 0.798588455 0.210878327
v -0.2694415 0.798588455 0.210878327
v -0.361873537 0.809104264 0.194028735
v -0.276334316 0.8414967 0.200521857
v -0.401544273 0.754906952 0.200130209
v -0.306194842 0.7766345 0.216635138
v -0.408167571 0.9244243 -0.05004436
v -0.269491076 1.25271285 -0.0476675369
v -0.163423881 1.25414538 -0.09972541
v -0.185185716 1.26196754 0.235087216
v -0.2796449 1.25911188 0.16924037
v -0.29301706 1.25507748 0.0435452126
v -0.2973671 1.04852724 -0.04561121
v -0.185192183 1.049757 -0.129661888
v -0.219472721 1.056831 0.256572276
v -0.314374536 1.05749869 0.177862376
v -0.363319725 1.0516963 0.0471192636
v -0.271607578 1.95663488 0.0165796857
v -0.253447384 1.9358573 -0.0526966974
v -0.184505358 1.90515125 -0.109507158
v -0.2309715 1.86904657 0.03430553
v -0.203598544 1.84953976 -0.0231707413
v -0.153415769 1.83306992 -0.06479594
v -0.197865769 1.79691124 0.0536028743
v -0.1739782 1.7651571 -0.03085518
v -0.253881961 2.01096654 0.14615725
v -0.283071816 2.039897 0.03173979
v -0.265031517 2.00115466 0.07678309
v -0.258290946 2.10211968 0.1706961
v -0.247641623 1.92230988 0.133823246
v -0.198868126 0.264441848 -0.09868355
v -0.1303193 0.248024955 0.01733378
v -0.154521883 0.263008416 0.114370823
v -0.225025982 0.265835524 0.149301648
v -0.1303193 0.248024955 0.01733378
v -0.290465444 0.253254831 -0.04364301
v -0.307059377 0.267122954 0.09738363
v -0.35458684 0.797915161 -0.0607530363
v -0.253909975 0.833119154 -0.162547857
v -0.299924254 0.8402107 0.276147842
v -0.384839058 0.812136054 0.188566491
v -0.4380843 0.78967303 0.04879566
v 0.109053321 0.819856048 0.2191715
v 0.139775723 0.8210165 0.207405567
v 0.0440829322 0.8857465 0.215148047
v 0.147747934 0.8846574 0.139237463
v 0.160801321 0.6370075 0.266208678
v 0.191847444 0.6311685 0.2157835
v 0.1077425 0.635361433 0.270239919
vt 0.164760277 0.9900538
vt 0.1113188 0.9900538
vt 0.113096543 0.95250845
vt 0.165596887 0.9535848
vt 0.05949537 0.9900538
vt 0.04940529 0.949523866
vt 0.436583519 0.0102656484
vt 0.4378364 0.08150005
vt 0.387380362 0.07931292
vt 0.384130478 0.0102656484
vt 0.338181853 0.07931292
vt 0.338181853 0.0102656484
vt 0.338181853 0.198183417
vt 0.384821653 0.198183417
vt 0.38673687 0.273221374
vt 0.3823111 0.297362328
vt 0.338181853 0.297697663
vt 0.355187953 0.7939556
vt 0.34968555 0.900544
vt 0.28768146 0.92693
vt 0.30196324 0.78744036
vt 0.06006928 0.928127468
vt 0.116849706 0.790952742
vt 0.0107961269 0.7885113
vt 0.0513955839 0.7877217
vt 0.0160610676 0.922504067
vt 0.240460426 0.783858836
vt 0.2223883 0.9379749
vt 0.182624638 0.792030334
vt 0.214308158 0.2884673
vt 0.205686286 0.3192979
vt 0.16646786 0.292855263
vt 0.2545413 0.308910847
vt 0.144071743 0.313042641
vt 0.382879734 0.354080319
vt 0.383110762 0.397013545
vt 0.338181853 0.3972534
vt 0.338181853 0.3532163
vt 0.524798751 0.119900107
vt 0.521891356 0.0102656484
vt 0.561680436 0.0102656484
vt 0.5909401 0.121540427
vt 0.589920044 0.0102656484
vt 0.213046834 0.9900538
vt 0.5060191 0.9406835
vt 0.508759141 0.9905172
vt 0.4618377 0.985101163
vt 0.46181047 0.943220437
vt 0.733067155 0.484239638
vt 0.699334741 0.4876185
vt 0.7522818 0.43240273
vt 0.55640763 0.9419274
vt 0.6034697 0.9398034
vt 0.603211641 0.980370462
vt 0.5574259 0.983202159
vt 0.7718601 0.430853844
vt 0.857030332 0.4263159
vt 0.821139038 0.4493038
vt 0.749977648 0.595100641
vt 0.711883664 0.5490774
vt 0.738625944 0.5310353
vt 0.7744845 0.575979948
vt 0.8162779 0.594458461
vt 0.7877346 0.577222466
vt 0.811942041 0.5150274
vt 0.841253161 0.536445
vt 0.8536618 0.4639511
vt 0.4200167 0.9583924
vt 0.21280238 0.3493693
vt 0.158144027 0.357692242
vt 0.243543953 0.348154068
vt 0.341416866 0.937572
vt 0.341416866 0.9900538
vt 0.302685529 0.9900538
vt 0.4853073 0.0102656484
vt 0.486239642 0.116072595
vt 0.258175731 0.9900538
vt 0.202625945 0.384579
vt 0.161428288 0.3838417
vt 0.244604871 0.394820452
vt 0.2953834 0.404196858
vt 0.284258872 0.3478102
vt 0.5135174 0.841728866
vt 0.55634886 0.9418972
vt 0.5060128 0.940691531
vt 0.5679053 0.8476973
vt 0.603438139 0.939782441
vt 0.617662251 0.846452534
vt 0.648418844 0.9264402
vt 0.421191454 0.8363463
vt 0.420117736 0.9584541
vt 0.381206155 0.9305604
vt 0.3879757 0.839730442
vt 0.4617238 0.943185866
vt 0.464146435 0.8360116
vt 0.5693872 0.7913825
vt 0.569789469 0.815864265
vt 0.512502551 0.8142
vt 0.458724141 0.8112456
vt 0.45703125 0.734375
vt 0.398858428 0.8030779
vt 0.390591323 0.7273831
vt 0.5191101 0.7359016
vt 0.6221689 0.808278
vt 0.5757121 0.7277306
vt 0.632199168 0.7255904
vt 0.433019757 0.198183417
vt 0.9899904 0.449731
vt 0.9899904 0.55878067
vt 0.923873842 0.5546771
vt 0.9279187 0.443485141
vt 0.676274955 0.44236213
vt 0.62109375 0.51171875
vt 0.9899904 0.617882848
vt 0.907488 0.6165092
vt 0.6045472 0.45340246
vt 0.695787668 0.6435363
vt 0.6782678 0.6038977
vt 0.6328125 0.58203125
vt 0.431527138 0.2702713
vt 0.4336679 0.284274817
vt 0.5909401 0.276095271
vt 0.5578437 0.276095271
vt 0.529305935 0.198183417
vt 0.5909401 0.198183417
vt 0.486744374 0.276095271
vt 0.478085846 0.198183417
vt 0.517205834 0.276095271
vt 0.2983691 0.3132527
vt 0.5192859 0.735901
vt 0.45703125 0.63671875
vt 0.522656441 0.6372869
vt 0.392707348 0.6326994
vt 0.390755653 0.7271569
vt 0.575775564 0.727850556
vt 0.6396277 0.6318766
vt 0.6324105 0.72543335
vt 0.5791923 0.6291893
vt 0.579194 0.629360437
vt 0.5757341 0.727708757
vt 0.306397319 0.7043714
vt 0.3575973 0.7043714
vt 0.120058253 0.7043714
vt 0.0577116869 0.7043714
vt 0.0131062614 0.7043714
vt 0.237044126 0.7043714
vt 0.1816359 0.7043714
vt 0.8271755 0.94106555
vt 0.8654472 0.937018633
vt 0.8634422 0.974957
vt 0.836450934 0.9825574
vt 0.9066528 0.9406177
vt 0.8867113 0.979564548
vt 0.9132316 0.9906651
vt 0.9427452 0.9919598
vt 0.9500527 0.9441358
vt 0.9879175 0.949557543
vt 0.9845468 0.9867083
vt 0.8032882 0.9874202
vt 0.789418638 0.949519753
vt 0.877534866 0.6500236
vt 0.8849976 0.68216
vt 0.868032455 0.7126897
vt 0.825506568 0.699887931
vt 0.757052064 0.6888566
vt 0.7441547 0.6623215
vt 0.766636252 0.6461222
vt 0.7938007 0.6940786
vt 0.7985759 0.649536431
vt 0.832361 0.650137842
vt 0.981836736 0.7412544
vt 0.9355414 0.7831777
vt 0.976419032 0.7995534
vt 0.930520952 0.7412544
vt 0.962191641 0.8441971
vt 0.909115136 0.830534041
vt 0.9355414 0.7831777
vt 0.930250347 0.8339036
vt 0.8808207 0.836204946
vt 0.8492437 0.7412544
vt 0.8607842 0.7881269
vt 0.773594856 0.7820028
vt 0.7860996 0.7412544
vt 0.8103041 0.8255633
vt 0.763285 0.824798
vt 0.773594856 0.7820028
vt 0.8607842 0.7881269
vt 0.8492437 0.7412544
vt 0.7860996 0.7412544
vt 0.7051161 0.7412544
vt 0.722704351 0.7936275
vt 0.8470541 0.8522782
vt 0.930520952 0.7412544
vt 0.6564236 0.7412544
vt 0.7051161 0.7412544
vt 0.722704351 0.7936275
vt 0.692963362 0.83429116
vt 0.946036041 0.8720615
vt 0.902492642 0.8655578
vt 0.980004966 0.868347764
vt 0.831563 0.8745557
vt 0.7815061 0.86831
vt 0.861420453 0.8787255
vt 0.183126062 0.104982078
vt 0.167508945 0.08666408
vt 0.204308316 0.08824378
vt 0.1823268 0.141973853
vt 0.20800817 0.117122412
vt 0.21484375 0.13671875
vt 0.2025722 0.0712689757
vt 0.243525386 0.07670957
vt 0.24523896 0.09812087
vt 0.167508945 0.0767886639
vt 0.217841133 0.157807291
vt 0.16796875 0.15234375
vt 0.16796875 0.1328125
vt 0.16796875 0.109375
vt 0.2494153 0.13485384
vt 0.16796875 0.09765625
vt 0.249414712 0.152753174
vt 0.167508945 0.0559769273
vt 0.167508945 0.06331527
vt 0.16796875 0.1015625
vt 0.19897905 0.04142636
vt 0.167508945 0.02673781
vt 0.223311737 0.0114539266
vt 0.255569577 0.0533131957
vt 0.2888887 0.139859438
vt 0.2904985 0.08516455
vt 0.256615251 0.170328081
vt 0.220260262 0.177925408
vt 0.16796875 0.18359375
vt 0.167508945 0.0384587646
vt 0.308538646 0.09096813
vt 0.319784015 0.1326034
vt 0.5867094 0.55615586
vt 0.5838535 0.611291349
vt 0.5632712 0.5427453
vt 0.5700534 0.514556
vt 0.308270484 0.151590466
vt 0.276890725 0.03244233
vt 0.6177968 0.6045409
vt 0.6642175 0.923834
vt 0.697333932 0.995069444
vt 0.657024741 0.989435256
vt 0.7073817 0.904388368
vt 0.6687505 0.882008851
vt 0.7360227 0.9931322
vt 0.74788034 0.9106229
vt 0.2278127 0.226607382
vt 0.16796875 0.23046875
vt 0.2025204 0.209959269
vt 0.220416367 0.177901745
vt 0.256795734 0.170322418
vt 0.27734375 0.2265625
vt 0.304600775 0.655698061
vt 0.3556307 0.655698061
vt 0.0607617535 0.655698061
vt 0.122817069 0.655698061
vt 0.0196482018 0.655698061
vt 0.237299323 0.655698061
vt 0.1816542 0.655698061
vt 0.23828125 0.265625
vt 0.16796875 0.27734375
vt 0.43359375 0.49609375
vt 0.48828125 0.4921875
vt 0.484375 0.5234375
vt 0.4453125 0.47265625
vt 0.406327426 0.450634
vt 0.4307173 0.437510252
vt 0.413425028 0.403796315
vt 0.434657872 0.398784876
vt 0.4921875 0.47265625
vt 0.450318158 0.437729716
vt 0.4571327 0.398070335
vt 0.4917621 0.440031826
vt 0.4917621 0.3982427
vt 0.143861175 0.5759352
vt 0.07250609 0.605126262
vt 0.102559045 0.5206449
vt 0.131502151 0.5079108
vt 0.366793245 0.560802341
vt 0.362373441 0.5959027
vt 0.302411944 0.5938018
vt 0.351928174 0.5348213
vt 0.0541750342 0.5806478
vt 0.07265138 0.52303654
vt 0.211037591 0.514871061
vt 0.196213 0.569705546
vt 0.189021438 0.507248044
vt 0.3262396 0.522182167
vt 0.239478841 0.54881537
vt 0.08193114 0.412730455
vt 0.09712166 0.407677054
vt 0.12208762 0.455218971
vt 0.109935343 0.469334722
vt 0.2982076 0.487957478
vt 0.2375334 0.5112449
vt 0.09385745 0.4703552
vt 0.07444707 0.423326254
vt 0.0366758779 0.480526328
vt 0.0374827944 0.5417172
vt 0.0128377816 0.474674761
vt 0.319717973 0.461510181
vt 0.32210052 0.4873916
vt 0.3004332 0.459695816
vt 0.29389298 0.4471954
vt 0.312175661 0.450546026
vt 0.07820346 0.5071894
vt 0.04792571 0.457415879
vt 0.377416134 0.481494
vt 0.375420362 0.5423049
vt 0.341124564 0.519314945
vt 0.358050048 0.478356
vt 0.184977442 0.4631312
vt 0.206724167 0.4545188
vt 0.08856141 0.5101324
vt 0.239720911 0.479433179
vt 0.279578537 0.466511
vt 0.178452566 0.4064988
vt 0.118928164 0.395413876
vt 0.273628533 0.452878952
vt 0.116630755 0.4354601
vt 0.111119263 0.39689517
vt 0.2905057 0.473407149
vt 0.105918936 0.405065656
vt 0.2518173 0.592739642
vt 0.848408163 0.302773
vt 0.9272191 0.303007722
vt 0.603712 0.3049857
vt 0.6811712 0.2980615
vt 0.9899904 0.303007722
vt 0.766220152 0.30195272
vt 0.8430229 0.164073467
vt 0.9210582 0.1606558
vt 0.603523135 0.167603254
vt 0.683885753 0.165710926
vt 0.9899904 0.1606558
vt 0.7636934 0.17053777
vt 0.778333545 0.981454551
vt 0.4214309 0.378063917
vt 0.4385503 0.374656618
vt 0.4593191 0.3684901
vt 0.4917621 0.3648911
vt 0.439110518 0.350188375
vt 0.454247 0.347930551
vt 0.469326317 0.345208824
vt 0.4917621 0.341816485
vt 0.4917621 0.3212241
vt 0.4496684 0.327467561
vt 0.463684916 0.3232975
vt 0.394407183 0.5671084
vt 0.429763854 0.5696393
vt 0.452735662 0.600650668
vt 0.3863325 0.6139759
vt 0.415813267 0.516682744
vt 0.3021982 0.618447
vt 0.354382247 0.618447
vt 0.05892453 0.618447
vt 0.122204632 0.618447
vt 0.0208729953 0.618447
vt 0.233530745 0.618447
vt 0.183915332 0.618447
vt 0.83203125 0.015625
vt 0.9140625 0.015625
vt 0.60546875 0.015625
vt 0.68359375 0.015625
vt 0.98828125 0.015625
vt 0.76171875 0.015625
vt 0.164760277 0.9900538
vt 0.113096543 0.95250845
vt 0.1113188 0.9900538
vt 0.165596887 0.9535848
vt 0.436583519 0.0102656484
vt 0.387380362 0.07931292
vt 0.4378364 0.08150005
vt 0.384130478 0.0102656484
vt 0.384821653 0.198183417
vt 0.38673687 0.273221374
vt 0.3823111 0.297362328
vt 0.355187953 0.7939556
vt 0.28768146 0.92693
vt 0.30196324 0.78744036
vt 0.116849706 0.790952742
vt 0.06006928 0.928127468
vt 0.0107961269 0.7885113
vt 0.0513955839 0.7877217
vt 0.240460426 0.783858836
vt 0.2223883 0.9379749
vt 0.182624638 0.792030334
vt 0.214308158 0.2884673
vt 0.16646786 0.292855263
vt 0.205686286 0.3192979
vt 0.2545413 0.308910847
vt 0.382879734 0.354080319
vt 0.383110762 0.397013545
vt 0.524798751 0.119900107
vt 0.561680436 0.0102656484
vt 0.521891356 0.0102656484
vt 0.213046834 0.9900538
vt 0.5060191 0.9406835
vt 0.4618377 0.985101163
vt 0.508759141 0.9905172
vt 0.46181047 0.943220437
vt 0.733067155 0.484239638
vt 0.7522818 0.43240273
vt 0.699334741 0.4876185
vt 0.55640763 0.9419274
vt 0.603211641 0.980370462
vt 0.6034697 0.9398034
vt 0.5574259 0.983202159
vt 0.7718601 0.430853844
vt 0.821139038 0.4493038
vt 0.857030332 0.4263159
vt 0.749977648 0.595100641
vt 0.738625944 0.5310353
vt 0.711883664 0.5490774
vt 0.7744845 0.575979948
vt 0.8162779 0.594458461
vt 0.811942041 0.5150274
vt 0.7877346 0.577222466
vt 0.841253161 0.536445
vt 0.8536618 0.4639511
vt 0.4200167 0.9583924
vt 0.21280238 0.3493693
vt 0.243543953 0.348154068
vt 0.302685529 0.9900538
vt 0.4853073 0.0102656484
vt 0.486239642 0.116072595
vt 0.258175731 0.9900538
vt 0.202625945 0.384579
vt 0.244604871 0.394820452
vt 0.5135174 0.841728866
vt 0.5060128 0.940691531
vt 0.55634886 0.9418972
vt 0.5679053 0.8476973
vt 0.603438139 0.939782441
vt 0.648418844 0.9264402
vt 0.617662251 0.846452534
vt 0.421191454 0.8363463
vt 0.381206155 0.9305604
vt 0.420117736 0.9584541
vt 0.3879757 0.839730442
vt 0.4617238 0.943185866
vt 0.464146435 0.8360116
vt 0.5693872 0.7913825
vt 0.512502551 0.8142
vt 0.569789469 0.815864265
vt 0.458724141 0.8112456
vt 0.45703125 0.734375
vt 0.398858428 0.8030779
vt 0.390591323 0.7273831
vt 0.5191101 0.7359016
vt 0.6221689 0.808278
vt 0.5757121 0.7277306
vt 0.632199168 0.7255904
vt 0.433019757 0.198183417
vt 0.923873842 0.5546771
vt 0.9279187 0.443485141
vt 0.676274955 0.44236213
vt 0.62109375 0.51171875
vt 0.907488 0.6165092
vt 0.6045472 0.45340246
vt 0.695787668 0.6435363
vt 0.6782678 0.6038977
vt 0.6328125 0.58203125
vt 0.4336679 0.284274817
vt 0.431527138 0.2702713
vt 0.529305935 0.198183417
vt 0.5578437 0.276095271
vt 0.486744374 0.276095271
vt 0.478085846 0.198183417
vt 0.517205834 0.276095271
vt 0.5192859 0.735901
vt 0.45703125 0.63671875
vt 0.522656441 0.6372869
vt 0.392707348 0.6326994
vt 0.390755653 0.7271569
vt 0.575775564 0.727850556
vt 0.6324105 0.72543335
vt 0.6396277 0.6318766
vt 0.5791923 0.6291893
vt 0.579194 0.629360437
vt 0.5757341 0.727708757
vt 0.306397319 0.7043714
vt 0.3575973 0.7043714
vt 0.120058253 0.7043714
vt 0.0577116869 0.7043714
vt 0.0131062614 0.7043714
vt 0.237044126 0.7043714
vt 0.1816359 0.7043714
vt 0.8271755 0.94106555
vt 0.8634422 0.974957
vt 0.8654472 0.937018633
vt 0.836450934 0.9825574
vt 0.9066528 0.9406177
vt 0.8867113 0.979564548
vt 0.9132316 0.9906651
vt 0.9427452 0.9919598
vt 0.9879175 0.949557543
vt 0.9500527 0.9441358
vt 0.9845468 0.9867083
vt 0.789418638 0.949519753
vt 0.8032882 0.9874202
vt 0.877534866 0.6500236
vt 0.868032455 0.7126897
vt 0.8849976 0.68216
vt 0.825506568 0.699887931
vt 0.757052064 0.6888566
vt 0.766636252 0.6461222
vt 0.7441547 0.6623215
vt 0.7938007 0.6940786
vt 0.832361 0.650137842
vt 0.7985759 0.649536431
vt 0.981836736 0.7412544
vt 0.976419032 0.7995534
vt 0.9355414 0.7831777
vt 0.930520952 0.7412544
vt 0.962191641 0.8441971
vt 0.9355414 0.7831777
vt 0.909115136 0.830534041
vt 0.930250347 0.8339036
vt 0.8808207 0.836204946
vt 0.8492437 0.7412544
vt 0.773594856 0.7820028
vt 0.8607842 0.7881269
vt 0.7860996 0.7412544
vt 0.8103041 0.8255633
vt 0.763285 0.824798
vt 0.773594856 0.7820028
vt 0.8607842 0.7881269
vt 0.8492437 0.7412544
vt 0.7860996 0.7412544
vt 0.722704351 0.7936275
vt 0.7051161 0.7412544
vt 0.8470541 0.8522782
vt 0.930520952 0.7412544
vt 0.6564236 0.7412544
vt 0.722704351 0.7936275
vt 0.7051161 0.7412544
vt 0.692963362 0.83429116
vt 0.946036041 0.8720615
vt 0.902492642 0.8655578
vt 0.980004966 0.868347764
vt 0.831563 0.8745557
vt 0.7815061 0.86831
vt 0.861420453 0.8787255
vt 0.152380466 0.104707778
vt 0.131198213 0.08796948
vt 0.153179735 0.141699553
vt 0.127498373 0.116848111
vt 0.12109375 0.13671875
vt 0.132934347 0.0709947348
vt 0.0902675539 0.09784657
vt 0.09198111 0.07643527
vt 0.117665395 0.15753299
vt 0.08609124 0.134579539
vt 0.08609183 0.152478874
vt 0.1365275 0.04115206
vt 0.112194784 0.0111795664
vt 0.07993695 0.0530389547
vt 0.04661785 0.139585137
vt 0.045008067 0.08489025
vt 0.115246274 0.1776511
vt 0.07889131 0.170071661
vt 0.02696788 0.09069383
vt 0.0157225151 0.1323446
vt 0.5867094 0.55615586
vt 0.5632712 0.5427453
vt 0.5838535 0.611291349
vt 0.5700534 0.514556
vt 0.02749538 0.151560485
vt 0.0586157925 0.03216803
vt 0.6177968 0.6045409
vt 0.6642175 0.923834
vt 0.657024741 0.989435256
vt 0.697333932 0.995069444
vt 0.7073817 0.904388368
vt 0.6687505 0.882008851
vt 0.7360227 0.9931322
vt 0.109375 0.22265625
vt 0.16796875 0.23046875
vt 0.0495597832 0.213296354
vt 0.304600775 0.655698061
vt 0.3556307 0.655698061
vt 0.0607617535 0.655698061
vt 0.122817069 0.655698061
vt 0.0196482018 0.655698061
vt 0.237299323 0.655698061
vt 0.1816542 0.655698061
vt 0.12109375 0.26953125
vt 0.16796875 0.27734375
vt 0.5390625 0.515625
vt 0.484375 0.5234375
vt 0.53125 0.48046875
vt 0.578125 0.44921875
vt 0.546875 0.44140625
vt 0.569272637 0.4037792
vt 0.5492784 0.398742676
vt 0.53515625 0.4375
vt 0.5261507 0.398044825
vt 0.143861175 0.5759352
vt 0.102559045 0.5206449
vt 0.07250609 0.605126262
vt 0.131502151 0.5079108
vt 0.366793245 0.560802341
vt 0.302411944 0.5938018
vt 0.362373441 0.5959027
vt 0.351928174 0.5348213
vt 0.0541750342 0.5806478
vt 0.07265138 0.52303654
vt 0.211037591 0.514871061
vt 0.189021438 0.507248044
vt 0.196213 0.569705546
vt 0.3262396 0.522182167
vt 0.239478841 0.54881537
vt 0.08193114 0.412730455
vt 0.12208762 0.455218971
vt 0.09712166 0.407677054
vt 0.109935343 0.469334722
vt 0.2982076 0.487957478
vt 0.2375334 0.5112449
vt 0.09385745 0.4703552
vt 0.07444707 0.423326254
vt 0.0366758779 0.480526328
vt 0.0374827944 0.5417172
vt 0.0128377816 0.474674761
vt 0.319717973 0.461510181
vt 0.32210052 0.4873916
vt 0.3004332 0.459695816
vt 0.29389298 0.4471954
vt 0.312175661 0.450546026
vt 0.07820346 0.5071894
vt 0.04792571 0.457415879
vt 0.375420362 0.5423049
vt 0.377416134 0.481494
vt 0.341124564 0.519314945
vt 0.358050048 0.478356
vt 0.184977442 0.4631312
vt 0.206724167 0.4545188
vt 0.08856141 0.5101324
vt 0.239720911 0.479433179
vt 0.279578537 0.466511
vt 0.178452566 0.4064988
vt 0.118928164 0.395413876
vt 0.273628533 0.452878952
vt 0.116630755 0.4354601
vt 0.111119263 0.39689517
vt 0.2905057 0.473407149
vt 0.105918936 0.405065656
vt 0.2518173 0.592739642
vt 0.848408163 0.302773
vt 0.9272191 0.303007722
vt 0.603712 0.3049857
vt 0.6811712 0.2980615
vt 0.766220152 0.30195272
vt 0.8430229 0.164073467
vt 0.9210582 0.1606558
vt 0.603523135 0.167603254
vt 0.683885753 0.165710926
vt 0.7636934 0.17053777
vt 0.5582793 0.3776098
vt 0.54541266 0.374617219
vt 0.524144232 0.368466258
vt 0.5481947 0.354444981
vt 0.5298331 0.347902775
vt 0.5143962 0.3451922
vt 0.5391197 0.3281352
vt 0.520213842 0.323276639
vt 0.394407183 0.5671084
vt 0.452735662 0.600650668
vt 0.429763854 0.5696393
vt 0.3863325 0.6139759
vt 0.415813267 0.516682744
vt 0.3021982 0.618447
vt 0.354382247 0.618447
vt 0.05892453 0.618447
vt 0.122204632 0.618447
vt 0.0208729953 0.618447
vt 0.233530745 0.618447
vt 0.183915332 0.618447
vt 0.83203125 0.015625
vt 0.9140625 0.015625
vt 0.60546875 0.015625
vt 0.68359375 0.015625
vt 0.76171875 0.015625
vt 0.0294905473 0.405168533
vt 0.04340946 0.406221628
vt 0.005023511 0.440670073
vt 0.05899194 0.4471228
vt 0.059073 0.255369663
vt 0.08571173 0.261365235
vt 0.0344989 0.255984068
vn 0.8447305 0.179206759 0.504296839
vn 0.23285076 -0.0145107629 0.972404242
vn 0.242714331 0.131592333 0.9611312
vn 0.823069 0.349879116 0.447372437
vn -0.00376651925 -0.125689238 0.9920625
vn -0.0582135767 -0.522643566 0.8505615
vn 0.8447305 0.179206759 0.504296839
vn 0.9009463 0.161336347 0.402822882
vn 0.406537235 0.0285926368 0.913186669
vn 0.23285076 -0.0145107629 0.972404242
vn 0.008110636 -0.07002474 0.9975123
vn -0.00376651925 -0.125689238 0.9920625
vn 0.00793855 0.00502784736 0.999955833
vn 0.5145777 0.01690306 0.857277155
vn 0.461363167 -0.1920415 0.866177857
vn 0.4297465 0.0278037153 0.902521431
vn -0.004119113 0.180152029 0.9836302
vn -0.9793681 -0.170872509 -0.1078924
vn 0.250057578 -0.888865352 -0.383913547
vn -0.1636879 -0.175091058 -0.9708498
vn -0.371198773 0.0262314733 -0.92818284
vn -0.413541347 -0.4320957 0.801421762
vn 0.21994549 0.171154544 0.9603802
vn -0.9793681 -0.170872509 -0.1078924
vn -0.669602156 -0.08879154 0.7373934
vn 0.250057578 -0.888865352 -0.383913547
vn 0.581744254 0.13765204 -0.801639259
vn 0.8143789 0.2834643 -0.5063941
vn 0.9541955 0.256574929 0.153884009
vn 0.381275117 0.8800689 0.2830336
vn 0.8702609 0.07475191 0.486886144
vn 0.154451415 0.6744468 0.7219877
vn 0.343874246 0.81794095 -0.4612192
vn -0.0416274779 0.438463718 0.897784352
vn 0.230742872 0.489775419 0.840760231
vn 0.154451415 0.6744468 0.7219877
vn -0.0416274779 0.438463718 0.897784352
vn -0.016232999 0.5545356 0.8320016
vn 0.4936866 0.0628692359 -0.8673644
vn 0.5223861 0.0898226649 -0.847965
vn 0.0402111448 -0.0846474245 -0.99559927
vn 0.00111030159 0.00311106746 -0.9999945
vn -0.0192345828 -0.120048292 -0.9925817
vn 0.925468862 0.264601171 -0.271096975
vn 0.9569359 0.2857775 -0.05103866
vn 0.6322738 0.774700165 -0.008334784
vn 0.5974299 0.386312932 0.7027374
vn 0.7758997 0.0309436955 0.6300969
vn 0.348353118 -0.3361403 0.8750199
vn 0.498847723 -0.08287148 0.8627185
vn 0.8017509 -0.5143769 0.304322064
vn 0.388095915 0.0904537737 -0.9171694
vn -0.073762536 -0.6763043 -0.732919931
vn 0.262580454 -0.443206519 -0.8570995
vn 0.3515487 0.313392967 -0.882155538
vn 0.8017509 -0.5143769 0.304322064
vn 0.6424051 -0.2798846 -0.713428557
vn -0.073762536 -0.6763043 -0.732919931
vn 0.418541 0.907977641 -0.0200017914
vn 0.349764466 0.621449947 0.7010455
vn 0.5974299 0.386312932 0.7027374
vn 0.6322738 0.774700165 -0.008334784
vn 0.418541 0.907977641 -0.0200017914
vn 0.6322738 0.774700165 -0.008334784
vn 0.3515487 0.313392967 -0.882155538
vn 0.436262131 0.5186004 -0.735342741
vn 0.262580454 -0.443206519 -0.8570995
vn 0.348353118 -0.3361403 0.8750199
vn 0.897922039 -0.34996888 0.266941518
vn -0.015660001 -0.1742869 0.9845704
vn 0.9152994 0.253516018 -0.312980145
vn -0.0887304246 -0.644403934 -0.7595199
vn -0.0192345828 -0.120048292 -0.9925817
vn 0.0402111448 -0.0846474245 -0.99559927
vn 0.925468862 0.264601171 -0.271096975
vn 0.958034456 0.03738556 -0.2842046
vn 0.5223861 0.0898226649 -0.847965
vn 0.9160742 -0.356308 0.183990687
vn -0.015582528 -0.6822713 0.730933
vn 0.731870234 -0.460324347 -0.5024614
vn -0.00470374851 -0.525425255 -0.85082674
vn 0.05483903 0.17212759 -0.983547032
vn 0.9034974 0.3966093 -0.162460938
vn 0.388095915 0.0904537737 -0.9171694
vn 0.9569359 0.2857775 -0.05103866
vn -0.2289182 0.168915331 -0.9586783
vn -0.073762536 -0.6763043 -0.732919931
vn -0.962935448 -0.259707659 -0.07285104
vn 0.8017509 -0.5143769 0.304322064
vn -0.5807989 -0.3945195 0.712058246
vn 0.348353118 -0.3361403 0.8750199
vn 0.8017509 -0.5143769 0.304322064
vn -0.962935448 -0.259707659 -0.07285104
vn 0.7758997 0.0309436955 0.6300969
vn 0.4743202 -0.06863684 0.8776727
vn -0.217366681 0.08953188 -0.9719752
vn -0.24511455 0.208271682 -0.9468589
vn 0.885961 0.437194943 -0.154705048
vn 0.106852539 0.103084058 0.9889167
vn -0.128069311 0.344662756 0.929949343
vn -0.9829799 -0.182990208 -0.0162831862
vn -0.9953991 -0.08835082 -0.03707793
vn 0.9195995 0.323917 -0.222293779
vn -0.9829799 -0.182990208 -0.0162831862
vn -0.169922426 0.06485944 -0.9833207
vn -0.9953991 -0.08835082 -0.03707793
vn 0.8667581 -0.03450797 0.49753353
vn -0.006139189 -0.0129982224 -0.999896646
vn -0.01431238 0.2760303 -0.961042345
vn 0.190227643 0.410730243 -0.891691744
vn 0.420452476 -0.0590064526 -0.905393839
vn 0.6845613 -0.104865275 0.7213731
vn 0.230742872 0.489775419 0.840760231
vn -0.0260407627 0.488165766 -0.8723624
vn 0.343874246 0.81794095 -0.4612192
vn 0.4297465 0.0278037153 0.902521431
vn 0.343874246 0.81794095 -0.4612192
vn 0.381275117 0.8800689 0.2830336
vn 0.154451415 0.6744468 0.7219877
vn 0.7048089 -0.252385 0.6629828
vn 0.6845613 -0.104865275 0.7213731
vn -0.006139189 -0.0129982224 -0.999896646
vn 0.420452476 -0.0590064526 -0.905393839
vn 0.4754097 -0.09550717 -0.874565065
vn 0.00156029174 -0.216691822 -0.9762388
vn 0.8017509 -0.5143769 0.304322064
vn 0.938326359 -0.09569051 -0.332245439
vn 0.6424051 -0.2798846 -0.713428557
vn -0.0260407627 0.488165766 -0.8723624
vn 0.9195995 0.323917 -0.222293779
vn 0.0423258655 0.343483835 0.938204348
vn 0.880561 0.240565151 -0.408338964
vn -0.9970742 -0.0639621541 -0.04185517
vn -0.9953991 -0.08835082 -0.03707793
vn -0.169922426 0.06485944 -0.9833207
vn -0.9970742 -0.0639621541 -0.04185517
vn -0.9953991 -0.08835082 -0.03707793
vn -0.239608973 0.0207413342 -0.9706479
vn -0.239608973 0.0207413342 -0.9706479
vn -0.169922426 0.06485944 -0.9833207
vn -0.429476738 0.07750231 -0.8997461
vn -0.975676 -0.1801372 0.124927647
vn 0.2896647 -0.009585348 0.9570802
vn -0.5868888 -0.09781924 0.803736866
vn -0.975676 -0.1801372 0.124927647
vn 0.627775133 0.177248061 -0.7579456
vn 0.9803564 0.104282252 0.167411461
vn -0.686123252 -0.184464723 0.7037099
vn 0.360885233 -0.175259888 0.915994465
vn 0.340988755 -0.3326547 0.8792426
vn -0.675694346 -0.10265708 0.729999065
vn 0.967504263 0.0686363652 -0.243361041
vn 0.9814124 -0.100373872 0.163568735
vn 0.5781983 0.365968168 -0.7292146
vn -0.295228869 0.479925841 -0.8261423
vn -0.164515257 0.24545002 -0.9553476
vn -0.987172365 0.0832053 -0.136263043
vn -0.9685927 0.247711673 0.021612294
vn -0.9685927 0.247711673 0.021612294
vn -0.987172365 0.0832053 -0.136263043
vn 0.853783548 -0.357954949 0.378050148
vn 0.15328154 -0.4197315 0.8946118
vn -0.6977277 -0.377213657 0.6090041
vn -0.7404703 -0.6619359 0.11638131
vn -0.7298576 -0.652386546 -0.204204887
vn -0.0292006787 -0.5574367 -0.8297057
vn 0.704174042 -0.5542441 -0.443793237
vn -0.6957676 -0.705087 0.136966333
vn 0.7158623 -0.6607918 -0.225600109
vn 0.768444955 -0.552080035 -0.323573738
vn -0.0292006787 -0.5574367 -0.8297057
vn -0.931314945 0.07036623 -0.357352823
vn 0.0223810729 0.258276522 -0.9658117
vn -0.7298576 -0.652386546 -0.204204887
vn 0.0995199755 0.263521016 -0.959506333
vn 0.9464722 0.296423852 -0.1277623
vn 0.8056692 0.304969221 -0.5078296
vn -0.9410819 0.04448439 -0.335240334
vn -0.840991 0.0222259685 0.5405924
vn 0.7158623 -0.6607918 -0.225600109
vn 0.907233953 0.394134343 -0.146917343
vn 0.753306031 0.5907753 -0.2889888
vn 0.768444955 -0.552080035 -0.323573738
vn 0.0139041655 0.961493254 0.2744766
vn 0.0156762954 0.9997761 0.0142096654
vn -0.820597947 0.5400306 0.187045321
vn -0.906786263 0.256358534 0.334692419
vn -0.6957676 -0.705087 0.136966333
vn -0.7404703 -0.6619359 0.11638131
vn -0.6977277 -0.377213657 0.6090041
vn -0.6673101 0.6288461 0.3990611
vn 0.257302821 0.4270526 0.8668456
vn 0.704174042 -0.5542441 -0.443793237
vn 0.15328154 -0.4197315 0.8946118
vn 0.853783548 -0.357954949 0.378050148
vn 0.733418345 0.677412033 0.05666082
vn 0.100402407 0.860800743 0.4989403
vn 0.0995199755 0.263521016 -0.959506333
vn 0.9464722 0.296423852 -0.1277623
vn -0.9410819 0.04448439 -0.335240334
vn -0.840991 0.0222259685 0.5405924
vn -0.9410819 0.04448439 -0.335240334
vn 0.257302821 0.4270526 0.8668456
vn 0.5005881 -0.0155177135 0.865546465
vn -0.005439721 -0.2534421 0.9673353
vn 0.476300865 -0.151473954 0.8661369
vn 0.4210598 0.006306676 0.907011
vn 0.477048755 0.08263768 0.874983132
vn 0.5033856 -0.0205560159 0.863817334
vn 0.448171169 -0.238944337 0.8614222
vn 0.7799838 -0.457375884 0.4271212
vn 0.862972856 -0.139171347 0.4857048
vn -0.00502016535 -0.235537261 0.971852362
vn 0.479387939 -0.08216981 0.8737479
vn -0.000530916557 -0.0435188524 0.999052465
vn 0.00684725447 0.273774534 0.9617695
vn 0.00568990828 0.223847345 0.9746076
vn 0.8828111 -0.112995476 0.455934763
vn -0.007867158 -0.3568922 0.9341124
vn 0.8617316 -0.18249929 0.473405361
vn -0.00698918151 -0.319499075 0.9475608
vn -0.005761373 -0.267165631 0.9636334
vn -0.0120387059 -0.533992 0.84540385
vn 0.476065069 -0.6833622 0.5535144
vn -0.0196432918 -0.8890153 0.457455873
vn -0.015582528 -0.6822713 0.730933
vn 0.602796257 -0.795775 0.0581278875
vn 0.906714 -0.214999646 0.36282897
vn 0.8282106 -0.549185932 -0.111633353
vn 0.9357067 -0.0460330248 0.349762738
vn 0.574291646 0.103597455 0.8120694
vn -0.0243923645 0.218695074 0.9754883
vn -0.008182883 -0.370312065 0.9288714
vn 0.4862058 -0.784167 -0.385598332
vn 0.7536179 0.3393391 -0.5629468
vn 0.0380386561 -0.28478992 -0.957834959
vn 0.7536179 0.3393391 -0.5629468
vn 0.4862058 -0.784167 -0.385598332
vn 0.8282106 -0.549185932 -0.111633353
vn 0.9981992 -0.03635433 0.04771468
vn 0.46067366 -0.8872433 0.0240664687
vn 0.9981992 -0.03635433 0.04771468
vn 0.8282106 -0.549185932 -0.111633353
vn 0.8536575 -0.313327819 -0.416046321
vn 0.9981992 -0.03635433 0.04771468
vn 0.731870234 -0.460324347 -0.5024614
vn 0.9160742 -0.356308 0.183990687
vn 0.471854359 -0.422546029 -0.7738271
vn -0.00470374851 -0.525425255 -0.85082674
vn 0.6884019 0.5166979 0.5090444
vn 0.270521671 0.6907931 0.67053926
vn 0.31667155 0.4066786 0.856931567
vn 0.574291646 0.103597455 0.8120694
vn 0.9357067 -0.0460330248 0.349762738
vn 0.9789798 0.195428029 0.0583639629
vn -0.4570081 -0.002249698 -0.88945967
vn -0.95811677 -0.286352932 0.00377383712
vn -0.4841701 -0.472434253 0.7364681
vn 0.34313494 -0.462867916 0.8173198
vn -0.95811677 -0.286352932 0.00377383712
vn 0.65070194 -0.0532625169 -0.7574629
vn 0.9668075 -0.236106008 0.09765895
vn 0.619074345 0.7803304 0.08849511
vn 0.3172263 0.930549 0.182882518
vn 0.619074345 0.7803304 0.08849511
vn 0.0216543488 0.936196566 -0.350809246
vn 0.3172263 0.930549 0.182882518
vn 0.667020738 0.6298931 -0.397892
vn 0.9789798 0.195428029 0.0583639629
vn 0.928106844 0.107809223 -0.356363356
vn 0.9981992 -0.03635433 0.04771468
vn 0.8536575 -0.313327819 -0.416046321
vn 0.0133026429 0.5874488 -0.809152
vn 0.5678665 0.06843644 -0.8202707
vn 0.471854359 -0.422546029 -0.7738271
vn 0.0002049126 0.0295442455 -0.999563456
vn -0.0102684414 -0.407130927 -0.9133121
vn 0.8513368 0.4216695 -0.312122554
vn -0.112102889 0.608902 0.7852842
vn 0.84539026 0.206248626 0.492723882
vn 0.9277952 -0.318841666 -0.193742335
vn 0.18775411 0.6933221 0.695739031
vn -0.112102889 0.608902 0.7852842
vn -0.8988144 -0.434289962 0.0593708232
vn -0.999112368 -0.01989569 -0.03712935
vn 0.18775411 0.6933221 0.695739031
vn 0.527797163 0.09092662 0.8444895
vn -0.642032743 -0.09592048 -0.7606532
vn -0.275292933 0.011678149 -0.961289465
vn 0.3597594 -0.490625739 -0.7936369
vn 0.2831254 0.194266528 0.9392021
vn -0.642032743 -0.09592048 -0.7606532
vn -0.392932445 -0.6199014 0.679210067
vn -0.733573139 -0.676153 -0.06846588
vn -0.0623568632 -0.927741766 -0.367976725
vn 0.51633 -0.8528181 0.0781326741
vn -0.156303972 0.833437 0.530048847
vn -0.2774441 0.8636841 -0.4208022
vn 0.3926962 -0.112800285 0.9127244
vn -0.147285283 0.317041755 0.9369053
vn 0.5025751 -0.657913566 0.5608637
vn -0.132246345 0.184686989 0.973859131
vn -0.774261534 -0.415498972 0.4773674
vn -0.147285283 0.317041755 0.9369053
vn 0.3926962 -0.112800285 0.9127244
vn -0.888602734 0.126170918 -0.4409831
vn -0.733573139 -0.676153 -0.06846588
vn -0.392932445 -0.6199014 0.679210067
vn 0.876996934 -0.257156968 -0.405890018
vn -0.297991067 -0.789275765 -0.5368846
vn -0.774261534 -0.415498972 0.4773674
vn -0.132246345 0.184686989 0.973859131
vn 0.876996934 -0.257156968 -0.405890018
vn -0.297991067 -0.789275765 -0.5368846
vn -0.3180279 -0.664468169 -0.6762694
vn -0.2774441 0.8636841 -0.4208022
vn 0.2831254 0.194266528 0.9392021
vn -0.9559987 0.174504846 -0.235827327
vn -0.233503208 0.6792184 0.695800662
vn -0.9559987 0.174504846 -0.235827327
vn -0.5329718 -0.537709653 0.653306544
vn -0.5329718 -0.537709653 0.653306544
vn -0.156303972 0.833437 0.530048847
vn -0.233503208 0.6792184 0.695800662
vn -0.0623568632 -0.927741766 -0.367976725
vn -0.888602734 0.126170918 -0.4409831
vn -0.275292933 0.011678149 -0.961289465
vn 0.7154371 0.137406081 -0.685032368
vn 0.4617251 0.0977449045 -0.8816212
vn 0.5720506 0.126348466 0.8104284
vn 0.843288541 0.141866475 0.5183998
vn 0.0014486151 0.12835142 -0.9917277
vn 0.9869015 0.150909141 -0.0570248142
vn 0.6541451 0.114206165 -0.7476972
vn 0.5026136 0.13506645 -0.853894949
vn 0.611671567 0.1618973 0.7743689
vn 0.790149033 0.202049389 0.578654051
vn 0.0244311839 0.170988768 -0.984970033
vn 0.963597953 0.229973942 -0.136348709
vn -0.0102684414 -0.407130927 -0.9133121
vn 0.9407313 -0.3053181 -0.147667021
vn 0.8174365 -0.404850364 -0.409748316
vn 0.485781074 -0.4931826 -0.7216562
vn -0.0113470713 -0.468422949 -0.8834315
vn 0.8275406 -0.523449838 -0.20292069
vn 0.732952654 -0.51801753 -0.4409515
vn 0.5165328 -0.447417736 -0.7300762
vn -0.00855659 -0.34759137 -0.93760705
vn -0.0062199533 -0.246704578 -0.9690708
vn 0.830189943 -0.497599781 -0.2513545
vn 0.652097464 -0.196090758 -0.7323369
vn 0.9647082 -0.16223231 0.207409561
vn 0.9564387 -0.21672827 0.195585757
vn 0.9981992 -0.03635433 0.04771468
vn 0.9357067 -0.0460330248 0.349762738
vn 0.9743443 -0.125716954 0.186677232
vn -0.407298148 -0.19650431 -0.891904831
vn -0.8668302 -0.493960947 -0.06788205
vn -0.454359919 -0.714809358 0.5316057
vn 0.2944475 -0.6625138 0.6887497
vn -0.8668302 -0.493960947 -0.06788205
vn 0.6403461 -0.321619719 -0.697508156
vn 0.8670442 -0.4686372 0.1691552
vn 0.641701639 0.109736092 -0.759063244
vn 0.5239647 0.123238966 -0.8427771
vn 0.6531975 0.157531217 0.7406193
vn 0.853529334 0.15909037 0.496163219
vn 0.05619216 0.1743652 -0.9830764
vn 0.9309161 0.14275831 -0.336177558
vn -0.7594857 0.309484661 0.5721894
vn -0.234859 0.022911964 0.9717594
vn -0.230649218 0.0324040055 0.9724973
vn -0.8336913 0.19282566 0.51747185
vn -0.7594857 0.309484661 0.5721894
vn -0.39726153 0.05306556 0.916169941
vn -0.8399978 0.2761257 0.4670742
vn -0.230649218 0.0324040055 0.9724973
vn -0.5032367 5.55796469E-05 0.8641486
vn -0.434133321 -0.237253219 0.86904496
vn -0.427022278 -0.00793464 0.9042063
vn 0.9639233 0.111073665 -0.2418979
vn 0.0259437729 -0.044004254 -0.9986944
vn 0.2219603 0.205627769 -0.953126848
vn -0.0859095 0.00503938459 0.9962902
vn 0.3384465 -0.495009661 0.8002621
vn 0.9639233 0.111073665 -0.2418979
vn 0.7971813 -0.00876284949 0.6036764
vn -0.708608747 0.119918875 -0.6953367
vn -0.9040364 0.218452826 -0.3674187
vn -0.948919833 0.0450253822 0.312288165
vn -0.49703604 0.821542 0.279327571
vn -0.225251809 0.6562505 0.720136762
vn -0.6060324 0.5973328 0.5252793
vn -0.4702032 0.7500723 -0.465081155
vn -0.270235449 0.4728245 0.8386953
vn -0.225251809 0.6562505 0.720136762
vn -0.477654159 0.121999025 -0.870036066
vn -0.109194733 -0.018019719 -0.993857
vn -0.615567446 0.188266933 -0.7652661
vn -0.9214702 0.371736765 -0.112713844
vn -0.9836491 0.162077472 -0.0785200149
vn -0.6884903 0.246159658 0.6821925
vn -0.790923059 0.6116151 -0.0191742554
vn -0.7997846 -0.09495844 0.592728853
vn -0.290002555 -0.3991455 0.86981684
vn -0.7639309 -0.540384531 0.352695584
vn -0.4643224 -0.09783604 0.880245864
vn -0.321277916 0.08854392 -0.9428364
vn -0.189001441 -0.4467307 -0.8744771
vn 0.215478629 -0.6334023 -0.743216336
vn -0.360029221 0.249307141 -0.8990133
vn -0.7639309 -0.540384531 0.352695584
vn 0.215478629 -0.6334023 -0.743216336
vn -0.616447449 -0.311871976 -0.7229996
vn -0.6151784 0.7845545 -0.0776520446
vn -0.6884903 0.246159658 0.6821925
vn -0.485029459 0.557170153 0.6740236
vn -0.790923059 0.6116151 -0.0191742554
vn -0.6151784 0.7845545 -0.0776520446
vn -0.360029221 0.249307141 -0.8990133
vn -0.790923059 0.6116151 -0.0191742554
vn -0.4894987 0.388158619 -0.7808482
vn -0.189001441 -0.4467307 -0.8744771
vn -0.290002555 -0.3991455 0.86981684
vn -0.9342906 0.06606673 0.350337327
vn -0.8292304 0.374927133 -0.414495558
vn -0.109194733 -0.018019719 -0.993857
vn -0.9214702 0.371736765 -0.112713844
vn -0.9519553 0.123138942 -0.280388832
vn -0.615567446 0.188266933 -0.7652661
vn -0.9403641 -0.295805782 0.167971
vn -0.748524368 -0.4162657 -0.5161726
vn -0.903410137 0.338242054 -0.263519347
vn -0.9836491 0.162077472 -0.0785200149
vn -0.321277916 0.08854392 -0.9428364
vn 0.269308537 0.197799668 -0.9425222
vn 0.215478629 -0.6334023 -0.743216336
vn -0.7639309 -0.540384531 0.352695584
vn 0.9861548 -0.15917182 -0.0465087369
vn 0.568445563 -0.343365937 0.747642636
vn -0.7639309 -0.540384531 0.352695584
vn -0.290002555 -0.3991455 0.86981684
vn 0.9861548 -0.15917182 -0.0465087369
vn -0.7997846 -0.09495844 0.592728853
vn -0.5268325 -0.111395821 0.8426378
vn 0.22700052 -0.09176151 -0.969562054
vn -0.9001869 0.340639144 -0.271345735
vn 0.268286377 0.134108 -0.9539588
vn -0.138968885 0.347148061 0.9274567
vn 0.0823183954 0.579134643 0.8110652
vn 0.9940589 -0.108842835 0.000296191
vn 0.9999094 -0.0017304772 -0.01334847
vn -0.945912659 0.199063614 -0.256169677
vn 0.9940589 -0.108842835 0.000296191
vn 0.165516615 -0.140451834 -0.976154447
vn 0.9999094 -0.0017304772 -0.01334847
vn -0.8550395 -0.067896165 0.5140988
vn -0.2725461 0.385404319 -0.88157934
vn -0.43228057 -0.09199183 -0.8970346
vn -0.656340957 -0.152323753 0.7389276
vn -0.270235449 0.4728245 0.8386953
vn -0.4702032 0.7500723 -0.465081155
vn -0.427022278 -0.00793464 0.9042063
vn -0.4702032 0.7500723 -0.465081155
vn -0.49703604 0.821542 0.279327571
vn -0.225251809 0.6562505 0.720136762
vn -0.656340957 -0.152323753 0.7389276
vn -0.658013344 -0.3194201 0.6819012
vn -0.470263153 -0.120168284 -0.8743067
vn -0.43228057 -0.09199183 -0.8970346
vn -0.7639309 -0.540384531 0.352695584
vn -0.92782855 -0.146757871 -0.3429231
vn -0.616447449 -0.311871976 -0.7229996
vn -0.945912659 0.199063614 -0.256169677
vn -0.03543632 0.567785442 0.8224135
vn -0.9322733 0.08614315 -0.351348549
vn 0.9893161 -0.005334585 -0.145688668
vn 0.9999094 -0.0017304772 -0.01334847
vn 0.165516615 -0.140451834 -0.976154447
vn 0.9999094 -0.0017304772 -0.01334847
vn 0.9893161 -0.005334585 -0.145688668
vn 0.08030123 -0.192709535 -0.9779646
vn 0.08030123 -0.192709535 -0.9779646
vn 0.165516615 -0.140451834 -0.976154447
vn 0.264918417 0.104756221 -0.9585637
vn 0.9963838 -0.0280617662 -0.0801992938
vn -0.166331962 -0.07670562 0.9830819
vn 0.730859 0.0247527342 0.6820795
vn 0.9963838 -0.0280617662 -0.0801992938
vn -0.7542888 0.04614248 -0.6549193
vn -0.9566998 -0.1375488 0.25652647
vn 0.887557268 -0.0119593246 0.460542142
vn -0.21232374 -0.237980962 0.9477783
vn -0.062005613 -0.046520438 0.996991038
vn 0.7837006 0.130805477 0.607209444
vn -0.9965394 -0.0646081939 -0.0522967577
vn -0.9391373 -0.131807908 0.317250431
vn -0.706686258 0.21118848 -0.67527324
vn 0.07831211 0.3811492 -0.9211908
vn 0.909395754 0.1770161 -0.376383722
vn -0.0235658977 0.125194341 -0.991852343
vn 0.922075033 0.329159617 -0.203547478
vn 0.909395754 0.1770161 -0.376383722
vn 0.922075033 0.329159617 -0.203547478
vn -0.7863251 -0.363848746 0.4993064
vn 0.782379031 -0.371896565 0.499575824
vn -0.0170507524 -0.420345128 0.9072041
vn 0.754246235 -0.6565654 0.00587233
vn 0.696535945 -0.647260964 -0.309662551
vn -0.7578024 -0.559496462 -0.335707
vn -0.0891492 -0.5576507 -0.8252746
vn 0.7133663 -0.700024068 0.03278468
vn -0.803709149 -0.5577284 -0.2073418
vn -0.736514747 -0.6660099 -0.118223667
vn -0.0891492 -0.5576507 -0.8252746
vn -0.159591824 0.279328316 -0.9468401
vn 0.8653542 0.08794191 -0.493384629
vn 0.696535945 -0.647260964 -0.309662551
vn -0.252230942 0.218554258 -0.942663
vn -0.869759858 0.312182158 -0.382178068
vn -0.967711151 0.249873564 0.03314114
vn 0.873108864 0.07878333 -0.481117547
vn 0.9143389 0.07423526 0.398087353
vn -0.736514747 -0.6660099 -0.118223667
vn -0.79181695 0.5852241 -0.174753338
vn -0.9210892 0.389060527 -0.0150554143
vn -0.803709149 -0.5577284 -0.2073418
vn 0.0173886828 0.957694948 0.287259519
vn -0.0205609817 0.9996459 0.0168904457
vn 0.835302234 0.545980036 0.06462164
vn 0.945965 0.25586763 0.199203268
vn 0.7133663 -0.700024068 0.03278468
vn 0.754246235 -0.6565654 0.00587233
vn 0.714229 0.6338094 0.296921879
vn 0.782379031 -0.371896565 0.499575824
vn -0.108938366 0.439977854 0.891376436
vn -0.7578024 -0.559496462 -0.335707
vn -0.0170507524 -0.420345128 0.9072041
vn -0.7219343 0.672182739 0.1642595
vn -0.7863251 -0.363848746 0.4993064
vn -0.03208663 0.860323846 0.508736968
vn -0.252230942 0.218554258 -0.942663
vn -0.967711151 0.249873564 0.03314114
vn 0.873108864 0.07878333 -0.481117547
vn 0.9143389 0.07423526 0.398087353
vn 0.873108864 0.07878333 -0.481117547
vn -0.108938366 0.439977854 0.891376436
vn -0.499929965 0.00780556072 0.866030633
vn -0.4820036 -0.129134655 0.8666007
vn -0.419431061 0.02589993 0.907417655
vn -0.471833169 0.1047575 0.8754424
vn -0.5029608 0.002903417 0.864304364
vn -0.457984746 -0.2178208 0.8618608
vn -0.8680501 -0.09881908 0.486542672
vn -0.8000354 -0.42054373 0.4278859
vn -0.481850445 -0.05976216 0.874213159
vn -0.886675835 -0.07174679 0.456791341
vn -0.868841052 -0.142157674 0.474243015
vn -0.507283866 -0.65903306 0.555282354
vn -0.015582528 -0.6822713 0.730933
vn -0.638148 -0.7680657 0.0533130132
vn -0.915395856 -0.17252472 0.3637109
vn -0.8502301 -0.5138187 -0.114451557
vn -0.5510864 0.1793157 0.8149538
vn -0.937053561 0.002544384 0.3491764
vn -0.5225906 -0.760650754 -0.3851097
vn -0.7375302 0.3741025 -0.5622247
vn -0.0521971025 -0.282687336 -0.957790852
vn -0.5225906 -0.760650754 -0.3851097
vn -0.7375302 0.3741025 -0.5622247
vn -0.8502301 -0.5138187 -0.114451557
vn -0.9988321 0.0104101459 0.04718087
vn -0.50321573 -0.864159 -0.00177713356
vn -0.9988321 0.0104101459 0.04718087
vn -0.8502301 -0.5138187 -0.114451557
vn -0.9988321 0.0104101459 0.04718087
vn -0.8672582 -0.2745339 -0.41532442
vn -0.748524368 -0.4162657 -0.5161726
vn -0.9403641 -0.295805782 0.167971
vn -0.4917743 -0.401573658 -0.7725909
vn -0.6472264 0.5367599 0.5412826
vn -0.319750339 0.645824134 0.6933043
vn -0.968372762 0.241773784 0.0616415851
vn 0.300854981 -0.0928073 -0.94914335
vn 0.96629864 -0.136569113 -0.218210429
vn 0.7197531 -0.319301039 0.6164433
vn -0.0964715853 -0.377682537 0.9208958
vn 0.96629864 -0.136569113 -0.218210429
vn -0.8017052 -0.232159227 -0.5507912
vn -0.8766765 -0.301641077 0.37476784
vn -0.5831019 0.8069253 0.09414725
vn -0.27334407 0.944315851 0.183168277
vn -0.5831019 0.8069253 0.09414725
vn -0.27334407 0.944315851 0.183168277
vn -0.63732934 0.6602995 -0.3972605
vn -0.968372762 0.241773784 0.0616415851
vn -0.922419369 0.1509473 -0.355467826
vn -0.9988321 0.0104101459 0.04718087
vn -0.8672582 -0.2745339 -0.41532442
vn -0.564853966 0.0948411 -0.819722652
vn -0.4917743 -0.401573658 -0.7725909
vn -0.9627369 0.126371711 -0.239098012
vn -0.74654156 0.286613077 0.6004403
vn -0.05598547 0.843724 0.5338496
vn -0.9084631 -0.403230041 0.110001132
vn 0.0572855473 0.8001428 0.5970677
vn 0.9786441 -0.199585244 -0.04920873
vn -0.05598547 0.843724 0.5338496
vn 0.996428668 0.07906837 -0.029632315
vn 0.0572855473 0.8001428 0.5970677
vn -0.420704544 0.331636 0.8444082
vn 0.6251825 -0.217777491 -0.7494797
vn -0.4338707 -0.6998282 -0.5674475
vn 0.116164148 -0.225384712 -0.9673198
vn -0.009417992 0.4931187 0.8699111
vn 0.6251825 -0.217777491 -0.7494797
vn 0.496409357 -0.404772878 0.767943144
vn -0.00305057876 -0.998436451 -0.0558148921
vn 0.702964664 -0.7105186 0.03168603
vn -0.490658671 -0.7552818 0.4345152
vn 0.276798218 0.9311502 0.237364843
vn 0.453765452 0.614242136 -0.64560324
vn -0.221975014 0.1949207 0.9553706
vn 0.309629977 0.579867661 0.75358
vn -0.6426339 -0.5682564 0.5139128
vn 0.0442484953 0.46867466 0.882261932
vn 0.7119323 -0.3538396 0.6065888
vn 0.309629977 0.579867661 0.75358
vn -0.221975014 0.1949207 0.9553706
vn 0.801128149 -0.07373635 -0.5939332
vn 0.702964664 -0.7105186 0.03168603
vn 0.496409357 -0.404772878 0.767943144
vn -0.5483416 -0.3353634 -0.7660632
vn 0.24397628 -0.8852931 -0.3958935
vn 0.0442484953 0.46867466 0.882261932
vn 0.7119323 -0.3538396 0.6065888
vn -0.5483416 -0.3353634 -0.7660632
vn 0.24397628 -0.8852931 -0.3958935
vn 0.1824709 -0.8596444 -0.477195829
vn 0.453765452 0.614242136 -0.64560324
vn -0.009417992 0.4931187 0.8699111
vn 0.903301656 0.030939227 -0.42788887
vn 0.357414156 0.8438007 0.4003192
vn 0.903301656 0.030939227 -0.42788887
vn 0.6308753 -0.3438293 0.6955413
vn 0.6308753 -0.3438293 0.6955413
vn 0.276798218 0.9311502 0.237364843
vn 0.357414156 0.8438007 0.4003192
vn -0.00305057876 -0.998436451 -0.0558148921
vn 0.801128149 -0.07373635 -0.5939332
vn 0.116164148 -0.225384712 -0.9673198
vn -0.736187458 0.115780436 -0.6668005
vn -0.4711202 0.0895888656 -0.877507567
vn -0.5706935 0.108420521 0.813974142
vn -0.8507424 0.116382845 0.5125352
vn -0.990713656 0.122928359 -0.0580957159
vn -0.6939944 0.163164958 -0.701248169
vn -0.507592 0.206300989 -0.8365347
vn -0.6116839 0.217616737 0.7605825
vn -0.8070099 0.252579927 0.533796251
vn -0.9554411 0.27083087 -0.117400542
vn -0.954078734 -0.261148 -0.146749839
vn -0.8358093 -0.3663115 -0.408948272
vn -0.508932 -0.4699947 -0.7211749
vn -0.8512289 -0.4843158 -0.202107832
vn -0.7567207 -0.483291477 -0.4402307
vn -0.5375259 -0.422846466 -0.729566157
vn -0.8527178 -0.458369 -0.25053972
vn -0.6612343 -0.165475681 -0.731701434
vn -0.973616 -0.115604967 0.196741849
vn -0.9988321 0.0104101459 0.04718087
vn -0.965622067 -0.186086133 0.181510136
vn -0.937053561 0.002544384 0.3491764
vn -0.9809295 -0.09280403 0.170776978
vn 0.282789528 -0.2885543 -0.9147494
vn 0.877404332 -0.423018932 -0.226310819
vn 0.5020479 -0.718167067 0.4818547
vn -0.185536817 -0.539774239 0.821108937
vn 0.877404332 -0.423018932 -0.226310819
vn -0.71103 -0.5123018 -0.481646329
vn -0.8043942 -0.376409948 0.4596363
vn -0.743741155 0.239076778 -0.6242526
vn -0.5802599 0.286819369 -0.762255251
vn -0.702787638 0.253862828 0.6645624
vn -0.8548259 0.259471416 0.449385434
vn -0.951129556 0.2680432 -0.1533146
vn 0.306192875 0.3454309 0.887087047
vn 0.428429455 0.4388859 0.7898274
vn 0.242714331 0.131592333 0.9611312
vn 0.823069 0.349879116 0.447372437
vn 0.5112938 0.291953117 0.8082957
vn 0.836984754 0.2510273 0.486252844
vn 0.06483305 0.2657813 0.9618508
usemtl 0712000000_part_0_material_0
f 1/1/1 2/2/2 3/3/3
f 3/3/3 4/4/4 1/1/1
f 2/2/2 5/5/5 6/6/6
f 6/6/6 3/3/3 2/2/2
f 7/7/7 8/8/8 9/9/9
f 9/9/9 10/10/10 7/7/7
f 9/9/9 11/11/11 12/12/12
f 12/12/12 10/10/10 9/9/9
f 13/13/13 11/11/11 9/9/9
f 9/9/9 14/14/14 13/13/13
f 15/15/15 16/16/16 17/17/17
f 18/18/18 19/19/19 20/20/20
f 20/20/20 21/21/21 18/18/18
f 3/3/3 22/22/22 23/23/23
f 22/22/22 3/3/3 6/6/6
f 24/24/24 25/25/25 22/22/22
f 22/22/22 26/26/26 24/24/24
f 27/27/27 21/21/21 20/20/20
f 20/20/20 28/28/28 27/27/27
f 4/4/4 3/3/3 23/23/23
f 23/23/23 29/29/29 4/4/4
f 28/28/28 4/4/4 29/29/29
f 29/29/29 27/27/27 28/28/28
f 30/30/30 31/31/31 32/32/32
f 33/33/33 31/31/31 30/30/30
f 32/32/32 31/31/31 34/34/34
f 35/35/35 36/36/36 37/37/37
f 37/37/37 38/38/38 35/35/35
f 39/39/39 40/40/40 41/41/41
f 41/41/41 42/42/42 39/39/39
f 42/42/42 41/41/41 43/43/43
f 4/4/4 28/28/28 44/44/44
f 44/44/44 1/1/1 4/4/4
f 45/45/45 46/46/46 47/47/47
f 47/47/47 48/48/48 45/45/45
f 49/49/49 50/50/50 51/51/51
f 52/52/52 53/53/53 54/54/54
f 54/54/54 55/55/55 52/52/52
f 56/56/56 57/57/57 58/58/58
f 55/55/55 46/46/46 45/45/45
f 45/45/45 52/52/52 55/55/55
f 59/59/59 60/60/60 61/61/61
f 61/61/61 62/62/62 59/59/59
f 61/61/61 60/60/60 50/50/50
f 50/50/50 49/49/49 61/61/61
f 63/63/63 64/64/64 65/65/65
f 65/65/65 66/66/66 63/63/63
f 65/65/65 67/67/67 66/66/66
f 48/48/48 47/47/47 68/68/68
f 34/34/34 31/31/31 69/69/69
f 69/69/69 70/70/70 34/34/34
f 31/31/31 33/33/33 71/71/71
f 71/71/71 69/69/69 31/31/31
f 20/20/20 19/19/19 72/72/72
f 72/72/72 73/73/73 74/74/74
f 74/74/74 20/20/20 72/72/72
f 8/8/8 7/7/7 75/75/75
f 75/75/75 76/76/76 8/8/8
f 20/20/20 74/74/74 77/77/77
f 70/70/70 69/69/69 78/78/78
f 78/78/78 79/79/79 70/70/70
f 80/80/80 78/78/78 69/69/69
f 69/69/69 71/71/71 80/80/80
f 38/38/38 17/17/17 16/16/16
f 16/16/16 35/35/35 38/38/38
f 39/39/39 76/76/76 75/75/75
f 75/75/75 40/40/40 39/39/39
f 28/28/28 20/20/20 77/77/77
f 77/77/77 44/44/44 28/28/28
f 14/14/14 15/15/15 17/17/17
f 17/17/17 13/13/13 14/14/14
f 81/81/81 80/80/80 71/71/71
f 71/71/71 82/82/82 81/81/81
f 83/83/83 84/84/84 85/85/85
f 84/84/84 83/83/83 86/86/86
f 87/87/87 88/88/88 89/89/89
f 90/90/90 91/91/91 92/92/92
f 92/92/92 93/93/93 90/90/90
f 86/86/86 88/88/88 87/87/87
f 87/87/87 84/84/84 86/86/86
f 83/83/83 85/85/85 94/94/94
f 94/94/94 95/95/95 83/83/83
f 95/95/95 94/94/94 91/91/91
f 91/91/91 90/90/90 95/95/95
f 96/96/96 97/97/97 98/98/98
f 99/99/99 98/98/98 83/83/83
f 83/83/83 95/95/95 99/99/99
f 86/86/86 83/83/83 98/98/98
f 98/98/98 97/97/97 86/86/86
f 100/100/100 99/99/99 101/101/101
f 101/101/101 102/102/102 100/100/100
f 98/98/98 99/99/99 100/100/100
f 100/100/100 103/103/103 98/98/98
f 97/97/97 96/96/96 104/104/104
f 99/99/99 95/95/95 90/90/90
f 90/90/90 101/101/101 99/99/99
f 101/101/101 90/90/90 93/93/93
f 86/86/86 97/97/97 104/104/104
f 104/104/104 88/88/88 86/86/86
f 103/103/103 105/105/105 96/96/96
f 96/96/96 98/98/98 103/103/103
f 96/96/96 105/105/105 106/106/106
f 106/106/106 104/104/104 96/96/96
f 107/107/107 14/14/14 9/9/9
f 9/9/9 8/8/8 107/107/107
f 108/108/108 109/109/109 110/110/110
f 110/110/110 111/111/111 108/108/108
f 112/112/112 50/50/50 113/113/113
f 114/114/114 110/110/110 109/109/109
f 110/110/110 114/114/114 115/115/115
f 112/112/112 113/113/113 116/116/116
f 117/117/117 118/118/118 59/59/59
f 67/67/67 57/57/57 111/111/111
f 112/112/112 51/51/51 50/50/50
f 118/118/118 60/60/60 59/59/59
f 60/60/60 118/118/118 119/119/119
f 60/60/60 119/119/119 113/113/113
f 113/113/113 50/50/50 60/60/60
f 115/115/115 63/63/63 66/66/66
f 66/66/66 110/110/110 115/115/115
f 110/110/110 66/66/66 67/67/67
f 67/67/67 111/111/111 110/110/110
f 15/15/15 120/120/120 121/121/121
f 121/121/121 16/16/16 15/15/15
f 122/122/122 123/123/123 124/124/124
f 124/124/124 125/125/125 122/122/122
f 121/121/121 120/120/120 126/126/126
f 120/120/120 15/15/15 14/14/14
f 14/14/14 107/107/107 120/120/120
f 126/126/126 120/120/120 107/107/107
f 107/107/107 127/127/127 126/126/126
f 127/127/127 124/124/124 128/128/128
f 123/123/123 128/128/128 124/124/124
f 127/127/127 39/39/39 124/124/124
f 39/39/39 127/127/127 76/76/76
f 39/39/39 42/42/42 125/125/125
f 125/125/125 124/124/124 39/39/39
f 127/127/127 8/8/8 76/76/76
f 8/8/8 127/127/127 107/107/107
f 129/129/129 82/82/82 71/71/71
f 71/71/71 33/33/33 129/129/129
f 130/130/130 100/100/100 131/131/131
f 131/131/131 132/132/132 130/130/130
f 133/133/133 100/100/100 134/134/134
f 100/100/100 133/133/133 131/131/131
f 135/135/135 136/136/136 137/137/137
f 136/136/136 135/135/135 138/138/138
f 139/139/139 140/140/140 130/130/130
f 130/130/130 132/132/132 139/139/139
f 141/141/141 142/142/142 18/18/18
f 18/18/18 21/21/21 141/141/141
f 25/25/25 143/143/143 23/23/23
f 143/143/143 25/25/25 144/144/144
f 145/145/145 144/144/144 25/25/25
f 25/25/25 24/24/24 145/145/145
f 146/146/146 141/141/141 21/21/21
f 21/21/21 27/27/27 146/146/146
f 143/143/143 147/147/147 29/29/29
f 29/29/29 23/23/23 143/143/143
f 147/147/147 146/146/146 27/27/27
f 27/27/27 29/29/29 147/147/147
f 148/148/148 149/149/149 150/150/150
f 150/150/150 151/151/151 148/148/148
f 152/152/152 153/153/153 150/150/150
f 150/150/150 149/149/149 152/152/152
f 154/154/154 153/153/153 152/152/152
f 155/155/155 156/156/156 157/157/157
f 157/157/157 158/158/158 155/155/155
f 151/151/151 159/159/159 160/160/160
f 160/160/160 148/148/148 151/151/151
f 154/154/154 152/152/152 156/156/156
f 156/156/156 155/155/155 154/154/154
f 161/161/161 162/162/162 163/163/163
f 161/161/161 163/163/163 164/164/164
f 165/165/165 166/166/166 167/167/167
f 168/168/168 165/165/165 167/167/167
f 168/168/168 169/169/169 170/170/170
f 168/168/168 167/167/167 169/169/169
f 164/164/164 168/168/168 170/170/170
f 161/161/161 164/164/164 170/170/170
f 171/171/171 172/172/172 173/173/173
f 172/172/172 171/171/171 174/174/174
f 175/175/175 176/176/176 177/177/177
f 177/177/177 173/173/173 175/175/175
f 172/172/172 178/178/178 175/175/175
f 175/175/175 173/173/173 172/172/172
f 172/172/172 179/179/179 178/178/178
f 180/180/180 181/181/181 182/182/182
f 182/182/182 183/183/183 180/180/180
f 182/182/182 181/181/181 184/184/184
f 184/184/184 185/185/185 182/182/182
f 186/186/186 185/185/185 184/184/184
f 184/184/184 187/187/187 186/186/186
f 172/172/172 174/174/174 188/188/188
f 188/188/188 187/187/187 172/172/172
f 176/176/176 181/181/181 177/177/177
f 189/189/189 190/190/190 191/191/191
f 191/191/191 186/186/186 189/189/189
f 192/192/192 184/184/184 181/181/181
f 181/181/181 176/176/176 192/192/192
f 177/177/177 181/181/181 180/180/180
f 180/180/180 193/193/193 177/177/177
f 187/187/187 184/184/184 192/192/192
f 192/192/192 179/179/179 187/187/187
f 193/193/193 171/171/171 173/173/173
f 173/173/173 177/177/177 193/193/193
f 194/194/194 195/195/195 196/196/196
f 196/196/196 197/197/197 194/194/194
f 191/191/191 190/190/190 194/194/194
f 194/194/194 197/197/197 191/191/191
f 198/198/198 156/156/156 152/152/152
f 152/152/152 199/199/199 198/198/198
f 156/156/156 200/200/200 157/157/157
f 200/200/200 156/156/156 198/198/198
f 160/160/160 201/201/201 148/148/148
f 201/201/201 160/160/160 202/202/202
f 203/203/203 199/199/199 152/152/152
f 152/152/152 149/149/149 203/203/203
f 201/201/201 203/203/203 149/149/149
f 149/149/149 148/148/148 201/201/201
f 172/172/172 187/187/187 179/179/179
f 183/183/183 182/182/182 196/196/196
f 196/196/196 195/195/195 183/183/183
f 196/196/196 182/182/182 185/185/185
f 185/185/185 197/197/197 196/196/196
f 185/185/185 186/186/186 191/191/191
f 191/191/191 197/197/197 185/185/185
f 189/189/189 186/186/186 187/187/187
f 187/187/187 188/188/188 189/189/189
f 204/204/204 205/205/205 206/206/206
f 207/207/207 204/204/204 208/208/208
f 208/208/208 209/209/209 207/207/207
f 210/210/210 211/211/211 212/212/212
f 212/212/212 206/206/206 210/210/210
f 213/213/213 206/206/206 205/205/205
f 214/214/214 215/215/215 207/207/207
f 207/207/207 209/209/209 214/214/214
f 216/216/216 217/217/217 204/204/204
f 204/204/204 207/207/207 216/216/216
f 209/209/209 208/208/208 212/212/212
f 212/212/212 218/218/218 209/209/209
f 219/219/219 205/205/205 204/204/204
f 218/218/218 220/220/220 214/214/214
f 214/214/214 209/209/209 218/218/218
f 221/221/221 210/210/210 222/222/222
f 217/217/217 223/223/223 204/204/204
f 224/224/224 225/225/225 226/226/226
f 226/226/226 227/227/227 224/224/224
f 223/223/223 219/219/219 204/204/204
f 228/228/228 220/220/220 218/218/218
f 212/212/212 229/229/229 228/228/228
f 212/212/212 211/211/211 229/229/229
f 220/220/220 230/230/230 231/231/231
f 231/231/231 214/214/214 220/220/220
f 212/212/212 228/228/228 218/218/218
f 214/214/214 231/231/231 232/232/232
f 232/232/232 215/215/215 214/214/214
f 215/215/215 216/216/216 207/207/207
f 227/227/227 229/229/229 211/211/211
f 224/224/224 210/210/210 221/221/221
f 221/221/221 233/233/233 224/224/224
f 229/229/229 234/234/234 228/228/228
f 235/235/235 228/228/228 234/234/234
f 236/236/236 237/237/237 238/238/238
f 238/238/238 239/239/239 236/236/236
f 228/228/228 235/235/235 240/240/240
f 211/211/211 210/210/210 224/224/224
f 224/224/224 227/227/227 211/211/211
f 220/220/220 228/228/228 230/230/230
f 241/241/241 229/229/229 227/227/227
f 227/227/227 226/226/226 241/241/241
f 213/213/213 222/222/222 210/210/210
f 206/206/206 213/213/213 210/210/210
f 236/236/236 242/242/242 237/237/237
f 243/243/243 244/244/244 245/245/245
f 244/244/244 243/243/243 246/246/246
f 247/247/247 246/246/246 243/243/243
f 248/248/248 246/246/246 249/249/249
f 225/225/225 224/224/224 233/233/233
f 228/228/228 240/240/240 230/230/230
f 250/250/250 251/251/251 252/252/252
f 251/251/251 232/232/232 252/252/252
f 253/253/253 254/254/254 250/250/250
f 255/255/255 250/250/250 254/254/254
f 255/255/255 254/254/254 240/240/240
f 256/256/256 257/257/257 142/142/142
f 142/142/142 141/141/141 256/256/256
f 258/258/258 259/259/259 143/143/143
f 143/143/143 144/144/144 258/258/258
f 260/260/260 258/258/258 144/144/144
f 144/144/144 145/145/145 260/260/260
f 261/261/261 256/256/256 141/141/141
f 141/141/141 146/146/146 261/261/261
f 143/143/143 262/262/262 147/147/147
f 262/262/262 143/143/143 259/259/259
f 262/262/262 261/261/261 146/146/146
f 146/146/146 147/147/147 262/262/262
f 263/263/263 264/264/264 251/251/251
f 251/251/251 250/250/250 263/263/263
f 255/255/255 263/263/263 250/250/250
f 265/265/265 266/266/266 267/267/267
f 266/266/266 265/265/265 268/268/268
f 269/269/269 268/268/268 265/265/265
f 268/268/268 269/269/269 270/270/270
f 271/271/271 270/270/270 269/269/269
f 270/270/270 271/271/271 272/272/272
f 266/266/266 268/268/268 273/273/273
f 274/274/274 273/273/273 268/268/268
f 268/268/268 270/270/270 274/274/274
f 272/272/272 274/274/274 270/270/270
f 274/274/274 272/272/272 275/275/275
f 273/273/273 274/274/274 276/276/276
f 275/275/275 277/277/277 276/276/276
f 276/276/276 274/274/274 275/275/275
f 278/278/278 279/279/279 280/280/280
f 280/280/280 281/281/281 278/278/278
f 282/282/282 283/283/283 284/284/284
f 284/284/284 285/285/285 282/282/282
f 286/286/286 287/287/287 279/279/279
f 288/288/288 289/289/289 290/290/290
f 291/291/291 284/284/284 292/292/292
f 293/293/293 294/294/294 295/295/295
f 295/295/295 296/296/296 293/293/293
f 297/297/297 291/291/291 292/292/292
f 292/292/292 298/298/298 297/297/297
f 299/299/299 300/300/300 293/293/293
f 293/293/293 296/296/296 299/299/299
f 301/301/301 287/287/287 302/302/302
f 302/302/302 303/303/303 301/301/301
f 304/304/304 305/305/305 297/297/297
f 297/297/297 306/306/306 304/304/304
f 307/307/307 308/308/308 304/304/304
f 304/304/304 306/306/306 307/307/307
f 309/309/309 287/287/287 301/301/301
f 301/301/301 310/310/310 309/309/309
f 285/285/285 311/311/311 312/312/312
f 303/303/303 310/310/310 301/301/301
f 286/286/286 302/302/302 287/287/287
f 312/312/312 282/282/282 285/285/285
f 284/284/284 291/291/291 285/285/285
f 313/313/313 314/314/314 285/285/285
f 285/285/285 314/314/314 311/311/311
f 278/278/278 281/281/281 290/290/290
f 290/290/290 289/289/289 278/278/278
f 315/315/315 290/290/290 281/281/281
f 281/281/281 295/295/295 315/315/315
f 315/315/315 316/316/316 288/288/288
f 288/288/288 290/290/290 315/315/315
f 299/299/299 296/296/296 280/280/280
f 280/280/280 317/317/317 299/299/299
f 281/281/281 280/280/280 296/296/296
f 296/296/296 295/295/295 281/281/281
f 318/318/318 319/319/319 297/297/297
f 297/297/297 298/298/298 318/318/318
f 305/305/305 291/291/291 297/297/297
f 320/320/320 316/316/316 315/315/315
f 315/315/315 295/295/295 321/321/321
f 321/321/321 320/320/320 315/315/315
f 322/322/322 319/319/319 318/318/318
f 323/323/323 321/321/321 295/295/295
f 324/324/324 321/321/321 323/323/323
f 307/307/307 297/297/297 325/325/325
f 326/326/326 323/323/323 294/294/294
f 327/327/327 292/292/292 284/284/284
f 317/317/317 280/280/280 287/287/287
f 287/287/287 309/309/309 317/317/317
f 291/291/291 313/313/313 285/285/285
f 287/287/287 280/280/280 279/279/279
f 67/67/67 58/58/58 57/57/57
f 127/127/127 128/128/128 126/126/126
f 328/328/328 329/329/329 111/111/111
f 111/111/111 57/57/57 328/328/328
f 330/330/330 331/331/331 116/116/116
f 112/112/112 116/116/116 331/331/331
f 329/329/329 332/332/332 111/111/111
f 108/108/108 111/111/111 332/332/332
f 331/331/331 333/333/333 51/51/51
f 51/51/51 112/112/112 331/331/331
f 333/333/333 328/328/328 56/56/56
f 57/57/57 56/56/56 328/328/328
f 334/334/334 335/335/335 329/329/329
f 329/329/329 328/328/328 334/334/334
f 336/336/336 337/337/337 331/331/331
f 331/331/331 330/330/330 336/336/336
f 335/335/335 338/338/338 332/332/332
f 332/332/332 329/329/329 335/335/335
f 337/337/337 339/339/339 333/333/333
f 333/333/333 331/331/331 337/337/337
f 339/339/339 334/334/334 328/328/328
f 328/328/328 333/333/333 339/339/339
f 22/22/22 25/25/25 23/23/23
f 26/26/26 22/22/22 6/6/6
f 249/249/249 340/340/340 248/248/248
f 246/246/246 248/248/248 244/244/244
f 341/341/341 342/342/342 272/272/272
f 272/272/272 271/271/271 341/341/341
f 343/343/343 344/344/344 275/275/275
f 277/277/277 275/275/275 344/344/344
f 342/342/342 343/343/343 272/272/272
f 275/275/275 272/272/272 343/343/343
f 345/345/345 346/346/346 342/342/342
f 342/342/342 341/341/341 345/345/345
f 347/347/347 348/348/348 344/344/344
f 344/344/344 343/343/343 347/347/347
f 346/346/346 347/347/347 343/343/343
f 343/343/343 342/342/342 346/346/346
f 348/348/348 347/347/347 349/349/349
f 346/346/346 345/345/345 350/350/350
f 347/347/347 346/346/346 351/351/351
f 352/352/352 353/353/353 354/354/354
f 355/355/355 352/352/352 354/354/354
f 353/353/353 352/352/352 356/356/356
f 357/357/357 358/358/358 257/257/257
f 257/257/257 256/256/256 357/357/357
f 359/359/359 360/360/360 259/259/259
f 259/259/259 258/258/258 359/359/359
f 361/361/361 359/359/359 258/258/258
f 258/258/258 260/260/260 361/361/361
f 261/261/261 357/357/357 256/256/256
f 357/357/357 261/261/261 362/362/362
f 360/360/360 363/363/363 262/262/262
f 262/262/262 259/259/259 360/360/360
f 363/363/363 362/362/362 261/261/261
f 261/261/261 262/262/262 363/363/363
f 364/364/364 365/365/365 335/335/335
f 335/335/335 334/334/334 364/364/364
f 366/366/366 367/367/367 337/337/337
f 337/337/337 336/336/336 366/366/366
f 365/365/365 368/368/368 338/338/338
f 338/338/338 335/335/335 365/365/365
f 367/367/367 369/369/369 339/339/339
f 339/339/339 337/337/337 367/367/367
f 369/369/369 364/364/364 334/334/334
f 334/334/334 339/339/339 369/369/369
f 212/212/212 208/208/208 206/206/206
f 204/204/204 206/206/206 208/208/208
f 370/370/370 371/371/371 372/372/372
f 371/371/371 370/370/370 373/373/373
f 372/372/372 6/6/6 5/5/5
f 6/6/6 372/372/372 371/371/371
f 374/374/374 375/375/375 376/376/376
f 375/375/375 374/374/374 377/377/377
f 375/375/375 12/12/12 11/11/11
f 12/12/12 375/375/375 377/377/377
f 13/13/13 375/375/375 11/11/11
f 375/375/375 13/13/13 378/378/378
f 379/379/379 17/17/17 380/380/380
f 381/381/381 382/382/382 19/19/19
f 382/382/382 381/381/381 383/383/383
f 371/371/371 384/384/384 385/385/385
f 385/385/385 6/6/6 371/371/371
f 386/386/386 385/385/385 387/387/387
f 385/385/385 386/386/386 26/26/26
f 388/388/388 382/382/382 383/383/383
f 382/382/382 388/388/388 389/389/389
f 373/373/373 384/384/384 371/371/371
f 384/384/384 373/373/373 390/390/390
f 389/389/389 390/390/390 373/373/373
f 390/390/390 389/389/389 388/388/388
f 391/391/391 392/392/392 393/393/393
f 394/394/394 391/391/391 393/393/393
f 392/392/392 34/34/34 393/393/393
f 395/395/395 37/37/37 396/396/396
f 37/37/37 395/395/395 38/38/38
f 397/397/397 398/398/398 399/399/399
f 398/398/398 397/397/397 42/42/42
f 42/42/42 43/43/43 398/398/398
f 373/373/373 400/400/400 389/389/389
f 400/400/400 373/373/373 370/370/370
f 401/401/401 402/402/402 403/403/403
f 402/402/402 401/401/401 404/404/404
f 405/405/405 406/406/406 407/407/407
f 408/408/408 409/409/409 410/410/410
f 409/409/409 408/408/408 411/411/411
f 412/412/412 413/413/413 414/414/414
f 411/411/411 401/401/401 403/403/403
f 401/401/401 411/411/411 408/408/408
f 415/415/415 416/416/416 417/417/417
f 416/416/416 415/415/415 418/418/418
f 416/416/416 407/407/407 417/417/417
f 407/407/407 416/416/416 405/405/405
f 419/419/419 420/420/420 421/421/421
f 420/420/420 419/419/419 422/422/422
f 420/420/420 422/422/422 423/423/423
f 404/404/404 424/424/424 402/402/402
f 34/34/34 425/425/425 393/393/393
f 425/425/425 34/34/34 70/70/70
f 393/393/393 426/426/426 394/394/394
f 426/426/426 393/393/393 425/425/425
f 382/382/382 72/72/72 19/19/19
f 72/72/72 427/427/427 73/73/73
f 427/427/427 72/72/72 382/382/382
f 376/376/376 428/428/428 374/374/374
f 428/428/428 376/376/376 429/429/429
f 382/382/382 430/430/430 427/427/427
f 70/70/70 431/431/431 425/425/425
f 431/431/431 70/70/70 79/79/79
f 432/432/432 425/425/425 431/431/431
f 425/425/425 432/432/432 426/426/426
f 38/38/38 380/380/380 17/17/17
f 380/380/380 38/38/38 395/395/395
f 397/397/397 428/428/428 429/429/429
f 428/428/428 397/397/397 399/399/399
f 389/389/389 430/430/430 382/382/382
f 430/430/430 389/389/389 400/400/400
f 378/378/378 17/17/17 379/379/379
f 17/17/17 378/378/378 13/13/13
f 81/81/81 426/426/426 432/432/432
f 426/426/426 81/81/81 82/82/82
f 433/433/433 434/434/434 435/435/435
f 435/435/435 436/436/436 433/433/433
f 437/437/437 438/438/438 439/439/439
f 440/440/440 441/441/441 442/442/442
f 441/441/441 440/440/440 443/443/443
f 436/436/436 437/437/437 439/439/439
f 437/437/437 436/436/436 435/435/435
f 433/433/433 444/444/444 434/434/434
f 444/444/444 433/433/433 445/445/445
f 445/445/445 442/442/442 444/444/444
f 442/442/442 445/445/445 440/440/440
f 446/446/446 447/447/447 448/448/448
f 449/449/449 433/433/433 447/447/447
f 433/433/433 449/449/449 445/445/445
f 436/436/436 447/447/447 433/433/433
f 447/447/447 436/436/436 448/448/448
f 450/450/450 451/451/451 449/449/449
f 451/451/451 450/450/450 452/452/452
f 447/447/447 450/450/450 449/449/449
f 450/450/450 447/447/447 453/453/453
f 448/448/448 454/454/454 446/446/446
f 449/449/449 440/440/440 445/445/445
f 440/440/440 449/449/449 451/451/451
f 451/451/451 443/443/443 440/440/440
f 436/436/436 454/454/454 448/448/448
f 454/454/454 436/436/436 439/439/439
f 453/453/453 446/446/446 455/455/455
f 446/446/446 453/453/453 447/447/447
f 446/446/446 456/456/456 455/455/455
f 456/456/456 446/446/446 454/454/454
f 457/457/457 375/375/375 378/378/378
f 375/375/375 457/457/457 376/376/376
f 108/108/108 458/458/458 109/109/109
f 458/458/458 108/108/108 459/459/459
f 460/460/460 461/461/461 407/407/407
f 114/114/114 109/109/109 458/458/458
f 458/458/458 462/462/462 114/114/114
f 460/460/460 463/463/463 461/461/461
f 464/464/464 415/415/415 465/465/465
f 423/423/423 459/459/459 414/414/414
f 460/460/460 407/407/407 406/406/406
f 465/465/465 415/415/415 417/417/417
f 417/417/417 466/466/466 465/465/465
f 417/417/417 461/461/461 466/466/466
f 461/461/461 417/417/417 407/407/407
f 462/462/462 422/422/422 419/419/419
f 422/422/422 462/462/462 458/458/458
f 458/458/458 423/423/423 422/422/422
f 423/423/423 458/458/458 459/459/459
f 379/379/379 467/467/467 468/468/468
f 467/467/467 379/379/379 380/380/380
f 122/122/122 469/469/469 470/470/470
f 469/469/469 122/122/122 125/125/125
f 467/467/467 471/471/471 468/468/468
f 468/468/468 378/378/378 379/379/379
f 378/378/378 468/468/468 457/457/457
f 471/471/471 457/457/457 468/468/468
f 457/457/457 471/471/471 472/472/472
f 472/472/472 473/473/473 469/469/469
f 470/470/470 469/469/469 473/473/473
f 472/472/472 469/469/469 397/397/397
f 397/397/397 429/429/429 472/472/472
f 397/397/397 125/125/125 42/42/42
f 125/125/125 397/397/397 469/469/469
f 472/472/472 429/429/429 376/376/376
f 376/376/376 457/457/457 472/472/472
f 129/129/129 426/426/426 82/82/82
f 426/426/426 129/129/129 394/394/394
f 474/474/474 475/475/475 450/450/450
f 475/475/475 474/474/474 476/476/476
f 477/477/477 478/478/478 450/450/450
f 450/450/450 475/475/475 477/477/477
f 479/479/479 480/480/480 481/481/481
f 481/481/481 482/482/482 479/479/479
f 483/483/483 474/474/474 484/484/484
f 474/474/474 483/483/483 476/476/476
f 485/485/485 381/381/381 486/486/486
f 381/381/381 485/485/485 383/383/383
f 387/387/387 384/384/384 487/487/487
f 487/487/487 488/488/488 387/387/387
f 489/489/489 387/387/387 488/488/488
f 387/387/387 489/489/489 386/386/386
f 490/490/490 383/383/383 485/485/485
f 383/383/383 490/490/490 388/388/388
f 487/487/487 390/390/390 491/491/491
f 390/390/390 487/487/487 384/384/384
f 491/491/491 388/388/388 490/490/490
f 388/388/388 491/491/491 390/390/390
f 492/492/492 493/493/493 494/494/494
f 493/493/493 492/492/492 495/495/495
f 496/496/496 493/493/493 497/497/497
f 493/493/493 496/496/496 494/494/494
f 498/498/498 496/496/496 497/497/497
f 499/499/499 500/500/500 501/501/501
f 500/500/500 499/499/499 502/502/502
f 495/495/495 503/503/503 504/504/504
f 503/503/503 495/495/495 492/492/492
f 498/498/498 501/501/501 496/496/496
f 501/501/501 498/498/498 499/499/499
f 505/505/505 506/506/506 507/507/507
f 505/505/505 508/508/508 506/506/506
f 509/509/509 510/510/510 511/511/511
f 512/512/512 510/510/510 509/509/509
f 512/512/512 513/513/513 514/514/514
f 512/512/512 514/514/514 510/510/510
f 508/508/508 513/513/513 512/512/512
f 505/505/505 513/513/513 508/508/508
f 515/515/515 516/516/516 517/517/517
f 517/517/517 518/518/518 515/515/515
f 519/519/519 520/520/520 521/521/521
f 520/520/520 519/519/519 516/516/516
f 517/517/517 519/519/519 522/522/522
f 519/519/519 517/517/517 516/516/516
f 517/517/517 522/522/522 523/523/523
f 524/524/524 525/525/525 526/526/526
f 525/525/525 524/524/524 527/527/527
f 525/525/525 528/528/528 526/526/526
f 528/528/528 525/525/525 529/529/529
f 530/530/530 528/528/528 529/529/529
f 528/528/528 530/530/530 531/531/531
f 517/517/517 532/532/532 518/518/518
f 532/532/532 517/517/517 531/531/531
f 521/521/521 520/520/520 526/526/526
f 533/533/533 534/534/534 535/535/535
f 534/534/534 533/533/533 530/530/530
f 536/536/536 526/526/526 528/528/528
f 526/526/526 536/536/536 521/521/521
f 520/520/520 524/524/524 526/526/526
f 524/524/524 520/520/520 537/537/537
f 531/531/531 536/536/536 528/528/528
f 536/536/536 531/531/531 523/523/523
f 537/537/537 516/516/516 515/515/515
f 516/516/516 537/537/537 520/520/520
f 538/538/538 539/539/539 540/540/540
f 539/539/539 538/538/538 541/541/541
f 534/534/534 538/538/538 535/535/535
f 538/538/538 534/534/534 541/541/541
f 542/542/542 496/496/496 501/501/501
f 496/496/496 542/542/542 543/543/543
f 501/501/501 500/500/500 544/544/544
f 544/544/544 542/542/542 501/501/501
f 503/503/503 492/492/492 545/545/545
f 545/545/545 546/546/546 503/503/503
f 547/547/547 496/496/496 543/543/543
f 496/496/496 547/547/547 494/494/494
f 545/545/545 494/494/494 547/547/547
f 494/494/494 545/545/545 492/492/492
f 517/517/517 523/523/523 531/531/531
f 527/527/527 539/539/539 525/525/525
f 539/539/539 527/527/527 540/540/540
f 539/539/539 529/529/529 525/525/525
f 529/529/529 539/539/539 541/541/541
f 529/529/529 534/534/534 530/530/530
f 534/534/534 529/529/529 541/541/541
f 533/533/533 531/531/531 530/530/530
f 531/531/531 533/533/533 532/532/532
f 548/548/548 549/549/549 205/205/205
f 550/550/550 551/551/551 548/548/548
f 551/551/551 550/550/550 552/552/552
f 553/553/553 554/554/554 555/555/555
f 554/554/554 553/553/553 549/549/549
f 213/213/213 205/205/205 549/549/549
f 556/556/556 550/550/550 215/215/215
f 550/550/550 556/556/556 552/552/552
f 216/216/216 548/548/548 217/217/217
f 548/548/548 216/216/216 550/550/550
f 552/552/552 554/554/554 551/551/551
f 554/554/554 552/552/552 557/557/557
f 219/219/219 548/548/548 205/205/205
f 557/557/557 556/556/556 558/558/558
f 556/556/556 557/557/557 552/552/552
f 221/221/221 222/222/222 553/553/553
f 217/217/217 548/548/548 223/223/223
f 559/559/559 560/560/560 225/225/225
f 560/560/560 559/559/559 561/561/561
f 223/223/223 548/548/548 219/219/219
f 562/562/562 557/557/557 558/558/558
f 554/554/554 562/562/562 563/563/563
f 554/554/554 563/563/563 555/555/555
f 558/558/558 564/564/564 565/565/565
f 564/564/564 558/558/558 556/556/556
f 554/554/554 557/557/557 562/562/562
f 556/556/556 232/232/232 564/564/564
f 232/232/232 556/556/556 215/215/215
f 215/215/215 550/550/550 216/216/216
f 561/561/561 555/555/555 563/563/563
f 559/559/559 221/221/221 553/553/553
f 221/221/221 559/559/559 233/233/233
f 563/563/563 562/562/562 566/566/566
f 567/567/567 566/566/566 562/562/562
f 568/568/568 569/569/569 570/570/570
f 569/569/569 568/568/568 571/571/571
f 562/562/562 572/572/572 567/567/567
f 555/555/555 559/559/559 553/553/553
f 559/559/559 555/555/555 561/561/561
f 558/558/558 565/565/565 562/562/562
f 573/573/573 561/561/561 563/563/563
f 561/561/561 573/573/573 560/560/560
f 213/213/213 553/553/553 222/222/222
f 549/549/549 553/553/553 213/213/213
f 568/568/568 570/570/570 574/574/574
f 575/575/575 576/576/576 577/577/577
f 577/577/577 578/578/578 575/575/575
f 579/579/579 575/575/575 578/578/578
f 580/580/580 249/249/249 578/578/578
f 225/225/225 233/233/233 559/559/559
f 562/562/562 565/565/565 572/572/572
f 581/581/581 564/564/564 582/582/582
f 582/582/582 564/564/564 232/232/232
f 564/564/564 581/581/581 565/565/565
f 583/583/583 565/565/565 581/581/581
f 583/583/583 572/572/572 565/565/565
f 584/584/584 486/486/486 585/585/585
f 486/486/486 584/584/584 485/485/485
f 586/586/586 487/487/487 587/587/587
f 487/487/487 586/586/586 488/488/488
f 588/588/588 488/488/488 586/586/586
f 488/488/488 588/588/588 489/489/489
f 589/589/589 485/485/485 584/584/584
f 485/485/485 589/589/589 490/490/490
f 487/487/487 491/491/491 590/590/590
f 590/590/590 587/587/587 487/487/487
f 590/590/590 490/490/490 589/589/589
f 490/490/490 590/590/590 491/491/491
f 591/591/591 582/582/582 592/592/592
f 582/582/582 591/591/591 581/581/581
f 583/583/583 581/581/581 591/591/591
f 593/593/593 594/594/594 266/266/266
f 266/266/266 595/595/595 593/593/593
f 596/596/596 593/593/593 595/595/595
f 595/595/595 597/597/597 596/596/596
f 598/598/598 596/596/596 597/597/597
f 597/597/597 599/599/599 598/598/598
f 266/266/266 273/273/273 595/595/595
f 600/600/600 595/595/595 273/273/273
f 595/595/595 600/600/600 597/597/597
f 599/599/599 597/597/597 600/600/600
f 600/600/600 601/601/601 599/599/599
f 273/273/273 276/276/276 600/600/600
f 601/601/601 276/276/276 277/277/277
f 276/276/276 601/601/601 600/600/600
f 602/602/602 603/603/603 604/604/604
f 603/603/603 602/602/602 605/605/605
f 606/606/606 607/607/607 608/608/608
f 607/607/607 606/606/606 609/609/609
f 610/610/610 604/604/604 611/611/611
f 612/612/612 613/613/613 614/614/614
f 615/615/615 616/616/616 607/607/607
f 617/617/617 618/618/618 619/619/619
f 618/618/618 617/617/617 620/620/620
f 621/621/621 616/616/616 615/615/615
f 616/616/616 621/621/621 622/622/622
f 623/623/623 617/617/617 624/624/624
f 617/617/617 623/623/623 620/620/620
f 625/625/625 626/626/626 611/611/611
f 626/626/626 625/625/625 627/627/627
f 628/628/628 621/621/621 629/629/629
f 621/621/621 628/628/628 630/630/630
f 631/631/631 628/628/628 632/632/632
f 628/628/628 631/631/631 630/630/630
f 633/633/633 625/625/625 611/611/611
f 625/625/625 633/633/633 634/634/634
f 609/609/609 635/635/635 636/636/636
f 627/627/627 625/625/625 634/634/634
f 610/610/610 611/611/611 626/626/626
f 635/635/635 609/609/609 606/606/606
f 607/607/607 609/609/609 615/615/615
f 637/637/637 609/609/609 638/638/638
f 609/609/609 636/636/636 638/638/638
f 602/602/602 613/613/613 605/605/605
f 613/613/613 602/602/602 614/614/614
f 639/639/639 605/605/605 613/613/613
f 605/605/605 639/639/639 618/618/618
f 639/639/639 612/612/612 640/640/640
f 612/612/612 639/639/639 613/613/613
f 623/623/623 603/603/603 620/620/620
f 603/603/603 623/623/623 641/641/641
f 605/605/605 620/620/620 603/603/603
f 620/620/620 605/605/605 618/618/618
f 642/642/642 621/621/621 643/643/643
f 621/621/621 642/642/642 622/622/622
f 629/629/629 621/621/621 615/615/615
f 644/644/644 639/639/639 640/640/640
f 639/639/639 645/645/645 618/618/618
f 645/645/645 639/639/639 644/644/644
f 646/646/646 642/642/642 643/643/643
f 647/647/647 618/618/618 645/645/645
f 648/648/648 647/647/647 645/645/645
f 631/631/631 649/649/649 621/621/621
f 650/650/650 619/619/619 647/647/647
f 651/651/651 607/607/607 616/616/616
f 641/641/641 611/611/611 603/603/603
f 611/611/611 641/641/641 633/633/633
f 615/615/615 609/609/609 637/637/637
f 611/611/611 604/604/604 603/603/603
f 423/423/423 414/414/414 413/413/413
f 472/472/472 471/471/471 473/473/473
f 652/652/652 459/459/459 653/653/653
f 459/459/459 652/652/652 414/414/414
f 654/654/654 463/463/463 655/655/655
f 460/460/460 655/655/655 463/463/463
f 653/653/653 459/459/459 332/332/332
f 108/108/108 332/332/332 459/459/459
f 655/655/655 406/406/406 656/656/656
f 406/406/406 655/655/655 460/460/460
f 656/656/656 412/412/412 652/652/652
f 414/414/414 652/652/652 412/412/412
f 657/657/657 653/653/653 658/658/658
f 653/653/653 657/657/657 652/652/652
f 659/659/659 655/655/655 660/660/660
f 655/655/655 659/659/659 654/654/654
f 658/658/658 332/332/332 338/338/338
f 332/332/332 658/658/658 653/653/653
f 660/660/660 656/656/656 661/661/661
f 656/656/656 660/660/660 655/655/655
f 661/661/661 652/652/652 657/657/657
f 652/652/652 661/661/661 656/656/656
f 385/385/385 384/384/384 387/387/387
f 26/26/26 6/6/6 385/385/385
f 249/249/249 580/580/580 340/340/340
f 578/578/578 577/577/577 580/580/580
f 662/662/662 599/599/599 663/663/663
f 599/599/599 662/662/662 598/598/598
f 664/664/664 601/601/601 344/344/344
f 277/277/277 344/344/344 601/601/601
f 663/663/663 599/599/599 664/664/664
f 601/601/601 664/664/664 599/599/599
f 665/665/665 663/663/663 666/666/666
f 663/663/663 665/665/665 662/662/662
f 667/667/667 344/344/344 348/348/348
f 344/344/344 667/667/667 664/664/664
f 666/666/666 664/664/664 667/667/667
f 664/664/664 666/666/666 663/663/663
f 348/348/348 349/349/349 667/667/667
f 666/666/666 668/668/668 665/665/665
f 667/667/667 669/669/669 666/666/666
f 670/670/670 671/671/671 672/672/672
f 673/673/673 671/671/671 670/670/670
f 672/672/672 674/674/674 670/670/670
f 675/675/675 585/585/585 676/676/676
f 585/585/585 675/675/675 584/584/584
f 677/677/677 587/587/587 678/678/678
f 587/587/587 677/677/677 586/586/586
f 679/679/679 586/586/586 677/677/677
f 586/586/586 679/679/679 588/588/588
f 589/589/589 584/584/584 675/675/675
f 675/675/675 680/680/680 589/589/589
f 678/678/678 590/590/590 681/681/681
f 590/590/590 678/678/678 587/587/587
f 681/681/681 589/589/589 680/680/680
f 589/589/589 681/681/681 590/590/590
f 682/682/682 658/658/658 683/683/683
f 658/658/658 682/682/682 657/657/657
f 684/684/684 660/660/660 685/685/685
f 660/660/660 684/684/684 659/659/659
f 683/683/683 338/338/338 368/368/368
f 338/338/338 683/683/683 658/658/658
f 685/685/685 661/661/661 686/686/686
f 661/661/661 685/685/685 660/660/660
f 686/686/686 657/657/657 682/682/682
f 657/657/657 686/686/686 661/661/661
f 554/554/554 549/549/549 551/551/551
f 548/548/548 551/551/551 549/549/549
f 252/252/252 232/232/232 253/253/253
f 250/250/250 252/252/252 253/253/253
f 687/687/687 688/688/688 689/689/689
f 690/690/690 689/689/689 688/688/688
f 691/691/691 692/692/692 688/688/688
f 691/691/691 688/688/688 687/687/687
f 687/687/687 693/693/693 691/691/691
