mtllib 9012000902.mtl
o 9012000902_part_0
v 0.24562934 1.60181546 0.239344507
v 0.244392633 1.71438551 0.3157426
v -0.0267839935 1.727575 0.3386205
v -0.0273186173 1.67685413 0.317416519
v 0.446449 1.834285 -0.2732329
v 0.3306952 1.54004264 -0.0467056073
v 0.274629682 1.5897857 -0.1511561
v 0.391132146 1.69549274 0.0997502
v 0.3306952 1.54004264 -0.0467056073
v 0.435746253 1.69647348 -0.136809021
v 0.0184182022 1.63531709 -0.2616187
v 0.0205319747 1.8440361 -0.353371471
v 0.193124011 1.83952594 -0.315362483
v 0.150399029 1.61746156 -0.226160616
v 0.406602323 1.80101359 0.1689933
v 0.162380934 1.4737649 -0.2511062
v 0.02705471 1.47581375 -0.287273973
v -0.03462685 1.56935859 0.326292127
v 0.147581637 1.50250816 0.238756716
v 0.291140765 1.42400908 0.00649203174
v 0.438338876 2.04012752 -0.302606076
v 0.184228882 2.076127 -0.292643964
v 0.0357887745 2.10207248 -0.317972273
v 0.219114915 1.97533739 0.207690716
v 0.0121730668 1.97159612 0.279275328
v 0.345497549 2.153885 -0.176875234
v 0.431977361 2.135887 -0.164130419
v 0.412081927 1.93194342 0.168946415
v 0.431977361 2.135887 -0.164130419
v 0.345497549 2.153885 -0.176875234
v 0.318687 2.15681982 0.07110464
v 0.394885838 2.11836052 0.07820247
v 0.2374561 2.20401049 0.102449708
v 0.09437183 2.138521 0.187197626
v 0.160641149 1.37709153 0.234304518
v 0.262375027 1.45688534 -0.164375216
v 0.291140765 1.42400908 0.00649203174
v 0.165014088 2.31029415 -0.0306491032
v 0.224756867 2.18454981 -0.166120321
v 0.0297853146 2.21653843 -0.182127833
v 0.0281727351 2.35795188 -0.04787289
v 0.0181290172 2.10065317 0.245842785
v -0.03982746 1.39188671 0.263862163
v 0.202995569 0.679722548 -0.069594264
v 0.227757752 0.622295856 -0.07892093
v 0.180573165 0.601517558 0.05707159
v 0.143028572 0.678673744 0.07247392
v 0.3771074 0.7035258 0.243658721
v 0.369613618 0.563419342 0.207897037
v 0.4269288 0.602156162 0.04818081
v 0.4427468 0.6913074 0.06374479
v 0.359100074 0.7006638 -0.07637555
v 0.365384251 0.6339879 -0.09275365
v 0.310070544 0.9780334 -0.159626275
v 0.404562145 0.9807895 0.0162420832
v 0.210828364 0.6874566 0.235001624
v 0.122547574 0.9924538 0.176665038
v 0.0462839827 0.93342483 -0.0261890739
v 0.143028572 0.678673744 0.07247392
v 0.251216531 0.558203459 0.2109735
v 0.08526852 0.92865324 -0.102842547
v 0.0462839827 0.93342483 -0.0261890739
v 0.00383964856 0.923344135 -0.03944353
v 0.01194532 0.9383395 -0.130535871
v -0.0147372242 0.9800294 0.17090413
v 0.00383964856 0.923344135 -0.03944353
v 0.121526279 1.10339272 0.2427735
v 0.2694336 1.11440945 0.198698848
v -0.0240343977 1.101532 0.264188081
v 0.298001379 1.00107419 0.191486478
v 0.380968 1.12864935 -0.00179096684
v 0.187333584 1.06815863 -0.281373233
v 0.30933094 1.10442984 -0.194559574
v 0.184984758 0.9236927 -0.188800812
v 0.0300731 1.05238879 -0.297718138
v 0.0219735336 0.958559036 -0.213051736
v 0.180573165 0.601517558 0.05707159
v 0.158326492 1.26032686 0.2067588
v -0.03301072 1.24215865 0.239650875
v 0.172220081 1.25443935 -0.303603083
v 0.2847052 1.2721076 -0.215267092
v 0.0256698579 1.24234772 -0.323280156
v 0.380968 1.12864935 -0.00179096684
v 0.30933094 1.10442984 -0.194559574
v 0.33684358 1.28082478 -0.0168187246
v 0.2305021 0.5615953 -0.148162663
v 0.183366179 0.503929138 0.0274818167
v 0.180573165 0.601517558 0.05707159
v 0.227757752 0.622295856 -0.07892093
v 0.3752349 0.48163867 0.124770425
v 0.430730253 0.5092199 0.0126663148
v 0.4269288 0.602156162 0.04818081
v 0.369613618 0.563419342 0.207897037
v 0.360897154 0.5709182 -0.147055
v 0.365384251 0.6339879 -0.09275365
v 0.2614617 0.4770515 0.1477654
v 0.3752349 0.48163867 0.124770425
v 0.369613618 0.563419342 0.207897037
v 0.251216531 0.558203459 0.2109735
v 0.430730253 0.5092199 0.0126663148
v 0.4269288 0.602156162 0.04818081
v 0.183366179 0.503929138 0.0274818167
v 0.2614617 0.4770515 0.1477654
v 0.251216531 0.558203459 0.2109735
v 0.180573165 0.601517558 0.05707159
v 0.367202878 0.158420563 -0.1482211
v 0.359056354 0.3448366 -0.128812075
v 0.412386239 0.279260516 -0.0384166762
v 0.4294189 0.13355124 -0.0659654662
v 0.259278268 0.342763424 -0.12588647
v 0.2597753 0.158420444 -0.153865933
v 0.220179081 0.1378969 -0.07536485
v 0.2266584 0.28006506 -0.0351545438
v 0.2997698 0.206061959 0.0593024641
v 0.296948 0.283305049 0.07197485
v 0.2266584 0.28006506 -0.0351545438
v 0.220179081 0.1378969 -0.07536485
v 0.383443117 0.206046343 0.03809835
v 0.359866917 0.291989446 0.0523406342
v 0.296948 0.283305049 0.07197485
v 0.2997698 0.206061959 0.0593024641
v 0.4294189 0.13355124 -0.0659654662
v 0.412386239 0.279260516 -0.0384166762
v 0.359866917 0.291989446 0.0523406342
v 0.430730253 0.5092199 0.0126663148
v 0.412386239 0.279260516 -0.0384166762
v 0.296948 0.283305049 0.07197485
v 0.2614617 0.4770515 0.1477654
v 0.183366179 0.503929138 0.0274818167
v 0.2266584 0.28006506 -0.0351545438
v 0.359866917 0.291989446 0.0523406342
v 0.3752349 0.48163867 0.124770425
v 0.2614617 0.4770515 0.1477654
v 0.296948 0.283305049 0.07197485
v 0.430730253 0.5092199 0.0126663148
v 0.3752349 0.48163867 0.124770425
v 0.359866917 0.291989446 0.0523406342
v 0.412386239 0.279260516 -0.0384166762
v 0.33684358 1.28082478 -0.0168187246
v 0.2694336 1.11440945 0.198698848
v 0.380968 1.12864935 -0.00179096684
v 0.121526279 1.10339272 0.2427735
v -0.0240343977 1.101532 0.264188081
v 0.187333584 1.06815863 -0.281373233
v 0.0300731 1.05238879 -0.297718138
v 0.224756867 2.18454981 -0.166120321
v 0.165014088 2.31029415 -0.0306491032
v 0.435746253 1.69647348 -0.136809021
v -0.2919369 1.62151217 0.19287166
v -0.2801228 1.73907793 0.283146054
v -0.391468644 1.87037337 -0.283843666
v -0.253035545 1.606696 -0.20116663
v -0.325585574 1.55569267 -0.118873551
v -0.37105903 1.72985387 0.08748996
v -0.379564583 1.728134 -0.14608261
v -0.325585574 1.55569267 -0.118873551
v -0.114405639 1.62546158 -0.252116084
v -0.150230214 1.87175024 -0.319434375
v -0.3910117 1.83165181 0.155322909
v -0.108330078 1.47561383 -0.28292346
v -0.20563817 1.51271808 0.203587919
v -0.295520037 1.41932178 -0.0668863654
v -0.3848132 2.07630968 -0.314804167
v -0.112747386 2.09398079 -0.3030119
v -0.189930961 1.99092221 0.195771933
v -0.308510244 2.200406 -0.168734878
v -0.413785368 2.17822886 -0.147168875
v -0.398207635 1.96400142 0.1596131
v -0.413785368 2.17822886 -0.147168875
v -0.3595657 2.14527965 0.0334351473
v -0.268409342 2.17415571 0.0610371
v -0.308510244 2.200406 -0.168734878
v -0.0505117625 2.141593 0.185155362
v -0.1881204 2.21303463 0.0964511558
v -0.226856172 1.37436545 0.184160531
v -0.225550741 1.45435572 -0.2250193
v -0.295520037 1.41932178 -0.0668863654
v -0.106429815 2.32137418 -0.0491150469
v -0.154913947 2.20195675 -0.176364869
v -0.188973576 0.6873772 -0.167320728
v -0.130738869 0.66476357 -0.0270499587
v -0.166176587 0.5943577 -0.055902686
v -0.212142214 0.635792 -0.186071008
v -0.366969615 0.6611967 0.141301692
v -0.430265754 0.6761122 -0.0384364724
v -0.412436754 0.5923463 -0.068862766
v -0.3567551 0.527587056 0.0823278055
v -0.34616366 0.6986728 -0.1751033
v -0.35049358 0.6433753 -0.199596643
v -0.280186951 0.9756284 -0.219967544
v -0.392384261 0.964821458 -0.0545795523
v -0.200452864 0.648279548 0.132859737
v -0.130738869 0.66476357 -0.0270499587
v -0.0297411624 0.9305017 -0.04295952
v -0.133647814 0.9761529 0.138787389
v -0.23824963 0.523356438 0.08587359
v -0.0566401929 0.926474452 -0.129719079
v -0.0297411624 0.9305017 -0.04295952
v -0.1425256 1.08216786 0.208173
v -0.281112134 1.08951318 0.1482605
v -0.305164963 0.976253748 0.131638944
v -0.3717626 1.11425877 -0.06149006
v -0.144596145 1.07618308 -0.322255462
v -0.148315817 0.924237 -0.235833913
v -0.280130535 1.10426 -0.247188687
v -0.166176587 0.5943577 -0.055902686
v -0.20559904 1.24851763 0.162395686
v -0.125483528 1.25610721 -0.333007127
v -0.25071317 1.2675699 -0.261376917
v -0.3717626 1.11425877 -0.06149006
v -0.332104057 1.26699448 -0.06709722
v -0.280130535 1.10426 -0.247188687
v -0.211477041 0.5936626 -0.266678
v -0.212142214 0.635792 -0.186071008
v -0.166176587 0.5943577 -0.055902686
v -0.166081592 0.5051068 -0.103904419
v -0.359039217 0.461676121 -0.0164021477
v -0.3567551 0.527587056 0.0823278055
v -0.412436754 0.5923463 -0.068862766
v -0.41334942 0.508477569 -0.122043259
v -0.3420406 0.6003053 -0.26651898
v -0.35049358 0.6433753 -0.199596643
v -0.245596051 0.454897881 0.00765708834
v -0.23824963 0.523356438 0.08587359
v -0.3567551 0.527587056 0.0823278055
v -0.359039217 0.461676121 -0.0164021477
v -0.41334942 0.508477569 -0.122043259
v -0.412436754 0.5923463 -0.068862766
v -0.166081592 0.5051068 -0.103904419
v -0.166176587 0.5943577 -0.055902686
v -0.23824963 0.523356438 0.08587359
v -0.245596051 0.454897881 0.00765708834
v -0.3432717 0.159505248 -0.344306648
v -0.405387163 0.134605765 -0.262062848
v -0.3891491 0.2926426 -0.215118557
v -0.335713029 0.3748548 -0.290625721
v -0.235976517 0.374039769 -0.286099285
v -0.235739917 0.159510612 -0.349946
v -0.203560978 0.296113372 -0.207970351
v -0.19614701 0.138961554 -0.271449864
v -0.275746733 0.207078218 -0.136763453
v -0.19614701 0.138961554 -0.271449864
v -0.203560978 0.296113372 -0.207970351
v -0.2756903 0.278079867 -0.103567392
v -0.3597984 0.206569552 -0.158561349
v -0.275746733 0.207078218 -0.136763453
v -0.2756903 0.278079867 -0.103567392
v -0.338441044 0.2891568 -0.122524045
v -0.338441044 0.2891568 -0.122524045
v -0.3891491 0.2926426 -0.215118557
v -0.405387163 0.134605765 -0.262062848
v -0.3891491 0.2926426 -0.215118557
v -0.41334942 0.508477569 -0.122043259
v -0.2756903 0.278079867 -0.103567392
v -0.203560978 0.296113372 -0.207970351
v -0.166081592 0.5051068 -0.103904419
v -0.245596051 0.454897881 0.00765708834
v -0.338441044 0.2891568 -0.122524045
v -0.2756903 0.278079867 -0.103567392
v -0.245596051 0.454897881 0.00765708834
v -0.359039217 0.461676121 -0.0164021477
v -0.41334942 0.508477569 -0.122043259
v -0.3891491 0.2926426 -0.215118557
v -0.338441044 0.2891568 -0.122524045
v -0.359039217 0.461676121 -0.0164021477
v -0.332104057 1.26699448 -0.06709722
v -0.3717626 1.11425877 -0.06149006
v -0.281112134 1.08951318 0.1482605
v -0.1425256 1.08216786 0.208173
v -0.144596145 1.07618308 -0.322255462
v -0.154913947 2.20195675 -0.176364869
v -0.106429815 2.32137418 -0.0491150469
v -0.379564583 1.728134 -0.14608261
v -0.0275857113 0.812755466 0.3713921
v 0.145243451 1.02311492 0.31543228
v -0.0299154017 1.12726569 0.344304562
v 0.0923477039 1.26709747 0.254635572
v -0.0362456962 1.29792225 0.26656118
v 0.125593886 1.01958919 0.3133053
v 0.2918295 0.9912795 0.285987169
v 0.1796563 1.24280763 0.205970347
v 0.08980361 1.1776402 0.28015
v 0.053130053 1.31177783 0.226338148
v -0.03542851 1.21155441 0.2945586
v 0.0739379153 1.278938 0.248148173
v -0.0382413119 1.30208409 0.287272543
v 0.04421039 1.356244 0.240360469
v -0.0373623371 1.36125624 0.266382933
v 0.335945874 0.9769752 0.2996988
v 0.399358183 0.939175844 0.265473753
v 0.381107867 1.07939076 0.2631185
v 0.2757406 1.05190253 0.3061187
v 0.4318922 0.979736447 0.20569995
v 0.428663045 1.0558641 0.156245947
v 0.322375327 1.21879649 0.223359585
v 0.2035503 1.19227481 0.277858645
v 0.385689884 1.19958377 0.101003669
v 0.229330122 1.3160491 0.15365386
v 0.185988754 1.27735972 0.20947659
v 0.29881832 1.29187286 0.109705068
v 0.25990957 1.24605441 0.18964836
v 0.278742224 1.24067593 0.184113443
v 0.277117163 1.27371454 0.19009316
v 0.2412945 1.2602911 0.188690692
v 0.2875732 1.25228477 0.171339333
v 0.285460353 1.27023458 0.159458727
v 0.263980418 1.30481911 0.185616612
v 0.218001187 1.28714037 0.1782892
v 0.270223171 1.300143 0.144257754
v 0.2460897 1.333967 0.178311974
v 0.218364209 1.315244 0.169260144
v 0.249454767 1.324153 0.148416221
v 0.0496131852 0.71843636 -0.402530432
v 0.04252591 1.02889538 -0.42607826
v 0.192499116 0.914886951 -0.3374284
v 0.141418144 1.1726675 -0.3403974
v 0.03988743 1.264541 -0.398980975
v 0.139897943 0.9426937 -0.3553972
v 0.107229695 1.11491537 -0.356223077
v 0.191579208 1.21857 -0.299074084
v 0.293193877 0.9157952 -0.2929261
v 0.08454876 1.31524134 -0.354034066
v 0.03597267 1.176951 -0.405143827
v 0.0400782377 1.30119777 -0.406487316
v 0.131641582 1.25164139 -0.348099321
v 0.111757576 1.36916554 -0.344241917
v 0.04072123 1.38205612 -0.3971352
v 0.446794778 0.9609499 0.07640915
v 0.465900362 0.9139056 0.0149312206
v 0.4721746 1.05520892 0.006167028
v 0.417043239 1.0443759 0.110078074
v 0.457786053 0.9506602 -0.05710835
v 0.435197532 1.02866709 -0.103027888
v 0.42367515 1.20719039 -0.007665992
v 0.3668709 1.19770277 0.115196966
v 0.385554522 1.17684531 -0.133617938
v 0.330734462 1.34646451 -0.007498297
v 0.31098482 1.29968667 0.06248752
v 0.345876664 1.31032491 -0.09303352
v 0.369980425 1.27559984 -6.03869557E-06
v 0.378345579 1.26647329 -0.01597485
v 0.3790928 1.30007076 -0.0178434514
v 0.355884224 1.29102015 0.0104926359
v 0.3729563 1.27291989 -0.03298954
v 0.360342652 1.28752208 -0.0440618061
v 0.364468455 1.33146858 -0.0179106444
v 0.330712259 1.31927514 0.0150998458
v 0.336497337 1.31558561 -0.04878728
v 0.346287549 1.35700858 -0.006558813
v 0.32282716 1.33934629 0.0116531793
v 0.324641764 1.34324 -0.0354685523
v 0.412697822 0.9300864 -0.1710974
v 0.381440073 0.8762646 -0.218085378
v 0.377706438 1.014015 -0.254969865
v 0.4159155 1.01851761 -0.1425691
v 0.323456466 0.90773 -0.2689989
v 0.273199767 0.981740355 -0.297569722
v 0.331291527 1.16582143 -0.257412225
v 0.385554522 1.17684531 -0.133617938
v 0.215100616 1.13119709 -0.313231021
v 0.2752077 1.319124 -0.236787647
v 0.324412256 1.29033053 -0.173124939
v 0.233894944 1.29342711 -0.282200962
v 0.3209134 1.24546981 -0.243679285
v 0.3132433 1.23268449 -0.258597642
v 0.311139256 1.26579463 -0.265871853
v 0.318796456 1.2645185 -0.231250316
v 0.297292948 1.23935974 -0.2672409
v 0.2810269 1.25472128 -0.268918037
v 0.3012497 1.3007431 -0.26323837
v 0.306405 1.29892755 -0.216406465
v 0.262042135 1.28786361 -0.261297852
v 0.2882696 1.333313 -0.25885132
v 0.2893626 1.32439923 -0.224790156
v 0.261875957 1.318384 -0.251864254
v 0.1792703 0.670786858 -0.08764311
v 0.165266022 0.788502932 -0.0744969249
v 0.2658081 0.756041646 -0.153318286
v 0.273365527 0.678293 -0.135806262
v 0.374403745 0.7806506 -0.0953535438
v 0.377931565 0.684745669 -0.100725166
v 0.456066221 0.8576424 -0.00415953249
v 0.442515582 0.6693523 -0.00535997
v 0.1991871 0.636099339 0.268370718
v 0.35673824 0.6325309 0.2689085
v 0.3488482 0.7806711 0.292213261
v 0.1916156 0.7698529 0.276958436
v 0.446844131 0.8777685 0.16909495
v 0.451131135 0.648430467 0.1642563
v 0.4837443 0.9250101 0.08638265
v 0.491541356 0.6584166 0.0823468342
v 0.374403745 0.7806506 -0.0953535438
v 0.365822464 0.7831938 0.09329391
v 0.456066221 0.8576424 -0.00415953249
v 0.4837443 0.9250101 0.08638265
v 0.446844131 0.8777685 0.16909495
v 0.3488482 0.7806711 0.292213261
v 0.118370675 0.6588001 0.07551543
v 0.103539854 0.7826402 0.08968851
v 0.103539854 0.7826402 0.08968851
v 0.118370675 0.6588001 0.07551543
v 0.273378849 0.59177494 -0.122860327
v 0.193719 0.5809493 -0.07002583
v 0.35055083 0.5824398 -0.08735072
v 0.400508851 0.558834553 -0.02855622
v 0.229899839 0.518687844 0.1983208
v 0.3513008 0.5134134 0.1985893
v 0.409615844 0.5293077 0.109022953
v 0.174095273 0.5524249 0.047536768
v 0.4394841 0.548382759 0.04463402
v 0.448732257 0.42828536 0.1310071
v 0.3551086 0.398663521 0.196242541
v 0.365352243 0.323842645 0.107325442
v 0.245846376 0.4066447 0.165529937
v 0.447133064 0.5249562 0.183305621
v 0.3527892 0.488631248 0.24567619
v 0.238318667 0.503957748 0.218471974
v 0.342610568 0.6065545 0.250881523
v -0.172985882 0.998102 0.2741091
v -0.14280726 1.24116945 0.22194916
v -0.153321 0.995315 0.274283677
v -0.127018929 1.16129518 0.2544725
v -0.227238148 1.23807824 0.160655111
v -0.3076448 0.9598935 0.225508839
v -0.112532504 1.30543685 0.205813169
v -0.135073632 1.27406073 0.2236141
v -0.110609107 1.35440457 0.22176069
v -0.352248728 0.9436685 0.233957678
v -0.2962753 1.01998866 0.250775129
v -0.397392184 1.04790246 0.198989481
v -0.4097504 0.9066254 0.1920262
v -0.432940781 1.030144 0.08659742
v -0.438031346 0.9502123 0.131276637
v -0.228847265 1.16649783 0.237778217
v -0.345388949 1.19418669 0.169195712
v -0.389152825 1.17827046 0.044343695
v -0.236913711 1.26660454 0.157106459
v -0.2688215 1.31265259 0.09399254
v -0.324530274 1.28853142 0.0397653244
v -0.304322332 1.24199808 0.124548681
v -0.286429524 1.2566694 0.127673119
v -0.321938545 1.26922715 0.12044654
v -0.321030438 1.23705876 0.116073258
v -0.322671473 1.26521146 0.08878244
v -0.3269252 1.24818778 0.101273291
v -0.262863725 1.28547537 0.122074313
v -0.309488863 1.30116677 0.117874064
v -0.3055568 1.295491 0.0758874
v -0.262166321 1.31337142 0.11182747
v -0.291608453 1.33027649 0.113455988
v -0.2873623 1.32064009 0.08398096
v -0.132530242 0.9219034 -0.382837445
v -0.0889976546 1.17781568 -0.3678363
v -0.0725856945 0.948442936 -0.3879068
v -0.244007468 0.9198959 -0.3528433
v -0.147759557 1.22144878 -0.332602739
v -0.045244433 1.11984015 -0.377679974
v -0.01281262 1.31247044 -0.3645799
v -0.06918062 1.26606917 -0.3710387
v -0.0421790257 1.37333322 -0.3609304
v -0.439738721 0.9400859 0.000124311075
v -0.4163763 1.02206385 0.0412889048
v -0.460936934 1.03839219 -0.06698711
v -0.451472133 0.8970902 -0.06554379
v -0.4121367 1.01976228 -0.173544765
v -0.4370711 0.93853116 -0.134558737
v -0.371854067 1.17589581 0.0602558255
v -0.416064054 1.191708 -0.06750656
v -0.364275277 1.17079616 -0.190197855
v -0.324291736 1.29052973 -0.005694095
v -0.327006876 1.33523941 -0.0717444
v -0.331778735 1.29933381 -0.1462507
v -0.3669798 1.259418 -0.0539184362
v -0.354560852 1.2753557 -0.0424570739
v -0.374617338 1.28490448 -0.0723689348
v -0.372650653 1.25152826 -0.07030998
v -0.352314323 1.27443242 -0.09667659
v -0.365576 1.25884342 -0.08787565
v -0.333603024 1.30318022 -0.0386607125
v -0.361496061 1.31645024 -0.07369098
v -0.328879416 1.30291939 -0.10103143
v -0.326070338 1.32916677 -0.0589915738
v -0.345351428 1.34615612 -0.0836255
v -0.3190699 1.33060467 -0.08861316
v -0.3792521 0.9259503 -0.244734287
v -0.388675272 1.0126853 -0.211417526
v -0.3374019 1.01516366 -0.319778919
v -0.3408301 0.8754854 -0.2911609
v -0.227259368 0.9874735 -0.352329671
v -0.276769131 0.909831762 -0.332966715
v -0.364275277 1.17079616 -0.190197855
v -0.2968963 1.16880345 -0.308524221
v -0.170236081 1.13847065 -0.3534588
v -0.298107982 1.28418648 -0.223138124
v -0.23819539 1.31447363 -0.281073838
v -0.180958092 1.27164793 -0.3211707
v -0.2834259 1.24255967 -0.2940702
v -0.283490121 1.261102 -0.280884
v -0.270134747 1.262868 -0.314981431
v -0.274576247 1.23135448 -0.30768314
v -0.2407831 1.25369537 -0.313487142
v -0.256678134 1.23792076 -0.3144916
v -0.271277368 1.29275131 -0.2661248
v -0.260093629 1.2967546 -0.311034918
v -0.220639482 1.28447568 -0.303943485
v -0.253778845 1.31877613 -0.271460384
v -0.24826023 1.32897222 -0.3045065
v -0.222186267 1.31399441 -0.294475257
v -0.157766849 0.68827796 -0.1849621
v -0.2518536 0.693051457 -0.23391661
v -0.234172955 0.7623105 -0.233054519
v -0.150948644 0.801708 -0.1542503
v -0.356216162 0.6915221 -0.200279862
v -0.345123857 0.7563298 -0.197560847
v -0.441438526 0.837052345 -0.08693712
v -0.420757443 0.6608242 -0.11049863
v -0.179609254 0.596709847 0.158406049
v -0.179312348 0.7291974 0.1868799
v -0.336874634 0.7296523 0.20050627
v -0.336671561 0.585039854 0.154944122
v -0.449756563 0.8459953 0.08823489
v -0.4303321 0.612123847 0.0515711159
v -0.470076174 0.633304238 -0.0277127419
v -0.4822308 0.8959329 0.00456190854
v -0.345123857 0.7563298 -0.197560847
v -0.441438526 0.837052345 -0.08693712
v -0.352671027 0.7599673 0.005465096
v -0.4822308 0.8959329 0.00456190854
v -0.449756563 0.8459953 0.08823489
v -0.336874634 0.7296523 0.20050627
v -0.08997658 0.7739749 0.00763125159
v -0.0981792 0.6542069 -0.02539347
v -0.08997658 0.7739749 0.00763125159
v -0.0981792 0.6542069 -0.02539347
v -0.164329141 0.6025773 -0.1823852
v -0.242882237 0.6192528 -0.235352457
v -0.3196842 0.5998547 -0.205278963
v -0.369373858 0.5627997 -0.153629512
v -0.333500445 0.481089115 0.06806951
v -0.21230644 0.49262476 0.07047045
v -0.379793882 0.5077568 -0.024229072
v -0.146091163 0.553023458 -0.06953992
v -0.408991575 0.5362569 -0.08468057
v -0.4314831 0.406802654 -0.0217037126
v -0.344931573 0.3135947 -0.0702667758
v -0.3383597 0.3672012 0.0387797728
v -0.228791565 0.382701516 0.012326993
v -0.338859558 0.446932316 0.104922764
v -0.4328783 0.49227953 0.04819504
v -0.22435239 0.468904972 0.08351268
v -0.331191838 0.563319445 0.132792115
v 0.656711638 1.87202978 -0.3028001
v 0.685398936 2.023211 -0.32253778
v 0.294368327 1.93219876 -0.358832061
v 0.331189752 1.80683017 -0.325469375
v -0.616941154 1.88087547 -0.316697627
v -0.290569425 1.81868243 -0.3352159
v -0.254583448 1.94415617 -0.369090527
v -0.646859944 2.03162217 -0.3378776
v 0.5094697 2.02434278 -0.2987531
v 0.446449 1.834285 -0.2732329
v 0.438338876 2.04012752 -0.302606076
v 0.416536838 1.72602677 0.0252724886
v 0.406602323 1.80101359 0.1689933
v 0.391132146 1.69549274 0.0997502
v 0.435746253 1.69647348 -0.136809021
v 0.589272559 1.968343 -0.305801
v 0.5094697 2.02434278 -0.2987531
v 0.5398322 2.13203478 -0.100518279
v 0.6851438 1.97593725 -0.0446308255
v 0.431977361 2.135887 -0.164130419
v 0.394885838 2.11836052 0.07820247
v 0.499472976 2.10655451 0.104528144
v 0.5109132 1.7501049 -0.247658908
v 0.479760915 1.66235757 -0.155572444
v 0.435746253 1.69647348 -0.136809021
v 0.446449 1.834285 -0.2732329
v 0.412081927 1.93194342 0.168946415
v 0.572568238 1.90616167 0.180784911
v 0.566081166 1.77152264 0.140512675
v 0.7101597 1.82825208 -0.07253356
v 0.406602323 1.80101359 0.1689933
v 0.444755971 1.68065143 0.0435511619
v 0.416536838 1.72602677 0.0252724886
v 0.446449 1.834285 -0.2732329
v 0.626183569 1.8617723 -0.279673964
v 0.5109132 1.7501049 -0.247658908
v 0.6231869 1.650636 -0.3042752
v 0.5365423 1.5789181 -0.153727323
v 0.5716861 1.59034085 0.00936234
v 0.644476 1.62267566 0.004405752
v 0.6231869 1.650636 -0.3042752
v 0.757907867 1.67373276 -0.2706572
v 0.8660174 1.49597943 -0.06182044
v 0.8241104 1.46636581 -0.239526659
v 0.7597553 1.58738756 -0.249633044
v 0.829230547 1.61405861 -0.09397913
v 0.67822355 1.45367384 -0.278682768
v 0.5502108 1.44655859 -0.1287497
v 0.5559834 1.54479361 -0.153607756
v 0.6722442 1.551086 -0.2645103
v 0.6743483 1.5266068 0.09004865
v 0.6543267 1.59792483 -0.00303156674
v 0.5547857 1.5119102 0.0494626537
v 0.594149768 1.57082319 0.003868878
v 0.67822355 1.45367384 -0.278682768
v 0.6722442 1.551086 -0.2645103
v 0.7682075 1.6228081 -0.256975025
v 0.7873484 1.67329454 -0.09775905
v 0.6543759 1.59447956 -0.307087868
v 0.6543759 1.59447956 -0.307087868
v -0.472629458 2.05751777 -0.299682528
v -0.3848132 2.07630968 -0.314804167
v -0.391468644 1.87037337 -0.283843666
v -0.3898665 1.76017237 0.0128661878
v -0.37105903 1.72985387 0.08748996
v -0.3910117 1.83165181 0.155322909
v -0.472629458 2.05751777 -0.299682528
v -0.525088 2.13985324 -0.108607821
v -0.413785368 2.17822886 -0.147168875
v -0.3848132 2.07630968 -0.314804167
v -0.379564583 1.728134 -0.14608261
v -0.547037244 1.99647558 -0.3162368
v -0.6579043 1.99144542 -0.0759684741
v -0.5006734 2.11524081 0.08035267
v -0.3595657 2.14527965 0.0334351473
v -0.463082135 1.75140512 -0.271773
v -0.391468644 1.87037337 -0.283843666
v -0.379564583 1.728134 -0.14608261
v -0.4140757 1.695305 -0.186170936
v -0.5595983 1.93111908 0.170987755
v -0.398207635 1.96400142 0.1596131
v -0.5420325 1.7808857 0.124873288
v -0.670491338 1.830317 -0.106864966
v -0.3910117 1.83165181 0.155322909
v -0.3898665 1.76017237 0.0128661878
v -0.417763919 1.71397519 0.02649026
v -0.391468644 1.87037337 -0.283843666
v -0.463082135 1.75140512 -0.271773
v -0.572385132 1.88167429 -0.299017161
v -0.5267108 1.65424943 -0.340347439
v -0.453698158 1.598712 -0.185491532
v -0.5092189 1.61865866 -0.03264415
v -0.585154951 1.63686609 -0.04695183
v -0.5267108 1.65424943 -0.340347439
v -0.665334 1.6616677 -0.324659646
v -0.7769678 1.4686718 -0.132519335
v -0.7523087 1.59090364 -0.160215616
v -0.6587835 1.57523727 -0.30402866
v -0.7071487 1.44657 -0.3023707
v -0.5568725 1.45408726 -0.3207503
v -0.5660706 1.55096507 -0.306333661
v -0.4668299 1.55832374 -0.1800026
v -0.4511698 1.463044 -0.1544236
v -0.61419183 1.52362168 0.04418338
v -0.5937832 1.58738732 -0.0442752
v -0.489270151 1.5256021 0.0207513645
v -0.532906532 1.56595159 -0.02905428
v -0.5660706 1.55096507 -0.306333661
v -0.5568725 1.45408726 -0.3207503
v -0.6709308 1.608896 -0.312775
v -0.7191072 1.65466976 -0.159407377
v -0.548611343 1.59631681 -0.3464279
v -0.548611343 1.59631681 -0.3464279
v 0.438338876 2.04012752 -0.302606076
v 0.676260769 2.38401151 -0.112831138
v 0.711986661 2.25914454 -0.2885994
v 0.260157675 2.08666754 -0.3118992
v 0.247698143 2.198693 -0.139917433
v 0.662685156 2.37316084 0.07801939
v 0.255920261 2.18727517 0.0917220339
v 0.6725543 2.22164845 0.2401174
v 0.2197199 2.04789 0.199566245
v 0.851958156 2.373482 -0.105931632
v 0.86589 2.25284958 -0.282844931
v 0.8397044 2.360769 0.08493326
v 0.828811 2.20911312 0.245743841
v 0.637707531 2.011851 0.270460069
v 0.249992609 1.90669692 0.2486628
v 0.278319269 1.82645011 0.25728327
v 0.616157353 1.85011387 0.228860348
v 0.750372469 2.02971172 0.275415063
v 0.686259 2.03810787 -0.341413856
v 0.7986219 2.058621 -0.336345553
v 1.01334393 2.25751 -0.100877054
v 0.9993718 2.15685272 -0.2731718
v 1.00272632 2.25522256 0.0845055655
v 0.9618254 2.11673379 0.238467544
v 0.876986563 2.00706983 0.269206256
v 0.9218519 2.03723812 -0.284622461
v 0.9242669 2.689911 -0.03185717
v 0.9620835 2.54481125 -0.02646938
v 0.9426241 2.5441916 -0.05307565
v 0.9242669 2.689911 -0.03185717
v 0.9421179 2.54417443 0.000106416643
v 0.9620835 2.54481125 -0.02646938
v 0.9242669 2.689911 -0.03185717
v 0.9115027 2.543192 -0.00492368639
v 0.9242669 2.689911 -0.03185717
v 0.90222764 2.54290032 -0.0265156254
v 0.9242669 2.689911 -0.03185717
v 0.9119134 2.54320574 -0.0480927974
v 0.9242669 2.689911 -0.03185717
v 0.9119134 2.54320574 -0.0480927974
v 0.9588222 2.39772 -0.0236930773
v 0.92276603 2.412347 -0.0769147351
v 0.921755254 2.41231275 0.0292977244
v 0.9588222 2.39772 -0.0236930773
v 0.8649632 2.435043 0.01911185
v 0.847769 2.44208741 -0.0240481347
v 0.865783632 2.435071 -0.06709557
v 0.865783632 2.435071 -0.06709557
v 0.924342 2.28071451 -0.0217604861
v 0.8627937 2.30567837 -0.112605728
v 0.8610683 2.30561972 0.06868721
v 0.924342 2.28071451 -0.0217604861
v 0.764126539 2.34441853 0.0513033345
v 0.734783053 2.356444 -0.0223665014
v 0.76552695 2.34446621 -0.09584128
v 0.76552695 2.34446621 -0.09584128
v 0.8610683 2.30561972 0.06868721
v 0.764126539 2.34441853 0.0513033345
v 0.734783053 2.356444 -0.0223665014
v -0.6435797 2.394017 -0.130762383
v -0.212969944 2.21268415 -0.151646256
v -0.22239852 2.09928918 -0.322922081
v -0.676105261 2.26752758 -0.305991143
v -0.6320636 2.38469338 0.0603041574
v -0.223705888 2.20287943 0.07996428
v -0.6423069 2.23428035 0.223399788
v -0.18738699 2.06464458 0.189239889
v -0.829996169 2.25977778 -0.301923543
v -0.819234252 2.38182926 -0.125763863
v -0.809022069 2.37063074 0.06531594
v -0.7984891 2.22026658 0.227359146
v -0.605784 2.02505922 0.255687684
v -0.5822045 1.86323977 0.215533733
v -0.244497746 1.84307253 0.247933775
v -0.216850653 1.92352617 0.23903802
v -0.718664944 2.04185867 0.259241134
v -0.7602555 2.065827 -0.353221625
v -0.647649765 2.0463717 -0.3568721
v -0.9626467 2.16255975 -0.2930425
v -0.979540765 2.26433229 -0.121667124
v -0.971003056 2.2635026 0.0638352
v -0.93051517 2.12654686 0.219270676
v -0.844976246 2.017941 0.251775056
v -0.8838517 2.04362464 -0.302732319
v -0.895426869 2.6980722 -0.05485665
v -0.9121359 2.55203 -0.0751994252
v -0.93190074 2.55265474 -0.0488193035
v -0.895426869 2.6980722 -0.05485665
v -0.93190074 2.55265474 -0.0488193035
v -0.9122323 2.55240631 -0.0220163614
v -0.895426869 2.6980722 -0.05485665
v -0.881554 2.55168486 -0.0266939849
v -0.895426869 2.6980722 -0.05485665
v -0.872032464 2.5513258 -0.048177354
v -0.895426869 2.6980722 -0.05485665
v -0.8814757 2.55137944 -0.06986391
v -0.895426869 2.6980722 -0.05485665
v -0.8814757 2.55137944 -0.06986391
v -0.890738 2.42021418 -0.0978351161
v -0.927252233 2.40562654 -0.0449158549
v -0.927252233 2.40562654 -0.0449158549
v -0.890930653 2.42096567 0.008379333
v -0.8342487 2.44417262 -0.0013346523
v -0.8166353 2.4510684 -0.0443493277
v -0.8340925 2.44356275 -0.0875437
v -0.8340925 2.44356275 -0.0875437
v -0.8293389 2.31387639 -0.132056624
v -0.891669 2.288979 -0.04172758
v -0.891669 2.288979 -0.04172758
v -0.829667568 2.31515884 0.0492397249
v -0.7329138 2.35477114 0.0326613635
v -0.7028547 2.36654282 -0.04076054
v -0.732647061 2.3537302 -0.114486031
v -0.732647061 2.3537302 -0.114486031
v -0.829667568 2.31515884 0.0492397249
v -0.7028547 2.36654282 -0.04076054
v -0.7329138 2.35477114 0.0326613635
v 0.6765327 2.3698163 -0.107355796
v 0.711335838 2.24437761 -0.2722009
v 0.6639887 2.3596046 0.0712832138
v 0.6747642 2.208654 0.22265166
v 0.865202248 2.23805952 -0.266007841
v 0.8521905 2.35926223 -0.0999875739
v 0.8409684 2.34718823 0.0786657855
v 0.8309838 2.196096 0.228716731
v 0.6401546 1.99900377 0.250187
v 0.7527901 2.01684618 0.2554906
v 0.7977324 2.0437057 -0.31712085
v -0.6437768 2.37986016 -0.125185356
v -0.675497949 2.25288773 -0.289477319
v -0.633159935 2.37107635 0.0536544323
v -0.6441933 2.22113776 0.206007123
v -0.8193968 2.36765146 -0.119717531
v -0.829356551 2.24511814 -0.284970552
v -0.810083866 2.35699272 0.05913551
v -0.8003432 2.207105 0.210405618
v -0.607877135 2.012041 0.235484213
v -0.7207324 2.02882481 0.239386648
v -0.759440064 2.05106187 -0.33387813
vt 0.412613273 0.261706352
vt 0.39389652 0.3107381
vt 0.2898771 0.320906878
vt 0.2898771 0.296190381
vt 0.215571538 0.317651629
vt 0.210287064 0.243955553
vt 0.2595018 0.25090307
vt 0.5009681 0.3075379
vt 0.5381827 0.246273339
vt 0.558628738 0.2896077
vt 0.402697563 0.2572453
vt 0.402697563 0.3283087
vt 0.3200202 0.3250804
vt 0.325356573 0.254176557
vt 0.487093061 0.351609945
vt 0.3276691 0.204277575
vt 0.402697563 0.2035591
vt 0.2898771 0.263556
vt 0.379220337 0.234398484
vt 0.507993 0.199698865
vt 0.2412359 0.38568306
vt 0.323294967 0.404541373
vt 0.402697563 0.409219384
vt 0.3718374 0.4089378
vt 0.2898771 0.3953321
vt 0.2666639 0.447326064
vt 0.231877536 0.442934871
vt 0.4806892 0.4077
vt 0.5031027 0.51340425
vt 0.44701618 0.527772069
vt 0.41180557 0.480649173
vt 0.482823819 0.4657848
vt 0.359602869 0.489931822
vt 0.334972739 0.457784832
vt 0.378883779 0.190946937
vt 0.260132343 0.204437256
vt 0.188206151 0.208937347
vt 0.337426454 0.517816067
vt 0.30892244 0.459082127
vt 0.402697563 0.4651841
vt 0.402697563 0.5240462
vt 0.2898771 0.451306164
vt 0.2898771 0.1958015
vt 0.218093708 0.620536268
vt 0.214098945 0.6112249
vt 0.233457938 0.602672935
vt 0.239206567 0.613642335
vt 0.161264554 0.6318147
vt 0.162709728 0.617779553
vt 0.179937616 0.614705265
vt 0.181806281 0.625358045
vt 0.200225249 0.623868048
vt 0.1987135 0.6132942
vt 0.206307665 0.661152244
vt 0.183215335 0.6601479
vt 0.1459768 0.6317972
vt 0.132207826 0.66491276
vt 0.113115735 0.646732569
vt 0.133271709 0.625767052
vt 0.151103511 0.617799938
vt 0.2341276 0.648167133
vt 0.241119877 0.6434091
vt 0.2466584 0.644443
vt 0.244327977 0.657908261
vt 0.119316585 0.6697565
vt 0.111387737 0.647263944
vt 0.138342574 0.6852514
vt 0.1560315 0.682291269
vt 0.122321434 0.687932432
vt 0.1577235 0.664513648
vt 0.183510318 0.67769295
vt 0.224032179 0.6711361
vt 0.20829089 0.673770249
vt 0.2236587 0.6552909
vt 0.244041935 0.668011844
vt 0.244270757 0.659929931
vt 0.137515143 0.615341961
vt 0.382958174 0.1393367
vt 0.2898771 0.137141824
vt 0.327912182 0.167783439
vt 0.2556665 0.16632843
vt 0.402697563 0.169420123
vt 0.203041166 0.118172765
vt 0.253583252 0.126670122
vt 0.193011671 0.1626811
vt 0.6476342 0.160867333
vt 0.570754468 0.179521978
vt 0.5603166 0.227619529
vt 0.6401024 0.212736785
vt 0.619834 0.182901442
vt 0.575186 0.182947457
vt 0.580516934 0.222346127
vt 0.62787807 0.227936685
vt 0.69337213 0.18103534
vt 0.683617532 0.246848166
vt 0.657435358 0.178471446
vt 0.619487464 0.1829024
vt 0.626393855 0.229167283
vt 0.6722027 0.232679009
vt 0.5749373 0.1829778
vt 0.5724022 0.222439826
vt 0.7066683 0.180854142
vt 0.6575821 0.178438365
vt 0.6616035 0.234557927
vt 0.7052934 0.252290964
vt 0.67653656 0.0339818
vt 0.6739659 0.116314769
vt 0.575793266 0.100089133
vt 0.5768647 0.0329002738
vt 0.637624 0.116236448
vt 0.636281967 0.0339027643
vt 0.5973511 0.03392303
vt 0.595003 0.09930849
vt 0.649390757 0.0340109468
vt 0.6493269 0.09948021
vt 0.6951693 0.100580633
vt 0.6985511 0.0337611437
vt 0.616905749 0.03371185
vt 0.617332458 0.102911711
vt 0.648572743 0.09923285
vt 0.649381638 0.0337095261
vt 0.5772994 0.0330927372
vt 0.5768039 0.102446616
vt 0.61811775 0.101562142
vt 0.57497853 0.182711542
vt 0.576659 0.1027118
vt 0.649664462 0.09944916
vt 0.6569267 0.179269075
vt 0.7055837 0.179941416
vt 0.6955189 0.101536095
vt 0.617036641 0.103141129
vt 0.619492 0.182863414
vt 0.657420456 0.178291857
vt 0.6483591 0.1001336
vt 0.575213432 0.182702
vt 0.619871438 0.18267715
vt 0.6184164 0.103536665
vt 0.576275349 0.102044106
vt 0.5141842 0.1515925
vt 0.426056474 0.07793486
vt 0.5211978 0.104978204
vt 0.364476621 0.070225
vt 0.2898771 0.07625544
vt 0.327523679 0.128763139
vt 0.402697563 0.1352812
vt 0.382839382 0.5453335
vt 0.3095387 0.5264608
vt 0.192215353 0.309540033
vt 0.412613273 0.261706352
vt 0.39389652 0.3107381
vt 0.215571538 0.317651629
vt 0.2595018 0.25090307
vt 0.210287064 0.243955553
vt 0.5009681 0.3075379
vt 0.558628738 0.2896077
vt 0.5381827 0.246273339
vt 0.325356573 0.254176557
vt 0.3200202 0.3250804
vt 0.487093061 0.351609945
vt 0.3276691 0.204277575
vt 0.379220337 0.234398484
vt 0.507993 0.199698865
vt 0.2412359 0.38568306
vt 0.323294967 0.404541373
vt 0.3718374 0.4089378
vt 0.2666639 0.447326064
vt 0.231877536 0.442934871
vt 0.4806892 0.4077
vt 0.5031027 0.51340425
vt 0.482823819 0.4657848
vt 0.41180557 0.480649173
vt 0.44701618 0.527772069
vt 0.334972739 0.457784832
vt 0.359602869 0.489931822
vt 0.378883779 0.190946937
vt 0.260132343 0.204437256
vt 0.188206151 0.208937347
vt 0.337426454 0.517816067
vt 0.30892244 0.459082127
vt 0.218093708 0.620536268
vt 0.239206567 0.613642335
vt 0.233457938 0.602672935
vt 0.214098945 0.6112249
vt 0.161264554 0.6318147
vt 0.181806281 0.625358045
vt 0.179937616 0.614705265
vt 0.162709728 0.617779553
vt 0.200225249 0.623868048
vt 0.1987135 0.6132942
vt 0.206307665 0.661152244
vt 0.183215335 0.6601479
vt 0.1459768 0.6317972
vt 0.133271709 0.625767052
vt 0.113115735 0.646732569
vt 0.132207826 0.66491276
vt 0.151103511 0.617799938
vt 0.2341276 0.648167133
vt 0.241119877 0.6434091
vt 0.138342574 0.6852514
vt 0.1560315 0.682291269
vt 0.1577235 0.664513648
vt 0.183510318 0.67769295
vt 0.224032179 0.6711361
vt 0.2236587 0.6552909
vt 0.20829089 0.673770249
vt 0.137515143 0.615341961
vt 0.382958174 0.1393367
vt 0.327912182 0.167783439
vt 0.2556665 0.16632843
vt 0.203041166 0.118172765
vt 0.193011671 0.1626811
vt 0.253583252 0.126670122
vt 0.6476342 0.160867333
vt 0.6401024 0.212736785
vt 0.5603166 0.227619529
vt 0.570754468 0.179521978
vt 0.619834 0.182901442
vt 0.62787807 0.227936685
vt 0.580516934 0.222346127
vt 0.575186 0.182947457
vt 0.69337213 0.18103534
vt 0.683617532 0.246848166
vt 0.657435358 0.178471446
vt 0.6722027 0.232679009
vt 0.626393855 0.229167283
vt 0.619487464 0.1829024
vt 0.5749373 0.1829778
vt 0.5724022 0.222439826
vt 0.7066683 0.180854142
vt 0.7052934 0.252290964
vt 0.6616035 0.234557927
vt 0.6575821 0.178438365
vt 0.67653656 0.0339818
vt 0.5768647 0.0329002738
vt 0.575793266 0.100089133
vt 0.6739659 0.116314769
vt 0.637624 0.116236448
vt 0.636281967 0.0339027643
vt 0.595003 0.09930849
vt 0.5973511 0.03392303
vt 0.649390757 0.0340109468
vt 0.6985511 0.0337611437
vt 0.6951693 0.100580633
vt 0.6493269 0.09948021
vt 0.616905749 0.03371185
vt 0.649381638 0.0337095261
vt 0.648572743 0.09923285
vt 0.617332458 0.102911711
vt 0.61811775 0.101562142
vt 0.5768039 0.102446616
vt 0.5772994 0.0330927372
vt 0.576659 0.1027118
vt 0.57497853 0.182711542
vt 0.649664462 0.09944916
vt 0.6955189 0.101536095
vt 0.7055837 0.179941416
vt 0.6569267 0.179269075
vt 0.617036641 0.103141129
vt 0.6483591 0.1001336
vt 0.657420456 0.178291857
vt 0.619492 0.182863414
vt 0.575213432 0.182702
vt 0.576275349 0.102044106
vt 0.6184164 0.103536665
vt 0.619871438 0.18267715
vt 0.5141842 0.1515925
vt 0.5211978 0.104978204
vt 0.426056474 0.07793486
vt 0.364476621 0.070225
vt 0.327523679 0.128763139
vt 0.382839382 0.5453335
vt 0.3095387 0.5264608
vt 0.192215353 0.309540033
vt 0.303240776 0.6343273
vt 0.38753745 0.748308539
vt 0.302681148 0.7920748
vt 0.368781179 0.8709481
vt 0.302027732 0.9092231
vt 0.3709531 0.7580297
vt 0.477224439 0.728921354
vt 0.4194619 0.907934844
vt 0.3496311 0.878965855
vt 0.341750532 0.955002069
vt 0.2996327 0.8711686
vt 0.360956818 0.94175303
vt 0.301726431 0.9409802
vt 0.345035583 0.9982579
vt 0.301747471 0.9982537
vt 0.0410294868 0.7174002
vt 0.08849304 0.6918163
vt 0.08715349 0.788302243
vt 0.0153318439 0.77541095
vt 0.116888732 0.7191154
vt 0.14045836 0.771154463
vt 0.0901312754 0.8839803
vt 0.008517534 0.880892
vt 0.154696241 0.8741324
vt 0.0898012146 0.994698942
vt 0.0393297262 0.9642781
vt 0.124406785 0.96717155
vt 0.030448867 0.8042422
vt 0.062881954 0.7939429
vt 0.0641749 0.8415015
vt 0.0114299562 0.8311633
vt 0.08206135 0.8041772
vt 0.09994411 0.8301704
vt 0.064591974 0.888079762
vt 0.00310470583 0.8815428
vt 0.11458569 0.8813629
vt 0.06409821 0.9367325
vt 0.0174593739 0.923397243
vt 0.09941221 0.926104546
vt 0.303240776 0.6343273
vt 0.302681148 0.7920748
vt 0.38753745 0.748308539
vt 0.368781179 0.8709481
vt 0.302027732 0.9092231
vt 0.3709531 0.7580297
vt 0.3496311 0.878965855
vt 0.4194619 0.907934844
vt 0.477224439 0.728921354
vt 0.341750532 0.955002069
vt 0.2996327 0.8711686
vt 0.301726431 0.9409802
vt 0.360956818 0.94175303
vt 0.345035583 0.9982579
vt 0.301747471 0.9982537
vt 0.0410294868 0.7174002
vt 0.08849304 0.6918163
vt 0.08715349 0.788302243
vt 0.0153318439 0.77541095
vt 0.116888732 0.7191154
vt 0.14045836 0.771154463
vt 0.0901312754 0.8839803
vt 0.008517534 0.880892
vt 0.154696241 0.8741324
vt 0.0898012146 0.994698942
vt 0.0393297262 0.9642781
vt 0.124406785 0.96717155
vt 0.030448867 0.8042422
vt 0.062881954 0.7939429
vt 0.0641749 0.8415015
vt 0.0114299562 0.8311633
vt 0.08206135 0.8041772
vt 0.09994411 0.8301704
vt 0.064591974 0.888079762
vt 0.00310470583 0.8815428
vt 0.11458569 0.8813629
vt 0.06409821 0.9367325
vt 0.0174593739 0.923397243
vt 0.09941221 0.926104546
vt 0.0410294868 0.7174002
vt 0.08849304 0.6918163
vt 0.08715349 0.788302243
vt 0.0153318439 0.77541095
vt 0.116888732 0.7191154
vt 0.14045836 0.771154463
vt 0.0901312754 0.8839803
vt 0.008517534 0.880892
vt 0.154696241 0.8741324
vt 0.0898012146 0.994698942
vt 0.0393297262 0.9642781
vt 0.124406785 0.96717155
vt 0.030448867 0.8042422
vt 0.062881954 0.7939429
vt 0.0641749 0.8415015
vt 0.0114299562 0.8311633
vt 0.08206135 0.8041772
vt 0.09994411 0.8301704
vt 0.064591974 0.888079762
vt 0.00310470583 0.8815428
vt 0.11458569 0.8813629
vt 0.06409821 0.9367325
vt 0.0174593739 0.923397243
vt 0.09941221 0.926104546
vt 0.6549572 0.727204144
vt 0.5607342 0.727204144
vt 0.5532248 0.7805043
vt 0.651527047 0.7805043
vt 0.540099859 0.849545956
vt 0.6485592 0.849545956
vt 0.4648504 0.91486007
vt 0.6447383 0.9113736
vt 0.651527047 0.7805043
vt 0.6485592 0.849545956
vt 0.540099859 0.849545956
vt 0.5532248 0.7805043
vt 0.4648504 0.91486007
vt 0.6447383 0.9113736
vt 0.404749274 0.956346333
vt 0.639057636 0.956346333
vt 0.545468152 0.848548532
vt 0.640723646 0.955804944
vt 0.465855628 0.9171135
vt 0.409759521 0.9567561
vt 0.465855628 0.9171135
vt 0.545468152 0.848548532
vt 0.6567595 0.689565361
vt 0.56905365 0.689565361
vt 0.567136765 0.689565361
vt 0.6574719 0.689565361
vt 0.7415699 0.7805043
vt 0.7415699 0.727204144
vt 0.7415699 0.849545956
vt 0.7415699 0.9115735
vt 0.7415699 0.7805043
vt 0.7415699 0.849545956
vt 0.7415699 0.9115735
vt 0.7415699 0.689565361
vt 0.7415699 0.9545436
vt 0.5069015 0.5433376
vt 0.495711029 0.593855
vt 0.5746956 0.580120564
vt 0.5286883 0.632658839
vt 0.3974085 0.575491965
vt 0.432011724 0.605850637
vt 0.422957659 0.6585396
vt 0.354161769 0.6327202
vt 0.38753745 0.748308539
vt 0.368781179 0.8709481
vt 0.3709531 0.7580297
vt 0.3496311 0.878965855
vt 0.4194619 0.907934844
vt 0.477224439 0.728921354
vt 0.341750532 0.955002069
vt 0.360956818 0.94175303
vt 0.345035583 0.9982579
vt 0.0410294868 0.7174002
vt 0.0153318439 0.77541095
vt 0.08715349 0.788302243
vt 0.08849304 0.6918163
vt 0.14045836 0.771154463
vt 0.116888732 0.7191154
vt 0.008517534 0.880892
vt 0.0901312754 0.8839803
vt 0.154696241 0.8741324
vt 0.0393297262 0.9642781
vt 0.0898012146 0.994698942
vt 0.124406785 0.96717155
vt 0.030448867 0.8042422
vt 0.0114299562 0.8311633
vt 0.0641749 0.8415015
vt 0.062881954 0.7939429
vt 0.09994411 0.8301704
vt 0.08206135 0.8041772
vt 0.00310470583 0.8815428
vt 0.064591974 0.888079762
vt 0.11458569 0.8813629
vt 0.0174593739 0.923397243
vt 0.06409821 0.9367325
vt 0.09941221 0.926104546
vt 0.38753745 0.748308539
vt 0.368781179 0.8709481
vt 0.3709531 0.7580297
vt 0.477224439 0.728921354
vt 0.4194619 0.907934844
vt 0.3496311 0.878965855
vt 0.341750532 0.955002069
vt 0.360956818 0.94175303
vt 0.345035583 0.9982579
vt 0.0410294868 0.7174002
vt 0.0153318439 0.77541095
vt 0.08715349 0.788302243
vt 0.08849304 0.6918163
vt 0.14045836 0.771154463
vt 0.116888732 0.7191154
vt 0.008517534 0.880892
vt 0.0901312754 0.8839803
vt 0.154696241 0.8741324
vt 0.0393297262 0.9642781
vt 0.0898012146 0.994698942
vt 0.124406785 0.96717155
vt 0.030448867 0.8042422
vt 0.0114299562 0.8311633
vt 0.0641749 0.8415015
vt 0.062881954 0.7939429
vt 0.09994411 0.8301704
vt 0.08206135 0.8041772
vt 0.00310470583 0.8815428
vt 0.064591974 0.888079762
vt 0.11458569 0.8813629
vt 0.0174593739 0.923397243
vt 0.06409821 0.9367325
vt 0.09941221 0.926104546
vt 0.0410294868 0.7174002
vt 0.0153318439 0.77541095
vt 0.08715349 0.788302243
vt 0.08849304 0.6918163
vt 0.14045836 0.771154463
vt 0.116888732 0.7191154
vt 0.008517534 0.880892
vt 0.0901312754 0.8839803
vt 0.154696241 0.8741324
vt 0.0393297262 0.9642781
vt 0.0898012146 0.994698942
vt 0.124406785 0.96717155
vt 0.030448867 0.8042422
vt 0.0114299562 0.8311633
vt 0.0641749 0.8415015
vt 0.062881954 0.7939429
vt 0.09994411 0.8301704
vt 0.08206135 0.8041772
vt 0.00310470583 0.8815428
vt 0.064591974 0.888079762
vt 0.11458569 0.8813629
vt 0.0174593739 0.923397243
vt 0.06409821 0.9367325
vt 0.09941221 0.926104546
vt 0.6549572 0.727204144
vt 0.651527047 0.7805043
vt 0.5532248 0.7805043
vt 0.5607342 0.727204144
vt 0.6485592 0.849545956
vt 0.540099859 0.849545956
vt 0.4648504 0.91486007
vt 0.6447383 0.9113736
vt 0.651527047 0.7805043
vt 0.5532248 0.7805043
vt 0.540099859 0.849545956
vt 0.6485592 0.849545956
vt 0.4648504 0.91486007
vt 0.6447383 0.9113736
vt 0.639057636 0.956346333
vt 0.404749274 0.956346333
vt 0.545468152 0.848548532
vt 0.465855628 0.9171135
vt 0.640723646 0.955804944
vt 0.409759521 0.9567561
vt 0.465855628 0.9171135
vt 0.545468152 0.848548532
vt 0.56905365 0.689565361
vt 0.6567595 0.689565361
vt 0.567136765 0.689565361
vt 0.6574719 0.689565361
vt 0.7415699 0.727204144
vt 0.7415699 0.7805043
vt 0.7415699 0.849545956
vt 0.7415699 0.9115735
vt 0.7415699 0.849545956
vt 0.7415699 0.7805043
vt 0.7415699 0.9115735
vt 0.7415699 0.689565361
vt 0.7415699 0.9545436
vt 0.5069015 0.5433376
vt 0.5746956 0.580120564
vt 0.495711029 0.593855
vt 0.5286883 0.632658839
vt 0.432011724 0.605850637
vt 0.3974085 0.575491965
vt 0.422957659 0.6585396
vt 0.354161769 0.6327202
vt 0.7937921 0.595662
vt 0.8206718 0.545598149
vt 0.7179264 0.553550065
vt 0.716583252 0.5933786
vt 0.7937921 0.595662
vt 0.716583252 0.5933786
vt 0.7179264 0.553550065
vt 0.8206718 0.545598149
vt 0.951504648 0.169231474
vt 0.9819383 0.115411162
vt 0.9810147 0.189732134
vt 0.7807528 0.10469836
vt 0.7982191 0.122196734
vt 0.7671523 0.136803329
vt 0.765854239 0.08105588
vt 0.9484126 0.128619611
vt 0.9550009 0.153334141
vt 0.906630456 0.171616852
vt 0.9032249 0.124325633
vt 0.9028826 0.196938872
vt 0.835941434 0.191598058
vt 0.8459992 0.174386621
vt 0.7381355 0.06113231
vt 0.7657217 0.0651744
vt 0.765761137 0.07695848
vt 0.7383259 0.08728039
vt 0.804003656 0.147963881
vt 0.8424962 0.128567219
vt 0.841392636 0.100685954
vt 0.903235734 0.0930689
vt 0.7985638 0.1202634
vt 0.798953 0.08867377
vt 0.7903953 0.106809616
vt 0.9816541 0.108149409
vt 0.944572449 0.103507578
vt 0.973064959 0.07564545
vt 0.738436043 0.0353770256
vt 0.7731491 0.04508251
vt 0.8037747 0.0578691959
vt 0.843124032 0.0603799224
vt 0.9710913 0.0439409
vt 0.9419991 0.0530875921
vt 0.901692152 0.008006573
vt 0.9407019 0.0137888789
vt 0.9404157 0.03776574
vt 0.902976751 0.03611356
vt 0.739773631 0.0002722144
vt 0.7755143 0.0119575858
vt 0.7757813 0.03686136
vt 0.743756235 0.020047605
vt 0.841992557 0.01861757
vt 0.842665136 0.04695791
vt 0.807424366 0.0245460868
vt 0.806266963 0.0445984
vt 0.9689812 0.005694866
vt 0.9657641 0.0270163417
vt 0.940920353 0.0453983545
vt 0.903268754 0.05208105
vt 0.738731146 0.0272961855
vt 0.968992531 0.0367410779
vt 0.951504648 0.169231474
vt 0.9810147 0.189732134
vt 0.9819383 0.115411162
vt 0.7807528 0.10469836
vt 0.7671523 0.136803329
vt 0.7982191 0.122196734
vt 0.9550009 0.153334141
vt 0.906630456 0.171616852
vt 0.9028826 0.196938872
vt 0.9489605 0.172053933
vt 0.765854239 0.08105588
vt 0.9484126 0.128619611
vt 0.9032249 0.124325633
vt 0.8459992 0.174386621
vt 0.835941434 0.191598058
vt 0.7381355 0.06113231
vt 0.7383259 0.08728039
vt 0.765761137 0.07695848
vt 0.7657217 0.0651744
vt 0.8424962 0.128567219
vt 0.804003656 0.147963881
vt 0.841392636 0.100685954
vt 0.903235734 0.0930689
vt 0.7985638 0.1202634
vt 0.7903953 0.106809616
vt 0.798953 0.08867377
vt 0.9816541 0.108149409
vt 0.973064959 0.07564545
vt 0.944572449 0.103507578
vt 0.738436043 0.0353770256
vt 0.7731491 0.04508251
vt 0.8037747 0.0578691959
vt 0.843124032 0.0603799224
vt 0.9710913 0.0439409
vt 0.9419991 0.0530875921
vt 0.901692152 0.008006573
vt 0.902976751 0.03611356
vt 0.9404157 0.03776574
vt 0.9407019 0.0137888789
vt 0.739773631 0.0002722144
vt 0.743756235 0.020047605
vt 0.7757813 0.03686136
vt 0.7755143 0.0119575858
vt 0.841992557 0.01861757
vt 0.842665136 0.04695791
vt 0.807424366 0.0245460868
vt 0.806266963 0.0445984
vt 0.9657641 0.0270163417
vt 0.9689812 0.005694866
vt 0.940920353 0.0453983545
vt 0.903268754 0.05208105
vt 0.738731146 0.0272961855
vt 0.968992531 0.0367410779
vt 0.948960364 0.172054
vt 0.8612534 0.427520871
vt 0.855074 0.490991354
vt 0.718827844 0.493492663
vt 0.7183057 0.42806524
vt 0.861301 0.371879339
vt 0.717745841 0.372567
vt 0.857423544 0.311887443
vt 0.7177607 0.315171778
vt 0.9256923 0.4350152
vt 0.91291 0.491555333
vt 0.9265283 0.371646523
vt 0.910840034 0.327713132
vt 0.8212416 0.2592448
vt 0.7174243 0.263454378
vt 0.716583 0.237726331
vt 0.8072866 0.2314871
vt 0.8656189 0.286016941
vt 0.8206718 0.545598149
vt 0.857037067 0.5420256
vt 0.9973203 0.438114762
vt 0.9755037 0.4804538
vt 0.99864167 0.386025667
vt 0.9743937 0.3288327
vt 0.908546269 0.2752273
vt 0.9152718 0.53655684
vt 0.105533764 0.8092704
vt 0.117480636 0.848619759
vt 0.09060014 0.848619759
vt 0.115615427 0.807659566
vt 0.09541275 0.8471879
vt 0.115615427 0.8471879
vt 0.08867854 0.807659566
vt 0.0752100945 0.8471879
vt 0.07072062 0.807659566
vt 0.061741665 0.8471879
vt 0.061741665 0.807659566
vt 0.0527627021 0.8471879
vt 0.06969306 0.8092704
vt 0.0637196153 0.848619759
vt 0.117480636 0.887968957
vt 0.09060014 0.887968957
vt 0.09541275 0.8867161
vt 0.115615427 0.8867161
vt 0.0752100945 0.8867161
vt 0.061741665 0.8867161
vt 0.0527627021 0.8867161
vt 0.0637196153 0.887968957
vt 0.117480636 0.9273183
vt 0.09060014 0.9273183
vt 0.09541275 0.9262444
vt 0.115615427 0.9262444
vt 0.0752100945 0.9262444
vt 0.061741665 0.9262444
vt 0.0527627021 0.9262444
vt 0.136756241 0.9257901
vt 0.0924176 0.9295604
vt 0.105287224 0.935364544
vt 0.08830604 0.946732342
vt 0.8612534 0.427520871
vt 0.7183057 0.42806524
vt 0.718827844 0.493492663
vt 0.855074 0.490991354
vt 0.861301 0.371879339
vt 0.717745841 0.372567
vt 0.857423544 0.311887443
vt 0.7177607 0.315171778
vt 0.91291 0.491555333
vt 0.9256923 0.4350152
vt 0.9265283 0.371646523
vt 0.910840034 0.327713132
vt 0.8212416 0.2592448
vt 0.8072866 0.2314871
vt 0.716583 0.237726331
vt 0.7174243 0.263454378
vt 0.8656189 0.286016941
vt 0.857037067 0.5420256
vt 0.8206718 0.545598149
vt 0.9755037 0.4804538
vt 0.9973203 0.438114762
vt 0.99864167 0.386025667
vt 0.9743937 0.3288327
vt 0.908546269 0.2752273
vt 0.9152718 0.53655684
vt 0.105533764 0.8092704
vt 0.09060014 0.848619759
vt 0.117480636 0.848619759
vt 0.115615427 0.807659566
vt 0.115615427 0.8471879
vt 0.09541275 0.8471879
vt 0.08867854 0.807659566
vt 0.0752100945 0.8471879
vt 0.07072062 0.807659566
vt 0.061741665 0.8471879
vt 0.061741665 0.807659566
vt 0.0527627021 0.8471879
vt 0.06969306 0.8092704
vt 0.0637196153 0.848619759
vt 0.09060014 0.887968957
vt 0.117480636 0.887968957
vt 0.115615427 0.8867161
vt 0.09541275 0.8867161
vt 0.0752100945 0.8867161
vt 0.061741665 0.8867161
vt 0.0527627021 0.8867161
vt 0.0637196153 0.887968957
vt 0.09060014 0.9273183
vt 0.117480636 0.9273183
vt 0.115615427 0.9262444
vt 0.09541275 0.9262444
vt 0.0752100945 0.9262444
vt 0.061741665 0.9262444
vt 0.0527627021 0.9262444
vt 0.136756241 0.9257901
vt 0.0924176 0.9295604
vt 0.08830604 0.946732342
vt 0.105287224 0.935364544
vt 0.8612534 0.427520871
vt 0.855074 0.490991354
vt 0.861301 0.371879339
vt 0.857423544 0.311887443
vt 0.91291 0.491555333
vt 0.9256923 0.4350152
vt 0.9265283 0.371646523
vt 0.910840034 0.327713132
vt 0.8212416 0.2592448
vt 0.8656189 0.286016941
vt 0.857037067 0.5420256
vt 0.8612534 0.427520871
vt 0.855074 0.490991354
vt 0.861301 0.371879339
vt 0.857423544 0.311887443
vt 0.9256923 0.4350152
vt 0.91291 0.491555333
vt 0.9265283 0.371646523
vt 0.910840034 0.327713132
vt 0.8212416 0.2592448
vt 0.8656189 0.286016941
vt 0.857037067 0.5420256
vn 0.5532794 -0.469858229 0.687833667
vn 0.390239745 -0.168203652 0.9052185
vn -0.07956416 -0.101713665 0.991626859
vn -0.09128392 -0.24604702 0.9649498
vn 0.0300326683 -0.354006857 -0.9347605
vn 0.8965034 -0.4335449 -0.09121649
vn 0.590555847 -0.3161454 -0.742493033
vn 0.836369157 -0.440442234 0.326339126
vn 0.8965034 -0.4335449 -0.09121649
vn -0.009844884 -0.8969939 -0.441933274
vn 0.06855641 -0.11541824 -0.9909484
vn -0.00397145 -0.154088333 -0.9880491
vn 0.173304409 -0.207464725 -0.9627689
vn 0.3681763 -0.12206094 -0.921708941
vn 0.493097961 -0.308853 0.813304543
vn 0.458720535 0.183499217 -0.869427145
vn 0.113244146 0.183443323 -0.97648567
vn -0.103064604 -0.0389721133 0.9939109
vn 0.5334823 -0.168807343 0.8287947
vn 0.971051753 -0.06347982 0.230279818
vn 0.1320655 0.4183953 -0.8986123
vn 0.149366915 0.450992525 -0.8799405
vn 0.0545152538 0.477900118 -0.8767209
vn 0.309771031 0.3867272 0.8686104
vn -0.0172494985 0.2974975 0.9545668
vn 0.2058397 0.910690248 -0.358152568
vn 0.227868468 0.931057632 -0.284969568
vn 0.185235515 0.244476423 0.951797843
vn 0.227868468 0.931057632 -0.284969568
vn 0.2058397 0.910690248 -0.358152568
vn 0.453650326 0.761432946 0.463056475
vn 0.175639689 0.8004578 0.5730777
vn 0.601762235 0.6281686 0.4932408
vn 0.381565779 0.396539122 0.8349636
vn 0.587025344 -0.127240926 0.7995067
vn 0.846356 0.04760788 -0.5304857
vn 0.971051753 -0.06347982 0.230279818
vn 0.578057766 0.6821322 -0.447822422
vn 0.286348224 0.8300186 -0.478616625
vn 0.0529087149 0.7466183 -0.6631454
vn 0.0732138157 0.687103748 -0.7228611
vn -0.0110276137 0.35948047 0.933087468
vn -0.128155082 -0.2645012 0.9558323
vn -0.560532749 -0.319951832 -0.7638284
vn -0.636245 0.274323583 -0.721067846
vn -0.9710651 -0.235947043 0.0368990451
vn -0.922975659 -0.378489524 0.0697255954
vn 0.5540045 0.01258357 0.832418561
vn 0.552117944 -0.392052978 0.735839844
vn 0.998140633 -0.0577383973 -0.0195326023
vn 0.998560369 -0.031094091 -0.0437078178
vn 0.544638 0.005268144 -0.8386547
vn 0.5603951 0.383911669 -0.7338727
vn 0.6892968 -0.207491457 -0.69413054
vn 0.9867226 0.16166462 -0.0155926449
vn -0.5383712 -0.16123724 0.827139
vn -0.211594045 -0.4415633 0.871923
vn -0.3766057 -0.9151371 0.143848032
vn -0.922975659 -0.378489524 0.0697255954
vn -0.4465865 -0.4335585 0.782679737
vn -0.42440623 -0.8490601 -0.314605
vn -0.3766057 -0.9151371 0.143848032
vn -0.0193901323 -0.992583156 0.120011173
vn 0.0388855971 -0.9841885 -0.1728031
vn -0.0384088159 -0.8158299 0.577015042
vn -0.0193901323 -0.992583156 0.120011173
vn 0.197243169 -0.194181621 0.9609311
vn 0.554883 0.139644563 0.8201245
vn -0.1192187 -0.215172529 0.9692717
vn 0.466199547 0.177429751 0.866704464
vn 0.9804254 0.186971843 0.0617053136
vn 0.350978553 -0.279777467 -0.8936099
vn 0.802370846 -0.05739288 -0.5940598
vn 0.0522400253 -0.5994605 -0.79869777
vn 0.112420484 -0.391409367 -0.91332376
vn 0.06862177 -0.8482504 -0.525130749
vn -0.9710651 -0.235947043 0.0368990451
vn 0.483403057 0.091238685 0.8706302
vn -0.13849856 0.000481414521 0.9903625
vn 0.382962257 0.0721189752 -0.9209445
vn 0.7955091 0.17659992 -0.5796359
vn 0.104535244 0.015314782 -0.994403243
vn 0.9804254 0.186971843 0.0617053136
vn 0.802370846 -0.05739288 -0.5940598
vn 0.9408608 0.307390243 0.142450437
vn -0.5509607 0.25586617 -0.7943392
vn -0.981715 -0.173123717 0.0791444257
vn -0.9710651 -0.235947043 0.0368990451
vn -0.636245 0.274323583 -0.721067846
vn 0.6645691 -0.3944893 0.6346071
vn 0.9991297 -0.0413522348 -0.005463915
vn 0.998140633 -0.0577383973 -0.0195326023
vn 0.552117944 -0.392052978 0.735839844
vn 0.475386769 0.291979641 -0.829912841
vn 0.5603951 0.383911669 -0.7338727
vn -0.411549628 -0.5352572 0.7376494
vn 0.6645691 -0.3944893 0.6346071
vn 0.552117944 -0.392052978 0.735839844
vn -0.4465865 -0.4335585 0.782679737
vn 0.9991297 -0.0413522348 -0.005463915
vn 0.998140633 -0.0577383973 -0.0195326023
vn -0.981715 -0.173123717 0.0791444257
vn -0.411549628 -0.5352572 0.7376494
vn -0.4465865 -0.4335585 0.782679737
vn -0.9710651 -0.235947043 0.0368990451
vn 0.522699535 0.16494222 -0.836408556
vn 0.51750505 0.0219495315 -0.8553986
vn 0.9989251 0.0418823361 -0.0198638234
vn 0.9563864 0.158220589 -0.245542929
vn -0.5876178 -0.0308370888 -0.8085508
vn -0.5492304 0.160658255 -0.820082247
vn -0.995463967 0.06501399 -0.06945949
vn -0.98860085 -0.104198366 0.10867893
vn -0.434962451 -0.160371318 0.8860523
vn -0.311692625 -0.2695401 0.9111508
vn -0.98860085 -0.104198366 0.10867893
vn -0.995463967 0.06501399 -0.06945949
vn 0.7436964 0.021753883 0.6681635
vn 0.6168958 -0.1406083 0.774382949
vn -0.311692625 -0.2695401 0.9111508
vn -0.434962451 -0.160371318 0.8860523
vn 0.9563864 0.158220589 -0.245542929
vn 0.9989251 0.0418823361 -0.0198638234
vn 0.6168958 -0.1406083 0.774382949
vn 0.9991297 -0.0413522348 -0.005463915
vn 0.9989251 0.0418823361 -0.0198638234
vn -0.311692625 -0.2695401 0.9111508
vn -0.411549628 -0.5352572 0.7376494
vn -0.981715 -0.173123717 0.0791444257
vn -0.98860085 -0.104198366 0.10867893
vn 0.6168958 -0.1406083 0.774382949
vn 0.6645691 -0.3944893 0.6346071
vn -0.411549628 -0.5352572 0.7376494
vn -0.311692625 -0.2695401 0.9111508
vn 0.9991297 -0.0413522348 -0.005463915
vn 0.6645691 -0.3944893 0.6346071
vn 0.6168958 -0.1406083 0.774382949
vn 0.9989251 0.0418823361 -0.0198638234
vn 0.9408608 0.307390243 0.142450437
vn 0.554883 0.139644563 0.8201245
vn 0.9804254 0.186971843 0.0617053136
vn 0.197243169 -0.194181621 0.9609311
vn -0.1192187 -0.215172529 0.9692717
vn 0.350978553 -0.279777467 -0.8936099
vn 0.112420484 -0.391409367 -0.91332376
vn 0.286348224 0.8300186 -0.478616625
vn 0.578057766 0.6821322 -0.447822422
vn -0.009844884 -0.8969939 -0.441933274
vn -0.719686449 -0.4055015 0.5635778
vn -0.5002057 -0.155117616 0.8518995
vn -0.00692085735 -0.2632828 -0.964693844
vn -0.472659647 -0.216728553 -0.8541789
vn -0.9090777 -0.3052252 -0.283575833
vn -0.9087633 -0.359613568 0.211724728
vn -0.347757429 -0.908667147 -0.231060028
vn -0.9090777 -0.3052252 -0.283575833
vn -0.204051584 -0.0542781278 -0.977454245
vn -0.143192053 -0.147065163 -0.978707254
vn -0.55086416 -0.323144 0.769497633
vn -0.237778813 0.189554319 -0.9526439
vn -0.682503045 -0.173296556 0.710040748
vn -0.998841345 -0.0465996638 -0.0120169362
vn -0.1575313 0.411583245 -0.897654235
vn -0.07205419 0.46487093 -0.88244164
vn -0.313994139 0.416968733 0.8529624
vn -0.144943848 0.944584131 -0.2945372
vn -0.308561862 0.936125159 -0.168698877
vn -0.163849741 0.3207834 0.9328726
vn -0.308561862 0.936125159 -0.168698877
vn -0.240255058 0.8138349 0.5291033
vn -0.469618678 0.6961982 0.5429239
vn -0.144943848 0.944584131 -0.2945372
vn -0.393232018 0.421445638 0.817161
vn -0.5541876 0.653097034 0.51608175
vn -0.777997136 -0.129932866 0.6146852
vn -0.6885354 0.07652596 -0.7211538
vn -0.998841345 -0.0465996638 -0.0120169362
vn -0.5195036 0.692091644 -0.5011239
vn -0.166780829 0.8442498 -0.5093392
vn 0.5765147 -0.201878026 -0.791755
vn 0.9131531 -0.407429457 0.0123536643
vn 0.9734511 -0.228373751 0.0154398475
vn 0.633020043 0.443568468 -0.6344546
vn -0.564447939 -0.122528777 0.816324234
vn -0.9980545 -0.0268295817 -0.0562799573
vn -0.9959575 -0.0773033649 -0.0457475372
vn -0.553428352 -0.524763942 0.646792
vn -0.547351837 0.157266751 -0.8219934
vn -0.5796193 0.5176206 -0.629373
vn -0.6040609 -0.150584936 -0.782582045
vn -0.986345649 0.13705039 -0.0913206
vn 0.5155862 -0.292110384 0.805507541
vn 0.9131531 -0.407429457 0.0123536643
vn 0.363293231 -0.909629464 0.201475337
vn 0.07675381 -0.5085874 0.85758245
vn 0.44167456 -0.559494853 0.701348066
vn 0.5230209 -0.799787939 -0.294598639
vn 0.363293231 -0.909629464 0.201475337
vn -0.368485272 -0.261119664 0.892208
vn -0.6487611 0.0548169538 0.7590152
vn -0.5641165 0.06255387 0.8233223
vn -0.986329138 0.161790371 -0.03128495
vn -0.192552626 -0.238864392 -0.9517706
vn 0.114113733 -0.515462637 -0.8492799
vn -0.7316509 -0.03188086 -0.680933654
vn 0.9734511 -0.228373751 0.0154398475
vn -0.668175161 0.03795704 0.743035138
vn -0.216746509 0.08819518 -0.972235858
vn -0.7151687 0.157890052 -0.680885
vn -0.986329138 0.161790371 -0.03128495
vn -0.9659653 0.255305231 0.0415978879
vn -0.7316509 -0.03188086 -0.680933654
vn 0.5565107 0.428212553 -0.711990058
vn 0.633020043 0.443568468 -0.6344546
vn 0.9734511 -0.228373751 0.0154398475
vn 0.983984768 -0.165931731 0.06511996
vn -0.6645812 -0.520277739 0.5363235
vn -0.553428352 -0.524763942 0.646792
vn -0.9959575 -0.0773033649 -0.0457475372
vn -0.997762859 -0.0572600253 -0.03450447
vn -0.4636867 0.463518381 -0.7550797
vn -0.5796193 0.5176206 -0.629373
vn 0.410762578 -0.6566329 0.632540345
vn 0.44167456 -0.559494853 0.701348066
vn -0.553428352 -0.524763942 0.646792
vn -0.6645812 -0.520277739 0.5363235
vn -0.997762859 -0.0572600253 -0.03450447
vn -0.9959575 -0.0773033649 -0.0457475372
vn 0.983984768 -0.165931731 0.06511996
vn 0.9734511 -0.228373751 0.0154398475
vn 0.44167456 -0.559494853 0.701348066
vn 0.410762578 -0.6566329 0.632540345
vn -0.4966305 0.270712435 -0.824665368
vn -0.9485843 0.175677225 -0.263297051
vn -0.9991316 0.02012068 -0.03648506
vn -0.497273475 0.156555086 -0.853351951
vn 0.59611696 0.109968334 -0.7953311
vn 0.5243097 0.2736522 -0.806358337
vn 0.988666534 -0.11629954 0.09493626
vn 0.9922 0.08400967 -0.09209481
vn 0.448323131 -0.35778445 0.819143832
vn 0.9922 0.08400967 -0.09209481
vn 0.988666534 -0.11629954 0.09493626
vn 0.29524222 -0.45928055 0.8377908
vn -0.7546133 -0.136580527 0.64179796
vn 0.448323131 -0.35778445 0.819143832
vn 0.29524222 -0.45928055 0.8377908
vn -0.6224783 -0.316703677 0.715695143
vn -0.6224783 -0.316703677 0.715695143
vn -0.9991316 0.02012068 -0.03648506
vn -0.9485843 0.175677225 -0.263297051
vn -0.9991316 0.02012068 -0.03648506
vn -0.997762859 -0.0572600253 -0.03450447
vn 0.29524222 -0.45928055 0.8377908
vn 0.988666534 -0.11629954 0.09493626
vn 0.983984768 -0.165931731 0.06511996
vn 0.410762578 -0.6566329 0.632540345
vn -0.6224783 -0.316703677 0.715695143
vn 0.29524222 -0.45928055 0.8377908
vn 0.410762578 -0.6566329 0.632540345
vn -0.6645812 -0.520277739 0.5363235
vn -0.997762859 -0.0572600253 -0.03450447
vn -0.9991316 0.02012068 -0.03648506
vn -0.6224783 -0.316703677 0.715695143
vn -0.6645812 -0.520277739 0.5363235
vn -0.9659653 0.255305231 0.0415978879
vn -0.986329138 0.161790371 -0.03128495
vn -0.6487611 0.0548169538 0.7590152
vn -0.368485272 -0.261119664 0.892208
vn -0.192552626 -0.238864392 -0.9517706
vn -0.166780829 0.8442498 -0.5093392
vn -0.5195036 0.692091644 -0.5011239
vn -0.347757429 -0.908667147 -0.231060028
vn -0.151446223 0.08370507 0.984914958
vn 0.2570245 0.1684575 0.951609433
vn -0.148352668 0.2533089 0.9559425
vn 0.246403128 0.361257076 0.8993213
vn -0.1729779 0.4029938 0.8987072
vn 0.2834553 0.3589561 0.8892714
vn 0.212755531 0.3811033 0.8997196
vn 0.358889639 0.3815189 0.851846
vn 0.442802727 0.335800141 0.8313627
vn 0.3676352 0.431084245 0.8240211
vn -0.113990173 0.07618094 0.9905568
vn 0.356008768 0.17321986 0.9182879
vn -0.122543022 0.193945825 0.9733284
vn 0.345170945 0.256510615 0.902806342
vn -0.11975988 0.33208102 0.9356173
vn 0.4360345 0.12598972 0.891067
vn 0.6999869 0.102980591 0.706691861
vn 0.6533766 0.3125143 0.68951714
vn 0.30951184 0.2891314 0.905872762
vn 0.871502936 0.181675747 0.455495924
vn 0.8878787 0.3276869 0.3229438
vn 0.531443655 0.582432568 0.6150934
vn 0.278679639 0.5096563 0.8139951
vn 0.79706496 0.5185079 0.309575528
vn 0.3723875 0.729816556 0.573319554
vn 0.336675227 0.6311196 0.6988117
vn 0.6049792 0.7208872 0.338115156
vn 0.08894255 -0.07130794 0.993481
vn 0.56716454 -0.11958845 0.8148761
vn 0.5903654 0.217379823 0.777312458
vn -0.125013858 0.10409952 0.98667866
vn 0.912250936 0.0967717 0.398037
vn 0.887227 0.418517768 0.194090575
vn 0.514043868 0.45568496 0.726711869
vn -0.277059674 0.188445762 0.9421922
vn 0.8276186 0.554475248 0.08720488
vn 0.417868644 0.533735335 0.7351955
vn -0.4619526 0.276689321 0.8426404
vn 0.8072259 0.5901819 -0.00846771151
vn 0.151906818 -0.07130509 -0.9858194
vn 0.144406781 0.0534684546 -0.988072753
vn 0.5091859 0.000589175266 -0.8606564
vn 0.5634201 0.101111367 -0.819959939
vn 0.128413141 0.114711933 -0.9850641
vn 0.412406027 0.107434534 -0.904643059
vn 0.488488734 0.08147127 -0.86875844
vn 0.475232661 0.08082472 -0.87614
vn 0.391907573 0.112988934 -0.91304
vn 0.502537966 0.0663168058 -0.8620079
vn 0.127958432 -0.0149511695 -0.991666853
vn 0.123808719 0.08090263 -0.9890026
vn 0.555846751 0.049309317 -0.82982105
vn 0.5910084 0.108726986 -0.799304366
vn 0.11248181 0.113282792 -0.987175167
vn 0.9223861 0.0380879752 0.384386748
vn 0.9955578 -0.0388871655 0.08574637
vn 0.980919063 0.179555789 0.07454873
vn 0.8594 0.219896182 0.461603045
vn 0.974343657 0.00211446127 -0.225055426
vn 0.921816647 0.1628733 -0.351747543
vn 0.9151292 0.399440527 0.0546431839
vn 0.8067557 0.400378764 0.434559554
vn 0.8805837 0.278338045 -0.383536547
vn 0.7900394 0.5763338 0.2089907
vn 0.56749 0.6015547 0.562216163
vn 0.853638649 0.483421981 -0.1939181
vn 0.8117488 0.11507418 0.5725573
vn 0.9969088 -0.0179174878 0.0764970258
vn 0.95429033 0.298795372 -0.00716525735
vn 0.6544064 0.311296642 0.689091146
vn 0.8738683 0.07080622 -0.4809789
vn 0.684978664 0.331751376 -0.6486488
vn 0.848207057 0.5254576 -0.06662693
vn 0.557608843 0.305918932 0.7716774
vn 0.557863235 0.4466564 -0.6994903
vn 0.800156653 0.5547215 0.2281082
vn 0.4243354 0.3126368 0.849822164
vn 0.466646433 0.5695435 -0.6766545
vn 0.912084043 -0.0284750778 -0.409013242
vn 0.753766239 -0.150830746 -0.6395987
vn 0.7323918 0.0672979355 -0.6775495
vn 0.9236875 0.165544108 -0.34553808
vn 0.5090846 -0.147927672 -0.8479094
vn 0.379664153 -0.008330785 -0.925086856
vn 0.6892391 0.23195225 -0.686401963
vn 0.8805837 0.278338045 -0.383536547
vn 0.392873138 0.1023293 -0.9138815
vn 0.722540438 0.327305049 -0.608939
vn 0.8173148 0.261627167 -0.513369
vn 0.534028947 0.2507532 -0.8074255
vn 0.941728234 0.103357 -0.3201019
vn 0.708582461 -0.10816431 -0.697288632
vn 0.6297991 0.14941299 -0.76225245
vn 0.9410385 0.298406929 -0.159373283
vn 0.271649778 -0.0926764458 -0.957923532
vn 0.0481116772 0.141181648 -0.988813937
vn 0.5613554 0.323900938 -0.7615565
vn 0.904581368 0.424529254 -0.0388255529
vn -0.08534416 0.213289052 -0.973254442
vn 0.491575569 0.3782612 -0.7843927
vn 0.804852247 0.579957545 0.1259448
vn -0.2015919 0.171787515 -0.964287162
vn -0.7475666 -0.1451305 -0.648136854
vn -0.833247662 -0.03746654 -0.551629066
vn -0.05492626 -0.147373289 -0.987554669
vn -0.0118793445 -0.167056143 -0.985875845
vn 0.450690448 0.243598431 -0.8588003
vn 0.5898013 -0.104945786 -0.8007002
vn 0.339277983 0.715392 -0.610823035
vn 0.841588259 -0.12304493 -0.5259174
vn -0.5375251 -0.329918742 0.7760286
vn 0.4017663 -0.293065816 0.8675807
vn 0.330570549 0.08509584 0.9399371
vn -0.5752902 -0.08479984 0.8135417
vn 0.175744146 0.7794359 0.601326644
vn 0.826578 -0.217527181 0.5190864
vn 0.3783223 0.924534857 -0.04590796
vn 0.983608 -0.179574385 -0.0163808838
vn 0.450690448 0.243598431 -0.8588003
vn -0.730120838 0.6793361 -0.07366209
vn 0.339277983 0.715392 -0.610823035
vn 0.3783223 0.924534857 -0.04590796
vn 0.175744146 0.7794359 0.601326644
vn 0.330570549 0.08509584 0.9399371
vn -0.9618677 -0.2732119 0.0128775109
vn -0.993766248 -0.106853031 0.0317976549
vn -0.993766248 -0.106853031 0.0317976549
vn -0.9618677 -0.2732119 0.0128775109
vn -0.04556009 -0.1780115 -0.982973158
vn -0.776572347 -0.282684058 -0.563049853
vn 0.5808983 -0.19870241 -0.789350748
vn 0.7870406 -0.174985021 -0.591563463
vn -0.5340432 -0.5294162 0.659178555
vn 0.435629159 -0.511685 0.7405442
vn 0.8081006 -0.469538 0.355678916
vn -0.895609736 -0.4445479 0.0161376335
vn 0.914189 -0.3744237 -0.155130178
vn 0.6012095 -0.458430022 0.6545143
vn 0.176135182 -0.607782245 0.7743237
vn 0.230554283 -0.7312904 0.641918242
vn -0.259046525 -0.58299 0.770076334
vn 0.597573757 -0.23660931 0.7661081
vn 0.18295528 -0.270293742 0.9452347
vn -0.262142926 -0.328307182 0.907466531
vn 0.170742 -0.0287372973 0.9848966
vn -0.531761944 0.134612933 0.836127162
vn -0.549153268 0.295475453 0.7817448
vn -0.4201831 0.276589781 0.864259362
vn -0.5651832 0.230239928 0.792185247
vn -0.489534348 0.284931064 0.824117959
vn -0.350210726 0.307491034 0.8847608
vn -0.5042331 0.3212738 0.801581
vn -0.5716298 0.137800291 0.8088575
vn -0.559245646 0.225386739 0.7977751
vn -0.526808739 0.0563637242 0.848113
vn -0.4116776 0.222171262 0.8838334
vn -0.72959 0.247173756 0.6376548
vn -0.768484533 0.03573453 0.638869762
vn -0.9269499 0.2808097 0.248816624
vn -0.9189521 0.12244039 0.374880463
vn -0.399020046 0.425442576 0.812269449
vn -0.630881846 0.50227 0.591365337
vn -0.872360766 0.424473852 0.242504969
vn -0.5971038 0.473616034 0.6474217
vn -0.5436164 0.6513078 0.5294141
vn -0.7355812 0.5983642 0.317617029
vn -0.297903717 -0.049110543 0.9533318
vn -0.113421306 0.125579014 0.9855788
vn -0.7580102 0.210449979 0.6173583
vn -0.71432215 -0.1140335 0.6904638
vn -0.919821 0.3913136 -0.0283358339
vn -0.9826419 0.0806575641 0.167060688
vn 0.0403590538 0.227667183 0.972902238
vn -0.6852406 0.449502826 0.5730554
vn -0.8484471 0.514681041 -0.123454213
vn 0.239682943 0.329461426 0.913239956
vn -0.59599936 0.545423269 0.5893201
vn -0.8063992 0.553401649 -0.2084871
vn -0.236308515 -0.00605725124 -0.9716592
vn -0.29983297 0.10598477 -0.9480862
vn -0.241674051 0.128297627 -0.961838543
vn -0.220103756 0.1350956 -0.9660764
vn -0.284209847 0.118107639 -0.9514596
vn -0.307835579 0.10874486 -0.9452046
vn -0.30194366 0.115193337 -0.9463406
vn -0.3340632 0.0924728438 -0.9380035
vn -0.3763842 0.148357555 -0.914508045
vn -0.9566748 -0.007592267 0.291059643
vn -0.9083729 0.169534147 0.382252455
vn -0.988411963 0.1510011 -0.01550637
vn -0.997617662 -0.06699142 -0.0164677389
vn -0.8861733 0.161904052 -0.4341474
vn -0.9460309 -0.006852852 -0.324003965
vn -0.8687306 0.350809842 0.3496278
vn -0.9250534 0.379700631 -0.0101794517
vn -0.8431335 0.2825735 -0.457469225
vn -0.7466096 0.5362665 0.3936907
vn -0.84185046 0.535053849 0.0707475
vn -0.8446293 0.454640478 -0.282671958
vn -0.874745 0.08343249 0.477347046
vn -0.72232753 0.304152638 0.621075
vn -0.9608694 0.26429382 -0.0829387456
vn -0.9979244 -0.0602113381 -0.0228368659
vn -0.631323934 0.3077519 -0.7118419
vn -0.8200809 0.0544414781 -0.5696521
vn -0.5704193 0.474854052 0.6701757
vn -0.859175 0.50185 -0.09982391
vn -0.512558 0.3969877 -0.76137054
vn -0.326261342 0.639323 0.6962899
vn -0.787041 0.324547648 -0.5246287
vn -0.389615685 0.2267916 -0.892617047
vn -0.858929 -0.0272294786 -0.511370242
vn -0.884513855 0.16083926 -0.437910944
vn -0.652092159 0.08395639 -0.753476739
vn -0.6650476 -0.134195313 -0.734645
vn -0.275787383 0.03231421 -0.960675359
vn -0.400095016 -0.116494991 -0.909039557
vn -0.8431335 0.2825735 -0.457469225
vn -0.610879 0.274870932 -0.7424775
vn -0.28381744 0.161027461 -0.9452607
vn -0.7351418 0.245401591 -0.631937146
vn -0.5830349 0.34281835 -0.736577153
vn -0.3376661 0.269767255 -0.90178
vn -0.8878586 0.125166237 -0.4427646
vn -0.9012528 0.327834368 -0.283316016
vn -0.513919532 0.155632824 -0.8436025
vn -0.6296707 -0.0899594 -0.771636
vn 0.0953202844 0.144570008 -0.984892666
vn -0.132108584 -0.09064064 -0.987082362
vn -0.884328961 0.445985883 -0.1380539
vn -0.450948745 0.338563383 -0.825845063
vn 0.212289736 0.221550763 -0.95176065
vn -0.8259261 0.5626486 0.035673786
vn -0.3883493 0.3861538 -0.8367019
vn 0.317292333 0.193982482 -0.928276
vn 0.7665199 0.007117582 -0.642181158
vn 0.0308817979 0.00727155944 -0.9994966
vn 0.248495042 0.0557349548 -0.9670284
vn 0.851857066 0.08709919 -0.516481638
vn -0.5881796 -0.0439845733 -0.8075333
vn -0.392372668 0.302402675 -0.868675053
vn -0.2875851 0.7534477 -0.5912794
vn -0.81865865 -0.0937171653 -0.5665819
vn 0.5435127 -0.427580744 0.7223356
vn 0.5680595 -0.174142331 0.804352462
vn -0.326316267 -0.06736821 0.942856967
vn -0.387306482 -0.441236 0.8095088
vn -0.278795242 0.6871084 0.6709361
vn -0.8223519 -0.350055039 0.448551983
vn -0.9653406 -0.251517624 -0.06968739
vn -0.437310547 0.8992872 -0.0064790207
vn -0.392372668 0.302402675 -0.868675053
vn -0.2875851 0.7534477 -0.5912794
vn 0.691453755 0.7221069 0.02129304
vn -0.437310547 0.8992872 -0.0064790207
vn -0.278795242 0.6871084 0.6709361
vn -0.326316267 -0.06736821 0.942856967
vn 0.9976519 -0.0599304661 0.0331527665
vn 0.9756026 -0.219306782 -0.0102006905
vn 0.9976519 -0.0599304661 0.0331527665
vn 0.9756026 -0.219306782 -0.0102006905
vn 0.8088232 -0.131070927 -0.5732586
vn 0.09976889 -0.005597573 -0.9949949
vn -0.5437507 -0.108184494 -0.8322447
vn -0.7576172 -0.11439319 -0.6425966
vn -0.4594077 -0.638275 0.617697
vn 0.5032362 -0.6411907 0.579333961
vn -0.799535036 -0.56576395 0.201630443
vn 0.911522448 -0.410426557 -0.0260166023
vn -0.879502654 -0.4016584 -0.2552365
vn -0.59926784 -0.601296544 0.5285078
vn -0.220852181 -0.8699296 0.4409612
vn -0.17558904 -0.761554837 0.623861134
vn 0.256451875 -0.728275836 0.635489345
vn -0.1941801 -0.446688145 0.8733635
vn -0.6059992 -0.387095749 0.6949258
vn 0.252897948 -0.489031851 0.834799647
vn -0.188029766 -0.216983989 0.957895
vn 0.06911679 -0.975544751 0.208651066
vn -0.06071138 -0.0397680551 0.997362852
vn -0.781975031 -0.5990872 -0.172074422
vn 1 0 0
vn -0.0620630458 -0.9746199 0.2150912
vn 1 0 0
vn 0.7896171 -0.592692137 -0.15881069
vn 0.04978607 -0.031888064 0.9982507
vn 0.215136647 0.455060273 -0.8640812
vn 0.0300326683 -0.354006857 -0.9347605
vn 0.1320655 0.4183953 -0.8986123
vn 0.123208426 -0.9558103 0.2669201
vn 0.493097961 -0.308853 0.813304543
vn 0.836369157 -0.440442234 0.326339126
vn -0.009844884 -0.8969939 -0.441933274
vn 0.480002224 0.264518231 -0.836437643
vn 0.215136647 0.455060273 -0.8640812
vn 0.446227461 0.888876557 -0.103824347
vn 0.9166104 0.380458474 0.122787371
vn 0.227868468 0.931057632 -0.284969568
vn 0.175639689 0.8004578 0.5730777
vn 0.275161922 0.74058646 0.6130396
vn -0.447859854 -0.343273669 -0.825581431
vn -0.7344763 -0.554813445 -0.3908024
vn -0.009844884 -0.8969939 -0.441933274
vn 0.0300326683 -0.354006857 -0.9347605
vn 0.185235515 0.244476423 0.951797843
vn 0.481067032 0.043651823 0.8755964
vn 0.419000953 -0.365034163 0.8313773
vn 0.9538836 0.223037526 0.200898975
vn 0.493097961 -0.308853 0.813304543
vn -0.608343 -0.7012212 0.3717628
vn 0.123208426 -0.9558103 0.2669201
vn 0.0300326683 -0.354006857 -0.9347605
vn 0.526322 0.142960712 -0.838181
vn -0.447859854 -0.343273669 -0.825581431
vn -0.308880359 -0.116677843 -0.943917
vn -0.7937172 -0.5513098 -0.257041782
vn -0.2768527 -0.7080787 0.6495977
vn 0.5006624 -0.178436846 0.8470522
vn -0.308880359 -0.116677843 -0.943917
vn 0.7291872 0.243477762 -0.6395347
vn 0.8979127 0.396332026 0.1915038
vn 0.676086068 0.330533415 -0.6585251
vn 0.5954669 -0.08295244 -0.7990858
vn 0.8689945 0.4551766 0.194069356
vn -0.263909757 0.08947687 -0.960388243
vn -0.9597269 0.06878705 -0.272383124
vn -0.917286634 -0.280108333 -0.2830629
vn -0.159121469 -0.3260807 -0.93185395
vn 0.05534355 0.7397057 0.6706509
vn 0.248627067 0.392386317 0.8855606
vn -0.682275057 0.680852354 0.2663471
vn -0.59363246 0.160720259 0.7885236
vn -0.263909757 0.08947687 -0.960388243
vn -0.159121469 -0.3260807 -0.93185395
vn 0.7828727 -0.116771124 -0.6111259
vn 0.8152702 0.4573513 0.355196178
vn -0.117701426 -0.389017642 -0.913680255
vn -0.117701426 -0.389017642 -0.913680255
vn -0.263876557 0.493108 -0.8289835
vn -0.1575313 0.411583245 -0.897654235
vn -0.00692085735 -0.2632828 -0.964693844
vn -0.0505984947 -0.9716482 0.230953515
vn -0.9087633 -0.359613568 0.211724728
vn -0.55086416 -0.323144 0.769497633
vn -0.263876557 0.493108 -0.8289835
vn -0.5402284 0.8367303 -0.08964205
vn -0.308561862 0.936125159 -0.168698877
vn -0.1575313 0.411583245 -0.897654235
vn -0.347757429 -0.908667147 -0.231060028
vn -0.4464331 0.280667484 -0.8496607
vn -0.942083955 0.333064824 0.0393144935
vn -0.337976217 0.7490064 0.5698785
vn -0.240255058 0.8138349 0.5291033
vn 0.6224825 -0.124716282 -0.7726328
vn -0.00692085735 -0.2632828 -0.964693844
vn -0.347757429 -0.908667147 -0.231060028
vn 0.881318748 -0.342799842 -0.325216174
vn -0.5189359 0.0501183756 0.853342652
vn -0.163849741 0.3207834 0.9328726
vn -0.43032515 -0.4601112 0.7766067
vn -0.9900413 0.085585475 0.111773334
vn -0.55086416 -0.323144 0.769497633
vn -0.0505984947 -0.9716482 0.230953515
vn 0.617572069 -0.6604916 0.427031159
vn -0.00692085735 -0.2632828 -0.964693844
vn 0.6224825 -0.124716282 -0.7726328
vn -0.48508206 0.125654623 -0.8653937
vn 0.4564751 -0.0150931021 -0.889608145
vn 0.9095888 -0.3904723 -0.142054722
vn 0.364214122 -0.5804569 0.7282979
vn -0.5660436 -0.156131774 0.8094551
vn 0.4564751 -0.0150931021 -0.889608145
vn -0.6475579 0.1496136 -0.7471844
vn -0.960925341 0.27029413 0.059695527
vn -0.9403412 0.333031356 0.06963184
vn -0.461682618 -0.155670673 -0.873278737
vn -0.6150283 0.246145651 -0.7491011
vn 0.379680276 0.139100075 -0.9146005
vn 0.329380035 -0.293774962 -0.8973322
vn 0.9863337 -0.121268392 -0.1115338
vn 0.966616631 0.223002553 -0.126182884
vn -0.230501 0.7545906 0.614379644
vn -0.31745103 0.5182216 0.7941481
vn 0.490948051 0.8316776 0.259388447
vn 0.526089251 0.540524244 0.656554341
vn 0.329380035 -0.293774962 -0.8973322
vn 0.379680276 0.139100075 -0.9146005
vn -0.665951 -0.2107629 -0.7156034
vn -0.918559551 0.320508957 0.231348872
vn 0.2897479 -0.363588721 -0.8853527
vn 0.2897479 -0.363588721 -0.8853527
vn 0.1320655 0.4183953 -0.8986123
vn -0.145988688 0.951802254 -0.2697402
vn -0.05322806 0.587777 -0.80727005
vn -0.9934049 -0.0541567765 -0.101062588
vn -0.987222552 -0.156608865 0.0294163655
vn -0.166730717 0.9159144 0.365105
vn -0.974220335 0.0447521769 -0.2211154
vn -0.107629538 0.4939732 0.862789869
vn -0.992483854 -0.09185304 -0.0808628052
vn 0.3124436 0.9220124 -0.228631034
vn 0.263085 0.5826994 -0.7689263
vn 0.275647461 0.878074944 0.3911558
vn 0.186617687 0.4806717 0.856813
vn -0.029902339 -0.0274918 0.9991747
vn -0.9775239 -0.210650682 0.008559132
vn -0.6392467 -0.7678467 0.0421320051
vn 0.178598046 -0.9549709 -0.236924782
vn -0.009619041 -0.0188292656 0.9997764
vn 0.0417873524 0.00225516036 -0.999124
vn 0.181381389 -0.06488499 -0.981269956
vn 0.913428962 -0.2962131 0.27911523
vn 0.95297116 -0.291841328 -0.08169837
vn 0.956527233 -0.2916372 0.00182574615
vn 0.932923734 -0.353050947 0.07077
vn 0.773235559 -0.620264 0.131830662
vn 0.6819884 -0.6726686 0.287069261
vn -0.044753857 0.998365 -0.0355586
vn 0.993280768 0.115578964 0.00589762861
vn 0.417551368 0.130863428 -0.899180532
vn -0.044753857 0.998365 -0.0355586
vn 0.409749925 0.188295782 0.8925524
vn 0.993280768 0.115578964 0.00589762861
vn -0.044753857 0.998365 -0.0355586
vn -0.556398 0.308247477 0.771624744
vn -0.044753857 0.998365 -0.0355586
vn -0.9447996 0.327458 -0.0111770825
vn -0.044753857 0.998365 -0.0355586
vn -0.557117 0.246340021 -0.793055654
vn -0.044753857 0.998365 -0.0355586
vn -0.557117 0.246340021 -0.793055654
vn 0.986690342 -0.1625281 0.00517712161
vn 0.4800382 0.053867884 -0.8755921
vn 0.478647321 0.07705638 0.874619365
vn 0.986690342 -0.1625281 0.00517712161
vn -0.386615932 0.5010881 0.774234354
vn -0.7482401 0.663387656 -0.007318653
vn -0.390698045 0.479098439 -0.7860151
vn -0.390698045 0.479098439 -0.7860151
vn 0.56226325 -0.826908469 0.009078659
vn 0.0606456473 -0.57977 -0.8125201
vn 0.0558849722 -0.570556343 0.819354832
vn 0.56226325 -0.826908469 0.009078659
vn -0.709395766 -0.178982466 0.6817059
vn -0.9987964 -0.0487993062 -0.00493443944
vn -0.7051482 -0.185985357 -0.6842335
vn -0.7051482 -0.185985357 -0.6842335
vn 0.0558849722 -0.570556343 0.819354832
vn -0.709395766 -0.178982466 0.6817059
vn -0.9987964 -0.0487993062 -0.00493443944
vn 0.139847383 0.9511817 -0.2751291
vn 0.988290548 -0.146777228 0.0416921265
vn 0.9949626 -0.0452256724 -0.0894659
vn 0.056699872 0.582354 -0.8109556
vn 0.153739288 0.920136154 0.360157847
vn 0.976186335 0.0526133776 -0.2104567
vn 0.09307542 0.501287 0.8602606
vn 0.994176269 -0.08278145 -0.06899871
vn -0.2599639 0.5744791 -0.7761395
vn -0.318712682 0.9172339 -0.238965034
vn -0.28852 0.8781855 0.3815055
vn -0.200943172 0.4850798 0.85106957
vn 0.01884175 -0.0198993236 0.999624431
vn -0.1666805 -0.958368659 -0.231834337
vn 0.646105766 -0.7612622 0.0550208427
vn 0.9793507 -0.201061979 0.0211270228
vn -0.00152961153 -0.0114303967 0.9999335
vn -0.169615835 -0.07381368 -0.9827421
vn -0.0304826666 -0.00545084942 -0.9995204
vn -0.9491242 -0.3016897 -0.0902580246
vn -0.913633645 -0.303038627 0.271000236
vn -0.953629 -0.300908118 -0.006782302
vn -0.9302165 -0.361585319 0.0628759861
vn -0.768660665 -0.626778 0.127711058
vn -0.678676665 -0.6771573 0.284352
vn 0.035526447 0.99846673 -0.0424501523
vn -0.408577 0.120221943 -0.9047715
vn -0.9943525 0.105949357 -0.006145203
vn 0.035526447 0.99846673 -0.0424501523
vn -0.9943525 0.105949357 -0.006145203
vn -0.421634167 0.1908157 0.8864615
vn 0.035526447 0.99846673 -0.0424501523
vn 0.5446187 0.319275469 0.7755344
vn 0.035526447 0.99846673 -0.0424501523
vn 0.9416627 0.3365449 -0.002966416
vn 0.035526447 0.99846673 -0.0424501523
vn 0.563664436 0.2459484 -0.788537741
vn 0.035526447 0.99846673 -0.0424501523
vn 0.563664436 0.2459484 -0.788537741
vn -0.470582426 0.04279659 -0.881317556
vn -0.985071838 -0.172078744 -0.0047292416
vn -0.985071838 -0.172078744 -0.0047292416
vn -0.489248663 0.07878309 0.8685787
vn 0.3729659 0.51046896 0.7748018
vn 0.741840363 0.6705657 -0.00381176942
vn 0.3949396 0.477122068 -0.785096943
vn 0.3949396 0.477122068 -0.785096943
vn -0.045838926 -0.586253047 -0.8088301
vn -0.5543269 -0.8322517 0.008877743
vn -0.5543269 -0.8322517 0.008877743
vn -0.0596598275 -0.5650721 0.822881639
vn 0.7033187 -0.167086557 0.690959334
vn 0.999212444 -0.0391142964 0.00667483732
vn 0.7146179 -0.184109241 -0.674851835
vn 0.7146179 -0.184109241 -0.674851835
vn -0.0596598275 -0.5650721 0.822881639
vn 0.999212444 -0.0391142964 0.00667483732
vn 0.7033187 -0.167086557 0.690959334
vn 0.127733454 -0.9512985 0.28056258
vn 0.02680302 -0.571894169 0.8198894
vn 0.151114866 -0.913033843 -0.378858149
vn 0.08660696 -0.475959241 -0.8751926
vn -0.203605831 -0.588454962 0.7824739
vn -0.283698261 -0.9271375 0.244808868
vn -0.240682319 -0.883576632 -0.4017018
vn -0.111419834 -0.487068921 -0.86622715
vn 0.0156584214 -0.0118291946 -0.9998074
vn 0.0872468352 -0.06000698 -0.9943778
vn -0.131763116 0.0141907195 0.991179645
vn -0.121721484 -0.9504213 0.286152571
vn -0.0305739567 -0.566122949 0.8237536
vn -0.1379971 -0.9172044 -0.373755127
vn -0.0720882937 -0.483160466 -0.872559
vn 0.289836764 -0.92252 0.254855841
vn 0.2003933 -0.580714166 0.7890587
vn 0.25373134 -0.8841041 -0.3924034
vn 0.125922129 -0.492276967 -0.86128217
vn -0.004212751 -0.0192847159 -0.999805152
vn -0.07539008 -0.06811589 -0.9948249
vn 0.120379776 0.0227129534 0.992468059
usemtl 9012000902_part_0_material_0
f 1/1/1 2/2/2 3/3/3
f 3/3/3 4/4/4 1/1/1
f 5/5/5 6/6/6 7/7/7
f 8/8/8 1/1/1 9/9/9
f 9/9/9 10/10/10 8/8/8
f 11/11/11 12/12/12 13/13/13
f 13/13/13 14/14/14 11/11/11
f 8/8/8 15/15/15 2/2/2
f 2/2/2 1/1/1 8/8/8
f 11/11/11 14/14/14 16/16/16
f 16/16/16 17/17/17 11/11/11
f 4/4/4 18/18/18 19/19/19
f 19/19/19 1/1/1 4/4/4
f 1/1/1 19/19/19 20/20/20
f 20/20/20 9/9/9 1/1/1
f 21/21/21 5/5/5 13/13/13
f 13/13/13 22/22/22 21/21/21
f 12/12/12 23/23/23 22/22/22
f 22/22/22 13/13/13 12/12/12
f 2/2/2 24/24/24 25/25/25
f 25/25/25 3/3/3 2/2/2
f 26/26/26 27/27/27 21/21/21
f 28/28/28 24/24/24 2/2/2
f 2/2/2 15/15/15 28/28/28
f 29/29/29 30/30/30 31/31/31
f 31/31/31 32/32/32 29/29/29
f 24/24/24 33/33/33 34/34/34
f 24/24/24 28/28/28 32/32/32
f 32/32/32 31/31/31 24/24/24
f 19/19/19 35/35/35 20/20/20
f 36/36/36 7/7/7 6/6/6
f 6/6/6 37/37/37 36/36/36
f 38/38/38 39/39/39 40/40/40
f 40/40/40 41/41/41 38/38/38
f 42/42/42 25/25/25 24/24/24
f 24/24/24 34/34/34 42/42/42
f 18/18/18 43/43/43 35/35/35
f 35/35/35 19/19/19 18/18/18
f 44/44/44 45/45/45 46/46/46
f 46/46/46 47/47/47 44/44/44
f 48/48/48 49/49/49 50/50/50
f 50/50/50 51/51/51 48/48/48
f 52/52/52 53/53/53 45/45/45
f 45/45/45 44/44/44 52/52/52
f 54/54/54 55/55/55 51/51/51
f 51/51/51 52/52/52 54/54/54
f 56/56/56 57/57/57 58/58/58
f 58/58/58 59/59/59 56/56/56
f 48/48/48 56/56/56 60/60/60
f 60/60/60 49/49/49 48/48/48
f 61/61/61 62/62/62 63/63/63
f 63/63/63 64/64/64 61/61/61
f 65/65/65 66/66/66 58/58/58
f 58/58/58 57/57/57 65/65/65
f 67/67/67 57/57/57 68/68/68
f 67/67/67 69/69/69 65/65/65
f 65/65/65 57/57/57 67/67/67
f 70/70/70 55/55/55 71/71/71
f 71/71/71 68/68/68 70/70/70
f 72/72/72 73/73/73 54/54/54
f 54/54/54 74/74/74 72/72/72
f 73/73/73 71/71/71 54/54/54
f 75/75/75 72/72/72 74/74/74
f 74/74/74 76/76/76 75/75/75
f 61/61/61 74/74/74 44/44/44
f 44/44/44 47/47/47 61/61/61
f 48/48/48 51/51/51 55/55/55
f 55/55/55 70/70/70 48/48/48
f 54/54/54 52/52/52 44/44/44
f 44/44/44 74/74/74 54/54/54
f 52/52/52 51/51/51 50/50/50
f 50/50/50 53/53/53 52/52/52
f 56/56/56 59/59/59 77/77/77
f 77/77/77 60/60/60 56/56/56
f 56/56/56 48/48/48 70/70/70
f 70/70/70 57/57/57 56/56/56
f 13/13/13 5/5/5 7/7/7
f 7/7/7 14/14/14 13/13/13
f 16/16/16 14/14/14 7/7/7
f 7/7/7 36/36/36 16/16/16
f 78/78/78 35/35/35 43/43/43
f 43/43/43 79/79/79 78/78/78
f 80/80/80 16/16/16 36/36/36
f 36/36/36 81/81/81 80/80/80
f 17/17/17 16/16/16 80/80/80
f 80/80/80 82/82/82 17/17/17
f 83/83/83 84/84/84 81/81/81
f 81/81/81 85/85/85 83/83/83
f 86/86/86 87/87/87 88/88/88
f 88/88/88 89/89/89 86/86/86
f 90/90/90 91/91/91 92/92/92
f 92/92/92 93/93/93 90/90/90
f 94/94/94 86/86/86 89/89/89
f 89/89/89 95/95/95 94/94/94
f 96/96/96 97/97/97 98/98/98
f 98/98/98 99/99/99 96/96/96
f 100/100/100 94/94/94 95/95/95
f 95/95/95 101/101/101 100/100/100
f 102/102/102 103/103/103 104/104/104
f 104/104/104 105/105/105 102/102/102
f 106/106/106 107/107/107 108/108/108
f 108/108/108 109/109/109 106/106/106
f 110/110/110 107/107/107 106/106/106
f 106/106/106 111/111/111 110/110/110
f 111/111/111 112/112/112 113/113/113
f 113/113/113 110/110/110 111/111/111
f 114/114/114 115/115/115 116/116/116
f 116/116/116 117/117/117 114/114/114
f 118/118/118 119/119/119 120/120/120
f 120/120/120 121/121/121 118/118/118
f 118/118/118 122/122/122 123/123/123
f 123/123/123 124/124/124 118/118/118
f 107/107/107 94/94/94 125/125/125
f 125/125/125 126/126/126 107/107/107
f 86/86/86 94/94/94 107/107/107
f 107/107/107 110/110/110 86/86/86
f 87/87/87 86/86/86 110/110/110
f 110/110/110 113/113/113 87/87/87
f 127/127/127 128/128/128 129/129/129
f 129/129/129 130/130/130 127/127/127
f 131/131/131 132/132/132 133/133/133
f 133/133/133 134/134/134 131/131/131
f 135/135/135 136/136/136 137/137/137
f 137/137/137 138/138/138 135/135/135
f 139/139/139 78/78/78 140/140/140
f 140/140/140 141/141/141 139/139/139
f 78/78/78 142/142/142 140/140/140
f 142/142/142 78/78/78 79/79/79
f 79/79/79 143/143/143 142/142/142
f 80/80/80 81/81/81 84/84/84
f 84/84/84 144/144/144 80/80/80
f 82/82/82 80/80/80 144/144/144
f 144/144/144 145/145/145 82/82/82
f 37/37/37 85/85/85 81/81/81
f 81/81/81 36/36/36 37/37/37
f 78/78/78 139/139/139 20/20/20
f 20/20/20 35/35/35 78/78/78
f 30/30/30 146/146/146 33/33/33
f 33/33/33 31/31/31 30/30/30
f 26/26/26 22/22/22 39/39/39
f 23/23/23 40/40/40 39/39/39
f 39/39/39 22/22/22 23/23/23
f 146/146/146 147/147/147 33/33/33
f 5/5/5 148/148/148 6/6/6
f 57/57/57 70/70/70 68/68/68
f 71/71/71 55/55/55 54/54/54
f 24/24/24 31/31/31 33/33/33
f 26/26/26 21/21/21 22/22/22
f 74/74/74 61/61/61 64/64/64
f 64/64/64 76/76/76 74/74/74
f 47/47/47 62/62/62 61/61/61
f 149/149/149 4/4/4 3/3/3
f 3/3/3 150/150/150 149/149/149
f 151/151/151 152/152/152 153/153/153
f 154/154/154 155/155/155 156/156/156
f 156/156/156 149/149/149 154/154/154
f 11/11/11 157/157/157 158/158/158
f 158/158/158 12/12/12 11/11/11
f 154/154/154 149/149/149 150/150/150
f 150/150/150 159/159/159 154/154/154
f 11/11/11 17/17/17 160/160/160
f 160/160/160 157/157/157 11/11/11
f 4/4/4 149/149/149 161/161/161
f 161/161/161 18/18/18 4/4/4
f 149/149/149 156/156/156 162/162/162
f 162/162/162 161/161/161 149/149/149
f 163/163/163 164/164/164 158/158/158
f 158/158/158 151/151/151 163/163/163
f 12/12/12 158/158/158 164/164/164
f 164/164/164 23/23/23 12/12/12
f 150/150/150 3/3/3 25/25/25
f 25/25/25 165/165/165 150/150/150
f 166/166/166 163/163/163 167/167/167
f 168/168/168 159/159/159 150/150/150
f 150/150/150 165/165/165 168/168/168
f 169/169/169 170/170/170 171/171/171
f 171/171/171 172/172/172 169/169/169
f 165/165/165 173/173/173 174/174/174
f 165/165/165 171/171/171 170/170/170
f 170/170/170 168/168/168 165/165/165
f 161/161/161 162/162/162 175/175/175
f 176/176/176 177/177/177 153/153/153
f 153/153/153 152/152/152 176/176/176
f 178/178/178 41/41/41 40/40/40
f 40/40/40 179/179/179 178/178/178
f 42/42/42 173/173/173 165/165/165
f 165/165/165 25/25/25 42/42/42
f 18/18/18 161/161/161 175/175/175
f 175/175/175 43/43/43 18/18/18
f 180/180/180 181/181/181 182/182/182
f 182/182/182 183/183/183 180/180/180
f 184/184/184 185/185/185 186/186/186
f 186/186/186 187/187/187 184/184/184
f 188/188/188 180/180/180 183/183/183
f 183/183/183 189/189/189 188/188/188
f 190/190/190 188/188/188 185/185/185
f 185/185/185 191/191/191 190/190/190
f 192/192/192 193/193/193 194/194/194
f 194/194/194 195/195/195 192/192/192
f 184/184/184 187/187/187 196/196/196
f 196/196/196 192/192/192 184/184/184
f 197/197/197 64/64/64 63/63/63
f 63/63/63 198/198/198 197/197/197
f 65/65/65 195/195/195 194/194/194
f 194/194/194 66/66/66 65/65/65
f 199/199/199 200/200/200 195/195/195
f 199/199/199 195/195/195 65/65/65
f 65/65/65 69/69/69 199/199/199
f 201/201/201 200/200/200 202/202/202
f 202/202/202 191/191/191 201/201/201
f 203/203/203 204/204/204 190/190/190
f 190/190/190 205/205/205 203/203/203
f 205/205/205 190/190/190 202/202/202
f 75/75/75 76/76/76 204/204/204
f 204/204/204 203/203/203 75/75/75
f 197/197/197 181/181/181 180/180/180
f 180/180/180 204/204/204 197/197/197
f 184/184/184 201/201/201 191/191/191
f 191/191/191 185/185/185 184/184/184
f 190/190/190 204/204/204 180/180/180
f 180/180/180 188/188/188 190/190/190
f 188/188/188 189/189/189 186/186/186
f 186/186/186 185/185/185 188/188/188
f 192/192/192 196/196/196 206/206/206
f 206/206/206 193/193/193 192/192/192
f 192/192/192 195/195/195 201/201/201
f 201/201/201 184/184/184 192/192/192
f 158/158/158 157/157/157 152/152/152
f 152/152/152 151/151/151 158/158/158
f 160/160/160 176/176/176 152/152/152
f 152/152/152 157/157/157 160/160/160
f 207/207/207 79/79/79 43/43/43
f 43/43/43 175/175/175 207/207/207
f 208/208/208 209/209/209 176/176/176
f 176/176/176 160/160/160 208/208/208
f 17/17/17 82/82/82 208/208/208
f 208/208/208 160/160/160 17/17/17
f 210/210/210 211/211/211 209/209/209
f 209/209/209 212/212/212 210/210/210
f 213/213/213 214/214/214 215/215/215
f 215/215/215 216/216/216 213/213/213
f 217/217/217 218/218/218 219/219/219
f 219/219/219 220/220/220 217/217/217
f 221/221/221 222/222/222 214/214/214
f 214/214/214 213/213/213 221/221/221
f 223/223/223 224/224/224 225/225/225
f 225/225/225 226/226/226 223/223/223
f 227/227/227 228/228/228 222/222/222
f 222/222/222 221/221/221 227/227/227
f 229/229/229 230/230/230 231/231/231
f 231/231/231 232/232/232 229/229/229
f 233/233/233 234/234/234 235/235/235
f 235/235/235 236/236/236 233/233/233
f 237/237/237 238/238/238 233/233/233
f 233/233/233 236/236/236 237/237/237
f 238/238/238 237/237/237 239/239/239
f 239/239/239 240/240/240 238/238/238
f 241/241/241 242/242/242 243/243/243
f 243/243/243 244/244/244 241/241/241
f 245/245/245 246/246/246 247/247/247
f 247/247/247 248/248/248 245/245/245
f 245/245/245 249/249/249 250/250/250
f 250/250/250 251/251/251 245/245/245
f 236/236/236 252/252/252 253/253/253
f 253/253/253 221/221/221 236/236/236
f 213/213/213 237/237/237 236/236/236
f 236/236/236 221/221/221 213/213/213
f 216/216/216 239/239/239 237/237/237
f 237/237/237 213/213/213 216/216/216
f 254/254/254 255/255/255 256/256/256
f 256/256/256 257/257/257 254/254/254
f 258/258/258 259/259/259 260/260/260
f 260/260/260 261/261/261 258/258/258
f 262/262/262 263/263/263 264/264/264
f 264/264/264 265/265/265 262/262/262
f 266/266/266 267/267/267 268/268/268
f 268/268/268 207/207/207 266/266/266
f 207/207/207 268/268/268 269/269/269
f 269/269/269 143/143/143 79/79/79
f 79/79/79 207/207/207 269/269/269
f 208/208/208 270/270/270 212/212/212
f 212/212/212 209/209/209 208/208/208
f 82/82/82 145/145/145 270/270/270
f 270/270/270 208/208/208 82/82/82
f 177/177/177 176/176/176 209/209/209
f 209/209/209 211/211/211 177/177/177
f 207/207/207 175/175/175 162/162/162
f 162/162/162 266/266/266 207/207/207
f 172/172/172 171/171/171 174/174/174
f 174/174/174 271/271/271 172/172/172
f 166/166/166 179/179/179 164/164/164
f 23/23/23 164/164/164 179/179/179
f 179/179/179 40/40/40 23/23/23
f 271/271/271 174/174/174 272/272/272
f 151/151/151 153/153/153 273/273/273
f 195/195/195 200/200/200 201/201/201
f 202/202/202 190/190/190 191/191/191
f 165/165/165 174/174/174 171/171/171
f 166/166/166 164/164/164 163/163/163
f 204/204/204 76/76/76 64/64/64
f 64/64/64 197/197/197 204/204/204
f 181/181/181 197/197/197 198/198/198
f 274/274/274 275/275/275 276/276/276
f 275/275/275 277/277/277 276/276/276
f 276/276/276 277/277/277 278/278/278
f 279/279/279 280/280/280 281/281/281
f 281/281/281 282/282/282 279/279/279
f 282/282/282 281/281/281 283/283/283
f 284/284/284 285/285/285 286/286/286
f 286/286/286 285/285/285 287/287/287
f 286/286/286 287/287/287 288/288/288
f 289/289/289 290/290/290 291/291/291
f 291/291/291 292/292/292 289/289/289
f 291/291/291 290/290/290 293/293/293
f 293/293/293 294/294/294 291/291/291
f 292/292/292 291/291/291 295/295/295
f 295/295/295 296/296/296 292/292/292
f 291/291/291 294/294/294 297/297/297
f 297/297/297 295/295/295 291/291/291
f 296/296/296 295/295/295 298/298/298
f 298/298/298 299/299/299 296/296/296
f 295/295/295 297/297/297 300/300/300
f 300/300/300 298/298/298 295/295/295
f 301/301/301 302/302/302 303/303/303
f 303/303/303 304/304/304 301/301/301
f 303/303/303 302/302/302 305/305/305
f 305/305/305 306/306/306 303/303/303
f 304/304/304 303/303/303 307/307/307
f 307/307/307 308/308/308 304/304/304
f 303/303/303 306/306/306 309/309/309
f 309/309/309 307/307/307 303/303/303
f 308/308/308 307/307/307 310/310/310
f 310/310/310 311/311/311 308/308/308
f 307/307/307 309/309/309 312/312/312
f 312/312/312 310/310/310 307/307/307
f 313/313/313 314/314/314 315/315/315
f 314/314/314 316/316/316 315/315/315
f 314/314/314 317/317/317 316/316/316
f 318/318/318 319/319/319 320/320/320
f 320/320/320 321/321/321 318/318/318
f 319/319/319 322/322/322 320/320/320
f 323/323/323 324/324/324 325/325/325
f 324/324/324 326/326/326 325/325/325
f 324/324/324 327/327/327 326/326/326
f 328/328/328 329/329/329 330/330/330
f 330/330/330 331/331/331 328/328/328
f 330/330/330 329/329/329 332/332/332
f 332/332/332 333/333/333 330/330/330
f 331/331/331 330/330/330 334/334/334
f 334/334/334 335/335/335 331/331/331
f 330/330/330 333/333/333 336/336/336
f 336/336/336 334/334/334 330/330/330
f 335/335/335 334/334/334 337/337/337
f 337/337/337 338/338/338 335/335/335
f 334/334/334 336/336/336 339/339/339
f 339/339/339 337/337/337 334/334/334
f 340/340/340 341/341/341 342/342/342
f 342/342/342 343/343/343 340/340/340
f 342/342/342 341/341/341 344/344/344
f 344/344/344 345/345/345 342/342/342
f 343/343/343 342/342/342 346/346/346
f 346/346/346 347/347/347 343/343/343
f 342/342/342 345/345/345 348/348/348
f 348/348/348 346/346/346 342/342/342
f 347/347/347 346/346/346 349/349/349
f 349/349/349 350/350/350 347/347/347
f 346/346/346 348/348/348 351/351/351
f 351/351/351 349/349/349 346/346/346
f 352/352/352 353/353/353 354/354/354
f 354/354/354 355/355/355 352/352/352
f 354/354/354 353/353/353 356/356/356
f 356/356/356 357/357/357 354/354/354
f 355/355/355 354/354/354 358/358/358
f 358/358/358 359/359/359 355/355/355
f 354/354/354 357/357/357 360/360/360
f 360/360/360 358/358/358 354/354/354
f 359/359/359 358/358/358 361/361/361
f 361/361/361 362/362/362 359/359/359
f 358/358/358 360/360/360 363/363/363
f 363/363/363 361/361/361 358/358/358
f 364/364/364 365/365/365 366/366/366
f 366/366/366 367/367/367 364/364/364
f 366/366/366 365/365/365 368/368/368
f 368/368/368 369/369/369 366/366/366
f 367/367/367 366/366/366 370/370/370
f 370/370/370 371/371/371 367/367/367
f 366/366/366 369/369/369 372/372/372
f 372/372/372 370/370/370 366/366/366
f 371/371/371 370/370/370 373/373/373
f 373/373/373 374/374/374 371/371/371
f 370/370/370 372/372/372 375/375/375
f 375/375/375 373/373/373 370/370/370
f 376/376/376 377/377/377 378/378/378
f 378/378/378 379/379/379 376/376/376
f 379/379/379 378/378/378 380/380/380
f 380/380/380 381/381/381 379/379/379
f 382/382/382 383/383/383 381/381/381
f 381/381/381 380/380/380 382/382/382
f 384/384/384 385/385/385 386/386/386
f 386/386/386 387/387/387 384/384/384
f 388/388/388 386/386/386 385/385/385
f 385/385/385 389/389/389 388/388/388
f 383/383/383 382/382/382 390/390/390
f 390/390/390 391/391/391 383/383/383
f 391/391/391 390/390/390 388/388/388
f 388/388/388 389/389/389 391/391/391
f 392/392/392 393/393/393 394/394/394
f 394/394/394 393/393/393 395/395/395
f 395/395/395 393/393/393 396/396/396
f 396/396/396 393/393/393 397/397/397
f 377/377/377 376/376/376 398/398/398
f 398/398/398 399/399/399 377/377/377
f 400/400/400 401/401/401 384/384/384
f 384/384/384 387/387/387 400/400/400
f 376/376/376 379/379/379 402/402/402
f 402/402/402 403/403/403 376/376/376
f 379/379/379 381/381/381 404/404/404
f 404/404/404 402/402/402 379/379/379
f 404/404/404 381/381/381 383/383/383
f 383/383/383 405/405/405 404/404/404
f 385/385/385 384/384/384 406/406/406
f 406/406/406 407/407/407 385/385/385
f 389/389/389 385/385/385 407/407/407
f 407/407/407 408/408/408 389/389/389
f 398/398/398 376/376/376 403/403/403
f 403/403/403 409/409/409 398/398/398
f 383/383/383 391/391/391 410/410/410
f 410/410/410 405/405/405 383/383/383
f 391/391/391 389/389/389 408/408/408
f 408/408/408 410/410/410 391/391/391
f 384/384/384 401/401/401 409/409/409
f 409/409/409 406/406/406 384/384/384
f 411/411/411 412/412/412 413/413/413
f 413/413/413 412/412/412 414/414/414
f 411/411/411 415/415/415 416/416/416
f 416/416/416 412/412/412 411/411/411
f 412/412/412 416/416/416 417/417/417
f 417/417/417 414/414/414 412/412/412
f 415/415/415 418/418/418 416/416/416
f 416/416/416 418/418/418 417/417/417
f 274/274/274 276/276/276 419/419/419
f 419/419/419 276/276/276 420/420/420
f 276/276/276 278/278/278 420/420/420
f 421/421/421 422/422/422 423/423/423
f 423/423/423 424/424/424 421/421/421
f 422/422/422 425/425/425 423/423/423
f 284/284/284 286/286/286 426/426/426
f 286/286/286 427/427/427 426/426/426
f 286/286/286 288/288/288 427/427/427
f 428/428/428 429/429/429 430/430/430
f 430/430/430 431/431/431 428/428/428
f 430/430/430 432/432/432 433/433/433
f 433/433/433 431/431/431 430/430/430
f 429/429/429 434/434/434 435/435/435
f 435/435/435 430/430/430 429/429/429
f 430/430/430 435/435/435 436/436/436
f 436/436/436 432/432/432 430/430/430
f 434/434/434 437/437/437 438/438/438
f 438/438/438 435/435/435 434/434/434
f 435/435/435 438/438/438 439/439/439
f 439/439/439 436/436/436 435/435/435
f 440/440/440 441/441/441 442/442/442
f 442/442/442 443/443/443 440/440/440
f 442/442/442 444/444/444 445/445/445
f 445/445/445 443/443/443 442/442/442
f 441/441/441 446/446/446 447/447/447
f 447/447/447 442/442/442 441/441/441
f 442/442/442 447/447/447 448/448/448
f 448/448/448 444/444/444 442/442/442
f 446/446/446 449/449/449 450/450/450
f 450/450/450 447/447/447 446/446/446
f 447/447/447 450/450/450 451/451/451
f 451/451/451 448/448/448 447/447/447
f 313/313/313 452/452/452 314/314/314
f 314/314/314 452/452/452 453/453/453
f 314/314/314 453/453/453 317/317/317
f 454/454/454 455/455/455 456/456/456
f 456/456/456 457/457/457 454/454/454
f 457/457/457 456/456/456 458/458/458
f 323/323/323 459/459/459 324/324/324
f 324/324/324 459/459/459 460/460/460
f 324/324/324 460/460/460 327/327/327
f 461/461/461 462/462/462 463/463/463
f 463/463/463 464/464/464 461/461/461
f 463/463/463 465/465/465 466/466/466
f 466/466/466 464/464/464 463/463/463
f 462/462/462 467/467/467 468/468/468
f 468/468/468 463/463/463 462/462/462
f 463/463/463 468/468/468 469/469/469
f 469/469/469 465/465/465 463/463/463
f 467/467/467 470/470/470 471/471/471
f 471/471/471 468/468/468 467/467/467
f 468/468/468 471/471/471 472/472/472
f 472/472/472 469/469/469 468/468/468
f 473/473/473 474/474/474 475/475/475
f 475/475/475 476/476/476 473/473/473
f 475/475/475 477/477/477 478/478/478
f 478/478/478 476/476/476 475/475/475
f 474/474/474 479/479/479 480/480/480
f 480/480/480 475/475/475 474/474/474
f 475/475/475 480/480/480 481/481/481
f 481/481/481 477/477/477 475/475/475
f 479/479/479 482/482/482 483/483/483
f 483/483/483 480/480/480 479/479/479
f 480/480/480 483/483/483 484/484/484
f 484/484/484 481/481/481 480/480/480
f 485/485/485 486/486/486 487/487/487
f 487/487/487 488/488/488 485/485/485
f 487/487/487 489/489/489 490/490/490
f 490/490/490 488/488/488 487/487/487
f 486/486/486 491/491/491 492/492/492
f 492/492/492 487/487/487 486/486/486
f 487/487/487 492/492/492 493/493/493
f 493/493/493 489/489/489 487/487/487
f 491/491/491 494/494/494 495/495/495
f 495/495/495 492/492/492 491/491/491
f 492/492/492 495/495/495 496/496/496
f 496/496/496 493/493/493 492/492/492
f 497/497/497 498/498/498 499/499/499
f 499/499/499 500/500/500 497/497/497
f 499/499/499 501/501/501 502/502/502
f 502/502/502 500/500/500 499/499/499
f 498/498/498 503/503/503 504/504/504
f 504/504/504 499/499/499 498/498/498
f 499/499/499 504/504/504 505/505/505
f 505/505/505 501/501/501 499/499/499
f 503/503/503 506/506/506 507/507/507
f 507/507/507 504/504/504 503/503/503
f 504/504/504 507/507/507 508/508/508
f 508/508/508 505/505/505 504/504/504
f 509/509/509 510/510/510 511/511/511
f 511/511/511 512/512/512 509/509/509
f 510/510/510 513/513/513 514/514/514
f 514/514/514 511/511/511 510/510/510
f 515/515/515 514/514/514 513/513/513
f 513/513/513 516/516/516 515/515/515
f 517/517/517 518/518/518 519/519/519
f 519/519/519 520/520/520 517/517/517
f 521/521/521 522/522/522 520/520/520
f 520/520/520 519/519/519 521/521/521
f 516/516/516 523/523/523 524/524/524
f 524/524/524 515/515/515 516/516/516
f 523/523/523 522/522/522 521/521/521
f 521/521/521 524/524/524 523/523/523
f 525/525/525 526/526/526 527/527/527
f 526/526/526 528/528/528 527/527/527
f 528/528/528 529/529/529 527/527/527
f 529/529/529 530/530/530 527/527/527
f 512/512/512 531/531/531 532/532/532
f 532/532/532 509/509/509 512/512/512
f 533/533/533 518/518/518 517/517/517
f 517/517/517 534/534/534 533/533/533
f 509/509/509 535/535/535 536/536/536
f 536/536/536 510/510/510 509/509/509
f 510/510/510 536/536/536 537/537/537
f 537/537/537 513/513/513 510/510/510
f 537/537/537 538/538/538 516/516/516
f 516/516/516 513/513/513 537/537/537
f 520/520/520 539/539/539 540/540/540
f 540/540/540 517/517/517 520/520/520
f 522/522/522 541/541/541 539/539/539
f 539/539/539 520/520/520 522/522/522
f 532/532/532 542/542/542 535/535/535
f 535/535/535 509/509/509 532/532/532
f 516/516/516 538/538/538 543/543/543
f 543/543/543 523/523/523 516/516/516
f 523/523/523 543/543/543 541/541/541
f 541/541/541 522/522/522 523/523/523
f 517/517/517 540/540/540 542/542/542
f 542/542/542 534/534/534 517/517/517
f 544/544/544 545/545/545 546/546/546
f 545/545/545 547/547/547 546/546/546
f 544/544/544 546/546/546 548/548/548
f 548/548/548 549/549/549 544/544/544
f 546/546/546 547/547/547 550/550/550
f 550/550/550 548/548/548 546/546/546
f 549/549/549 548/548/548 551/551/551
f 548/548/548 550/550/550 551/551/551
f 552/552/552 553/553/553 554/554/554
f 554/554/554 555/555/555 552/552/552
f 556/556/556 557/557/557 558/558/558
f 558/558/558 559/559/559 556/556/556
f 560/560/560 561/561/561 562/562/562
f 563/563/563 564/564/564 565/565/565
f 565/565/565 566/566/566 563/563/563
f 567/567/567 568/568/568 569/569/569
f 569/569/569 570/570/570 567/567/567
f 569/569/569 571/571/571 572/572/572
f 572/572/572 573/573/573 569/569/569
f 574/574/574 575/575/575 576/576/576
f 576/576/576 577/577/577 574/574/574
f 573/573/573 572/572/572 578/578/578
f 578/578/578 579/579/579 573/573/573
f 580/580/580 581/581/581 570/570/570
f 570/570/570 579/579/579 580/580/580
f 578/578/578 582/582/582 580/580/580
f 580/580/580 579/579/579 578/578/578
f 575/575/575 583/583/583 584/584/584
f 584/584/584 576/576/576 575/575/575
f 583/583/583 580/580/580 582/582/582
f 582/582/582 584/584/584 583/583/583
f 585/585/585 586/586/586 587/587/587
f 585/585/585 568/568/568 567/567/567
f 570/570/570 581/581/581 586/586/586
f 586/586/586 567/567/567 570/570/570
f 588/588/588 589/589/589 575/575/575
f 575/575/575 574/574/574 588/588/588
f 590/590/590 591/591/591 580/580/580
f 580/580/580 583/583/583 590/590/590
f 589/589/589 590/590/590 583/583/583
f 583/583/583 575/575/575 589/589/589
f 592/592/592 587/587/587 586/586/586
f 586/586/586 593/593/593 592/592/592
f 594/594/594 595/595/595 596/596/596
f 596/596/596 597/597/597 594/594/594
f 598/598/598 599/599/599 600/600/600
f 600/600/600 601/601/601 598/598/598
f 602/602/602 594/594/594 597/597/597
f 597/597/597 603/603/603 602/602/602
f 604/604/604 602/602/602 603/603/603
f 603/603/603 605/605/605 604/604/604
f 599/599/599 604/604/604 605/605/605
f 605/605/605 600/600/600 599/599/599
f 595/595/595 606/606/606 607/607/607
f 607/607/607 596/596/596 595/595/595
f 570/570/570 569/569/569 573/573/573
f 573/573/573 579/579/579 570/570/570
f 608/608/608 593/593/593 609/609/609
f 609/609/609 597/597/597 608/608/608
f 589/589/589 588/588/588 610/610/610
f 610/610/610 600/600/600 589/589/589
f 609/609/609 591/591/591 603/603/603
f 603/603/603 597/597/597 609/609/609
f 591/591/591 590/590/590 605/605/605
f 605/605/605 603/603/603 591/591/591
f 590/590/590 589/589/589 600/600/600
f 600/600/600 605/605/605 590/590/590
f 611/611/611 592/592/592 593/593/593
f 593/593/593 608/608/608 611/611/611
f 597/597/597 596/596/596 608/608/608
f 610/610/610 601/601/601 600/600/600
f 607/607/607 611/611/611 608/608/608
f 608/608/608 596/596/596 607/607/607
f 581/581/581 580/580/580 591/591/591
f 591/591/591 609/609/609 581/581/581
f 609/609/609 593/593/593 586/586/586
f 586/586/586 581/581/581 609/609/609
f 567/567/567 586/586/586 585/585/585
f 612/612/612 613/613/613 614/614/614
f 615/615/615 616/616/616 617/617/617
f 618/618/618 619/619/619 620/620/620
f 620/620/620 621/621/621 618/618/618
f 616/616/616 615/615/615 622/622/622
f 623/623/623 624/624/624 619/619/619
f 619/619/619 618/618/618 623/623/623
f 619/619/619 625/625/625 626/626/626
f 626/626/626 620/620/620 619/619/619
f 627/627/627 628/628/628 629/629/629
f 629/629/629 630/630/630 627/627/627
f 625/625/625 631/631/631 632/632/632
f 632/632/632 626/626/626 625/625/625
f 633/633/633 631/631/631 624/624/624
f 624/624/624 634/634/634 633/633/633
f 632/632/632 631/631/631 633/633/633
f 633/633/633 635/635/635 632/632/632
f 630/630/630 629/629/629 636/636/636
f 636/636/636 637/637/637 630/630/630
f 637/637/637 635/635/635 633/633/633
f 635/635/635 637/637/637 636/636/636
f 638/638/638 639/639/639 640/640/640
f 638/638/638 623/623/623 618/618/618
f 624/624/624 623/623/623 640/640/640
f 640/640/640 634/634/634 624/624/624
f 641/641/641 627/627/627 630/630/630
f 630/630/630 642/642/642 641/641/641
f 643/643/643 637/637/637 633/633/633
f 633/633/633 644/644/644 643/643/643
f 642/642/642 630/630/630 637/637/637
f 637/637/637 643/643/643 642/642/642
f 645/645/645 646/646/646 640/640/640
f 640/640/640 639/639/639 645/645/645
f 647/647/647 648/648/648 649/649/649
f 649/649/649 650/650/650 647/647/647
f 651/651/651 652/652/652 653/653/653
f 653/653/653 654/654/654 651/651/651
f 655/655/655 656/656/656 648/648/648
f 648/648/648 647/647/647 655/655/655
f 657/657/657 658/658/658 656/656/656
f 656/656/656 655/655/655 657/657/657
f 654/654/654 653/653/653 658/658/658
f 658/658/658 657/657/657 654/654/654
f 650/650/650 649/649/649 659/659/659
f 659/659/659 660/660/660 650/650/650
f 624/624/624 631/631/631 625/625/625
f 625/625/625 619/619/619 624/624/624
f 661/661/661 648/648/648 662/662/662
f 662/662/662 646/646/646 661/661/661
f 642/642/642 653/653/653 663/663/663
f 663/663/663 641/641/641 642/642/642
f 662/662/662 648/648/648 656/656/656
f 656/656/656 644/644/644 662/662/662
f 644/644/644 656/656/656 658/658/658
f 658/658/658 643/643/643 644/644/644
f 643/643/643 658/658/658 653/653/653
f 653/653/653 642/642/642 643/643/643
f 664/664/664 661/661/661 646/646/646
f 646/646/646 645/645/645 664/664/664
f 648/648/648 661/661/661 649/649/649
f 663/663/663 653/653/653 652/652/652
f 659/659/659 649/649/649 661/661/661
f 661/661/661 664/664/664 659/659/659
f 634/634/634 662/662/662 644/644/644
f 644/644/644 633/633/633 634/634/634
f 662/662/662 634/634/634 640/640/640
f 640/640/640 646/646/646 662/662/662
f 623/623/623 638/638/638 640/640/640
f 571/571/571 569/569/569 568/568/568
f 568/568/568 665/665/665 571/571/571
f 666/666/666 667/667/667 668/668/668
f 668/668/668 669/669/669 666/666/666
f 670/670/670 666/666/666 669/669/669
f 669/669/669 671/671/671 670/670/670
f 672/672/672 670/670/670 671/671/671
f 671/671/671 673/673/673 672/672/672
f 667/667/667 666/666/666 674/674/674
f 674/674/674 675/675/675 667/667/667
f 666/666/666 670/670/670 676/676/676
f 676/676/676 674/674/674 666/666/666
f 670/670/670 672/672/672 677/677/677
f 677/677/677 676/676/676 670/670/670
f 678/678/678 679/679/679 680/680/680
f 680/680/680 681/681/681 678/678/678
f 681/681/681 682/682/682 678/678/678
f 672/672/672 673/673/673 679/679/679
f 679/679/679 678/678/678 672/672/672
f 678/678/678 682/682/682 677/677/677
f 677/677/677 672/672/672 678/678/678
f 552/552/552 683/683/683 684/684/684
f 554/554/554 683/683/683 552/552/552
f 552/552/552 555/555/555 554/554/554
f 684/684/684 683/683/683 667/667/667
f 667/667/667 675/675/675 684/684/684
f 667/667/667 683/683/683 554/554/554
f 554/554/554 668/668/668 667/667/667
f 675/675/675 674/674/674 685/685/685
f 685/685/685 686/686/686 675/675/675
f 674/674/674 676/676/676 687/687/687
f 687/687/687 685/685/685 674/674/674
f 676/676/676 677/677/677 688/688/688
f 688/688/688 687/687/687 676/676/676
f 682/682/682 681/681/681 689/689/689
f 677/677/677 682/682/682 689/689/689
f 689/689/689 688/688/688 677/677/677
f 684/684/684 690/690/690 552/552/552
f 684/684/684 675/675/675 686/686/686
f 686/686/686 690/690/690 684/684/684
f 691/691/691 692/692/692 693/693/693
f 694/694/694 695/695/695 696/696/696
f 697/697/697 698/698/698 695/695/695
f 699/699/699 700/700/700 698/698/698
f 701/701/701 702/702/702 700/700/700
f 703/703/703 693/693/693 704/704/704
f 693/693/693 692/692/692 705/705/705
f 705/705/705 706/706/706 693/693/693
f 696/696/696 695/695/695 707/707/707
f 707/707/707 708/708/708 696/696/696
f 695/695/695 698/698/698 709/709/709
f 709/709/709 707/707/707 695/695/695
f 698/698/698 700/700/700 710/710/710
f 710/710/710 709/709/709 698/698/698
f 700/700/700 702/702/702 711/711/711
f 711/711/711 710/710/710 700/700/700
f 704/704/704 693/693/693 706/706/706
f 706/706/706 712/712/712 704/704/704
f 706/706/706 705/705/705 713/713/713
f 713/713/713 714/714/714 706/706/706
f 708/708/708 707/707/707 715/715/715
f 715/715/715 716/716/716 708/708/708
f 707/707/707 709/709/709 717/717/717
f 717/717/717 715/715/715 707/707/707
f 709/709/709 710/710/710 718/718/718
f 718/718/718 717/717/717 709/709/709
f 710/710/710 711/711/711 719/719/719
f 719/719/719 718/718/718 710/710/710
f 712/712/712 706/706/706 714/714/714
f 714/714/714 720/720/720 712/712/712
f 714/714/714 713/713/713 721/721/721
f 722/722/722 723/723/723 720/720/720
f 721/721/721 722/722/722 720/720/720
f 714/714/714 721/721/721 720/720/720
f 724/724/724 725/725/725 726/726/726
f 726/726/726 727/727/727 724/724/724
f 728/728/728 729/729/729 725/725/725
f 725/725/725 724/724/724 728/728/728
f 730/730/730 731/731/731 729/729/729
f 729/729/729 728/728/728 730/730/730
f 727/727/727 732/732/732 733/733/733
f 733/733/733 724/724/724 727/727/727
f 724/724/724 733/733/733 734/734/734
f 734/734/734 728/728/728 724/724/724
f 728/728/728 734/734/734 735/735/735
f 735/735/735 730/730/730 728/728/728
f 736/736/736 737/737/737 738/738/738
f 738/738/738 739/739/739 736/736/736
f 737/737/737 736/736/736 740/740/740
f 730/730/730 736/736/736 739/739/739
f 739/739/739 731/731/731 730/730/730
f 736/736/736 730/730/730 735/735/735
f 735/735/735 740/740/740 736/736/736
f 556/556/556 741/741/741 742/742/742
f 558/558/558 557/557/557 556/556/556
f 556/556/556 742/742/742 558/558/558
f 741/741/741 732/732/732 727/727/727
f 727/727/727 742/742/742 741/741/741
f 727/727/727 726/726/726 558/558/558
f 558/558/558 742/742/742 727/727/727
f 732/732/732 743/743/743 744/744/744
f 744/744/744 733/733/733 732/732/732
f 733/733/733 744/744/744 745/745/745
f 745/745/745 734/734/734 733/733/733
f 734/734/734 745/745/745 746/746/746
f 746/746/746 735/735/735 734/734/734
f 740/740/740 747/747/747 737/737/737
f 735/735/735 746/746/746 747/747/747
f 747/747/747 740/740/740 735/735/735
f 741/741/741 556/556/556 748/748/748
f 741/741/741 748/748/748 743/743/743
f 743/743/743 732/732/732 741/741/741
f 749/749/749 750/750/750 751/751/751
f 752/752/752 753/753/753 754/754/754
f 755/755/755 754/754/754 756/756/756
f 757/757/757 756/756/756 758/758/758
f 759/759/759 758/758/758 760/760/760
f 761/761/761 762/762/762 750/750/750
f 750/750/750 763/763/763 764/764/764
f 764/764/764 751/751/751 750/750/750
f 753/753/753 765/765/765 766/766/766
f 766/766/766 754/754/754 753/753/753
f 754/754/754 766/766/766 767/767/767
f 767/767/767 756/756/756 754/754/754
f 756/756/756 767/767/767 768/768/768
f 768/768/768 758/758/758 756/756/756
f 758/758/758 768/768/768 769/769/769
f 769/769/769 760/760/760 758/758/758
f 762/762/762 770/770/770 763/763/763
f 763/763/763 750/750/750 762/762/762
f 763/763/763 771/771/771 772/772/772
f 772/772/772 764/764/764 763/763/763
f 765/765/765 773/773/773 774/774/774
f 774/774/774 766/766/766 765/765/765
f 766/766/766 774/774/774 775/775/775
f 775/775/775 767/767/767 766/766/766
f 767/767/767 775/775/775 776/776/776
f 776/776/776 768/768/768 767/767/767
f 768/768/768 776/776/776 777/777/777
f 777/777/777 769/769/769 768/768/768
f 770/770/770 778/778/778 771/771/771
f 771/771/771 763/763/763 770/770/770
f 779/779/779 772/772/772 771/771/771
f 779/779/779 771/771/771 778/778/778
f 778/778/778 780/780/780 781/781/781
f 779/779/779 778/778/778 781/781/781
f 782/782/782 669/669/669 668/668/668
f 668/668/668 783/783/783 782/782/782
f 784/784/784 671/671/671 669/669/669
f 669/669/669 782/782/782 784/784/784
f 785/785/785 673/673/673 671/671/671
f 671/671/671 784/784/784 785/785/785
f 783/783/783 786/786/786 787/787/787
f 787/787/787 782/782/782 783/783/783
f 782/782/782 787/787/787 788/788/788
f 788/788/788 784/784/784 782/782/782
f 784/784/784 788/788/788 789/789/789
f 789/789/789 785/785/785 784/784/784
f 790/790/790 681/681/681 680/680/680
f 680/680/680 679/679/679 790/790/790
f 681/681/681 790/790/790 791/791/791
f 785/785/785 790/790/790 679/679/679
f 679/679/679 673/673/673 785/785/785
f 790/790/790 785/785/785 789/789/789
f 789/789/789 791/791/791 790/790/790
f 552/552/552 792/792/792 553/553/553
f 792/792/792 786/786/786 783/783/783
f 783/783/783 553/553/553 792/792/792
f 783/783/783 668/668/668 554/554/554
f 554/554/554 553/553/553 783/783/783
f 786/786/786 686/686/686 685/685/685
f 685/685/685 787/787/787 786/786/786
f 787/787/787 685/685/685 687/687/687
f 687/687/687 788/788/788 787/787/787
f 788/788/788 687/687/687 688/688/688
f 688/688/688 789/789/789 788/788/788
f 791/791/791 689/689/689 681/681/681
f 789/789/789 688/688/688 689/689/689
f 689/689/689 791/791/791 789/789/789
f 792/792/792 552/552/552 690/690/690
f 792/792/792 690/690/690 686/686/686
f 686/686/686 786/786/786 792/792/792
f 793/793/793 794/794/794 726/726/726
f 726/726/726 725/725/725 793/793/793
f 795/795/795 793/793/793 725/725/725
f 725/725/725 729/729/729 795/795/795
f 796/796/796 795/795/795 729/729/729
f 729/729/729 731/731/731 796/796/796
f 794/794/794 793/793/793 797/797/797
f 797/797/797 798/798/798 794/794/794
f 793/793/793 795/795/795 799/799/799
f 799/799/799 797/797/797 793/793/793
f 795/795/795 796/796/796 800/800/800
f 800/800/800 799/799/799 795/795/795
f 801/801/801 739/739/739 738/738/738
f 738/738/738 737/737/737 801/801/801
f 737/737/737 802/802/802 801/801/801
f 796/796/796 731/731/731 739/739/739
f 739/739/739 801/801/801 796/796/796
f 801/801/801 802/802/802 800/800/800
f 800/800/800 796/796/796 801/801/801
f 556/556/556 559/559/559 803/803/803
f 803/803/803 559/559/559 794/794/794
f 794/794/794 798/798/798 803/803/803
f 794/794/794 559/559/559 558/558/558
f 558/558/558 726/726/726 794/794/794
f 798/798/798 797/797/797 744/744/744
f 744/744/744 743/743/743 798/798/798
f 797/797/797 799/799/799 745/745/745
f 745/745/745 744/744/744 797/797/797
f 799/799/799 800/800/800 746/746/746
f 746/746/746 745/745/745 799/799/799
f 802/802/802 737/737/737 747/747/747
f 800/800/800 802/802/802 747/747/747
f 747/747/747 746/746/746 800/800/800
f 803/803/803 748/748/748 556/556/556
f 803/803/803 798/798/798 743/743/743
f 743/743/743 748/748/748 803/803/803
