mtllib 9014000801.mtl
o 9014000801_part_0
v 0.00024716882 1.46237147 -0.06004651
v -0.00065005885 1.4273082 -0.147116378
v -0.03493594 1.42772591 -0.13975735
v -0.06387206 1.43001378 -0.119651511
v -0.0830517039 1.434436 -0.0899698
v -0.08955518 1.44065583 -0.055291757
v -0.08239114 1.44779 -0.0209077112
v -0.0626516 1.45451355 0.007990286
v -0.03334272 1.459183 0.0271141529
v 0.00107287988 1.46043193 0.03366998
v 0.0353546 1.45799375 0.0266740024
v 0.064285256 1.45282257 0.00708605349
v 0.08346146 1.44637859 -0.0222324245
v 0.08996418 1.43995869 -0.0568749458
v 0.0828038156 1.43452811 -0.09156479
v 0.06306964 1.43063784 -0.120971605
v 0.0337646864 1.428307 -0.140515611
v -0.00065005885 1.4273082 -0.147116378
v -0.0648372844 1.35988986 -0.200423971
v -0.118306488 1.36295652 -0.1630644
v -0.153747261 1.3707881 -0.108158812
v -0.16576384 1.38217056 -0.0440621972
v -0.152526677 1.39547527 0.01944919
v -0.116050273 1.40902221 0.0726439357
v -0.06189085 1.41920042 0.107701465
v 0.00170063553 1.42170107 0.119780749
v 0.06504302 1.41578317 0.107107192
v 0.118497081 1.4049058 0.07115111
v 0.153929308 1.392725 0.0170265585
v 0.1659448 1.38097286 -0.0470038354
v 0.1527148 1.37117338 -0.111144856
v 0.116252534 1.36498249 -0.1656607
v 0.062107347 1.36202371 -0.202015176
v -0.0014827823 1.36034727 -0.214242354
v -0.08490288 1.27008915 -0.232970729
v -0.154762343 1.27482951 -0.1842903
v -0.201066211 1.286025 -0.112725779
v -0.21676673 1.300943 -0.0289876144
v -0.199473143 1.31732547 0.0541736931
v -0.125496611 1.3154428 0.139834478
v -0.08112407 1.34781492 0.161588117
v 0.0019113645 1.35435927 0.170295224
v 0.08472139 1.3468231 0.159238487
v 0.140846819 1.315045 0.121629745
v 0.200932458 1.31458986 0.05085452
v 0.216632083 1.29944444 -0.03284301
v 0.199344367 1.2857753 -0.11649169
v 0.151702151 1.27683342 -0.187566862
v 0.0809577256 1.2727437 -0.235026225
v -0.00212664017 1.27055132 -0.251001179
v -0.09193195 1.17524588 -0.217252389
v -0.167543635 1.18238246 -0.164921328
v -0.2178058 1.19273663 -0.102918819
v -0.23479934 1.208967 -0.01229614
v -0.216599539 1.22233164 0.0570570976
v -0.136374086 1.2289269 0.120563582
v 0.196193263 1.22391737 0.07293708
v 0.234307572 1.207339 -0.0164680928
v 0.215593815 1.19177282 -0.106870279
v 0.1641686 1.18299186 -0.168187931
v 0.08759088 1.17659128 -0.219202653
v -0.00233910978 1.17398632 -0.236452475
v -0.0850365162 1.0866127 -0.174983755
v -0.154889628 1.09470165 -0.126904622
v -0.201317251 1.104913 -0.0689527243
v -0.217661768 1.12061059 0.00416654348
v -0.200111315 1.171206 0.101461172
v 0.218298212 1.1117605 -0.00541505264
v 0.199091047 1.10368991 -0.0725438148
v 0.151570275 1.09412754 -0.129718378
v 0.0808186 1.086561 -0.1765529
v -0.002266332 1.08395088 -0.1924531
v -0.0657407641 0.980981231 -0.151367918
v -0.119184077 1.00241351 -0.118375376
v -0.154689729 1.02271187 -0.07577698
v -0.185637861 1.05700672 0.002491936
v -0.158416033 1.06215048 0.07728481
v -0.1301387 1.08444047 0.115210161
v -0.114739642 1.13679123 0.1260992
v 0.1532797 1.06146932 0.0757307559
v 0.200556919 1.169577 0.09794085
v 0.139658853 1.13997066 0.12180227
v 0.1517664 1.02268171 -0.07922377
v 0.115369454 1.00161 -0.120463535
v 0.061199 0.9805379 -0.152496353
v -0.00247694273 0.958888531 -0.1664217
v -0.3031203 1.41594338 -0.0872566253
v -0.309215218 1.40514779 -0.100968137
v -0.2962504 1.39659572 -0.06644951
v -0.308999121 1.30644286 -0.08728786
v -0.3151622 1.28528142 -0.101491645
v -0.293566018 1.29716051 -0.04673952
v -0.220502555 1.12922776 0.08712275
v -0.2039707 1.16323984 0.09189175
v -0.246134177 1.14813972 0.0575452
v 0.310271949 1.40295792 -0.106469974
v 0.2978623 1.39449573 -0.07172589
v 0.310441375 1.36092544 -0.0971964449
v 0.315365 1.2830528 -0.107091472
v 0.294829577 1.29508078 -0.0519650578
v 0.3081565 1.25617266 -0.07719387
v 0.206762865 1.161788 0.08824342
v 0.2482011 1.14639235 0.0531545
v 0.229909271 1.211533 0.0570503622
v -0.03531241 1.344691 0.187420785
v -0.0229590852 1.32361591 0.1985618
v -0.0228960831 1.36662114 0.18852669
v 0.02075538 1.32346141 0.198173612
v 0.0208182614 1.36646664 0.188138381
v 0.0331608579 1.34425628 0.186945856
v 0.04888239 1.36161077 0.179427564
v -0.0511446 1.36196434 0.180316076
v -0.02293386 1.41210127 0.166172981
v 0.0207806081 1.41194677 0.165784761
v 0.0488446131 1.4070909 0.157073826
v -0.05118165 1.40744448 0.157962188
v -0.0230640061 1.45377147 0.134962142
v 0.0206507 1.45361686 0.1345737
v 0.0487699769 1.43568873 0.137302428
v 0.127885342 1.447994 0.08660838
v 0.146151617 1.46680534 0.07489526
v 0.136481032 1.45520759 0.07457544
v 0.153274208 1.46576285 0.08181588
v 0.155691534 1.485249 0.07580988
v 0.117638253 1.44484508 0.100695863
v 0.141017884 1.44083738 0.0999606252
v 0.149783492 1.45504928 0.08834949
v 0.1249728 1.42857993 0.127613977
v 0.134027243 1.43525887 0.11212799
v 0.104801737 1.44191456 0.112991229
v 0.09247593 1.443344 0.125766456
v 0.07700403 1.44799256 0.1325981
v 0.101059765 1.421674 0.145052359
v 0.113436773 1.42392087 0.135553971
v 0.06588063 1.42578542 0.150964916
v 0.080560565 1.41947281 0.149336576
v 0.05314205 1.43990552 0.148188859
v 0.0111179007 1.45812619 0.136905268
v 0.0490394942 1.46779907 0.132739559
v 0.032002762 1.46519935 0.133210033
v -0.138458088 1.44893539 0.08897385
v -0.147215188 1.45621026 0.07709503
v -0.1567961 1.46787608 0.077585876
v -0.166187331 1.4863863 0.07866873
v -0.163801357 1.4668833 0.08463192
v -0.127985075 1.44571316 0.10287714
v -0.160271838 1.45614493 0.09110339
v -0.151401326 1.44187069 0.102557465
v -0.1442355 1.43624246 0.114599273
v -0.1349549 1.42949867 0.129922554
v -0.114953235 1.44269109 0.114942878
v -0.102392428 1.44403279 0.127496958
v -0.08676929 1.44857144 0.134052515
v -0.123312518 1.4247576 0.137656718
v -0.110805549 1.42203891 0.144797534
v -0.09022935 1.42007625 0.150853381
v -0.07545847 1.42666852 0.154356688
v -0.06217533 1.43814433 0.152398482
v -0.115225144 1.46198118 0.137665674
v -0.126087472 1.48254776 0.118104711
v -0.121677861 1.47201633 0.129153177
v 0.07201033 1.29627621 0.1421997
v 0.08889371 1.286465 0.125903651
v 0.07449981 1.25878 0.158629835
v 0.07298309 1.32755923 0.12465468
v 0.102518015 1.32356882 0.110072911
v 0.07449981 1.25878 0.158629835
v 0.102598138 1.27394736 0.144050941
v 0.0883951858 1.287132 0.157326743
v 0.116719112 1.31349826 0.117492825
v 0.07449981 1.25878 0.158629835
v 0.08889371 1.286465 0.125903651
v 0.102598138 1.27394736 0.144050941
v 0.102518015 1.32356882 0.110072911
v 0.116719112 1.31349826 0.117492825
v 0.07298309 1.32755923 0.12465468
v 0.07201033 1.29627621 0.1421997
v 0.0883951858 1.287132 0.157326743
v 0.07449981 1.25878 0.158629835
v 0.0523477122 1.33088672 0.141981378
v 0.07705804 1.31563544 0.123572245
v 0.0623313673 1.27697194 0.1642733
v 0.0497068651 1.34844756 0.117644206
v 0.089559 1.35027575 0.09147811
v 0.0623313673 1.27697194 0.1642733
v 0.09770536 1.31780994 0.147607908
v 0.064982675 1.33306539 0.161705032
v 0.107265435 1.35545993 0.0919302255
v 0.0623313673 1.27697194 0.1642733
v 0.07705804 1.31563544 0.123572245
v 0.09770536 1.31780994 0.147607908
v 0.089559 1.35027575 0.09147811
v 0.107265435 1.35545993 0.0919302255
v 0.0497068651 1.34844756 0.117644206
v 0.0523477122 1.33088672 0.141981378
v 0.064982675 1.33306539 0.161705032
v 0.0623313673 1.27697194 0.1642733
v 0.1215122 1.28332734 0.12171492
v 0.106024027 1.25788641 0.134273127
v 0.09681759 1.28513563 0.13528344
v 0.0910858437 1.31821775 0.128805324
v 0.106024027 1.25788641 0.134273127
v 0.1215122 1.28332734 0.12171492
v 0.109641708 1.28363264 0.136122
v 0.124302149 1.301974 0.114312723
v 0.107723288 1.30770171 0.124463975
v 0.106024027 1.25788641 0.134273127
v 0.109641708 1.28363264 0.136122
v 0.09681759 1.28513563 0.13528344
v 0.107723288 1.30770171 0.124463975
v 0.11506106 1.31429553 0.113959327
v 0.124302149 1.301974 0.114312723
v 0.1215122 1.28332734 0.12171492
v 0.149589941 1.27180707 0.0619803071
v 0.150476068 1.21926951 0.101881094
v 0.106039509 1.27344561 0.119886637
v 0.08150824 1.31670415 0.09830828
v 0.150476068 1.21926951 0.101881094
v 0.151653334 1.29253006 0.105446234
v 0.128722131 1.2756325 0.1480599
v 0.138072819 1.32820559 0.102231517
v 0.150476068 1.21926951 0.101881094
v 0.128722131 1.2756325 0.1480599
v 0.106039509 1.27344561 0.119886637
v 0.115660273 1.32909846 0.133340672
v 0.12511754 1.31449771 0.0562514067
v 0.138072819 1.32820559 0.102231517
v 0.151653334 1.29253006 0.105446234
v 0.149589941 1.27180707 0.0619803071
v 0.150476068 1.21926951 0.101881094
v -0.0326571763 1.31307232 0.15591909
v -0.06800819 1.2588588 0.196213141
v -0.0545058325 1.29809976 0.130973935
v -0.07606836 1.356469 0.10829249
v -0.06800819 1.2588588 0.196213141
v -0.04035336 1.29847956 0.173264578
v -0.0783965 1.28226089 0.17427738
v -0.0498522036 1.35105908 0.158839136
v -0.09071642 1.34127593 0.118474171
v -0.06800819 1.2588588 0.196213141
v -0.0783965 1.28226089 0.17427738
v -0.0545058325 1.29809976 0.130973935
v -0.09071642 1.34127593 0.118474171
v -0.03539402 1.36149323 0.129240334
v -0.0498522036 1.35105908 0.158839136
v -0.04035336 1.29847956 0.173264578
v -0.0326571763 1.31307232 0.15591909
v -0.06800819 1.2588588 0.196213141
v 0.00472888 1.32076645 0.169729054
v -0.0161595047 1.23746729 0.2001527
v -0.03541988 1.29909909 0.1446539
v -0.0573200658 1.353177 0.09725234
v -0.0161595047 1.23746729 0.2001527
v -0.0119868359 1.326108 0.200887308
v -0.06376922 1.30491412 0.183281139
v -0.0175340436 1.36479306 0.165500715
v -0.07537584 1.37006307 0.132935539
v -0.0161595047 1.23746729 0.2001527
v -0.06376922 1.30491412 0.183281139
v -0.03541988 1.29909909 0.1446539
v -0.07537584 1.37006307 0.132935539
v 0.00626925 1.34725809 0.13248986
v -0.0175340436 1.36479306 0.165500715
v -0.0119868359 1.326108 0.200887308
v 0.00472888 1.32076645 0.169729054
v -0.0161595047 1.23746729 0.2001527
v -0.100928716 1.30192912 0.120184228
v -0.06997551 1.2990489 0.126705974
v -0.0933484063 1.246528 0.155454636
v -0.09488592 1.34290683 0.115684494
v -0.0565972328 1.34792352 0.135351315
v -0.0933484063 1.246528 0.155454636
v -0.08334089 1.28331423 0.160793468
v -0.108257107 1.28834867 0.136645019
v -0.0670942739 1.33372927 0.155255541
v -0.0933484063 1.246528 0.155454636
v -0.06997551 1.2990489 0.126705974
v -0.08334089 1.28331423 0.160793468
v -0.0565972328 1.34792352 0.135351315
v -0.0670942739 1.33372927 0.155255541
v -0.09488592 1.34290683 0.115684494
v -0.100928716 1.30192912 0.120184228
v -0.108257107 1.28834867 0.136645019
v -0.0933484063 1.246528 0.155454636
v -0.139172658 1.29637444 0.04505457
v -0.0785783157 1.2799629 0.111062795
v -0.1420757 1.19722188 0.102708042
v -0.103362575 1.3432349 0.03739649
v -0.0326704942 1.3433125 0.08731356
v -0.1420757 1.19722188 0.102708042
v -0.09997467 1.28513658 0.169213414
v -0.139875978 1.311519 0.111938387
v -0.0484841 1.36648774 0.1488973
v -0.1420757 1.19722188 0.102708042
v -0.0785783157 1.2799629 0.111062795
v -0.09997467 1.28513658 0.169213414
v -0.0326704942 1.3433125 0.08731356
v -0.0484841 1.36648774 0.1488973
v -0.103362575 1.3432349 0.03739649
v -0.139172658 1.29637444 0.04505457
v -0.139875978 1.311519 0.111938387
v -0.1420757 1.19722188 0.102708042
v 0.0614623353 1.33193421 0.144466966
v 0.04462165 1.24941182 0.17925851
v 0.0213140547 1.31026649 0.119391993
v -0.0005864934 1.3643446 0.07199003
v 0.04462165 1.24941182 0.17925851
v 0.044746615 1.33727539 0.17562525
v -0.00229367381 1.31453633 0.179195985
v 0.0392862968 1.377605 0.149394363
v -0.0195641574 1.38709819 0.140327692
v 0.04462165 1.24941182 0.17925851
v -0.00229367381 1.31453633 0.179195985
v 0.0213140547 1.31026649 0.119391993
v -0.0195641574 1.38709819 0.140327692
v 0.0630027 1.35842586 0.107227594
v 0.0392862968 1.377605 0.149394363
v 0.044746615 1.33727539 0.17562525
v 0.0614623353 1.33193421 0.144466966
v 0.04462165 1.24941182 0.17925851
v 0.115660273 1.32909846 0.133340672
v -0.200111315 1.171206 0.101461172
v -0.114739642 1.13679123 0.1260992
v -0.136374086 1.2289269 0.120563582
v 0.196193263 1.22391737 0.07293708
v 0.152168453 1.23179209 0.112851992
v 0.139658853 1.13997066 0.12180227
v -0.0229367428 1.36585379 0.184254065
v 0.0207776017 1.36569917 0.183865726
v -0.0229745172 1.41133392 0.161900327
v 0.0207399484 1.41117942 0.161512136
v -0.05118165 1.40744448 0.157962188
v -0.0512566529 1.43604219 0.138190746
v -0.0230640061 1.45377147 0.134962142
v -0.0230640061 1.45377147 0.134962142
v -0.0229745172 1.41133392 0.161900327
v -0.05118165 1.40744448 0.157962188
v 0.146110952 1.46603787 0.07062259
v 0.155691534 1.485249 0.07580988
v 0.153233543 1.4649955 0.07754323
v 0.124932133 1.42781258 0.123341307
v 0.113436773 1.42392087 0.135553971
v 0.101019107 1.42090666 0.140779719
v 0.03304873 1.41221321 0.164183125
v 0.0145024313 1.415426 0.162569344
v 0.004409517 1.42787957 0.154987127
v 0.004409517 1.42787957 0.154987127
v 0.000211255159 1.44457829 0.147118121
v 0.0111179007 1.45812619 0.136905268
v 0.03304873 1.41221321 0.164183125
v 0.004409517 1.42787957 0.154987127
v 0.0111179007 1.45812619 0.136905268
v 0.0111179007 1.45812619 0.136905268
v 0.032002762 1.46519935 0.133210033
v 0.0490394942 1.46779907 0.132739559
v 0.0111179007 1.45812619 0.136905268
v 0.0490394942 1.46779907 0.132739559
v 0.0671900958 1.46585059 0.132599249
v 0.0111179007 1.45812619 0.136905268
v 0.0671900958 1.46585059 0.132599249
v 0.08041726 1.4642719 0.129641816
v 0.11188022 1.496663 0.07801959
v 0.111819305 1.50728738 0.06545627
v 0.111098774 1.52199018 0.0631121546
v 0.111098774 1.52199018 0.0631121546
v 0.105793551 1.54245043 0.06601119
v 0.117851332 1.52629662 0.06907545
v 0.11188022 1.496663 0.07801959
v 0.111098774 1.52199018 0.0631121546
v 0.117851332 1.52629662 0.06907545
v 0.10825602 1.48801112 0.0930323154
v 0.11188022 1.496663 0.07801959
v 0.117851332 1.52629662 0.06907545
v 0.117851332 1.52629662 0.06907545
v 0.123333625 1.51668608 0.0775310844
v 0.127923936 1.50076342 0.0893221945
v 0.127923936 1.50076342 0.0893221945
v 0.12807323 1.49243212 0.101916134
v 0.127845183 1.48165 0.1158496
v 0.117851332 1.52629662 0.06907545
v 0.127923936 1.50076342 0.0893221945
v 0.127845183 1.48165 0.1158496
v 0.10825602 1.48801112 0.0930323154
v 0.117851332 1.52629662 0.06907545
v 0.127845183 1.48165 0.1158496
v 0.102374382 1.47770441 0.106586233
v 0.10825602 1.48801112 0.0930323154
v 0.127845183 1.48165 0.1158496
v 0.093992576 1.47097969 0.120788574
v 0.102374382 1.47770441 0.106586233
v 0.127845183 1.48165 0.1158496
v 0.08041726 1.4642719 0.129641816
v 0.093992576 1.47097969 0.120788574
v 0.127845183 1.48165 0.1158496
v 0.127845183 1.48165 0.1158496
v 0.123557776 1.47114944 0.126975209
v 0.11718639 1.46115971 0.13560164
v 0.11718639 1.46115971 0.13560164
v 0.104253583 1.44629073 0.144294545
v 0.08949605 1.4411335 0.14798364
v 0.127845183 1.48165 0.1158496
v 0.11718639 1.46115971 0.13560164
v 0.08949605 1.4411335 0.14798364
v 0.127845183 1.48165 0.1158496
v 0.08949605 1.4411335 0.14798364
v 0.0703619644 1.44286871 0.147492766
v 0.08041726 1.4642719 0.129641816
v 0.127845183 1.48165 0.1158496
v 0.0703619644 1.44286871 0.147492766
v 0.0111179007 1.45812619 0.136905268
v 0.08041726 1.4642719 0.129641816
v 0.0703619644 1.44286871 0.147492766
v 0.03304873 1.41221321 0.164183125
v 0.0111179007 1.45812619 0.136905268
v 0.0703619644 1.44286871 0.147492766
v 0.03304873 1.41221321 0.164183125
v 0.0703619644 1.44286871 0.147492766
v 0.0639916 1.43642175 0.151802763
v 0.03304873 1.41221321 0.164183125
v 0.0639916 1.43642175 0.151802763
v 0.05596322 1.41883016 0.162257329
v -0.156836763 1.46710873 0.07331322
v -0.163842022 1.466116 0.08035925
v -0.166187331 1.4863863 0.07866873
v -0.13499555 1.42873132 0.125649944
v -0.0754991248 1.42590117 0.150084063
v -0.06271201 1.43993115 0.147081181
v -0.0309406 1.41243935 0.164751574
v -0.053838823 1.41921854 0.163232192
v -0.06217533 1.43814433 0.152398482
v -0.0309406 1.41243935 0.164751574
v -0.06217533 1.43814433 0.152398482
v -0.0683273748 1.44335866 0.148724481
v -0.08746163 1.441759 0.149555266
v -0.102245532 1.44702065 0.146128446
v -0.115225144 1.46198118 0.137665674
v -0.115225144 1.46198118 0.137665674
v -0.121677861 1.47201633 0.129153177
v -0.126087472 1.48254776 0.118104711
v -0.08746163 1.441759 0.149555266
v -0.115225144 1.46198118 0.137665674
v -0.126087472 1.48254776 0.118104711
v -0.0683273748 1.44335866 0.148724481
v -0.08746163 1.441759 0.149555266
v -0.126087472 1.48254776 0.118104711
v -0.126087472 1.48254776 0.118104711
v -0.126486853 1.49333215 0.104176968
v -0.1265024 1.50166261 0.09158173
v -0.1265024 1.50166261 0.09158173
v -0.122009918 1.51755321 0.07970998
v -0.116610743 1.52712524 0.0711576045
v -0.126087472 1.48254776 0.118104711
v -0.1265024 1.50166261 0.09158173
v -0.116610743 1.52712524 0.0711576045
v -0.116610743 1.52712524 0.0711576045
v -0.104495294 1.54319346 0.06787883
v -0.109995663 1.52277148 0.0650757253
v -0.109995663 1.52277148 0.0650757253
v -0.110778585 1.50807428 0.06743355
v -0.110690974 1.49744964 0.07999626
v -0.116610743 1.52712524 0.0711576045
v -0.109995663 1.52277148 0.0650757253
v -0.110690974 1.49744964 0.07999626
v -0.116610743 1.52712524 0.0711576045
v -0.110690974 1.49744964 0.07999626
v -0.106862441 1.48877156 0.09494276
v -0.126087472 1.48254776 0.118104711
v -0.116610743 1.52712524 0.0711576045
v -0.106862441 1.48877156 0.09494276
v -0.126087472 1.48254776 0.118104711
v -0.106862441 1.48877156 0.09494276
v -0.100813635 1.47842264 0.108390838
v -0.126087472 1.48254776 0.118104711
v -0.100813635 1.47842264 0.108390838
v -0.09222913 1.47163785 0.12244238
v -0.126087472 1.48254776 0.118104711
v -0.09222913 1.47163785 0.12244238
v -0.0785464644 1.46483386 0.131053686
v -0.0683273748 1.44335866 0.148724481
v -0.126087472 1.48254776 0.118104711
v -0.0785464644 1.46483386 0.131053686
v -0.04709424 1.46813881 0.133593082
v -0.0300710145 1.4654187 0.133761212
v -0.009174089 1.458198 0.137085333
v -0.06525817 1.46631885 0.1337753
v -0.04709424 1.46813881 0.133593082
v -0.009174089 1.458198 0.137085333
v -0.0785464644 1.46483386 0.131053686
v -0.06525817 1.46631885 0.1337753
v -0.009174089 1.458198 0.137085333
v -0.0683273748 1.44335866 0.148724481
v -0.0785464644 1.46483386 0.131053686
v -0.009174089 1.458198 0.137085333
v -0.0309406 1.41243935 0.164751574
v -0.0683273748 1.44335866 0.148724481
v -0.009174089 1.458198 0.137085333
v -0.009174089 1.458198 0.137085333
v 0.000211255159 1.44457829 0.147118121
v -7.59447E-05 1.42840707 0.157875583
v -0.0309406 1.41243935 0.164751574
v -0.009174089 1.458198 0.137085333
v -7.59447E-05 1.42840707 0.157875583
v -0.0309406 1.41243935 0.164751574
v -7.59447E-05 1.42840707 0.157875583
v -0.012404128 1.41552126 0.162808239
v 0.152168453 1.23179209 0.112851992
v 0.131050423 1.08339679 0.112911977
v 0.185641661 1.05457771 -0.00666975975
v -0.303362578 1.430604 -0.09139882
v -0.139017045 1.08916676 0.15522027
v -0.114072934 1.10433936 0.1591494
v -0.100307517 1.153486 0.146774173
v -0.17401877 1.08840311 0.140421346
v -0.206459954 1.10871315 0.115721382
v -0.2134939 1.15430093 0.09963037
v -0.105388924 1.20807528 0.132655174
v -0.158476681 1.23045206 0.113998234
v -0.21294935 1.19523859 0.09029498
v -0.1737948 1.24518061 0.103230134
v -0.213856712 1.2400105 0.07892112
v -0.222865552 1.26389623 0.06586258
v -0.172056288 1.2923516 0.09289114
v -0.183549643 1.31395864 0.08158018
v -0.2416399 1.28799462 0.0422724038
v -0.20534648 1.336388 0.0623056442
v -0.225521371 1.355788 0.0416391939
v -0.26679185 1.296439 0.009501725
v -0.247434616 1.36775708 0.0169239789
v -0.284145653 1.30553961 -0.02045603
v -0.2696214 1.36953771 -0.0120857954
v -0.2997287 1.32950616 -0.05822538
v -0.285647631 1.381482 -0.0414157659
v -0.3095171 1.36311674 -0.09169035
v -0.3172125 1.32040441 -0.117165044
v -0.217641547 1.17870045 0.0819443
v -0.198957339 1.14146209 0.1047167
v -0.2048599 1.25236154 0.07419384
v -0.232783422 1.21398818 0.0600670725
v -0.248184785 1.23283589 0.0393759161
v -0.23532854 1.29052114 0.039315775
v -0.257329255 1.29366267 0.013771385
v -0.2747675 1.23040938 0.00397343934
v -0.269004434 1.29058146 -0.00156064332
v -0.292767942 1.23783123 -0.0307908952
v -0.3076141 1.25834906 -0.0717250854
v -0.201528415 1.11307716 0.105562463
v -0.302328944 1.22003448 -0.05356872
v -0.3127551 1.23022139 -0.0857266039
v -0.312565356 1.20638013 -0.0793538243
v -0.304708123 1.18293369 -0.0508093238
v -0.285860956 1.22044051 -0.0176507086
v -0.28842926 1.16676164 -0.009737179
v -0.267200738 1.17223859 0.0248488635
v -0.269663334 1.22553086 0.008454084
v -0.246846139 1.23014891 0.0371536165
v -0.227315784 1.21314919 0.0611115843
v -0.255422473 1.16762674 0.0418577045
v 0.304771036 1.4284544 -0.0967998356
v 0.3044982 1.41379571 -0.0926532
v 0.105984107 1.15112138 0.148827046
v 0.117659584 1.10352027 0.15709123
v 0.142422527 1.08817208 0.152720749
v 0.177148968 1.08716178 0.1373023
v 0.209289208 1.10724366 0.112028956
v 0.216358468 1.15278161 0.09581272
v 0.111320324 1.20693719 0.1342878
v 0.162144274 1.22931874 0.111150742
v 0.215937555 1.19372261 0.08648574
v 0.1773727 1.2439394 0.1001112
v 0.2169591 1.23848784 0.07509485
v 0.2259033 1.26231 0.0618769079
v 0.17578429 1.291122 0.0898018
v 0.187227637 1.312648 0.07828709
v 0.244425341 1.28627658 0.0379555672
v 0.208836332 1.334924 0.0586272031
v 0.228777483 1.354182 0.0376044363
v 0.2690503 1.294545 0.00474272668
v 0.2503323 1.36599743 0.0125030726
v 0.2859336 1.30352461 -0.0255190283
v 0.2720123 1.367623 -0.016896233
v 0.30101192 1.3273828 -0.06356077
v 0.2875993 1.37945592 -0.0465068966
v 0.317385346 1.31816137 -0.122801051
v 0.309605181 1.30425632 -0.09278159
v 0.207970664 1.25090265 0.070527494
v 0.201827392 1.14004552 0.101157293
v 0.220367357 1.17715228 0.07805454
v 0.2353667 1.21233356 0.05590953
v 0.250531 1.23107314 0.03494665
v 0.238083914 1.28884792 0.0351114422
v 0.259649217 1.29183543 0.009180263
v 0.2764626 1.228461 -0.000922128558
v 0.271028429 1.28867292 -0.006356731
v 0.2938947 1.23575759 -0.0360012352
v 0.204208985 1.111643 0.101958737
v 0.2229662 1.12766027 0.0831837952
v 0.3126006 1.20417035 -0.08490668
v 0.3128454 1.22801 -0.09128313
v 0.3029202 1.217895 -0.0589445978
v 0.305086046 1.18077826 -0.0562255234
v 0.2870961 1.218415 -0.0227398425
v 0.2894255 1.16471887 -0.01486963
v 0.268853784 1.17034388 0.0200877637
v 0.271401346 1.22361839 0.00364823639
v 0.249131069 1.22839594 0.0327481478
v 0.257347 1.1658138 0.037303403
v -0.0512566529 1.43604219 0.138190746
v 0.00344835967 1.44507861 0.149938181
v -7.59447E-05 1.42840707 0.157875583
v 0.05596322 1.41883016 0.162257329
v 0.0639916 1.43642175 0.151802763
v 0.0703619644 1.44286871 0.147492766
v 0.08949605 1.4411335 0.14798364
v 0.104253583 1.44629073 0.144294545
v 0.11718639 1.46115971 0.13560164
v 0.123557776 1.47114944 0.126975209
v 0.127845183 1.48165 0.1158496
v 0.12807323 1.49243212 0.101916134
v 0.127923936 1.50076342 0.0893221945
v 0.123333625 1.51668608 0.0775310844
v 0.117851332 1.52629662 0.06907545
v 0.105793551 1.54245043 0.06601119
v 0.111098774 1.52199018 0.0631121546
v 0.111819305 1.50728738 0.06545627
v 0.11188022 1.496663 0.07801959
v 0.10825602 1.48801112 0.0930323154
v 0.102374382 1.47770441 0.106586233
v 0.093992576 1.47097969 0.120788574
v 0.08041726 1.4642719 0.129641816
v 0.0671900958 1.46585059 0.132599249
v -0.102245532 1.44702065 0.146128446
v -0.08746163 1.441759 0.149555266
v -0.06217533 1.43814433 0.152398482
v -0.053838823 1.41921854 0.163232192
v -0.0309406 1.41243935 0.164751574
v -0.0683273748 1.44335866 0.148724481
v -0.012404128 1.41552126 0.162808239
v -7.59447E-05 1.42840707 0.157875583
v 0.000211255159 1.44457829 0.147118121
v -0.009174089 1.458198 0.137085333
v -0.0300710145 1.4654187 0.133761212
v -0.04709424 1.46813881 0.133593082
v -0.06525817 1.46631885 0.1337753
v -0.0785464644 1.46483386 0.131053686
v -0.110690974 1.49744964 0.07999626
v -0.110778585 1.50807428 0.06743355
v -0.109995663 1.52277148 0.0650757253
v -0.104495294 1.54319346 0.06787883
v -0.116610743 1.52712524 0.0711576045
v -0.106862441 1.48877156 0.09494276
v -0.122009918 1.51755321 0.07970998
v -0.1265024 1.50166261 0.09158173
v -0.126486853 1.49333215 0.104176968
v -0.100813635 1.47842264 0.108390838
v -0.09222913 1.47163785 0.12244238
v 0.0944845 1.320492 0.147550642
v 0.0944845 1.320492 0.147550642
v 0.06766475 1.35893011 0.144327655
v 0.06766475 1.35893011 0.144327655
v 0.11506106 1.31429553 0.113959327
v 0.0910858437 1.31821775 0.128805324
v 0.12511754 1.31449771 0.0562514067
v 0.08150824 1.31670415 0.09830828
v -0.03539402 1.36149323 0.129240334
v -0.07606836 1.356469 0.10829249
v 0.00626925 1.34725809 0.13248986
v -0.0573200658 1.353177 0.09725234
v -0.107566841 1.325303 0.122513324
v -0.107566841 1.325303 0.122513324
v -0.1096051 1.3610419 0.0777093
v -0.1096051 1.3610419 0.0777093
v 0.0630027 1.35842586 0.107227594
v -0.0005864934 1.3643446 0.07199003
v -0.136374086 1.2289269 0.120563582
v -0.216599539 1.22233164 0.0570570976
v -0.200111315 1.171206 0.101461172
v 0.139658853 1.13997066 0.12180227
v 0.200556919 1.169577 0.09794085
v 0.196193263 1.22391737 0.07293708
v -0.301677585 1.41477215 -0.0921850353
v -0.294807583 1.39542449 -0.07137789
v -0.307772517 1.40397656 -0.105896518
v -0.30755645 1.30527163 -0.09221624
v -0.292123228 1.29598927 -0.0516679
v -0.313719571 1.28411007 -0.106420025
v -0.21905984 1.12805653 0.08219439
v -0.244691446 1.14696848 0.0526168048
v -0.202528 1.16206872 0.08696338
v 0.311714739 1.40178668 -0.111398384
v 0.311884046 1.35975409 -0.102124855
v 0.299305 1.39332449 -0.07665427
v 0.3168077 1.28188145 -0.112019852
v 0.3095992 1.25500143 -0.08212225
v 0.296272278 1.29390955 -0.0568934381
v 0.208205551 1.16061664 0.08331505
v 0.231351972 1.21036184 0.052121982
v 0.2496439 1.14522111 0.0482261032
v -0.3019199 1.429433 -0.09632723
v -0.137574375 1.08799553 0.15029189
v -0.0988648161 1.152315 0.141845763
v -0.112630233 1.10316813 0.154221028
v -0.17257604 1.087232 0.135492936
v -0.205017135 1.107542 0.110792965
v -0.212051213 1.15312982 0.09470202
v -0.103946224 1.206904 0.127726808
v -0.157034 1.22928083 0.109069809
v -0.21150662 1.19406736 0.08536659
v -0.172352076 1.24400938 0.09830174
v -0.212414011 1.23883939 0.07399273
v -0.221422836 1.262725 0.06093417
v -0.170613468 1.29118061 0.08796273
v -0.182106942 1.31278729 0.07665182
v -0.240197092 1.28682339 0.0373440236
v -0.2039038 1.33521676 0.0573772937
v -0.224078551 1.35461676 0.0367108136
v -0.26534912 1.295268 0.00457331538
v -0.245991766 1.36658585 0.0119956285
v -0.2827031 1.30436838 -0.0253844112
v -0.2681787 1.36836648 -0.0170141757
v -0.298286 1.32833517 -0.06315379
v -0.28420493 1.38031077 -0.04634416
v -0.308074266 1.36194539 -0.09661876
v -0.315769732 1.31923318 -0.122093454
v -0.216198847 1.17752922 0.0770159
v -0.203417212 1.25119042 0.06926544
v -0.197514489 1.14029074 0.0997883
v -0.231340721 1.21281707 0.0551386923
v -0.246741965 1.231665 0.0344475061
v -0.23388584 1.28934991 0.03438741
v -0.255886674 1.29249144 0.00884302
v -0.273324639 1.22923815 -0.0009549558
v -0.267561764 1.28941023 -0.0064890217
v -0.291325241 1.23666 -0.03571926
v -0.3061713 1.25717783 -0.0766534358
v -0.20008561 1.111906 0.100634061
v -0.3008864 1.21886325 -0.0584970862
v -0.311122626 1.205209 -0.0842822045
v -0.311312377 1.22905016 -0.0906549543
v -0.3032654 1.18176246 -0.055737704
v -0.284418225 1.21926939 -0.022579059
v -0.2869866 1.16559041 -0.0146655589
v -0.265758038 1.17106736 0.0199204832
v -0.2682205 1.22435975 0.003525719
v -0.245403573 1.22897768 0.0322252363
v -0.2258731 1.211978 0.0561832339
v -0.253979772 1.16645551 0.0369293243
v 0.305941015 1.41262448 -0.09758161
v 0.306213737 1.42728329 -0.101728246
v 0.107426807 1.14995039 0.143898621
v 0.143865213 1.08700085 0.147792354
v 0.119102284 1.102349 0.152162835
v 0.178591654 1.08599067 0.132373914
v 0.2107319 1.10607255 0.107100539
v 0.217801049 1.15161037 0.0908843651
v 0.112763025 1.20576584 0.129359424
v 0.163586974 1.22814751 0.106222332
v 0.217380241 1.19255137 0.08155736
v 0.17881538 1.24276817 0.0951828361
v 0.21840179 1.23731661 0.07016644
v 0.227346 1.2611388 0.0569485128
v 0.177226976 1.28995085 0.0848734155
v 0.188670322 1.31147671 0.07335872
v 0.245868042 1.28510535 0.0330272019
v 0.210279033 1.33375287 0.0536988229
v 0.230220169 1.35301077 0.032676056
v 0.270492971 1.29337406 -0.00018568337
v 0.251775 1.3648262 0.007574722
v 0.2873763 1.30235338 -0.0304474086
v 0.273455143 1.36645174 -0.0218245983
v 0.30245474 1.32621181 -0.06848918
v 0.289042026 1.37828469 -0.0514352769
v 0.311047882 1.30308509 -0.09770997
v 0.318828076 1.31699014 -0.127729431
v 0.2094134 1.2497313 0.06559913
v 0.221810043 1.175981 0.07312615
v 0.203270078 1.13887417 0.09622892
v 0.236809373 1.21116233 0.05098115
v 0.251973778 1.22990227 0.03001824
v 0.239526719 1.28767669 0.0301830769
v 0.2610919 1.2906642 0.00425191224
v 0.277905315 1.2272898 -0.005850494
v 0.27247113 1.28750169 -0.01128508
v 0.295337617 1.23458636 -0.0409296
v 0.224409014 1.126489 0.07825544
v 0.205651686 1.11047184 0.09703034
v 0.314043432 1.20299911 -0.08983506
v 0.304362923 1.216724 -0.06387301
v 0.3142881 1.22683883 -0.09621151
v 0.306528747 1.179607 -0.0611539036
v 0.288538933 1.217244 -0.0276682675
v 0.2908682 1.16354787 -0.0197980255
v 0.2702966 1.16917264 0.0151593983
v 0.272844017 1.22244716 -0.001280129
v 0.250573784 1.22722471 0.0278197378
v 0.2587898 1.16464257 0.0323750526
vt 0.5536594 0.7950731
vt 0.5741363 0.8218092
vt 0.582039654 0.8121607
vt 0.585995257 0.8001603
vt 0.585686147 0.787534952
vt 0.580935657 0.775867641
vt 0.5719346 0.7668239
vt 0.559472859 0.761994
vt 0.5452293 0.762612164
vt 0.5320952 0.7689925
vt 0.5227504 0.7799351
vt 0.5190529 0.7929367
vt 0.521524 0.805788755
vt 0.528742 0.816425264
vt 0.539059 0.8238594
vt 0.5510078 0.8274353
vt 0.563287258 0.8266908
vt 0.5746539 0.821221769
vt 0.609904945 0.8281793
vt 0.617143869 0.8052065
vt 0.616850734 0.7812341
vt 0.6082656 0.7584562
vt 0.5911038 0.7400843
vt 0.5661622 0.7297189
vt 0.5361095 0.7308294
vt 0.5085982 0.7449685
vt 0.489964426 0.76930654
vt 0.484261245 0.79688704
vt 0.4925746 0.8230189
vt 0.5091645 0.8421443
vt 0.5301809 0.854337454
vt 0.552992046 0.8592985
vt 0.5754463 0.8568381
vt 0.5953724 0.8475175
vt 0.635522068 0.8413067
vt 0.646346867 0.810334861
vt 0.6467782 0.7770294
vt 0.6361094 0.744143367
vt 0.612944961 0.716035068
vt 0.5715558 0.6878179
vt 0.525308669 0.6990114
vt 0.4839633 0.7267454
vt 0.45385313 0.767895758
vt 0.448204726 0.812341034
vt 0.468990177 0.847714841
vt 0.496163338 0.8709478
vt 0.527154267 0.8850035
vt 0.559107959 0.8896267
vt 0.5899747 0.8843027
vt 0.6158443 0.868091345
vt 0.661221 0.8538303
vt 0.6744623 0.816869855
vt 0.6760381 0.776623
vt 0.666154563 0.735506952
vt 0.6430087 0.695071936
vt 0.607804537 0.6708015
vt 0.457339168 0.8869969
vt 0.492702335 0.9025949
vt 0.5304008 0.915641069
vt 0.5691602 0.9182603
vt 0.606897 0.908728838
vt 0.6384064 0.886067331
vt 0.688676953 0.867256761
vt 0.7035422 0.825531542
vt 0.7059093 0.780907
vt 0.6985363 0.73708564
vt 0.6942914 0.6902908
vt 0.498226255 0.942022562
vt 0.5383677 0.9484963
vt 0.5817366 0.947093368
vt 0.625039 0.93255645
vt 0.6623595 0.903953
vt 0.7238144 0.89273417
vt 0.7368784 0.8475403
vt 0.7435304 0.8033766
vt 0.7346953 0.7612892
vt 0.730229557 0.706864238
vt 0.729257047 0.680021346
vt 0.6924659 0.6643515
vt 0.475820422 0.9800924
vt 0.466398239 0.941898644
vt 0.43350172 0.932723463
vt 0.5694814 0.978569746
vt 0.613091469 0.9735928
vt 0.657563269 0.958266258
vt 0.698866844 0.933120549
vt 0.216964617 0.954960346
vt 0.2226716 0.953623235
vt 0.211218774 0.9481396
vt 0.226647273 0.862107158
vt 0.236547828 0.8460887
vt 0.206187263 0.849996746
vt 0.124481522 0.687151253
vt 0.11068169 0.7095425
vt 0.143923864 0.7029433
vt 0.2226716 0.953623235
vt 0.211218774 0.9481396
vt 0.2213634 0.9209735
vt 0.236547828 0.8460887
vt 0.206187263 0.849996746
vt 0.22236833 0.8236985
vt 0.11068169 0.7095425
vt 0.143923864 0.7029433
vt 0.129609749 0.758794
vt 0.2794231 0.836596549
vt 0.288341552 0.8138804
vt 0.285924941 0.858721
vt 0.344627529 0.815075338
vt 0.3241319 0.857785
vt 0.351382554 0.840257466
vt 0.359745562 0.860831
vt 0.263718635 0.8598538
vt 0.28506428 0.9089057
vt 0.3232049 0.9104819
vt 0.35910055 0.9126985
vt 0.262360066 0.908754468
vt 0.290692329 0.962524056
vt 0.339416742 0.9627923
vt 0.351605773 0.9329044
vt 0.322387576 0.6639485
vt 0.3468394 0.6766103
vt 0.334585935 0.6697617
vt 0.354018956 0.6684982
vt 0.358852118 0.690999031
vt 0.3082829 0.663428366
vt 0.335156858 0.6427382
vt 0.348005623 0.6564508
vt 0.3119878 0.6319971
vt 0.324917465 0.6376737
vt 0.291452646 0.6654663
vt 0.275464863 0.672083437
vt 0.256920546 0.6863061
vt 0.281309277 0.6356543
vt 0.296904266 0.6321803
vt 0.2397914 0.663028
vt 0.256553233 0.6459524
vt 0.226478368 0.6890762
vt 0.191913575 0.7175917
vt 0.239087164 0.714200735
vt 0.2176682 0.718160868
vt 0.322387576 0.6639485
vt 0.334585935 0.6697617
vt 0.3468394 0.6766103
vt 0.358852118 0.690999031
vt 0.354018956 0.6684982
vt 0.3082829 0.663428366
vt 0.348005623 0.6564508
vt 0.335156858 0.6427382
vt 0.324917465 0.6376737
vt 0.3119878 0.6319971
vt 0.291452646 0.6654663
vt 0.275464863 0.672083437
vt 0.256920546 0.6863061
vt 0.296904266 0.6321803
vt 0.281309277 0.6356543
vt 0.256553233 0.6459524
vt 0.2397914 0.663028
vt 0.226478368 0.6890762
vt 0.327641636 0.677318
vt 0.338929981 0.702498555
vt 0.334577858 0.688797
vt 0.255833656 0.450974584
vt 0.303355515 0.4310919
vt 0.265039682 0.430704057
vt 0.2651756 0.473963857
vt 0.313036472 0.453356743
vt 0.2815084 0.4178264
vt 0.258826017 0.450454
vt 0.303355515 0.4310919
vt 0.268507034 0.472718716
vt 0.317127764 0.4411583
vt 0.2714097 0.418508053
vt 0.290771753 0.463037729
vt 0.2491449 0.428189158
vt 0.268507034 0.472718716
vt 0.289363176 0.404045
vt 0.2659881 0.4047342
vt 0.290771753 0.463037729
vt 0.297350943 0.4622903
vt 0.258826017 0.450454
vt 0.303355515 0.4310919
vt 0.26405704 0.430741668
vt 0.268507034 0.472718716
vt 0.313036472 0.453356743
vt 0.279350072 0.417374551
vt 0.258826017 0.450454
vt 0.303355515 0.4310919
vt 0.268507034 0.472718716
vt 0.3252882 0.444886684
vt 0.2714097 0.418508053
vt 0.290771753 0.463037729
vt 0.2491449 0.428189158
vt 0.268507034 0.472718716
vt 0.2936745 0.4088272
vt 0.2714097 0.418508053
vt 0.290771753 0.463037729
vt 0.290325046 0.459441185
vt 0.258826017 0.450454
vt 0.274559975 0.414461255
vt 0.3070411 0.422421455
vt 0.313036472 0.453356743
vt 0.270037532 0.4226356
vt 0.303355515 0.4310919
vt 0.275337338 0.451191068
vt 0.313036472 0.453356743
vt 0.292837232 0.4653082
vt 0.317474276 0.3707559
vt 0.28103444 0.4768107
vt 0.27639848 0.430450141
vt 0.266144156 0.4526298
vt 0.2936745 0.4088272
vt 0.313036472 0.453356743
vt 0.281090736 0.4407729
vt 0.247978047 0.448840737
vt 0.2940904 0.4188652
vt 0.310632855 0.427386761
vt 0.313036472 0.453356743
vt 0.266356081 0.4093727
vt 0.303793818 0.418489933
vt 0.267810643 0.444173932
vt 0.313036472 0.453356743
vt 0.31186074 0.4244337
vt 0.283602178 0.447645068
vt 0.269615054 0.4168551
vt 0.266187638 0.466542721
vt 0.292044967 0.403104663
vt 0.313036472 0.453356743
vt 0.269222528 0.430297375
vt 0.237374753 0.42043376
vt 0.24981074 0.430082321
vt 0.258826017 0.450454
vt 0.2714097 0.418508053
vt 0.303355515 0.4310919
vt 0.313036472 0.453356743
vt 0.2714097 0.418508053
vt 0.303355515 0.4310919
vt 0.262064159 0.443680525
vt 0.313036472 0.453356743
vt 0.268507034 0.472718716
vt 0.303355515 0.4310919
vt 0.3003466 0.4690243
vt 0.2714097 0.418508053
vt 0.268507034 0.472718716
vt 0.2936745 0.4088272
vt 0.313036472 0.453356743
vt 0.290771753 0.463037729
vt 0.2714097 0.418508053
vt 0.258826017 0.450454
vt 0.258826017 0.450454
vt 0.269169629 0.4171251
vt 0.303355515 0.4310919
vt 0.313036472 0.453356743
vt 0.27100423 0.420748353
vt 0.303355515 0.4310919
vt 0.258826017 0.450454
vt 0.313036472 0.453356743
vt 0.268507034 0.472718716
vt 0.3005063 0.4418403
vt 0.290771753 0.463037729
vt 0.2714097 0.418508053
vt 0.268507034 0.472718716
vt 0.2936745 0.4088272
vt 0.313036472 0.453356743
vt 0.290771753 0.463037729
vt 0.2714097 0.418508053
vt 0.2549775 0.465301633
vt 0.258826017 0.450454
vt 0.303355515 0.4310919
vt 0.265074134 0.436334252
vt 0.268507034 0.472718716
vt 0.313036472 0.453356743
vt 0.280886531 0.423650384
vt 0.2601756 0.450219035
vt 0.303355515 0.4310919
vt 0.268507034 0.472718716
vt 0.323383868 0.4521184
vt 0.2714097 0.418508053
vt 0.2944775 0.479622126
vt 0.2491449 0.428189158
vt 0.268507034 0.472718716
vt 0.2936745 0.4088272
vt 0.2714097 0.418508053
vt 0.290771753 0.463037729
vt 0.310957462 0.46605134
vt 0.2506898 0.449807882
vt 0.3114488 0.430357575
vt 0.271256655 0.414150536
vt 0.268507034 0.472718716
vt 0.313036472 0.453356743
vt 0.2692782 0.4122553
vt 0.258826017 0.450454
vt 0.303355515 0.4310919
vt 0.268507034 0.472718716
vt 0.291175246 0.4219978
vt 0.268758655 0.416323781
vt 0.290771753 0.463037729
vt 0.2491449 0.428189158
vt 0.268507034 0.472718716
vt 0.2936745 0.4088272
vt 0.240531191 0.3465317
vt 0.290771753 0.463037729
vt 0.21120137 0.399669
vt 0.258826017 0.450454
vt 0.265069366 0.41575855
vt 0.303355515 0.4310919
vt 0.313036472 0.453356743
vt 0.274003237 0.421096683
vt 0.303355515 0.4310919
vt 0.262134969 0.446623921
vt 0.313036472 0.453356743
vt 0.268507034 0.472718716
vt 0.3014408 0.44286716
vt 0.296469182 0.4660008
vt 0.2714097 0.418508053
vt 0.268507034 0.472718716
vt 0.2936745 0.4088272
vt 0.313036472 0.453356743
vt 0.290771753 0.463037729
vt 0.2714097 0.418508053
vt 0.254818529 0.467079043
vt 0.2822084 0.466344237
vt 0.6942914 0.6902908
vt 0.6924659 0.6643515
vt 0.607804537 0.6708015
vt 0.457339168 0.8869969
vt 0.430273235 0.8589851
vt 0.43350172 0.932723463
vt 0.285924941 0.858721
vt 0.3241319 0.857785
vt 0.28506428 0.9089057
vt 0.3232049 0.9104819
vt 0.262360066 0.908754468
vt 0.275600046 0.929998159
vt 0.290692329 0.962524056
vt 0.290692329 0.962524056
vt 0.28506428 0.9089057
vt 0.262360066 0.908754468
vt 0.3468394 0.6766103
vt 0.358852118 0.690999031
vt 0.354018956 0.6684982
vt 0.3119878 0.6319971
vt 0.296904266 0.6321803
vt 0.281309277 0.6356543
vt 0.226735443 0.6473113
vt 0.202431381 0.6592214
vt 0.187469468 0.6798426
vt 0.187469468 0.6798426
vt 0.1837663 0.702009
vt 0.191913575 0.7175917
vt 0.226735443 0.6473113
vt 0.187469468 0.6798426
vt 0.191913575 0.7175917
vt 0.191913575 0.7175917
vt 0.2176682 0.718160868
vt 0.239087164 0.714200735
vt 0.191913575 0.7175917
vt 0.239087164 0.714200735
vt 0.26277563 0.7044477
vt 0.191913575 0.7175917
vt 0.26277563 0.7044477
vt 0.280284733 0.698034346
vt 0.318439066 0.7380194
vt 0.317293 0.7541149
vt 0.313750863 0.7720342
vt 0.313750863 0.7720342
vt 0.302831233 0.796869159
vt 0.321152717 0.7723411
vt 0.318439066 0.7380194
vt 0.313750863 0.7720342
vt 0.321152717 0.7723411
vt 0.314293146 0.7249732
vt 0.318439066 0.7380194
vt 0.321152717 0.7723411
vt 0.321152717 0.7723411
vt 0.3293792 0.7564151
vt 0.337406754 0.7325814
vt 0.337406754 0.7325814
vt 0.338228524 0.719075739
vt 0.338929981 0.702498555
vt 0.321152717 0.7723411
vt 0.337406754 0.7325814
vt 0.338929981 0.702498555
vt 0.314293146 0.7249732
vt 0.321152717 0.7723411
vt 0.338929981 0.702498555
vt 0.307672828 0.7114126
vt 0.314293146 0.7249732
vt 0.338929981 0.702498555
vt 0.297112763 0.702810943
vt 0.307672828 0.7114126
vt 0.338929981 0.702498555
vt 0.280284733 0.698034346
vt 0.297112763 0.702810943
vt 0.338929981 0.702498555
vt 0.338929981 0.702498555
vt 0.334577858 0.688797
vt 0.327641636 0.677318
vt 0.327641636 0.677318
vt 0.313201874 0.662942231
vt 0.294951618 0.6620262
vt 0.338929981 0.702498555
vt 0.327641636 0.677318
vt 0.294951618 0.6620262
vt 0.338929981 0.702498555
vt 0.294951618 0.6620262
vt 0.270088524 0.6721375
vt 0.280284733 0.698034346
vt 0.338929981 0.702498555
vt 0.270088524 0.6721375
vt 0.191913575 0.7175917
vt 0.280284733 0.698034346
vt 0.270088524 0.6721375
vt 0.226735443 0.6473113
vt 0.191913575 0.7175917
vt 0.270088524 0.6721375
vt 0.226735443 0.6473113
vt 0.270088524 0.6721375
vt 0.262807071 0.6660564
vt 0.226735443 0.6473113
vt 0.262807071 0.6660564
vt 0.25504905 0.645968258
vt 0.3468394 0.6766103
vt 0.354018956 0.6684982
vt 0.358852118 0.690999031
vt 0.3119878 0.6319971
vt 0.2397914 0.663028
vt 0.226478368 0.6890762
vt 0.226735443 0.6473113
vt 0.25504905 0.645968258
vt 0.262807071 0.6660564
vt 0.226735443 0.6473113
vt 0.262807071 0.6660564
vt 0.270088524 0.6721375
vt 0.294951618 0.6620262
vt 0.313201874 0.662942231
vt 0.327641636 0.677318
vt 0.327641636 0.677318
vt 0.334577858 0.688797
vt 0.338929981 0.702498555
vt 0.294951618 0.6620262
vt 0.327641636 0.677318
vt 0.338929981 0.702498555
vt 0.270088524 0.6721375
vt 0.294951618 0.6620262
vt 0.338929981 0.702498555
vt 0.338929981 0.702498555
vt 0.338228524 0.719075739
vt 0.337406754 0.7325814
vt 0.337406754 0.7325814
vt 0.3293792 0.7564151
vt 0.321152717 0.7723411
vt 0.338929981 0.702498555
vt 0.337406754 0.7325814
vt 0.321152717 0.7723411
vt 0.321152717 0.7723411
vt 0.302831233 0.796869159
vt 0.313750863 0.7720342
vt 0.313750863 0.7720342
vt 0.317293 0.7541149
vt 0.318439066 0.7380194
vt 0.321152717 0.7723411
vt 0.313750863 0.7720342
vt 0.318439066 0.7380194
vt 0.321152717 0.7723411
vt 0.318439066 0.7380194
vt 0.314293146 0.7249732
vt 0.338929981 0.702498555
vt 0.321152717 0.7723411
vt 0.314293146 0.7249732
vt 0.338929981 0.702498555
vt 0.314293146 0.7249732
vt 0.307672828 0.7114126
vt 0.338929981 0.702498555
vt 0.307672828 0.7114126
vt 0.297112763 0.702810943
vt 0.338929981 0.702498555
vt 0.297112763 0.702810943
vt 0.280284733 0.698034346
vt 0.270088524 0.6721375
vt 0.338929981 0.702498555
vt 0.280284733 0.698034346
vt 0.239087164 0.714200735
vt 0.2176682 0.718160868
vt 0.191913575 0.7175917
vt 0.26277563 0.7044477
vt 0.239087164 0.714200735
vt 0.191913575 0.7175917
vt 0.280284733 0.698034346
vt 0.26277563 0.7044477
vt 0.191913575 0.7175917
vt 0.270088524 0.6721375
vt 0.280284733 0.698034346
vt 0.191913575 0.7175917
vt 0.226735443 0.6473113
vt 0.270088524 0.6721375
vt 0.191913575 0.7175917
vt 0.191913575 0.7175917
vt 0.1837663 0.702009
vt 0.187469468 0.6798426
vt 0.226735443 0.6473113
vt 0.191913575 0.7175917
vt 0.187469468 0.6798426
vt 0.226735443 0.6473113
vt 0.187469468 0.6798426
vt 0.202431381 0.6592214
vt 0.430273235 0.8589851
vt 0.448123634 0.978678346
vt 0.5270209 0.9699937
vt 0.221272513 0.9652164
vt 0.05780912 0.6303091
vt 0.027574338 0.630096853
vt 0.0212999769 0.6889061
vt 0.08998908 0.6449635
vt 0.104639985 0.6785781
vt 0.106843174 0.7139547
vt 0.0257912874 0.7353142
vt 0.065049544 0.7676506
vt 0.107314259 0.748215139
vt 0.07278318 0.7981864
vt 0.111085333 0.78909725
vt 0.127773881 0.816716731
vt 0.0748607442 0.824672759
vt 0.0920198858 0.860265255
vt 0.150413141 0.8356071
vt 0.113931566 0.8833568
vt 0.139888331 0.9008886
vt 0.174512535 0.849418
vt 0.162909478 0.908748
vt 0.193230778 0.86561054
vt 0.183671981 0.9201155
vt 0.211496 0.892080843
vt 0.198827863 0.9332822
vt 0.2213634 0.9209735
vt 0.24668172 0.8814291
vt 0.123833664 0.762466252
vt 0.109240286 0.7148344
vt 0.115466423 0.7916788
vt 0.14517267 0.7825217
vt 0.168485433 0.7859426
vt 0.142920911 0.828638
vt 0.165768117 0.837963045
vt 0.187399536 0.7910367
vt 0.186004832 0.8411943
vt 0.206346542 0.806218743
vt 0.22236833 0.8236985
vt 0.10868565 0.667084634
vt 0.216522664 0.778837
vt 0.23655422 0.7923666
vt 0.228609458 0.76787436
vt 0.21364899 0.7467907
vt 0.196927384 0.7767635
vt 0.1949079 0.7322166
vt 0.1674351 0.7315254
vt 0.177543074 0.7768847
vt 0.147953331 0.7761328
vt 0.129609749 0.758794
vt 0.151964664 0.7255356
vt 0.221272513 0.9652164
vt 0.216964617 0.954960346
vt 0.0212999769 0.6889061
vt 0.027574338 0.630096853
vt 0.05780912 0.6303091
vt 0.08998908 0.6449635
vt 0.104244985 0.67525053
vt 0.106843174 0.7139547
vt 0.0257912874 0.7353142
vt 0.065049544 0.7676506
vt 0.107314259 0.748215139
vt 0.07278318 0.7981864
vt 0.111085333 0.78909725
vt 0.127773881 0.816716731
vt 0.0748607442 0.824672759
vt 0.0920198858 0.860265255
vt 0.150413141 0.8356071
vt 0.113931566 0.8833568
vt 0.139888331 0.9008886
vt 0.174512535 0.849418
vt 0.162909478 0.908748
vt 0.193230778 0.86561054
vt 0.183671981 0.9201155
vt 0.211496 0.892080843
vt 0.198827863 0.9332822
vt 0.24668172 0.8814291
vt 0.226647273 0.862107158
vt 0.115466423 0.7916788
vt 0.109240286 0.7148344
vt 0.123833664 0.762466252
vt 0.14517267 0.7825217
vt 0.168485433 0.7859426
vt 0.142920911 0.828638
vt 0.165768117 0.837963045
vt 0.187399536 0.7910367
vt 0.186004832 0.8411943
vt 0.206346542 0.806218743
vt 0.10868565 0.667084634
vt 0.124481522 0.687151253
vt 0.228609458 0.76787436
vt 0.23655422 0.7923666
vt 0.216522664 0.778837
vt 0.21364899 0.7467907
vt 0.196927384 0.7767635
vt 0.1949079 0.7322166
vt 0.1674351 0.7315254
vt 0.177543074 0.7768847
vt 0.147953331 0.7761328
vt 0.151964664 0.7255356
vt 0.275600046 0.929998159
vt 0.1837663 0.702009
vt 0.187469468 0.6798426
vt 0.25504905 0.645968258
vt 0.262807071 0.6660564
vt 0.270088524 0.6721375
vt 0.294951618 0.6620262
vt 0.313201874 0.662942231
vt 0.327641636 0.677318
vt 0.334577858 0.688797
vt 0.338929981 0.702498555
vt 0.338228524 0.719075739
vt 0.337406754 0.7325814
vt 0.3293792 0.7564151
vt 0.321152717 0.7723411
vt 0.302831233 0.796869159
vt 0.313750863 0.7720342
vt 0.317293 0.7541149
vt 0.318439066 0.7380194
vt 0.314293146 0.7249732
vt 0.307672828 0.7114126
vt 0.297112763 0.702810943
vt 0.280284733 0.698034346
vt 0.26277563 0.7044477
vt 0.313201874 0.662942231
vt 0.294951618 0.6620262
vt 0.262807071 0.6660564
vt 0.25504905 0.645968258
vt 0.226735443 0.6473113
vt 0.270088524 0.6721375
vt 0.202431381 0.6592214
vt 0.187469468 0.6798426
vt 0.1837663 0.702009
vt 0.191913575 0.7175917
vt 0.2176682 0.718160868
vt 0.239087164 0.714200735
vt 0.26277563 0.7044477
vt 0.280284733 0.698034346
vt 0.318439066 0.7380194
vt 0.317293 0.7541149
vt 0.313750863 0.7720342
vt 0.302831233 0.796869159
vt 0.321152717 0.7723411
vt 0.314293146 0.7249732
vt 0.3293792 0.7564151
vt 0.337406754 0.7325814
vt 0.338228524 0.719075739
vt 0.307672828 0.7114126
vt 0.297112763 0.702810943
vt 0.313036472 0.453356743
vt 0.313036472 0.453356743
vt 0.313036472 0.453356743
vt 0.313036472 0.453356743
vt 0.268507034 0.472718716
vt 0.2491449 0.428189158
vt 0.265819252 0.474915147
vt 0.2491449 0.428189158
vt 0.268507034 0.472718716
vt 0.2491449 0.428189158
vt 0.268507034 0.472718716
vt 0.2491449 0.428189158
vt 0.313036472 0.453356743
vt 0.313036472 0.453356743
vt 0.318306684 0.454840064
vt 0.30548954 0.437183261
vt 0.268507034 0.472718716
vt 0.2491449 0.428189158
vt 0.607804537 0.6708015
vt 0.6430087 0.695071936
vt 0.6942914 0.6902908
vt 0.43350172 0.932723463
vt 0.466398239 0.941898644
vt 0.457339168 0.8869969
vt 0.216964617 0.954960346
vt 0.211218774 0.9481396
vt 0.2226716 0.953623235
vt 0.226647273 0.862107158
vt 0.206187263 0.849996746
vt 0.236547828 0.8460887
vt 0.124481522 0.687151253
vt 0.143923864 0.7029433
vt 0.11068169 0.7095425
vt 0.2226716 0.953623235
vt 0.2213634 0.9209735
vt 0.211218774 0.9481396
vt 0.236547828 0.8460887
vt 0.22236833 0.8236985
vt 0.206187263 0.849996746
vt 0.11068169 0.7095425
vt 0.129609749 0.758794
vt 0.143923864 0.7029433
vt 0.221272513 0.9652164
vt 0.05780912 0.6303091
vt 0.0212999769 0.6889061
vt 0.027574338 0.630096853
vt 0.08998908 0.6449635
vt 0.104639985 0.6785781
vt 0.106843174 0.7139547
vt 0.0257912874 0.7353142
vt 0.065049544 0.7676506
vt 0.107314259 0.748215139
vt 0.07278318 0.7981864
vt 0.111085333 0.78909725
vt 0.127773881 0.816716731
vt 0.0748607442 0.824672759
vt 0.0920198858 0.860265255
vt 0.150413141 0.8356071
vt 0.113931566 0.8833568
vt 0.139888331 0.9008886
vt 0.174512535 0.849418
vt 0.162909478 0.908748
vt 0.193230778 0.86561054
vt 0.183671981 0.9201155
vt 0.211496 0.892080843
vt 0.198827863 0.9332822
vt 0.2213634 0.9209735
vt 0.24668172 0.8814291
vt 0.123833664 0.762466252
vt 0.115466423 0.7916788
vt 0.109240286 0.7148344
vt 0.14517267 0.7825217
vt 0.168485433 0.7859426
vt 0.142920911 0.828638
vt 0.165768117 0.837963045
vt 0.187399536 0.7910367
vt 0.186004832 0.8411943
vt 0.206346542 0.806218743
vt 0.22236833 0.8236985
vt 0.10868565 0.667084634
vt 0.216522664 0.778837
vt 0.228609458 0.76787436
vt 0.23655422 0.7923666
vt 0.21364899 0.7467907
vt 0.196927384 0.7767635
vt 0.1949079 0.7322166
vt 0.1674351 0.7315254
vt 0.177543074 0.7768847
vt 0.147953331 0.7761328
vt 0.129609749 0.758794
vt 0.151964664 0.7255356
vt 0.216964617 0.954960346
vt 0.221272513 0.9652164
vt 0.0212999769 0.6889061
vt 0.05780912 0.6303091
vt 0.027574338 0.630096853
vt 0.08998908 0.6449635
vt 0.104244985 0.67525053
vt 0.106843174 0.7139547
vt 0.0257912874 0.7353142
vt 0.065049544 0.7676506
vt 0.107314259 0.748215139
vt 0.07278318 0.7981864
vt 0.111085333 0.78909725
vt 0.127773881 0.816716731
vt 0.0748607442 0.824672759
vt 0.0920198858 0.860265255
vt 0.150413141 0.8356071
vt 0.113931566 0.8833568
vt 0.139888331 0.9008886
vt 0.174512535 0.849418
vt 0.162909478 0.908748
vt 0.193230778 0.86561054
vt 0.183671981 0.9201155
vt 0.211496 0.892080843
vt 0.198827863 0.9332822
vt 0.226647273 0.862107158
vt 0.24668172 0.8814291
vt 0.115466423 0.7916788
vt 0.123833664 0.762466252
vt 0.109240286 0.7148344
vt 0.14517267 0.7825217
vt 0.168485433 0.7859426
vt 0.142920911 0.828638
vt 0.165768117 0.837963045
vt 0.187399536 0.7910367
vt 0.186004832 0.8411943
vt 0.206346542 0.806218743
vt 0.124481522 0.687151253
vt 0.10868565 0.667084634
vt 0.228609458 0.76787436
vt 0.216522664 0.778837
vt 0.23655422 0.7923666
vt 0.21364899 0.7467907
vt 0.196927384 0.7767635
vt 0.1949079 0.7322166
vt 0.1674351 0.7315254
vt 0.177543074 0.7768847
vt 0.147953331 0.7761328
vt 0.151964664 0.7255356
vn 0.00237064343 0.983699858 -0.179802582
vn -0.0148480618 0.821044743 -0.5706707
vn -0.198946968 0.82035774 -0.5361281
vn -0.342147 0.8289481 -0.4424709
vn -0.4296089 0.847568154 -0.311551571
vn -0.458348 0.87344265 -0.164362669
vn -0.4264041 0.9043554 -0.0179111939
vn -0.330033869 0.937259138 0.112351947
vn -0.172661364 0.963025153 0.206810609
vn 0.0201992486 0.969736755 0.243315935
vn 0.205390289 0.95546937 0.211879984
vn 0.347981244 0.929532766 0.121974841
vn 0.434072465 0.900854945 -0.006439183
vn 0.461668462 0.8736607 -0.15355514
vn 0.4289267 0.851122856 -0.302674443
vn 0.33231914 0.835780144 -0.437076181
vn 0.176021934 0.8266554 -0.534469068
vn -0.0148480618 0.821044743 -0.5706707
vn -0.322801173 0.545015752 -0.773794055
vn -0.5578696 0.563901 -0.6089311
vn -0.7048237 0.5996237 -0.3790449
vn -0.7555264 0.644725263 -0.116228916
vn -0.709937155 0.678786457 0.187718183
vn -0.6096183 0.6814093 0.405026972
vn -0.297308028 0.768559039 0.566502333
vn 0.0153609347 0.774313569 0.6326156
vn 0.35337168 0.752175748 0.556201458
vn 0.5735656 0.6991972 0.426785439
vn 0.70821774 0.690764844 0.145847842
vn 0.7577917 0.642042458 -0.11633236
vn 0.7067012 0.597330451 -0.3791698
vn 0.5525225 0.565462232 -0.6123491
vn 0.29805845 0.5487629 -0.781038046
vn -0.0187563468 0.5421297 -0.8400855
vn -0.388229549 0.128455549 -0.9125661
vn -0.6785379 0.187054574 -0.710349858
vn -0.870850444 0.289810568 -0.397025555
vn -0.9367896 0.3463363 -0.0497643165
vn -0.830583155 0.366533846 0.419266671
vn -0.7247987 0.321613371 0.609287858
vn -0.4234184 0.5829036 0.693498552
vn 0.00605470967 0.6076689 0.7941674
vn 0.467108458 0.606610656 0.6432987
vn 0.6891766 0.3718602 0.621896744
vn 0.8599893 0.342698663 0.3781217
vn 0.936111152 0.344913423 -0.0687797
vn 0.867103159 0.269174874 -0.419138461
vn 0.679625 0.176261157 -0.712068737
vn 0.368234336 0.130170375 -0.92057544
vn -0.0135684172 0.113860548 -0.9934041
vn -0.395447016 -0.273138 -0.8769363
vn -0.682220161 -0.220220581 -0.6971933
vn -0.910146832 -0.106592357 -0.4003384
vn -0.9995843 0.009783047 0.0271194763
vn -0.916732967 0.07614011 0.392177641
vn -0.7022523 0.0328404419 0.711170256
vn 0.8951068 0.0478449948 0.44327718
vn 0.997324 -0.01402682 0.07175005
vn 0.8987646 -0.103960335 -0.4259278
vn 0.6788361 -0.205083162 -0.7050691
vn 0.3788926 -0.2723429 -0.884460151
vn -0.008780291 -0.2944603 -0.9556234
vn -0.4013256 -0.3503172 -0.846295238
vn -0.680995166 -0.3598761 -0.6377576
vn -0.872176766 -0.372463375 -0.3171414
vn -0.9404335 -0.323524922 0.104481995
vn -0.833107948 -0.256728023 0.489920229
vn 0.9435757 -0.32217288 0.076613456
vn 0.861392856 -0.3662323 -0.3519606
vn 0.6647253 -0.354427934 -0.6576634
vn 0.38942036 -0.3426655 -0.85494566
vn -0.0162910149 -0.33472833 -0.942173839
vn -0.3892637 -0.241973519 -0.8887759
vn -0.6582718 -0.3103583 -0.68582505
vn -0.8200705 -0.406322062 -0.402972341
vn -0.883301139 -0.4615374 0.08223305
vn -0.7619626 -0.4110706 0.5004338
vn -0.5075187 -0.2801746 0.814817131
vn -0.314204067 -0.10385859 0.943657339
vn 0.7553195 -0.395122528 0.522848547
vn 0.9051097 -0.174914986 0.387532145
vn 0.5634586 -0.3432558 0.751458466
vn 0.8076487 -0.439409435 -0.3932212
vn 0.640890956 -0.3305101 -0.6928361
vn 0.396683246 -0.275901616 -0.8755117
vn -0.0233754814 -0.222948909 -0.97454983
vn -0.9314166 0.07298521 0.3565619
vn -0.928328753 0.0782792345 0.363425463
vn -0.9176819 0.06323912 0.392250955
vn -0.9407127 0.0486509241 0.335697383
vn -0.9405401 0.07775009 0.330664933
vn -0.9066457 0.09959037 0.409969926
vn -0.630602062 0.2014163 0.7495149
vn -0.6458886 0.180741563 0.741728
vn -0.6864834 0.17867361 0.704852
vn 0.9351688 0.07168179 0.346873224
vn 0.92493 0.0567215644 0.375881881
vn 0.9243721 0.08744626 0.3713347
vn 0.9467928 0.0710667446 0.313899666
vn 0.9144674 0.09314088 0.393794626
vn 0.934074163 0.09713579 0.343613267
vn 0.6602277 0.176124543 0.7301229
vn 0.700142562 0.173771352 0.692534447
vn 0.7257505 0.141278982 0.673295259
vn -0.758346558 -0.6311571 -0.162945524
vn -0.4106144 -0.871662259 0.2675831
vn -0.16410698 0.320043623 0.933081448
vn 0.4069768 -0.8754575 0.2606607
vn 0.182117313 0.319740742 0.92983824
vn 0.7542184 -0.63465023 -0.168445066
vn 0.935329437 -0.34371987 -0.08375873
vn -0.938289642 -0.339610875 -0.0653987154
vn -0.15425007 0.5158007 0.8427079
vn 0.16834271 0.510942161 0.842970252
vn 0.973959267 -0.0976334 -0.204624251
vn -0.426810324 0.5408836 0.7247606
vn -0.282272 0.647029 0.7082909
vn 0.23146376 0.820710063 -0.52235955
vn 0.7901908 0.342475146 -0.5082413
vn -0.06556107 0.171884432 0.9829331
vn -0.5859669 0.596994 0.5479425
vn 0.8290337 -0.461768419 0.315393537
vn -0.434412628 0.618883133 0.654422939
vn -0.642598867 0.297363549 0.7061456
vn -0.823752642 0.2145813 -0.524772763
vn 0.355478466 -0.8250232 -0.439285547
vn 0.9019209 -0.353185982 0.248592764
vn 0.2748174 0.7682753 0.57812494
vn 0.882843137 -0.273442924 0.3818598
vn -0.7142333 0.443155378 -0.5417418
vn -0.287864327 0.466897964 -0.8361462
vn -0.370385259 0.8375921 -0.401564717
vn 0.210501328 0.7432586 0.6350243
vn 0.6169192 -0.263930947 0.741452038
vn -0.664951563 -0.5154166 0.5405415
vn -0.3140245 -0.842945933 0.436841816
vn -0.936428249 0.248678669 0.247509658
vn 0.0932398662 0.502670467 0.859435141
vn 0.03185665 0.2873737 0.9572886
vn -0.07376273 0.624151766 0.7778134
vn 0.08418978 0.171361119 0.9816045
vn -0.82658124 -0.4557365 0.330254048
vn 0.5998236 0.592798054 0.5374031
vn 0.657140732 0.292769343 0.694587767
vn 0.450331062 0.615761638 0.6465598
vn 0.8158016 0.208773941 -0.539334059
vn -0.899822235 -0.3467479 0.264737248
vn -0.36901015 -0.822469831 -0.4328682
vn -0.8778682 -0.266795576 0.397702873
vn -0.259946585 0.7688245 0.584240258
vn 0.7076146 0.43811962 -0.554376
vn 0.2762735 0.4648919 -0.841159
vn 0.10088037 0.7665435 -0.634219348
vn -0.4957896 -0.5777123 0.6484144
vn -0.325826317 -0.6790114 0.657860756
vn -0.1916878 -0.9151101 0.3547242
vn -0.30623138 0.4670663 0.829500735
vn -0.306089461 0.5419614 0.782679439
vn 0.2538012 0.7205978 0.645231545
vn 0.2777435 0.770296156 0.574022949
vn 0.4575381 0.7276814 0.5110173
vn -0.6822261 -0.257732183 -0.6842088
vn -0.730270147 -0.149455056 -0.6666098
vn -0.747286856 -0.3076912 -0.5889724
vn -0.4460161 -0.427225471 -0.7864783
vn -0.566218 -0.27974385 -0.7753325
vn 0.54281944 -0.228897676 0.808055
vn 0.6854953 0.00534801744 0.728057444
vn 0.694092155 -0.0355065465 0.71901
vn 0.786769748 0.0795645341 0.612097144
vn 0.102090992 -0.7811598 -0.6159276
vn 0.267115623 -0.642884433 -0.717878
vn 0.202792957 -0.727772951 -0.655150056
vn 0.154758111 -0.435238361 -0.8869146
vn 0.216512233 -0.486250222 -0.846571445
vn -0.580453 0.366412759 0.727197349
vn -0.486782759 0.406668723 0.7730867
vn -0.5529713 0.337045521 0.761986256
vn -0.5487009 0.3047007 0.778514445
vn -0.6112238 -0.492648959 -0.6194372
vn -0.6899708 -0.3597125 -0.628129959
vn -0.6920236 -0.381523669 -0.6128157
vn -0.31386894 -0.785788059 -0.5329385
vn -0.5441827 -0.5667894 -0.618558764
vn 0.4044741 0.0227424521 0.914266646
vn 0.518390536 0.427618 0.740549862
vn 0.5801263 0.3131739 0.7519146
vn 0.6486691 0.5165951 0.5588898
vn 0.5828387 -0.683924735 -0.438800633
vn 0.535661638 -0.7173828 -0.445453167
vn 0.5670381 -0.706679463 -0.423168927
vn 0.223498583 -0.704620957 -0.6734669
vn 0.34900862 -0.730809867 -0.586608768
vn -0.808807433 0.408507735 0.4230271
vn -0.806974947 0.345819741 0.47874856
vn -0.840833068 0.225151137 0.492246568
vn -0.8435106 0.0642845556 0.533251643
vn -0.498766661 -0.217808038 -0.8389228
vn -0.484746039 -0.131717011 -0.864680231
vn -0.4830345 -0.199889377 -0.8524799
vn -0.5114806 -0.281015843 -0.8120454
vn 0.761196554 -0.1522282 0.630401731
vn 0.715287566 0.157120466 0.6809382
vn 0.7704718 0.07309985 0.633269
vn 0.5647611 0.230108351 0.792524457
vn 0.6467441 0.286133081 0.7070007
vn -0.0722831041 -0.061331436 0.9954967
vn -0.0434541851 0.177741647 0.9831173
vn 0.0514326319 0.220426559 0.9740466
vn 0.298481464 0.2914878 0.90881443
vn -0.361804247 -0.2967007 -0.8837796
vn -0.361804217 -0.2967007 -0.8837796
vn -0.361804247 -0.296700716 -0.8837796
vn -0.6841961 -0.4791005 -0.5498531
vn -0.730725 -0.420664936 -0.53766346
vn -0.682289362 -0.535241544 -0.497993737
vn -0.6453087 -0.547355652 -0.53289634
vn 0.886008143 -0.03673082 0.462212533
vn 0.831955135 0.18771413 0.5221246
vn 0.8445915 0.151254162 0.5136023
vn 0.7668205 0.3388223 0.545147538
vn -0.573340952 -0.6401991 0.5112976
vn -0.7189161 -0.341667354 0.6053289
vn -0.7160192 -0.288839728 0.6355219
vn -0.734955549 -0.0366418324 0.67712456
vn 0.871455967 0.391738027 -0.295136958
vn 0.8881062 0.307270348 -0.341836631
vn 0.946098149 0.24414897 -0.2128134
vn 0.962375164 0.224686086 -0.152807608
vn 0.9990716 -0.0140731735 -0.0407178625
vn 0.7346894 -0.406649 -0.543017566
vn 0.7209036 -0.649589062 -0.2415203
vn 0.79959923 -0.302198529 -0.518957734
vn 0.5884953 -0.253771931 -0.767641246
vn -0.2380828 0.6058604 0.759111166
vn -0.39700526 0.4971842 0.7714886
vn -0.244713172 0.62053293 0.745019734
vn -0.709061265 0.0645514354 0.702186048
vn -0.5558732 0.32524085 0.7649989
vn -0.481158018 -0.7036588 -0.52283
vn -0.5024927 -0.684845567 -0.527719259
vn -0.504809439 -0.619645059 -0.6010054
vn -0.301455438 -0.4896763 -0.8181331
vn 0.7956735 0.303580076 0.5241592
vn 0.8178564 0.2849112 0.499936521
vn 0.867926061 -0.494644761 -0.0450650379
vn 0.742554367 0.312528133 0.592401147
vn 0.741624355 -0.637885332 -0.207594782
vn 0.5420396 -0.5104403 -0.6675656
vn 0.631095767 -0.400816977 -0.6641264
vn 0.6282019 -0.375270128 -0.6815678
vn 0.472571075 -0.5796876 -0.6638064
vn -0.324625731 0.00744296424 0.945813239
vn -0.392026 0.32470724 0.860744357
vn -0.411167175 0.285419434 0.86572355
vn -0.348012954 0.6051008 0.7160587
vn -0.4091684 0.543262959 0.7331075
vn -0.689957738 -0.591426969 -0.417339772
vn -0.713808656 -0.5431523 -0.44211182
vn -0.7416946 -0.538571358 -0.399787456
vn -0.8141574 -0.505564749 -0.285573065
vn 0.8193878 0.448252171 0.357314438
vn 0.821881235 0.444149 0.3567112
vn 0.880269349 0.17865099 0.439556271
vn 0.8647439 0.281985164 0.415574729
vn 0.8770449 -0.04524968 0.478272557
vn 0.251770556 -0.250029057 -0.9349316
vn 0.187568352 -0.1734287 -0.9668198
vn 0.129537448 -0.5198423 -0.844383836
vn 0.467637718 -0.164330855 -0.8685104
vn 0.367452174 -0.0478835143 -0.9288089
vn -0.685128868 0.08133028 0.723867238
vn -0.6634919 0.18884854 0.7239577
vn -0.6558285 0.22093682 0.7218559
vn -0.637578666 0.284762532 0.7158238
vn 0.929503858 -0.2865629 0.232173085
vn 0.9277416 -0.282358676 0.244067892
vn 0.9302324 -0.282353252 0.234401941
vn 0.9154614 -0.298351347 0.270031154
vn 0.9212782 -0.289925843 0.259209365
vn -0.493101478 -0.2040575 -0.845701754
vn -0.910270333 -0.0104571888 -0.413882315
vn -0.6227444 -0.413594037 -0.664175749
vn -0.5620649 -0.497538328 -0.660710752
vn 0.5568912 -0.492483228 -0.668829143
vn 0.561363 -0.5192294 -0.644416332
vn 0.61979717 -0.4079542 -0.67039156
vn 0.500502169 -0.498185217 -0.708031833
vn 0.507256567 -0.5654105 -0.650385857
vn -0.826481 -0.0294949654 0.5621914
vn -0.7228543 0.279079258 0.632136345
vn -0.717774749 0.37308687 0.5878823
vn -0.582121968 0.5958639 0.5532452
vn 0.7346407 -0.596433 0.323373854
vn 0.7881064 -0.5107097 0.343604416
vn 0.7891297 -0.5141128 0.33609885
vn 0.8114789 -0.446892977 0.37654835
vn 0.8189478 -0.443881929 0.36372146
vn -0.853313148 0.474511772 -0.216090769
vn -0.933865964 0.346553236 -0.08829059
vn -0.9584202 0.2622714 -0.112447307
vn -0.99967587 0.0204625335 -0.0151454965
vn 0.5444997 -0.5106052 -0.665434
vn 0.631721 -0.407057434 -0.6597218
vn 0.628480256 -0.377486676 -0.6800856
vn 0.472573668 -0.579687357 -0.6638047
vn 0.05582277 0.0411721729 0.997591436
vn -0.047729522 0.324349165 0.9447325
vn -0.04416676 0.243513733 0.9688913
vn -0.0422097631 0.5407237 0.840140641
vn -0.097255975 0.488706738 0.867010355
vn -0.7815139 -0.563255668 -0.2682891
vn -0.830140531 -0.473822 -0.2938698
vn -0.8527619 -0.465400845 -0.237063617
vn -0.886743069 -0.418010175 -0.1973682
vn 0.857111 0.3810783 0.3466124
vn 0.8773956 0.339365959 0.339127928
vn 0.8862511 0.193155035 0.421010882
vn 0.859900057 0.305506468 0.408947
vn 0.88234967 0.0181901474 0.470242649
vn 0.7683413 0.3374343 0.5438655
vn -0.280302256 -0.00814745 0.9598772
vn -0.280302256 -0.00814745 0.9598772
vn -0.280302256 -0.00814745 0.9598772
vn 0.6697056 -0.0188755635 0.742386758
vn 0.6697056 -0.0188755635 0.742386758
vn 0.6697056 -0.0188755635 0.742386758
vn 0.0945151448 -0.370476633 -0.9240205
vn -0.11293526 -0.370427758 -0.9219701
vn 0.053307917 -0.473219424 -0.8793302
vn -0.112670332 -0.491757244 -0.863411963
vn 0.254436851 -0.549518 -0.795796335
vn 0.25443688 -0.549518 -0.795796335
vn 0.254436851 -0.549518 -0.795796335
vn 0.188324422 -0.5260465 -0.8293425
vn 0.188324422 -0.5260466 -0.8293425
vn 0.188324422 -0.5260465 -0.8293425
vn 0.579185665 -0.5833101 -0.5694675
vn 0.678682446 -0.144000113 -0.720176458
vn 0.496447146 -0.5818933 -0.644158661
vn -0.247294247 -0.782701254 -0.5711605
vn 0.17516543 -0.973740757 -0.145416588
vn -0.261885434 -0.709069252 -0.654703557
vn -0.00778795127 0.500282049 0.8658275
vn -0.18203795 -0.7081963 0.682143867
vn -0.0181943867 -0.5306671 -0.847385049
vn -0.229248762 -0.4614899 -0.857013464
vn -0.229248747 -0.4614899 -0.857013464
vn -0.229248762 -0.461489916 -0.857013464
vn -0.00453470461 -0.5123693 -0.858753264
vn -0.00453470461 -0.5123693 -0.858753264
vn -0.00453470461 -0.5123693 -0.858753264
vn 0.07376275 -0.6241517 -0.777813435
vn 0.07376275 -0.6241517 -0.777813435
vn 0.07376275 -0.6241517 -0.777813435
vn -0.0365304723 -0.271026969 -0.9618783
vn -0.0365304723 -0.271026969 -0.9618783
vn -0.0365304723 -0.271026969 -0.9618783
vn -0.133779556 0.491360128 -0.860620856
vn -0.133779556 0.491360158 -0.860620856
vn -0.133779556 0.491360128 -0.860620856
vn 0.9975604 0.05561397 0.04219412
vn 0.9975604 0.05561397 0.04219412
vn 0.9975604 0.0556139648 0.04219412
vn 0.5439606 0.254346877 -0.799634039
vn 0.5439606 0.254346877 -0.799634039
vn 0.5439605 0.254346877 -0.799634039
vn 0.7341355 -0.327458739 -0.5948242
vn 0.7341355 -0.327458769 -0.5948242
vn 0.7341355 -0.327458739 -0.594824135
vn 0.977179766 -0.152167633 0.148205161
vn 0.9771797 -0.152167648 0.148205161
vn 0.977179766 -0.152167633 0.148205161
vn 0.390123248 -0.472677231 -0.7901772
vn 0.390123248 -0.472677231 -0.7901772
vn 0.390123248 -0.472677231 -0.7901772
vn 0.9556902 -0.240174815 -0.170212641
vn 0.9556902 -0.240174815 -0.170212641
vn 0.9556902 -0.240174815 -0.170212626
vn -0.6585264 -0.6096483 -0.4412164
vn -0.6585264 -0.6096483 -0.4412164
vn -0.6585264 -0.6096483 -0.4412164
vn 0.561179161 -0.53554374 -0.631087065
vn 0.5611791 -0.5355437 -0.6310871
vn 0.561179161 -0.5355437 -0.6310871
vn 0.304539084 -0.8172251 -0.489284277
vn 0.304539055 -0.8172251 -0.489284277
vn 0.304539055 -0.8172251 -0.489284277
vn 0.248817191 -0.9239194 -0.290625125
vn 0.248817191 -0.9239194 -0.290625125
vn 0.248817191 -0.9239194 -0.290625125
vn 0.241230324 -0.9150072 -0.3233726
vn 0.241230354 -0.9150072 -0.3233726
vn 0.241230354 -0.9150072 -0.3233726
vn 0.443250924 -0.7308706 -0.518995941
vn 0.443250954 -0.7308706 -0.518995941
vn 0.443250924 -0.7308706 -0.5189959
vn -0.0579379 -0.46582523 -0.882977962
vn -0.0579379052 -0.46582523 -0.882977962
vn -0.0579378977 -0.4658252 -0.882977962
vn 0.251707 -0.7363479 -0.6280409
vn 0.251707 -0.7363479 -0.6280409
vn 0.251707 -0.736347854 -0.6280409
vn -0.0340249129 -0.601070762 -0.7984712
vn -0.0340249129 -0.601070762 -0.7984712
vn -0.0340249129 -0.601070762 -0.7984712
vn 0.0136660291 -0.644219935 -0.7647182
vn 0.0136660291 -0.64422 -0.7647182
vn 0.0136660291 -0.644219935 -0.7647182
vn -0.0248961784 -0.6333786 -0.773441434
vn -0.0248961784 -0.6333786 -0.7734415
vn -0.0248961784 -0.6333786 -0.7734415
vn 0.02534256 -0.5016357 -0.8647077
vn 0.02534256 -0.5016357 -0.8647077
vn 0.02534256 -0.5016357 -0.8647077
vn 0.327102542 -0.726900756 -0.603837132
vn 0.327102542 -0.7269007 -0.603837132
vn 0.327102542 -0.726900756 -0.603837132
vn 0.08463575 -0.537312448 -0.8391258
vn 0.08463574 -0.5373125 -0.839125752
vn 0.08463574 -0.5373125 -0.8391258
vn -0.593328834 -0.5791543 -0.5590538
vn -0.51190567 -0.5783387 -0.635198355
vn -0.692383468 -0.139154732 -0.707983851
vn 0.228631884 -0.785713434 -0.5747885
vn 0.2891701 -0.5243954 -0.800868332
vn 0.3172475 -0.443971485 -0.8379996
vn -0.100068659 -0.5271355 -0.843868732
vn -0.100068651 -0.5271355 -0.843868732
vn -0.100068651 -0.5271355 -0.843868732
vn -0.6095917 -0.7868777 -0.096028015
vn -0.6095917 -0.7868777 -0.09602801
vn -0.6095917 -0.786877751 -0.09602801
vn 0.03895867 -0.46616444 -0.8838399
vn 0.03895867 -0.4661644 -0.8838399
vn 0.0389586724 -0.46616444 -0.8838399
vn -0.457538217 -0.7276813 -0.5110174
vn -0.457538247 -0.7276813 -0.5110174
vn -0.457538217 -0.7276813 -0.5110174
vn -0.26800862 -0.7345043 -0.623437941
vn -0.26800862 -0.7345043 -0.623437941
vn -0.26800862 -0.7345043 -0.623437941
vn 0.0155786164 -0.6012523 -0.79890734
vn 0.0155786173 -0.6012523 -0.79890734
vn 0.0155786164 -0.6012523 -0.79890734
vn -0.960248649 -0.233371839 -0.153166771
vn -0.960248649 -0.233371854 -0.153166771
vn -0.960248649 -0.233371854 -0.153166771
vn -0.407438666 -0.4698536 -0.7830909
vn -0.4074387 -0.46985364 -0.78309083
vn -0.4074387 -0.46985364 -0.78309083
vn 0.646262646 -0.6142601 -0.4528014
vn 0.646262646 -0.614260137 -0.452801377
vn 0.646262646 -0.614260137 -0.4528014
vn -0.5562486 0.2582351 -0.789874732
vn -0.5562486 0.2582351 -0.789874732
vn -0.5562486 0.2582351 -0.789874732
vn -0.996229947 0.06268948 0.059965957
vn -0.996229947 0.06268948 0.059965957
vn -0.996229947 0.0626894757 0.05996596
vn -0.746871948 -0.322235674 -0.5816756
vn -0.746871948 -0.3222357 -0.5816756
vn -0.746871948 -0.322235674 -0.5816756
vn -0.975448251 -0.145291328 0.165502638
vn -0.975448251 -0.145291328 0.165502638
vn -0.975448251 -0.145291328 0.165502638
vn -0.5760751 -0.5315245 -0.6209824
vn -0.5760751 -0.531524539 -0.6209824
vn -0.5760751 -0.5315245 -0.6209824
vn -0.3189491 -0.8150258 -0.483740032
vn -0.318949074 -0.8150258 -0.483740032
vn -0.318949074 -0.8150258 -0.483740032
vn -0.260471 -0.9221138 -0.286113739
vn -0.260471016 -0.9221138 -0.286113739
vn -0.260471016 -0.9221138 -0.286113739
vn -0.253415734 -0.913268566 -0.3189373
vn -0.253415734 -0.913268566 -0.3189373
vn -0.253415763 -0.913268566 -0.318937331
vn -0.031792026 -0.6440492 -0.7643231
vn -0.031792026 -0.6440492 -0.7643232
vn -0.031792026 -0.6440492 -0.7643231
vn -0.09197013 -0.623559654 -0.7763471
vn -0.09197013 -0.623559654 -0.77634716
vn -0.09197013 -0.623559654 -0.77634716
vn 0.0175230056 -0.271234632 -0.962353766
vn 0.0175230037 -0.2712346 -0.962353766
vn 0.0175230037 -0.2712346 -0.962353766
vn 0.121937156 0.4903889 -0.8629311
vn 0.121937156 0.49038893 -0.8629311
vn 0.121937156 0.49038893 -0.8629311
vn 0.00667589856 -0.633482754 -0.773728
vn 0.00667589856 -0.6334828 -0.773727953
vn 0.006675899 -0.6334828 -0.773727953
vn -0.0442393 -0.501394331 -0.864087164
vn -0.0442393 -0.5013944 -0.8640871
vn -0.044239305 -0.5013944 -0.8640871
vn 0.0837566257 -0.55295223 -0.828992546
vn 0.08375662 -0.5529522 -0.8289926
vn 0.08375662 -0.55295223 -0.828992546
vn 0.09909655 -0.54894495 -0.829963446
vn 0.09909656 -0.5489449 -0.829963446
vn 0.09909655 -0.5489449 -0.829963446
vn -0.04638554 -0.318101 -0.9469214
vn -0.04638554 -0.318101 -0.9469214
vn -0.04638554 -0.318101 -0.9469214
vn 0.67294693 0.0135385515 0.739566863
vn 0.7789975 -0.211304829 0.5903501
vn 0.86659956 -0.4960887 0.053863
vn -0.9333022 0.0832676962 0.349304318
vn -0.3644216 0.333496 0.8694696
vn -0.33262822 0.316827118 0.8882449
vn -0.374527246 0.261380285 0.8896121
vn -0.393764824 0.363558829 0.8442596
vn -0.3833111 0.303869516 0.872201741
vn -0.394065261 0.201151788 0.89680016
vn -0.352601916 0.140690908 0.925136745
vn -0.3932385 0.100300416 0.9139493
vn -0.501757145 0.193299934 0.843134
vn -0.5110501 0.182737142 0.839901745
vn -0.5264817 0.226136431 0.819560468
vn -0.5721352 0.226788431 0.788180351
vn -0.536921 0.1747658 0.8253319
vn -0.569302261 0.157964677 0.806809843
vn -0.676974 0.191219851 0.7107329
vn -0.6095477 0.1336673 0.7813992
vn -0.6901273 0.148106381 0.7083705
vn -0.78873837 0.168627292 0.5911486
vn -0.7579092 0.122362077 0.6407817
vn -0.8472034 0.146087438 0.51078856
vn -0.8309034 0.100431889 0.5472778
vn -0.8916723 0.120037049 0.43647632
vn -0.8891749 0.07906148 0.450685441
vn -0.9169875 0.0939553 0.387693673
vn -0.951524 0.0773027837 0.297701657
vn -0.6003599 0.186012343 0.7777965
vn -0.589538455 0.185025454 0.7862633
vn -0.6495158 0.180438325 0.7386279
vn -0.6529803 0.206951678 0.728551745
vn -0.7203732 0.165554658 0.6735385
vn -0.706716 0.158223882 0.689577937
vn -0.777194858 0.143096343 0.6127737
vn -0.8332708 0.12832953 0.537765145
vn -0.835603952 0.12658374 0.534548938
vn -0.8853181 0.113532849 0.450912565
vn -0.9271122 0.103725187 0.3601444
vn -0.60071 0.182854429 0.7782749
vn -0.9260131 0.08584498 0.367600739
vn -0.9403402 0.0808555856 0.330488473
vn -0.9404942 0.0826285854 0.3296107
vn -0.918836832 0.0932884738 0.383452863
vn -0.8829948 0.106303535 0.457186848
vn -0.879377067 0.110355206 0.4631605
vn -0.8046117 0.149746 0.574609637
vn -0.823984265 0.131478637 0.5511472
vn -0.7544215 0.128392369 0.643710852
vn -0.7126615 0.1463652 0.686069131
vn -0.7547065 0.201966226 0.624201655
vn 0.939922631 0.07661345 0.332679719
vn 0.93809545 0.06635681 0.33996138
vn 0.409428239 0.236004 0.8812892
vn 0.30872646 0.235705346 0.92148304
vn 0.378466 0.273768336 0.884202659
vn 0.4282461 0.324522436 0.8433804
vn 0.426227361 0.282898962 0.8592429
vn 0.436283767 0.199427277 0.877431035
vn 0.40721783 0.149722353 0.9009755
vn 0.4360711 0.118803844 0.892035663
vn 0.518006444 0.1896977 0.8340768
vn 0.527164161 0.179067433 0.8306821
vn 0.542538047 0.22235693 0.810067832
vn 0.5876316 0.222689539 0.7778808
vn 0.5527139 0.170913339 0.8156568
vn 0.584643543 0.153886139 0.796561956
vn 0.690825939 0.186388418 0.6985835
vn 0.6242607 0.129309461 0.770439863
vn 0.7036303 0.143183783 0.6959905
vn 0.8002823 0.163013071 0.5770398
vn 0.7700154 0.116967157 0.627212048
vn 0.8571509 0.140070751 0.4956536
vn 0.841180563 0.0945290849 0.5324279
vn 0.9001108 0.113709711 0.420560032
vn 0.897575736 0.0727447048 0.434817165
vn 0.957185447 0.0705409348 0.280749023
vn 0.9468485 0.0419648439 0.318930715
vn 0.663794 0.175796777 0.726961553
vn 0.6046879 0.180807486 0.7756682
vn 0.6153691 0.181718856 0.767006636
vn 0.667269349 0.202288568 0.71682
vn 0.733377337 0.160412431 0.6606251
vn 0.7199527 0.1531768 0.676908433
vn 0.78894645 0.137552768 0.598867834
vn 0.8435795 0.122392416 0.52287066
vn 0.8458405 0.120628364 0.519617736
vn 0.8939697 0.107230641 0.43510893
vn 0.615720868 0.17855379 0.7674675
vn 0.6452279 0.196905375 0.7381796
vn 0.9467578 0.075967446 0.3128556
vn 0.946606934 0.07419534 0.313736141
vn 0.9329779 0.07928355 0.351093084
vn 0.9261377 0.08677622 0.367068022
vn 0.8917059 0.100037105 0.441421777
vn 0.8882225 0.104115717 0.447460234
vn 0.815728247 0.144019544 0.560219467
vn 0.83455646 0.125618055 0.5364099
vn 0.7666241 0.123015605 0.630202055
vn 0.7670787 0.196581945 0.6106929
vn -0.25443688 0.549518 0.795796335
vn 0.8069423 0.106047422 0.5810319
vn 0.15966177 0.4948973 0.8541573
vn -0.0846357346 0.5373124 0.8391258
vn -0.296017081 0.7068902 0.6424018
vn -0.00344443228 0.6014079 0.7989347
vn 0.0107295243 0.602418065 0.798108637
vn 0.0579379052 0.46582523 0.882977962
vn -0.237212822 0.722340167 0.6495804
vn -0.443250954 0.7308706 0.518995941
vn -0.262049317 0.7722051 0.5788173
vn -0.9556902 0.240174815 0.170212641
vn 0.62921375 0.6235053 0.4640379
vn -0.390123248 0.472677231 0.7901772
vn -0.665952265 0.154941171 0.729726553
vn -0.5439606 -0.254346877 0.799634039
vn -0.7540803 0.0658183843 0.653476
vn -0.9975604 -0.05561397 -0.04219412
vn -0.9864216 0.1527254 -0.0603936948
vn -0.585018754 0.618208647 0.5249487
vn -0.2754507 0.882346451 0.381564677
vn -0.2430456 0.9172084 0.315686047
vn -0.0109992847 0.6246617 0.780818
vn 0.128784969 -0.439230561 0.8890956
vn -0.03895867 0.4661644 0.8838399
vn 0.00771239772 0.6024326 0.7981325
vn 0.571209669 0.794025362 0.2079501
vn 0.100068651 0.5271355 0.843868732
vn 0.0228580814 0.503113 0.8639183
vn 0.0262872074 0.607193649 0.794118941
vn 0.0463855453 0.318101 0.9469214
vn -0.07802541 0.5206313 0.8502088
vn -0.08375662 0.5529522 0.8289926
vn -0.02006349 0.52319926 0.8519742
vn 0.09197013 0.623559654 0.77634716
vn -0.0128165623 0.287546128 0.95768106
vn -0.116069332 -0.4383008 0.8913026
vn 0.02927841 0.624515235 0.780463636
vn 0.9862476 0.14577271 -0.07788436
vn 0.996229947 -0.06268948 -0.059965957
vn 0.7660057 0.06045182 0.639985
vn 0.5562486 -0.2582351 0.789874732
vn 0.6798735 0.150190875 0.7177846
vn 0.598604143 0.61402756 0.5144349
vn 0.4074387 0.46985364 0.78309083
vn -0.6164452 0.6279122 0.47510165
vn 0.960248649 0.233371854 0.153166771
vn 0.288416952 0.880351543 0.376559228
vn 0.2551069 0.9154535 0.3112321
vn 0.8065445 0.0258554 0.5906077
vn -0.638741 0.321449131 0.699056745
vn 0.7708774 0.298223525 0.5628594
vn -0.832283139 0.366020918 0.416333377
vn -0.5367555 -0.308487862 -0.7853208
vn 0.384889752 0.241141438 0.8909044
vn -0.6324506 -0.447407335 -0.632323444
vn -0.706567764 -0.0485249758 0.7059797
vn 0.4572121 -0.4092184 -0.789618552
vn -0.187929824 -0.4152905 -0.890065253
vn 0.234529391 -0.7966767 -0.5570478
vn -0.842434645 -0.50523895 -0.187182978
vn -0.6380052 0.285411328 0.7151851
vn -0.00732965 -0.357055068 -0.934054554
vn -0.5868469 0.6714625 0.4524918
vn -0.8925888 0.3447934 -0.2905216
vn 0.234530553 -0.7966777 -0.5570459
vn -0.889407933 -0.446407169 -0.0983574
vn -0.585229337 0.415854245 0.696112
vn -0.585229337 0.415854245 0.696112
vn -0.585229337 0.415854245 0.696112
vn 0.144725055 0.423171759 0.8944162
vn 0.144725055 0.423171759 0.8944162
vn 0.144725055 0.423171759 0.8944162
vn 0.9314158 -0.0729827359 -0.356564283
vn 0.917682 -0.06323885 -0.392250717
vn 0.9283281 -0.0782766938 -0.363427728
vn 0.940712452 -0.04865157 -0.335697919
vn 0.9066458 -0.09959057 -0.409969747
vn 0.940539837 -0.0777502954 -0.330665618
vn 0.630601943 -0.20141539 -0.7495152
vn 0.6864838 -0.178672925 -0.704851747
vn 0.645889 -0.180740774 -0.7417278
vn -0.935169 -0.07168043 -0.346873075
vn -0.9243723 -0.0874464661 -0.371333927
vn -0.924930036 -0.0567199551 -0.37588194
vn -0.9467927 -0.07106646 -0.313899815
vn -0.9340747 -0.09713709 -0.343611479
vn -0.9144676 -0.09314275 -0.3937937
vn -0.660226166 -0.176126 -0.730124
vn -0.725749731 -0.141280025 -0.673295856
vn -0.7001414 -0.17377235 -0.6925354
vn 0.9333015 -0.08326514 -0.349306732
vn 0.364421725 -0.3334954 -0.8694697
vn 0.374527216 -0.261379838 -0.889612257
vn 0.332627982 -0.316826433 -0.8882453
vn 0.39376545 -0.36355868 -0.8442594
vn 0.38331148 -0.3038683 -0.872202039
vn 0.3940654 -0.201151446 -0.89680016
vn 0.3526019 -0.1406916 -0.9251366
vn 0.393238723 -0.100301266 -0.913949132
vn 0.501757264 -0.193300873 -0.8431337
vn 0.5110498 -0.182737321 -0.839901865
vn 0.526480734 -0.226137653 -0.819560766
vn 0.57213527 -0.226789027 -0.7881802
vn 0.536920547 -0.1747651 -0.825332344
vn 0.569302 -0.1579634 -0.8068102
vn 0.6769738 -0.191219687 -0.710733056
vn 0.609549165 -0.133666843 -0.7813981
vn 0.6901279 -0.148107022 -0.7083698
vn 0.7887368 -0.1686277 -0.5911505
vn 0.7579079 -0.122363031 -0.640783
vn 0.8472025 -0.146088824 -0.5107896
vn 0.8309027 -0.1004331 -0.547278643
vn 0.8916729 -0.120038688 -0.436474621
vn 0.8891754 -0.0790623948 -0.45068416
vn 0.916987836 -0.09395542 -0.387692779
vn 0.951524436 -0.07730512 -0.29769972
vn 0.60035795 -0.186011732 -0.7777981
vn 0.6495159 -0.180438146 -0.7386279
vn 0.5895362 -0.185024828 -0.7862652
vn 0.652980268 -0.2069518 -0.7285518
vn 0.72037375 -0.165553421 -0.6735382
vn 0.7067153 -0.1582227 -0.68957895
vn 0.7771957 -0.143094048 -0.6127732
vn 0.833270848 -0.128326625 -0.537765741
vn 0.8356052 -0.126582265 -0.5345474
vn 0.885318 -0.113532454 -0.450912923
vn 0.927112 -0.103724994 -0.360145032
vn 0.600708961 -0.182853073 -0.778275967
vn 0.9260137 -0.08584116 -0.367600232
vn 0.940495849 -0.0826256946 -0.329606622
vn 0.940342069 -0.08085425 -0.330483556
vn 0.9188372 -0.09328595 -0.383452654
vn 0.882994056 -0.1063034 -0.4571882
vn 0.8793771 -0.110355653 -0.4631603
vn 0.8046118 -0.149745911 -0.5746094
vn 0.8239846 -0.131479785 -0.551146448
vn 0.7544226 -0.128391236 -0.6437098
vn 0.712661445 -0.146363914 -0.6860694
vn 0.7547065 -0.201965481 -0.6242019
vn -0.9380962 -0.0663577 -0.339959025
vn -0.9399242 -0.07661886 -0.332674116
vn -0.409428328 -0.236004069 -0.8812891
vn -0.3784651 -0.273767173 -0.884203434
vn -0.3087263 -0.23570475 -0.9214832
vn -0.428246051 -0.3245223 -0.843380451
vn -0.426227748 -0.28289935 -0.8592426
vn -0.436283827 -0.199427336 -0.877431035
vn -0.407218069 -0.1497227 -0.900975347
vn -0.436071 -0.118803605 -0.8920357
vn -0.5180062 -0.189697236 -0.83407706
vn -0.5271642 -0.179067 -0.830682158
vn -0.5425387 -0.222356454 -0.810067534
vn -0.587631643 -0.2226893 -0.7778808
vn -0.552714169 -0.170913532 -0.815656543
vn -0.5846434 -0.15388608 -0.7965621
vn -0.6908257 -0.186388463 -0.6985837
vn -0.6242608 -0.129309461 -0.7704398
vn -0.7036304 -0.1431838 -0.695990443
vn -0.800282359 -0.163013 -0.5770398
vn -0.7700147 -0.116965905 -0.6272132
vn -0.8571505 -0.140069082 -0.495654762
vn -0.8411801 -0.09452795 -0.532428861
vn -0.9001111 -0.113710321 -0.420559227
vn -0.8975765 -0.07274649 -0.434815347
vn -0.9468485 -0.04196448 -0.318930864
vn -0.9571853 -0.07054013 -0.280749619
vn -0.6637932 -0.175796181 -0.7269624
vn -0.61536926 -0.181718588 -0.7670066
vn -0.604688048 -0.1808072 -0.7756682
vn -0.6672687 -0.202287048 -0.7168211
vn -0.733377337 -0.1604119 -0.6606252
vn -0.719953358 -0.153177187 -0.6769076
vn -0.788947046 -0.137553155 -0.598867
vn -0.8435788 -0.122392766 -0.5228717
vn -0.8458396 -0.120629318 -0.519619048
vn -0.8939692 -0.107232362 -0.435109615
vn -0.645225942 -0.196907654 -0.738180757
vn -0.615717649 -0.178555146 -0.767469764
vn -0.946757138 -0.07596969 -0.3128571
vn -0.932977736 -0.07928385 -0.351093441
vn -0.946606457 -0.07420015 -0.3137364
vn -0.9261378 -0.0867748559 -0.367067933
vn -0.891706049 -0.100036934 -0.4414215
vn -0.8882234 -0.104113854 -0.447458953
vn -0.815728068 -0.1440207 -0.560219347
vn -0.8345554 -0.125620782 -0.536411
vn -0.766624 -0.123017438 -0.6302019
vn -0.7670778 -0.196582958 -0.6106937
usemtl 9014000801_part_0_material_0
f 1/1/1 2/2/2 3/3/3
f 1/1/1 3/3/3 4/4/4
f 1/1/1 4/4/4 5/5/5
f 1/1/1 5/5/5 6/6/6
f 1/1/1 6/6/6 7/7/7
f 1/1/1 7/7/7 8/8/8
f 1/1/1 8/8/8 9/9/9
f 1/1/1 9/9/9 10/10/10
f 1/1/1 10/10/10 11/11/11
f 1/1/1 11/11/11 12/12/12
f 1/1/1 12/12/12 13/13/13
f 1/1/1 13/13/13 14/14/14
f 1/1/1 14/14/14 15/15/15
f 1/1/1 15/15/15 16/16/16
f 1/1/1 16/16/16 17/17/17
f 1/1/1 17/17/17 18/18/18
f 19/19/19 3/3/3 2/2/2
f 20/20/20 4/4/4 3/3/3
f 21/21/21 5/5/5 4/4/4
f 22/22/22 6/6/6 5/5/5
f 23/23/23 7/7/7 6/6/6
f 24/24/24 8/8/8 7/7/7
f 25/25/25 9/9/9 8/8/8
f 26/26/26 10/10/10 9/9/9
f 27/27/27 11/11/11 10/10/10
f 28/28/28 12/12/12 11/11/11
f 29/29/29 13/13/13 12/12/12
f 30/30/30 14/14/14 13/13/13
f 31/31/31 15/15/15 14/14/14
f 32/32/32 16/16/16 15/15/15
f 33/33/33 17/17/17 16/16/16
f 34/34/34 18/18/18 17/17/17
f 35/35/35 19/19/19 34/34/34
f 36/36/36 20/20/20 19/19/19
f 37/37/37 21/21/21 20/20/20
f 38/38/38 22/22/22 21/21/21
f 39/39/39 23/23/23 22/22/22
f 40/40/40 24/24/24 23/23/23
f 41/41/41 25/25/25 24/24/24
f 42/42/42 26/26/26 25/25/25
f 43/43/43 27/27/27 26/26/26
f 44/44/44 28/28/28 27/27/27
f 45/45/45 29/29/29 28/28/28
f 46/46/46 30/30/30 29/29/29
f 47/47/47 31/31/31 30/30/30
f 48/48/48 32/32/32 31/31/31
f 49/49/49 33/33/33 32/32/32
f 50/50/50 34/34/34 33/33/33
f 51/51/51 35/35/35 50/50/50
f 52/52/52 36/36/36 35/35/35
f 53/53/53 37/37/37 36/36/36
f 54/54/54 38/38/38 37/37/37
f 55/55/55 39/39/39 38/38/38
f 56/56/56 40/40/40 39/39/39
f 57/57/57 45/45/45 44/44/44
f 58/58/58 46/46/46 45/45/45
f 59/59/59 47/47/47 46/46/46
f 60/60/60 48/48/48 47/47/47
f 61/61/61 49/49/49 48/48/48
f 62/62/62 50/50/50 49/49/49
f 63/63/63 51/51/51 62/62/62
f 64/64/64 52/52/52 51/51/51
f 65/65/65 53/53/53 52/52/52
f 66/66/66 54/54/54 53/53/53
f 67/67/67 55/55/55 54/54/54
f 68/68/68 58/58/58 57/57/57
f 69/69/69 59/59/59 58/58/58
f 70/70/70 60/60/60 59/59/59
f 71/71/71 61/61/61 60/60/60
f 72/72/72 62/62/62 61/61/61
f 73/73/73 63/63/63 72/72/72
f 74/74/74 64/64/64 63/63/63
f 75/75/75 65/65/65 64/64/64
f 76/76/76 66/66/66 65/65/65
f 77/77/77 67/67/67 66/66/66
f 78/78/78 79/79/79 67/67/67
f 80/80/80 81/81/81 82/82/82
f 68/68/68 81/81/81 80/80/80
f 83/83/83 69/69/69 68/68/68
f 84/84/84 70/70/70 69/69/69
f 85/85/85 71/71/71 70/70/70
f 86/86/86 72/72/72 71/71/71
f 87/87/87 88/88/88 89/89/89
f 90/90/90 91/91/91 92/92/92
f 93/93/93 94/94/94 95/95/95
f 96/96/96 97/97/97 98/98/98
f 99/99/99 100/100/100 101/101/101
f 102/102/102 103/103/103 104/104/104
f 105/105/105 106/106/106 107/107/107
f 106/106/106 108/108/108 109/109/109
f 110/110/110 111/111/111 109/109/109
f 112/112/112 107/107/107 113/113/113
f 107/107/107 109/109/109 114/114/114
f 109/109/109 111/111/111 115/115/115
f 116/116/116 113/113/113 117/117/117
f 113/113/113 114/114/114 118/118/118
f 114/114/114 115/115/115 119/119/119
f 120/120/120 121/121/121 122/122/122
f 121/121/121 123/123/123 124/124/124
f 120/120/120 123/123/123 121/121/121
f 125/125/125 123/123/123 120/120/120
f 123/123/123 126/126/126 127/127/127
f 126/126/126 128/128/128 129/129/129
f 123/123/123 128/128/128 126/126/126
f 125/125/125 128/128/128 123/123/123
f 130/130/130 128/128/128 125/125/125
f 131/131/131 128/128/128 130/130/130
f 132/132/132 128/128/128 131/131/131
f 128/128/128 133/133/133 134/134/134
f 133/133/133 135/135/135 136/136/136
f 128/128/128 135/135/135 133/133/133
f 128/128/128 137/137/137 135/135/135
f 132/132/132 137/137/137 128/128/128
f 138/138/138 139/139/139 140/140/140
f 141/141/141 142/142/142 143/143/143
f 143/143/143 144/144/144 145/145/145
f 141/141/141 143/143/143 145/145/145
f 146/146/146 141/141/141 145/145/145
f 145/145/145 147/147/147 148/148/148
f 148/148/148 149/149/149 150/150/150
f 145/145/145 148/148/148 150/150/150
f 146/146/146 145/145/145 150/150/150
f 151/151/151 146/146/146 150/150/150
f 152/152/152 151/151/151 150/150/150
f 153/153/153 152/152/152 150/150/150
f 150/150/150 154/154/154 155/155/155
f 155/155/155 156/156/156 157/157/157
f 150/150/150 155/155/155 157/157/157
f 150/150/150 157/157/157 158/158/158
f 153/153/153 150/150/150 158/158/158
f 159/159/159 160/160/160 161/161/161
f 162/162/162 163/163/163 164/164/164
f 162/162/162 165/165/165 166/166/166
f 167/167/167 168/168/168 169/169/169
f 169/169/169 168/168/168 170/170/170
f 171/171/171 172/172/172 173/173/173
f 172/172/172 174/174/174 175/175/175
f 176/176/176 177/177/177 178/178/178
f 177/177/177 179/179/179 178/178/178
f 180/180/180 181/181/181 182/182/182
f 180/180/180 183/183/183 184/184/184
f 185/185/185 186/186/186 187/187/187
f 187/187/187 186/186/186 188/188/188
f 189/189/189 190/190/190 191/191/191
f 190/190/190 192/192/192 193/193/193
f 194/194/194 195/195/195 196/196/196
f 195/195/195 197/197/197 196/196/196
f 198/198/198 199/199/199 200/200/200
f 198/198/198 200/200/200 201/201/201
f 202/202/202 203/203/203 204/204/204
f 203/203/203 205/205/205 206/206/206
f 207/207/207 208/208/208 209/209/209
f 209/209/209 208/208/208 210/210/210
f 211/211/211 212/212/212 213/213/213
f 214/214/214 215/215/215 216/216/216
f 214/214/214 216/216/216 217/217/217
f 218/218/218 219/219/219 220/220/220
f 219/219/219 221/221/221 220/220/220
f 222/222/222 223/223/223 224/224/224
f 224/224/224 223/223/223 225/225/225
f 226/226/226 227/227/227 228/228/228
f 229/229/229 228/228/228 230/230/230
f 231/231/231 232/232/232 233/233/233
f 231/231/231 233/233/233 234/234/234
f 235/235/235 236/236/236 237/237/237
f 236/236/236 238/238/238 239/239/239
f 240/240/240 241/241/241 242/242/242
f 242/242/242 241/241/241 243/243/243
f 244/244/244 245/245/245 246/246/246
f 247/247/247 246/246/246 248/248/248
f 249/249/249 250/250/250 251/251/251
f 249/249/249 251/251/251 252/252/252
f 253/253/253 254/254/254 255/255/255
f 254/254/254 256/256/256 257/257/257
f 258/258/258 259/259/259 260/260/260
f 260/260/260 259/259/259 261/261/261
f 262/262/262 263/263/263 264/264/264
f 265/265/265 264/264/264 266/266/266
f 267/267/267 268/268/268 269/269/269
f 267/267/267 270/270/270 271/271/271
f 272/272/272 273/273/273 274/274/274
f 274/274/274 273/273/273 275/275/275
f 276/276/276 277/277/277 278/278/278
f 277/277/277 279/279/279 280/280/280
f 281/281/281 282/282/282 283/283/283
f 282/282/282 284/284/284 283/283/283
f 285/285/285 286/286/286 287/287/287
f 285/285/285 288/288/288 289/289/289
f 290/290/290 291/291/291 292/292/292
f 292/292/292 291/291/291 293/293/293
f 294/294/294 295/295/295 296/296/296
f 295/295/295 297/297/297 298/298/298
f 299/299/299 300/300/300 301/301/301
f 300/300/300 302/302/302 301/301/301
f 303/303/303 304/304/304 305/305/305
f 303/303/303 305/305/305 306/306/306
f 307/307/307 308/308/308 309/309/309
f 308/308/308 310/310/310 311/311/311
f 312/312/312 313/313/313 314/314/314
f 314/314/314 313/313/313 315/315/315
f 316/316/316 317/317/317 318/318/318
f 319/319/319 318/318/318 320/320/320
f 220/220/220 221/221/221 321/321/321
f 322/322/322 323/323/323 324/324/324
f 325/325/325 326/326/326 327/327/327
f 105/105/105 112/112/112 328/328/328
f 106/106/106 328/328/328 329/329/329
f 110/110/110 108/108/108 329/329/329
f 112/112/112 116/116/116 330/330/330
f 328/328/328 330/330/330 331/331/331
f 329/329/329 331/331/331 115/115/115
f 332/332/332 333/333/333 334/334/334
f 335/335/335 336/336/336 337/337/337
f 330/330/330 117/117/117 118/118/118
f 331/331/331 118/118/118 119/119/119
f 120/120/120 122/122/122 338/338/338
f 338/338/338 339/339/339 340/340/340
f 120/120/120 338/338/338 340/340/340
f 125/125/125 120/120/120 340/340/340
f 340/340/340 127/127/127 126/126/126
f 126/126/126 129/129/129 341/341/341
f 340/340/340 126/126/126 341/341/341
f 125/125/125 340/340/340 341/341/341
f 130/130/130 125/125/125 341/341/341
f 131/131/131 130/130/130 341/341/341
f 132/132/132 131/131/131 341/341/341
f 341/341/341 342/342/342 343/343/343
f 343/343/343 136/136/136 135/135/135
f 341/341/341 343/343/343 135/135/135
f 341/341/341 135/135/135 137/137/137
f 132/132/132 341/341/341 137/137/137
f 344/344/344 345/345/345 346/346/346
f 347/347/347 348/348/348 349/349/349
f 350/350/350 351/351/351 352/352/352
f 353/353/353 354/354/354 355/355/355
f 356/356/356 357/357/357 358/358/358
f 359/359/359 360/360/360 361/361/361
f 362/362/362 363/363/363 364/364/364
f 365/365/365 366/366/366 367/367/367
f 368/368/368 369/369/369 370/370/370
f 371/371/371 372/372/372 373/373/373
f 374/374/374 375/375/375 376/376/376
f 377/377/377 378/378/378 379/379/379
f 380/380/380 381/381/381 382/382/382
f 383/383/383 384/384/384 385/385/385
f 386/386/386 387/387/387 388/388/388
f 389/389/389 390/390/390 391/391/391
f 392/392/392 393/393/393 394/394/394
f 395/395/395 396/396/396 397/397/397
f 398/398/398 399/399/399 400/400/400
f 401/401/401 402/402/402 403/403/403
f 404/404/404 405/405/405 406/406/406
f 407/407/407 408/408/408 409/409/409
f 410/410/410 411/411/411 412/412/412
f 413/413/413 414/414/414 415/415/415
f 416/416/416 417/417/417 418/418/418
f 419/419/419 420/420/420 421/421/421
f 141/141/141 422/422/422 142/142/142
f 422/422/422 423/423/423 424/424/424
f 141/141/141 423/423/423 422/422/422
f 146/146/146 423/423/423 141/141/141
f 423/423/423 148/148/148 147/147/147
f 148/148/148 425/425/425 149/149/149
f 423/423/423 425/425/425 148/148/148
f 146/146/146 425/425/425 423/423/423
f 151/151/151 425/425/425 146/146/146
f 152/152/152 425/425/425 151/151/151
f 153/153/153 425/425/425 152/152/152
f 425/425/425 155/155/155 154/154/154
f 155/155/155 426/426/426 156/156/156
f 425/425/425 426/426/426 155/155/155
f 425/425/425 427/427/427 426/426/426
f 153/153/153 427/427/427 425/425/425
f 428/428/428 429/429/429 430/430/430
f 431/431/431 432/432/432 433/433/433
f 434/434/434 435/435/435 436/436/436
f 437/437/437 438/438/438 439/439/439
f 440/440/440 441/441/441 442/442/442
f 443/443/443 444/444/444 445/445/445
f 446/446/446 447/447/447 448/448/448
f 449/449/449 450/450/450 451/451/451
f 452/452/452 453/453/453 454/454/454
f 455/455/455 456/456/456 457/457/457
f 458/458/458 459/459/459 460/460/460
f 461/461/461 462/462/462 463/463/463
f 464/464/464 465/465/465 466/466/466
f 467/467/467 468/468/468 469/469/469
f 470/470/470 471/471/471 472/472/472
f 473/473/473 474/474/474 475/475/475
f 476/476/476 477/477/477 478/478/478
f 479/479/479 480/480/480 481/481/481
f 482/482/482 483/483/483 484/484/484
f 485/485/485 486/486/486 487/487/487
f 488/488/488 489/489/489 490/490/490
f 491/491/491 492/492/492 493/493/493
f 494/494/494 495/495/495 496/496/496
f 497/497/497 498/498/498 499/499/499
f 500/500/500 501/501/501 502/502/502
f 503/503/503 504/504/504 505/505/505
f 2/2/2 34/34/34 19/19/19
f 3/3/3 19/19/19 20/20/20
f 4/4/4 20/20/20 21/21/21
f 5/5/5 21/21/21 22/22/22
f 6/6/6 22/22/22 23/23/23
f 7/7/7 23/23/23 24/24/24
f 8/8/8 24/24/24 25/25/25
f 9/9/9 25/25/25 26/26/26
f 10/10/10 26/26/26 27/27/27
f 11/11/11 27/27/27 28/28/28
f 12/12/12 28/28/28 29/29/29
f 13/13/13 29/29/29 30/30/30
f 14/14/14 30/30/30 31/31/31
f 15/15/15 31/31/31 32/32/32
f 16/16/16 32/32/32 33/33/33
f 17/17/17 33/33/33 34/34/34
f 34/34/34 50/50/50 35/35/35
f 19/19/19 35/35/35 36/36/36
f 20/20/20 36/36/36 37/37/37
f 21/21/21 37/37/37 38/38/38
f 22/22/22 38/38/38 39/39/39
f 23/23/23 39/39/39 40/40/40
f 24/24/24 40/40/40 41/41/41
f 25/25/25 41/41/41 42/42/42
f 26/26/26 42/42/42 43/43/43
f 27/27/27 43/43/43 44/44/44
f 28/28/28 44/44/44 45/45/45
f 29/29/29 45/45/45 46/46/46
f 30/30/30 46/46/46 47/47/47
f 31/31/31 47/47/47 48/48/48
f 32/32/32 48/48/48 49/49/49
f 33/33/33 49/49/49 50/50/50
f 50/50/50 62/62/62 51/51/51
f 35/35/35 51/51/51 52/52/52
f 36/36/36 52/52/52 53/53/53
f 37/37/37 53/53/53 54/54/54
f 38/38/38 54/54/54 55/55/55
f 39/39/39 55/55/55 56/56/56
f 44/44/44 506/506/506 57/57/57
f 45/45/45 57/57/57 58/58/58
f 46/46/46 58/58/58 59/59/59
f 47/47/47 59/59/59 60/60/60
f 48/48/48 60/60/60 61/61/61
f 49/49/49 61/61/61 62/62/62
f 62/62/62 72/72/72 63/63/63
f 51/51/51 63/63/63 64/64/64
f 52/52/52 64/64/64 65/65/65
f 53/53/53 65/65/65 66/66/66
f 54/54/54 66/66/66 67/67/67
f 57/57/57 81/81/81 68/68/68
f 58/58/58 68/68/68 69/69/69
f 59/59/59 69/69/69 70/70/70
f 60/60/60 70/70/70 71/71/71
f 61/61/61 71/71/71 72/72/72
f 72/72/72 86/86/86 73/73/73
f 63/63/63 73/73/73 74/74/74
f 64/64/64 74/74/74 75/75/75
f 65/65/65 75/75/75 76/76/76
f 66/66/66 76/76/76 77/77/77
f 67/67/67 77/77/77 78/78/78
f 82/82/82 507/507/507 80/80/80
f 80/80/80 508/508/508 68/68/68
f 68/68/68 508/508/508 83/83/83
f 69/69/69 83/83/83 84/84/84
f 70/70/70 84/84/84 85/85/85
f 71/71/71 85/85/85 86/86/86
f 87/87/87 509/509/509 88/88/88
f 510/510/510 511/511/511 512/512/512
f 513/513/513 510/510/510 512/512/512
f 514/514/514 513/513/513 512/512/512
f 515/515/515 514/514/514 512/512/512
f 515/515/515 512/512/512 516/516/516
f 515/515/515 516/516/516 517/517/517
f 518/518/518 515/515/515 517/517/517
f 518/518/518 517/517/517 519/519/519
f 520/520/520 518/518/518 519/519/519
f 521/521/521 520/520/520 519/519/519
f 521/521/521 519/519/519 522/522/522
f 521/521/521 522/522/522 523/523/523
f 524/524/524 521/521/521 523/523/523
f 524/524/524 523/523/523 525/525/525
f 524/524/524 525/525/525 526/526/526
f 527/527/527 524/524/524 526/526/526
f 527/527/527 526/526/526 528/528/528
f 529/529/529 527/527/527 528/528/528
f 529/529/529 528/528/528 530/530/530
f 531/531/531 529/529/529 530/530/530
f 531/531/531 530/530/530 532/532/532
f 533/533/533 531/531/531 532/532/532
f 533/533/533 532/532/532 89/89/89
f 88/88/88 533/533/533 89/89/89
f 90/90/90 534/534/534 91/91/91
f 535/535/535 536/536/536 537/537/537
f 538/538/538 535/535/535 537/537/537
f 539/539/539 538/538/538 537/537/537
f 539/539/539 537/537/537 540/540/540
f 539/539/539 540/540/540 541/541/541
f 542/542/542 539/539/539 541/541/541
f 542/542/542 541/541/541 543/543/543
f 544/544/544 542/542/542 543/543/543
f 544/544/544 543/543/543 92/92/92
f 545/545/545 544/544/544 92/92/92
f 91/91/91 545/545/545 92/92/92
f 93/93/93 546/546/546 94/94/94
f 547/547/547 548/548/548 549/549/549
f 547/547/547 549/549/549 550/550/550
f 551/551/551 547/547/547 550/550/550
f 551/551/551 550/550/550 552/552/552
f 551/551/551 552/552/552 553/553/553
f 554/554/554 551/551/551 553/553/553
f 555/555/555 554/554/554 553/553/553
f 556/556/556 555/555/555 553/553/553
f 556/556/556 553/553/553 557/557/557
f 556/556/556 557/557/557 95/95/95
f 94/94/94 556/556/556 95/95/95
f 96/96/96 558/558/558 559/559/559
f 96/96/96 559/559/559 97/97/97
f 560/560/560 561/561/561 562/562/562
f 560/560/560 562/562/562 563/563/563
f 560/560/560 563/563/563 564/564/564
f 560/560/560 564/564/564 565/565/565
f 566/566/566 560/560/560 565/565/565
f 567/567/567 566/566/566 565/565/565
f 567/567/567 565/565/565 568/568/568
f 569/569/569 567/567/567 568/568/568
f 569/569/569 568/568/568 570/570/570
f 569/569/569 570/570/570 571/571/571
f 572/572/572 569/569/569 571/571/571
f 573/573/573 572/572/572 571/571/571
f 573/573/573 571/571/571 574/574/574
f 575/575/575 573/573/573 574/574/574
f 576/576/576 575/575/575 574/574/574
f 576/576/576 574/574/574 577/577/577
f 578/578/578 576/576/576 577/577/577
f 578/578/578 577/577/577 579/579/579
f 580/580/580 578/578/578 579/579/579
f 580/580/580 579/579/579 581/581/581
f 582/582/582 580/580/580 581/581/581
f 582/582/582 581/581/581 98/98/98
f 97/97/97 582/582/582 98/98/98
f 99/99/99 583/583/583 584/584/584
f 99/99/99 584/584/584 100/100/100
f 585/585/585 586/586/586 587/587/587
f 585/585/585 587/587/587 588/588/588
f 585/585/585 588/588/588 589/589/589
f 590/590/590 585/585/585 589/589/589
f 591/591/591 590/590/590 589/589/589
f 591/591/591 589/589/589 592/592/592
f 593/593/593 591/591/591 592/592/592
f 593/593/593 592/592/592 594/594/594
f 100/100/100 593/593/593 594/594/594
f 100/100/100 594/594/594 101/101/101
f 102/102/102 595/595/595 596/596/596
f 102/102/102 596/596/596 103/103/103
f 597/597/597 598/598/598 599/599/599
f 600/600/600 597/597/597 599/599/599
f 600/600/600 599/599/599 601/601/601
f 602/602/602 600/600/600 601/601/601
f 603/603/603 602/602/602 601/601/601
f 603/603/603 601/601/601 604/604/604
f 603/603/603 604/604/604 605/605/605
f 603/603/603 605/605/605 104/104/104
f 606/606/606 603/603/603 104/104/104
f 103/103/103 606/606/606 104/104/104
f 107/107/107 112/112/112 105/105/105
f 109/109/109 107/107/107 106/106/106
f 109/109/109 108/108/108 110/110/110
f 113/113/113 116/116/116 112/112/112
f 114/114/114 113/113/113 107/107/107
f 115/115/115 114/114/114 109/109/109
f 117/117/117 607/607/607 116/116/116
f 118/118/118 117/117/117 113/113/113
f 119/119/119 118/118/118 114/114/114
f 138/138/138 608/608/608 609/609/609
f 609/609/609 345/345/345 344/344/344
f 138/138/138 609/609/609 344/344/344
f 344/344/344 610/610/610 611/611/611
f 344/344/344 611/611/611 612/612/612
f 138/138/138 344/344/344 612/612/612
f 613/613/613 614/614/614 615/615/615
f 615/615/615 616/616/616 617/617/617
f 613/613/613 615/615/615 617/617/617
f 612/612/612 613/613/613 617/617/617
f 617/617/617 618/618/618 619/619/619
f 619/619/619 620/620/620 621/621/621
f 617/617/617 619/619/619 621/621/621
f 621/621/621 622/622/622 623/623/623
f 623/623/623 624/624/624 625/625/625
f 621/621/621 623/623/623 625/625/625
f 621/621/621 625/625/625 626/626/626
f 617/617/617 621/621/621 626/626/626
f 617/617/617 626/626/626 627/627/627
f 617/617/617 627/627/627 628/628/628
f 617/617/617 628/628/628 629/629/629
f 612/612/612 617/617/617 629/629/629
f 138/138/138 612/612/612 629/629/629
f 138/138/138 629/629/629 630/630/630
f 138/138/138 630/630/630 139/139/139
f 159/159/159 631/631/631 632/632/632
f 633/633/633 634/634/634 635/635/635
f 636/636/636 633/633/633 635/635/635
f 635/635/635 637/637/637 638/638/638
f 638/638/638 639/639/639 640/640/640
f 635/635/635 638/638/638 640/640/640
f 636/636/636 635/635/635 640/640/640
f 640/640/640 641/641/641 642/642/642
f 640/640/640 642/642/642 643/643/643
f 640/640/640 643/643/643 644/644/644
f 636/636/636 640/640/640 644/644/644
f 645/645/645 646/646/646 647/647/647
f 647/647/647 648/648/648 649/649/649
f 645/645/645 647/647/647 649/649/649
f 650/650/650 645/645/645 649/649/649
f 649/649/649 651/651/651 652/652/652
f 652/652/652 653/653/653 160/160/160
f 649/649/649 652/652/652 160/160/160
f 650/650/650 649/649/649 160/160/160
f 654/654/654 650/650/650 160/160/160
f 655/655/655 654/654/654 160/160/160
f 644/644/644 655/655/655 160/160/160
f 636/636/636 644/644/644 160/160/160
f 632/632/632 636/636/636 160/160/160
f 159/159/159 632/632/632 160/160/160
f 166/166/166 163/163/163 162/162/162
f 170/170/170 656/656/656 169/169/169
f 175/175/175 173/173/173 172/172/172
f 178/178/178 657/657/657 176/176/176
f 184/184/184 181/181/181 180/180/180
f 188/188/188 658/658/658 187/187/187
f 193/193/193 191/191/191 190/190/190
f 196/196/196 659/659/659 194/194/194
f 201/201/201 660/660/660 198/198/198
f 206/206/206 204/204/204 203/203/203
f 210/210/210 661/661/661 209/209/209
f 217/217/217 662/662/662 214/214/214
f 225/225/225 663/663/663 224/224/224
f 228/228/228 229/229/229 226/226/226
f 234/234/234 664/664/664 231/231/231
f 239/239/239 237/237/237 236/236/236
f 243/243/243 665/665/665 242/242/242
f 246/246/246 247/247/247 244/244/244
f 252/252/252 666/666/666 249/249/249
f 257/257/257 255/255/255 254/254/254
f 261/261/261 667/667/667 260/260/260
f 264/264/264 265/265/265 262/262/262
f 271/271/271 268/268/268 267/267/267
f 275/275/275 668/668/668 274/274/274
f 280/280/280 278/278/278 277/277/277
f 283/283/283 669/669/669 281/281/281
f 289/289/289 286/286/286 285/285/285
f 293/293/293 670/670/670 292/292/292
f 298/298/298 296/296/296 295/295/295
f 301/301/301 671/671/671 299/299/299
f 306/306/306 672/672/672 303/303/303
f 311/311/311 309/309/309 308/308/308
f 315/315/315 673/673/673 314/314/314
f 318/318/318 319/319/319 316/316/316
f 674/674/674 675/675/675 676/676/676
f 677/677/677 678/678/678 679/679/679
f 328/328/328 106/106/106 105/105/105
f 329/329/329 108/108/108 106/106/106
f 329/329/329 111/111/111 110/110/110
f 330/330/330 328/328/328 112/112/112
f 331/331/331 329/329/329 328/328/328
f 115/115/115 111/111/111 329/329/329
f 118/118/118 331/331/331 330/330/330
f 119/119/119 115/115/115 331/331/331
f 680/680/680 681/681/681 682/682/682
f 683/683/683 684/684/684 685/685/685
f 686/686/686 687/687/687 688/688/688
f 689/689/689 690/690/690 691/691/691
f 692/692/692 693/693/693 694/694/694
f 695/695/695 696/696/696 697/697/697
f 680/680/680 682/682/682 698/698/698
f 699/699/699 700/700/700 701/701/701
f 702/702/702 700/700/700 699/699/699
f 703/703/703 700/700/700 702/702/702
f 704/704/704 700/700/700 703/703/703
f 704/704/704 705/705/705 700/700/700
f 704/704/704 706/706/706 705/705/705
f 707/707/707 706/706/706 704/704/704
f 707/707/707 708/708/708 706/706/706
f 709/709/709 708/708/708 707/707/707
f 710/710/710 708/708/708 709/709/709
f 710/710/710 711/711/711 708/708/708
f 710/710/710 712/712/712 711/711/711
f 713/713/713 712/712/712 710/710/710
f 713/713/713 714/714/714 712/712/712
f 713/713/713 715/715/715 714/714/714
f 716/716/716 715/715/715 713/713/713
f 716/716/716 717/717/717 715/715/715
f 718/718/718 717/717/717 716/716/716
f 718/718/718 719/719/719 717/717/717
f 720/720/720 719/719/719 718/718/718
f 720/720/720 721/721/721 719/719/719
f 722/722/722 721/721/721 720/720/720
f 722/722/722 681/681/681 721/721/721
f 682/682/682 681/681/681 722/722/722
f 683/683/683 685/685/685 723/723/723
f 724/724/724 725/725/725 726/726/726
f 727/727/727 725/725/725 724/724/724
f 728/728/728 725/725/725 727/727/727
f 728/728/728 729/729/729 725/725/725
f 728/728/728 730/730/730 729/729/729
f 731/731/731 730/730/730 728/728/728
f 731/731/731 732/732/732 730/730/730
f 733/733/733 732/732/732 731/731/731
f 733/733/733 684/684/684 732/732/732
f 734/734/734 684/684/684 733/733/733
f 685/685/685 684/684/684 734/734/734
f 686/686/686 688/688/688 735/735/735
f 736/736/736 737/737/737 738/738/738
f 736/736/736 739/739/739 737/737/737
f 740/740/740 739/739/739 736/736/736
f 740/740/740 741/741/741 739/739/739
f 740/740/740 742/742/742 741/741/741
f 743/743/743 742/742/742 740/740/740
f 744/744/744 742/742/742 743/743/743
f 745/745/745 742/742/742 744/744/744
f 745/745/745 746/746/746 742/742/742
f 745/745/745 687/687/687 746/746/746
f 688/688/688 687/687/687 745/745/745
f 689/689/689 747/747/747 748/748/748
f 689/689/689 691/691/691 747/747/747
f 749/749/749 750/750/750 751/751/751
f 749/749/749 752/752/752 750/750/750
f 749/749/749 753/753/753 752/752/752
f 749/749/749 754/754/754 753/753/753
f 755/755/755 754/754/754 749/749/749
f 756/756/756 754/754/754 755/755/755
f 756/756/756 757/757/757 754/754/754
f 758/758/758 757/757/757 756/756/756
f 758/758/758 759/759/759 757/757/757
f 758/758/758 760/760/760 759/759/759
f 761/761/761 760/760/760 758/758/758
f 762/762/762 760/760/760 761/761/761
f 762/762/762 763/763/763 760/760/760
f 764/764/764 763/763/763 762/762/762
f 765/765/765 763/763/763 764/764/764
f 765/765/765 766/766/766 763/763/763
f 767/767/767 766/766/766 765/765/765
f 767/767/767 768/768/768 766/766/766
f 769/769/769 768/768/768 767/767/767
f 769/769/769 770/770/770 768/768/768
f 771/771/771 770/770/770 769/769/769
f 771/771/771 690/690/690 770/770/770
f 691/691/691 690/690/690 771/771/771
f 692/692/692 772/772/772 773/773/773
f 692/692/692 694/694/694 772/772/772
f 774/774/774 775/775/775 776/776/776
f 774/774/774 777/777/777 775/775/775
f 774/774/774 778/778/778 777/777/777
f 779/779/779 778/778/778 774/774/774
f 780/780/780 778/778/778 779/779/779
f 780/780/780 781/781/781 778/778/778
f 782/782/782 781/781/781 780/780/780
f 782/782/782 783/783/783 781/781/781
f 694/694/694 783/783/783 782/782/782
f 694/694/694 693/693/693 783/783/783
f 695/695/695 784/784/784 785/785/785
f 695/695/695 697/697/697 784/784/784
f 786/786/786 787/787/787 788/788/788
f 789/789/789 787/787/787 786/786/786
f 789/789/789 790/790/790 787/787/787
f 791/791/791 790/790/790 789/789/789
f 792/792/792 790/790/790 791/791/791
f 792/792/792 793/793/793 790/790/790
f 792/792/792 794/794/794 793/793/793
f 792/792/792 696/696/696 794/794/794
f 795/795/795 696/696/696 792/792/792
f 697/697/697 696/696/696 795/795/795
