mtllib 9014000802.mtl
o 9014000802_part_0
v 0.134275943 0.951487 -0.0160292555
v 0.119424611 0.9472517 -0.043564152
v 0.0906219 0.94507 -0.05526645
v 0.09298092 0.9602225 -0.0190403443
v 0.139437661 0.9391333 0.0323330425
v 0.09499097 0.9501003 0.03126985
v 0.14158842 0.9126837 0.06095056
v 0.0965909362 0.9222033 0.0579847954
v 0.187499374 0.9506613 -0.0238667466
v 0.179950178 0.941618443 -0.0605716
v 0.191364273 0.9379657 0.0261302069
v 0.19061707 0.9114853 0.05460309
v 0.231226325 0.951099038 -0.0270729959
v 0.222594291 0.943373442 -0.06412619
v 0.235188574 0.9378071 0.0216805357
v 0.232866138 0.911180258 0.05009376
v 0.131279543 0.8697217 0.06374201
v 0.09657875 0.8808669 0.07738736
v 0.09811334 0.859409869 0.076646
v 0.127784938 0.853232145 0.0654133856
v 0.161120445 0.858337045 0.0554195866
v 0.135744259 0.846312046 0.051768478
v 0.193046808 0.8470235 0.05341242
v 0.154981643 0.834909141 0.0446918234
v 0.1419155 0.8938588 0.06381032
v 0.09582008 0.899234653 0.0696094
v 0.180865377 0.87717247 0.06324451
v 0.2205741 0.877352238 0.0589013547
v 0.14158842 0.9126837 0.06095056
v 0.0965909362 0.9222033 0.0579847954
v 0.19061707 0.9114853 0.05460309
v 0.232866138 0.911180258 0.05009376
v 0.148504257 0.889674544 -0.0865712762
v 0.180815637 0.890829 -0.0903850049
v 0.1442635 0.865843832 -0.0878783762
v 0.128012881 0.867386341 -0.0774121
v 0.119429179 0.888787448 -0.08363722
v 0.117115617 0.8656726 -0.0761659741
v 0.08288694 0.8906925 -0.07817696
v 0.08512849 0.861516356 -0.07603797
v 0.166273013 0.9167 -0.08191058
v 0.206554353 0.918577969 -0.0868163556
v 0.125086755 0.9164468 -0.07613073
v 0.0707079 0.9187976 -0.0626583844
v 0.179950178 0.941618443 -0.0605716
v 0.222594291 0.943373442 -0.06412619
v 0.119424611 0.9472517 -0.043564152
v 0.0906219 0.94507 -0.05526645
v 0.262387246 0.951537848 -0.0300872084
v 0.254059345 0.9434532 -0.06822468
v 0.222594291 0.943373442 -0.06412619
v 0.222594291 0.943373442 -0.06412619
v 0.231226325 0.951099038 -0.0270729959
v 0.262387246 0.951537848 -0.0300872084
v 0.266406119 0.9379412 0.0180188045
v 0.262387246 0.951537848 -0.0300872084
v 0.231226325 0.951099038 -0.0270729959
v 0.231226325 0.951099038 -0.0270729959
v 0.235188574 0.9378071 0.0216805357
v 0.266406119 0.9379412 0.0180188045
v 0.2643545 0.9111027 0.0461355038
v 0.266406119 0.9379412 0.0180188045
v 0.235188574 0.9378071 0.0216805357
v 0.235188574 0.9378071 0.0216805357
v 0.232866138 0.911180258 0.05009376
v 0.2643545 0.9111027 0.0461355038
v 0.193046808 0.8470235 0.05341242
v 0.154981643 0.834909141 0.0446918234
v 0.224319786 0.8520751 0.0491570942
v 0.224319786 0.8520751 0.0491570942
v 0.250842929 0.8810606 0.05341938
v 0.2205741 0.877352238 0.0589013547
v 0.2205741 0.877352238 0.0589013547
v 0.193046808 0.8470235 0.05341242
v 0.224319786 0.8520751 0.0491570942
v 0.250842929 0.8810606 0.05341938
v 0.2643545 0.9111027 0.0461355038
v 0.232866138 0.911180258 0.05009376
v 0.232866138 0.911180258 0.05009376
v 0.2205741 0.877352238 0.0589013547
v 0.250842929 0.8810606 0.05341938
v 0.180815637 0.890829 -0.0903850049
v 0.218146086 0.892080545 -0.09487498
v 0.1442635 0.865843832 -0.0878783762
v 0.243461609 0.9207643 -0.0899016
v 0.218146086 0.892080545 -0.09487498
v 0.180815637 0.890829 -0.0903850049
v 0.180815637 0.890829 -0.0903850049
v 0.206554353 0.918577969 -0.0868163556
v 0.243461609 0.9207643 -0.0899016
v 0.254059345 0.9434532 -0.06822468
v 0.243461609 0.9207643 -0.0899016
v 0.206554353 0.918577969 -0.0868163556
v 0.206554353 0.918577969 -0.0868163556
v 0.222594291 0.943373442 -0.06412619
v 0.254059345 0.9434532 -0.06822468
v 0.05684805 0.860734463 -0.07190068
v 0.0420958847 0.8874701 -0.07274996
v 0.08288694 0.8906925 -0.07817696
v 0.08288694 0.8906925 -0.07817696
v 0.08512849 0.861516356 -0.07603797
v 0.05684805 0.860734463 -0.07190068
v 0.0605979934 0.8787529 0.08444832
v 0.06892835 0.85718745 0.08461389
v 0.09811334 0.859409869 0.076646
v 0.09811334 0.859409869 0.076646
v 0.09657875 0.8808669 0.07738736
v 0.0605979934 0.8787529 0.08444832
v 0.0420958847 0.8874701 -0.07274996
v 0.0469028428 0.9113639 -0.0589617155
v 0.0707079 0.9187976 -0.0626583844
v 0.0707079 0.9187976 -0.0626583844
v 0.08288694 0.8906925 -0.07817696
v 0.0420958847 0.8874701 -0.07274996
v 0.0687841848 0.9009883 0.07723081
v 0.0605979934 0.8787529 0.08444832
v 0.09657875 0.8808669 0.07738736
v 0.09657875 0.8808669 0.07738736
v 0.09582008 0.899234653 0.0696094
v 0.0687841848 0.9009883 0.07723081
v 0.11115548 0.8505287 -0.07629588
v 0.088634 0.8376796 -0.0680227
v 0.08512849 0.861516356 -0.07603797
v 0.08512849 0.861516356 -0.07603797
v 0.117115617 0.8656726 -0.0761659741
v 0.11115548 0.8505287 -0.07629588
v 0.101824038 0.841142952 0.07485038
v 0.1218668 0.841526568 0.06651965
v 0.127784938 0.853232145 0.0654133856
v 0.127784938 0.853232145 0.0654133856
v 0.09811334 0.859409869 0.076646
v 0.101824038 0.841142952 0.07485038
v 0.088634 0.8376796 -0.0680227
v 0.06830725 0.8446658 -0.0637831539
v 0.05684805 0.860734463 -0.07190068
v 0.05684805 0.860734463 -0.07190068
v 0.08512849 0.861516356 -0.07603797
v 0.088634 0.8376796 -0.0680227
v 0.08242887 0.8470315 0.08101031
v 0.101824038 0.841142952 0.07485038
v 0.09811334 0.859409869 0.076646
v 0.09811334 0.859409869 0.076646
v 0.06892835 0.85718745 0.08461389
v 0.08242887 0.8470315 0.08101031
v 0.10971792 0.9601648 0.005272381
v 0.100988895 0.9531753 0.0308875758
v 0.109810732 0.9123773 0.0256893151
v 0.122975364 0.9166215 -0.000381419435
v 0.108205847 0.965497553 -0.03389243
v 0.120420426 0.9213117 -0.0389633663
v 0.09630035 0.9644277 -0.06143147
v 0.103175566 0.923216164 -0.064826116
v 0.07710084 0.9817698 0.0297569819
v 0.0859798938 0.946219742 0.0388074331
v 0.08624008 0.9992644 -0.0297576468
v 0.08651366 0.9948889 0.009185236
v 0.07355608 0.9849904 -0.0553316474
v 0.0727825239 0.9582057 -0.07148011
v 0.07640459 0.9287709 -0.08529672
v 0.050914295 0.932391047 -0.08593002
v 0.0486254431 0.9483119 -0.07349707
v 0.0474582836 0.9634448 -0.0700878054
v 0.103175566 0.923216164 -0.064826116
v 0.05649759 0.958304763 0.0411996357
v 0.0596693046 0.940893769 0.0467246659
v 0.09363416 0.910350561 0.0418993868
v 0.06888898 0.909762263 0.0492337234
v 0.109810732 0.9123773 0.0256893151
v 0.06474395 1.01083934 -0.02615622
v 0.0649073 1.00942922 0.009829558
v 0.08651366 0.9948889 0.009185236
v 0.08651366 0.9948889 0.009185236
v 0.08624008 0.9992644 -0.0297576468
v 0.06474395 1.01083934 -0.02615622
v 0.07355608 0.9849904 -0.0553316474
v 0.05593986 0.989187658 -0.0503824838
v 0.06474395 1.01083934 -0.02615622
v 0.06474395 1.01083934 -0.02615622
v 0.08624008 0.9992644 -0.0297576468
v 0.07355608 0.9849904 -0.0553316474
v 0.07710084 0.9817698 0.0297569819
v 0.0594938062 0.9910941 0.02499458
v 0.05649759 0.958304763 0.0411996357
v 0.07195858 0.9152889 -0.09399368
v 0.0498417951 0.917654335 -0.0926246047
v 0.050914295 0.932391047 -0.08593002
v 0.050914295 0.932391047 -0.08593002
v 0.07640459 0.9287709 -0.08529672
v 0.07195858 0.9152889 -0.09399368
v 0.07065673 0.889196932 0.04935285
v 0.09243812 0.896260858 0.0435073934
v 0.09363416 0.910350561 0.0418993868
v 0.09363416 0.910350561 0.0418993868
v 0.06888898 0.909762263 0.0492337234
v 0.07065673 0.889196932 0.04935285
v 0.0494685024 0.922613859 0.0523905419
v 0.0450131819 0.9068142 0.0536167137
v 0.06888898 0.909762263 0.0492337234
v 0.06888898 0.909762263 0.0492337234
v 0.0596693046 0.940893769 0.0467246659
v 0.0494685024 0.922613859 0.0523905419
v 0.0376782566 0.931413531 -0.08479653
v 0.03985234 0.9413493 -0.0796220452
v 0.0486254431 0.9483119 -0.07349707
v 0.0486254431 0.9483119 -0.07349707
v 0.050914295 0.932391047 -0.08593002
v 0.0376782566 0.931413531 -0.08479653
v 0.0450131819 0.9068142 0.0536167137
v 0.05189415 0.895455658 0.05243467
v 0.07065673 0.889196932 0.04935285
v 0.07065673 0.889196932 0.04935285
v 0.06888898 0.909762263 0.0492337234
v 0.0450131819 0.9068142 0.0536167137
v 0.0396040566 0.9220137 -0.09028302
v 0.0376782566 0.931413531 -0.08479653
v 0.050914295 0.932391047 -0.08593002
v 0.050914295 0.932391047 -0.08593002
v 0.0498417951 0.917654335 -0.0926246047
v 0.0396040566 0.9220137 -0.09028302
v 0.07355608 0.9849904 -0.0553316474
v 0.0474582836 0.9634448 -0.0700878054
v 0.05593986 0.989187658 -0.0503824838
v 0.0649073 1.00942922 0.009829558
v 0.0594938062 0.9910941 0.02499458
v 0.07710084 0.9817698 0.0297569819
v 0.07710084 0.9817698 0.0297569819
v 0.08651366 0.9948889 0.009185236
v 0.0649073 1.00942922 0.009829558
v -0.11345844 0.961201668 0.0235822741
v -0.126684368 0.9176816 0.0175490361
v -0.111811265 0.9127641 0.0426979847
v -0.1030213 0.9535071 0.04845493
v -0.114527375 0.9677576 -0.0154251661
v -0.126668185 0.923586965 -0.0209527127
v -0.104406133 0.967653632 -0.04359115
v -0.111131653 0.9264605 -0.047669746
v -0.0874557 0.946454644 0.05532558
v -0.07948396 0.9823872 0.0467304178
v -0.09261508 1.00163031 -0.0116541991
v -0.0903318748 0.9960512 0.0270872
v -0.08147358 0.988264143 -0.0382503122
v -0.08150971 0.9619726 -0.0551022068
v -0.05742277 0.952377737 -0.05873503
v -0.0603731461 0.9368098 -0.0714236945
v -0.08576261 0.9329146 -0.0694500953
v -0.05598487 0.9690808 -0.05477516
v -0.111131653 0.9264605 -0.047669746
v -0.060615465 0.941145062 0.0615992732
v -0.05795717 0.9587649 0.0563664027
v -0.09458646 0.9103986 0.05790053
v -0.06938903 0.909830868 0.06380525
v -0.111811265 0.9127641 0.0426979847
v -0.07101188 1.01331365 -0.008970467
v -0.09261508 1.00163031 -0.0116541991
v -0.0903318748 0.9960512 0.0270872
v -0.0903318748 0.9960512 0.0270872
v -0.06883542 1.01079333 0.026893083
v -0.07101188 1.01331365 -0.008970467
v -0.08147358 0.988264143 -0.0382503122
v -0.09261508 1.00163031 -0.0116541991
v -0.07101188 1.01331365 -0.008970467
v -0.07101188 1.01331365 -0.008970467
v -0.06359349 0.992486358 -0.0341971479
v -0.08147358 0.988264143 -0.0382503122
v -0.07948396 0.9823872 0.0467304178
v -0.05795717 0.9587649 0.0563664027
v -0.0622863434 0.9920374 0.0412324555
v -0.08176537 0.9197389 -0.07872829
v -0.08576261 0.9329146 -0.0694500953
v -0.0603731461 0.9368098 -0.0714236945
v -0.0603731461 0.9368098 -0.0714236945
v -0.05960527 0.9222838 -0.07854749
v -0.08176537 0.9197389 -0.07872829
v -0.07096645 0.8892355 0.06348458
v -0.06938903 0.909830868 0.06380525
v -0.09458646 0.9103986 0.05790053
v -0.09458646 0.9103986 0.05790053
v -0.09316388 0.896265268 0.0590674467
v -0.07096645 0.8892355 0.06348458
v -0.0498989522 0.9227843 0.0661959648
v -0.060615465 0.941145062 0.0615992732
v -0.06938903 0.909830868 0.06380525
v -0.06938903 0.909830868 0.06380525
v -0.0452303179 0.9069848 0.06675358
v -0.0498989522 0.9227843 0.0661959648
v -0.0470699146 0.93592906 -0.0710649043
v -0.0603731461 0.9368098 -0.0714236945
v -0.05742277 0.952377737 -0.05873503
v -0.05742277 0.952377737 -0.05873503
v -0.0489941873 0.945688248 -0.06552103
v -0.0470699146 0.93592906 -0.0710649043
v -0.0452303179 0.9069848 0.06675358
v -0.06938903 0.909830868 0.06380525
v -0.07096645 0.8892355 0.06348458
v -0.07096645 0.8892355 0.06348458
v -0.052080296 0.895589054 0.06566474
v -0.0452303179 0.9069848 0.06675358
v -0.0492656231 0.926674962 -0.07667495
v -0.05960527 0.9222838 -0.07854749
v -0.0603731461 0.9368098 -0.0714236945
v -0.0603731461 0.9368098 -0.0714236945
v -0.0470699146 0.93592906 -0.0710649043
v -0.0492656231 0.926674962 -0.07667495
v -0.08147358 0.988264143 -0.0382503122
v -0.06359349 0.992486358 -0.0341971479
v -0.05598487 0.9690808 -0.05477516
v -0.06883542 1.01079333 0.026893083
v -0.0903318748 0.9960512 0.0270872
v -0.07948396 0.9823872 0.0467304178
v -0.07948396 0.9823872 0.0467304178
v -0.0622863434 0.9920374 0.0412324555
v -0.06883542 1.01079333 0.026893083
v -0.09554386 0.925685644 0.06975357
v -0.0933930054 0.9208808 0.0380717255
v -0.1261499 0.950653255 0.04185811
v -0.131923258 0.9297584 0.077045396
v -0.09660109 0.9268019 -0.0101650842
v -0.12964043 0.956910253 -0.00587596744
v -0.111716151 0.9214233 -0.0747367144
v -0.135825768 0.953013062 -0.0389339
v -0.191489637 0.947774768 0.04694939
v -0.183836222 0.9241001 0.0749982446
v -0.195545346 0.955076158 -0.000880192034
v -0.19355987 0.941344142 -0.0364608355
v -0.231737375 0.9143642 0.04088233
v -0.2352022 0.9205426 -0.000350991264
v -0.102063909 0.8764866 -0.0738027543
v -0.137382329 0.8779006 -0.06818676
v -0.144572616 0.898901343 -0.0704535544
v -0.1027737 0.901714861 -0.07292652
v -0.162680417 0.875880241 -0.061118558
v -0.179413855 0.896680236 -0.06352632
v -0.176746875 0.8758997 -0.0598173365
v -0.215144977 0.890478551 -0.0455647744
v -0.147952631 0.923908 -0.0661771
v -0.111716151 0.9214233 -0.0747367144
v -0.191314086 0.9207573 -0.0559801273
v -0.230338335 0.908969164 -0.0302192345
v -0.135825768 0.953013062 -0.0389339
v -0.19355987 0.941344142 -0.0364608355
v -0.170011342 0.8562983 0.06886782
v -0.149583131 0.8626603 0.06928335
v -0.167538971 0.882303953 0.0794644058
v -0.204592824 0.867687 0.07357067
v -0.1277664 0.865712643 0.0744886249
v -0.13297078 0.891207457 0.07911539
v -0.08707243 0.8690914 0.08262274
v -0.0902568847 0.8985006 0.0774889737
v -0.175950587 0.898237467 0.08395842
v -0.221906692 0.8937021 0.06570117
v -0.13246873 0.9030142 0.08404271
v -0.09554386 0.925685644 0.06975357
v -0.183836222 0.9241001 0.0749982446
v -0.231737375 0.9143642 0.04088233
v -0.131923258 0.9297584 0.077045396
v -0.231737375 0.9143642 0.04088233
v -0.2352022 0.9205426 -0.000350991264
v -0.2599937 0.8905467 0.00235898234
v -0.2599937 0.8905467 0.00235898234
v -0.256913483 0.887377739 0.0337594934
v -0.231737375 0.9143642 0.04088233
v -0.215144977 0.890478551 -0.0455647744
v -0.176746875 0.8758997 -0.0598173365
v -0.235152215 0.8804603 -0.02630936
v -0.230338335 0.908969164 -0.0302192345
v -0.215144977 0.890478551 -0.0455647744
v -0.235152215 0.8804603 -0.02630936
v -0.235152215 0.8804603 -0.02630936
v -0.2599937 0.8905467 0.00235898234
v -0.230338335 0.908969164 -0.0302192345
v -0.2352022 0.9205426 -0.000350991264
v -0.230338335 0.908969164 -0.0302192345
v -0.2599937 0.8905467 0.00235898234
v -0.204592824 0.867687 0.07357067
v -0.231610611 0.8709506 0.05532093
v -0.170011342 0.8562983 0.06886782
v -0.231610611 0.8709506 0.05532093
v -0.204592824 0.867687 0.07357067
v -0.221906692 0.8937021 0.06570117
v -0.221906692 0.8937021 0.06570117
v -0.256913483 0.887377739 0.0337594934
v -0.231610611 0.8709506 0.05532093
v -0.221906692 0.8937021 0.06570117
v -0.231737375 0.9143642 0.04088233
v -0.256913483 0.887377739 0.0337594934
v -0.0902568847 0.8985006 0.0774889737
v -0.08707243 0.8690914 0.08262274
v -0.0537735075 0.8717995 0.08091138
v -0.0537735075 0.8717995 0.08091138
v -0.05537825 0.901887059 0.07371575
v -0.0902568847 0.8985006 0.0774889737
v -0.102063909 0.8764866 -0.0738027543
v -0.1027737 0.901714861 -0.07292652
v -0.0670292452 0.903195 -0.07431306
v -0.0670292452 0.903195 -0.07431306
v -0.07092515 0.8796658 -0.07782014
v -0.102063909 0.8764866 -0.0738027543
v -0.09554386 0.925685644 0.06975357
v -0.0902568847 0.8985006 0.0774889737
v -0.05537825 0.901887059 0.07371575
v -0.05537825 0.901887059 0.07371575
v -0.06963968 0.9245297 0.07547127
v -0.09554386 0.925685644 0.06975357
v -0.1027737 0.901714861 -0.07292652
v -0.08795613 0.922940969 -0.0771471858
v -0.0670292452 0.903195 -0.07431306
v -0.08707243 0.8690914 0.08262274
v -0.116036326 0.853783 0.0745219737
v -0.0882584453 0.852803051 0.07914545
v -0.137382329 0.8779006 -0.06818676
v -0.102063909 0.8764866 -0.0738027543
v -0.129080147 0.86368 -0.07268672
v -0.0537735075 0.8717995 0.08091138
v -0.08707243 0.8690914 0.08262274
v -0.06738496 0.8572874 0.08407165
v -0.102063909 0.8764866 -0.0738027543
v -0.0804901645 0.86138767 -0.06999238
v -0.103074275 0.8561716 -0.07055038
v -0.256913483 0.887377739 0.0337594934
v -0.2599937 0.8905467 0.00235898234
v -0.296841681 0.8788296 0.00383287854
v -0.296841681 0.8788296 0.00383287854
v -0.293973058 0.876286268 0.0349627249
v -0.256913483 0.887377739 0.0337594934
v -0.235152215 0.8804603 -0.02630936
v -0.176746875 0.8758997 -0.0598173365
v -0.199424326 0.8682507 -0.056984745
v -0.199424326 0.8682507 -0.056984745
v -0.276452482 0.873598 -0.0232884232
v -0.235152215 0.8804603 -0.02630936
v -0.2599937 0.8905467 0.00235898234
v -0.235152215 0.8804603 -0.02630936
v -0.276452482 0.873598 -0.0232884232
v -0.276452482 0.873598 -0.0232884232
v -0.296841681 0.8788296 0.00383287854
v -0.2599937 0.8905467 0.00235898234
v -0.170011342 0.8562983 0.06886782
v -0.231610611 0.8709506 0.05532093
v -0.26879546 0.8600346 0.0565292723
v -0.26879546 0.8600346 0.0565292723
v -0.19174096 0.835281551 0.06983863
v -0.170011342 0.8562983 0.06886782
v -0.231610611 0.8709506 0.05532093
v -0.256913483 0.887377739 0.0337594934
v -0.293973058 0.876286268 0.0349627249
v -0.293973058 0.876286268 0.0349627249
v -0.26879546 0.8600346 0.0565292723
v -0.231610611 0.8709506 0.05532093
v -0.2352022 0.9205426 -0.000350991264
v -0.08707243 0.8690914 0.08262274
v -0.0882584453 0.852803051 0.07914545
v -0.06738496 0.8572874 0.08407165
v -0.08707243 0.8690914 0.08262274
v -0.1277664 0.865712643 0.0744886249
v -0.116036326 0.853783 0.0745219737
v -0.102063909 0.8764866 -0.0738027543
v -0.07092515 0.8796658 -0.07782014
v -0.0804901645 0.86138767 -0.06999238
v -0.102063909 0.8764866 -0.0738027543
v -0.103074275 0.8561716 -0.07055038
v -0.129080147 0.86368 -0.07268672
v -0.1027737 0.901714861 -0.07292652
v -0.111716151 0.9214233 -0.0747367144
v -0.08795613 0.922940969 -0.0771471858
v 0.073868826 0.108158305 0.0215396155
v 0.06807153 0.1488256 0.03501726
v 0.04471112 0.1524656 0.009859259
v 0.0661087856 0.200767845 0.02571052
v 0.124303013 0.204574734 0.01828085
v 0.126514316 0.154818848 0.0267454628
v 0.143926814 0.162506342 -0.00397030637
v 0.129817918 0.113908321 0.011873167
v 0.129817918 0.113908321 0.011873167
v 0.06773734 0.167852908 0.0270519629
v 0.0676980838 0.214554742 0.037817657
v 0.04492058 0.215381712 0.0190135743
v 0.0658099353 0.263430029 0.03261107
v 0.124040112 0.2672101 0.0254266188
v 0.125907153 0.21835351 0.0304871071
v 0.14356631 0.221832871 0.00645314436
v 0.125519678 0.173707873 0.0185374264
v 0.125519678 0.173707873 0.0185374264
v 0.06497698 0.2237673 0.0361066833
v 0.06489853 0.271191835 0.0458498821
v 0.0420202 0.272055656 0.0264195651
v 0.06335768 0.320578635 0.0427289978
v 0.121765204 0.3248209 0.0365871824
v 0.123144716 0.274964243 0.0387735032
v 0.14071916 0.27845785 0.0142183732
v 0.1232204 0.2276447 0.0289776828
v 0.1232204 0.2276447 0.0289776828
v 0.09905108 0.33695066 0.0797409
v 0.103537478 0.352068722 0.08187722
v 0.09609716 0.352274 0.08238447
v 0.109755822 0.347855449 0.08053158
v 0.113086388 0.3408097 0.0787296444
v 0.112640314 0.332735866 0.07694882
v 0.1085411 0.326004237 0.0757542253
v 0.101881355 0.322150648 0.07534975
v 0.09444481 0.322360784 0.07588425
v 0.0882207453 0.3264755 0.07716088
v 0.08488199 0.3335145 0.07890664
v 0.08532409 0.341579437 0.08065866
v 0.08942975 0.348419547 0.08192778
v 0.10973645 0.377494156 0.0816171
v 0.09138623 0.378775328 0.0829706043
v 0.12513262 0.3660354 0.07841559
v 0.133365855 0.347848654 0.07386297
v 0.132201135 0.326970428 0.0687339753
v 0.121934041 0.309310049 0.06441267
v 0.105595633 0.30043304 0.0640175641
v 0.08728969 0.300973564 0.06538968
v 0.07206747 0.3116613 0.06934005
v 0.0638992041 0.329380572 0.07407786
v 0.06499575 0.3498135 0.07862994
v 0.07503937 0.368344277 0.08194214
v 0.115201138 0.401164979 0.07622559
v 0.0865874 0.401080161 0.07810314
v 0.139339313 0.3844578 0.07199764
v 0.152290985 0.354331881 0.0647477657
v 0.150596946 0.32328254 0.0580632575
v 0.134471 0.2954991 0.0508678332
v 0.108833894 0.2810467 0.0495512523
v 0.08021028 0.281903625 0.0517455675
v 0.05645995 0.2985127 0.0582245328
v 0.0436503 0.325871885 0.0652715
v 0.0453855433 0.3578241 0.07248476
v 0.06098987 0.386248 0.07684289
v 0.11484383 0.401894182 0.0713511258
v 0.08623101 0.4018554 0.07325022
v 0.0865874 0.401080161 0.07810314
v 0.115201138 0.401164979 0.07622559
v 0.1389826 0.385305524 0.06717661
v 0.139339313 0.3844578 0.07199764
v 0.1519461 0.355372876 0.0600715764
v 0.152290985 0.354331881 0.0647477657
v 0.1502631 0.324322224 0.0534624681
v 0.150596946 0.32328254 0.0580632575
v 0.134144187 0.296697319 0.04637328
v 0.134471 0.2954991 0.0508678332
v 0.108512864 0.282236278 0.0450915657
v 0.108833894 0.2810467 0.0495512523
v 0.07988988 0.283093125 0.0472907051
v 0.08021028 0.281903625 0.0517455675
v 0.0561369061 0.2996295 0.0537250526
v 0.05645995 0.2985127 0.0582245328
v 0.04332099 0.32695663 0.0607167222
v 0.0436503 0.325871885 0.0652715
v 0.045047015 0.35878247 0.06782141
v 0.0453855433 0.3578241 0.07248476
v 0.06064316 0.387016684 0.0720545053
v 0.06098987 0.386248 0.07684289
v 0.08623101 0.4018554 0.07325022
v 0.0865874 0.401080161 0.07810314
v 0.0618655 0.3615182 0.0424247049
v 0.05992602 0.406886518 0.06391919
v 0.03760296 0.411175 0.0414983071
v 0.05486764 0.449275464 0.0547808968
v 0.113413617 0.455062866 0.05314934
v 0.118307054 0.4131948 0.06142466
v 0.136587635 0.4213813 0.03714959
v 0.120206133 0.367186129 0.0392950438
v 0.120206133 0.367186129 0.0392950438
v 0.118221462 0.484099448 0.0488134176
v 0.121019721 0.3718441 0.0297870114
v 0.13435407 0.3810635 -0.0103712082
v 0.133425683 0.476906776 -0.011752394
v 0.0646538362 0.367797554 0.03598322
v 0.0512963943 0.4757335 0.0567447655
v 0.04233138 0.373070538 0.00296796253
v 0.0290355086 0.4682778 0.00694964128
v 0.05168078 0.471266866 0.07069813
v 0.04899541 0.51036495 0.07681136
v 0.02616819 0.5153724 0.06018241
v 0.04060576 0.5574989 0.0772605538
v 0.09894574 0.5726236 0.0766875744
v 0.105044171 0.5265346 0.079654485
v 0.122830927 0.5312365 0.051693
v 0.106894538 0.4811531 0.07018021
v 0.106894538 0.4811531 0.07018021
v 0.0579589121 0.412309 0.06848343
v 0.0559147 0.460974157 0.08290383
v 0.0349844545 0.459117234 0.05631581
v 0.0535843074 0.502463341 0.0693995357
v 0.110923946 0.5111544 0.06724529
v 0.114131607 0.4658855 0.0774772
v 0.131812364 0.471167 0.0518024042
v 0.116095424 0.41874373 0.0633714944
v 0.116095424 0.41874373 0.0633714944
v 0.112097055 0.1729505 0.00115002133
v 0.117242768 0.111535281 -0.0005615875
v 0.133859664 0.1343587 -0.044456806
v 0.131379828 0.177028134 -0.0434549637
v 0.0772669762 0.172325239 0.0136138
v 0.08267884 0.10979937 0.0116750794
v 0.0548371449 0.123033091 -0.0210239142
v 0.0507595576 0.171281427 -0.0172155313
v 0.111528613 0.261749446 0.00555355567
v 0.13562 0.272302657 -0.04391698
v 0.132462487 0.3150956 -0.04318937
v 0.107521392 0.335173965 0.0137844728
v 0.0716485456 0.335086077 0.0293179788
v 0.07109265 0.259100616 0.0178092942
v 0.03915993 0.308647245 -0.007766176
v 0.03605659 0.258650064 -0.014650655
v 0.1313684 0.555311441 -0.0153089073
v 0.111794814 0.582586169 0.0578459166
v 0.0315214135 0.563272536 0.07120317
v 0.008510923 0.534707546 -0.002276782
v -0.09010257 0.108288839 0.0232517719
v -0.06012834 0.152235851 0.011516137
v -0.08322261 0.148885682 0.03692174
v -0.0789485 0.201120526 0.0275807418
v -0.1372081 0.206326783 0.02166707
v -0.159250766 0.1640648 -0.0009856157
v -0.141612828 0.155926824 0.0294209458
v -0.146000057 0.114940606 0.0140976291
v -0.146000057 0.114940606 0.0140976291
v -0.08220981 0.168045431 0.0290274322
v -0.05759552 0.215207264 0.0203029811
v -0.0798862353 0.214957833 0.0396969952
v -0.0769528151 0.263765037 0.03434403
v -0.135242581 0.2689457 0.0286764763
v -0.156351238 0.2240306 0.0103123309
v -0.138158277 0.220156491 0.0338828266
v -0.139960572 0.175069973 0.0215438772
v -0.139960572 0.175069973 0.0215438772
v -0.07698862 0.2240987 0.03789638
v -0.053125564 0.271777332 0.0274689551
v -0.07550264 0.2714855 0.0474931076
v -0.07285224 0.320794344 0.04423887
v -0.131281316 0.3264431 0.0396205448
v -0.1519264 0.280549049 0.0178375468
v -0.133805916 0.276657 0.04193399
v -0.135287941 0.229377732 0.0322850645
v -0.135287941 0.229377732 0.0322850645
v -0.103721708 0.33839038 0.08226262
v -0.100329705 0.3536418 0.08479743
v -0.107783481 0.3536163 0.08448525
v -0.1141351 0.349553168 0.08331108
v -0.11768122 0.3425862 0.08161056
v -0.117477521 0.3345018 0.07983494
v -0.113576308 0.327569246 0.0785032362
v -0.107023604 0.3236067 0.0779531
v -0.099572815 0.3236377 0.07829292
v -0.09321923 0.327652335 0.0794215053
v -0.08966664 0.334611446 0.08106549
v -0.08986736 0.342687875 0.08281244
v -0.0937717557 0.349626243 0.0841743648
v -0.113369942 0.379186124 0.08433601
v -0.09496509 0.380022347 0.08520685
v -0.129117578 0.3680976 0.08156118
v -0.137904808 0.350109637 0.0772620142
v -0.137380391 0.329202354 0.07214637
v -0.127660319 0.3112921 0.0675936341
v -0.111555636 0.3019754 0.06675632
v -0.093212314 0.302074522 0.06764889
v -0.07763955 0.312440574 0.07121116
v -0.06892367 0.3299629 0.07569808
v -0.06940584 0.350422949 0.0802362
v -0.07890825 0.3691932 0.08377232
v -0.118399635 0.4029726 0.0790414661
v -0.08975691 0.402197033 0.08017039
v -0.143037558 0.386849046 0.0754796
v -0.1568997 0.357036531 0.06863141
v -0.156133115 0.3259474 0.06196787
v -0.140878022 0.29777053 0.05440891
v -0.115637213 0.282656133 0.0524065942
v -0.0869540349 0.282827258 0.0538553558
v -0.06265105 0.298902243 0.0597179569
v -0.0490030274 0.325951576 0.0663721561
v -0.0497751348 0.357947052 0.07356435
v -0.06456779 0.386745572 0.078271836
v -0.118152626 0.4036859 0.07415794
v -0.118399635 0.4029726 0.0790414661
v -0.08975691 0.402197033 0.08017039
v -0.08950894 0.402957082 0.0753082
v -0.142786786 0.387680769 0.07064931
v -0.143037558 0.386849046 0.0754796
v -0.156652346 0.3580622 0.063945666
v -0.1568997 0.357036531 0.06863141
v -0.1558947 0.3269725 0.05735796
v -0.156133115 0.3259474 0.06196787
v -0.14064011 0.298954278 0.04990495
v -0.140878022 0.29777053 0.05440891
v -0.115404263 0.283832967 0.04793754
v -0.115637213 0.282656133 0.0524065942
v -0.0867116 0.283912122 0.04928956
v -0.0869540349 0.282827258 0.0538553558
v -0.0624190457 0.3000047 0.0552093275
v -0.06265105 0.298902243 0.0597179569
v -0.0487669259 0.32702148 0.0618080162
v -0.0490030274 0.325951576 0.0663721561
v -0.0495356619 0.3588904 0.06889179
v -0.0497751348 0.357947052 0.07356435
v -0.0643280149 0.387500048 0.07347438
v -0.06456779 0.386745572 0.078271836
v -0.08950894 0.402957082 0.0753082
v -0.08975691 0.402197033 0.08017039
v -0.07038016 0.361739367 0.043851
v -0.0449555 0.410790622 0.0421889648
v -0.0667811558 0.4070754 0.0651941448
v -0.06093914 0.449314177 0.0558379851
v -0.119350411 0.456516355 0.05572478
v -0.143744111 0.4233873 0.0404081158
v -0.1250378 0.414794266 0.06421442
v -0.128628537 0.3688156 0.04223596
v -0.128628537 0.3688156 0.04223596
v -0.123566091 0.4856548 0.05145726
v -0.140520141 0.4787479 -0.008677161
v -0.143733352 0.382946372 -0.007071945
v -0.129577681 0.3734783 0.0327423625
v -0.07318342 0.36807552 0.03747195
v -0.05637241 0.475737661 0.05764457
v -0.0516129 0.37274614 0.00387254963
v -0.03590469 0.468269259 0.00753336
v -0.0562164672 0.471348166 0.0715864
v -0.0307080671 0.5122742 0.0576975867
v -0.0521791875 0.5114521 0.07833129
v -0.0435738564 0.5577964 0.0780081749
v -0.101603419 0.573514938 0.0785452
v -0.126778141 0.532650352 0.0542166643
v -0.108408168 0.5276414 0.0817569047
v -0.111758292 0.4824644 0.07252674
v -0.111758292 0.4824644 0.07252674
v -0.0645645857 0.412454873 0.0696944743
v -0.0404214449 0.458768785 0.0568165928
v -0.0609662831 0.461074829 0.0839565247
v -0.0575100631 0.502642751 0.07034677
v -0.114879541 0.512360036 0.06951068
v -0.137383 0.4730599 0.05482665
v -0.119169153 0.467387 0.08004138
v -0.122642383 0.42029056 0.06609157
v -0.122642383 0.42029056 0.06609157
v -0.126872778 0.17408666 0.003936204
v -0.146833241 0.178657055 -0.0402743854
v -0.150210947 0.135800242 -0.04200042
v -0.133571967 0.112455226 0.0015601716
v -0.0918687955 0.172741473 0.01577918
v -0.09896254 0.1101235 0.0134832822
v -0.07122639 0.123140506 -0.0193234328
v -0.06594281 0.171250179 -0.0154788811
v -0.123384908 0.263137728 0.008448458
v -0.117393285 0.336445272 0.0164487418
v -0.144282117 0.316921473 -0.03987928
v -0.148499936 0.274221867 -0.04039184
v -0.0811393559 0.335507363 0.0310417283
v -0.08271814 0.2595244 0.019648727
v -0.05027304 0.308245063 -0.00687166
v -0.0485636368 0.258196354 -0.0137143731
v -0.114841074 0.5834912 0.05990496
v -0.136509031 0.5568571 -0.01257191
v -0.0345578752 0.5635061 0.07179004
v -0.0130586568 0.5347838 -0.00208522
v 0.0400796235 0.670474946 0.08309515
v 0.04073642 0.7488492 0.08809984
v -0.00055484497 0.7709335 0.097366184
v -0.000957913231 0.665143 0.0940893441
v 0.07420052 0.7451174 0.01825919
v 0.0698503256 0.7454568 0.0553278066
v 0.0782319456 0.6875942 0.0549469553
v 0.0896919742 0.694799066 0.005579356
v 0.0772924 0.703754 -0.0298628751
v 0.0378040671 0.7023471 -0.05997515
v 0.0382643826 0.740880132 -0.036429178
v 0.0667621046 0.7411407 -0.015601743
v 0.0501629561 0.8029961 -0.0471811853
v 0.07962949 0.802256167 -0.0160703585
v 0.07962949 0.802256167 -0.0160703585
v 0.09535092 0.860301256 0.0269508213
v 0.0823523849 0.8070624 0.0337479226
v 0.09327233 0.836407065 -0.0500599258
v 0.08723009 0.8703428 -0.06995605
v 0.0964248851 0.8285857 -0.009365878
v 0.0964248851 0.8285857 -0.009365878
v -0.0019262624 0.8684785 -0.0708895
v 0.0620706528 0.869886637 -0.07002024
v -0.00185275776 0.7983807 -0.0596984774
v -0.000312200747 0.8172002 0.10627225
v 0.0397601165 0.783301353 0.09913388
v 0.07260871 0.810599744 0.0799101144
v 0.07420699 0.864747941 0.081093
v 0.0428115278 0.8548138 0.106643572
v 0.042278327 0.815171659 0.109836519
v -0.000230061356 0.847457469 0.103477925
v 0.102362141 0.880205631 0.03234309
v 0.06841311 0.7774277 0.0563783273
v 0.0409255773 0.8998146 0.06548646
v 0.0433635563 0.8795967 0.09030296
v -0.00193841464 0.73542726 -0.0442865677
v 0.0940583944 0.633585036 0.0587235726
v 0.111714259 0.645565152 -0.01018268
v 0.0400482081 0.6045506 0.08056188
v -0.00128598209 0.5918752 0.08631237
v 0.0839488655 0.6391928 -0.0617996566
v 0.0772924 0.703754 -0.0298628751
v -0.00224877335 0.703212142 -0.06640929
v 0.04403003 0.630733967 -0.08592531
v -0.00266328058 0.626333237 -0.08248159
v 0.0839488655 0.6391928 -0.0617996566
v -0.00028284546 0.8893788 0.0808492154
v 0.0799315944 0.9271326 0.0140481722
v 0.112474255 0.894687653 0.0126741994
v 0.07858937 0.9360106 -0.02771014
v 0.112771675 0.9059998 -0.0240370743
v -0.00123134162 0.948642433 -0.0495360158
v 0.07161544 0.915674269 -0.0502861328
v 0.0302286744 0.9482906 -0.02490393
v 0.07858937 0.9360106 -0.02771014
v 0.03817075 0.9418666 0.018397579
v -0.000456172973 0.925482 0.04696348
v 0.0302286744 0.9482906 -0.02490393
v 0.13857463 0.897606552 -0.03722679
v 0.126740843 0.862460852 0.0136554129
v 0.148680955 0.8284015 -0.006190907
v 0.158976883 0.848473132 -0.0368538946
v 0.118078269 0.832556248 -0.07454622
v 0.105371922 0.8146862 -0.016479237
v 0.0964248851 0.8285857 -0.009365878
v 0.10497006 0.8477912 0.01444351
v 0.124513507 0.8124587 -0.002266433
v 0.0964248851 0.8285857 -0.009365878
v 0.105371922 0.8146862 -0.016479237
v 0.100943595 0.856428444 -0.0705386251
v 0.123063952 0.8735617 -0.0603248067
v 0.141986445 0.8417102 -0.06385271
v 0.09327233 0.836407065 -0.0500599258
v 0.09535092 0.860301256 0.0269508213
v 0.102362141 0.880205631 0.03234309
v 0.1918095 0.784787536 -0.0557899736
v 0.179011315 0.7818835 -0.07407561
v 0.179807037 0.730499744 -0.0345659032
v 0.162947461 0.759133458 -0.0240726881
v 0.145737439 0.755142152 -0.0591483228
v 0.167163089 0.725506544 -0.07029532
v 0.208209127 0.7547769 -0.06205346
v 0.1948683 0.750049949 -0.08495256
v 0.180160791 0.76941824 -0.0254417472
v 0.195435226 0.7433134 -0.040664833
v 0.176127687 0.7400406 -0.09088723
v 0.158560663 0.771365643 -0.0858847052
v 0.145737439 0.755142152 -0.0591483228
v 0.167163089 0.725506544 -0.07029532
v 0.2656696 0.678664744 -0.06061782
v 0.247191682 0.6599911 -0.09046744
v 0.210209325 0.7324973 -0.09437086
v 0.2191787 0.743111253 -0.0638840646
v 0.221074417 0.6395329 -0.08822045
v 0.189931035 0.7144496 -0.100500837
v 0.204353616 0.7307721 -0.040966507
v 0.250501931 0.6722986 -0.0255034324
v 0.21448949 0.6403606 -0.0536317229
v 0.179287329 0.7091154 -0.07320975
v 0.188370675 0.7182418 -0.03910712
v 0.230677739 0.66233474 -0.023006469
v 0.21448949 0.6403606 -0.0536317229
v 0.179287329 0.7091154 -0.07320975
v 0.202616364 0.7411803 -0.08986889
v 0.183137074 0.7271152 -0.09597866
v 0.04023304 0.2553568 -0.0536009073
v 0.06348754 0.283558428 -0.100548491
v 0.0679411963 0.179718986 -0.08166142
v 0.05281055 0.168435931 -0.0468034521
v 0.105001651 0.334306777 0.00176468363
v 0.10732203 0.261487752 -0.0153306238
v 0.128309891 0.268305361 -0.04827727
v 0.116302967 0.343918025 -0.04827163
v 0.0525685 0.09334551 -0.041228056
v 0.07441849 0.09792183 0.0123288278
v 0.0777147859 0.170375854 -0.00383786764
v 0.05281055 0.168435931 -0.0468034521
v 0.09640614 0.109034017 -0.0849463642
v 0.104219928 0.182942212 -0.08539127
v 0.12871027 0.176433682 -0.03962599
v 0.130212441 0.101599783 -0.04363869
v 0.121001326 0.485083252 -0.0295425579
v 0.09624061 0.4834015 -0.08061333
v 0.08374952 0.6053989 -0.06359312
v 0.118001312 0.608624935 -0.0148122385
v 0.101242676 0.597384334 0.0595934428
v 0.09984245 0.4865366 0.02821003
v 0.006371498 0.552534938 -0.0188421719
v 0.011482127 0.5957218 -0.0656417757
v 0.0243151039 0.4801125 -0.04206818
v 0.0476236381 0.599350035 -0.0729569942
v 0.06358 0.486717343 -0.0952093
v 0.0289533325 0.5703437 0.07160872
v 0.006371498 0.552534938 -0.0188421719
v 0.0243151039 0.4801125 -0.04206818
v 0.05290865 0.482957721 0.0487863459
v 0.0451724268 0.365872741 -0.0495897047
v 0.06488728 0.3847339 0.0195729956
v 0.108671159 0.351239622 0.0179935023
v 0.115623891 0.369575441 -0.043187283
v 0.07138119 0.346311629 0.0246761814
v 0.06753745 0.349744737 -0.08343603
v 0.104833812 0.351629019 -0.07853758
v 0.104939476 0.285876 -0.0962662846
v 0.04615707 0.352976561 -0.05290782
v 0.04023304 0.2553568 -0.0536009073
v 0.07272892 0.258295864 0.0004889682
v 0.07421806 0.327739149 0.0127041712
v 0.06023608 0.373798251 -0.0772066861
v 0.101282626 0.376073629 -0.0668704659
v 0.105038211 0.389335662 0.01917227
v 0.0265047364 0.9641311 0.0236760154
v 0.0552479252 1.02010775 0.0323222019
v -9.89637338E-05 1.0127126 0.05246595
v -0.0003406799 0.959173143 0.0465576649
v 0.02490729 0.96890974 -0.0111093782
v 0.011482127 0.5957218 -0.0656417757
v -0.00259479182 0.594612241 -0.0621442758
v -0.002358158 0.5525658 -0.0187646411
v 0.006371498 0.552534938 -0.0188421719
v 0.0289533325 0.5703437 0.07160872
v -0.0014848758 0.563907444 0.0750495046
v -0.000898240833 1.04257524 -0.0494143777
v 0.05881773 1.03958786 -0.0119098984
v 0.02490729 0.96890974 -0.0111093782
v -0.00103701919 0.97191745 -0.0369199626
v 0.118001312 0.608624935 -0.0148122385
v 0.101242676 0.597384334 0.0595934428
v 0.101125486 0.901444435 -0.05761898
v 0.112771675 0.9059998 -0.0240370743
v 0.08723009 0.8703428 -0.06995605
v 0.112474255 0.894687653 0.0126741994
v 0.118001312 0.608624935 -0.0148122385
v 0.08374952 0.6053989 -0.06359312
v 0.0839488655 0.6391928 -0.0617996566
v 0.0839488655 0.6391928 -0.0617996566
v 0.111714259 0.645565152 -0.01018268
v 0.118001312 0.608624935 -0.0148122385
v 0.011482127 0.5957218 -0.0656417757
v -0.00266328058 0.626333237 -0.08248159
v 0.04403003 0.630733967 -0.08592531
v 0.04403003 0.630733967 -0.08592531
v 0.0476236381 0.599350035 -0.0729569942
v 0.011482127 0.5957218 -0.0656417757
v 0.08374952 0.6053989 -0.06359312
v 0.0476236381 0.599350035 -0.0729569942
v 0.04403003 0.630733967 -0.08592531
v 0.04403003 0.630733967 -0.08592531
v 0.0839488655 0.6391928 -0.0617996566
v 0.08374952 0.6053989 -0.06359312
v 0.05881773 1.03958786 -0.0119098984
v 0.112771675 0.9059998 -0.0240370743
v 0.101125486 0.901444435 -0.05761898
v 0.0667621046 0.7411407 -0.015601743
v 0.04615707 0.352976561 -0.05290782
v 0.0451724268 0.365872741 -0.0495897047
v 0.109821491 0.171867311 -0.0121355234
v 0.06318709 0.108565226 -0.08457334
v 0.0525685 0.09334551 -0.041228056
v 0.122994095 0.09937558 0.009164348
v -0.04214547 0.670765 0.08382541
v -0.04215926 0.7491422 0.08883606
v -0.07688406 0.7456515 0.019601021
v -0.09295355 0.6954447 0.00720149465
v -0.08066973 0.6881559 0.05635822
v -0.07187389 0.745958 0.0565865375
v -0.08112243 0.704314 -0.028455941
v -0.0700765252 0.7416241 -0.01438619
v -0.0419557057 0.7411638 -0.0357167237
v -0.04218607 0.702629864 -0.0592647232
v -0.0827846453 0.8028525 -0.0151825286
v -0.0536039546 0.8033629 -0.0462596
v -0.0827846453 0.8028525 -0.0151825286
v -0.08432138 0.807651639 0.035228204
v -0.09716595 0.861210465 0.02861401
v -0.09644431 0.8362992 -0.04843123
v -0.09082948 0.872042358 -0.06879896
v -0.09929044 0.8287811 -0.008167409
v -0.09929044 0.8287811 -0.008167409
v -0.06648732 0.8742186 -0.0716526955
v -0.0407436155 0.7835859 0.09984885
v -0.07373459 0.8111164 0.0812103
v -0.0428459868 0.815472543 0.110592529
v -0.0431555 0.8551177 0.107407078
v -0.07492885 0.865275145 0.08241752
v -0.103831425 0.881249547 0.0341101363
v -0.0701922 0.7779176 0.0576093048
v -0.0438224524 0.879904866 0.09107728
v -0.0416828245 0.9001066 0.0662201345
v -0.09680802 0.63425976 0.06041873
v -0.1155998 0.646368742 -0.008163859
v -0.0426251478 0.604842842 0.08129613
v -0.08112243 0.704314 -0.028455941
v -0.0888012946 0.639803469 -0.0602654032
v -0.04937805 0.6310641 -0.08509572
v -0.0888012946 0.639803469 -0.0602654032
v -0.08004832 0.929 0.015203652
v -0.114031337 0.8970634 0.0144712664
v -0.08073912 0.9365738 -0.0262950957
v -0.114770211 0.9083924 -0.0222335234
v -0.0738752037 0.917429268 -0.0491404422
v -0.0322506055 0.9485115 -0.0243490338
v -0.08073912 0.9365738 -0.0262950957
v -0.0385426581 0.9423826 0.0190289989
v -0.0322506055 0.9485115 -0.0243490338
v -0.141153932 0.8985954 -0.03474243
v -0.1620946 0.8514275 -0.0341841243
v -0.151423723 0.8315155 -0.00373118743
v -0.128804684 0.8650336 0.0156911574
v -0.122416995 0.8350573 -0.07299739
v -0.09929044 0.8287811 -0.008167409
v -0.108576305 0.815399766 -0.0153347552
v -0.127303764 0.8154019 -0.000235568732
v -0.106660366 0.8471522 0.01660578
v -0.09929044 0.8287811 -0.008167409
v -0.108576305 0.815399766 -0.0153347552
v -0.14566046 0.844780147 -0.061503645
v -0.126266181 0.876186132 -0.0583350919
v -0.1045711 0.8593012 -0.06887619
v -0.09644431 0.8362992 -0.04843123
v -0.09716595 0.861210465 0.02861401
v -0.103831425 0.881249547 0.0341101363
v -0.183283091 0.7852173 -0.07106355
v -0.195733637 0.78821063 -0.05255368
v -0.183671772 0.7339715 -0.0316304862
v -0.171793491 0.7287893 -0.06783168
v -0.149939284 0.7582404 -0.0567279123
v -0.166494966 0.762351155 -0.0213524066
v -0.199768141 0.753253341 -0.08217557
v -0.21245943 0.7583943 -0.05892584
v -0.183656693 0.7727574 -0.0224161558
v -0.19925563 0.7470353 -0.0376409031
v -0.163120285 0.7745558 -0.08323334
v -0.181133345 0.7431812 -0.0881892443
v -0.149939284 0.7582404 -0.0567279123
v -0.171793491 0.7287893 -0.06783168
v -0.266198844 0.6822448 -0.0530717038
v -0.223517433 0.7468257 -0.06045916
v -0.215527534 0.735515654 -0.09095834
v -0.245887071 0.6640215 -0.081821084
v -0.195423633 0.7174001 -0.09728153
v -0.220051318 0.643973947 -0.07891405
v -0.20812887 0.7347759 -0.03772999
v -0.252547026 0.6759846 -0.01808017
v -0.184063345 0.7124648 -0.0702836961
v -0.214993477 0.6447029 -0.044526305
v -0.23291795 0.666228354 -0.0154009853
v -0.192248762 0.7220364 -0.0360498652
v -0.214993477 0.6447029 -0.044526305
v -0.184063345 0.7124648 -0.0702836961
v -0.207762182 0.7442583 -0.08686896
v -0.188419566 0.730136 -0.09311238
v -0.05383637 0.2549659 -0.0525307842
v -0.06866639 0.168596327 -0.0449065045
v -0.0840612948 0.180193648 -0.0795349
v -0.07762159 0.283677757 -0.0989076644
v -0.115210138 0.335505873 0.004367876
v -0.127577037 0.345342666 -0.04538937
v -0.141405344 0.270044863 -0.04493247
v -0.119740769 0.2627653 -0.0124907978
v -0.0693875253 0.0935505 -0.0396865
v -0.06866639 0.168596327 -0.0449065045
v -0.09266276 0.170843139 -0.00165044609
v -0.09071286 0.0981244445 0.0140099358
v -0.113483116 0.110162258 -0.08290286
v -0.1470254 0.102981269 -0.041413743
v -0.144111037 0.178000212 -0.0364975668
v -0.1203114 0.184137553 -0.08262935
v -0.128371522 0.486596048 -0.0268024988
v -0.122229084 0.6094741 -0.0126786716
v -0.0888727456 0.606009066 -0.06206001
v -0.104285 0.4841544 -0.07862212
v -0.104231507 0.5981107 0.06141833
v -0.105679072 0.487616539 0.030374771
v -0.0110877547 0.5525967 -0.01868711
v -0.0323647223 0.4813977 -0.0318183266
v -0.016723413 0.5958215 -0.06539127
v -0.0529625975 0.5997056 -0.0720636547
v -0.06285929 0.481210738 -0.08516838
v -0.0319330767 0.5705589 0.07214947
v -0.0583229065 0.482928962 0.0497238971
v -0.0323647223 0.4813977 -0.0318183266
v -0.0110877547 0.5525967 -0.01868711
v -0.0734363 0.384988546 0.0210377723
v -0.05599842 0.365577936 -0.0485839881
v -0.118044391 0.3525655 0.0206731036
v -0.126149461 0.370977968 -0.04035047
v -0.08072267 0.346719444 0.0263772272
v -0.11887113 0.287020743 -0.0935841948
v -0.116719767 0.352761984 -0.07595126
v -0.07961679 0.3499989 -0.0818260759
v -0.05737896 0.352708459 -0.0518612526
v -0.08431674 0.3281866 0.0144901425
v -0.084825784 0.258743376 0.00237954454
v -0.05383637 0.2549659 -0.0525307842
v -0.112279154 0.377116829 -0.06440711
v -0.071582824 0.37385 -0.0758076757
v -0.113460854 0.390561759 0.0216773786
v -0.0275524855 0.9643222 0.0241561159
v -0.0557412356 1.02050006 0.03330793
v -0.0265393686 0.969091654 -0.0106524639
v -0.016723413 0.5958215 -0.06539127
v -0.0319330767 0.5705589 0.07214947
v -0.0110877547 0.5525967 -0.01868711
v -0.0265393686 0.969091654 -0.0106524639
v -0.0599582419 1.04000759 -0.0108550005
v -0.122229084 0.6094741 -0.0126786716
v -0.104231507 0.5981107 0.06141833
v -0.103756867 0.9036524 -0.0559953377
v -0.114770211 0.9083924 -0.0222335234
v -0.09082948 0.872042358 -0.06879896
v -0.114031337 0.8970634 0.0144712664
v -0.122229084 0.6094741 -0.0126786716
v -0.1155998 0.646368742 -0.008163859
v -0.0888012946 0.639803469 -0.0602654032
v -0.0888012946 0.639803469 -0.0602654032
v -0.0888727456 0.606009066 -0.06206001
v -0.122229084 0.6094741 -0.0126786716
v -0.016723413 0.5958215 -0.06539127
v -0.0529625975 0.5997056 -0.0720636547
v -0.04937805 0.6310641 -0.08509572
v -0.04937805 0.6310641 -0.08509572
v -0.00266328058 0.626333237 -0.08248159
v -0.016723413 0.5958215 -0.06539127
v -0.0888727456 0.606009066 -0.06206001
v -0.0888012946 0.639803469 -0.0602654032
v -0.04937805 0.6310641 -0.08509572
v -0.04937805 0.6310641 -0.08509572
v -0.0529625975 0.5997056 -0.0720636547
v -0.0888727456 0.606009066 -0.06206001
v -0.0599582419 1.04000759 -0.0108550005
v -0.103756867 0.9036524 -0.0559953377
v -0.114770211 0.9083924 -0.0222335234
v -0.0700765252 0.7416241 -0.01438619
v -0.05737896 0.352708459 -0.0518612526
v -0.05599842 0.365577936 -0.0485839881
v -0.124857217 0.1729885 -0.009380918
v -0.08029693 0.109191254 -0.08280903
v -0.0693875253 0.0935505 -0.0396865
v -0.139250919 0.100328758 0.0112618189
v 0.109510563 0.4640218 -0.09543736
v 0.0658031851 0.507008433 -0.113070205
v 0.101372764 0.504519761 -0.0976186544
v 0.0527998358 0.54387486 -0.108697817
v 0.09592974 0.5517305 -0.102120221
v 0.08314068 0.5663594 0.07786763
v 0.06592817 0.53325 0.09687665
v 0.109367475 0.5432867 0.08765352
v 0.125840887 0.5038619 0.08783117
v 0.082686916 0.502442837 0.100482136
v 0.135106817 0.466626316 0.09652287
v 0.13169238 0.5417938 -0.0606088974
v 0.139552325 0.4947075 -0.0581759
v 0.14569065 0.450115353 -0.05534087
v 0.15163219 0.540330648 -0.00953578949
v 0.145347714 0.54273653 0.04611222
v 0.15666391 0.498025358 0.0488035642
v 0.161118537 0.4932255 -0.006936281
v 0.168952957 0.446595073 -0.00563857751
v 0.165100083 0.452632546 0.0521616526
v 0.076775305 0.581509 -0.094350934
v 0.116493031 0.5810027 -0.05813737
v 0.132074088 0.5761603 -0.00718898233
v 0.121285379 0.572255135 0.04731084
v 0.111395039 0.531149 -0.107318148
v 0.0605305955 0.561441243 -0.117657408
v 0.101224586 0.5697193 -0.105980381
v 0.0481372625 0.599714756 -0.109869778
v 0.08763815 0.6111812 -0.09950319
v 0.06565564 0.6135683 0.08775686
v 0.0503890924 0.580632269 0.098761946
v 0.0936852247 0.589260042 0.08928287
v 0.117810458 0.562498033 0.09038174
v 0.07245157 0.549119949 0.102840796
v 0.130944461 0.524957538 0.09307657
v 0.127936527 0.6141612 -0.0590138845
v 0.1425536 0.566477656 -0.06750783
v 0.144431531 0.517944634 -0.0630918
v 0.144510746 0.6095142 -0.006972164
v 0.133310467 0.6009754 0.047603894
v 0.152009964 0.563380361 0.0437996648
v 0.15979524 0.562886655 -0.0143614542
v 0.168253869 0.520405054 -0.0128978034
v 0.162641332 0.5225481 0.0449768826
v 0.06347518 0.6330025 -0.08629428
v 0.1023233 0.636690855 -0.0497648232
v 0.118622765 0.6333713 -0.000488590449
v 0.1064186 0.625182569 0.0512916259
v 0.09797432 0.6072654 -0.105257973
v 0.04164656 0.6264495 -0.105671257
v 0.08251822 0.639941633 -0.09603235
v 0.0231674351 0.657485545 -0.08834614
v 0.0632743537 0.671790361 -0.08293466
v 0.0430130139 0.67424 0.0856224447
v 0.0200661141 0.6358237 0.0955677
v 0.06900402 0.6516498 0.09731041
v 0.0903949142 0.6179883 0.09705219
v 0.04451689 0.6057103 0.104548112
v 0.107777804 0.5858515 0.09558898
v 0.105181769 0.6777272 -0.0459034033
v 0.123040617 0.644327343 -0.05587252
v 0.137813732 0.6105142 -0.0629433841
v 0.12325342 0.6750163 0.002446264
v 0.1113114 0.665694833 0.0542936549
v 0.130148426 0.6319906 0.04958182
v 0.140681341 0.640900731 -0.004187662
v 0.154824555 0.6061566 -0.009950623
v 0.144325912 0.596915 0.04536851
v 0.107777804 0.5858515 0.09558898
v 0.0392848551 0.6909322 -0.06640266
v 0.08014787 0.6975248 -0.0349030346
v 0.09816277 0.6963563 0.008804922
v 0.08329095 0.686723 0.0503886677
v -0.1184002 0.464959979 -0.09309417
v -0.109270066 0.505302846 -0.09559359
v -0.0690814 0.5034368 -0.1079396
v -0.0596634038 0.544142365 -0.107730716
v -0.102740504 0.552417755 -0.100315332
v -0.0862099 0.5669696 0.0793751
v -0.112434894 0.544466138 0.08982682
v -0.06891422 0.5336199 0.09802024
v -0.129654974 0.5053682 0.0904527158
v -0.139829844 0.468646944 0.09962243
v -0.0861599147 0.503115356 0.102059036
v -0.147642687 0.4966109 -0.05496637
v -0.138526618 0.5433487 -0.0577886961
v -0.154782191 0.4521848 -0.0518815629
v -0.157248229 0.542437851 -0.00620090775
v -0.167889759 0.4957233 -0.003177653
v -0.1618626 0.50049144 0.052417364
v -0.149376765 0.5444138 0.04907193
v -0.176813766 0.44929865 -0.00158102531
v -0.171303958 0.455321252 0.0560867451
v -0.08290991 0.5820466 -0.0929359645
v -0.12207821 0.5819423 -0.0559483245
v -0.1364581 0.576439 -0.004752556
v -0.12481685 0.5734302 0.0496465527
v -0.116716444 0.5287613 -0.103859216
v -0.10792 0.5704681 -0.104076505
v -0.06739898 0.5617838 -0.1165462
v -0.05434515 0.600077 -0.1089596
v -0.0935736448 0.6118218 -0.09789379
v -0.06825236 0.6140416 0.0889461339
v -0.09642162 0.5899321 0.0909712762
v -0.0530259721 0.5809979 0.09968041
v -0.120451644 0.5638489 0.092733115
v -0.134230062 0.526569247 0.09579076
v -0.0751705 0.5495486 0.104116589
v -0.148973823 0.5681789 -0.06450039
v -0.133124441 0.615084052 -0.05669532
v -0.15208526 0.519952655 -0.0598000176
v -0.148804232 0.610551059 -0.004367139
v -0.165029883 0.5651594 -0.0108622182
v -0.155751124 0.565161049 0.0468847454
v -0.136696935 0.601929843 0.050001923
v -0.174389124 0.522879 -0.00911048
v -0.167252973 0.524958849 0.04859438
v -0.0690262243 0.6334709 -0.08511749
v -0.107192375 0.6374315 -0.0479040444
v -0.12263719 0.6342241 0.001654122
v -0.109573416 0.6259461 0.05320992
v -0.104037762 0.6079795 -0.103463829
v -0.0881896839 0.64054507 -0.09451623
v -0.04759207 0.626764953 -0.104878709
v -0.02858921 0.6576685 -0.08788647
v -0.0684915558 0.6722561 -0.0817644149
v -0.0452228747 0.6745512 0.08640613
v -0.07116123 0.6521453 0.09855527
v -0.0223751068 0.635973752 0.09594464
v -0.092790775 0.6186359 0.0986791253
v -0.110423662 0.586622834 0.09752691
v -0.0468747951 0.6060334 0.105359793
v -0.1279604 0.6452146 -0.0536432937
v -0.109691642 0.6784867 -0.0439950638
v -0.143095464 0.611507237 -0.06044853
v -0.126920417 0.6759006 0.004668154
v -0.144704074 0.64190954 -0.001653064
v -0.133281142 0.6329218 0.0519214161
v -0.114125609 0.6664916 0.05629583
v -0.159192666 0.6072666 -0.00716173276
v -0.147778779 0.597947538 0.04796278
v -0.110423662 0.586622834 0.09752691
v -0.0440775 0.69122684 -0.06566231
v -0.08432698 0.69810617 -0.0334422775
v -0.101570562 0.6970624 0.0105788894
v -0.086030975 0.6873215 0.0518924743
v -0.00148521631 0.470591545 0.0978437662
v 0.03377219 0.5084585 0.1010963
v -0.001129349 0.57961607 0.116398752
v -0.0009376856 0.63295716 0.116748363
v 0.06393805 0.5984735 0.109261364
v 0.0225453451 0.6547507 0.10950911
v 0.08144383 0.650171459 0.105777562
v 0.0622855648 0.6706809 0.104186416
v 0.0354529954 0.669493139 0.104758546
v -0.0009376856 0.63295716 0.116748363
v -0.000896460144 0.601648033 0.13385196
v 0.0215488374 0.614384532 0.117985919
v -0.0007258861 0.651212752 0.133329988
v 0.009553777 0.619492054 0.12520498
v 0.0206308719 0.653890967 0.119918093
v -0.00109693664 0.5596996 0.127975553
v -0.001406912 0.5065366 0.114233613
v 0.008528214 0.522271 0.116461784
v 0.01661655 0.5715307 0.117523789
v -0.00118940347 0.5539436 0.119855136
v 0.01842456 0.572341144 0.117503151
v 0.048564855 0.700243235 -0.0811056644
v 0.0866645053 0.688489735 -0.08534917
v 0.030732058 0.6843416 -0.08913952
v 0.02363858 0.6578194 -0.103558913
v -0.00306461751 0.6360999 -0.123987362
v -0.00278093177 0.6637531 -0.10305202
v 0.021642847 0.5999409 -0.125773519
v -0.00335567445 0.588558 -0.137836456
v -0.00250154641 0.712896466 -0.09115456
v 0.0164537616 0.710829735 -0.08608529
v -0.002738725 0.684924245 -0.106726333
v -0.00339480955 0.57932204 -0.138566822
v 0.0179492645 0.5530554 -0.126053482
v -0.00348526728 0.537994742 -0.132302761
v 0.0290641561 0.6473919 -0.104704857
v 0.02627882 0.605396867 -0.1199508
v 0.0264841653 0.604014039 -0.117058158
v -0.00329722418 0.5928109 -0.132947981
v 0.0286867637 0.6806223 -0.09230831
v 0.0173963886 0.649863958 -0.112512156
v -0.00292544812 0.6505675 -0.114075854
v 0.0417434052 0.526792169 -0.1242975
v -0.00369138527 0.486269534 -0.134923041
v -0.00299281161 0.6288938 -0.113034084
v 0.0744563639 0.631346762 -0.110016942
v -0.00276664458 0.6621798 -0.100817144
v 0.07263802 0.7005044 -0.08104104
v 0.09009082 0.6564402 -0.0965233
v 0.08225166 0.623525739 0.108439818
v 0.006512068 0.684376 0.1223529
v -0.0008923358 0.6196599 0.1271472
v -0.000685717 0.685245931 0.124306843
v -0.0368073247 0.5086608 0.10169816
v -0.0243914351 0.654861152 0.10991849
v -0.06617843 0.598933458 0.110416979
v -0.0372765623 0.6697479 0.105404466
v -0.06410593 0.6711277 0.10530895
v -0.08337737 0.6507541 0.107241392
v -0.023529591 0.6145439 0.118386284
v -0.0222981274 0.654044032 0.120299533
v -0.01137246 0.619566 0.125390828
v -0.0189093575 0.5716562 0.117839307
v -0.0111895353 0.522340655 0.1166369
v -0.0207117349 0.5724795 0.117850736
v -0.05346971 0.7006039 -0.0801994652
v -0.0358952656 0.684577048 -0.08854778
v -0.09172092 0.689120352 -0.0837648958
v -0.0292467456 0.65800637 -0.103089228
v -0.0280550867 0.600116551 -0.125332147
v -0.0213781446 0.7109635 -0.0857493
v -0.0246985964 0.553206146 -0.1256747
v -0.0347654559 0.6476176 -0.104137957
v -0.0325482227 0.6056048 -0.119428337
v -0.03271193 0.6042233 -0.116532415
v -0.0339329243 0.680843651 -0.09175217
v -0.0232207719 0.650007546 -0.112151414
v -0.0486428067 0.5271117 -0.123494759
v -0.08035714 0.631894 -0.108642
v -0.07753547 0.7010354 -0.07970731
v -0.09557162 0.6570965 -0.09487437
v -0.08432625 0.6241146 0.10991925
v -0.00792322 0.6844271 0.122481078
v 0.05881773 1.03958786 -0.0119098984
v 0.08443923 1.09020293 -0.0972584039
v 0.1359874 1.084843 -0.0318985432
v -0.000898240833 1.04257524 -0.0494143777
v -0.08204111 1.09259856 -0.0935462
v -0.00134184968 1.09573436 -0.120512679
v 0.1359874 1.084843 -0.0318985432
v 0.08443923 1.09020293 -0.0972584039
v 0.104681343 1.18639624 -0.109053478
v 0.104681343 1.18639624 -0.109053478
v 0.169676885 1.18547034 -0.0117678009
v 0.1359874 1.084843 -0.0318985432
v -0.00134184968 1.09573436 -0.120512679
v -0.08204111 1.09259856 -0.0935462
v -0.105324678 1.187095 -0.107365236
v -0.105324678 1.187095 -0.107365236
v -0.00114795112 1.19367385 -0.137658522
v -0.00134184968 1.09573436 -0.120512679
v -0.00134184968 1.09573436 -0.120512679
v -0.00114795112 1.19367385 -0.137658522
v 0.104681343 1.18639624 -0.109053478
v 0.104681343 1.18639624 -0.109053478
v 0.08443923 1.09020293 -0.0972584039
v -0.00134184968 1.09573436 -0.120512679
v -0.1296004 1.09004962 -0.0291949473
v -0.16671519 1.18657219 -0.009133946
v -0.105324678 1.187095 -0.107365236
v -0.105324678 1.187095 -0.107365236
v -0.08204111 1.09259856 -0.0935462
v -0.1296004 1.09004962 -0.0291949473
v 0.05881773 1.03958786 -0.0119098984
v -0.000898240833 1.04257524 -0.0494143777
v 0.08443923 1.09020293 -0.0972584039
v -0.000898240833 1.04257524 -0.0494143777
v -0.0599582419 1.04000759 -0.0108550005
v -0.08204111 1.09259856 -0.0935462
v -0.000898240833 1.04257524 -0.0494143777
v -0.00134184968 1.09573436 -0.120512679
v 0.08443923 1.09020293 -0.0972584039
v -0.0599582419 1.04000759 -0.0108550005
v -0.1296004 1.09004962 -0.0291949473
v -0.08204111 1.09259856 -0.0935462
v 0.06391633 0.946286261 -0.151609585
v 0.05308766 0.9302746 -0.151960611
v -0.0544979572 0.708995461 -0.106490463
v -0.0551913753 0.7103055 -0.09528348
v 0.0526288375 0.930316448 -0.140754223
v 0.06391633 0.946286261 -0.151609585
v 0.06659584 0.945400238 -0.160190091
v 0.0586026758 0.9278708 -0.161357149
v -0.0486437678 0.705840051 -0.115623653
v 0.06659584 0.945400238 -0.160190091
v 0.0727854148 0.942303956 -0.165802956
v 0.05549281 0.9187601 -0.160506129
v -0.0389960855 0.7033238 -0.119486421
v 0.0727854148 0.942303956 -0.165802956
v 0.07303634 0.936185539 -0.170030951
v 0.0656657 0.9135132 -0.160600156
v -0.0284872521 0.699266136 -0.118382663
v -0.0389960855 0.7033238 -0.119486421
v 0.05549281 0.9187601 -0.160506129
v 0.07303634 0.936185539 -0.170030951
v 0.08093716 0.931283236 -0.1675923
v 0.08908023 0.918263137 -0.167010382
v -0.019754272 0.696310341 -0.111817032
v 0.08093716 0.931283236 -0.1675923
v 0.09608547 0.932097435 -0.16003716
v 0.0934056938 0.915265262 -0.156902924
v -0.0151376491 0.6952436 -0.101549715
v 0.09608547 0.932097435 -0.16003716
v 0.0975954756 0.930489838 -0.150675967
v 0.09254566 0.914663434 -0.145536572
v -0.0158742014 0.696350753 -0.09033349
v 0.0975954756 0.930489838 -0.150675967
v 0.09462416 0.931038737 -0.141489729
v 0.07622713 0.9112431 -0.124235958
v -0.02176599 0.6993403 -0.08117384
v 0.09462416 0.931038737 -0.141489729
v 0.08801524 0.933627844 -0.13512598
v 0.07750172 0.920558035 -0.130890056
v -0.0312831774 0.70250994 -0.077261284
v 0.08801524 0.933627844 -0.13512598
v 0.07253585 0.9346787 -0.13341856
v 0.06665483 0.924691141 -0.127889961
v -0.04178854 0.706560433 -0.07840654
v 0.07253585 0.9346787 -0.13341856
v 0.07085991 0.941271961 -0.134457037
v 0.0583272874 0.929216444 -0.1349469
v -0.05053927 0.7094154 -0.0850036144
v 0.07085991 0.941271961 -0.134457037
v 0.0654446557 0.944717348 -0.142202362
v 0.0654446557 0.944717348 -0.142202362
v -0.02176599 0.6993403 -0.08117384
v -0.0312831774 0.70250994 -0.077261284
v -0.04178854 0.706560433 -0.07840654
v -0.05053927 0.7094154 -0.0850036144
v -0.0551913753 0.7103055 -0.09528348
v -0.0544979572 0.708995461 -0.106490463
v -0.0486437678 0.705840051 -0.115623653
v -0.0389960855 0.7033238 -0.119486421
v -0.0284872521 0.699266136 -0.118382663
v -0.019754272 0.696310341 -0.111817032
v -0.0151376491 0.6952436 -0.101549715
v -0.0158742014 0.696350753 -0.09033349
v 0.06659584 0.945400238 -0.160190091
v 0.06391633 0.946286261 -0.151609585
v 0.06391633 0.946286261 -0.151609585
v 0.0654446557 0.944717348 -0.142202362
v 0.0654446557 0.944717348 -0.142202362
v 0.07085991 0.941271961 -0.134457037
v 0.07085991 0.941271961 -0.134457037
v 0.07253585 0.9346787 -0.13341856
v 0.07253585 0.9346787 -0.13341856
v 0.08801524 0.933627844 -0.13512598
v 0.08801524 0.933627844 -0.13512598
v 0.09462416 0.931038737 -0.141489729
v 0.09462416 0.931038737 -0.141489729
v 0.0975954756 0.930489838 -0.150675967
v 0.0975954756 0.930489838 -0.150675967
v 0.09608547 0.932097435 -0.16003716
v 0.09608547 0.932097435 -0.16003716
v 0.08093716 0.931283236 -0.1675923
v 0.08093716 0.931283236 -0.1675923
v 0.07303634 0.936185539 -0.170030951
v 0.07303634 0.936185539 -0.170030951
v 0.0727854148 0.942303956 -0.165802956
v 0.0727854148 0.942303956 -0.165802956
v 0.06659584 0.945400238 -0.160190091
v 0.0526288375 0.930316448 -0.140754223
v 0.0654446557 0.944717348 -0.142202362
v 0.06391633 0.946286261 -0.151609585
v 0.05308766 0.9302746 -0.151960611
v 0.06391633 0.946286261 -0.151609585
v 0.06659584 0.945400238 -0.160190091
v 0.0586026758 0.9278708 -0.161357149
v 0.06659584 0.945400238 -0.160190091
v 0.0727854148 0.942303956 -0.165802956
v 0.05549281 0.9187601 -0.160506129
v 0.0727854148 0.942303956 -0.165802956
v 0.07303634 0.936185539 -0.170030951
v 0.0656657 0.9135132 -0.160600156
v 0.07303634 0.936185539 -0.170030951
v 0.08093716 0.931283236 -0.1675923
v 0.08908023 0.918263137 -0.167010382
v 0.08093716 0.931283236 -0.1675923
v 0.09608547 0.932097435 -0.16003716
v 0.0934056938 0.915265262 -0.156902924
v 0.09608547 0.932097435 -0.16003716
v 0.0975954756 0.930489838 -0.150675967
v 0.09254566 0.914663434 -0.145536572
v 0.0975954756 0.930489838 -0.150675967
v 0.09462416 0.931038737 -0.141489729
v 0.07622713 0.9112431 -0.124235958
v 0.09462416 0.931038737 -0.141489729
v 0.08801524 0.933627844 -0.13512598
v 0.07750172 0.920558035 -0.130890056
v 0.08801524 0.933627844 -0.13512598
v 0.07253585 0.9346787 -0.13341856
v 0.06665483 0.924691141 -0.127889961
v 0.07253585 0.9346787 -0.13341856
v 0.07085991 0.941271961 -0.134457037
v 0.0583272874 0.929216444 -0.1349469
v 0.07085991 0.941271961 -0.134457037
v 0.0654446557 0.944717348 -0.142202362
v 0.08491849 0.9987138 -0.152846545
v 0.07577297 0.991931736 -0.156793326
v 0.06331983 0.939422667 -0.149665654
v 0.06601489 0.9389659 -0.142348766
v 0.08087293 0.9905375 -0.1449275
v 0.08491849 0.9987138 -0.152846545
v 0.08283554 0.9983552 -0.164137751
v 0.07633942 0.989757538 -0.16950421
v 0.06399129 0.9381087 -0.156889766
v 0.08283554 0.9983552 -0.164137751
v 0.08588953 0.9949861 -0.17464067
v 0.0824203342 0.9845979 -0.179654568
v 0.06782452 0.935316741 -0.16213125
v 0.08588953 0.9949861 -0.17464067
v 0.09326201 0.989508 -0.1815415
v 0.09238616 0.9778345 -0.184524536
v 0.07524252 0.932911932 -0.167878032
v 0.06782452 0.935316741 -0.16213125
v 0.0824203342 0.9845979 -0.179654568
v 0.09326201 0.989508 -0.1815415
v 0.102977172 0.9833895 -0.182990864
v 0.103567109 0.9712799 -0.1828093
v 0.0678603947 0.9233986 -0.153504938
v 0.102977172 0.9833895 -0.182990864
v 0.112432532 0.9782697 -0.178600565
v 0.112966575 0.96669066 -0.174968287
v 0.0738339 0.9214916 -0.149107188
v 0.112432532 0.9782697 -0.178600565
v 0.119093977 0.9755212 -0.169546783
v 0.118066415 0.9652959 -0.1631028
v 0.07736212 0.921565 -0.142355785
v 0.119093977 0.9755212 -0.169546783
v 0.121176645 0.9758789 -0.158255681
v 0.117500238 0.9674701 -0.150391787
v 0.0774841756 0.9235821 -0.135062665
v 0.121176645 0.9758789 -0.158255681
v 0.117143854 0.978388369 -0.14753817
v 0.110479668 0.971918166 -0.139849529
v 0.07416637 0.9269977 -0.129183814
v 0.117143854 0.978388369 -0.14753817
v 0.110750355 0.9847267 -0.140851825
v 0.101453319 0.979393661 -0.135371387
v 0.0789687261 0.9340496 -0.138832018
v 0.110750355 0.9847267 -0.140851825
v 0.101035073 0.9908449 -0.139402509
v 0.09027255 0.985947847 -0.137086675
v 0.0714022443 0.9369398 -0.136924982
v 0.101035073 0.9908449 -0.139402509
v 0.09157976 0.995964468 -0.1437929
v 0.09157976 0.995964468 -0.1437929
v 0.0774841756 0.9235821 -0.135062665
v 0.07416637 0.9269977 -0.129183814
v 0.0789687261 0.9340496 -0.138832018
v 0.0714022443 0.9369398 -0.136924982
v 0.06601489 0.9389659 -0.142348766
v 0.06331983 0.939422667 -0.149665654
v 0.06399129 0.9381087 -0.156889766
v 0.06782452 0.935316741 -0.16213125
v 0.07524252 0.932911932 -0.167878032
v 0.0678603947 0.9233986 -0.153504938
v 0.0738339 0.9214916 -0.149107188
v 0.07736212 0.921565 -0.142355785
v 0.08283554 0.9983552 -0.164137751
v 0.08491849 0.9987138 -0.152846545
v 0.08491849 0.9987138 -0.152846545
v 0.09157976 0.995964468 -0.1437929
v 0.09157976 0.995964468 -0.1437929
v 0.101035073 0.9908449 -0.139402509
v 0.101035073 0.9908449 -0.139402509
v 0.110750355 0.9847267 -0.140851825
v 0.110750355 0.9847267 -0.140851825
v 0.117143854 0.978388369 -0.14753817
v 0.117143854 0.978388369 -0.14753817
v 0.121176645 0.9758789 -0.158255681
v 0.121176645 0.9758789 -0.158255681
v 0.119093977 0.9755212 -0.169546783
v 0.119093977 0.9755212 -0.169546783
v 0.112432532 0.9782697 -0.178600565
v 0.112432532 0.9782697 -0.178600565
v 0.102977172 0.9833895 -0.182990864
v 0.102977172 0.9833895 -0.182990864
v 0.09326201 0.989508 -0.1815415
v 0.09326201 0.989508 -0.1815415
v 0.08588953 0.9949861 -0.17464067
v 0.08588953 0.9949861 -0.17464067
v 0.08283554 0.9983552 -0.164137751
v 0.08087293 0.9905375 -0.1449275
v 0.09157976 0.995964468 -0.1437929
v 0.08491849 0.9987138 -0.152846545
v 0.07577297 0.991931736 -0.156793326
v 0.08491849 0.9987138 -0.152846545
v 0.08283554 0.9983552 -0.164137751
v 0.07633942 0.989757538 -0.16950421
v 0.08283554 0.9983552 -0.164137751
v 0.08588953 0.9949861 -0.17464067
v 0.0824203342 0.9845979 -0.179654568
v 0.08588953 0.9949861 -0.17464067
v 0.09326201 0.989508 -0.1815415
v 0.09238616 0.9778345 -0.184524536
v 0.09326201 0.989508 -0.1815415
v 0.102977172 0.9833895 -0.182990864
v 0.103567109 0.9712799 -0.1828093
v 0.102977172 0.9833895 -0.182990864
v 0.112432532 0.9782697 -0.178600565
v 0.112966575 0.96669066 -0.174968287
v 0.112432532 0.9782697 -0.178600565
v 0.119093977 0.9755212 -0.169546783
v 0.118066415 0.9652959 -0.1631028
v 0.119093977 0.9755212 -0.169546783
v 0.121176645 0.9758789 -0.158255681
v 0.117500238 0.9674701 -0.150391787
v 0.121176645 0.9758789 -0.158255681
v 0.117143854 0.978388369 -0.14753817
v 0.110479668 0.971918166 -0.139849529
v 0.117143854 0.978388369 -0.14753817
v 0.110750355 0.9847267 -0.140851825
v 0.101453319 0.979393661 -0.135371387
v 0.110750355 0.9847267 -0.140851825
v 0.101035073 0.9908449 -0.139402509
v 0.09027255 0.985947847 -0.137086675
v 0.101035073 0.9908449 -0.139402509
v 0.09157976 0.995964468 -0.1437929
v 0.1344322 1.04272854 -0.178880066
v 0.137036249 1.03387582 -0.150680736
v 0.150201172 1.02302563 -0.162788481
v 0.1344322 1.04272854 -0.178880066
v 0.118958183 1.04433954 -0.15385139
v 0.1344322 1.04272854 -0.178880066
v 0.106753193 1.04860723 -0.170287818
v 0.1344322 1.04272854 -0.178880066
v 0.1073914 1.04382718 -0.190587372
v 0.1344322 1.04272854 -0.178880066
v 0.120634109 1.03306758 -0.202684671
v 0.1344322 1.04272854 -0.178880066
v 0.1383896 1.02217424 -0.19963716
v 0.1344322 1.04272854 -0.178880066
v 0.150765136 1.01818621 -0.183061779
v 0.1344322 1.04272854 -0.178880066
v 0.150201172 1.02302563 -0.162788481
v 0.1266084 1.01128948 -0.134711072
v 0.144323781 0.99479574 -0.152105078
v 0.101158291 1.02623236 -0.139165223
v 0.0837068856 1.03188956 -0.162656456
v 0.0846094862 1.02513015 -0.191364422
v 0.103337459 1.00991356 -0.2084726
v 0.128920108 0.995153248 -0.203958914
v 0.145037338 0.9879489 -0.180653632
v 0.144323781 0.99479574 -0.152105078
v 0.109444313 0.988318264 -0.140439436
v 0.121636346 0.9766478 -0.152249068
v 0.09135466 0.9987553 -0.143630952
v 0.07901471 1.00275576 -0.160241738
v 0.07965284 0.997975647 -0.180541381
v 0.0928954855 0.9872159 -0.192638725
v 0.110985026 0.976778865 -0.189447045
v 0.123325244 0.972779 -0.172836348
v 0.121636346 0.9766478 -0.152249068
v 0.0954251438 0.978270948 -0.1644584
v 0.0954251438 0.978270948 -0.1644584
v 0.0954251438 0.978270948 -0.1644584
v 0.0954251438 0.978270948 -0.1644584
v 0.0954251438 0.978270948 -0.1644584
v 0.0954251438 0.978270948 -0.1644584
v 0.0954251438 0.978270948 -0.1644584
v 0.0954251438 0.978270948 -0.1644584
v 0.119508006 1.03558457 -0.202597335
v 0.113292493 1.02938259 -0.1960333
v 0.113491185 1.0319382 -0.193623617
v 0.119667038 1.03762925 -0.200669646
v 0.120041981 1.03339875 -0.204295963
v 0.113959849 1.02665079 -0.198156431
v 0.121232465 1.03122127 -0.2056495
v 0.115447909 1.02392828 -0.199848488
v 0.122997835 1.0292 -0.206565931
v 0.117654964 1.02140176 -0.200994074
v 0.125218689 1.02747285 -0.206982762
v 0.120430738 1.01924288 -0.201515019
v 0.127742812 1.02615726 -0.2068716
v 0.12358588 1.01759875 -0.20137614
v 0.13039881 1.02534354 -0.206239939
v 0.126905829 1.01658165 -0.200586557
v 0.133005276 1.025087 -0.205131009
v 0.130163923 1.0162605 -0.199200347
v 0.126905829 1.01658165 -0.200586557
v 0.13039881 1.02534354 -0.206239939
v 0.135384634 1.02540433 -0.203620151
v 0.133138373 1.016657 -0.197311774
v 0.137031734 1.0258075 -0.2019558
v 0.135626167 1.01774514 -0.1950496
v 0.138505414 1.02717173 -0.1999816
v 0.137134984 1.01902306 -0.1926868
v 0.139355555 1.02893865 -0.197966591
v 0.138197333 1.02123129 -0.190167651
v 0.13952446 1.03098786 -0.196048051
v 0.138408065 1.02379239 -0.18776916
v 0.139001131 1.0331794 -0.194356576
v 0.13775298 1.0265311 -0.185654566
v 0.137820214 1.03536427 -0.193007216
v 0.13627702 1.02926242 -0.1839679
v 0.136063188 1.03739369 -0.192091957
v 0.134080425 1.031799 -0.182823792
v 0.133849248 1.03912938 -0.191673234
v 0.131313041 1.03396857 -0.182300463
v 0.131329253 1.0404526 -0.19177942
v 0.1284143 1.03599513 -0.182283565
v 0.128949821 1.0416888 -0.1922292
v 0.125094652 1.03701246 -0.183073118
v 0.12634325 1.04194534 -0.193338215
v 0.121836379 1.03733361 -0.184459418
v 0.1239638 1.04162776 -0.194849133
v 0.1188621 1.03693688 -0.186347887
v 0.121973455 1.040758 -0.196658775
v 0.11637412 1.0358485 -0.1886102
v 0.120507814 1.03939378 -0.198644027
v 0.11454232 1.03414381 -0.1910918
v 0.1257237 1.04178679 -0.2091614
v 0.125842884 1.0433203 -0.207715616
v 0.126124159 1.04014742 -0.2104353
v 0.127016768 1.038514 -0.211450532
v 0.128341049 1.03699839 -0.212137848
v 0.130006611 1.03570306 -0.212450415
v 0.13189967 1.03471625 -0.212367162
v 0.133891582 1.03410614 -0.211893335
v 0.13584654 1.03391325 -0.211061522
v 0.133891582 1.03410614 -0.211893335
v 0.137274131 1.03364718 -0.21010606
v 0.138771713 1.03429854 -0.20875743
v 0.139877051 1.03532159 -0.207277015
v 0.140514866 1.0366472 -0.205766
v 0.140641838 1.03818381 -0.204327136
v 0.140249491 1.03982818 -0.203058615
v 0.139363989 1.04146659 -0.202046618
v 0.138046324 1.04298913 -0.201360092
v 0.136385754 1.04429066 -0.201046064
v 0.13449572 1.045283 -0.201125786
v 0.132504851 1.04589856 -0.201593786
v 0.130549 1.046095 -0.202418536
v 0.129065439 1.04631937 -0.203350067
v 0.127572641 1.04566634 -0.204707444
v 0.126473576 1.04464328 -0.206196412
v 0.131939217 1.04798853 -0.215725467
v 0.1320187 1.04901135 -0.214761451
v 0.132206112 1.04689586 -0.2165745
v 0.132801324 1.04580748 -0.21725142
v 0.133684143 1.04479659 -0.2177098
v 0.134794444 1.0439328 -0.217918009
v 0.135691136 1.04274 -0.218070641
v 0.137018546 1.04233038 -0.217758462
v 0.138322413 1.04219878 -0.21720843
v 0.137018546 1.04233038 -0.217758462
v 0.139514267 1.04235637 -0.216458559
v 0.140512675 1.04279077 -0.215559587
v 0.1412497 1.04347265 -0.214572683
v 0.141675159 1.04435623 -0.213565558
v 0.141759992 1.04538167 -0.212606341
v 0.141498476 1.04647768 -0.211760536
v 0.1409084 1.04756963 -0.211085975
v 0.140029773 1.04858434 -0.21062845
v 0.138923049 1.04945266 -0.210418954
v 0.1376628 1.05011451 -0.210472062
v 0.1363355 1.05052459 -0.210783973
v 0.135031551 1.05065525 -0.211333856
v 0.133839563 1.05049837 -0.212083742
v 0.132841051 1.05006325 -0.21298261
v 0.132439077 1.04989326 -0.213748813
v 0.1377954 1.053625 -0.22255002
v 0.137837827 1.05413711 -0.222070515
v 0.137926176 1.05307686 -0.222972915
v 0.138221309 1.05253041 -0.223310336
v 0.138660356 1.05202281 -0.223539069
v 0.139214113 1.05158889 -0.223643854
v 0.1398441 1.05125844 -0.223617241
v 0.140507758 1.05105317 -0.2234612
v 0.141159669 1.05098784 -0.2231863
v 0.140507758 1.05105317 -0.2234612
v 0.1417557 1.05106676 -0.22281149
v 0.142255023 1.05128348 -0.222361878
v 0.142623737 1.05162489 -0.221868515
v 0.142836362 1.05206692 -0.221365079
v 0.142879 1.05257928 -0.2208854
v 0.142748117 1.05312717 -0.220462576
v 0.142453164 1.05367339 -0.220125139
v 0.142014027 1.054181 -0.219896376
v 0.141460449 1.0546149 -0.219791785
v 0.1408303 1.05494559 -0.21981816
v 0.14016673 1.0551511 -0.2199743
v 0.139514536 1.05521619 -0.220249012
v 0.138918564 1.05513775 -0.220623955
v 0.13841939 1.05492079 -0.221073434
v 0.138050839 1.05457914 -0.221566841
v 0.14399837 1.05977786 -0.229164332
v 0.14399837 1.05977786 -0.229164332
v 0.14399837 1.05977786 -0.229164332
v 0.14399837 1.05977786 -0.229164332
v 0.14399837 1.05977786 -0.229164332
v 0.14399837 1.05977786 -0.229164332
v 0.14399837 1.05977786 -0.229164332
v 0.14399837 1.05977786 -0.229164332
v 0.14399837 1.05977786 -0.229164332
v 0.14399837 1.05977786 -0.229164332
v 0.14399837 1.05977786 -0.229164332
v 0.14399837 1.05977786 -0.229164332
v 0.14399837 1.05977786 -0.229164332
v 0.14399837 1.05977786 -0.229164332
v 0.14399837 1.05977786 -0.229164332
v 0.14399837 1.05977786 -0.229164332
v 0.14399837 1.05977786 -0.229164332
v 0.14399837 1.05977786 -0.229164332
v 0.14399837 1.05977786 -0.229164332
v 0.14399837 1.05977786 -0.229164332
v 0.14399837 1.05977786 -0.229164332
v 0.14399837 1.05977786 -0.229164332
v 0.14399837 1.05977786 -0.229164332
v 0.14399837 1.05977786 -0.229164332
v 0.14399837 1.05977786 -0.229164332
v 0.14399837 1.05977786 -0.229164332
v 0.121836379 1.03733361 -0.184459418
v 0.1188621 1.03693688 -0.186347887
v 0.11637412 1.0358485 -0.1886102
v 0.11454232 1.03414381 -0.1910918
v 0.113491185 1.0319382 -0.193623617
v 0.113292493 1.02938259 -0.1960333
v 0.113959849 1.02665079 -0.198156431
v 0.115447909 1.02392828 -0.199848488
v 0.117654964 1.02140176 -0.200994074
v 0.120430738 1.01924288 -0.201515019
v 0.12358588 1.01759875 -0.20137614
v 0.126905829 1.01658165 -0.200586557
v 0.130163923 1.0162605 -0.199200347
v 0.133138373 1.016657 -0.197311774
v 0.135626167 1.01774514 -0.1950496
v 0.137134984 1.01902306 -0.1926868
v 0.138197333 1.02123129 -0.190167651
v 0.138408065 1.02379239 -0.18776916
v 0.13775298 1.0265311 -0.185654566
v 0.13627702 1.02926242 -0.1839679
v 0.134080425 1.031799 -0.182823792
v 0.131313041 1.03396857 -0.182300463
v 0.1284143 1.03599513 -0.182283565
v 0.125094652 1.03701246 -0.183073118
v 0.14399837 1.05977786 -0.229164332
v 0.1410007 1.03468835 -0.1587889
v 0.130984455 1.0315026 -0.161973268
v 0.130795643 1.029627 -0.158974811
v 0.140849337 1.03318775 -0.156390071
v 0.141599625 1.03563058 -0.1613824
v 0.13173303 1.03268015 -0.16521515
v 0.142605543 1.03595173 -0.1639938
v 0.132990435 1.03308141 -0.168479428
v 0.143949851 1.03562868 -0.1664451
v 0.1346712 1.03267872 -0.171543613
v 0.145540774 1.0346843 -0.168569267
v 0.136660308 1.03149831 -0.174198866
v 0.147270173 1.033183 -0.170221448
v 0.138822481 1.02962172 -0.176264152
v 0.14902018 1.03122628 -0.17128931
v 0.141010761 1.02717674 -0.177598938
v 0.150671273 1.02894843 -0.171699643
v 0.143075079 1.02433 -0.178111926
v 0.141010761 1.02717674 -0.177598938
v 0.14902018 1.03122628 -0.17128931
v 0.152111262 1.0265044 -0.171424881
v 0.144875929 1.02127564 -0.177768379
v 0.153241888 1.02406037 -0.17048344
v 0.146289662 1.01822078 -0.176591769
v 0.153985888 1.02178252 -0.168939814
v 0.147220761 1.01537526 -0.174662113
v 0.154292688 1.01982725 -0.166898951
v 0.147605076 1.01293147 -0.172111228
v 0.154141411 1.01832664 -0.1645002
v 0.147416472 1.01105678 -0.169112563
v 0.153542429 1.01738369 -0.161906824
v 0.146667942 1.00987828 -0.16587086
v 0.152536258 1.01706231 -0.159295678
v 0.145410269 1.00947654 -0.162607
v 0.151191771 1.01738489 -0.15684469
v 0.14372921 1.00987923 -0.1595431
v 0.149600551 1.01832855 -0.154720768
v 0.141739562 1.01105821 -0.156888291
v 0.147871017 1.01982987 -0.153068677
v 0.139576718 1.01293409 -0.1548233
v 0.14612104 1.02178609 -0.1520009
v 0.137388542 1.01537883 -0.153488755
v 0.144470021 1.0240649 -0.151590332
v 0.1353238 1.01822531 -0.152975321
v 0.1430304 1.02650964 -0.151864916
v 0.133523241 1.02128112 -0.153318554
v 0.141900271 1.02895439 -0.152806029
v 0.13210994 1.024336 -0.154494792
v 0.141156137 1.03123176 -0.154349416
v 0.131179437 1.0271827 -0.156424
v 0.151018456 1.03786933 -0.155613214
v 0.150904924 1.03674352 -0.15381445
v 0.151467547 1.03857672 -0.157558084
v 0.152221963 1.038817 -0.159516275
v 0.153229922 1.03857529 -0.161354452
v 0.154422939 1.03786671 -0.162947491
v 0.155719623 1.03674042 -0.164186537
v 0.15703173 1.03527224 -0.164987251
v 0.158269659 1.03356373 -0.165295124
v 0.15703173 1.03527224 -0.164987251
v 0.159349158 1.03172982 -0.165089056
v 0.160196573 1.02989614 -0.164383262
v 0.160754129 1.02818739 -0.163225576
v 0.160983846 1.0267204 -0.161695257
v 0.160870269 1.02559483 -0.159896433
v 0.16042079 1.02488673 -0.157951757
v 0.159666389 1.02464569 -0.155993715
v 0.158658341 1.02488744 -0.154155776
v 0.157465309 1.02559578 -0.152562961
v 0.15616852 1.02672255 -0.151324064
v 0.154856518 1.02819026 -0.150523335
v 0.153618857 1.02989924 -0.150215477
v 0.1525395 1.03173387 -0.150421321
v 0.151692063 1.03356731 -0.151126921
v 0.15113461 1.03527629 -0.15228425
v 0.161038965 1.04104769 -0.152445525
v 0.160963014 1.04029715 -0.151246741
v 0.1613384 1.04151976 -0.153741509
v 0.161841169 1.04168022 -0.155046582
v 0.162512884 1.04151928 -0.156271622
v 0.163308114 1.041047 -0.157333359
v 0.164172277 1.040296 -0.158159181
v 0.1650468 1.03931677 -0.158692852
v 0.165871784 1.03817737 -0.158898145
v 0.1650468 1.03931677 -0.158692852
v 0.166591167 1.03695428 -0.15876095
v 0.167155847 1.03573143 -0.158290491
v 0.167527393 1.03459179 -0.157519162
v 0.167680457 1.03361356 -0.1564994
v 0.16760461 1.03286231 -0.155300528
v 0.167305 1.03239071 -0.1540046
v 0.166802064 1.03222978 -0.15269962
v 0.16613017 1.03239048 -0.151474684
v 0.16533497 1.032863 -0.150413215
v 0.164470926 1.0336138 -0.149587452
v 0.1635966 1.03459275 -0.149053842
v 0.162771612 1.03573263 -0.148848534
v 0.162052438 1.036956 -0.148985654
v 0.161487833 1.03817928 -0.149455681
v 0.1611163 1.03931868 -0.1502269
v 0.170793474 1.04332936 -0.150144532
v 0.170758709 1.04295957 -0.1495418
v 0.170939 1.04355848 -0.1507956
v 0.1711851 1.04363191 -0.151450545
v 0.171515375 1.0435437 -0.15206486
v 0.1719068 1.04330075 -0.152596459
v 0.172508836 1.04347217 -0.152492374
v 0.172943443 1.04297984 -0.152759463
v 0.173354074 1.04240787 -0.152861938
v 0.172943443 1.04297984 -0.152759463
v 0.1737122 1.04179537 -0.152792662
v 0.173993915 1.04118383 -0.15255639
v 0.1741795 1.040615 -0.152169272
v 0.174256817 1.04012811 -0.15165773
v 0.174220219 1.03975523 -0.151056349
v 0.174072385 1.03952277 -0.1504065
v 0.173823565 1.039446 -0.149752125
v 0.173490435 1.03953063 -0.1491381
v 0.172925189 1.03923357 -0.149108261
v 0.172498912 1.03961527 -0.148695558
v 0.1720672 1.04011 -0.14843
v 0.171659112 1.04068267 -0.1483293
v 0.171302587 1.04129612 -0.148400575
v 0.171021923 1.041907 -0.148639
v 0.170836642 1.04247463 -0.149028152
v 0.180747047 1.045961 -0.147647649
v 0.180747047 1.045961 -0.147647649
v 0.180747047 1.045961 -0.147647649
v 0.180747047 1.045961 -0.147647649
v 0.180747047 1.045961 -0.147647649
v 0.180747047 1.045961 -0.147647649
v 0.180747047 1.045961 -0.147647649
v 0.180747047 1.045961 -0.147647649
v 0.180747047 1.045961 -0.147647649
v 0.180747047 1.045961 -0.147647649
v 0.180747047 1.045961 -0.147647649
v 0.180747047 1.045961 -0.147647649
v 0.180747047 1.045961 -0.147647649
v 0.180747047 1.045961 -0.147647649
v 0.180747047 1.045961 -0.147647649
v 0.180747047 1.045961 -0.147647649
v 0.180747047 1.045961 -0.147647649
v 0.180747047 1.045961 -0.147647649
v 0.180747047 1.045961 -0.147647649
v 0.180747047 1.045961 -0.147647649
v 0.180747047 1.045961 -0.147647649
v 0.180747047 1.045961 -0.147647649
v 0.180747047 1.045961 -0.147647649
v 0.180747047 1.045961 -0.147647649
v 0.180747047 1.045961 -0.147647649
v 0.180747047 1.045961 -0.147647649
v 0.1353238 1.01822531 -0.152975321
v 0.133523241 1.02128112 -0.153318554
v 0.13210994 1.024336 -0.154494792
v 0.131179437 1.0271827 -0.156424
v 0.130795643 1.029627 -0.158974811
v 0.130984455 1.0315026 -0.161973268
v 0.13173303 1.03268015 -0.16521515
v 0.132990435 1.03308141 -0.168479428
v 0.1346712 1.03267872 -0.171543613
v 0.136660308 1.03149831 -0.174198866
v 0.138822481 1.02962172 -0.176264152
v 0.141010761 1.02717674 -0.177598938
v 0.143075079 1.02433 -0.178111926
v 0.144875929 1.02127564 -0.177768379
v 0.146289662 1.01822078 -0.176591769
v 0.147220761 1.01537526 -0.174662113
v 0.147605076 1.01293147 -0.172111228
v 0.147416472 1.01105678 -0.169112563
v 0.146667942 1.00987828 -0.16587086
v 0.145410269 1.00947654 -0.162607
v 0.14372921 1.00987923 -0.1595431
v 0.141739562 1.01105821 -0.156888291
v 0.139576718 1.01293409 -0.1548233
v 0.137388542 1.01537883 -0.153488755
v 0.180747047 1.045961 -0.147647649
v 0.105463214 1.0475992 -0.156102508
v 0.102743626 1.03697264 -0.156646445
v 0.104324237 1.03648818 -0.153505236
v 0.1067279 1.047211 -0.1535896
v 0.104898058 1.04800117 -0.15884839
v 0.102036938 1.03747571 -0.160078675
v 0.10507039 1.04839122 -0.161640123
v 0.102252409 1.03796256 -0.163568556
v 0.105968758 1.04874146 -0.164287522
v 0.103375532 1.03840077 -0.166877553
v 0.107531868 1.04902852 -0.166609973
v 0.10532935 1.03875983 -0.169780746
v 0.109653331 1.04923308 -0.168449447
v 0.107981071 1.03901565 -0.172079891
v 0.112188473 1.04934108 -0.169680268
v 0.111149944 1.03915083 -0.173618689
v 0.114964388 1.04934466 -0.170218855
v 0.114619955 1.03915536 -0.174291968
v 0.111149944 1.03915083 -0.173618689
v 0.112188473 1.04934108 -0.169680268
v 0.1177921 1.04924428 -0.1700285
v 0.1181545 1.03902972 -0.174053863
v 0.120259009 1.04864776 -0.169354752
v 0.121512905 1.03878176 -0.172920823
v 0.122624978 1.04836047 -0.167806581
v 0.124264061 1.03810561 -0.1711243
v 0.124508992 1.04801452 -0.1657069
v 0.1266172 1.03767335 -0.168496534
v 0.125783578 1.04763424 -0.163198233
v 0.128206328 1.03719366 -0.1653604
v 0.126361728 1.04724634 -0.16045098
v 0.128922775 1.03670061 -0.161929414
v 0.12620382 1.0468775 -0.15765214
v 0.128718257 1.03622663 -0.158437282
v 0.125320747 1.04655206 -0.154992089
v 0.1276066 1.03580534 -0.155121833
v 0.123772711 1.04629338 -0.152652219
v 0.125663534 1.03546464 -0.152209014
v 0.121665016 1.04611766 -0.150792927
v 0.1229936 1.0351783 -0.149925619
v 0.119141 1.04603636 -0.149541408
v 0.119840361 1.03507626 -0.1483638
v 0.115769506 1.0447067 -0.149183527
v 0.116517454 1.03532922 -0.14754723
v 0.113235138 1.04489076 -0.149334818
v 0.1129828 1.03545487 -0.147785217
v 0.110968038 1.04658282 -0.149920121
v 0.10962449 1.03570235 -0.14891845
v 0.108605348 1.04686463 -0.151480824
v 0.106671117 1.03605449 -0.15086931
v 0.108183078 1.058225 -0.155558661
v 0.109131359 1.05793393 -0.153673932
v 0.10775914 1.05852664 -0.157618016
v 0.107888475 1.05881917 -0.159711778
v 0.108562268 1.05908191 -0.161697343
v 0.1097348 1.05929744 -0.16343917
v 0.111325666 1.05945051 -0.164818779
v 0.113226883 1.05953157 -0.165741935
v 0.115146428 1.05918944 -0.166389346
v 0.113226883 1.05953157 -0.165741935
v 0.117264777 1.05910194 -0.1662596
v 0.119279988 1.0589453 -0.165591612
v 0.12105453 1.05873048 -0.1644306
v 0.122468084 1.05847108 -0.162855521
v 0.123424008 1.05818665 -0.160973221
v 0.12385726 1.05789578 -0.158912
v 0.123738468 1.05761921 -0.156811833
v 0.123075172 1.05737531 -0.154815808
v 0.121912941 1.05718029 -0.153060123
v 0.1203307 1.05704749 -0.1516647
v 0.118436478 1.0569855 -0.150725022
v 0.1163592 1.05699861 -0.150305673
v 0.114240572 1.05708539 -0.1504356
v 0.112225026 1.05724013 -0.151105613
v 0.110539816 1.05767477 -0.152092412
v 0.109819226 1.068544 -0.154974282
v 0.110510148 1.06855643 -0.15372315
v 0.1094729 1.06857693 -0.156360611
v 0.109494761 1.0686537 -0.157787681
v 0.109883659 1.06876838 -0.159158319
v 0.11061281 1.068914 -0.160379037
v 0.112890795 1.06936419 -0.161456808
v 0.114154153 1.06940639 -0.1620819
v 0.115539536 1.069399 -0.162360951
v 0.114154153 1.06940639 -0.1620819
v 0.116952062 1.06934035 -0.16227515
v 0.118296131 1.06923664 -0.16183
v 0.119479619 1.06909359 -0.161055982
v 0.120421961 1.06892121 -0.160005689
v 0.121059388 1.0687319 -0.158750668
v 0.121347815 1.06853783 -0.157376125
v 0.12126793 1.06835282 -0.155975685
v 0.120825276 1.06818974 -0.154644892
v 0.120049432 1.06805861 -0.153474241
v 0.1189937 1.06796944 -0.152543917
v 0.117729954 1.06792748 -0.151917353
v 0.116344526 1.06793535 -0.15163748
v 0.11493136 1.06799328 -0.15172337
v 0.11271783 1.06871283 -0.151952684
v 0.111498944 1.06861413 -0.152692586
v 0.115314238 1.08283532 -0.156325579
v 0.115314238 1.08283532 -0.156325579
v 0.116517454 1.03532922 -0.14754723
v 0.1129828 1.03545487 -0.147785217
v 0.10962449 1.03570235 -0.14891845
v 0.106671117 1.03605449 -0.15086931
v 0.104324237 1.03648818 -0.153505236
v 0.102743626 1.03697264 -0.156646445
v 0.102036938 1.03747571 -0.160078675
v 0.102252409 1.03796256 -0.163568556
v 0.103375532 1.03840077 -0.166877553
v 0.10532935 1.03875983 -0.169780746
v 0.107981071 1.03901565 -0.172079891
v 0.111149944 1.03915083 -0.173618689
v 0.114619955 1.03915536 -0.174291968
v 0.1181545 1.03902972 -0.174053863
v 0.121512905 1.03878176 -0.172920823
v 0.124264061 1.03810561 -0.1711243
v 0.1266172 1.03767335 -0.168496534
v 0.128206328 1.03719366 -0.1653604
v 0.128922775 1.03670061 -0.161929414
v 0.128718257 1.03622663 -0.158437282
v 0.1276066 1.03580534 -0.155121833
v 0.125663534 1.03546464 -0.152209014
v 0.1229936 1.0351783 -0.149925619
v 0.119840361 1.03507626 -0.1483638
v -0.06066078 0.9621969 -0.144545764
v -0.06066078 0.9621969 -0.144545764
v -0.0446790829 0.935318 -0.136262447
v 0.0547598079 0.713200331 -0.102530524
v 0.05392997 0.711896241 -0.113730609
v -0.04583954 0.9347057 -0.147509411
v -0.06417177 0.9613208 -0.153394878
v -0.06417177 0.9613208 -0.153394878
v 0.0479449257 0.708816648 -0.1228005
v -0.05201616 0.931930244 -0.156597883
v -0.0710685849 0.958275437 -0.15933679
v -0.0710685849 0.958275437 -0.15933679
v 0.038629964 0.7066691 -0.126232833
v -0.06755493 0.9428508 -0.165435553
v -0.0798357055 0.954496264 -0.160870209
v -0.0798357055 0.954496264 -0.160870209
v -0.06755493 0.9428508 -0.165435553
v 0.038629964 0.7066691 -0.126232833
v 0.0280981157 0.7027154 -0.125093266
v -0.0774147 0.937431037 -0.164223269
v -0.08756006 0.949945748 -0.15743418
v -0.08756006 0.949945748 -0.15743418
v 0.0193710215 0.699844956 -0.118500188
v -0.08547596 0.933206439 -0.157798
v -0.09219047 0.9458752 -0.1499434
v -0.09219047 0.9458752 -0.1499434
v 0.0147863049 0.698824763 -0.10821946
v -0.08896593 0.9301229 -0.147579923
v -0.0930082 0.944350064 -0.14055647
v -0.0930082 0.944350064 -0.14055647
v 0.0155725349 0.6999273 -0.09700687
v -0.0870136 0.9291119 -0.136284634
v -0.08947742 0.9451878 -0.131697267
v -0.08947742 0.9451878 -0.131697267
v 0.0215202365 0.7028606 -0.08786821
v -0.08064955 0.931450844 -0.127256274
v -0.08281893 0.948689938 -0.1258578
v -0.08281893 0.948689938 -0.1258578
v 0.03103616 0.7068418 -0.08325192
v -0.07129478 0.9359544 -0.122752219
v -0.07412579 0.952593863 -0.124305725
v -0.07412579 0.952593863 -0.124305725
v 0.0415026024 0.709644735 -0.08550389
v -0.0572184026 0.930009 -0.119120121
v -0.06638883 0.957122564 -0.127743617
v -0.06638883 0.957122564 -0.127743617
v 0.05021122 0.712377846 -0.09219776
v -0.0488413125 0.933592737 -0.125872344
v -0.0614727736 0.960661352 -0.1351573
v -0.0614727736 0.960661352 -0.1351573
v 0.0479449257 0.708816648 -0.1228005
v 0.05392997 0.711896241 -0.113730609
v 0.0547598079 0.713200331 -0.102530524
v 0.05021122 0.712377846 -0.09219776
v 0.0415026024 0.709644735 -0.08550389
v 0.03103616 0.7068418 -0.08325192
v 0.0215202365 0.7028606 -0.08786821
v 0.0155725349 0.6999273 -0.09700687
v 0.0147863049 0.698824763 -0.10821946
v 0.0193710215 0.699844956 -0.118500188
v 0.0280981157 0.7027154 -0.125093266
v 0.038629964 0.7066691 -0.126232833
v -0.06638883 0.957122564 -0.127743617
v -0.06638883 0.957122564 -0.127743617
v -0.0614727736 0.960661352 -0.1351573
v -0.0614727736 0.960661352 -0.1351573
v -0.06066078 0.9621969 -0.144545764
v -0.06066078 0.9621969 -0.144545764
v -0.06417177 0.9613208 -0.153394878
v -0.06417177 0.9613208 -0.153394878
v -0.0710685849 0.958275437 -0.15933679
v -0.0710685849 0.958275437 -0.15933679
v -0.0798357055 0.954496264 -0.160870209
v -0.0798357055 0.954496264 -0.160870209
v -0.08756006 0.949945748 -0.15743418
v -0.08756006 0.949945748 -0.15743418
v -0.09219047 0.9458752 -0.1499434
v -0.09219047 0.9458752 -0.1499434
v -0.0930082 0.944350064 -0.14055647
v -0.0930082 0.944350064 -0.14055647
v -0.08947742 0.9451878 -0.131697267
v -0.08947742 0.9451878 -0.131697267
v -0.08281893 0.948689938 -0.1258578
v -0.08281893 0.948689938 -0.1258578
v -0.07412579 0.952593863 -0.124305725
v -0.07412579 0.952593863 -0.124305725
v -0.0446790829 0.935318 -0.136262447
v -0.06066078 0.9621969 -0.144545764
v -0.0614727736 0.960661352 -0.1351573
v -0.04583954 0.9347057 -0.147509411
v -0.06417177 0.9613208 -0.153394878
v -0.06066078 0.9621969 -0.144545764
v -0.05201616 0.931930244 -0.156597883
v -0.0710685849 0.958275437 -0.15933679
v -0.06417177 0.9613208 -0.153394878
v -0.06755493 0.9428508 -0.165435553
v -0.0798357055 0.954496264 -0.160870209
v -0.0710685849 0.958275437 -0.15933679
v -0.0774147 0.937431037 -0.164223269
v -0.08756006 0.949945748 -0.15743418
v -0.0798357055 0.954496264 -0.160870209
v -0.08547596 0.933206439 -0.157798
v -0.09219047 0.9458752 -0.1499434
v -0.08756006 0.949945748 -0.15743418
v -0.08896593 0.9301229 -0.147579923
v -0.0930082 0.944350064 -0.14055647
v -0.09219047 0.9458752 -0.1499434
v -0.0870136 0.9291119 -0.136284634
v -0.08947742 0.9451878 -0.131697267
v -0.0930082 0.944350064 -0.14055647
v -0.08064955 0.931450844 -0.127256274
v -0.08281893 0.948689938 -0.1258578
v -0.08947742 0.9451878 -0.131697267
v -0.07129478 0.9359544 -0.122752219
v -0.07412579 0.952593863 -0.124305725
v -0.08281893 0.948689938 -0.1258578
v -0.0572184026 0.930009 -0.119120121
v -0.06638883 0.957122564 -0.127743617
v -0.07412579 0.952593863 -0.124305725
v -0.0488413125 0.933592737 -0.125872344
v -0.0614727736 0.960661352 -0.1351573
v -0.06638883 0.957122564 -0.127743617
v -0.08552139 1.01883113 -0.145717978
v -0.08552139 1.01883113 -0.145717978
v -0.08094161 1.01039374 -0.138284013
v -0.0565441623 0.9441828 -0.13357088
v -0.05399397 0.9438781 -0.140704438
v -0.0770657063 1.01102722 -0.150710255
v -0.08492404 1.01831067 -0.157206342
v -0.08492404 1.01831067 -0.157206342
v -0.0550191849 0.941944659 -0.147962615
v -0.07937763 1.00881636 -0.163298979
v -0.08950864 1.01508057 -0.167304829
v -0.08950864 1.01508057 -0.167304829
v -0.0593485758 0.938906133 -0.153400421
v -0.08701516 1.003946 -0.172687218
v -0.0980533957 1.010017 -0.173306
v -0.0980533957 1.010017 -0.173306
v -0.08701516 1.003946 -0.172687218
v -0.0593485758 0.938906133 -0.153400421
v -0.0719778538 0.9486445 -0.161837488
v -0.09825521 0.9982645 -0.17635262
v -0.10827855 1.00449359 -0.173600659
v -0.10827855 1.00449359 -0.173600659
v -0.07852793 0.9452658 -0.160081044
v -0.109565265 0.9924179 -0.173321068
v -0.117436416 0.999977 -0.16811125
v -0.117436416 0.999977 -0.16811125
v -0.08353329 0.9429828 -0.154913634
v -0.118188217 0.9884327 -0.164401025
v -0.123059914 0.9976559 -0.158311471
v -0.123059914 0.9976559 -0.158311471
v -0.08565499 0.942410648 -0.147721246
v -0.121801741 0.9873581 -0.151983589
v -0.123633407 0.9981374 -0.146830067
v -0.123633407 0.9981374 -0.146830067
v -0.08431233 0.943680644 -0.140420258
v -0.119425178 0.989459753 -0.139397651
v -0.118328795 1.00017512 -0.136905015
v -0.118328795 1.00017512 -0.136905015
v -0.07987696 0.9464743 -0.134977117
v -0.111100726 0.9931788 -0.130064219
v -0.110451579 1.006344 -0.130744755
v -0.110451579 1.006344 -0.130744755
v -0.0735385045 0.950045 -0.1328528
v -0.100788012 1.00041711 -0.1263407
v -0.10025657 1.01191652 -0.13044107
v -0.10025657 1.01191652 -0.13044107
v -0.0619889349 0.9427834 -0.128473282
v -0.08953171 1.006354 -0.129366681
v -0.09113415 1.01649225 -0.135920614
v -0.09113415 1.01649225 -0.135920614
v -0.0550191849 0.941944659 -0.147962615
v -0.05399397 0.9438781 -0.140704438
v -0.0565441623 0.9441828 -0.13357088
v -0.0619889349 0.9427834 -0.128473282
v -0.0735385045 0.950045 -0.1328528
v -0.07987696 0.9464743 -0.134977117
v -0.08431233 0.943680644 -0.140420258
v -0.08565499 0.942410648 -0.147721246
v -0.08353329 0.9429828 -0.154913634
v -0.07852793 0.9452658 -0.160081044
v -0.0719778538 0.9486445 -0.161837488
v -0.0593485758 0.938906133 -0.153400421
v -0.10025657 1.01191652 -0.13044107
v -0.10025657 1.01191652 -0.13044107
v -0.09113415 1.01649225 -0.135920614
v -0.09113415 1.01649225 -0.135920614
v -0.08552139 1.01883113 -0.145717978
v -0.08552139 1.01883113 -0.145717978
v -0.08492404 1.01831067 -0.157206342
v -0.08492404 1.01831067 -0.157206342
v -0.08950864 1.01508057 -0.167304829
v -0.08950864 1.01508057 -0.167304829
v -0.0980533957 1.010017 -0.173306
v -0.0980533957 1.010017 -0.173306
v -0.10827855 1.00449359 -0.173600659
v -0.10827855 1.00449359 -0.173600659
v -0.117436416 0.999977 -0.16811125
v -0.117436416 0.999977 -0.16811125
v -0.123059914 0.9976559 -0.158311471
v -0.123059914 0.9976559 -0.158311471
v -0.123633407 0.9981374 -0.146830067
v -0.123633407 0.9981374 -0.146830067
v -0.118328795 1.00017512 -0.136905015
v -0.118328795 1.00017512 -0.136905015
v -0.110451579 1.006344 -0.130744755
v -0.110451579 1.006344 -0.130744755
v -0.08094161 1.01039374 -0.138284013
v -0.08552139 1.01883113 -0.145717978
v -0.09113415 1.01649225 -0.135920614
v -0.0770657063 1.01102722 -0.150710255
v -0.08492404 1.01831067 -0.157206342
v -0.08552139 1.01883113 -0.145717978
v -0.07937763 1.00881636 -0.163298979
v -0.08950864 1.01508057 -0.167304829
v -0.08492404 1.01831067 -0.157206342
v -0.08701516 1.003946 -0.172687218
v -0.0980533957 1.010017 -0.173306
v -0.08950864 1.01508057 -0.167304829
v -0.09825521 0.9982645 -0.17635262
v -0.10827855 1.00449359 -0.173600659
v -0.0980533957 1.010017 -0.173306
v -0.109565265 0.9924179 -0.173321068
v -0.117436416 0.999977 -0.16811125
v -0.10827855 1.00449359 -0.173600659
v -0.118188217 0.9884327 -0.164401025
v -0.123059914 0.9976559 -0.158311471
v -0.117436416 0.999977 -0.16811125
v -0.121801741 0.9873581 -0.151983589
v -0.123633407 0.9981374 -0.146830067
v -0.123059914 0.9976559 -0.158311471
v -0.119425178 0.989459753 -0.139397651
v -0.118328795 1.00017512 -0.136905015
v -0.123633407 0.9981374 -0.146830067
v -0.111100726 0.9931788 -0.130064219
v -0.110451579 1.006344 -0.130744755
v -0.118328795 1.00017512 -0.136905015
v -0.100788012 1.00041711 -0.1263407
v -0.10025657 1.01191652 -0.13044107
v -0.110451579 1.006344 -0.130744755
v -0.08953171 1.006354 -0.129366681
v -0.09113415 1.01649225 -0.135920614
v -0.10025657 1.01191652 -0.13044107
v -0.134493545 1.06640613 -0.167484373
v -0.149566114 1.04790509 -0.149613842
v -0.1341792 1.05784857 -0.139077231
v -0.134493545 1.06640613 -0.167484373
v -0.11553511 1.066506 -0.1445956
v -0.134493545 1.06640613 -0.167484373
v -0.105393156 1.07015932 -0.1621592
v -0.134493545 1.06640613 -0.167484373
v -0.109127849 1.06575882 -0.182091922
v -0.134493545 1.06640613 -0.167484373
v -0.124535114 1.05584919 -0.192630723
v -0.134493545 1.06640613 -0.167484373
v -0.142440677 1.04599035 -0.187669963
v -0.134493545 1.06640613 -0.167484373
v -0.152991578 1.04299843 -0.169737682
v -0.134493545 1.06640613 -0.167484373
v -0.149566114 1.04790509 -0.149613842
v -0.144357234 1.0191952 -0.1396502
v -0.1233138 1.03443372 -0.1243383
v -0.0974885747 1.0475539 -0.1316693
v -0.08264935 1.05192077 -0.157010511
v -0.08775968 1.04542291 -0.185404673
v -0.1095445 1.03140056 -0.200301513
v -0.135453984 1.01841652 -0.192889392
v -0.1493751 1.01253545 -0.167915925
v -0.144357234 1.0191952 -0.1396502
v -0.123218387 0.9992104 -0.1424174
v -0.108478174 1.01023352 -0.131821811
v -0.09022626 1.01952922 -0.1370558
v -0.07977492 1.02268779 -0.154997
v -0.082969 1.0173949 -0.1751333
v -0.0986526459 1.00794685 -0.185658574
v -0.116982162 0.9987801 -0.180413142
v -0.127457365 0.9956613 -0.162469774
v -0.123218387 0.9992104 -0.1424174
v -0.09820801 0.9991731 -0.157275155
v -0.09820801 0.9991731 -0.157275155
v -0.09820801 0.9991731 -0.157275155
v -0.09820801 0.9991731 -0.157275155
v -0.09820801 0.9991731 -0.157275155
v -0.09820801 0.9991731 -0.157275155
v -0.09820801 0.9991731 -0.157275155
v -0.09820801 0.9991731 -0.157275155
v -0.123519368 1.05818474 -0.192613617
v -0.123303391 1.06025326 -0.190679327
v -0.116647318 1.05413973 -0.184349164
v -0.116917185 1.05155385 -0.186766818
v -0.124406785 1.05602467 -0.194241032
v -0.118026055 1.0488528 -0.188801154
v -0.125904664 1.0539192 -0.195451185
v -0.1198982 1.04622042 -0.1903138
v -0.127911329 1.052013 -0.196161285
v -0.122405961 1.043837 -0.19120121
v -0.130289763 1.050435 -0.196323022
v -0.125378549 1.0418638 -0.191403314
v -0.132878259 1.0492934 -0.195925683
v -0.1286134 1.04043591 -0.190906316
v -0.135499641 1.0486654 -0.194995761
v -0.131890416 1.03965127 -0.189744264
v -0.13797617 1.04859483 -0.193597361
v -0.135499641 1.0486654 -0.194995761
v -0.131890416 1.03965127 -0.189744264
v -0.134985566 1.03956187 -0.187996238
v -0.139709413 1.04838336 -0.192096144
v -0.137688413 1.04017484 -0.1857816
v -0.141415328 1.04941094 -0.190079868
v -0.139414132 1.04079211 -0.1834847
v -0.142545283 1.05089939 -0.18794854
v -0.140824333 1.04264891 -0.1808222
v -0.1430208 1.052745 -0.185848221
v -0.1414186 1.04495585 -0.17819725
v -0.1428095 1.05482185 -0.183922067
v -0.141154408 1.047552 -0.17579
v -0.141925618 1.0569886 -0.182301372
v -0.1400497 1.05026042 -0.173764154
v -0.140429631 1.05909741 -0.1810965
v -0.138180047 1.05289662 -0.172258168
v -0.138423458 1.06100452 -0.1803897
v -0.13567242 1.05528128 -0.171374574
v -0.1360436 1.06258023 -0.180229172
v -0.132698029 1.05725157 -0.171173766
v -0.1334525 1.06371725 -0.1806259
v -0.129459351 1.058673 -0.171669409
v -0.130826458 1.06433761 -0.181552649
v -0.126562029 1.06007588 -0.172544092
v -0.12875925 1.06507385 -0.182633042
v -0.12346743 1.06016576 -0.174291953
v -0.126597136 1.06458366 -0.184405252
v -0.1207649 1.05955327 -0.176506892
v -0.12489634 1.06356561 -0.186430275
v -0.118638918 1.05828035 -0.179038152
v -0.123772971 1.06208837 -0.188570276
v -0.117234677 1.0564338 -0.18171294
v -0.130120531 1.06481421 -0.198460415
v -0.129958153 1.06636512 -0.197009727
v -0.1307862 1.06319416 -0.199681088
v -0.131909773 1.06161559 -0.200588748
v -0.133414984 1.06018627 -0.2011213
v -0.135199159 1.05900323 -0.20124276
v -0.137140557 1.05814707 -0.200944662
v -0.139107034 1.05767691 -0.200247124
v -0.1405103 1.05688226 -0.199511215
v -0.139107034 1.05767691 -0.200247124
v -0.142136857 1.057259 -0.198186815
v -0.143417269 1.058031 -0.196673855
v -0.144264847 1.05914724 -0.195075139
v -0.144621208 1.0605315 -0.193499714
v -0.144462541 1.06208837 -0.192055076
v -0.143799484 1.06371343 -0.190839455
v -0.142677814 1.06529558 -0.189935923
v -0.141172811 1.06672537 -0.18940568
v -0.139387876 1.067907 -0.189285353
v -0.137444437 1.06875932 -0.189582929
v -0.135475174 1.06922519 -0.1902783
v -0.1336137 1.069271 -0.1913238
v -0.131987154 1.06889474 -0.192648232
v -0.1311529 1.06884921 -0.193822727
v -0.130310342 1.06774127 -0.195427939
v -0.136246979 1.07067072 -0.204672515
v -0.136141211 1.07170928 -0.203709349
v -0.136688873 1.06958783 -0.205482736
v -0.13743712 1.06853378 -0.20608516
v -0.138440281 1.06757987 -0.2064383
v -0.1396303 1.06679213 -0.20651862
v -0.140926033 1.066224 -0.206320241
v -0.14223896 1.06591427 -0.205856785
v -0.143479973 1.06588352 -0.205159754
v -0.14223896 1.06591427 -0.205856785
v -0.1445642 1.06613386 -0.2042767
v -0.145417765 1.0666486 -0.203268021
v -0.145982757 1.06739247 -0.202202246
v -0.146220446 1.06831563 -0.201151878
v -0.1461145 1.06935346 -0.200188741
v -0.145672575 1.0704366 -0.199378267
v -0.144924432 1.07149112 -0.198776022
v -0.143921182 1.0724448 -0.198422641
v -0.14273116 1.073232 -0.1983424
v -0.141435549 1.07380021 -0.198540732
v -0.140122488 1.07411087 -0.199004248
v -0.138881579 1.07414114 -0.1997013
v -0.13779743 1.07389081 -0.200584263
v -0.136943892 1.07337582 -0.201593265
v -0.136378884 1.07263172 -0.202659145
v -0.142831787 1.07727611 -0.210564852
v -0.142779112 1.07779515 -0.21008338
v -0.143052831 1.07673419 -0.210970089
v -0.143427059 1.07620728 -0.211271361
v -0.143928736 1.07573068 -0.211447909
v -0.144523531 1.07533658 -0.211488023
v -0.145171553 1.07505286 -0.211388841
v -0.145828083 1.07489765 -0.2111572
v -0.146448508 1.07488215 -0.210808441
v -0.145828083 1.07489765 -0.2111572
v -0.146990508 1.0750078 -0.210366949
v -0.147417262 1.07526457 -0.209862575
v -0.147699669 1.075637 -0.209329769
v -0.1478185 1.07609785 -0.2088045
v -0.147765428 1.07661712 -0.208322927
v -0.14754428 1.07715857 -0.207917735
v -0.147170261 1.07768571 -0.2076167
v -0.146668777 1.07816255 -0.207440078
v -0.146073878 1.07855618 -0.207399845
v -0.145426169 1.07884085 -0.207499072
v -0.144769549 1.07899559 -0.2077308
v -0.144148931 1.07901084 -0.208079308
v -0.1436071 1.07888544 -0.208520949
v -0.143180221 1.07862842 -0.209025323
v -0.142897651 1.07825577 -0.209558174
v -0.149415985 1.08387959 -0.216457829
v -0.149415985 1.08387959 -0.216457829
v -0.149415985 1.08387959 -0.216457829
v -0.149415985 1.08387959 -0.216457829
v -0.149415985 1.08387959 -0.216457829
v -0.149415985 1.08387959 -0.216457829
v -0.149415985 1.08387959 -0.216457829
v -0.149415985 1.08387959 -0.216457829
v -0.149415985 1.08387959 -0.216457829
v -0.149415985 1.08387959 -0.216457829
v -0.149415985 1.08387959 -0.216457829
v -0.149415985 1.08387959 -0.216457829
v -0.149415985 1.08387959 -0.216457829
v -0.149415985 1.08387959 -0.216457829
v -0.149415985 1.08387959 -0.216457829
v -0.149415985 1.08387959 -0.216457829
v -0.149415985 1.08387959 -0.216457829
v -0.149415985 1.08387959 -0.216457829
v -0.149415985 1.08387959 -0.216457829
v -0.149415985 1.08387959 -0.216457829
v -0.149415985 1.08387959 -0.216457829
v -0.149415985 1.08387959 -0.216457829
v -0.149415985 1.08387959 -0.216457829
v -0.149415985 1.08387959 -0.216457829
v -0.149415985 1.08387959 -0.216457829
v -0.149415985 1.08387959 -0.216457829
v -0.118026055 1.0488528 -0.188801154
v -0.116917185 1.05155385 -0.186766818
v -0.116647318 1.05413973 -0.184349164
v -0.117234677 1.0564338 -0.18171294
v -0.118638918 1.05828035 -0.179038152
v -0.1207649 1.05955327 -0.176506892
v -0.12346743 1.06016576 -0.174291953
v -0.126562029 1.06007588 -0.172544092
v -0.129459351 1.058673 -0.171669409
v -0.132698029 1.05725157 -0.171173766
v -0.13567242 1.05528128 -0.171374574
v -0.138180047 1.05289662 -0.172258168
v -0.1400497 1.05026042 -0.173764154
v -0.141154408 1.047552 -0.17579
v -0.1414186 1.04495585 -0.17819725
v -0.140824333 1.04264891 -0.1808222
v -0.139414132 1.04079211 -0.1834847
v -0.137688413 1.04017484 -0.1857816
v -0.134985566 1.03956187 -0.187996238
v -0.131890416 1.03965127 -0.189744264
v -0.1286134 1.04043591 -0.190906316
v -0.125378549 1.0418638 -0.191403314
v -0.122405961 1.043837 -0.19120121
v -0.1198982 1.04622042 -0.1903138
v -0.149415985 1.08387959 -0.216457829
v -0.139170051 1.05868137 -0.146521926
v -0.138822749 1.0571748 -0.144147724
v -0.1293609 1.05282485 -0.147874519
v -0.129795372 1.05470812 -0.150842324
v -0.140026435 1.059661 -0.149038211
v -0.130866155 1.05593264 -0.153987646
v -0.14133358 1.06004775 -0.151524842
v -0.1325002 1.05641687 -0.15709582
v -0.1430025 1.05981457 -0.153812528
v -0.134586319 1.056125 -0.15995504
v -0.14491941 1.0589782 -0.155744851
v -0.136982441 1.05507934 -0.162370279
v -0.146954134 1.05759537 -0.157190368
v -0.139525846 1.053351 -0.164176792
v -0.148967251 1.05576026 -0.158050582
v -0.142042473 1.05105722 -0.165251628
v -0.150822252 1.053598 -0.158266723
v -0.148967251 1.05576026 -0.158050582
v -0.142042473 1.05105722 -0.165251628
v -0.144361153 1.048354 -0.165521339
v -0.152392074 1.05125511 -0.157824218
v -0.146323577 1.04542649 -0.164967671
v -0.15357019 1.04889286 -0.156753287
v -0.147796392 1.0424732 -0.163628474
v -0.154276147 1.04667056 -0.155126825
v -0.148678482 1.03969538 -0.161595091
v -0.154461458 1.04474056 -0.153055891
v -0.148910031 1.03728211 -0.159006149
v -0.154113784 1.04323328 -0.150681674
v -0.148474872 1.03539741 -0.156038269
v -0.15325661 1.042252 -0.14816609
v -0.147402957 1.03417 -0.152893677
v -0.151948258 1.0418638 -0.1456804
v -0.145766735 1.03368318 -0.149786919
v -0.150278568 1.04209554 -0.143394023
v -0.143678352 1.03397071 -0.146929428
v -0.148360744 1.04293048 -0.141462579
v -0.141280368 1.035014 -0.144515812
v -0.14632614 1.04431307 -0.140017658
v -0.1387366 1.03674114 -0.142710268
v -0.144313216 1.0461489 -0.139157549
v -0.136220336 1.03903615 -0.1416356
v -0.142458975 1.04831278 -0.138940573
v -0.133903056 1.04174125 -0.141365081
v -0.140890077 1.05065668 -0.1393821
v -0.1319426 1.04467237 -0.141917318
v -0.13971293 1.0530206 -0.140452012
v -0.130472124 1.04762948 -0.1432547
v -0.139007851 1.05524433 -0.142077327
v -0.1295916 1.05040967 -0.14528659
v -0.148543432 1.062653 -0.142202228
v -0.148282781 1.06152284 -0.14042151
v -0.149185523 1.06338727 -0.144089431
v -0.150165811 1.063677 -0.14595452
v -0.151417539 1.06350243 -0.147670209
v -0.152855039 1.06287444 -0.14911972
v -0.154380962 1.06183708 -0.150204
v -0.155890957 1.0604614 -0.150849491
v -0.1572822 1.05883968 -0.151011914
v -0.155890957 1.0604614 -0.150849491
v -0.158459678 1.05708277 -0.150680184
v -0.1593435 1.05531132 -0.149877161
v -0.159873024 1.05364478 -0.148657426
v -0.16001223 1.05219734 -0.147104383
v -0.159751639 1.05106747 -0.145323783
v -0.159108952 1.050332 -0.143437088
v -0.1581282 1.05004132 -0.141572475
v -0.156876042 1.05021536 -0.139857426
v -0.15543814 1.05084264 -0.1384084
v -0.153912112 1.05187953 -0.137324333
v -0.152402341 1.05325615 -0.136678874
v -0.151011646 1.05487883 -0.136516184
v -0.149834484 1.056636 -0.136847228
v -0.148951128 1.05840862 -0.13764967
v -0.148422137 1.0600754 -0.13886866
v -0.157914951 1.066621 -0.137883514
v -0.157741472 1.065868 -0.1366964
v -0.158343151 1.06711042 -0.139141709
v -0.158996835 1.067304 -0.140385047
v -0.1598312 1.06718767 -0.141528934
v -0.160789609 1.06676924 -0.14249523
v -0.161806822 1.06607759 -0.143218249
v -0.162813649 1.06516087 -0.1436485
v -0.163741171 1.06407964 -0.143756911
v -0.162813649 1.06516087 -0.1436485
v -0.164526224 1.062909 -0.143535882
v -0.16511552 1.0617274 -0.143000811
v -0.1654684 1.06061637 -0.142187834
v -0.165561467 1.05965149 -0.141152456
v -0.165387914 1.05889857 -0.139965355
v -0.164959714 1.05840862 -0.138707265
v -0.16430594 1.05821574 -0.137464225
v -0.163471356 1.05833113 -0.136320621
v -0.162512556 1.05874956 -0.135354474
v -0.161495447 1.059441 -0.134631574
v -0.160488874 1.06035888 -0.134201154
v -0.159561381 1.06144011 -0.134092629
v -0.158776492 1.062611 -0.1343134
v -0.158187509 1.06379235 -0.1348483
v -0.157834426 1.06490338 -0.135661185
v -0.167722464 1.071278 -0.132888019
v -0.167633235 1.0708977 -0.132297635
v -0.167939216 1.07152712 -0.133514166
v -0.16826883 1.07162821 -0.134133488
v -0.168688491 1.07157409 -0.134703651
v -0.169169649 1.07136834 -0.135186061
v -0.169679835 1.071025 -0.135547459
v -0.170184165 1.07056749 -0.135763556
v -0.170648038 1.07002771 -0.1358194
v -0.170184165 1.07056749 -0.135763556
v -0.171039984 1.06944144 -0.135711357
v -0.171333447 1.06884921 -0.135446757
v -0.171508014 1.06829107 -0.135043442
v -0.171552241 1.06780469 -0.134529129
v -0.17146273 1.06742442 -0.133938715
v -0.171246186 1.067175 -0.133312613
v -0.170916572 1.0670737 -0.132693246
v -0.170496926 1.06712806 -0.132123262
v -0.170015752 1.06733382 -0.131641
v -0.169505566 1.0676769 -0.131279483
v -0.169001237 1.06813419 -0.131063536
v -0.168537363 1.06867445 -0.131007567
v -0.168145314 1.06926072 -0.131115586
v -0.167852 1.06985319 -0.13138023
v -0.167677388 1.0704118 -0.1317834
v -0.177058786 1.07518566 -0.128540426
v -0.177058786 1.07518566 -0.128540426
v -0.177058786 1.07518566 -0.128540426
v -0.177058786 1.07518566 -0.128540426
v -0.177058786 1.07518566 -0.128540426
v -0.177058786 1.07518566 -0.128540426
v -0.177058786 1.07518566 -0.128540426
v -0.177058786 1.07518566 -0.128540426
v -0.177058786 1.07518566 -0.128540426
v -0.177058786 1.07518566 -0.128540426
v -0.177058786 1.07518566 -0.128540426
v -0.177058786 1.07518566 -0.128540426
v -0.177058786 1.07518566 -0.128540426
v -0.177058786 1.07518566 -0.128540426
v -0.177058786 1.07518566 -0.128540426
v -0.177058786 1.07518566 -0.128540426
v -0.177058786 1.07518566 -0.128540426
v -0.177058786 1.07518566 -0.128540426
v -0.177058786 1.07518566 -0.128540426
v -0.177058786 1.07518566 -0.128540426
v -0.177058786 1.07518566 -0.128540426
v -0.177058786 1.07518566 -0.128540426
v -0.177058786 1.07518566 -0.128540426
v -0.177058786 1.07518566 -0.128540426
v -0.177058786 1.07518566 -0.128540426
v -0.177058786 1.07518566 -0.128540426
v -0.130866155 1.05593264 -0.153987646
v -0.129795372 1.05470812 -0.150842324
v -0.1293609 1.05282485 -0.147874519
v -0.1295916 1.05040967 -0.14528659
v -0.130472124 1.04762948 -0.1432547
v -0.1319426 1.04467237 -0.141917318
v -0.133903056 1.04174125 -0.141365081
v -0.136220336 1.03903615 -0.1416356
v -0.1387366 1.03674114 -0.142710268
v -0.141280368 1.035014 -0.144515812
v -0.143678352 1.03397071 -0.146929428
v -0.145766735 1.03368318 -0.149786919
v -0.147402957 1.03417 -0.152893677
v -0.148474872 1.03539741 -0.156038269
v -0.148910031 1.03728211 -0.159006149
v -0.148678482 1.03969538 -0.161595091
v -0.147796392 1.0424732 -0.163628474
v -0.146323577 1.04542649 -0.164967671
v -0.144361153 1.048354 -0.165521339
v -0.142042473 1.05105722 -0.165251628
v -0.139525846 1.053351 -0.164176792
v -0.136982441 1.05507934 -0.162370279
v -0.134586319 1.056125 -0.15995504
v -0.1325002 1.05641687 -0.15709582
v -0.177058786 1.07518566 -0.128540426
v -0.102652334 1.06916869 -0.1481119
v -0.1036308 1.06888664 -0.145465925
v -0.101915784 1.05793941 -0.145616621
v -0.1006944 1.05829442 -0.148922443
v -0.102395922 1.06950939 -0.15091446
v -0.100374565 1.05872142 -0.152424246
v -0.102878951 1.06988513 -0.153682664
v -0.101231419 1.05960476 -0.155716881
v -0.104068547 1.07027042 -0.156227708
v -0.102732278 1.06010878 -0.158886865
v -0.105883993 1.07063973 -0.158376113
v -0.1050158 1.06059372 -0.161559
v -0.1082019 1.07096827 -0.159981549
v -0.1079267 1.06102574 -0.163550764
v -0.110863887 1.07123291 -0.16093488
v -0.111265838 1.06137526 -0.164726719
v -0.11368861 1.071416 -0.161171257
v -0.110863887 1.07123291 -0.16093488
v -0.111265838 1.06137526 -0.164726719
v -0.114805982 1.06161916 -0.1650068
v -0.116017424 1.07075012 -0.161089957
v -0.118305959 1.06174 -0.164371952
v -0.118604183 1.07075918 -0.159895375
v -0.121527418 1.06173 -0.162865311
v -0.120797083 1.07067144 -0.158080921
v -0.123896189 1.06101453 -0.160881087
v -0.122446425 1.0704931 -0.1557702
v -0.12594521 1.06077015 -0.1579933
v -0.123440184 1.07023609 -0.153120354
v -0.1271717 1.06042349 -0.154686376
v -0.123710655 1.069919 -0.150311932
v -0.127492636 1.05999815 -0.1511855
v -0.123239614 1.06956255 -0.147536278
v -0.1268856 1.059523 -0.147729293
v -0.122059353 1.069192 -0.144982338
v -0.1253922 1.05903113 -0.144553214
v -0.120250247 1.06883276 -0.142824516
v -0.12311472 1.05855572 -0.141873285
v -0.117935292 1.06850874 -0.14120993
v -0.120207705 1.05812991 -0.139872685
v -0.115272447 1.06824219 -0.14024891
v -0.116552725 1.05726731 -0.138962612
v -0.112442821 1.06805074 -0.140007526
v -0.113015711 1.0570277 -0.138659954
v -0.109639123 1.06794655 -0.140502
v -0.109889679 1.05751359 -0.138973892
v -0.107441485 1.06856763 -0.141343758
v -0.106675506 1.05753481 -0.140466511
v -0.105264276 1.0686816 -0.143157408
v -0.10395585 1.05768 -0.1427323
v -0.105680488 1.08176959 -0.146231681
v -0.106397286 1.08152878 -0.144244626
v -0.105508469 1.08205831 -0.148329109
v -0.105892487 1.08237636 -0.150393963
v -0.106806837 1.08270133 -0.1522857
v -0.108188942 1.08301079 -0.153875217
v -0.109944776 1.08328545 -0.155054152
v -0.111370079 1.08256114 -0.156321153
v -0.113485612 1.0826937 -0.156492248
v -0.111370079 1.08256114 -0.156321153
v -0.115576796 1.08275115 -0.156113848
v -0.117500722 1.08273065 -0.155212075
v -0.119126618 1.08263314 -0.153848022
v -0.120343432 1.08246458 -0.152114838
v -0.121068336 1.08223855 -0.150130123
v -0.121252269 1.08196938 -0.148028746
v -0.120883092 1.08167613 -0.145953149
v -0.119986489 1.08137953 -0.1440447
v -0.118623339 1.08109963 -0.1424333
v -0.116886348 1.080856 -0.141229168
v -0.11489401 1.08066428 -0.140514851
v -0.112781271 1.08053672 -0.140339941
v -0.110692039 1.08048213 -0.140716657
v -0.108768336 1.08050311 -0.141619757
v -0.1071409 1.08059847 -0.142987221
v -0.107105166 1.09177673 -0.145850956
v -0.107590146 1.09162843 -0.144525051
v -0.106981225 1.09195459 -0.147254035
v -0.107226737 1.09214914 -0.148639008
v -0.107824944 1.0923475 -0.149911016
v -0.10873507 1.09253609 -0.15098381
v -0.109895155 1.09270179 -0.151784033
v -0.11122565 1.09283364 -0.152257621
v -0.112636358 1.09292185 -0.152372643
v -0.11122565 1.09283364 -0.152257621
v -0.114030465 1.09296072 -0.152120858
v -0.115313634 1.09294808 -0.151519954
v -0.116397746 1.09288347 -0.150610715
v -0.1172093 1.09277165 -0.149455085
v -0.117692694 1.09262121 -0.148131534
v -0.11781539 1.09244192 -0.146729976
v -0.117569387 1.09224617 -0.145345941
v -0.116971277 1.092048 -0.144073337
v -0.116061613 1.09186018 -0.142999053
v -0.114902705 1.09169567 -0.14219667
v -0.113573164 1.091566 -0.141720712
v -0.112163842 1.09147918 -0.141604215
v -0.11077 1.09144127 -0.141855061
v -0.109487154 1.09145463 -0.142456412
v -0.108402446 1.09151876 -0.143367231
v -0.111823246 1.10476792 -0.148123473
v -0.111823246 1.10476792 -0.148123473
v -0.100374565 1.05872142 -0.152424246
v -0.1006944 1.05829442 -0.148922443
v -0.101915784 1.05793941 -0.145616621
v -0.10395585 1.05768 -0.1427323
v -0.106675506 1.05753481 -0.140466511
v -0.109889679 1.05751359 -0.138973892
v -0.113015711 1.0570277 -0.138659954
v -0.116552725 1.05726731 -0.138962612
v -0.120207705 1.05812991 -0.139872685
v -0.12311472 1.05855572 -0.141873285
v -0.1253922 1.05903113 -0.144553214
v -0.1268856 1.059523 -0.147729293
v -0.127492636 1.05999815 -0.1511855
v -0.1271717 1.06042349 -0.154686376
v -0.12594521 1.06077015 -0.1579933
v -0.123896189 1.06101453 -0.160881087
v -0.121527418 1.06173 -0.162865311
v -0.118305959 1.06174 -0.164371952
v -0.114805982 1.06161916 -0.1650068
v -0.111265838 1.06137526 -0.164726719
v -0.1079267 1.06102574 -0.163550764
v -0.1050158 1.06059372 -0.161559
v -0.102732278 1.06010878 -0.158886865
v -0.101231419 1.05960476 -0.155716881
v 0.00582021754 0.70047605 -0.1476919
v 0.00586270727 0.6696726 -0.125603288
v -0.05385703 0.6852289 -0.130260184
v -0.035866566 0.710975349 -0.151037261
v -0.09811298 0.724534452 -0.142356724
v -0.0698100552 0.738628745 -0.1658336
v -0.119581617 0.7917073 -0.16314359
v -0.08345395 0.7872285 -0.177348986
v -0.102450743 0.861362 -0.187082112
v -0.07266426 0.830280364 -0.1862763
v -0.05997873 0.902667165 -0.200291753
v -0.041785717 0.8592321 -0.193363845
v -0.0007897476 0.914395869 -0.201492056
v -0.000237442087 0.870257556 -0.196621075
v 0.06337829 0.9010634 -0.203608021
v 0.04146771 0.8580199 -0.195637614
v 0.105749093 0.8578612 -0.199172243
v 0.0715544447 0.8280555 -0.19031018
v 0.119293995 0.788296938 -0.16923511
v 0.08307026 0.7851016 -0.181318238
v 0.108793244 0.725651741 -0.1396305
v 0.07444061 0.73793304 -0.167210862
v 0.06558852 0.6861212 -0.128013819
v 0.04741718 0.711506844 -0.1497207
v 0.005688616 0.645297348 -0.100778788
v -0.0690541 0.6641552 -0.106701285
v -0.12408112 0.715586066 -0.120639861
v -0.148924336 0.795967162 -0.144291833
v -0.130531192 0.8840048 -0.167788029
v -0.07580799 0.937569439 -0.175523415
v -0.00180318067 0.9601244 -0.180642679
v 0.07766874 0.9342736 -0.183626592
v 0.1321307 0.87269783 -0.182014644
v 0.149670392 0.7917466 -0.151909232
v 0.131875321 0.714157045 -0.128043324
v 0.08025934 0.66527003 -0.103889793
v 0.00582021754 0.70047605 -0.1476919
v -0.035866566 0.710975349 -0.151037261
v -0.0243748017 0.734052837 -0.150612861
v 0.00354020018 0.729035854 -0.1486955
v -0.0698100552 0.738628745 -0.1658336
v -0.0472067669 0.7562889 -0.1596814
v -0.08345395 0.7872285 -0.177348986
v -0.0564168468 0.7891965 -0.167348623
v -0.07266426 0.830280364 -0.1862763
v -0.0486878976 0.8169298 -0.173598215
v -0.041785717 0.8592321 -0.193363845
v -0.0283569843 0.838746548 -0.178344414
v -0.000237442087 0.870257556 -0.196621075
v -0.0001290571 0.846107 -0.180608854
v 0.04146771 0.8580199 -0.195637614
v 0.0281524453 0.8379143 -0.179901347
v 0.0715544447 0.8280555 -0.19031018
v 0.0491963327 0.815663 -0.1759731
v 0.08307026 0.7851016 -0.181318238
v 0.0566133335 0.787756 -0.17003715
v 0.07444061 0.73793304 -0.167210862
v 0.05069924 0.755633652 -0.16094479
v 0.04741718 0.711506844 -0.1497207
v 0.0306831375 0.733893752 -0.154345244
v -0.0107672056 0.767024159 -0.156313926
v 0.00114753842 0.7637851 -0.155764341
v -0.0194751583 0.775672 -0.158233136
v -0.0235659014 0.7901985 -0.161550924
v -0.0203070715 0.801897168 -0.164205924
v -0.0121204434 0.812271 -0.166465089
v -0.000172602013 0.8152366 -0.167444125
v 0.0117238723 0.811914563 -0.1671285
v 0.0209955554 0.8013685 -0.165194765
v 0.0241270121 0.78959167 -0.162682533
v 0.0218324773 0.775280952 -0.158970669
v 0.0130824 0.7667999 -0.156734854
v 0.000513439067 0.789581239 -0.160731509
v -0.148924336 0.795967162 -0.144291833
v -0.12408112 0.715586066 -0.120639861
v -0.0690541 0.6641552 -0.106701285
v -0.0690541 0.6641552 -0.106701285
v 0.005688616 0.645297348 -0.100778788
v 0.08025934 0.66527003 -0.103889793
v 0.08025934 0.66527003 -0.103889793
v 0.131875321 0.714157045 -0.128043324
v 0.149670392 0.7917466 -0.151909232
v -0.0690541 0.6641552 -0.106701285
v 0.08025934 0.66527003 -0.103889793
v 0.149670392 0.7917466 -0.151909232
v 0.149670392 0.7917466 -0.151909232
v 0.1321307 0.87269783 -0.182014644
v 0.07766874 0.9342736 -0.183626592
v 0.07766874 0.9342736 -0.183626592
v -0.00180318067 0.9601244 -0.180642679
v -0.07580799 0.937569439 -0.175523415
v 0.149670392 0.7917466 -0.151909232
v 0.07766874 0.9342736 -0.183626592
v -0.07580799 0.937569439 -0.175523415
v -0.0690541 0.6641552 -0.106701285
v 0.149670392 0.7917466 -0.151909232
v -0.07580799 0.937569439 -0.175523415
v -0.148924336 0.795967162 -0.144291833
v -0.0690541 0.6641552 -0.106701285
v -0.07580799 0.937569439 -0.175523415
v -0.148924336 0.795967162 -0.144291833
v -0.07580799 0.937569439 -0.175523415
v -0.130531192 0.8840048 -0.167788029
v 0.130324036 0.80025053 -0.201573715
v 0.130324036 0.80025053 -0.201573715
v 0.131153911 0.8046873 -0.171340823
v 0.12826556 0.79004854 -0.160638481
v 0.130324036 0.80025053 -0.201573715
v 0.119235158 0.785529137 -0.1637752
v 0.130324036 0.80025053 -0.201573715
v 0.119235158 0.785529137 -0.1637752
v 0.1104711 0.7890126 -0.168675959
v 0.130324036 0.80025053 -0.201573715
v 0.107108667 0.798464537 -0.17245163
v 0.130324036 0.80025053 -0.201573715
v 0.11043904 0.8140579 -0.18242757
v 0.130324036 0.80025053 -0.201573715
v 0.1195062 0.8181633 -0.1790693
v 0.130324036 0.80025053 -0.201573715
v 0.128086612 0.814283 -0.174497053
v 0.119235158 0.785529137 -0.1637752
v 0.12826556 0.79004854 -0.160638481
v 0.131153911 0.8046873 -0.171340823
v 0.128086612 0.814283 -0.174497053
v 0.1195062 0.8181633 -0.1790693
v 0.11043904 0.8140579 -0.18242757
v 0.107108667 0.798464537 -0.17245163
v 0.1104711 0.7890126 -0.168675959
v 0.130324036 0.80025053 -0.201573715
v -0.0223254 0.79119724 -0.159293815
v -0.0141660459 0.7710386 -0.1548439
v 0.00349657051 0.763688 -0.1534208
v 0.0211995263 0.7706976 -0.155475155
v 0.0276798252 0.7905611 -0.160486579
v 0.0204501376 0.8080704 -0.164130479
v 0.00226124283 0.8173294 -0.16534692
v -0.0154738072 0.81037885 -0.1633732
v 0.00218278868 0.784367859 -0.186491936
v 0.00218278868 0.784367859 -0.186491936
v 0.00349657051 0.763688 -0.1534208
v -0.0141660459 0.7710386 -0.1548439
v 0.00218278868 0.784367859 -0.186491936
v -0.0141660459 0.7710386 -0.1548439
v -0.0223254 0.79119724 -0.159293815
v 0.00218278868 0.784367859 -0.186491936
v -0.0154738072 0.81037885 -0.1633732
v 0.00218278868 0.784367859 -0.186491936
v 0.00226124283 0.8173294 -0.16534692
v 0.00218278868 0.784367859 -0.186491936
v 0.0204501376 0.8080704 -0.164130479
v 0.00218278868 0.784367859 -0.186491936
v 0.0276798252 0.7905611 -0.160486579
v 0.00218278868 0.784367859 -0.186491936
v 0.0211995263 0.7706976 -0.155475155
v 0.00218278868 0.784367859 -0.186491936
v 0.09303678 0.889541149 -0.213766918
v 0.09303678 0.889541149 -0.213766918
v 0.094459 0.8953323 -0.187636927
v 0.09707165 0.885111 -0.1883962
v 0.09303678 0.889541149 -0.213766918
v 0.0922694951 0.8764609 -0.1919337
v 0.09303678 0.889541149 -0.213766918
v 0.0922694951 0.8764609 -0.1919337
v 0.08164232 0.871626139 -0.190552652
v 0.09303678 0.889541149 -0.213766918
v 0.07294671 0.8770923 -0.192789361
v 0.09303678 0.889541149 -0.213766918
v 0.0701767 0.8872631 -0.192236677
v 0.09303678 0.889541149 -0.213766918
v 0.0749701858 0.896189451 -0.189214081
v 0.09303678 0.889541149 -0.213766918
v 0.08452513 0.8986388 -0.18551147
v 0.0922694951 0.8764609 -0.1919337
v 0.09707165 0.885111 -0.1883962
v 0.094459 0.8953323 -0.187636927
v 0.08452513 0.8986388 -0.18551147
v 0.0749701858 0.896189451 -0.189214081
v 0.0701767 0.8872631 -0.192236677
v 0.07294671 0.8770923 -0.192789361
v 0.08164232 0.871626139 -0.190552652
v 0.09303678 0.889541149 -0.213766918
v -0.00205728645 0.929902136 -0.213260755
v -0.008877886 0.9344711 -0.186148062
v -0.00164449052 0.9364784 -0.183323741
v -0.00205728645 0.929902136 -0.213260755
v -0.00205728645 0.929902136 -0.213260755
v -0.0148185119 0.9277626 -0.188882574
v -0.00205728645 0.929902136 -0.213260755
v -0.0130330734 0.9175626 -0.190955222
v -0.0148185119 0.9277626 -0.188882574
v -0.00205728645 0.929902136 -0.213260755
v -0.008769464 0.912586451 -0.1903033
v -0.00205728645 0.929902136 -0.213260755
v 0.00384704769 0.911985159 -0.189143836
v -0.00205728645 0.929902136 -0.213260755
v 0.009214028 0.9203044 -0.185935259
v -0.00205728645 0.929902136 -0.213260755
v 0.008159163 0.9306901 -0.1836766
v -0.008769464 0.912586451 -0.1903033
v 0.00384704769 0.911985159 -0.189143836
v 0.009214028 0.9203044 -0.185935259
v 0.008159163 0.9306901 -0.1836766
v -0.00164449052 0.9364784 -0.183323741
v -0.008877886 0.9344711 -0.186148062
v -0.0148185119 0.9277626 -0.188882574
v -0.0130330734 0.9175626 -0.190955222
v -0.00205728645 0.929902136 -0.213260755
v -0.0884186849 0.906885147 -0.2064779
v -0.0884186849 0.906885147 -0.2064779
v -0.0867187 0.9104224 -0.176153377
v -0.0769021958 0.913126 -0.1786385
v -0.0884186849 0.906885147 -0.2064779
v -0.06848086 0.9080145 -0.1826754
v -0.0884186849 0.906885147 -0.2064779
v -0.06848086 0.9080145 -0.1826754
v -0.0664034262 0.8980845 -0.185873225
v -0.0884186849 0.906885147 -0.2064779
v -0.0718691 0.8891438 -0.1863672
v -0.0884186849 0.906885147 -0.2064779
v -0.08165704 0.886412859 -0.1838844
v -0.0884186849 0.906885147 -0.2064779
v -0.0900492147 0.891507149 -0.179879859
v -0.0884186849 0.906885147 -0.2064779
v -0.0930702239 0.9054973 -0.178844646
v -0.06848086 0.9080145 -0.1826754
v -0.0769021958 0.913126 -0.1786385
v -0.0867187 0.9104224 -0.176153377
v -0.0930702239 0.9054973 -0.178844646
v -0.0900492147 0.891507149 -0.179879859
v -0.08165704 0.886412859 -0.1838844
v -0.0718691 0.8891438 -0.1863672
v -0.0664034262 0.8980845 -0.185873225
v -0.0884186849 0.906885147 -0.2064779
v -0.122049972 0.79789 -0.1886465
v -0.122049972 0.79789 -0.1886465
v -0.121574596 0.8042213 -0.158646628
v -0.117664814 0.8134151 -0.162473843
v -0.122049972 0.79789 -0.1886465
v -0.108869396 0.816157937 -0.1676738
v -0.122049972 0.79789 -0.1886465
v -0.108869396 0.816157937 -0.1676738
v -0.100343868 0.8108505 -0.17120491
v -0.122049972 0.79789 -0.1886465
v -0.09661064 0.7990261 -0.17096822
v -0.122049972 0.79789 -0.1886465
v -0.1005452 0.7899747 -0.167045787
v -0.122049972 0.79789 -0.1886465
v -0.109795049 0.7887258 -0.16191718
v -0.122049972 0.79789 -0.1886465
v -0.1183139 0.7939943 -0.158412233
v -0.108869396 0.816157937 -0.1676738
v -0.117664814 0.8134151 -0.162473843
v -0.121574596 0.8042213 -0.158646628
v -0.1183139 0.7939943 -0.158412233
v -0.109795049 0.7887258 -0.16191718
v -0.1005452 0.7899747 -0.167045787
v -0.09661064 0.7990261 -0.17096822
v -0.100343868 0.8108505 -0.17120491
v -0.122049972 0.79789 -0.1886465
v -0.07168859 0.7037153 -0.168913454
v -0.07168859 0.7037153 -0.168913454
v -0.07246227 0.710676 -0.13911365
v -0.07812191 0.7170103 -0.1439523
v -0.07168859 0.7037153 -0.168913454
v -0.07859586 0.7257534 -0.155872911
v -0.07168859 0.7037153 -0.168913454
v -0.07859586 0.7257534 -0.155872911
v -0.07001924 0.728857338 -0.161239937
v -0.07168859 0.7037153 -0.168913454
v -0.060100913 0.7252507 -0.162198231
v -0.07168859 0.7037153 -0.168913454
v -0.0517867059 0.7166532 -0.152337551
v -0.07168859 0.7037153 -0.168913454
v -0.0540527627 0.7087165 -0.145798162
v -0.07168859 0.7037153 -0.168913454
v -0.06248392 0.707270741 -0.139902085
v -0.07859586 0.7257534 -0.155872911
v -0.07812191 0.7170103 -0.1439523
v -0.07246227 0.710676 -0.13911365
v -0.06248392 0.707270741 -0.139902085
v -0.0540527627 0.7087165 -0.145798162
v -0.0517867059 0.7166532 -0.152337551
v -0.060100913 0.7252507 -0.162198231
v -0.07001924 0.728857338 -0.161239937
v -0.07168859 0.7037153 -0.168913454
v 0.008515439 0.6683544 -0.158956736
v 0.008515439 0.6683544 -0.158956736
v 0.007840674 0.67443 -0.129138529
v -0.00191347743 0.677482545 -0.131874576
v 0.008515439 0.6683544 -0.158956736
v -0.006029486 0.684173644 -0.138385579
v 0.008515439 0.6683544 -0.158956736
v -0.006029486 0.684173644 -0.138385579
v -0.00194762857 0.691632 -0.144584477
v 0.008515439 0.6683544 -0.158956736
v 0.007840149 0.6947734 -0.1470249
v 0.008515439 0.6683544 -0.158956736
v 0.0176000614 0.691760659 -0.144270286
v 0.008515439 0.6683544 -0.158956736
v 0.021614613 0.6843543 -0.137938708
v 0.008515439 0.6683544 -0.158956736
v 0.0176919382 0.6780473 -0.131397277
v -0.006029486 0.684173644 -0.138385579
v -0.00191347743 0.677482545 -0.131874576
v 0.007840674 0.67443 -0.129138529
v 0.0176919382 0.6780473 -0.131397277
v 0.021614613 0.6843543 -0.137938708
v 0.0176000614 0.691760659 -0.144270286
v 0.007840149 0.6947734 -0.1470249
v -0.00194762857 0.691632 -0.144584477
v 0.008515439 0.6683544 -0.158956736
v 0.08708021 0.69665134 -0.163856938
v 0.08708021 0.69665134 -0.163856938
v 0.08688694 0.7036931 -0.13407895
v 0.07834964 0.697541833 -0.134492278
v 0.08708021 0.69665134 -0.163856938
v 0.06890196 0.6981535 -0.139202014
v 0.08708021 0.69665134 -0.163856938
v 0.06890196 0.6981535 -0.139202014
v 0.06383044 0.703111649 -0.146612614
v 0.08708021 0.69665134 -0.163856938
v 0.06645415 0.7123331 -0.150915578
v 0.08708021 0.69665134 -0.163856938
v 0.0750034451 0.718477547 -0.150647774
v 0.08708021 0.69665134 -0.163856938
v 0.0844694749 0.7179434 -0.145959944
v 0.08708021 0.69665134 -0.163856938
v 0.08951338 0.71301043 -0.1382056
v 0.06890196 0.6981535 -0.139202014
v 0.07834964 0.697541833 -0.134492278
v 0.08688694 0.7036931 -0.13407895
v 0.08951338 0.71301043 -0.1382056
v 0.0844694749 0.7179434 -0.145959944
v 0.0750034451 0.718477547 -0.150647774
v 0.06645415 0.7123331 -0.150915578
v 0.06383044 0.703111649 -0.146612614
v 0.08708021 0.69665134 -0.163856938
v -0.121805653 0.7966625 -0.184692159
v -0.117498308 0.7929435 -0.154510856
v -0.121329479 0.8029671 -0.154687837
v -0.121805653 0.7966625 -0.184692159
v -0.121805653 0.7966625 -0.184692159
v -0.108741209 0.7881799 -0.158128858
v -0.121805653 0.7966625 -0.184692159
v -0.09972388 0.7899349 -0.16336149
v -0.108741209 0.7881799 -0.158128858
v -0.121805653 0.7966625 -0.184692159
v -0.09635866 0.799204648 -0.167316675
v -0.121805653 0.7966625 -0.184692159
v -0.1006633 0.8108348 -0.167486742
v -0.121805653 0.7966625 -0.184692159
v -0.109427512 0.8156374 -0.163843513
v -0.121805653 0.7966625 -0.184692159
v -0.117988661 0.81238 -0.1585448
v -0.09635866 0.799204648 -0.167316675
v -0.1006633 0.8108348 -0.167486742
v -0.109427512 0.8156374 -0.163843513
v -0.117988661 0.81238 -0.1585448
v -0.121329479 0.8029671 -0.154687837
v -0.117498308 0.7929435 -0.154510856
v -0.108741209 0.7881799 -0.158128858
v -0.09972388 0.7899349 -0.16336149
v -0.121805653 0.7966625 -0.184692159
vt 0.203340024 0.5931337
vt 0.158535808 0.593396544
vt 0.158782572 0.5205729
vt 0.202976137 0.5200232
vt 0.258948833 0.592945337
vt 0.25847438 0.5194628
vt 0.3026677 0.5929929
vt 0.3022342 0.5193982
vt 0.203522056 0.662971
vt 0.15886876 0.6661639
vt 0.259163529 0.663018
vt 0.3030891 0.6663593
vt 0.203887612 0.7280649
vt 0.159629256 0.7286339
vt 0.25939706 0.728245258
vt 0.303372234 0.729181767
vt 0.383079976 0.579119444
vt 0.382061034 0.5191399
vt 0.421411663 0.518298268
vt 0.416487545 0.569876552
vt 0.3837174 0.6229572
vt 0.414265662 0.5882078
vt 0.384191066 0.67159164
vt 0.414644033 0.6144707
vt 0.344693035 0.5900376
vt 0.343979031 0.5195557
vt 0.34543857 0.651920438
vt 0.345859081 0.7112564
vt 0.3026677 0.5929929
vt 0.3022342 0.5193982
vt 0.3030891 0.6663593
vt 0.303372234 0.729181767
vt 0.07562038 0.6237006
vt 0.07682559 0.6723081
vt 0.035528034 0.6097574
vt 0.0352322161 0.5812657
vt 0.075618 0.579749465
vt 0.0356558859 0.5645207
vt 0.07749131 0.519645333
vt 0.0376627147 0.5183027
vt 0.115339905 0.6520052
vt 0.11662671 0.7110512
vt 0.114868671 0.590563536
vt 0.116314977 0.5205194
vt 0.15886876 0.6661639
vt 0.159629256 0.7286339
vt 0.158535808 0.593396544
vt 0.158782572 0.5205729
vt 0.20401296 0.7814051
vt 0.159925371 0.774787545
vt 0.159629256 0.7286339
vt 0.159629256 0.7286339
vt 0.203887612 0.7280649
vt 0.20401296 0.7814051
vt 0.2594925 0.781627536
vt 0.20401296 0.7814051
vt 0.203887612 0.7280649
vt 0.203887612 0.7280649
vt 0.25939706 0.728245258
vt 0.2594925 0.781627536
vt 0.303478152 0.7752311
vt 0.2594925 0.781627536
vt 0.25939706 0.728245258
vt 0.25939706 0.728245258
vt 0.303372234 0.729181767
vt 0.303478152 0.7752311
vt 0.384191066 0.67159164
vt 0.414644033 0.6144707
vt 0.378804326 0.7238846
vt 0.378804326 0.7238846
vt 0.346070439 0.764059067
vt 0.345859081 0.7112564
vt 0.345859081 0.7112564
vt 0.384191066 0.67159164
vt 0.378804326 0.7238846
vt 0.346070439 0.764059067
vt 0.303477138 0.7753898
vt 0.303372234 0.729181767
vt 0.303372234 0.729181767
vt 0.345859081 0.7112564
vt 0.346070439 0.764059067
vt 0.07682559 0.6723081
vt 0.0782645643 0.727066636
vt 0.035528034 0.6097574
vt 0.117765933 0.7637696
vt 0.0782645643 0.727066636
vt 0.07682559 0.6723081
vt 0.07682559 0.6723081
vt 0.11662671 0.7110512
vt 0.117765933 0.7637696
vt 0.160386 0.7744671
vt 0.117765933 0.7637696
vt 0.11662671 0.7110512
vt 0.11662671 0.7110512
vt 0.159629256 0.7286339
vt 0.160386 0.7744671
vt 0.0420922935 0.478110075
vt 0.07886568 0.4668466
vt 0.07749131 0.519645333
vt 0.07749131 0.519645333
vt 0.0376627147 0.5183027
vt 0.0420922935 0.478110075
vt 0.381878585 0.466158271
vt 0.412919551 0.483083785
vt 0.421411663 0.518298268
vt 0.421411663 0.518298268
vt 0.382061034 0.5191399
vt 0.381878585 0.466158271
vt 0.07886568 0.4668466
vt 0.110763162 0.481622458
vt 0.116314977 0.5205194
vt 0.116314977 0.5205194
vt 0.07749131 0.519645333
vt 0.07886568 0.4668466
vt 0.350177318 0.480627537
vt 0.381878585 0.466158271
vt 0.382061034 0.5191399
vt 0.382061034 0.5191399
vt 0.343979031 0.5195557
vt 0.350177318 0.480627537
vt 0.0147200525 0.551579
vt 0.00713190436 0.516729
vt 0.0376627147 0.5183027
vt 0.0376627147 0.5183027
vt 0.0356558859 0.5645207
vt 0.0147200525 0.551579
vt 0.441192538 0.5188129
vt 0.435961276 0.546523035
vt 0.416487545 0.569876552
vt 0.416487545 0.569876552
vt 0.421411663 0.518298268
vt 0.441192538 0.5188129
vt 0.00713190436 0.516729
vt 0.01985994 0.4898094
vt 0.0420922935 0.478110075
vt 0.0420922935 0.478110075
vt 0.0376627147 0.5183027
vt 0.00713190436 0.516729
vt 0.435171127 0.49583447
vt 0.441192538 0.5188129
vt 0.421411663 0.518298268
vt 0.421411663 0.518298268
vt 0.412919551 0.483083785
vt 0.435171127 0.49583447
vt 0.215617061 0.419083476
vt 0.188261151 0.4258747
vt 0.167030171 0.369193435
vt 0.204576075 0.356876135
vt 0.252671868 0.416061938
vt 0.246356919 0.352714539
vt 0.277914762 0.415888071
vt 0.284932822 0.3563388
vt 0.192863315 0.467995167
vt 0.151939318 0.432904363
vt 0.260105044 0.468084216
vt 0.2222231 0.4721498
vt 0.284843862 0.459572256
vt 0.315955222 0.4154306
vt 0.318039775 0.36674732
vt 0.3604619 0.38272357
vt 0.351414263 0.416468382
vt 0.333723336 0.447725773
vt 0.284932822 0.3563388
vt 0.146927685 0.473080873
vt 0.11725466 0.444171071
vt 0.137036875 0.384036243
vt 0.101189464 0.403743267
vt 0.167030171 0.369193435
vt 0.2645769 0.502751052
vt 0.226027 0.505393863
vt 0.2222231 0.4721498
vt 0.2222231 0.4721498
vt 0.260105044 0.468084216
vt 0.2645769 0.502751052
vt 0.284843862 0.459572256
vt 0.29581508 0.481706262
vt 0.2645769 0.502751052
vt 0.2645769 0.502751052
vt 0.260105044 0.468084216
vt 0.284843862 0.459572256
vt 0.192863315 0.467995167
vt 0.192094043 0.49752146
vt 0.146927685 0.473080873
vt 0.336681634 0.345085859
vt 0.365576833 0.3516689
vt 0.3604619 0.38272357
vt 0.3604619 0.38272357
vt 0.318039775 0.36674732
vt 0.336681634 0.345085859
vt 0.0885455161 0.3777486
vt 0.1225261 0.370220363
vt 0.137036875 0.384036243
vt 0.137036875 0.384036243
vt 0.101189464 0.403743267
vt 0.0885455161 0.3777486
vt 0.08710316 0.4363891
vt 0.07539576 0.416492343
vt 0.101189464 0.403743267
vt 0.101189464 0.403743267
vt 0.11725466 0.444171071
vt 0.08710316 0.4363891
vt 0.3825336 0.3909198
vt 0.3700193 0.4159125
vt 0.351414263 0.416468382
vt 0.351414263 0.416468382
vt 0.3604619 0.38272357
vt 0.3825336 0.3909198
vt 0.07539576 0.416492343
vt 0.0737115 0.39709568
vt 0.0885455161 0.3777486
vt 0.0885455161 0.3777486
vt 0.101189464 0.403743267
vt 0.07539576 0.416492343
vt 0.382144332 0.371873319
vt 0.3825336 0.3909198
vt 0.3604619 0.38272357
vt 0.3604619 0.38272357
vt 0.365576833 0.3516689
vt 0.382144332 0.371873319
vt 0.284843862 0.459572256
vt 0.333723336 0.447725773
vt 0.29581508 0.481706262
vt 0.226027 0.505393863
vt 0.192094043 0.49752146
vt 0.192863315 0.467995167
vt 0.192863315 0.467995167
vt 0.2222231 0.4721498
vt 0.226027 0.505393863
vt 0.215617061 0.419083476
vt 0.204576075 0.356876135
vt 0.167030171 0.369193435
vt 0.188261151 0.4258747
vt 0.252671868 0.416061938
vt 0.246356919 0.352714539
vt 0.277914762 0.415888071
vt 0.284932822 0.3563388
vt 0.151939318 0.432904363
vt 0.192863315 0.467995167
vt 0.260105044 0.468084216
vt 0.2222231 0.4721498
vt 0.284843862 0.459572256
vt 0.315955222 0.4154306
vt 0.351414263 0.416468382
vt 0.3604619 0.38272357
vt 0.318039775 0.36674732
vt 0.333723336 0.447725773
vt 0.284932822 0.3563388
vt 0.11725466 0.444171071
vt 0.146927685 0.473080873
vt 0.137036875 0.384036243
vt 0.101189464 0.403743267
vt 0.167030171 0.369193435
vt 0.2645769 0.502751052
vt 0.260105044 0.468084216
vt 0.2222231 0.4721498
vt 0.2222231 0.4721498
vt 0.226027 0.505393863
vt 0.2645769 0.502751052
vt 0.284843862 0.459572256
vt 0.260105044 0.468084216
vt 0.2645769 0.502751052
vt 0.2645769 0.502751052
vt 0.29581508 0.481706262
vt 0.284843862 0.459572256
vt 0.192863315 0.467995167
vt 0.146927685 0.473080873
vt 0.192094043 0.49752146
vt 0.336681634 0.345085859
vt 0.318039775 0.36674732
vt 0.3604619 0.38272357
vt 0.3604619 0.38272357
vt 0.365576833 0.3516689
vt 0.336681634 0.345085859
vt 0.0885455161 0.3777486
vt 0.101189464 0.403743267
vt 0.137036875 0.384036243
vt 0.137036875 0.384036243
vt 0.1225261 0.370220363
vt 0.0885455161 0.3777486
vt 0.08710316 0.4363891
vt 0.11725466 0.444171071
vt 0.101189464 0.403743267
vt 0.101189464 0.403743267
vt 0.07539576 0.416492343
vt 0.08710316 0.4363891
vt 0.3825336 0.3909198
vt 0.3604619 0.38272357
vt 0.351414263 0.416468382
vt 0.351414263 0.416468382
vt 0.3700193 0.4159125
vt 0.3825336 0.3909198
vt 0.07539576 0.416492343
vt 0.101189464 0.403743267
vt 0.0885455161 0.3777486
vt 0.0885455161 0.3777486
vt 0.0737115 0.39709568
vt 0.07539576 0.416492343
vt 0.382144332 0.371873319
vt 0.365576833 0.3516689
vt 0.3604619 0.38272357
vt 0.3604619 0.38272357
vt 0.3825336 0.3909198
vt 0.382144332 0.371873319
vt 0.284843862 0.459572256
vt 0.29581508 0.481706262
vt 0.333723336 0.447725773
vt 0.226027 0.505393863
vt 0.2222231 0.4721498
vt 0.192863315 0.467995167
vt 0.192863315 0.467995167
vt 0.192094043 0.49752146
vt 0.226027 0.505393863
vt 0.1243326 0.2675147
vt 0.1752672 0.289402068
vt 0.198296756 0.2455253
vt 0.153860673 0.223265409
vt 0.240825981 0.302324653
vt 0.24480103 0.2520175
vt 0.30470854 0.2958473
vt 0.2915541 0.2392044
vt 0.21053876 0.17085731
vt 0.175922379 0.16810745
vt 0.2510934 0.1754815
vt 0.284905225 0.1808418
vt 0.21317248 0.111231387
vt 0.259466559 0.115904212
vt 0.3903165 0.2799778
vt 0.386630356 0.2347976
vt 0.3482471 0.233314276
vt 0.34958595 0.289813161
vt 0.375708222 0.193573236
vt 0.3428308 0.185040712
vt 0.370337963 0.17184186
vt 0.327348143 0.135201454
vt 0.318636149 0.240637
vt 0.30470854 0.2958473
vt 0.311160833 0.180677652
vt 0.292509615 0.122380912
vt 0.2915541 0.2392044
vt 0.284905225 0.1808418
vt 0.0808493644 0.154100418
vt 0.0692842 0.178729773
vt 0.110175 0.163066387
vt 0.138887972 0.120563865
vt 0.051192414 0.197402358
vt 0.0924010947 0.207455754
vt 0.04636115 0.249289334
vt 0.08282545 0.265554845
vt 0.148160219 0.165440559
vt 0.17701599 0.112722278
vt 0.12804319 0.216474116
vt 0.1243326 0.2675147
vt 0.175922379 0.16810745
vt 0.21317248 0.111231387
vt 0.153860673 0.223265409
vt 0.21317248 0.111231387
vt 0.259466559 0.115904212
vt 0.263591051 0.07213819
vt 0.263591051 0.07213819
vt 0.212765381 0.0688328743
vt 0.21317248 0.111231387
vt 0.327348143 0.135201454
vt 0.370337963 0.17184186
vt 0.314970583 0.09838581
vt 0.292509615 0.122380912
vt 0.327348143 0.135201454
vt 0.314970583 0.09838581
vt 0.314970583 0.09838581
vt 0.263591051 0.07213819
vt 0.292509615 0.122380912
vt 0.259466559 0.115904212
vt 0.292509615 0.122380912
vt 0.263591051 0.07213819
vt 0.138887972 0.120563865
vt 0.165425792 0.08907157
vt 0.0808493644 0.154100418
vt 0.165425792 0.08907157
vt 0.138887972 0.120563865
vt 0.17701599 0.112722278
vt 0.17701599 0.112722278
vt 0.212765381 0.0688328743
vt 0.165425792 0.08907157
vt 0.17701599 0.112722278
vt 0.21317248 0.111231387
vt 0.212765381 0.0688328743
vt 0.08282545 0.265554845
vt 0.04636115 0.249289334
vt 0.044860214 0.288905263
vt 0.044860214 0.288905263
vt 0.0781898052 0.2994725
vt 0.08282545 0.265554845
vt 0.3903165 0.2799778
vt 0.34958595 0.289813161
vt 0.356515646 0.332971275
vt 0.356515646 0.332971275
vt 0.394277453 0.319220066
vt 0.3903165 0.2799778
vt 0.1243326 0.2675147
vt 0.08282545 0.265554845
vt 0.0781898052 0.2994725
vt 0.0781898052 0.2994725
vt 0.109867543 0.290779352
vt 0.1243326 0.2675147
vt 0.34958595 0.289813161
vt 0.3222719 0.3199799
vt 0.356515646 0.332971275
vt 0.04636115 0.249289334
vt 0.0324032642 0.211345434
vt 0.0218382441 0.244441926
vt 0.386630356 0.2347976
vt 0.3903165 0.2799778
vt 0.4044523 0.246400177
vt 0.044860214 0.288905263
vt 0.04636115 0.249289334
vt 0.0241364576 0.276559532
vt 0.3903165 0.2799778
vt 0.405026466 0.301705241
vt 0.4112462 0.27472496
vt 0.212765381 0.0688328743
vt 0.263591051 0.07213819
vt 0.259319782 0.0239661336
vt 0.259319782 0.0239661336
vt 0.216901571 0.022040844
vt 0.212765381 0.0688328743
vt 0.314970583 0.09838581
vt 0.370337963 0.17184186
vt 0.371959955 0.1380856
vt 0.371959955 0.1380856
vt 0.301971138 0.0479141474
vt 0.314970583 0.09838581
vt 0.263591051 0.07213819
vt 0.314970583 0.09838581
vt 0.301971138 0.0479141474
vt 0.301971138 0.0479141474
vt 0.259319782 0.0239661336
vt 0.263591051 0.07213819
vt 0.0808493644 0.154100418
vt 0.165425792 0.08907157
vt 0.175391838 0.04064536
vt 0.175391838 0.04064536
vt 0.0948298052 0.111135244
vt 0.0808493644 0.154100418
vt 0.165425792 0.08907157
vt 0.212765381 0.0688328743
vt 0.216901571 0.022040844
vt 0.216901571 0.022040844
vt 0.175391838 0.04064536
vt 0.165425792 0.08907157
vt 0.259466559 0.115904212
vt 0.04636115 0.249289334
vt 0.0218382441 0.244441926
vt 0.0241364576 0.276559532
vt 0.04636115 0.249289334
vt 0.051192414 0.197402358
vt 0.0324032642 0.211345434
vt 0.3903165 0.2799778
vt 0.394277453 0.319220066
vt 0.405026466 0.301705241
vt 0.3903165 0.2799778
vt 0.4112462 0.27472496
vt 0.4044523 0.246400177
vt 0.34958595 0.289813161
vt 0.30470854 0.2958473
vt 0.3222719 0.3199799
vt 0.495005429 0.03356254
vt 0.459518045 0.07056224
vt 0.4972819 0.0889142752
vt 0.4603342 0.132661939
vt 0.383466274 0.116826415
vt 0.403021157 0.0500072837
vt 0.3601571 0.0414330363
vt 0.419967532 -0.000617980957
vt 0.419967532 -0.000617980957
vt 0.495005429 0.03356254
vt 0.459518045 0.07056224
vt 0.4972819 0.0889142752
vt 0.4603342 0.132661939
vt 0.383466274 0.116826415
vt 0.403021157 0.0500072837
vt 0.3601571 0.0414330363
vt 0.419967532 -0.000617980957
vt 0.419967532 -0.000617980957
vt 0.495005429 0.03356254
vt 0.459518045 0.07056224
vt 0.4972819 0.0889142752
vt 0.4603342 0.132661939
vt 0.383466274 0.116826415
vt 0.403021157 0.0500072837
vt 0.3601571 0.0414330363
vt 0.419967532 -0.000617980957
vt 0.419967532 -0.000617980957
vt 0.674161851 0.331231475
vt 0.669831336 0.3577143
vt 0.684721231 0.355934441
vt 0.656485558 0.3514154
vt 0.64843 0.339725256
vt 0.6471947 0.326031923
vt 0.6530128 0.314162254
vt 0.664133251 0.3064525
vt 0.677226 0.304811954
vt 0.6897896 0.309337437
vt 0.698749959 0.319648266
vt 0.7011677 0.3332647
vt 0.696207 0.346619844
vt 0.6656622 0.3962142
vt 0.6998397 0.391820133
vt 0.63402015 0.38283658
vt 0.613318741 0.356296539
vt 0.608979642 0.322395921
vt 0.622119248 0.291595578
vt 0.648809731 0.271757543
vt 0.6818535 0.267110944
vt 0.7131471 0.279178023
vt 0.734525144 0.305525422
vt 0.739506543 0.339013815
vt 0.726912141 0.370560527
vt 0.661947548 0.431732774
vt 0.714067042 0.4245782
vt 0.613223553 0.411968946
vt 0.5809595 0.370712519
vt 0.5742542 0.3184917
vt 0.594068646 0.2709238
vt 0.634808064 0.239859343
vt 0.68571943 0.232203424
vt 0.7346766 0.251072049
vt 0.76748997 0.292178035
vt 0.7748041 0.343961239
vt 0.755285263 0.3921473
vt 0.8494666 0.3796001
vt 0.848675966 0.3774749
vt 0.824163556 0.387887955
vt 0.8249531 0.390002847
vt 0.8506097 0.381608963
vt 0.8263294 0.391895771
vt 0.851958454 0.383500576
vt 0.8275067 0.3938756
vt 0.853147 0.385426164
vt 0.829055965 0.395627022
vt 0.8546654 0.387127817
vt 0.8298835 0.397666037
vt 0.855783045 0.3889618
vt 0.83134675 0.399324119
vt 0.8566278 0.390863538
vt 0.832194149 0.4012416
vt 0.8576234 0.3927719
vt 0.832824051 0.4032799
vt 0.8580506 0.394971669
vt 0.833539 0.4053762
vt 0.8585307 0.397215128
vt 0.8337828 0.40770638
vt 0.85874325 0.399592936
vt 0.834154844 0.410027564
vt 0.858975649 0.401942372
vt 0.834358931 0.412371874
vt 0.495005429 0.03356254
vt 0.459518045 0.07056224
vt 0.4972819 0.0889142752
vt 0.4603342 0.132661939
vt 0.383466274 0.116826415
vt 0.403021157 0.0500072837
vt 0.3601571 0.0414330363
vt 0.419967532 -0.000617980957
vt 0.419967532 -0.000617980957
vt 0.139252886 0.910342753
vt 0.122877508 0.843093753
vt 0.0568987355 0.8480232
vt 0.06035424 0.9068415
vt 0.293543518 0.844845
vt 0.2897412 0.9119536
vt 0.382636964 0.8452506
vt 0.384397864 0.903889954
vt 0.495005429 0.03356254
vt 0.459518045 0.07056224
vt 0.4972819 0.0889142752
vt 0.4603342 0.132661939
vt 0.383466274 0.116826415
vt 0.403021157 0.0500072837
vt 0.3601571 0.0414330363
vt 0.419967532 -0.000617980957
vt 0.419967532 -0.000617980957
vt 0.495005429 0.03356254
vt 0.459518045 0.07056224
vt 0.4972819 0.0889142752
vt 0.4603342 0.132661939
vt 0.383466274 0.116826415
vt 0.403021157 0.0500072837
vt 0.3601571 0.0414330363
vt 0.419967532 -0.000617980957
vt 0.419967532 -0.000617980957
vt 0.162596241 0.8700334
vt 0.166134715 0.83123225
vt 0.101041548 0.84714514
vt 0.0966797 0.8723313
vt 0.275586873 0.8719065
vt 0.2701133 0.8333741
vt 0.366459 0.845486164
vt 0.36808145 0.874062538
vt 0.1561638 0.926188767
vt 0.0850326046 0.9330605
vt 0.0797729939 0.962428451
vt 0.159648657 0.972578347
vt 0.288990885 0.9736104
vt 0.2860985 0.927101135
vt 0.388051569 0.9590286
vt 0.399583071 0.9272285
vt 0.0605517179 0.95382303
vt 0.147497475 0.9711741
vt 0.297569275 0.972524464
vt 0.390643358 0.95089376
vt 0.495005429 0.03356254
vt 0.4972819 0.0889142752
vt 0.459518045 0.07056224
vt 0.4603342 0.132661939
vt 0.383466274 0.116826415
vt 0.3601571 0.0414330363
vt 0.403021157 0.0500072837
vt 0.419967532 -0.000617980957
vt 0.419967532 -0.000617980957
vt 0.495005429 0.03356254
vt 0.4972819 0.0889142752
vt 0.459518045 0.07056224
vt 0.4603342 0.132661939
vt 0.383466274 0.116826415
vt 0.3601571 0.0414330363
vt 0.403021157 0.0500072837
vt 0.419967532 -0.000617980957
vt 0.419967532 -0.000617980957
vt 0.495005429 0.03356254
vt 0.4972819 0.0889142752
vt 0.459518045 0.07056224
vt 0.4603342 0.132661939
vt 0.383466274 0.116826415
vt 0.3601571 0.0414330363
vt 0.403021157 0.0500072837
vt 0.419967532 -0.000617980957
vt 0.419967532 -0.000617980957
vt 0.674161851 0.331231475
vt 0.684721231 0.355934441
vt 0.669831336 0.3577143
vt 0.656485558 0.3514154
vt 0.64843 0.339725256
vt 0.6471947 0.326031923
vt 0.6530128 0.314162254
vt 0.664133251 0.3064525
vt 0.677226 0.304811954
vt 0.6897896 0.309337437
vt 0.698749959 0.319648266
vt 0.7011677 0.3332647
vt 0.696207 0.346619844
vt 0.6656622 0.3962142
vt 0.6998397 0.391820133
vt 0.63402015 0.38283658
vt 0.613318741 0.356296539
vt 0.608979642 0.322395921
vt 0.622119248 0.291595578
vt 0.648809731 0.271757543
vt 0.6818535 0.267110944
vt 0.7131471 0.279178023
vt 0.734525144 0.305525422
vt 0.739506543 0.339013815
vt 0.726912141 0.370560527
vt 0.661947548 0.431732774
vt 0.714067042 0.4245782
vt 0.613223553 0.411968946
vt 0.5809595 0.370712519
vt 0.5742542 0.3184917
vt 0.594068646 0.2709238
vt 0.634808064 0.239859343
vt 0.68571943 0.232203424
vt 0.7346766 0.251072049
vt 0.76748997 0.292178035
vt 0.7748041 0.343961239
vt 0.755285263 0.3921473
vt 0.8494666 0.3796001
vt 0.8249531 0.390002847
vt 0.824163556 0.387887955
vt 0.848675966 0.3774749
vt 0.8506097 0.381608963
vt 0.8263294 0.391895771
vt 0.851958454 0.383500576
vt 0.8275067 0.3938756
vt 0.853147 0.385426164
vt 0.829055965 0.395627022
vt 0.8546654 0.387127817
vt 0.8298835 0.397666037
vt 0.855783045 0.3889618
vt 0.83134675 0.399324119
vt 0.8566278 0.390863538
vt 0.832194149 0.4012416
vt 0.8576234 0.3927719
vt 0.832824051 0.4032799
vt 0.8580506 0.394971669
vt 0.833539 0.4053762
vt 0.8585307 0.397215128
vt 0.8337828 0.40770638
vt 0.85874325 0.399592936
vt 0.834154844 0.410027564
vt 0.858975649 0.401942372
vt 0.834358931 0.412371874
vt 0.495005429 0.03356254
vt 0.4972819 0.0889142752
vt 0.459518045 0.07056224
vt 0.4603342 0.132661939
vt 0.383466274 0.116826415
vt 0.3601571 0.0414330363
vt 0.403021157 0.0500072837
vt 0.419967532 -0.000617980957
vt 0.419967532 -0.000617980957
vt 0.139252886 0.910342753
vt 0.06035424 0.9068415
vt 0.0568987355 0.8480232
vt 0.122877508 0.843093753
vt 0.293543518 0.844845
vt 0.2897412 0.9119536
vt 0.382636964 0.8452506
vt 0.384397864 0.903889954
vt 0.495005429 0.03356254
vt 0.4972819 0.0889142752
vt 0.459518045 0.07056224
vt 0.4603342 0.132661939
vt 0.383466274 0.116826415
vt 0.3601571 0.0414330363
vt 0.403021157 0.0500072837
vt 0.419967532 -0.000617980957
vt 0.419967532 -0.000617980957
vt 0.495005429 0.03356254
vt 0.4972819 0.0889142752
vt 0.459518045 0.07056224
vt 0.4603342 0.132661939
vt 0.383466274 0.116826415
vt 0.3601571 0.0414330363
vt 0.403021157 0.0500072837
vt 0.419967532 -0.000617980957
vt 0.419967532 -0.000617980957
vt 0.162596241 0.8700334
vt 0.0966797 0.8723313
vt 0.101041548 0.84714514
vt 0.166134715 0.83123225
vt 0.275586873 0.8719065
vt 0.2701133 0.8333741
vt 0.366459 0.845486164
vt 0.36808145 0.874062538
vt 0.1561638 0.926188767
vt 0.159648657 0.972578347
vt 0.0797729939 0.962428451
vt 0.0850326046 0.9330605
vt 0.288990885 0.9736104
vt 0.2860985 0.927101135
vt 0.388051569 0.9590286
vt 0.399583071 0.9272285
vt 0.147497475 0.9711741
vt 0.0605517179 0.95382303
vt 0.297569275 0.972524464
vt 0.390643358 0.95089376
vt 0.73454845 0.167773008
vt 0.727352 0.263853848
vt 0.678246558 0.2920549
vt 0.678246558 0.163943529
vt 0.814361334 0.2634071
vt 0.776390851 0.264200926
vt 0.786789238 0.191713512
vt 0.825425446 0.19136858
vt 0.5540003 0.1817252
vt 0.60979 0.1825974
vt 0.606348753 0.228760242
vt 0.5506338 0.225279331
vt 0.6009584 0.310111225
vt 0.5507829 0.303084731
vt 0.8521726 0.332723618
vt 0.81886524 0.4086969
vt 0.8041994 0.338003635
vt 0.529742658 0.3662089
vt 0.564112067 0.421668649
vt 0.8494626 0.3779105
vt 0.504012764 0.326149166
vt 0.6544559 0.4162351
vt 0.5972617 0.42532438
vt 0.6544559 0.307952285
vt 0.678246558 0.3493591
vt 0.717372656 0.3111775
vt 0.7568052 0.344684
vt 0.7623176 0.413717866
vt 0.7164476 0.404059052
vt 0.714494944 0.349397063
vt 0.678246558 0.391856
vt 0.8075438 0.466586
vt 0.7729193 0.30087626
vt 0.7288282 0.49111855
vt 0.7222214 0.43918407
vt 0.6544559 0.224306822
vt 0.7785995 0.122006178
vt 0.8439592 0.141762972
vt 0.7218413 0.08631319
vt 0.678246558 0.07971215
vt 0.877221644 0.1572833
vt 0.857521057 0.203115344
vt 0.6544559 0.18716383
vt 0.618655443 0.09432793
vt 0.6544559 0.09906602
vt 0.5740374 0.09851438
vt 0.678246558 0.476109445
vt 0.7828236 0.5350062
vt 0.838295937 0.499846339
vt 0.8114319 0.564288
vt 0.861378849 0.532107234
vt 0.6544559 0.5150805
vt 0.5890083 0.490706563
vt 0.625511348 0.5497989
vt 0.572012544 0.5283635
vt 0.740947962 0.571076334
vt 0.678246558 0.5451153
vt 0.7738599 0.590761364
vt 0.879844069 0.9093437
vt 0.83697325 0.9070142
vt 0.846095264 0.867979467
vt 0.881104946 0.870109558
vt 0.9306885 0.8723404
vt 0.9731247 0.8677366
vt 0.9749774 0.876847744
vt 0.8098414 0.8939121
vt 0.8168779 0.865733564
vt 0.794619143 0.875466168
vt 0.797129 0.8622594
vt 0.93490237 0.9080887
vt 0.9098914 0.9045723
vt 0.907577455 0.8692624
vt 0.959973037 0.890218735
vt 0.8004901 0.910191655
vt 0.8131428 0.9255986
vt 0.882757843 0.8069629
vt 0.9041374 0.807350159
vt 0.8355114 0.775014162
vt 0.832237959 0.8063903
vt 0.7999414 0.7968024
vt 0.804645658 0.767077148
vt 0.881454945 0.776262939
vt 0.9080813 0.7765075
vt 0.850024 0.8068283
vt 0.854731 0.776471436
vt 0.930269063 0.7771619
vt 0.927389562 0.8075083
vt 0.957290769 0.8051014
vt 0.9561044 0.775185943
vt 0.8835565 0.6922067
vt 0.9088084 0.691994369
vt 0.9105421 0.7558485
vt 0.881705046 0.761707366
vt 0.9358702 0.688624442
vt 0.932136536 0.75386107
vt 0.854144931 0.7614214
vt 0.8541429 0.688254237
vt 0.9656766 0.6913303
vt 0.95815146 0.758861
vt 0.835206866 0.7595057
vt 0.838137865 0.689177752
vt 0.8041086 0.68309164
vt 0.8046605 0.751861334
vt 0.909324169 0.7657031
vt 0.9320223 0.764620841
vt 0.3533924 0.604874849
vt 0.3378559 0.6077192
vt 0.321813464 0.570990443
vt 0.338836879 0.573546946
vt 0.167748556 0.656409264
vt 0.167960733 0.6205465
vt 0.268081665 0.6097329
vt 0.27197662 0.652645051
vt 0.116419181 0.5450725
vt 0.1419988 0.54504627
vt 0.145423532 0.5786572
vt 0.110224769 0.574231863
vt 0.285143435 0.5450725
vt 0.280935138 0.5730645
vt 0.248086929 0.57525456
vt 0.241835833 0.5450725
vt 0.277696669 0.7181038
vt 0.315728277 0.712304056
vt 0.30723238 0.7675688
vt 0.268336 0.772233665
vt 0.168891162 0.774967432
vt 0.1837037 0.719675541
vt 0.37473622 0.7407896
vt 0.349288851 0.763449252
vt 0.356193662 0.7049523
vt 0.338091433 0.77001965
vt 0.3339136 0.7096604
vt 0.12841709 0.7724612
vt 0.0884218439 0.745339
vt 0.0942591652 0.720625
vt 0.1302991 0.7184672
vt 0.10505 0.6629376
vt 0.146344721 0.678247631
vt 0.165981442 0.6634025
vt 0.273080558 0.6694081
vt 0.149267614 0.6626831
vt 0.341368973 0.6494997
vt 0.293287456 0.6526314
vt 0.289416254 0.611388445
vt 0.105868489 0.6500905
vt 0.09912777 0.6079715
vt 0.148465618 0.615163
vt 0.151034787 0.6546711
vt 0.34164986 0.6625335
vt 0.294504285 0.667988658
vt 0.165730387 0.6808456
vt 0.728813231 0.5925575
vt 0.7207553 0.63168335
vt 0.6776851 0.6303764
vt 0.6776851 0.581158757
vt 0.7538087 0.60611856
vt 0.6416003 0.06910342
vt 0.6547551 0.06755221
vt 0.655094147 0.0610096455
vt 0.6447255 0.0566875339
vt 0.715084553 0.06541669
vt 0.678257346 0.0610477924
vt 0.6687834 0.6259724
vt 0.6271659 0.622702956
vt 0.628634751 0.5712403
vt 0.6652956 0.5670089
vt 0.83109206 0.101198494
vt 0.7713389 0.08550286
vt 0.9109124 0.935967565
vt 0.8799844 0.937612
vt 0.938670754 0.9205954
vt 0.845960259 0.937209666
vt 0.83109206 0.101198494
vt 0.8666285 0.117786407
vt 0.877221644 0.1572833
vt 0.877221644 0.1572833
vt 0.8439592 0.141762972
vt 0.83109206 0.101198494
vt 0.6416003 0.06910342
vt 0.6544559 0.09906602
vt 0.618655443 0.09432793
vt 0.618655443 0.09432793
vt 0.6179038 0.07372606
vt 0.6416003 0.06910342
vt 0.5627265 0.07750666
vt 0.6179038 0.07372606
vt 0.618655443 0.09432793
vt 0.618655443 0.09432793
vt 0.5740374 0.09851438
vt 0.5627265 0.07750666
vt 0.7442016 0.629291058
vt 0.5380961 0.513566
vt 0.5524577 0.471713245
vt 0.8561196 0.257283926
vt 0.352182329 0.6481745
vt 0.353278935 0.660580039
vt 0.180783778 0.58006835
vt 0.313277453 0.5450725
vt 0.3280877 0.546292841
vt 0.176896274 0.5450725
vt 0.73454845 0.167773008
vt 0.727352 0.263853848
vt 0.814361334 0.2634071
vt 0.825425446 0.19136858
vt 0.786789238 0.191713512
vt 0.776390851 0.264200926
vt 0.5540003 0.1817252
vt 0.5506338 0.225279331
vt 0.606348753 0.228760242
vt 0.60979 0.1825974
vt 0.5507829 0.303084731
vt 0.6009584 0.310111225
vt 0.8521726 0.332723618
vt 0.8041994 0.338003635
vt 0.81886524 0.4086969
vt 0.529742658 0.3662089
vt 0.564112067 0.421668649
vt 0.8494626 0.3779105
vt 0.504012764 0.326149166
vt 0.5972617 0.42532438
vt 0.717372656 0.3111775
vt 0.7568052 0.344684
vt 0.714494944 0.349397063
vt 0.7164476 0.404059052
vt 0.7623176 0.413717866
vt 0.8075438 0.466586
vt 0.7729193 0.30087626
vt 0.7222214 0.43918407
vt 0.7288282 0.49111855
vt 0.7785995 0.122006178
vt 0.8439592 0.141762972
vt 0.7218413 0.08631319
vt 0.857521057 0.203115344
vt 0.877221644 0.1572833
vt 0.618655443 0.09432793
vt 0.5740374 0.09851438
vt 0.7828236 0.5350062
vt 0.838295937 0.499846339
vt 0.8114319 0.564288
vt 0.861378849 0.532107234
vt 0.5890083 0.490706563
vt 0.625511348 0.5497989
vt 0.572012544 0.5283635
vt 0.740947962 0.571076334
vt 0.7738599 0.590761364
vt 0.879844069 0.9093437
vt 0.881104946 0.870109558
vt 0.846095264 0.867979467
vt 0.83697325 0.9070142
vt 0.9306885 0.8723404
vt 0.9749774 0.876847744
vt 0.9731247 0.8677366
vt 0.8168779 0.865733564
vt 0.8098414 0.8939121
vt 0.794619143 0.875466168
vt 0.797129 0.8622594
vt 0.907577455 0.8692624
vt 0.9098914 0.9045723
vt 0.93490237 0.9080887
vt 0.959973037 0.890218735
vt 0.8004901 0.910191655
vt 0.8131428 0.9255986
vt 0.9041374 0.807350159
vt 0.882757843 0.8069629
vt 0.8355114 0.775014162
vt 0.804645658 0.767077148
vt 0.7999414 0.7968024
vt 0.832237959 0.8063903
vt 0.9080813 0.7765075
vt 0.881454945 0.776262939
vt 0.850024 0.8068283
vt 0.854731 0.776471436
vt 0.927389562 0.8075083
vt 0.930269063 0.7771619
vt 0.957290769 0.8051014
vt 0.9561044 0.775185943
vt 0.8835565 0.6922067
vt 0.881705046 0.761707366
vt 0.9105421 0.7558485
vt 0.9088084 0.691994369
vt 0.932136536 0.75386107
vt 0.9358702 0.688624442
vt 0.854144931 0.7614214
vt 0.8541429 0.688254237
vt 0.95815146 0.758861
vt 0.9656766 0.6913303
vt 0.838137865 0.689177752
vt 0.835206866 0.7595057
vt 0.8041086 0.68309164
vt 0.8046605 0.751861334
vt 0.909324169 0.7657031
vt 0.9320223 0.764620841
vt 0.3533924 0.604874849
vt 0.338836879 0.573546946
vt 0.321813464 0.570990443
vt 0.3378559 0.6077192
vt 0.167748556 0.656409264
vt 0.27197662 0.652645051
vt 0.268081665 0.6097329
vt 0.167960733 0.6205465
vt 0.116419181 0.5450725
vt 0.110224769 0.574231863
vt 0.145423532 0.5786572
vt 0.1419988 0.54504627
vt 0.285143435 0.5450725
vt 0.241835833 0.5450725
vt 0.248086929 0.57525456
vt 0.280935138 0.5730645
vt 0.277696669 0.7181038
vt 0.268336 0.772233665
vt 0.30723238 0.7675688
vt 0.315728277 0.712304056
vt 0.168891162 0.774967432
vt 0.1837037 0.719675541
vt 0.37473622 0.7407896
vt 0.356193662 0.7049523
vt 0.349288851 0.763449252
vt 0.338091433 0.77001965
vt 0.3339136 0.7096604
vt 0.12841709 0.7724612
vt 0.1302991 0.7184672
vt 0.0942591652 0.720625
vt 0.0884218439 0.745339
vt 0.146344721 0.678247631
vt 0.10505 0.6629376
vt 0.165981442 0.6634025
vt 0.273080558 0.6694081
vt 0.149267614 0.6626831
vt 0.289416254 0.611388445
vt 0.293287456 0.6526314
vt 0.341368973 0.6494997
vt 0.105868489 0.6500905
vt 0.151034787 0.6546711
vt 0.148465618 0.615163
vt 0.09912777 0.6079715
vt 0.294504285 0.667988658
vt 0.34164986 0.6625335
vt 0.165730387 0.6808456
vt 0.728813231 0.5925575
vt 0.7207553 0.63168335
vt 0.7538087 0.60611856
vt 0.6416003 0.06910342
vt 0.715084553 0.06541669
vt 0.6447255 0.0566875339
vt 0.628634751 0.5712403
vt 0.6271659 0.622702956
vt 0.83109206 0.101198494
vt 0.7713389 0.08550286
vt 0.9109124 0.935967565
vt 0.8799844 0.937612
vt 0.938670754 0.9205954
vt 0.845960259 0.937209666
vt 0.83109206 0.101198494
vt 0.8439592 0.141762972
vt 0.877221644 0.1572833
vt 0.877221644 0.1572833
vt 0.8666285 0.117786407
vt 0.83109206 0.101198494
vt 0.6416003 0.06910342
vt 0.6179038 0.07372606
vt 0.618655443 0.09432793
vt 0.618655443 0.09432793
vt 0.6544559 0.09906602
vt 0.6416003 0.06910342
vt 0.5627265 0.07750666
vt 0.5740374 0.09851438
vt 0.618655443 0.09432793
vt 0.618655443 0.09432793
vt 0.6179038 0.07372606
vt 0.5627265 0.07750666
vt 0.7442016 0.629291058
vt 0.5524577 0.471713245
vt 0.5380961 0.513566
vt 0.8561196 0.257283926
vt 0.352182329 0.6481745
vt 0.353278935 0.660580039
vt 0.180783778 0.58006835
vt 0.313277453 0.5450725
vt 0.3280877 0.546292841
vt 0.176896274 0.5450725
vt 0.3527391 0.8196227
vt 0.4090237 0.8794997
vt 0.350477755 0.8739418
vt 0.407475531 0.9301424
vt 0.351073921 0.9244764
vt 0.07695955 0.969159365
vt 0.0275770724 0.939843535
vt 0.08340332 0.934051156
vt 0.085329324 0.8832338
vt 0.0194010362 0.8902314
vt 0.08636996 0.831873238
vt 0.279183924 0.9202856
vt 0.278533816 0.86894083
vt 0.278572321 0.814133465
vt 0.216346979 0.9208745
vt 0.154029518 0.9266281
vt 0.1531722 0.875543
vt 0.215032816 0.869716644
vt 0.212024748 0.8143987
vt 0.148168981 0.8216477
vt 0.388510257 0.9648757
vt 0.285933316 0.981856763
vt 0.2188533 0.984442055
vt 0.153094813 0.981920838
vt 0.3527391 0.8196227
vt 0.4090237 0.8794997
vt 0.350477755 0.8739418
vt 0.407475531 0.9301424
vt 0.351073921 0.9244764
vt 0.07695955 0.969159365
vt 0.0275770724 0.939843535
vt 0.08340332 0.934051156
vt 0.085329324 0.8832338
vt 0.0194010362 0.8902314
vt 0.08636996 0.831873238
vt 0.279183924 0.9202856
vt 0.278533816 0.86894083
vt 0.278572321 0.814133465
vt 0.216346979 0.9208745
vt 0.154029518 0.9266281
vt 0.1531722 0.875543
vt 0.215032816 0.869716644
vt 0.212024748 0.8143987
vt 0.148168981 0.8216477
vt 0.388510257 0.9648757
vt 0.285933316 0.981856763
vt 0.2188533 0.984442055
vt 0.153094813 0.981920838
vt 0.3527391 0.8196227
vt 0.4090237 0.8794997
vt 0.350477755 0.8739418
vt 0.407475531 0.9301424
vt 0.351073921 0.9244764
vt 0.07695955 0.969159365
vt 0.0275770724 0.939843535
vt 0.08340332 0.934051156
vt 0.085329324 0.8832338
vt 0.0194010362 0.8902314
vt 0.08689579 0.8310475
vt 0.279183924 0.9202856
vt 0.278533816 0.86894083
vt 0.278572321 0.814133465
vt 0.216346979 0.9208745
vt 0.154029518 0.9266281
vt 0.1531722 0.875543
vt 0.215032816 0.869716644
vt 0.212024748 0.8143987
vt 0.148168981 0.8216477
vt 0.08584413 0.832699
vt 0.388510257 0.9648757
vt 0.285933316 0.981856763
vt 0.2188533 0.984442055
vt 0.153094813 0.981920838
vt 0.3527391 0.8196227
vt 0.350477755 0.8739418
vt 0.4090237 0.8794997
vt 0.407475531 0.9301424
vt 0.351073921 0.9244764
vt 0.07695955 0.969159365
vt 0.08340332 0.934051156
vt 0.0275770724 0.939843535
vt 0.085329324 0.8832338
vt 0.08636996 0.831873238
vt 0.0194010362 0.8902314
vt 0.278533816 0.86894083
vt 0.279183924 0.9202856
vt 0.278572321 0.814133465
vt 0.216346979 0.9208745
vt 0.215032816 0.869716644
vt 0.1531722 0.875543
vt 0.154029518 0.9266281
vt 0.212024748 0.8143987
vt 0.148168981 0.8216477
vt 0.388510257 0.9648757
vt 0.285933316 0.981856763
vt 0.2188533 0.984442055
vt 0.153094813 0.981920838
vt 0.3527391 0.8196227
vt 0.350477755 0.8739418
vt 0.4090237 0.8794997
vt 0.407475531 0.9301424
vt 0.351073921 0.9244764
vt 0.07695955 0.969159365
vt 0.08340332 0.934051156
vt 0.0275770724 0.939843535
vt 0.085329324 0.8832338
vt 0.08636996 0.831873238
vt 0.0194010362 0.8902314
vt 0.278533816 0.86894083
vt 0.279183924 0.9202856
vt 0.278572321 0.814133465
vt 0.216346979 0.9208745
vt 0.215032816 0.869716644
vt 0.1531722 0.875543
vt 0.154029518 0.9266281
vt 0.212024748 0.8143987
vt 0.148168981 0.8216477
vt 0.388510257 0.9648757
vt 0.285933316 0.981856763
vt 0.2188533 0.984442055
vt 0.153094813 0.981920838
vt 0.3527391 0.8196227
vt 0.350477755 0.8739418
vt 0.4090237 0.8794997
vt 0.407475531 0.9301424
vt 0.351073921 0.9244764
vt 0.07695955 0.969159365
vt 0.08340332 0.934051156
vt 0.0275770724 0.939843535
vt 0.085329324 0.8832338
vt 0.08689579 0.8310475
vt 0.0194010362 0.8902314
vt 0.278533816 0.86894083
vt 0.279183924 0.9202856
vt 0.278572321 0.814133465
vt 0.216346979 0.9208745
vt 0.215032816 0.869716644
vt 0.1531722 0.875543
vt 0.154029518 0.9266281
vt 0.212024748 0.8143987
vt 0.148168981 0.8216477
vt 0.08584413 0.832699
vt 0.388510257 0.9648757
vt 0.285933316 0.981856763
vt 0.2188533 0.984442055
vt 0.153094813 0.981920838
vt 0.5825486 0.5895467
vt 0.656796634 0.6648218
vt 0.5825486 0.7960595
vt 0.5825486 0.8986099
vt 0.6871 0.830927968
vt 0.621834159 0.939172268
vt 0.70874083 0.925222337
vt 0.6771749 0.969397
vt 0.641495764 0.9671081
vt 0.6059799 0.8882569
vt 0.5825486 0.843823254
vt 0.618811846 0.8616676
vt 0.5825486 0.9334724
vt 0.600708067 0.875336349
vt 0.6175839 0.936766446
vt 0.5825486 0.7559544
vt 0.5825486 0.672823548
vt 0.615859568 0.708775938
vt 0.6152888 0.7905375
vt 0.5825486 0.7574003
vt 0.61577636 0.80040735
vt 0.648913443 0.9695355
vt 0.6989248 0.9466318
vt 0.621834159 0.939172268
vt 0.609054267 0.8852747
vt 0.5825486 0.843823254
vt 0.5825486 0.886797667
vt 0.6097381 0.784621954
vt 0.5825486 0.7574003
vt 0.5825486 0.9934931
vt 0.59836024 0.992989957
vt 0.5825486 0.9378631
vt 0.5825486 0.741148055
vt 0.615859568 0.708775938
vt 0.5825486 0.672823548
vt 0.618811846 0.8616676
vt 0.61577636 0.80040735
vt 0.6152888 0.7905375
vt 0.5825486 0.7559544
vt 0.6175839 0.936766446
vt 0.600708067 0.875336349
vt 0.5825486 0.8752638
vt 0.656796634 0.6648218
vt 0.5825486 0.5895467
vt 0.5825486 0.8332692
vt 0.6908761 0.8394255
vt 0.5825486 0.8986099
vt 0.6770589 0.969253361
vt 0.707811654 0.888268
vt 0.7088752 0.8780068
vt 0.59836024 0.992989957
vt 0.5825486 0.8752638
vt 0.5825486 0.9934931
vt 0.656796634 0.6648218
vt 0.621834159 0.939172268
vt 0.6871 0.830927968
vt 0.641495764 0.9671081
vt 0.6771749 0.969397
vt 0.70874083 0.925222337
vt 0.618811846 0.8616676
vt 0.6175839 0.936766446
vt 0.600708067 0.875336349
vt 0.6152888 0.7905375
vt 0.615859568 0.708775938
vt 0.61577636 0.80040735
vt 0.648913443 0.9695355
vt 0.621834159 0.939172268
vt 0.6989248 0.9466318
vt 0.609054267 0.8852747
vt 0.6097381 0.784621954
vt 0.59836024 0.992989957
vt 0.615859568 0.708775938
vt 0.618811846 0.8616676
vt 0.61577636 0.80040735
vt 0.6152888 0.7905375
vt 0.6175839 0.936766446
vt 0.600708067 0.875336349
vt 0.656796634 0.6648218
vt 0.6908761 0.8394255
vt 0.6770589 0.969253361
vt 0.707811654 0.888268
vt 0.7088752 0.8780068
vt 0.59836024 0.992989957
vt 0.6271659 0.622702956
vt 0.64797467 0.6243377
vt 0.6271659 0.622702956
vt 0.6687834 0.6259724
vt 0.64797467 0.6243377
vt 0.6687834 0.6259724
vt 0.6271659 0.622702956
vt 0.64797467 0.6243377
vt 0.64797467 0.6243377
vt 0.64797467 0.6243377
vt 0.6271659 0.622702956
vt 0.6271659 0.622702956
vt 0.6687834 0.6259724
vt 0.64797467 0.6243377
vt 0.64797467 0.6243377
vt 0.64797467 0.6243377
vt 0.6687834 0.6259724
vt 0.6687834 0.6259724
vt 0.6687834 0.6259724
vt 0.6687834 0.6259724
vt 0.64797467 0.6243377
vt 0.64797467 0.6243377
vt 0.64797467 0.6243377
vt 0.6687834 0.6259724
vt 0.6271659 0.622702956
vt 0.6271659 0.622702956
vt 0.64797467 0.6243377
vt 0.64797467 0.6243377
vt 0.64797467 0.6243377
vt 0.6271659 0.622702956
vt 0.6271659 0.622702956
vt 0.6687834 0.6259724
vt 0.64797467 0.6243377
vt 0.6687834 0.6259724
vt 0.6271659 0.622702956
vt 0.64797467 0.6243377
vt 0.6687834 0.6259724
vt 0.6687834 0.6259724
vt 0.64797467 0.6243377
vt 0.6271659 0.622702956
vt 0.6271659 0.622702956
vt 0.64797467 0.6243377
vt 0.185498908 0.946269035
vt 0.192417935 0.9429108
vt 0.192417935 0.86891526
vt 0.178579956 0.86891526
vt 0.178579956 0.9429108
vt 0.185498908 0.946269035
vt 0.199336886 0.946269035
vt 0.206255883 0.9429108
vt 0.206255883 0.86891526
vt 0.199336886 0.946269035
vt 0.213175148 0.946269035
vt 0.220094144 0.9429108
vt 0.220094144 0.86891526
vt 0.213175148 0.946269035
vt 0.06095697 0.946269035
vt 0.06787564 0.9429108
vt 0.06787564 0.86891526
vt 0.0540376976 0.86891526
vt 0.0540376976 0.9429108
vt 0.06095697 0.946269035
vt 0.07479465 0.946269035
vt 0.0817139 0.9429108
vt 0.0817139 0.86891526
vt 0.07479465 0.946269035
vt 0.08863289 0.946269035
vt 0.09555186 0.9429108
vt 0.09555186 0.86891526
vt 0.08863289 0.946269035
vt 0.102470875 0.946269035
vt 0.109389856 0.9429108
vt 0.109389856 0.86891526
vt 0.102470875 0.946269035
vt 0.116308808 0.946269035
vt 0.1232281 0.9429108
vt 0.1232281 0.86891526
vt 0.116308808 0.946269035
vt 0.130146772 0.946269035
vt 0.1370658 0.9429108
vt 0.1370658 0.86891526
vt 0.130146772 0.946269035
vt 0.143984765 0.946269035
vt 0.150903746 0.9429108
vt 0.150903746 0.86891526
vt 0.143984765 0.946269035
vt 0.157823011 0.946269035
vt 0.164741948 0.9429108
vt 0.164741948 0.86891526
vt 0.157823011 0.946269035
vt 0.171661228 0.946269035
vt 0.171661228 0.946269035
vt -0.424905181 -1.100451
vt -0.357917666 -0.850451
vt -0.424904943 -0.600451
vt -0.6079174 -0.417438269
vt -0.8579178 -0.350450754
vt -1.10791779 -0.41743803
vt -1.29093051 -0.600450754
vt -1.35791779 -0.850450754
vt -1.29093051 -1.10045075
vt -1.10791779 -1.28346348
vt -0.8579178 -1.35045075
vt -0.6079178 -1.28346348
vt 0.0270578749 2.000174
vt 0.243564174 2.125174
vt 0.243564233 2.125174
vt 0.493564337 2.12517381
vt 0.493564337 2.12517381
vt 0.7100708 2.00017357
vt 0.7100708 2.00017357
vt 0.83507067 1.78366733
vt 0.83507067 1.78366733
vt 0.83507055 1.53366745
vt 0.8350706 1.53366733
vt 0.71007055 1.31716108
vt 0.7100705 1.31716108
vt 0.493564159 1.1921612
vt 0.493564159 1.1921612
vt 0.2435642 1.1921612
vt 0.243564233 1.1921612
vt 0.02705786 1.3171612
vt 0.0270578749 1.3171612
vt -0.09794213 1.53366756
vt -0.09794213 1.53366756
vt -0.09794213 1.78366756
vt -0.09794213 1.78366756
vt 0.0270578749 2.000174
vt 0.2556966 0.9424593
vt 0.3088178 0.9349378
vt 0.248877347 0.8483139
vt 0.264442027 0.9424593
vt 0.317563236 0.9349379
vt 0.257622778 0.8483139
vt 0.273187518 0.9424593
vt 0.326308727 0.9349379
vt 0.26636833 0.8483139
vt 0.17698735 0.9424593
vt 0.230108559 0.9349379
vt 0.1701681 0.8483139
vt 0.185732782 0.9424593
vt 0.238854051 0.9349379
vt 0.178913534 0.8483139
vt 0.194478333 0.9424593
vt 0.247599542 0.9349379
vt 0.187659085 0.8483139
vt 0.203223765 0.9424593
vt 0.256344974 0.9349379
vt 0.196404517 0.8483139
vt 0.2119692 0.9424593
vt 0.2650904 0.9349379
vt 0.205150008 0.8483139
vt 0.220714688 0.9424593
vt 0.273835957 0.9349379
vt 0.21389544 0.8483139
vt 0.22946018 0.9424593
vt 0.2825814 0.9349379
vt 0.222640932 0.8483139
vt 0.238205612 0.9424593
vt 0.291326821 0.9349379
vt 0.231386364 0.8483139
vt 0.2469511 0.9424593
vt 0.300072372 0.9349378
vt 0.2401318 0.8483139
vt 0.162531823 0.9531786
vt 0.167852849 0.939364433
vt 0.167852849 0.86180526
vt 0.157210827 0.86180526
vt 0.157210827 0.939364433
vt 0.162531823 0.9531786
vt 0.1731739 0.9531786
vt 0.17849493 0.939364433
vt 0.17849493 0.86180526
vt 0.1731739 0.9531786
vt 0.183815926 0.9531786
vt 0.189136922 0.939364433
vt 0.189136922 0.86180526
vt 0.183815926 0.9531786
vt 0.06675349 0.9531786
vt 0.0720744953 0.939364433
vt 0.0720744953 0.86180526
vt 0.06143249 0.86180526
vt 0.06143249 0.939364433
vt 0.06675349 0.9531786
vt 0.07739554 0.9531786
vt 0.08271655 0.939364433
vt 0.08271655 0.86180526
vt 0.07739554 0.9531786
vt 0.08803754 0.9531786
vt 0.0933586 0.939364433
vt 0.0933586 0.86180526
vt 0.08803754 0.9531786
vt 0.0986795947 0.9531786
vt 0.104000635 0.939364433
vt 0.104000635 0.86180526
vt 0.0986795947 0.9531786
vt 0.109321646 0.9531786
vt 0.114642642 0.939364433
vt 0.114642642 0.86180526
vt 0.109321646 0.9531786
vt 0.1199637 0.9531786
vt 0.1252847 0.939364433
vt 0.1252847 0.86180526
vt 0.1199637 0.9531786
vt 0.1306057 0.9531786
vt 0.135926723 0.939364433
vt 0.135926723 0.86180526
vt 0.1306057 0.9531786
vt 0.141247749 0.9531786
vt 0.146568745 0.939364433
vt 0.146568745 0.86180526
vt 0.141247749 0.9531786
vt 0.151889831 0.9531786
vt 0.151889831 0.9531786
vt 0.159129277 0.867385864
vt 0.162594661 0.8912116
vt 0.159129292 0.9150374
vt 0.14966166 0.9324789
vt 0.136728615 0.938863039
vt 0.1237956 0.9324789
vt 0.114327967 0.9150374
vt 0.110862583 0.8912116
vt 0.114327967 0.867385864
vt 0.1237956 0.849944234
vt 0.136728615 0.8435601
vt 0.149661645 0.849944234
vt 0.119061768 0.923758149
vt 0.1302621 0.935671
vt 0.1302621 0.935671
vt 0.143195122 0.935671
vt 0.143195122 0.935671
vt 0.154395461 0.923758149
vt 0.154395461 0.923758149
vt 0.160861984 0.903124452
vt 0.160861984 0.903124452
vt 0.160861969 0.8792987
vt 0.160861969 0.8792987
vt 0.154395461 0.8586651
vt 0.154395461 0.8586651
vt 0.143195122 0.846752167
vt 0.143195122 0.846752167
vt 0.1302621 0.846752167
vt 0.1302621 0.846752167
vt 0.119061783 0.8586651
vt 0.119061783 0.8586651
vt 0.112595268 0.8792987
vt 0.112595268 0.8792987
vt 0.112595268 0.903124452
vt 0.112595268 0.903124452
vt 0.119061768 0.923758149
vt 0.148601562 0.9531383
vt 0.175527692 0.9388631
vt 0.146155715 0.891651332
vt 0.152912572 0.9531383
vt 0.1798387 0.9388631
vt 0.15046671 0.891651332
vt 0.157223582 0.9531383
vt 0.184149712 0.9388631
vt 0.154777721 0.891651332
vt 0.109802492 0.9531383
vt 0.136728615 0.938863039
vt 0.107356623 0.891651332
vt 0.11411351 0.9531383
vt 0.141039625 0.9388631
vt 0.111667648 0.891651332
vt 0.118424505 0.9531383
vt 0.14535065 0.9388631
vt 0.115978643 0.891651332
vt 0.1227355 0.9531383
vt 0.149661645 0.938863039
vt 0.120289639 0.891651332
vt 0.127046525 0.9531383
vt 0.153972641 0.9388631
vt 0.124600679 0.891651332
vt 0.131357521 0.9531383
vt 0.158283666 0.938863039
vt 0.128911659 0.891651332
vt 0.135668531 0.9531383
vt 0.162594661 0.938863039
vt 0.133222669 0.891651332
vt 0.139979541 0.9531383
vt 0.166905671 0.9388631
vt 0.1375337 0.891651332
vt 0.144290537 0.9531383
vt 0.171216682 0.9388631
vt 0.141844675 0.891651332
vt 0.09631933 0.78616935
vt 0.129667938 0.723778069
vt 0.09631933 0.723778069
vt 0.129667938 0.78616935
vt 0.163016543 0.723778069
vt 0.163016543 0.78616935
vt 0.196365148 0.723778069
vt 0.196365148 0.78616935
vt 0.229713768 0.723778069
vt 0.229713768 0.78616935
vt 0.263062358 0.723778069
vt 0.263062358 0.78616935
vt 0.296410978 0.723778069
vt 0.296410978 0.78616935
vt 0.329759538 0.723778069
vt 0.329759538 0.78616935
vt 0.363108158 0.723778069
vt 0.129667938 0.661386669
vt 0.09631933 0.661386669
vt 0.163016543 0.661386669
vt 0.196365148 0.661386669
vt 0.229713768 0.661386669
vt 0.263062358 0.661386669
vt 0.296410978 0.661386669
vt 0.329759538 0.661386669
vt 0.363108158 0.661386669
vt 0.129667938 0.598995268
vt 0.09631933 0.598995268
vt 0.163016543 0.598995268
vt 0.196365148 0.598995268
vt 0.229713768 0.598995268
vt 0.263062358 0.598995268
vt 0.296410978 0.598995268
vt 0.329759538 0.598995268
vt 0.363108158 0.598995268
vt 0.09631933 0.5366039
vt 0.129667938 0.5366039
vt 0.163016543 0.5366039
vt 0.196365148 0.5366039
vt 0.229713768 0.5366039
vt 0.263062358 0.5366039
vt 0.296410978 0.5366039
vt 0.329759538 0.5366039
vt 0.21087414 0.561646163
vt 0.21087414 0.5182466
vt 0.204031765 0.5182466
vt 0.204031765 0.561646163
vt 0.217716575 0.561646163
vt 0.217716575 0.5182466
vt 0.224558949 0.561646163
vt 0.224558949 0.5182466
vt 0.231401324 0.561646163
vt 0.231401324 0.5182466
vt 0.2382437 0.561646163
vt 0.2382437 0.5182466
vt 0.245086133 0.561646163
vt 0.245086133 0.5182466
vt 0.2519285 0.561646163
vt 0.2519285 0.5182466
vt 0.09455353 0.561646163
vt 0.09455353 0.5182466
vt 0.0877111256 0.5182466
vt 0.0877111256 0.561646163
vt 0.101395905 0.561646163
vt 0.101395905 0.5182466
vt 0.10823831 0.561646163
vt 0.10823831 0.5182466
vt 0.115080684 0.561646163
vt 0.115080684 0.5182466
vt 0.121923089 0.561646163
vt 0.121923089 0.5182466
vt 0.128765464 0.561646163
vt 0.128765464 0.5182466
vt 0.135607839 0.561646163
vt 0.135607868 0.5182466
vt 0.142450243 0.561646163
vt 0.142450243 0.5182466
vt 0.149292648 0.561646163
vt 0.149292648 0.5182466
vt 0.156135023 0.561646163
vt 0.156135023 0.5182466
vt 0.1629774 0.561646163
vt 0.1629774 0.5182466
vt 0.169819772 0.561646163
vt 0.169819772 0.5182466
vt 0.1766622 0.561646163
vt 0.1766622 0.5182466
vt 0.183504581 0.561646163
vt 0.183504581 0.5182466
vt 0.190346956 0.561646163
vt 0.190346956 0.5182466
vt 0.197189391 0.561646163
vt 0.197189391 0.5182466
vt 0.21087414 0.6050456
vt 0.204031765 0.6050456
vt 0.217716575 0.6050456
vt 0.224558949 0.6050456
vt 0.231401324 0.6050456
vt 0.2382437 0.6050456
vt 0.245086133 0.6050456
vt 0.2519285 0.6050456
vt 0.09455353 0.6050456
vt 0.0877111256 0.6050456
vt 0.101395905 0.6050456
vt 0.10823831 0.6050456
vt 0.115080684 0.6050456
vt 0.121923089 0.6050456
vt 0.128765464 0.6050456
vt 0.135607839 0.6050456
vt 0.142450243 0.6050456
vt 0.149292648 0.6050456
vt 0.156135023 0.6050456
vt 0.1629774 0.6050456
vt 0.169819772 0.6050456
vt 0.1766622 0.6050456
vt 0.183504581 0.6050456
vt 0.190346956 0.6050456
vt 0.197189391 0.6050456
vt 0.21087414 0.6484452
vt 0.204031765 0.6484452
vt 0.217716575 0.6484452
vt 0.224558949 0.6484452
vt 0.231401324 0.6484452
vt 0.2382437 0.6484452
vt 0.245086133 0.6484452
vt 0.2519285 0.6484452
vt 0.09455353 0.6484452
vt 0.0877111256 0.6484452
vt 0.101395905 0.6484452
vt 0.10823831 0.6484452
vt 0.115080684 0.6484452
vt 0.121923089 0.6484452
vt 0.128765464 0.6484452
vt 0.135607868 0.6484452
vt 0.142450243 0.6484452
vt 0.149292648 0.6484452
vt 0.156135023 0.6484452
vt 0.1629774 0.6484452
vt 0.169819772 0.6484452
vt 0.1766622 0.6484452
vt 0.183504581 0.6484452
vt 0.190346956 0.6484452
vt 0.197189391 0.6484452
vt 0.21087414 0.691844642
vt 0.204031765 0.691844642
vt 0.217716575 0.691844642
vt 0.224558949 0.691844642
vt 0.231401324 0.691844642
vt 0.2382437 0.691844642
vt 0.245086133 0.691844642
vt 0.2519285 0.691844642
vt 0.09455353 0.691844642
vt 0.0877111256 0.691844642
vt 0.101395905 0.691844642
vt 0.10823831 0.691844642
vt 0.115080684 0.691844642
vt 0.121923089 0.691844642
vt 0.128765464 0.691844642
vt 0.135607868 0.691844642
vt 0.142450243 0.691844642
vt 0.149292648 0.691844642
vt 0.156135023 0.691844642
vt 0.1629774 0.691844642
vt 0.169819772 0.691844642
vt 0.1766622 0.691844642
vt 0.183504581 0.691844642
vt 0.190346956 0.691844642
vt 0.197189391 0.691844642
vt 0.1629774 0.7352441
vt 0.1629774 0.7352441
vt 0.1629774 0.7352441
vt 0.1629774 0.7352441
vt 0.1629774 0.7352441
vt 0.1629774 0.7352441
vt 0.1629774 0.7352441
vt 0.3271948 0.7352441
vt 0.3271948 0.7352441
vt 0.1629774 0.7352441
vt 0.1629774 0.7352441
vt 0.1629774 0.7352441
vt 0.1629774 0.7352441
vt 0.1629774 0.7352441
vt 0.1629774 0.7352441
vt 0.1629774 0.7352441
vt 0.1629774 0.7352441
vt 0.1629774 0.7352441
vt 0.1629774 0.7352441
vt 0.1629774 0.7352441
vt 0.1629774 0.7352441
vt 0.1629774 0.7352441
vt 0.1629774 0.7352441
vt 0.1629774 0.7352441
vt 0.1629774 0.7352441
vt 0.1629774 0.7352441
vt 0.490875334 0.727746248
vt 0.453357667 0.7780786
vt 0.404463828 0.8167
vt 0.3475258 0.8409784
vt 0.2864235 0.8492594
vt 0.225321323 0.8409784
vt 0.1683832 0.816700041
vt 0.119489282 0.7780787
vt 0.08197169 0.727746367
vt 0.058387123 0.6691332
vt 0.0503428951 0.6062335
vt 0.058387123 0.543333769
vt 0.08197169 0.4847206
vt 0.119489282 0.43438834
vt 0.168383136 0.395767033
vt 0.225321263 0.371488631
vt 0.286423445 0.3632077
vt 0.347525537 0.371488571
vt 0.4044637 0.3957669
vt 0.453357548 0.43438822
vt 0.4908752 0.484720528
vt 0.5144597 0.5433337
vt 0.522504151 0.606233358
vt 0.514459848 0.669133067
vt 0.1629774 0.7352441
vt 0.21087414 0.561646163
vt 0.21087414 0.5182466
vt 0.204031765 0.5182466
vt 0.204031765 0.561646163
vt 0.217716575 0.561646163
vt 0.217716575 0.5182466
vt 0.224558949 0.561646163
vt 0.224558949 0.5182466
vt 0.231401324 0.561646163
vt 0.231401324 0.5182466
vt 0.2382437 0.561646163
vt 0.2382437 0.5182466
vt 0.245086133 0.561646163
vt 0.245086133 0.5182466
vt 0.2519285 0.561646163
vt 0.2519285 0.5182466
vt 0.09455353 0.561646163
vt 0.09455353 0.5182466
vt 0.0877111256 0.5182466
vt 0.0877111256 0.561646163
vt 0.101395905 0.561646163
vt 0.101395905 0.5182466
vt 0.10823831 0.561646163
vt 0.10823831 0.5182466
vt 0.115080684 0.561646163
vt 0.115080684 0.5182466
vt 0.121923089 0.561646163
vt 0.121923089 0.5182466
vt 0.128765464 0.561646163
vt 0.128765464 0.5182466
vt 0.135607839 0.561646163
vt 0.135607868 0.5182466
vt 0.142450243 0.561646163
vt 0.142450243 0.5182466
vt 0.149292648 0.561646163
vt 0.149292648 0.5182466
vt 0.156135023 0.561646163
vt 0.156135023 0.5182466
vt 0.1629774 0.561646163
vt 0.1629774 0.5182466
vt 0.169819772 0.561646163
vt 0.169819772 0.5182466
vt 0.1766622 0.561646163
vt 0.1766622 0.5182466
vt 0.183504581 0.561646163
vt 0.183504581 0.5182466
vt 0.190346956 0.561646163
vt 0.190346956 0.5182466
vt 0.197189391 0.561646163
vt 0.197189391 0.5182466
vt 0.21087414 0.6050456
vt 0.204031765 0.6050456
vt 0.217716575 0.6050456
vt 0.224558949 0.6050456
vt 0.231401324 0.6050456
vt 0.2382437 0.6050456
vt 0.245086133 0.6050456
vt 0.2519285 0.6050456
vt 0.09455353 0.6050456
vt 0.0877111256 0.6050456
vt 0.101395905 0.6050456
vt 0.10823831 0.6050456
vt 0.115080684 0.6050456
vt 0.121923089 0.6050456
vt 0.128765464 0.6050456
vt 0.135607839 0.6050456
vt 0.142450243 0.6050456
vt 0.149292648 0.6050456
vt 0.156135023 0.6050456
vt 0.1629774 0.6050456
vt 0.169819772 0.6050456
vt 0.1766622 0.6050456
vt 0.183504581 0.6050456
vt 0.190346956 0.6050456
vt 0.197189391 0.6050456
vt 0.21087414 0.6484452
vt 0.204031765 0.6484452
vt 0.217716575 0.6484452
vt 0.224558949 0.6484452
vt 0.231401324 0.6484452
vt 0.2382437 0.6484452
vt 0.245086133 0.6484452
vt 0.2519285 0.6484452
vt 0.09455353 0.6484452
vt 0.0877111256 0.6484452
vt 0.101395905 0.6484452
vt 0.10823831 0.6484452
vt 0.115080684 0.6484452
vt 0.121923089 0.6484452
vt 0.128765464 0.6484452
vt 0.135607868 0.6484452
vt 0.142450243 0.6484452
vt 0.149292648 0.6484452
vt 0.156135023 0.6484452
vt 0.1629774 0.6484452
vt 0.169819772 0.6484452
vt 0.1766622 0.6484452
vt 0.183504581 0.6484452
vt 0.190346956 0.6484452
vt 0.197189391 0.6484452
vt 0.21087414 0.691844642
vt 0.204031765 0.691844642
vt 0.217716575 0.691844642
vt 0.224558949 0.691844642
vt 0.231401324 0.691844642
vt 0.2382437 0.691844642
vt 0.245086133 0.691844642
vt 0.2519285 0.691844642
vt 0.09455353 0.691844642
vt 0.0877111256 0.691844642
vt 0.101395905 0.691844642
vt 0.10823831 0.691844642
vt 0.115080684 0.691844642
vt 0.121923089 0.691844642
vt 0.128765464 0.691844642
vt 0.135607868 0.691844642
vt 0.142450243 0.691844642
vt 0.149292648 0.691844642
vt 0.156135023 0.691844642
vt 0.1629774 0.691844642
vt 0.169819772 0.691844642
vt 0.1766622 0.691844642
vt 0.183504581 0.691844642
vt 0.190346956 0.691844642
vt 0.197189391 0.691844642
vt 0.1629774 0.7352441
vt 0.1629774 0.7352441
vt 0.1629774 0.7352441
vt 0.1629774 0.7352441
vt 0.1629774 0.7352441
vt 0.1629774 0.7352441
vt 0.1629774 0.7352441
vt 0.3271948 0.7352441
vt 0.3271948 0.7352441
vt 0.1629774 0.7352441
vt 0.1629774 0.7352441
vt 0.1629774 0.7352441
vt 0.1629774 0.7352441
vt 0.1629774 0.7352441
vt 0.1629774 0.7352441
vt 0.1629774 0.7352441
vt 0.1629774 0.7352441
vt 0.1629774 0.7352441
vt 0.1629774 0.7352441
vt 0.1629774 0.7352441
vt 0.1629774 0.7352441
vt 0.1629774 0.7352441
vt 0.1629774 0.7352441
vt 0.1629774 0.7352441
vt 0.1629774 0.7352441
vt 0.1629774 0.7352441
vt 0.490875334 0.727746248
vt 0.453357667 0.7780786
vt 0.404463828 0.8167
vt 0.3475258 0.8409784
vt 0.2864235 0.8492594
vt 0.225321323 0.8409784
vt 0.1683832 0.816700041
vt 0.119489282 0.7780787
vt 0.08197169 0.727746367
vt 0.058387123 0.6691332
vt 0.0503428951 0.6062335
vt 0.058387123 0.543333769
vt 0.08197169 0.4847206
vt 0.119489282 0.43438834
vt 0.168383136 0.395767033
vt 0.225321263 0.371488631
vt 0.286423445 0.3632077
vt 0.347525537 0.371488571
vt 0.4044637 0.3957669
vt 0.453357548 0.43438822
vt 0.4908752 0.484720528
vt 0.5144597 0.5433337
vt 0.522504151 0.606233358
vt 0.514459848 0.669133067
vt 0.1629774 0.7352441
vt 0.21087414 0.561646163
vt 0.21087414 0.5182466
vt 0.204031765 0.5182466
vt 0.204031765 0.561646163
vt 0.217716575 0.561646163
vt 0.217716575 0.5182466
vt 0.224558949 0.561646163
vt 0.224558949 0.5182466
vt 0.231401324 0.561646163
vt 0.231401324 0.5182466
vt 0.2382437 0.561646163
vt 0.2382437 0.5182466
vt 0.245086133 0.561646163
vt 0.245086133 0.5182466
vt 0.2519285 0.561646163
vt 0.2519285 0.5182466
vt 0.09455353 0.561646163
vt 0.09455353 0.5182466
vt 0.0877111256 0.5182466
vt 0.0877111256 0.561646163
vt 0.101395905 0.561646163
vt 0.101395905 0.5182466
vt 0.10823831 0.561646163
vt 0.10823831 0.5182466
vt 0.115080684 0.561646163
vt 0.115080684 0.5182466
vt 0.121923089 0.561646163
vt 0.121923089 0.5182466
vt 0.128765464 0.561646163
vt 0.128765464 0.5182466
vt 0.135607839 0.561646163
vt 0.135607868 0.5182466
vt 0.142450243 0.561646163
vt 0.142450243 0.5182466
vt 0.149292648 0.561646163
vt 0.149292648 0.5182466
vt 0.156135023 0.561646163
vt 0.156135023 0.5182466
vt 0.1629774 0.561646163
vt 0.1629774 0.5182466
vt 0.169819772 0.561646163
vt 0.169819772 0.5182466
vt 0.1766622 0.561646163
vt 0.1766622 0.5182466
vt 0.183504581 0.561646163
vt 0.183504581 0.5182466
vt 0.190346956 0.561646163
vt 0.190346956 0.5182466
vt 0.197189391 0.561646163
vt 0.197189391 0.5182466
vt 0.21087414 0.6050456
vt 0.204031765 0.6050456
vt 0.217716575 0.6050456
vt 0.224558949 0.6050456
vt 0.231401324 0.6050456
vt 0.2382437 0.6050456
vt 0.245086133 0.6050456
vt 0.2519285 0.6050456
vt 0.09455353 0.6050456
vt 0.0877111256 0.6050456
vt 0.101395905 0.6050456
vt 0.10823831 0.6050456
vt 0.115080684 0.6050456
vt 0.121923089 0.6050456
vt 0.128765464 0.6050456
vt 0.135607839 0.6050456
vt 0.142450243 0.6050456
vt 0.149292648 0.6050456
vt 0.156135023 0.6050456
vt 0.1629774 0.6050456
vt 0.169819772 0.6050456
vt 0.1766622 0.6050456
vt 0.183504581 0.6050456
vt 0.190346956 0.6050456
vt 0.197189391 0.6050456
vt 0.21087414 0.6484452
vt 0.204031765 0.6484452
vt 0.217716575 0.6484452
vt 0.224558949 0.6484452
vt 0.231401324 0.6484452
vt 0.2382437 0.6484452
vt 0.245086133 0.6484452
vt 0.2519285 0.6484452
vt 0.09455353 0.6484452
vt 0.0877111256 0.6484452
vt 0.101395905 0.6484452
vt 0.10823831 0.6484452
vt 0.115080684 0.6484452
vt 0.121923089 0.6484452
vt 0.128765464 0.6484452
vt 0.135607868 0.6484452
vt 0.142450243 0.6484452
vt 0.149292648 0.6484452
vt 0.156135023 0.6484452
vt 0.1629774 0.6484452
vt 0.169819772 0.6484452
vt 0.1766622 0.6484452
vt 0.183504581 0.6484452
vt 0.190346956 0.6484452
vt 0.197189391 0.6484452
vt 0.205742389 0.713544369
vt 0.170960188 0.7030234
vt 0.490875334 0.727746248
vt 0.453357667 0.7780786
vt 0.404463828 0.8167
vt 0.3475258 0.8409784
vt 0.2864235 0.8492594
vt 0.225321323 0.8409784
vt 0.1683832 0.816700041
vt 0.119489282 0.7780787
vt 0.08197169 0.727746367
vt 0.058387123 0.6691332
vt 0.0503428951 0.6062335
vt 0.058387123 0.543333769
vt 0.08197169 0.4847206
vt 0.119489282 0.43438834
vt 0.168383136 0.395767033
vt 0.225321263 0.371488631
vt 0.286423445 0.3632077
vt 0.347525537 0.371488571
vt 0.4044637 0.3957669
vt 0.453357548 0.43438822
vt 0.4908752 0.484720528
vt 0.5144597 0.5433337
vt 0.522504151 0.606233358
vt 0.514459848 0.669133067
vt 0.185498908 0.946269035
vt 0.185498908 0.946269035
vt 0.178579956 0.9429108
vt 0.178579956 0.86891526
vt 0.192417935 0.86891526
vt 0.192417935 0.9429108
vt 0.199336886 0.946269035
vt 0.199336886 0.946269035
vt 0.206255883 0.86891526
vt 0.206255883 0.9429108
vt 0.213175148 0.946269035
vt 0.213175148 0.946269035
vt 0.220094144 0.86891526
vt 0.220094144 0.9429108
vt 0.06095697 0.946269035
vt 0.06095697 0.946269035
vt 0.0540376976 0.9429108
vt 0.0540376976 0.86891526
vt 0.06787564 0.86891526
vt 0.06787564 0.9429108
vt 0.07479465 0.946269035
vt 0.07479465 0.946269035
vt 0.0817139 0.86891526
vt 0.0817139 0.9429108
vt 0.08863289 0.946269035
vt 0.08863289 0.946269035
vt 0.09555186 0.86891526
vt 0.09555186 0.9429108
vt 0.102470875 0.946269035
vt 0.102470875 0.946269035
vt 0.109389856 0.86891526
vt 0.109389856 0.9429108
vt 0.116308808 0.946269035
vt 0.116308808 0.946269035
vt 0.1232281 0.86891526
vt 0.1232281 0.9429108
vt 0.130146772 0.946269035
vt 0.130146772 0.946269035
vt 0.1370658 0.86891526
vt 0.1370658 0.9429108
vt 0.143984765 0.946269035
vt 0.143984765 0.946269035
vt 0.150903746 0.86891526
vt 0.150903746 0.9429108
vt 0.157823011 0.946269035
vt 0.157823011 0.946269035
vt 0.164741948 0.86891526
vt 0.164741948 0.9429108
vt 0.171661228 0.946269035
vt 0.171661228 0.946269035
vt -1.29093051 -0.600450754
vt -1.10791779 -0.41743803
vt -0.8579178 -0.350450754
vt -0.6079174 -0.417438269
vt -0.424904943 -0.600451
vt -0.357917666 -0.850451
vt -0.424905181 -1.100451
vt -0.6079178 -1.28346348
vt -0.8579178 -1.35045075
vt -1.10791779 -1.28346348
vt -1.29093051 -1.10045075
vt -1.35791779 -0.850450754
vt 0.7100708 2.00017357
vt 0.7100708 2.00017357
vt 0.493564337 2.12517381
vt 0.493564337 2.12517381
vt 0.243564233 2.125174
vt 0.243564174 2.125174
vt 0.0270578749 2.000174
vt 0.0270578749 2.000174
vt -0.09794213 1.78366756
vt -0.09794213 1.78366756
vt -0.09794213 1.53366756
vt -0.09794213 1.53366756
vt 0.0270578749 1.3171612
vt 0.02705786 1.3171612
vt 0.243564233 1.1921612
vt 0.2435642 1.1921612
vt 0.493564159 1.1921612
vt 0.493564159 1.1921612
vt 0.7100705 1.31716108
vt 0.71007055 1.31716108
vt 0.8350706 1.53366733
vt 0.83507055 1.53366745
vt 0.83507067 1.78366733
vt 0.83507067 1.78366733
vt 0.2556966 0.9424593
vt 0.248877347 0.8483139
vt 0.3088178 0.9349378
vt 0.264442027 0.9424593
vt 0.257622778 0.8483139
vt 0.317563236 0.9349379
vt 0.273187518 0.9424593
vt 0.26636833 0.8483139
vt 0.326308727 0.9349379
vt 0.17698735 0.9424593
vt 0.1701681 0.8483139
vt 0.230108559 0.9349379
vt 0.185732782 0.9424593
vt 0.178913534 0.8483139
vt 0.238854051 0.9349379
vt 0.194478333 0.9424593
vt 0.187659085 0.8483139
vt 0.247599542 0.9349379
vt 0.203223765 0.9424593
vt 0.196404517 0.8483139
vt 0.256344974 0.9349379
vt 0.2119692 0.9424593
vt 0.205150008 0.8483139
vt 0.2650904 0.9349379
vt 0.220714688 0.9424593
vt 0.21389544 0.8483139
vt 0.273835957 0.9349379
vt 0.22946018 0.9424593
vt 0.222640932 0.8483139
vt 0.2825814 0.9349379
vt 0.238205612 0.9424593
vt 0.231386364 0.8483139
vt 0.291326821 0.9349379
vt 0.2469511 0.9424593
vt 0.2401318 0.8483139
vt 0.300072372 0.9349378
vt 0.162531823 0.9531786
vt 0.162531823 0.9531786
vt 0.157210827 0.939364433
vt 0.157210827 0.86180526
vt 0.167852849 0.86180526
vt 0.167852849 0.939364433
vt 0.1731739 0.9531786
vt 0.1731739 0.9531786
vt 0.17849493 0.86180526
vt 0.17849493 0.939364433
vt 0.183815926 0.9531786
vt 0.183815926 0.9531786
vt 0.189136922 0.86180526
vt 0.189136922 0.939364433
vt 0.06675349 0.9531786
vt 0.06675349 0.9531786
vt 0.06143249 0.939364433
vt 0.06143249 0.86180526
vt 0.0720744953 0.86180526
vt 0.0720744953 0.939364433
vt 0.07739554 0.9531786
vt 0.07739554 0.9531786
vt 0.08271655 0.86180526
vt 0.08271655 0.939364433
vt 0.08803754 0.9531786
vt 0.08803754 0.9531786
vt 0.0933586 0.86180526
vt 0.0933586 0.939364433
vt 0.0986795947 0.9531786
vt 0.0986795947 0.9531786
vt 0.104000635 0.86180526
vt 0.104000635 0.939364433
vt 0.109321646 0.9531786
vt 0.109321646 0.9531786
vt 0.114642642 0.86180526
vt 0.114642642 0.939364433
vt 0.1199637 0.9531786
vt 0.1199637 0.9531786
vt 0.1252847 0.86180526
vt 0.1252847 0.939364433
vt 0.1306057 0.9531786
vt 0.1306057 0.9531786
vt 0.135926723 0.86180526
vt 0.135926723 0.939364433
vt 0.141247749 0.9531786
vt 0.141247749 0.9531786
vt 0.146568745 0.86180526
vt 0.146568745 0.939364433
vt 0.151889831 0.9531786
vt 0.151889831 0.9531786
vt 0.114327967 0.9150374
vt 0.1237956 0.9324789
vt 0.136728615 0.938863039
vt 0.14966166 0.9324789
vt 0.159129292 0.9150374
vt 0.162594661 0.8912116
vt 0.159129277 0.867385864
vt 0.149661645 0.849944234
vt 0.136728615 0.8435601
vt 0.1237956 0.849944234
vt 0.114327967 0.867385864
vt 0.110862583 0.8912116
vt 0.154395461 0.923758149
vt 0.154395461 0.923758149
vt 0.143195122 0.935671
vt 0.143195122 0.935671
vt 0.1302621 0.935671
vt 0.1302621 0.935671
vt 0.119061768 0.923758149
vt 0.119061768 0.923758149
vt 0.112595268 0.903124452
vt 0.112595268 0.903124452
vt 0.112595268 0.8792987
vt 0.112595268 0.8792987
vt 0.119061783 0.8586651
vt 0.119061783 0.8586651
vt 0.1302621 0.846752167
vt 0.1302621 0.846752167
vt 0.143195122 0.846752167
vt 0.143195122 0.846752167
vt 0.154395461 0.8586651
vt 0.154395461 0.8586651
vt 0.160861969 0.8792987
vt 0.160861969 0.8792987
vt 0.160861984 0.903124452
vt 0.160861984 0.903124452
vt 0.148601562 0.9531383
vt 0.146155715 0.891651332
vt 0.175527692 0.9388631
vt 0.152912572 0.9531383
vt 0.15046671 0.891651332
vt 0.1798387 0.9388631
vt 0.157223582 0.9531383
vt 0.154777721 0.891651332
vt 0.184149712 0.9388631
vt 0.109802492 0.9531383
vt 0.107356623 0.891651332
vt 0.136728615 0.938863039
vt 0.11411351 0.9531383
vt 0.111667648 0.891651332
vt 0.141039625 0.9388631
vt 0.118424505 0.9531383
vt 0.115978643 0.891651332
vt 0.14535065 0.9388631
vt 0.1227355 0.9531383
vt 0.120289639 0.891651332
vt 0.149661645 0.938863039
vt 0.127046525 0.9531383
vt 0.124600679 0.891651332
vt 0.153972641 0.9388631
vt 0.131357521 0.9531383
vt 0.128911659 0.891651332
vt 0.158283666 0.938863039
vt 0.135668531 0.9531383
vt 0.133222669 0.891651332
vt 0.162594661 0.938863039
vt 0.139979541 0.9531383
vt 0.1375337 0.891651332
vt 0.166905671 0.9388631
vt 0.144290537 0.9531383
vt 0.141844675 0.891651332
vt 0.171216682 0.9388631
vt 0.09631933 0.78616935
vt 0.09631933 0.723778069
vt 0.129667938 0.723778069
vt 0.129667938 0.78616935
vt 0.163016543 0.723778069
vt 0.163016543 0.78616935
vt 0.196365148 0.723778069
vt 0.196365148 0.78616935
vt 0.229713768 0.723778069
vt 0.229713768 0.78616935
vt 0.263062358 0.723778069
vt 0.263062358 0.78616935
vt 0.296410978 0.723778069
vt 0.296410978 0.78616935
vt 0.329759538 0.723778069
vt 0.329759538 0.78616935
vt 0.363108158 0.723778069
vt 0.09631933 0.661386669
vt 0.129667938 0.661386669
vt 0.163016543 0.661386669
vt 0.196365148 0.661386669
vt 0.229713768 0.661386669
vt 0.263062358 0.661386669
vt 0.296410978 0.661386669
vt 0.329759538 0.661386669
vt 0.363108158 0.661386669
vt 0.09631933 0.598995268
vt 0.129667938 0.598995268
vt 0.163016543 0.598995268
vt 0.196365148 0.598995268
vt 0.229713768 0.598995268
vt 0.263062358 0.598995268
vt 0.296410978 0.598995268
vt 0.329759538 0.598995268
vt 0.363108158 0.598995268
vt 0.09631933 0.5366039
vt 0.129667938 0.5366039
vt 0.163016543 0.5366039
vt 0.196365148 0.5366039
vt 0.229713768 0.5366039
vt 0.263062358 0.5366039
vt 0.296410978 0.5366039
vt 0.329759538 0.5366039
vt 0.21087414 0.561646163
vt 0.204031765 0.561646163
vt 0.204031765 0.5182466
vt 0.21087414 0.5182466
vt 0.217716575 0.561646163
vt 0.217716575 0.5182466
vt 0.224558949 0.561646163
vt 0.224558949 0.5182466
vt 0.231401324 0.561646163
vt 0.231401324 0.5182466
vt 0.2382437 0.561646163
vt 0.2382437 0.5182466
vt 0.245086133 0.561646163
vt 0.245086133 0.5182466
vt 0.2519285 0.561646163
vt 0.2519285 0.5182466
vt 0.09455353 0.561646163
vt 0.0877111256 0.561646163
vt 0.0877111256 0.5182466
vt 0.09455353 0.5182466
vt 0.101395905 0.561646163
vt 0.101395905 0.5182466
vt 0.10823831 0.561646163
vt 0.10823831 0.5182466
vt 0.115080684 0.561646163
vt 0.115080684 0.5182466
vt 0.121923089 0.561646163
vt 0.121923089 0.5182466
vt 0.128765464 0.561646163
vt 0.128765464 0.5182466
vt 0.135607839 0.561646163
vt 0.135607868 0.5182466
vt 0.142450243 0.561646163
vt 0.142450243 0.5182466
vt 0.149292648 0.561646163
vt 0.149292648 0.5182466
vt 0.156135023 0.561646163
vt 0.156135023 0.5182466
vt 0.1629774 0.561646163
vt 0.1629774 0.5182466
vt 0.169819772 0.561646163
vt 0.169819772 0.5182466
vt 0.1766622 0.561646163
vt 0.1766622 0.5182466
vt 0.183504581 0.561646163
vt 0.183504581 0.5182466
vt 0.190346956 0.561646163
vt 0.190346956 0.5182466
vt 0.197189391 0.561646163
vt 0.197189391 0.5182466
vt 0.21087414 0.6050456
vt 0.204031765 0.6050456
vt 0.217716575 0.6050456
vt 0.224558949 0.6050456
vt 0.231401324 0.6050456
vt 0.2382437 0.6050456
vt 0.245086133 0.6050456
vt 0.2519285 0.6050456
vt 0.09455353 0.6050456
vt 0.0877111256 0.6050456
vt 0.101395905 0.6050456
vt 0.10823831 0.6050456
vt 0.115080684 0.6050456
vt 0.121923089 0.6050456
vt 0.128765464 0.6050456
vt 0.135607839 0.6050456
vt 0.142450243 0.6050456
vt 0.149292648 0.6050456
vt 0.156135023 0.6050456
vt 0.1629774 0.6050456
vt 0.169819772 0.6050456
vt 0.1766622 0.6050456
vt 0.183504581 0.6050456
vt 0.190346956 0.6050456
vt 0.197189391 0.6050456
vt 0.21087414 0.6484452
vt 0.204031765 0.6484452
vt 0.217716575 0.6484452
vt 0.224558949 0.6484452
vt 0.231401324 0.6484452
vt 0.2382437 0.6484452
vt 0.245086133 0.6484452
vt 0.2519285 0.6484452
vt 0.09455353 0.6484452
vt 0.0877111256 0.6484452
vt 0.101395905 0.6484452
vt 0.10823831 0.6484452
vt 0.115080684 0.6484452
vt 0.121923089 0.6484452
vt 0.128765464 0.6484452
vt 0.135607868 0.6484452
vt 0.142450243 0.6484452
vt 0.149292648 0.6484452
vt 0.156135023 0.6484452
vt 0.1629774 0.6484452
vt 0.169819772 0.6484452
vt 0.1766622 0.6484452
vt 0.183504581 0.6484452
vt 0.190346956 0.6484452
vt 0.197189391 0.6484452
vt 0.21087414 0.691844642
vt 0.204031765 0.691844642
vt 0.217716575 0.691844642
vt 0.224558949 0.691844642
vt 0.231401324 0.691844642
vt 0.2382437 0.691844642
vt 0.245086133 0.691844642
vt 0.2519285 0.691844642
vt 0.09455353 0.691844642
vt 0.0877111256 0.691844642
vt 0.101395905 0.691844642
vt 0.10823831 0.691844642
vt 0.115080684 0.691844642
vt 0.121923089 0.691844642
vt 0.128765464 0.691844642
vt 0.135607868 0.691844642
vt 0.142450243 0.691844642
vt 0.149292648 0.691844642
vt 0.156135023 0.691844642
vt 0.1629774 0.691844642
vt 0.169819772 0.691844642
vt 0.1766622 0.691844642
vt 0.183504581 0.691844642
vt 0.190346956 0.691844642
vt 0.197189391 0.691844642
vt 0.1629774 0.7352441
vt 0.1629774 0.7352441
vt 0.1629774 0.7352441
vt 0.1629774 0.7352441
vt 0.1629774 0.7352441
vt 0.1629774 0.7352441
vt 0.1629774 0.7352441
vt 0.3271948 0.7352441
vt 0.3271948 0.7352441
vt 0.1629774 0.7352441
vt 0.1629774 0.7352441
vt 0.1629774 0.7352441
vt 0.1629774 0.7352441
vt 0.1629774 0.7352441
vt 0.1629774 0.7352441
vt 0.1629774 0.7352441
vt 0.1629774 0.7352441
vt 0.1629774 0.7352441
vt 0.1629774 0.7352441
vt 0.1629774 0.7352441
vt 0.1629774 0.7352441
vt 0.1629774 0.7352441
vt 0.1629774 0.7352441
vt 0.1629774 0.7352441
vt 0.1629774 0.7352441
vt 0.1629774 0.7352441
vt 0.1683832 0.816700041
vt 0.225321323 0.8409784
vt 0.2864235 0.8492594
vt 0.3475258 0.8409784
vt 0.404463828 0.8167
vt 0.453357667 0.7780786
vt 0.490875334 0.727746248
vt 0.514459848 0.669133067
vt 0.522504151 0.606233358
vt 0.5144597 0.5433337
vt 0.4908752 0.484720528
vt 0.453357548 0.43438822
vt 0.4044637 0.3957669
vt 0.347525537 0.371488571
vt 0.286423445 0.3632077
vt 0.225321263 0.371488631
vt 0.168383136 0.395767033
vt 0.119489282 0.43438834
vt 0.08197169 0.4847206
vt 0.058387123 0.543333769
vt 0.0503428951 0.6062335
vt 0.058387123 0.6691332
vt 0.08197169 0.727746367
vt 0.119489282 0.7780787
vt 0.1629774 0.7352441
vt 0.21087414 0.561646163
vt 0.204031765 0.561646163
vt 0.204031765 0.5182466
vt 0.21087414 0.5182466
vt 0.217716575 0.561646163
vt 0.217716575 0.5182466
vt 0.224558949 0.561646163
vt 0.224558949 0.5182466
vt 0.231401324 0.561646163
vt 0.231401324 0.5182466
vt 0.2382437 0.561646163
vt 0.2382437 0.5182466
vt 0.245086133 0.561646163
vt 0.245086133 0.5182466
vt 0.2519285 0.561646163
vt 0.2519285 0.5182466
vt 0.09455353 0.561646163
vt 0.0877111256 0.561646163
vt 0.0877111256 0.5182466
vt 0.09455353 0.5182466
vt 0.101395905 0.561646163
vt 0.101395905 0.5182466
vt 0.10823831 0.561646163
vt 0.10823831 0.5182466
vt 0.115080684 0.561646163
vt 0.115080684 0.5182466
vt 0.121923089 0.561646163
vt 0.121923089 0.5182466
vt 0.128765464 0.561646163
vt 0.128765464 0.5182466
vt 0.135607839 0.561646163
vt 0.135607868 0.5182466
vt 0.142450243 0.561646163
vt 0.142450243 0.5182466
vt 0.149292648 0.561646163
vt 0.149292648 0.5182466
vt 0.156135023 0.561646163
vt 0.156135023 0.5182466
vt 0.1629774 0.561646163
vt 0.1629774 0.5182466
vt 0.169819772 0.561646163
vt 0.169819772 0.5182466
vt 0.1766622 0.561646163
vt 0.1766622 0.5182466
vt 0.183504581 0.561646163
vt 0.183504581 0.5182466
vt 0.190346956 0.561646163
vt 0.190346956 0.5182466
vt 0.197189391 0.561646163
vt 0.197189391 0.5182466
vt 0.21087414 0.6050456
vt 0.204031765 0.6050456
vt 0.217716575 0.6050456
vt 0.224558949 0.6050456
vt 0.231401324 0.6050456
vt 0.2382437 0.6050456
vt 0.245086133 0.6050456
vt 0.2519285 0.6050456
vt 0.09455353 0.6050456
vt 0.0877111256 0.6050456
vt 0.101395905 0.6050456
vt 0.10823831 0.6050456
vt 0.115080684 0.6050456
vt 0.121923089 0.6050456
vt 0.128765464 0.6050456
vt 0.135607839 0.6050456
vt 0.142450243 0.6050456
vt 0.149292648 0.6050456
vt 0.156135023 0.6050456
vt 0.1629774 0.6050456
vt 0.169819772 0.6050456
vt 0.1766622 0.6050456
vt 0.183504581 0.6050456
vt 0.190346956 0.6050456
vt 0.197189391 0.6050456
vt 0.21087414 0.6484452
vt 0.204031765 0.6484452
vt 0.217716575 0.6484452
vt 0.224558949 0.6484452
vt 0.231401324 0.6484452
vt 0.2382437 0.6484452
vt 0.245086133 0.6484452
vt 0.2519285 0.6484452
vt 0.09455353 0.6484452
vt 0.0877111256 0.6484452
vt 0.101395905 0.6484452
vt 0.10823831 0.6484452
vt 0.115080684 0.6484452
vt 0.121923089 0.6484452
vt 0.128765464 0.6484452
vt 0.135607868 0.6484452
vt 0.142450243 0.6484452
vt 0.149292648 0.6484452
vt 0.156135023 0.6484452
vt 0.1629774 0.6484452
vt 0.169819772 0.6484452
vt 0.1766622 0.6484452
vt 0.183504581 0.6484452
vt 0.190346956 0.6484452
vt 0.197189391 0.6484452
vt 0.21087414 0.691844642
vt 0.204031765 0.691844642
vt 0.217716575 0.691844642
vt 0.224558949 0.691844642
vt 0.231401324 0.691844642
vt 0.2382437 0.691844642
vt 0.245086133 0.691844642
vt 0.2519285 0.691844642
vt 0.09455353 0.691844642
vt 0.0877111256 0.691844642
vt 0.101395905 0.691844642
vt 0.10823831 0.691844642
vt 0.115080684 0.691844642
vt 0.121923089 0.691844642
vt 0.128765464 0.691844642
vt 0.135607868 0.691844642
vt 0.142450243 0.691844642
vt 0.149292648 0.691844642
vt 0.156135023 0.691844642
vt 0.1629774 0.691844642
vt 0.169819772 0.691844642
vt 0.1766622 0.691844642
vt 0.183504581 0.691844642
vt 0.190346956 0.691844642
vt 0.197189391 0.691844642
vt 0.1629774 0.7352441
vt 0.1629774 0.7352441
vt 0.1629774 0.7352441
vt 0.1629774 0.7352441
vt 0.1629774 0.7352441
vt 0.1629774 0.7352441
vt 0.1629774 0.7352441
vt 0.3271948 0.7352441
vt 0.3271948 0.7352441
vt 0.1629774 0.7352441
vt 0.1629774 0.7352441
vt 0.1629774 0.7352441
vt 0.1629774 0.7352441
vt 0.1629774 0.7352441
vt 0.1629774 0.7352441
vt 0.1629774 0.7352441
vt 0.1629774 0.7352441
vt 0.1629774 0.7352441
vt 0.1629774 0.7352441
vt 0.1629774 0.7352441
vt 0.1629774 0.7352441
vt 0.1629774 0.7352441
vt 0.1629774 0.7352441
vt 0.1629774 0.7352441
vt 0.1629774 0.7352441
vt 0.1629774 0.7352441
vt 0.1683832 0.816700041
vt 0.225321323 0.8409784
vt 0.2864235 0.8492594
vt 0.3475258 0.8409784
vt 0.404463828 0.8167
vt 0.453357667 0.7780786
vt 0.490875334 0.727746248
vt 0.514459848 0.669133067
vt 0.522504151 0.606233358
vt 0.5144597 0.5433337
vt 0.4908752 0.484720528
vt 0.453357548 0.43438822
vt 0.4044637 0.3957669
vt 0.347525537 0.371488571
vt 0.286423445 0.3632077
vt 0.225321263 0.371488631
vt 0.168383136 0.395767033
vt 0.119489282 0.43438834
vt 0.08197169 0.4847206
vt 0.058387123 0.543333769
vt 0.0503428951 0.6062335
vt 0.058387123 0.6691332
vt 0.08197169 0.727746367
vt 0.119489282 0.7780787
vt 0.1629774 0.7352441
vt 0.21087414 0.561646163
vt 0.204031765 0.561646163
vt 0.204031765 0.5182466
vt 0.21087414 0.5182466
vt 0.217716575 0.561646163
vt 0.217716575 0.5182466
vt 0.224558949 0.561646163
vt 0.224558949 0.5182466
vt 0.231401324 0.561646163
vt 0.231401324 0.5182466
vt 0.2382437 0.561646163
vt 0.2382437 0.5182466
vt 0.245086133 0.561646163
vt 0.245086133 0.5182466
vt 0.2519285 0.561646163
vt 0.2519285 0.5182466
vt 0.09455353 0.561646163
vt 0.0877111256 0.561646163
vt 0.0877111256 0.5182466
vt 0.09455353 0.5182466
vt 0.101395905 0.561646163
vt 0.101395905 0.5182466
vt 0.10823831 0.561646163
vt 0.10823831 0.5182466
vt 0.115080684 0.561646163
vt 0.115080684 0.5182466
vt 0.121923089 0.561646163
vt 0.121923089 0.5182466
vt 0.128765464 0.561646163
vt 0.128765464 0.5182466
vt 0.135607839 0.561646163
vt 0.135607868 0.5182466
vt 0.142450243 0.561646163
vt 0.142450243 0.5182466
vt 0.149292648 0.561646163
vt 0.149292648 0.5182466
vt 0.156135023 0.561646163
vt 0.156135023 0.5182466
vt 0.1629774 0.561646163
vt 0.1629774 0.5182466
vt 0.169819772 0.561646163
vt 0.169819772 0.5182466
vt 0.1766622 0.561646163
vt 0.1766622 0.5182466
vt 0.183504581 0.561646163
vt 0.183504581 0.5182466
vt 0.190346956 0.561646163
vt 0.190346956 0.5182466
vt 0.197189391 0.561646163
vt 0.197189391 0.5182466
vt 0.21087414 0.6050456
vt 0.204031765 0.6050456
vt 0.217716575 0.6050456
vt 0.224558949 0.6050456
vt 0.231401324 0.6050456
vt 0.2382437 0.6050456
vt 0.245086133 0.6050456
vt 0.2519285 0.6050456
vt 0.09455353 0.6050456
vt 0.0877111256 0.6050456
vt 0.101395905 0.6050456
vt 0.10823831 0.6050456
vt 0.115080684 0.6050456
vt 0.121923089 0.6050456
vt 0.128765464 0.6050456
vt 0.135607839 0.6050456
vt 0.142450243 0.6050456
vt 0.149292648 0.6050456
vt 0.156135023 0.6050456
vt 0.1629774 0.6050456
vt 0.169819772 0.6050456
vt 0.1766622 0.6050456
vt 0.183504581 0.6050456
vt 0.190346956 0.6050456
vt 0.197189391 0.6050456
vt 0.21087414 0.6484452
vt 0.204031765 0.6484452
vt 0.217716575 0.6484452
vt 0.224558949 0.6484452
vt 0.231401324 0.6484452
vt 0.2382437 0.6484452
vt 0.245086133 0.6484452
vt 0.2519285 0.6484452
vt 0.09455353 0.6484452
vt 0.0877111256 0.6484452
vt 0.101395905 0.6484452
vt 0.10823831 0.6484452
vt 0.115080684 0.6484452
vt 0.121923089 0.6484452
vt 0.128765464 0.6484452
vt 0.135607868 0.6484452
vt 0.142450243 0.6484452
vt 0.149292648 0.6484452
vt 0.156135023 0.6484452
vt 0.1629774 0.6484452
vt 0.169819772 0.6484452
vt 0.1766622 0.6484452
vt 0.183504581 0.6484452
vt 0.190346956 0.6484452
vt 0.197189391 0.6484452
vt 0.209558308 0.69407016
vt 0.0877111256 0.691844642
vt 0.1683832 0.816700041
vt 0.225321323 0.8409784
vt 0.2864235 0.8492594
vt 0.3475258 0.8409784
vt 0.404463828 0.8167
vt 0.453357667 0.7780786
vt 0.490875334 0.727746248
vt 0.514459848 0.669133067
vt 0.522504151 0.606233358
vt 0.5144597 0.5433337
vt 0.4908752 0.484720528
vt 0.453357548 0.43438822
vt 0.4044637 0.3957669
vt 0.347525537 0.371488571
vt 0.286423445 0.3632077
vt 0.225321263 0.371488631
vt 0.168383136 0.395767033
vt 0.119489282 0.43438834
vt 0.08197169 0.4847206
vt 0.058387123 0.543333769
vt 0.0503428951 0.6062335
vt 0.058387123 0.6691332
vt 0.08197169 0.727746367
vt 0.119489282 0.7780787
vt 0.739418745 0.289207637
vt 0.7778045 0.289207637
vt 0.7608105 0.352629781
vt 0.727567554 0.333436966
vt 0.71438235 0.399057984
vt 0.6951895 0.365814984
vt 0.6509602 0.416051924
vt 0.6509602 0.3776663
vt 0.5875381 0.399057984
vt 0.606730938 0.365814984
vt 0.5411099 0.352629781
vt 0.57435286 0.333436966
vt 0.524116 0.289207637
vt 0.562501669 0.289207637
vt 0.54110986 0.225785553
vt 0.57435286 0.244978487
vt 0.587538064 0.17935735
vt 0.6067309 0.21260041
vt 0.650960147 0.16236347
vt 0.6509602 0.2007491
vt 0.714382231 0.17935729
vt 0.6951895 0.212600291
vt 0.7608105 0.225785553
vt 0.727567554 0.244978249
vt 0.8095225 0.289207637
vt 0.7882793 0.368488848
vt 0.7302414 0.426526725
vt 0.6509602 0.447770059
vt 0.571679 0.426526725
vt 0.5136411 0.368488848
vt 0.492397845 0.289207637
vt 0.5136411 0.209926546
vt 0.571679 0.151888669
vt 0.650960147 0.130645335
vt 0.7302413 0.151888549
vt 0.7882793 0.209926426
vt 0.738747239 0.289458454
vt 0.726875067 0.333766162
vt 0.702234447 0.3195399
vt 0.7102948 0.289458454
vt 0.6944396 0.3662017
vt 0.680213332 0.341561079
vt 0.650131941 0.378073752
vt 0.650131941 0.3496213
vt 0.6058243 0.3662017
vt 0.62005055 0.341561079
vt 0.573388755 0.333766162
vt 0.5980294 0.3195399
vt 0.5615166 0.289458454
vt 0.5899691 0.289458454
vt 0.573388755 0.245150864
vt 0.5980294 0.259377122
vt 0.605824232 0.212715328
vt 0.6200505 0.237355947
vt 0.6501319 0.200843155
vt 0.650131941 0.229295611
vt 0.6944396 0.212715209
vt 0.680213332 0.237355947
vt 0.726875 0.245150745
vt 0.702234447 0.259377
vt 0.672116458 0.3021512
vt 0.67551744 0.289458454
vt 0.6628247 0.3114429
vt 0.650131941 0.314843953
vt 0.6374392 0.3114429
vt 0.6281475 0.3021512
vt 0.624746442 0.289458454
vt 0.6281475 0.276765645
vt 0.6374392 0.267474055
vt 0.650131941 0.264073
vt 0.6628247 0.267474055
vt 0.672116458 0.276765645
vt 0.650131941 0.289458454
vt 0.650131941 0.378073752
vt 0.6944396 0.3662017
vt 0.726875067 0.333766162
vt 0.726875067 0.333766162
vt 0.738747239 0.289458454
vt 0.726875 0.245150745
vt 0.726875 0.245150745
vt 0.6944396 0.212715209
vt 0.6501319 0.200843155
vt 0.726875067 0.333766162
vt 0.726875 0.245150745
vt 0.6501319 0.200843155
vt 0.6501319 0.200843155
vt 0.605824232 0.212715328
vt 0.573388755 0.245150864
vt 0.573388755 0.245150864
vt 0.5615166 0.289458454
vt 0.573388755 0.333766162
vt 0.6501319 0.200843155
vt 0.573388755 0.245150864
vt 0.573388755 0.333766162
vt 0.726875067 0.333766162
vt 0.6501319 0.200843155
vt 0.573388755 0.333766162
vt 0.650131941 0.378073752
vt 0.726875067 0.333766162
vt 0.573388755 0.333766162
vt 0.650131941 0.378073752
vt 0.573388755 0.333766162
vt 0.6058243 0.3662017
vt 0.63277185 0.316212833
vt 0.63277185 0.316212833
vt 0.6649751 0.1873998
vt 0.681076765 0.1873998
vt 0.63277185 0.316212833
vt 0.697178364 0.1873998
vt 0.63277185 0.316212833
vt 0.5683653 0.1873998
vt 0.584466934 0.1873998
vt 0.63277185 0.316212833
vt 0.6005686 0.1873998
vt 0.63277185 0.316212833
vt 0.616670251 0.1873998
vt 0.63277185 0.316212833
vt 0.63277185 0.1873998
vt 0.63277185 0.316212833
vt 0.648873448 0.1873998
vt 0.5683653 0.251806378
vt 0.5872295 0.297348678
vt 0.63277185 0.316212833
vt 0.678314149 0.297348678
vt 0.697178364 0.251806378
vt 0.678314149 0.206264079
vt 0.63277185 0.1873998
vt 0.5872295 0.206264019
vt 0.63277185 0.316212833
vt 0.581729352 0.413820744
vt 0.5782143 0.410051346
vt 0.5828556 0.415028334
vt 0.592934251 0.425836563
vt 0.6025466 0.436144471
vt 0.606061637 0.439913869
vt 0.6014204 0.434936643
vt 0.591341555 0.424128652
vt 0.6319548 0.3878528
vt 0.6319548 0.3878528
vt 0.5828556 0.415028334
vt 0.5782143 0.410051346
vt 0.6319548 0.3878528
vt 0.6153441 0.449868083
vt 0.6107029 0.444890976
vt 0.6319548 0.3878528
vt 0.606061637 0.439913869
vt 0.6319548 0.3878528
vt 0.6014204 0.434936643
vt 0.6319548 0.3878528
vt 0.5967793 0.429959655
vt 0.6319548 0.3878528
vt 0.592138 0.424982548
vt 0.6319548 0.3878528
vt 0.5874967 0.420005441
vt 0.6319548 0.3878528
vt 0.63277185 0.316212833
vt 0.63277185 0.316212833
vt 0.6649751 0.1873998
vt 0.681076765 0.1873998
vt 0.63277185 0.316212833
vt 0.697178364 0.1873998
vt 0.63277185 0.316212833
vt 0.5683653 0.1873998
vt 0.584466934 0.1873998
vt 0.63277185 0.316212833
vt 0.6005686 0.1873998
vt 0.63277185 0.316212833
vt 0.616670251 0.1873998
vt 0.63277185 0.316212833
vt 0.63277185 0.1873998
vt 0.63277185 0.316212833
vt 0.648873448 0.1873998
vt 0.6284289 0.311869979
vt 0.6472931 0.357412338
vt 0.69283545 0.3762765
vt 0.73837775 0.357412338
vt 0.757241964 0.311869979
vt 0.73837775 0.266327739
vt 0.69283545 0.247463465
vt 0.6472931 0.26632762
vt 0.63277185 0.316212833
vt 0.63277185 0.316212833
vt 0.681076765 0.1873998
vt 0.6649751 0.1873998
vt 0.63277185 0.316212833
vt 0.63277185 0.316212833
vt 0.697178364 0.1873998
vt 0.63277185 0.316212833
vt 0.584466934 0.1873998
vt 0.5683653 0.1873998
vt 0.63277185 0.316212833
vt 0.6005686 0.1873998
vt 0.63277185 0.316212833
vt 0.616670251 0.1873998
vt 0.63277185 0.316212833
vt 0.63277185 0.1873998
vt 0.63277185 0.316212833
vt 0.648873448 0.1873998
vt 0.69283545 0.247463465
vt 0.73837775 0.266327739
vt 0.757241964 0.311869979
vt 0.73837775 0.357412338
vt 0.69283545 0.3762765
vt 0.6472931 0.357412338
vt 0.6284289 0.311869979
vt 0.6472931 0.26632762
vt 0.63277185 0.316212833
vt 0.63277185 0.316212833
vt 0.63277185 0.316212833
vt 0.6649751 0.1873998
vt 0.681076765 0.1873998
vt 0.63277185 0.316212833
vt 0.697178364 0.1873998
vt 0.63277185 0.316212833
vt 0.5683653 0.1873998
vt 0.584466934 0.1873998
vt 0.63277185 0.316212833
vt 0.6005686 0.1873998
vt 0.63277185 0.316212833
vt 0.616670251 0.1873998
vt 0.63277185 0.316212833
vt 0.63277185 0.1873998
vt 0.63277185 0.316212833
vt 0.648873448 0.1873998
vt 0.6284289 0.311869979
vt 0.6472931 0.357412338
vt 0.69283545 0.3762765
vt 0.73837775 0.357412338
vt 0.757241964 0.311869979
vt 0.73837775 0.266327739
vt 0.69283545 0.247463465
vt 0.6472931 0.26632762
vt 0.63277185 0.316212833
vt 0.63277185 0.316212833
vt 0.63277185 0.316212833
vt 0.6649751 0.1873998
vt 0.681076765 0.1873998
vt 0.63277185 0.316212833
vt 0.697178364 0.1873998
vt 0.63277185 0.316212833
vt 0.5683653 0.1873998
vt 0.584466934 0.1873998
vt 0.63277185 0.316212833
vt 0.6005686 0.1873998
vt 0.63277185 0.316212833
vt 0.616670251 0.1873998
vt 0.63277185 0.316212833
vt 0.63277185 0.1873998
vt 0.63277185 0.316212833
vt 0.648873448 0.1873998
vt 0.6284289 0.311869979
vt 0.6472931 0.357412338
vt 0.69283545 0.3762765
vt 0.73837775 0.357412338
vt 0.757241964 0.311869979
vt 0.73837775 0.266327739
vt 0.69283545 0.247463465
vt 0.6472931 0.26632762
vt 0.63277185 0.316212833
vt 0.63277185 0.316212833
vt 0.63277185 0.316212833
vt 0.6649751 0.1873998
vt 0.681076765 0.1873998
vt 0.63277185 0.316212833
vt 0.697178364 0.1873998
vt 0.63277185 0.316212833
vt 0.5683653 0.1873998
vt 0.584466934 0.1873998
vt 0.63277185 0.316212833
vt 0.6005686 0.1873998
vt 0.63277185 0.316212833
vt 0.616670251 0.1873998
vt 0.63277185 0.316212833
vt 0.63277185 0.1873998
vt 0.63277185 0.316212833
vt 0.648873448 0.1873998
vt 0.6284289 0.311869979
vt 0.6472931 0.357412338
vt 0.69283545 0.3762765
vt 0.73837775 0.357412338
vt 0.757241964 0.311869979
vt 0.73837775 0.266327739
vt 0.69283545 0.247463465
vt 0.6472931 0.26632762
vt 0.63277185 0.316212833
vt 0.63277185 0.316212833
vt 0.63277185 0.316212833
vt 0.6649751 0.1873998
vt 0.681076765 0.1873998
vt 0.63277185 0.316212833
vt 0.697178364 0.1873998
vt 0.63277185 0.316212833
vt 0.5683653 0.1873998
vt 0.584466934 0.1873998
vt 0.63277185 0.316212833
vt 0.6005686 0.1873998
vt 0.63277185 0.316212833
vt 0.616670251 0.1873998
vt 0.63277185 0.316212833
vt 0.63277185 0.1873998
vt 0.63277185 0.316212833
vt 0.648873448 0.1873998
vt 0.6284289 0.311869979
vt 0.6472931 0.357412338
vt 0.69283545 0.3762765
vt 0.73837775 0.357412338
vt 0.757241964 0.311869979
vt 0.73837775 0.266327739
vt 0.69283545 0.247463465
vt 0.6472931 0.26632762
vt 0.63277185 0.316212833
vt 0.63277185 0.316212833
vt 0.63277185 0.316212833
vt 0.6649751 0.1873998
vt 0.681076765 0.1873998
vt 0.63277185 0.316212833
vt 0.697178364 0.1873998
vt 0.63277185 0.316212833
vt 0.5683653 0.1873998
vt 0.584466934 0.1873998
vt 0.63277185 0.316212833
vt 0.6005686 0.1873998
vt 0.63277185 0.316212833
vt 0.616670251 0.1873998
vt 0.63277185 0.316212833
vt 0.63277185 0.1873998
vt 0.63277185 0.316212833
vt 0.648873448 0.1873998
vt 0.6284289 0.311869979
vt 0.6472931 0.357412338
vt 0.69283545 0.3762765
vt 0.73837775 0.357412338
vt 0.757241964 0.311869979
vt 0.73837775 0.266327739
vt 0.69283545 0.247463465
vt 0.6472931 0.26632762
vt 0.63277185 0.316212833
vt 0.63277185 0.316212833
vt 0.681076765 0.1873998
vt 0.6649751 0.1873998
vt 0.63277185 0.316212833
vt 0.63277185 0.316212833
vt 0.697178364 0.1873998
vt 0.63277185 0.316212833
vt 0.584466934 0.1873998
vt 0.5683653 0.1873998
vt 0.63277185 0.316212833
vt 0.6005686 0.1873998
vt 0.63277185 0.316212833
vt 0.616670251 0.1873998
vt 0.63277185 0.316212833
vt 0.63277185 0.1873998
vt 0.63277185 0.316212833
vt 0.648873448 0.1873998
vt 0.69283545 0.247463465
vt 0.73837775 0.266327739
vt 0.757241964 0.311869979
vt 0.73837775 0.357412338
vt 0.69283545 0.3762765
vt 0.6472931 0.357412338
vt 0.6284289 0.311869979
vt 0.6472931 0.26632762
vt 0.63277185 0.316212833
vn 0.08979936 0.9955586 0.0282685757
vn -0.008876628 0.987172842 -0.159408331
vn 0.148615152 0.9362154 -0.318456084
vn 0.223192886 0.9678328 -0.116123043
vn 0.135620564 0.868300259 0.477139056
vn 0.193874285 0.883214056 0.4270196
vn 0.118815735 0.7248479 0.6785855
vn 0.099046886 0.691196144 0.7158475
vn 0.0131027261 0.99989593 0.00603624433
vn -0.008928633 0.9733524 -0.22914061
vn 0.0647241548 0.876605868 0.476836354
vn 0.08983264 0.729722857 0.677816033
vn -0.0155189335 0.9991094 0.0392382
vn -0.0562669672 0.9799354 -0.191208482
vn 0.04622228 0.8798872 0.47292918
vn 0.0747913644 0.726758 0.6828097
vn 0.2557096 -0.06960451 0.964244664
vn 0.279839665 0.136393219 0.95030874
vn 0.3625075 0.000318125967 0.9319808
vn 0.342220843 -0.186299473 0.9209655
vn 0.06794012 -0.345897615 0.935809255
vn 0.176501587 -0.6701665 0.7209189
vn -0.006372767 -0.2365171 0.971606433
vn -0.0171886012 -0.548005641 0.836298048
vn 0.131417513 0.0939811841 0.9868622
vn 0.109673925 0.3852742 0.9162617
vn 0.09681394 -0.135189936 0.986078441
vn 0.08729542 0.0590060949 0.9944334
vn 0.119992368 0.201196373 0.97217375
vn 0.0364628546 0.450293154 0.8921359
vn 0.108419962 0.207172409 0.9722781
vn 0.105211817 0.214612439 0.97101593
vn -0.163303465 0.127403587 -0.978315055
vn -0.124681175 0.211900026 -0.9693054
vn -0.399978042 0.121008389 -0.908501267
vn -0.199339092 -0.196855724 -0.959954
vn -0.138265923 0.0003959863 -0.990395069
vn -0.07761865 -0.2429816 -0.9669205
vn -0.094430536 0.200383127 -0.9751561
vn 0.005455088 -0.0726987645 -0.997339
vn -0.129689321 0.4824315 -0.8662797
vn -0.112661988 0.579227149 -0.8073433
vn -0.115698107 0.4814633 -0.8687963
vn -0.182111233 0.3910057 -0.9021918
vn -0.118506514 0.689843535 -0.7141933
vn -0.0877682939 0.7027939 -0.705958545
vn 0.0584446639 0.7258946 -0.6853184
vn -0.024477642 0.569456041 -0.82165724
vn -0.0287009 0.9791108 -0.201291636
vn -0.0287009 0.9791108 -0.201291636
vn -0.0287009 0.9791108 -0.201291636
vn -0.0328229964 0.9799208 -0.19666703
vn -0.0328229964 0.9799208 -0.19666703
vn -0.0328229964 0.9799208 -0.19666703
vn 0.0126583651 0.9625009 0.27098313
vn 0.0126583651 0.9625009 0.27098313
vn 0.0126583651 0.9625009 0.27098313
vn 0.0264620185 0.964992046 0.26094076
vn 0.0264620185 0.964992046 0.26094076
vn 0.0264620185 0.964992046 0.26094076
vn 0.0780066252 0.718304634 0.6913417
vn 0.0780066252 0.718304634 0.6913417
vn 0.0780066252 0.718304634 0.6913417
vn 0.08788503 0.723255 0.684965968
vn 0.08788503 0.723255 0.684965968
vn 0.08788503 0.723255 0.684965968
vn 0.198098779 -0.900732934 0.386570841
vn 0.198098779 -0.900732934 0.386570841
vn 0.198098779 -0.900732934 0.386570841
vn 0.2069473 -0.325059563 0.9227725
vn 0.2069473 -0.325059563 0.9227725
vn 0.2069473 -0.325059563 0.9227725
vn 0.179477081 -0.330587476 0.9265527
vn 0.179477081 -0.330587476 0.9265527
vn 0.179477081 -0.330587476 0.9265527
vn 0.123098366 0.18120262 0.9757112
vn 0.123098366 0.18120262 0.9757112
vn 0.123098366 0.18120262 0.9757112
vn 0.151262522 0.197229058 0.968617737
vn 0.151262522 0.197229058 0.968617737
vn 0.151262522 0.197229058 0.968617737
vn -0.121645711 0.0786960647 -0.989448965
vn -0.121645711 0.0786960647 -0.989448965
vn -0.121645711 0.0786960647 -0.989448965
vn -0.123894788 0.274674058 -0.953522
vn -0.123894788 0.274674058 -0.953522
vn -0.123894788 0.274674058 -0.953522
vn -0.09388242 0.212176666 -0.972711265
vn -0.09388242 0.212176666 -0.972711265
vn -0.09388242 0.212176666 -0.972711265
vn -0.100290425 0.7114075 -0.6955869
vn -0.100290425 0.7114075 -0.6955869
vn -0.100290425 0.7114075 -0.6955869
vn -0.09344094 0.704362869 -0.703663051
vn -0.09344094 0.704362869 -0.703663051
vn -0.09344094 0.704362869 -0.703663051
vn -0.123499244 -0.09950786 -0.987342954
vn -0.123499244 -0.09950786 -0.987342954
vn -0.123499244 -0.09950786 -0.987342954
vn -0.1419991 -0.08322267 -0.9863621
vn -0.1419991 -0.08322267 -0.9863621
vn -0.1419991 -0.08322267 -0.9863621
vn 0.254404843 0.105652623 0.9613094
vn 0.254404843 0.105652623 0.9613094
vn 0.254404843 0.105652623 0.9613094
vn 0.193664759 -0.0200386979 0.9808631
vn 0.193664759 -0.0200386979 0.9808631
vn 0.193664759 -0.0200386979 0.9808631
vn -0.287587523 0.521446943 -0.8033595
vn -0.287587523 0.521446943 -0.8033595
vn -0.287587523 0.521446943 -0.8033595
vn -0.152307615 0.4263345 -0.891650856
vn -0.152307615 0.4263345 -0.891650856
vn -0.152307615 0.4263345 -0.891650856
vn 0.172714919 0.245998859 0.9537579
vn 0.172714919 0.245998859 0.9537579
vn 0.172714919 0.245998859 0.9537579
vn 0.273479164 0.38462773 0.8816295
vn 0.273479164 0.38462773 0.8816295
vn 0.273479164 0.38462773 0.8816295
vn -0.150605321 -0.3349132 -0.930135
vn -0.150605321 -0.3349132 -0.930135
vn -0.150605321 -0.3349132 -0.930135
vn -0.005391671 0.01070014 -0.999928236
vn -0.005391671 0.01070014 -0.999928236
vn -0.005391671 0.01070014 -0.999928236
vn 0.383353144 -0.107118674 0.917369068
vn 0.383353144 -0.107118674 0.917369068
vn 0.383353144 -0.107118674 0.917369068
vn 0.350153863 -0.0209235772 0.936458468
vn 0.350153863 -0.0209235772 0.936458468
vn 0.350153863 -0.0209235772 0.936458468
vn -0.357403785 -0.6114981 -0.7059268
vn -0.357403785 -0.6114981 -0.7059268
vn -0.357403785 -0.6114981 -0.7059268
vn -0.12747936 -0.332912952 -0.9343008
vn -0.12747936 -0.332912952 -0.9343008
vn -0.12747936 -0.332912952 -0.9343008
vn 0.29301995 -0.03440013 0.955487251
vn 0.29301995 -0.03440013 0.955487251
vn 0.29301995 -0.03440013 0.955487251
vn 0.262864769 0.007094824 0.9648066
vn 0.262864769 0.007094824 0.9648066
vn 0.262864769 0.007094824 0.9648066
vn 0.898025453 0.3827447 0.216925859
vn 0.679547668 0.25912118 0.686346233
vn 0.8836793 0.18535839 0.42982927
vn 0.9417152 0.249399513 0.225770712
vn 0.8871257 0.4251986 -0.179483235
vn 0.933463931 0.2551121 -0.252116829
vn 0.61024183 0.43719545 -0.660654962
vn 0.824281156 0.1816833 -0.5362385
vn 0.454162419 0.436838061 0.776472151
vn 0.34583205 0.195006132 0.9178087
vn 0.7684122 0.606093764 -0.205409527
vn 0.78535527 0.547932267 0.288075119
vn 0.30885303 0.604626536 -0.7341911
vn 0.1232859 0.4636077 -0.8774215
vn 0.3177456 0.35337463 -0.879865944
vn -0.0260275826 0.504973769 -0.8627422
vn -0.110176072 0.449704826 -0.886355937
vn 0.0213487782 0.351883143 -0.935800433
vn 0.6205186 0.166639045 -0.766281962
vn 0.201387867 0.307190418 0.930095136
vn 0.239764318 0.237916186 0.9412274
vn 0.499795884 0.184235975 0.8463222
vn 0.277120352 0.158448622 0.947680533
vn 0.6252547 0.142890245 0.767228067
vn 0.558676243 0.828845143 0.0299429074
vn 0.558676243 0.828845143 0.0299429074
vn 0.558676243 0.828845143 0.0299429074
vn 0.484194249 0.8698604 0.0943336561
vn 0.484194249 0.8698604 0.0943336561
vn 0.484194249 0.8698604 0.0943336561
vn -0.008696008 0.747155 -0.664593
vn -0.008696008 0.747155 -0.664593
vn -0.008696008 0.747155 -0.664593
vn 0.310614765 0.7560883 -0.576063335
vn 0.310614765 0.7560883 -0.576063335
vn 0.310614765 0.7560883 -0.576063335
vn -0.007484896 0.4435985 0.8961944
vn -0.007484896 0.4435985 0.8961944
vn -0.007484896 0.4435985 0.8961944
vn -0.0120248292 0.414297968 -0.9100619
vn -0.0120248292 0.414297968 -0.9100619
vn -0.0120248292 0.414297968 -0.9100619
vn 0.09461525 0.5174268 -0.850480735
vn 0.09461525 0.5174268 -0.850480735
vn 0.09461525 0.5174268 -0.850480735
vn 0.230486542 0.0910014138 0.968811
vn 0.230486542 0.0910014138 0.968811
vn 0.230486542 0.0910014138 0.968811
vn 0.283394 0.0299124289 0.9585369
vn 0.283394 0.0299124289 0.9585369
vn 0.283394 0.0299124289 0.9585369
vn 0.17734763 0.0263399743 0.9837957
vn 0.17734763 0.0263399743 0.9837957
vn 0.17734763 0.0263399743 0.9837957
vn 0.2562763 0.1528209 0.954446554
vn 0.2562763 0.1528209 0.954446554
vn 0.2562763 0.1528209 0.954446554
vn 0.300341517 0.3880599 -0.8713234
vn 0.300341517 0.3880599 -0.8713234
vn 0.300341517 0.3880599 -0.8713234
vn -0.11215765 0.6015335 -0.790935
vn -0.11215765 0.6015335 -0.790935
vn -0.11215765 0.6015335 -0.790935
vn 0.160245776 -0.005643443 0.987061
vn 0.160245776 -0.005643443 0.987061
vn 0.160245776 -0.005643443 0.987061
vn 0.178008616 0.02100008 0.9838048
vn 0.178008616 0.02100008 0.9838048
vn 0.178008616 0.02100008 0.9838048
vn -0.110089846 0.484110951 -0.8680535
vn -0.110089846 0.484110951 -0.8680535
vn -0.110089846 0.484110951 -0.8680535
vn -0.031113198 0.415278465 -0.9091621
vn -0.031113198 0.415278465 -0.9091621
vn -0.031113198 0.415278465 -0.9091621
vn -0.07133469 0.6209969 -0.7805602
vn -0.07133469 0.6209969 -0.7805602
vn -0.07133469 0.6209969 -0.7805602
vn 0.11326497 0.6131749 0.7817849
vn 0.11326497 0.6131749 0.7817849
vn 0.11326497 0.6131749 0.7817849
vn 0.451785654 0.6439779 0.6173996
vn 0.451785654 0.6439779 0.6173996
vn 0.451785654 0.6439779 0.6173996
vn -0.8853773 0.366900116 0.2854669
vn -0.9271749 0.233114541 0.2932648
vn -0.8560389 0.164306611 0.490102738
vn -0.6384284 0.233039737 0.7335541
vn -0.900454342 0.4209411 -0.109501235
vn -0.950012863 0.252159327 -0.184095711
vn -0.652895868 0.449558854 -0.609609544
vn -0.8577655 0.187437519 -0.478649646
vn -0.293591738 0.167067274 0.941218555
vn -0.410693169 0.409696579 0.8145427
vn -0.7847181 0.6043668 -0.137689218
vn -0.770170867 0.5305551 0.3540454
vn -0.359514058 0.620334148 -0.6970905
vn -0.18245244 0.481769919 -0.8570933
vn 0.05416512 0.469620079 -0.8812055
vn -0.0269143116 0.527975142 -0.8488332
vn -0.372042865 0.37320745 -0.849882543
vn -0.09280895 0.375692129 -0.922085643
vn -0.66673553 0.180453673 -0.723118365
vn -0.187321529 0.210145861 0.9595569
vn -0.150314018 0.280025035 0.9481517
vn -0.449697554 0.156331643 0.8793933
vn -0.223410919 0.13064155 0.9659298
vn -0.578719258 0.115795955 0.8072641
vn -0.484733 0.8612483 0.152595133
vn -0.484733 0.8612483 0.152595133
vn -0.484733 0.8612483 0.152595133
vn -0.5626162 0.8215965 0.0918815359
vn -0.5626162 0.8215965 0.0918815359
vn -0.5626162 0.8215965 0.0918815359
vn -0.350085735 0.7698947 -0.5335749
vn -0.350085735 0.7698947 -0.5335749
vn -0.350085735 0.7698947 -0.5335749
vn -0.03515933 0.765566468 -0.6423954
vn -0.03515933 0.765566468 -0.6423954
vn -0.03515933 0.765566468 -0.6423954
vn 0.05444098 0.419278026 0.9062241
vn 0.05444098 0.419278026 0.9062241
vn 0.05444098 0.419278026 0.9062241
vn -0.147184476 0.539249 -0.8291847
vn -0.147184476 0.539249 -0.8291847
vn -0.147184476 0.539249 -0.8291847
vn -0.04298508 0.4380791 -0.8979081
vn -0.04298508 0.4380791 -0.8979081
vn -0.04298508 0.4380791 -0.8979081
vn -0.2281076 0.0023110453 0.97363317
vn -0.2281076 0.0023110453 0.97363317
vn -0.2281076 0.0023110453 0.97363317
vn -0.1754028 0.0634607449 0.9824493
vn -0.1754028 0.0634607449 0.9824493
vn -0.1754028 0.0634607449 0.9824493
vn -0.202287942 0.125101849 0.9713028
vn -0.202287942 0.125101849 0.9713028
vn -0.202287942 0.125101849 0.9713028
vn -0.121232904 -0.0007904603 0.992623746
vn -0.121232904 -0.0007904603 0.992623746
vn -0.121232904 -0.0007904603 0.992623746
vn 0.0622933246 0.623435438 -0.7793894
vn 0.0622933246 0.623435438 -0.7793894
vn 0.0622933246 0.623435438 -0.7793894
vn -0.35345754 0.4083907 -0.841596544
vn -0.35345754 0.4083907 -0.841596544
vn -0.35345754 0.4083907 -0.841596544
vn -0.121849477 -0.00612160936 0.9925297
vn -0.121849477 -0.00612160936 0.9925297
vn -0.121849477 -0.00612160936 0.9925297
vn -0.103786841 -0.03259488 0.994065344
vn -0.103786841 -0.03259488 0.994065344
vn -0.103786841 -0.03259488 0.994065344
vn -0.0238669813 0.439176023 -0.8980839
vn -0.0238669813 0.439176023 -0.8980839
vn -0.0238669813 0.439176023 -0.8980839
vn 0.0567949675 0.5076775 -0.859673142
vn 0.0567949675 0.5076775 -0.859673142
vn 0.0567949675 0.5076775 -0.859673142
vn 0.0132635469 0.662656844 -0.7488057
vn 0.0132635469 0.662656844 -0.7488057
vn 0.0132635469 0.662656844 -0.7488057
vn -0.419329375 0.6201808 0.6629771
vn -0.419329375 0.6201808 0.6629771
vn -0.419329375 0.6201808 0.6629771
vn -0.073532775 0.5893844 0.8044992
vn -0.073532775 0.5893844 0.8044992
vn -0.073532775 0.5893844 0.8044992
vn 0.482891351 0.845710635 0.22713317
vn 0.672486842 0.740078449 -0.00673285872
vn 0.304237366 0.9200098 0.247025564
vn 0.06691081 0.8330847 0.54908365
vn 0.6663805 0.741216063 -0.0808441043
vn 0.3211687 0.9453165 -0.056810692
vn 0.645777345 0.733429253 -0.212257162
vn 0.310258865 0.9353038 -0.170135915
vn -0.344973415 0.84432584 0.4100088
vn -0.284823924 0.6928118 0.6624856
vn -0.363254756 0.9275706 -0.08751475
vn -0.323743343 0.895486832 -0.305440068
vn -0.6351127 0.709731042 0.304817438
vn -0.65565443 0.754658639 0.0246497467
vn -0.09161814 -0.02500647 -0.9954802
vn -0.17857857 -0.183843642 -0.966597736
vn -0.151286185 0.0133521231 -0.9883998
vn -0.109699681 -0.00234581553 -0.993962
vn -0.2580553 -0.23622635 -0.9368055
vn -0.3320794 -0.08348198 -0.9395499
vn -0.0734602362 0.5914991 -0.8029523
vn -0.4547605 0.2099046 -0.86552465
vn -0.179148763 0.43584618 -0.882011235
vn -0.2233356 0.087320365 -0.9708225
vn -0.422445953 0.357488036 -0.8329116
vn -0.623391 0.510280848 -0.5924501
vn -0.150731683 0.7083095 -0.6896214
vn -0.42237252 0.644920349 -0.6369295
vn 0.0489127226 -0.380881757 0.9233291
vn 0.02256798 -0.340142071 0.940103233
vn 0.0343839377 -0.330573618 0.9431537
vn -0.215546831 -0.144403279 0.96575737
vn -0.11627125 -0.128917977 0.9848153
vn 0.118704177 -0.2585848 0.9586674
vn -0.205582261 0.146644652 0.967590451
vn -0.0594545156 0.156401679 0.9859025
vn -0.146828771 0.0216192044 0.988925636
vn -0.48654902 0.309122264 0.817137361
vn 0.2301671 -0.09234981 0.9687593
vn 0.139173269 0.192531317 0.9713715
vn -0.2921069 0.311336637 0.904291451
vn -0.565409 0.5098128 0.6483854
vn 0.0900628 0.2601161 0.9613679
vn -0.753921449 0.6374661 0.158869252
vn -0.753921449 0.6374661 0.158869252
vn -0.753921449 0.6374661 0.158869252
vn -0.7421426 0.6556763 0.138971016
vn -0.7421426 0.6556763 0.138971016
vn -0.7421426 0.6556763 0.138971016
vn -0.461223572 -0.494667619 -0.736598134
vn -0.461223572 -0.494667619 -0.736598134
vn -0.461223572 -0.494667619 -0.736598134
vn -0.698438168 0.0198215563 -0.7153958
vn -0.698438168 0.0198215563 -0.7153958
vn -0.698438168 0.0198215563 -0.7153958
vn -0.749006748 0.0357385539 -0.6615978
vn -0.749006748 0.0357385539 -0.6615978
vn -0.749006748 0.0357385539 -0.6615978
vn -0.73860985 0.579311669 -0.344751418
vn -0.73860985 0.579311669 -0.344751418
vn -0.73860985 0.579311669 -0.344751418
vn -0.274189055 -0.931411743 0.239358678
vn -0.274189055 -0.931411743 0.239358678
vn -0.274189055 -0.931411743 0.239358678
vn -0.5657283 -0.130202353 0.81424737
vn -0.5657283 -0.130202353 0.81424737
vn -0.5657283 -0.130202353 0.81424737
vn -0.667708635 -0.05395558 0.74246484
vn -0.667708635 -0.05395558 0.74246484
vn -0.667708635 -0.05395558 0.74246484
vn -0.647429347 0.439694077 0.622498453
vn -0.647429347 0.439694077 0.622498453
vn -0.647429347 0.439694077 0.622498453
vn 0.0362739153 0.175659522 0.9837825
vn 0.0362739153 0.175659522 0.9837825
vn 0.0362739153 0.175659522 0.9837825
vn 0.08184547 0.235944092 0.9683139
vn 0.08184547 0.235944092 0.9683139
vn 0.08184547 0.235944092 0.9683139
vn -0.0401265025 0.0335554034 -0.998631
vn -0.0401265025 0.0335554034 -0.998631
vn -0.0401265025 0.0335554034 -0.998631
vn -0.143070608 0.169040158 -0.975169837
vn -0.143070608 0.169040158 -0.975169837
vn -0.143070608 0.169040158 -0.975169837
vn 0.0755126253 0.286459446 0.9551119
vn 0.0755126253 0.286459446 0.9551119
vn 0.0755126253 0.286459446 0.9551119
vn -0.219648421 -0.212173209 0.9522274
vn -0.219648421 -0.212173209 0.9522274
vn -0.219648421 -0.212173209 0.9522274
vn -0.0309698638 -0.174089938 -0.9842426
vn -0.0309698638 -0.174089938 -0.9842426
vn -0.0309698638 -0.174089938 -0.9842426
vn -0.167722315 -0.1941257 0.9665322
vn -0.167722315 -0.1941257 0.9665322
vn -0.167722315 -0.1941257 0.9665322
vn -0.144530565 0.220840514 -0.964541554
vn -0.144530565 0.220840514 -0.964541554
vn -0.144530565 0.220840514 -0.964541554
vn 0.0358421 0.180432931 0.982934
vn 0.0358421 0.180432931 0.982934
vn 0.0358421 0.180432931 0.982934
vn 0.0614695773 -0.1607648 -0.9850767
vn 0.0614695773 -0.1607648 -0.9850767
vn 0.0614695773 -0.1607648 -0.9850767
vn -0.296140134 0.94698 0.124618992
vn -0.296140134 0.94698 0.124618992
vn -0.296140134 0.94698 0.124618992
vn -0.2820714 0.9537491 0.103914917
vn -0.2820714 0.9537491 0.103914917
vn -0.2820714 0.9537491 0.103914917
vn -0.3154184 0.6964452 -0.6445737
vn -0.3154184 0.6964452 -0.6445737
vn -0.3154184 0.6964452 -0.6445737
vn -0.176433846 0.8265572 -0.5344851
vn -0.176433846 0.8265572 -0.5344851
vn -0.176433846 0.8265572 -0.5344851
vn -0.178175 0.8696655 -0.4603646
vn -0.178175 0.8696655 -0.4603646
vn -0.178175 0.8696655 -0.4603646
vn -0.2932659 0.8733408 -0.388935745
vn -0.2932659 0.8733408 -0.388935745
vn -0.2932659 0.8733408 -0.388935745
vn -0.09614909 0.427053183 0.899100065
vn -0.09614909 0.427053183 0.899100065
vn -0.09614909 0.427053183 0.899100065
vn -0.116080031 0.165257946 0.97939533
vn -0.116080031 0.165257946 0.97939533
vn -0.116080031 0.165257946 0.97939533
vn -0.177517489 0.6712083 0.7196992
vn -0.177517489 0.6712083 0.7196992
vn -0.177517489 0.6712083 0.7196992
vn -0.175466821 0.676855266 0.714897454
vn -0.175466821 0.676855266 0.714897454
vn -0.175466821 0.676855266 0.714897454
vn -0.6493919 0.6674695 -0.364382476
vn -0.186120734 -0.19215031 0.9635545
vn -0.186120734 -0.19215031 0.9635545
vn -0.186120734 -0.19215031 0.9635545
vn -0.179167226 -0.173463032 0.9684057
vn -0.179167226 -0.173463032 0.9684057
vn -0.179167226 -0.173463032 0.9684057
vn -0.08390137 -0.354864448 -0.9311454
vn -0.08390137 -0.354864448 -0.9311454
vn -0.08390137 -0.354864448 -0.9311454
vn 0.0349402241 -0.159681231 -0.9865501
vn 0.0349402241 -0.159681231 -0.9865501
vn 0.0349402241 -0.159681231 -0.9865501
vn -0.09168116 -0.132250234 -0.986967266
vn -0.09168116 -0.132250234 -0.986967266
vn -0.09168116 -0.132250234 -0.986967266
vn -0.09614123 -0.3372021 0.9365103
vn -0.325262129 -0.102581941 0.94004333
vn -0.7362363 -0.08330825 0.6715772
vn -0.134692088 0.167072415 0.976701
vn 0.383332968 0.171433285 0.9075607
vn 0.534011841 -0.037203256 0.8446581
vn 0.8670506 0.024373699 0.497623533
vn 0.876118 -0.10064768 0.471473575
vn 0.193195492 -0.321402669 0.927025259
vn -0.07342339 -0.23561053 0.96907
vn -0.262234539 -0.06573132 0.962762952
vn -0.6368181 -0.0579496 0.7688332
vn -0.0859596357 0.101234108 0.9911421
vn 0.3257653 0.109715715 0.9390631
vn 0.4980232 -0.0554473549 0.8653892
vn 0.807485759 -0.0283220746 0.589206755
vn 0.8064222 -0.159414947 0.5694472
vn 0.166280389 -0.2563019 0.952187061
vn -0.08762459 -0.2011083 0.975642
vn -0.273272753 -0.0733382553 0.959136844
vn -0.6474167 -0.0636303648 0.75947535
vn -0.0930725262 0.0530205257 0.9942466
vn 0.318850964 0.0503270924 0.946467757
vn 0.500335 -0.0586054437 0.863846242
vn 0.81488353 -0.031198876 0.578784466
vn 0.815428853 -0.116092831 0.567096353
vn 0.1321757 -0.200734824 0.970688
vn 0.062106654 -0.215938181 0.974429846
vn 0.108344473 -0.08053455 0.9908459
vn 0.02331687 -0.07810801 0.9966722
vn 0.180702627 -0.12286137 0.975833833
vn 0.22332117 -0.189829886 0.956081748
vn 0.231596425 -0.266328573 0.935645342
vn 0.198443308 -0.33310625 0.9217703
vn 0.106475353 -0.372509956 0.921899855
vn 0.0114337811 -0.365677 0.9306716
vn -0.06381688 -0.313216656 0.9475351
vn -0.09805777 -0.242892265 0.965084434
vn -0.09206684 -0.1720895 0.9807696
vn -0.0491377451 -0.113165155 0.9923604
vn 0.160883173 0.09080099 0.9827878
vn -0.0242747925 0.109835438 0.9936533
vn 0.308041066 -0.008797162 0.9513324
vn 0.3860878 -0.147563 0.91058296
vn 0.365484238 -0.324746221 0.8723309
vn 0.2995157 -0.451977879 0.840241849
vn 0.14919503 -0.5192312 0.8415104
vn -0.0346072577 -0.515006542 0.8564874
vn -0.183421075 -0.418405384 0.8895469
vn -0.268113047 -0.273709238 0.9236875
vn -0.26048252 -0.115608454 0.958532
vn -0.180881336 0.022912614 0.983238
vn 0.170102879 0.186699688 0.96757853
vn -0.042383872 0.199882865 0.9789027
vn 0.35103482 0.06504984 0.934100151
vn 0.462518722 -0.115191475 0.8790946
vn 0.427975923 -0.333243847 0.8401102
vn 0.32410863 -0.493726283 0.8069622
vn 0.15348658 -0.572764 0.8052225
vn -0.0494233854 -0.5691902 0.8207191
vn -0.225846276 -0.461577863 0.8578691
vn -0.338574946 -0.286545932 0.89624685
vn -0.328977346 -0.0820815042 0.940763831
vn -0.222000062 0.0955367237 0.9703549
vn 0.3034572 0.9452919 0.1197372
vn -0.257107824 0.951162636 0.170836836
vn -0.2519366 0.9526735 0.170120984
vn 0.305252761 0.9446689 0.120089307
vn 0.77745384 0.626822948 0.05156062
vn 0.7765994 0.6276938 0.05379482
vn 0.982485354 0.18348293 -0.03250523
vn 0.98301214 0.18068938 -0.0322253
vn 0.9568031 -0.260835975 -0.128422812
vn 0.9589926 -0.253059566 -0.127648279
vn 0.70367384 -0.672428548 -0.229527727
vn 0.704303563 -0.671529353 -0.230227724
vn 0.228541538 -0.9364195 -0.266246676
vn 0.2249809 -0.937287748 -0.266224027
vn -0.334701359 -0.9161541 -0.220537245
vn -0.3360966 -0.9158655 -0.219612181
vn -0.776127458 -0.622665465 -0.09956883
vn -0.7760783 -0.622872651 -0.09865168
vn -0.980674 -0.194115326 0.02444665
vn -0.980026066 -0.197440743 0.0237918254
vn -0.9596136 0.2535793 0.121816382
vn -0.959329963 0.255024225 0.121031828
vn -0.718161643 0.6768394 0.161654666
vn -0.712110043 0.6833002 0.161245525
vn -0.257107824 0.951162636 0.170836836
vn -0.2519366 0.9526735 0.170120984
vn -0.145930529 -0.4305621 0.890685439
vn -0.328643829 -0.144063666 0.933401763
vn -0.714950442 -0.1263971 0.687655151
vn -0.2330899 0.173334435 0.9568826
vn 0.262785554 0.216554075 0.9402383
vn 0.447682321 -0.07965087 0.8906381
vn 0.798851848 -0.000164330864 0.6015278
vn 0.8133126 -0.224591017 0.536732256
vn 0.0898728 -0.428685337 0.898972631
vn 0.6665037 -0.06886608 0.7423141
vn 0.6228136 -0.115624286 0.7737792
vn 0.9572535 -0.0160130821 0.288806766
vn 0.97029525 0.0239346959 0.240736976
vn -0.392347753 -0.216256931 0.8940337
vn -0.442759 -0.21763733 0.8698267
vn -0.847015858 -0.186733663 0.497689337
vn -0.888193965 -0.177773133 0.4236841
vn -0.16625008 -0.180143222 0.9694892
vn -0.315767527 -0.122903585 0.940843
vn -0.602546334 -0.134260252 0.786709666
vn -0.190929279 -0.0193546787 0.981412947
vn 0.283188 0.09888055 0.953953445
vn 0.472287565 -0.0189117175 0.8812416
vn 0.840310633 0.0373545326 0.540816665
vn 0.8470467 -0.0753084049 0.5261565
vn 0.0454128571 -0.202378109 0.978253961
vn -0.165904164 -0.287457436 0.943315446
vn -0.363139 -0.008853719 0.9316929
vn -0.783755 -0.0400775746 0.619775653
vn -0.235423192 0.260250628 0.9364003
vn 0.2756154 0.23046349 0.9332324
vn 0.4711045 0.00540301949 0.8820609
vn 0.8192107 0.03899675 0.572165251
vn 0.8289268 -0.12837176 0.5444272
vn 0.114829525 -0.2803716 0.9529984
vn 0.678912163 0.00466785952 0.73420465
vn 0.6441046 0.0318381153 0.764274538
vn 0.918815434 0.0565103441 0.390621
vn 0.9145744 0.009348059 0.40430966
vn -0.249998316 -0.07559999 0.965290368
vn -0.180863783 -0.0461162739 0.982426345
vn -0.7668222 -0.09692988 0.6344985
vn -0.7496424 -0.129988819 0.6489524
vn 0.6716626 -0.0482183956 0.7392863
vn 0.8976261 0.0156952143 0.440478176
vn 0.906987548 0.0280454066 0.42022258
vn 0.6515572 -0.0493001044 0.756995857
vn -0.0636785 -0.120326608 0.990689933
vn -0.239310324 -0.10018041 0.965761065
vn -0.6996113 -0.08466692 0.709489644
vn -0.688412368 -0.08035094 0.7208552
vn 0.969427645 0.0391456634 0.242234617
vn 0.628129065 -0.0303205177 0.7775182
vn -0.351820379 -0.211024776 0.9119709
vn -0.8846934 -0.2447937 0.396728754
vn 0.098725535 -0.345628768 0.933163464
vn 0.742654443 -0.109835677 0.660606146
vn 0.332169652 -0.1160071 0.9360586
vn 0.158158571 0.153012052 0.9754861
vn -0.351178259 0.172280058 0.9203225
vn -0.8587319 0.0457764342 0.510376334
vn -0.5247723 -0.0296123046 0.850727439
vn -0.8716559 -0.08702322 0.4823308
vn -0.19043012 -0.3258339 0.92605
vn 0.08591156 -0.239439771 0.967102766
vn 0.6549165 -0.0772599354 0.751741469
vn 0.287655771 -0.07262114 0.9549766
vn 0.114301533 0.100497469 0.988349855
vn -0.298316032 0.118886754 0.947034061
vn -0.7919859 -0.004719668 0.610521138
vn -0.475218445 -0.040434625 0.878938258
vn -0.7951147 -0.13031058 0.5922936
vn -0.154705271 -0.255030036 0.9544768
vn 0.108382061 -0.201082811 0.97356
vn 0.665376246 -0.07797716 0.7424244
vn 0.296511471 -0.0783077851 0.951813459
vn 0.120411135 0.05201786 0.9913603
vn -0.292721033 0.05919066 0.9543641
vn -0.799994767 -0.0103857825 0.5999171
vn -0.478852361 -0.04497679 0.876742542
vn -0.802928448 -0.094928 0.588467956
vn -0.111473717 -0.195359945 0.9743757
vn -0.0419091322 -0.213332444 0.976080358
vn 0.00089991 -0.07614731 0.9970962
vn -0.08428379 -0.07651922 0.9934994
vn -0.158015519 -0.117108136 0.9804676
vn -0.202740416 -0.18306 0.9619695
vn -0.212937444 -0.259740472 0.941909
vn -0.182357252 -0.3279388 0.9269315
vn -0.09131961 -0.3688322 0.924999237
vn 0.003923806 -0.3646244 0.9311464
vn 0.08067124 -0.313452631 0.946171045
vn 0.117379844 -0.24387069 0.9626781
vn 0.113515615 -0.172916 0.9783733
vn 0.07233313 -0.112949327 0.990964353
vn -0.132853314 0.09604757 0.986470938
vn 0.0529523455 0.11059548 0.9924539
vn -0.283152223 -1.31227052E-05 0.959075
vn -0.365572155 -0.1369013 0.920660138
vn -0.350270957 -0.3145875 0.8822386
vn -0.288126856 -0.4435649 0.8486655
vn -0.139620334 -0.5147549 0.8458922
vn 0.0444751568 -0.5149168 0.856085658
vn 0.196346954 -0.4215781 0.8852795
vn 0.285503834 -0.278855443 0.9169118
vn 0.282617927 -0.120567411 0.9516252
vn 0.207055047 0.019867938 0.978127539
vn -0.14014709 0.192121089 0.971312642
vn 0.072829105 0.200152367 0.977054238
vn -0.32479164 0.07483215 0.942820549
vn -0.44199878 -0.102731228 0.8911136
vn -0.4137732 -0.321609855 0.85168
vn -0.314481139 -0.4848238 0.816117346
vn -0.146012232 -0.56814003 0.8098749
vn 0.0569529869 -0.569489 0.8200236
vn 0.236870438 -0.46592924 0.852527
vn 0.3548928 -0.2934375 0.887662947
vn 0.3514154 -0.08873973 0.9320046
vn 0.24955754 0.0914592 0.9640312
vn -0.2772731 0.952535868 0.125678375
vn -0.279062122 0.951961458 0.12607041
vn 0.279287666 0.946507335 0.1616237
vn 0.284433722 0.9448715 0.1622202
vn -0.760448933 0.645554364 0.07054784
vn -0.7595005 0.6464247 0.0727605745
vn -0.9782735 0.207194135 -0.00717845745
vn -0.978857636 0.204426974 -0.00687645376
vn -0.9658709 -0.23772268 -0.10286548
vn -0.9678478 -0.2299045 -0.102051288
vn -0.725938559 -0.6550411 -0.209605217
vn -0.7267048 -0.653977454 -0.21027042
vn -0.260237724 -0.9302883 -0.258534223
vn -0.256964117 -0.9315288 -0.257339329
vn 0.306152821 -0.9294442 -0.205922171
vn 0.310013115 -0.92848134 -0.2044855
vn 0.758229733 -0.64131844 -0.117466211
vn 0.7584066 -0.641102731 -0.117502011
vn 0.9759893 -0.217817187 -0.000799401663
vn 0.975247741 -0.221110389 -0.00142362434
vn 0.968329132 0.230406389 0.0961853042
vn 0.968057334 0.231865257 0.09541251
vn 0.738293946 0.6594474 0.141602173
vn 0.732428133 0.6660133 0.141334087
vn 0.284433722 0.9448715 0.1622202
vn 0.279287666 0.946507335 0.1616237
vn 0.158744946 -0.43272835 0.887438
vn 0.7294399 -0.142703757 0.668994069
vn 0.3493901 -0.150657222 0.9247859
vn 0.2622057 0.169043437 0.950090766
vn -0.232767329 0.2242872 0.946316361
vn -0.7826015 0.0200943425 0.622198641
vn -0.4260041 -0.06748029 0.9022012
vn -0.8041869 -0.204049885 0.558253646
vn -0.0766522959 -0.4251266 0.90188235
vn -0.648767531 -0.05192187 0.759213269
vn -0.962779 0.0489604659 0.265818447
vn -0.94946456 0.00762060843 0.3137818
vn -0.605003 -0.09937631 0.7899973
vn 0.409562558 -0.225489348 0.883975744
vn 0.4613123 -0.229492381 0.857043862
vn 0.855329335 -0.208169773 0.474422842
vn 0.894961536 -0.20524016 0.396131754
vn 0.217093229 -0.194266468 0.9566248
vn 0.687818348 -0.152645245 0.7096515
vn 0.371428579 -0.132423088 0.9189695
vn 0.231177837 -0.015232821 0.972792268
vn -0.261327177 0.10593576 0.9594195
vn -0.8256685 0.057570003 0.561210454
vn -0.452398032 -0.00671189232 0.891790867
vn -0.8350479 -0.05001844 0.5478989
vn -0.0231343452 -0.198475227 0.9798328
vn 0.182451367 -0.2900317 0.9394643
vn 0.7932851 -0.0614814721 0.6057383
vn 0.382426918 -0.0188128781 0.9237942
vn 0.2658859 0.2531879 0.9301616
vn -0.246065468 0.243167922 0.9382543
vn -0.802209258 0.0631827861 0.5936904
vn -0.448283255 0.0199772529 0.8936683
vn -0.8172552 -0.107428655 0.56617403
vn -0.0965753943 -0.276118726 0.9562592
vn -0.6654964 0.0182182677 0.7461787
vn -0.9062265 0.0286686439 0.421819419
vn -0.9120296 0.07138088 0.403864771
vn -0.6366286 0.0408412479 0.7700883
vn 0.262607247 -0.08433919 0.961209834
vn 0.185053885 -0.0569354 0.9810777
vn 0.7727827 -0.119512759 0.623316646
vn 0.7575626 -0.14930208 0.635458767
vn -0.652847767 -0.030688908 0.7568672
vn -0.632769465 -0.0327127948 0.7736489
vn -0.894838333 0.0508177355 0.4434884
vn -0.8850534 0.03862347 0.463884324
vn 0.08681 -0.120810583 0.9888725
vn 0.262697816 -0.106567673 0.9589751
vn 0.7158774 -0.100631192 0.6909362
vn 0.7038394 -0.09827157 0.703528762
vn -0.611004531 -0.0138535118 0.7915059
vn -0.9623627 0.0628327653 0.264405131
vn 0.3693134 -0.21644482 0.9037473
vn 0.886233151 -0.267589539 0.3781357
vn 0.391118973 -0.00492063072 0.920326948
vn 0.491926134 -0.0968375653 0.865234733
vn 0.0081332745 -0.173461765 0.984807
vn 0.00870199 -0.047752738 0.998821259
vn 0.9984606 0.054793492 0.008611381
vn 0.909915745 0.07986544 0.4070318
vn 0.819493532 0.178091884 0.5447142
vn 0.9385007 0.343860775 0.03124381
vn 0.7497216 0.412872583 -0.517159343
vn 0.325774163 0.438086063 -0.837825656
vn 0.418459356 0.138655931 -0.897589147
vn 0.828314 0.138736844 -0.5428149
vn 0.3846926 -0.349336863 -0.854386
vn 0.8698702 -0.39833793 -0.290951461
vn 0.8698702 -0.39833793 -0.290951461
vn 0.7312212 -0.404696018 0.5491236
vn 0.9703366 -0.20945999 0.120720349
vn 0.00430292869 -0.7899484 -0.613158166
vn 0.03571123 0.03632163 -0.9987019
vn 0.12124192 -0.893189549 0.433027565
vn 0.12124192 -0.893189549 0.433027565
vn 0.00170098862 0.02100763 -0.999777853
vn 0.003998897 0.0357423462 -0.999353051
vn -0.00916102249 -0.192269489 -0.9812994
vn 0.008586811 -0.07596954 0.9970732
vn 0.390758544 -0.307406783 0.867645562
vn 0.829164743 -0.21542348 0.515828
vn 0.726655543 0.29676795 0.6195971
vn 0.249714419 0.286169648 0.925067365
vn 0.3220571 -0.120514289 0.939018369
vn 0.009521982 0.287194759 0.9578249
vn 0.6902377 0.180863783 0.700614154
vn 0.8939638 -0.195083931 0.40344882
vn 0.28672877 0.7139164 0.638834834
vn 0.2229389 0.642800331 0.732875168
vn -0.007941901 0.209776372 -0.977717161
vn 0.7343603 0.1427125 0.663587332
vn 0.9568331 0.289067239 0.0301739667
vn 0.357318729 -0.218829677 0.9079851
vn 0.007727361 -0.247916892 0.9687505
vn 0.6170158 0.360472322 -0.699536443
vn 0.7497216 0.412872583 -0.517159343
vn -0.006466803 0.434044927 -0.900868
vn 0.193297982 0.299739957 -0.9342333
vn -0.008676037 0.0543047339 -0.9984867
vn 0.6170158 0.360472322 -0.699536443
vn 0.009126863 0.629089355 0.777279437
vn 0.522672236 0.7497895 0.405745566
vn 0.6845074 0.54720813 0.481677175
vn 0.416984916 0.873173 -0.252373636
vn 0.5058676 0.861711 0.039396897
vn -0.00337217469 0.514384568 -0.857553
vn 0.113848358 0.5669422 -0.815852344
vn 0.542580962 0.746078134 -0.385970622
vn 0.416984916 0.873173 -0.252373636
vn 0.5569153 0.6853518 0.469189
vn 0.008740223 0.5536457 0.832706451
vn 0.542580962 0.746078134 -0.385970622
vn 0.7129603 0.6814868 -0.165116176
vn 0.670601964 0.0227516424 0.74146837
vn 0.6494417 0.0487452932 0.7588474
vn 0.906738937 0.421692371 -3.548388E-05
vn -0.327606469 -0.154408038 -0.9321117
vn -0.78673476 -0.6000051 0.145059735
vn 0.12124192 -0.893189549 0.433027565
vn 0.0432784446 -0.591286957 0.805299163
vn -0.13949649 -0.490999043 0.859919
vn 0.12124192 -0.893189549 0.433027565
vn -0.78673476 -0.6000051 0.145059735
vn -0.213775 -0.08789397 -0.972920835
vn 0.378300637 0.352512419 -0.8559344
vn 0.5025587 0.3850364 -0.7740683
vn 0.00430292869 -0.7899484 -0.613158166
vn 0.7312212 -0.404696018 0.5491236
vn 0.6902377 0.180863783 0.700614154
vn 0.884012163 0.465711236 -0.0404415
vn 0.506082833 0.4502129 -0.7356551
vn -0.258778125 -0.484844565 0.8354398
vn -0.2530484 -0.5011783 0.827518463
vn -0.8532727 -0.5053887 -0.1284834
vn -0.8286638 -0.5449177 -0.127987921
vn 0.8139783 0.5770702 0.066553615
vn 0.356125981 0.5574816 -0.7499257
vn 0.6049033 0.0202776361 0.7960407
vn 0.6016438 0.182065964 0.7777382
vn -0.429893017 0.0532755069 -0.9013067
vn -0.311060637 0.0186001528 -0.950208
vn -0.8532727 -0.5053887 -0.1284834
vn -0.8286638 -0.5449177 -0.127987921
vn 0.815991938 0.56962496 -0.0984101146
vn 0.3844906 0.09092594 -0.91864
vn 0.4198508 0.456732661 -0.7842962
vn 0.758772135 0.643902659 0.09825591
vn -0.584635258 -0.413183928 -0.69819814
vn -0.419378728 -0.113666005 -0.90066725
vn 0.401930273 0.3356788 0.8519224
vn 0.388518363 0.509634554 0.767675757
vn -0.868015945 -0.448927343 0.212161541
vn -0.8716031 -0.4835017 -0.0808345452
vn -0.472065657 -0.316818357 0.822666466
vn -0.3933045 -0.04465791 0.91832304
vn -0.868015945 -0.448927343 0.212161541
vn -0.8716031 -0.4835017 -0.0808345452
vn 0.301508427 0.6305448 -0.715196431
vn -0.5061531 0.027734369 -0.8619976
vn -0.9985838 -0.0509020351 0.0154735753
vn -0.461751163 0.0461888723 -0.8858061
vn -0.571777642 -0.0807634145 -0.816423655
vn -0.996732 -0.0321259834 0.0741167
vn 0.7715416 -0.334260225 0.5412889
vn 0.670439243 -0.0478839539 0.740417659
vn 0.9996087 0.026083326 0.01010359
vn 0.991849 0.0755952448 -0.102571748
vn -0.9885163 0.0491988845 0.142881408
vn -0.506239235 0.244478375 0.827013969
vn -0.405810028 0.0575174429 0.9121458
vn -0.996732 -0.0321259834 0.0741167
vn 0.438476563 0.0143018253 -0.898628831
vn 0.5012522 -0.09249467 -0.8603435
vn 0.9983405 -0.0109149721 0.0565429069
vn 0.9749877 0.118853882 -0.187810332
vn 0.9958026 0.021790171 -0.08889526
vn 0.674458444 0.06477158 -0.7354662
vn 0.591064751 0.139613435 -0.794449866
vn 0.996190667 0.08498036 -0.01955832
vn 0.6798284 -0.00262195966 0.7333665
vn 0.707978964 -0.131904468 0.6938062
vn -0.6845487 -0.7168262 -0.132489085
vn -0.285500556 -0.4717207 -0.8342476
vn -0.961268246 -0.186830789 -0.20262666
vn -0.07620321 0.00496283639 -0.997079968
vn -0.217002034 0.0241467971 -0.975872457
vn 0.08251892 -0.5320729 0.8426678
vn -0.6845487 -0.7168262 -0.132489085
vn -0.961268246 -0.186830789 -0.20262666
vn -0.340343356 -0.315890282 0.8856521
vn -0.987881064 -0.111438356 -0.108039446
vn -0.596018136 -0.113246933 0.794944942
vn 0.707291663 -0.2387428 0.6653874
vn 0.9883164 0.0462214053 -0.145238489
vn -0.447412372 -0.281854957 0.848752
vn -0.3482596 0.243595079 -0.9051943
vn 0.593865752 0.289925665 -0.7505109
vn 0.5570499 0.08198732 -0.826422155
vn -0.989217 0.0135976933 -0.145824656
vn -0.9985838 -0.0509020351 0.0154735753
vn -0.347673535 -0.07389923 0.9346989
vn -0.423974 -0.3847992 0.819863141
vn -0.474318147 -0.0257795025 -0.879976
vn 0.6210443 0.144423246 -0.77035445
vn 0.654238164 -0.00570622552 0.7562671
vn 0.8509856 -0.04755508 0.523031533
vn 0.8318413 -0.472191125 0.2916773
vn 0.007587519 -0.2715131 0.962404847
vn 0.008714522 -0.04448687 0.998971939
vn 0.9026916 0.07314594 -0.424025327
vn -0.285500556 -0.4717207 -0.8342476
vn -0.009042184 -0.6511458 -0.7588988
vn -0.00596644357 -0.9567638 -0.290804863
vn -0.6845487 -0.7168262 -0.132489085
vn 0.08251892 -0.5320729 0.8426678
vn 0.00247214548 -0.8018415 0.5975317
vn -0.009496219 -0.2616207 -0.9651241
vn 0.760664463 -0.374388278 -0.530304551
vn 0.9026916 0.07314594 -0.424025327
vn -0.007795895 0.236039534 -0.9717122
vn 0.996190667 0.08498036 -0.01955832
vn 0.6798284 -0.00262195966 0.7333665
vn 0.2860147 0.5889452 -0.755869746
vn 0.5058676 0.861711 0.039396897
vn 0.03571123 0.03632163 -0.9987019
vn 0.6845074 0.54720813 0.481677175
vn 0.8173303 0.0257257111 -0.5755948
vn 0.8173303 0.0257257111 -0.5755948
vn 0.8173303 0.0257257111 -0.5755948
vn 0.85109067 0.2054053 -0.483170033
vn 0.85109067 0.2054053 -0.483170033
vn 0.85109067 0.2054053 -0.483170033
vn -0.0183128826 -0.488398224 -0.872428656
vn -0.0183128826 -0.488398224 -0.872428656
vn -0.0183128826 -0.488398224 -0.872428656
vn -0.144544035 -0.3919771 -0.908548832
vn -0.144544035 -0.3919771 -0.908548832
vn -0.144544035 -0.3919771 -0.908548832
vn 0.288722366 -0.337207139 -0.896064043
vn 0.288722366 -0.337207139 -0.896064043
vn 0.288722366 -0.337207139 -0.896064043
vn 0.5101483 0.0425798856 -0.859031856
vn 0.5101483 0.0425798856 -0.859031856
vn 0.5101483 0.0425798856 -0.859031856
vn 0.760664463 -0.374388278 -0.530304551
vn 0.5058676 0.861711 0.039396897
vn 0.2860147 0.5889452 -0.755869746
vn 0.828314 0.138736844 -0.5428149
vn -0.989217 0.0135976933 -0.145824656
vn -0.987881064 -0.111438356 -0.108039446
vn 0.605565965 0.09397692 0.7902267
vn -0.668305635 0.0315393768 -0.743217945
vn -0.9885163 0.0491988845 0.142881408
vn 0.608086646 0.323508948 0.724963844
vn -0.3747357 -0.00221316027 0.92712903
vn -0.4771536 -0.09341165 0.873841345
vn -0.9977809 0.0607063472 0.0273495875
vn -0.935343564 0.350484461 0.04788603
vn -0.808410048 0.18384546 0.55917263
vn -0.9019555 0.08627072 0.423123658
vn -0.755850852 0.418195426 -0.5037877
vn -0.837775052 0.140421852 -0.5276501
vn -0.432233959 0.140318483 -0.890777469
vn -0.337498337 0.440430254 -0.8319351
vn -0.874458849 -0.3985582 -0.2765377
vn -0.396771431 -0.348889768 -0.8490279
vn -0.874458849 -0.3985582 -0.2765377
vn -0.9690676 -0.20302166 0.14032194
vn -0.725033641 -0.388402939 0.5687437
vn -0.0622232445 -0.7853543 -0.6159114
vn -0.107578225 0.00370425219 -0.994189739
vn -0.121764325 -0.8993638 0.4199026
vn -0.121764325 -0.8993638 0.4199026
vn -0.0300483126 0.06943138 -0.9971341
vn -0.3774477 -0.30469346 0.8744685
vn -0.8212654 -0.2097409 0.530595839
vn -0.306168944 -0.118292637 0.9445991
vn -0.2312139 0.287870884 0.929338753
vn -0.7130148 0.301437944 0.633044243
vn -0.673389256 0.184957772 0.7157776
vn -0.888014555 -0.188786685 0.4192729
vn -0.205336556 0.6443139 0.7366794
vn -0.26984027 0.7159312 0.6439168
vn -0.721431 0.1478593 0.6765168
vn -0.9540788 0.295822531 0.0471449234
vn -0.342674136 -0.216355771 0.9142016
vn -0.755850852 0.418195426 -0.5037877
vn -0.6267789 0.364868939 -0.688490331
vn -0.2077367 0.3011575 -0.9306716
vn -0.6267789 0.364868939 -0.688490331
vn -0.493418068 0.765434146 0.413097084
vn -0.661913 0.5605506 0.4976487
vn -0.409099668 0.8818552 -0.234454319
vn -0.509027362 0.85972327 0.0420363359
vn -0.122805238 0.5985952 -0.7915824
vn -0.54229933 0.7556852 -0.3672211
vn -0.409099668 0.8818552 -0.234454319
vn -0.551019549 0.6818061 0.481163055
vn -0.54229933 0.7556852 -0.3672211
vn -0.721056163 0.6768075 -0.148356289
vn -0.899125636 0.437305 0.01836846
vn -0.636233449 0.0569816865 0.769389451
vn -0.6685029 0.0427592881 0.742479265
vn 0.290180475 -0.146049783 -0.945761442
vn -0.121764325 -0.8993638 0.4199026
vn 0.774779141 -0.6182086 0.132421523
vn 0.124123029 -0.4946489 0.860183656
vn 0.008867887 -0.586235046 0.810092449
vn -0.121764325 -0.8993638 0.4199026
vn 0.774779141 -0.6182086 0.132421523
vn -0.5181142 0.394679457 -0.7588055
vn -0.398042917 0.3677264 -0.840439856
vn 0.165721163 -0.0733763948 -0.9834391
vn -0.0622232445 -0.7853543 -0.6159114
vn -0.725033641 -0.388402939 0.5687437
vn -0.673389256 0.184957772 0.7157776
vn -0.5137211 0.457194924 -0.725991368
vn -0.8810314 0.472526342 -0.0224185139
vn 0.264598578 -0.4906019 0.830239356
vn 0.8225633 -0.5494795 -0.146499
vn 0.844366968 -0.515729249 -0.145147428
vn 0.258781642 -0.505959153 0.8228228
vn -0.360148281 0.5582675 -0.74741596
vn -0.808263 0.5838051 0.07669765
vn -0.5919665 0.0223517511 0.805652559
vn -0.592256963 0.1872345 0.783693135
vn 0.293932825 0.0172662884 -0.9556701
vn 0.4155123 0.05019488 -0.9082015
vn 0.844366968 -0.515729249 -0.145147428
vn 0.8225633 -0.5494795 -0.146499
vn -0.841792762 0.5325326 -0.0882834643
vn -0.7659096 0.6347065 0.102616534
vn -0.460837156 0.419644982 -0.782002032
vn -0.412516177 -0.00326261926 -0.9109444
vn 0.372977853 -0.133634016 -0.918166339
vn 0.6206806 -0.4422774 -0.6474151
vn -0.388713241 0.353820026 0.8507135
vn -0.371517152 0.5344314 0.7591825
vn 0.8790249 -0.465363532 -0.103691615
vn 0.88505435 -0.388644785 0.256191432
vn 0.4030315 0.0273954365 0.914775968
vn 0.5041191 -0.288452119 0.8140389
vn 0.88505435 -0.388644785 0.256191432
vn 0.8790249 -0.465363532 -0.103691615
vn -0.314537823 0.6195071 -0.7192196
vn 0.485053778 0.0150708482 -0.8743545
vn 0.9970302 -0.07627897 -0.0106000071
vn 0.9968409 -0.0529562645 0.0591930151
vn 0.5559596 -0.09203965 -0.826097846
vn 0.439897448 0.0338097364 -0.897411346
vn -0.7649882 -0.314699441 0.5619229
vn -0.99206686 0.0994713455 -0.07686901
vn -0.9980551 0.05091654 0.0359653719
vn -0.6515064 -0.03069923 0.7580218
vn 0.9907558 0.0323815458 0.131735921
vn 0.9968409 -0.0529562645 0.0591930151
vn 0.419626445 0.04621676 0.906519532
vn 0.5167052 0.226586521 0.8256357
vn -0.447624266 0.0283777565 -0.89377135
vn -0.974148452 0.139272764 -0.177870318
vn -0.9971016 0.0108680036 0.07530129
vn -0.5209466 -0.07973688 -0.849856853
vn -0.99666214 0.04463551 -0.0683535
vn -0.9947692 0.10211423 -0.00261413888
vn -0.6002497 0.151545063 -0.7853244
vn -0.586110532 0.05571889 -0.808312953
vn -0.6645611 0.00712934742 0.7471999
vn -0.6921775 -0.1161239 0.7123241
vn 0.659324646 -0.7316902 -0.172975242
vn 0.967316 -0.2137241 -0.136461765
vn 0.24293296 -0.5042737 -0.8286686
vn 0.07860115 -0.0399270728 -0.996106267
vn 0.411424845 -0.03252889 -0.910863042
vn -0.07009637 -0.531355262 0.8442441
vn 0.3472893 -0.321251422 0.8810151
vn 0.967316 -0.2137241 -0.136461765
vn 0.659324646 -0.7316902 -0.172975242
vn 0.6092213 -0.131663457 0.781993747
vn 0.981056 -0.142052859 -0.131719977
vn -0.695146561 -0.2205692 0.6841933
vn -0.990245 0.07094821 -0.11992193
vn 0.462458819 -0.2918173 0.8372422
vn -0.5760437 0.09488403 -0.8118932
vn -0.606157243 0.303583562 -0.7351261
vn 0.33022967 0.234312549 -0.9143555
vn 0.985115767 -0.0103996219 -0.17157723
vn 0.436102748 -0.393858343 0.8091292
vn 0.3706301 -0.08225921 0.925130665
vn 0.9970302 -0.07627897 -0.0106000071
vn -0.623911262 0.17849952 -0.76083684
vn 0.428815156 -0.0241114572 -0.90307045
vn -0.6341423 0.0111925937 0.773135364
vn -0.8449952 -0.051968433 0.532242835
vn -0.829846263 -0.466318369 0.306434929
vn -0.9114125 0.0742535 -0.404739082
vn 0.24293296 -0.5042737 -0.8286686
vn -0.07009637 -0.531355262 0.8442441
vn 0.659324646 -0.7316902 -0.172975242
vn -0.9114125 0.0742535 -0.404739082
vn -0.7725905 -0.36896947 -0.516687
vn -0.9947692 0.10211423 -0.00261413888
vn -0.6645611 0.00712934742 0.7471999
vn -0.3120379 0.602174342 -0.734859467
vn -0.509027362 0.85972327 0.0420363359
vn -0.107578225 0.00370425219 -0.994189739
vn -0.661913 0.5605506 0.4976487
vn -0.858064532 0.211446613 -0.467991024
vn -0.858064532 0.211446613 -0.467991024
vn -0.858064532 0.211446613 -0.467991024
vn -0.827222168 0.0315395556 -0.5609891
vn -0.827222168 0.0315395556 -0.5609891
vn -0.827222168 0.0315395556 -0.5609891
vn 0.125610247 -0.392932445 -0.9109479
vn 0.125610247 -0.392932445 -0.9109479
vn 0.125610247 -0.392932445 -0.9109479
vn -0.0006379725 -0.488461047 -0.8725855
vn -0.0006379725 -0.488461047 -0.8725855
vn -0.0006379725 -0.488461047 -0.8725855
vn -0.5250112 0.0462395474 -0.8498383
vn -0.5250112 0.0462395474 -0.8498383
vn -0.5250112 0.0462395474 -0.8498383
vn -0.30696854 -0.335100919 -0.890773654
vn -0.30696854 -0.335100919 -0.890773654
vn -0.30696854 -0.335100919 -0.890773654
vn -0.7725905 -0.36896947 -0.516687
vn -0.3120379 0.602174342 -0.734859467
vn -0.509027362 0.85972327 0.0420363359
vn -0.837775052 0.140421852 -0.5276501
vn 0.985115767 -0.0103996219 -0.17157723
vn 0.981056 -0.142052859 -0.131719977
vn -0.5899737 0.104587026 0.800620139
vn 0.6615193 0.025988711 -0.7494777
vn 0.9907558 0.0323815458 0.131735921
vn -0.5981371 0.326423615 0.7319014
vn 0.667865932 0.07709425 -0.740278
vn 0.402322173 0.1903557 -0.8954896
vn 0.547400057 0.05198781 -0.8352547
vn 0.206185639 0.15123421 -0.9667552
vn 0.492389828 0.265113 -0.8290159
vn 0.238290548 0.5960717 0.7667569
vn 0.17196247 0.287729442 0.942146838
vn 0.4101567 0.397545785 0.820809841
vn 0.5619924 0.263500452 0.7840485
vn 0.263784438 0.2597831 0.928940535
vn 0.6966376 0.3228989 0.64065
vn 0.830486357 0.243952379 -0.500779033
vn 0.842063546 0.0970168859 -0.530581534
vn 0.8564637 0.09693958 -0.5070234
vn 0.9382471 0.322021365 -0.1264699
vn 0.842809856 0.40691942 0.352261454
vn 0.9165247 0.214113951 0.337842762
vn 0.97287786 0.16404596 -0.16308777
vn 0.9706791 0.162733346 -0.1769178
vn 0.936731339 0.219144836 0.272965
vn 0.441300154 0.414462358 -0.7959115
vn 0.7666837 0.3562138 -0.534142137
vn 0.8579371 0.5112965 -0.05019758
vn 0.663402438 0.6116613 0.4310077
vn 0.6154808 0.107786827 -0.7807467
vn 0.229323074 0.212546557 -0.949860454
vn 0.4646036 0.2262126 -0.856137455
vn 0.15414989 0.354409128 -0.9222971
vn 0.3762057 0.504600942 -0.777076
vn 0.310454965 0.411768347 0.856775641
vn 0.172079831 0.237006411 0.9561467
vn 0.358156651 0.393294275 0.8467842
vn 0.5080854 0.305692047 0.805233836
vn 0.195764422 0.225142047 0.954456568
vn 0.648978949 0.277893752 0.7082382
vn 0.71083194 0.564900041 -0.4190536
vn 0.846476734 0.185198516 -0.499177963
vn 0.8817764 0.031765908 -0.47059682
vn 0.8396699 0.543089 -0.00296639581
vn 0.73074317 0.519082546 0.443359584
vn 0.886954248 0.29027003 0.359242916
vn 0.9663989 0.230172187 -0.114428662
vn 0.9666117 0.199221835 -0.161159992
vn 0.911824167 0.264053971 0.3144077
vn 0.2715056 0.688935459 -0.6720511
vn 0.5403374 0.7562142 -0.369019717
vn 0.679508865 0.7315727 0.0553995
vn 0.5928562 0.6132433 0.5219714
vn 0.464643866 0.421850681 -0.7785551
vn 0.06020783 0.4530461 -0.8894516
vn 0.337185234 0.473739266 -0.81355834
vn -0.0254092626 0.496147245 -0.8678665
vn 0.214659929 0.6177258 -0.7565289
vn 0.107307747 0.55147773 0.827258945
vn -0.03952777 0.232645079 0.9717581
vn 0.230870232 0.368901879 0.900339
vn 0.413827449 0.2177672 0.8839255
vn 0.0848030448 0.2688762 0.9594342
vn 0.151495159 0.03697068 0.9877664
vn 0.6054592 0.667145848 -0.433976442
vn 0.7351107 0.489729345 -0.46880424
vn 0.7804074 0.42860797 -0.455257535
vn 0.788190365 0.615380466 0.007925471
vn 0.6664429 0.551113844 0.5021229
vn 0.8231729 0.326312721 0.464657247
vn 0.9056206 0.42384246 -0.0144540332
vn 0.924943447 0.3799384 -0.0112461783
vn 0.8435734 0.311893821 0.437156975
vn 0.7150485 0.359473139 0.599570453
vn 0.136647627 0.722412 -0.677826166
vn 0.455416977 0.78757906 -0.415108
vn 0.6298731 0.774596632 0.05709589
vn 0.452745676 0.7265144 0.5169121
vn -0.6465758 0.0823074356 -0.758396447
vn -0.515944064 0.0364379175 -0.855846941
vn -0.2909557 0.0536750741 -0.9552297
vn -0.190423876 0.102990516 -0.9762846
vn -0.5002126 0.2711137 -0.8223653
vn -0.209861383 0.6022873 0.7702001
vn -0.3835166 0.406742156 0.8291416
vn -0.143725753 0.291406751 0.945740461
vn -0.5342831 0.281507 0.797054231
vn -0.671270251 0.34925276 0.6537727
vn -0.235499725 0.267230779 0.934412956
vn -0.8501376 0.117174409 -0.513357759
vn -0.8340934 0.265235633 -0.483671665
vn -0.864382446 0.116250411 -0.489212424
vn -0.9295305 0.354875028 -0.100183815
vn -0.9723157 0.1885684 -0.138000324
vn -0.8997218 0.23999317 0.36456
vn -0.8226312 0.4313442 0.370432377
vn -0.9707554 0.185974464 -0.15181388
vn -0.92289865 0.243854418 0.2979818
vn -0.447154552 0.421772838 -0.7887715
vn -0.766693652 0.379332721 -0.5179648
vn -0.837033749 0.546576142 -0.0250814576
vn -0.644532442 0.626451254 0.438334018
vn -0.6166448 0.0716579854 -0.7839734
vn -0.484298825 0.2042811 -0.850719631
vn -0.249401525 0.197560742 -0.9480341
vn -0.167798027 0.356375515 -0.919151962
vn -0.384718567 0.508579552 -0.770284653
vn -0.292269051 0.413899839 0.8621286
vn -0.3385069 0.400143266 0.8516445
vn -0.1509229 0.23814024 0.9594329
vn -0.483543217 0.316411257 0.816131055
vn -0.6239877 0.2901347 0.72557646
vn -0.17090486 0.222836167 0.9597581
vn -0.8490684 0.195954278 -0.490596354
vn -0.7106857 0.5749199 -0.405454129
vn -0.879856765 0.04968606 -0.472634524
vn -0.831724167 0.5550301 0.0132842241
vn -0.963414967 0.252726883 -0.089223
vn -0.8715249 0.310702 0.3793529
vn -0.7162667 0.5281468 0.456095368
vn -0.965864539 0.221189767 -0.134836048
vn -0.8966142 0.2870727 0.337153167
vn -0.278521746 0.690879762 -0.6671663
vn -0.5414468 0.760038137 -0.359412521
vn -0.673229 0.7363546 0.0674143061
vn -0.57914263 0.6173859 0.53238
vn -0.475404471 0.425173 -0.7702068
vn -0.3482245 0.4761619 -0.8074711
vn -0.07279168 0.453516245 -0.888270438
vn 0.0134980157 0.496009827 -0.868212
vn -0.223690435 0.6192757 -0.752635539
vn -0.08868542 0.5521753 0.8289978
vn -0.212227419 0.370472074 0.904273152
vn 0.0584253334 0.232300714 0.970887661
vn -0.396513253 0.2206318 0.8911222
vn -0.133662239 0.03797862 0.990299
vn -0.06584595 0.269408226 0.960772336
vn -0.739840746 0.494943738 -0.455704242
vn -0.608340442 0.671436369 -0.423196346
vn -0.7853206 0.4341433 -0.441351563
vn -0.783556 0.6209357 0.0218843669
vn -0.902715743 0.430234522 0.00160620664
vn -0.8124633 0.3320945 0.479183316
vn -0.653507233 0.5557794 0.5138458
vn -0.9222885 0.386467725 0.00516023859
vn -0.8334506 0.317821026 0.452050716
vn -0.701728463 0.364481479 0.6121523
vn -0.143554613 0.72340256 -0.675337553
vn -0.4571396 0.790804148 -0.4070039
vn -0.623269439 0.7790253 0.06822588
vn -0.438344717 0.7296653 0.5248261
vn 0.008078547 -0.167798668 0.985788167
vn 0.105935447 -0.159124956 0.981558442
vn 0.008481902 -0.08882602 0.996011
vn 0.009087974 0.0663677156 0.997753859
vn 0.09989496 -0.0185687337 0.9948247
vn 0.105552688 0.13773872 0.984828234
vn 0.07171351 0.115020327 0.9907712
vn 0.0636545 0.169792116 0.983422
vn 0.00700191641 0.301140875 0.953554
vn 0.009489372 0.479399383 0.877545536
vn 0.009147286 0.08352055 0.9964641
vn 0.470762 0.2310662 0.851464331
vn 0.00905639 0.0514911 0.9986324
vn 0.31759575 -0.137394875 0.938219368
vn 0.524250746 0.06964747 0.848711
vn 0.008269654 -0.14669925 0.9891466
vn 0.007713902 -0.250296175 0.9681386
vn 0.2471267 -0.22628504 0.942190766
vn 0.558316231 -0.109404266 0.8223829
vn 0.00752722425 -0.2815733 0.9595102
vn 0.436216116 -0.20162943 0.8769613
vn 0.0256337225 0.4119478 -0.9108468
vn 0.0522941276 0.381619781 -0.9228389
vn 0.0377917178 0.388853937 -0.920524
vn 0.289779335 0.442124963 -0.8488542
vn -0.006744829 0.397230864 -0.9176939
vn -0.004946064 0.60362494 -0.7972531
vn 0.415358335 0.325769126 -0.8493244
vn -0.00753714237 0.279712975 -0.9600541
vn -0.00603868347 0.4864284 -0.873699546
vn 0.3552933 0.407191664 -0.841404557
vn -0.006822112 0.3867352 -0.9221656
vn -0.008448475 0.107424915 -0.9941773
vn 0.447487175 -0.06140672 -0.8921796
vn -0.009309967 -0.149833918 -0.988667369
vn 0.412025481 0.298031539 -0.861053
vn 0.477539331 0.350468934 -0.8056846
vn 0.4975278 0.143205255 -0.85554564
vn -0.0068375566 0.3845593 -0.923074961
vn 0.429131955 0.36345163 -0.826891
vn 0.249210253 0.295327365 -0.922320962
vn -0.007945052 0.209219664 -0.9778364
vn 0.07919816 0.143524423 -0.9864727
vn -0.008241607 0.151731029 -0.988387465
vn -0.00771680754 0.249741212 -0.968281865
vn 0.0508165658 0.2891147 -0.9559447
vn -0.00711925 0.344588161 -0.938726962
vn -0.001121374 0.336369544 -0.9417294
vn 0.235609829 0.342310131 -0.9095668
vn 0.0448334552 0.0515628159 0.9976629
vn 0.363178819 0.220384717 0.905279934
vn 0.008037036 -0.192327976 0.9812978
vn 0.009492424 0.256251752 0.966563463
vn -0.08956269 -0.1586786 0.9832597
vn -0.0870991945 0.138367042 0.9865436
vn -0.08233036 -0.017924862 0.996443868
vn 0.0120147718 0.299666 0.9539685
vn -0.0447171032 0.169797584 0.9844639
vn -0.0530524552 0.115393914 0.991902053
vn -0.453916579 0.234334752 0.8596784
vn -0.508577645 0.0733042061 0.85789
vn -0.301840127 -0.135205135 0.9437225
vn -0.5443771 -0.105506435 0.83217907
vn -0.231944725 -0.224591449 0.9464462
vn -0.421982825 -0.1985953 0.8845849
vn -0.0388932042 0.412174433 -0.910274446
vn -0.05138484 0.389168978 -0.9197321
vn -0.06597626 0.3820368 -0.92178905
vn -0.301675737 0.444215149 -0.8436022
vn -0.428062648 0.3287515 -0.8418342
vn -0.367292255 0.409745425 -0.834988058
vn -0.4636836 -0.0581853241 -0.8840882
vn -0.425133884 0.3009909 -0.853619158
vn -0.48928234 0.3538874 -0.7970988
vn -0.5116178 0.146772549 -0.8465843
vn -0.441169351 0.366527051 -0.819162667
vn -0.263457984 0.297139347 -0.917768
vn -0.09568936 0.144142672 -0.9849195
vn -0.0657417253 0.289526761 -0.954909563
vn -0.0132250991 0.3364083 -0.9416234
vn -0.249303117 0.344023645 -0.90526
vn -0.0266017411 0.0518798865 0.998298943
vn -0.3454679 0.22289066 0.9115765
vn 0.393194556 -0.8377955 -0.37880972
vn 0.393194556 -0.8377955 -0.37880972
vn 0.393194556 -0.8377955 -0.37880972
vn -0.1663813 -0.7902235 -0.58980006
vn -0.1663813 -0.7902235 -0.58980006
vn -0.1663813 -0.7902235 -0.58980006
vn 0.7539797 -0.233928472 -0.6138339
vn 0.7539797 -0.233928472 -0.6138339
vn 0.7539797 -0.233928472 -0.6138339
vn 0.8194506 -0.164512455 -0.549032152
vn 0.8194506 -0.164512455 -0.549032152
vn 0.8194506 -0.164512455 -0.549032152
vn -0.302467138 -0.210474744 -0.9296311
vn -0.302467138 -0.210474744 -0.9296311
vn -0.302467138 -0.210474744 -0.9296311
vn -0.2656958 -0.165734559 -0.949704051
vn -0.2656958 -0.165734559 -0.949704051
vn -0.2656958 -0.165734559 -0.949704051
vn 0.246483028 -0.167596176 -0.9545458
vn 0.246483028 -0.167596176 -0.9545458
vn 0.246483028 -0.167596176 -0.9545458
vn 0.247704864 -0.169098541 -0.953964353
vn 0.247704864 -0.169098541 -0.953964353
vn 0.247704864 -0.169098541 -0.953964353
vn -0.8284687 -0.210719377 -0.5188805
vn -0.8284687 -0.210719377 -0.5188805
vn -0.8284687 -0.210719377 -0.5188805
vn -0.768231034 -0.273905247 -0.57861644
vn -0.768231034 -0.273905247 -0.57861644
vn -0.768231034 -0.273905247 -0.57861644
vn 0.23476252 -0.8653776 -0.442728132
vn 0.23476252 -0.8653776 -0.442728132
vn 0.23476252 -0.8653776 -0.442728132
vn -0.267131537 -0.8438556 -0.465347618
vn -0.267131537 -0.8438556 -0.465347618
vn -0.267131537 -0.8438556 -0.465347618
vn 0.110154636 -0.7956855 -0.595609367
vn 0.110154636 -0.7956855 -0.595609367
vn 0.110154636 -0.7956855 -0.595609367
vn -0.4716413 -0.7956688 -0.380086422
vn -0.4716413 -0.7956688 -0.380086422
vn -0.4716413 -0.7956688 -0.380086422
vn -0.8985334 0.438888729 -0.00379984174
vn -0.90248 0.415320665 -0.114186481
vn -0.868375957 0.36366114 -0.337155432
vn -0.8657563 0.472239822 0.165697575
vn -0.791085064 0.468878776 0.392857641
vn 1 0 0
vn -0.8060903 0.284638047 -0.518844545
vn -0.7110912 0.204940528 -0.6725687
vn -0.623235047 0.151416123 -0.7672361
vn 1 0 0
vn -0.3538001 -0.0337310433 -0.934712648
vn -0.8031565 0.430645019 0.41168496
vn -0.204766273 -0.103689179 -0.9733033
vn 1 0 0
vn -0.08216422 -0.155532837 -0.9844077
vn 0.273579925 -0.300286919 -0.913773358
vn 0.2489761 -0.3140766 -0.916169643
vn -0.204766273 -0.103689179 -0.9733033
vn -0.8031565 0.430645019 0.41168496
vn 1 0 0
vn -0.213079378 -0.129497692 -0.968414962
vn 0.5893442 -0.4549916 -0.667574763
vn 0.6508014 -0.4447457 -0.6153526
vn 1 0 0
vn 0.761002541 -0.481221259 -0.435087621
vn 0.5702223 -0.453614056 -0.684894741
vn 0.8800836 -0.454414 -0.137698144
vn 1 0 0
vn 0.901270449 -0.428497225 0.06404431
vn 0.8265999 -0.483389676 -0.2882136
vn 0.866014063 -0.329905629 0.375741839
vn 1 0 0
vn 0.785642564 -0.2469004 0.567279458
vn -0.474322319 0.3806602 0.793798566
vn 0.58716166 -0.09423562 0.8039657
vn 1 0 0
vn -0.5008926 0.4157052 0.7591415
vn 0.171501741 0.153772563 0.973109
vn 0.17427741 0.14871411 0.973402
vn 1 0 0
vn 0.3094603 0.07759421 0.9477412
vn 0.352972358 0.03660833 0.9349173
vn -0.247153625 0.336805165 0.908557832
vn 1 0 0
vn -0.451061726 0.40455097 0.7955387
vn -0.716587067 0.471675962 0.5138334
vn -0.6391335 0.459909737 0.6164344
vn 1 0 0
vn -0.606376648 0.438964218 0.6630368
vn 1 0 0
vn -0.345431238 -0.9372332 0.0476564541
vn -0.34920156 -0.9323068 -0.0941392854
vn -0.337363958 -0.940312445 0.0446997657
vn -0.366915166 -0.9262856 0.0858385041
vn -0.332366824 -0.940072358 0.07613331
vn -0.3658129 -0.9267345 0.085697256
vn -0.306407273 -0.948663831 0.07843156
vn -0.329927981 -0.9162675 -0.227159441
vn -0.336347431 -0.9404496 0.0492443927
vn -0.365176916 -0.9284708 0.06773369
vn -0.365337521 -0.9284027 0.06780046
vn -0.3658876 -0.928201 0.0675956756
vn 0.862890959 0.4718109 0.181145355
vn 1 0 0
vn 0.493392676 0.8674114 0.06450684
vn 1 0 0
vn 0.5859287 0.8096184 0.03472168
vn 1 0 0
vn 0.8388224 0.129951581 -0.5286677
vn 1 0 0
vn 0.515319645 0.79221946 0.3268547
vn 1 0 0
vn 0.0242847223 0.9345495 -0.3550034
vn 1 0 0
vn 0.29223597 0.9562093 0.0161831435
vn 1 0 0
vn 0.429347247 0.8991165 0.08514924
vn 1 0 0
vn 0.216471255 0.976147056 -0.0166472923
vn 1 0 0
vn 0.421977222 0.2460118 -0.872590065
vn 1 0 0
vn 0.64127773 0.7661659 -0.0418649651
vn 1 0 0
vn 0.4301537 -0.5012085 0.7508381
vn 1 0 0
vn -0.716196656 0.6601379 0.226451427
vn -0.716196656 0.6601379 0.226451427
vn -0.716196656 0.6601379 0.226451427
vn -0.786772132 0.538699448 -0.301317871
vn -0.786772132 0.538699448 -0.301317871
vn -0.786772132 0.538699448 -0.301317871
vn -0.55227 0.303520739 -0.776449
vn -0.55227 0.303520739 -0.776449
vn -0.55227 0.303520739 -0.776449
vn -0.7048722 0.383463085 -0.5967506
vn -0.7048722 0.383463085 -0.5967506
vn -0.7048722 0.383463085 -0.5967506
vn 0.0386296622 -0.39445287 -0.9181039
vn 0.0386296622 -0.39445287 -0.9181039
vn 0.0386296622 -0.39445287 -0.9181039
vn 0.424926519 0.226588488 -0.876410365
vn 0.424926519 0.226588488 -0.876410365
vn 0.424926519 0.226588488 -0.876410365
vn 0.9639503 -0.188445047 -0.187851861
vn 0.9639503 -0.188445047 -0.187851861
vn 0.9639503 -0.188445047 -0.187851861
vn 0.92968756 -0.19520165 0.3123738
vn 0.92968756 -0.19520165 0.3123738
vn 0.92968756 -0.19520165 0.3123738
vn 0.6910555 -0.0123325288 0.722696543
vn 0.6910555 -0.0123325288 0.722696543
vn 0.6910555 -0.0123325288 0.722696543
vn 0.121533707 0.216209576 0.968753338
vn 0.121533707 0.216209576 0.968753338
vn 0.121533707 0.216209576 0.968753338
vn 0.4124478 0.243119881 0.8779405
vn 0.4124478 0.243119881 0.8779405
vn 0.4124478 0.243119881 0.8779405
vn -0.5514597 0.5477172 0.6292043
vn -0.5514597 0.5477172 0.6292043
vn -0.5514597 0.5477172 0.6292043
vn -0.8584815 0.300716966 0.415426016
vn -0.963860154 0.24331744 0.108490892
vn -0.941960454 0.315466076 0.114855111
vn -0.7641344 0.320641875 0.559720755
vn -0.806819439 0.259000331 0.5310002
vn 1 0 0
vn -0.9632463 0.2553272 -0.0834542
vn -0.938113749 0.14778547 -0.313212425
vn -0.8991578 0.197020575 -0.390766084
vn 1 0 0
vn -0.8264605 0.10085661 -0.5538872
vn -0.745174646 -0.0163514689 -0.666668832
vn -0.705229 0.0517291836 -0.707089961
vn 1 0 0
vn -0.487480879 -0.1184618 -0.8650602
vn -0.419511378 -0.170306057 -0.8916311
vn 0.5797735 -0.583283961 -0.5688959
vn -0.705229 0.0517291836 -0.707089961
vn -0.745174646 -0.0163514689 -0.666668832
vn 1 0 0
vn -0.0301674455 -0.341717631 -0.939318359
vn 0.04445517 -0.545407832 -0.8369911
vn 0.498970628 -0.6330779 -0.591811359
vn 1 0 0
vn 0.311085045 -0.6266376 -0.7145288
vn 0.3665539 -0.6804246 -0.634555459
vn 0.509299338 -0.6637331 -0.547788739
vn 1 0 0
vn 0.6342119 -0.6988717 -0.3306866
vn 0.629319966 -0.7220799 -0.287327439
vn 0.7473068 -0.658257067 -0.0907202438
vn 1 0 0
vn 0.774634361 -0.611999869 0.159366891
vn 0.7573402 -0.6280293 0.1789274
vn 0.768631041 -0.4944874 0.4058183
vn 1 0 0
vn 0.675116539 -0.3653427 0.64089185
vn 0.6216347 -0.334331065 0.7083735
vn 0.4603059 -0.186708525 0.8679046
vn 1 0 0
vn 0.368274331 -0.113070615 0.9228158
vn -0.0187482219 -0.06683867 0.9975876
vn -0.6325866 0.428699285 0.645020247
vn 1 0 0
vn -0.104719363 0.04748984 0.9933673
vn -0.456106454 0.17849791 0.871840239
vn -0.243969068 0.129912585 0.961042047
vn 1 0 0
vn -0.541411161 0.235608652 0.8070703
vn 1 0 0
vn -0.985605359 -0.169007987 0.00428221468
vn -0.880910754 -0.0447313152 -0.471163839
vn -0.5459062 0.102333821 0.831573367
vn -0.355862051 -0.9345283 0.00436370028
vn -0.653290451 -0.7417392 0.151771262
vn -0.4648612 -0.87769413 0.116435073
vn -0.317902625 -0.938314438 0.136029065
vn 0.16629 -0.814678 0.55556035
vn -0.8471016 -0.473805934 0.24067986
vn -0.104026586 0.8531204 0.5112378
vn -0.791115 0.5175959 0.325931937
vn -0.450849026 -0.8583359 0.244937912
vn 0.515823841 0.8479563 -0.122048452
vn 1 0 0
vn 0.5159068 0.847898543 -0.122099407
vn 1 0 0
vn 0.5158202 0.8479569 -0.12205974
vn 1 0 0
vn 0.5158012 0.8479706 -0.122044951
vn 1 0 0
vn 0.546598434 0.8319336 -0.09548112
vn 1 0 0
vn 0.768171549 0.6240885 0.142919451
vn 1 0 0
vn 0.545459449 0.8325685 -0.09645537
vn 1 0 0
vn 0.5156949 0.84804374 -0.121985979
vn 1 0 0
vn 0.51580745 0.84796685 -0.122044869
vn 1 0 0
vn 0.5158205 0.8479559 -0.122065634
vn 1 0 0
vn 0.5158219 0.8479581 -0.122044615
vn 1 0 0
vn 0.515870333 0.8479357 -0.121995516
vn 1 0 0
vn -0.426353961 0.729271352 0.5351501
vn -0.426353961 0.729271352 0.5351501
vn -0.426353961 0.729271352 0.5351501
vn -0.6178261 0.7812431 0.0891634151
vn -0.6178261 0.7812431 0.0891634151
vn -0.6178261 0.7812431 0.0891634151
vn -0.595793366 0.6980622 -0.397164315
vn -0.595793366 0.6980622 -0.397164315
vn -0.595793366 0.6980622 -0.397164315
vn -0.363456815 0.5005934 -0.7856878
vn -0.363456815 0.5005934 -0.7856878
vn -0.363456815 0.5005934 -0.7856878
vn 0.0108721554 0.246803686 -0.9690045
vn 0.0108721554 0.246803686 -0.9690045
vn 0.0108721554 0.246803686 -0.9690045
vn 0.4242819 0.00709248 -0.9055024
vn 0.4242819 0.00709248 -0.9055024
vn 0.4242819 0.00709248 -0.9055024
vn 0.77196753 -0.157575339 -0.61582154
vn 0.77196753 -0.157575339 -0.61582154
vn 0.77196753 -0.157575339 -0.61582154
vn 0.9637072 -0.204779744 -0.171270728
vn 0.9637072 -0.204779744 -0.171270728
vn 0.9637072 -0.204779744 -0.171270728
vn 0.9288426 -0.06500722 0.364726633
vn 0.9288426 -0.06500722 0.364726633
vn 0.9288426 -0.06500722 0.364726633
vn 0.739534 0.03696472 0.6721034
vn 0.739534 0.03696472 0.6721034
vn 0.739534 0.03696472 0.6721034
vn 0.3357861 0.323660344 0.8845856
vn 0.3357861 0.323660344 0.8845856
vn 0.3357861 0.323660344 0.8845856
vn -0.07833344 0.5616637 0.823649049
vn -0.07833344 0.5616637 0.823649049
vn -0.07833344 0.5616637 0.823649049
vn 0.5209187 0.8339139 -0.182294324
vn 0.564697266 0.5795465 0.5875737
vn 0.927333534 0.2733161 0.255638063
vn 0.5209187 0.8339139 -0.182294324
vn 0.0796643347 0.8569947 0.5091303
vn 0.5209187 0.8339139 -0.182294324
vn -0.252445728 0.965439439 0.06479033
vn 0.5209187 0.8339139 -0.182294324
vn -0.237175 0.8327678 -0.50024575
vn 0.5209187 0.8339139 -0.182294324
vn 0.12796995 0.53749007 -0.833503544
vn 0.5209187 0.8339139 -0.182294324
vn 0.6114803 0.246869415 -0.7517628
vn 0.5209187 0.8339139 -0.182294324
vn 0.9429901 0.137801975 -0.3029526
vn 0.5209187 0.8339139 -0.182294324
vn 0.927333534 0.2733161 0.255638063
vn 0.303028971 0.0287728682 0.9525469
vn 0.775392 -0.384044 0.5012759
vn -0.3549516 0.405374736 0.842425466
vn -0.804538846 0.542598546 0.2414624
vn -0.7810214 0.363269627 -0.507977068
vn -0.295144945 -0.0294223242 -0.9549994
vn 0.363148153 -0.3981784 -0.842364132
vn 0.7887496 -0.563839734 -0.244864941
vn 0.775392 -0.384044 0.5012759
vn -0.1264604 -0.5227472 0.8430558
vn 0.211194515 -0.8383325 0.5025888
vn -0.608816564 -0.255377948 0.751082242
vn -0.9413217 -0.152405664 0.301141143
vn -0.9227567 -0.2864975 -0.25775817
vn -0.560281336 -0.578625739 -0.5926863
vn -0.0727537 -0.856917739 -0.510292947
vn 0.255939543 -0.9640352 -0.07163176
vn 0.211194515 -0.8383325 0.5025888
vn -0.521620452 -0.8347028 0.176588237
vn -0.521620452 -0.8347028 0.176588237
vn -0.521620452 -0.8347028 0.176588237
vn -0.521620452 -0.8347028 0.176588237
vn -0.521620452 -0.8347028 0.176588237
vn -0.521620452 -0.8347028 0.176588237
vn -0.521620452 -0.8347028 0.176588237
vn -0.521620452 -0.8347028 0.176588237
vn -0.8209306 0.328040272 -0.467399776
vn -0.8209217 0.327951461 -0.46747762
vn -0.8065394 0.5142927 -0.291542768
vn -0.80654496 0.5142744 -0.291559637
vn -0.772177637 0.130114943 -0.621942
vn -0.7720895 0.129908666 -0.6220945
vn -0.6645307 -0.06505812 -0.7444235
vn -0.6642726 -0.06541918 -0.744622231
vn -0.5063724 -0.2439961 -0.827074945
vn -0.505886734 -0.244458631 -0.8272355
vn -0.309142441 -0.394919485 -0.865141332
vn -0.308414757 -0.39538303 -0.8651893
vn -0.08613554 -0.5083311 -0.8568431
vn -0.08519886 -0.5087161 -0.8567083
vn 0.148261949 -0.5772145 -0.8030205
vn 0.14926596 -0.5774126 -0.802691936
vn 0.3745811 -0.6011448 -0.705913544
vn 0.379858524 -0.59703505 -0.706580937
vn 0.14926596 -0.5774126 -0.802691936
vn 0.148261949 -0.5772145 -0.8030205
vn 0.5766994 -0.5753062 -0.580035
vn 0.5889118 -0.5693603 -0.573595464
vn 0.7566095 -0.494492561 -0.42780745
vn 0.7781284 -0.48287034 -0.401686966
vn 0.900737643 -0.3631955 -0.238245055
vn 0.9061168 -0.3564022 -0.227881134
vn 0.977484941 -0.2034758 -0.05586423
vn 0.977525949 -0.2033131 -0.0557383262
vn 0.992809 -0.0179141778 0.118361048
vn 0.992819 -0.018012 0.118262194
vn 0.9454694 0.17882596 0.2722296
vn 0.9456455 0.178380445 0.271909773
vn 0.839614153 0.372809678 0.395045668
vn 0.840101242 0.3721395 0.3946417
vn 0.6834576 0.5509938 0.4788439
vn 0.6841975 0.5503135 0.478569627
vn 0.487944782 0.702087462 0.51863575
vn 0.5379603 0.677110434 0.5021157
vn 0.3554506 0.7875115 0.5034684
vn 0.346972346 0.793146551 0.5005285
vn 0.11801064 0.8819339 0.4563618
vn 0.0275300425 0.8854959 0.463830948
vn -0.193538308 0.912395537 0.3606623
vn -0.203748152 0.907298148 0.367827028
vn -0.416999429 0.8781745 0.234352514
vn -0.4166828 0.8782595 0.234597012
vn -0.5965561 0.7992938 0.07245814
vn -0.5964527 0.799354851 0.07263578
vn -0.7298305 0.67517823 -0.107153356
vn -0.7297542 0.6752834 -0.107009977
vn -0.820928335 0.3280276 -0.4674126
vn -0.8065281 0.5143172 -0.291530818
vn -0.7721888 0.130157024 -0.621919334
vn -0.6645295 -0.06505391 -0.744425
vn -0.506341934 -0.244032264 -0.8270829
vn -0.320003539 -0.3990928 -0.859257042
vn -0.094379425 -0.5258302 -0.8453373
vn 0.1426511 -0.5930639 -0.792417765
vn 0.314520448 -0.607556939 -0.72935003
vn 0.1426511 -0.5930639 -0.792417765
vn 0.534668744 -0.5826978 -0.6120397
vn 0.765578151 -0.491535872 -0.415069342
vn 0.900164843 -0.364691973 -0.238123834
vn 0.977458656 -0.203596845 -0.0558824539
vn 0.992809534 -0.0180523675 0.118335642
vn 0.94548583 0.1787316 0.2722343
vn 0.8396535 0.372719765 0.395046771
vn 0.6834734 0.55094856 0.478873461
vn 0.48786062 0.7020969 0.5187022
vn 0.26597777 0.8166309 0.512220442
vn 0.0420961566 0.891211331 0.451630622
vn -0.09323838 0.916206837 0.3897071
vn -0.317453921 0.9089606 0.270210445
vn -0.5902504 0.804197 0.0697972849
vn -0.7297976 0.6752196 -0.107116692
vn -0.827042937 0.3235921 -0.459660947
vn -0.8079635 0.5141734 -0.2877859
vn -0.782061636 0.12108656 -0.6113245
vn -0.67671895 -0.07853686 -0.7320406
vn -0.5190939 -0.261187762 -0.813832
vn -0.461767137 -0.311777741 -0.830400944
vn -0.244199663 -0.4459095 -0.8611221
vn 0.136219576 -0.5947009 -0.7923226
vn 0.3691154 -0.6120234 -0.699414849
vn 0.136219576 -0.5947009 -0.7923226
vn 0.583004355 -0.57510066 -0.573903441
vn 0.766562 -0.489828467 -0.415272
vn 0.900085747 -0.364828944 -0.238213047
vn 0.9774275 -0.20373252 -0.0559332743
vn 0.992804468 -0.0181298424 0.118366428
vn 0.9454967 0.178645268 0.2722533
vn 0.839600444 0.372736484 0.395143777
vn 0.6835386 0.550842643 0.478902221
vn 0.488086224 0.701941669 0.5187
vn 0.265943646 0.81661737 0.5122598
vn 0.03157707 0.8874171 0.459884524
vn -0.199761167 0.9094137 0.364777
vn -0.4065359 0.884481251 0.2289573
vn -0.5258371 0.8417176 0.1225024
vn -0.679347336 0.732103169 -0.05012176
vn -0.8275856 0.320655465 -0.460740924
vn -0.808732152 0.511775136 -0.289894074
vn -0.7826173 0.118141964 -0.611189544
vn -0.6778429 -0.08093283 -0.7307386
vn -0.521435142 -0.262854785 -0.811796
vn -0.324587226 -0.415636033 -0.849640965
vn -0.102982327 -0.5174698 -0.84948194
vn 0.1430387 -0.580997 -0.80123806
vn 0.3742853 -0.601099968 -0.70610857
vn 0.1430387 -0.580997 -0.80123806
vn 0.586795568 -0.570278943 -0.5748503
vn 0.7664449 -0.4899248 -0.415374428
vn 0.900123 -0.364813358 -0.2380961
vn 0.9774053 -0.203836218 -0.0559430122
vn 0.9928045 -0.0182241537 0.11835137
vn 0.9455016 0.178570792 0.272284955
vn 0.8397529 0.3724846 0.3950573
vn 0.6834634 0.5508687 0.478979617
vn 0.487817019 0.7020579 0.518795967
vn 0.266085535 0.816536 0.51231575
vn 0.031709712 0.8873836 0.459940046
vn -0.199851871 0.9093947 0.364774674
vn -0.413017124 0.8804913 0.232705608
vn -0.5939159 0.8013394 0.0715481043
vn -0.728201449 0.676897347 -0.107390083
vn -0.823269665 0.4228216 -0.378746539
vn -0.775969565 0.59903723 -0.19754906
vn -0.8069844 0.22783944 -0.544853449
vn -0.728964865 0.0286196917 -0.68395257
vn -0.595768869 -0.16071637 -0.7869115
vn -0.417194664 -0.327710539 -0.8476759
vn -0.205658153 -0.461580426 -0.862930059
vn 0.0243945047 -0.553807557 -0.832287252
vn -0.205658153 -0.461580426 -0.862930059
vn 0.2594244 -0.598994851 -0.757564664
vn 0.0243945047 -0.553807557 -0.832287252
vn 0.483236343 -0.593670666 -0.6434577
vn 0.680976033 -0.537797 -0.4970373
vn 0.8394392 -0.434106559 -0.326945424
vn 0.946063042 -0.289559662 -0.145327121
vn 0.9927911 -0.114814557 0.0344011672
vn 0.9765546 0.0786213651 0.20039925
vn 0.899191141 0.275612563 0.339842677
vn 0.7669024 0.463362545 0.444022417
vn 0.5892015 0.6296212 0.506378055
vn 0.378751516 0.7634711 0.5231244
vn 0.149228841 0.8568028 0.493578434
vn -0.08631294 0.903847635 0.419057876
vn -0.310232729 0.900498331 0.3047268
vn -0.5091378 0.8462543 0.156946838
vn -0.6688637 0.743232965 -0.0150350807
vn -0.3668276 -0.612015665 0.7006242
vn -0.3568868 -0.6257935 0.6935519
vn -0.356738627 -0.626018941 0.6934247
vn -0.356993645 -0.625859857 0.69343704
vn -0.3618193 -0.625266254 0.691468656
vn -0.3567824 -0.6260463 0.6933775
vn -0.356824547 -0.6260312 0.6933694
vn -0.356541961 -0.625949 0.6935889
vn -0.356734961 -0.6260232 0.6934228
vn -0.356726348 -0.6259926 0.693454862
vn -0.356724 -0.6259955 0.6934534
vn -0.356714547 -0.6261114 0.693353653
vn -0.3600975 -0.632947564 0.685351849
vn -0.356939018 -0.625771761 0.6935447
vn -0.3324323 -0.6743776 0.659320533
vn -0.6464081 -0.417541027 0.6386048
vn -0.3852502 -0.621685 0.681975067
vn -0.35616833 -0.6229501 0.6964749
vn -0.35665077 -0.622842669 0.69632405
vn -0.356199622 -0.62270236 0.6966804
vn -0.3722636 -0.624924839 0.6862134
vn -0.534213 -0.7670869 0.35523808
vn -0.365511775 -0.5889274 0.720809042
vn -0.356761158 -0.6259105 0.693511
vn 1 0 0
vn -0.384203941 0.85083735 0.3584175
vn -0.384388238 0.8511091 0.357573837
vn -0.400599122 0.716838956 0.5706683
vn -0.400197268 0.7163473 0.571566939
vn -0.3285026 0.936086833 0.12580727
vn -0.328569263 0.9361483 0.125174433
vn -0.236559033 0.965347648 -0.110198557
vn -0.236655876 0.965308249 -0.1103357
vn -0.11471352 0.9360064 -0.33276543
vn -0.114910319 0.936082542 -0.332483232
vn 0.02814834 0.850227237 -0.5256627
vn 0.02784015 0.8505004 -0.525237143
vn 0.181795254 0.7145925 -0.675505757
vn 0.181316853 0.7152298 -0.67495966
vn 0.3354882 0.539322436 -0.77238524
vn 0.334965467 0.540289 -0.7719365
vn 0.478972942 0.336960584 -0.810581565
vn 0.478535771 0.338091582 -0.8103688
vn 0.334965467 0.540289 -0.7719365
vn 0.3354882 0.539322436 -0.77238524
vn 0.603180647 0.121088617 -0.788359463
vn 0.6029056 0.122228146 -0.788394034
vn 0.700367749 -0.09440544 -0.7075116
vn 0.70028615 -0.0933967456 -0.7077262
vn 0.764282167 -0.29578805 -0.573046446
vn 0.7643642 -0.294951379 -0.5733682
vn 0.79035145 -0.4698774 -0.393140972
vn 0.790544033 -0.4693218 -0.393417329
vn 0.7760766 -0.6046853 -0.179055259
vn 0.77627486 -0.6043829 -0.179216743
vn 0.721513867 -0.6902067 0.05506722
vn 0.721681654 -0.690040052 0.0549573
vn 0.6297864 -0.719501555 0.292722762
vn 0.6298734 -0.719445348 0.292673677
vn 0.5072384 -0.6899381 0.516424835
vn 0.507202 -0.6899551 0.5164378
vn 0.3628701 -0.6037142 0.709827065
vn 0.3626487 -0.6037542 0.709906161
vn 0.207363471 -0.4675936 0.8592768
vn 0.206940234 -0.467581183 0.85938555
vn 0.0519776829 -0.291936666 0.955024242
vn 0.0514229126 -0.291834682 0.955085456
vn -0.09261292 -0.08934571 0.9916855
vn -0.093272984 -0.08909342 0.991646349
vn -0.217019543 0.126494944 0.967936754
vn -0.217791483 0.126979679 0.9676999
vn -0.3134948 0.34173432 0.8859676
vn -0.314223349 0.3423334 0.885478139
vn -0.375943154 0.542684555 0.751105964
vn -0.376545727 0.543312669 0.7503497
vn -0.3836466 0.8509115 0.35883823
vn -0.3994935 0.7165107 0.571854353
vn -0.328092963 0.9362022 0.126017645
vn -0.236324281 0.96541816 -0.110084616
vn -0.114669845 0.9360301 -0.332713842
vn 0.02810377 0.8501166 -0.525844038
vn 0.1816771 0.714340866 -0.675803661
vn 0.335237652 0.5389943 -0.772723
vn 0.478621036 0.3365745 -0.810949743
vn 0.335237652 0.5389943 -0.772723
vn 0.6027779 0.120609321 -0.7887409
vn 0.699921846 -0.0948918462 -0.7078877
vn 0.7638309 -0.2962563 -0.5734061
vn 0.789938867 -0.470292121 -0.3934741
vn 0.775767565 -0.604988456 -0.179370075
vn 0.72135067 -0.690395 0.0548448041
vn 0.629749656 -0.7195734 0.292625248
vn 0.5073075 -0.6898489 0.5164761
vn 0.363014162 -0.6034284 0.7099964
vn 0.207670048 -0.467167228 0.859434664
vn 0.0525101721 -0.291469634 0.9551377
vn -0.09191945 -0.088897936 0.9917903
vn -0.216229483 0.1268819 0.9680629
vn -0.3126576 0.3420159 0.88615483
vn -0.375149876 0.54291147 0.7513386
vn -0.340818554 0.8630771 0.372747481
vn -0.353939533 0.7315464 0.582723439
vn -0.29078877 0.946162045 0.142194331
vn -0.206688717 0.973921239 -0.09357972
vn -0.0939451 0.9434252 -0.317998827
vn 0.035966482 0.8562009 -0.5153897
vn 0.182726637 0.715624034 -0.674161136
vn 0.3334381 0.538970232 -0.773518
vn 0.474572241 0.334990948 -0.813979268
vn 0.3334381 0.538970232 -0.773518
vn 0.5971886 0.117233366 -0.7934873
vn 0.69339776 -0.09987887 -0.7135992
vn 0.75698173 -0.30244872 -0.5792266
vn 0.7833013 -0.477033556 -0.398595154
vn 0.7698038 -0.611485958 -0.182994559
vn 0.7164927 -0.695584059 0.0529246554
vn 0.626616836 -0.722518444 0.2920931
vn 0.506608546 -0.6892873 0.51791
vn 0.367158979 -0.5964426 0.713758051
vn 0.219754025 -0.4534843 0.8637477
vn 0.07300745 -0.272732139 0.959315956
vn -0.0630261153 -0.06742886 0.9957314
vn -0.179854691 0.14878726 0.972375751
vn -0.270611674 0.362586617 0.8917961
vn -0.3299017 0.5609503 0.759275734
vn -0.3085649 0.87487 0.373350024
vn -0.319489121 0.7463117 0.5839054
vn -0.262560964 0.954414845 0.141964912
vn -0.183748037 0.9783273 -0.09545902
vn -0.07716771 0.9435404 -0.3221439
vn -0.15611 0.968024731 -0.1963613
vn -0.00694580656 0.8991193 -0.4376485
vn 0.324265927 0.5327997 -0.7816496
vn 0.4572982 0.3227915 -0.828664
vn 0.324265927 0.5327997 -0.7816496
vn 0.5741098 0.09906568 -0.812763155
vn 0.666949034 -0.123244107 -0.734840035
vn 0.7294577 -0.329165071 -0.5996181
vn 0.7568607 -0.5042524 -0.41580227
vn 0.746589959 -0.63595283 -0.195364773
vn 0.69858253 -0.7140541 0.04592607
vn 0.615868151 -0.732380569 0.2903879
vn 0.456726879 -0.653230548 0.603896
vn 0.3291165 -0.5615353 0.759184062
vn 0.23322238 -0.443493336 0.8654022
vn 0.09266377 -0.2586859 0.961506665
vn -0.03772525 -0.0506090336 0.998005748
vn -0.1500819 0.167268038 0.974421263
vn -0.23753266 0.381001085 0.8935415
vn -0.295186579 0.5780812 0.760714769
vn -0.334686 0.8116951 0.478681833
vn -0.3268293 0.661943853 0.6745465
vn -0.306336135 0.917314351 0.254347354
vn -0.243143171 0.9698348 0.0173729584
vn -0.148183644 0.964592457 -0.218181
vn -0.0287662186 0.90096575 -0.4329356
vn -0.26718232 0.962803543 -0.0402851962
vn 0.2485998 0.622175753 -0.742358
vn -0.26718232 0.962803543 -0.0402851962
vn 0.3794755 0.4201235 -0.8243146
vn 0.2485998 0.622175753 -0.742358
vn 0.500077 0.197011843 -0.843273
vn 0.6019362 -0.0309934448 -0.79794246
vn 0.678494453 -0.24897401 -0.6911275
vn 0.7241546 -0.441579163 -0.5297245
vn 0.735260248 -0.595170259 -0.3242911
vn 0.710196733 -0.6984466 -0.0882782862
vn 0.650210857 -0.7426925 0.1601054
vn 0.559133232 -0.7244296 0.403201938
vn 0.329394966 -0.549658358 0.7677074
vn 0.301915556 -0.523948133 0.7964454
vn 0.157522649 -0.3568036 0.9208028
vn 0.0189338457 -0.1600523 0.9869269
vn -0.105774179 0.0538871624 0.992929
vn -0.208714753 0.270888031 0.9397116
vn -0.283796 0.477440834 0.831570864
vn -0.783913851 -0.502910435 -0.364088178
vn -0.784036756 -0.502846956 -0.363911122
vn -0.7840601 -0.5028492 -0.363857716
vn -0.7839917 -0.502899766 -0.363935173
vn -0.7840025 -0.502918661 -0.363885939
vn -0.784536541 -0.5022905 -0.36360243
vn -0.7839812 -0.502979755 -0.3638473
vn -0.783806264 -0.5032936 -0.363790244
vn -0.7839953 -0.5029693 -0.363831431
vn -0.7840021 -0.5030768 -0.363668
vn -0.7840023 -0.5030556 -0.363697
vn -0.7839417 -0.5028724 -0.364080727
vn -0.783957958 -0.5030073 -0.363859236
vn -0.7836644 -0.503037333 -0.3644496
vn -0.783997655 -0.503049433 -0.3637155
vn -0.7835863 -0.503359854 -0.364172131
vn -0.783855438 -0.503132463 -0.3639071
vn -0.783737242 -0.5032932 -0.363939375
vn -0.783776343 -0.503241837 -0.3639262
vn -0.7838796 -0.503047466 -0.363972574
vn -0.7839075 -0.5030143 -0.3639584
vn -0.783867538 -0.502970159 -0.364105284
vn -0.7838918 -0.5028835 -0.364172876
vn -0.7839318 -0.5029959 -0.363931477
vn 1 0 0
vn -0.9118419 0.215501264 0.349433124
vn -0.911602 0.215391383 0.350126117
vn -0.7986692 0.183528453 0.573101
vn -0.7991856 0.18364273 0.572344065
vn -0.9627785 0.24957104 0.103787392
vn -0.962738156 0.249495849 0.104341008
vn -0.947485864 0.283431321 -0.148112282
vn -0.947547138 0.283374339 -0.147828951
vn -0.8660147 0.3145533 -0.388683259
vn -0.8660887 0.31452176 -0.388543963
vn -0.7236034 0.3405833 -0.600334167
vn -0.7235912 0.340578347 -0.6003517
vn -0.5304439 0.359593362 -0.7676731
vn -0.530283749 0.359606415 -0.767777562
vn -0.302693874 0.36790657 -0.879216254
vn -0.3004189 0.370333642 -0.878977537
vn -0.0511548519 0.367486477 -0.928620934
vn -0.0507203564 0.372179925 -0.9267737
vn -0.3004189 0.370333642 -0.878977537
vn -0.302693874 0.36790657 -0.879216254
vn 0.202455342 0.3618923 -0.9099702
vn 0.201505 0.365634739 -0.9086842
vn 0.4364853 0.349722922 -0.8289599
vn 0.4556686 0.349464476 -0.8186823
vn 0.6440795 0.327077538 -0.6915069
vn 0.659705341 0.32461822 -0.6777993
vn 0.808312237 0.298961729 -0.5072013
vn 0.80956 0.300858349 -0.504080236
vn 0.919907868 0.269317836 -0.285021842
vn 0.92040205 0.2715797 -0.2812553
vn 0.9703966 0.238007024 -0.04102554
vn 0.969972849 0.240397274 -0.03690363
vn 0.9558261 0.206944525 0.208735347
vn 0.954433441 0.209210947 0.212808833
vn 0.8764885 0.1781388 0.447252154
vn 0.874219537 0.179996178 0.450934172
vn 0.7371714 0.1534873 0.6580425
vn 0.730563462 0.152840361 0.665519953
vn 0.5466957 0.133473948 0.826624751
vn 0.540217936 0.131460845 0.8311935
vn 0.2609437 0.113289595 0.9586834
vn 0.327516079 0.1468066 0.933370769
vn 0.01542456 0.122505128 0.992348
vn 0.107499219 0.177833065 0.9781714
vn -0.100047156 0.141322345 0.9848952
vn -0.169581547 0.148566529 0.9742536
vn -0.35443306 0.142304868 0.9241897
vn -0.423565716 0.134770185 0.8957841
vn -0.6330861 0.15617004 0.7581642
vn -0.632240355 0.156060591 0.7588921
vn -0.9216399 0.1718123 0.347937375
vn -0.8058696 0.145970136 0.573817849
vn -0.9742412 0.202830434 0.09855925
vn -0.958812654 0.236670926 -0.157051355
vn -0.8754705 0.2706457 -0.400377631
vn -0.7208743 0.3171761 -0.61623013
vn -0.5317677 0.352825642 -0.769894242
vn -0.329387635 0.363844782 -0.871275365
vn -0.08223082 0.3690586 -0.9257612
vn -0.329387635 0.363844782 -0.871275365
vn 0.196278557 0.3602168 -0.911986053
vn 0.4352261 0.3456637 -0.8313211
vn 0.6434465 0.323509425 -0.693771
vn 0.808884144 0.296572447 -0.507692039
vn 0.9206685 0.266319215 -0.285383373
vn 0.9711991 0.234666213 -0.0412808731
vn 0.956575334 0.203569323 0.208622083
vn 0.877061963 0.175037637 0.44735238
vn 0.7375729 0.151017025 0.658164144
vn 0.5474703 0.133117333 0.8261695
vn 0.320017517 0.1225862 0.9394474
vn 0.06685811 0.112083666 0.991447031
vn -0.174799666 0.104054339 0.9790903
vn -0.3888024 0.111723587 0.914522052
vn -0.6109606 0.127763346 0.7812833
vn -0.9009044 0.244473621 0.358613878
vn -0.7864729 0.229995772 0.5732035
vn -0.956737339 0.26327756 0.123849109
vn -0.951416 0.285135776 -0.116211921
vn -0.8859056 0.30828926 -0.3465962
vn -0.6757082 0.3411181 -0.6534959
vn -0.445242226 0.361602068 -0.8191479
vn -0.302922577 0.3766627 -0.8754217
vn -0.0544917546 0.3858357 -0.9209568
vn -0.302922577 0.3766627 -0.8754217
vn 0.198728263 0.387754053 -0.900085449
vn 0.434211552 0.381373823 -0.816097
vn 0.6384993 0.369523317 -0.675108254
vn 0.7984123 0.35310176 -0.487705767
vn 0.9044033 0.333218664 -0.266495645
vn 0.950020134 0.3110932 -0.0261291955
vn 0.9325614 0.28822422 0.217384458
vn 0.8532421 0.266052157 0.448546737
vn 0.717257 0.24596636 0.651953161
vn 0.5336414 0.229412839 0.814000368
vn 0.314450026 0.217408434 0.924042642
vn 0.0743225 0.210748315 0.9747109
vn -0.04480582 0.201926589 0.978375256
vn -0.294815034 0.226696074 0.9282742
vn -0.6186303 0.2181354 0.7547937
vn -0.00389365386 0.998702049 0.0507841669
vn -0.00389365386 0.998702049 0.0507841669
vn -0.046672646 -0.9890484 -0.140017331
vn -0.025774667 -0.9898467 -0.139782712
vn -0.0257519148 -0.9898412 -0.139825374
vn -0.0253650676 -0.9897891 -0.140264273
vn -0.0326896049 -0.9898961 -0.137975052
vn -0.0255010258 -0.9898469 -0.139831662
vn -0.0257066451 -0.9898534 -0.139747873
vn -0.0252132416 -0.9898801 -0.139648438
vn -0.0256955456 -0.989854336 -0.1397432
vn -0.0255694352 -0.9898732 -0.139632568
vn -0.0257465169 -0.9898442 -0.1398055
vn -0.0259456467 -0.9897576 -0.140380472
vn -0.0345652252 -0.9880923 -0.149929509
vn -0.02573082 -0.989769757 -0.140334249
vn -0.0214118455 -0.9760905 -0.216307417
vn -0.313589424 -0.9411619 0.125999883
vn -0.0609210581 -0.9893235 -0.132392153
vn -0.0307611544 -0.990247667 -0.13587977
vn -0.0302792527 -0.9902369 -0.136066422
vn -0.0309850778 -0.9901952 -0.13621074
vn -0.0433620736 -0.9891492 -0.14036943
vn 0.0167015158 -0.9943151 -0.105159648
vn -0.09524036 -0.9735463 -0.207694009
vn -0.16547063 -0.9044535 -0.393170834
vn 0.912963 0.394068182 -0.105872042
vn 1 0 0
vn 0.912774742 0.4084617 -0.00114823261
vn 0.8890301 0.4323652 0.150618091
vn 0.8673357 0.348540753 -0.3553141
vn 0.8203841 0.292898417 -0.4911013
vn 0.7676259 0.2565839 -0.587294757
vn 1 0 0
vn 0.5992769 0.165117443 -0.7833284
vn 0.559181333 0.126413137 -0.8193509
vn 0.7255407 0.224212557 -0.650630057
vn 1 0 0
vn 0.168204591 -0.0610827319 -0.983857751
vn 0.242632389 -0.051711563 -0.9687391
vn -0.0369611 -0.178636432 -0.9832207
vn 1 0 0
vn 0.242632389 -0.051711563 -0.9687391
vn 0.168204591 -0.0610827319 -0.983857751
vn -0.2755311 -0.255301982 -0.926770449
vn -0.01298515 -0.170105726 -0.985340238
vn -0.46990943 -0.3461621 -0.812007964
vn 1 0 0
vn -0.6781749 -0.392028719 -0.6216046
vn -0.289278239 -0.283915341 -0.9141719
vn -0.8137804 -0.431031674 -0.389837325
vn 1 0 0
vn -0.8966094 -0.418029457 -0.146091983
vn -0.6080771 -0.390394956 -0.6912554
vn -0.9128008 -0.3868433 0.130946577
vn 1 0 0
vn -0.8704495 -0.325942725 0.368888885
vn -0.914261758 -0.403946847 0.0308598857
vn -0.7648914 -0.23978363 0.597867
vn 1 0 0
vn -0.6088687 -0.142975032 0.7802801
vn -0.609196067 -0.137715936 0.7809702
vn -0.421963632 -0.0328349248 0.906017959
vn 1 0 0
vn -0.125920981 0.106115617 0.9863485
vn -0.215008676 0.07188516 0.9739629
vn -0.229992658 0.0559473448 0.9715829
vn 1 0 0
vn 0.3373811 0.29713282 0.8932447
vn 0.31893602 0.280962944 0.905173838
vn 0.492702961 0.343409538 0.7995709
vn 1 0 0
vn 0.677229762 0.406128347 0.613530457
vn 0.7364852 0.411502123 0.536894441
vn 0.8104831 0.42516616 0.402927935
vn 1 0 0
vn 0.2928193 -0.9534393 0.0721828341
vn 0.354718238 -0.931356251 0.0821613
vn 0.318577766 -0.945081055 0.0730068
vn 0.3555282 -0.931026459 0.08239779
vn 0.317547143 -0.945677459 0.06969875
vn 0.293521821 -0.934590757 0.200960472
vn 0.3278118 -0.9416052 0.07693509
vn 0.3572082 -0.9316502 0.06655942
vn 0.356900662 -0.931759536 0.06667916
vn 0.3568415 -0.931782842 0.06667026
vn 0.323782176 -0.9450405 0.045425754
vn 0.311427236 -0.9092158 -0.276296467
vn -0.464808971 0.878415763 0.111078255
vn 1 0 0
vn -0.462781429 0.8795241 0.110772975
vn 1 0 0
vn -0.474916846 0.874112248 0.101891018
vn 1 0 0
vn -0.4361641 0.8956855 0.08665083
vn 1 0 0
vn -0.393737227 0.919115543 -0.0140565159
vn 1 0 0
vn -0.457738131 0.882006645 0.111982711
vn 1 0 0
vn -0.4217456 0.880213737 0.217610583
vn 1 0 0
vn -0.491785735 0.8626801 0.118024744
vn 1 0 0
vn -0.4653285 0.8792048 0.102314383
vn 1 0 0
vn -0.469487131 0.8780668 0.09263165
vn 1 0 0
vn -0.392581 0.9141955 -0.100631893
vn 1 0 0
vn -0.464271545 0.8817613 0.08336046
vn 1 0 0
vn 0.8260719 0.54042387 0.159835041
vn 0.8260719 0.54042387 0.159835041
vn 0.8260719 0.54042387 0.159835041
vn 0.8024513 0.4719827 -0.365108579
vn 0.8024513 0.4719827 -0.365108579
vn 0.8024513 0.4719827 -0.365108579
vn 0.5390843 0.3083748 -0.783768535
vn 0.5390843 0.3083748 -0.783768535
vn 0.5390843 0.3083748 -0.783768535
vn 0.00378166675 0.3684356 -0.9296456
vn 0.00378166675 0.3684356 -0.9296456
vn 0.00378166675 0.3684356 -0.9296456
vn -0.456773728 0.108678818 -0.8829194
vn -0.456773728 0.108678818 -0.8829194
vn -0.456773728 0.108678818 -0.8829194
vn -0.824376941 -0.09049303 -0.5587608
vn -0.824376941 -0.09049303 -0.5587608
vn -0.824376941 -0.09049303 -0.5587608
vn -0.9689815 -0.2162907 -0.11955402
vn -0.9689815 -0.2162907 -0.11955402
vn -0.9689815 -0.2162907 -0.11955402
vn -0.892471731 -0.24488771 0.37884593
vn -0.892471731 -0.24488771 0.37884593
vn -0.892471731 -0.24488771 0.37884593
vn -0.6101987 -0.140044928 0.7797724
vn -0.6101987 -0.140044928 0.7797724
vn -0.6101987 -0.140044928 0.7797724
vn -0.200323835 0.05723123 0.9780567
vn -0.200323835 0.05723123 0.9780567
vn -0.200323835 0.05723123 0.9780567
vn 0.196795925 0.356987 0.9131438
vn 0.196795925 0.356987 0.9131438
vn 0.196795925 0.356987 0.9131438
vn 0.5964443 0.4950484 0.6318079
vn 0.5964443 0.4950484 0.6318079
vn 0.5964443 0.4950484 0.6318079
vn 0.8826482 0.368149847 0.292228967
vn 1 0 0
vn 0.8237351 0.336037278 0.456661135
vn 0.772089362 0.362476 0.522004962
vn 0.9285261 0.3698984 0.0318503343
vn 0.946773946 0.3167879 -0.0571364872
vn 0.9251809 0.3106774 -0.2179904
vn 1 0 0
vn 0.8498932 0.254684925 -0.4613211
vn 0.835793734 0.185968533 -0.516589344
vn 0.733263433 0.141701832 -0.6650153
vn 1 0 0
vn 0.693165839 0.143577635 -0.7063332
vn 0.551857352 -0.0125183 -0.8338446
vn 0.360048115 -0.07427475 -0.929972351
vn 1 0 0
vn 0.551857352 -0.0125183 -0.8338446
vn 0.693165839 0.143577635 -0.7063332
vn 0.364123583 -0.041838415 -0.930410445
vn 0.139789551 -0.209093437 -0.9678527
vn -0.100947164 -0.298190951 -0.949153244
vn 1 0 0
vn -0.325728267 -0.389881849 -0.861332238
vn -0.298982948 -0.435256273 -0.8492121
vn -0.5042122 -0.4958047 -0.7070699
vn 1 0 0
vn -0.6659517 -0.545019 -0.5093747
vn -0.63451755 -0.588422 -0.5011457
vn -0.75586164 -0.59669137 -0.269504249
vn 1 0 0
vn -0.8114834 -0.5841749 -0.0153118791
vn -0.7784204 -0.627535939 -0.0161343813
vn -0.7835256 -0.570582867 0.246014014
vn 1 0 0
vn -0.720839739 -0.494888961 0.485257626
vn -0.6946923 -0.543361843 0.471339047
vn -0.565695643 -0.416003346 0.7119899
vn 1 0 0
vn -0.42099303 -0.304354042 0.8544785
vn -0.3848955 -0.347270519 0.855136633
vn -0.224629208 -0.213510454 0.9507655
vn 1 0 0
vn -0.3627868 -0.21335271 0.9071198
vn 0.0326514542 -0.110751681 0.9933116
vn 0.20683457 0.07821966 0.975244164
vn 1 0 0
vn 0.384210765 0.199263826 0.901485443
vn 0.472432852 0.216693968 0.854313135
vn 0.6121465 0.296244681 0.733154655
vn 1 0 0
vn -0.469287276 -0.83921355 0.274754554
vn 0.402355164 -0.897177756 0.182160452
vn -0.174698263 -0.982579 -0.06339589
vn -0.295862764 -0.7923463 -0.5335284
vn -0.159937158 -0.7821406 0.602226
vn 0.472999066 -0.878623068 0.0655242354
vn 0.184473544 -0.977823 0.0991545841
vn 0.466768831 -0.881796 0.06754769
vn 0.47096622 -0.879544735 0.06776374
vn 0.4718308 -0.8790105 0.06867458
vn 0.0311785452 -0.9984562 0.0459692664
vn -0.6715484 -0.2746992 0.688159168
vn -0.477248728 0.8765378 -0.0625712946
vn 1 0 0
vn -0.475642622 0.8774026 -0.0626799762
vn 1 0 0
vn -0.477735877 0.8761301 -0.0645325258
vn 1 0 0
vn -0.475845277 0.877189636 -0.06410658
vn 1 0 0
vn -0.47424987 0.8779491 -0.06551626
vn 1 0 0
vn -0.4739902 0.878208339 -0.063901104
vn 1 0 0
vn -0.4727784 0.8787269 -0.0657233745
vn 1 0 0
vn -0.4717696 0.8795572 -0.061745856
vn 1 0 0
vn -0.468913943 0.8811779 -0.06037539
vn 1 0 0
vn -0.502550662 0.864013433 -0.0303901974
vn 1 0 0
vn -0.7086433 0.6625008 0.242728949
vn 1 0 0
vn -0.5041525 0.8631648 -0.0278718267
vn 1 0 0
vn 0.5306597 0.703959763 0.472060353
vn 0.5306597 0.703959763 0.472060353
vn 0.5306597 0.703959763 0.472060353
vn 0.6788643 0.734261 0.00203341548
vn 0.6788643 0.734261 0.00203341548
vn 0.6788643 0.734261 0.00203341548
vn 0.5909191 0.650976658 -0.476491332
vn 0.5909191 0.650976658 -0.476491332
vn 0.5909191 0.650976658 -0.476491332
vn 0.304405 0.4689527 -0.829108536
vn 0.304405 0.4689527 -0.829108536
vn 0.304405 0.4689527 -0.829108536
vn -0.107978255 0.251205832 -0.961892068
vn -0.107978255 0.251205832 -0.961892068
vn -0.107978255 0.251205832 -0.961892068
vn -0.526966155 0.0364909656 -0.8491025
vn -0.526966155 0.0364909656 -0.8491025
vn -0.526966155 0.0364909656 -0.8491025
vn -0.8506391 -0.109845631 -0.514146864
vn -0.8506391 -0.109845631 -0.514146864
vn -0.8506391 -0.109845631 -0.514146864
vn -0.9881539 -0.147265911 -0.04318229
vn -0.9881539 -0.147265911 -0.04318229
vn -0.9881539 -0.147265911 -0.04318229
vn -0.8800129 -0.0203408618 0.474513978
vn -0.8800129 -0.0203408618 0.474513978
vn -0.8800129 -0.0203408618 0.474513978
vn -0.648447 0.07115241 0.7579273
vn -0.648447 0.07115241 0.7579273
vn -0.648447 0.07115241 0.7579273
vn -0.211488441 0.336919427 0.9174737
vn -0.211488441 0.336919427 0.9174737
vn -0.211488441 0.336919427 0.9174737
vn 0.206546932 0.5540029 0.8064857
vn 0.206546932 0.5540029 0.8064857
vn 0.206546932 0.5540029 0.8064857
vn -0.475748 0.871264338 -0.120674185
vn -0.8681238 0.3370269 0.364381433
vn -0.443852752 0.6217124 0.645343661
vn -0.475748 0.871264338 -0.120674185
vn 0.0505068153 0.8617437 0.504823565
vn -0.475748 0.871264338 -0.120674185
vn 0.3248478 0.945188046 0.033067707
vn -0.475748 0.871264338 -0.120674185
vn 0.231201768 0.817584336 -0.527353346
vn -0.475748 0.871264338 -0.120674185
vn -0.187079266 0.548657358 -0.814847469
vn -0.475748 0.871264338 -0.120674185
vn -0.67457664 0.290293843 -0.6787311
vn -0.475748 0.871264338 -0.120674185
vn -0.9601437 0.207866073 -0.186857834
vn -0.475748 0.871264338 -0.120674185
vn -0.8681238 0.3370269 0.364381433
vn -0.733951569 -0.3273427 0.595115
vn -0.187966242 0.0456303954 0.981115
vn 0.477047622 0.3821467 0.7914477
vn 0.8618073 0.4877655 0.139186829
vn 0.733697355 0.3144516 -0.602335751
vn 0.180257007 -0.0454912148 -0.982567
vn -0.4824814 -0.3713166 -0.793306768
vn -0.851787567 -0.503762 -0.143811584
vn -0.733951569 -0.3273427 0.595115
vn -0.212332577 -0.823439062 0.5261777
vn 0.185215265 -0.532564342 0.82587564
vn 0.673621655 -0.296673566 0.6769185
vn 0.957384348 -0.213612884 0.1943829
vn 0.861395538 -0.3538379 -0.364412457
vn 0.441556543 -0.612317 -0.6558168
vn -0.0459721349 -0.858756661 -0.510317147
vn -0.3258218 -0.944699466 -0.03719028
vn -0.212332577 -0.823439062 0.5261777
vn 0.478258282 -0.869799 0.121320419
vn 0.478258282 -0.869799 0.121320419
vn 0.478258282 -0.869799 0.121320419
vn 0.478258282 -0.869799 0.121320419
vn 0.478258282 -0.869799 0.121320419
vn 0.478258282 -0.869799 0.121320419
vn 0.478258282 -0.869799 0.121320419
vn 0.478258282 -0.869799 0.121320419
vn 0.7771574 0.2744053 -0.5663286
vn 0.796272 0.459478617 -0.39348492
vn 0.79626137 0.459522516 -0.393455058
vn 0.7771607 0.2744788 -0.5662885
vn 0.698599637 0.082365185 -0.7107563
vn 0.6986156 0.0824658051 -0.710728943
vn 0.5665819 -0.103533588 -0.817475259
vn 0.5665889 -0.103449769 -0.817481
vn 0.390338629 -0.2710319 -0.8798736
vn 0.390313834 -0.2709704 -0.8799035
vn 0.181627274 -0.4092543 -0.8941602
vn 0.181540146 -0.4092228 -0.8941923
vn -0.04609103 -0.5092611 -0.859376967
vn -0.04621229 -0.509241045 -0.859382331
vn -0.2683939 -0.5716092 -0.775388658
vn -0.2780052 -0.56420815 -0.7774203
vn -0.443805963 -0.5856776 -0.67824626
vn -0.2683939 -0.5716092 -0.775388658
vn -0.2780052 -0.56420815 -0.7774203
vn -0.488062084 -0.5804369 -0.651834667
vn -0.6471857 -0.5442572 -0.533792853
vn -0.6841798 -0.539910555 -0.490300536
vn -0.842869341 -0.437791377 -0.3129057
vn -0.839266956 -0.43966037 -0.319890261
vn -0.945667565 -0.301763624 -0.121043824
vn -0.945634544 -0.301846772 -0.121094257
vn -0.9883144 -0.136440769 0.06795984
vn -0.988294 -0.136639267 0.06785806
vn -0.9693577 0.0487919934 0.24075906
vn -0.969393432 0.0485225543 0.240669712
vn -0.890729964 0.240917549 0.385433376
vn -0.890832067 0.240631133 0.385376364
vn -0.758465052 0.426920116 0.492412359
vn -0.7586159 0.426660985 0.49240467
vn -0.581902444 0.594558537 0.5548781
vn -0.582050741 0.5943699 0.5549247
vn -0.372919261 0.732948 0.5689626
vn -0.372973531 0.7328624 0.569037259
vn -0.145130709 0.8330762 0.533780038
vn -0.235842183 0.811574161 0.5345333
vn -0.05362267 0.875938 0.479434282
vn -0.0514689051 0.8805666 0.4711193
vn 0.177047491 0.915780663 0.360555023
vn 0.306809127 0.8925348 0.330529571
vn 0.4875899 0.8570536 0.166478962
vn 0.5001695 0.848817647 0.171286568
vn 0.652834952 0.7574184 -0.0111333085
vn 0.652926147 0.7573386 -0.0112147173
vn 0.7539781 0.624412954 -0.204023346
vn 0.753982 0.6244083 -0.204022944
vn 0.7876219 0.2661903 -0.555692732
vn 0.800676942 0.4573253 -0.387001246
vn 0.713487267 0.0678698644 -0.697373331
vn 0.583675444 -0.123756632 -0.8025006
vn 0.407331169 -0.295516372 -0.8641478
vn 0.196544066 -0.435762316 -0.8783403
vn -0.0346973836 -0.535128 -0.8440581
vn -0.1426009 -0.5600475 -0.8160955
vn -0.38032496 -0.5803448 -0.7201061
vn -0.1426009 -0.5600475 -0.8160955
vn -0.6863642 -0.5341248 -0.4935736
vn -0.8440716 -0.43543154 -0.312957555
vn -0.9456866 -0.301705062 -0.121041089
vn -0.9883328 -0.136307389 0.06796014
vn -0.969372034 0.04892951 0.2406735
vn -0.8907913 0.241003469 0.385237873
vn -0.7585062 0.427067965 0.492220759
vn -0.5818444 0.5947633 0.5547195
vn -0.3728643 0.733109236 0.5687909
vn -0.145189553 0.8331569 0.53363806
vn 0.086584866 0.888181269 0.451261669
vn 0.2935235 0.9008969 0.319732338
vn 0.39010483 0.8914327 0.2305774
vn 0.565098047 0.822716236 0.0616620444
vn 0.7516312 0.6275125 -0.203171313
vn 0.7878742 0.259864748 -0.558322966
vn 0.802054763 0.4513181 -0.391177922
vn 0.7130621 0.06189014 -0.698363841
vn 0.5832284 -0.1288742 -0.802019954
vn 0.407608271 -0.299510539 -0.8626407
vn 0.1979797 -0.438809454 -0.8764989
vn -0.031801708 -0.537546337 -0.8426343
vn -0.2663022 -0.5889194 -0.7630577
vn -0.48792398 -0.5822043 -0.650360167
vn -0.2663022 -0.5889194 -0.7630577
vn -0.6908512 -0.5279188 -0.493990183
vn -0.8440783 -0.4354165 -0.312960535
vn -0.9456828 -0.3016871 -0.121115394
vn -0.988347948 -0.136212572 0.06792954
vn -0.9693848 0.0490259342 0.240602612
vn -0.8907669 0.241174981 0.385186821
vn -0.758509 0.4271918 0.49210903
vn -0.581856251 0.594880462 0.554581463
vn -0.3728008 0.7332288 0.5686784
vn -0.145239 0.833208 0.5335448
vn 0.08657862 0.8882368 0.451153547
vn 0.3067989 0.8939341 0.326735824
vn 0.5001301 0.8493977 0.16850327
vn 0.6492581 0.7604294 -0.0145296166
vn 0.75426203 0.6225965 -0.20847638
vn 0.7787029 0.271883428 -0.5654212
vn 0.7973543 0.457832664 -0.3932117
vn 0.7003956 0.078962855 -0.7093736
vn 0.5684187 -0.10762924 -0.8156691
vn 0.3922031 -0.2754229 -0.877678156
vn 0.18324326 -0.413757026 -0.891755044
vn -0.0446275622 -0.5135022 -0.856927037
vn -0.276575118 -0.56792134 -0.775223553
vn -0.49731943 -0.573008 -0.651410162
vn -0.276575118 -0.56792134 -0.775223553
vn -0.6908594 -0.5279544 -0.493940771
vn -0.844078243 -0.435411066 -0.3129683
vn -0.945702553 -0.3016382 -0.121082783
vn -0.988357067 -0.136179864 0.06786278
vn -0.9693525 0.04924533 0.240687877
vn -0.8907138 0.241352916 0.3851982
vn -0.758533359 0.427243054 0.492026985
vn -0.5819831 0.594861031 0.554469168
vn -0.373179048 0.7331033 0.5685921
vn -0.145246848 0.8332757 0.533436954
vn 0.08676328 0.888294041 0.451005369
vn 0.306888074 0.8939526 0.3266013
vn 0.500051856 0.849437 0.168537632
vn 0.653087437 0.757171631 -0.01295896
vn 0.7546408 0.6233388 -0.204855934
vn 0.796949267 0.3653419 -0.4810376
vn 0.7848127 0.542851 -0.298968017
vn 0.747878134 0.173994973 -0.640627861
vn 0.6417308 -0.0173817631 -0.766733
vn 0.486103058 -0.196224138 -0.8515867
vn 0.292161822 -0.3503619 -0.8898809
vn 0.07146812 -0.470661223 -0.879414737
vn -0.159980446 -0.548311532 -0.8208293
vn 0.07146812 -0.470661223 -0.879414737
vn -0.38868016 -0.578476846 -0.717141747
vn -0.159980446 -0.548311532 -0.8208293
vn -0.597911954 -0.558319867 -0.575134933
vn -0.772639036 -0.4891008 -0.4047336
vn -0.901654959 -0.374605775 -0.216076136
vn -0.9743488 -0.2237464 -0.0241248943
vn -0.9862364 -0.04637421 0.158704832
vn -0.9368247 0.14410992 0.3187348
vn -0.830359757 0.334774435 0.4454534
vn -0.6746761 0.512959 0.5307402
vn -0.480079859 0.667360663 0.569344461
vn -0.2604319 0.78733927 0.558813155
vn -0.027808534 0.865919352 0.499409974
vn 0.199932322 0.896534 0.39528957
vn 0.408845454 0.876953959 0.252580971
vn 0.583186567 0.8082162 0.08173103
vn 0.712217748 0.6936876 -0.107440241
vn 0.387572 -0.650820136 0.6528561
vn 0.387593925 -0.6508201 0.6528432
vn 0.3950615 -0.650232553 0.6489407
vn 0.387434542 -0.6509632 0.6527951
vn 0.387488 -0.6509342 0.6527922
vn 0.387485385 -0.650938749 0.652789235
vn 0.41204226 -0.629334152 0.65890795
vn 0.449786842 -0.446744829 0.7733763
vn 0.4231441 -0.7011076 0.573931336
vn 0.3850364 -0.648212433 0.6569381
vn 0.402987629 -0.655593932 0.6385903
vn 0.385116 -0.6483305 0.6567749
vn 0.385031343 -0.6483035 0.6568512
vn 0.384746969 -0.6483378 0.6569839
vn 0.420153 -0.6442743 0.6390478
vn 0.387312472 -0.647264063 0.656535
vn 0.473490715 -0.609615147 0.635748267
vn -0.0166085809 -0.968659043 0.247838169
vn 0.396281421 -0.6640442 0.63403964
vn 0.387332261 -0.6513003 0.652519464
vn 0.387496561 -0.6506598 0.6530607
vn 0.387559265 -0.650742233 0.6529413
vn 0.3875196 -0.6507944 0.652912855
vn 0.387459666 -0.65077585 0.6529669
vn 1 0 0
vn 0.4856379 0.8217259 0.298198462
vn 0.5170033 0.6862025 0.5116968
vn 0.5170177 0.6861828 0.511708736
vn 0.4856886 0.821698964 0.298190236
vn 0.4089222 0.9097496 0.07168174
vn 0.4090731 0.909664154 0.071905
vn 0.2923671 0.9441917 -0.1517352
vn 0.292597175 0.9441675 -0.151441813
vn 0.144377634 0.923075 -0.356493443
vn 0.1446491 0.9231095 -0.356294155
vn -0.0245502237 0.848530769 -0.5285762
vn -0.02420188 0.8486508 -0.528399467
vn -0.20301865 0.726154149 -0.656874061
vn -0.202701539 0.726326048 -0.656782
vn -0.3792458 0.5644161 -0.733216941
vn -0.379046947 0.5645316 -0.7332308
vn -0.541791141 0.37397033 -0.752734065
vn -0.3792458 0.5644161 -0.733216941
vn -0.379046947 0.5645316 -0.7332308
vn -0.541670859 0.374029964 -0.752791
vn -0.679892361 0.167258814 -0.7139824
vn -0.679832935 0.16728045 -0.7140339
vn -0.784169734 -0.0421574935 -0.61911273
vn -0.7841726 -0.0422726236 -0.6191013
vn -0.8471536 -0.2403203 -0.47389546
vn -0.8471524 -0.2404499 -0.4738319
vn -0.863885641 -0.413271934 -0.287937254
vn -0.86387223 -0.4133758 -0.2878285
vn -0.8327629 -0.5486575 -0.07403367
vn -0.832721949 -0.548739731 -0.07388461
vn -0.755752 -0.636786461 0.152780369
vn -0.75573 -0.6367854 0.152894065
vn -0.638449669 -0.671419859 0.3762677
vn -0.6384681 -0.6713511 0.376359165
vn -0.489535183 -0.6505136 0.5806784
vn -0.489484131 -0.650402069 0.5808463
vn -0.319601446 -0.576124549 0.7522868
vn -0.319478244 -0.5759528 0.7524706
vn -0.14040634 -0.453830034 0.879957
vn -0.140285149 -0.45359993 0.880095
vn 0.03597438 -0.292172045 0.955688953
vn 0.0361853726 -0.291854948 0.9557779
vn 0.198116139 -0.101795308 0.9748783
vn 0.1983444 -0.101456739 0.974867165
vn 0.3354951 0.105012469 0.9361706
vn 0.335639447 0.105269045 0.936090052
vn 0.438818753 0.314616919 0.8416973
vn 0.438924849 0.314824581 0.8415643
vn 0.500902534 0.513006449 0.6970804
vn 0.500947952 0.5130694 0.6970014
vn 0.485504925 0.821802735 0.298203349
vn 0.516888261 0.6862644 0.5117301
vn 0.408755243 0.9098277 0.07164293
vn 0.292258441 0.9442351 -0.151674181
vn 0.144258454 0.923111558 -0.35644716
vn -0.0247229766 0.848520756 -0.528584242
vn -0.203013688 0.726281762 -0.6567345
vn -0.379199624 0.564618051 -0.733085334
vn -0.541798353 0.374120355 -0.7526543
vn -0.379199624 0.564618051 -0.733085334
vn -0.679894149 0.167423487 -0.7139421
vn -0.7841894 -0.0420314632 -0.6190964
vn -0.8471772 -0.24021551 -0.473906428
vn -0.86390233 -0.4132398 -0.287933439
vn -0.832739353 -0.5486984 -0.073995
vn -0.7557196 -0.636828959 0.152763769
vn -0.6384069 -0.671500146 0.37619704
vn -0.48939535 -0.6506421 0.5806523
vn -0.319501579 -0.5762806 0.752209663
vn -0.140406489 -0.454037 0.8798502
vn 0.03600031 -0.292332 0.955639064
vn 0.198131323 -0.101889633 0.9748654
vn 0.335438162 0.104949906 0.936198056
vn 0.438781 0.314691037 0.8416892
vn 0.500820637 0.51310426 0.6970672
vn 0.5045493 0.813718557 0.288603753
vn 0.5374745 0.676756561 0.503112
vn 0.425287664 0.902948856 0.06175523
vn 0.305582136 0.9384168 -0.161225051
vn 0.154039636 0.918201268 -0.364935845
vn -0.0183518529 0.844485343 -0.535264134
vn -0.199579731 0.7232571 -0.6611105
vn -0.37811166 0.5628212 -0.7350264
vn -0.5423951 0.373704463 -0.752431035
vn -0.37811166 0.5628212 -0.7350264
vn -0.6815246 0.1684626 -0.712140858
vn -0.7863921 -0.03986957 -0.616439641
vn -0.8494773 -0.237292945 -0.471254021
vn -0.8659648 -0.410256684 -0.2859974
vn -0.83420366 -0.5465764 -0.07320207
vn -0.7561136 -0.636465967 0.152326182
vn -0.63742733 -0.673492849 0.3742911
vn -0.486512065 -0.6554362 0.5776759
vn -0.313903481 -0.5838784 0.748699248
vn -0.131837949 -0.46411103 0.875910759
vn 0.0478062928 -0.3042124 0.9514039
vn 0.21316883 -0.114701778 0.970259
vn 0.353313565 0.0920898244 0.9309613
vn 0.458675534 0.3024863 0.835535049
vn 0.5216953 0.5021321 0.6897082
vn 0.505408645 0.8115438 0.293187141
vn 0.538065851 0.6738494 0.506371558
vn 0.426548034 0.9019543 0.0673444346
vn 0.307172745 0.9389083 -0.155229181
vn 0.1558859 0.92024 -0.358967841
vn -0.0166125651 0.847844243 -0.5299851
vn -0.198386088 0.727357 -0.656958759
vn -0.3772878 0.5674263 -0.73190254
vn -0.542032957 0.378393352 -0.750345767
vn -0.3772878 0.5674263 -0.73190254
vn -0.6817565 0.172522619 -0.710945845
vn -0.7870389 -0.0368065126 -0.6158044
vn -0.8502077 -0.235365629 -0.4709033
vn -0.866446555 -0.4095403 -0.285564482
vn -0.8341142 -0.546772957 -0.07275199
vn -0.7554495 -0.637220263 0.152467936
vn -0.6357457 -0.6747906 0.374813378
vn -0.484080583 -0.656937063 0.578013539
vn -0.311362743 -0.5855662 0.748442054
vn -0.129147574 -0.465895563 0.875364065
vn 0.0502207354 -0.306249917 0.950625539
vn 0.21500513 -0.117187567 0.9695565
vn 0.354615271 0.08921953 0.9307459
vn 0.459494084 0.299233347 0.8362563
vn 0.522249162 0.498774439 0.6917224
vn 0.5081328 0.7569973 0.4107994
vn 0.5164795 0.5998262 0.611111641
vn 0.45297417 0.8710848 0.189804271
vn 0.354915619 0.934189141 -0.0364080928
vn 0.220930889 0.942158639 -0.252044976
vn 0.0605864227 0.894907057 -0.442120582
vn -0.11506854 0.79622376 -0.5939587
vn -0.293934226 0.653469265 -0.6975533
vn -0.11506854 0.79622376 -0.5939587
vn -0.4644255 0.476362646 -0.746583939
vn -0.293934226 0.653469265 -0.6975533
vn -0.6159609 0.275796831 -0.7379216
vn -0.737859547 0.06548892 -0.6717697
vn -0.822007954 -0.141504586 -0.551615238
vn -0.861616552 -0.329707652 -0.385888338
vn -0.8535953 -0.487210333 -0.184394017
vn -0.7983193 -0.6011168 0.03667294
vn -0.699361742 -0.6644312 0.2634849
vn -0.5639729 -0.672427 0.4793501
vn -0.40269962 -0.6252134 0.668536663
vn -0.226433918 -0.526663065 0.819361746
vn -0.04699442 -0.383697242 0.92226243
vn 0.123299584 -0.20642446 0.9706627
vn 0.273892462 -0.005958804 0.961741865
vn 0.394795358 0.204635441 0.8956902
vn 0.4776024 0.411101639 0.7764608
vn 0.6986912 -0.55340445 -0.453402847
vn 0.6990309 -0.5530662 -0.453292042
vn 0.6985945 -0.5532736 -0.4537114
vn 0.698843956 -0.552940845 -0.453732848
vn 0.6989709 -0.552859 -0.453637064
vn 0.6985874 -0.5528303 -0.454262346
vn 0.698379 -0.552974045 -0.45440793
vn 0.6983572 -0.552766562 -0.454693615
vn 0.6982774 -0.552634 -0.4549773
vn 0.6981783 -0.5530893 -0.454575956
vn 0.6982293 -0.553386033 -0.454136223
vn 0.697856963 -0.5537146 -0.4543081
vn 0.6976054 -0.5541565 -0.454155624
vn 0.6978345 -0.553929 -0.454081148
vn 0.6977997 -0.553945065 -0.454115
vn 0.6979956 -0.5538908 -0.45388
vn 0.698086739 -0.553847253 -0.453793019
vn 0.698325455 -0.553860068 -0.4534099
vn 0.698343039 -0.553635657 -0.453656882
vn 0.6984098 -0.5538371 -0.453308016
vn 0.69842124 -0.5538963 -0.453218132
vn 0.6983123 -0.55442363 -0.452741
vn 0.6984678 -0.5537285 -0.453351349
vn 0.69906497 -0.5527462 -0.453629673
vn 1 0 0
vn 0.9565563 0.1747297 0.2333872
vn 0.8723431 0.138121888 0.468977422
vn 0.871718645 0.130042136 0.4724359
vn 0.9595103 0.155232251 0.235038087
vn 0.9766198 0.2144812 -0.0145474812
vn 0.9825716 0.18292518 -0.0330364071
vn 0.932086349 0.249965683 -0.262168229
vn 0.934163 0.20687288 -0.290763
vn 0.827398539 0.2844009 -0.484280646
vn 0.8328069 0.2396688 -0.4989905
vn 0.6670255 0.3189456 -0.6733132
vn 0.668056369 0.2762094 -0.69094795
vn 0.467089355 0.342172146 -0.8153194
vn 0.45892778 0.311061144 -0.8322417
vn 0.22827895 0.35871616 -0.905102968
vn 0.220495179 0.342032284 -0.9134527
vn -0.0169238225 0.37572524 -0.926576555
vn 0.22827895 0.35871616 -0.905102968
vn 0.220495179 0.342032284 -0.9134527
vn -0.0299869739 0.366021544 -0.9301231
vn -0.258268178 0.383820534 -0.8865548
vn -0.28101185 0.389853477 -0.876953
vn -0.4897167 0.384888053 -0.782329
vn -0.5398406 0.4047278 -0.7380837
vn -0.691313744 0.367055833 -0.6223787
vn -0.718768954 0.395744652 -0.571626961
vn -0.839911461 0.339312375 -0.423575133
vn -0.8305318 0.389185756 -0.398436129
vn -0.9323467 0.308991283 -0.187760681
vn -0.913573742 0.372531742 -0.163104653
vn -0.959862649 0.272974283 0.06441099
vn -0.93384403 0.3475404 0.08456324
vn -0.9197806 0.23375231 0.31521973
vn -0.8902551 0.315953255 0.328053921
vn -0.8144697 0.194163576 0.5467537
vn -0.785957754 0.2801023 0.5511924
vn -0.6511634 0.1572303 0.7424722
vn -0.627922356 0.242621168 0.739492059
vn -0.441536725 0.125847772 0.8883736
vn -0.381147534 0.185919553 0.905627131
vn -0.196490943 0.09109964 0.9762644
vn -0.140421182 0.131424457 0.981330454
vn 0.05197875 0.07420624 0.995887339
vn 0.003940843 0.130978525 0.991377354
vn 0.255768925 0.08844549 0.962683558
vn 0.2305734 0.127200991 0.96470505
vn 0.4989181 0.0936677158 0.861572444
vn 0.5296384 0.103712216 0.8418592
vn 0.7275511 0.1093405 0.6772843
vn 0.7250285 0.112474032 0.679472744
vn 0.958537757 0.161179155 0.235003546
vn 0.87393117 0.129623383 0.468446434
vn 0.9802599 0.196960628 -0.0172365382
vn 0.9348065 0.235155374 -0.2661554
vn 0.8253021 0.2732186 -0.4941943
vn 0.65978533 0.3086315 -0.68514955
vn 0.540832639 0.3261656 -0.7753167
vn 0.3037887 0.3731571 -0.876622
vn -0.03081015 0.379463524 -0.9246936
vn 0.3037887 0.3731571 -0.876622
vn -0.2816727 0.380483627 -0.8808477
vn -0.5123248 0.369044483 -0.775454342
vn -0.7081044 0.347819269 -0.614499748
vn -0.8552918 0.318294227 -0.408857822
vn -0.943601131 0.282473832 -0.172700569
vn -0.9669843 0.242745876 0.07756179
vn -0.9240711 0.201842353 0.3245802
vn -0.8179679 0.1624977 0.5518361
vn -0.655670047 0.127309516 0.744237244
vn -0.4478005 0.09871888 0.888667166
vn -0.208049774 0.07877024 0.9749413
vn 0.0470900722 0.0690071955 0.9965041
vn 0.299466133 0.07028032 0.951514959
vn 0.530011237 0.0845169052 0.8437683
vn 0.7301655 0.106496908 0.674919844
vn 0.9376582 0.247990072 0.2435118
vn 0.846053839 0.249624923 0.471041739
vn 0.9678587 0.251479059 -0.002808289
vn 0.932617664 0.259429872 -0.250839382
vn 0.832709 0.2715429 -0.482555836
vn 0.673995256 0.2873552 -0.680556655
vn 0.467420816 0.306226641 -0.8293027
vn 0.232044026 0.3338861 -0.913605869
vn -0.0288646109 0.357807577 -0.933349133
vn 0.232044026 0.3338861 -0.913605869
vn -0.280231833 0.370785743 -0.885431
vn -0.5093734 0.38050288 -0.7718525
vn -0.6993469 0.3859669 -0.601617336
vn -0.8364579 0.386493862 -0.388536632
vn -0.9120902 0.38184914 -0.149274141
vn -0.9228961 0.3723032 0.09825025
vn -0.870544 0.3586245 0.3369593
vn -0.7604519 0.3420205 0.552027941
vn -0.6010116 0.3237972 0.7307123
vn -0.402956635 0.305433542 0.8627493
vn -0.178424016 0.288328022 0.9407613
vn 0.0588005073 0.273617178 0.9600397
vn 0.2939779 0.262317121 0.9191119
vn 0.5122844 0.255047083 0.820070565
vn 0.6996406 0.2522003 0.6685043
vn 0.04651781 0.99732846 -0.05632089
vn 0.04651781 0.99732846 -0.05632089
vn -0.137574077 -0.9780397 -0.156562388
vn -0.0518345945 -0.990733 -0.125543714
vn -0.0505989455 -0.987497866 -0.149290755
vn -0.0519495569 -0.9906893 -0.125840962
vn 0.07849708 -0.9968551 0.0108725745
vn 0.178947359 -0.9106589 0.372395158
vn -0.0339784361 -0.985885739 -0.163935363
vn 0.0141816437 -0.6966538 -0.717267334
vn -0.138166651 -0.988648355 -0.0590292476
vn -0.0581933968 -0.990294039 -0.12621893
vn -0.0552220158 -0.9883418 -0.141883582
vn -0.0584349558 -0.9903219 -0.125888512
vn -0.05897388 -0.990311444 -0.125719249
vn -0.05911124 -0.9903012 -0.125735372
vn 0.001148432 -0.992124438 -0.12525095
vn 0.477060646 -0.8371218 0.267656982
vn -0.07335471 -0.9651345 -0.2512658
vn -0.0577919446 -0.9898089 -0.13014771
vn -0.04816109 -0.9863837 -0.157250583
vn -0.0579362251 -0.9898594 -0.129698873
vn -0.0578274578 -0.9898026 -0.130179748
vn -0.0577648468 -0.98979497 -0.130265579
vn -0.03979426 -0.9860912 -0.161370724
vn 0.429487437 -0.838004231 -0.336584926
vn 0.0134897539 -0.366891235 -0.930166
vn 0.0193982441 -0.660373032 -0.7506871
vn -0.206430331 -0.607278168 -0.767202556
vn -0.0116519071 -0.381221145 -0.924410462
vn -0.404136032 -0.5126603 -0.757531166
vn -0.06616216 -0.381878 -0.9218415
vn -0.49224177 -0.267656654 -0.8282862
vn -0.0582769252 -0.251925319 -0.965990365
vn -0.404312372 -0.0258564614 -0.9142554
vn 0.0413585454 -0.253540337 -0.96644026
vn -0.239139184 0.169211611 -0.9561275
vn 0.0483842865 -0.315810233 -0.9475879
vn -0.0174015854 0.192558631 -0.981131136
vn -0.0404572338 -0.30889684 -0.9502347
vn 0.131865188 0.188822284 -0.97311753
vn -0.1208496 -0.3199748 -0.9396869
vn 0.30019924 -0.0757503 -0.950863957
vn -0.108760513 -0.3223975 -0.9403356
vn 0.3856159 -0.332671583 -0.8605986
vn 0.0306283068 -0.27069065 -0.962179
vn 0.2815584 -0.5064611 -0.8149982
vn 0.106234871 -0.3838551 -0.9172619
vn 0.225505546 -0.630369067 -0.7428204
vn -0.00486557372 -0.477982849 -0.8783557
vn 0.02045685 -0.712172747 -0.7017062
vn -0.239995509 -0.6430942 -0.7272084
vn -0.440902442 -0.497745365 -0.7468966
vn -0.5446331 -0.253428727 -0.799467742
vn -0.5028008 0.08988214 -0.859716535
vn -0.348736525 0.40675652 -0.844352961
vn -0.027886644 0.43627727 -0.89938
vn 0.230269089 0.411638141 -0.88177675
vn 0.5222779 0.06845727 -0.8500232
vn 0.512274 -0.297112465 -0.805791259
vn 0.220002279 -0.493418783 -0.8415087
vn 0.220610276 -0.6460394 -0.7307285
vn 0.0134897539 -0.366891235 -0.930166
vn -0.0116519071 -0.381221145 -0.924410462
vn 0.137719736 -0.118786551 -0.983322442
vn -0.0339449 -0.1312863 -0.9907632
vn -0.06616216 -0.381878 -0.9218415
vn 0.268882871 -0.143723726 -0.952389359
vn -0.0582769252 -0.251925319 -0.965990365
vn 0.27919 -0.21484594 -0.935892165
vn 0.0413585454 -0.253540337 -0.96644026
vn 0.233502239 -0.324656546 -0.916555941
vn 0.0483842865 -0.315810233 -0.9475879
vn 0.12878491 -0.4467388 -0.8853468
vn -0.0404572338 -0.30889684 -0.9502347
vn -0.0298185926 -0.4881582 -0.8722456
vn -0.1208496 -0.3199748 -0.9396869
vn -0.191831112 -0.445320845 -0.87458
vn -0.108760513 -0.3223975 -0.9403356
vn -0.291392922 -0.339140922 -0.8944683
vn 0.0306283068 -0.27069065 -0.962179
vn -0.325879335 -0.239409417 -0.914595962
vn 0.106234871 -0.3838551 -0.9172619
vn -0.275837 -0.146230385 -0.950016141
vn -0.00486557372 -0.477982849 -0.8783557
vn -0.176602557 -0.230461612 -0.956921637
vn 0.0153253907 -0.190758616 -0.9815173
vn -0.0388546959 -0.180469438 -0.9828128
vn 0.09200701 -0.1930162 -0.976872265
vn 0.113899782 -0.221075043 -0.9685828
vn 0.101431593 -0.26403746 -0.959164143
vn 0.0523414463 -0.314718753 -0.947740734
vn -0.0300494377 -0.336032122 -0.941371
vn -0.105972156 -0.3171136 -0.9424483
vn -0.151213855 -0.271457255 -0.9504974
vn -0.163548052 -0.235529259 -0.958007336
vn -0.138137892 -0.188762516 -0.9722585
vn -0.07775158 -0.149394855 -0.9857159
vn -0.024225615 -0.223275363 -0.974454343
vn 0.0292043034 0.290457219 0.956442237
vn 0.0292043034 0.290457219 0.956442237
vn 0.0292043034 0.290457219 0.956442237
vn -0.02002726 0.2264588 0.973814845
vn -0.02002726 0.2264588 0.973814845
vn -0.02002726 0.2264588 0.973814845
vn 0.213546515 0.242143065 0.946448445
vn 0.213546515 0.242143065 0.946448445
vn 0.213546515 0.242143065 0.946448445
vn -0.0202514473 0.364570469 0.9309556
vn -0.0202514473 0.364570469 0.9309556
vn -0.0202514473 0.364570469 0.9309556
vn 0.422369182 0.394931018 0.815863848
vn 0.422369182 0.394931018 0.815863848
vn 0.422369182 0.394931018 0.815863848
vn 0.0537299439 0.0500629656 0.997299731
vn 0.0537299439 0.0500629656 0.997299731
vn 0.0537299439 0.0500629656 0.997299731
vn 0.0563542359 0.243918613 0.968157
vn 0.0563542359 0.243918613 0.968157
vn 0.0563542359 0.243918613 0.968157
vn 0.0571053065 0.245027453 0.9678329
vn 0.0571053065 0.245027453 0.9678329
vn 0.0571053065 0.245027453 0.9678329
vn -0.0557726957 0.2424237 0.968566
vn -0.0557726957 0.2424237 0.968566
vn -0.0557726957 0.2424237 0.968566
vn -0.142927915 0.282982 0.948415935
vn -0.142927915 0.282982 0.948415935
vn -0.142927915 0.282982 0.948415935
vn 0.98126924 -0.192636579 0.00133486593
vn 0.956581652 0.283455729 -0.06785581
vn 0.999620259 0.000731008244 -0.027546281
vn 0.710116267 -0.690738261 -0.136438638
vn 0.4908936 -0.85083425 -0.18736209
vn 0.211634457 -0.9301139 -0.3001649
vn -0.1401655 -0.908025861 -0.3947691
vn 0.211634457 -0.9301139 -0.3001649
vn -0.39041537 -0.7732031 -0.499732763
vn -0.6768986 -0.467812 -0.5682959
vn -0.710067 -0.38486138 -0.5896496
vn -0.7535217 -0.232480586 -0.6149454
vn -0.563187957 0.271254659 -0.78053844
vn -0.10112536 0.7541404 -0.648880541
vn 0.228514463 0.8122538 -0.536679566
vn 0.5352587 0.7672162 -0.353379875
vn 0.7952536 0.562631845 -0.225869879
vn -0.327337831 0.462372065 0.8240522
vn -0.5094075 0.571109533 0.6436908
vn -0.246525168 0.414604962 0.8759726
vn -0.40389657 0.166750848 0.899478555
vn -0.316244751 0.419511765 0.8508814
vn -0.4963485 0.5405781 0.6792742
vn -0.246556163 0.418840319 0.8739467
vn -0.41349107 0.207084611 0.886646
vn 1 0 0
vn 0.013745795 0.214380234 0.9766536
vn 0.01324764 0.22064659 0.975263834
vn 0.0223427657 0.222357482 0.974709153
vn 0.0180035345 0.239062235 0.970837355
vn 0.0395231061 0.222066343 0.9742302
vn 0.04815618 0.222529769 0.973735869
vn 0.0303455442 0.21432215 0.976291537
vn 0.031835258 0.197021812 0.9798821
vn -0.298857868 -0.81442076 -0.497396022
vn 0.261894047 -0.8135738 -0.519142747
vn -0.0141795063 -0.8480466 -0.52973187
vn -0.5242816 -0.653428257 -0.5460406
vn -0.7253005 -0.414847821 -0.549400151
vn -0.5242816 -0.653428257 -0.5460406
vn -0.7529111 -0.149014592 -0.6410301
vn -0.7236962 0.113739617 -0.6806814
vn -0.5222736 0.340418965 -0.7818857
vn -0.29212603 0.5168921 -0.8046645
vn -0.00103593466 0.5399538 -0.841694
vn 0.3141407 0.512088239 -0.7994256
vn 0.514439046 0.3444147 -0.7853222
vn 0.6907129 0.137450472 -0.7099458
vn 0.723300934 -0.130375415 -0.6781136
vn 0.70394814 -0.380901068 -0.599476
vn 0.496057481 -0.6403807 -0.586378336
vn 1 0 0
vn 0.961160958 0.253744364 -0.108551405
vn 0.264746428 0.9383289 -0.222369388
vn 0.6389325 0.742960453 -0.199436739
vn 0.9837055 -0.06469856 -0.167742565
vn 0.888636947 -0.4065085 -0.212309256
vn 0.600856543 -0.6948486 -0.395166785
vn 0.310689867 -0.820154965 -0.480434835
vn 0.600856543 -0.6948486 -0.395166785
vn -0.0493851379 -0.778832853 -0.6252843
vn -0.265699178 -0.6957458 -0.6673392
vn -0.498895079 -0.446529418 -0.7427753
vn -0.6709505 -0.143197984 -0.7275437
vn -0.6822742 0.199741483 -0.70328176
vn -0.609665334 0.527681351 -0.5914901
vn -0.3893033 0.775821269 -0.496532321
vn -0.110267751 0.935902059 -0.334556937
vn 0.0460596643 0.9548305 -0.293559521
vn -0.100179486 -0.105593711 0.9893503
vn -0.376394928 -0.1639442 0.911838353
vn -0.12932305 -0.288765937 0.9486252
vn -0.087710686 -0.711604834 0.6970835
vn -0.1297094 -0.264979273 0.9554902
vn -0.3281206 -0.140127182 0.9341848
vn -0.104957975 -0.06817846 0.992136836
vn -0.0306905247 0.336327046 0.941245
vn 1 0 0
vn -0.185130656 0.9603605 -0.208408892
vn -0.405240983 0.879327536 -0.250125527
vn 0.205167726 0.9553378 -0.212687314
vn 0.493688345 0.847935557 -0.193072736
vn -0.6578297 0.697935641 -0.2831005
vn -0.8386481 0.361668944 -0.4072652
vn -0.882228553 -0.05952422 -0.467043519
vn -0.742704034 -0.36000216 -0.5646142
vn -0.8386481 0.361668944 -0.4072652
vn -0.5706021 -0.5667567 -0.59430635
vn -0.2617441 -0.7321985 -0.6287888
vn 0.0168851055 -0.800621331 -0.5989327
vn 0.498427361 -0.633031666 -0.5923184
vn 0.8164939 -0.349503428 -0.459548682
vn 0.909223557 -0.08967239 -0.4065359
vn 0.9308367 0.165410683 -0.325856358
vn 0.78538394 0.549058139 -0.285844862
vn -0.212864161 -0.243446559 0.9462677
vn -0.10147354 -0.300325453 0.9484238
vn -0.116395041 -0.251666427 0.9607894
vn -0.0954198241 -0.2207852 0.9706436
vn -0.1919755 -0.204105809 0.959940732
vn -0.344089657 -0.07674436 0.9357952
vn -0.2937997 -0.188413918 0.937113643
vn -0.426057041 -0.2511849 0.8691269
vn 1 0 0
vn -0.2866369 0.9533045 -0.09513051
vn -0.595660031 0.8009896 -0.0600398034
vn -0.43037498 0.899031758 -0.08074189
vn 0.0453430973 0.9706113 -0.236342371
vn 0.3613091 0.866762936 -0.343769878
vn 0.574532 0.6389182 -0.5115628
vn 0.7111355 0.3458896 -0.6120839
vn 0.574532 0.6389182 -0.5115628
vn 0.685845852 0.0120614395 -0.7276469
vn 0.5794492 -0.312647551 -0.7526554
vn 0.32868126 -0.557526648 -0.7623206
vn 0.033616405 -0.7355917 -0.676590562
vn -0.2977062 -0.750075 -0.5905578
vn -0.609184742 -0.6697881 -0.424591333
vn -0.8093502 -0.485599816 -0.330371141
vn -0.965399444 -0.195714355 -0.17233631
vn -0.9079833 0.3973765 -0.132884368
vn 0.2997648 -0.235100657 0.9245911
vn 0.299249619 -0.236949384 0.924286
vn 0.1430957 -0.21575354 0.9659058
vn -0.296702832 -0.13403374 0.945517
vn 0.204475448 -0.2234764 0.9530205
vn 0.299752951 -0.233353034 0.925037563
vn 0.299768448 -0.2345661 0.9247257
vn 0.300560564 -0.2348136 0.9244057
vn 1 0 0
vn -0.927593768 0.368237555 -0.0630153641
vn -0.950317144 -0.301190555 0.07862288
vn -0.9993124 0.03615843 0.008204087
vn -0.747642756 0.618571937 -0.2416591
vn -0.4757399 0.7891793 -0.388416678
vn -0.176934689 0.7945344 -0.5808693
vn 0.145198524 0.6990649 -0.7001611
vn -0.176934689 0.7945344 -0.5808693
vn 0.373834968 0.458729059 -0.8061111
vn 0.5584749 0.160029843 -0.8139387
vn 0.5647958 -0.203883708 -0.7996481
vn 0.503484249 -0.5183964 -0.6912082
vn 0.2537192 -0.798895061 -0.545337737
vn -0.04175551 -0.950840235 -0.306853831
vn -0.295809329 -0.9370347 -0.185641348
vn -0.5379689 -0.8419175 -0.0420042761
vn -0.791740239 -0.6105572 0.019165365
vn 0.4635471 0.164521754 0.8706645
vn 0.463154584 0.16548948 0.87069
vn 0.46356374 0.16667816 0.8702454
vn 0.461799562 0.167201579 0.871082544
vn 0.4628914 0.170701846 0.8698232
vn 0.458692342 0.177889675 0.870607
vn 0.462833315 0.168640018 0.8702562
vn 0.462678343 0.163518608 0.87131536
vn 1 0 0
vn -0.7845308 -0.608038366 0.12165831
vn -0.3009423 -0.9303462 0.209498674
vn -0.5528909 -0.8144774 0.175892636
vn -0.8870777 -0.461304337 0.0170740616
vn -0.9654787 -0.226861075 -0.128003344
vn -0.8733696 0.0143455332 -0.486846834
vn -0.579368234 0.272876531 -0.768030465
vn -0.8733696 0.0143455332 -0.486846834
vn -0.3108061 0.2962743 -0.9031174
vn 0.0134171583 0.291072249 -0.956607
vn 0.393976957 0.07369034 -0.9161615
vn 0.6882 -0.148884833 -0.7100803
vn 0.7258084 -0.39438507 -0.5636157
vn 0.715005338 -0.5547272 -0.425493956
vn 0.4877264 -0.852591336 -0.187645972
vn 0.205662385 -0.977104545 0.05449448
vn -0.0596584864 -0.988345146 0.140052512
vn 0.256770253 0.7316812 0.631436169
vn 0.383139133 0.7520282 0.536337554
vn 0.293090731 0.7438859 0.6006094
vn 0.29903844 0.7354972 0.607963741
vn 0.205061927 0.727750957 0.6544678
vn -0.188457727 0.655993462 0.730859935
vn 0.205865547 0.7159833 0.6670737
vn 0.280591577 0.5655865 0.7754871
vn 1 0 0
vn -0.3395003 -0.923141837 0.180412486
vn 0.376912832 -0.9058947 0.193110183
vn 0.02226899 -0.97952497 0.200087428
vn -0.5936171 -0.803636432 0.0422763042
vn -0.7971929 -0.594220638 -0.106701933
vn -0.870874166 -0.343233228 -0.351808429
vn -0.823636055 -0.020285558 -0.566755831
vn -0.870874166 -0.343233228 -0.351808429
vn -0.6256985 0.186431557 -0.757459342
vn -0.3368384 0.3803884 -0.861304
vn 0.009684252 0.411792576 -0.911226153
vn 0.359896868 0.3916506 -0.846808136
vn 0.6483087 0.207943246 -0.7324312
vn 0.8470358 0.00474497536 -0.5315146
vn 0.8935108 -0.3263629 -0.308424532
vn 0.813965 -0.5769056 -0.0681238249
vn 0.6175525 -0.783416748 0.0699076056
vn -0.0237035416 0.6648916 0.7465637
vn 0.0211227089 0.7038841 0.7100007
vn -0.0279031731 0.682980835 0.7299031
vn -0.12724255 0.7510673 0.6478482
vn -0.0219562147 0.6749404 0.7375455
vn -0.016846681 0.6444176 0.764488161
vn -0.0165015217 0.6549808 0.7554654
vn -0.0161583181 0.6443193 0.764585853
vn 1 0 0
vn 0.567424536 -0.8004926 0.192979321
vn 0.967563748 -0.2443682 0.06406676
vn 0.8179226 -0.5586752 0.137421325
vn 0.264664441 -0.958302 0.107749678
vn -0.06938026 -0.9975439 0.009623033
vn -0.25582847 -0.9579059 -0.130261555
vn -0.439563483 -0.856057644 -0.271936
vn -0.25582847 -0.9579059 -0.130261555
vn -0.5785335 -0.596174359 -0.5566643
vn -0.6178505 -0.181234524 -0.7651241
vn -0.4745965 0.09766964 -0.87476784
vn -0.255080581 0.393411279 -0.8832675
vn 0.05204079 0.537978232 -0.8413508
vn 0.3750983 0.6229787 -0.6864392
vn 0.6775769 0.520130038 -0.519956052
vn 0.8673196 0.378277928 -0.323515922
vn 0.9921661 0.0386867933 -0.118784688
vn -0.411486119 0.5234468 0.7461117
vn -0.3716339 0.46166718 0.8054512
vn -0.420004457 0.5214095 0.7427842
vn -0.580802739 0.4609048 0.6709955
vn -0.4161038 0.5273313 0.7407964
vn -0.368150264 0.47746563 0.7978045
vn -0.410527468 0.526542366 0.744459748
vn -0.543267 0.4769699 0.6909129
vn 1 0 0
vn -0.93089503 -0.3542273 0.08920434
vn -0.7556212 -0.654444039 0.027196398
vn -0.9995925 -0.020249933 0.0201186687
vn -0.9475982 0.3153319 -0.05121954
vn -0.489424556 -0.871238649 -0.03750812
vn -0.245384127 -0.951938331 -0.183303192
vn 0.006898615 -0.951596558 -0.307272553
vn 0.291092783 -0.7838074 -0.5485535
vn -0.245384127 -0.951938331 -0.183303192
vn 0.5248975 -0.488084346 -0.697320759
vn 0.5671602 -0.171794713 -0.8054911
vn 0.5409238 0.188223392 -0.8197398
vn 0.337988853 0.479177922 -0.8100321
vn 0.09620058 0.707033932 -0.70060575
vn -0.229410753 0.7837707 -0.5771258
vn -0.5252295 0.7610124 -0.380781
vn -0.7845183 0.575344145 -0.231322587
vn 0.464406937 0.192210436 0.8645122
vn 0.461366951 0.183457434 0.868034542
vn 0.464484423 0.187250867 0.8655584
vn 0.4633291 0.190208733 0.865532637
vn 0.464768559 0.191270888 0.8645262
vn 0.46210435 0.19191052 0.8658117
vn 0.464610875 0.196132317 0.8635212
vn 0.462159276 0.200771078 0.863770664
vn 1 0 0
usemtl 9014000802_part_0_material_0
f 1/1/1 2/2/2 3/3/3
f 3/3/3 4/4/4 1/1/1
f 5/5/5 1/1/1 4/4/4
f 4/4/4 6/6/6 5/5/5
f 7/7/7 5/5/5 6/6/6
f 6/6/6 8/8/8 7/7/7
f 9/9/9 10/10/10 2/2/2
f 2/2/2 1/1/1 9/9/9
f 11/11/11 9/9/9 1/1/1
f 1/1/1 5/5/5 11/11/11
f 12/12/12 11/11/11 5/5/5
f 5/5/5 7/7/7 12/12/12
f 13/13/13 14/14/14 10/10/10
f 10/10/10 9/9/9 13/13/13
f 15/15/15 13/13/13 9/9/9
f 9/9/9 11/11/11 15/15/15
f 16/16/16 15/15/15 11/11/11
f 11/11/11 12/12/12 16/16/16
f 17/17/17 18/18/18 19/19/19
f 19/19/19 20/20/20 17/17/17
f 21/21/21 17/17/17 20/20/20
f 20/20/20 22/22/22 21/21/21
f 23/23/23 21/21/21 22/22/22
f 22/22/22 24/24/24 23/23/23
f 25/25/25 26/26/26 18/18/18
f 18/18/18 17/17/17 25/25/25
f 27/27/27 25/25/25 17/17/17
f 17/17/17 21/21/21 27/27/27
f 28/28/28 27/27/27 21/21/21
f 21/21/21 23/23/23 28/28/28
f 29/29/29 30/30/30 26/26/26
f 26/26/26 25/25/25 29/29/29
f 31/31/31 29/29/29 25/25/25
f 25/25/25 27/27/27 31/31/31
f 32/32/32 31/31/31 27/27/27
f 27/27/27 28/28/28 32/32/32
f 33/33/33 34/34/34 35/35/35
f 35/35/35 36/36/36 33/33/33
f 37/37/37 33/33/33 36/36/36
f 36/36/36 38/38/38 37/37/37
f 39/39/39 37/37/37 38/38/38
f 38/38/38 40/40/40 39/39/39
f 41/41/41 42/42/42 34/34/34
f 34/34/34 33/33/33 41/41/41
f 43/43/43 41/41/41 33/33/33
f 33/33/33 37/37/37 43/43/43
f 44/44/44 43/43/43 37/37/37
f 37/37/37 39/39/39 44/44/44
f 45/45/45 46/46/46 42/42/42
f 42/42/42 41/41/41 45/45/45
f 47/47/47 45/45/45 41/41/41
f 41/41/41 43/43/43 47/47/47
f 48/48/48 47/47/47 43/43/43
f 43/43/43 44/44/44 48/48/48
f 49/49/49 50/50/50 51/51/51
f 52/52/52 53/53/53 54/54/54
f 55/55/55 56/56/56 57/57/57
f 58/58/58 59/59/59 60/60/60
f 61/61/61 62/62/62 63/63/63
f 64/64/64 65/65/65 66/66/66
f 67/67/67 68/68/68 69/69/69
f 70/70/70 71/71/71 72/72/72
f 73/73/73 74/74/74 75/75/75
f 76/76/76 77/77/77 78/78/78
f 79/79/79 80/80/80 81/81/81
f 82/82/82 83/83/83 84/84/84
f 85/85/85 86/86/86 87/87/87
f 88/88/88 89/89/89 90/90/90
f 91/91/91 92/92/92 93/93/93
f 94/94/94 95/95/95 96/96/96
f 97/97/97 98/98/98 99/99/99
f 100/100/100 101/101/101 102/102/102
f 103/103/103 104/104/104 105/105/105
f 106/106/106 107/107/107 108/108/108
f 109/109/109 110/110/110 111/111/111
f 112/112/112 113/113/113 114/114/114
f 115/115/115 116/116/116 117/117/117
f 118/118/118 119/119/119 120/120/120
f 121/121/121 122/122/122 123/123/123
f 124/124/124 125/125/125 126/126/126
f 127/127/127 128/128/128 129/129/129
f 130/130/130 131/131/131 132/132/132
f 133/133/133 134/134/134 135/135/135
f 136/136/136 137/137/137 138/138/138
f 139/139/139 140/140/140 141/141/141
f 142/142/142 143/143/143 144/144/144
usemtl 9014000802_part_0_material_1
f 145/145/145 146/146/146 147/147/147
f 147/147/147 148/148/148 145/145/145
f 149/149/149 145/145/145 148/148/148
f 148/148/148 150/150/150 149/149/149
f 151/151/151 149/149/149 150/150/150
f 150/150/150 152/152/152 151/151/151
f 146/146/146 153/153/153 154/154/154
f 155/155/155 156/156/156 145/145/145
f 145/145/145 149/149/149 155/155/155
f 155/155/155 149/149/149 151/151/151
f 151/151/151 157/157/157 155/155/155
f 158/158/158 159/159/159 160/160/160
f 160/160/160 161/161/161 158/158/158
f 157/157/157 158/158/158 162/162/162
f 151/151/151 163/163/163 159/159/159
f 159/159/159 158/158/158 151/151/151
f 154/154/154 164/164/164 165/165/165
f 166/166/166 154/154/154 165/165/165
f 165/165/165 167/167/167 166/166/166
f 168/168/168 146/146/146 154/154/154
f 154/154/154 166/166/166 168/168/168
f 169/169/169 170/170/170 171/171/171
f 172/172/172 173/173/173 174/174/174
f 175/175/175 176/176/176 177/177/177
f 178/178/178 179/179/179 180/180/180
f 181/181/181 182/182/182 183/183/183
f 184/184/184 185/185/185 186/186/186
f 187/187/187 188/188/188 189/189/189
f 190/190/190 191/191/191 192/192/192
f 193/193/193 194/194/194 195/195/195
f 196/196/196 197/197/197 198/198/198
f 199/199/199 200/200/200 201/201/201
f 202/202/202 203/203/203 204/204/204
f 205/205/205 206/206/206 207/207/207
f 208/208/208 209/209/209 210/210/210
f 211/211/211 212/212/212 213/213/213
f 214/214/214 215/215/215 216/216/216
f 217/217/217 218/218/218 219/219/219
f 151/151/151 158/158/158 157/157/157
f 220/220/220 221/221/221 222/222/222
f 223/223/223 224/224/224 225/225/225
f 226/226/226 227/227/227 228/228/228
f 156/156/156 153/153/153 146/146/146
f 146/146/146 145/145/145 156/156/156
f 158/158/158 161/161/161 162/162/162
f 154/154/154 153/153/153 164/164/164
f 229/229/229 230/230/230 231/231/231
f 231/231/231 232/232/232 229/229/229
f 233/233/233 234/234/234 230/230/230
f 230/230/230 229/229/229 233/233/233
f 235/235/235 236/236/236 234/234/234
f 234/234/234 233/233/233 235/235/235
f 232/232/232 237/237/237 238/238/238
f 239/239/239 233/233/233 229/229/229
f 229/229/229 240/240/240 239/239/239
f 239/239/239 241/241/241 235/235/235
f 235/235/235 233/233/233 239/239/239
f 242/242/242 243/243/243 244/244/244
f 244/244/244 245/245/245 242/242/242
f 241/241/241 246/246/246 242/242/242
f 235/235/235 242/242/242 245/245/245
f 245/245/245 247/247/247 235/235/235
f 237/237/237 248/248/248 249/249/249
f 250/250/250 251/251/251 248/248/248
f 248/248/248 237/237/237 250/250/250
f 252/252/252 250/250/250 237/237/237
f 237/237/237 232/232/232 252/252/252
f 253/253/253 254/254/254 255/255/255
f 256/256/256 257/257/257 258/258/258
f 259/259/259 260/260/260 261/261/261
f 262/262/262 263/263/263 264/264/264
f 265/265/265 266/266/266 267/267/267
f 268/268/268 269/269/269 270/270/270
f 271/271/271 272/272/272 273/273/273
f 274/274/274 275/275/275 276/276/276
f 277/277/277 278/278/278 279/279/279
f 280/280/280 281/281/281 282/282/282
f 283/283/283 284/284/284 285/285/285
f 286/286/286 287/287/287 288/288/288
f 289/289/289 290/290/290 291/291/291
f 292/292/292 293/293/293 294/294/294
f 295/295/295 296/296/296 297/297/297
f 298/298/298 299/299/299 300/300/300
f 301/301/301 302/302/302 303/303/303
f 235/235/235 241/241/241 242/242/242
f 304/304/304 305/305/305 306/306/306
f 307/307/307 308/308/308 309/309/309
f 310/310/310 311/311/311 312/312/312
f 240/240/240 229/229/229 232/232/232
f 232/232/232 238/238/238 240/240/240
f 242/242/242 246/246/246 243/243/243
f 237/237/237 249/249/249 238/238/238
f 313/313/313 314/314/314 315/315/315
f 315/315/315 316/316/316 313/313/313
f 314/314/314 317/317/317 318/318/318
f 318/318/318 315/315/315 314/314/314
f 317/317/317 319/319/319 320/320/320
f 320/320/320 318/318/318 317/317/317
f 316/316/316 315/315/315 321/321/321
f 321/321/321 322/322/322 316/316/316
f 315/315/315 318/318/318 323/323/323
f 323/323/323 321/321/321 315/315/315
f 318/318/318 320/320/320 324/324/324
f 324/324/324 323/323/323 318/318/318
f 322/322/322 321/321/321 325/325/325
f 321/321/321 323/323/323 326/326/326
f 326/326/326 325/325/325 321/321/321
f 323/323/323 324/324/324 326/326/326
f 327/327/327 328/328/328 329/329/329
f 329/329/329 330/330/330 327/327/327
f 328/328/328 331/331/331 332/332/332
f 332/332/332 329/329/329 328/328/328
f 331/331/331 333/333/333 334/334/334
f 334/334/334 332/332/332 331/331/331
f 330/330/330 329/329/329 335/335/335
f 335/335/335 336/336/336 330/330/330
f 329/329/329 332/332/332 337/337/337
f 337/337/337 335/335/335 329/329/329
f 332/332/332 334/334/334 338/338/338
f 338/338/338 337/337/337 332/332/332
f 335/335/335 339/339/339 336/336/336
f 335/335/335 337/337/337 340/340/340
f 340/340/340 339/339/339 335/335/335
f 337/337/337 338/338/338 340/340/340
f 341/341/341 342/342/342 343/343/343
f 343/343/343 344/344/344 341/341/341
f 342/342/342 345/345/345 346/346/346
f 346/346/346 343/343/343 342/342/342
f 345/345/345 347/347/347 348/348/348
f 348/348/348 346/346/346 345/345/345
f 344/344/344 343/343/343 349/349/349
f 349/349/349 350/350/350 344/344/344
f 343/343/343 346/346/346 351/351/351
f 351/351/351 349/349/349 343/343/343
f 346/346/346 348/348/348 352/352/352
f 352/352/352 351/351/351 346/346/346
f 350/350/350 353/353/353 354/354/354
f 349/349/349 351/351/351 355/355/355
f 355/355/355 353/353/353 349/349/349
f 351/351/351 352/352/352 355/355/355
f 356/356/356 357/357/357 358/358/358
f 359/359/359 360/360/360 361/361/361
f 362/362/362 363/363/363 364/364/364
f 365/365/365 366/366/366 367/367/367
f 368/368/368 369/369/369 370/370/370
f 371/371/371 372/372/372 373/373/373
f 374/374/374 375/375/375 376/376/376
f 377/377/377 378/378/378 379/379/379
f 380/380/380 381/381/381 382/382/382
f 383/383/383 384/384/384 385/385/385
f 386/386/386 387/387/387 388/388/388
f 389/389/389 390/390/390 391/391/391
f 392/392/392 393/393/393 394/394/394
f 395/395/395 396/396/396 397/397/397
f 398/398/398 399/399/399 400/400/400
f 401/401/401 402/402/402 403/403/403
f 404/404/404 405/405/405 406/406/406
f 407/407/407 408/408/408 409/409/409
f 410/410/410 411/411/411 412/412/412
f 413/413/413 414/414/414 415/415/415
f 416/416/416 417/417/417 418/418/418
f 419/419/419 420/420/420 421/421/421
f 422/422/422 423/423/423 424/424/424
f 425/425/425 426/426/426 427/427/427
f 428/428/428 429/429/429 430/430/430
f 431/431/431 432/432/432 433/433/433
f 434/434/434 435/435/435 436/436/436
f 437/437/437 438/438/438 439/439/439
f 440/440/440 441/441/441 442/442/442
f 443/443/443 444/444/444 445/445/445
f 446/446/446 447/447/447 448/448/448
f 338/338/338 449/449/449 340/340/340
f 350/350/350 349/349/349 353/353/353
f 450/450/450 451/451/451 452/452/452
f 453/453/453 454/454/454 455/455/455
f 456/456/456 457/457/457 458/458/458
f 459/459/459 460/460/460 461/461/461
f 462/462/462 463/463/463 464/464/464
f 465/465/465 466/466/466 467/467/467
f 467/467/467 466/466/466 468/468/468
f 469/469/469 470/470/470 471/471/471
f 470/470/470 472/472/472 471/471/471
f 468/468/468 466/466/466 470/470/470
f 470/470/470 469/469/469 468/468/468
f 470/470/470 466/466/466 465/465/465
f 470/470/470 465/465/465 473/473/473
f 470/470/470 473/473/473 472/472/472
f 474/474/474 475/475/475 476/476/476
f 476/476/476 475/475/475 477/477/477
f 478/478/478 479/479/479 480/480/480
f 479/479/479 481/481/481 480/480/480
f 477/477/477 475/475/475 479/479/479
f 479/479/479 478/478/478 477/477/477
f 479/479/479 475/475/475 474/474/474
f 479/479/479 474/474/474 482/482/482
f 479/479/479 482/482/482 481/481/481
f 483/483/483 484/484/484 485/485/485
f 485/485/485 484/484/484 486/486/486
f 487/487/487 488/488/488 489/489/489
f 488/488/488 490/490/490 489/489/489
f 486/486/486 484/484/484 488/488/488
f 488/488/488 487/487/487 486/486/486
f 488/488/488 484/484/484 483/483/483
f 488/488/488 483/483/483 491/491/491
f 488/488/488 491/491/491 490/490/490
f 492/492/492 493/493/493 494/494/494
f 492/492/492 495/495/495 493/493/493
f 492/492/492 496/496/496 495/495/495
f 492/492/492 497/497/497 496/496/496
f 492/492/492 498/498/498 497/497/497
f 492/492/492 499/499/499 498/498/498
f 492/492/492 500/500/500 499/499/499
f 492/492/492 501/501/501 500/500/500
f 492/492/492 502/502/502 501/501/501
f 492/492/492 503/503/503 502/502/502
f 492/492/492 504/504/504 503/503/503
f 492/492/492 494/494/494 504/504/504
f 505/505/505 506/506/506 494/494/494
f 494/494/494 493/493/493 505/505/505
f 507/507/507 505/505/505 493/493/493
f 493/493/493 495/495/495 507/507/507
f 508/508/508 507/507/507 495/495/495
f 495/495/495 496/496/496 508/508/508
f 509/509/509 508/508/508 496/496/496
f 496/496/496 497/497/497 509/509/509
f 510/510/510 509/509/509 497/497/497
f 497/497/497 498/498/498 510/510/510
f 511/511/511 510/510/510 498/498/498
f 498/498/498 499/499/499 511/511/511
f 512/512/512 511/511/511 499/499/499
f 499/499/499 500/500/500 512/512/512
f 513/513/513 512/512/512 500/500/500
f 500/500/500 501/501/501 513/513/513
f 514/514/514 513/513/513 501/501/501
f 501/501/501 502/502/502 514/514/514
f 515/515/515 514/514/514 502/502/502
f 502/502/502 503/503/503 515/515/515
f 516/516/516 515/515/515 503/503/503
f 503/503/503 504/504/504 516/516/516
f 506/506/506 516/516/516 504/504/504
f 504/504/504 494/494/494 506/506/506
f 517/517/517 518/518/518 506/506/506
f 506/506/506 505/505/505 517/517/517
f 519/519/519 517/517/517 505/505/505
f 505/505/505 507/507/507 519/519/519
f 520/520/520 519/519/519 507/507/507
f 507/507/507 508/508/508 520/520/520
f 521/521/521 520/520/520 508/508/508
f 508/508/508 509/509/509 521/521/521
f 522/522/522 521/521/521 509/509/509
f 509/509/509 510/510/510 522/522/522
f 523/523/523 522/522/522 510/510/510
f 510/510/510 511/511/511 523/523/523
f 524/524/524 523/523/523 511/511/511
f 511/511/511 512/512/512 524/524/524
f 525/525/525 524/524/524 512/512/512
f 512/512/512 513/513/513 525/525/525
f 526/526/526 525/525/525 513/513/513
f 513/513/513 514/514/514 526/526/526
f 527/527/527 526/526/526 514/514/514
f 514/514/514 515/515/515 527/527/527
f 528/528/528 527/527/527 515/515/515
f 515/515/515 516/516/516 528/528/528
f 518/518/518 528/528/528 516/516/516
f 516/516/516 506/506/506 518/518/518
f 529/529/529 530/530/530 531/531/531
f 531/531/531 532/532/532 529/529/529
f 533/533/533 529/529/529 532/532/532
f 532/532/532 534/534/534 533/533/533
f 535/535/535 533/533/533 534/534/534
f 534/534/534 536/536/536 535/535/535
f 537/537/537 535/535/535 536/536/536
f 536/536/536 538/538/538 537/537/537
f 539/539/539 537/537/537 538/538/538
f 538/538/538 540/540/540 539/539/539
f 541/541/541 539/539/539 540/540/540
f 540/540/540 542/542/542 541/541/541
f 543/543/543 541/541/541 542/542/542
f 542/542/542 544/544/544 543/543/543
f 545/545/545 543/543/543 544/544/544
f 544/544/544 546/546/546 545/545/545
f 547/547/547 545/545/545 546/546/546
f 546/546/546 548/548/548 547/547/547
f 549/549/549 547/547/547 548/548/548
f 548/548/548 550/550/550 549/549/549
f 551/551/551 549/549/549 550/550/550
f 550/550/550 552/552/552 551/551/551
f 553/553/553 551/551/551 552/552/552
f 552/552/552 554/554/554 553/553/553
f 555/555/555 556/556/556 557/557/557
f 557/557/557 556/556/556 558/558/558
f 559/559/559 560/560/560 561/561/561
f 560/560/560 562/562/562 561/561/561
f 558/558/558 556/556/556 560/560/560
f 560/560/560 559/559/559 558/558/558
f 560/560/560 556/556/556 555/555/555
f 560/560/560 555/555/555 563/563/563
f 560/560/560 563/563/563 562/562/562
f 564/564/564 565/565/565 566/566/566
f 566/566/566 567/567/567 564/564/564
f 568/568/568 565/565/565 564/564/564
f 564/564/564 569/569/569 568/568/568
f 570/570/570 568/568/568 569/569/569
f 569/569/569 571/571/571 570/570/570
f 572/572/572 573/573/573 574/574/574
f 574/574/574 573/573/573 575/575/575
f 576/576/576 577/577/577 578/578/578
f 577/577/577 579/579/579 578/578/578
f 575/575/575 573/573/573 577/577/577
f 577/577/577 576/576/576 575/575/575
f 577/577/577 573/573/573 572/572/572
f 577/577/577 572/572/572 580/580/580
f 577/577/577 580/580/580 579/579/579
f 581/581/581 582/582/582 583/583/583
f 583/583/583 582/582/582 584/584/584
f 585/585/585 586/586/586 587/587/587
f 586/586/586 588/588/588 587/587/587
f 584/584/584 582/582/582 586/586/586
f 586/586/586 585/585/585 584/584/584
f 586/586/586 582/582/582 581/581/581
f 586/586/586 581/581/581 589/589/589
f 586/586/586 589/589/589 588/588/588
f 590/590/590 591/591/591 592/592/592
f 592/592/592 593/593/593 590/590/590
f 594/594/594 595/595/595 591/591/591
f 591/591/591 590/590/590 594/594/594
f 596/596/596 595/595/595 594/594/594
f 594/594/594 597/597/597 596/596/596
f 598/598/598 599/599/599 600/600/600
f 600/600/600 601/601/601 598/598/598
f 602/602/602 603/603/603 598/598/598
f 598/598/598 601/601/601 602/602/602
f 604/604/604 605/605/605 603/603/603
f 603/603/603 602/602/602 604/604/604
f 598/598/598 590/590/590 593/593/593
f 593/593/593 599/599/599 598/598/598
f 603/603/603 594/594/594 590/590/590
f 590/590/590 598/598/598 603/603/603
f 605/605/605 597/597/597 594/594/594
f 594/594/594 603/603/603 605/605/605
f 564/564/564 567/567/567 606/606/606
f 606/606/606 607/607/607 564/564/564
f 608/608/608 569/569/569 564/564/564
f 564/564/564 607/607/607 608/608/608
f 609/609/609 571/571/571 569/569/569
f 569/569/569 608/608/608 609/609/609
f 610/610/610 611/611/611 612/612/612
f 611/611/611 613/613/613 612/612/612
f 614/614/614 615/615/615 616/616/616
f 616/616/616 615/615/615 617/617/617
f 613/613/613 614/614/614 616/616/616
f 616/616/616 612/612/612 613/613/613
f 616/616/616 617/617/617 618/618/618
f 616/616/616 618/618/618 610/610/610
f 616/616/616 610/610/610 612/612/612
f 619/619/619 620/620/620 621/621/621
f 620/620/620 622/622/622 621/621/621
f 623/623/623 624/624/624 625/625/625
f 625/625/625 624/624/624 626/626/626
f 622/622/622 623/623/623 625/625/625
f 625/625/625 621/621/621 622/622/622
f 625/625/625 626/626/626 627/627/627
f 625/625/625 627/627/627 619/619/619
f 625/625/625 619/619/619 621/621/621
f 628/628/628 629/629/629 630/630/630
f 629/629/629 631/631/631 630/630/630
f 632/632/632 633/633/633 634/634/634
f 634/634/634 633/633/633 635/635/635
f 631/631/631 632/632/632 634/634/634
f 634/634/634 630/630/630 631/631/631
f 634/634/634 635/635/635 636/636/636
f 634/634/634 636/636/636 628/628/628
f 634/634/634 628/628/628 630/630/630
f 637/637/637 638/638/638 639/639/639
f 637/637/637 639/639/639 640/640/640
f 637/637/637 640/640/640 641/641/641
f 637/637/637 641/641/641 642/642/642
f 637/637/637 642/642/642 643/643/643
f 637/637/637 643/643/643 644/644/644
f 637/637/637 644/644/644 645/645/645
f 637/637/637 645/645/645 646/646/646
f 637/637/637 646/646/646 647/647/647
f 637/637/637 647/647/647 648/648/648
f 637/637/637 648/648/648 649/649/649
f 637/637/637 649/649/649 638/638/638
f 650/650/650 639/639/639 638/638/638
f 638/638/638 651/651/651 650/650/650
f 652/652/652 640/640/640 639/639/639
f 639/639/639 650/650/650 652/652/652
f 653/653/653 641/641/641 640/640/640
f 640/640/640 652/652/652 653/653/653
f 654/654/654 642/642/642 641/641/641
f 641/641/641 653/653/653 654/654/654
f 655/655/655 643/643/643 642/642/642
f 642/642/642 654/654/654 655/655/655
f 656/656/656 644/644/644 643/643/643
f 643/643/643 655/655/655 656/656/656
f 657/657/657 645/645/645 644/644/644
f 644/644/644 656/656/656 657/657/657
f 658/658/658 646/646/646 645/645/645
f 645/645/645 657/657/657 658/658/658
f 659/659/659 647/647/647 646/646/646
f 646/646/646 658/658/658 659/659/659
f 660/660/660 648/648/648 647/647/647
f 647/647/647 659/659/659 660/660/660
f 661/661/661 649/649/649 648/648/648
f 648/648/648 660/660/660 661/661/661
f 651/651/651 638/638/638 649/649/649
f 649/649/649 661/661/661 651/651/651
f 662/662/662 650/650/650 651/651/651
f 651/651/651 663/663/663 662/662/662
f 664/664/664 652/652/652 650/650/650
f 650/650/650 662/662/662 664/664/664
f 665/665/665 653/653/653 652/652/652
f 652/652/652 664/664/664 665/665/665
f 666/666/666 654/654/654 653/653/653
f 653/653/653 665/665/665 666/666/666
f 667/667/667 655/655/655 654/654/654
f 654/654/654 666/666/666 667/667/667
f 668/668/668 656/656/656 655/655/655
f 655/655/655 667/667/667 668/668/668
f 669/669/669 657/657/657 656/656/656
f 656/656/656 668/668/668 669/669/669
f 670/670/670 658/658/658 657/657/657
f 657/657/657 669/669/669 670/670/670
f 671/671/671 659/659/659 658/658/658
f 658/658/658 670/670/670 671/671/671
f 672/672/672 660/660/660 659/659/659
f 659/659/659 671/671/671 672/672/672
f 673/673/673 661/661/661 660/660/660
f 660/660/660 672/672/672 673/673/673
f 663/663/663 651/651/651 661/661/661
f 661/661/661 673/673/673 663/663/663
f 674/674/674 675/675/675 676/676/676
f 676/676/676 677/677/677 674/674/674
f 678/678/678 679/679/679 675/675/675
f 675/675/675 674/674/674 678/678/678
f 680/680/680 681/681/681 679/679/679
f 679/679/679 678/678/678 680/680/680
f 682/682/682 683/683/683 681/681/681
f 681/681/681 680/680/680 682/682/682
f 684/684/684 685/685/685 683/683/683
f 683/683/683 682/682/682 684/684/684
f 686/686/686 687/687/687 685/685/685
f 685/685/685 684/684/684 686/686/686
f 688/688/688 689/689/689 687/687/687
f 687/687/687 686/686/686 688/688/688
f 690/690/690 691/691/691 689/689/689
f 689/689/689 688/688/688 690/690/690
f 692/692/692 693/693/693 691/691/691
f 691/691/691 690/690/690 692/692/692
f 694/694/694 695/695/695 693/693/693
f 693/693/693 692/692/692 694/694/694
f 696/696/696 697/697/697 695/695/695
f 695/695/695 694/694/694 696/696/696
f 698/698/698 699/699/699 697/697/697
f 697/697/697 696/696/696 698/698/698
f 700/700/700 701/701/701 702/702/702
f 701/701/701 703/703/703 702/702/702
f 704/704/704 705/705/705 706/706/706
f 706/706/706 705/705/705 707/707/707
f 703/703/703 704/704/704 706/706/706
f 706/706/706 702/702/702 703/703/703
f 706/706/706 707/707/707 708/708/708
f 706/706/706 708/708/708 700/700/700
f 706/706/706 700/700/700 702/702/702
f 709/709/709 710/710/710 711/711/711
f 711/711/711 712/712/712 709/709/709
f 713/713/713 714/714/714 709/709/709
f 709/709/709 712/712/712 713/713/713
f 715/715/715 716/716/716 714/714/714
f 714/714/714 713/713/713 715/715/715
f 717/717/717 718/718/718 719/719/719
f 718/718/718 720/720/720 719/719/719
f 721/721/721 722/722/722 723/723/723
f 723/723/723 722/722/722 724/724/724
f 720/720/720 721/721/721 723/723/723
f 723/723/723 719/719/719 720/720/720
f 723/723/723 724/724/724 725/725/725
f 723/723/723 725/725/725 717/717/717
f 723/723/723 717/717/717 719/719/719
f 726/726/726 727/727/727 728/728/728
f 727/727/727 729/729/729 728/728/728
f 730/730/730 731/731/731 732/732/732
f 732/732/732 731/731/731 733/733/733
f 729/729/729 730/730/730 732/732/732
f 732/732/732 728/728/728 729/729/729
f 732/732/732 733/733/733 734/734/734
f 732/732/732 734/734/734 726/726/726
f 732/732/732 726/726/726 728/728/728
f 735/735/735 736/736/736 737/737/737
f 737/737/737 738/738/738 735/735/735
f 739/739/739 735/735/735 738/738/738
f 738/738/738 740/740/740 739/739/739
f 741/741/741 742/742/742 739/739/739
f 739/739/739 740/740/740 741/741/741
f 743/743/743 744/744/744 745/745/745
f 745/745/745 746/746/746 743/743/743
f 747/747/747 744/744/744 743/743/743
f 743/743/743 748/748/748 747/747/747
f 749/749/749 747/747/747 748/748/748
f 748/748/748 750/750/750 749/749/749
f 743/743/743 746/746/746 736/736/736
f 736/736/736 735/735/735 743/743/743
f 748/748/748 743/743/743 735/735/735
f 735/735/735 739/739/739 748/748/748
f 750/750/750 748/748/748 739/739/739
f 739/739/739 742/742/742 750/750/750
f 709/709/709 751/751/751 752/752/752
f 752/752/752 710/710/710 709/709/709
f 753/753/753 751/751/751 709/709/709
f 709/709/709 714/714/714 753/753/753
f 754/754/754 753/753/753 714/714/714
f 714/714/714 716/716/716 754/754/754
f 755/755/755 756/756/756 757/757/757
f 757/757/757 758/758/758 755/755/755
f 759/759/759 760/760/760 761/761/761
f 761/761/761 762/762/762 759/759/759
f 763/763/763 764/764/764 765/765/765
f 765/765/765 766/766/766 763/763/763
f 765/765/765 767/767/767 768/768/768
f 768/768/768 766/766/766 765/765/765
f 769/769/769 770/770/770 771/771/771
f 772/772/772 767/767/767 773/773/773
f 769/769/769 774/774/774 770/770/770
f 768/768/768 772/772/772 775/775/775
f 776/776/776 777/777/777 767/767/767
f 767/767/767 778/778/778 776/776/776
f 779/779/779 757/757/757 780/780/780
f 781/781/781 782/782/782 783/783/783
f 783/783/783 784/784/784 781/781/781
f 783/783/783 785/785/785 779/779/779
f 779/779/779 784/784/784 783/783/783
f 784/784/784 780/780/780 781/781/781
f 782/782/782 770/770/770 786/786/786
f 787/787/787 760/760/760 759/759/759
f 782/782/782 788/788/788 789/789/789
f 768/768/768 767/767/767 772/772/772
f 771/771/771 781/781/781 787/787/787
f 770/770/770 782/782/782 781/781/781
f 781/781/781 771/771/771 770/770/770
f 756/756/756 780/780/780 757/757/757
f 787/787/787 781/781/781 780/780/780
f 778/778/778 767/767/767 765/765/765
f 765/765/765 790/790/790 778/778/778
f 791/791/791 792/792/792 762/762/762
f 762/762/762 761/761/761 791/791/791
f 793/793/793 755/755/755 758/758/758
f 758/758/758 794/794/794 793/793/793
f 792/792/792 795/795/795 796/796/796
f 796/796/796 762/762/762 792/792/792
f 797/797/797 764/764/764 798/798/798
f 798/798/798 799/799/799 797/797/797
f 764/764/764 763/763/763 800/800/800
f 800/800/800 798/798/798 764/764/764
f 764/764/764 797/797/797 790/790/790
f 790/790/790 765/765/765 764/764/764
f 783/783/783 782/782/782 789/789/789
f 785/785/785 783/783/783 789/789/789
f 789/789/789 788/788/788 801/801/801
f 801/801/801 785/785/785 789/789/789
f 780/780/780 756/756/756 787/787/787
f 780/780/780 784/784/784 779/779/779
f 771/771/771 787/787/787 759/759/759
f 802/802/802 788/788/788 786/786/786
f 786/786/786 803/803/803 802/802/802
f 788/788/788 782/782/782 786/786/786
f 804/804/804 802/802/802 803/803/803
f 803/803/803 805/805/805 804/804/804
f 776/776/776 806/806/806 807/807/807
f 808/808/808 809/809/809 807/807/807
f 810/810/810 788/788/788 802/802/802
f 811/811/811 801/801/801 788/788/788
f 788/788/788 810/810/810 811/811/811
f 810/810/810 802/802/802 804/804/804
f 804/804/804 812/812/812 810/810/810
f 808/808/808 807/807/807 806/806/806
f 813/813/813 814/814/814 815/815/815
f 815/815/815 816/816/816 813/813/813
f 817/817/817 818/818/818 819/819/819
f 814/814/814 820/820/820 821/821/821
f 821/821/821 815/815/815 814/814/814
f 822/822/822 823/823/823 821/821/821
f 821/821/821 820/820/820 822/822/822
f 817/817/817 824/824/824 825/825/825
f 825/825/825 826/826/826 817/817/817
f 826/826/826 825/825/825 813/813/813
f 813/813/813 816/816/816 826/826/826
f 817/817/817 819/819/819 827/827/827
f 828/828/828 814/814/814 829/829/829
f 826/826/826 816/816/816 830/830/830
f 830/830/830 831/831/831 826/826/826
f 832/832/832 833/833/833 834/834/834
f 834/834/834 835/835/835 832/832/832
f 833/833/833 821/821/821 823/823/823
f 823/823/823 834/834/834 833/833/833
f 830/830/830 836/836/836 837/837/837
f 837/837/837 831/831/831 830/830/830
f 838/838/838 833/833/833 832/832/832
f 832/832/832 839/839/839 838/838/838
f 831/831/831 837/837/837 840/840/840
f 840/840/840 841/841/841 831/831/831
f 842/842/842 841/841/841 840/840/840
f 840/840/840 843/843/843 842/842/842
f 830/830/830 838/838/838 839/839/839
f 839/839/839 836/836/836 830/830/830
f 826/826/826 831/831/831 841/841/841
f 841/841/841 817/817/817 826/826/826
f 841/841/841 842/842/842 818/818/818
f 818/818/818 817/817/817 841/841/841
f 838/838/838 830/830/830 816/816/816
f 816/816/816 815/815/815 838/838/838
f 833/833/833 838/838/838 815/815/815
f 815/815/815 821/821/821 833/833/833
f 844/844/844 845/845/845 846/846/846
f 846/846/846 847/847/847 844/844/844
f 845/845/845 848/848/848 849/849/849
f 849/849/849 846/846/846 845/845/845
f 850/850/850 851/851/851 844/844/844
f 844/844/844 847/847/847 850/850/850
f 848/848/848 852/852/852 853/853/853
f 853/853/853 849/849/849 848/848/848
f 850/850/850 854/854/854 855/855/855
f 855/855/855 851/851/851 850/850/850
f 856/856/856 855/855/855 854/854/854
f 854/854/854 857/857/857 856/856/856
f 837/837/837 836/836/836 847/847/847
f 847/847/847 858/858/858 837/837/837
f 840/840/840 837/837/837 858/858/858
f 858/858/858 859/859/859 840/840/840
f 843/843/843 840/840/840 859/859/859
f 859/859/859 853/853/853 843/843/843
f 832/832/832 854/854/854 850/850/850
f 850/850/850 839/839/839 832/832/832
f 850/850/850 847/847/847 836/836/836
f 836/836/836 839/839/839 850/850/850
f 846/846/846 858/858/858 847/847/847
f 859/859/859 858/858/858 846/846/846
f 846/846/846 849/849/849 859/859/859
f 835/835/835 857/857/857 854/854/854
f 854/854/854 832/832/832 835/835/835
f 849/849/849 853/853/853 859/859/859
f 860/860/860 861/861/861 862/862/862
f 862/862/862 863/863/863 860/860/860
f 864/864/864 865/865/865 866/866/866
f 866/866/866 867/867/867 864/864/864
f 868/868/868 869/869/869 870/870/870
f 870/870/870 871/871/871 868/868/868
f 872/872/872 873/873/873 874/874/874
f 874/874/874 875/875/875 872/872/872
f 876/876/876 877/877/877 878/878/878
f 878/878/878 879/879/879 876/876/876
f 880/880/880 881/881/881 876/876/876
f 876/876/876 879/879/879 880/880/880
f 882/882/882 883/883/883 884/884/884
f 885/885/885 878/878/878 877/877/877
f 877/877/877 886/886/886 885/885/885
f 887/887/887 888/888/888 889/889/889
f 889/889/889 890/890/890 887/887/887
f 889/889/889 891/891/891 892/892/892
f 892/892/892 890/890/890 889/889/889
f 893/893/893 864/864/864 867/867/867
f 867/867/867 894/894/894 893/893/893
f 895/895/895 892/892/892 891/891/891
f 861/861/861 896/896/896 897/897/897
f 897/897/897 898/898/898 861/861/861
f 899/899/899 900/900/900 901/901/901
f 901/901/901 902/902/902 899/899/899
f 896/896/896 903/903/903 904/904/904
f 904/904/904 897/897/897 896/896/896
f 895/895/895 891/891/891 899/899/899
f 899/899/899 902/902/902 895/895/895
f 876/876/876 881/881/881 905/905/905
f 905/905/905 894/894/894 876/876/876
f 873/873/873 862/862/862 861/861/861
f 861/861/861 898/898/898 873/873/873
f 906/906/906 907/907/907 908/908/908
f 908/908/908 909/909/909 906/906/906
f 810/810/810 812/812/812 910/910/910
f 910/910/910 906/906/906 810/810/810
f 911/911/911 912/912/912 799/799/799
f 913/913/913 914/914/914 915/915/915
f 915/915/915 916/916/916 913/913/913
f 917/917/917 918/918/918 919/919/919
f 919/919/919 920/920/920 917/917/917
f 920/920/920 919/919/919 808/808/808
f 808/808/808 806/806/806 920/920/920
f 906/906/906 909/909/909 811/811/811
f 811/811/811 810/810/810 906/906/906
f 921/921/921 792/792/792 791/791/791
f 791/791/791 922/922/922 921/921/921
f 915/915/915 922/922/922 791/791/791
f 791/791/791 793/793/793 915/915/915
f 923/923/923 924/924/924 813/813/813
f 813/813/813 825/825/825 923/923/923
f 923/923/923 825/825/825 925/925/925
f 829/829/829 814/814/814 926/926/926
f 926/926/926 813/813/813 924/924/924
f 927/927/927 928/928/928 929/929/929
f 930/930/930 931/931/931 932/932/932
f 933/933/933 934/934/934 935/935/935
f 936/936/936 937/937/937 938/938/938
f 939/939/939 940/940/940 941/941/941
f 942/942/942 943/943/943 944/944/944
f 914/914/914 913/913/913 912/912/912
f 912/912/912 911/911/911 914/914/914
f 904/904/904 903/903/903 886/886/886
f 886/886/886 877/877/877 904/904/904
f 894/894/894 905/905/905 893/893/893
f 814/814/814 828/828/828 820/820/820
f 820/820/820 828/828/828 822/822/822
f 906/906/906 910/910/910 945/945/945
f 945/945/945 907/907/907 906/906/906
f 809/809/809 946/946/946 947/947/947
f 947/947/947 807/807/807 809/809/809
f 807/807/807 777/777/777 776/776/776
f 827/827/827 925/925/925 824/824/824
f 824/824/824 925/925/925 825/825/825
f 827/827/827 824/824/824 817/817/817
f 947/947/947 773/773/773 777/777/777
f 777/777/777 807/807/807 947/947/947
f 777/777/777 773/773/773 767/767/767
f 769/769/769 771/771/771 759/759/759
f 759/759/759 948/948/948 769/769/769
f 759/759/759 762/762/762 796/796/796
f 796/796/796 948/948/948 759/759/759
f 915/915/915 793/793/793 794/794/794
f 794/794/794 916/916/916 915/915/915
f 787/787/787 756/756/756 760/760/760
f 756/756/756 755/755/755 761/761/761
f 761/761/761 760/760/760 756/756/756
f 755/755/755 793/793/793 791/791/791
f 791/791/791 761/761/761 755/755/755
f 926/926/926 814/814/814 813/813/813
f 877/877/877 876/876/876 894/894/894
f 894/894/894 904/904/904 877/877/877
f 894/894/894 867/867/867 897/897/897
f 897/897/897 904/904/904 894/894/894
f 867/867/867 866/866/866 898/898/898
f 898/898/898 897/897/897 867/867/867
f 861/861/861 860/860/860 949/949/949
f 949/949/949 896/896/896 861/861/861
f 896/896/896 949/949/949 950/950/950
f 950/950/950 903/903/903 896/896/896
f 950/950/950 884/884/884 886/886/886
f 886/886/886 903/903/903 950/950/950
f 884/884/884 883/883/883 885/885/885
f 885/885/885 886/886/886 884/884/884
f 887/887/887 890/890/890 881/881/881
f 881/881/881 880/880/880 887/887/887
f 881/881/881 890/890/890 892/892/892
f 892/892/892 905/905/905 881/881/881
f 905/905/905 892/892/892 895/895/895
f 895/895/895 893/893/893 905/905/905
f 893/893/893 895/895/895 902/902/902
f 902/902/902 864/864/864 893/893/893
f 864/864/864 902/902/902 901/901/901
f 901/901/901 865/865/865 864/864/864
f 901/901/901 870/870/870 951/951/951
f 951/951/951 865/865/865 901/901/901
f 865/865/865 951/951/951 874/874/874
f 874/874/874 866/866/866 865/865/865
f 952/952/952 953/953/953 863/863/863
f 863/863/863 862/862/862 952/952/952
f 901/901/901 900/900/900 871/871/871
f 871/871/871 870/870/870 901/901/901
f 873/873/873 898/898/898 866/866/866
f 866/866/866 874/874/874 873/873/873
f 872/872/872 952/952/952 862/862/862
f 862/862/862 873/873/873 872/872/872
f 869/869/869 954/954/954 951/951/951
f 951/951/951 870/870/870 869/869/869
f 951/951/951 954/954/954 875/875/875
f 875/875/875 874/874/874 951/951/951
f 955/955/955 758/758/758 757/757/757
f 757/757/757 956/956/956 955/955/955
f 957/957/957 958/958/958 959/959/959
f 959/959/959 960/960/960 957/957/957
f 961/961/961 962/962/962 963/963/963
f 963/963/963 964/964/964 961/961/961
f 963/963/963 962/962/962 965/965/965
f 965/965/965 966/966/966 963/963/963
f 967/967/967 968/968/968 969/969/969
f 970/970/970 971/971/971 966/966/966
f 967/967/967 969/969/969 972/972/972
f 965/965/965 973/973/973 970/970/970
f 776/776/776 778/778/778 966/966/966
f 966/966/966 974/974/974 776/776/776
f 779/779/779 975/975/975 757/757/757
f 976/976/976 977/977/977 978/978/978
f 978/978/978 979/979/979 976/976/976
f 978/978/978 977/977/977 779/779/779
f 779/779/779 785/785/785 978/978/978
f 977/977/977 976/976/976 975/975/975
f 979/979/979 980/980/980 969/969/969
f 981/981/981 957/957/957 960/960/960
f 979/979/979 982/982/982 983/983/983
f 965/965/965 970/970/970 966/966/966
f 968/968/968 981/981/981 976/976/976
f 969/969/969 968/968/968 976/976/976
f 976/976/976 979/979/979 969/969/969
f 956/956/956 757/757/757 975/975/975
f 981/981/981 975/975/975 976/976/976
f 778/778/778 790/790/790 963/963/963
f 963/963/963 966/966/966 778/778/778
f 984/984/984 959/959/959 958/958/958
f 958/958/958 985/985/985 984/984/984
f 986/986/986 794/794/794 758/758/758
f 758/758/758 955/955/955 986/986/986
f 985/985/985 958/958/958 987/987/987
f 987/987/987 988/988/988 985/985/985
f 797/797/797 799/799/799 989/989/989
f 989/989/989 964/964/964 797/797/797
f 964/964/964 989/989/989 990/990/990
f 990/990/990 961/961/961 964/964/964
f 964/964/964 963/963/963 790/790/790
f 790/790/790 797/797/797 964/964/964
f 978/978/978 982/982/982 979/979/979
f 785/785/785 982/982/982 978/978/978
f 982/982/982 785/785/785 801/801/801
f 801/801/801 983/983/983 982/982/982
f 975/975/975 981/981/981 956/956/956
f 975/975/975 779/779/779 977/977/977
f 968/968/968 957/957/957 981/981/981
f 991/991/991 992/992/992 980/980/980
f 980/980/980 983/983/983 991/991/991
f 983/983/983 980/980/980 979/979/979
f 993/993/993 994/994/994 992/992/992
f 992/992/992 991/991/991 993/993/993
f 776/776/776 995/995/995 806/806/806
f 996/996/996 995/995/995 997/997/997
f 998/998/998 991/991/991 983/983/983
f 811/811/811 998/998/998 983/983/983
f 983/983/983 801/801/801 811/811/811
f 998/998/998 999/999/999 993/993/993
f 993/993/993 991/991/991 998/998/998
f 996/996/996 806/806/806 995/995/995
f 1000/1000/1000 1001/1001/1001 1002/1002/1002
f 1002/1002/1002 1003/1003/1003 1000/1000/1000
f 1004/1004/1004 1005/1005/1005 1006/1006/1006
f 1003/1003/1003 1002/1002/1002 1007/1007/1007
f 1007/1007/1007 1008/1008/1008 1003/1003/1003
f 1009/1009/1009 1008/1008/1008 1007/1007/1007
f 1007/1007/1007 1010/1010/1010 1009/1009/1009
f 1004/1004/1004 1011/1011/1011 1012/1012/1012
f 1012/1012/1012 1013/1013/1013 1004/1004/1004
f 1011/1011/1011 1001/1001/1001 1000/1000/1000
f 1000/1000/1000 1012/1012/1012 1011/1011/1011
f 1004/1004/1004 1014/1014/1014 1005/1005/1005
f 1015/1015/1015 1016/1016/1016 1003/1003/1003
f 1011/1011/1011 1017/1017/1017 1018/1018/1018
f 1018/1018/1018 1001/1001/1001 1011/1011/1011
f 1019/1019/1019 1020/1020/1020 1021/1021/1021
f 1021/1021/1021 1022/1022/1022 1019/1019/1019
f 1022/1022/1022 1021/1021/1021 1010/1010/1010
f 1010/1010/1010 1007/1007/1007 1022/1022/1022
f 1018/1018/1018 1017/1017/1017 1023/1023/1023
f 1023/1023/1023 1024/1024/1024 1018/1018/1018
f 1025/1025/1025 1026/1026/1026 1019/1019/1019
f 1019/1019/1019 1022/1022/1022 1025/1025/1025
f 1017/1017/1017 1027/1027/1027 1028/1028/1028
f 1028/1028/1028 1023/1023/1023 1017/1017/1017
f 1029/1029/1029 1030/1030/1030 1028/1028/1028
f 1028/1028/1028 1027/1027/1027 1029/1029/1029
f 1018/1018/1018 1024/1024/1024 1026/1026/1026
f 1026/1026/1026 1025/1025/1025 1018/1018/1018
f 1011/1011/1011 1004/1004/1004 1027/1027/1027
f 1027/1027/1027 1017/1017/1017 1011/1011/1011
f 1027/1027/1027 1004/1004/1004 1006/1006/1006
f 1006/1006/1006 1029/1029/1029 1027/1027/1027
f 1025/1025/1025 1002/1002/1002 1001/1001/1001
f 1001/1001/1001 1018/1018/1018 1025/1025/1025
f 1022/1022/1022 1007/1007/1007 1002/1002/1002
f 1002/1002/1002 1025/1025/1025 1022/1022/1022
f 1031/1031/1031 1032/1032/1032 1033/1033/1033
f 1033/1033/1033 1034/1034/1034 1031/1031/1031
f 1034/1034/1034 1033/1033/1033 1035/1035/1035
f 1035/1035/1035 1036/1036/1036 1034/1034/1034
f 1037/1037/1037 1032/1032/1032 1031/1031/1031
f 1031/1031/1031 1038/1038/1038 1037/1037/1037
f 1036/1036/1036 1035/1035/1035 1039/1039/1039
f 1039/1039/1039 1040/1040/1040 1036/1036/1036
f 1037/1037/1037 1038/1038/1038 1041/1041/1041
f 1041/1041/1041 1042/1042/1042 1037/1037/1037
f 1043/1043/1043 1044/1044/1044 1042/1042/1042
f 1042/1042/1042 1041/1041/1041 1043/1043/1043
f 1023/1023/1023 1045/1045/1045 1032/1032/1032
f 1032/1032/1032 1024/1024/1024 1023/1023/1023
f 1028/1028/1028 1046/1046/1046 1045/1045/1045
f 1045/1045/1045 1023/1023/1023 1028/1028/1028
f 1030/1030/1030 1039/1039/1039 1046/1046/1046
f 1046/1046/1046 1028/1028/1028 1030/1030/1030
f 1019/1019/1019 1026/1026/1026 1037/1037/1037
f 1037/1037/1037 1042/1042/1042 1019/1019/1019
f 1037/1037/1037 1026/1026/1026 1024/1024/1024
f 1024/1024/1024 1032/1032/1032 1037/1037/1037
f 1033/1033/1033 1032/1032/1032 1045/1045/1045
f 1046/1046/1046 1035/1035/1035 1033/1033/1033
f 1033/1033/1033 1045/1045/1045 1046/1046/1046
f 1020/1020/1020 1019/1019/1019 1042/1042/1042
f 1042/1042/1042 1044/1044/1044 1020/1020/1020
f 1035/1035/1035 1046/1046/1046 1039/1039/1039
f 1047/1047/1047 1048/1048/1048 1049/1049/1049
f 1049/1049/1049 1050/1050/1050 1047/1047/1047
f 1051/1051/1051 1052/1052/1052 1053/1053/1053
f 1053/1053/1053 1054/1054/1054 1051/1051/1051
f 1055/1055/1055 1056/1056/1056 1057/1057/1057
f 1057/1057/1057 1058/1058/1058 1055/1055/1055
f 1059/1059/1059 1060/1060/1060 1061/1061/1061
f 1061/1061/1061 1062/1062/1062 1059/1059/1059
f 1063/1063/1063 1064/1064/1064 1065/1065/1065
f 1065/1065/1065 1066/1066/1066 1063/1063/1063
f 1067/1067/1067 1064/1064/1064 1063/1063/1063
f 1063/1063/1063 1068/1068/1068 1067/1067/1067
f 1069/1069/1069 1070/1070/1070 1071/1071/1071
f 1072/1072/1072 1073/1073/1073 1066/1066/1066
f 1066/1066/1066 1065/1065/1065 1072/1072/1072
f 1074/1074/1074 1075/1075/1075 1076/1076/1076
f 1076/1076/1076 1077/1077/1077 1074/1074/1074
f 1076/1076/1076 1075/1075/1075 1078/1078/1078
f 1078/1078/1078 1079/1079/1079 1076/1076/1076
f 1080/1080/1080 1081/1081/1081 1052/1052/1052
f 1052/1052/1052 1051/1051/1051 1080/1080/1080
f 1082/1082/1082 1079/1079/1079 1078/1078/1078
f 1050/1050/1050 1083/1083/1083 1084/1084/1084
f 1084/1084/1084 1085/1085/1085 1050/1050/1050
f 1086/1086/1086 1087/1087/1087 1088/1088/1088
f 1088/1088/1088 1089/1089/1089 1086/1086/1086
f 1085/1085/1085 1084/1084/1084 1090/1090/1090
f 1090/1090/1090 1091/1091/1091 1085/1085/1085
f 1082/1082/1082 1087/1087/1087 1086/1086/1086
f 1086/1086/1086 1079/1079/1079 1082/1082/1082
f 1063/1063/1063 1081/1081/1081 1092/1092/1092
f 1092/1092/1092 1068/1068/1068 1063/1063/1063
f 1062/1062/1062 1083/1083/1083 1050/1050/1050
f 1050/1050/1050 1049/1049/1049 1062/1062/1062
f 1093/1093/1093 909/909/909 908/908/908
f 908/908/908 1094/1094/1094 1093/1093/1093
f 998/998/998 1093/1093/1093 1095/1095/1095
f 1095/1095/1095 999/999/999 998/998/998
f 1096/1096/1096 799/799/799 912/912/912
f 913/913/913 916/916/916 1097/1097/1097
f 1097/1097/1097 1098/1098/1098 913/913/913
f 917/917/917 920/920/920 1099/1099/1099
f 1099/1099/1099 1100/1100/1100 917/917/917
f 920/920/920 806/806/806 996/996/996
f 996/996/996 1099/1099/1099 920/920/920
f 1093/1093/1093 998/998/998 811/811/811
f 811/811/811 909/909/909 1093/1093/1093
f 1101/1101/1101 1102/1102/1102 984/984/984
f 984/984/984 985/985/985 1101/1101/1101
f 1097/1097/1097 986/986/986 984/984/984
f 984/984/984 1102/1102/1102 1097/1097/1097
f 1103/1103/1103 1012/1012/1012 1000/1000/1000
f 1000/1000/1000 1104/1104/1104 1103/1103/1103
f 1103/1103/1103 1105/1105/1105 1012/1012/1012
f 1016/1016/1016 1106/1106/1106 1003/1003/1003
f 1106/1106/1106 1104/1104/1104 1000/1000/1000
f 1107/1107/1107 1108/1108/1108 1109/1109/1109
f 1110/1110/1110 1111/1111/1111 1112/1112/1112
f 1113/1113/1113 1114/1114/1114 1115/1115/1115
f 1116/1116/1116 1117/1117/1117 1118/1118/1118
f 1119/1119/1119 1120/1120/1120 1121/1121/1121
f 1122/1122/1122 1123/1123/1123 1124/1124/1124
f 1098/1098/1098 1096/1096/1096 912/912/912
f 912/912/912 913/913/913 1098/1098/1098
f 1090/1090/1090 1066/1066/1066 1073/1073/1073
f 1073/1073/1073 1091/1091/1091 1090/1090/1090
f 1081/1081/1081 1080/1080/1080 1092/1092/1092
f 1003/1003/1003 1008/1008/1008 1015/1015/1015
f 1008/1008/1008 1009/1009/1009 1015/1015/1015
f 1093/1093/1093 1094/1094/1094 1125/1125/1125
f 1125/1125/1125 1095/1095/1095 1093/1093/1093
f 997/997/997 995/995/995 1126/1126/1126
f 1126/1126/1126 1127/1127/1127 997/997/997
f 995/995/995 776/776/776 974/974/974
f 1014/1014/1014 1013/1013/1013 1105/1105/1105
f 1013/1013/1013 1012/1012/1012 1105/1105/1105
f 1014/1014/1014 1004/1004/1004 1013/1013/1013
f 1126/1126/1126 995/995/995 974/974/974
f 974/974/974 971/971/971 1126/1126/1126
f 974/974/974 966/966/966 971/971/971
f 967/967/967 1128/1128/1128 957/957/957
f 957/957/957 968/968/968 967/967/967
f 957/957/957 1128/1128/1128 987/987/987
f 987/987/987 958/958/958 957/957/957
f 1097/1097/1097 916/916/916 794/794/794
f 794/794/794 986/986/986 1097/1097/1097
f 981/981/981 960/960/960 956/956/956
f 956/956/956 960/960/960 959/959/959
f 959/959/959 955/955/955 956/956/956
f 955/955/955 959/959/959 984/984/984
f 984/984/984 986/986/986 955/955/955
f 1106/1106/1106 1000/1000/1000 1003/1003/1003
f 1066/1066/1066 1090/1090/1090 1081/1081/1081
f 1081/1081/1081 1063/1063/1063 1066/1066/1066
f 1081/1081/1081 1090/1090/1090 1084/1084/1084
f 1084/1084/1084 1052/1052/1052 1081/1081/1081
f 1052/1052/1052 1084/1084/1084 1083/1083/1083
f 1083/1083/1083 1053/1053/1053 1052/1052/1052
f 1050/1050/1050 1085/1085/1085 1129/1129/1129
f 1129/1129/1129 1047/1047/1047 1050/1050/1050
f 1085/1085/1085 1091/1091/1091 1130/1130/1130
f 1130/1130/1130 1129/1129/1129 1085/1085/1085
f 1130/1130/1130 1091/1091/1091 1073/1073/1073
f 1073/1073/1073 1070/1070/1070 1130/1130/1130
f 1070/1070/1070 1073/1073/1073 1072/1072/1072
f 1072/1072/1072 1071/1071/1071 1070/1070/1070
f 1074/1074/1074 1067/1067/1067 1068/1068/1068
f 1068/1068/1068 1075/1075/1075 1074/1074/1074
f 1068/1068/1068 1092/1092/1092 1078/1078/1078
f 1078/1078/1078 1075/1075/1075 1068/1068/1068
f 1092/1092/1092 1080/1080/1080 1082/1082/1082
f 1082/1082/1082 1078/1078/1078 1092/1092/1092
f 1080/1080/1080 1051/1051/1051 1087/1087/1087
f 1087/1087/1087 1082/1082/1082 1080/1080/1080
f 1051/1051/1051 1054/1054/1054 1088/1088/1088
f 1088/1088/1088 1087/1087/1087 1051/1051/1051
f 1088/1088/1088 1054/1054/1054 1131/1131/1131
f 1131/1131/1131 1057/1057/1057 1088/1088/1088
f 1054/1054/1054 1053/1053/1053 1061/1061/1061
f 1061/1061/1061 1131/1131/1131 1054/1054/1054
f 1132/1132/1132 1049/1049/1049 1048/1048/1048
f 1048/1048/1048 1133/1133/1133 1132/1132/1132
f 1088/1088/1088 1057/1057/1057 1056/1056/1056
f 1056/1056/1056 1089/1089/1089 1088/1088/1088
f 1062/1062/1062 1061/1061/1061 1053/1053/1053
f 1053/1053/1053 1083/1083/1083 1062/1062/1062
f 1059/1059/1059 1062/1062/1062 1049/1049/1049
f 1049/1049/1049 1132/1132/1132 1059/1059/1059
f 1058/1058/1058 1057/1057/1057 1131/1131/1131
f 1131/1131/1131 1134/1134/1134 1058/1058/1058
f 1131/1131/1131 1061/1061/1061 1060/1060/1060
f 1060/1060/1060 1134/1134/1134 1131/1131/1131
f 1135/1135/1135 1136/1136/1136 1137/1137/1137
f 1138/1138/1138 1139/1139/1139 1137/1137/1137
f 1137/1137/1137 1136/1136/1136 1138/1138/1138
f 1140/1140/1140 1141/1141/1141 1142/1142/1142
f 1143/1143/1143 1144/1144/1144 1145/1145/1145
f 1139/1139/1139 1146/1146/1146 1147/1147/1147
f 1147/1147/1147 1137/1137/1137 1139/1139/1139
f 1135/1135/1135 1137/1137/1137 1147/1147/1147
f 1147/1147/1147 1148/1148/1148 1135/1135/1135
f 1149/1149/1149 1150/1150/1150 1151/1151/1151
f 1151/1151/1151 1152/1152/1152 1149/1149/1149
f 1153/1153/1153 1152/1152/1152 1151/1151/1151
f 1151/1151/1151 1154/1154/1154 1153/1153/1153
f 1146/1146/1146 1149/1149/1149 1152/1152/1152
f 1152/1152/1152 1147/1147/1147 1146/1146/1146
f 1148/1148/1148 1147/1147/1147 1152/1152/1152
f 1152/1152/1152 1153/1153/1153 1148/1148/1148
f 1150/1150/1150 1142/1142/1142 1143/1143/1143
f 1143/1143/1143 1151/1151/1151 1150/1150/1150
f 1143/1143/1143 1145/1145/1145 1154/1154/1154
f 1154/1154/1154 1151/1151/1151 1143/1143/1143
f 1141/1141/1141 1144/1144/1144 1143/1143/1143
f 1143/1143/1143 1142/1142/1142 1141/1141/1141
f 1138/1138/1138 1155/1155/1155 1139/1139/1139
f 1146/1146/1146 1139/1139/1139 1155/1155/1155
f 1155/1155/1155 1156/1156/1156 1146/1146/1146
f 1149/1149/1149 1146/1146/1146 1156/1156/1156
f 1156/1156/1156 1157/1157/1157 1149/1149/1149
f 1150/1150/1150 1149/1149/1149 1157/1157/1157
f 1157/1157/1157 1158/1158/1158 1150/1150/1150
f 1142/1142/1142 1150/1150/1150 1158/1158/1158
f 1158/1158/1158 1140/1140/1140 1142/1142/1142
f 1159/1159/1159 1160/1160/1160 1161/1161/1161
f 1162/1162/1162 1163/1163/1163 1161/1161/1161
f 1161/1161/1161 1160/1160/1160 1162/1162/1162
f 1164/1164/1164 1165/1165/1165 1166/1166/1166
f 1167/1167/1167 1168/1168/1168 1169/1169/1169
f 1163/1163/1163 1170/1170/1170 1171/1171/1171
f 1171/1171/1171 1161/1161/1161 1163/1163/1163
f 1159/1159/1159 1161/1161/1161 1171/1171/1171
f 1171/1171/1171 1172/1172/1172 1159/1159/1159
f 1173/1173/1173 1174/1174/1174 1175/1175/1175
f 1175/1175/1175 1176/1176/1176 1173/1173/1173
f 1177/1177/1177 1176/1176/1176 1175/1175/1175
f 1175/1175/1175 1178/1178/1178 1177/1177/1177
f 1170/1170/1170 1173/1173/1173 1176/1176/1176
f 1176/1176/1176 1171/1171/1171 1170/1170/1170
f 1172/1172/1172 1171/1171/1171 1176/1176/1176
f 1176/1176/1176 1177/1177/1177 1172/1172/1172
f 1174/1174/1174 1166/1166/1166 1167/1167/1167
f 1167/1167/1167 1175/1175/1175 1174/1174/1174
f 1167/1167/1167 1169/1169/1169 1178/1178/1178
f 1178/1178/1178 1175/1175/1175 1167/1167/1167
f 1165/1165/1165 1168/1168/1168 1167/1167/1167
f 1167/1167/1167 1166/1166/1166 1165/1165/1165
f 1162/1162/1162 1179/1179/1179 1163/1163/1163
f 1170/1170/1170 1163/1163/1163 1179/1179/1179
f 1179/1179/1179 1180/1180/1180 1170/1170/1170
f 1173/1173/1173 1170/1170/1170 1180/1180/1180
f 1180/1180/1180 1181/1181/1181 1173/1173/1173
f 1174/1174/1174 1173/1173/1173 1181/1181/1181
f 1181/1181/1181 1182/1182/1182 1174/1174/1174
f 1166/1166/1166 1174/1174/1174 1182/1182/1182
f 1182/1182/1182 1164/1164/1164 1166/1166/1166
f 1183/1183/1183 1184/1184/1184 1185/1185/1185
f 1186/1186/1186 1187/1187/1187 1185/1185/1185
f 1185/1185/1185 1184/1184/1184 1186/1186/1186
f 1188/1188/1188 1189/1189/1189 1190/1190/1190
f 1191/1191/1191 1192/1192/1192 1193/1193/1193
f 1187/1187/1187 1194/1194/1194 1195/1195/1195
f 1195/1195/1195 1185/1185/1185 1187/1187/1187
f 1183/1183/1183 1185/1185/1185 1195/1195/1195
f 1195/1195/1195 1196/1196/1196 1183/1183/1183
f 1197/1197/1197 1198/1198/1198 1199/1199/1199
f 1199/1199/1199 1200/1200/1200 1197/1197/1197
f 1201/1201/1201 1200/1200/1200 1199/1199/1199
f 1199/1199/1199 1202/1202/1202 1201/1201/1201
f 1194/1194/1194 1197/1197/1197 1200/1200/1200
f 1200/1200/1200 1195/1195/1195 1194/1194/1194
f 1196/1196/1196 1195/1195/1195 1200/1200/1200
f 1200/1200/1200 1201/1201/1201 1196/1196/1196
f 1198/1198/1198 1190/1190/1190 1191/1191/1191
f 1191/1191/1191 1199/1199/1199 1198/1198/1198
f 1191/1191/1191 1193/1193/1193 1203/1203/1203
f 1191/1191/1191 1203/1203/1203 1202/1202/1202
f 1191/1191/1191 1202/1202/1202 1199/1199/1199
f 1189/1189/1189 1192/1192/1192 1191/1191/1191
f 1191/1191/1191 1190/1190/1190 1189/1189/1189
f 1186/1186/1186 1204/1204/1204 1187/1187/1187
f 1194/1194/1194 1187/1187/1187 1204/1204/1204
f 1204/1204/1204 1205/1205/1205 1194/1194/1194
f 1197/1197/1197 1194/1194/1194 1205/1205/1205
f 1205/1205/1205 1206/1206/1206 1197/1197/1197
f 1198/1198/1198 1197/1197/1197 1206/1206/1206
f 1206/1206/1206 1207/1207/1207 1198/1198/1198
f 1190/1190/1190 1198/1198/1198 1207/1207/1207
f 1207/1207/1207 1188/1188/1188 1190/1190/1190
f 1208/1208/1208 1209/1209/1209 1210/1210/1210
f 1211/1211/1211 1210/1210/1210 1209/1209/1209
f 1209/1209/1209 1212/1212/1212 1211/1211/1211
f 1213/1213/1213 1214/1214/1214 1215/1215/1215
f 1216/1216/1216 1217/1217/1217 1218/1218/1218
f 1212/1212/1212 1209/1209/1209 1219/1219/1219
f 1219/1219/1219 1220/1220/1220 1212/1212/1212
f 1208/1208/1208 1221/1221/1221 1219/1219/1219
f 1219/1219/1219 1209/1209/1209 1208/1208/1208
f 1222/1222/1222 1223/1223/1223 1224/1224/1224
f 1224/1224/1224 1225/1225/1225 1222/1222/1222
f 1226/1226/1226 1227/1227/1227 1224/1224/1224
f 1224/1224/1224 1223/1223/1223 1226/1226/1226
f 1220/1220/1220 1219/1219/1219 1223/1223/1223
f 1223/1223/1223 1222/1222/1222 1220/1220/1220
f 1221/1221/1221 1226/1226/1226 1223/1223/1223
f 1223/1223/1223 1219/1219/1219 1221/1221/1221
f 1225/1225/1225 1224/1224/1224 1216/1216/1216
f 1216/1216/1216 1214/1214/1214 1225/1225/1225
f 1216/1216/1216 1224/1224/1224 1227/1227/1227
f 1227/1227/1227 1217/1217/1217 1216/1216/1216
f 1215/1215/1215 1214/1214/1214 1216/1216/1216
f 1216/1216/1216 1218/1218/1218 1215/1215/1215
f 1211/1211/1211 1212/1212/1212 1228/1228/1228
f 1220/1220/1220 1229/1229/1229 1228/1228/1228
f 1228/1228/1228 1212/1212/1212 1220/1220/1220
f 1222/1222/1222 1230/1230/1230 1229/1229/1229
f 1229/1229/1229 1220/1220/1220 1222/1222/1222
f 1225/1225/1225 1231/1231/1231 1230/1230/1230
f 1230/1230/1230 1222/1222/1222 1225/1225/1225
f 1214/1214/1214 1213/1213/1213 1231/1231/1231
f 1231/1231/1231 1225/1225/1225 1214/1214/1214
f 1232/1232/1232 1233/1233/1233 1234/1234/1234
f 1235/1235/1235 1234/1234/1234 1233/1233/1233
f 1233/1233/1233 1236/1236/1236 1235/1235/1235
f 1237/1237/1237 1238/1238/1238 1239/1239/1239
f 1240/1240/1240 1241/1241/1241 1242/1242/1242
f 1236/1236/1236 1233/1233/1233 1243/1243/1243
f 1243/1243/1243 1244/1244/1244 1236/1236/1236
f 1232/1232/1232 1245/1245/1245 1243/1243/1243
f 1243/1243/1243 1233/1233/1233 1232/1232/1232
f 1246/1246/1246 1247/1247/1247 1248/1248/1248
f 1248/1248/1248 1249/1249/1249 1246/1246/1246
f 1250/1250/1250 1251/1251/1251 1248/1248/1248
f 1248/1248/1248 1247/1247/1247 1250/1250/1250
f 1244/1244/1244 1243/1243/1243 1247/1247/1247
f 1247/1247/1247 1246/1246/1246 1244/1244/1244
f 1245/1245/1245 1250/1250/1250 1247/1247/1247
f 1247/1247/1247 1243/1243/1243 1245/1245/1245
f 1249/1249/1249 1248/1248/1248 1240/1240/1240
f 1240/1240/1240 1238/1238/1238 1249/1249/1249
f 1240/1240/1240 1248/1248/1248 1251/1251/1251
f 1251/1251/1251 1241/1241/1241 1240/1240/1240
f 1239/1239/1239 1238/1238/1238 1240/1240/1240
f 1240/1240/1240 1242/1242/1242 1239/1239/1239
f 1235/1235/1235 1236/1236/1236 1252/1252/1252
f 1244/1244/1244 1253/1253/1253 1252/1252/1252
f 1252/1252/1252 1236/1236/1236 1244/1244/1244
f 1246/1246/1246 1254/1254/1254 1253/1253/1253
f 1253/1253/1253 1244/1244/1244 1246/1246/1246
f 1249/1249/1249 1255/1255/1255 1254/1254/1254
f 1254/1254/1254 1246/1246/1246 1249/1249/1249
f 1238/1238/1238 1237/1237/1237 1255/1255/1255
f 1255/1255/1255 1249/1249/1249 1238/1238/1238
f 1256/1256/1256 1257/1257/1257 1258/1258/1258
f 1259/1259/1259 1258/1258/1258 1257/1257/1257
f 1257/1257/1257 1260/1260/1260 1259/1259/1259
f 1261/1261/1261 1262/1262/1262 1263/1263/1263
f 1264/1264/1264 1265/1265/1265 1266/1266/1266
f 1260/1260/1260 1257/1257/1257 1267/1267/1267
f 1267/1267/1267 1268/1268/1268 1260/1260/1260
f 1256/1256/1256 1269/1269/1269 1267/1267/1267
f 1267/1267/1267 1257/1257/1257 1256/1256/1256
f 1270/1270/1270 1271/1271/1271 1272/1272/1272
f 1272/1272/1272 1273/1273/1273 1270/1270/1270
f 1274/1274/1274 1275/1275/1275 1272/1272/1272
f 1272/1272/1272 1271/1271/1271 1274/1274/1274
f 1268/1268/1268 1267/1267/1267 1271/1271/1271
f 1271/1271/1271 1270/1270/1270 1268/1268/1268
f 1269/1269/1269 1274/1274/1274 1271/1271/1271
f 1271/1271/1271 1267/1267/1267 1269/1269/1269
f 1273/1273/1273 1272/1272/1272 1264/1264/1264
f 1264/1264/1264 1262/1262/1262 1273/1273/1273
f 1264/1264/1264 1272/1272/1272 1275/1275/1275
f 1264/1264/1264 1275/1275/1275 1276/1276/1276
f 1264/1264/1264 1276/1276/1276 1265/1265/1265
f 1263/1263/1263 1262/1262/1262 1264/1264/1264
f 1264/1264/1264 1266/1266/1266 1263/1263/1263
f 1259/1259/1259 1260/1260/1260 1277/1277/1277
f 1268/1268/1268 1278/1278/1278 1277/1277/1277
f 1277/1277/1277 1260/1260/1260 1268/1268/1268
f 1270/1270/1270 1279/1279/1279 1278/1278/1278
f 1278/1278/1278 1268/1268/1268 1270/1270/1270
f 1273/1273/1273 1280/1280/1280 1279/1279/1279
f 1279/1279/1279 1270/1270/1270 1273/1273/1273
f 1262/1262/1262 1261/1261/1261 1280/1280/1280
f 1280/1280/1280 1273/1273/1273 1262/1262/1262
f 1281/1281/1281 1282/1282/1282 1283/1283/1283
f 1284/1284/1284 1283/1283/1283 1285/1285/1285
f 1285/1285/1285 1286/1286/1286 1284/1284/1284
f 1282/1282/1282 1285/1285/1285 1283/1283/1283
f 1286/1286/1286 1287/1287/1287 1288/1288/1288
f 1288/1288/1288 1289/1289/1289 1286/1286/1286
f 1290/1290/1290 1291/1291/1291 1292/1292/1292
f 1293/1293/1293 1294/1294/1294 1295/1295/1295
f 1296/1296/1296 1297/1297/1297 1298/1298/1298
f 1298/1298/1298 1299/1299/1299 1296/1296/1296
f 1291/1291/1291 1300/1300/1300 1301/1301/1301
f 1291/1291/1291 1301/1301/1301 1292/1292/1292
f 1302/1302/1302 1303/1303/1303 1304/1304/1304
f 1305/1305/1305 1306/1306/1306 1307/1307/1307
f 1306/1306/1306 1308/1308/1308 1309/1309/1309
f 1310/1310/1310 1311/1311/1311 1312/1312/1312
f 1313/1313/1313 1314/1314/1314 1315/1315/1315
f 1306/1306/1306 1305/1305/1305 1316/1316/1316
f 1306/1306/1306 1316/1316/1316 1317/1317/1317
f 1306/1306/1306 1317/1317/1317 1308/1308/1308
f 1313/1313/1313 1318/1318/1318 1314/1314/1314
f 1313/1313/1313 1319/1319/1319 1318/1318/1318
f 1320/1320/1320 1321/1321/1321 1312/1312/1312
f 1311/1311/1311 1320/1320/1320 1312/1312/1312
f 1321/1321/1321 1322/1322/1322 1312/1312/1312
f 1323/1323/1323 1324/1324/1324 1325/1325/1325
f 1325/1325/1325 1326/1326/1326 1323/1323/1323
f 1325/1325/1325 1327/1327/1327 1304/1304/1304
f 1302/1302/1302 1328/1328/1328 1303/1303/1303
f 1303/1303/1303 1326/1326/1326 1304/1304/1304
f 1303/1303/1303 1329/1329/1329 1326/1326/1326
f 1326/1326/1326 1325/1325/1325 1304/1304/1304
f 1330/1330/1330 1287/1287/1287 1286/1286/1286
f 1285/1285/1285 1330/1330/1330 1286/1286/1286
f 1295/1295/1295 1331/1331/1331 1293/1293/1293
f 1293/1293/1293 1332/1332/1332 1294/1294/1294
f 1331/1331/1331 1333/1333/1333 1293/1293/1293
f 1281/1281/1281 1283/1283/1283 1334/1334/1334
f 1284/1284/1284 1335/1335/1335 1336/1336/1336
f 1336/1336/1336 1283/1283/1283 1284/1284/1284
f 1334/1334/1334 1283/1283/1283 1336/1336/1336
f 1335/1335/1335 1337/1337/1337 1338/1338/1338
f 1338/1338/1338 1339/1339/1339 1335/1335/1335
f 1290/1290/1290 1340/1340/1340 1291/1291/1291
f 1293/1293/1293 1341/1341/1341 1342/1342/1342
f 1296/1296/1296 1343/1343/1343 1344/1344/1344
f 1344/1344/1344 1297/1297/1297 1296/1296/1296
f 1291/1291/1291 1345/1345/1345 1300/1300/1300
f 1291/1291/1291 1340/1340/1340 1345/1345/1345
f 1346/1346/1346 1347/1347/1347 1348/1348/1348
f 1349/1349/1349 1307/1307/1307 1306/1306/1306
f 1306/1306/1306 1309/1309/1309 1350/1350/1350
f 1310/1310/1310 1312/1312/1312 1351/1351/1351
f 1313/1313/1313 1315/1315/1315 1352/1352/1352
f 1306/1306/1306 1353/1353/1353 1349/1349/1349
f 1306/1306/1306 1354/1354/1354 1353/1353/1353
f 1306/1306/1306 1350/1350/1350 1354/1354/1354
f 1313/1313/1313 1352/1352/1352 1355/1355/1355
f 1313/1313/1313 1355/1355/1355 1319/1319/1319
f 1356/1356/1356 1312/1312/1312 1357/1357/1357
f 1351/1351/1351 1312/1312/1312 1356/1356/1356
f 1357/1357/1357 1312/1312/1312 1322/1322/1322
f 1358/1358/1358 1325/1325/1325 1324/1324/1324
f 1325/1325/1325 1358/1358/1358 1359/1359/1359
f 1325/1325/1325 1347/1347/1347 1327/1327/1327
f 1346/1346/1346 1348/1348/1348 1360/1360/1360
f 1348/1348/1348 1347/1347/1347 1359/1359/1359
f 1348/1348/1348 1359/1359/1359 1361/1361/1361
f 1359/1359/1359 1347/1347/1347 1325/1325/1325
f 1362/1362/1362 1335/1335/1335 1339/1339/1339
f 1336/1336/1336 1335/1335/1335 1362/1362/1362
f 1341/1341/1341 1293/1293/1293 1363/1363/1363
f 1293/1293/1293 1342/1342/1342 1332/1332/1332
f 1363/1363/1363 1293/1293/1293 1333/1333/1333
f 1364/1364/1364 1365/1365/1365 1366/1366/1366
f 1367/1367/1367 1368/1368/1368 1369/1369/1369
f 1370/1370/1370 1371/1371/1371 1372/1372/1372
f 1373/1373/1373 1374/1374/1374 1375/1375/1375
f 1376/1376/1376 1377/1377/1377 1378/1378/1378
f 1379/1379/1379 1380/1380/1380 1381/1381/1381
f 1382/1382/1382 1383/1383/1383 1384/1384/1384
f 1385/1385/1385 1386/1386/1386 1387/1387/1387
f 1388/1388/1388 1389/1389/1389 1390/1390/1390
f 1391/1391/1391 1392/1392/1392 1393/1393/1393
f 1394/1394/1394 1395/1395/1395 1396/1396/1396
f 1397/1397/1397 1398/1398/1398 1399/1399/1399
f 1400/1400/1400 1401/1401/1401 1402/1402/1402
f 1403/1403/1403 1404/1404/1404 1405/1405/1405
f 1406/1406/1406 1407/1407/1407 1408/1408/1408
f 1406/1406/1406 1408/1408/1408 1409/1409/1409
f 1406/1406/1406 1409/1409/1409 1410/1410/1410
f 1406/1406/1406 1410/1410/1410 1411/1411/1411
f 1412/1412/1412 1413/1413/1413 1414/1414/1414
f 1412/1412/1412 1414/1414/1414 1408/1408/1408
f 1412/1412/1412 1408/1408/1408 1407/1407/1407
f 1412/1412/1412 1407/1407/1407 1415/1415/1415
f 1416/1416/1416 1417/1417/1417 1418/1418/1418
f 1416/1416/1416 1418/1418/1418 1414/1414/1414
f 1416/1416/1416 1414/1414/1414 1413/1413/1413
f 1416/1416/1416 1413/1413/1413 1419/1419/1419
f 1420/1420/1420 1421/1421/1421 1422/1422/1422
f 1420/1420/1420 1422/1422/1422 1423/1423/1423
f 1420/1420/1420 1423/1423/1423 1424/1424/1424
f 1420/1420/1420 1424/1424/1424 1425/1425/1425
f 1426/1426/1426 1427/1427/1427 1428/1428/1428
f 1426/1426/1426 1428/1428/1428 1422/1422/1422
f 1426/1426/1426 1422/1422/1422 1421/1421/1421
f 1426/1426/1426 1421/1421/1421 1429/1429/1429
f 1430/1430/1430 1431/1431/1431 1432/1432/1432
f 1430/1430/1430 1432/1432/1432 1428/1428/1428
f 1430/1430/1430 1428/1428/1428 1427/1427/1427
f 1430/1430/1430 1427/1427/1427 1433/1433/1433
f 1434/1434/1434 1435/1435/1435 1436/1436/1436
f 1434/1434/1434 1436/1436/1436 1432/1432/1432
f 1434/1434/1434 1432/1432/1432 1431/1431/1431
f 1434/1434/1434 1431/1431/1431 1437/1437/1437
f 1438/1438/1438 1439/1439/1439 1440/1440/1440
f 1438/1438/1438 1440/1440/1440 1436/1436/1436
f 1438/1438/1438 1436/1436/1436 1435/1435/1435
f 1438/1438/1438 1435/1435/1435 1441/1441/1441
f 1442/1442/1442 1443/1443/1443 1444/1444/1444
f 1442/1442/1442 1444/1444/1444 1440/1440/1440
f 1442/1442/1442 1440/1440/1440 1439/1439/1439
f 1442/1442/1442 1439/1439/1439 1445/1445/1445
f 1446/1446/1446 1447/1447/1447 1448/1448/1448
f 1446/1446/1446 1448/1448/1448 1444/1444/1444
f 1446/1446/1446 1444/1444/1444 1443/1443/1443
f 1446/1446/1446 1443/1443/1443 1449/1449/1449
f 1450/1450/1450 1451/1451/1451 1452/1452/1452
f 1450/1450/1450 1452/1452/1452 1448/1448/1448
f 1450/1450/1450 1448/1448/1448 1447/1447/1447
f 1450/1450/1450 1447/1447/1447 1453/1453/1453
f 1454/1454/1454 1410/1410/1410 1409/1409/1409
f 1454/1454/1454 1409/1409/1409 1452/1452/1452
f 1454/1454/1454 1452/1452/1452 1451/1451/1451
f 1454/1454/1454 1451/1451/1451 1455/1455/1455
f 1456/1456/1456 1457/1457/1457 1458/1458/1458
f 1458/1458/1458 1459/1459/1459 1460/1460/1460
f 1456/1456/1456 1458/1458/1458 1460/1460/1460
f 1460/1460/1460 1461/1461/1461 1462/1462/1462
f 1462/1462/1462 1463/1463/1463 1464/1464/1464
f 1460/1460/1460 1462/1462/1462 1464/1464/1464
f 1456/1456/1456 1460/1460/1460 1464/1464/1464
f 1464/1464/1464 1465/1465/1465 1466/1466/1466
f 1456/1456/1456 1464/1464/1464 1466/1466/1466
f 1456/1456/1456 1466/1466/1466 1467/1467/1467
f 1468/1468/1468 1469/1469/1469 1470/1470/1470
f 1470/1470/1470 1471/1471/1471 1472/1472/1472
f 1468/1468/1468 1470/1470/1470 1472/1472/1472
f 1472/1472/1472 1473/1473/1473 1474/1474/1474
f 1474/1474/1474 1475/1475/1475 1476/1476/1476
f 1472/1472/1472 1474/1474/1474 1476/1476/1476
f 1476/1476/1476 1477/1477/1477 1478/1478/1478
f 1478/1478/1478 1479/1479/1479 1480/1480/1480
f 1476/1476/1476 1478/1478/1478 1480/1480/1480
f 1472/1472/1472 1476/1476/1476 1480/1480/1480
f 1480/1480/1480 1481/1481/1481 1482/1482/1482
f 1482/1482/1482 1483/1483/1483 1484/1484/1484
f 1480/1480/1480 1482/1482/1482 1484/1484/1484
f 1484/1484/1484 1485/1485/1485 1486/1486/1486
f 1486/1486/1486 1487/1487/1487 1488/1488/1488
f 1484/1484/1484 1486/1486/1486 1488/1488/1488
f 1480/1480/1480 1484/1484/1484 1488/1488/1488
f 1472/1472/1472 1480/1480/1480 1488/1488/1488
f 1468/1468/1468 1472/1472/1472 1488/1488/1488
f 1488/1488/1488 1489/1489/1489 1490/1490/1490
f 1468/1468/1468 1488/1488/1488 1490/1490/1490
f 1468/1468/1468 1490/1490/1490 1491/1491/1491
f 1492/1492/1492 1493/1493/1493 1494/1494/1494
f 1495/1495/1495 1496/1496/1496 1497/1497/1497
f 1498/1498/1498 1499/1499/1499 1500/1500/1500
f 1501/1501/1501 1502/1502/1502 1503/1503/1503
f 1504/1504/1504 1505/1505/1505 1506/1506/1506
f 1507/1507/1507 1508/1508/1508 1509/1509/1509
f 1510/1510/1510 1511/1511/1511 1512/1512/1512
f 1513/1513/1513 1514/1514/1514 1515/1515/1515
f 1516/1516/1516 1517/1517/1517 1518/1518/1518
f 1519/1519/1519 1520/1520/1520 1521/1521/1521
f 1522/1522/1522 1523/1523/1523 1524/1524/1524
f 1525/1525/1525 1526/1526/1526 1527/1527/1527
f 1528/1528/1528 1529/1529/1529 1530/1530/1530
f 1528/1528/1528 1530/1530/1530 1531/1531/1531
f 1528/1528/1528 1531/1531/1531 1532/1532/1532
f 1528/1528/1528 1532/1532/1532 1533/1533/1533
f 1534/1534/1534 1535/1535/1535 1536/1536/1536
f 1534/1534/1534 1536/1536/1536 1530/1530/1530
f 1534/1534/1534 1530/1530/1530 1529/1529/1529
f 1534/1534/1534 1529/1529/1529 1537/1537/1537
f 1538/1538/1538 1539/1539/1539 1540/1540/1540
f 1538/1538/1538 1540/1540/1540 1536/1536/1536
f 1538/1538/1538 1536/1536/1536 1535/1535/1535
f 1538/1538/1538 1535/1535/1535 1541/1541/1541
f 1542/1542/1542 1543/1543/1543 1544/1544/1544
f 1542/1542/1542 1544/1544/1544 1545/1545/1545
f 1542/1542/1542 1545/1545/1545 1546/1546/1546
f 1542/1542/1542 1546/1546/1546 1547/1547/1547
f 1548/1548/1548 1549/1549/1549 1550/1550/1550
f 1548/1548/1548 1550/1550/1550 1544/1544/1544
f 1548/1548/1548 1544/1544/1544 1543/1543/1543
f 1548/1548/1548 1543/1543/1543 1551/1551/1551
f 1552/1552/1552 1553/1553/1553 1554/1554/1554
f 1552/1552/1552 1554/1554/1554 1550/1550/1550
f 1552/1552/1552 1550/1550/1550 1549/1549/1549
f 1552/1552/1552 1549/1549/1549 1555/1555/1555
f 1556/1556/1556 1557/1557/1557 1558/1558/1558
f 1556/1556/1556 1558/1558/1558 1554/1554/1554
f 1556/1556/1556 1554/1554/1554 1553/1553/1553
f 1556/1556/1556 1553/1553/1553 1559/1559/1559
f 1560/1560/1560 1561/1561/1561 1562/1562/1562
f 1560/1560/1560 1562/1562/1562 1558/1558/1558
f 1560/1560/1560 1558/1558/1558 1557/1557/1557
f 1560/1560/1560 1557/1557/1557 1563/1563/1563
f 1564/1564/1564 1565/1565/1565 1566/1566/1566
f 1564/1564/1564 1566/1566/1566 1562/1562/1562
f 1564/1564/1564 1562/1562/1562 1561/1561/1561
f 1564/1564/1564 1561/1561/1561 1567/1567/1567
f 1568/1568/1568 1569/1569/1569 1570/1570/1570
f 1568/1568/1568 1570/1570/1570 1566/1566/1566
f 1568/1568/1568 1566/1566/1566 1565/1565/1565
f 1568/1568/1568 1565/1565/1565 1571/1571/1571
f 1572/1572/1572 1573/1573/1573 1574/1574/1574
f 1572/1572/1572 1574/1574/1574 1570/1570/1570
f 1572/1572/1572 1570/1570/1570 1569/1569/1569
f 1572/1572/1572 1569/1569/1569 1575/1575/1575
f 1576/1576/1576 1532/1532/1532 1531/1531/1531
f 1576/1576/1576 1531/1531/1531 1574/1574/1574
f 1576/1576/1576 1574/1574/1574 1573/1573/1573
f 1576/1576/1576 1573/1573/1573 1577/1577/1577
f 1578/1578/1578 1579/1579/1579 1580/1580/1580
f 1580/1580/1580 1581/1581/1581 1582/1582/1582
f 1578/1578/1578 1580/1580/1580 1582/1582/1582
f 1582/1582/1582 1583/1583/1583 1584/1584/1584
f 1584/1584/1584 1585/1585/1585 1586/1586/1586
f 1582/1582/1582 1584/1584/1584 1586/1586/1586
f 1578/1578/1578 1582/1582/1582 1586/1586/1586
f 1586/1586/1586 1587/1587/1587 1588/1588/1588
f 1578/1578/1578 1586/1586/1586 1588/1588/1588
f 1578/1578/1578 1588/1588/1588 1589/1589/1589
f 1590/1590/1590 1591/1591/1591 1592/1592/1592
f 1592/1592/1592 1593/1593/1593 1594/1594/1594
f 1590/1590/1590 1592/1592/1592 1594/1594/1594
f 1594/1594/1594 1595/1595/1595 1596/1596/1596
f 1596/1596/1596 1597/1597/1597 1598/1598/1598
f 1594/1594/1594 1596/1596/1596 1598/1598/1598
f 1598/1598/1598 1599/1599/1599 1600/1600/1600
f 1600/1600/1600 1601/1601/1601 1602/1602/1602
f 1598/1598/1598 1600/1600/1600 1602/1602/1602
f 1594/1594/1594 1598/1598/1598 1602/1602/1602
f 1602/1602/1602 1603/1603/1603 1604/1604/1604
f 1604/1604/1604 1605/1605/1605 1606/1606/1606
f 1602/1602/1602 1604/1604/1604 1606/1606/1606
f 1606/1606/1606 1607/1607/1607 1608/1608/1608
f 1608/1608/1608 1609/1609/1609 1610/1610/1610
f 1606/1606/1606 1608/1608/1608 1610/1610/1610
f 1602/1602/1602 1606/1606/1606 1610/1610/1610
f 1594/1594/1594 1602/1602/1602 1610/1610/1610
f 1590/1590/1590 1594/1594/1594 1610/1610/1610
f 1610/1610/1610 1611/1611/1611 1612/1612/1612
f 1590/1590/1590 1610/1610/1610 1612/1612/1612
f 1590/1590/1590 1612/1612/1612 1613/1613/1613
f 1614/1614/1614 1615/1615/1615 1616/1616/1616
f 1617/1617/1617 1618/1618/1618 1619/1619/1619
f 1620/1620/1620 1621/1621/1621 1622/1622/1622
f 1623/1623/1623 1624/1624/1624 1625/1625/1625
f 1626/1626/1626 1627/1627/1627 1628/1628/1628
f 1629/1629/1629 1630/1630/1630 1631/1631/1631
f 1632/1632/1632 1633/1633/1633 1634/1634/1634
f 1635/1635/1635 1636/1636/1636 1637/1637/1637
f 1638/1638/1638 1639/1639/1639 1640/1640/1640
f 1641/1641/1641 1642/1642/1642 1643/1643/1643
f 1644/1644/1644 1645/1645/1645 1646/1646/1646
f 1647/1647/1647 1648/1648/1648 1649/1649/1649
f 1650/1650/1650 1651/1651/1651 1652/1652/1652
f 1653/1653/1653 1654/1654/1654 1651/1651/1651
f 1655/1655/1655 1656/1656/1656 1654/1654/1654
f 1657/1657/1657 1658/1658/1658 1656/1656/1656
f 1659/1659/1659 1660/1660/1660 1658/1658/1658
f 1661/1661/1661 1662/1662/1662 1660/1660/1660
f 1663/1663/1663 1664/1664/1664 1662/1662/1662
f 1665/1665/1665 1666/1666/1666 1664/1664/1664
f 1652/1652/1652 1651/1651/1651 1667/1667/1667
f 1667/1667/1667 1668/1668/1668 1652/1652/1652
f 1651/1651/1651 1654/1654/1654 1669/1669/1669
f 1669/1669/1669 1667/1667/1667 1651/1651/1651
f 1654/1654/1654 1656/1656/1656 1670/1670/1670
f 1670/1670/1670 1669/1669/1669 1654/1654/1654
f 1656/1656/1656 1658/1658/1658 1671/1671/1671
f 1671/1671/1671 1670/1670/1670 1656/1656/1656
f 1658/1658/1658 1660/1660/1660 1672/1672/1672
f 1672/1672/1672 1671/1671/1671 1658/1658/1658
f 1660/1660/1660 1662/1662/1662 1673/1673/1673
f 1673/1673/1673 1672/1672/1672 1660/1660/1660
f 1662/1662/1662 1664/1664/1664 1674/1674/1674
f 1674/1674/1674 1673/1673/1673 1662/1662/1662
f 1664/1664/1664 1666/1666/1666 1675/1675/1675
f 1675/1675/1675 1674/1674/1674 1664/1664/1664
f 1668/1668/1668 1667/1667/1667 1676/1676/1676
f 1676/1676/1676 1677/1677/1677 1668/1668/1668
f 1667/1667/1667 1669/1669/1669 1678/1678/1678
f 1678/1678/1678 1676/1676/1676 1667/1667/1667
f 1669/1669/1669 1670/1670/1670 1679/1679/1679
f 1679/1679/1679 1678/1678/1678 1669/1669/1669
f 1670/1670/1670 1671/1671/1671 1680/1680/1680
f 1680/1680/1680 1679/1679/1679 1670/1670/1670
f 1671/1671/1671 1672/1672/1672 1681/1681/1681
f 1681/1681/1681 1680/1680/1680 1671/1671/1671
f 1672/1672/1672 1673/1673/1673 1682/1682/1682
f 1682/1682/1682 1681/1681/1681 1672/1672/1672
f 1673/1673/1673 1674/1674/1674 1683/1683/1683
f 1683/1683/1683 1682/1682/1682 1673/1673/1673
f 1674/1674/1674 1675/1675/1675 1684/1684/1684
f 1684/1684/1684 1683/1683/1683 1674/1674/1674
f 1685/1685/1685 1677/1677/1677 1676/1676/1676
f 1686/1686/1686 1676/1676/1676 1678/1678/1678
f 1687/1687/1687 1678/1678/1678 1679/1679/1679
f 1688/1688/1688 1679/1679/1679 1680/1680/1680
f 1689/1689/1689 1680/1680/1680 1681/1681/1681
f 1690/1690/1690 1681/1681/1681 1682/1682/1682
f 1691/1691/1691 1682/1682/1682 1683/1683/1683
f 1692/1692/1692 1683/1683/1683 1684/1684/1684
f 1693/1693/1693 1694/1694/1694 1695/1695/1695
f 1695/1695/1695 1696/1696/1696 1693/1693/1693
f 1697/1697/1697 1698/1698/1698 1694/1694/1694
f 1694/1694/1694 1693/1693/1693 1697/1697/1697
f 1699/1699/1699 1700/1700/1700 1698/1698/1698
f 1698/1698/1698 1697/1697/1697 1699/1699/1699
f 1701/1701/1701 1702/1702/1702 1700/1700/1700
f 1700/1700/1700 1699/1699/1699 1701/1701/1701
f 1703/1703/1703 1704/1704/1704 1702/1702/1702
f 1702/1702/1702 1701/1701/1701 1703/1703/1703
f 1705/1705/1705 1706/1706/1706 1704/1704/1704
f 1704/1704/1704 1703/1703/1703 1705/1705/1705
f 1707/1707/1707 1708/1708/1708 1706/1706/1706
f 1706/1706/1706 1705/1705/1705 1707/1707/1707
f 1709/1709/1709 1710/1710/1710 1711/1711/1711
f 1711/1711/1711 1712/1712/1712 1709/1709/1709
f 1713/1713/1713 1714/1714/1714 1710/1710/1710
f 1710/1710/1710 1709/1709/1709 1713/1713/1713
f 1715/1715/1715 1716/1716/1716 1714/1714/1714
f 1714/1714/1714 1713/1713/1713 1715/1715/1715
f 1717/1717/1717 1718/1718/1718 1716/1716/1716
f 1716/1716/1716 1715/1715/1715 1717/1717/1717
f 1719/1719/1719 1720/1720/1720 1718/1718/1718
f 1718/1718/1718 1717/1717/1717 1719/1719/1719
f 1721/1721/1721 1722/1722/1722 1720/1720/1720
f 1720/1720/1720 1719/1719/1719 1721/1721/1721
f 1723/1723/1723 1724/1724/1724 1722/1722/1722
f 1722/1722/1722 1721/1721/1721 1723/1723/1723
f 1725/1725/1725 1726/1726/1726 1724/1724/1724
f 1724/1724/1724 1723/1723/1723 1725/1725/1725
f 1727/1727/1727 1728/1728/1728 1726/1726/1726
f 1726/1726/1726 1725/1725/1725 1727/1727/1727
f 1729/1729/1729 1730/1730/1730 1728/1728/1728
f 1728/1728/1728 1727/1727/1727 1729/1729/1729
f 1731/1731/1731 1732/1732/1732 1730/1730/1730
f 1730/1730/1730 1729/1729/1729 1731/1731/1731
f 1733/1733/1733 1734/1734/1734 1732/1732/1732
f 1732/1732/1732 1731/1731/1731 1733/1733/1733
f 1735/1735/1735 1736/1736/1736 1734/1734/1734
f 1734/1734/1734 1733/1733/1733 1735/1735/1735
f 1737/1737/1737 1738/1738/1738 1736/1736/1736
f 1736/1736/1736 1735/1735/1735 1737/1737/1737
f 1739/1739/1739 1740/1740/1740 1738/1738/1738
f 1738/1738/1738 1737/1737/1737 1739/1739/1739
f 1741/1741/1741 1742/1742/1742 1740/1740/1740
f 1740/1740/1740 1739/1739/1739 1741/1741/1741
f 1696/1696/1696 1695/1695/1695 1742/1742/1742
f 1742/1742/1742 1741/1741/1741 1696/1696/1696
f 1743/1743/1743 1693/1693/1693 1696/1696/1696
f 1696/1696/1696 1744/1744/1744 1743/1743/1743
f 1745/1745/1745 1697/1697/1697 1693/1693/1693
f 1693/1693/1693 1743/1743/1743 1745/1745/1745
f 1746/1746/1746 1699/1699/1699 1697/1697/1697
f 1697/1697/1697 1745/1745/1745 1746/1746/1746
f 1747/1747/1747 1701/1701/1701 1699/1699/1699
f 1699/1699/1699 1746/1746/1746 1747/1747/1747
f 1748/1748/1748 1703/1703/1703 1701/1701/1701
f 1701/1701/1701 1747/1747/1747 1748/1748/1748
f 1749/1749/1749 1705/1705/1705 1703/1703/1703
f 1703/1703/1703 1748/1748/1748 1749/1749/1749
f 1750/1750/1750 1707/1707/1707 1705/1705/1705
f 1705/1705/1705 1749/1749/1749 1750/1750/1750
f 1751/1751/1751 1709/1709/1709 1712/1712/1712
f 1712/1712/1712 1752/1752/1752 1751/1751/1751
f 1753/1753/1753 1713/1713/1713 1709/1709/1709
f 1709/1709/1709 1751/1751/1751 1753/1753/1753
f 1754/1754/1754 1715/1715/1715 1713/1713/1713
f 1713/1713/1713 1753/1753/1753 1754/1754/1754
f 1755/1755/1755 1717/1717/1717 1715/1715/1715
f 1715/1715/1715 1754/1754/1754 1755/1755/1755
f 1756/1756/1756 1719/1719/1719 1717/1717/1717
f 1717/1717/1717 1755/1755/1755 1756/1756/1756
f 1757/1757/1757 1721/1721/1721 1719/1719/1719
f 1719/1719/1719 1756/1756/1756 1757/1757/1757
f 1758/1758/1758 1723/1723/1723 1721/1721/1721
f 1721/1721/1721 1757/1757/1757 1758/1758/1758
f 1759/1759/1759 1725/1725/1725 1723/1723/1723
f 1723/1723/1723 1758/1758/1758 1759/1759/1759
f 1760/1760/1760 1727/1727/1727 1725/1725/1725
f 1725/1725/1725 1759/1759/1759 1760/1760/1760
f 1761/1761/1761 1729/1729/1729 1727/1727/1727
f 1727/1727/1727 1760/1760/1760 1761/1761/1761
f 1762/1762/1762 1731/1731/1731 1729/1729/1729
f 1729/1729/1729 1761/1761/1761 1762/1762/1762
f 1763/1763/1763 1733/1733/1733 1731/1731/1731
f 1731/1731/1731 1762/1762/1762 1763/1763/1763
f 1764/1764/1764 1735/1735/1735 1733/1733/1733
f 1733/1733/1733 1763/1763/1763 1764/1764/1764
f 1765/1765/1765 1737/1737/1737 1735/1735/1735
f 1735/1735/1735 1764/1764/1764 1765/1765/1765
f 1766/1766/1766 1739/1739/1739 1737/1737/1737
f 1737/1737/1737 1765/1765/1765 1766/1766/1766
f 1767/1767/1767 1741/1741/1741 1739/1739/1739
f 1739/1739/1739 1766/1766/1766 1767/1767/1767
f 1744/1744/1744 1696/1696/1696 1741/1741/1741
f 1741/1741/1741 1767/1767/1767 1744/1744/1744
f 1768/1768/1768 1743/1743/1743 1744/1744/1744
f 1744/1744/1744 1769/1769/1769 1768/1768/1768
f 1770/1770/1770 1745/1745/1745 1743/1743/1743
f 1743/1743/1743 1768/1768/1768 1770/1770/1770
f 1771/1771/1771 1746/1746/1746 1745/1745/1745
f 1745/1745/1745 1770/1770/1770 1771/1771/1771
f 1772/1772/1772 1747/1747/1747 1746/1746/1746
f 1746/1746/1746 1771/1771/1771 1772/1772/1772
f 1773/1773/1773 1748/1748/1748 1747/1747/1747
f 1747/1747/1747 1772/1772/1772 1773/1773/1773
f 1774/1774/1774 1749/1749/1749 1748/1748/1748
f 1748/1748/1748 1773/1773/1773 1774/1774/1774
f 1775/1775/1775 1750/1750/1750 1749/1749/1749
f 1749/1749/1749 1774/1774/1774 1775/1775/1775
f 1776/1776/1776 1751/1751/1751 1752/1752/1752
f 1752/1752/1752 1777/1777/1777 1776/1776/1776
f 1778/1778/1778 1753/1753/1753 1751/1751/1751
f 1751/1751/1751 1776/1776/1776 1778/1778/1778
f 1779/1779/1779 1754/1754/1754 1753/1753/1753
f 1753/1753/1753 1778/1778/1778 1779/1779/1779
f 1780/1780/1780 1755/1755/1755 1754/1754/1754
f 1754/1754/1754 1779/1779/1779 1780/1780/1780
f 1781/1781/1781 1756/1756/1756 1755/1755/1755
f 1755/1755/1755 1780/1780/1780 1781/1781/1781
f 1782/1782/1782 1757/1757/1757 1756/1756/1756
f 1756/1756/1756 1781/1781/1781 1782/1782/1782
f 1783/1783/1783 1758/1758/1758 1757/1757/1757
f 1757/1757/1757 1782/1782/1782 1783/1783/1783
f 1784/1784/1784 1759/1759/1759 1758/1758/1758
f 1758/1758/1758 1783/1783/1783 1784/1784/1784
f 1785/1785/1785 1760/1760/1760 1759/1759/1759
f 1759/1759/1759 1784/1784/1784 1785/1785/1785
f 1786/1786/1786 1761/1761/1761 1760/1760/1760
f 1760/1760/1760 1785/1785/1785 1786/1786/1786
f 1787/1787/1787 1762/1762/1762 1761/1761/1761
f 1761/1761/1761 1786/1786/1786 1787/1787/1787
f 1788/1788/1788 1763/1763/1763 1762/1762/1762
f 1762/1762/1762 1787/1787/1787 1788/1788/1788
f 1789/1789/1789 1764/1764/1764 1763/1763/1763
f 1763/1763/1763 1788/1788/1788 1789/1789/1789
f 1790/1790/1790 1765/1765/1765 1764/1764/1764
f 1764/1764/1764 1789/1789/1789 1790/1790/1790
f 1791/1791/1791 1766/1766/1766 1765/1765/1765
f 1765/1765/1765 1790/1790/1790 1791/1791/1791
f 1792/1792/1792 1767/1767/1767 1766/1766/1766
f 1766/1766/1766 1791/1791/1791 1792/1792/1792
f 1769/1769/1769 1744/1744/1744 1767/1767/1767
f 1767/1767/1767 1792/1792/1792 1769/1769/1769
f 1793/1793/1793 1768/1768/1768 1769/1769/1769
f 1769/1769/1769 1794/1794/1794 1793/1793/1793
f 1795/1795/1795 1770/1770/1770 1768/1768/1768
f 1768/1768/1768 1793/1793/1793 1795/1795/1795
f 1796/1796/1796 1771/1771/1771 1770/1770/1770
f 1770/1770/1770 1795/1795/1795 1796/1796/1796
f 1797/1797/1797 1772/1772/1772 1771/1771/1771
f 1771/1771/1771 1796/1796/1796 1797/1797/1797
f 1798/1798/1798 1773/1773/1773 1772/1772/1772
f 1772/1772/1772 1797/1797/1797 1798/1798/1798
f 1799/1799/1799 1774/1774/1774 1773/1773/1773
f 1773/1773/1773 1798/1798/1798 1799/1799/1799
f 1800/1800/1800 1775/1775/1775 1774/1774/1774
f 1774/1774/1774 1799/1799/1799 1800/1800/1800
f 1801/1801/1801 1776/1776/1776 1777/1777/1777
f 1777/1777/1777 1802/1802/1802 1801/1801/1801
f 1803/1803/1803 1778/1778/1778 1776/1776/1776
f 1776/1776/1776 1801/1801/1801 1803/1803/1803
f 1804/1804/1804 1779/1779/1779 1778/1778/1778
f 1778/1778/1778 1803/1803/1803 1804/1804/1804
f 1805/1805/1805 1780/1780/1780 1779/1779/1779
f 1779/1779/1779 1804/1804/1804 1805/1805/1805
f 1806/1806/1806 1781/1781/1781 1780/1780/1780
f 1780/1780/1780 1805/1805/1805 1806/1806/1806
f 1807/1807/1807 1782/1782/1782 1781/1781/1781
f 1781/1781/1781 1806/1806/1806 1807/1807/1807
f 1808/1808/1808 1783/1783/1783 1782/1782/1782
f 1782/1782/1782 1807/1807/1807 1808/1808/1808
f 1809/1809/1809 1784/1784/1784 1783/1783/1783
f 1783/1783/1783 1808/1808/1808 1809/1809/1809
f 1810/1810/1810 1785/1785/1785 1784/1784/1784
f 1784/1784/1784 1809/1809/1809 1810/1810/1810
f 1811/1811/1811 1786/1786/1786 1785/1785/1785
f 1785/1785/1785 1810/1810/1810 1811/1811/1811
f 1812/1812/1812 1787/1787/1787 1786/1786/1786
f 1786/1786/1786 1811/1811/1811 1812/1812/1812
f 1813/1813/1813 1788/1788/1788 1787/1787/1787
f 1787/1787/1787 1812/1812/1812 1813/1813/1813
f 1814/1814/1814 1789/1789/1789 1788/1788/1788
f 1788/1788/1788 1813/1813/1813 1814/1814/1814
f 1815/1815/1815 1790/1790/1790 1789/1789/1789
f 1789/1789/1789 1814/1814/1814 1815/1815/1815
f 1816/1816/1816 1791/1791/1791 1790/1790/1790
f 1790/1790/1790 1815/1815/1815 1816/1816/1816
f 1817/1817/1817 1792/1792/1792 1791/1791/1791
f 1791/1791/1791 1816/1816/1816 1817/1817/1817
f 1794/1794/1794 1769/1769/1769 1792/1792/1792
f 1792/1792/1792 1817/1817/1817 1794/1794/1794
f 1818/1818/1818 1793/1793/1793 1794/1794/1794
f 1794/1794/1794 1819/1819/1819 1818/1818/1818
f 1820/1820/1820 1795/1795/1795 1793/1793/1793
f 1793/1793/1793 1818/1818/1818 1820/1820/1820
f 1821/1821/1821 1796/1796/1796 1795/1795/1795
f 1795/1795/1795 1820/1820/1820 1821/1821/1821
f 1822/1822/1822 1797/1797/1797 1796/1796/1796
f 1796/1796/1796 1821/1821/1821 1822/1822/1822
f 1823/1823/1823 1798/1798/1798 1797/1797/1797
f 1797/1797/1797 1822/1822/1822 1823/1823/1823
f 1824/1824/1824 1799/1799/1799 1798/1798/1798
f 1798/1798/1798 1823/1823/1823 1824/1824/1824
f 1825/1825/1825 1800/1800/1800 1799/1799/1799
f 1799/1799/1799 1826/1826/1826 1825/1825/1825
f 1827/1827/1827 1801/1801/1801 1802/1802/1802
f 1802/1802/1802 1828/1828/1828 1827/1827/1827
f 1829/1829/1829 1803/1803/1803 1801/1801/1801
f 1801/1801/1801 1827/1827/1827 1829/1829/1829
f 1830/1830/1830 1804/1804/1804 1803/1803/1803
f 1803/1803/1803 1829/1829/1829 1830/1830/1830
f 1831/1831/1831 1805/1805/1805 1804/1804/1804
f 1804/1804/1804 1830/1830/1830 1831/1831/1831
f 1832/1832/1832 1806/1806/1806 1805/1805/1805
f 1805/1805/1805 1831/1831/1831 1832/1832/1832
f 1833/1833/1833 1807/1807/1807 1806/1806/1806
f 1806/1806/1806 1832/1832/1832 1833/1833/1833
f 1834/1834/1834 1808/1808/1808 1807/1807/1807
f 1807/1807/1807 1833/1833/1833 1834/1834/1834
f 1835/1835/1835 1809/1809/1809 1808/1808/1808
f 1808/1808/1808 1834/1834/1834 1835/1835/1835
f 1836/1836/1836 1810/1810/1810 1809/1809/1809
f 1809/1809/1809 1835/1835/1835 1836/1836/1836
f 1837/1837/1837 1811/1811/1811 1810/1810/1810
f 1810/1810/1810 1836/1836/1836 1837/1837/1837
f 1838/1838/1838 1812/1812/1812 1811/1811/1811
f 1811/1811/1811 1837/1837/1837 1838/1838/1838
f 1839/1839/1839 1813/1813/1813 1812/1812/1812
f 1812/1812/1812 1838/1838/1838 1839/1839/1839
f 1840/1840/1840 1814/1814/1814 1813/1813/1813
f 1813/1813/1813 1839/1839/1839 1840/1840/1840
f 1841/1841/1841 1815/1815/1815 1814/1814/1814
f 1814/1814/1814 1840/1840/1840 1841/1841/1841
f 1842/1842/1842 1816/1816/1816 1815/1815/1815
f 1815/1815/1815 1841/1841/1841 1842/1842/1842
f 1843/1843/1843 1817/1817/1817 1816/1816/1816
f 1816/1816/1816 1842/1842/1842 1843/1843/1843
f 1819/1819/1819 1794/1794/1794 1817/1817/1817
f 1817/1817/1817 1843/1843/1843 1819/1819/1819
f 1844/1844/1844 1845/1845/1845 1846/1846/1846
f 1846/1846/1846 1847/1847/1847 1848/1848/1848
f 1844/1844/1844 1846/1846/1846 1848/1848/1848
f 1848/1848/1848 1849/1849/1849 1850/1850/1850
f 1850/1850/1850 1851/1851/1851 1852/1852/1852
f 1848/1848/1848 1850/1850/1850 1852/1852/1852
f 1852/1852/1852 1853/1853/1853 1854/1854/1854
f 1854/1854/1854 1855/1855/1855 1856/1856/1856
f 1852/1852/1852 1854/1854/1854 1856/1856/1856
f 1848/1848/1848 1852/1852/1852 1856/1856/1856
f 1856/1856/1856 1857/1857/1857 1858/1858/1858
f 1858/1858/1858 1859/1859/1859 1860/1860/1860
f 1856/1856/1856 1858/1858/1858 1860/1860/1860
f 1860/1860/1860 1861/1861/1861 1862/1862/1862
f 1862/1862/1862 1863/1863/1863 1864/1864/1864
f 1860/1860/1860 1862/1862/1862 1864/1864/1864
f 1856/1856/1856 1860/1860/1860 1864/1864/1864
f 1848/1848/1848 1856/1856/1856 1864/1864/1864
f 1844/1844/1844 1848/1848/1848 1864/1864/1864
f 1864/1864/1864 1865/1865/1865 1866/1866/1866
f 1844/1844/1844 1864/1864/1864 1866/1866/1866
f 1844/1844/1844 1866/1866/1866 1867/1867/1867
f 1868/1868/1868 1868/1868/1868 1868/1868/1868
f 1868/1868/1868 1868/1868/1868 1868/1868/1868
f 1868/1868/1868 1868/1868/1868 1868/1868/1868
f 1868/1868/1868 1868/1868/1868 1868/1868/1868
f 1868/1868/1868 1868/1868/1868 1868/1868/1868
f 1868/1868/1868 1868/1868/1868 1868/1868/1868
f 1868/1868/1868 1868/1868/1868 1868/1868/1868
f 1868/1868/1868 1868/1868/1868 1868/1868/1868
f 1868/1868/1868 1868/1868/1868 1868/1868/1868
f 1868/1868/1868 1868/1868/1868 1868/1868/1868
f 1868/1868/1868 1868/1868/1868 1868/1868/1868
f 1868/1868/1868 1868/1868/1868 1868/1868/1868
f 1868/1868/1868 1868/1868/1868 1868/1868/1868
f 1868/1868/1868 1868/1868/1868 1868/1868/1868
f 1868/1868/1868 1868/1868/1868 1868/1868/1868
f 1868/1868/1868 1868/1868/1868 1868/1868/1868
f 1868/1868/1868 1868/1868/1868 1868/1868/1868
f 1868/1868/1868 1868/1868/1868 1868/1868/1868
f 1868/1868/1868 1868/1868/1868 1868/1868/1868
f 1868/1868/1868 1868/1868/1868 1868/1868/1868
f 1868/1868/1868 1868/1868/1868 1868/1868/1868
f 1868/1868/1868 1868/1868/1868 1868/1868/1868
f 1869/1869/1869 1870/1870/1870 1871/1871/1871
f 1871/1871/1871 1872/1872/1872 1869/1869/1869
f 1873/1873/1873 1874/1874/1874 1870/1870/1870
f 1870/1870/1870 1869/1869/1869 1873/1873/1873
f 1875/1875/1875 1876/1876/1876 1874/1874/1874
f 1874/1874/1874 1873/1873/1873 1875/1875/1875
f 1877/1877/1877 1878/1878/1878 1876/1876/1876
f 1876/1876/1876 1875/1875/1875 1877/1877/1877
f 1879/1879/1879 1880/1880/1880 1878/1878/1878
f 1878/1878/1878 1877/1877/1877 1879/1879/1879
f 1881/1881/1881 1882/1882/1882 1880/1880/1880
f 1880/1880/1880 1879/1879/1879 1881/1881/1881
f 1883/1883/1883 1884/1884/1884 1882/1882/1882
f 1882/1882/1882 1881/1881/1881 1883/1883/1883
f 1885/1885/1885 1886/1886/1886 1887/1887/1887
f 1887/1887/1887 1888/1888/1888 1885/1885/1885
f 1889/1889/1889 1890/1890/1890 1886/1886/1886
f 1886/1886/1886 1885/1885/1885 1889/1889/1889
f 1891/1891/1891 1892/1892/1892 1890/1890/1890
f 1890/1890/1890 1889/1889/1889 1891/1891/1891
f 1893/1893/1893 1894/1894/1894 1892/1892/1892
f 1892/1892/1892 1891/1891/1891 1893/1893/1893
f 1895/1895/1895 1896/1896/1896 1894/1894/1894
f 1894/1894/1894 1893/1893/1893 1895/1895/1895
f 1897/1897/1897 1898/1898/1898 1896/1896/1896
f 1896/1896/1896 1895/1895/1895 1897/1897/1897
f 1899/1899/1899 1900/1900/1900 1898/1898/1898
f 1898/1898/1898 1897/1897/1897 1899/1899/1899
f 1901/1901/1901 1902/1902/1902 1900/1900/1900
f 1900/1900/1900 1899/1899/1899 1901/1901/1901
f 1903/1903/1903 1904/1904/1904 1902/1902/1902
f 1902/1902/1902 1901/1901/1901 1903/1903/1903
f 1905/1905/1905 1906/1906/1906 1904/1904/1904
f 1904/1904/1904 1903/1903/1903 1905/1905/1905
f 1907/1907/1907 1908/1908/1908 1906/1906/1906
f 1906/1906/1906 1905/1905/1905 1907/1907/1907
f 1909/1909/1909 1910/1910/1910 1908/1908/1908
f 1908/1908/1908 1907/1907/1907 1909/1909/1909
f 1911/1911/1911 1912/1912/1912 1910/1910/1910
f 1910/1910/1910 1909/1909/1909 1911/1911/1911
f 1913/1913/1913 1914/1914/1914 1912/1912/1912
f 1912/1912/1912 1911/1911/1911 1913/1913/1913
f 1915/1915/1915 1916/1916/1916 1914/1914/1914
f 1914/1914/1914 1913/1913/1913 1915/1915/1915
f 1917/1917/1917 1918/1918/1918 1916/1916/1916
f 1916/1916/1916 1915/1915/1915 1917/1917/1917
f 1872/1872/1872 1871/1871/1871 1918/1918/1918
f 1918/1918/1918 1917/1917/1917 1872/1872/1872
f 1919/1919/1919 1869/1869/1869 1872/1872/1872
f 1872/1872/1872 1920/1920/1920 1919/1919/1919
f 1921/1921/1921 1873/1873/1873 1869/1869/1869
f 1869/1869/1869 1919/1919/1919 1921/1921/1921
f 1922/1922/1922 1875/1875/1875 1873/1873/1873
f 1873/1873/1873 1921/1921/1921 1922/1922/1922
f 1923/1923/1923 1877/1877/1877 1875/1875/1875
f 1875/1875/1875 1922/1922/1922 1923/1923/1923
f 1924/1924/1924 1879/1879/1879 1877/1877/1877
f 1877/1877/1877 1923/1923/1923 1924/1924/1924
f 1925/1925/1925 1881/1881/1881 1879/1879/1879
f 1879/1879/1879 1924/1924/1924 1925/1925/1925
f 1926/1926/1926 1883/1883/1883 1881/1881/1881
f 1881/1881/1881 1925/1925/1925 1926/1926/1926
f 1927/1927/1927 1885/1885/1885 1888/1888/1888
f 1888/1888/1888 1928/1928/1928 1927/1927/1927
f 1929/1929/1929 1889/1889/1889 1885/1885/1885
f 1885/1885/1885 1927/1927/1927 1929/1929/1929
f 1930/1930/1930 1891/1891/1891 1889/1889/1889
f 1889/1889/1889 1929/1929/1929 1930/1930/1930
f 1931/1931/1931 1893/1893/1893 1891/1891/1891
f 1891/1891/1891 1930/1930/1930 1931/1931/1931
f 1932/1932/1932 1895/1895/1895 1893/1893/1893
f 1893/1893/1893 1931/1931/1931 1932/1932/1932
f 1933/1933/1933 1897/1897/1897 1895/1895/1895
f 1895/1895/1895 1932/1932/1932 1933/1933/1933
f 1934/1934/1934 1899/1899/1899 1897/1897/1897
f 1897/1897/1897 1933/1933/1933 1934/1934/1934
f 1935/1935/1935 1901/1901/1901 1899/1899/1899
f 1899/1899/1899 1934/1934/1934 1935/1935/1935
f 1936/1936/1936 1903/1903/1903 1901/1901/1901
f 1901/1901/1901 1935/1935/1935 1936/1936/1936
f 1937/1937/1937 1905/1905/1905 1903/1903/1903
f 1903/1903/1903 1936/1936/1936 1937/1937/1937
f 1938/1938/1938 1907/1907/1907 1905/1905/1905
f 1905/1905/1905 1937/1937/1937 1938/1938/1938
f 1939/1939/1939 1909/1909/1909 1907/1907/1907
f 1907/1907/1907 1938/1938/1938 1939/1939/1939
f 1940/1940/1940 1911/1911/1911 1909/1909/1909
f 1909/1909/1909 1939/1939/1939 1940/1940/1940
f 1941/1941/1941 1913/1913/1913 1911/1911/1911
f 1911/1911/1911 1940/1940/1940 1941/1941/1941
f 1942/1942/1942 1915/1915/1915 1913/1913/1913
f 1913/1913/1913 1941/1941/1941 1942/1942/1942
f 1943/1943/1943 1917/1917/1917 1915/1915/1915
f 1915/1915/1915 1942/1942/1942 1943/1943/1943
f 1920/1920/1920 1872/1872/1872 1917/1917/1917
f 1917/1917/1917 1943/1943/1943 1920/1920/1920
f 1944/1944/1944 1919/1919/1919 1920/1920/1920
f 1920/1920/1920 1945/1945/1945 1944/1944/1944
f 1946/1946/1946 1921/1921/1921 1919/1919/1919
f 1919/1919/1919 1944/1944/1944 1946/1946/1946
f 1947/1947/1947 1922/1922/1922 1921/1921/1921
f 1921/1921/1921 1946/1946/1946 1947/1947/1947
f 1948/1948/1948 1923/1923/1923 1922/1922/1922
f 1922/1922/1922 1947/1947/1947 1948/1948/1948
f 1949/1949/1949 1924/1924/1924 1923/1923/1923
f 1923/1923/1923 1948/1948/1948 1949/1949/1949
f 1950/1950/1950 1925/1925/1925 1924/1924/1924
f 1924/1924/1924 1949/1949/1949 1950/1950/1950
f 1951/1951/1951 1926/1926/1926 1925/1925/1925
f 1925/1925/1925 1950/1950/1950 1951/1951/1951
f 1952/1952/1952 1927/1927/1927 1928/1928/1928
f 1928/1928/1928 1953/1953/1953 1952/1952/1952
f 1954/1954/1954 1929/1929/1929 1927/1927/1927
f 1927/1927/1927 1952/1952/1952 1954/1954/1954
f 1955/1955/1955 1930/1930/1930 1929/1929/1929
f 1929/1929/1929 1954/1954/1954 1955/1955/1955
f 1956/1956/1956 1931/1931/1931 1930/1930/1930
f 1930/1930/1930 1955/1955/1955 1956/1956/1956
f 1957/1957/1957 1932/1932/1932 1931/1931/1931
f 1931/1931/1931 1956/1956/1956 1957/1957/1957
f 1958/1958/1958 1933/1933/1933 1932/1932/1932
f 1932/1932/1932 1957/1957/1957 1958/1958/1958
f 1959/1959/1959 1934/1934/1934 1933/1933/1933
f 1933/1933/1933 1958/1958/1958 1959/1959/1959
f 1960/1960/1960 1935/1935/1935 1934/1934/1934
f 1934/1934/1934 1959/1959/1959 1960/1960/1960
f 1961/1961/1961 1936/1936/1936 1935/1935/1935
f 1935/1935/1935 1960/1960/1960 1961/1961/1961
f 1962/1962/1962 1937/1937/1937 1936/1936/1936
f 1936/1936/1936 1961/1961/1961 1962/1962/1962
f 1963/1963/1963 1938/1938/1938 1937/1937/1937
f 1937/1937/1937 1962/1962/1962 1963/1963/1963
f 1964/1964/1964 1939/1939/1939 1938/1938/1938
f 1938/1938/1938 1963/1963/1963 1964/1964/1964
f 1965/1965/1965 1940/1940/1940 1939/1939/1939
f 1939/1939/1939 1964/1964/1964 1965/1965/1965
f 1966/1966/1966 1941/1941/1941 1940/1940/1940
f 1940/1940/1940 1965/1965/1965 1966/1966/1966
f 1967/1967/1967 1942/1942/1942 1941/1941/1941
f 1941/1941/1941 1966/1966/1966 1967/1967/1967
f 1968/1968/1968 1943/1943/1943 1942/1942/1942
f 1942/1942/1942 1967/1967/1967 1968/1968/1968
f 1945/1945/1945 1920/1920/1920 1943/1943/1943
f 1943/1943/1943 1968/1968/1968 1945/1945/1945
f 1969/1969/1969 1944/1944/1944 1945/1945/1945
f 1945/1945/1945 1970/1970/1970 1969/1969/1969
f 1971/1971/1971 1946/1946/1946 1944/1944/1944
f 1944/1944/1944 1969/1969/1969 1971/1971/1971
f 1972/1972/1972 1947/1947/1947 1946/1946/1946
f 1946/1946/1946 1971/1971/1971 1972/1972/1972
f 1973/1973/1973 1948/1948/1948 1947/1947/1947
f 1947/1947/1947 1972/1972/1972 1973/1973/1973
f 1974/1974/1974 1949/1949/1949 1948/1948/1948
f 1948/1948/1948 1973/1973/1973 1974/1974/1974
f 1975/1975/1975 1950/1950/1950 1949/1949/1949
f 1949/1949/1949 1974/1974/1974 1975/1975/1975
f 1976/1976/1976 1951/1951/1951 1950/1950/1950
f 1950/1950/1950 1975/1975/1975 1976/1976/1976
f 1977/1977/1977 1952/1952/1952 1953/1953/1953
f 1953/1953/1953 1978/1978/1978 1977/1977/1977
f 1979/1979/1979 1954/1954/1954 1952/1952/1952
f 1952/1952/1952 1977/1977/1977 1979/1979/1979
f 1980/1980/1980 1955/1955/1955 1954/1954/1954
f 1954/1954/1954 1979/1979/1979 1980/1980/1980
f 1981/1981/1981 1956/1956/1956 1955/1955/1955
f 1955/1955/1955 1980/1980/1980 1981/1981/1981
f 1982/1982/1982 1957/1957/1957 1956/1956/1956
f 1956/1956/1956 1981/1981/1981 1982/1982/1982
f 1983/1983/1983 1958/1958/1958 1957/1957/1957
f 1957/1957/1957 1982/1982/1982 1983/1983/1983
f 1984/1984/1984 1959/1959/1959 1958/1958/1958
f 1958/1958/1958 1983/1983/1983 1984/1984/1984
f 1985/1985/1985 1960/1960/1960 1959/1959/1959
f 1959/1959/1959 1984/1984/1984 1985/1985/1985
f 1986/1986/1986 1961/1961/1961 1960/1960/1960
f 1960/1960/1960 1985/1985/1985 1986/1986/1986
f 1987/1987/1987 1962/1962/1962 1961/1961/1961
f 1961/1961/1961 1986/1986/1986 1987/1987/1987
f 1988/1988/1988 1963/1963/1963 1962/1962/1962
f 1962/1962/1962 1987/1987/1987 1988/1988/1988
f 1989/1989/1989 1964/1964/1964 1963/1963/1963
f 1963/1963/1963 1988/1988/1988 1989/1989/1989
f 1990/1990/1990 1965/1965/1965 1964/1964/1964
f 1964/1964/1964 1989/1989/1989 1990/1990/1990
f 1991/1991/1991 1966/1966/1966 1965/1965/1965
f 1965/1965/1965 1990/1990/1990 1991/1991/1991
f 1992/1992/1992 1967/1967/1967 1966/1966/1966
f 1966/1966/1966 1991/1991/1991 1992/1992/1992
f 1993/1993/1993 1968/1968/1968 1967/1967/1967
f 1967/1967/1967 1992/1992/1992 1993/1993/1993
f 1970/1970/1970 1945/1945/1945 1968/1968/1968
f 1968/1968/1968 1993/1993/1993 1970/1970/1970
f 1994/1994/1994 1969/1969/1969 1970/1970/1970
f 1970/1970/1970 1995/1995/1995 1994/1994/1994
f 1996/1996/1996 1971/1971/1971 1969/1969/1969
f 1969/1969/1969 1994/1994/1994 1996/1996/1996
f 1997/1997/1997 1972/1972/1972 1971/1971/1971
f 1971/1971/1971 1996/1996/1996 1997/1997/1997
f 1998/1998/1998 1973/1973/1973 1972/1972/1972
f 1972/1972/1972 1997/1997/1997 1998/1998/1998
f 1999/1999/1999 1974/1974/1974 1973/1973/1973
f 1973/1973/1973 1998/1998/1998 1999/1999/1999
f 2000/2000/2000 1975/1975/1975 1974/1974/1974
f 1974/1974/1974 1999/1999/1999 2000/2000/2000
f 2001/2001/2001 1976/1976/1976 1975/1975/1975
f 1975/1975/1975 2002/2002/2002 2001/2001/2001
f 2003/2003/2003 1977/1977/1977 1978/1978/1978
f 1978/1978/1978 2004/2004/2004 2003/2003/2003
f 2005/2005/2005 1979/1979/1979 1977/1977/1977
f 1977/1977/1977 2003/2003/2003 2005/2005/2005
f 2006/2006/2006 1980/1980/1980 1979/1979/1979
f 1979/1979/1979 2005/2005/2005 2006/2006/2006
f 2007/2007/2007 1981/1981/1981 1980/1980/1980
f 1980/1980/1980 2006/2006/2006 2007/2007/2007
f 2008/2008/2008 1982/1982/1982 1981/1981/1981
f 1981/1981/1981 2007/2007/2007 2008/2008/2008
f 2009/2009/2009 1983/1983/1983 1982/1982/1982
f 1982/1982/1982 2008/2008/2008 2009/2009/2009
f 2010/2010/2010 1984/1984/1984 1983/1983/1983
f 1983/1983/1983 2009/2009/2009 2010/2010/2010
f 2011/2011/2011 1985/1985/1985 1984/1984/1984
f 1984/1984/1984 2010/2010/2010 2011/2011/2011
f 2012/2012/2012 1986/1986/1986 1985/1985/1985
f 1985/1985/1985 2011/2011/2011 2012/2012/2012
f 2013/2013/2013 1987/1987/1987 1986/1986/1986
f 1986/1986/1986 2012/2012/2012 2013/2013/2013
f 2014/2014/2014 1988/1988/1988 1987/1987/1987
f 1987/1987/1987 2013/2013/2013 2014/2014/2014
f 2015/2015/2015 1989/1989/1989 1988/1988/1988
f 1988/1988/1988 2014/2014/2014 2015/2015/2015
f 2016/2016/2016 1990/1990/1990 1989/1989/1989
f 1989/1989/1989 2015/2015/2015 2016/2016/2016
f 2017/2017/2017 1991/1991/1991 1990/1990/1990
f 1990/1990/1990 2016/2016/2016 2017/2017/2017
f 2018/2018/2018 1992/1992/1992 1991/1991/1991
f 1991/1991/1991 2017/2017/2017 2018/2018/2018
f 2019/2019/2019 1993/1993/1993 1992/1992/1992
f 1992/1992/1992 2018/2018/2018 2019/2019/2019
f 1995/1995/1995 1970/1970/1970 1993/1993/1993
f 1993/1993/1993 2019/2019/2019 1995/1995/1995
f 2020/2020/2020 2021/2021/2021 2022/2022/2022
f 2022/2022/2022 2023/2023/2023 2024/2024/2024
f 2020/2020/2020 2022/2022/2022 2024/2024/2024
f 2024/2024/2024 2025/2025/2025 2026/2026/2026
f 2026/2026/2026 2027/2027/2027 2028/2028/2028
f 2024/2024/2024 2026/2026/2026 2028/2028/2028
f 2028/2028/2028 2029/2029/2029 2030/2030/2030
f 2030/2030/2030 2031/2031/2031 2032/2032/2032
f 2028/2028/2028 2030/2030/2030 2032/2032/2032
f 2024/2024/2024 2028/2028/2028 2032/2032/2032
f 2032/2032/2032 2033/2033/2033 2034/2034/2034
f 2034/2034/2034 2035/2035/2035 2036/2036/2036
f 2032/2032/2032 2034/2034/2034 2036/2036/2036
f 2036/2036/2036 2037/2037/2037 2038/2038/2038
f 2038/2038/2038 2039/2039/2039 2040/2040/2040
f 2036/2036/2036 2038/2038/2038 2040/2040/2040
f 2032/2032/2032 2036/2036/2036 2040/2040/2040
f 2024/2024/2024 2032/2032/2032 2040/2040/2040
f 2020/2020/2020 2024/2024/2024 2040/2040/2040
f 2040/2040/2040 2041/2041/2041 2042/2042/2042
f 2020/2020/2020 2040/2040/2040 2042/2042/2042
f 2020/2020/2020 2042/2042/2042 2043/2043/2043
f 2044/2044/2044 2044/2044/2044 2044/2044/2044
f 2044/2044/2044 2044/2044/2044 2044/2044/2044
f 2044/2044/2044 2044/2044/2044 2044/2044/2044
f 2044/2044/2044 2044/2044/2044 2044/2044/2044
f 2044/2044/2044 2044/2044/2044 2044/2044/2044
f 2044/2044/2044 2044/2044/2044 2044/2044/2044
f 2044/2044/2044 2044/2044/2044 2044/2044/2044
f 2044/2044/2044 2044/2044/2044 2044/2044/2044
f 2044/2044/2044 2044/2044/2044 2044/2044/2044
f 2044/2044/2044 2044/2044/2044 2044/2044/2044
f 2044/2044/2044 2044/2044/2044 2044/2044/2044
f 2044/2044/2044 2044/2044/2044 2044/2044/2044
f 2044/2044/2044 2044/2044/2044 2044/2044/2044
f 2044/2044/2044 2044/2044/2044 2044/2044/2044
f 2044/2044/2044 2044/2044/2044 2044/2044/2044
f 2044/2044/2044 2044/2044/2044 2044/2044/2044
f 2044/2044/2044 2044/2044/2044 2044/2044/2044
f 2044/2044/2044 2044/2044/2044 2044/2044/2044
f 2044/2044/2044 2044/2044/2044 2044/2044/2044
f 2044/2044/2044 2044/2044/2044 2044/2044/2044
f 2044/2044/2044 2044/2044/2044 2044/2044/2044
f 2044/2044/2044 2044/2044/2044 2044/2044/2044
f 2045/2045/2045 2046/2046/2046 2047/2047/2047
f 2047/2047/2047 2048/2048/2048 2045/2045/2045
f 2049/2049/2049 2050/2050/2050 2046/2046/2046
f 2046/2046/2046 2045/2045/2045 2049/2049/2049
f 2051/2051/2051 2052/2052/2052 2050/2050/2050
f 2050/2050/2050 2049/2049/2049 2051/2051/2051
f 2053/2053/2053 2054/2054/2054 2052/2052/2052
f 2052/2052/2052 2051/2051/2051 2053/2053/2053
f 2055/2055/2055 2056/2056/2056 2054/2054/2054
f 2054/2054/2054 2053/2053/2053 2055/2055/2055
f 2057/2057/2057 2058/2058/2058 2056/2056/2056
f 2056/2056/2056 2055/2055/2055 2057/2057/2057
f 2059/2059/2059 2060/2060/2060 2058/2058/2058
f 2058/2058/2058 2057/2057/2057 2059/2059/2059
f 2061/2061/2061 2062/2062/2062 2063/2063/2063
f 2063/2063/2063 2064/2064/2064 2061/2061/2061
f 2065/2065/2065 2066/2066/2066 2062/2062/2062
f 2062/2062/2062 2061/2061/2061 2065/2065/2065
f 2067/2067/2067 2068/2068/2068 2066/2066/2066
f 2066/2066/2066 2065/2065/2065 2067/2067/2067
f 2069/2069/2069 2070/2070/2070 2068/2068/2068
f 2068/2068/2068 2067/2067/2067 2069/2069/2069
f 2071/2071/2071 2072/2072/2072 2070/2070/2070
f 2070/2070/2070 2069/2069/2069 2071/2071/2071
f 2073/2073/2073 2074/2074/2074 2072/2072/2072
f 2072/2072/2072 2071/2071/2071 2073/2073/2073
f 2075/2075/2075 2076/2076/2076 2074/2074/2074
f 2074/2074/2074 2073/2073/2073 2075/2075/2075
f 2077/2077/2077 2078/2078/2078 2076/2076/2076
f 2076/2076/2076 2075/2075/2075 2077/2077/2077
f 2079/2079/2079 2080/2080/2080 2078/2078/2078
f 2078/2078/2078 2077/2077/2077 2079/2079/2079
f 2081/2081/2081 2082/2082/2082 2080/2080/2080
f 2080/2080/2080 2079/2079/2079 2081/2081/2081
f 2083/2083/2083 2084/2084/2084 2082/2082/2082
f 2082/2082/2082 2081/2081/2081 2083/2083/2083
f 2085/2085/2085 2086/2086/2086 2084/2084/2084
f 2084/2084/2084 2083/2083/2083 2085/2085/2085
f 2087/2087/2087 2088/2088/2088 2086/2086/2086
f 2086/2086/2086 2085/2085/2085 2087/2087/2087
f 2089/2089/2089 2090/2090/2090 2088/2088/2088
f 2088/2088/2088 2087/2087/2087 2089/2089/2089
f 2091/2091/2091 2092/2092/2092 2090/2090/2090
f 2090/2090/2090 2089/2089/2089 2091/2091/2091
f 2093/2093/2093 2094/2094/2094 2092/2092/2092
f 2092/2092/2092 2091/2091/2091 2093/2093/2093
f 2048/2048/2048 2047/2047/2047 2094/2094/2094
f 2094/2094/2094 2093/2093/2093 2048/2048/2048
f 2095/2095/2095 2045/2045/2045 2048/2048/2048
f 2048/2048/2048 2096/2096/2096 2095/2095/2095
f 2097/2097/2097 2049/2049/2049 2045/2045/2045
f 2045/2045/2045 2095/2095/2095 2097/2097/2097
f 2098/2098/2098 2051/2051/2051 2049/2049/2049
f 2049/2049/2049 2097/2097/2097 2098/2098/2098
f 2099/2099/2099 2053/2053/2053 2051/2051/2051
f 2051/2051/2051 2098/2098/2098 2099/2099/2099
f 2100/2100/2100 2055/2055/2055 2053/2053/2053
f 2053/2053/2053 2099/2099/2099 2100/2100/2100
f 2101/2101/2101 2057/2057/2057 2055/2055/2055
f 2055/2055/2055 2100/2100/2100 2101/2101/2101
f 2102/2102/2102 2059/2059/2059 2057/2057/2057
f 2057/2057/2057 2101/2101/2101 2102/2102/2102
f 2103/2103/2103 2061/2061/2061 2064/2064/2064
f 2064/2064/2064 2104/2104/2104 2103/2103/2103
f 2105/2105/2105 2065/2065/2065 2061/2061/2061
f 2061/2061/2061 2103/2103/2103 2105/2105/2105
f 2106/2106/2106 2067/2067/2067 2065/2065/2065
f 2065/2065/2065 2105/2105/2105 2106/2106/2106
f 2107/2107/2107 2069/2069/2069 2067/2067/2067
f 2067/2067/2067 2106/2106/2106 2107/2107/2107
f 2108/2108/2108 2071/2071/2071 2069/2069/2069
f 2069/2069/2069 2107/2107/2107 2108/2108/2108
f 2109/2109/2109 2073/2073/2073 2071/2071/2071
f 2071/2071/2071 2108/2108/2108 2109/2109/2109
f 2110/2110/2110 2075/2075/2075 2073/2073/2073
f 2073/2073/2073 2109/2109/2109 2110/2110/2110
f 2111/2111/2111 2077/2077/2077 2075/2075/2075
f 2075/2075/2075 2110/2110/2110 2111/2111/2111
f 2112/2112/2112 2079/2079/2079 2077/2077/2077
f 2077/2077/2077 2111/2111/2111 2112/2112/2112
f 2113/2113/2113 2081/2081/2081 2079/2079/2079
f 2079/2079/2079 2112/2112/2112 2113/2113/2113
f 2114/2114/2114 2083/2083/2083 2081/2081/2081
f 2081/2081/2081 2113/2113/2113 2114/2114/2114
f 2115/2115/2115 2085/2085/2085 2083/2083/2083
f 2083/2083/2083 2114/2114/2114 2115/2115/2115
f 2116/2116/2116 2087/2087/2087 2085/2085/2085
f 2085/2085/2085 2115/2115/2115 2116/2116/2116
f 2117/2117/2117 2089/2089/2089 2087/2087/2087
f 2087/2087/2087 2116/2116/2116 2117/2117/2117
f 2118/2118/2118 2091/2091/2091 2089/2089/2089
f 2089/2089/2089 2117/2117/2117 2118/2118/2118
f 2119/2119/2119 2093/2093/2093 2091/2091/2091
f 2091/2091/2091 2118/2118/2118 2119/2119/2119
f 2096/2096/2096 2048/2048/2048 2093/2093/2093
f 2093/2093/2093 2119/2119/2119 2096/2096/2096
f 2120/2120/2120 2095/2095/2095 2096/2096/2096
f 2096/2096/2096 2121/2121/2121 2120/2120/2120
f 2122/2122/2122 2097/2097/2097 2095/2095/2095
f 2095/2095/2095 2120/2120/2120 2122/2122/2122
f 2123/2123/2123 2098/2098/2098 2097/2097/2097
f 2097/2097/2097 2122/2122/2122 2123/2123/2123
f 2124/2124/2124 2099/2099/2099 2098/2098/2098
f 2098/2098/2098 2123/2123/2123 2124/2124/2124
f 2125/2125/2125 2100/2100/2100 2099/2099/2099
f 2099/2099/2099 2124/2124/2124 2125/2125/2125
f 2126/2126/2126 2101/2101/2101 2100/2100/2100
f 2100/2100/2100 2125/2125/2125 2126/2126/2126
f 2127/2127/2127 2102/2102/2102 2101/2101/2101
f 2101/2101/2101 2126/2126/2126 2127/2127/2127
f 2128/2128/2128 2103/2103/2103 2104/2104/2104
f 2104/2104/2104 2129/2129/2129 2128/2128/2128
f 2130/2130/2130 2105/2105/2105 2103/2103/2103
f 2103/2103/2103 2128/2128/2128 2130/2130/2130
f 2131/2131/2131 2106/2106/2106 2105/2105/2105
f 2105/2105/2105 2130/2130/2130 2131/2131/2131
f 2132/2132/2132 2107/2107/2107 2106/2106/2106
f 2106/2106/2106 2131/2131/2131 2132/2132/2132
f 2133/2133/2133 2108/2108/2108 2107/2107/2107
f 2107/2107/2107 2132/2132/2132 2133/2133/2133
f 2134/2134/2134 2109/2109/2109 2108/2108/2108
f 2108/2108/2108 2133/2133/2133 2134/2134/2134
f 2135/2135/2135 2110/2110/2110 2109/2109/2109
f 2109/2109/2109 2134/2134/2134 2135/2135/2135
f 2136/2136/2136 2111/2111/2111 2110/2110/2110
f 2110/2110/2110 2135/2135/2135 2136/2136/2136
f 2137/2137/2137 2112/2112/2112 2111/2111/2111
f 2111/2111/2111 2136/2136/2136 2137/2137/2137
f 2138/2138/2138 2113/2113/2113 2112/2112/2112
f 2112/2112/2112 2137/2137/2137 2138/2138/2138
f 2139/2139/2139 2114/2114/2114 2113/2113/2113
f 2113/2113/2113 2138/2138/2138 2139/2139/2139
f 2140/2140/2140 2115/2115/2115 2114/2114/2114
f 2114/2114/2114 2139/2139/2139 2140/2140/2140
f 2141/2141/2141 2116/2116/2116 2115/2115/2115
f 2115/2115/2115 2140/2140/2140 2141/2141/2141
f 2142/2142/2142 2117/2117/2117 2116/2116/2116
f 2116/2116/2116 2141/2141/2141 2142/2142/2142
f 2143/2143/2143 2118/2118/2118 2117/2117/2117
f 2117/2117/2117 2142/2142/2142 2143/2143/2143
f 2144/2144/2144 2119/2119/2119 2118/2118/2118
f 2118/2118/2118 2143/2143/2143 2144/2144/2144
f 2121/2121/2121 2096/2096/2096 2119/2119/2119
f 2119/2119/2119 2144/2144/2144 2121/2121/2121
f 2121/2121/2121 2145/2145/2145 2120/2120/2120
f 2120/2120/2120 2145/2145/2145 2122/2122/2122
f 2122/2122/2122 2145/2145/2145 2123/2123/2123
f 2123/2123/2123 2145/2145/2145 2124/2124/2124
f 2124/2124/2124 2145/2145/2145 2125/2125/2125
f 2125/2125/2125 2145/2145/2145 2126/2126/2126
f 2126/2126/2126 2145/2145/2145 2127/2127/2127
f 2129/2129/2129 2146/2146/2146 2128/2128/2128
f 2128/2128/2128 2146/2146/2146 2130/2130/2130
f 2130/2130/2130 2146/2146/2146 2131/2131/2131
f 2131/2131/2131 2146/2146/2146 2132/2132/2132
f 2132/2132/2132 2146/2146/2146 2133/2133/2133
f 2133/2133/2133 2146/2146/2146 2134/2134/2134
f 2134/2134/2134 2146/2146/2146 2135/2135/2135
f 2135/2135/2135 2146/2146/2146 2136/2136/2136
f 2136/2136/2136 2146/2146/2146 2137/2137/2137
f 2137/2137/2137 2146/2146/2146 2138/2138/2138
f 2138/2138/2138 2146/2146/2146 2139/2139/2139
f 2139/2139/2139 2146/2146/2146 2140/2140/2140
f 2140/2140/2140 2146/2146/2146 2141/2141/2141
f 2141/2141/2141 2146/2146/2146 2142/2142/2142
f 2142/2142/2142 2146/2146/2146 2143/2143/2143
f 2143/2143/2143 2146/2146/2146 2144/2144/2144
f 2144/2144/2144 2145/2145/2145 2121/2121/2121
f 2147/2147/2147 2148/2148/2148 2149/2149/2149
f 2149/2149/2149 2150/2150/2150 2151/2151/2151
f 2147/2147/2147 2149/2149/2149 2151/2151/2151
f 2151/2151/2151 2152/2152/2152 2153/2153/2153
f 2153/2153/2153 2154/2154/2154 2155/2155/2155
f 2151/2151/2151 2153/2153/2153 2155/2155/2155
f 2155/2155/2155 2156/2156/2156 2157/2157/2157
f 2157/2157/2157 2158/2158/2158 2159/2159/2159
f 2155/2155/2155 2157/2157/2157 2159/2159/2159
f 2151/2151/2151 2155/2155/2155 2159/2159/2159
f 2159/2159/2159 2160/2160/2160 2161/2161/2161
f 2161/2161/2161 2162/2162/2162 2163/2163/2163
f 2159/2159/2159 2161/2161/2161 2163/2163/2163
f 2163/2163/2163 2164/2164/2164 2165/2165/2165
f 2165/2165/2165 2166/2166/2166 2167/2167/2167
f 2163/2163/2163 2165/2165/2165 2167/2167/2167
f 2159/2159/2159 2163/2163/2163 2167/2167/2167
f 2151/2151/2151 2159/2159/2159 2167/2167/2167
f 2147/2147/2147 2151/2151/2151 2167/2167/2167
f 2167/2167/2167 2168/2168/2168 2169/2169/2169
f 2147/2147/2147 2167/2167/2167 2169/2169/2169
f 2147/2147/2147 2169/2169/2169 2170/2170/2170
f 2171/2171/2171 2172/2172/2172 2173/2173/2173
f 2171/2171/2171 2173/2173/2173 2174/2174/2174
f 2171/2171/2171 2174/2174/2174 2175/2175/2175
f 2171/2171/2171 2175/2175/2175 2176/2176/2176
f 2177/2177/2177 2178/2178/2178 2176/2176/2176
f 2177/2177/2177 2176/2176/2176 2175/2175/2175
f 2177/2177/2177 2175/2175/2175 2179/2179/2179
f 2177/2177/2177 2179/2179/2179 2180/2180/2180
f 2181/2181/2181 2182/2182/2182 2180/2180/2180
f 2181/2181/2181 2180/2180/2180 2179/2179/2179
f 2181/2181/2181 2179/2179/2179 2183/2183/2183
f 2181/2181/2181 2183/2183/2183 2184/2184/2184
f 2185/2185/2185 2186/2186/2186 2187/2187/2187
f 2185/2185/2185 2187/2187/2187 2188/2188/2188
f 2185/2185/2185 2188/2188/2188 2189/2189/2189
f 2185/2185/2185 2189/2189/2189 2190/2190/2190
f 2191/2191/2191 2192/2192/2192 2190/2190/2190
f 2191/2191/2191 2190/2190/2190 2189/2189/2189
f 2191/2191/2191 2189/2189/2189 2193/2193/2193
f 2191/2191/2191 2193/2193/2193 2194/2194/2194
f 2195/2195/2195 2196/2196/2196 2194/2194/2194
f 2195/2195/2195 2194/2194/2194 2193/2193/2193
f 2195/2195/2195 2193/2193/2193 2197/2197/2197
f 2195/2195/2195 2197/2197/2197 2198/2198/2198
f 2199/2199/2199 2200/2200/2200 2198/2198/2198
f 2199/2199/2199 2198/2198/2198 2197/2197/2197
f 2199/2199/2199 2197/2197/2197 2201/2201/2201
f 2199/2199/2199 2201/2201/2201 2202/2202/2202
f 2203/2203/2203 2204/2204/2204 2202/2202/2202
f 2203/2203/2203 2202/2202/2202 2201/2201/2201
f 2203/2203/2203 2201/2201/2201 2205/2205/2205
f 2203/2203/2203 2205/2205/2205 2206/2206/2206
f 2207/2207/2207 2208/2208/2208 2206/2206/2206
f 2207/2207/2207 2206/2206/2206 2205/2205/2205
f 2207/2207/2207 2205/2205/2205 2209/2209/2209
f 2207/2207/2207 2209/2209/2209 2210/2210/2210
f 2211/2211/2211 2212/2212/2212 2210/2210/2210
f 2211/2211/2211 2210/2210/2210 2209/2209/2209
f 2211/2211/2211 2209/2209/2209 2213/2213/2213
f 2211/2211/2211 2213/2213/2213 2214/2214/2214
f 2215/2215/2215 2216/2216/2216 2214/2214/2214
f 2215/2215/2215 2214/2214/2214 2213/2213/2213
f 2215/2215/2215 2213/2213/2213 2217/2217/2217
f 2215/2215/2215 2217/2217/2217 2218/2218/2218
f 2219/2219/2219 2220/2220/2220 2218/2218/2218
f 2219/2219/2219 2218/2218/2218 2217/2217/2217
f 2219/2219/2219 2217/2217/2217 2174/2174/2174
f 2219/2219/2219 2174/2174/2174 2173/2173/2173
f 2221/2221/2221 2222/2222/2222 2223/2223/2223
f 2223/2223/2223 2224/2224/2224 2225/2225/2225
f 2225/2225/2225 2226/2226/2226 2227/2227/2227
f 2223/2223/2223 2225/2225/2225 2227/2227/2227
f 2227/2227/2227 2228/2228/2228 2229/2229/2229
f 2229/2229/2229 2230/2230/2230 2231/2231/2231
f 2227/2227/2227 2229/2229/2229 2231/2231/2231
f 2223/2223/2223 2227/2227/2227 2231/2231/2231
f 2221/2221/2221 2223/2223/2223 2231/2231/2231
f 2221/2221/2221 2231/2231/2231 2232/2232/2232
f 2233/2233/2233 2234/2234/2234 2235/2235/2235
f 2235/2235/2235 2236/2236/2236 2237/2237/2237
f 2237/2237/2237 2238/2238/2238 2239/2239/2239
f 2235/2235/2235 2237/2237/2237 2239/2239/2239
f 2239/2239/2239 2240/2240/2240 2241/2241/2241
f 2241/2241/2241 2242/2242/2242 2243/2243/2243
f 2239/2239/2239 2241/2241/2241 2243/2243/2243
f 2235/2235/2235 2239/2239/2239 2243/2243/2243
f 2243/2243/2243 2244/2244/2244 2245/2245/2245
f 2245/2245/2245 2246/2246/2246 2247/2247/2247
f 2243/2243/2243 2245/2245/2245 2247/2247/2247
f 2247/2247/2247 2248/2248/2248 2249/2249/2249
f 2249/2249/2249 2250/2250/2250 2251/2251/2251
f 2247/2247/2247 2249/2249/2249 2251/2251/2251
f 2243/2243/2243 2247/2247/2247 2251/2251/2251
f 2235/2235/2235 2243/2243/2243 2251/2251/2251
f 2251/2251/2251 2252/2252/2252 2253/2253/2253
f 2253/2253/2253 2254/2254/2254 2255/2255/2255
f 2251/2251/2251 2253/2253/2253 2255/2255/2255
f 2235/2235/2235 2251/2251/2251 2255/2255/2255
f 2233/2233/2233 2235/2235/2235 2255/2255/2255
f 2233/2233/2233 2255/2255/2255 2256/2256/2256
f 2257/2257/2257 2258/2258/2258 2259/2259/2259
f 2260/2260/2260 2261/2261/2261 2262/2262/2262
f 2263/2263/2263 2264/2264/2264 2265/2265/2265
f 2266/2266/2266 2267/2267/2267 2268/2268/2268
f 2269/2269/2269 2270/2270/2270 2271/2271/2271
f 2272/2272/2272 2273/2273/2273 2274/2274/2274
f 2275/2275/2275 2276/2276/2276 2277/2277/2277
f 2278/2278/2278 2279/2279/2279 2280/2280/2280
f 2281/2281/2281 2282/2282/2282 2283/2283/2283
f 2284/2284/2284 2285/2285/2285 2286/2286/2286
f 2287/2287/2287 2288/2288/2288 2289/2289/2289
f 2290/2290/2290 2291/2291/2291 2292/2292/2292
f 2293/2293/2293 2294/2294/2294 2295/2295/2295
f 2293/2293/2293 2295/2295/2295 2296/2296/2296
f 2293/2293/2293 2296/2296/2296 2297/2297/2297
f 2293/2293/2293 2297/2297/2297 2298/2298/2298
f 2299/2299/2299 2300/2300/2300 2298/2298/2298
f 2299/2299/2299 2298/2298/2298 2297/2297/2297
f 2299/2299/2299 2297/2297/2297 2301/2301/2301
f 2299/2299/2299 2301/2301/2301 2302/2302/2302
f 2303/2303/2303 2304/2304/2304 2302/2302/2302
f 2303/2303/2303 2302/2302/2302 2301/2301/2301
f 2303/2303/2303 2301/2301/2301 2305/2305/2305
f 2303/2303/2303 2305/2305/2305 2306/2306/2306
f 2307/2307/2307 2308/2308/2308 2309/2309/2309
f 2307/2307/2307 2309/2309/2309 2310/2310/2310
f 2307/2307/2307 2310/2310/2310 2311/2311/2311
f 2307/2307/2307 2311/2311/2311 2312/2312/2312
f 2313/2313/2313 2314/2314/2314 2312/2312/2312
f 2313/2313/2313 2312/2312/2312 2311/2311/2311
f 2313/2313/2313 2311/2311/2311 2315/2315/2315
f 2313/2313/2313 2315/2315/2315 2316/2316/2316
f 2317/2317/2317 2318/2318/2318 2316/2316/2316
f 2317/2317/2317 2316/2316/2316 2315/2315/2315
f 2317/2317/2317 2315/2315/2315 2319/2319/2319
f 2317/2317/2317 2319/2319/2319 2320/2320/2320
f 2321/2321/2321 2322/2322/2322 2320/2320/2320
f 2321/2321/2321 2320/2320/2320 2319/2319/2319
f 2321/2321/2321 2319/2319/2319 2323/2323/2323
f 2321/2321/2321 2323/2323/2323 2324/2324/2324
f 2325/2325/2325 2326/2326/2326 2324/2324/2324
f 2325/2325/2325 2324/2324/2324 2323/2323/2323
f 2325/2325/2325 2323/2323/2323 2327/2327/2327
f 2325/2325/2325 2327/2327/2327 2328/2328/2328
f 2329/2329/2329 2330/2330/2330 2328/2328/2328
f 2329/2329/2329 2328/2328/2328 2327/2327/2327
f 2329/2329/2329 2327/2327/2327 2331/2331/2331
f 2329/2329/2329 2331/2331/2331 2332/2332/2332
f 2333/2333/2333 2334/2334/2334 2332/2332/2332
f 2333/2333/2333 2332/2332/2332 2331/2331/2331
f 2333/2333/2333 2331/2331/2331 2335/2335/2335
f 2333/2333/2333 2335/2335/2335 2336/2336/2336
f 2337/2337/2337 2338/2338/2338 2336/2336/2336
f 2337/2337/2337 2336/2336/2336 2335/2335/2335
f 2337/2337/2337 2335/2335/2335 2339/2339/2339
f 2337/2337/2337 2339/2339/2339 2340/2340/2340
f 2341/2341/2341 2342/2342/2342 2340/2340/2340
f 2341/2341/2341 2340/2340/2340 2339/2339/2339
f 2341/2341/2341 2339/2339/2339 2296/2296/2296
f 2341/2341/2341 2296/2296/2296 2295/2295/2295
f 2343/2343/2343 2344/2344/2344 2345/2345/2345
f 2345/2345/2345 2346/2346/2346 2347/2347/2347
f 2347/2347/2347 2348/2348/2348 2349/2349/2349
f 2345/2345/2345 2347/2347/2347 2349/2349/2349
f 2349/2349/2349 2350/2350/2350 2351/2351/2351
f 2351/2351/2351 2352/2352/2352 2353/2353/2353
f 2349/2349/2349 2351/2351/2351 2353/2353/2353
f 2345/2345/2345 2349/2349/2349 2353/2353/2353
f 2343/2343/2343 2345/2345/2345 2353/2353/2353
f 2343/2343/2343 2353/2353/2353 2354/2354/2354
f 2355/2355/2355 2356/2356/2356 2357/2357/2357
f 2357/2357/2357 2358/2358/2358 2359/2359/2359
f 2359/2359/2359 2360/2360/2360 2361/2361/2361
f 2357/2357/2357 2359/2359/2359 2361/2361/2361
f 2361/2361/2361 2362/2362/2362 2363/2363/2363
f 2363/2363/2363 2364/2364/2364 2365/2365/2365
f 2361/2361/2361 2363/2363/2363 2365/2365/2365
f 2357/2357/2357 2361/2361/2361 2365/2365/2365
f 2365/2365/2365 2366/2366/2366 2367/2367/2367
f 2367/2367/2367 2368/2368/2368 2369/2369/2369
f 2365/2365/2365 2367/2367/2367 2369/2369/2369
f 2369/2369/2369 2370/2370/2370 2371/2371/2371
f 2371/2371/2371 2372/2372/2372 2373/2373/2373
f 2369/2369/2369 2371/2371/2371 2373/2373/2373
f 2365/2365/2365 2369/2369/2369 2373/2373/2373
f 2357/2357/2357 2365/2365/2365 2373/2373/2373
f 2373/2373/2373 2374/2374/2374 2375/2375/2375
f 2375/2375/2375 2376/2376/2376 2377/2377/2377
f 2373/2373/2373 2375/2375/2375 2377/2377/2377
f 2357/2357/2357 2373/2373/2373 2377/2377/2377
f 2355/2355/2355 2357/2357/2357 2377/2377/2377
f 2355/2355/2355 2377/2377/2377 2378/2378/2378
f 2379/2379/2379 2380/2380/2380 2381/2381/2381
f 2382/2382/2382 2383/2383/2383 2384/2384/2384
f 2385/2385/2385 2386/2386/2386 2387/2387/2387
f 2388/2388/2388 2389/2389/2389 2390/2390/2390
f 2391/2391/2391 2392/2392/2392 2393/2393/2393
f 2394/2394/2394 2395/2395/2395 2396/2396/2396
f 2397/2397/2397 2398/2398/2398 2399/2399/2399
f 2400/2400/2400 2401/2401/2401 2402/2402/2402
f 2403/2403/2403 2404/2404/2404 2405/2405/2405
f 2406/2406/2406 2407/2407/2407 2408/2408/2408
f 2409/2409/2409 2410/2410/2410 2411/2411/2411
f 2412/2412/2412 2413/2413/2413 2414/2414/2414
f 2415/2415/2415 2416/2416/2416 2417/2417/2417
f 2418/2418/2418 2417/2417/2417 2419/2419/2419
f 2420/2420/2420 2419/2419/2419 2421/2421/2421
f 2422/2422/2422 2421/2421/2421 2423/2423/2423
f 2424/2424/2424 2423/2423/2423 2425/2425/2425
f 2426/2426/2426 2425/2425/2425 2427/2427/2427
f 2428/2428/2428 2427/2427/2427 2429/2429/2429
f 2430/2430/2430 2429/2429/2429 2431/2431/2431
f 2416/2416/2416 2432/2432/2432 2433/2433/2433
f 2433/2433/2433 2417/2417/2417 2416/2416/2416
f 2417/2417/2417 2433/2433/2433 2434/2434/2434
f 2434/2434/2434 2419/2419/2419 2417/2417/2417
f 2419/2419/2419 2434/2434/2434 2435/2435/2435
f 2435/2435/2435 2421/2421/2421 2419/2419/2419
f 2421/2421/2421 2435/2435/2435 2436/2436/2436
f 2436/2436/2436 2423/2423/2423 2421/2421/2421
f 2423/2423/2423 2436/2436/2436 2437/2437/2437
f 2437/2437/2437 2425/2425/2425 2423/2423/2423
f 2425/2425/2425 2437/2437/2437 2438/2438/2438
f 2438/2438/2438 2427/2427/2427 2425/2425/2425
f 2427/2427/2427 2438/2438/2438 2439/2439/2439
f 2439/2439/2439 2429/2429/2429 2427/2427/2427
f 2429/2429/2429 2439/2439/2439 2440/2440/2440
f 2440/2440/2440 2431/2431/2431 2429/2429/2429
f 2432/2432/2432 2441/2441/2441 2442/2442/2442
f 2442/2442/2442 2433/2433/2433 2432/2432/2432
f 2433/2433/2433 2442/2442/2442 2443/2443/2443
f 2443/2443/2443 2434/2434/2434 2433/2433/2433
f 2434/2434/2434 2443/2443/2443 2444/2444/2444
f 2444/2444/2444 2435/2435/2435 2434/2434/2434
f 2435/2435/2435 2444/2444/2444 2445/2445/2445
f 2445/2445/2445 2436/2436/2436 2435/2435/2435
f 2436/2436/2436 2445/2445/2445 2446/2446/2446
f 2446/2446/2446 2437/2437/2437 2436/2436/2436
f 2437/2437/2437 2446/2446/2446 2447/2447/2447
f 2447/2447/2447 2438/2438/2438 2437/2437/2437
f 2438/2438/2438 2447/2447/2447 2448/2448/2448
f 2448/2448/2448 2439/2439/2439 2438/2438/2438
f 2439/2439/2439 2448/2448/2448 2449/2449/2449
f 2449/2449/2449 2440/2440/2440 2439/2439/2439
f 2450/2450/2450 2442/2442/2442 2441/2441/2441
f 2451/2451/2451 2443/2443/2443 2442/2442/2442
f 2452/2452/2452 2444/2444/2444 2443/2443/2443
f 2453/2453/2453 2445/2445/2445 2444/2444/2444
f 2454/2454/2454 2446/2446/2446 2445/2445/2445
f 2455/2455/2455 2447/2447/2447 2446/2446/2446
f 2456/2456/2456 2448/2448/2448 2447/2447/2447
f 2457/2457/2457 2449/2449/2449 2448/2448/2448
f 2458/2458/2458 2459/2459/2459 2460/2460/2460
f 2460/2460/2460 2461/2461/2461 2458/2458/2458
f 2462/2462/2462 2458/2458/2458 2461/2461/2461
f 2461/2461/2461 2463/2463/2463 2462/2462/2462
f 2464/2464/2464 2462/2462/2462 2463/2463/2463
f 2463/2463/2463 2465/2465/2465 2464/2464/2464
f 2466/2466/2466 2464/2464/2464 2465/2465/2465
f 2465/2465/2465 2467/2467/2467 2466/2466/2466
f 2468/2468/2468 2466/2466/2466 2467/2467/2467
f 2467/2467/2467 2469/2469/2469 2468/2468/2468
f 2470/2470/2470 2468/2468/2468 2469/2469/2469
f 2469/2469/2469 2471/2471/2471 2470/2470/2470
f 2472/2472/2472 2470/2470/2470 2471/2471/2471
f 2471/2471/2471 2473/2473/2473 2472/2472/2472
f 2474/2474/2474 2475/2475/2475 2476/2476/2476
f 2476/2476/2476 2477/2477/2477 2474/2474/2474
f 2478/2478/2478 2474/2474/2474 2477/2477/2477
f 2477/2477/2477 2479/2479/2479 2478/2478/2478
f 2480/2480/2480 2478/2478/2478 2479/2479/2479
f 2479/2479/2479 2481/2481/2481 2480/2480/2480
f 2482/2482/2482 2480/2480/2480 2481/2481/2481
f 2481/2481/2481 2483/2483/2483 2482/2482/2482
f 2484/2484/2484 2482/2482/2482 2483/2483/2483
f 2483/2483/2483 2485/2485/2485 2484/2484/2484
f 2486/2486/2486 2484/2484/2484 2485/2485/2485
f 2485/2485/2485 2487/2487/2487 2486/2486/2486
f 2488/2488/2488 2486/2486/2486 2487/2487/2487
f 2487/2487/2487 2489/2489/2489 2488/2488/2488
f 2490/2490/2490 2488/2488/2488 2489/2489/2489
f 2489/2489/2489 2491/2491/2491 2490/2490/2490
f 2492/2492/2492 2490/2490/2490 2491/2491/2491
f 2491/2491/2491 2493/2493/2493 2492/2492/2492
f 2494/2494/2494 2492/2492/2492 2493/2493/2493
f 2493/2493/2493 2495/2495/2495 2494/2494/2494
f 2496/2496/2496 2494/2494/2494 2495/2495/2495
f 2495/2495/2495 2497/2497/2497 2496/2496/2496
f 2498/2498/2498 2496/2496/2496 2497/2497/2497
f 2497/2497/2497 2499/2499/2499 2498/2498/2498
f 2500/2500/2500 2498/2498/2498 2499/2499/2499
f 2499/2499/2499 2501/2501/2501 2500/2500/2500
f 2502/2502/2502 2500/2500/2500 2501/2501/2501
f 2501/2501/2501 2503/2503/2503 2502/2502/2502
f 2504/2504/2504 2502/2502/2502 2503/2503/2503
f 2503/2503/2503 2505/2505/2505 2504/2504/2504
f 2506/2506/2506 2504/2504/2504 2505/2505/2505
f 2505/2505/2505 2507/2507/2507 2506/2506/2506
f 2459/2459/2459 2506/2506/2506 2507/2507/2507
f 2507/2507/2507 2460/2460/2460 2459/2459/2459
f 2508/2508/2508 2509/2509/2509 2459/2459/2459
f 2459/2459/2459 2458/2458/2458 2508/2508/2508
f 2510/2510/2510 2508/2508/2508 2458/2458/2458
f 2458/2458/2458 2462/2462/2462 2510/2510/2510
f 2511/2511/2511 2510/2510/2510 2462/2462/2462
f 2462/2462/2462 2464/2464/2464 2511/2511/2511
f 2512/2512/2512 2511/2511/2511 2464/2464/2464
f 2464/2464/2464 2466/2466/2466 2512/2512/2512
f 2513/2513/2513 2512/2512/2512 2466/2466/2466
f 2466/2466/2466 2468/2468/2468 2513/2513/2513
f 2514/2514/2514 2513/2513/2513 2468/2468/2468
f 2468/2468/2468 2470/2470/2470 2514/2514/2514
f 2515/2515/2515 2514/2514/2514 2470/2470/2470
f 2470/2470/2470 2472/2472/2472 2515/2515/2515
f 2516/2516/2516 2517/2517/2517 2475/2475/2475
f 2475/2475/2475 2474/2474/2474 2516/2516/2516
f 2518/2518/2518 2516/2516/2516 2474/2474/2474
f 2474/2474/2474 2478/2478/2478 2518/2518/2518
f 2519/2519/2519 2518/2518/2518 2478/2478/2478
f 2478/2478/2478 2480/2480/2480 2519/2519/2519
f 2520/2520/2520 2519/2519/2519 2480/2480/2480
f 2480/2480/2480 2482/2482/2482 2520/2520/2520
f 2521/2521/2521 2520/2520/2520 2482/2482/2482
f 2482/2482/2482 2484/2484/2484 2521/2521/2521
f 2522/2522/2522 2521/2521/2521 2484/2484/2484
f 2484/2484/2484 2486/2486/2486 2522/2522/2522
f 2523/2523/2523 2522/2522/2522 2486/2486/2486
f 2486/2486/2486 2488/2488/2488 2523/2523/2523
f 2524/2524/2524 2523/2523/2523 2488/2488/2488
f 2488/2488/2488 2490/2490/2490 2524/2524/2524
f 2525/2525/2525 2524/2524/2524 2490/2490/2490
f 2490/2490/2490 2492/2492/2492 2525/2525/2525
f 2526/2526/2526 2525/2525/2525 2492/2492/2492
f 2492/2492/2492 2494/2494/2494 2526/2526/2526
f 2527/2527/2527 2526/2526/2526 2494/2494/2494
f 2494/2494/2494 2496/2496/2496 2527/2527/2527
f 2528/2528/2528 2527/2527/2527 2496/2496/2496
f 2496/2496/2496 2498/2498/2498 2528/2528/2528
f 2529/2529/2529 2528/2528/2528 2498/2498/2498
f 2498/2498/2498 2500/2500/2500 2529/2529/2529
f 2530/2530/2530 2529/2529/2529 2500/2500/2500
f 2500/2500/2500 2502/2502/2502 2530/2530/2530
f 2531/2531/2531 2530/2530/2530 2502/2502/2502
f 2502/2502/2502 2504/2504/2504 2531/2531/2531
f 2532/2532/2532 2531/2531/2531 2504/2504/2504
f 2504/2504/2504 2506/2506/2506 2532/2532/2532
f 2509/2509/2509 2532/2532/2532 2506/2506/2506
f 2506/2506/2506 2459/2459/2459 2509/2509/2509
f 2533/2533/2533 2534/2534/2534 2509/2509/2509
f 2509/2509/2509 2508/2508/2508 2533/2533/2533
f 2535/2535/2535 2533/2533/2533 2508/2508/2508
f 2508/2508/2508 2510/2510/2510 2535/2535/2535
f 2536/2536/2536 2535/2535/2535 2510/2510/2510
f 2510/2510/2510 2511/2511/2511 2536/2536/2536
f 2537/2537/2537 2536/2536/2536 2511/2511/2511
f 2511/2511/2511 2512/2512/2512 2537/2537/2537
f 2538/2538/2538 2537/2537/2537 2512/2512/2512
f 2512/2512/2512 2513/2513/2513 2538/2538/2538
f 2539/2539/2539 2538/2538/2538 2513/2513/2513
f 2513/2513/2513 2514/2514/2514 2539/2539/2539
f 2540/2540/2540 2539/2539/2539 2514/2514/2514
f 2514/2514/2514 2515/2515/2515 2540/2540/2540
f 2541/2541/2541 2542/2542/2542 2517/2517/2517
f 2517/2517/2517 2516/2516/2516 2541/2541/2541
f 2543/2543/2543 2541/2541/2541 2516/2516/2516
f 2516/2516/2516 2518/2518/2518 2543/2543/2543
f 2544/2544/2544 2543/2543/2543 2518/2518/2518
f 2518/2518/2518 2519/2519/2519 2544/2544/2544
f 2545/2545/2545 2544/2544/2544 2519/2519/2519
f 2519/2519/2519 2520/2520/2520 2545/2545/2545
f 2546/2546/2546 2545/2545/2545 2520/2520/2520
f 2520/2520/2520 2521/2521/2521 2546/2546/2546
f 2547/2547/2547 2546/2546/2546 2521/2521/2521
f 2521/2521/2521 2522/2522/2522 2547/2547/2547
f 2548/2548/2548 2547/2547/2547 2522/2522/2522
f 2522/2522/2522 2523/2523/2523 2548/2548/2548
f 2549/2549/2549 2548/2548/2548 2523/2523/2523
f 2523/2523/2523 2524/2524/2524 2549/2549/2549
f 2550/2550/2550 2549/2549/2549 2524/2524/2524
f 2524/2524/2524 2525/2525/2525 2550/2550/2550
f 2551/2551/2551 2550/2550/2550 2525/2525/2525
f 2525/2525/2525 2526/2526/2526 2551/2551/2551
f 2552/2552/2552 2551/2551/2551 2526/2526/2526
f 2526/2526/2526 2527/2527/2527 2552/2552/2552
f 2553/2553/2553 2552/2552/2552 2527/2527/2527
f 2527/2527/2527 2528/2528/2528 2553/2553/2553
f 2554/2554/2554 2553/2553/2553 2528/2528/2528
f 2528/2528/2528 2529/2529/2529 2554/2554/2554
f 2555/2555/2555 2554/2554/2554 2529/2529/2529
f 2529/2529/2529 2530/2530/2530 2555/2555/2555
f 2556/2556/2556 2555/2555/2555 2530/2530/2530
f 2530/2530/2530 2531/2531/2531 2556/2556/2556
f 2557/2557/2557 2556/2556/2556 2531/2531/2531
f 2531/2531/2531 2532/2532/2532 2557/2557/2557
f 2534/2534/2534 2557/2557/2557 2532/2532/2532
f 2532/2532/2532 2509/2509/2509 2534/2534/2534
f 2558/2558/2558 2559/2559/2559 2534/2534/2534
f 2534/2534/2534 2533/2533/2533 2558/2558/2558
f 2560/2560/2560 2558/2558/2558 2533/2533/2533
f 2533/2533/2533 2535/2535/2535 2560/2560/2560
f 2561/2561/2561 2560/2560/2560 2535/2535/2535
f 2535/2535/2535 2536/2536/2536 2561/2561/2561
f 2562/2562/2562 2561/2561/2561 2536/2536/2536
f 2536/2536/2536 2537/2537/2537 2562/2562/2562
f 2563/2563/2563 2562/2562/2562 2537/2537/2537
f 2537/2537/2537 2538/2538/2538 2563/2563/2563
f 2564/2564/2564 2563/2563/2563 2538/2538/2538
f 2538/2538/2538 2539/2539/2539 2564/2564/2564
f 2565/2565/2565 2564/2564/2564 2539/2539/2539
f 2539/2539/2539 2540/2540/2540 2565/2565/2565
f 2566/2566/2566 2567/2567/2567 2542/2542/2542
f 2542/2542/2542 2541/2541/2541 2566/2566/2566
f 2568/2568/2568 2566/2566/2566 2541/2541/2541
f 2541/2541/2541 2543/2543/2543 2568/2568/2568
f 2569/2569/2569 2568/2568/2568 2543/2543/2543
f 2543/2543/2543 2544/2544/2544 2569/2569/2569
f 2570/2570/2570 2569/2569/2569 2544/2544/2544
f 2544/2544/2544 2545/2545/2545 2570/2570/2570
f 2571/2571/2571 2570/2570/2570 2545/2545/2545
f 2545/2545/2545 2546/2546/2546 2571/2571/2571
f 2572/2572/2572 2571/2571/2571 2546/2546/2546
f 2546/2546/2546 2547/2547/2547 2572/2572/2572
f 2573/2573/2573 2572/2572/2572 2547/2547/2547
f 2547/2547/2547 2548/2548/2548 2573/2573/2573
f 2574/2574/2574 2573/2573/2573 2548/2548/2548
f 2548/2548/2548 2549/2549/2549 2574/2574/2574
f 2575/2575/2575 2574/2574/2574 2549/2549/2549
f 2549/2549/2549 2550/2550/2550 2575/2575/2575
f 2576/2576/2576 2575/2575/2575 2550/2550/2550
f 2550/2550/2550 2551/2551/2551 2576/2576/2576
f 2577/2577/2577 2576/2576/2576 2551/2551/2551
f 2551/2551/2551 2552/2552/2552 2577/2577/2577
f 2578/2578/2578 2577/2577/2577 2552/2552/2552
f 2552/2552/2552 2553/2553/2553 2578/2578/2578
f 2579/2579/2579 2578/2578/2578 2553/2553/2553
f 2553/2553/2553 2554/2554/2554 2579/2579/2579
f 2580/2580/2580 2579/2579/2579 2554/2554/2554
f 2554/2554/2554 2555/2555/2555 2580/2580/2580
f 2581/2581/2581 2580/2580/2580 2555/2555/2555
f 2555/2555/2555 2556/2556/2556 2581/2581/2581
f 2582/2582/2582 2581/2581/2581 2556/2556/2556
f 2556/2556/2556 2557/2557/2557 2582/2582/2582
f 2559/2559/2559 2582/2582/2582 2557/2557/2557
f 2557/2557/2557 2534/2534/2534 2559/2559/2559
f 2583/2583/2583 2584/2584/2584 2559/2559/2559
f 2559/2559/2559 2558/2558/2558 2583/2583/2583
f 2585/2585/2585 2583/2583/2583 2558/2558/2558
f 2558/2558/2558 2560/2560/2560 2585/2585/2585
f 2586/2586/2586 2585/2585/2585 2560/2560/2560
f 2560/2560/2560 2561/2561/2561 2586/2586/2586
f 2587/2587/2587 2586/2586/2586 2561/2561/2561
f 2561/2561/2561 2562/2562/2562 2587/2587/2587
f 2588/2588/2588 2587/2587/2587 2562/2562/2562
f 2562/2562/2562 2563/2563/2563 2588/2588/2588
f 2589/2589/2589 2588/2588/2588 2563/2563/2563
f 2563/2563/2563 2564/2564/2564 2589/2589/2589
f 2590/2590/2590 2591/2591/2591 2564/2564/2564
f 2564/2564/2564 2565/2565/2565 2590/2590/2590
f 2592/2592/2592 2593/2593/2593 2567/2567/2567
f 2567/2567/2567 2566/2566/2566 2592/2592/2592
f 2594/2594/2594 2592/2592/2592 2566/2566/2566
f 2566/2566/2566 2568/2568/2568 2594/2594/2594
f 2595/2595/2595 2594/2594/2594 2568/2568/2568
f 2568/2568/2568 2569/2569/2569 2595/2595/2595
f 2596/2596/2596 2595/2595/2595 2569/2569/2569
f 2569/2569/2569 2570/2570/2570 2596/2596/2596
f 2597/2597/2597 2596/2596/2596 2570/2570/2570
f 2570/2570/2570 2571/2571/2571 2597/2597/2597
f 2598/2598/2598 2597/2597/2597 2571/2571/2571
f 2571/2571/2571 2572/2572/2572 2598/2598/2598
f 2599/2599/2599 2598/2598/2598 2572/2572/2572
f 2572/2572/2572 2573/2573/2573 2599/2599/2599
f 2600/2600/2600 2599/2599/2599 2573/2573/2573
f 2573/2573/2573 2574/2574/2574 2600/2600/2600
f 2601/2601/2601 2600/2600/2600 2574/2574/2574
f 2574/2574/2574 2575/2575/2575 2601/2601/2601
f 2602/2602/2602 2601/2601/2601 2575/2575/2575
f 2575/2575/2575 2576/2576/2576 2602/2602/2602
f 2603/2603/2603 2602/2602/2602 2576/2576/2576
f 2576/2576/2576 2577/2577/2577 2603/2603/2603
f 2604/2604/2604 2603/2603/2603 2577/2577/2577
f 2577/2577/2577 2578/2578/2578 2604/2604/2604
f 2605/2605/2605 2604/2604/2604 2578/2578/2578
f 2578/2578/2578 2579/2579/2579 2605/2605/2605
f 2606/2606/2606 2605/2605/2605 2579/2579/2579
f 2579/2579/2579 2580/2580/2580 2606/2606/2606
f 2607/2607/2607 2606/2606/2606 2580/2580/2580
f 2580/2580/2580 2581/2581/2581 2607/2607/2607
f 2608/2608/2608 2607/2607/2607 2581/2581/2581
f 2581/2581/2581 2582/2582/2582 2608/2608/2608
f 2584/2584/2584 2608/2608/2608 2582/2582/2582
f 2582/2582/2582 2559/2559/2559 2584/2584/2584
f 2609/2609/2609 2610/2610/2610 2611/2611/2611
f 2611/2611/2611 2612/2612/2612 2613/2613/2613
f 2613/2613/2613 2614/2614/2614 2615/2615/2615
f 2611/2611/2611 2613/2613/2613 2615/2615/2615
f 2615/2615/2615 2616/2616/2616 2617/2617/2617
f 2617/2617/2617 2618/2618/2618 2619/2619/2619
f 2615/2615/2615 2617/2617/2617 2619/2619/2619
f 2611/2611/2611 2615/2615/2615 2619/2619/2619
f 2619/2619/2619 2620/2620/2620 2621/2621/2621
f 2621/2621/2621 2622/2622/2622 2623/2623/2623
f 2619/2619/2619 2621/2621/2621 2623/2623/2623
f 2623/2623/2623 2624/2624/2624 2625/2625/2625
f 2625/2625/2625 2626/2626/2626 2627/2627/2627
f 2623/2623/2623 2625/2625/2625 2627/2627/2627
f 2619/2619/2619 2623/2623/2623 2627/2627/2627
f 2611/2611/2611 2619/2619/2619 2627/2627/2627
f 2627/2627/2627 2628/2628/2628 2629/2629/2629
f 2629/2629/2629 2630/2630/2630 2631/2631/2631
f 2627/2627/2627 2629/2629/2629 2631/2631/2631
f 2611/2611/2611 2627/2627/2627 2631/2631/2631
f 2609/2609/2609 2611/2611/2611 2631/2631/2631
f 2609/2609/2609 2631/2631/2631 2632/2632/2632
f 2633/2633/2633 2633/2633/2633 2633/2633/2633
f 2633/2633/2633 2633/2633/2633 2633/2633/2633
f 2633/2633/2633 2633/2633/2633 2633/2633/2633
f 2633/2633/2633 2633/2633/2633 2633/2633/2633
f 2633/2633/2633 2633/2633/2633 2633/2633/2633
f 2633/2633/2633 2633/2633/2633 2633/2633/2633
f 2633/2633/2633 2633/2633/2633 2633/2633/2633
f 2633/2633/2633 2633/2633/2633 2633/2633/2633
f 2633/2633/2633 2633/2633/2633 2633/2633/2633
f 2633/2633/2633 2633/2633/2633 2633/2633/2633
f 2633/2633/2633 2633/2633/2633 2633/2633/2633
f 2633/2633/2633 2633/2633/2633 2633/2633/2633
f 2633/2633/2633 2633/2633/2633 2633/2633/2633
f 2633/2633/2633 2633/2633/2633 2633/2633/2633
f 2633/2633/2633 2633/2633/2633 2633/2633/2633
f 2633/2633/2633 2633/2633/2633 2633/2633/2633
f 2633/2633/2633 2633/2633/2633 2633/2633/2633
f 2633/2633/2633 2633/2633/2633 2633/2633/2633
f 2633/2633/2633 2633/2633/2633 2633/2633/2633
f 2633/2633/2633 2633/2633/2633 2633/2633/2633
f 2633/2633/2633 2633/2633/2633 2633/2633/2633
f 2633/2633/2633 2633/2633/2633 2633/2633/2633
f 2634/2634/2634 2635/2635/2635 2636/2636/2636
f 2636/2636/2636 2637/2637/2637 2634/2634/2634
f 2638/2638/2638 2634/2634/2634 2637/2637/2637
f 2637/2637/2637 2639/2639/2639 2638/2638/2638
f 2640/2640/2640 2638/2638/2638 2639/2639/2639
f 2639/2639/2639 2641/2641/2641 2640/2640/2640
f 2642/2642/2642 2640/2640/2640 2641/2641/2641
f 2641/2641/2641 2643/2643/2643 2642/2642/2642
f 2644/2644/2644 2642/2642/2642 2643/2643/2643
f 2643/2643/2643 2645/2645/2645 2644/2644/2644
f 2646/2646/2646 2644/2644/2644 2645/2645/2645
f 2645/2645/2645 2647/2647/2647 2646/2646/2646
f 2648/2648/2648 2646/2646/2646 2647/2647/2647
f 2647/2647/2647 2649/2649/2649 2648/2648/2648
f 2650/2650/2650 2651/2651/2651 2652/2652/2652
f 2652/2652/2652 2653/2653/2653 2650/2650/2650
f 2654/2654/2654 2650/2650/2650 2653/2653/2653
f 2653/2653/2653 2655/2655/2655 2654/2654/2654
f 2656/2656/2656 2654/2654/2654 2655/2655/2655
f 2655/2655/2655 2657/2657/2657 2656/2656/2656
f 2658/2658/2658 2656/2656/2656 2657/2657/2657
f 2657/2657/2657 2659/2659/2659 2658/2658/2658
f 2660/2660/2660 2658/2658/2658 2659/2659/2659
f 2659/2659/2659 2661/2661/2661 2660/2660/2660
f 2662/2662/2662 2660/2660/2660 2661/2661/2661
f 2661/2661/2661 2663/2663/2663 2662/2662/2662
f 2664/2664/2664 2662/2662/2662 2663/2663/2663
f 2663/2663/2663 2665/2665/2665 2664/2664/2664
f 2666/2666/2666 2664/2664/2664 2665/2665/2665
f 2665/2665/2665 2667/2667/2667 2666/2666/2666
f 2668/2668/2668 2666/2666/2666 2667/2667/2667
f 2667/2667/2667 2669/2669/2669 2668/2668/2668
f 2670/2670/2670 2668/2668/2668 2669/2669/2669
f 2669/2669/2669 2671/2671/2671 2670/2670/2670
f 2672/2672/2672 2670/2670/2670 2671/2671/2671
f 2671/2671/2671 2673/2673/2673 2672/2672/2672
f 2674/2674/2674 2672/2672/2672 2673/2673/2673
f 2673/2673/2673 2675/2675/2675 2674/2674/2674
f 2676/2676/2676 2674/2674/2674 2675/2675/2675
f 2675/2675/2675 2677/2677/2677 2676/2676/2676
f 2678/2678/2678 2676/2676/2676 2677/2677/2677
f 2677/2677/2677 2679/2679/2679 2678/2678/2678
f 2680/2680/2680 2678/2678/2678 2679/2679/2679
f 2679/2679/2679 2681/2681/2681 2680/2680/2680
f 2682/2682/2682 2680/2680/2680 2681/2681/2681
f 2681/2681/2681 2683/2683/2683 2682/2682/2682
f 2635/2635/2635 2682/2682/2682 2683/2683/2683
f 2683/2683/2683 2636/2636/2636 2635/2635/2635
f 2684/2684/2684 2685/2685/2685 2635/2635/2635
f 2635/2635/2635 2634/2634/2634 2684/2684/2684
f 2686/2686/2686 2684/2684/2684 2634/2634/2634
f 2634/2634/2634 2638/2638/2638 2686/2686/2686
f 2687/2687/2687 2686/2686/2686 2638/2638/2638
f 2638/2638/2638 2640/2640/2640 2687/2687/2687
f 2688/2688/2688 2687/2687/2687 2640/2640/2640
f 2640/2640/2640 2642/2642/2642 2688/2688/2688
f 2689/2689/2689 2688/2688/2688 2642/2642/2642
f 2642/2642/2642 2644/2644/2644 2689/2689/2689
f 2690/2690/2690 2689/2689/2689 2644/2644/2644
f 2644/2644/2644 2646/2646/2646 2690/2690/2690
f 2691/2691/2691 2690/2690/2690 2646/2646/2646
f 2646/2646/2646 2648/2648/2648 2691/2691/2691
f 2692/2692/2692 2693/2693/2693 2651/2651/2651
f 2651/2651/2651 2650/2650/2650 2692/2692/2692
f 2694/2694/2694 2692/2692/2692 2650/2650/2650
f 2650/2650/2650 2654/2654/2654 2694/2694/2694
f 2695/2695/2695 2694/2694/2694 2654/2654/2654
f 2654/2654/2654 2656/2656/2656 2695/2695/2695
f 2696/2696/2696 2695/2695/2695 2656/2656/2656
f 2656/2656/2656 2658/2658/2658 2696/2696/2696
f 2697/2697/2697 2696/2696/2696 2658/2658/2658
f 2658/2658/2658 2660/2660/2660 2697/2697/2697
f 2698/2698/2698 2697/2697/2697 2660/2660/2660
f 2660/2660/2660 2662/2662/2662 2698/2698/2698
f 2699/2699/2699 2698/2698/2698 2662/2662/2662
f 2662/2662/2662 2664/2664/2664 2699/2699/2699
f 2700/2700/2700 2699/2699/2699 2664/2664/2664
f 2664/2664/2664 2666/2666/2666 2700/2700/2700
f 2701/2701/2701 2700/2700/2700 2666/2666/2666
f 2666/2666/2666 2668/2668/2668 2701/2701/2701
f 2702/2702/2702 2701/2701/2701 2668/2668/2668
f 2668/2668/2668 2670/2670/2670 2702/2702/2702
f 2703/2703/2703 2702/2702/2702 2670/2670/2670
f 2670/2670/2670 2672/2672/2672 2703/2703/2703
f 2704/2704/2704 2703/2703/2703 2672/2672/2672
f 2672/2672/2672 2674/2674/2674 2704/2704/2704
f 2705/2705/2705 2704/2704/2704 2674/2674/2674
f 2674/2674/2674 2676/2676/2676 2705/2705/2705
f 2706/2706/2706 2705/2705/2705 2676/2676/2676
f 2676/2676/2676 2678/2678/2678 2706/2706/2706
f 2707/2707/2707 2706/2706/2706 2678/2678/2678
f 2678/2678/2678 2680/2680/2680 2707/2707/2707
f 2708/2708/2708 2707/2707/2707 2680/2680/2680
f 2680/2680/2680 2682/2682/2682 2708/2708/2708
f 2685/2685/2685 2708/2708/2708 2682/2682/2682
f 2682/2682/2682 2635/2635/2635 2685/2685/2685
f 2709/2709/2709 2710/2710/2710 2685/2685/2685
f 2685/2685/2685 2684/2684/2684 2709/2709/2709
f 2711/2711/2711 2709/2709/2709 2684/2684/2684
f 2684/2684/2684 2686/2686/2686 2711/2711/2711
f 2712/2712/2712 2711/2711/2711 2686/2686/2686
f 2686/2686/2686 2687/2687/2687 2712/2712/2712
f 2713/2713/2713 2712/2712/2712 2687/2687/2687
f 2687/2687/2687 2688/2688/2688 2713/2713/2713
f 2714/2714/2714 2713/2713/2713 2688/2688/2688
f 2688/2688/2688 2689/2689/2689 2714/2714/2714
f 2715/2715/2715 2714/2714/2714 2689/2689/2689
f 2689/2689/2689 2690/2690/2690 2715/2715/2715
f 2716/2716/2716 2715/2715/2715 2690/2690/2690
f 2690/2690/2690 2691/2691/2691 2716/2716/2716
f 2717/2717/2717 2718/2718/2718 2693/2693/2693
f 2693/2693/2693 2692/2692/2692 2717/2717/2717
f 2719/2719/2719 2717/2717/2717 2692/2692/2692
f 2692/2692/2692 2694/2694/2694 2719/2719/2719
f 2720/2720/2720 2719/2719/2719 2694/2694/2694
f 2694/2694/2694 2695/2695/2695 2720/2720/2720
f 2721/2721/2721 2720/2720/2720 2695/2695/2695
f 2695/2695/2695 2696/2696/2696 2721/2721/2721
f 2722/2722/2722 2721/2721/2721 2696/2696/2696
f 2696/2696/2696 2697/2697/2697 2722/2722/2722
f 2723/2723/2723 2722/2722/2722 2697/2697/2697
f 2697/2697/2697 2698/2698/2698 2723/2723/2723
f 2724/2724/2724 2723/2723/2723 2698/2698/2698
f 2698/2698/2698 2699/2699/2699 2724/2724/2724
f 2725/2725/2725 2724/2724/2724 2699/2699/2699
f 2699/2699/2699 2700/2700/2700 2725/2725/2725
f 2726/2726/2726 2725/2725/2725 2700/2700/2700
f 2700/2700/2700 2701/2701/2701 2726/2726/2726
f 2727/2727/2727 2726/2726/2726 2701/2701/2701
f 2701/2701/2701 2702/2702/2702 2727/2727/2727
f 2728/2728/2728 2727/2727/2727 2702/2702/2702
f 2702/2702/2702 2703/2703/2703 2728/2728/2728
f 2729/2729/2729 2728/2728/2728 2703/2703/2703
f 2703/2703/2703 2704/2704/2704 2729/2729/2729
f 2730/2730/2730 2729/2729/2729 2704/2704/2704
f 2704/2704/2704 2705/2705/2705 2730/2730/2730
f 2731/2731/2731 2730/2730/2730 2705/2705/2705
f 2705/2705/2705 2706/2706/2706 2731/2731/2731
f 2732/2732/2732 2731/2731/2731 2706/2706/2706
f 2706/2706/2706 2707/2707/2707 2732/2732/2732
f 2733/2733/2733 2732/2732/2732 2707/2707/2707
f 2707/2707/2707 2708/2708/2708 2733/2733/2733
f 2710/2710/2710 2733/2733/2733 2708/2708/2708
f 2708/2708/2708 2685/2685/2685 2710/2710/2710
f 2734/2734/2734 2735/2735/2735 2710/2710/2710
f 2710/2710/2710 2709/2709/2709 2734/2734/2734
f 2736/2736/2736 2734/2734/2734 2709/2709/2709
f 2709/2709/2709 2711/2711/2711 2736/2736/2736
f 2737/2737/2737 2736/2736/2736 2711/2711/2711
f 2711/2711/2711 2712/2712/2712 2737/2737/2737
f 2738/2738/2738 2737/2737/2737 2712/2712/2712
f 2712/2712/2712 2713/2713/2713 2738/2738/2738
f 2739/2739/2739 2738/2738/2738 2713/2713/2713
f 2713/2713/2713 2714/2714/2714 2739/2739/2739
f 2740/2740/2740 2739/2739/2739 2714/2714/2714
f 2714/2714/2714 2715/2715/2715 2740/2740/2740
f 2741/2741/2741 2740/2740/2740 2715/2715/2715
f 2715/2715/2715 2716/2716/2716 2741/2741/2741
f 2742/2742/2742 2743/2743/2743 2718/2718/2718
f 2718/2718/2718 2717/2717/2717 2742/2742/2742
f 2744/2744/2744 2742/2742/2742 2717/2717/2717
f 2717/2717/2717 2719/2719/2719 2744/2744/2744
f 2745/2745/2745 2744/2744/2744 2719/2719/2719
f 2719/2719/2719 2720/2720/2720 2745/2745/2745
f 2746/2746/2746 2745/2745/2745 2720/2720/2720
f 2720/2720/2720 2721/2721/2721 2746/2746/2746
f 2747/2747/2747 2746/2746/2746 2721/2721/2721
f 2721/2721/2721 2722/2722/2722 2747/2747/2747
f 2748/2748/2748 2747/2747/2747 2722/2722/2722
f 2722/2722/2722 2723/2723/2723 2748/2748/2748
f 2749/2749/2749 2748/2748/2748 2723/2723/2723
f 2723/2723/2723 2724/2724/2724 2749/2749/2749
f 2750/2750/2750 2749/2749/2749 2724/2724/2724
f 2724/2724/2724 2725/2725/2725 2750/2750/2750
f 2751/2751/2751 2750/2750/2750 2725/2725/2725
f 2725/2725/2725 2726/2726/2726 2751/2751/2751
f 2752/2752/2752 2751/2751/2751 2726/2726/2726
f 2726/2726/2726 2727/2727/2727 2752/2752/2752
f 2753/2753/2753 2752/2752/2752 2727/2727/2727
f 2727/2727/2727 2728/2728/2728 2753/2753/2753
f 2754/2754/2754 2753/2753/2753 2728/2728/2728
f 2728/2728/2728 2729/2729/2729 2754/2754/2754
f 2755/2755/2755 2754/2754/2754 2729/2729/2729
f 2729/2729/2729 2730/2730/2730 2755/2755/2755
f 2756/2756/2756 2755/2755/2755 2730/2730/2730
f 2730/2730/2730 2731/2731/2731 2756/2756/2756
f 2757/2757/2757 2756/2756/2756 2731/2731/2731
f 2731/2731/2731 2732/2732/2732 2757/2757/2757
f 2758/2758/2758 2757/2757/2757 2732/2732/2732
f 2732/2732/2732 2733/2733/2733 2758/2758/2758
f 2735/2735/2735 2758/2758/2758 2733/2733/2733
f 2733/2733/2733 2710/2710/2710 2735/2735/2735
f 2759/2759/2759 2760/2760/2760 2735/2735/2735
f 2735/2735/2735 2734/2734/2734 2759/2759/2759
f 2761/2761/2761 2759/2759/2759 2734/2734/2734
f 2734/2734/2734 2736/2736/2736 2761/2761/2761
f 2762/2762/2762 2761/2761/2761 2736/2736/2736
f 2736/2736/2736 2737/2737/2737 2762/2762/2762
f 2763/2763/2763 2762/2762/2762 2737/2737/2737
f 2737/2737/2737 2738/2738/2738 2763/2763/2763
f 2764/2764/2764 2763/2763/2763 2738/2738/2738
f 2738/2738/2738 2739/2739/2739 2764/2764/2764
f 2765/2765/2765 2764/2764/2764 2739/2739/2739
f 2739/2739/2739 2740/2740/2740 2765/2765/2765
f 2766/2766/2766 2767/2767/2767 2740/2740/2740
f 2740/2740/2740 2741/2741/2741 2766/2766/2766
f 2768/2768/2768 2769/2769/2769 2743/2743/2743
f 2743/2743/2743 2742/2742/2742 2768/2768/2768
f 2770/2770/2770 2768/2768/2768 2742/2742/2742
f 2742/2742/2742 2744/2744/2744 2770/2770/2770
f 2771/2771/2771 2770/2770/2770 2744/2744/2744
f 2744/2744/2744 2745/2745/2745 2771/2771/2771
f 2772/2772/2772 2771/2771/2771 2745/2745/2745
f 2745/2745/2745 2746/2746/2746 2772/2772/2772
f 2773/2773/2773 2772/2772/2772 2746/2746/2746
f 2746/2746/2746 2747/2747/2747 2773/2773/2773
f 2774/2774/2774 2773/2773/2773 2747/2747/2747
f 2747/2747/2747 2748/2748/2748 2774/2774/2774
f 2775/2775/2775 2774/2774/2774 2748/2748/2748
f 2748/2748/2748 2749/2749/2749 2775/2775/2775
f 2776/2776/2776 2775/2775/2775 2749/2749/2749
f 2749/2749/2749 2750/2750/2750 2776/2776/2776
f 2777/2777/2777 2776/2776/2776 2750/2750/2750
f 2750/2750/2750 2751/2751/2751 2777/2777/2777
f 2778/2778/2778 2777/2777/2777 2751/2751/2751
f 2751/2751/2751 2752/2752/2752 2778/2778/2778
f 2779/2779/2779 2778/2778/2778 2752/2752/2752
f 2752/2752/2752 2753/2753/2753 2779/2779/2779
f 2780/2780/2780 2779/2779/2779 2753/2753/2753
f 2753/2753/2753 2754/2754/2754 2780/2780/2780
f 2781/2781/2781 2780/2780/2780 2754/2754/2754
f 2754/2754/2754 2755/2755/2755 2781/2781/2781
f 2782/2782/2782 2781/2781/2781 2755/2755/2755
f 2755/2755/2755 2756/2756/2756 2782/2782/2782
f 2783/2783/2783 2782/2782/2782 2756/2756/2756
f 2756/2756/2756 2757/2757/2757 2783/2783/2783
f 2784/2784/2784 2783/2783/2783 2757/2757/2757
f 2757/2757/2757 2758/2758/2758 2784/2784/2784
f 2760/2760/2760 2784/2784/2784 2758/2758/2758
f 2758/2758/2758 2735/2735/2735 2760/2760/2760
f 2785/2785/2785 2786/2786/2786 2787/2787/2787
f 2787/2787/2787 2788/2788/2788 2789/2789/2789
f 2789/2789/2789 2790/2790/2790 2791/2791/2791
f 2787/2787/2787 2789/2789/2789 2791/2791/2791
f 2791/2791/2791 2792/2792/2792 2793/2793/2793
f 2793/2793/2793 2794/2794/2794 2795/2795/2795
f 2791/2791/2791 2793/2793/2793 2795/2795/2795
f 2787/2787/2787 2791/2791/2791 2795/2795/2795
f 2795/2795/2795 2796/2796/2796 2797/2797/2797
f 2797/2797/2797 2798/2798/2798 2799/2799/2799
f 2795/2795/2795 2797/2797/2797 2799/2799/2799
f 2799/2799/2799 2800/2800/2800 2801/2801/2801
f 2801/2801/2801 2802/2802/2802 2803/2803/2803
f 2799/2799/2799 2801/2801/2801 2803/2803/2803
f 2795/2795/2795 2799/2799/2799 2803/2803/2803
f 2787/2787/2787 2795/2795/2795 2803/2803/2803
f 2803/2803/2803 2804/2804/2804 2805/2805/2805
f 2805/2805/2805 2806/2806/2806 2807/2807/2807
f 2803/2803/2803 2805/2805/2805 2807/2807/2807
f 2787/2787/2787 2803/2803/2803 2807/2807/2807
f 2785/2785/2785 2787/2787/2787 2807/2807/2807
f 2785/2785/2785 2807/2807/2807 2808/2808/2808
f 2809/2809/2809 2809/2809/2809 2809/2809/2809
f 2809/2809/2809 2809/2809/2809 2809/2809/2809
f 2809/2809/2809 2809/2809/2809 2809/2809/2809
f 2809/2809/2809 2809/2809/2809 2809/2809/2809
f 2809/2809/2809 2809/2809/2809 2809/2809/2809
f 2809/2809/2809 2809/2809/2809 2809/2809/2809
f 2809/2809/2809 2809/2809/2809 2809/2809/2809
f 2809/2809/2809 2809/2809/2809 2809/2809/2809
f 2809/2809/2809 2809/2809/2809 2809/2809/2809
f 2809/2809/2809 2809/2809/2809 2809/2809/2809
f 2809/2809/2809 2809/2809/2809 2809/2809/2809
f 2809/2809/2809 2809/2809/2809 2809/2809/2809
f 2809/2809/2809 2809/2809/2809 2809/2809/2809
f 2809/2809/2809 2809/2809/2809 2809/2809/2809
f 2809/2809/2809 2809/2809/2809 2809/2809/2809
f 2809/2809/2809 2809/2809/2809 2809/2809/2809
f 2809/2809/2809 2809/2809/2809 2809/2809/2809
f 2809/2809/2809 2809/2809/2809 2809/2809/2809
f 2809/2809/2809 2809/2809/2809 2809/2809/2809
f 2809/2809/2809 2809/2809/2809 2809/2809/2809
f 2809/2809/2809 2809/2809/2809 2809/2809/2809
f 2809/2809/2809 2809/2809/2809 2809/2809/2809
f 2810/2810/2810 2811/2811/2811 2812/2812/2812
f 2812/2812/2812 2813/2813/2813 2810/2810/2810
f 2814/2814/2814 2810/2810/2810 2813/2813/2813
f 2813/2813/2813 2815/2815/2815 2814/2814/2814
f 2816/2816/2816 2814/2814/2814 2815/2815/2815
f 2815/2815/2815 2817/2817/2817 2816/2816/2816
f 2818/2818/2818 2816/2816/2816 2817/2817/2817
f 2817/2817/2817 2819/2819/2819 2818/2818/2818
f 2820/2820/2820 2818/2818/2818 2819/2819/2819
f 2819/2819/2819 2821/2821/2821 2820/2820/2820
f 2822/2822/2822 2820/2820/2820 2821/2821/2821
f 2821/2821/2821 2823/2823/2823 2822/2822/2822
f 2824/2824/2824 2822/2822/2822 2823/2823/2823
f 2823/2823/2823 2825/2825/2825 2824/2824/2824
f 2826/2826/2826 2827/2827/2827 2828/2828/2828
f 2828/2828/2828 2829/2829/2829 2826/2826/2826
f 2830/2830/2830 2826/2826/2826 2829/2829/2829
f 2829/2829/2829 2831/2831/2831 2830/2830/2830
f 2832/2832/2832 2830/2830/2830 2831/2831/2831
f 2831/2831/2831 2833/2833/2833 2832/2832/2832
f 2834/2834/2834 2832/2832/2832 2833/2833/2833
f 2833/2833/2833 2835/2835/2835 2834/2834/2834
f 2836/2836/2836 2834/2834/2834 2835/2835/2835
f 2835/2835/2835 2837/2837/2837 2836/2836/2836
f 2838/2838/2838 2836/2836/2836 2837/2837/2837
f 2837/2837/2837 2839/2839/2839 2838/2838/2838
f 2840/2840/2840 2838/2838/2838 2839/2839/2839
f 2839/2839/2839 2841/2841/2841 2840/2840/2840
f 2842/2842/2842 2840/2840/2840 2841/2841/2841
f 2841/2841/2841 2843/2843/2843 2842/2842/2842
f 2844/2844/2844 2842/2842/2842 2843/2843/2843
f 2843/2843/2843 2845/2845/2845 2844/2844/2844
f 2846/2846/2846 2844/2844/2844 2845/2845/2845
f 2845/2845/2845 2847/2847/2847 2846/2846/2846
f 2848/2848/2848 2846/2846/2846 2847/2847/2847
f 2847/2847/2847 2849/2849/2849 2848/2848/2848
f 2850/2850/2850 2848/2848/2848 2849/2849/2849
f 2849/2849/2849 2851/2851/2851 2850/2850/2850
f 2852/2852/2852 2850/2850/2850 2851/2851/2851
f 2851/2851/2851 2853/2853/2853 2852/2852/2852
f 2854/2854/2854 2852/2852/2852 2853/2853/2853
f 2853/2853/2853 2855/2855/2855 2854/2854/2854
f 2856/2856/2856 2854/2854/2854 2855/2855/2855
f 2855/2855/2855 2857/2857/2857 2856/2856/2856
f 2858/2858/2858 2856/2856/2856 2857/2857/2857
f 2857/2857/2857 2859/2859/2859 2858/2858/2858
f 2811/2811/2811 2858/2858/2858 2859/2859/2859
f 2859/2859/2859 2812/2812/2812 2811/2811/2811
f 2860/2860/2860 2861/2861/2861 2811/2811/2811
f 2811/2811/2811 2810/2810/2810 2860/2860/2860
f 2862/2862/2862 2860/2860/2860 2810/2810/2810
f 2810/2810/2810 2814/2814/2814 2862/2862/2862
f 2863/2863/2863 2862/2862/2862 2814/2814/2814
f 2814/2814/2814 2816/2816/2816 2863/2863/2863
f 2864/2864/2864 2863/2863/2863 2816/2816/2816
f 2816/2816/2816 2818/2818/2818 2864/2864/2864
f 2865/2865/2865 2864/2864/2864 2818/2818/2818
f 2818/2818/2818 2820/2820/2820 2865/2865/2865
f 2866/2866/2866 2865/2865/2865 2820/2820/2820
f 2820/2820/2820 2822/2822/2822 2866/2866/2866
f 2867/2867/2867 2866/2866/2866 2822/2822/2822
f 2822/2822/2822 2824/2824/2824 2867/2867/2867
f 2868/2868/2868 2869/2869/2869 2827/2827/2827
f 2827/2827/2827 2826/2826/2826 2868/2868/2868
f 2870/2870/2870 2868/2868/2868 2826/2826/2826
f 2826/2826/2826 2830/2830/2830 2870/2870/2870
f 2871/2871/2871 2870/2870/2870 2830/2830/2830
f 2830/2830/2830 2832/2832/2832 2871/2871/2871
f 2872/2872/2872 2871/2871/2871 2832/2832/2832
f 2832/2832/2832 2834/2834/2834 2872/2872/2872
f 2873/2873/2873 2872/2872/2872 2834/2834/2834
f 2834/2834/2834 2836/2836/2836 2873/2873/2873
f 2874/2874/2874 2873/2873/2873 2836/2836/2836
f 2836/2836/2836 2838/2838/2838 2874/2874/2874
f 2875/2875/2875 2874/2874/2874 2838/2838/2838
f 2838/2838/2838 2840/2840/2840 2875/2875/2875
f 2876/2876/2876 2875/2875/2875 2840/2840/2840
f 2840/2840/2840 2842/2842/2842 2876/2876/2876
f 2877/2877/2877 2876/2876/2876 2842/2842/2842
f 2842/2842/2842 2844/2844/2844 2877/2877/2877
f 2878/2878/2878 2877/2877/2877 2844/2844/2844
f 2844/2844/2844 2846/2846/2846 2878/2878/2878
f 2879/2879/2879 2878/2878/2878 2846/2846/2846
f 2846/2846/2846 2848/2848/2848 2879/2879/2879
f 2880/2880/2880 2879/2879/2879 2848/2848/2848
f 2848/2848/2848 2850/2850/2850 2880/2880/2880
f 2881/2881/2881 2880/2880/2880 2850/2850/2850
f 2850/2850/2850 2852/2852/2852 2881/2881/2881
f 2882/2882/2882 2881/2881/2881 2852/2852/2852
f 2852/2852/2852 2854/2854/2854 2882/2882/2882
f 2883/2883/2883 2882/2882/2882 2854/2854/2854
f 2854/2854/2854 2856/2856/2856 2883/2883/2883
f 2884/2884/2884 2883/2883/2883 2856/2856/2856
f 2856/2856/2856 2858/2858/2858 2884/2884/2884
f 2861/2861/2861 2884/2884/2884 2858/2858/2858
f 2858/2858/2858 2811/2811/2811 2861/2861/2861
f 2885/2885/2885 2886/2886/2886 2861/2861/2861
f 2861/2861/2861 2860/2860/2860 2885/2885/2885
f 2887/2887/2887 2885/2885/2885 2860/2860/2860
f 2860/2860/2860 2862/2862/2862 2887/2887/2887
f 2888/2888/2888 2887/2887/2887 2862/2862/2862
f 2862/2862/2862 2863/2863/2863 2888/2888/2888
f 2889/2889/2889 2888/2888/2888 2863/2863/2863
f 2863/2863/2863 2864/2864/2864 2889/2889/2889
f 2890/2890/2890 2889/2889/2889 2864/2864/2864
f 2864/2864/2864 2865/2865/2865 2890/2890/2890
f 2891/2891/2891 2890/2890/2890 2865/2865/2865
f 2865/2865/2865 2866/2866/2866 2891/2891/2891
f 2892/2892/2892 2891/2891/2891 2866/2866/2866
f 2866/2866/2866 2867/2867/2867 2892/2892/2892
f 2893/2893/2893 2894/2894/2894 2869/2869/2869
f 2869/2869/2869 2868/2868/2868 2893/2893/2893
f 2895/2895/2895 2893/2893/2893 2868/2868/2868
f 2868/2868/2868 2870/2870/2870 2895/2895/2895
f 2896/2896/2896 2895/2895/2895 2870/2870/2870
f 2870/2870/2870 2871/2871/2871 2896/2896/2896
f 2897/2897/2897 2896/2896/2896 2871/2871/2871
f 2871/2871/2871 2872/2872/2872 2897/2897/2897
f 2898/2898/2898 2897/2897/2897 2872/2872/2872
f 2872/2872/2872 2873/2873/2873 2898/2898/2898
f 2899/2899/2899 2898/2898/2898 2873/2873/2873
f 2873/2873/2873 2874/2874/2874 2899/2899/2899
f 2900/2900/2900 2899/2899/2899 2874/2874/2874
f 2874/2874/2874 2875/2875/2875 2900/2900/2900
f 2901/2901/2901 2900/2900/2900 2875/2875/2875
f 2875/2875/2875 2876/2876/2876 2901/2901/2901
f 2902/2902/2902 2901/2901/2901 2876/2876/2876
f 2876/2876/2876 2877/2877/2877 2902/2902/2902
f 2903/2903/2903 2902/2902/2902 2877/2877/2877
f 2877/2877/2877 2878/2878/2878 2903/2903/2903
f 2904/2904/2904 2903/2903/2903 2878/2878/2878
f 2878/2878/2878 2879/2879/2879 2904/2904/2904
f 2905/2905/2905 2904/2904/2904 2879/2879/2879
f 2879/2879/2879 2880/2880/2880 2905/2905/2905
f 2906/2906/2906 2905/2905/2905 2880/2880/2880
f 2880/2880/2880 2881/2881/2881 2906/2906/2906
f 2907/2907/2907 2906/2906/2906 2881/2881/2881
f 2881/2881/2881 2882/2882/2882 2907/2907/2907
f 2908/2908/2908 2907/2907/2907 2882/2882/2882
f 2882/2882/2882 2883/2883/2883 2908/2908/2908
f 2909/2909/2909 2908/2908/2908 2883/2883/2883
f 2883/2883/2883 2884/2884/2884 2909/2909/2909
f 2886/2886/2886 2909/2909/2909 2884/2884/2884
f 2884/2884/2884 2861/2861/2861 2886/2886/2886
f 2886/2886/2886 2885/2885/2885 2910/2910/2910
f 2885/2885/2885 2887/2887/2887 2910/2910/2910
f 2887/2887/2887 2888/2888/2888 2910/2910/2910
f 2888/2888/2888 2889/2889/2889 2910/2910/2910
f 2889/2889/2889 2890/2890/2890 2910/2910/2910
f 2890/2890/2890 2891/2891/2891 2910/2910/2910
f 2891/2891/2891 2892/2892/2892 2910/2910/2910
f 2894/2894/2894 2893/2893/2893 2911/2911/2911
f 2893/2893/2893 2895/2895/2895 2910/2910/2910
f 2895/2895/2895 2896/2896/2896 2910/2910/2910
f 2896/2896/2896 2897/2897/2897 2910/2910/2910
f 2897/2897/2897 2898/2898/2898 2910/2910/2910
f 2898/2898/2898 2899/2899/2899 2910/2910/2910
f 2899/2899/2899 2900/2900/2900 2910/2910/2910
f 2900/2900/2900 2901/2901/2901 2910/2910/2910
f 2901/2901/2901 2902/2902/2902 2910/2910/2910
f 2902/2902/2902 2903/2903/2903 2910/2910/2910
f 2903/2903/2903 2904/2904/2904 2910/2910/2910
f 2904/2904/2904 2905/2905/2905 2910/2910/2910
f 2905/2905/2905 2906/2906/2906 2910/2910/2910
f 2906/2906/2906 2907/2907/2907 2910/2910/2910
f 2907/2907/2907 2908/2908/2908 2910/2910/2910
f 2908/2908/2908 2909/2909/2909 2910/2910/2910
f 2909/2909/2909 2886/2886/2886 2910/2910/2910
f 2912/2912/2912 2913/2913/2913 2914/2914/2914
f 2914/2914/2914 2915/2915/2915 2916/2916/2916
f 2916/2916/2916 2917/2917/2917 2918/2918/2918
f 2914/2914/2914 2916/2916/2916 2918/2918/2918
f 2918/2918/2918 2919/2919/2919 2920/2920/2920
f 2920/2920/2920 2921/2921/2921 2922/2922/2922
f 2918/2918/2918 2920/2920/2920 2922/2922/2922
f 2914/2914/2914 2918/2918/2918 2922/2922/2922
f 2922/2922/2922 2923/2923/2923 2924/2924/2924
f 2924/2924/2924 2925/2925/2925 2926/2926/2926
f 2922/2922/2922 2924/2924/2924 2926/2926/2926
f 2926/2926/2926 2927/2927/2927 2928/2928/2928
f 2928/2928/2928 2929/2929/2929 2930/2930/2930
f 2926/2926/2926 2928/2928/2928 2930/2930/2930
f 2922/2922/2922 2926/2926/2926 2930/2930/2930
f 2914/2914/2914 2922/2922/2922 2930/2930/2930
f 2930/2930/2930 2931/2931/2931 2932/2932/2932
f 2932/2932/2932 2933/2933/2933 2934/2934/2934
f 2930/2930/2930 2932/2932/2932 2934/2934/2934
f 2914/2914/2914 2930/2930/2930 2934/2934/2934
f 2912/2912/2912 2914/2914/2914 2934/2934/2934
f 2912/2912/2912 2934/2934/2934 2935/2935/2935
usemtl 9014000802_part_0_material_2
f 2936/2936/2936 2937/2937/2937 2938/2938/2938
f 2938/2938/2938 2939/2939/2939 2936/2936/2936
f 2939/2939/2939 2938/2938/2938 2940/2940/2940
f 2940/2940/2940 2941/2941/2941 2939/2939/2939
f 2941/2941/2941 2940/2940/2940 2942/2942/2942
f 2942/2942/2942 2943/2943/2943 2941/2941/2941
f 2943/2943/2943 2942/2942/2942 2944/2944/2944
f 2944/2944/2944 2945/2945/2945 2943/2943/2943
f 2945/2945/2945 2944/2944/2944 2946/2946/2946
f 2946/2946/2946 2947/2947/2947 2945/2945/2945
f 2947/2947/2947 2946/2946/2946 2948/2948/2948
f 2948/2948/2948 2949/2949/2949 2947/2947/2947
f 2949/2949/2949 2948/2948/2948 2950/2950/2950
f 2950/2950/2950 2951/2951/2951 2949/2949/2949
f 2951/2951/2951 2950/2950/2950 2952/2952/2952
f 2952/2952/2952 2953/2953/2953 2951/2951/2951
f 2953/2953/2953 2952/2952/2952 2954/2954/2954
f 2954/2954/2954 2955/2955/2955 2953/2953/2953
f 2955/2955/2955 2954/2954/2954 2956/2956/2956
f 2956/2956/2956 2957/2957/2957 2955/2955/2955
f 2957/2957/2957 2956/2956/2956 2958/2958/2958
f 2958/2958/2958 2959/2959/2959 2957/2957/2957
f 2959/2959/2959 2958/2958/2958 2937/2937/2937
f 2937/2937/2937 2936/2936/2936 2959/2959/2959
f 2937/2937/2937 2960/2960/2960 2961/2961/2961
f 2961/2961/2961 2938/2938/2938 2937/2937/2937
f 2938/2938/2938 2961/2961/2961 2962/2962/2962
f 2962/2962/2962 2940/2940/2940 2938/2938/2938
f 2940/2940/2940 2962/2962/2962 2963/2963/2963
f 2963/2963/2963 2942/2942/2942 2940/2940/2940
f 2942/2942/2942 2963/2963/2963 2964/2964/2964
f 2964/2964/2964 2944/2944/2944 2942/2942/2942
f 2944/2944/2944 2964/2964/2964 2965/2965/2965
f 2965/2965/2965 2946/2946/2946 2944/2944/2944
f 2946/2946/2946 2965/2965/2965 2966/2966/2966
f 2966/2966/2966 2948/2948/2948 2946/2946/2946
f 2948/2948/2948 2966/2966/2966 2967/2967/2967
f 2967/2967/2967 2950/2950/2950 2948/2948/2948
f 2950/2950/2950 2967/2967/2967 2968/2968/2968
f 2968/2968/2968 2952/2952/2952 2950/2950/2950
f 2952/2952/2952 2968/2968/2968 2969/2969/2969
f 2969/2969/2969 2954/2954/2954 2952/2952/2952
f 2954/2954/2954 2969/2969/2969 2970/2970/2970
f 2970/2970/2970 2956/2956/2956 2954/2954/2954
f 2956/2956/2956 2970/2970/2970 2971/2971/2971
f 2971/2971/2971 2958/2958/2958 2956/2956/2956
f 2958/2958/2958 2971/2971/2971 2960/2960/2960
f 2960/2960/2960 2937/2937/2937 2958/2958/2958
f 2972/2972/2972 2973/2973/2973 2974/2974/2974
f 2974/2974/2974 2975/2975/2975 2972/2972/2972
f 2973/2973/2973 2976/2976/2976 2977/2977/2977
f 2977/2977/2977 2974/2974/2974 2973/2973/2973
f 2976/2976/2976 2978/2978/2978 2979/2979/2979
f 2979/2979/2979 2977/2977/2977 2976/2976/2976
f 2978/2978/2978 2980/2980/2980 2981/2981/2981
f 2981/2981/2981 2979/2979/2979 2978/2978/2978
f 2980/2980/2980 2982/2982/2982 2983/2983/2983
f 2983/2983/2983 2981/2981/2981 2980/2980/2980
f 2982/2982/2982 2984/2984/2984 2985/2985/2985
f 2985/2985/2985 2983/2983/2983 2982/2982/2982
f 2984/2984/2984 2986/2986/2986 2987/2987/2987
f 2987/2987/2987 2985/2985/2985 2984/2984/2984
f 2986/2986/2986 2988/2988/2988 2989/2989/2989
f 2989/2989/2989 2987/2987/2987 2986/2986/2986
f 2988/2988/2988 2990/2990/2990 2991/2991/2991
f 2991/2991/2991 2989/2989/2989 2988/2988/2988
f 2990/2990/2990 2992/2992/2992 2993/2993/2993
f 2993/2993/2993 2991/2991/2991 2990/2990/2990
f 2992/2992/2992 2994/2994/2994 2995/2995/2995
f 2995/2995/2995 2993/2993/2993 2992/2992/2992
f 2994/2994/2994 2972/2972/2972 2975/2975/2975
f 2975/2975/2975 2995/2995/2995 2994/2994/2994
f 2975/2975/2975 2974/2974/2974 2996/2996/2996
f 2996/2996/2996 2997/2997/2997 2975/2975/2975
f 2974/2974/2974 2977/2977/2977 2998/2998/2998
f 2998/2998/2998 2996/2996/2996 2974/2974/2974
f 2977/2977/2977 2979/2979/2979 2999/2999/2999
f 2999/2999/2999 2998/2998/2998 2977/2977/2977
f 2979/2979/2979 2981/2981/2981 3000/3000/3000
f 3000/3000/3000 2999/2999/2999 2979/2979/2979
f 2981/2981/2981 2983/2983/2983 3001/3001/3001
f 3001/3001/3001 3000/3000/3000 2981/2981/2981
f 2983/2983/2983 2985/2985/2985 3002/3002/3002
f 3002/3002/3002 3001/3001/3001 2983/2983/2983
f 2985/2985/2985 2987/2987/2987 3003/3003/3003
f 3003/3003/3003 3002/3002/3002 2985/2985/2985
f 2987/2987/2987 2989/2989/2989 3004/3004/3004
f 3004/3004/3004 3003/3003/3003 2987/2987/2987
f 2989/2989/2989 2991/2991/2991 3005/3005/3005
f 3005/3005/3005 3004/3004/3004 2989/2989/2989
f 2991/2991/2991 2993/2993/2993 3006/3006/3006
f 3006/3006/3006 3005/3005/3005 2991/2991/2991
f 2993/2993/2993 2995/2995/2995 3007/3007/3007
f 3007/3007/3007 3006/3006/3006 2993/2993/2993
f 2995/2995/2995 2975/2975/2975 2997/2997/2997
f 2997/2997/2997 3007/3007/3007 2995/2995/2995
f 2997/2997/2997 2996/2996/2996 3008/3008/3008
f 2996/2996/2996 2998/2998/2998 3008/3008/3008
f 2998/2998/2998 2999/2999/2999 3008/3008/3008
f 2999/2999/2999 3000/3000/3000 3008/3008/3008
f 3000/3000/3000 3001/3001/3001 3008/3008/3008
f 3001/3001/3001 3002/3002/3002 3008/3008/3008
f 3002/3002/3002 3003/3003/3003 3008/3008/3008
f 3003/3003/3003 3004/3004/3004 3008/3008/3008
f 3004/3004/3004 3005/3005/3005 3008/3008/3008
f 3005/3005/3005 3006/3006/3006 3008/3008/3008
f 3006/3006/3006 3007/3007/3007 3008/3008/3008
f 3007/3007/3007 2997/2997/2997 3008/3008/3008
f 3009/3009/3009 3010/3010/3010 3011/3011/3011
f 3012/3012/3012 3013/3013/3013 3014/3014/3014
f 3015/3015/3015 3016/3016/3016 3017/3017/3017
f 3018/3018/3018 3019/3019/3019 3020/3020/3020
f 3021/3021/3021 3022/3022/3022 3023/3023/3023
f 3024/3024/3024 3025/3025/3025 3026/3026/3026
f 3027/3027/3027 3028/3028/3028 3029/3029/3029
f 3030/3030/3030 3031/3031/3031 3032/3032/3032
f 3033/3033/3033 3034/3034/3034 3035/3035/3035
f 3036/3036/3036 3037/3037/3037 3038/3038/3038
f 3039/3039/3039 3040/3040/3040 3041/3041/3041
f 3041/3041/3041 3042/3042/3042 3039/3039/3039
f 3043/3043/3043 3039/3039/3039 3042/3042/3042
f 3042/3042/3042 3044/3044/3044 3043/3043/3043
f 3045/3045/3045 3043/3043/3043 3046/3046/3046
f 3046/3046/3046 3047/3047/3047 3045/3045/3045
f 3048/3048/3048 3045/3045/3045 3047/3047/3047
f 3047/3047/3047 3049/3049/3049 3048/3048/3048
f 3050/3050/3050 3048/3048/3048 3049/3049/3049
f 3049/3049/3049 3051/3051/3051 3050/3050/3050
f 3052/3052/3052 3050/3050/3050 3051/3051/3051
f 3051/3051/3051 3053/3053/3053 3052/3052/3052
f 3054/3054/3054 3052/3052/3052 3053/3053/3053
f 3053/3053/3053 3055/3055/3055 3054/3054/3054
f 3040/3040/3040 3054/3054/3054 3055/3055/3055
f 3055/3055/3055 3041/3041/3041 3040/3040/3040
f 3056/3056/3056 3057/3057/3057 3058/3058/3058
f 3058/3058/3058 3059/3059/3059 3060/3060/3060
f 3060/3060/3060 3061/3061/3061 3062/3062/3062
f 3058/3058/3058 3060/3060/3060 3062/3062/3062
f 3056/3056/3056 3058/3058/3058 3062/3062/3062
f 3056/3056/3056 3062/3062/3062 3063/3063/3063
f 3064/3064/3064 3064/3064/3064 3064/3064/3064
f 3064/3064/3064 3064/3064/3064 3064/3064/3064
f 3064/3064/3064 3064/3064/3064 3064/3064/3064
f 3064/3064/3064 3064/3064/3064 3064/3064/3064
f 3064/3064/3064 3064/3064/3064 3064/3064/3064
f 3064/3064/3064 3064/3064/3064 3064/3064/3064
f 3065/3065/3065 3066/3066/3066 3067/3067/3067
f 3067/3067/3067 3068/3068/3068 3069/3069/3069
f 3069/3069/3069 3070/3070/3070 3071/3071/3071
f 3067/3067/3067 3069/3069/3069 3071/3071/3071
f 3065/3065/3065 3067/3067/3067 3071/3071/3071
f 3065/3065/3065 3071/3071/3071 3072/3072/3072
f 3073/3073/3073 3074/3074/3074 3075/3075/3075
f 3075/3075/3075 3076/3076/3076 3073/3073/3073
f 3077/3077/3077 3073/3073/3073 3078/3078/3078
f 3078/3078/3078 3079/3079/3079 3077/3077/3077
f 3080/3080/3080 3077/3077/3077 3079/3079/3079
f 3079/3079/3079 3081/3081/3081 3080/3080/3080
f 3082/3082/3082 3080/3080/3080 3081/3081/3081
f 3081/3081/3081 3083/3083/3083 3082/3082/3082
f 3084/3084/3084 3082/3082/3082 3083/3083/3083
f 3083/3083/3083 3085/3085/3085 3084/3084/3084
f 3086/3086/3086 3084/3084/3084 3085/3085/3085
f 3085/3085/3085 3087/3087/3087 3086/3086/3086
f 3088/3088/3088 3086/3086/3086 3087/3087/3087
f 3087/3087/3087 3089/3089/3089 3088/3088/3088
f 3074/3074/3074 3088/3088/3088 3089/3089/3089
f 3089/3089/3089 3075/3075/3075 3074/3074/3074
f 3090/3090/3090 3090/3090/3090 3090/3090/3090
f 3090/3090/3090 3090/3090/3090 3090/3090/3090
f 3090/3090/3090 3090/3090/3090 3090/3090/3090
f 3090/3090/3090 3090/3090/3090 3090/3090/3090
f 3090/3090/3090 3090/3090/3090 3090/3090/3090
f 3090/3090/3090 3090/3090/3090 3090/3090/3090
f 3091/3091/3091 3092/3092/3092 3093/3093/3093
f 3093/3093/3093 3094/3094/3094 3091/3091/3091
f 3095/3095/3095 3091/3091/3091 3094/3094/3094
f 3094/3094/3094 3096/3096/3096 3095/3095/3095
f 3097/3097/3097 3095/3095/3095 3098/3098/3098
f 3098/3098/3098 3099/3099/3099 3097/3097/3097
f 3100/3100/3100 3097/3097/3097 3099/3099/3099
f 3099/3099/3099 3101/3101/3101 3100/3100/3100
f 3102/3102/3102 3100/3100/3100 3101/3101/3101
f 3101/3101/3101 3103/3103/3103 3102/3102/3102
f 3104/3104/3104 3102/3102/3102 3103/3103/3103
f 3103/3103/3103 3105/3105/3105 3104/3104/3104
f 3106/3106/3106 3104/3104/3104 3105/3105/3105
f 3105/3105/3105 3107/3107/3107 3106/3106/3106
f 3092/3092/3092 3106/3106/3106 3107/3107/3107
f 3107/3107/3107 3093/3093/3093 3092/3092/3092
f 3108/3108/3108 3109/3109/3109 3110/3110/3110
f 3110/3110/3110 3111/3111/3111 3112/3112/3112
f 3112/3112/3112 3113/3113/3113 3114/3114/3114
f 3110/3110/3110 3112/3112/3112 3114/3114/3114
f 3108/3108/3108 3110/3110/3110 3114/3114/3114
f 3108/3108/3108 3114/3114/3114 3115/3115/3115
f 3116/3116/3116 3116/3116/3116 3116/3116/3116
f 3116/3116/3116 3116/3116/3116 3116/3116/3116
f 3116/3116/3116 3116/3116/3116 3116/3116/3116
f 3116/3116/3116 3116/3116/3116 3116/3116/3116
f 3116/3116/3116 3116/3116/3116 3116/3116/3116
f 3116/3116/3116 3116/3116/3116 3116/3116/3116
f 3117/3117/3117 3118/3118/3118 3119/3119/3119
f 3119/3119/3119 3120/3120/3120 3117/3117/3117
f 3121/3121/3121 3122/3122/3122 3118/3118/3118
f 3118/3118/3118 3117/3117/3117 3121/3121/3121
f 3123/3123/3123 3124/3124/3124 3125/3125/3125
f 3125/3125/3125 3121/3121/3121 3123/3123/3123
f 3126/3126/3126 3127/3127/3127 3124/3124/3124
f 3124/3124/3124 3123/3123/3123 3126/3126/3126
f 3128/3128/3128 3129/3129/3129 3127/3127/3127
f 3127/3127/3127 3126/3126/3126 3128/3128/3128
f 3130/3130/3130 3131/3131/3131 3129/3129/3129
f 3129/3129/3129 3128/3128/3128 3130/3130/3130
f 3132/3132/3132 3133/3133/3133 3131/3131/3131
f 3131/3131/3131 3130/3130/3130 3132/3132/3132
f 3120/3120/3120 3119/3119/3119 3133/3133/3133
f 3133/3133/3133 3132/3132/3132 3120/3120/3120
f 3134/3134/3134 3135/3135/3135 3136/3136/3136
f 3136/3136/3136 3137/3137/3137 3138/3138/3138
f 3134/3134/3134 3136/3136/3136 3138/3138/3138
f 3138/3138/3138 3139/3139/3139 3140/3140/3140
f 3134/3134/3134 3138/3138/3138 3140/3140/3140
f 3134/3134/3134 3140/3140/3140 3141/3141/3141
f 3142/3142/3142 3142/3142/3142 3142/3142/3142
f 3142/3142/3142 3142/3142/3142 3142/3142/3142
f 3142/3142/3142 3142/3142/3142 3142/3142/3142
f 3142/3142/3142 3142/3142/3142 3142/3142/3142
f 3142/3142/3142 3142/3142/3142 3142/3142/3142
f 3142/3142/3142 3142/3142/3142 3142/3142/3142
f 3143/3143/3143 3144/3144/3144 3145/3145/3145
f 3145/3145/3145 3146/3146/3146 3143/3143/3143
f 3147/3147/3147 3143/3143/3143 3146/3146/3146
f 3146/3146/3146 3148/3148/3148 3147/3147/3147
f 3149/3149/3149 3147/3147/3147 3150/3150/3150
f 3150/3150/3150 3151/3151/3151 3149/3149/3149
f 3152/3152/3152 3149/3149/3149 3151/3151/3151
f 3151/3151/3151 3153/3153/3153 3152/3152/3152
f 3154/3154/3154 3152/3152/3152 3153/3153/3153
f 3153/3153/3153 3155/3155/3155 3154/3154/3154
f 3156/3156/3156 3154/3154/3154 3155/3155/3155
f 3155/3155/3155 3157/3157/3157 3156/3156/3156
f 3158/3158/3158 3156/3156/3156 3157/3157/3157
f 3157/3157/3157 3159/3159/3159 3158/3158/3158
f 3144/3144/3144 3158/3158/3158 3159/3159/3159
f 3159/3159/3159 3145/3145/3145 3144/3144/3144
f 3160/3160/3160 3161/3161/3161 3162/3162/3162
f 3162/3162/3162 3163/3163/3163 3164/3164/3164
f 3164/3164/3164 3165/3165/3165 3166/3166/3166
f 3162/3162/3162 3164/3164/3164 3166/3166/3166
f 3160/3160/3160 3162/3162/3162 3166/3166/3166
f 3160/3160/3160 3166/3166/3166 3167/3167/3167
f 3168/3168/3168 3168/3168/3168 3168/3168/3168
f 3168/3168/3168 3168/3168/3168 3168/3168/3168
f 3168/3168/3168 3168/3168/3168 3168/3168/3168
f 3168/3168/3168 3168/3168/3168 3168/3168/3168
f 3168/3168/3168 3168/3168/3168 3168/3168/3168
f 3168/3168/3168 3168/3168/3168 3168/3168/3168
f 3169/3169/3169 3170/3170/3170 3171/3171/3171
f 3171/3171/3171 3172/3172/3172 3169/3169/3169
f 3173/3173/3173 3169/3169/3169 3172/3172/3172
f 3172/3172/3172 3174/3174/3174 3173/3173/3173
f 3175/3175/3175 3173/3173/3173 3176/3176/3176
f 3176/3176/3176 3177/3177/3177 3175/3175/3175
f 3178/3178/3178 3175/3175/3175 3177/3177/3177
f 3177/3177/3177 3179/3179/3179 3178/3178/3178
f 3180/3180/3180 3178/3178/3178 3179/3179/3179
f 3179/3179/3179 3181/3181/3181 3180/3180/3180
f 3182/3182/3182 3180/3180/3180 3181/3181/3181
f 3181/3181/3181 3183/3183/3183 3182/3182/3182
f 3184/3184/3184 3182/3182/3182 3183/3183/3183
f 3183/3183/3183 3185/3185/3185 3184/3184/3184
f 3170/3170/3170 3184/3184/3184 3185/3185/3185
f 3185/3185/3185 3171/3171/3171 3170/3170/3170
f 3186/3186/3186 3187/3187/3187 3188/3188/3188
f 3188/3188/3188 3189/3189/3189 3190/3190/3190
f 3190/3190/3190 3191/3191/3191 3192/3192/3192
f 3188/3188/3188 3190/3190/3190 3192/3192/3192
f 3186/3186/3186 3188/3188/3188 3192/3192/3192
f 3186/3186/3186 3192/3192/3192 3193/3193/3193
f 3194/3194/3194 3194/3194/3194 3194/3194/3194
f 3194/3194/3194 3194/3194/3194 3194/3194/3194
f 3194/3194/3194 3194/3194/3194 3194/3194/3194
f 3194/3194/3194 3194/3194/3194 3194/3194/3194
f 3194/3194/3194 3194/3194/3194 3194/3194/3194
f 3194/3194/3194 3194/3194/3194 3194/3194/3194
f 3195/3195/3195 3196/3196/3196 3197/3197/3197
f 3197/3197/3197 3198/3198/3198 3195/3195/3195
f 3199/3199/3199 3195/3195/3195 3198/3198/3198
f 3198/3198/3198 3200/3200/3200 3199/3199/3199
f 3201/3201/3201 3199/3199/3199 3202/3202/3202
f 3202/3202/3202 3203/3203/3203 3201/3201/3201
f 3204/3204/3204 3201/3201/3201 3203/3203/3203
f 3203/3203/3203 3205/3205/3205 3204/3204/3204
f 3206/3206/3206 3204/3204/3204 3205/3205/3205
f 3205/3205/3205 3207/3207/3207 3206/3206/3206
f 3208/3208/3208 3206/3206/3206 3207/3207/3207
f 3207/3207/3207 3209/3209/3209 3208/3208/3208
f 3210/3210/3210 3208/3208/3208 3209/3209/3209
f 3209/3209/3209 3211/3211/3211 3210/3210/3210
f 3196/3196/3196 3210/3210/3210 3211/3211/3211
f 3211/3211/3211 3197/3197/3197 3196/3196/3196
f 3212/3212/3212 3213/3213/3213 3214/3214/3214
f 3214/3214/3214 3215/3215/3215 3216/3216/3216
f 3216/3216/3216 3217/3217/3217 3218/3218/3218
f 3214/3214/3214 3216/3216/3216 3218/3218/3218
f 3212/3212/3212 3214/3214/3214 3218/3218/3218
f 3212/3212/3212 3218/3218/3218 3219/3219/3219
f 3220/3220/3220 3220/3220/3220 3220/3220/3220
f 3220/3220/3220 3220/3220/3220 3220/3220/3220
f 3220/3220/3220 3220/3220/3220 3220/3220/3220
f 3220/3220/3220 3220/3220/3220 3220/3220/3220
f 3220/3220/3220 3220/3220/3220 3220/3220/3220
f 3220/3220/3220 3220/3220/3220 3220/3220/3220
f 3221/3221/3221 3222/3222/3222 3223/3223/3223
f 3223/3223/3223 3224/3224/3224 3221/3221/3221
f 3225/3225/3225 3221/3221/3221 3224/3224/3224
f 3224/3224/3224 3226/3226/3226 3225/3225/3225
f 3227/3227/3227 3225/3225/3225 3228/3228/3228
f 3228/3228/3228 3229/3229/3229 3227/3227/3227
f 3230/3230/3230 3227/3227/3227 3229/3229/3229
f 3229/3229/3229 3231/3231/3231 3230/3230/3230
f 3232/3232/3232 3230/3230/3230 3231/3231/3231
f 3231/3231/3231 3233/3233/3233 3232/3232/3232
f 3234/3234/3234 3232/3232/3232 3233/3233/3233
f 3233/3233/3233 3235/3235/3235 3234/3234/3234
f 3236/3236/3236 3234/3234/3234 3235/3235/3235
f 3235/3235/3235 3237/3237/3237 3236/3236/3236
f 3222/3222/3222 3236/3236/3236 3237/3237/3237
f 3237/3237/3237 3223/3223/3223 3222/3222/3222
f 3238/3238/3238 3239/3239/3239 3240/3240/3240
f 3240/3240/3240 3241/3241/3241 3242/3242/3242
f 3242/3242/3242 3243/3243/3243 3244/3244/3244
f 3240/3240/3240 3242/3242/3242 3244/3244/3244
f 3238/3238/3238 3240/3240/3240 3244/3244/3244
f 3238/3238/3238 3244/3244/3244 3245/3245/3245
f 3246/3246/3246 3246/3246/3246 3246/3246/3246
f 3246/3246/3246 3246/3246/3246 3246/3246/3246
f 3246/3246/3246 3246/3246/3246 3246/3246/3246
f 3246/3246/3246 3246/3246/3246 3246/3246/3246
f 3246/3246/3246 3246/3246/3246 3246/3246/3246
f 3246/3246/3246 3246/3246/3246 3246/3246/3246
f 3247/3247/3247 3248/3248/3248 3249/3249/3249
f 3249/3249/3249 3250/3250/3250 3247/3247/3247
f 3251/3251/3251 3247/3247/3247 3250/3250/3250
f 3250/3250/3250 3252/3252/3252 3251/3251/3251
f 3253/3253/3253 3251/3251/3251 3254/3254/3254
f 3254/3254/3254 3255/3255/3255 3253/3253/3253
f 3256/3256/3256 3253/3253/3253 3255/3255/3255
f 3255/3255/3255 3257/3257/3257 3256/3256/3256
f 3258/3258/3258 3256/3256/3256 3257/3257/3257
f 3257/3257/3257 3259/3259/3259 3258/3258/3258
f 3260/3260/3260 3258/3258/3258 3259/3259/3259
f 3259/3259/3259 3261/3261/3261 3260/3260/3260
f 3262/3262/3262 3260/3260/3260 3261/3261/3261
f 3261/3261/3261 3263/3263/3263 3262/3262/3262
f 3248/3248/3248 3262/3262/3262 3263/3263/3263
f 3263/3263/3263 3249/3249/3249 3248/3248/3248
f 3264/3264/3264 3265/3265/3265 3266/3266/3266
f 3266/3266/3266 3267/3267/3267 3268/3268/3268
f 3268/3268/3268 3269/3269/3269 3270/3270/3270
f 3266/3266/3266 3268/3268/3268 3270/3270/3270
f 3264/3264/3264 3266/3266/3266 3270/3270/3270
f 3264/3264/3264 3270/3270/3270 3271/3271/3271
f 3272/3272/3272 3272/3272/3272 3272/3272/3272
f 3272/3272/3272 3272/3272/3272 3272/3272/3272
f 3272/3272/3272 3272/3272/3272 3272/3272/3272
f 3272/3272/3272 3272/3272/3272 3272/3272/3272
f 3272/3272/3272 3272/3272/3272 3272/3272/3272
f 3272/3272/3272 3272/3272/3272 3272/3272/3272
f 3273/3273/3273 3274/3274/3274 3275/3275/3275
f 3275/3275/3275 3276/3276/3276 3273/3273/3273
f 3277/3277/3277 3278/3278/3278 3274/3274/3274
f 3274/3274/3274 3273/3273/3273 3277/3277/3277
f 3279/3279/3279 3280/3280/3280 3281/3281/3281
f 3281/3281/3281 3277/3277/3277 3279/3279/3279
f 3282/3282/3282 3283/3283/3283 3280/3280/3280
f 3280/3280/3280 3279/3279/3279 3282/3282/3282
f 3284/3284/3284 3285/3285/3285 3283/3283/3283
f 3283/3283/3283 3282/3282/3282 3284/3284/3284
f 3286/3286/3286 3287/3287/3287 3285/3285/3285
f 3285/3285/3285 3284/3284/3284 3286/3286/3286
f 3288/3288/3288 3289/3289/3289 3287/3287/3287
f 3287/3287/3287 3286/3286/3286 3288/3288/3288
f 3276/3276/3276 3275/3275/3275 3289/3289/3289
f 3289/3289/3289 3288/3288/3288 3276/3276/3276
f 3290/3290/3290 3291/3291/3291 3292/3292/3292
f 3292/3292/3292 3293/3293/3293 3294/3294/3294
f 3290/3290/3290 3292/3292/3292 3294/3294/3294
f 3294/3294/3294 3295/3295/3295 3296/3296/3296
f 3290/3290/3290 3294/3294/3294 3296/3296/3296
f 3290/3290/3290 3296/3296/3296 3297/3297/3297
f 3298/3298/3298 3298/3298/3298 3298/3298/3298
f 3298/3298/3298 3298/3298/3298 3298/3298/3298
f 3298/3298/3298 3298/3298/3298 3298/3298/3298
f 3298/3298/3298 3298/3298/3298 3298/3298/3298
f 3298/3298/3298 3298/3298/3298 3298/3298/3298
f 3298/3298/3298 3298/3298/3298 3298/3298/3298
