mtllib APXGLOCK03.mtl
o APXGLOCK03_part_0
v -0.192 2.183 -0.009
v -0.165 2.263 -0.081
v -0.165 2.244 0.092
v -0.194 2.108 -0.128
v -0.153 2.184 -0.204
v 0.005 2.364 -0.144
v -0.097 2.247 -0.24
v -0.008 2.255 -0.252
v -0.098 2.329 -0.127
v 0.026 2.312 0.151
v -0.083 2.358 0.022
v 0.018 2.377 0.025
v -0.094 2.296 0.143
v -0.016 2.051 -0.257
v -0.099 2.142 -0.25
v -0.119 2.052 -0.21
v -0.166 2.057 -0.175
v -0.015 2.128 -0.27
v -0.023 1.932 -0.382
v -0.097 1.923 -0.35
v -0.2 2.114 0.021
v -0.154 2.164 0.128
v -0.197 2.063 -0.08
v -0.094 2.207 0.17
v 0.026 2.221 0.185
v -0.176 2.031 -0.137
v -0.135 1.916 -0.319
v -0.152 1.932 -0.27
v 0.217 2.145 -0.054
v 0.191 2.234 0.065
v 0.185 2.255 -0.109
v 0.178 2.095 -0.158
v 0.138 2.172 -0.225
v 0.081 2.24 -0.252
v 0.105 2.321 -0.141
v 0.116 2.35 0.008
v 0.132 2.276 0.125
v 0.092 2.045 -0.227
v 0.073 2.136 -0.263
v 0.154 2.047 -0.199
v 0.053 1.918 -0.36
v 0.219 2.085 -0.02
v 0.195 2.147 0.072
v 0.206 2.047 -0.117
v 0.145 2.199 0.155
v 0.169 2.02 -0.163
v 0.096 1.908 -0.335
v 0.12 1.923 -0.29
v 0.153 2.156 -0.121
v 0.189 2.067 -0.053
v 0.16 2.158 0.008
v 0.147 2.061 -0.13
v 0.02 1.892 -0.252
v 0.163 1.869 -0.163
v 0.012 2.067 -0.212
v 0.2 1.847 -0.125
v 0.175 2.062 -0.012
v 0.195 2.147 0.072
v -0.031 2.333 0.048
v -0.076 2.266 0.113
v -0.098 2.286 0.062
v 0.016 2.281 0.135
v -0.166 1.847 -0.075
v -0.126 1.951 -0.017
v -0.145 1.869 -0.005
v -0.133 2.178 0.076
v -0.142 2.205 -0.013
v -0.164 2.096 -0.082
v -0.152 2.069 -0.036
v -0.151 1.856 -0.161
v -0.104 2.059 -0.154
v 0.018 2.338 0.035
v 0.136 2.22 0.115
v 0.016 2.281 0.135
v -0.164 2.122 0.007
v 0.015 2.298 0.139
v 0.009 2.23 0.142
v 0.062 2.278 0.111
v 0.068 2.361 0.132
v -0.015 2.39 0.164
v 0.061 2.326 0.217
v 0.112 2.322 0.178
v 0.191 2.092 0.083
v 0.194 1.962 0.127
v 0.159 2.166 0.185
v 0.195 1.952 0.069
v 0.185 1.752 0.036
v 0.129 2.152 0.228
v 0.148 2.262 0.092
v 0.124 2.183 0.122
v 0.173 2.232 0.101
v 0.162 1.972 0.158
v -0.171 1.774 0.013
v 0.113 2.284 0.048
v 0.159 1.667 -0.256
v 0.004 1.7493 -0.331
v 0.198 1.648 -0.219
v -0.158 1.659 -0.218
v 0.1017 1.4975 -0.3149
v 0.0249 1.6755 -0.3659
v 0.186 1.5527 -0.2629
v -0.1051 1.4789 -0.2429
v 0.161 1.948 -0.036
v -0.123 2.141 0.077
v -0.146 2.063 0.003
v 0.026 2.332 0.201
v 0.009 2.327 0.14
v 0.06 2.32 0.17
v 0.123 2.27 0.097
v 0.051 2.266 0.23
v 0.09 2.249 0.201
v 0.08 2.144 0.218
v -0.079 2.187 0.138
v 0.022 2.221 0.158
v 0.022 2.221 0.158
v 0.018 2.338 0.035
v -0.107 2.209 0.098
v -0.076 2.266 0.113
v -0.071 2.215 0.14
v -0.043 2.264 0.128
v -0.115 2.161 0.113
v -0.09 2.165 0.142
v -0.158 2.029 0.162
v 0.183 2.122 0.035
v 0.149 2.101 -0.028
v 0.177 2.072 -0.015
v 0.185 2.008 0.045
v 0.181 1.988 -0.014
v 0.156 1.83 0.041
v -0.158 2.122 0.044
v -0.155 2.072 -0.007
v -0.128 2.102 -0.021
v -0.159 1.984 0.068
v -0.159 1.964 0.009
v -0.132 1.805 0.051
v -0.017 2.024 -0.292
v -0.103 2.119 -0.265
v -0.114 2.029 -0.241
v -0.093 2.24 -0.263
v -0.015 2.104 -0.296
v -0.008 2.248 -0.275
v 0.087 2.021 -0.257
v 0.086 2.113 -0.277
v 0.076 2.233 -0.275
v 0.1774 2.0831 0.2185
v 0.1769 2.0831 0.218
v 0.1763 2.0831 0.2178
v 0.1756 2.0831 0.2178
v 0.1749 2.0831 0.218
v 0.1744 2.0831 0.2185
v 0.174 2.0831 0.2191
v 0.1739 2.0831 0.2197
v 0.174 2.0831 0.2204
v 0.1744 2.0831 0.221
v 0.1749 2.0831 0.2215
v 0.1756 2.0831 0.2217
v 0.1763 2.0831 0.2217
v 0.1769 2.0831 0.2215
v 0.1774 2.0831 0.221
v 0.1778 2.0831 0.2204
v 0.1779 2.0831 0.2197
v 0.1778 2.0831 0.2191
v 0.1779 2.0831 0.2197
v 0.1778 2.0831 0.2204
v 0.1646 2.102 0.2204
v 0.1646 2.1022 0.2197
v 0.1774 2.0831 0.221
v 0.1646 2.1017 0.221
v 0.1769 2.0831 0.2215
v 0.1646 2.1012 0.2215
v 0.1763 2.0831 0.2217
v 0.1646 2.1005 0.2217
v 0.1763 2.0831 0.2217
v 0.1756 2.0831 0.2217
v 0.1646 2.0998 0.2217
v 0.1646 2.1005 0.2217
v 0.1749 2.0831 0.2215
v 0.1646 2.0992 0.2215
v 0.1744 2.0831 0.221
v 0.1646 2.0987 0.221
v 0.174 2.0831 0.2204
v 0.1646 2.0983 0.2204
v 0.1739 2.0831 0.2197
v 0.1646 2.0982 0.2197
v 0.174 2.0831 0.2191
v 0.1646 2.0983 0.2191
v 0.1744 2.0831 0.2185
v 0.1646 2.0987 0.2185
v 0.1749 2.0831 0.218
v 0.1646 2.0992 0.218
v 0.1756 2.0831 0.2178
v 0.1646 2.0998 0.2178
v 0.1763 2.0831 0.2178
v 0.1646 2.1005 0.2178
v 0.1769 2.0831 0.218
v 0.1646 2.1012 0.218
v 0.1774 2.0831 0.2185
v 0.1646 2.1017 0.2185
v 0.1778 2.0831 0.2191
v 0.1646 2.102 0.2191
v 0.1375 2.1094 0.2204
v 0.1375 2.1095 0.2197
v 0.1375 2.1091 0.221
v 0.1375 2.1085 0.2215
v 0.1375 2.1079 0.2217
v 0.1375 2.1072 0.2217
v 0.1375 2.1079 0.2217
v 0.1375 2.1065 0.2215
v 0.1375 2.106 0.221
v 0.1375 2.1057 0.2204
v 0.1375 2.1055 0.2197
v 0.1375 2.1057 0.2191
v 0.1375 2.106 0.2185
v 0.1375 2.1065 0.218
v 0.1375 2.1072 0.2178
v 0.1375 2.1079 0.2178
v 0.1375 2.1085 0.218
v 0.1375 2.1091 0.2185
v 0.1375 2.1094 0.2191
v 0.1032 2.1112 0.2204
v 0.1032 2.1114 0.2197
v 0.1032 2.1109 0.221
v 0.1032 2.1104 0.2215
v 0.1032 2.1097 0.2217
v 0.1032 2.109 0.2217
v 0.1032 2.1097 0.2217
v 0.1032 2.1084 0.2215
v 0.1032 2.1079 0.221
v 0.1032 2.1075 0.2204
v 0.1032 2.1074 0.2197
v 0.1032 2.1075 0.2191
v 0.1032 2.1079 0.2185
v 0.1032 2.1084 0.218
v 0.1032 2.109 0.2178
v 0.1032 2.1097 0.2178
v 0.1032 2.1104 0.218
v 0.1032 2.1109 0.2185
v 0.1032 2.1112 0.2191
v 0.0705 2.109 0.2204
v 0.0705 2.1092 0.2197
v 0.0705 2.1087 0.221
v 0.0705 2.1082 0.2215
v 0.0705 2.1075 0.2217
v 0.0705 2.1068 0.2217
v 0.0705 2.1075 0.2217
v 0.0705 2.1062 0.2215
v 0.0705 2.1057 0.221
v 0.0705 2.1053 0.2204
v 0.0705 2.1052 0.2197
v 0.0705 2.1053 0.2191
v 0.0705 2.1057 0.2185
v 0.0705 2.1062 0.218
v 0.0705 2.1068 0.2178
v 0.0705 2.1075 0.2178
v 0.0705 2.1082 0.218
v 0.0705 2.1087 0.2185
v 0.0705 2.109 0.2191
v 0.0404 2.0935 0.2204
v 0.0404 2.0936 0.2197
v 0.0404 2.0932 0.221
v 0.0404 2.0927 0.2215
v 0.0404 2.092 0.2217
v 0.0404 2.0913 0.2217
v 0.0404 2.092 0.2217
v 0.0404 2.0907 0.2215
v 0.0404 2.0901 0.221
v 0.0404 2.0898 0.2204
v 0.0404 2.0897 0.2197
v 0.0404 2.0898 0.2191
v 0.0404 2.0901 0.2185
v 0.0404 2.0907 0.218
v 0.0404 2.0913 0.2178
v 0.0404 2.092 0.2178
v 0.0404 2.0927 0.218
v 0.0404 2.0932 0.2185
v 0.0404 2.0935 0.2191
v 0.0404 2.0936 0.2197
v 0.0404 2.0935 0.2204
v 0.0404 2.0932 0.221
v 0.0404 2.0927 0.2215
v 0.0404 2.092 0.2217
v 0.0404 2.0913 0.2217
v 0.0404 2.0907 0.2215
v 0.0404 2.0901 0.221
v 0.0404 2.0898 0.2204
v 0.0404 2.0897 0.2197
v 0.0404 2.0898 0.2191
v 0.0404 2.0901 0.2185
v 0.0404 2.0907 0.218
v 0.0404 2.0913 0.2178
v 0.0404 2.092 0.2178
v 0.0404 2.0927 0.218
v 0.0404 2.0932 0.2185
v 0.0404 2.0935 0.2191
v 0.0669 2.1049 0.2185
v 0.0665 2.1047 0.218
v 0.0659 2.1044 0.2178
v 0.0653 2.104 0.2178
v 0.0648 2.1037 0.218
v 0.0643 2.1034 0.2185
v 0.064 2.1033 0.2191
v 0.0639 2.1032 0.2197
v 0.064 2.1033 0.2204
v 0.0643 2.1034 0.221
v 0.0648 2.1037 0.2215
v 0.0653 2.104 0.2217
v 0.0659 2.1044 0.2217
v 0.0665 2.1047 0.2215
v 0.0669 2.1049 0.221
v 0.0672 2.1051 0.2204
v 0.0674 2.1052 0.2197
v 0.0672 2.1051 0.2191
v 0.0674 2.1052 0.2197
v 0.0672 2.1051 0.2204
v 0.0484 2.1061 0.2204
v 0.0484 2.1062 0.2197
v 0.0669 2.1049 0.221
v 0.0484 2.1057 0.221
v 0.0665 2.1047 0.2215
v 0.0484 2.1052 0.2215
v 0.0659 2.1044 0.2217
v 0.0484 2.1045 0.2217
v 0.0659 2.1044 0.2217
v 0.0653 2.104 0.2217
v 0.0484 2.1038 0.2217
v 0.0484 2.1045 0.2217
v 0.0648 2.1037 0.2215
v 0.0484 2.1032 0.2215
v 0.0643 2.1034 0.221
v 0.0484 2.1027 0.221
v 0.064 2.1033 0.2204
v 0.0484 2.1023 0.2204
v 0.0639 2.1032 0.2197
v 0.0484 2.1022 0.2197
v 0.064 2.1033 0.2191
v 0.0484 2.1023 0.2191
v 0.0643 2.1034 0.2185
v 0.0484 2.1027 0.2185
v 0.0648 2.1037 0.218
v 0.0484 2.1032 0.218
v 0.0653 2.104 0.2178
v 0.0484 2.1038 0.2178
v 0.0659 2.1044 0.2178
v 0.0484 2.1045 0.2178
v 0.0665 2.1047 0.218
v 0.0484 2.1052 0.218
v 0.0669 2.1049 0.2185
v 0.0484 2.1057 0.2185
v 0.0672 2.1051 0.2191
v 0.0484 2.1061 0.2191
v 0.0312 2.1061 0.2204
v 0.0312 2.1062 0.2197
v 0.0312 2.1057 0.221
v 0.0312 2.1052 0.2215
v 0.0312 2.1045 0.2217
v 0.0312 2.1038 0.2217
v 0.0312 2.1045 0.2217
v 0.0312 2.1032 0.2215
v 0.0312 2.1027 0.221
v 0.0312 2.1023 0.2204
v 0.0312 2.1022 0.2197
v 0.0312 2.1023 0.2191
v 0.0312 2.1027 0.2185
v 0.0312 2.1032 0.218
v 0.0312 2.1038 0.2178
v 0.0312 2.1045 0.2178
v 0.0312 2.1052 0.218
v 0.0312 2.1057 0.2185
v 0.0312 2.1061 0.2191
v 0.014 2.1061 0.2204
v 0.014 2.1062 0.2197
v 0.014 2.1057 0.221
v 0.014 2.1052 0.2215
v 0.014 2.1045 0.2217
v 0.014 2.1038 0.2217
v 0.014 2.1045 0.2217
v 0.014 2.1032 0.2215
v 0.014 2.1027 0.221
v 0.014 2.1023 0.2204
v 0.014 2.1022 0.2197
v 0.014 2.1023 0.2191
v 0.014 2.1027 0.2185
v 0.014 2.1032 0.218
v 0.014 2.1038 0.2178
v 0.014 2.1045 0.2178
v 0.014 2.1052 0.218
v 0.014 2.1057 0.2185
v 0.014 2.1061 0.2191
v -0.0032 2.1061 0.2204
v -0.0032 2.1062 0.2197
v -0.0032 2.1057 0.221
v -0.0032 2.1052 0.2215
v -0.0032 2.1045 0.2217
v -0.0032 2.1038 0.2217
v -0.0032 2.1045 0.2217
v -0.0032 2.1032 0.2215
v -0.0032 2.1027 0.221
v -0.0032 2.1023 0.2204
v -0.0032 2.1022 0.2197
v -0.0032 2.1023 0.2191
v -0.0032 2.1027 0.2185
v -0.0032 2.1032 0.218
v -0.0032 2.1038 0.2178
v -0.0032 2.1045 0.2178
v -0.0032 2.1052 0.218
v -0.0032 2.1057 0.2185
v -0.0032 2.1061 0.2191
v -0.0221 2.1051 0.2204
v -0.0222 2.1052 0.2197
v -0.0218 2.1049 0.221
v -0.0213 2.1047 0.2215
v -0.0208 2.1044 0.2217
v -0.0202 2.104 0.2217
v -0.0208 2.1044 0.2217
v -0.0196 2.1037 0.2215
v -0.0191 2.1034 0.221
v -0.0188 2.1033 0.2204
v -0.0187 2.1032 0.2197
v -0.0188 2.1033 0.2191
v -0.0191 2.1034 0.2185
v -0.0196 2.1037 0.218
v -0.0202 2.104 0.2178
v -0.0208 2.1044 0.2178
v -0.0213 2.1047 0.218
v -0.0218 2.1049 0.2185
v -0.0221 2.1051 0.2191
v -0.0222 2.1052 0.2197
v -0.0221 2.1051 0.2204
v -0.0218 2.1049 0.221
v -0.0213 2.1047 0.2215
v -0.0208 2.1044 0.2217
v -0.0202 2.104 0.2217
v -0.0196 2.1037 0.2215
v -0.0191 2.1034 0.221
v -0.0188 2.1033 0.2204
v -0.0187 2.1032 0.2197
v -0.0188 2.1033 0.2191
v -0.0191 2.1034 0.2185
v -0.0196 2.1037 0.218
v -0.0202 2.104 0.2178
v -0.0208 2.1044 0.2178
v -0.0213 2.1047 0.218
v -0.0218 2.1049 0.2185
v -0.0221 2.1051 0.2191
v 0.1753 2.0473 0.2185
v 0.1758 2.0473 0.218
v 0.1765 2.0473 0.2178
v 0.1772 2.0473 0.2178
v 0.1778 2.0473 0.218
v 0.1783 2.0473 0.2185
v 0.1787 2.0473 0.2191
v 0.1788 2.0473 0.2197
v 0.1787 2.0473 0.2204
v 0.1783 2.0473 0.221
v 0.1778 2.0473 0.2215
v 0.1772 2.0473 0.2217
v 0.1765 2.0473 0.2217
v 0.1758 2.0473 0.2215
v 0.1753 2.0473 0.221
v 0.175 2.0473 0.2204
v 0.1748 2.0473 0.2197
v 0.175 2.0473 0.2191
v 0.1748 2.0473 0.2197
v 0.175 2.0473 0.2204
v 0.1661 2.0349 0.2204
v 0.1661 2.035 0.2197
v 0.1753 2.0473 0.221
v 0.1661 2.0346 0.221
v 0.1758 2.0473 0.2215
v 0.1661 2.034 0.2215
v 0.1765 2.0473 0.2217
v 0.1661 2.0334 0.2217
v 0.1765 2.0473 0.2217
v 0.1772 2.0473 0.2217
v 0.1661 2.0327 0.2217
v 0.1661 2.0334 0.2217
v 0.1778 2.0473 0.2215
v 0.1661 2.032 0.2215
v 0.1783 2.0473 0.221
v 0.1661 2.0315 0.221
v 0.1787 2.0473 0.2204
v 0.1661 2.0312 0.2204
v 0.1788 2.0473 0.2197
v 0.1661 2.031 0.2197
v 0.1787 2.0473 0.2191
v 0.1661 2.0312 0.2191
v 0.1783 2.0473 0.2185
v 0.1661 2.0315 0.2185
v 0.1778 2.0473 0.218
v 0.1661 2.032 0.218
v 0.1772 2.0473 0.2178
v 0.1661 2.0327 0.2178
v 0.1765 2.0473 0.2178
v 0.1661 2.0334 0.2178
v 0.1758 2.0473 0.218
v 0.1661 2.034 0.218
v 0.1753 2.0473 0.2185
v 0.1661 2.0346 0.2185
v 0.175 2.0473 0.2191
v 0.1661 2.0349 0.2191
v 0.1437 2.0202 0.2204
v 0.1437 2.0203 0.2197
v 0.1437 2.0199 0.221
v 0.1437 2.0193 0.2215
v 0.1437 2.0187 0.2217
v 0.1437 2.018 0.2217
v 0.1437 2.0187 0.2217
v 0.1437 2.0173 0.2215
v 0.1437 2.0168 0.221
v 0.1437 2.0165 0.2204
v 0.1437 2.0164 0.2197
v 0.1437 2.0165 0.2191
v 0.1437 2.0168 0.2185
v 0.1437 2.0173 0.218
v 0.1437 2.018 0.2178
v 0.1437 2.0187 0.2178
v 0.1437 2.0193 0.218
v 0.1437 2.0199 0.2185
v 0.1437 2.0202 0.2191
v 0.1085 2.0188 0.2204
v 0.1085 2.019 0.2197
v 0.1085 2.0185 0.221
v 0.1085 2.018 0.2215
v 0.1085 2.0173 0.2217
v 0.1085 2.0166 0.2217
v 0.1085 2.0173 0.2217
v 0.1085 2.016 0.2215
v 0.1085 2.0154 0.221
v 0.1085 2.0151 0.2204
v 0.1085 2.015 0.2197
v 0.1085 2.0151 0.2191
v 0.1085 2.0154 0.2185
v 0.1085 2.016 0.218
v 0.1085 2.0166 0.2178
v 0.1085 2.0173 0.2178
v 0.1085 2.018 0.218
v 0.1085 2.0185 0.2185
v 0.1085 2.0188 0.2191
v 0.0737 2.0328 0.2204
v 0.0737 2.0329 0.2197
v 0.0737 2.0325 0.221
v 0.0737 2.0319 0.2215
v 0.0737 2.0313 0.2217
v 0.0737 2.0306 0.2217
v 0.0737 2.0313 0.2217
v 0.0737 2.0299 0.2215
v 0.0737 2.0294 0.221
v 0.0737 2.0291 0.2204
v 0.0737 2.029 0.2197
v 0.0737 2.0291 0.2191
v 0.0737 2.0294 0.2185
v 0.0737 2.0299 0.218
v 0.0737 2.0306 0.2178
v 0.0737 2.0313 0.2178
v 0.0737 2.0319 0.218
v 0.0737 2.0325 0.2185
v 0.0737 2.0328 0.2191
v 0.0577 2.0475 0.2204
v 0.0578 2.0475 0.2197
v 0.0573 2.0475 0.221
v 0.0568 2.0475 0.2215
v 0.0562 2.0475 0.2217
v 0.0555 2.0475 0.2217
v 0.0562 2.0475 0.2217
v 0.0548 2.0475 0.2215
v 0.0543 2.0475 0.221
v 0.0539 2.0475 0.2204
v 0.0538 2.0475 0.2197
v 0.0539 2.0475 0.2191
v 0.0543 2.0475 0.2185
v 0.0548 2.0475 0.218
v 0.0555 2.0475 0.2178
v 0.0562 2.0475 0.2178
v 0.0568 2.0475 0.218
v 0.0573 2.0475 0.2185
v 0.0577 2.0475 0.2191
v 0.0578 2.0475 0.2197
v 0.0577 2.0475 0.2204
v 0.0573 2.0475 0.221
v 0.0568 2.0475 0.2215
v 0.0562 2.0475 0.2217
v 0.0555 2.0475 0.2217
v 0.0548 2.0475 0.2215
v 0.0543 2.0475 0.221
v 0.0539 2.0475 0.2204
v 0.0538 2.0475 0.2197
v 0.0539 2.0475 0.2191
v 0.0543 2.0475 0.2185
v 0.0548 2.0475 0.218
v 0.0555 2.0475 0.2178
v 0.0562 2.0475 0.2178
v 0.0568 2.0475 0.218
v 0.0573 2.0475 0.2185
v 0.0577 2.0475 0.2191
v 0.058 2.0474 0.2197
v 0.0579 2.0474 0.2204
v 0.0437 2.0644 0.2204
v 0.0438 2.0644 0.2197
v 0.0575 2.0474 0.221
v 0.0433 2.0644 0.221
v 0.057 2.0474 0.2215
v 0.0428 2.0644 0.2215
v 0.0564 2.0474 0.2217
v 0.0422 2.0644 0.2217
v 0.0564 2.0474 0.2217
v 0.0557 2.0474 0.2217
v 0.0415 2.0644 0.2217
v 0.0422 2.0644 0.2217
v 0.055 2.0474 0.2215
v 0.0408 2.0644 0.2215
v 0.0545 2.0474 0.221
v 0.0403 2.0644 0.221
v 0.0542 2.0474 0.2204
v 0.04 2.0644 0.2204
v 0.054 2.0474 0.2197
v 0.0398 2.0644 0.2197
v 0.0542 2.0474 0.2191
v 0.04 2.0644 0.2191
v 0.0545 2.0474 0.2185
v 0.0403 2.0644 0.2185
v 0.055 2.0474 0.218
v 0.0408 2.0644 0.218
v 0.0557 2.0474 0.2178
v 0.0415 2.0644 0.2178
v 0.0564 2.0474 0.2178
v 0.0422 2.0644 0.2178
v 0.057 2.0474 0.218
v 0.0428 2.0644 0.218
v 0.0575 2.0474 0.2185
v 0.0433 2.0644 0.2185
v 0.0579 2.0474 0.2191
v 0.0437 2.0644 0.2191
v 0.0392 2.0753 0.2204
v 0.0393 2.0753 0.2197
v 0.0388 2.0753 0.221
v 0.0383 2.0753 0.2215
v 0.0377 2.0753 0.2217
v 0.037 2.0753 0.2217
v 0.0377 2.0753 0.2217
v 0.0363 2.0753 0.2215
v 0.0358 2.0753 0.221
v 0.0355 2.0753 0.2204
v 0.0353 2.0753 0.2197
v 0.0355 2.0753 0.2191
v 0.0358 2.0753 0.2185
v 0.0363 2.0753 0.218
v 0.037 2.0753 0.2178
v 0.0377 2.0753 0.2178
v 0.0383 2.0753 0.218
v 0.0388 2.0753 0.2185
v 0.0392 2.0753 0.2191
v 0.0437 2.0929 0.2204
v 0.0438 2.0929 0.2197
v 0.0433 2.0929 0.221
v 0.0428 2.0929 0.2215
v 0.0422 2.0929 0.2217
v 0.0415 2.0929 0.2217
v 0.0422 2.0929 0.2217
v 0.0408 2.0929 0.2215
v 0.0403 2.0929 0.221
v 0.04 2.0929 0.2204
v 0.0398 2.0929 0.2197
v 0.04 2.0929 0.2191
v 0.0403 2.0929 0.2185
v 0.0408 2.0929 0.218
v 0.0415 2.0929 0.2178
v 0.0422 2.0929 0.2178
v 0.0428 2.0929 0.218
v 0.0433 2.0929 0.2185
v 0.0437 2.0929 0.2191
v 0.0438 2.0929 0.2197
v 0.0437 2.0929 0.2204
v 0.0433 2.0929 0.221
v 0.0428 2.0929 0.2215
v 0.0422 2.0929 0.2217
v 0.0415 2.0929 0.2217
v 0.0408 2.0929 0.2215
v 0.0403 2.0929 0.221
v 0.04 2.0929 0.2204
v 0.0398 2.0929 0.2197
v 0.04 2.0929 0.2191
v 0.0403 2.0929 0.2185
v 0.0408 2.0929 0.218
v 0.0415 2.0929 0.2178
v 0.0422 2.0929 0.2178
v 0.0428 2.0929 0.218
v 0.0433 2.0929 0.2185
v 0.0437 2.0929 0.2191
v 0.1788 2.0473 0.2197
v 0.1787 2.0473 0.2204
v 0.1824 2.0677 0.2204
v 0.1826 2.0677 0.2197
v 0.1784 2.0473 0.221
v 0.1821 2.0677 0.221
v 0.1779 2.0473 0.2215
v 0.1816 2.0677 0.2215
v 0.1772 2.0473 0.2217
v 0.1809 2.0677 0.2217
v 0.1772 2.0473 0.2217
v 0.1765 2.0473 0.2217
v 0.1802 2.0677 0.2217
v 0.1809 2.0677 0.2217
v 0.1759 2.0473 0.2215
v 0.1796 2.0677 0.2215
v 0.1753 2.0473 0.221
v 0.1791 2.0677 0.221
v 0.175 2.0473 0.2204
v 0.1787 2.0677 0.2204
v 0.1749 2.0473 0.2197
v 0.1786 2.0677 0.2197
v 0.175 2.0473 0.2191
v 0.1787 2.0677 0.2191
v 0.1753 2.0473 0.2185
v 0.1791 2.0677 0.2185
v 0.1759 2.0473 0.218
v 0.1796 2.0677 0.218
v 0.1765 2.0473 0.2178
v 0.1802 2.0677 0.2178
v 0.1772 2.0473 0.2178
v 0.1809 2.0677 0.2178
v 0.1779 2.0473 0.218
v 0.1816 2.0677 0.218
v 0.1784 2.0473 0.2185
v 0.1821 2.0677 0.2185
v 0.1787 2.0473 0.2191
v 0.1824 2.0677 0.2191
v 0.1777 2.0832 0.2204
v 0.1778 2.0832 0.2197
v 0.1773 2.0832 0.221
v 0.1768 2.0832 0.2215
v 0.1762 2.0832 0.2217
v 0.1755 2.0832 0.2217
v 0.1762 2.0832 0.2217
v 0.1748 2.0832 0.2215
v 0.1743 2.0832 0.221
v 0.1739 2.0832 0.2204
v 0.1738 2.0832 0.2197
v 0.1739 2.0832 0.2191
v 0.1743 2.0832 0.2185
v 0.1748 2.0832 0.218
v 0.1755 2.0832 0.2178
v 0.1762 2.0832 0.2178
v 0.1768 2.0832 0.218
v 0.1773 2.0832 0.2185
v 0.1777 2.0832 0.2191
v 0.1778 2.0832 0.2197
v 0.1777 2.0832 0.2204
v 0.1773 2.0832 0.221
v 0.1768 2.0832 0.2215
v 0.1762 2.0832 0.2217
v 0.1755 2.0832 0.2217
v 0.1748 2.0832 0.2215
v 0.1743 2.0832 0.221
v 0.1739 2.0832 0.2204
v 0.1738 2.0832 0.2197
v 0.1739 2.0832 0.2191
v 0.1743 2.0832 0.2185
v 0.1748 2.0832 0.218
v 0.1755 2.0832 0.2178
v 0.1762 2.0832 0.2178
v 0.1768 2.0832 0.218
v 0.1773 2.0832 0.2185
v 0.1777 2.0832 0.2191
v 0.0381 2.0757 0.2195
v 0.1149 2.0801 0.2195
v 0.0706 2.1073 0.2195
v 0.0421 2.092 0.2195
v 0.0706 2.1073 0.2205
v 0.1149 2.0801 0.2205
v 0.0381 2.0757 0.2205
v 0.0421 2.092 0.2205
v 0.0706 2.1073 0.2195
v 0.0706 2.1073 0.2205
v 0.0421 2.092 0.2205
v 0.0421 2.092 0.2195
v 0.1761 2.0836 0.2195
v 0.1761 2.0836 0.2205
v 0.1647 2.0995 0.2205
v 0.1647 2.0995 0.2195
v 0.1086 2.0165 0.2195
v 0.0736 2.0308 0.2195
v 0.0736 2.0308 0.2205
v 0.1086 2.0165 0.2205
v 0.0558 2.0475 0.2205
v 0.0736 2.0308 0.2205
v 0.0736 2.0308 0.2195
v 0.0558 2.0475 0.2195
v 0.0558 2.0475 0.2195
v 0.1268 2.0473 0.2195
v 0.1248 2.0662 0.2195
v 0.0409 2.0647 0.2195
v 0.1805 2.0672 0.2205
v 0.1771 2.0472 0.2205
v 0.1505 2.0473 0.2205
v 0.1299 2.0663 0.2205
v 0.1771 2.0472 0.2195
v 0.1771 2.0472 0.2205
v 0.1805 2.0672 0.2205
v 0.1805 2.0672 0.2195
v 0.0381 2.0757 0.2195
v 0.0381 2.0757 0.2205
v 0.0409 2.0647 0.2205
v 0.0409 2.0647 0.2195
v 0.0736 2.0308 0.2195
v 0.1086 2.0165 0.2195
v 0.1435 2.0179 0.2195
v 0.1661 2.0333 0.2205
v 0.1661 2.0333 0.2195
v 0.1661 2.0333 0.2205
v 0.1243 2.0714 0.2195
v 0.1243 2.0714 0.2205
v 0.1234 2.0806 0.2205
v 0.1761 2.0836 0.2205
v 0.0421 2.092 0.2195
v 0.0421 2.092 0.2205
v 0.1234 2.0806 0.2195
v 0.1761 2.0836 0.2195
v 0.1647 2.0995 0.2195
v 0.1297 2.109 0.2195
v 0.1647 2.0995 0.2205
v 0.1297 2.109 0.2205
v 0.1647 2.0995 0.2195
v 0.1647 2.0995 0.2205
v 0.1297 2.109 0.2205
v 0.1297 2.109 0.2195
v 0.1505 2.0473 0.2195
v 0.1299 2.0663 0.2195
v 0.0558 2.0475 0.2205
v 0.0409 2.0647 0.2205
v 0.1248 2.0662 0.2205
v 0.1268 2.0473 0.2205
v 0.1661 2.0333 0.2195
v 0.1086 2.0165 0.2205
v 0.0736 2.0308 0.2205
v 0.1435 2.0179 0.2205
v 0.1086 2.0165 0.2195
v 0.1086 2.0165 0.2205
v 0.1435 2.0179 0.2205
v 0.1435 2.0179 0.2195
v 0.1771 2.0472 0.2195
v 0.1805 2.0672 0.2195
v 0.0064 2.0757 0.2201
v -0.0705 2.0801 0.2201
v -0.0261 2.1073 0.2201
v 0.0023 2.092 0.2201
v -0.0261 2.1073 0.2191
v -0.0705 2.0801 0.2191
v 0.0064 2.0757 0.2191
v 0.0023 2.092 0.2191
v -0.0261 2.1073 0.2201
v -0.0261 2.1073 0.2191
v 0.0023 2.092 0.2191
v 0.0023 2.092 0.2201
v -0.1316 2.0836 0.2201
v -0.1316 2.0836 0.2191
v -0.1202 2.0995 0.2191
v -0.1202 2.0995 0.2201
v -0.0642 2.0165 0.2201
v -0.0291 2.0308 0.2201
v -0.0291 2.0308 0.2191
v -0.0642 2.0165 0.2191
v -0.0113 2.0475 0.2191
v -0.0291 2.0308 0.2191
v -0.0291 2.0308 0.2201
v -0.0113 2.0475 0.2201
v -0.0113 2.0475 0.2201
v -0.0823 2.0473 0.2201
v -0.0804 2.0662 0.2201
v 0.0035 2.0647 0.2201
v -0.1361 2.0672 0.2191
v -0.1327 2.0472 0.2191
v -0.106 2.0473 0.2191
v -0.0855 2.0663 0.2191
v -0.1327 2.0472 0.2201
v -0.1327 2.0472 0.2191
v -0.1361 2.0672 0.2191
v -0.1361 2.0672 0.2201
v 0.0064 2.0757 0.2201
v 0.0064 2.0757 0.2191
v 0.0035 2.0647 0.2191
v 0.0035 2.0647 0.2201
v -0.0291 2.0308 0.2201
v -0.0642 2.0165 0.2201
v -0.0991 2.0179 0.2201
v -0.1216 2.0333 0.2191
v -0.1216 2.0333 0.2201
v -0.1216 2.0333 0.2191
v -0.0799 2.0714 0.2201
v -0.0799 2.0714 0.2191
v -0.0789 2.0806 0.2191
v -0.1316 2.0836 0.2191
v 0.0023 2.092 0.2201
v 0.0023 2.092 0.2191
v -0.0789 2.0806 0.2201
v -0.1316 2.0836 0.2201
v -0.1202 2.0995 0.2201
v -0.0852 2.109 0.2201
v -0.1202 2.0995 0.2191
v -0.0852 2.109 0.2191
v -0.1202 2.0995 0.2201
v -0.1202 2.0995 0.2191
v -0.0852 2.109 0.2191
v -0.0852 2.109 0.2201
v -0.106 2.0473 0.2201
v -0.0855 2.0663 0.2201
v -0.0113 2.0475 0.2191
v 0.0035 2.0647 0.2191
v -0.0804 2.0662 0.2191
v -0.0823 2.0473 0.2191
v -0.1216 2.0333 0.2201
v -0.0642 2.0165 0.2191
v -0.0291 2.0308 0.2191
v -0.0991 2.0179 0.2191
v -0.0642 2.0165 0.2201
v -0.0642 2.0165 0.2191
v -0.0991 2.0179 0.2191
v -0.0991 2.0179 0.2201
v -0.1327 2.0472 0.2201
v -0.1361 2.0672 0.2201
v -0.133 2.0831 0.2211
v -0.1325 2.0831 0.2216
v -0.1318 2.0831 0.2218
v -0.1311 2.0831 0.2218
v -0.1305 2.0831 0.2216
v -0.1299 2.0831 0.2211
v -0.1296 2.0831 0.2205
v -0.1295 2.0831 0.2198
v -0.1296 2.0831 0.2192
v -0.1299 2.0831 0.2186
v -0.1305 2.0831 0.2181
v -0.1311 2.0831 0.2179
v -0.1318 2.0831 0.2179
v -0.1325 2.0831 0.2181
v -0.133 2.0831 0.2186
v -0.1333 2.0831 0.2192
v -0.1334 2.0831 0.2198
v -0.1333 2.0831 0.2205
v -0.1334 2.0831 0.2198
v -0.1333 2.0831 0.2192
v -0.1201 2.102 0.2192
v -0.1201 2.1022 0.2198
v -0.133 2.0831 0.2186
v -0.1201 2.1017 0.2186
v -0.1325 2.0831 0.2181
v -0.1201 2.1012 0.2181
v -0.1318 2.0831 0.2179
v -0.1201 2.1005 0.2179
v -0.1318 2.0831 0.2179
v -0.1311 2.0831 0.2179
v -0.1201 2.0998 0.2179
v -0.1201 2.1005 0.2179
v -0.1305 2.0831 0.2181
v -0.1201 2.0992 0.2181
v -0.1299 2.0831 0.2186
v -0.1201 2.0987 0.2186
v -0.1296 2.0831 0.2192
v -0.1201 2.0983 0.2192
v -0.1295 2.0831 0.2198
v -0.1201 2.0982 0.2198
v -0.1296 2.0831 0.2205
v -0.1201 2.0983 0.2205
v -0.1299 2.0831 0.2211
v -0.1201 2.0987 0.2211
v -0.1305 2.0831 0.2216
v -0.1201 2.0992 0.2216
v -0.1311 2.0831 0.2218
v -0.1201 2.0998 0.2218
v -0.1318 2.0831 0.2218
v -0.1201 2.1005 0.2218
v -0.1325 2.0831 0.2216
v -0.1201 2.1012 0.2216
v -0.133 2.0831 0.2211
v -0.1201 2.1017 0.2211
v -0.1333 2.0831 0.2205
v -0.1201 2.102 0.2205
v -0.093 2.1094 0.2192
v -0.093 2.1095 0.2198
v -0.093 2.1091 0.2186
v -0.093 2.1085 0.2181
v -0.093 2.1079 0.2179
v -0.093 2.1072 0.2179
v -0.093 2.1079 0.2179
v -0.093 2.1065 0.2181
v -0.093 2.106 0.2186
v -0.093 2.1057 0.2192
v -0.093 2.1055 0.2198
v -0.093 2.1057 0.2205
v -0.093 2.106 0.2211
v -0.093 2.1065 0.2216
v -0.093 2.1072 0.2218
v -0.093 2.1079 0.2218
v -0.093 2.1085 0.2216
v -0.093 2.1091 0.2211
v -0.093 2.1094 0.2205
v -0.0587 2.1112 0.2192
v -0.0587 2.1114 0.2198
v -0.0587 2.1109 0.2186
v -0.0587 2.1104 0.2181
v -0.0587 2.1097 0.2179
v -0.0587 2.109 0.2179
v -0.0587 2.1097 0.2179
v -0.0587 2.1084 0.2181
v -0.0587 2.1079 0.2186
v -0.0587 2.1075 0.2192
v -0.0587 2.1074 0.2198
v -0.0587 2.1075 0.2205
v -0.0587 2.1079 0.2211
v -0.0587 2.1084 0.2216
v -0.0587 2.109 0.2218
v -0.0587 2.1097 0.2218
v -0.0587 2.1104 0.2216
v -0.0587 2.1109 0.2211
v -0.0587 2.1112 0.2205
v -0.026 2.109 0.2192
v -0.026 2.1092 0.2198
v -0.026 2.1087 0.2186
v -0.026 2.1082 0.2181
v -0.026 2.1075 0.2179
v -0.026 2.1068 0.2179
v -0.026 2.1075 0.2179
v -0.026 2.1062 0.2181
v -0.026 2.1057 0.2186
v -0.026 2.1053 0.2192
v -0.026 2.1052 0.2198
v -0.026 2.1053 0.2205
v -0.026 2.1057 0.2211
v -0.026 2.1062 0.2216
v -0.026 2.1068 0.2218
v -0.026 2.1075 0.2218
v -0.026 2.1082 0.2216
v -0.026 2.1087 0.2211
v -0.026 2.109 0.2205
v 0.004 2.0935 0.2192
v 0.004 2.0936 0.2198
v 0.004 2.0932 0.2186
v 0.004 2.0927 0.2181
v 0.004 2.092 0.2179
v 0.004 2.0913 0.2179
v 0.004 2.092 0.2179
v 0.004 2.0907 0.2181
v 0.004 2.0901 0.2186
v 0.004 2.0898 0.2192
v 0.004 2.0897 0.2198
v 0.004 2.0898 0.2205
v 0.004 2.0901 0.2211
v 0.004 2.0907 0.2216
v 0.004 2.0913 0.2218
v 0.004 2.092 0.2218
v 0.004 2.0927 0.2216
v 0.004 2.0932 0.2211
v 0.004 2.0935 0.2205
v 0.004 2.0936 0.2198
v 0.004 2.0935 0.2192
v 0.004 2.0932 0.2186
v 0.004 2.0927 0.2181
v 0.004 2.092 0.2179
v 0.004 2.0913 0.2179
v 0.004 2.0907 0.2181
v 0.004 2.0901 0.2186
v 0.004 2.0898 0.2192
v 0.004 2.0897 0.2198
v 0.004 2.0898 0.2205
v 0.004 2.0901 0.2211
v 0.004 2.0907 0.2216
v 0.004 2.0913 0.2218
v 0.004 2.092 0.2218
v 0.004 2.0927 0.2216
v 0.004 2.0932 0.2211
v 0.004 2.0935 0.2205
v -0.1309 2.0473 0.2211
v -0.1314 2.0473 0.2216
v -0.132 2.0473 0.2218
v -0.1327 2.0473 0.2218
v -0.1334 2.0473 0.2216
v -0.1339 2.0473 0.2211
v -0.1342 2.0473 0.2205
v -0.1344 2.0473 0.2198
v -0.1342 2.0473 0.2192
v -0.1339 2.0473 0.2186
v -0.1334 2.0473 0.2181
v -0.1327 2.0473 0.2179
v -0.132 2.0473 0.2179
v -0.1314 2.0473 0.2181
v -0.1309 2.0473 0.2186
v -0.1305 2.0473 0.2192
v -0.1304 2.0473 0.2198
v -0.1305 2.0473 0.2205
v -0.1304 2.0473 0.2198
v -0.1305 2.0473 0.2192
v -0.1217 2.0349 0.2192
v -0.1217 2.035 0.2198
v -0.1309 2.0473 0.2186
v -0.1217 2.0346 0.2186
v -0.1314 2.0473 0.2181
v -0.1217 2.034 0.2181
v -0.132 2.0473 0.2179
v -0.1217 2.0334 0.2179
v -0.132 2.0473 0.2179
v -0.1327 2.0473 0.2179
v -0.1217 2.0327 0.2179
v -0.1217 2.0334 0.2179
v -0.1334 2.0473 0.2181
v -0.1217 2.032 0.2181
v -0.1339 2.0473 0.2186
v -0.1217 2.0315 0.2186
v -0.1342 2.0473 0.2192
v -0.1217 2.0312 0.2192
v -0.1344 2.0473 0.2198
v -0.1217 2.031 0.2198
v -0.1342 2.0473 0.2205
v -0.1217 2.0312 0.2205
v -0.1339 2.0473 0.2211
v -0.1217 2.0315 0.2211
v -0.1334 2.0473 0.2216
v -0.1217 2.032 0.2216
v -0.1327 2.0473 0.2218
v -0.1217 2.0327 0.2218
v -0.132 2.0473 0.2218
v -0.1217 2.0334 0.2218
v -0.1314 2.0473 0.2216
v -0.1217 2.034 0.2216
v -0.1309 2.0473 0.2211
v -0.1217 2.0346 0.2211
v -0.1305 2.0473 0.2205
v -0.1217 2.0349 0.2205
v -0.0992 2.0202 0.2192
v -0.0992 2.0203 0.2198
v -0.0992 2.0199 0.2186
v -0.0992 2.0193 0.2181
v -0.0992 2.0187 0.2179
v -0.0992 2.018 0.2179
v -0.0992 2.0187 0.2179
v -0.0992 2.0173 0.2181
v -0.0992 2.0168 0.2186
v -0.0992 2.0165 0.2192
v -0.0992 2.0164 0.2198
v -0.0992 2.0165 0.2205
v -0.0992 2.0168 0.2211
v -0.0992 2.0173 0.2216
v -0.0992 2.018 0.2218
v -0.0992 2.0187 0.2218
v -0.0992 2.0193 0.2216
v -0.0992 2.0199 0.2211
v -0.0992 2.0202 0.2205
v -0.064 2.0188 0.2192
v -0.064 2.019 0.2198
v -0.064 2.0185 0.2186
v -0.064 2.018 0.2181
v -0.064 2.0173 0.2179
v -0.064 2.0166 0.2179
v -0.064 2.0173 0.2179
v -0.064 2.016 0.2181
v -0.064 2.0154 0.2186
v -0.064 2.0151 0.2192
v -0.064 2.015 0.2198
v -0.064 2.0151 0.2205
v -0.064 2.0154 0.2211
v -0.064 2.016 0.2216
v -0.064 2.0166 0.2218
v -0.064 2.0173 0.2218
v -0.064 2.018 0.2216
v -0.064 2.0185 0.2211
v -0.064 2.0188 0.2205
v -0.0293 2.0328 0.2192
v -0.0293 2.0329 0.2198
v -0.0293 2.0325 0.2186
v -0.0293 2.0319 0.2181
v -0.0293 2.0313 0.2179
v -0.0293 2.0306 0.2179
v -0.0293 2.0313 0.2179
v -0.0293 2.0299 0.2181
v -0.0293 2.0294 0.2186
v -0.0293 2.0291 0.2192
v -0.0293 2.029 0.2198
v -0.0293 2.0291 0.2205
v -0.0293 2.0294 0.2211
v -0.0293 2.0299 0.2216
v -0.0293 2.0306 0.2218
v -0.0293 2.0313 0.2218
v -0.0293 2.0319 0.2216
v -0.0293 2.0325 0.2211
v -0.0293 2.0328 0.2205
v -0.0132 2.0475 0.2192
v -0.0134 2.0475 0.2198
v -0.0129 2.0475 0.2186
v -0.0124 2.0475 0.2181
v -0.0117 2.0475 0.2179
v -0.011 2.0475 0.2179
v -0.0117 2.0475 0.2179
v -0.0104 2.0475 0.2181
v -0.0098 2.0475 0.2186
v -0.0095 2.0475 0.2192
v -0.0094 2.0475 0.2198
v -0.0095 2.0475 0.2205
v -0.0098 2.0475 0.2211
v -0.0104 2.0475 0.2216
v -0.011 2.0475 0.2218
v -0.0117 2.0475 0.2218
v -0.0124 2.0475 0.2216
v -0.0129 2.0475 0.2211
v -0.0132 2.0475 0.2205
v -0.0134 2.0475 0.2198
v -0.0132 2.0475 0.2192
v -0.0129 2.0475 0.2186
v -0.0124 2.0475 0.2181
v -0.0117 2.0475 0.2179
v -0.011 2.0475 0.2179
v -0.0104 2.0475 0.2181
v -0.0098 2.0475 0.2186
v -0.0095 2.0475 0.2192
v -0.0094 2.0475 0.2198
v -0.0095 2.0475 0.2205
v -0.0098 2.0475 0.2211
v -0.0104 2.0475 0.2216
v -0.011 2.0475 0.2218
v -0.0117 2.0475 0.2218
v -0.0124 2.0475 0.2216
v -0.0129 2.0475 0.2211
v -0.0132 2.0475 0.2205
v -0.0136 2.0474 0.2198
v -0.0134 2.0474 0.2192
v 0.0008 2.0644 0.2192
v 0.0006 2.0644 0.2198
v -0.0131 2.0474 0.2186
v 0.0011 2.0644 0.2186
v -0.0126 2.0474 0.2181
v 0.0016 2.0644 0.2181
v -0.0119 2.0474 0.2179
v 0.0023 2.0644 0.2179
v -0.0119 2.0474 0.2179
v -0.0112 2.0474 0.2179
v 0.003 2.0644 0.2179
v 0.0023 2.0644 0.2179
v -0.0106 2.0474 0.2181
v 0.0036 2.0644 0.2181
v -0.0101 2.0474 0.2186
v 0.0041 2.0644 0.2186
v -0.0097 2.0474 0.2192
v 0.0045 2.0644 0.2192
v -0.0096 2.0474 0.2198
v 0.0046 2.0644 0.2198
v -0.0097 2.0474 0.2205
v 0.0045 2.0644 0.2205
v -0.0101 2.0474 0.2211
v 0.0041 2.0644 0.2211
v -0.0106 2.0474 0.2216
v 0.0036 2.0644 0.2216
v -0.0112 2.0474 0.2218
v 0.003 2.0644 0.2218
v -0.0119 2.0474 0.2218
v 0.0023 2.0644 0.2218
v -0.0126 2.0474 0.2216
v 0.0016 2.0644 0.2216
v -0.0131 2.0474 0.2211
v 0.0011 2.0644 0.2211
v -0.0134 2.0474 0.2205
v 0.0008 2.0644 0.2205
v 0.0053 2.0753 0.2192
v 0.0051 2.0753 0.2198
v 0.0056 2.0753 0.2186
v 0.0061 2.0753 0.2181
v 0.0068 2.0753 0.2179
v 0.0075 2.0753 0.2179
v 0.0068 2.0753 0.2179
v 0.0081 2.0753 0.2181
v 0.0086 2.0753 0.2186
v 0.009 2.0753 0.2192
v 0.0091 2.0753 0.2198
v 0.009 2.0753 0.2205
v 0.0086 2.0753 0.2211
v 0.0081 2.0753 0.2216
v 0.0075 2.0753 0.2218
v 0.0068 2.0753 0.2218
v 0.0061 2.0753 0.2216
v 0.0056 2.0753 0.2211
v 0.0053 2.0753 0.2205
v 0.0008 2.0929 0.2192
v 0.0006 2.0929 0.2198
v 0.0011 2.0929 0.2186
v 0.0016 2.0929 0.2181
v 0.0023 2.0929 0.2179
v 0.003 2.0929 0.2179
v 0.0023 2.0929 0.2179
v 0.0036 2.0929 0.2181
v 0.0041 2.0929 0.2186
v 0.0045 2.0929 0.2192
v 0.0046 2.0929 0.2198
v 0.0045 2.0929 0.2205
v 0.0041 2.0929 0.2211
v 0.0036 2.0929 0.2216
v 0.003 2.0929 0.2218
v 0.0023 2.0929 0.2218
v 0.0016 2.0929 0.2216
v 0.0011 2.0929 0.2211
v 0.0008 2.0929 0.2205
v 0.0006 2.0929 0.2198
v 0.0008 2.0929 0.2192
v 0.0011 2.0929 0.2186
v 0.0016 2.0929 0.2181
v 0.0023 2.0929 0.2179
v 0.003 2.0929 0.2179
v 0.0036 2.0929 0.2181
v 0.0041 2.0929 0.2186
v 0.0045 2.0929 0.2192
v 0.0046 2.0929 0.2198
v 0.0045 2.0929 0.2205
v 0.0041 2.0929 0.2211
v 0.0036 2.0929 0.2216
v 0.003 2.0929 0.2218
v 0.0023 2.0929 0.2218
v 0.0016 2.0929 0.2216
v 0.0011 2.0929 0.2211
v 0.0008 2.0929 0.2205
v -0.1344 2.0473 0.2198
v -0.1343 2.0473 0.2192
v -0.138 2.0677 0.2192
v -0.1381 2.0677 0.2198
v -0.1339 2.0473 0.2186
v -0.1377 2.0677 0.2186
v -0.1334 2.0473 0.2181
v -0.1371 2.0677 0.2181
v -0.1328 2.0473 0.2179
v -0.1365 2.0677 0.2179
v -0.1328 2.0473 0.2179
v -0.1321 2.0473 0.2179
v -0.1358 2.0677 0.2179
v -0.1365 2.0677 0.2179
v -0.1314 2.0473 0.2181
v -0.1351 2.0677 0.2181
v -0.1309 2.0473 0.2186
v -0.1346 2.0677 0.2186
v -0.1305 2.0473 0.2192
v -0.1343 2.0677 0.2192
v -0.1304 2.0473 0.2198
v -0.1341 2.0677 0.2198
v -0.1305 2.0473 0.2205
v -0.1343 2.0677 0.2205
v -0.1309 2.0473 0.2211
v -0.1346 2.0677 0.2211
v -0.1314 2.0473 0.2216
v -0.1351 2.0677 0.2216
v -0.1321 2.0473 0.2218
v -0.1358 2.0677 0.2218
v -0.1328 2.0473 0.2218
v -0.1365 2.0677 0.2218
v -0.1334 2.0473 0.2216
v -0.1371 2.0677 0.2216
v -0.1339 2.0473 0.2211
v -0.1377 2.0677 0.2211
v -0.1343 2.0473 0.2205
v -0.138 2.0677 0.2205
v -0.1332 2.0832 0.2192
v -0.1333 2.0832 0.2198
v -0.1329 2.0832 0.2186
v -0.1324 2.0832 0.2181
v -0.1317 2.0832 0.2179
v -0.131 2.0832 0.2179
v -0.1317 2.0832 0.2179
v -0.1304 2.0832 0.2181
v -0.1298 2.0832 0.2186
v -0.1295 2.0832 0.2192
v -0.1294 2.0832 0.2198
v -0.1295 2.0832 0.2205
v -0.1298 2.0832 0.2211
v -0.1304 2.0832 0.2216
v -0.131 2.0832 0.2218
v -0.1317 2.0832 0.2218
v -0.1324 2.0832 0.2216
v -0.1329 2.0832 0.2211
v -0.1332 2.0832 0.2205
v -0.1333 2.0832 0.2198
v -0.1332 2.0832 0.2192
v -0.1329 2.0832 0.2186
v -0.1324 2.0832 0.2181
v -0.1317 2.0832 0.2179
v -0.131 2.0832 0.2179
v -0.1304 2.0832 0.2181
v -0.1298 2.0832 0.2186
v -0.1295 2.0832 0.2192
v -0.1294 2.0832 0.2198
v -0.1295 2.0832 0.2205
v -0.1298 2.0832 0.2211
v -0.1304 2.0832 0.2216
v -0.131 2.0832 0.2218
v -0.1317 2.0832 0.2218
v -0.1324 2.0832 0.2216
v -0.1329 2.0832 0.2211
v -0.1332 2.0832 0.2205
v 0.0387 2.0787 0.2185
v 0.0387 2.0781 0.218
v 0.0387 2.0775 0.2178
v 0.0387 2.0768 0.2178
v 0.0387 2.0761 0.218
v 0.0387 2.0756 0.2185
v 0.0387 2.0753 0.2191
v 0.0387 2.0751 0.2197
v 0.0387 2.0753 0.2204
v 0.0387 2.0756 0.221
v 0.0387 2.0761 0.2215
v 0.0387 2.0768 0.2217
v 0.0387 2.0775 0.2217
v 0.0387 2.0781 0.2215
v 0.0387 2.0787 0.221
v 0.0387 2.079 0.2204
v 0.0387 2.0791 0.2197
v 0.0387 2.079 0.2191
v 0.0387 2.0791 0.2197
v 0.0387 2.079 0.2204
v 0.0316 2.0881 0.2204
v 0.0316 2.0883 0.2197
v 0.0387 2.0787 0.221
v 0.0316 2.0878 0.221
v 0.0387 2.0781 0.2215
v 0.0316 2.0873 0.2215
v 0.0387 2.0775 0.2217
v 0.0316 2.0866 0.2217
v 0.0387 2.0775 0.2217
v 0.0387 2.0768 0.2217
v 0.0316 2.0859 0.2217
v 0.0316 2.0866 0.2217
v 0.0387 2.0761 0.2215
v 0.0316 2.0853 0.2215
v 0.0387 2.0756 0.221
v 0.0316 2.0848 0.221
v 0.0387 2.0753 0.2204
v 0.0316 2.0844 0.2204
v 0.0387 2.0751 0.2197
v 0.0316 2.0843 0.2197
v 0.0387 2.0753 0.2191
v 0.0316 2.0844 0.2191
v 0.0387 2.0756 0.2185
v 0.0316 2.0848 0.2185
v 0.0387 2.0761 0.218
v 0.0316 2.0853 0.218
v 0.0387 2.0768 0.2178
v 0.0316 2.0859 0.2178
v 0.0387 2.0775 0.2178
v 0.0316 2.0866 0.2178
v 0.0387 2.0781 0.218
v 0.0316 2.0873 0.218
v 0.0387 2.0787 0.2185
v 0.0316 2.0878 0.2185
v 0.0387 2.079 0.2191
v 0.0316 2.0881 0.2191
v 0.0226 2.0911 0.2204
v 0.0226 2.0913 0.2197
v 0.0226 2.0908 0.221
v 0.0226 2.0903 0.2215
v 0.0226 2.0896 0.2217
v 0.0226 2.0889 0.2217
v 0.0226 2.0896 0.2217
v 0.0226 2.0883 0.2215
v 0.0226 2.0878 0.221
v 0.0226 2.0874 0.2204
v 0.0226 2.0873 0.2197
v 0.0226 2.0874 0.2191
v 0.0226 2.0878 0.2185
v 0.0226 2.0883 0.218
v 0.0226 2.0889 0.2178
v 0.0226 2.0896 0.2178
v 0.0226 2.0903 0.218
v 0.0226 2.0908 0.2185
v 0.0226 2.0911 0.2191
v 0.0138 2.0881 0.2204
v 0.0138 2.0882 0.2197
v 0.0138 2.0878 0.221
v 0.0138 2.0872 0.2215
v 0.0138 2.0866 0.2217
v 0.0138 2.0859 0.2217
v 0.0138 2.0866 0.2217
v 0.0138 2.0853 0.2215
v 0.0138 2.0847 0.221
v 0.0138 2.0844 0.2204
v 0.0138 2.0843 0.2197
v 0.0138 2.0844 0.2191
v 0.0138 2.0847 0.2185
v 0.0138 2.0853 0.218
v 0.0138 2.0859 0.2178
v 0.0138 2.0866 0.2178
v 0.0138 2.0872 0.218
v 0.0138 2.0878 0.2185
v 0.0138 2.0881 0.2191
v 0.0068 2.0779 0.2204
v 0.0068 2.078 0.2197
v 0.0068 2.0775 0.221
v 0.0068 2.0781 0.2215
v 0.0068 2.0775 0.2217
v 0.0068 2.0768 0.2217
v 0.0068 2.0775 0.2217
v 0.0068 2.0761 0.2215
v 0.0068 2.0756 0.221
v 0.0068 2.0753 0.2204
v 0.0068 2.0751 0.2197
v 0.0068 2.0753 0.2191
v 0.0068 2.0756 0.2185
v 0.0068 2.0761 0.218
v 0.0068 2.0768 0.2178
v 0.0068 2.0775 0.2178
v 0.0068 2.0781 0.218
v 0.0068 2.0775 0.2185
v 0.0068 2.0779 0.2191
v 0.1731 2.0869 0.039
v 0.1726 2.0864 0.039
v 0.1724 2.0858 0.039
v 0.1724 2.0851 0.039
v 0.1726 2.0844 0.039
v 0.1731 2.0839 0.039
v 0.1737 2.0835 0.039
v 0.1744 2.0834 0.039
v 0.175 2.0835 0.039
v 0.1756 2.0839 0.039
v 0.1761 2.0844 0.039
v 0.1763 2.0851 0.039
v 0.1763 2.0858 0.039
v 0.1761 2.0864 0.039
v 0.1756 2.0869 0.039
v 0.175 2.0873 0.039
v 0.1744 2.0874 0.039
v 0.1737 2.0873 0.039
v 0.1744 2.0874 0.039
v 0.175 2.0873 0.039
v 0.175 2.0873 0.0751
v 0.1744 2.0874 0.0751
v 0.1756 2.0869 0.039
v 0.1756 2.0869 0.0751
v 0.1761 2.0864 0.039
v 0.1761 2.0864 0.0751
v 0.1763 2.0858 0.039
v 0.1763 2.0858 0.0751
v 0.1763 2.0858 0.039
v 0.1763 2.0851 0.039
v 0.1763 2.0851 0.0751
v 0.1763 2.0858 0.0751
v 0.1761 2.0844 0.039
v 0.1761 2.0844 0.0751
v 0.1756 2.0839 0.039
v 0.1756 2.0839 0.0751
v 0.175 2.0835 0.039
v 0.175 2.0835 0.0751
v 0.1744 2.0834 0.039
v 0.1744 2.0834 0.0751
v 0.1737 2.0835 0.039
v 0.1737 2.0835 0.0751
v 0.1731 2.0839 0.039
v 0.1731 2.0839 0.0751
v 0.1726 2.0844 0.039
v 0.1726 2.0844 0.0751
v 0.1724 2.0851 0.039
v 0.1724 2.0851 0.0751
v 0.1724 2.0858 0.039
v 0.1724 2.0858 0.0751
v 0.1726 2.0864 0.039
v 0.1726 2.0864 0.0751
v 0.1731 2.0869 0.039
v 0.1731 2.0869 0.0751
v 0.1737 2.0873 0.039
v 0.1737 2.0873 0.0751
v 0.175 2.0873 0.1112
v 0.1744 2.0874 0.1112
v 0.1756 2.0869 0.1112
v 0.1761 2.0864 0.1112
v 0.1763 2.0858 0.1112
v 0.1763 2.0851 0.1112
v 0.1763 2.0858 0.1112
v 0.1761 2.0844 0.1112
v 0.1756 2.0839 0.1112
v 0.175 2.0835 0.1112
v 0.1744 2.0834 0.1112
v 0.1737 2.0835 0.1112
v 0.1731 2.0839 0.1112
v 0.1726 2.0844 0.1112
v 0.1724 2.0851 0.1112
v 0.1724 2.0858 0.1112
v 0.1726 2.0864 0.1112
v 0.1731 2.0869 0.1112
v 0.1737 2.0873 0.1112
v 0.175 2.0873 0.1472
v 0.1744 2.0874 0.1472
v 0.1756 2.0869 0.1472
v 0.1761 2.0864 0.1472
v 0.1763 2.0858 0.1472
v 0.1763 2.0851 0.1472
v 0.1763 2.0858 0.1472
v 0.1761 2.0844 0.1472
v 0.1756 2.0839 0.1472
v 0.175 2.0835 0.1472
v 0.1744 2.0834 0.1472
v 0.1737 2.0835 0.1472
v 0.1731 2.0839 0.1472
v 0.1726 2.0844 0.1472
v 0.1724 2.0851 0.1472
v 0.1724 2.0858 0.1472
v 0.1726 2.0864 0.1472
v 0.1731 2.0869 0.1472
v 0.1737 2.0873 0.1472
v 0.175 2.0873 0.1833
v 0.1744 2.0874 0.1833
v 0.1756 2.0869 0.1833
v 0.1761 2.0864 0.1833
v 0.1763 2.0858 0.1833
v 0.1763 2.0851 0.1833
v 0.1763 2.0858 0.1833
v 0.1761 2.0844 0.1833
v 0.1756 2.0839 0.1833
v 0.175 2.0835 0.1833
v 0.1744 2.0834 0.1833
v 0.1737 2.0835 0.1833
v 0.1731 2.0839 0.1833
v 0.1726 2.0844 0.1833
v 0.1724 2.0851 0.1833
v 0.1724 2.0858 0.1833
v 0.1726 2.0864 0.1833
v 0.1731 2.0869 0.1833
v 0.1737 2.0873 0.1833
v 0.1748 2.0867 0.2194
v 0.1744 2.0868 0.2194
v 0.1753 2.0865 0.2194
v 0.1756 2.0861 0.2194
v 0.1758 2.0857 0.2194
v 0.1758 2.0852 0.2194
v 0.1758 2.0857 0.2194
v 0.1756 2.0847 0.2194
v 0.1753 2.0843 0.2194
v 0.1748 2.0841 0.2194
v 0.1744 2.084 0.2194
v 0.1739 2.0841 0.2194
v 0.1734 2.0843 0.2194
v 0.1731 2.0847 0.2194
v 0.173 2.0852 0.2194
v 0.173 2.0857 0.2194
v 0.1731 2.0861 0.2194
v 0.1734 2.0865 0.2194
v 0.1739 2.0867 0.2194
v 0.1744 2.0868 0.2194
v 0.1748 2.0867 0.2194
v 0.1753 2.0865 0.2194
v 0.1756 2.0861 0.2194
v 0.1758 2.0857 0.2194
v 0.1758 2.0852 0.2194
v 0.1756 2.0847 0.2194
v 0.1753 2.0843 0.2194
v 0.1748 2.0841 0.2194
v 0.1744 2.084 0.2194
v 0.1739 2.0841 0.2194
v 0.1734 2.0843 0.2194
v 0.1731 2.0847 0.2194
v 0.173 2.0852 0.2194
v 0.173 2.0857 0.2194
v 0.1731 2.0861 0.2194
v 0.1734 2.0865 0.2194
v 0.1739 2.0867 0.2194
v -0.1312 2.0869 0.039
v -0.1317 2.0864 0.039
v -0.1319 2.0858 0.039
v -0.1319 2.0851 0.039
v -0.1317 2.0844 0.039
v -0.1312 2.0839 0.039
v -0.1306 2.0835 0.039
v -0.1299 2.0834 0.039
v -0.1293 2.0835 0.039
v -0.1287 2.0839 0.039
v -0.1282 2.0844 0.039
v -0.128 2.0851 0.039
v -0.128 2.0858 0.039
v -0.1282 2.0864 0.039
v -0.1287 2.0869 0.039
v -0.1293 2.0873 0.039
v -0.1299 2.0874 0.039
v -0.1306 2.0873 0.039
v -0.1299 2.0874 0.039
v -0.1293 2.0873 0.039
v -0.1293 2.0873 0.0751
v -0.1299 2.0874 0.0751
v -0.1287 2.0869 0.039
v -0.1287 2.0869 0.0751
v -0.1282 2.0864 0.039
v -0.1282 2.0864 0.0751
v -0.128 2.0858 0.039
v -0.128 2.0858 0.0751
v -0.128 2.0858 0.039
v -0.128 2.0851 0.039
v -0.128 2.0851 0.0751
v -0.128 2.0858 0.0751
v -0.1282 2.0844 0.039
v -0.1282 2.0844 0.0751
v -0.1287 2.0839 0.039
v -0.1287 2.0839 0.0751
v -0.1293 2.0835 0.039
v -0.1293 2.0835 0.0751
v -0.1299 2.0834 0.039
v -0.1299 2.0834 0.0751
v -0.1306 2.0835 0.039
v -0.1306 2.0835 0.0751
v -0.1312 2.0839 0.039
v -0.1312 2.0839 0.0751
v -0.1317 2.0844 0.039
v -0.1317 2.0844 0.0751
v -0.1319 2.0851 0.039
v -0.1319 2.0851 0.0751
v -0.1319 2.0858 0.039
v -0.1319 2.0858 0.0751
v -0.1317 2.0864 0.039
v -0.1317 2.0864 0.0751
v -0.1312 2.0869 0.039
v -0.1312 2.0869 0.0751
v -0.1306 2.0873 0.039
v -0.1306 2.0873 0.0751
v -0.1293 2.0873 0.1112
v -0.1299 2.0874 0.1112
v -0.1287 2.0869 0.1112
v -0.1282 2.0864 0.1112
v -0.128 2.0858 0.1112
v -0.128 2.0851 0.1112
v -0.128 2.0858 0.1112
v -0.1282 2.0844 0.1112
v -0.1287 2.0839 0.1112
v -0.1293 2.0835 0.1112
v -0.1299 2.0834 0.1112
v -0.1306 2.0835 0.1112
v -0.1312 2.0839 0.1112
v -0.1317 2.0844 0.1112
v -0.1319 2.0851 0.1112
v -0.1319 2.0858 0.1112
v -0.1317 2.0864 0.1112
v -0.1312 2.0869 0.1112
v -0.1306 2.0873 0.1112
v -0.1293 2.0873 0.1472
v -0.1299 2.0874 0.1472
v -0.1287 2.0869 0.1472
v -0.1282 2.0864 0.1472
v -0.128 2.0858 0.1472
v -0.128 2.0851 0.1472
v -0.128 2.0858 0.1472
v -0.1282 2.0844 0.1472
v -0.1287 2.0839 0.1472
v -0.1293 2.0835 0.1472
v -0.1299 2.0834 0.1472
v -0.1306 2.0835 0.1472
v -0.1312 2.0839 0.1472
v -0.1317 2.0844 0.1472
v -0.1319 2.0851 0.1472
v -0.1319 2.0858 0.1472
v -0.1317 2.0864 0.1472
v -0.1312 2.0869 0.1472
v -0.1306 2.0873 0.1472
v -0.1293 2.0873 0.1833
v -0.1299 2.0874 0.1833
v -0.1287 2.0869 0.1833
v -0.1282 2.0864 0.1833
v -0.128 2.0858 0.1833
v -0.128 2.0851 0.1833
v -0.128 2.0858 0.1833
v -0.1282 2.0844 0.1833
v -0.1287 2.0839 0.1833
v -0.1293 2.0835 0.1833
v -0.1299 2.0834 0.1833
v -0.1306 2.0835 0.1833
v -0.1312 2.0839 0.1833
v -0.1317 2.0844 0.1833
v -0.1319 2.0851 0.1833
v -0.1319 2.0858 0.1833
v -0.1317 2.0864 0.1833
v -0.1312 2.0869 0.1833
v -0.1306 2.0873 0.1833
v -0.1294 2.0867 0.2194
v -0.1299 2.0868 0.2194
v -0.129 2.0865 0.2194
v -0.1287 2.0861 0.2194
v -0.1285 2.0857 0.2194
v -0.1285 2.0852 0.2194
v -0.1285 2.0857 0.2194
v -0.1287 2.0847 0.2194
v -0.129 2.0843 0.2194
v -0.1294 2.0841 0.2194
v -0.1299 2.084 0.2194
v -0.1304 2.0841 0.2194
v -0.1308 2.0843 0.2194
v -0.1312 2.0847 0.2194
v -0.1313 2.0852 0.2194
v -0.1313 2.0857 0.2194
v -0.1312 2.0861 0.2194
v -0.1308 2.0865 0.2194
v -0.1304 2.0867 0.2194
v -0.1299 2.0868 0.2194
v -0.1294 2.0867 0.2194
v -0.129 2.0865 0.2194
v -0.1287 2.0861 0.2194
v -0.1285 2.0857 0.2194
v -0.1285 2.0852 0.2194
v -0.1287 2.0847 0.2194
v -0.129 2.0843 0.2194
v -0.1294 2.0841 0.2194
v -0.1299 2.084 0.2194
v -0.1304 2.0841 0.2194
v -0.1308 2.0843 0.2194
v -0.1312 2.0847 0.2194
v -0.1313 2.0852 0.2194
v -0.1313 2.0857 0.2194
v -0.1312 2.0861 0.2194
v -0.1308 2.0865 0.2194
v -0.1304 2.0867 0.2194
v -0.0431 1.8142 0.0695
v -0.0399 1.8142 0.0875
v -0.0394 1.8142 0.0875
v -0.0431 1.8142 0.0677
v -0.1605 1.9975 0.0389
v -0.1621 1.9975 0.0389
v -0.1719 1.9975 -0.0269
v -0.1719 1.9975 -0.0322
v -0.0394 1.8142 0.0875
v -0.1077 1.881 0.0601
v -0.1158 1.881 0.0174
v -0.0431 1.8142 0.0677
v 0.0825 1.8142 0.064
v 0.1559 1.881 0.0093
v 0.1559 1.881 0.0056
v 0.0825 1.8142 0.0623
v 0.0783 1.8142 0.0868
v 0.1469 1.881 0.0585
v 0.1559 1.881 0.0093
v 0.0825 1.8142 0.064
v -0.0431 1.8142 0.0677
v -0.1158 1.881 0.0174
v -0.1158 1.881 0.0211
v -0.0431 1.8142 0.0695
v 0.0473 1.8142 0.1404
v 0.0432 1.8142 0.1404
v 0.0195 1.8142 0.1501
v 0.0195 1.8142 0.1519
v 0.0199 1.9975 0.2306
v 0.0921 1.9975 0.2008
v 0.105 1.9975 0.2008
v 0.0199 1.9975 0.2359
v 0.0432 1.8142 0.1404
v 0.0708 1.881 0.1745
v 0.0198 1.881 0.1955
v 0.0195 1.8142 0.1501
v -0.0075 1.8142 0.1404
v -0.0388 1.881 0.1745
v 0.0198 1.881 0.1993
v 0.0195 1.8142 0.1519
v 0.0473 1.8142 0.1404
v 0.0799 1.881 0.1745
v 0.1103 1.881 0.1619
v 0.0614 1.8142 0.1346
v 0.0734 1.8142 0.106
v 0.0728 1.8142 0.106
v 0.0614 1.8142 0.1329
v 0.0614 1.8142 0.1346
v 0.1481 1.9975 0.1778
v 0.1827 1.9975 0.0957
v 0.1846 1.9975 0.0957
v 0.1481 1.9975 0.1831
v 0.0728 1.8142 0.106
v 0.1348 1.881 0.1002
v 0.1103 1.881 0.1582
v 0.0614 1.8142 0.1329
v -0.0234 1.8142 0.1337
v -0.0075 1.8142 0.1404
v -0.0035 1.8142 0.1404
v -0.0234 1.8142 0.1319
v -0.0505 1.9975 0.2008
v -0.063 1.9975 0.2008
v -0.1115 1.9975 0.1803
v -0.1115 1.9975 0.175
v -0.0035 1.8142 0.1404
v -0.03 1.881 0.1745
v -0.0731 1.881 0.1562
v -0.0234 1.8142 0.1319
v -0.0354 1.8142 0.1113
v -0.099 1.881 0.1116
v -0.0731 1.881 0.16
v -0.0234 1.8142 0.1337
v -0.0354 1.8142 0.1113
v -0.0348 1.8142 0.1113
v -0.1481 1.9975 0.1118
v -0.1465 1.9975 0.1118
v -0.0978 1.881 0.1116
v -0.0348 1.8142 0.1113
v 0.1361 1.881 0.1002
v 0.0734 1.8142 0.106
v 0.0783 1.8142 0.0868
v 0.0777 1.8142 0.0868
v 0.198 1.9975 0.0367
v 0.1998 1.9975 0.0367
v 0.0777 1.8142 0.0868
v 0.1456 1.881 0.0585
v -0.0399 1.8142 0.0875
v -0.1088 1.881 0.0601
v 0.0825 1.8142 0.064
v 0.0825 1.8142 0.0623
v 0.2126 1.9975 -0.0862
v 0.2126 1.9975 -0.0809
v 0.0825 1.8142 0.0623
v 0.1559 1.881 0.0056
v -0.0431 1.8142 0.0695
v -0.1158 1.881 0.0211
v -0.1605 1.9975 0.0389
v -0.1719 1.9975 -0.0322
v 0.2126 1.9975 -0.0809
v 0.2126 1.9975 -0.0862
v 0.1998 1.9975 0.0367
v 0.2126 1.9975 -0.0809
v -0.1719 1.9975 -0.0322
v -0.1719 1.9975 -0.0269
v 0.0921 1.9975 0.2008
v 0.0199 1.9975 0.2306
v -0.063 1.9975 0.2008
v 0.0199 1.9975 0.2359
v 0.105 1.9975 0.2008
v 0.1481 1.9975 0.1831
v 0.1827 1.9975 0.0957
v 0.1481 1.9975 0.1778
v -0.0505 1.9975 0.2008
v -0.1115 1.9975 0.175
v -0.1481 1.9975 0.1118
v -0.1115 1.9975 0.1803
v -0.1465 1.9975 0.1118
v 0.1846 1.9975 0.0957
v 0.198 1.9975 0.0367
v -0.1621 1.9975 0.0389
v 0.2126 1.9975 -0.0862
v -0.1719 1.9975 -0.0269
vt 0.348 0.719
vt 0.359 0.798
vt 0.433 0.724
vt 0.254 0.719
vt 0.255 0.783
vt 0.37 0.973
vt 0.258 0.849
vt 0.239 0.921
vt 0.355 0.876
vt 0.598 0.771
vt 0.433 0.847
vt 0.509 0.902
vt 0.504 0.723
vt 0.103 0.783
vt 0.194 0.801
vt 0.135 0.75
vt 0.17 0.715000033
vt 0.169 0.852
vt 0.005 0.696
vt 0.024 0.668
vt 0.341 0.658
vt 0.433 0.659999967
vt 0.255 0.663
vt 0.518 0.664000034
vt 0.606 0.713
vt 0.182 0.674
vt 0.056 0.641000032
vt 0.087 0.625
vt 0.348 0.719
vt 0.433 0.724
vt 0.359 0.798
vt 0.254 0.719
vt 0.255 0.783
vt 0.258 0.849
vt 0.355 0.876
vt 0.433 0.847
vt 0.504 0.723
vt 0.135 0.75
vt 0.194 0.801
vt 0.17 0.715000033
vt 0.024 0.668
vt 0.341 0.658
vt 0.433 0.659999967
vt 0.255 0.663
vt 0.518 0.664000034
vt 0.182 0.674
vt 0.056 0.641000032
vt 0.087 0.625
vt 0.72 0.834
vt 0.654 0.766000032
vt 0.678 0.835
vt 0.686 0.758
vt 0.722 0.645
vt 0.66 0.633
vt 0.708 0.75
vt 0.619 0.631000042
vt 0.642 0.774
vt 0.652 0.847
vt 0.743 0.913
vt 0.777 0.889
vt 0.75 0.852
vt 0.733 0.962
vt 0.7802 0.5872
vt 0.882 0.659999967
vt 0.87 0.587
vt 0.821 0.815
vt 0.768 0.784999967
vt 0.808 0.741
vt 0.887 0.724
vt 0.8 0.623
vt 0.761 0.738999963
vt 0.73 0.963
vt 0.644 0.941
vt 0.726 0.984
vt 0.853 0.77
vt 0.708 0.717
vt 0.792 0.737
vt 0.776 0.674
vt 0.7318 0.582399964
vt 0.659 0.662
vt 0.6857 0.566
vt 0.7204 0.561
vt 0.7503 0.5302
vt 0.7142 0.501700044
vt 0.7191 0.534000039
vt 0.7389 0.5033
vt 0.7055 0.4559
vt 0.683 0.5398
vt 0.7578 0.572100043
vt 0.819 0.622
vt 0.7499 0.5537
vt 0.6914 0.5015
vt 0.7842 0.565
vt 0.683 0.931
vt 0.6909 0.5622
vt 0.7248 0.5635
vt 0.6747 0.5668
vt 0.7696 0.5595
vt 0.6905 0.527
vt 0.7349 0.534999967
vt 0.6672 0.5388
vt 0.7793 0.53
vt 0.609 0.701
vt 0.87 0.851
vt 0.887 0.833
vt 0.252 0.412
vt 0.25 0.502
vt 0.361 0.427999973
vt 0.318 0.508
vt 0.279 0.318000019
vt 0.388 0.334
vt 0.412 0.138000011
vt 0.81 0.909999967
vt 0.748 0.973
vt 0.7 0.98
vt 0.678 0.938
vt 0.252 0.412
vt 0.25 0.502
vt 0.361 0.427999973
vt 0.319 0.506000042
vt 0.279 0.318000019
vt 0.388 0.334
vt 0.411 0.138000011
vt 0.252 0.412
vt 0.25 0.502
vt 0.361 0.427999973
vt 0.279 0.318000019
vt 0.388 0.334
vt 0.412 0.138000011
vt 0.252 0.412
vt 0.361 0.427999973
vt 0.25 0.502
vt 0.279 0.318000019
vt 0.388 0.334
vt 0.412 0.138000011
vt 0.138 0.0139999986
vt 0.258 0.161000013
vt 0.262 0.0139999986
vt 0.262 0.288
vt 0.137 0.143
vt 0.138 0.288
vt 0.008 0.0139999986
vt 0.009 0.166000009
vt 0.012 0.288
vt 0.0215 0.924
vt 0.0136 0.924
vt 0.0093 0.924
vt 0.0092 0.924
vt 0.0133 0.924
vt 0.021 0.924
vt 0.0315 0.924
vt 0.0435 0.924
vt 0.0555 0.924
vt 0.0661 0.924
vt 0.074 0.924
vt 0.0782 0.924
vt 0.0783 0.924
vt 0.0743 0.924
vt 0.0702 0.924
vt 0.0661 0.924
vt 0.0621 0.924
vt 0.0321 0.924
vt 0.0621 0.924
vt 0.0661 0.924
vt 0.0661 0.9382
vt 0.0621 0.9382
vt 0.0702 0.924
vt 0.0702 0.9382
vt 0.0743 0.924
vt 0.0743 0.9382
vt 0.0783 0.924
vt 0.0783 0.9382
vt 0.0051 0.924
vt 0.0092 0.924
vt 0.0092 0.9382
vt 0.0051 0.9382
vt 0.0133 0.924
vt 0.0133 0.9382
vt 0.0173 0.924
vt 0.0173 0.9382
vt 0.0214 0.924
vt 0.0214 0.9382
vt 0.0255 0.924
vt 0.0255 0.9382
vt 0.0295 0.924
vt 0.0295 0.9382
vt 0.0336 0.924
vt 0.0336 0.9382
vt 0.0377 0.924
vt 0.0377 0.9382
vt 0.0417 0.924
vt 0.0417 0.9382
vt 0.0458 0.924
vt 0.0458 0.9382
vt 0.0499 0.924
vt 0.0499 0.9382
vt 0.0539 0.924
vt 0.0539 0.9382
vt 0.058 0.924
vt 0.058 0.9382
vt 0.0661 0.9525
vt 0.0621 0.9525
vt 0.0702 0.9525
vt 0.0743 0.9525
vt 0.0783 0.9525
vt 0.0092 0.9525
vt 0.0051 0.9525
vt 0.0133 0.9525
vt 0.0173 0.9525
vt 0.0214 0.9525
vt 0.0255 0.9525
vt 0.0295 0.9525
vt 0.0336 0.9525
vt 0.0377 0.9525
vt 0.0417 0.9525
vt 0.0458 0.9525
vt 0.0499 0.9525
vt 0.0539 0.9525
vt 0.058 0.9525
vt 0.0661 0.9667
vt 0.0621 0.9667
vt 0.0702 0.9667
vt 0.0743 0.9667
vt 0.0783 0.9667
vt 0.0092 0.9667
vt 0.0051 0.9667
vt 0.0133 0.9667
vt 0.0173 0.9667
vt 0.0214 0.9667
vt 0.0255 0.9667
vt 0.0295 0.9667
vt 0.0336 0.9667
vt 0.0377 0.9667
vt 0.0417 0.9667
vt 0.0458 0.9667
vt 0.0499 0.9667
vt 0.0539 0.9667
vt 0.058 0.9667
vt 0.0661 0.981
vt 0.0621 0.981
vt 0.0702 0.981
vt 0.0743 0.981
vt 0.0783 0.981
vt 0.0092 0.981
vt 0.0051 0.981
vt 0.0133 0.981
vt 0.0173 0.981
vt 0.0214 0.981
vt 0.0255 0.981
vt 0.0295 0.981
vt 0.0336 0.981
vt 0.0377 0.981
vt 0.0417 0.981
vt 0.0458 0.981
vt 0.0499 0.981
vt 0.0539 0.981
vt 0.058 0.981
vt 0.0661 0.9952
vt 0.0621 0.9952
vt 0.0702 0.9952
vt 0.0743 0.9952
vt 0.0783 0.9952
vt 0.0092 0.9952
vt 0.0051 0.9952
vt 0.0133 0.9952
vt 0.0173 0.9952
vt 0.0214 0.9952
vt 0.0255 0.9952
vt 0.0295 0.9952
vt 0.0336 0.9952
vt 0.0377 0.9952
vt 0.0417 0.9952
vt 0.0458 0.9952
vt 0.0499 0.9952
vt 0.0539 0.9952
vt 0.058 0.9952
vt 0.0621 0.9952
vt 0.0661 0.9952
vt 0.0702 0.9952
vt 0.0743 0.9952
vt 0.0783 0.9952
vt 0.0782 0.9952
vt 0.074 0.9952
vt 0.0661 0.9952
vt 0.0555 0.9952
vt 0.0435 0.9952
vt 0.0315 0.9952
vt 0.021 0.9952
vt 0.0133 0.9952
vt 0.0092 0.9952
vt 0.0093 0.9952
vt 0.0136 0.9952
vt 0.0215 0.9952
vt 0.058 0.9952
vt 0.0215 0.924
vt 0.0136 0.924
vt 0.0093 0.924
vt 0.0092 0.924
vt 0.0133 0.924
vt 0.021 0.924
vt 0.0315 0.924
vt 0.0435 0.924
vt 0.0555 0.924
vt 0.0661 0.924
vt 0.074 0.924
vt 0.0782 0.924
vt 0.0783 0.924
vt 0.0743 0.924
vt 0.0702 0.924
vt 0.0661 0.924
vt 0.0621 0.924
vt 0.0321 0.924
vt 0.0621 0.924
vt 0.0661 0.924
vt 0.0661 0.9381
vt 0.0621 0.9381
vt 0.0702 0.924
vt 0.0702 0.9381
vt 0.0743 0.924
vt 0.0743 0.9381
vt 0.0783 0.924
vt 0.0783 0.9381
vt 0.0052 0.924
vt 0.0092 0.924
vt 0.0092 0.9381
vt 0.0052 0.9381
vt 0.0133 0.924
vt 0.0133 0.9381
vt 0.0174 0.924
vt 0.0174 0.9381
vt 0.0214 0.924
vt 0.0214 0.9381
vt 0.0255 0.924
vt 0.0255 0.9381
vt 0.0296 0.924
vt 0.0296 0.9381
vt 0.0336 0.924
vt 0.0336 0.9381
vt 0.0377 0.924
vt 0.0377 0.9381
vt 0.0417 0.924
vt 0.0417 0.9381
vt 0.0458 0.924
vt 0.0458 0.9381
vt 0.0499 0.924
vt 0.0499 0.9381
vt 0.0539 0.924
vt 0.0539 0.9381
vt 0.058 0.924
vt 0.058 0.9381
vt 0.0661 0.9522
vt 0.0621 0.9522
vt 0.0702 0.9522
vt 0.0743 0.9522
vt 0.0783 0.9522
vt 0.0092 0.9522
vt 0.0052 0.9522
vt 0.0133 0.9522
vt 0.0174 0.9522
vt 0.0214 0.9522
vt 0.0255 0.9522
vt 0.0296 0.9522
vt 0.0336 0.9522
vt 0.0377 0.9522
vt 0.0417 0.9522
vt 0.0458 0.9522
vt 0.0499 0.9522
vt 0.0539 0.9522
vt 0.058 0.9522
vt 0.0661 0.9664
vt 0.0621 0.9664
vt 0.0702 0.9664
vt 0.0743 0.9664
vt 0.0783 0.9664
vt 0.0092 0.9664
vt 0.0052 0.9664
vt 0.0133 0.9664
vt 0.0174 0.9664
vt 0.0214 0.9664
vt 0.0255 0.9664
vt 0.0296 0.9664
vt 0.0336 0.9664
vt 0.0377 0.9664
vt 0.0417 0.9664
vt 0.0458 0.9664
vt 0.0499 0.9664
vt 0.0539 0.9664
vt 0.058 0.9664
vt 0.0661 0.9805
vt 0.0621 0.9805
vt 0.0702 0.9805
vt 0.0743 0.9805
vt 0.0783 0.9805
vt 0.0092 0.9805
vt 0.0052 0.9805
vt 0.0133 0.9805
vt 0.0174 0.9805
vt 0.0214 0.9805
vt 0.0255 0.9805
vt 0.0296 0.9805
vt 0.0336 0.9805
vt 0.0377 0.9805
vt 0.0417 0.9805
vt 0.0458 0.9805
vt 0.0499 0.9805
vt 0.0539 0.9805
vt 0.058 0.9805
vt 0.0661 0.9946
vt 0.0621 0.9946
vt 0.0702 0.9946
vt 0.0743 0.9946
vt 0.0783 0.9946
vt 0.0092 0.9946
vt 0.0052 0.9946
vt 0.0133 0.9946
vt 0.0174 0.9946
vt 0.0214 0.9946
vt 0.0255 0.9946
vt 0.0296 0.9946
vt 0.0336 0.9946
vt 0.0377 0.9946
vt 0.0417 0.9946
vt 0.0458 0.9946
vt 0.0499 0.9946
vt 0.0539 0.9946
vt 0.058 0.9946
vt 0.0621 0.9946
vt 0.0661 0.9946
vt 0.0702 0.9946
vt 0.0743 0.9946
vt 0.0783 0.9946
vt 0.0782 0.9946
vt 0.074 0.9946
vt 0.0661 0.9946
vt 0.0555 0.9946
vt 0.0435 0.9946
vt 0.0315 0.9946
vt 0.021 0.9946
vt 0.0133 0.9946
vt 0.0092 0.9946
vt 0.0093 0.9946
vt 0.0136 0.9946
vt 0.0215 0.9946
vt 0.058 0.9946
vt 0.0215 0.924
vt 0.0136 0.924
vt 0.0093 0.924
vt 0.0092 0.924
vt 0.0133 0.924
vt 0.021 0.924
vt 0.0315 0.924
vt 0.0435 0.924
vt 0.0555 0.924
vt 0.0661 0.924
vt 0.074 0.924
vt 0.0782 0.924
vt 0.0783 0.924
vt 0.0743 0.924
vt 0.0702 0.924
vt 0.0661 0.924
vt 0.0621 0.924
vt 0.0321 0.924
vt 0.0621 0.924
vt 0.0661 0.924
vt 0.0661 0.9382
vt 0.0621 0.9382
vt 0.0702 0.924
vt 0.0702 0.9382
vt 0.0743 0.924
vt 0.0743 0.9382
vt 0.0783 0.924
vt 0.0783 0.9382
vt 0.0051 0.924
vt 0.0092 0.924
vt 0.0092 0.9382
vt 0.0051 0.9382
vt 0.0133 0.924
vt 0.0133 0.9382
vt 0.0173 0.924
vt 0.0173 0.9382
vt 0.0214 0.924
vt 0.0214 0.9382
vt 0.0255 0.924
vt 0.0255 0.9382
vt 0.0295 0.924
vt 0.0295 0.9382
vt 0.0336 0.924
vt 0.0336 0.9382
vt 0.0377 0.924
vt 0.0377 0.9382
vt 0.0417 0.924
vt 0.0417 0.9382
vt 0.0458 0.924
vt 0.0458 0.9382
vt 0.0499 0.924
vt 0.0499 0.9382
vt 0.0539 0.924
vt 0.0539 0.9382
vt 0.058 0.924
vt 0.058 0.9382
vt 0.0661 0.9525
vt 0.0621 0.9525
vt 0.0702 0.9525
vt 0.0743 0.9525
vt 0.0783 0.9525
vt 0.0092 0.9525
vt 0.0051 0.9525
vt 0.0133 0.9525
vt 0.0173 0.9525
vt 0.0214 0.9525
vt 0.0255 0.9525
vt 0.0295 0.9525
vt 0.0336 0.9525
vt 0.0377 0.9525
vt 0.0417 0.9525
vt 0.0458 0.9525
vt 0.0499 0.9525
vt 0.0539 0.9525
vt 0.058 0.9525
vt 0.0661 0.9667
vt 0.0621 0.9667
vt 0.0702 0.9667
vt 0.0743 0.9667
vt 0.0783 0.9667
vt 0.0092 0.9667
vt 0.0051 0.9667
vt 0.0133 0.9667
vt 0.0173 0.9667
vt 0.0214 0.9667
vt 0.0255 0.9667
vt 0.0295 0.9667
vt 0.0336 0.9667
vt 0.0377 0.9667
vt 0.0417 0.9667
vt 0.0458 0.9667
vt 0.0499 0.9667
vt 0.0539 0.9667
vt 0.058 0.9667
vt 0.0661 0.981
vt 0.0621 0.981
vt 0.0702 0.981
vt 0.0743 0.981
vt 0.0783 0.981
vt 0.0092 0.981
vt 0.0051 0.981
vt 0.0133 0.981
vt 0.0173 0.981
vt 0.0214 0.981
vt 0.0255 0.981
vt 0.0295 0.981
vt 0.0336 0.981
vt 0.0377 0.981
vt 0.0417 0.981
vt 0.0458 0.981
vt 0.0499 0.981
vt 0.0539 0.981
vt 0.058 0.981
vt 0.0661 0.9952
vt 0.0621 0.9952
vt 0.0702 0.9952
vt 0.0743 0.9952
vt 0.0783 0.9952
vt 0.0092 0.9952
vt 0.0051 0.9952
vt 0.0133 0.9952
vt 0.0173 0.9952
vt 0.0214 0.9952
vt 0.0255 0.9952
vt 0.0295 0.9952
vt 0.0336 0.9952
vt 0.0377 0.9952
vt 0.0417 0.9952
vt 0.0458 0.9952
vt 0.0499 0.9952
vt 0.0539 0.9952
vt 0.058 0.9952
vt 0.0621 0.9952
vt 0.0661 0.9952
vt 0.0702 0.9952
vt 0.0743 0.9952
vt 0.0783 0.9952
vt 0.0782 0.9952
vt 0.074 0.9952
vt 0.0661 0.9952
vt 0.0555 0.9952
vt 0.0435 0.9952
vt 0.0315 0.9952
vt 0.021 0.9952
vt 0.0133 0.9952
vt 0.0092 0.9952
vt 0.0093 0.9952
vt 0.0136 0.9952
vt 0.0215 0.9952
vt 0.058 0.9952
vt 0.0621 0.9525
vt 0.0661 0.9525
vt 0.0661 0.9667
vt 0.0621 0.9667
vt 0.0702 0.9525
vt 0.0702 0.9667
vt 0.0743 0.9525
vt 0.0743 0.9667
vt 0.0783 0.9525
vt 0.0783 0.9667
vt 0.0051 0.9525
vt 0.0092 0.9525
vt 0.0092 0.9667
vt 0.0051 0.9667
vt 0.0133 0.9525
vt 0.0133 0.9667
vt 0.0173 0.9525
vt 0.0173 0.9667
vt 0.0214 0.9525
vt 0.0214 0.9667
vt 0.0255 0.9525
vt 0.0255 0.9667
vt 0.0295 0.9525
vt 0.0295 0.9667
vt 0.0336 0.9525
vt 0.0336 0.9667
vt 0.0377 0.9525
vt 0.0377 0.9667
vt 0.0417 0.9525
vt 0.0417 0.9667
vt 0.0458 0.9525
vt 0.0458 0.9667
vt 0.0499 0.9525
vt 0.0499 0.9667
vt 0.0539 0.9525
vt 0.0539 0.9667
vt 0.058 0.9525
vt 0.058 0.9667
vt 0.0661 0.981
vt 0.0621 0.981
vt 0.0702 0.981
vt 0.0743 0.981
vt 0.0783 0.981
vt 0.0092 0.981
vt 0.0051 0.981
vt 0.0133 0.981
vt 0.0173 0.981
vt 0.0214 0.981
vt 0.0255 0.981
vt 0.0295 0.981
vt 0.0336 0.981
vt 0.0377 0.981
vt 0.0417 0.981
vt 0.0458 0.981
vt 0.0499 0.981
vt 0.0539 0.981
vt 0.058 0.981
vt 0.0661 0.9952
vt 0.0621 0.9952
vt 0.0702 0.9952
vt 0.0743 0.9952
vt 0.0783 0.9952
vt 0.0092 0.9952
vt 0.0051 0.9952
vt 0.0133 0.9952
vt 0.0173 0.9952
vt 0.0214 0.9952
vt 0.0255 0.9952
vt 0.0295 0.9952
vt 0.0336 0.9952
vt 0.0377 0.9952
vt 0.0417 0.9952
vt 0.0458 0.9952
vt 0.0499 0.9952
vt 0.0539 0.9952
vt 0.058 0.9952
vt 0.0621 0.9952
vt 0.0661 0.9952
vt 0.0702 0.9952
vt 0.0743 0.9952
vt 0.0783 0.9952
vt 0.0782 0.9952
vt 0.074 0.9952
vt 0.0661 0.9952
vt 0.0555 0.9952
vt 0.0435 0.9952
vt 0.0315 0.9952
vt 0.021 0.9952
vt 0.0133 0.9952
vt 0.0092 0.9952
vt 0.0093 0.9952
vt 0.0136 0.9952
vt 0.0215 0.9952
vt 0.058 0.9952
vt 0.0621 0.9667
vt 0.0661 0.9667
vt 0.0661 0.981
vt 0.0621 0.981
vt 0.0702 0.9667
vt 0.0702 0.981
vt 0.0743 0.9667
vt 0.0743 0.981
vt 0.0783 0.9667
vt 0.0783 0.981
vt 0.0051 0.9667
vt 0.0092 0.9667
vt 0.0092 0.981
vt 0.0051 0.981
vt 0.0133 0.9667
vt 0.0133 0.981
vt 0.0173 0.9667
vt 0.0173 0.981
vt 0.0214 0.9667
vt 0.0214 0.981
vt 0.0255 0.9667
vt 0.0255 0.981
vt 0.0295 0.9667
vt 0.0295 0.981
vt 0.0336 0.9667
vt 0.0336 0.981
vt 0.0377 0.9667
vt 0.0377 0.981
vt 0.0417 0.9667
vt 0.0417 0.981
vt 0.0458 0.9667
vt 0.0458 0.981
vt 0.0499 0.9667
vt 0.0499 0.981
vt 0.0539 0.9667
vt 0.0539 0.981
vt 0.058 0.9667
vt 0.058 0.981
vt 0.0661 0.9952
vt 0.0621 0.9952
vt 0.0702 0.9952
vt 0.0743 0.9952
vt 0.0783 0.9952
vt 0.0092 0.9952
vt 0.0051 0.9952
vt 0.0133 0.9952
vt 0.0173 0.9952
vt 0.0214 0.9952
vt 0.0255 0.9952
vt 0.0295 0.9952
vt 0.0336 0.9952
vt 0.0377 0.9952
vt 0.0417 0.9952
vt 0.0458 0.9952
vt 0.0499 0.9952
vt 0.0539 0.9952
vt 0.058 0.9952
vt 0.0621 0.9952
vt 0.0661 0.9952
vt 0.0702 0.9952
vt 0.0743 0.9952
vt 0.0783 0.9952
vt 0.0782 0.9952
vt 0.074 0.9952
vt 0.0661 0.9952
vt 0.0555 0.9952
vt 0.0435 0.9952
vt 0.0315 0.9952
vt 0.021 0.9952
vt 0.0133 0.9952
vt 0.0092 0.9952
vt 0.0093 0.9952
vt 0.0136 0.9952
vt 0.0215 0.9952
vt 0.058 0.9952
vt 0.9963 0.958
vt 0.9694 0.9533
vt 0.9814 0.9432
vt 0.9963 0.9432
vt 0.9628 0.9432
vt 0.9749 0.9533
vt 0.9479 0.958
vt 0.9479 0.9432
vt 0.9628 0.9432
vt 0.9628 0.995
vt 0.9479 0.995
vt 0.9479 0.9432
vt 0.9538 0.9432
vt 0.9538 0.995
vt 0.9479 0.995
vt 0.9479 0.9432
vt 0.9479 0.9432
vt 0.9963 0.9432
vt 0.9963 0.995
vt 0.9479 0.995
vt 0.9498 0.995
vt 0.9479 0.995
vt 0.9479 0.9432
vt 0.9498 0.9432
vt 0.9963 0.9929
vt 0.968 0.983
vt 0.9672 0.966
vt 0.9963 0.9734
vt 0.9963 0.9611
vt 0.9963 0.9759
vt 0.9857 0.9796
vt 0.9788 0.9656
vt 0.9785 0.9432
vt 0.9785 0.995
vt 0.9647 0.995
vt 0.9647 0.9432
vt 0.9825 0.9432
vt 0.9825 0.995
vt 0.9681 0.995
vt 0.9681 0.9432
vt 0.9963 0.995
vt 0.9479 0.995
vt 0.9479 0.9893
vt 0.9963 0.9813
vt 0.9836 0.9432
vt 0.9836 0.995
vt 0.9669 0.9612
vt 0.9773 0.9612
vt 0.9778 0.9528
vt 0.9963 0.9496
vt 0.9963 0.9432
vt 0.9963 0.995
vt 0.9664 0.9528
vt 0.9479 0.9496
vt 0.9479 0.9432
vt 0.9663 0.9432
vt 0.9963 0.9432
vt 0.9779 0.9432
vt 0.9963 0.9432
vt 0.9963 0.995
vt 0.9779 0.995
vt 0.9779 0.9432
vt 0.9585 0.9796
vt 0.9654 0.9656
vt 0.9479 0.9929
vt 0.9479 0.9734
vt 0.977 0.966
vt 0.9762 0.983
vt 0.9479 0.9813
vt 0.9963 0.995
vt 0.9479 0.995
vt 0.9963 0.9893
vt 0.9963 0.9432
vt 0.9963 0.995
vt 0.991 0.995
vt 0.991 0.9432
vt 0.9479 0.9759
vt 0.9479 0.9611
vt 0.9963 0.958
vt 0.9694 0.9533
vt 0.9814 0.9432
vt 0.9963 0.9432
vt 0.9628 0.9432
vt 0.9749 0.9533
vt 0.9479 0.958
vt 0.9479 0.9432
vt 0.9628 0.9432
vt 0.9628 0.995
vt 0.9479 0.995
vt 0.9479 0.9432
vt 0.9538 0.9432
vt 0.9538 0.995
vt 0.9479 0.995
vt 0.9479 0.9432
vt 0.9479 0.9432
vt 0.9963 0.9432
vt 0.9963 0.995
vt 0.9479 0.995
vt 0.9498 0.995
vt 0.9479 0.995
vt 0.9479 0.9432
vt 0.9498 0.9432
vt 0.9963 0.9929
vt 0.968 0.983
vt 0.9672 0.966
vt 0.9963 0.9734
vt 0.9963 0.9611
vt 0.9963 0.9759
vt 0.9857 0.9796
vt 0.9788 0.9656
vt 0.9785 0.9432
vt 0.9785 0.995
vt 0.9647 0.995
vt 0.9647 0.9432
vt 0.9825 0.9432
vt 0.9825 0.995
vt 0.9681 0.995
vt 0.9681 0.9432
vt 0.9963 0.995
vt 0.9479 0.995
vt 0.9479 0.9893
vt 0.9963 0.9813
vt 0.9836 0.9432
vt 0.9836 0.995
vt 0.9669 0.9612
vt 0.9773 0.9612
vt 0.9778 0.9528
vt 0.9963 0.9496
vt 0.9963 0.9432
vt 0.9963 0.995
vt 0.9664 0.9528
vt 0.9479 0.9496
vt 0.9479 0.9432
vt 0.9663 0.9432
vt 0.9963 0.9432
vt 0.9779 0.9432
vt 0.9963 0.9432
vt 0.9963 0.995
vt 0.9779 0.995
vt 0.9779 0.9432
vt 0.9585 0.9796
vt 0.9654 0.9656
vt 0.9479 0.9929
vt 0.9479 0.9734
vt 0.977 0.966
vt 0.9762 0.983
vt 0.9479 0.9813
vt 0.9963 0.995
vt 0.9479 0.995
vt 0.9963 0.9893
vt 0.9963 0.9432
vt 0.9963 0.995
vt 0.991 0.995
vt 0.991 0.9432
vt 0.9479 0.9759
vt 0.9479 0.9611
vt 0.0215 0.924
vt 0.0136 0.924
vt 0.0093 0.924
vt 0.0092 0.924
vt 0.0133 0.924
vt 0.021 0.924
vt 0.0315 0.924
vt 0.0435 0.924
vt 0.0555 0.924
vt 0.0661 0.924
vt 0.074 0.924
vt 0.0782 0.924
vt 0.0783 0.924
vt 0.0743 0.924
vt 0.0702 0.924
vt 0.0661 0.924
vt 0.0621 0.924
vt 0.0321 0.924
vt 0.0621 0.924
vt 0.0661 0.924
vt 0.0661 0.9382
vt 0.0621 0.9382
vt 0.0702 0.924
vt 0.0702 0.9382
vt 0.0743 0.924
vt 0.0743 0.9382
vt 0.0783 0.924
vt 0.0783 0.9382
vt 0.0051 0.924
vt 0.0092 0.924
vt 0.0092 0.9382
vt 0.0051 0.9382
vt 0.0133 0.924
vt 0.0133 0.9382
vt 0.0173 0.924
vt 0.0173 0.9382
vt 0.0214 0.924
vt 0.0214 0.9382
vt 0.0255 0.924
vt 0.0255 0.9382
vt 0.0295 0.924
vt 0.0295 0.9382
vt 0.0336 0.924
vt 0.0336 0.9382
vt 0.0377 0.924
vt 0.0377 0.9382
vt 0.0417 0.924
vt 0.0417 0.9382
vt 0.0458 0.924
vt 0.0458 0.9382
vt 0.0499 0.924
vt 0.0499 0.9382
vt 0.0539 0.924
vt 0.0539 0.9382
vt 0.058 0.924
vt 0.058 0.9382
vt 0.0661 0.9525
vt 0.0621 0.9525
vt 0.0702 0.9525
vt 0.0743 0.9525
vt 0.0783 0.9525
vt 0.0092 0.9525
vt 0.0051 0.9525
vt 0.0133 0.9525
vt 0.0173 0.9525
vt 0.0214 0.9525
vt 0.0255 0.9525
vt 0.0295 0.9525
vt 0.0336 0.9525
vt 0.0377 0.9525
vt 0.0417 0.9525
vt 0.0458 0.9525
vt 0.0499 0.9525
vt 0.0539 0.9525
vt 0.058 0.9525
vt 0.0661 0.9667
vt 0.0621 0.9667
vt 0.0702 0.9667
vt 0.0743 0.9667
vt 0.0783 0.9667
vt 0.0092 0.9667
vt 0.0051 0.9667
vt 0.0133 0.9667
vt 0.0173 0.9667
vt 0.0214 0.9667
vt 0.0255 0.9667
vt 0.0295 0.9667
vt 0.0336 0.9667
vt 0.0377 0.9667
vt 0.0417 0.9667
vt 0.0458 0.9667
vt 0.0499 0.9667
vt 0.0539 0.9667
vt 0.058 0.9667
vt 0.0661 0.981
vt 0.0621 0.981
vt 0.0702 0.981
vt 0.0743 0.981
vt 0.0783 0.981
vt 0.0092 0.981
vt 0.0051 0.981
vt 0.0133 0.981
vt 0.0173 0.981
vt 0.0214 0.981
vt 0.0255 0.981
vt 0.0295 0.981
vt 0.0336 0.981
vt 0.0377 0.981
vt 0.0417 0.981
vt 0.0458 0.981
vt 0.0499 0.981
vt 0.0539 0.981
vt 0.058 0.981
vt 0.0661 0.9952
vt 0.0621 0.9952
vt 0.0702 0.9952
vt 0.0743 0.9952
vt 0.0783 0.9952
vt 0.0092 0.9952
vt 0.0051 0.9952
vt 0.0133 0.9952
vt 0.0173 0.9952
vt 0.0214 0.9952
vt 0.0255 0.9952
vt 0.0295 0.9952
vt 0.0336 0.9952
vt 0.0377 0.9952
vt 0.0417 0.9952
vt 0.0458 0.9952
vt 0.0499 0.9952
vt 0.0539 0.9952
vt 0.058 0.9952
vt 0.0621 0.9952
vt 0.0661 0.9952
vt 0.0702 0.9952
vt 0.0743 0.9952
vt 0.0783 0.9952
vt 0.0782 0.9952
vt 0.074 0.9952
vt 0.0661 0.9952
vt 0.0555 0.9952
vt 0.0435 0.9952
vt 0.0315 0.9952
vt 0.021 0.9952
vt 0.0133 0.9952
vt 0.0092 0.9952
vt 0.0093 0.9952
vt 0.0136 0.9952
vt 0.0215 0.9952
vt 0.058 0.9952
vt 0.0215 0.924
vt 0.0136 0.924
vt 0.0093 0.924
vt 0.0092 0.924
vt 0.0133 0.924
vt 0.021 0.924
vt 0.0315 0.924
vt 0.0435 0.924
vt 0.0555 0.924
vt 0.0661 0.924
vt 0.074 0.924
vt 0.0782 0.924
vt 0.0783 0.924
vt 0.0743 0.924
vt 0.0702 0.924
vt 0.0661 0.924
vt 0.0621 0.924
vt 0.0321 0.924
vt 0.0621 0.924
vt 0.0661 0.924
vt 0.0661 0.9382
vt 0.0621 0.9382
vt 0.0702 0.924
vt 0.0702 0.9382
vt 0.0743 0.924
vt 0.0743 0.9382
vt 0.0783 0.924
vt 0.0783 0.9382
vt 0.0051 0.924
vt 0.0092 0.924
vt 0.0092 0.9382
vt 0.0051 0.9382
vt 0.0133 0.924
vt 0.0133 0.9382
vt 0.0173 0.924
vt 0.0173 0.9382
vt 0.0214 0.924
vt 0.0214 0.9382
vt 0.0255 0.924
vt 0.0255 0.9382
vt 0.0295 0.924
vt 0.0295 0.9382
vt 0.0336 0.924
vt 0.0336 0.9382
vt 0.0377 0.924
vt 0.0377 0.9382
vt 0.0417 0.924
vt 0.0417 0.9382
vt 0.0458 0.924
vt 0.0458 0.9382
vt 0.0499 0.924
vt 0.0499 0.9382
vt 0.0539 0.924
vt 0.0539 0.9382
vt 0.058 0.924
vt 0.058 0.9382
vt 0.0661 0.9525
vt 0.0621 0.9525
vt 0.0702 0.9525
vt 0.0743 0.9525
vt 0.0783 0.9525
vt 0.0092 0.9525
vt 0.0051 0.9525
vt 0.0133 0.9525
vt 0.0173 0.9525
vt 0.0214 0.9525
vt 0.0255 0.9525
vt 0.0295 0.9525
vt 0.0336 0.9525
vt 0.0377 0.9525
vt 0.0417 0.9525
vt 0.0458 0.9525
vt 0.0499 0.9525
vt 0.0539 0.9525
vt 0.058 0.9525
vt 0.0661 0.9667
vt 0.0621 0.9667
vt 0.0702 0.9667
vt 0.0743 0.9667
vt 0.0783 0.9667
vt 0.0092 0.9667
vt 0.0051 0.9667
vt 0.0133 0.9667
vt 0.0173 0.9667
vt 0.0214 0.9667
vt 0.0255 0.9667
vt 0.0295 0.9667
vt 0.0336 0.9667
vt 0.0377 0.9667
vt 0.0417 0.9667
vt 0.0458 0.9667
vt 0.0499 0.9667
vt 0.0539 0.9667
vt 0.058 0.9667
vt 0.0661 0.981
vt 0.0621 0.981
vt 0.0702 0.981
vt 0.0743 0.981
vt 0.0783 0.981
vt 0.0092 0.981
vt 0.0051 0.981
vt 0.0133 0.981
vt 0.0173 0.981
vt 0.0214 0.981
vt 0.0255 0.981
vt 0.0295 0.981
vt 0.0336 0.981
vt 0.0377 0.981
vt 0.0417 0.981
vt 0.0458 0.981
vt 0.0499 0.981
vt 0.0539 0.981
vt 0.058 0.981
vt 0.0661 0.9952
vt 0.0621 0.9952
vt 0.0702 0.9952
vt 0.0743 0.9952
vt 0.0783 0.9952
vt 0.0092 0.9952
vt 0.0051 0.9952
vt 0.0133 0.9952
vt 0.0173 0.9952
vt 0.0214 0.9952
vt 0.0255 0.9952
vt 0.0295 0.9952
vt 0.0336 0.9952
vt 0.0377 0.9952
vt 0.0417 0.9952
vt 0.0458 0.9952
vt 0.0499 0.9952
vt 0.0539 0.9952
vt 0.058 0.9952
vt 0.0621 0.9952
vt 0.0661 0.9952
vt 0.0702 0.9952
vt 0.0743 0.9952
vt 0.0783 0.9952
vt 0.0782 0.9952
vt 0.074 0.9952
vt 0.0661 0.9952
vt 0.0555 0.9952
vt 0.0435 0.9952
vt 0.0315 0.9952
vt 0.021 0.9952
vt 0.0133 0.9952
vt 0.0092 0.9952
vt 0.0093 0.9952
vt 0.0136 0.9952
vt 0.0215 0.9952
vt 0.058 0.9952
vt 0.0621 0.9525
vt 0.0661 0.9525
vt 0.0661 0.9667
vt 0.0621 0.9667
vt 0.0702 0.9525
vt 0.0702 0.9667
vt 0.0743 0.9525
vt 0.0743 0.9667
vt 0.0783 0.9525
vt 0.0783 0.9667
vt 0.0051 0.9525
vt 0.0092 0.9525
vt 0.0092 0.9667
vt 0.0051 0.9667
vt 0.0133 0.9525
vt 0.0133 0.9667
vt 0.0173 0.9525
vt 0.0173 0.9667
vt 0.0214 0.9525
vt 0.0214 0.9667
vt 0.0255 0.9525
vt 0.0255 0.9667
vt 0.0295 0.9525
vt 0.0295 0.9667
vt 0.0336 0.9525
vt 0.0336 0.9667
vt 0.0377 0.9525
vt 0.0377 0.9667
vt 0.0417 0.9525
vt 0.0417 0.9667
vt 0.0458 0.9525
vt 0.0458 0.9667
vt 0.0499 0.9525
vt 0.0499 0.9667
vt 0.0539 0.9525
vt 0.0539 0.9667
vt 0.058 0.9525
vt 0.058 0.9667
vt 0.0661 0.981
vt 0.0621 0.981
vt 0.0702 0.981
vt 0.0743 0.981
vt 0.0783 0.981
vt 0.0092 0.981
vt 0.0051 0.981
vt 0.0133 0.981
vt 0.0173 0.981
vt 0.0214 0.981
vt 0.0255 0.981
vt 0.0295 0.981
vt 0.0336 0.981
vt 0.0377 0.981
vt 0.0417 0.981
vt 0.0458 0.981
vt 0.0499 0.981
vt 0.0539 0.981
vt 0.058 0.981
vt 0.0661 0.9952
vt 0.0621 0.9952
vt 0.0702 0.9952
vt 0.0743 0.9952
vt 0.0783 0.9952
vt 0.0092 0.9952
vt 0.0051 0.9952
vt 0.0133 0.9952
vt 0.0173 0.9952
vt 0.0214 0.9952
vt 0.0255 0.9952
vt 0.0295 0.9952
vt 0.0336 0.9952
vt 0.0377 0.9952
vt 0.0417 0.9952
vt 0.0458 0.9952
vt 0.0499 0.9952
vt 0.0539 0.9952
vt 0.058 0.9952
vt 0.0621 0.9952
vt 0.0661 0.9952
vt 0.0702 0.9952
vt 0.0743 0.9952
vt 0.0783 0.9952
vt 0.0782 0.9952
vt 0.074 0.9952
vt 0.0661 0.9952
vt 0.0555 0.9952
vt 0.0435 0.9952
vt 0.0315 0.9952
vt 0.021 0.9952
vt 0.0133 0.9952
vt 0.0092 0.9952
vt 0.0093 0.9952
vt 0.0136 0.9952
vt 0.0215 0.9952
vt 0.058 0.9952
vt 0.0621 0.9667
vt 0.0661 0.9667
vt 0.0661 0.981
vt 0.0621 0.981
vt 0.0702 0.9667
vt 0.0702 0.981
vt 0.0743 0.9667
vt 0.0743 0.981
vt 0.0783 0.9667
vt 0.0783 0.981
vt 0.0051 0.9667
vt 0.0092 0.9667
vt 0.0092 0.981
vt 0.0051 0.981
vt 0.0133 0.9667
vt 0.0133 0.981
vt 0.0173 0.9667
vt 0.0173 0.981
vt 0.0214 0.9667
vt 0.0214 0.981
vt 0.0255 0.9667
vt 0.0255 0.981
vt 0.0295 0.9667
vt 0.0295 0.981
vt 0.0336 0.9667
vt 0.0336 0.981
vt 0.0377 0.9667
vt 0.0377 0.981
vt 0.0417 0.9667
vt 0.0417 0.981
vt 0.0458 0.9667
vt 0.0458 0.981
vt 0.0499 0.9667
vt 0.0499 0.981
vt 0.0539 0.9667
vt 0.0539 0.981
vt 0.058 0.9667
vt 0.058 0.981
vt 0.0661 0.9952
vt 0.0621 0.9952
vt 0.0702 0.9952
vt 0.0743 0.9952
vt 0.0783 0.9952
vt 0.0092 0.9952
vt 0.0051 0.9952
vt 0.0133 0.9952
vt 0.0173 0.9952
vt 0.0214 0.9952
vt 0.0255 0.9952
vt 0.0295 0.9952
vt 0.0336 0.9952
vt 0.0377 0.9952
vt 0.0417 0.9952
vt 0.0458 0.9952
vt 0.0499 0.9952
vt 0.0539 0.9952
vt 0.058 0.9952
vt 0.0621 0.9952
vt 0.0661 0.9952
vt 0.0702 0.9952
vt 0.0743 0.9952
vt 0.0783 0.9952
vt 0.0782 0.9952
vt 0.074 0.9952
vt 0.0661 0.9952
vt 0.0555 0.9952
vt 0.0435 0.9952
vt 0.0315 0.9952
vt 0.021 0.9952
vt 0.0133 0.9952
vt 0.0092 0.9952
vt 0.0093 0.9952
vt 0.0136 0.9952
vt 0.0215 0.9952
vt 0.058 0.9952
vt 0.0215 0.924
vt 0.0136 0.924
vt 0.0093 0.924
vt 0.0092 0.924
vt 0.0133 0.924
vt 0.021 0.924
vt 0.0315 0.924
vt 0.0435 0.924
vt 0.0555 0.924
vt 0.0661 0.924
vt 0.074 0.924
vt 0.0782 0.924
vt 0.0783 0.924
vt 0.0743 0.924
vt 0.0702 0.924
vt 0.0661 0.924
vt 0.0621 0.924
vt 0.0321 0.924
vt 0.0621 0.924
vt 0.0661 0.924
vt 0.0661 0.9381
vt 0.0621 0.9381
vt 0.0702 0.924
vt 0.0702 0.9381
vt 0.0743 0.924
vt 0.0743 0.9381
vt 0.0783 0.924
vt 0.0783 0.9381
vt 0.0052 0.924
vt 0.0092 0.924
vt 0.0092 0.9381
vt 0.0052 0.9381
vt 0.0133 0.924
vt 0.0133 0.9381
vt 0.0174 0.924
vt 0.0174 0.9381
vt 0.0214 0.924
vt 0.0214 0.9381
vt 0.0255 0.924
vt 0.0255 0.9381
vt 0.0296 0.924
vt 0.0296 0.9381
vt 0.0336 0.924
vt 0.0336 0.9381
vt 0.0377 0.924
vt 0.0377 0.9381
vt 0.0417 0.924
vt 0.0417 0.9381
vt 0.0458 0.924
vt 0.0458 0.9381
vt 0.0499 0.924
vt 0.0499 0.9381
vt 0.0539 0.924
vt 0.0539 0.9381
vt 0.058 0.924
vt 0.058 0.9381
vt 0.0661 0.9522
vt 0.0621 0.9522
vt 0.0702 0.9522
vt 0.0743 0.9522
vt 0.0783 0.9522
vt 0.0092 0.9522
vt 0.0052 0.9522
vt 0.0133 0.9522
vt 0.0174 0.9522
vt 0.0214 0.9522
vt 0.0255 0.9522
vt 0.0296 0.9522
vt 0.0336 0.9522
vt 0.0377 0.9522
vt 0.0417 0.9522
vt 0.0458 0.9522
vt 0.0499 0.9522
vt 0.0539 0.9522
vt 0.058 0.9522
vt 0.0661 0.9664
vt 0.0621 0.9664
vt 0.0702 0.9664
vt 0.0743 0.9664
vt 0.0783 0.9664
vt 0.0092 0.9664
vt 0.0052 0.9664
vt 0.0133 0.9664
vt 0.0174 0.9664
vt 0.0214 0.9664
vt 0.0255 0.9664
vt 0.0296 0.9664
vt 0.0336 0.9664
vt 0.0377 0.9664
vt 0.0417 0.9664
vt 0.0458 0.9664
vt 0.0499 0.9664
vt 0.0539 0.9664
vt 0.058 0.9664
vt 0.0661 0.9805
vt 0.0621 0.9805
vt 0.0702 0.9805
vt 0.0743 0.9805
vt 0.0783 0.9805
vt 0.0092 0.9805
vt 0.0052 0.9805
vt 0.0133 0.9805
vt 0.0174 0.9805
vt 0.0214 0.9805
vt 0.0255 0.9805
vt 0.0296 0.9805
vt 0.0336 0.9805
vt 0.0377 0.9805
vt 0.0417 0.9805
vt 0.0458 0.9805
vt 0.0499 0.9805
vt 0.0539 0.9805
vt 0.058 0.9805
vt 0.0218 0.9242
vt 0.014 0.9242
vt 0.0098 0.9242
vt 0.0097 0.9242
vt 0.0137 0.9242
vt 0.0214 0.9242
vt 0.0317 0.9242
vt 0.0435 0.9242
vt 0.0553 0.9242
vt 0.0657 0.9242
vt 0.0735 0.9242
vt 0.0777 0.9242
vt 0.0778 0.9242
vt 0.0738 0.9242
vt 0.0698 0.9242
vt 0.0658 0.9242
vt 0.0618 0.9242
vt 0.0322 0.9242
vt 0.0618 0.9242
vt 0.0658 0.9242
vt 0.0658 0.9381
vt 0.0618 0.9381
vt 0.0698 0.9242
vt 0.0698 0.9381
vt 0.0738 0.9242
vt 0.0738 0.9381
vt 0.0778 0.9242
vt 0.0778 0.9381
vt 0.0057 0.9242
vt 0.0097 0.9242
vt 0.0097 0.9381
vt 0.0057 0.9381
vt 0.0137 0.9242
vt 0.0137 0.9381
vt 0.0177 0.9242
vt 0.0177 0.9381
vt 0.0218 0.9242
vt 0.0218 0.9381
vt 0.0258 0.9242
vt 0.0258 0.9381
vt 0.0298 0.9242
vt 0.0298 0.9381
vt 0.0338 0.9242
vt 0.0338 0.9381
vt 0.0378 0.9242
vt 0.0378 0.9381
vt 0.0418 0.9242
vt 0.0418 0.9381
vt 0.0458 0.9242
vt 0.0458 0.9381
vt 0.0498 0.9242
vt 0.0498 0.9381
vt 0.0538 0.9242
vt 0.0538 0.9381
vt 0.0578 0.9242
vt 0.0578 0.9381
vt 0.0658 0.952
vt 0.0618 0.952
vt 0.0698 0.952
vt 0.0738 0.952
vt 0.0778 0.952
vt 0.0097 0.952
vt 0.0057 0.952
vt 0.0137 0.952
vt 0.0177 0.952
vt 0.0218 0.952
vt 0.0258 0.952
vt 0.0298 0.952
vt 0.0338 0.952
vt 0.0378 0.952
vt 0.0418 0.952
vt 0.0458 0.952
vt 0.0498 0.952
vt 0.0538 0.952
vt 0.0578 0.952
vt 0.0658 0.9659
vt 0.0618 0.9659
vt 0.0698 0.9659
vt 0.0738 0.9659
vt 0.0778 0.9659
vt 0.0097 0.9659
vt 0.0057 0.9659
vt 0.0137 0.9659
vt 0.0177 0.9659
vt 0.0218 0.9659
vt 0.0258 0.9659
vt 0.0298 0.9659
vt 0.0338 0.9659
vt 0.0378 0.9659
vt 0.0418 0.9659
vt 0.0458 0.9659
vt 0.0498 0.9659
vt 0.0538 0.9659
vt 0.0578 0.9659
vt 0.0658 0.9798
vt 0.0618 0.9798
vt 0.0698 0.9798
vt 0.0738 0.9798
vt 0.0778 0.9798
vt 0.0097 0.9798
vt 0.0057 0.9798
vt 0.0137 0.9798
vt 0.0177 0.9798
vt 0.0218 0.9798
vt 0.0258 0.9798
vt 0.0298 0.9798
vt 0.0338 0.9798
vt 0.0378 0.9798
vt 0.0418 0.9798
vt 0.0458 0.9798
vt 0.0498 0.9798
vt 0.0538 0.9798
vt 0.0578 0.9798
vt 0.0658 0.9937
vt 0.0618 0.9937
vt 0.0698 0.9937
vt 0.0738 0.9937
vt 0.0778 0.9937
vt 0.0097 0.9937
vt 0.0057 0.9937
vt 0.0137 0.9937
vt 0.0177 0.9937
vt 0.0218 0.9937
vt 0.0258 0.9937
vt 0.0298 0.9937
vt 0.0338 0.9937
vt 0.0378 0.9937
vt 0.0418 0.9937
vt 0.0458 0.9937
vt 0.0498 0.9937
vt 0.0538 0.9937
vt 0.0578 0.9937
vt 0.0618 0.9937
vt 0.0658 0.9937
vt 0.0698 0.9937
vt 0.0738 0.9937
vt 0.0778 0.9937
vt 0.0777 0.9937
vt 0.0735 0.9937
vt 0.0657 0.9937
vt 0.0553 0.9937
vt 0.0435 0.9937
vt 0.0317 0.9937
vt 0.0214 0.9937
vt 0.0137 0.9937
vt 0.0097 0.9937
vt 0.0098 0.9937
vt 0.014 0.9937
vt 0.0218 0.9937
vt 0.0578 0.9937
vt 0.0218 0.9242
vt 0.014 0.9242
vt 0.0098 0.9242
vt 0.0097 0.9242
vt 0.0137 0.9242
vt 0.0214 0.9242
vt 0.0317 0.9242
vt 0.0435 0.9242
vt 0.0553 0.9242
vt 0.0657 0.9242
vt 0.0735 0.9242
vt 0.0777 0.9242
vt 0.0778 0.9242
vt 0.0738 0.9242
vt 0.0698 0.9242
vt 0.0658 0.9242
vt 0.0618 0.9242
vt 0.0322 0.9242
vt 0.0618 0.9242
vt 0.0658 0.9242
vt 0.0658 0.9381
vt 0.0618 0.9381
vt 0.0698 0.9242
vt 0.0698 0.9381
vt 0.0738 0.9242
vt 0.0738 0.9381
vt 0.0778 0.9242
vt 0.0778 0.9381
vt 0.0057 0.9242
vt 0.0097 0.9242
vt 0.0097 0.9381
vt 0.0057 0.9381
vt 0.0137 0.9242
vt 0.0137 0.9381
vt 0.0177 0.9242
vt 0.0177 0.9381
vt 0.0218 0.9242
vt 0.0218 0.9381
vt 0.0258 0.9242
vt 0.0258 0.9381
vt 0.0298 0.9242
vt 0.0298 0.9381
vt 0.0338 0.9242
vt 0.0338 0.9381
vt 0.0378 0.9242
vt 0.0378 0.9381
vt 0.0418 0.9242
vt 0.0418 0.9381
vt 0.0458 0.9242
vt 0.0458 0.9381
vt 0.0498 0.9242
vt 0.0498 0.9381
vt 0.0538 0.9242
vt 0.0538 0.9381
vt 0.0578 0.9242
vt 0.0578 0.9381
vt 0.0658 0.952
vt 0.0618 0.952
vt 0.0698 0.952
vt 0.0738 0.952
vt 0.0778 0.952
vt 0.0097 0.952
vt 0.0057 0.952
vt 0.0137 0.952
vt 0.0177 0.952
vt 0.0218 0.952
vt 0.0258 0.952
vt 0.0298 0.952
vt 0.0338 0.952
vt 0.0378 0.952
vt 0.0418 0.952
vt 0.0458 0.952
vt 0.0498 0.952
vt 0.0538 0.952
vt 0.0578 0.952
vt 0.0658 0.9659
vt 0.0618 0.9659
vt 0.0698 0.9659
vt 0.0738 0.9659
vt 0.0778 0.9659
vt 0.0097 0.9659
vt 0.0057 0.9659
vt 0.0137 0.9659
vt 0.0177 0.9659
vt 0.0218 0.9659
vt 0.0258 0.9659
vt 0.0298 0.9659
vt 0.0338 0.9659
vt 0.0378 0.9659
vt 0.0418 0.9659
vt 0.0458 0.9659
vt 0.0498 0.9659
vt 0.0538 0.9659
vt 0.0578 0.9659
vt 0.0658 0.9798
vt 0.0618 0.9798
vt 0.0698 0.9798
vt 0.0738 0.9798
vt 0.0778 0.9798
vt 0.0097 0.9798
vt 0.0057 0.9798
vt 0.0137 0.9798
vt 0.0177 0.9798
vt 0.0218 0.9798
vt 0.0258 0.9798
vt 0.0298 0.9798
vt 0.0338 0.9798
vt 0.0378 0.9798
vt 0.0418 0.9798
vt 0.0458 0.9798
vt 0.0498 0.9798
vt 0.0538 0.9798
vt 0.0578 0.9798
vt 0.0658 0.9937
vt 0.0618 0.9937
vt 0.0698 0.9937
vt 0.0738 0.9937
vt 0.0778 0.9937
vt 0.0097 0.9937
vt 0.0057 0.9937
vt 0.0137 0.9937
vt 0.0177 0.9937
vt 0.0218 0.9937
vt 0.0258 0.9937
vt 0.0298 0.9937
vt 0.0338 0.9937
vt 0.0378 0.9937
vt 0.0418 0.9937
vt 0.0458 0.9937
vt 0.0498 0.9937
vt 0.0538 0.9937
vt 0.0578 0.9937
vt 0.0618 0.9937
vt 0.0658 0.9937
vt 0.0698 0.9937
vt 0.0738 0.9937
vt 0.0778 0.9937
vt 0.0777 0.9937
vt 0.0735 0.9937
vt 0.0657 0.9937
vt 0.0553 0.9937
vt 0.0435 0.9937
vt 0.0317 0.9937
vt 0.0214 0.9937
vt 0.0137 0.9937
vt 0.0097 0.9937
vt 0.0098 0.9937
vt 0.014 0.9937
vt 0.0218 0.9937
vt 0.0578 0.9937
vt 0.5725 0.9894
vt 0.5369 0.9894
vt 0.5343 0.685099959
vt 0.5725 0.685099959
vt 0.2258 0.685099959
vt 0.2232 0.9894
vt 0.1877 0.9894
vt 0.1877 0.685099959
vt 0.2258 0.685099959
vt 0.2258 0.8372
vt 0.1877 0.8372
vt 0.1877 0.685099959
vt 0.5725 0.685099959
vt 0.5725 0.8372
vt 0.1877 0.8372
vt 0.1877 0.685099959
vt 0.2284 0.685099959
vt 0.2284 0.8372
vt 0.1877 0.8372
vt 0.1877 0.685099959
vt 0.5725 0.685099959
vt 0.5725 0.8372
vt 0.1877 0.8372
vt 0.1877 0.685099959
vt 0.318 0.9894
vt 0.3273 0.685099959
vt 0.3801 0.685099959
vt 0.3801 0.9894
vt 0.3801 0.685099959
vt 0.4328 0.685099959
vt 0.4421 0.9894
vt 0.3801 0.9894
vt 0.4328 0.685099959
vt 0.4328 0.8372
vt 0.3801 0.8372
vt 0.3801 0.685099959
vt 0.4406 0.685099959
vt 0.4406 0.8372
vt 0.3801 0.8372
vt 0.3801 0.685099959
vt 0.318 0.685099959
vt 0.318 0.8372
vt 0.2865 0.8372
vt 0.2865 0.685099959
vt 0.2504 0.9894
vt 0.2528 0.685099959
vt 0.2865 0.685099959
vt 0.2865 0.9894
vt 0.4736 0.685099959
vt 0.5073 0.685099959
vt 0.5097 0.9894
vt 0.4736 0.9894
vt 0.5073 0.685099959
vt 0.5073 0.8372
vt 0.4736 0.8372
vt 0.4736 0.685099959
vt 0.476 0.9894
vt 0.4406 0.9894
vt 0.4314 0.685099959
vt 0.476 0.685099959
vt 0.3287 0.685099959
vt 0.3196 0.9894
vt 0.2841 0.9894
vt 0.2841 0.685099959
vt 0.3287 0.685099959
vt 0.3287 0.8372
vt 0.2841 0.8372
vt 0.2841 0.685099959
vt 0.5134 0.685099959
vt 0.5134 0.8372
vt 0.476 0.8372
vt 0.476 0.685099959
vt 0.5134 0.9894
vt 0.5108 0.685099959
vt 0.2467 0.9894
vt 0.2493 0.685099959
vt 0.2493 0.8372
vt 0.2493 0.685099959
vt 0.2504 0.8372
vt 0.2504 0.685099959
vt 0.2284 0.9894
vt 0.2309 0.685099959
vt 0.5293 0.685099959
vt 0.5317 0.9894
vt 0.5293 0.685099959
vt 0.5293 0.8372
vt 0.5369 0.685099959
vt 0.5369 0.8372
vt 0.1877 0.9894
vt 0.1877 0.685099959
vt 0.5725 0.685099959
vt 0.5725 0.9894
vt 0.5725 0.685099959
vt 0.5725 0.8372
vt 0.5725 0.685099959
vt 0.5725 0.8372
vt 0.2258 0.9894
vt 0.1877 0.9894
vt 0.5725 0.9894
vt 0.1877 0.9894
vt 0.2284 0.9894
vt 0.1877 0.9894
vt 0.5725 0.9894
vt 0.1877 0.9894
vt 0.4328 0.9894
vt 0.3801 0.9894
vt 0.4406 0.9894
vt 0.3801 0.9894
vt 0.318 0.9894
vt 0.2865 0.9894
vt 0.5073 0.9894
vt 0.4736 0.9894
vt 0.3287 0.9894
vt 0.2841 0.9894
vt 0.5134 0.9894
vt 0.476 0.9894
vt 0.2493 0.9894
vt 0.2504 0.9894
vt 0.5293 0.9894
vt 0.5369 0.9894
vt 0.5725 0.9894
vt 0.5725 0.9894
vn -0.978 0.209 0.015
vn -0.867 0.476 -0.146
vn -0.849 0.373 0.374
vn -0.966 0.024 -0.259
vn -0.811 0.187 -0.554
vn 0.009 0.927 -0.376
vn -0.473 0.442 -0.762
vn -0.045 0.463 -0.885
vn -0.55 0.78 -0.299
vn 0.099 0.669 0.736
vn -0.45 0.883 0.13
vn 0.05 0.984 0.172
vn -0.424 0.592 0.685
vn -0.066 0.301 -0.951
vn -0.454 -0.063 -0.889
vn -0.519 0.229 -0.824
vn -0.859 0.026 -0.512
vn -0.075 -0.038 -0.996
vn -0.023 0.703 -0.711
vn -0.455 0.618 -0.642
vn -0.992 0.099 0.084
vn -0.825 0.131 0.55
vn -0.993 -0.048 -0.112
vn -0.447 0.277 0.85
vn 0.072 0.35 0.934
vn -0.957 -0.1 -0.272
vn -0.651 0.493 -0.577
vn -0.918 0.168 -0.36
vn 0.985 0.124 -0.117
vn 0.886 0.32 0.335
vn 0.859 0.428 -0.281
vn 0.883 0.046 -0.468
vn 0.72 0.115 -0.684
vn 0.372 0.406 -0.834
vn 0.514 0.764 -0.389
vn 0.529 0.844 0.091
vn 0.588 0.543 0.6
vn 0.361 0.209 -0.909
vn 0.298 -0.082 -0.951
vn 0.786 0.042 -0.616
vn 0.395 0.607 -0.69
vn 0.999 0.033 0.024
vn 0.96 0.262 0.097
vn 0.897 0.046 -0.439
vn 0.698 0.347 0.626
vn 0.886 -0.039 -0.462
vn 0.574 0.484 -0.661
vn 0.876 0.099 -0.472
vn 0.948 0.184 -0.261
vn 0.965 -0.022 -0.262
vn 0.849 0.438 -0.297
vn 0.834 0.054 -0.549
vn 0.025 0.28 -0.96
vn 0.662 0.241 -0.71
vn 0.029 0.223 -0.974
vn 0.847 0.246 -0.472
vn 0.868 -0.437 0.234
vn 0.96 0.262 0.097
vn -0.156 0.829 0.537
vn -0.537 0.445 0.717
vn -0.716 0.543 0.438
vn 0.084 0.637 0.767
vn -0.984 0.177 0.017
vn -0.896 0.054 0.442
vn -0.944 0.266 0.193
vn -0.802 0.079 0.593
vn -0.948 0.295 0.121
vn -0.991 -0.052 -0.125
vn -0.961 -0.221 0.169
vn -0.834 0.198 -0.516
vn -0.671 0.102 -0.735
vn 0.236 0.829 0.507
vn 0.658 0.615 0.435
vn 0.084 0.637 0.767
vn -0.943 -0.158 0.293
vn -0.429 0.14 -0.892
vn -0.387 -0.162 -0.908
vn -0.323 0.02 -0.946
vn 0.218 0.83 -0.513
vn 0.121 0.869 -0.48
vn 0.499 0.656 0.567
vn 0.705 0.607 0.366
vn 0.975 0.092 0.201
vn 0.889 -0.132 0.438
vn 0.882 0.126 0.454
vn 1 -0.022 0.021
vn 0.922 -0.189 0.339
vn 0.79 0.104 0.604
vn 0.496 0.464 -0.734
vn -0.265 -0.281 -0.923
vn 0.923 0.321 0.214
vn 0.671 -0.167 0.723
vn -0.94 0.285 0.186
vn 0.547 0.719 0.429
vn 0.599 0.287 -0.747
vn -0.087 0.307 -0.948
vn 0.734 0.286 -0.616
vn -0.619 0.25 -0.744
vn 0.316 0.157 -0.936
vn -0.167 0.173 -0.971
vn 0.7 0.302 -0.648
vn -0.581 0.194 -0.79
vn 0.994 0.109 -0.012
vn -0.784 -0.145 0.603
vn -0.977 0.119 0.175
vn 0.54 0.794 0.278
vn 0.274 0.931 -0.24
vn 0.481 0.875 0.055
vn 0.32 0.888 -0.33
vn 0.653 0.371 0.66
vn 0.637 0.265 0.724
vn 0.604 0.068 0.794
vn -0.665 0.247 0.705
vn 0.014 0.346 0.938
vn 0.014 0.346 0.938
vn 0.236 0.829 0.507
vn -0.743 0.287 0.605
vn -0.537 0.445 0.717
vn -0.679 0.311 0.665
vn -0.363 0.407 0.838
vn -0.726 0.373 0.578
vn -0.728 0.361 0.583
vn -0.709 0.436 0.555
vn 0.934 0.197 -0.298
vn 0.72 0.453 -0.526
vn 0.942 0.189 -0.277
vn 0.997 -0.045 -0.064
vn 0.997 -0.067 -0.045
vn 0.988 -0.156 -0.015
vn -0.955 0.184 -0.232
vn -0.955 0.191 -0.229
vn -0.745 0.456 -0.487
vn -0.999 -0.048 -0.006
vn -0.998 -0.068 0.009
vn -0.988 -0.152 0.038
vn -0.079 -0.121 -0.989
vn -0.367 -0.036 -0.93
vn -0.465 -0.179 -0.867
vn -0.212 0.112 -0.971
vn -0.075 0.015 -0.997
vn -0.067 0.144 -0.987
vn 0.313 -0.208 -0.927
vn 0.219 -0.056 -0.974
vn 0.08 0.099 -0.992
vn 0 -1 0
vn 0 -1 0
vn 0 -1 0
vn 0 -1 0
vn 0 -1 0
vn 0 -1 0
vn 0 -1 0
vn 0 -1 0
vn 0 -1 0
vn 0 -1 0
vn 0 -1 0
vn 0 -1 0
vn 0 -1 0
vn 0 -1 0
vn 0 -1 0
vn 0 -1 0
vn 0 -1 0
vn 0 -1 0
vn 0.9997 0.0253 0
vn 0.9996 0.0252 0.0136
vn 0.9958 0.0849 0.0343
vn 0.9964 0.085 0
vn 0.9992 0.0249 0.0319
vn 0.9931 0.0844 0.0818
vn 0.9972 0.0245 0.071
vn 0.979 0.082 0.1865
vn 0.6767 0.0165 0.7361
vn 0.6826 0.0251 0.7303
vn 0.6767 0.0165 0.7361
vn -0.6655 -0.0155 0.7462
vn -0.5686 -0.0686 0.8197
vn 0.6826 0.0251 0.7303
vn -0.9972 -0.0231 0.0711
vn -0.991 -0.0714 0.1132
vn -0.9992 -0.0227 0.032
vn -0.9958 -0.0717 0.0561
vn -0.9997 -0.0225 0.0136
vn -0.9971 -0.0716 0.0246
vn -0.9997 -0.0225 0
vn -0.9974 -0.0716 0
vn -0.9996 -0.0227 -0.0136
vn -0.9971 -0.0715 -0.0245
vn -0.9992 -0.0231 -0.0319
vn -0.9959 -0.0715 -0.0559
vn -0.9972 -0.0235 -0.071
vn -0.9911 -0.0711 -0.1125
vn -0.6654 -0.0159 -0.7463
vn -0.5686 -0.0686 -0.8197
vn 0.6768 0.0168 -0.736
vn 0.6831 0.0249 -0.7299
vn 0.9972 0.0249 -0.071
vn 0.9791 0.0818 -0.1863
vn 0.9992 0.0252 -0.032
vn 0.9931 0.0843 -0.0817
vn 0.9996 0.0253 -0.0136
vn 0.9958 0.0848 -0.0343
vn 0.9176 0.3701 0.1454
vn 0.9262 0.3769 0
vn 0.8839 0.3435 0.3173
vn 0.793 0.272 0.5452
vn 0.5633 0.1077 0.8192
vn -0.2424 -0.1324 0.9611
vn 0.5633 0.1077 0.8192
vn -0.8384 -0.2766 0.4697
vn -0.9143 -0.3149 0.2549
vn -0.9373 -0.3289 0.1156
vn -0.943 -0.3327 0
vn -0.9373 -0.3289 -0.1156
vn -0.9143 -0.3149 -0.2549
vn -0.8384 -0.2766 -0.4697
vn -0.2424 -0.1324 -0.9611
vn 0.5633 0.1077 -0.8192
vn 0.793 0.272 -0.5452
vn 0.8839 0.3435 -0.3173
vn 0.9176 0.3701 -0.1454
vn -0.0467 0.9481 0.3144
vn -0.0455 0.999 0
vn -0.0502 0.8005 0.5972
vn -0.054 0.5698 0.82
vn -0.0464 0.276 0.9601
vn 0.0021 -0.0606 0.9982
vn -0.0464 0.276 0.9601
vn 0.0507 -0.4095 0.9109
vn 0.059 -0.7159 0.6957
vn 0.0565 -0.9246 0.3767
vn 0.055 -0.9985 0
vn 0.0565 -0.9246 -0.3767
vn 0.059 -0.7159 -0.6957
vn 0.0507 -0.4095 -0.9109
vn 0.0021 -0.0606 -0.9982
vn -0.0464 0.276 -0.9601
vn -0.054 0.5698 -0.82
vn -0.0502 0.8005 -0.5972
vn -0.0467 0.9481 -0.3144
vn -0.948 0.2955 0.1183
vn -0.954 0.2997 0
vn -0.9233 0.2786 0.2643
vn -0.8481 0.2261 0.4792
vn -0.6322 0.0755 0.7711
vn 0.2877 -0.1275 0.9492
vn -0.6322 0.0755 0.7711
vn 0.9054 -0.2244 0.3604
vn 0.9495 -0.2466 0.1938
vn 0.9631 -0.2545 0.0876
vn 0.9665 -0.2566 0
vn 0.9631 -0.2545 -0.0876
vn 0.9495 -0.2466 -0.1938
vn 0.9054 -0.2244 -0.3604
vn 0.2877 -0.1275 -0.9492
vn -0.6322 0.0755 -0.7711
vn -0.8481 0.2261 -0.4792
vn -0.9233 0.2786 -0.2643
vn -0.948 0.2955 -0.1183
vn -0.9971 0.0701 0.0292
vn -0.9975 0.0702 0
vn -0.9951 0.07 0.0705
vn -0.9833 0.0692 0.1682
vn -0.1103 0.0078 0.9939
vn 0.9746 -0.0686 0.2134
vn -0.1103 0.0078 0.9939
vn 0.9928 -0.0698 0.0969
vn 0.9962 -0.0701 0.0512
vn 0.9973 -0.0702 0.0229
vn 0.9975 -0.0702 0
vn 0.9973 -0.0702 -0.0229
vn 0.9962 -0.0701 -0.0512
vn 0.9928 -0.0698 -0.0969
vn 0.9746 -0.0686 -0.2134
vn -0.1103 0.0078 -0.9939
vn -0.9833 0.0692 -0.1682
vn -0.9951 0.07 -0.0705
vn -0.9971 0.0701 -0.0292
vn -1 0 0
vn -1 0 0
vn -1 0 0
vn -1 0 0
vn -1 0 0
vn -1 0 0
vn -1 0 0
vn -1 0 0
vn -1 0 0
vn -1 0 0
vn -1 0 0
vn -1 0 0
vn -1 0 0
vn -1 0 0
vn -1 0 0
vn -1 0 0
vn -1 0 0
vn -1 0 0
vn 0.9971 -0.0764 0
vn 0.9971 -0.0764 0
vn 0.9971 -0.0764 0
vn 0.9971 -0.0764 0
vn 0.9971 -0.0764 0
vn 0.9971 -0.0764 0
vn 0.9971 -0.0764 0
vn 0.9971 -0.0764 0
vn 0.9971 -0.0764 0
vn 0.9971 -0.0764 0
vn 0.9971 -0.0764 0
vn 0.9971 -0.0764 0
vn 0.9971 -0.0764 0
vn 0.9971 -0.0764 0
vn 0.9971 -0.0764 0
vn 0.9971 -0.0764 0
vn 0.9971 -0.0764 0
vn 0.9971 -0.0764 0
vn 0.7579 0.6524 0.0087
vn 0.7114 0.6809 0.174
vn 0.3872 0.8708 0.3029
vn 0.4005 0.9163 0.0038
vn 0.5702 0.7114 0.4108
vn 0.3281 0.7435 0.5827
vn 0.2959 0.6167 0.7295
vn 0.2068 0.5279 0.8238
vn 0.062 0.2789 0.9583
vn 0.0544 0.2049 0.9773
vn 0.062 0.2789 0.9583
vn 0.1073 -0.2031 0.9733
vn 0.0227 -0.1856 0.9824
vn 0.0544 0.2049 0.9773
vn 0.4692 -0.5963 0.6513
vn 0.1652 -0.5264 0.834
vn 0.7199 -0.6263 0.2992
vn 0.3259 -0.7462 0.5805
vn 0.8045 -0.5832 0.1126
vn 0.4118 -0.8631 0.2922
vn 0.8165 -0.5773 -0.0101
vn 0.4403 -0.8979 -0.0044
vn 0.7712 -0.6194 -0.147
vn 0.4273 -0.8542 -0.2963
vn 0.6237 -0.6848 -0.3769
vn 0.3666 -0.7343 -0.5713
vn 0.3132 -0.6138 -0.7247
vn 0.2334 -0.5297 -0.8155
vn 0.0593 -0.2577 -0.9644
vn 0.0593 -0.2079 -0.9763
vn 0.1093 0.2209 -0.9692
vn 0.0218 0.1852 -0.9825
vn 0.4228 0.5922 -0.6859
vn 0.1498 0.5254 -0.8375
vn 0.6543 0.6663 -0.3578
vn 0.2928 0.7531 -0.5892
vn 0.7435 0.6524 -0.1469
vn 0.373 0.8783 -0.2991
vn 0 0.9397 0.342
vn 0 1 0
vn 0 0.766 0.6428
vn 0 0.5 0.866
vn 0 0.1736 0.9848
vn 0 -0.1736 0.9848
vn 0 0.1736 0.9848
vn 0 -0.5 0.866
vn 0 -0.766 0.6428
vn 0 -0.9397 0.342
vn 0 -1 0
vn 0 -0.9397 -0.342
vn 0 -0.766 -0.6428
vn 0 -0.5 -0.866
vn 0 -0.1736 -0.9848
vn 0 0.1736 -0.9848
vn 0 0.5 -0.866
vn 0 0.766 -0.6428
vn 0 0.9397 -0.342
vn 0 0.9397 0.342
vn 0 1 0
vn 0 0.766 0.6428
vn 0 0.5 0.866
vn 0 0.1736 0.9848
vn 0 -0.1736 0.9848
vn 0 0.1736 0.9848
vn 0 -0.5 0.866
vn 0 -0.766 0.6428
vn 0 -0.9397 0.342
vn 0 -1 0
vn 0 -0.9397 -0.342
vn 0 -0.766 -0.6428
vn 0 -0.5 -0.866
vn 0 -0.1736 -0.9848
vn 0 0.1736 -0.9848
vn 0 0.5 -0.866
vn 0 0.766 -0.6428
vn 0 0.9397 -0.342
vn -0.373 0.8783 0.2991
vn -0.4005 0.9163 -0.0038
vn -0.2927 0.7531 0.5892
vn -0.1498 0.5254 0.8375
vn -0.0218 0.1852 0.9825
vn -0.0593 -0.2079 0.9763
vn -0.0218 0.1852 0.9825
vn -0.2334 -0.5297 0.8155
vn -0.3666 -0.7343 0.5713
vn -0.4273 -0.8542 0.2963
vn -0.4403 -0.8979 0.0044
vn -0.4118 -0.8631 -0.2922
vn -0.3259 -0.7462 -0.5804
vn -0.1653 -0.5264 -0.834
vn -0.0227 -0.1856 -0.9824
vn -0.0544 0.2049 -0.9773
vn -0.2068 0.5279 -0.8238
vn -0.3281 0.7435 -0.5827
vn -0.3871 0.8708 -0.3029
vn -0.7435 0.6524 0.1469
vn -0.7579 0.6524 -0.0087
vn -0.6543 0.6663 0.3578
vn -0.4228 0.5922 0.6859
vn -0.1093 0.2209 0.9692
vn -0.0593 -0.2577 0.9644
vn -0.1093 0.2209 0.9692
vn -0.3132 -0.6138 0.7247
vn -0.6237 -0.6848 0.3769
vn -0.7712 -0.6194 0.147
vn -0.8165 -0.5773 0.0101
vn -0.8045 -0.5832 -0.1126
vn -0.7199 -0.6263 -0.2992
vn -0.4692 -0.5963 -0.6513
vn -0.1073 -0.2031 -0.9733
vn -0.062 0.2789 -0.9583
vn -0.2958 0.6167 -0.7295
vn -0.5702 0.7114 -0.4108
vn -0.7114 0.6809 -0.174
vn -0.9971 -0.0764 0
vn -0.9971 -0.0764 0
vn -0.9971 -0.0764 0
vn -0.9971 -0.0764 0
vn -0.9971 -0.0764 0
vn -0.9971 -0.0764 0
vn -0.9971 -0.0764 0
vn -0.9971 -0.0764 0
vn -0.9971 -0.0764 0
vn -0.9971 -0.0764 0
vn -0.9971 -0.0764 0
vn -0.9971 -0.0764 0
vn -0.9971 -0.0764 0
vn -0.9971 -0.0764 0
vn -0.9971 -0.0764 0
vn -0.9971 -0.0764 0
vn -0.9971 -0.0764 0
vn -0.9971 -0.0764 0
vn 0 1 0
vn 0.0001 1 0
vn 0 1 0
vn 0 1 0
vn 0 1 0
vn 0.0003 1 0
vn 0 1 0
vn 0.0002 1 0
vn 0 1 0
vn -0.0002 1 0
vn 0 1 0
vn 0 1 0
vn 0 1 0
vn -0.0001 1 0
vn 0 1 0
vn -0.0004 1 0
vn 0 1 0
vn 0 1 0
vn -0.9998 0.0213 0
vn -0.9997 0.0215 0.0112
vn -0.9994 0.0322 0.0116
vn -0.9995 0.0322 0
vn -0.9994 0.0218 0.0264
vn -0.9991 0.0323 0.0269
vn -0.998 0.0221 0.0587
vn -0.9978 0.0324 0.0578
vn -0.6722 0.015 0.7403
vn -0.6609 0.0285 0.7499
vn -0.6722 0.015 0.7403
vn 0.6827 -0.0157 0.7305
vn 0.6847 -0.0173 0.7287
vn -0.6609 0.0285 0.7499
vn 0.998 -0.0231 0.0587
vn 0.9965 -0.0354 0.0756
vn 0.9994 -0.0233 0.0264
vn 0.9988 -0.0356 0.0331
vn 0.9997 -0.0234 0.0113
vn 0.9993 -0.0357 0.014
vn 0.9997 -0.0234 0
vn 0.9994 -0.0358 0
vn 0.9997 -0.0233 -0.0112
vn 0.9993 -0.0358 -0.014
vn 0.9994 -0.0231 -0.0264
vn 0.9988 -0.0357 -0.0331
vn 0.998 -0.0228 -0.0587
vn 0.9965 -0.0355 -0.0757
vn 0.6827 -0.0155 -0.7306
vn 0.6843 -0.0175 -0.729
vn -0.6722 0.0148 -0.7402
vn -0.6609 0.0285 -0.7499
vn -0.998 0.0217 -0.0587
vn -0.9978 0.0326 -0.0583
vn -0.9994 0.0215 -0.0264
vn -0.9991 0.0324 -0.0271
vn -0.9997 0.0213 -0.0113
vn -0.9994 0.0323 -0.0117
vn -0.945 0.3095 0.1055
vn -0.9494 0.314 0
vn -0.9286 0.2933 0.2274
vn -0.8829 0.2529 0.3955
vn -0.2187 0.1269 0.9675
vn 0.6559 -0.0761 0.751
vn -0.2187 0.1269 0.9675
vn 0.8152 -0.2501 0.5224
vn 0.8898 -0.3319 0.3131
vn 0.9199 -0.3643 0.1454
vn 0.9279 -0.3729 0
vn 0.9199 -0.3643 -0.1454
vn 0.8898 -0.3319 -0.3131
vn 0.8152 -0.2501 -0.5224
vn 0.6559 -0.0761 -0.751
vn -0.2187 0.1269 -0.9675
vn -0.8829 0.2529 -0.3955
vn -0.9286 0.2933 -0.2274
vn -0.945 0.3095 -0.1055
vn 0.3359 0.873 0.3537
vn 0.3203 0.9473 0
vn 0.3857 0.6639 0.6406
vn 0.4632 0.3654 0.8074
vn 0.0083 0.0407 0.9991
vn -0.447 -0.245 0.8604
vn 0.0083 0.0407 0.9991
vn -0.3633 -0.5289 0.767
vn -0.3034 -0.7623 0.5717
vn -0.272 -0.913 0.304
vn -0.2623 -0.965 0
vn -0.272 -0.913 -0.304
vn -0.3034 -0.7623 -0.5717
vn -0.3633 -0.5289 -0.767
vn -0.447 -0.245 -0.8604
vn 0.0083 0.0407 -0.9991
vn 0.4632 0.3654 -0.8074
vn 0.3857 0.6639 -0.6406
vn 0.3359 0.873 -0.3537
vn 0.9985 0.0511 0.0183
vn 0.9987 0.0512 0
vn 0.9978 0.051 0.0423
vn 0.9947 0.0508 0.0893
vn 0.6308 0.0439 0.7747
vn -0.6749 -0.025 0.7375
vn 0.6308 0.0439 0.7747
vn -0.9914 -0.055 0.1186
vn -0.9971 -0.0554 0.0518
vn -0.9982 -0.0555 0.0218
vn -0.9985 -0.0555 0
vn -0.9982 -0.0555 -0.0218
vn -0.9971 -0.0554 -0.0519
vn -0.9914 -0.055 -0.1187
vn -0.6748 -0.025 -0.7376
vn 0.6308 0.0439 -0.7747
vn 0.9947 0.0509 -0.0895
vn 0.9978 0.0511 -0.0424
vn 0.9985 0.0512 -0.0184
vn 0.9994 0.0327 0.0113
vn 0.9995 0.0327 0
vn 0.9991 0.0327 0.0265
vn 0.9977 0.0326 0.0588
vn 0.6696 0.0218 0.7424
vn -0.6848 -0.0222 0.7284
vn 0.6696 0.0218 0.7424
vn -0.9977 -0.0323 0.0588
vn -0.9991 -0.0322 0.0265
vn -0.9994 -0.0322 0.0113
vn -0.9995 -0.0321 0
vn -0.9994 -0.0321 -0.0113
vn -0.9991 -0.0322 -0.0265
vn -0.9978 -0.0322 -0.0588
vn -0.6847 -0.0221 -0.7285
vn 0.6696 0.0217 -0.7424
vn 0.9977 0.0325 -0.0588
vn 0.9991 0.0326 -0.0265
vn 0.9994 0.0327 -0.0113
vn 0.0003 1 0
vn 0 1 0
vn 0 1 0
vn 0 1 0
vn 0 1 0
vn 0 1 0
vn 0 1 0
vn 0 1 0
vn 0 1 0
vn 0 1 0
vn -0.0001 1 0
vn 0.0009 1 0
vn 0.0001 1 0
vn 0 1 0
vn 0 1 0
vn 0 1 0
vn -0.0001 1 0
vn 0.0013 1 0
vn 0.0667 0.9978 0
vn 0.0667 0.9975 0.0218
vn 0.0972 0.9946 0.0351
vn 0.0972 0.9953 0
vn 0.0667 0.9966 0.0487
vn 0.0969 0.992 0.0811
vn 0.0665 0.9935 0.0922
vn 0.0958 0.9806 0.1712
vn 0.0654 0.9769 0.2034
vn 0.0725 0.5658 0.8213
vn 0.0654 0.9769 0.2034
vn -0.0074 -0.1104 0.9939
vn -0.0477 -0.6387 0.768
vn 0.0725 0.5658 0.8213
vn -0.0659 -0.9849 0.1602
vn -0.1015 -0.9714 0.2145
vn -0.0666 -0.9955 0.0671
vn -0.1042 -0.9899 0.0965
vn -0.0667 -0.9974 0.0278
vn -0.1047 -0.9937 0.0409
vn -0.0667 -0.9978 0
vn -0.1048 -0.9945 0
vn -0.0667 -0.9974 -0.0278
vn -0.1047 -0.9937 -0.0409
vn -0.0666 -0.9955 -0.0671
vn -0.1042 -0.9899 -0.0965
vn -0.0659 -0.9849 -0.1602
vn -0.1015 -0.9714 -0.2145
vn -0.0074 -0.1104 -0.9939
vn -0.0477 -0.6387 -0.768
vn 0.0654 0.9769 -0.2034
vn 0.0725 0.5658 -0.8213
vn 0.0665 0.9935 -0.0922
vn 0.0958 0.9806 -0.1712
vn 0.0667 0.9966 -0.0487
vn 0.0969 0.992 -0.0811
vn 0.0667 0.9975 -0.0218
vn 0.0972 0.9946 -0.0351
vn 0.9223 0.0481 0.3835
vn 0.999 0.0448 0
vn 0.7048 0.0609 0.7067
vn 0.3827 0.0953 0.9189
vn 0.0195 0.0005 0.9998
vn -0.3006 -0.0938 0.9491
vn 0.0195 0.0005 0.9998
vn -0.5822 -0.0583 0.8109
vn -0.8058 -0.0438 0.5905
vn -0.9497 -0.0377 0.3108
vn -0.9994 -0.0359 0
vn -0.9497 -0.0377 -0.3108
vn -0.8058 -0.0438 -0.5905
vn -0.5822 -0.0583 -0.8109
vn -0.3006 -0.0938 -0.9491
vn 0.0195 0.0005 -0.9998
vn 0.3827 0.0953 -0.9189
vn 0.7048 0.0609 -0.7067
vn 0.9223 0.0481 -0.3835
vn 0.2127 -0.9746 0.0697
vn 0.2133 -0.977 0
vn 0.2107 -0.9653 0.1545
vn 0.2044 -0.9364 0.2851
vn 0.1766 -0.809 0.5606
vn -0.0238 0.109 0.9938
vn 0.1766 -0.809 0.5606
vn -0.19 0.8704 0.4542
vn -0.2086 0.9555 0.2088
vn -0.2124 0.9732 0.0882
vn -0.2133 0.977 0
vn -0.2124 0.9732 -0.0882
vn -0.2086 0.9555 -0.2088
vn -0.19 0.8704 -0.4542
vn -0.0238 0.109 -0.9938
vn 0.1766 -0.809 -0.5606
vn 0.2044 -0.9364 -0.2851
vn 0.2107 -0.9653 -0.1545
vn 0.2127 -0.9746 -0.0697
vn 0 1 0
vn 0 1 0
vn 0 1 0
vn 0 1 0
vn 0 1 0
vn 0 1 0
vn 0 1 0
vn 0 1 0
vn 0 1 0
vn 0 1 0
vn 0 1 0
vn 0 1 0
vn 0 1 0
vn 0 1 0
vn 0 1 0
vn 0 1 0
vn 0 1 0
vn 0 1 0
vn 0.3576 -0.9339 0
vn 0.3538 -0.9239 0.146
vn 0.9479 0.0675 0.3113
vn 0.9979 0.0647 0
vn 0.3371 -0.8803 0.3338
vn 0.8029 0.0771 0.5911
vn 0.2752 -0.7186 0.6387
vn 0.5772 0.0971 0.8108
vn 0.0405 -0.1059 0.9936
vn 0.2924 0.1265 0.9479
vn 0.0405 -0.1059 0.9936
vn -0.2316 0.6048 0.762
vn -0.0328 -0.0016 0.9995
vn 0.2924 0.1265 0.9479
vn -0.3193 0.8338 0.4504
vn -0.3884 -0.1301 0.9123
vn -0.3458 0.903 0.2551
vn -0.7054 -0.1023 0.7014
vn -0.3552 0.9275 0.1168
vn -0.9207 -0.0851 0.3808
vn -0.3576 0.9339 0
vn -0.9968 -0.0801 0
vn -0.3552 0.9275 -0.1168
vn -0.9207 -0.0851 -0.3808
vn -0.3458 0.903 -0.2551
vn -0.7054 -0.1023 -0.7014
vn -0.3193 0.8338 -0.4504
vn -0.3884 -0.1301 -0.9123
vn -0.2316 0.6048 -0.762
vn -0.0328 -0.0016 -0.9995
vn 0.0405 -0.1059 -0.9936
vn 0.2924 0.1265 -0.9479
vn 0.2752 -0.7186 -0.6387
vn 0.5772 0.0971 -0.8108
vn 0.3371 -0.8803 -0.3338
vn 0.8029 0.0771 -0.5911
vn 0.3538 -0.9239 -0.146
vn 0.9479 0.0675 -0.3113
vn 0.2204 0.9711 0.0915
vn 0.2213 0.9752 0
vn 0.2161 0.9521 0.2162
vn 0.1957 0.8623 0.4671
vn 0.0247 0.1089 0.9937
vn -0.181 -0.7975 0.5755
vn 0.0247 0.1089 0.9937
vn -0.2114 -0.9318 0.2951
vn -0.2184 -0.9626 0.1602
vn -0.2207 -0.9727 0.0723
vn -0.2213 -0.9752 0
vn -0.2207 -0.9727 -0.0723
vn -0.2184 -0.9626 -0.1602
vn -0.2114 -0.9318 -0.2951
vn -0.181 -0.7975 -0.5755
vn 0.0247 0.1089 -0.9937
vn 0.1957 0.8623 -0.4671
vn 0.2161 0.9521 -0.2162
vn 0.2204 0.9711 -0.0915
vn 0 1 0
vn 0 1 0
vn 0 1 0
vn 0 1 0
vn 0 1 0
vn 0 1 0
vn 0 1 0
vn 0 1 0
vn 0 1 0
vn 0 1 0
vn 0 1 0
vn 0 1 0
vn 0 1 0
vn 0 1 0
vn 0 1 0
vn 0 1 0
vn 0 1 0
vn 0 1 0
vn 0 0 -1
vn 0 0 -1
vn 0 0 -1
vn 0 0 -1
vn 0 0 1
vn 0 0 1
vn 0 0 1
vn 0 0 1
vn -0.2579 0.9662 0
vn -0.2579 0.9662 0
vn -0.473 0.8811 0
vn -0.473 0.8811 0
vn 0.904 0.4275 0
vn 0.904 0.4275 0
vn 0.8131 0.5821 0
vn 0.8131 0.5821 0
vn -0.378 -0.9258 0
vn -0.378 -0.9258 0
vn -0.378 -0.9258 0
vn -0.378 -0.9258 0
vn -0.7209 -0.693 0
vn -0.6837 -0.7298 0
vn -0.6837 -0.7298 0
vn -0.7209 -0.693 0
vn 0 0 -1
vn 0 0 -1
vn 0 0 -1
vn 0 0 -1
vn 0 0 1
vn 0 0 1
vn 0 0 1
vn 0 0 1
vn 0.9132 -0.4076 0
vn 0.9132 -0.4076 0
vn 0.9989 0.0471 0
vn 0.9989 0.0471 0
vn -1 -0.0056 0
vn -1 -0.0056 0
vn -0.8853 -0.4649 0
vn -0.8853 -0.4649 0
vn 0 0 -1
vn 0 0 -1
vn 0 0 -1
vn 0 0 1
vn 0.6817 -0.7317 0
vn 0.6817 -0.7317 0
vn 0 0 -1
vn 0 0 1
vn 0 0 1
vn 0 0 1
vn -0.9707 0.2403 0
vn -0.9707 0.2403 0
vn 0 0 -1
vn 0 0 -1
vn 0 0 -1
vn 0 0 -1
vn 0 0 1
vn 0 0 1
vn 0.2611 0.9653 0
vn 0.2611 0.9653 0
vn 0.1173 0.9931 0
vn 0.1173 0.9931 0
vn 0 0 -1
vn 0 0 -1
vn 0 0 1
vn 0 0 1
vn 0 0 1
vn 0 0 1
vn 0 0 -1
vn 0 0 1
vn 0 0 1
vn 0 0 1
vn 0.0388 -0.9992 0
vn 0.0388 -0.9992 0
vn 0.3144 -0.9493 0
vn 0.3144 -0.9493 0
vn 0 0 -1
vn 0 0 -1
vn 0 0 1
vn 0 0 1
vn 0 0 1
vn 0 0 1
vn 0 0 -1
vn 0 0 -1
vn 0 0 -1
vn 0 0 -1
vn 0.2579 0.9662 0
vn 0.2579 0.9662 0
vn 0.473 0.8811 0
vn 0.473 0.8811 0
vn -0.904 0.4275 0
vn -0.904 0.4275 0
vn -0.8131 0.5821 0
vn -0.8131 0.5821 0
vn 0.378 -0.9258 0
vn 0.378 -0.9258 0
vn 0.378 -0.9258 0
vn 0.378 -0.9258 0
vn 0.7209 -0.693 0
vn 0.6837 -0.7298 0
vn 0.6837 -0.7298 0
vn 0.7209 -0.693 0
vn 0 0 1
vn 0 0 1
vn 0 0 1
vn 0 0 1
vn 0 0 -1
vn 0 0 -1
vn 0 0 -1
vn 0 0 -1
vn -0.9132 -0.4076 0
vn -0.9132 -0.4076 0
vn -0.9989 0.0471 0
vn -0.9989 0.0471 0
vn 1 -0.0056 0
vn 1 -0.0056 0
vn 0.8853 -0.4649 0
vn 0.8853 -0.4649 0
vn 0 0 1
vn 0 0 1
vn 0 0 1
vn 0 0 -1
vn -0.6817 -0.7317 0
vn -0.6817 -0.7317 0
vn 0 0 1
vn 0 0 -1
vn 0 0 -1
vn 0 0 -1
vn 0.9707 0.2403 0
vn 0.9707 0.2403 0
vn 0 0 1
vn 0 0 1
vn 0 0 1
vn 0 0 1
vn 0 0 -1
vn 0 0 -1
vn -0.2611 0.9653 0
vn -0.2611 0.9653 0
vn -0.1173 0.9931 0
vn -0.1173 0.9931 0
vn 0 0 1
vn 0 0 1
vn 0 0 -1
vn 0 0 -1
vn 0 0 -1
vn 0 0 -1
vn 0 0 1
vn 0 0 -1
vn 0 0 -1
vn 0 0 -1
vn -0.0388 -0.9992 0
vn -0.0388 -0.9992 0
vn -0.3144 -0.9493 0
vn -0.3144 -0.9493 0
vn 0 0 1
vn 0 0 1
vn 0 -1 0
vn 0 -1 0
vn 0 -1 0
vn 0 -1 0
vn 0 -1 0
vn 0 -1 0
vn 0 -1 0
vn 0 -1 0
vn 0 -1 0
vn 0 -1 0
vn 0 -1 0
vn 0 -1 0
vn 0 -1 0
vn 0 -1 0
vn 0 -1 0
vn 0 -1 0
vn 0 -1 0
vn 0 -1 0
vn -0.9997 0.0253 0
vn -0.9996 0.0252 -0.0136
vn -0.9958 0.0849 -0.0343
vn -0.9964 0.085 0
vn -0.9992 0.0249 -0.0319
vn -0.9931 0.0844 -0.0818
vn -0.9972 0.0245 -0.071
vn -0.979 0.082 -0.1865
vn -0.6767 0.0165 -0.7361
vn -0.6826 0.0251 -0.7303
vn -0.6767 0.0165 -0.7361
vn 0.6655 -0.0155 -0.7462
vn 0.5686 -0.0686 -0.8197
vn -0.6826 0.0251 -0.7303
vn 0.9972 -0.0231 -0.0711
vn 0.991 -0.0714 -0.1132
vn 0.9992 -0.0227 -0.032
vn 0.9958 -0.0717 -0.0561
vn 0.9997 -0.0225 -0.0136
vn 0.9971 -0.0716 -0.0246
vn 0.9997 -0.0225 0
vn 0.9974 -0.0716 0
vn 0.9996 -0.0227 0.0136
vn 0.9971 -0.0715 0.0245
vn 0.9992 -0.0231 0.0319
vn 0.9959 -0.0715 0.0559
vn 0.9972 -0.0235 0.071
vn 0.9911 -0.0711 0.1125
vn 0.6654 -0.0159 0.7463
vn 0.5686 -0.0686 0.8197
vn -0.6768 0.0168 0.736
vn -0.6831 0.0249 0.7299
vn -0.9972 0.0249 0.071
vn -0.9791 0.0818 0.1863
vn -0.9992 0.0252 0.032
vn -0.9931 0.0843 0.0817
vn -0.9996 0.0253 0.0136
vn -0.9958 0.0848 0.0343
vn -0.9176 0.3701 -0.1454
vn -0.9262 0.3769 0
vn -0.8839 0.3435 -0.3173
vn -0.793 0.272 -0.5452
vn -0.5633 0.1077 -0.8192
vn 0.2424 -0.1324 -0.9611
vn -0.5633 0.1077 -0.8192
vn 0.8384 -0.2766 -0.4697
vn 0.9143 -0.3149 -0.2549
vn 0.9373 -0.3289 -0.1156
vn 0.943 -0.3327 0
vn 0.9373 -0.3289 0.1156
vn 0.9143 -0.3149 0.2549
vn 0.8384 -0.2766 0.4697
vn 0.2424 -0.1324 0.9611
vn -0.5633 0.1077 0.8192
vn -0.793 0.272 0.5452
vn -0.8839 0.3435 0.3173
vn -0.9176 0.3701 0.1454
vn 0.0467 0.9481 -0.3144
vn 0.0455 0.999 0
vn 0.0502 0.8005 -0.5972
vn 0.054 0.5698 -0.82
vn 0.0464 0.276 -0.9601
vn -0.0021 -0.0606 -0.9982
vn 0.0464 0.276 -0.9601
vn -0.0507 -0.4095 -0.9109
vn -0.059 -0.7159 -0.6957
vn -0.0565 -0.9246 -0.3767
vn -0.055 -0.9985 0
vn -0.0565 -0.9246 0.3767
vn -0.059 -0.7159 0.6957
vn -0.0507 -0.4095 0.9109
vn -0.0021 -0.0606 0.9982
vn 0.0464 0.276 0.9601
vn 0.054 0.5698 0.82
vn 0.0502 0.8005 0.5972
vn 0.0467 0.9481 0.3144
vn 0.948 0.2955 -0.1183
vn 0.954 0.2997 0
vn 0.9233 0.2786 -0.2643
vn 0.8481 0.2261 -0.4792
vn 0.6322 0.0755 -0.7711
vn -0.2877 -0.1275 -0.9492
vn 0.6322 0.0755 -0.7711
vn -0.9054 -0.2244 -0.3604
vn -0.9495 -0.2466 -0.1938
vn -0.9631 -0.2545 -0.0876
vn -0.9665 -0.2566 0
vn -0.9631 -0.2545 0.0876
vn -0.9495 -0.2466 0.1938
vn -0.9054 -0.2244 0.3604
vn -0.2877 -0.1275 0.9492
vn 0.6322 0.0755 0.7711
vn 0.8481 0.2261 0.4792
vn 0.9233 0.2786 0.2643
vn 0.948 0.2955 0.1183
vn 0.9971 0.0701 -0.0292
vn 0.9975 0.0702 0
vn 0.9951 0.07 -0.0705
vn 0.9833 0.0692 -0.1682
vn 0.1103 0.0078 -0.9939
vn -0.9746 -0.0686 -0.2134
vn 0.1103 0.0078 -0.9939
vn -0.9928 -0.0698 -0.0969
vn -0.9962 -0.0701 -0.0512
vn -0.9973 -0.0702 -0.0229
vn -0.9975 -0.0702 0
vn -0.9973 -0.0702 0.0229
vn -0.9962 -0.0701 0.0512
vn -0.9928 -0.0698 0.0969
vn -0.9746 -0.0686 0.2134
vn 0.1103 0.0078 0.9939
vn 0.9833 0.0692 0.1682
vn 0.9951 0.07 0.0705
vn 0.9971 0.0701 0.0292
vn 1 0 0
vn 1 0 0
vn 1 0 0
vn 1 0 0
vn 1 0 0
vn 1 0 0
vn 1 0 0
vn 1 0 0
vn 1 0 0
vn 1 0 0
vn 1 0 0
vn 1 0 0
vn 1 0 0
vn 1 0 0
vn 1 0 0
vn 1 0 0
vn 1 0 0
vn 1 0 0
vn 0 1 0
vn -0.0001 1 0
vn 0 1 0
vn 0 1 0
vn 0 1 0
vn -0.0003 1 0
vn 0 1 0
vn -0.0002 1 0
vn 0 1 0
vn 0.0002 1 0
vn 0 1 0
vn 0 1 0
vn 0 1 0
vn 0.0001 1 0
vn 0 1 0
vn 0.0004 1 0
vn 0 1 0
vn 0 1 0
vn 0.9998 0.0213 0
vn 0.9997 0.0215 -0.0112
vn 0.9994 0.0322 -0.0116
vn 0.9995 0.0322 0
vn 0.9994 0.0218 -0.0264
vn 0.9991 0.0323 -0.0269
vn 0.998 0.0221 -0.0587
vn 0.9978 0.0324 -0.0578
vn 0.6722 0.015 -0.7403
vn 0.6609 0.0285 -0.7499
vn 0.6722 0.015 -0.7403
vn -0.6827 -0.0157 -0.7305
vn -0.6847 -0.0173 -0.7287
vn 0.6609 0.0285 -0.7499
vn -0.998 -0.0231 -0.0587
vn -0.9965 -0.0354 -0.0756
vn -0.9994 -0.0233 -0.0264
vn -0.9988 -0.0356 -0.0331
vn -0.9997 -0.0234 -0.0113
vn -0.9993 -0.0357 -0.014
vn -0.9997 -0.0234 0
vn -0.9994 -0.0358 0
vn -0.9997 -0.0233 0.0112
vn -0.9993 -0.0358 0.014
vn -0.9994 -0.0231 0.0264
vn -0.9988 -0.0357 0.0331
vn -0.998 -0.0228 0.0587
vn -0.9965 -0.0355 0.0757
vn -0.6827 -0.0155 0.7306
vn -0.6843 -0.0175 0.729
vn 0.6722 0.0148 0.7402
vn 0.6609 0.0285 0.7499
vn 0.998 0.0217 0.0587
vn 0.9978 0.0326 0.0583
vn 0.9994 0.0215 0.0264
vn 0.9991 0.0324 0.0271
vn 0.9997 0.0213 0.0113
vn 0.9994 0.0323 0.0117
vn 0.945 0.3095 -0.1055
vn 0.9494 0.314 0
vn 0.9286 0.2933 -0.2274
vn 0.8829 0.2529 -0.3955
vn 0.2187 0.1269 -0.9675
vn -0.6559 -0.0761 -0.751
vn 0.2187 0.1269 -0.9675
vn -0.8152 -0.2501 -0.5224
vn -0.8898 -0.3319 -0.3131
vn -0.9199 -0.3643 -0.1454
vn -0.9279 -0.3729 0
vn -0.9199 -0.3643 0.1454
vn -0.8898 -0.3319 0.3131
vn -0.8152 -0.2501 0.5224
vn -0.6559 -0.0761 0.751
vn 0.2187 0.1269 0.9675
vn 0.8829 0.2529 0.3955
vn 0.9286 0.2933 0.2274
vn 0.945 0.3095 0.1055
vn -0.3359 0.873 -0.3537
vn -0.3203 0.9473 0
vn -0.3857 0.6639 -0.6406
vn -0.4632 0.3654 -0.8074
vn -0.0083 0.0407 -0.9991
vn 0.447 -0.245 -0.8604
vn -0.0083 0.0407 -0.9991
vn 0.3633 -0.5289 -0.767
vn 0.3034 -0.7623 -0.5717
vn 0.272 -0.913 -0.304
vn 0.2623 -0.965 0
vn 0.272 -0.913 0.304
vn 0.3034 -0.7623 0.5717
vn 0.3633 -0.5289 0.767
vn 0.447 -0.245 0.8604
vn -0.0083 0.0407 0.9991
vn -0.4632 0.3654 0.8074
vn -0.3857 0.6639 0.6406
vn -0.3359 0.873 0.3537
vn -0.9985 0.0511 -0.0183
vn -0.9987 0.0512 0
vn -0.9978 0.051 -0.0423
vn -0.9947 0.0508 -0.0893
vn -0.6308 0.0439 -0.7747
vn 0.6749 -0.025 -0.7375
vn -0.6308 0.0439 -0.7747
vn 0.9914 -0.055 -0.1186
vn 0.9971 -0.0554 -0.0518
vn 0.9982 -0.0555 -0.0218
vn 0.9985 -0.0555 0
vn 0.9982 -0.0555 0.0218
vn 0.9971 -0.0554 0.0519
vn 0.9914 -0.055 0.1187
vn 0.6748 -0.025 0.7376
vn -0.6308 0.0439 0.7747
vn -0.9947 0.0509 0.0895
vn -0.9978 0.0511 0.0424
vn -0.9985 0.0512 0.0184
vn -0.9994 0.0327 -0.0113
vn -0.9995 0.0327 0
vn -0.9991 0.0327 -0.0265
vn -0.9977 0.0326 -0.0588
vn -0.6696 0.0218 -0.7424
vn 0.6848 -0.0222 -0.7284
vn -0.6696 0.0218 -0.7424
vn 0.9977 -0.0323 -0.0588
vn 0.9991 -0.0322 -0.0265
vn 0.9994 -0.0322 -0.0113
vn 0.9995 -0.0321 0
vn 0.9994 -0.0321 0.0113
vn 0.9991 -0.0322 0.0265
vn 0.9978 -0.0322 0.0588
vn 0.6847 -0.0221 0.7285
vn -0.6696 0.0217 0.7424
vn -0.9977 0.0325 0.0588
vn -0.9991 0.0326 0.0265
vn -0.9994 0.0327 0.0113
vn -0.0003 1 0
vn 0 1 0
vn 0 1 0
vn 0 1 0
vn 0 1 0
vn 0 1 0
vn 0 1 0
vn 0 1 0
vn 0 1 0
vn 0 1 0
vn 0.0001 1 0
vn -0.0009 1 0
vn -0.0001 1 0
vn 0 1 0
vn 0 1 0
vn 0 1 0
vn 0.0001 1 0
vn -0.0013 1 0
vn -0.0667 0.9978 0
vn -0.0667 0.9975 -0.0218
vn -0.0972 0.9946 -0.0351
vn -0.0972 0.9953 0
vn -0.0667 0.9966 -0.0487
vn -0.0969 0.992 -0.0811
vn -0.0665 0.9935 -0.0922
vn -0.0958 0.9806 -0.1712
vn -0.0654 0.9769 -0.2034
vn -0.0725 0.5658 -0.8213
vn -0.0654 0.9769 -0.2034
vn 0.0074 -0.1104 -0.9939
vn 0.0477 -0.6387 -0.768
vn -0.0725 0.5658 -0.8213
vn 0.0659 -0.9849 -0.1602
vn 0.1015 -0.9714 -0.2145
vn 0.0666 -0.9955 -0.0671
vn 0.1042 -0.9899 -0.0965
vn 0.0667 -0.9974 -0.0278
vn 0.1047 -0.9937 -0.0409
vn 0.0667 -0.9978 0
vn 0.1048 -0.9945 0
vn 0.0667 -0.9974 0.0278
vn 0.1047 -0.9937 0.0409
vn 0.0666 -0.9955 0.0671
vn 0.1042 -0.9899 0.0965
vn 0.0659 -0.9849 0.1602
vn 0.1015 -0.9714 0.2145
vn 0.0074 -0.1104 0.9939
vn 0.0477 -0.6387 0.768
vn -0.0654 0.9769 0.2034
vn -0.0725 0.5658 0.8213
vn -0.0665 0.9935 0.0922
vn -0.0958 0.9806 0.1712
vn -0.0667 0.9966 0.0487
vn -0.0969 0.992 0.0811
vn -0.0667 0.9975 0.0218
vn -0.0972 0.9946 0.0351
vn -0.9223 0.0481 -0.3835
vn -0.999 0.0448 0
vn -0.7048 0.0609 -0.7067
vn -0.3827 0.0953 -0.9189
vn -0.0195 0.0005 -0.9998
vn 0.3006 -0.0938 -0.9491
vn -0.0195 0.0005 -0.9998
vn 0.5822 -0.0583 -0.8109
vn 0.8058 -0.0438 -0.5905
vn 0.9497 -0.0377 -0.3108
vn 0.9994 -0.0359 0
vn 0.9497 -0.0377 0.3108
vn 0.8058 -0.0438 0.5905
vn 0.5822 -0.0583 0.8109
vn 0.3006 -0.0938 0.9491
vn -0.0195 0.0005 0.9998
vn -0.3827 0.0953 0.9189
vn -0.7048 0.0609 0.7067
vn -0.9223 0.0481 0.3835
vn -0.2127 -0.9746 -0.0697
vn -0.2133 -0.977 0
vn -0.2107 -0.9653 -0.1545
vn -0.2044 -0.9364 -0.2851
vn -0.1766 -0.809 -0.5606
vn 0.0238 0.109 -0.9938
vn -0.1766 -0.809 -0.5606
vn 0.19 0.8704 -0.4542
vn 0.2086 0.9555 -0.2088
vn 0.2124 0.9732 -0.0882
vn 0.2133 0.977 0
vn 0.2124 0.9732 0.0882
vn 0.2086 0.9555 0.2088
vn 0.19 0.8704 0.4542
vn 0.0238 0.109 0.9938
vn -0.1766 -0.809 0.5606
vn -0.2044 -0.9364 0.2851
vn -0.2107 -0.9653 0.1545
vn -0.2127 -0.9746 0.0697
vn 0 1 0
vn 0 1 0
vn 0 1 0
vn 0 1 0
vn 0 1 0
vn 0 1 0
vn 0 1 0
vn 0 1 0
vn 0 1 0
vn 0 1 0
vn 0 1 0
vn 0 1 0
vn 0 1 0
vn 0 1 0
vn 0 1 0
vn 0 1 0
vn 0 1 0
vn 0 1 0
vn -0.3576 -0.9339 0
vn -0.3538 -0.9239 -0.146
vn -0.9479 0.0675 -0.3113
vn -0.9979 0.0647 0
vn -0.3371 -0.8803 -0.3338
vn -0.8029 0.0771 -0.5911
vn -0.2752 -0.7186 -0.6387
vn -0.5772 0.0971 -0.8108
vn -0.0405 -0.1059 -0.9936
vn -0.2924 0.1265 -0.9479
vn -0.0405 -0.1059 -0.9936
vn 0.2316 0.6048 -0.762
vn 0.0328 -0.0016 -0.9995
vn -0.2924 0.1265 -0.9479
vn 0.3193 0.8338 -0.4504
vn 0.3884 -0.1301 -0.9123
vn 0.3458 0.903 -0.2551
vn 0.7054 -0.1023 -0.7014
vn 0.3552 0.9275 -0.1168
vn 0.9207 -0.0851 -0.3808
vn 0.3576 0.9339 0
vn 0.9968 -0.0801 0
vn 0.3552 0.9275 0.1168
vn 0.9207 -0.0851 0.3808
vn 0.3458 0.903 0.2551
vn 0.7054 -0.1023 0.7014
vn 0.3193 0.8338 0.4504
vn 0.3884 -0.1301 0.9123
vn 0.2316 0.6048 0.762
vn 0.0328 -0.0016 0.9995
vn -0.0405 -0.1059 0.9936
vn -0.2924 0.1265 0.9479
vn -0.2752 -0.7186 0.6387
vn -0.5772 0.0971 0.8108
vn -0.3371 -0.8803 0.3338
vn -0.8029 0.0771 0.5911
vn -0.3538 -0.9239 0.146
vn -0.9479 0.0675 0.3113
vn -0.2204 0.9711 -0.0915
vn -0.2213 0.9752 0
vn -0.2161 0.9521 -0.2162
vn -0.1957 0.8623 -0.4671
vn -0.0247 0.1089 -0.9937
vn 0.181 -0.7975 -0.5755
vn -0.0247 0.1089 -0.9937
vn 0.2114 -0.9318 -0.2951
vn 0.2184 -0.9626 -0.1602
vn 0.2207 -0.9727 -0.0723
vn 0.2213 -0.9752 0
vn 0.2207 -0.9727 0.0723
vn 0.2184 -0.9626 0.1602
vn 0.2114 -0.9318 0.2951
vn 0.181 -0.7975 0.5755
vn -0.0247 0.1089 0.9937
vn -0.1957 0.8623 0.4671
vn -0.2161 0.9521 0.2162
vn -0.2204 0.9711 0.0915
vn 0 1 0
vn 0 1 0
vn 0 1 0
vn 0 1 0
vn 0 1 0
vn 0 1 0
vn 0 1 0
vn 0 1 0
vn 0 1 0
vn 0 1 0
vn 0 1 0
vn 0 1 0
vn 0 1 0
vn 0 1 0
vn 0 1 0
vn 0 1 0
vn 0 1 0
vn 0 1 0
vn 1 0 0
vn 1 0 0
vn 1 0 0
vn 1 0 0
vn 1 0 0
vn 1 0 0
vn 1 0 0
vn 1 0 0
vn 1 0 0
vn 1 0 0
vn 1 0 0
vn 1 0 0
vn 1 0 0
vn 1 0 0
vn 1 0 0
vn 1 0 0
vn 1 0 0
vn 1 0 0
vn 0.9994 0.0342 0
vn 0.9993 0.0342 0.0142
vn 0.9955 0.0881 0.0353
vn 0.9961 0.0882 0
vn 0.9988 0.0341 0.0344
vn 0.9926 0.0876 0.0839
vn 0.996 0.034 0.0829
vn 0.978 0.0853 0.1905
vn 0.1104 0.0038 0.9939
vn 0.6729 0.0303 0.7391
vn 0.1104 0.0038 0.9939
vn -0.9938 -0.034 0.1056
vn -0.57 -0.0688 0.8188
vn 0.6729 0.0303 0.7391
vn -0.9983 -0.0341 0.0473
vn -0.9891 -0.0766 0.1262
vn -0.9991 -0.0342 0.025
vn -0.9951 -0.0772 0.0617
vn -0.9994 -0.0342 0.0112
vn -0.9966 -0.0774 0.027
vn -0.9994 -0.0342 0
vn -0.997 -0.0774 0
vn -0.9994 -0.0342 -0.0112
vn -0.9966 -0.0774 -0.027
vn -0.9991 -0.0342 -0.025
vn -0.9951 -0.0772 -0.0617
vn -0.9983 -0.0341 -0.0473
vn -0.9891 -0.0765 -0.1262
vn -0.9938 -0.034 -0.1056
vn -0.57 -0.0688 -0.8188
vn 0.1104 0.0038 -0.9939
vn 0.6729 0.0303 -0.7391
vn 0.996 0.034 -0.0829
vn 0.978 0.0853 -0.1905
vn 0.9988 0.0341 -0.0344
vn 0.9926 0.0876 -0.0839
vn 0.9993 0.0342 -0.0142
vn 0.9955 0.0881 -0.0353
vn -0.0019 0.9505 0.3108
vn -0.0018 1 0
vn -0.0023 0.807 0.5906
vn -0.003 0.5842 0.8116
vn -0.0053 0.3042 0.9526
vn 0 -0.0144 0.9999
vn -0.0053 0.3042 0.9526
vn 0.0053 -0.3821 0.9241
vn 0.0032 -0.7053 0.7089
vn 0.0025 -0.9232 0.3844
vn 0.0023 -1 0
vn 0.0025 -0.9232 -0.3844
vn 0.0032 -0.7053 -0.7089
vn 0.0053 -0.3821 -0.9241
vn 0 -0.0144 -0.9999
vn -0.0053 0.3042 -0.9526
vn -0.003 0.5842 -0.8116
vn -0.0023 0.807 -0.5906
vn -0.0019 0.9505 -0.3108
vn -0.9959 0.0841 0.0338
vn -0.9965 0.0842 0
vn -0.9932 0.0841 0.0803
vn -0.9791 0.0832 0.1856
vn -0.6732 0.0299 0.7389
vn 0.5742 -0.0672 0.8159
vn -0.6732 0.0299 0.7389
vn 0.9895 -0.0747 0.1235
vn 0.9953 -0.0753 0.0603
vn 0.9968 -0.0755 0.0264
vn 0.9971 -0.0755 0
vn 0.9968 -0.0755 -0.0264
vn 0.9953 -0.0753 -0.0603
vn 0.9895 -0.0747 -0.1235
vn 0.5743 -0.0672 -0.8159
vn -0.6732 0.0299 -0.7389
vn -0.9796 0.0818 -0.1833
vn -0.9932 0.0837 -0.0804
vn -0.9959 0.0841 -0.0338
vn -0.9995 0.0302 0.0126
vn -0.9995 0.0302 0
vn -0.9995 0.0302 -0.0046
vn -0.999 0.0322 0.0302
vn -0.1104 0.0038 0.9939
vn 0.9939 -0.0338 0.1049
vn -0.1104 0.0038 0.9939
vn 0.9983 -0.0339 0.047
vn 0.9991 -0.0339 0.0248
vn 0.9994 -0.034 0.0111
vn 0.9994 -0.034 0
vn 0.9994 -0.034 -0.0111
vn 0.9991 -0.0339 -0.0248
vn 0.9983 -0.0339 -0.047
vn 0.9939 -0.0338 -0.1049
vn -0.1104 0.0038 -0.9939
vn -0.9991 0.0339 -0.0271
vn -0.9995 0.0315 0.0043
vn -0.9995 0.0302 -0.0126
vn 0 0 -1
vn 0 0 -1
vn 0 0 -1
vn 0 0 -1
vn 0 0 -1
vn 0 0 -1
vn 0 0 -1
vn 0 0 -1
vn 0 0 -1
vn 0 0 -1
vn 0 0 -1
vn 0 0 -1
vn 0 0 -1
vn 0 0 -1
vn 0 0 -1
vn 0 0 -1
vn 0 0 -1
vn 0 0 -1
vn 0 1 0
vn 0.342 0.9397 0
vn 0.342 0.9397 0
vn 0 1 0
vn 0.6428 0.766 0
vn 0.6428 0.766 0
vn 0.866 0.5 0
vn 0.866 0.5 0
vn 0.9848 0.1736 0
vn 0.9848 0.1736 0
vn 0.9848 0.1736 0
vn 0.9848 -0.1736 0
vn 0.9848 -0.1736 0
vn 0.9848 0.1736 0
vn 0.866 -0.5 0
vn 0.866 -0.5 0
vn 0.6428 -0.766 0
vn 0.6428 -0.766 0
vn 0.342 -0.9397 0
vn 0.342 -0.9397 0
vn 0 -1 0
vn 0 -1 0
vn -0.342 -0.9397 0
vn -0.342 -0.9397 0
vn -0.6428 -0.766 0
vn -0.6428 -0.766 0
vn -0.866 -0.5 0
vn -0.866 -0.5 0
vn -0.9848 -0.1736 0
vn -0.9848 -0.1736 0
vn -0.9848 0.1736 0
vn -0.9848 0.1736 0
vn -0.866 0.5 0
vn -0.866 0.5 0
vn -0.6428 0.766 0
vn -0.6428 0.766 0
vn -0.342 0.9397 0
vn -0.342 0.9397 0
vn 0.342 0.9397 0
vn 0 1 0
vn 0.6428 0.766 0
vn 0.866 0.5 0
vn 0.9848 0.1736 0
vn 0.9848 -0.1736 0
vn 0.9848 0.1736 0
vn 0.866 -0.5 0
vn 0.6428 -0.766 0
vn 0.342 -0.9397 0
vn 0 -1 0
vn -0.342 -0.9397 0
vn -0.6428 -0.766 0
vn -0.866 -0.5 0
vn -0.9848 -0.1736 0
vn -0.9848 0.1736 0
vn -0.866 0.5 0
vn -0.6428 0.766 0
vn -0.342 0.9397 0
vn 0.342 0.9397 0
vn 0 1 0
vn 0.6428 0.766 0
vn 0.866 0.5 0
vn 0.9848 0.1736 0
vn 0.9848 -0.1736 0
vn 0.9848 0.1736 0
vn 0.866 -0.5 0
vn 0.6428 -0.766 0
vn 0.342 -0.9397 0
vn 0 -1 0
vn -0.342 -0.9397 0
vn -0.6428 -0.766 0
vn -0.866 -0.5 0
vn -0.9848 -0.1736 0
vn -0.9848 0.1736 0
vn -0.866 0.5 0
vn -0.6428 0.766 0
vn -0.342 0.9397 0
vn 0.3257 0.895 0.3048
vn 0 0.9524 0.3048
vn 0.6122 0.7296 0.3048
vn 0.8248 0.4762 0.3048
vn 0.9379 0.1654 0.3048
vn 0.9379 -0.1654 0.3048
vn 0.9379 0.1654 0.3048
vn 0.8248 -0.4762 0.3048
vn 0.6122 -0.7296 0.3048
vn 0.3257 -0.895 0.3048
vn 0 -0.9524 0.3048
vn -0.3257 -0.895 0.3048
vn -0.6122 -0.7296 0.3048
vn -0.8248 -0.4762 0.3048
vn -0.9379 -0.1654 0.3048
vn -0.9379 0.1654 0.3048
vn -0.8248 0.4762 0.3048
vn -0.6122 0.7296 0.3048
vn -0.3257 0.895 0.3048
vn 0.2742 0.7535 0.5975
vn 0 0.8018 0.5975
vn 0.5154 0.6143 0.5975
vn 0.6944 0.4009 0.5975
vn 0.7897 0.1392 0.5975
vn 0.7897 -0.1392 0.5975
vn 0.7897 0.1392 0.5975
vn 0.6944 -0.4009 0.5976
vn 0.5154 -0.6142 0.5976
vn 0.2742 -0.7535 0.5976
vn 0 -0.8018 0.5976
vn -0.2742 -0.7535 0.5976
vn -0.5154 -0.6142 0.5976
vn -0.6944 -0.4009 0.5976
vn -0.7897 -0.1392 0.5975
vn -0.7897 0.1392 0.5975
vn -0.6944 0.4009 0.5975
vn -0.5154 0.6143 0.5975
vn -0.2742 0.7535 0.5975
vn 0 0 1
vn 0 0 1
vn 0 0 1
vn 0 0 1
vn 0 0 1
vn 0 0 1
vn 0 0 1
vn 0 0 1
vn 0 0 1
vn 0 0 1
vn 0 0 1
vn 0 0 1
vn 0 0 1
vn 0 0 1
vn 0 0 1
vn 0 0 1
vn 0 0 1
vn 0 0 1
vn 0 0 -1
vn 0 0 -1
vn 0 0 -1
vn 0 0 -1
vn 0 0 -1
vn 0 0 -1
vn 0 0 -1
vn 0 0 -1
vn 0 0 -1
vn 0 0 -1
vn 0 0 -1
vn 0 0 -1
vn 0 0 -1
vn 0 0 -1
vn 0 0 -1
vn 0 0 -1
vn 0 0 -1
vn 0 0 -1
vn 0 1 0
vn 0.342 0.9397 0
vn 0.342 0.9397 0
vn 0 1 0
vn 0.6428 0.766 0
vn 0.6428 0.766 0
vn 0.866 0.5 0
vn 0.866 0.5 0
vn 0.9848 0.1736 0
vn 0.9848 0.1736 0
vn 0.9848 0.1736 0
vn 0.9848 -0.1736 0
vn 0.9848 -0.1736 0
vn 0.9848 0.1736 0
vn 0.866 -0.5 0
vn 0.866 -0.5 0
vn 0.6428 -0.766 0
vn 0.6428 -0.766 0
vn 0.342 -0.9397 0
vn 0.342 -0.9397 0
vn 0 -1 0
vn 0 -1 0
vn -0.342 -0.9397 0
vn -0.342 -0.9397 0
vn -0.6428 -0.766 0
vn -0.6428 -0.766 0
vn -0.866 -0.5 0
vn -0.866 -0.5 0
vn -0.9848 -0.1736 0
vn -0.9848 -0.1736 0
vn -0.9848 0.1736 0
vn -0.9848 0.1736 0
vn -0.866 0.5 0
vn -0.866 0.5 0
vn -0.6428 0.766 0
vn -0.6428 0.766 0
vn -0.342 0.9397 0
vn -0.342 0.9397 0
vn 0.342 0.9397 0
vn 0 1 0
vn 0.6428 0.766 0
vn 0.866 0.5 0
vn 0.9848 0.1736 0
vn 0.9848 -0.1736 0
vn 0.9848 0.1736 0
vn 0.866 -0.5 0
vn 0.6428 -0.766 0
vn 0.342 -0.9397 0
vn 0 -1 0
vn -0.342 -0.9397 0
vn -0.6428 -0.766 0
vn -0.866 -0.5 0
vn -0.9848 -0.1736 0
vn -0.9848 0.1736 0
vn -0.866 0.5 0
vn -0.6428 0.766 0
vn -0.342 0.9397 0
vn 0.342 0.9397 0
vn 0 1 0
vn 0.6428 0.766 0
vn 0.866 0.5 0
vn 0.9848 0.1736 0
vn 0.9848 -0.1736 0
vn 0.9848 0.1736 0
vn 0.866 -0.5 0
vn 0.6428 -0.766 0
vn 0.342 -0.9397 0
vn 0 -1 0
vn -0.342 -0.9397 0
vn -0.6428 -0.766 0
vn -0.866 -0.5 0
vn -0.9848 -0.1736 0
vn -0.9848 0.1736 0
vn -0.866 0.5 0
vn -0.6428 0.766 0
vn -0.342 0.9397 0
vn 0.3257 0.895 0.3048
vn 0 0.9524 0.3048
vn 0.6122 0.7296 0.3048
vn 0.8248 0.4762 0.3048
vn 0.9379 0.1654 0.3048
vn 0.9379 -0.1654 0.3048
vn 0.9379 0.1654 0.3048
vn 0.8248 -0.4762 0.3048
vn 0.6122 -0.7296 0.3048
vn 0.3257 -0.895 0.3048
vn 0 -0.9524 0.3048
vn -0.3257 -0.895 0.3048
vn -0.6122 -0.7296 0.3048
vn -0.8248 -0.4762 0.3048
vn -0.9379 -0.1654 0.3048
vn -0.9379 0.1654 0.3048
vn -0.8248 0.4762 0.3048
vn -0.6122 0.7296 0.3048
vn -0.3257 0.895 0.3048
vn 0.2742 0.7535 0.5975
vn 0 0.8018 0.5975
vn 0.5154 0.6143 0.5975
vn 0.6944 0.4009 0.5975
vn 0.7897 0.1392 0.5975
vn 0.7897 -0.1392 0.5975
vn 0.7897 0.1392 0.5975
vn 0.6944 -0.4009 0.5976
vn 0.5154 -0.6142 0.5976
vn 0.2742 -0.7535 0.5976
vn 0 -0.8018 0.5976
vn -0.2742 -0.7535 0.5976
vn -0.5154 -0.6142 0.5976
vn -0.6944 -0.4009 0.5976
vn -0.7897 -0.1392 0.5975
vn -0.7897 0.1392 0.5975
vn -0.6944 0.4009 0.5975
vn -0.5154 0.6143 0.5975
vn -0.2742 0.7535 0.5975
vn 0 0 1
vn 0 0 1
vn 0 0 1
vn 0 0 1
vn 0 0 1
vn 0 0 1
vn 0 0 1
vn 0 0 1
vn 0 0 1
vn 0 0 1
vn 0 0 1
vn 0 0 1
vn 0 0 1
vn 0 0 1
vn 0 0 1
vn 0 0 1
vn 0 0 1
vn 0 0 1
vn 0 -1 0
vn 0 -1 0
vn 0 -1 0
vn 0 -1 0
vn 0 1 0
vn 0 1 0
vn 0 1 0
vn 0 1 0
vn 0.2913 0.9566 -0.0083
vn 0.4338 0.9009 -0.0123
vn 0.5548 0.8319 -0.0136
vn 0.2909 0.9567 -0.0082
vn 0.253 -0.9675 0
vn 0.2624 -0.9649 0
vn 0.494 -0.8695 0
vn 0.253 -0.9675 0
vn 0.2982 -0.9544 0.0112
vn 0.4396 -0.8981 0.0151
vn 0.5651 -0.8249 0.0099
vn 0.29 -0.957 0.0079
vn -0.2556 -0.9668 0
vn -0.496 -0.8683 0
vn -0.2727 -0.9621 0
vn -0.2556 -0.9668 0
vn 0 -1 0
vn 0 -1 0
vn 0 -1 0
vn 0 -1 0
vn 0 1 0
vn 0 1 0
vn 0 1 0
vn 0 1 0
vn -0.1711 0.9833 -0.0618
vn -0.2683 0.9585 -0.0969
vn 0.005 0.9913 -0.1316
vn 0.0028 0.998 -0.0628
vn -0.1688 -0.9839 0.0594
vn -0.2651 -0.9597 0.0933
vn -0.0048 -0.992 0.1262
vn -0.0027 -0.9982 0.0602
vn 0.1641 -0.9847 0.0592
vn 0.258 -0.9616 0.0932
vn 0.3835 -0.9219 0.0551
vn 0.2788 -0.96 0.0262
vn 0 -1 0
vn 0 -1 0
vn 0 -1 0
vn 0 -1 0
vn 0 1 0
vn 0 1 0
vn 0 1 0
vn 0 1 0
vn -0.3053 0.9521 -0.0169
vn -0.4515 0.892 -0.0234
vn -0.3895 0.9193 -0.0571
vn -0.2819 0.959 -0.0272
vn 0 -1 0
vn 0 -1 0
vn 0 -1 0
vn 0 -1 0
vn 0 1 0
vn 0 1 0
vn 0 1 0
vn 0 1 0
vn 0.1761 0.9824 -0.062
vn 0.2756 0.9564 -0.097
vn 0.3791 0.9233 -0.0615
vn 0.2694 0.9625 -0.0312
vn -0.2885 -0.9573 0.0157
vn -0.4324 -0.9014 0.0234
vn -0.3736 -0.9257 0.0589
vn -0.2668 -0.9633 0.0296
vn 0 -1 0
vn 0 -1 0
vn 0 1 0
vn 0 1 0
vn 0.4358 0.8997 -0.0242
vn 0.2911 0.9566 -0.0162
vn 0.4474 -0.894 0.023
vn 0.302 -0.9532 0.0166
vn 0 -1 0
vn 0 -1 0
vn 0 1 0
vn 0 1 0
vn -0.3015 0.9534 -0.0113
vn -0.4441 0.8959 -0.0152
vn -0.2886 -0.9574 0.0082
vn -0.43 -0.9027 0.0118
vn 0 -1 0
vn 0 -1 0
vn 0 1 0
vn 0 1 0
vn -0.2944 0.9557 -0.0086
vn -0.6375 0.7703 -0.0185
vn -0.2871 -0.9579 0.0076
vn -0.5588 -0.8292 0.0148
vn 0.5666 0.8238 -0.0157
vn 0.5708 0.8209 -0.0136
vn 0.5085 -0.8611 0
vn 0.5085 -0.8611 0
vn 0.5678 -0.823 0.0157
vn 0.5812 -0.8137 0.0094
vn -0.5125 -0.8587 0
vn -0.5125 -0.8587 0
vn -0.3625 0.9228 -0.1309
vn 0.0004 0.9901 -0.1407
vn -0.3584 -0.925 0.1261
vn -0.0003 -0.9909 0.1349
vn 0.3493 -0.9285 0.1261
vn 0.3826 -0.9168 0.1145
vn -0.584 0.8113 -0.0273
vn -0.3966 0.9104 -0.1179
vn 0.3719 0.919 -0.1309
vn 0.4031 0.9075 -0.1183
vn -0.5623 -0.8264 0.0302
vn -0.3891 -0.914 0.1148
vn 0.566 0.8238 -0.0311
vn 0.5796 -0.8145 0.027
vn -0.5608 0.8279 -0.0114
vn -0.5566 -0.8307 0.0128
vn -0.5903 0.8071 -0.0129
vn -0.5643 -0.8255 0.0135
usemtl APXGLOCK03_part_0_material_0
f 1/1/1 3/3/3 2/2/2
f 2/2/2 5/5/5 4/4/4
f 4/4/4 1/1/1 2/2/2
f 6/6/6 8/8/8 7/7/7
f 7/7/7 9/9/9 6/6/6
f 10/10/10 12/12/12 11/11/11
f 11/11/11 13/13/13 10/10/10
f 14/14/14 16/16/16 15/15/15
f 5/5/5 17/17/17 4/4/4
f 18/18/18 15/15/15 7/7/7
f 7/7/7 8/8/8 18/18/18
f 18/18/18 14/14/14 15/15/15
f 9/9/9 11/11/11 12/12/12
f 12/12/12 6/6/6 9/9/9
f 7/7/7 5/5/5 2/2/2
f 2/2/2 9/9/9 7/7/7
f 13/13/13 11/11/11 3/3/3
f 5/5/5 7/7/7 15/15/15
f 11/11/11 9/9/9 2/2/2
f 2/2/2 3/3/3 11/11/11
f 19/19/19 20/20/20 16/16/16
f 16/16/16 14/14/14 19/19/19
f 15/15/15 16/16/16 17/17/17
f 5/5/5 15/15/15 17/17/17
f 21/21/21 22/22/22 3/3/3
f 3/3/3 1/1/1 21/21/21
f 23/23/23 21/21/21 1/1/1
f 1/1/1 4/4/4 23/23/23
f 24/24/24 25/25/25 10/10/10
f 10/10/10 13/13/13 24/24/24
f 22/22/22 24/24/24 13/13/13
f 13/13/13 3/3/3 22/22/22
f 26/26/26 23/23/23 4/4/4
f 4/4/4 17/17/17 26/26/26
f 16/16/16 20/20/20 27/27/27
f 27/27/27 17/17/17 16/16/16
f 17/17/17 27/27/27 28/28/28
f 28/28/28 26/26/26 17/17/17
f 29/29/29 31/31/31 30/30/30
f 31/31/31 29/29/29 32/32/32
f 32/32/32 33/33/33 31/31/31
f 6/6/6 35/35/35 34/34/34
f 34/34/34 8/8/8 6/6/6
f 10/10/10 37/37/37 36/36/36
f 36/36/36 12/12/12 10/10/10
f 14/14/14 39/39/39 38/38/38
f 33/33/33 32/32/32 40/40/40
f 18/18/18 8/8/8 34/34/34
f 34/34/34 39/39/39 18/18/18
f 18/18/18 39/39/39 14/14/14
f 35/35/35 6/6/6 12/12/12
f 12/12/12 36/36/36 35/35/35
f 34/34/34 35/35/35 31/31/31
f 31/31/31 33/33/33 34/34/34
f 37/37/37 30/30/30 36/36/36
f 33/33/33 39/39/39 34/34/34
f 36/36/36 31/31/31 35/35/35
f 31/31/31 36/36/36 30/30/30
f 19/19/19 14/14/14 38/38/38
f 38/38/38 41/41/41 19/19/19
f 39/39/39 40/40/40 38/38/38
f 33/33/33 40/40/40 39/39/39
f 42/42/42 29/29/29 30/30/30
f 30/30/30 43/43/43 42/42/42
f 44/44/44 32/32/32 29/29/29
f 29/29/29 42/42/42 44/44/44
f 45/45/45 37/37/37 10/10/10
f 10/10/10 25/25/25 45/45/45
f 43/43/43 30/30/30 37/37/37
f 37/37/37 45/45/45 43/43/43
f 46/46/46 40/40/40 32/32/32
f 32/32/32 44/44/44 46/46/46
f 38/38/38 40/40/40 47/47/47
f 47/47/47 41/41/41 38/38/38
f 40/40/40 46/46/46 48/48/48
f 48/48/48 47/47/47 40/40/40
f 49/49/49 51/51/51 50/50/50
f 50/50/50 52/52/52 49/49/49
f 52/52/52 54/54/54 53/53/53
f 53/53/53 55/55/55 52/52/52
f 54/54/54 52/52/52 56/56/56
f 57/57/57 50/50/50 58/58/58
f 59/59/59 61/61/61 60/60/60
f 60/60/60 62/62/62 59/59/59
f 63/63/63 65/65/65 64/64/64
f 66/66/66 60/60/60 61/61/61
f 61/61/61 67/67/67 66/66/66
f 64/64/64 69/69/69 68/68/68
f 68/68/68 63/63/63 64/64/64
f 70/70/70 63/63/63 71/71/71
f 72/72/72 74/74/74 73/73/73
f 75/75/75 66/66/66 67/67/67
f 75/75/75 67/67/67 68/68/68
f 75/75/75 68/68/68 69/69/69
f 76/76/76 78/78/78 77/77/77
f 76/76/76 80/80/80 79/79/79
f 79/79/79 78/78/78 76/76/76
f 79/79/79 80/80/80 81/81/81
f 81/81/81 82/82/82 79/79/79
f 83/83/83 85/85/85 84/84/84
f 84/84/84 86/86/86 83/83/83
f 86/86/86 84/84/84 87/87/87
f 88/88/88 85/85/85 82/82/82
f 82/82/82 81/81/81 88/88/88
f 78/78/78 79/79/79 89/89/89
f 89/89/89 90/90/90 78/78/78
f 89/89/89 79/79/79 82/82/82
f 82/82/82 91/91/91 89/89/89
f 92/92/92 84/84/84 85/85/85
f 85/85/85 88/88/88 92/92/92
f 91/91/91 82/82/82 85/85/85
f 85/85/85 83/83/83 91/91/91
f 77/77/77 78/78/78 90/90/90
f 87/87/87 84/84/84 92/92/92
f 65/65/65 63/63/63 93/93/93
f 72/72/72 73/73/73 94/94/94
f 94/94/94 73/73/73 58/58/58
f 58/58/58 51/51/51 94/94/94
f 51/51/51 58/58/58 50/50/50
f 53/53/53 54/54/54 95/95/95
f 95/95/95 96/96/96 53/53/53
f 54/54/54 56/56/56 97/97/97
f 97/97/97 95/95/95 54/54/54
f 63/63/63 70/70/70 98/98/98
f 96/96/96 95/95/95 99/99/99
f 99/99/99 100/100/100 96/96/96
f 101/101/101 95/95/95 97/97/97
f 98/98/98 96/96/96 100/100/100
f 100/100/100 102/102/102 98/98/98
f 71/71/71 55/55/55 53/53/53
f 53/53/53 70/70/70 71/71/71
f 53/53/53 96/96/96 98/98/98
f 98/98/98 70/70/70 53/53/53
f 52/52/52 50/50/50 103/103/103
f 103/103/103 56/56/56 52/52/52
f 68/68/68 71/71/71 63/63/63
f 69/69/69 105/105/105 104/104/104
f 104/104/104 75/75/75 69/69/69
f 106/106/106 108/108/108 107/107/107
f 107/107/107 108/108/108 109/109/109
f 108/108/108 106/106/106 110/110/110
f 110/110/110 111/111/111 108/108/108
f 111/111/111 110/110/110 112/112/112
f 104/104/104 66/66/66 75/75/75
f 104/104/104 113/113/113 60/60/60
f 60/60/60 66/66/66 104/104/104
f 60/60/60 113/113/113 114/114/114
f 114/114/114 62/62/62 60/60/60
f 74/74/74 115/115/115 73/73/73
f 116/116/116 59/59/59 62/62/62
f 117/117/117 119/119/119 118/118/118
f 118/118/118 119/119/119 120/120/120
f 119/119/119 117/117/117 121/121/121
f 121/121/121 122/122/122 119/119/119
f 122/122/122 121/121/121 123/123/123
f 124/124/124 126/126/126 125/125/125
f 126/126/126 124/124/124 127/127/127
f 127/127/127 128/128/128 126/126/126
f 128/128/128 127/127/127 129/129/129
f 130/130/130 132/132/132 131/131/131
f 131/131/131 133/133/133 130/130/130
f 133/133/133 131/131/131 134/134/134
f 134/134/134 135/135/135 133/133/133
f 136/136/136 138/138/138 137/137/137
f 139/139/139 141/141/141 140/140/140
f 140/140/140 137/137/137 139/139/139
f 140/140/140 136/136/136 137/137/137
f 136/136/136 143/143/143 142/142/142
f 144/144/144 143/143/143 140/140/140
f 140/140/140 141/141/141 144/144/144
f 140/140/140 143/143/143 136/136/136
f 145/145/145 147/147/147 146/146/146
f 147/147/147 149/149/149 148/148/148
f 149/149/149 151/151/151 150/150/150
f 147/147/147 151/151/151 149/149/149
f 151/151/151 153/153/153 152/152/152
f 153/153/153 155/155/155 154/154/154
f 151/151/151 155/155/155 153/153/153
f 155/155/155 157/157/157 156/156/156
f 157/157/157 159/159/159 158/158/158
f 155/155/155 159/159/159 157/157/157
f 151/151/151 159/159/159 155/155/155
f 147/147/147 159/159/159 151/151/151
f 159/159/159 161/161/161 160/160/160
f 147/147/147 161/161/161 159/159/159
f 145/145/145 161/161/161 147/147/147
f 162/162/162 161/161/161 145/145/145
f 163/163/163 165/165/165 164/164/164
f 165/165/165 163/163/163 166/166/166
f 164/164/164 168/168/168 167/167/167
f 168/168/168 164/164/164 165/165/165
f 167/167/167 170/170/170 169/169/169
f 170/170/170 167/167/167 168/168/168
f 169/169/169 172/172/172 171/171/171
f 172/172/172 169/169/169 170/170/170
f 173/173/173 175/175/175 174/174/174
f 175/175/175 173/173/173 176/176/176
f 174/174/174 178/178/178 177/177/177
f 178/178/178 174/174/174 175/175/175
f 177/177/177 180/180/180 179/179/179
f 180/180/180 177/177/177 178/178/178
f 179/179/179 182/182/182 181/181/181
f 182/182/182 179/179/179 180/180/180
f 181/181/181 184/184/184 183/183/183
f 184/184/184 181/181/181 182/182/182
f 183/183/183 186/186/186 185/185/185
f 186/186/186 183/183/183 184/184/184
f 185/185/185 188/188/188 187/187/187
f 188/188/188 185/185/185 186/186/186
f 187/187/187 190/190/190 189/189/189
f 190/190/190 187/187/187 188/188/188
f 189/189/189 192/192/192 191/191/191
f 192/192/192 189/189/189 190/190/190
f 191/191/191 194/194/194 193/193/193
f 194/194/194 191/191/191 192/192/192
f 193/193/193 196/196/196 195/195/195
f 196/196/196 193/193/193 194/194/194
f 195/195/195 198/198/198 197/197/197
f 198/198/198 195/195/195 196/196/196
f 197/197/197 200/200/200 199/199/199
f 200/200/200 197/197/197 198/198/198
f 199/199/199 166/166/166 163/163/163
f 166/166/166 199/199/199 200/200/200
f 166/166/166 201/201/201 165/165/165
f 201/201/201 166/166/166 202/202/202
f 165/165/165 203/203/203 168/168/168
f 203/203/203 165/165/165 201/201/201
f 168/168/168 204/204/204 170/170/170
f 204/204/204 168/168/168 203/203/203
f 170/170/170 205/205/205 172/172/172
f 205/205/205 170/170/170 204/204/204
f 176/176/176 206/206/206 175/175/175
f 206/206/206 176/176/176 207/207/207
f 175/175/175 208/208/208 178/178/178
f 208/208/208 175/175/175 206/206/206
f 178/178/178 209/209/209 180/180/180
f 209/209/209 178/178/178 208/208/208
f 180/180/180 210/210/210 182/182/182
f 210/210/210 180/180/180 209/209/209
f 182/182/182 211/211/211 184/184/184
f 211/211/211 182/182/182 210/210/210
f 184/184/184 212/212/212 186/186/186
f 212/212/212 184/184/184 211/211/211
f 186/186/186 213/213/213 188/188/188
f 213/213/213 186/186/186 212/212/212
f 188/188/188 214/214/214 190/190/190
f 214/214/214 188/188/188 213/213/213
f 190/190/190 215/215/215 192/192/192
f 215/215/215 190/190/190 214/214/214
f 192/192/192 216/216/216 194/194/194
f 216/216/216 192/192/192 215/215/215
f 194/194/194 217/217/217 196/196/196
f 217/217/217 194/194/194 216/216/216
f 196/196/196 218/218/218 198/198/198
f 218/218/218 196/196/196 217/217/217
f 198/198/198 219/219/219 200/200/200
f 219/219/219 198/198/198 218/218/218
f 200/200/200 202/202/202 166/166/166
f 202/202/202 200/200/200 219/219/219
f 202/202/202 220/220/220 201/201/201
f 220/220/220 202/202/202 221/221/221
f 201/201/201 222/222/222 203/203/203
f 222/222/222 201/201/201 220/220/220
f 203/203/203 223/223/223 204/204/204
f 223/223/223 203/203/203 222/222/222
f 204/204/204 224/224/224 205/205/205
f 224/224/224 204/204/204 223/223/223
f 207/207/207 225/225/225 206/206/206
f 225/225/225 207/207/207 226/226/226
f 206/206/206 227/227/227 208/208/208
f 227/227/227 206/206/206 225/225/225
f 208/208/208 228/228/228 209/209/209
f 228/228/228 208/208/208 227/227/227
f 209/209/209 229/229/229 210/210/210
f 229/229/229 209/209/209 228/228/228
f 210/210/210 230/230/230 211/211/211
f 230/230/230 210/210/210 229/229/229
f 211/211/211 231/231/231 212/212/212
f 231/231/231 211/211/211 230/230/230
f 212/212/212 232/232/232 213/213/213
f 232/232/232 212/212/212 231/231/231
f 213/213/213 233/233/233 214/214/214
f 233/233/233 213/213/213 232/232/232
f 214/214/214 234/234/234 215/215/215
f 234/234/234 214/214/214 233/233/233
f 215/215/215 235/235/235 216/216/216
f 235/235/235 215/215/215 234/234/234
f 216/216/216 236/236/236 217/217/217
f 236/236/236 216/216/216 235/235/235
f 217/217/217 237/237/237 218/218/218
f 237/237/237 217/217/217 236/236/236
f 218/218/218 238/238/238 219/219/219
f 238/238/238 218/218/218 237/237/237
f 219/219/219 221/221/221 202/202/202
f 221/221/221 219/219/219 238/238/238
f 221/221/221 239/239/239 220/220/220
f 239/239/239 221/221/221 240/240/240
f 220/220/220 241/241/241 222/222/222
f 241/241/241 220/220/220 239/239/239
f 222/222/222 242/242/242 223/223/223
f 242/242/242 222/222/222 241/241/241
f 223/223/223 243/243/243 224/224/224
f 243/243/243 223/223/223 242/242/242
f 226/226/226 244/244/244 225/225/225
f 244/244/244 226/226/226 245/245/245
f 225/225/225 246/246/246 227/227/227
f 246/246/246 225/225/225 244/244/244
f 227/227/227 247/247/247 228/228/228
f 247/247/247 227/227/227 246/246/246
f 228/228/228 248/248/248 229/229/229
f 248/248/248 228/228/228 247/247/247
f 229/229/229 249/249/249 230/230/230
f 249/249/249 229/229/229 248/248/248
f 230/230/230 250/250/250 231/231/231
f 250/250/250 230/230/230 249/249/249
f 231/231/231 251/251/251 232/232/232
f 251/251/251 231/231/231 250/250/250
f 232/232/232 252/252/252 233/233/233
f 252/252/252 232/232/232 251/251/251
f 233/233/233 253/253/253 234/234/234
f 253/253/253 233/233/233 252/252/252
f 234/234/234 254/254/254 235/235/235
f 254/254/254 234/234/234 253/253/253
f 235/235/235 255/255/255 236/236/236
f 255/255/255 235/235/235 254/254/254
f 236/236/236 256/256/256 237/237/237
f 256/256/256 236/236/236 255/255/255
f 237/237/237 257/257/257 238/238/238
f 257/257/257 237/237/237 256/256/256
f 238/238/238 240/240/240 221/221/221
f 240/240/240 238/238/238 257/257/257
f 240/240/240 258/258/258 239/239/239
f 258/258/258 240/240/240 259/259/259
f 239/239/239 260/260/260 241/241/241
f 260/260/260 239/239/239 258/258/258
f 241/241/241 261/261/261 242/242/242
f 261/261/261 241/241/241 260/260/260
f 242/242/242 262/262/262 243/243/243
f 262/262/262 242/242/242 261/261/261
f 245/245/245 263/263/263 244/244/244
f 263/263/263 245/245/245 264/264/264
f 244/244/244 265/265/265 246/246/246
f 265/265/265 244/244/244 263/263/263
f 246/246/246 266/266/266 247/247/247
f 266/266/266 246/246/246 265/265/265
f 247/247/247 267/267/267 248/248/248
f 267/267/267 247/247/247 266/266/266
f 248/248/248 268/268/268 249/249/249
f 268/268/268 248/248/248 267/267/267
f 249/249/249 269/269/269 250/250/250
f 269/269/269 249/249/249 268/268/268
f 250/250/250 270/270/270 251/251/251
f 270/270/270 250/250/250 269/269/269
f 251/251/251 271/271/271 252/252/252
f 271/271/271 251/251/251 270/270/270
f 252/252/252 272/272/272 253/253/253
f 272/272/272 252/252/252 271/271/271
f 253/253/253 273/273/273 254/254/254
f 273/273/273 253/253/253 272/272/272
f 254/254/254 274/274/274 255/255/255
f 274/274/274 254/254/254 273/273/273
f 255/255/255 275/275/275 256/256/256
f 275/275/275 255/255/255 274/274/274
f 256/256/256 276/276/276 257/257/257
f 276/276/276 256/256/256 275/275/275
f 257/257/257 259/259/259 240/240/240
f 259/259/259 257/257/257 276/276/276
f 277/277/277 279/279/279 278/278/278
f 279/279/279 281/281/281 280/280/280
f 281/281/281 283/283/283 282/282/282
f 279/279/279 283/283/283 281/281/281
f 283/283/283 285/285/285 284/284/284
f 285/285/285 287/287/287 286/286/286
f 283/283/283 287/287/287 285/285/285
f 287/287/287 289/289/289 288/288/288
f 289/289/289 291/291/291 290/290/290
f 287/287/287 291/291/291 289/289/289
f 283/283/283 291/291/291 287/287/287
f 279/279/279 291/291/291 283/283/283
f 291/291/291 293/293/293 292/292/292
f 279/279/279 293/293/293 291/291/291
f 277/277/277 293/293/293 279/279/279
f 294/294/294 293/293/293 277/277/277
f 295/295/295 297/297/297 296/296/296
f 297/297/297 299/299/299 298/298/298
f 299/299/299 301/301/301 300/300/300
f 297/297/297 301/301/301 299/299/299
f 301/301/301 303/303/303 302/302/302
f 303/303/303 305/305/305 304/304/304
f 301/301/301 305/305/305 303/303/303
f 305/305/305 307/307/307 306/306/306
f 307/307/307 309/309/309 308/308/308
f 305/305/305 309/309/309 307/307/307
f 301/301/301 309/309/309 305/305/305
f 297/297/297 309/309/309 301/301/301
f 309/309/309 311/311/311 310/310/310
f 297/297/297 311/311/311 309/309/309
f 295/295/295 311/311/311 297/297/297
f 312/312/312 311/311/311 295/295/295
f 313/313/313 315/315/315 314/314/314
f 315/315/315 313/313/313 316/316/316
f 314/314/314 318/318/318 317/317/317
f 318/318/318 314/314/314 315/315/315
f 317/317/317 320/320/320 319/319/319
f 320/320/320 317/317/317 318/318/318
f 319/319/319 322/322/322 321/321/321
f 322/322/322 319/319/319 320/320/320
f 323/323/323 325/325/325 324/324/324
f 325/325/325 323/323/323 326/326/326
f 324/324/324 328/328/328 327/327/327
f 328/328/328 324/324/324 325/325/325
f 327/327/327 330/330/330 329/329/329
f 330/330/330 327/327/327 328/328/328
f 329/329/329 332/332/332 331/331/331
f 332/332/332 329/329/329 330/330/330
f 331/331/331 334/334/334 333/333/333
f 334/334/334 331/331/331 332/332/332
f 333/333/333 336/336/336 335/335/335
f 336/336/336 333/333/333 334/334/334
f 335/335/335 338/338/338 337/337/337
f 338/338/338 335/335/335 336/336/336
f 337/337/337 340/340/340 339/339/339
f 340/340/340 337/337/337 338/338/338
f 339/339/339 342/342/342 341/341/341
f 342/342/342 339/339/339 340/340/340
f 341/341/341 344/344/344 343/343/343
f 344/344/344 341/341/341 342/342/342
f 343/343/343 346/346/346 345/345/345
f 346/346/346 343/343/343 344/344/344
f 345/345/345 348/348/348 347/347/347
f 348/348/348 345/345/345 346/346/346
f 347/347/347 350/350/350 349/349/349
f 350/350/350 347/347/347 348/348/348
f 349/349/349 316/316/316 313/313/313
f 316/316/316 349/349/349 350/350/350
f 316/316/316 351/351/351 315/315/315
f 351/351/351 316/316/316 352/352/352
f 315/315/315 353/353/353 318/318/318
f 353/353/353 315/315/315 351/351/351
f 318/318/318 354/354/354 320/320/320
f 354/354/354 318/318/318 353/353/353
f 320/320/320 355/355/355 322/322/322
f 355/355/355 320/320/320 354/354/354
f 326/326/326 356/356/356 325/325/325
f 356/356/356 326/326/326 357/357/357
f 325/325/325 358/358/358 328/328/328
f 358/358/358 325/325/325 356/356/356
f 328/328/328 359/359/359 330/330/330
f 359/359/359 328/328/328 358/358/358
f 330/330/330 360/360/360 332/332/332
f 360/360/360 330/330/330 359/359/359
f 332/332/332 361/361/361 334/334/334
f 361/361/361 332/332/332 360/360/360
f 334/334/334 362/362/362 336/336/336
f 362/362/362 334/334/334 361/361/361
f 336/336/336 363/363/363 338/338/338
f 363/363/363 336/336/336 362/362/362
f 338/338/338 364/364/364 340/340/340
f 364/364/364 338/338/338 363/363/363
f 340/340/340 365/365/365 342/342/342
f 365/365/365 340/340/340 364/364/364
f 342/342/342 366/366/366 344/344/344
f 366/366/366 342/342/342 365/365/365
f 344/344/344 367/367/367 346/346/346
f 367/367/367 344/344/344 366/366/366
f 346/346/346 368/368/368 348/348/348
f 368/368/368 346/346/346 367/367/367
f 348/348/348 369/369/369 350/350/350
f 369/369/369 348/348/348 368/368/368
f 350/350/350 352/352/352 316/316/316
f 352/352/352 350/350/350 369/369/369
f 352/352/352 370/370/370 351/351/351
f 370/370/370 352/352/352 371/371/371
f 351/351/351 372/372/372 353/353/353
f 372/372/372 351/351/351 370/370/370
f 353/353/353 373/373/373 354/354/354
f 373/373/373 353/353/353 372/372/372
f 354/354/354 374/374/374 355/355/355
f 374/374/374 354/354/354 373/373/373
f 357/357/357 375/375/375 356/356/356
f 375/375/375 357/357/357 376/376/376
f 356/356/356 377/377/377 358/358/358
f 377/377/377 356/356/356 375/375/375
f 358/358/358 378/378/378 359/359/359
f 378/378/378 358/358/358 377/377/377
f 359/359/359 379/379/379 360/360/360
f 379/379/379 359/359/359 378/378/378
f 360/360/360 380/380/380 361/361/361
f 380/380/380 360/360/360 379/379/379
f 361/361/361 381/381/381 362/362/362
f 381/381/381 361/361/361 380/380/380
f 362/362/362 382/382/382 363/363/363
f 382/382/382 362/362/362 381/381/381
f 363/363/363 383/383/383 364/364/364
f 383/383/383 363/363/363 382/382/382
f 364/364/364 384/384/384 365/365/365
f 384/384/384 364/364/364 383/383/383
f 365/365/365 385/385/385 366/366/366
f 385/385/385 365/365/365 384/384/384
f 366/366/366 386/386/386 367/367/367
f 386/386/386 366/366/366 385/385/385
f 367/367/367 387/387/387 368/368/368
f 387/387/387 367/367/367 386/386/386
f 368/368/368 388/388/388 369/369/369
f 388/388/388 368/368/368 387/387/387
f 369/369/369 371/371/371 352/352/352
f 371/371/371 369/369/369 388/388/388
f 371/371/371 389/389/389 370/370/370
f 389/389/389 371/371/371 390/390/390
f 370/370/370 391/391/391 372/372/372
f 391/391/391 370/370/370 389/389/389
f 372/372/372 392/392/392 373/373/373
f 392/392/392 372/372/372 391/391/391
f 373/373/373 393/393/393 374/374/374
f 393/393/393 373/373/373 392/392/392
f 376/376/376 394/394/394 375/375/375
f 394/394/394 376/376/376 395/395/395
f 375/375/375 396/396/396 377/377/377
f 396/396/396 375/375/375 394/394/394
f 377/377/377 397/397/397 378/378/378
f 397/397/397 377/377/377 396/396/396
f 378/378/378 398/398/398 379/379/379
f 398/398/398 378/378/378 397/397/397
f 379/379/379 399/399/399 380/380/380
f 399/399/399 379/379/379 398/398/398
f 380/380/380 400/400/400 381/381/381
f 400/400/400 380/380/380 399/399/399
f 381/381/381 401/401/401 382/382/382
f 401/401/401 381/381/381 400/400/400
f 382/382/382 402/402/402 383/383/383
f 402/402/402 382/382/382 401/401/401
f 383/383/383 403/403/403 384/384/384
f 403/403/403 383/383/383 402/402/402
f 384/384/384 404/404/404 385/385/385
f 404/404/404 384/384/384 403/403/403
f 385/385/385 405/405/405 386/386/386
f 405/405/405 385/385/385 404/404/404
f 386/386/386 406/406/406 387/387/387
f 406/406/406 386/386/386 405/405/405
f 387/387/387 407/407/407 388/388/388
f 407/407/407 387/387/387 406/406/406
f 388/388/388 390/390/390 371/371/371
f 390/390/390 388/388/388 407/407/407
f 390/390/390 408/408/408 389/389/389
f 408/408/408 390/390/390 409/409/409
f 389/389/389 410/410/410 391/391/391
f 410/410/410 389/389/389 408/408/408
f 391/391/391 411/411/411 392/392/392
f 411/411/411 391/391/391 410/410/410
f 392/392/392 412/412/412 393/393/393
f 412/412/412 392/392/392 411/411/411
f 395/395/395 413/413/413 394/394/394
f 413/413/413 395/395/395 414/414/414
f 394/394/394 415/415/415 396/396/396
f 415/415/415 394/394/394 413/413/413
f 396/396/396 416/416/416 397/397/397
f 416/416/416 396/396/396 415/415/415
f 397/397/397 417/417/417 398/398/398
f 417/417/417 397/397/397 416/416/416
f 398/398/398 418/418/418 399/399/399
f 418/418/418 398/398/398 417/417/417
f 399/399/399 419/419/419 400/400/400
f 419/419/419 399/399/399 418/418/418
f 400/400/400 420/420/420 401/401/401
f 420/420/420 400/400/400 419/419/419
f 401/401/401 421/421/421 402/402/402
f 421/421/421 401/401/401 420/420/420
f 402/402/402 422/422/422 403/403/403
f 422/422/422 402/402/402 421/421/421
f 403/403/403 423/423/423 404/404/404
f 423/423/423 403/403/403 422/422/422
f 404/404/404 424/424/424 405/405/405
f 424/424/424 404/404/404 423/423/423
f 405/405/405 425/425/425 406/406/406
f 425/425/425 405/405/405 424/424/424
f 406/406/406 426/426/426 407/407/407
f 426/426/426 406/406/406 425/425/425
f 407/407/407 409/409/409 390/390/390
f 409/409/409 407/407/407 426/426/426
f 427/427/427 429/429/429 428/428/428
f 429/429/429 431/431/431 430/430/430
f 431/431/431 433/433/433 432/432/432
f 429/429/429 433/433/433 431/431/431
f 433/433/433 435/435/435 434/434/434
f 435/435/435 437/437/437 436/436/436
f 433/433/433 437/437/437 435/435/435
f 437/437/437 439/439/439 438/438/438
f 439/439/439 441/441/441 440/440/440
f 437/437/437 441/441/441 439/439/439
f 433/433/433 441/441/441 437/437/437
f 429/429/429 441/441/441 433/433/433
f 441/441/441 443/443/443 442/442/442
f 429/429/429 443/443/443 441/441/441
f 427/427/427 443/443/443 429/429/429
f 444/444/444 443/443/443 427/427/427
f 445/445/445 447/447/447 446/446/446
f 447/447/447 449/449/449 448/448/448
f 449/449/449 451/451/451 450/450/450
f 447/447/447 451/451/451 449/449/449
f 451/451/451 453/453/453 452/452/452
f 453/453/453 455/455/455 454/454/454
f 451/451/451 455/455/455 453/453/453
f 455/455/455 457/457/457 456/456/456
f 457/457/457 459/459/459 458/458/458
f 455/455/455 459/459/459 457/457/457
f 451/451/451 459/459/459 455/455/455
f 447/447/447 459/459/459 451/451/451
f 459/459/459 461/461/461 460/460/460
f 447/447/447 461/461/461 459/459/459
f 445/445/445 461/461/461 447/447/447
f 462/462/462 461/461/461 445/445/445
f 463/463/463 465/465/465 464/464/464
f 465/465/465 463/463/463 466/466/466
f 464/464/464 468/468/468 467/467/467
f 468/468/468 464/464/464 465/465/465
f 467/467/467 470/470/470 469/469/469
f 470/470/470 467/467/467 468/468/468
f 469/469/469 472/472/472 471/471/471
f 472/472/472 469/469/469 470/470/470
f 473/473/473 475/475/475 474/474/474
f 475/475/475 473/473/473 476/476/476
f 474/474/474 478/478/478 477/477/477
f 478/478/478 474/474/474 475/475/475
f 477/477/477 480/480/480 479/479/479
f 480/480/480 477/477/477 478/478/478
f 479/479/479 482/482/482 481/481/481
f 482/482/482 479/479/479 480/480/480
f 481/481/481 484/484/484 483/483/483
f 484/484/484 481/481/481 482/482/482
f 483/483/483 486/486/486 485/485/485
f 486/486/486 483/483/483 484/484/484
f 485/485/485 488/488/488 487/487/487
f 488/488/488 485/485/485 486/486/486
f 487/487/487 490/490/490 489/489/489
f 490/490/490 487/487/487 488/488/488
f 489/489/489 492/492/492 491/491/491
f 492/492/492 489/489/489 490/490/490
f 491/491/491 494/494/494 493/493/493
f 494/494/494 491/491/491 492/492/492
f 493/493/493 496/496/496 495/495/495
f 496/496/496 493/493/493 494/494/494
f 495/495/495 498/498/498 497/497/497
f 498/498/498 495/495/495 496/496/496
f 497/497/497 500/500/500 499/499/499
f 500/500/500 497/497/497 498/498/498
f 499/499/499 466/466/466 463/463/463
f 466/466/466 499/499/499 500/500/500
f 466/466/466 501/501/501 465/465/465
f 501/501/501 466/466/466 502/502/502
f 465/465/465 503/503/503 468/468/468
f 503/503/503 465/465/465 501/501/501
f 468/468/468 504/504/504 470/470/470
f 504/504/504 468/468/468 503/503/503
f 470/470/470 505/505/505 472/472/472
f 505/505/505 470/470/470 504/504/504
f 476/476/476 506/506/506 475/475/475
f 506/506/506 476/476/476 507/507/507
f 475/475/475 508/508/508 478/478/478
f 508/508/508 475/475/475 506/506/506
f 478/478/478 509/509/509 480/480/480
f 509/509/509 478/478/478 508/508/508
f 480/480/480 510/510/510 482/482/482
f 510/510/510 480/480/480 509/509/509
f 482/482/482 511/511/511 484/484/484
f 511/511/511 482/482/482 510/510/510
f 484/484/484 512/512/512 486/486/486
f 512/512/512 484/484/484 511/511/511
f 486/486/486 513/513/513 488/488/488
f 513/513/513 486/486/486 512/512/512
f 488/488/488 514/514/514 490/490/490
f 514/514/514 488/488/488 513/513/513
f 490/490/490 515/515/515 492/492/492
f 515/515/515 490/490/490 514/514/514
f 492/492/492 516/516/516 494/494/494
f 516/516/516 492/492/492 515/515/515
f 494/494/494 517/517/517 496/496/496
f 517/517/517 494/494/494 516/516/516
f 496/496/496 518/518/518 498/498/498
f 518/518/518 496/496/496 517/517/517
f 498/498/498 519/519/519 500/500/500
f 519/519/519 498/498/498 518/518/518
f 500/500/500 502/502/502 466/466/466
f 502/502/502 500/500/500 519/519/519
f 502/502/502 520/520/520 501/501/501
f 520/520/520 502/502/502 521/521/521
f 501/501/501 522/522/522 503/503/503
f 522/522/522 501/501/501 520/520/520
f 503/503/503 523/523/523 504/504/504
f 523/523/523 503/503/503 522/522/522
f 504/504/504 524/524/524 505/505/505
f 524/524/524 504/504/504 523/523/523
f 507/507/507 525/525/525 506/506/506
f 525/525/525 507/507/507 526/526/526
f 506/506/506 527/527/527 508/508/508
f 527/527/527 506/506/506 525/525/525
f 508/508/508 528/528/528 509/509/509
f 528/528/528 508/508/508 527/527/527
f 509/509/509 529/529/529 510/510/510
f 529/529/529 509/509/509 528/528/528
f 510/510/510 530/530/530 511/511/511
f 530/530/530 510/510/510 529/529/529
f 511/511/511 531/531/531 512/512/512
f 531/531/531 511/511/511 530/530/530
f 512/512/512 532/532/532 513/513/513
f 532/532/532 512/512/512 531/531/531
f 513/513/513 533/533/533 514/514/514
f 533/533/533 513/513/513 532/532/532
f 514/514/514 534/534/534 515/515/515
f 534/534/534 514/514/514 533/533/533
f 515/515/515 535/535/535 516/516/516
f 535/535/535 515/515/515 534/534/534
f 516/516/516 536/536/536 517/517/517
f 536/536/536 516/516/516 535/535/535
f 517/517/517 537/537/537 518/518/518
f 537/537/537 517/517/517 536/536/536
f 518/518/518 538/538/538 519/519/519
f 538/538/538 518/518/518 537/537/537
f 519/519/519 521/521/521 502/502/502
f 521/521/521 519/519/519 538/538/538
f 521/521/521 539/539/539 520/520/520
f 539/539/539 521/521/521 540/540/540
f 520/520/520 541/541/541 522/522/522
f 541/541/541 520/520/520 539/539/539
f 522/522/522 542/542/542 523/523/523
f 542/542/542 522/522/522 541/541/541
f 523/523/523 543/543/543 524/524/524
f 543/543/543 523/523/523 542/542/542
f 526/526/526 544/544/544 525/525/525
f 544/544/544 526/526/526 545/545/545
f 525/525/525 546/546/546 527/527/527
f 546/546/546 525/525/525 544/544/544
f 527/527/527 547/547/547 528/528/528
f 547/547/547 527/527/527 546/546/546
f 528/528/528 548/548/548 529/529/529
f 548/548/548 528/528/528 547/547/547
f 529/529/529 549/549/549 530/530/530
f 549/549/549 529/529/529 548/548/548
f 530/530/530 550/550/550 531/531/531
f 550/550/550 530/530/530 549/549/549
f 531/531/531 551/551/551 532/532/532
f 551/551/551 531/531/531 550/550/550
f 532/532/532 552/552/552 533/533/533
f 552/552/552 532/532/532 551/551/551
f 533/533/533 553/553/553 534/534/534
f 553/553/553 533/533/533 552/552/552
f 534/534/534 554/554/554 535/535/535
f 554/554/554 534/534/534 553/553/553
f 535/535/535 555/555/555 536/536/536
f 555/555/555 535/535/535 554/554/554
f 536/536/536 556/556/556 537/537/537
f 556/556/556 536/536/536 555/555/555
f 537/537/537 557/557/557 538/538/538
f 557/557/557 537/537/537 556/556/556
f 538/538/538 540/540/540 521/521/521
f 540/540/540 538/538/538 557/557/557
f 540/540/540 558/558/558 539/539/539
f 558/558/558 540/540/540 559/559/559
f 539/539/539 560/560/560 541/541/541
f 560/560/560 539/539/539 558/558/558
f 541/541/541 561/561/561 542/542/542
f 561/561/561 541/541/541 560/560/560
f 542/542/542 562/562/562 543/543/543
f 562/562/562 542/542/542 561/561/561
f 545/545/545 563/563/563 544/544/544
f 563/563/563 545/545/545 564/564/564
f 544/544/544 565/565/565 546/546/546
f 565/565/565 544/544/544 563/563/563
f 546/546/546 566/566/566 547/547/547
f 566/566/566 546/546/546 565/565/565
f 547/547/547 567/567/567 548/548/548
f 567/567/567 547/547/547 566/566/566
f 548/548/548 568/568/568 549/549/549
f 568/568/568 548/548/548 567/567/567
f 549/549/549 569/569/569 550/550/550
f 569/569/569 549/549/549 568/568/568
f 550/550/550 570/570/570 551/551/551
f 570/570/570 550/550/550 569/569/569
f 551/551/551 571/571/571 552/552/552
f 571/571/571 551/551/551 570/570/570
f 552/552/552 572/572/572 553/553/553
f 572/572/572 552/552/552 571/571/571
f 553/553/553 573/573/573 554/554/554
f 573/573/573 553/553/553 572/572/572
f 554/554/554 574/574/574 555/555/555
f 574/574/574 554/554/554 573/573/573
f 555/555/555 575/575/575 556/556/556
f 575/575/575 555/555/555 574/574/574
f 556/556/556 576/576/576 557/557/557
f 576/576/576 556/556/556 575/575/575
f 557/557/557 559/559/559 540/540/540
f 559/559/559 557/557/557 576/576/576
f 577/577/577 579/579/579 578/578/578
f 579/579/579 581/581/581 580/580/580
f 581/581/581 583/583/583 582/582/582
f 579/579/579 583/583/583 581/581/581
f 583/583/583 585/585/585 584/584/584
f 585/585/585 587/587/587 586/586/586
f 583/583/583 587/587/587 585/585/585
f 587/587/587 589/589/589 588/588/588
f 589/589/589 591/591/591 590/590/590
f 587/587/587 591/591/591 589/589/589
f 583/583/583 591/591/591 587/587/587
f 579/579/579 591/591/591 583/583/583
f 591/591/591 593/593/593 592/592/592
f 579/579/579 593/593/593 591/591/591
f 577/577/577 593/593/593 579/579/579
f 594/594/594 593/593/593 577/577/577
f 595/595/595 597/597/597 596/596/596
f 597/597/597 595/595/595 598/598/598
f 596/596/596 600/600/600 599/599/599
f 600/600/600 596/596/596 597/597/597
f 599/599/599 602/602/602 601/601/601
f 602/602/602 599/599/599 600/600/600
f 601/601/601 604/604/604 603/603/603
f 604/604/604 601/601/601 602/602/602
f 605/605/605 607/607/607 606/606/606
f 607/607/607 605/605/605 608/608/608
f 606/606/606 610/610/610 609/609/609
f 610/610/610 606/606/606 607/607/607
f 609/609/609 612/612/612 611/611/611
f 612/612/612 609/609/609 610/610/610
f 611/611/611 614/614/614 613/613/613
f 614/614/614 611/611/611 612/612/612
f 613/613/613 616/616/616 615/615/615
f 616/616/616 613/613/613 614/614/614
f 615/615/615 618/618/618 617/617/617
f 618/618/618 615/615/615 616/616/616
f 617/617/617 620/620/620 619/619/619
f 620/620/620 617/617/617 618/618/618
f 619/619/619 622/622/622 621/621/621
f 622/622/622 619/619/619 620/620/620
f 621/621/621 624/624/624 623/623/623
f 624/624/624 621/621/621 622/622/622
f 623/623/623 626/626/626 625/625/625
f 626/626/626 623/623/623 624/624/624
f 625/625/625 628/628/628 627/627/627
f 628/628/628 625/625/625 626/626/626
f 627/627/627 630/630/630 629/629/629
f 630/630/630 627/627/627 628/628/628
f 629/629/629 632/632/632 631/631/631
f 632/632/632 629/629/629 630/630/630
f 631/631/631 598/598/598 595/595/595
f 598/598/598 631/631/631 632/632/632
f 598/598/598 633/633/633 597/597/597
f 633/633/633 598/598/598 634/634/634
f 597/597/597 635/635/635 600/600/600
f 635/635/635 597/597/597 633/633/633
f 600/600/600 636/636/636 602/602/602
f 636/636/636 600/600/600 635/635/635
f 602/602/602 637/637/637 604/604/604
f 637/637/637 602/602/602 636/636/636
f 608/608/608 638/638/638 607/607/607
f 638/638/638 608/608/608 639/639/639
f 607/607/607 640/640/640 610/610/610
f 640/640/640 607/607/607 638/638/638
f 610/610/610 641/641/641 612/612/612
f 641/641/641 610/610/610 640/640/640
f 612/612/612 642/642/642 614/614/614
f 642/642/642 612/612/612 641/641/641
f 614/614/614 643/643/643 616/616/616
f 643/643/643 614/614/614 642/642/642
f 616/616/616 644/644/644 618/618/618
f 644/644/644 616/616/616 643/643/643
f 618/618/618 645/645/645 620/620/620
f 645/645/645 618/618/618 644/644/644
f 620/620/620 646/646/646 622/622/622
f 646/646/646 620/620/620 645/645/645
f 622/622/622 647/647/647 624/624/624
f 647/647/647 622/622/622 646/646/646
f 624/624/624 648/648/648 626/626/626
f 648/648/648 624/624/624 647/647/647
f 626/626/626 649/649/649 628/628/628
f 649/649/649 626/626/626 648/648/648
f 628/628/628 650/650/650 630/630/630
f 650/650/650 628/628/628 649/649/649
f 630/630/630 651/651/651 632/632/632
f 651/651/651 630/630/630 650/650/650
f 632/632/632 634/634/634 598/598/598
f 634/634/634 632/632/632 651/651/651
f 634/634/634 652/652/652 633/633/633
f 652/652/652 634/634/634 653/653/653
f 633/633/633 654/654/654 635/635/635
f 654/654/654 633/633/633 652/652/652
f 635/635/635 655/655/655 636/636/636
f 655/655/655 635/635/635 654/654/654
f 636/636/636 656/656/656 637/637/637
f 656/656/656 636/636/636 655/655/655
f 639/639/639 657/657/657 638/638/638
f 657/657/657 639/639/639 658/658/658
f 638/638/638 659/659/659 640/640/640
f 659/659/659 638/638/638 657/657/657
f 640/640/640 660/660/660 641/641/641
f 660/660/660 640/640/640 659/659/659
f 641/641/641 661/661/661 642/642/642
f 661/661/661 641/641/641 660/660/660
f 642/642/642 662/662/662 643/643/643
f 662/662/662 642/642/642 661/661/661
f 643/643/643 663/663/663 644/644/644
f 663/663/663 643/643/643 662/662/662
f 644/644/644 664/664/664 645/645/645
f 664/664/664 644/644/644 663/663/663
f 645/645/645 665/665/665 646/646/646
f 665/665/665 645/645/645 664/664/664
f 646/646/646 666/666/666 647/647/647
f 666/666/666 646/646/646 665/665/665
f 647/647/647 667/667/667 648/648/648
f 667/667/667 647/647/647 666/666/666
f 648/648/648 668/668/668 649/649/649
f 668/668/668 648/648/648 667/667/667
f 649/649/649 669/669/669 650/650/650
f 669/669/669 649/649/649 668/668/668
f 650/650/650 670/670/670 651/651/651
f 670/670/670 650/650/650 669/669/669
f 651/651/651 653/653/653 634/634/634
f 653/653/653 651/651/651 670/670/670
f 671/671/671 673/673/673 672/672/672
f 673/673/673 675/675/675 674/674/674
f 675/675/675 677/677/677 676/676/676
f 673/673/673 677/677/677 675/675/675
f 677/677/677 679/679/679 678/678/678
f 679/679/679 681/681/681 680/680/680
f 677/677/677 681/681/681 679/679/679
f 681/681/681 683/683/683 682/682/682
f 683/683/683 685/685/685 684/684/684
f 681/681/681 685/685/685 683/683/683
f 677/677/677 685/685/685 681/681/681
f 673/673/673 685/685/685 677/677/677
f 685/685/685 687/687/687 686/686/686
f 673/673/673 687/687/687 685/685/685
f 671/671/671 687/687/687 673/673/673
f 688/688/688 687/687/687 671/671/671
f 689/689/689 691/691/691 690/690/690
f 691/691/691 689/689/689 692/692/692
f 690/690/690 694/694/694 693/693/693
f 694/694/694 690/690/690 691/691/691
f 693/693/693 696/696/696 695/695/695
f 696/696/696 693/693/693 694/694/694
f 695/695/695 698/698/698 697/697/697
f 698/698/698 695/695/695 696/696/696
f 699/699/699 701/701/701 700/700/700
f 701/701/701 699/699/699 702/702/702
f 700/700/700 704/704/704 703/703/703
f 704/704/704 700/700/700 701/701/701
f 703/703/703 706/706/706 705/705/705
f 706/706/706 703/703/703 704/704/704
f 705/705/705 708/708/708 707/707/707
f 708/708/708 705/705/705 706/706/706
f 707/707/707 710/710/710 709/709/709
f 710/710/710 707/707/707 708/708/708
f 709/709/709 712/712/712 711/711/711
f 712/712/712 709/709/709 710/710/710
f 711/711/711 714/714/714 713/713/713
f 714/714/714 711/711/711 712/712/712
f 713/713/713 716/716/716 715/715/715
f 716/716/716 713/713/713 714/714/714
f 715/715/715 718/718/718 717/717/717
f 718/718/718 715/715/715 716/716/716
f 717/717/717 720/720/720 719/719/719
f 720/720/720 717/717/717 718/718/718
f 719/719/719 722/722/722 721/721/721
f 722/722/722 719/719/719 720/720/720
f 721/721/721 724/724/724 723/723/723
f 724/724/724 721/721/721 722/722/722
f 723/723/723 726/726/726 725/725/725
f 726/726/726 723/723/723 724/724/724
f 725/725/725 692/692/692 689/689/689
f 692/692/692 725/725/725 726/726/726
f 692/692/692 727/727/727 691/691/691
f 727/727/727 692/692/692 728/728/728
f 691/691/691 729/729/729 694/694/694
f 729/729/729 691/691/691 727/727/727
f 694/694/694 730/730/730 696/696/696
f 730/730/730 694/694/694 729/729/729
f 696/696/696 731/731/731 698/698/698
f 731/731/731 696/696/696 730/730/730
f 702/702/702 732/732/732 701/701/701
f 732/732/732 702/702/702 733/733/733
f 701/701/701 734/734/734 704/704/704
f 734/734/734 701/701/701 732/732/732
f 704/704/704 735/735/735 706/706/706
f 735/735/735 704/704/704 734/734/734
f 706/706/706 736/736/736 708/708/708
f 736/736/736 706/706/706 735/735/735
f 708/708/708 737/737/737 710/710/710
f 737/737/737 708/708/708 736/736/736
f 710/710/710 738/738/738 712/712/712
f 738/738/738 710/710/710 737/737/737
f 712/712/712 739/739/739 714/714/714
f 739/739/739 712/712/712 738/738/738
f 714/714/714 740/740/740 716/716/716
f 740/740/740 714/714/714 739/739/739
f 716/716/716 741/741/741 718/718/718
f 741/741/741 716/716/716 740/740/740
f 718/718/718 742/742/742 720/720/720
f 742/742/742 718/718/718 741/741/741
f 720/720/720 743/743/743 722/722/722
f 743/743/743 720/720/720 742/742/742
f 722/722/722 744/744/744 724/724/724
f 744/744/744 722/722/722 743/743/743
f 724/724/724 745/745/745 726/726/726
f 745/745/745 724/724/724 744/744/744
f 726/726/726 728/728/728 692/692/692
f 728/728/728 726/726/726 745/745/745
f 746/746/746 748/748/748 747/747/747
f 748/748/748 750/750/750 749/749/749
f 750/750/750 752/752/752 751/751/751
f 748/748/748 752/752/752 750/750/750
f 752/752/752 754/754/754 753/753/753
f 754/754/754 756/756/756 755/755/755
f 752/752/752 756/756/756 754/754/754
f 756/756/756 758/758/758 757/757/757
f 758/758/758 760/760/760 759/759/759
f 756/756/756 760/760/760 758/758/758
f 752/752/752 760/760/760 756/756/756
f 748/748/748 760/760/760 752/752/752
f 760/760/760 762/762/762 761/761/761
f 748/748/748 762/762/762 760/760/760
f 746/746/746 762/762/762 748/748/748
f 763/763/763 762/762/762 746/746/746
f 764/764/764 766/766/766 765/765/765
f 766/766/766 764/764/764 767/767/767
f 768/768/768 770/770/770 769/769/769
f 770/770/770 768/768/768 771/771/771
f 772/772/772 774/774/774 773/773/773
f 774/774/774 772/772/772 775/775/775
f 776/776/776 778/778/778 777/777/777
f 778/778/778 776/776/776 779/779/779
f 780/780/780 782/782/782 781/781/781
f 782/782/782 780/780/780 783/783/783
f 784/784/784 786/786/786 785/785/785
f 786/786/786 784/784/784 787/787/787
f 788/788/788 790/790/790 789/789/789
f 790/790/790 788/788/788 791/791/791
f 792/792/792 794/794/794 793/793/793
f 794/794/794 792/792/792 795/795/795
f 796/796/796 798/798/798 797/797/797
f 798/798/798 796/796/796 799/799/799
f 800/800/800 802/802/802 801/801/801
f 802/802/802 800/800/800 803/803/803
f 803/803/803 784/784/784 802/802/802
f 784/784/784 803/803/803 787/787/787
f 788/788/788 805/805/805 804/804/804
f 788/788/788 806/806/806 805/805/805
f 788/788/788 789/789/789 806/806/806
f 793/793/793 794/794/794 807/807/807
f 808/808/808 797/797/797 809/809/809
f 797/797/797 808/808/808 796/796/796
f 790/790/790 765/765/765 810/810/810
f 791/791/791 765/765/765 790/790/790
f 764/764/764 765/765/765 791/791/791
f 795/795/795 812/812/812 811/811/811
f 792/792/792 812/812/812 795/795/795
f 813/813/813 812/812/812 792/792/792
f 799/799/799 777/777/777 798/798/798
f 777/777/777 799/799/799 776/776/776
f 814/814/814 801/801/801 815/815/815
f 801/801/801 814/814/814 800/800/800
f 816/816/816 818/818/818 817/817/817
f 818/818/818 816/816/816 819/819/819
f 820/820/820 812/812/812 813/813/813
f 812/812/812 820/820/820 821/821/821
f 822/822/822 824/824/824 823/823/823
f 824/824/824 822/822/822 825/825/825
f 789/789/789 827/827/827 826/826/826
f 827/827/827 789/789/789 790/790/790
f 828/828/828 830/830/830 829/829/829
f 830/830/830 828/828/828 831/831/831
f 789/789/789 832/832/832 806/806/806
f 832/832/832 789/789/789 826/826/826
f 833/833/833 828/828/828 834/834/834
f 835/835/835 828/828/828 833/833/833
f 835/835/835 831/831/831 828/828/828
f 836/836/836 838/838/838 837/837/837
f 838/838/838 836/836/836 839/839/839
f 790/790/790 810/810/810 827/827/827
f 829/829/829 769/769/769 770/770/770
f 829/829/829 811/811/811 769/769/769
f 830/830/830 811/811/811 829/829/829
f 765/765/765 819/819/819 816/816/816
f 819/819/819 765/765/765 766/766/766
f 821/821/821 769/769/769 812/812/812
f 769/769/769 821/821/821 768/768/768
f 825/825/825 773/773/773 824/824/824
f 773/773/773 825/825/825 772/772/772
f 831/831/831 795/795/795 830/830/830
f 795/795/795 831/831/831 794/794/794
f 831/831/831 807/807/807 794/794/794
f 807/807/807 831/831/831 835/835/835
f 839/839/839 809/809/809 838/838/838
f 809/809/809 839/839/839 808/808/808
f 810/810/810 765/765/765 816/816/816
f 795/795/795 811/811/811 830/830/830
f 826/826/826 841/841/841 840/840/840
f 841/841/841 826/826/826 827/827/827
f 832/832/832 826/826/826 840/840/840
f 817/817/817 810/810/810 816/816/816
f 841/841/841 810/810/810 817/817/817
f 827/827/827 810/810/810 841/841/841
f 769/769/769 811/811/811 812/812/812
f 842/842/842 844/844/844 843/843/843
f 844/844/844 842/842/842 845/845/845
f 846/846/846 848/848/848 847/847/847
f 848/848/848 846/846/846 849/849/849
f 850/850/850 852/852/852 851/851/851
f 852/852/852 850/850/850 853/853/853
f 854/854/854 856/856/856 855/855/855
f 856/856/856 854/854/854 857/857/857
f 858/858/858 860/860/860 859/859/859
f 860/860/860 858/858/858 861/861/861
f 862/862/862 864/864/864 863/863/863
f 864/864/864 862/862/862 865/865/865
f 866/866/866 868/868/868 867/867/867
f 868/868/868 866/866/866 869/869/869
f 870/870/870 872/872/872 871/871/871
f 872/872/872 870/870/870 873/873/873
f 874/874/874 876/876/876 875/875/875
f 876/876/876 874/874/874 877/877/877
f 878/878/878 880/880/880 879/879/879
f 880/880/880 878/878/878 881/881/881
f 881/881/881 862/862/862 880/880/880
f 862/862/862 881/881/881 865/865/865
f 866/866/866 883/883/883 882/882/882
f 866/866/866 884/884/884 883/883/883
f 866/866/866 867/867/867 884/884/884
f 871/871/871 872/872/872 885/885/885
f 886/886/886 875/875/875 887/887/887
f 875/875/875 886/886/886 874/874/874
f 868/868/868 843/843/843 888/888/888
f 869/869/869 843/843/843 868/868/868
f 842/842/842 843/843/843 869/869/869
f 873/873/873 890/890/890 889/889/889
f 870/870/870 890/890/890 873/873/873
f 891/891/891 890/890/890 870/870/870
f 877/877/877 855/855/855 876/876/876
f 855/855/855 877/877/877 854/854/854
f 892/892/892 879/879/879 893/893/893
f 879/879/879 892/892/892 878/878/878
f 894/894/894 896/896/896 895/895/895
f 896/896/896 894/894/894 897/897/897
f 898/898/898 890/890/890 891/891/891
f 890/890/890 898/898/898 899/899/899
f 900/900/900 902/902/902 901/901/901
f 902/902/902 900/900/900 903/903/903
f 867/867/867 905/905/905 904/904/904
f 905/905/905 867/867/867 868/868/868
f 906/906/906 908/908/908 907/907/907
f 908/908/908 906/906/906 909/909/909
f 867/867/867 910/910/910 884/884/884
f 910/910/910 867/867/867 904/904/904
f 911/911/911 906/906/906 912/912/912
f 913/913/913 906/906/906 911/911/911
f 913/913/913 909/909/909 906/906/906
f 914/914/914 916/916/916 915/915/915
f 916/916/916 914/914/914 917/917/917
f 868/868/868 888/888/888 905/905/905
f 907/907/907 847/847/847 848/848/848
f 907/907/907 889/889/889 847/847/847
f 908/908/908 889/889/889 907/907/907
f 843/843/843 897/897/897 894/894/894
f 897/897/897 843/843/843 844/844/844
f 899/899/899 847/847/847 890/890/890
f 847/847/847 899/899/899 846/846/846
f 903/903/903 851/851/851 902/902/902
f 851/851/851 903/903/903 850/850/850
f 909/909/909 873/873/873 908/908/908
f 873/873/873 909/909/909 872/872/872
f 909/909/909 885/885/885 872/872/872
f 885/885/885 909/909/909 913/913/913
f 917/917/917 887/887/887 916/916/916
f 887/887/887 917/917/917 886/886/886
f 888/888/888 843/843/843 894/894/894
f 873/873/873 889/889/889 908/908/908
f 904/904/904 919/919/919 918/918/918
f 919/919/919 904/904/904 905/905/905
f 910/910/910 904/904/904 918/918/918
f 895/895/895 888/888/888 894/894/894
f 919/919/919 888/888/888 895/895/895
f 905/905/905 888/888/888 919/919/919
f 847/847/847 889/889/889 890/890/890
f 920/920/920 922/922/922 921/921/921
f 922/922/922 924/924/924 923/923/923
f 924/924/924 926/926/926 925/925/925
f 922/922/922 926/926/926 924/924/924
f 926/926/926 928/928/928 927/927/927
f 928/928/928 930/930/930 929/929/929
f 926/926/926 930/930/930 928/928/928
f 930/930/930 932/932/932 931/931/931
f 932/932/932 934/934/934 933/933/933
f 930/930/930 934/934/934 932/932/932
f 926/926/926 934/934/934 930/930/930
f 922/922/922 934/934/934 926/926/926
f 934/934/934 936/936/936 935/935/935
f 922/922/922 936/936/936 934/934/934
f 920/920/920 936/936/936 922/922/922
f 937/937/937 936/936/936 920/920/920
f 938/938/938 940/940/940 939/939/939
f 940/940/940 938/938/938 941/941/941
f 939/939/939 943/943/943 942/942/942
f 943/943/943 939/939/939 940/940/940
f 942/942/942 945/945/945 944/944/944
f 945/945/945 942/942/942 943/943/943
f 944/944/944 947/947/947 946/946/946
f 947/947/947 944/944/944 945/945/945
f 948/948/948 950/950/950 949/949/949
f 950/950/950 948/948/948 951/951/951
f 949/949/949 953/953/953 952/952/952
f 953/953/953 949/949/949 950/950/950
f 952/952/952 955/955/955 954/954/954
f 955/955/955 952/952/952 953/953/953
f 954/954/954 957/957/957 956/956/956
f 957/957/957 954/954/954 955/955/955
f 956/956/956 959/959/959 958/958/958
f 959/959/959 956/956/956 957/957/957
f 958/958/958 961/961/961 960/960/960
f 961/961/961 958/958/958 959/959/959
f 960/960/960 963/963/963 962/962/962
f 963/963/963 960/960/960 961/961/961
f 962/962/962 965/965/965 964/964/964
f 965/965/965 962/962/962 963/963/963
f 964/964/964 967/967/967 966/966/966
f 967/967/967 964/964/964 965/965/965
f 966/966/966 969/969/969 968/968/968
f 969/969/969 966/966/966 967/967/967
f 968/968/968 971/971/971 970/970/970
f 971/971/971 968/968/968 969/969/969
f 970/970/970 973/973/973 972/972/972
f 973/973/973 970/970/970 971/971/971
f 972/972/972 975/975/975 974/974/974
f 975/975/975 972/972/972 973/973/973
f 974/974/974 941/941/941 938/938/938
f 941/941/941 974/974/974 975/975/975
f 941/941/941 976/976/976 940/940/940
f 976/976/976 941/941/941 977/977/977
f 940/940/940 978/978/978 943/943/943
f 978/978/978 940/940/940 976/976/976
f 943/943/943 979/979/979 945/945/945
f 979/979/979 943/943/943 978/978/978
f 945/945/945 980/980/980 947/947/947
f 980/980/980 945/945/945 979/979/979
f 951/951/951 981/981/981 950/950/950
f 981/981/981 951/951/951 982/982/982
f 950/950/950 983/983/983 953/953/953
f 983/983/983 950/950/950 981/981/981
f 953/953/953 984/984/984 955/955/955
f 984/984/984 953/953/953 983/983/983
f 955/955/955 985/985/985 957/957/957
f 985/985/985 955/955/955 984/984/984
f 957/957/957 986/986/986 959/959/959
f 986/986/986 957/957/957 985/985/985
f 959/959/959 987/987/987 961/961/961
f 987/987/987 959/959/959 986/986/986
f 961/961/961 988/988/988 963/963/963
f 988/988/988 961/961/961 987/987/987
f 963/963/963 989/989/989 965/965/965
f 989/989/989 963/963/963 988/988/988
f 965/965/965 990/990/990 967/967/967
f 990/990/990 965/965/965 989/989/989
f 967/967/967 991/991/991 969/969/969
f 991/991/991 967/967/967 990/990/990
f 969/969/969 992/992/992 971/971/971
f 992/992/992 969/969/969 991/991/991
f 971/971/971 993/993/993 973/973/973
f 993/993/993 971/971/971 992/992/992
f 973/973/973 994/994/994 975/975/975
f 994/994/994 973/973/973 993/993/993
f 975/975/975 977/977/977 941/941/941
f 977/977/977 975/975/975 994/994/994
f 977/977/977 995/995/995 976/976/976
f 995/995/995 977/977/977 996/996/996
f 976/976/976 997/997/997 978/978/978
f 997/997/997 976/976/976 995/995/995
f 978/978/978 998/998/998 979/979/979
f 998/998/998 978/978/978 997/997/997
f 979/979/979 999/999/999 980/980/980
f 999/999/999 979/979/979 998/998/998
f 982/982/982 1000/1000/1000 981/981/981
f 1000/1000/1000 982/982/982 1001/1001/1001
f 981/981/981 1002/1002/1002 983/983/983
f 1002/1002/1002 981/981/981 1000/1000/1000
f 983/983/983 1003/1003/1003 984/984/984
f 1003/1003/1003 983/983/983 1002/1002/1002
f 984/984/984 1004/1004/1004 985/985/985
f 1004/1004/1004 984/984/984 1003/1003/1003
f 985/985/985 1005/1005/1005 986/986/986
f 1005/1005/1005 985/985/985 1004/1004/1004
f 986/986/986 1006/1006/1006 987/987/987
f 1006/1006/1006 986/986/986 1005/1005/1005
f 987/987/987 1007/1007/1007 988/988/988
f 1007/1007/1007 987/987/987 1006/1006/1006
f 988/988/988 1008/1008/1008 989/989/989
f 1008/1008/1008 988/988/988 1007/1007/1007
f 989/989/989 1009/1009/1009 990/990/990
f 1009/1009/1009 989/989/989 1008/1008/1008
f 990/990/990 1010/1010/1010 991/991/991
f 1010/1010/1010 990/990/990 1009/1009/1009
f 991/991/991 1011/1011/1011 992/992/992
f 1011/1011/1011 991/991/991 1010/1010/1010
f 992/992/992 1012/1012/1012 993/993/993
f 1012/1012/1012 992/992/992 1011/1011/1011
f 993/993/993 1013/1013/1013 994/994/994
f 1013/1013/1013 993/993/993 1012/1012/1012
f 994/994/994 996/996/996 977/977/977
f 996/996/996 994/994/994 1013/1013/1013
f 996/996/996 1014/1014/1014 995/995/995
f 1014/1014/1014 996/996/996 1015/1015/1015
f 995/995/995 1016/1016/1016 997/997/997
f 1016/1016/1016 995/995/995 1014/1014/1014
f 997/997/997 1017/1017/1017 998/998/998
f 1017/1017/1017 997/997/997 1016/1016/1016
f 998/998/998 1018/1018/1018 999/999/999
f 1018/1018/1018 998/998/998 1017/1017/1017
f 1001/1001/1001 1019/1019/1019 1000/1000/1000
f 1019/1019/1019 1001/1001/1001 1020/1020/1020
f 1000/1000/1000 1021/1021/1021 1002/1002/1002
f 1021/1021/1021 1000/1000/1000 1019/1019/1019
f 1002/1002/1002 1022/1022/1022 1003/1003/1003
f 1022/1022/1022 1002/1002/1002 1021/1021/1021
f 1003/1003/1003 1023/1023/1023 1004/1004/1004
f 1023/1023/1023 1003/1003/1003 1022/1022/1022
f 1004/1004/1004 1024/1024/1024 1005/1005/1005
f 1024/1024/1024 1004/1004/1004 1023/1023/1023
f 1005/1005/1005 1025/1025/1025 1006/1006/1006
f 1025/1025/1025 1005/1005/1005 1024/1024/1024
f 1006/1006/1006 1026/1026/1026 1007/1007/1007
f 1026/1026/1026 1006/1006/1006 1025/1025/1025
f 1007/1007/1007 1027/1027/1027 1008/1008/1008
f 1027/1027/1027 1007/1007/1007 1026/1026/1026
f 1008/1008/1008 1028/1028/1028 1009/1009/1009
f 1028/1028/1028 1008/1008/1008 1027/1027/1027
f 1009/1009/1009 1029/1029/1029 1010/1010/1010
f 1029/1029/1029 1009/1009/1009 1028/1028/1028
f 1010/1010/1010 1030/1030/1030 1011/1011/1011
f 1030/1030/1030 1010/1010/1010 1029/1029/1029
f 1011/1011/1011 1031/1031/1031 1012/1012/1012
f 1031/1031/1031 1011/1011/1011 1030/1030/1030
f 1012/1012/1012 1032/1032/1032 1013/1013/1013
f 1032/1032/1032 1012/1012/1012 1031/1031/1031
f 1013/1013/1013 1015/1015/1015 996/996/996
f 1015/1015/1015 1013/1013/1013 1032/1032/1032
f 1015/1015/1015 1033/1033/1033 1014/1014/1014
f 1033/1033/1033 1015/1015/1015 1034/1034/1034
f 1014/1014/1014 1035/1035/1035 1016/1016/1016
f 1035/1035/1035 1014/1014/1014 1033/1033/1033
f 1016/1016/1016 1036/1036/1036 1017/1017/1017
f 1036/1036/1036 1016/1016/1016 1035/1035/1035
f 1017/1017/1017 1037/1037/1037 1018/1018/1018
f 1037/1037/1037 1017/1017/1017 1036/1036/1036
f 1020/1020/1020 1038/1038/1038 1019/1019/1019
f 1038/1038/1038 1020/1020/1020 1039/1039/1039
f 1019/1019/1019 1040/1040/1040 1021/1021/1021
f 1040/1040/1040 1019/1019/1019 1038/1038/1038
f 1021/1021/1021 1041/1041/1041 1022/1022/1022
f 1041/1041/1041 1021/1021/1021 1040/1040/1040
f 1022/1022/1022 1042/1042/1042 1023/1023/1023
f 1042/1042/1042 1022/1022/1022 1041/1041/1041
f 1023/1023/1023 1043/1043/1043 1024/1024/1024
f 1043/1043/1043 1023/1023/1023 1042/1042/1042
f 1024/1024/1024 1044/1044/1044 1025/1025/1025
f 1044/1044/1044 1024/1024/1024 1043/1043/1043
f 1025/1025/1025 1045/1045/1045 1026/1026/1026
f 1045/1045/1045 1025/1025/1025 1044/1044/1044
f 1026/1026/1026 1046/1046/1046 1027/1027/1027
f 1046/1046/1046 1026/1026/1026 1045/1045/1045
f 1027/1027/1027 1047/1047/1047 1028/1028/1028
f 1047/1047/1047 1027/1027/1027 1046/1046/1046
f 1028/1028/1028 1048/1048/1048 1029/1029/1029
f 1048/1048/1048 1028/1028/1028 1047/1047/1047
f 1029/1029/1029 1049/1049/1049 1030/1030/1030
f 1049/1049/1049 1029/1029/1029 1048/1048/1048
f 1030/1030/1030 1050/1050/1050 1031/1031/1031
f 1050/1050/1050 1030/1030/1030 1049/1049/1049
f 1031/1031/1031 1051/1051/1051 1032/1032/1032
f 1051/1051/1051 1031/1031/1031 1050/1050/1050
f 1032/1032/1032 1034/1034/1034 1015/1015/1015
f 1034/1034/1034 1032/1032/1032 1051/1051/1051
f 1052/1052/1052 1054/1054/1054 1053/1053/1053
f 1054/1054/1054 1056/1056/1056 1055/1055/1055
f 1056/1056/1056 1058/1058/1058 1057/1057/1057
f 1054/1054/1054 1058/1058/1058 1056/1056/1056
f 1058/1058/1058 1060/1060/1060 1059/1059/1059
f 1060/1060/1060 1062/1062/1062 1061/1061/1061
f 1058/1058/1058 1062/1062/1062 1060/1060/1060
f 1062/1062/1062 1064/1064/1064 1063/1063/1063
f 1064/1064/1064 1066/1066/1066 1065/1065/1065
f 1062/1062/1062 1066/1066/1066 1064/1064/1064
f 1058/1058/1058 1066/1066/1066 1062/1062/1062
f 1054/1054/1054 1066/1066/1066 1058/1058/1058
f 1066/1066/1066 1068/1068/1068 1067/1067/1067
f 1054/1054/1054 1068/1068/1068 1066/1066/1066
f 1052/1052/1052 1068/1068/1068 1054/1054/1054
f 1069/1069/1069 1068/1068/1068 1052/1052/1052
f 1070/1070/1070 1072/1072/1072 1071/1071/1071
f 1072/1072/1072 1074/1074/1074 1073/1073/1073
f 1074/1074/1074 1076/1076/1076 1075/1075/1075
f 1072/1072/1072 1076/1076/1076 1074/1074/1074
f 1076/1076/1076 1078/1078/1078 1077/1077/1077
f 1078/1078/1078 1080/1080/1080 1079/1079/1079
f 1076/1076/1076 1080/1080/1080 1078/1078/1078
f 1080/1080/1080 1082/1082/1082 1081/1081/1081
f 1082/1082/1082 1084/1084/1084 1083/1083/1083
f 1080/1080/1080 1084/1084/1084 1082/1082/1082
f 1076/1076/1076 1084/1084/1084 1080/1080/1080
f 1072/1072/1072 1084/1084/1084 1076/1076/1076
f 1084/1084/1084 1086/1086/1086 1085/1085/1085
f 1072/1072/1072 1086/1086/1086 1084/1084/1084
f 1070/1070/1070 1086/1086/1086 1072/1072/1072
f 1087/1087/1087 1086/1086/1086 1070/1070/1070
f 1088/1088/1088 1090/1090/1090 1089/1089/1089
f 1090/1090/1090 1088/1088/1088 1091/1091/1091
f 1089/1089/1089 1093/1093/1093 1092/1092/1092
f 1093/1093/1093 1089/1089/1089 1090/1090/1090
f 1092/1092/1092 1095/1095/1095 1094/1094/1094
f 1095/1095/1095 1092/1092/1092 1093/1093/1093
f 1094/1094/1094 1097/1097/1097 1096/1096/1096
f 1097/1097/1097 1094/1094/1094 1095/1095/1095
f 1098/1098/1098 1100/1100/1100 1099/1099/1099
f 1100/1100/1100 1098/1098/1098 1101/1101/1101
f 1099/1099/1099 1103/1103/1103 1102/1102/1102
f 1103/1103/1103 1099/1099/1099 1100/1100/1100
f 1102/1102/1102 1105/1105/1105 1104/1104/1104
f 1105/1105/1105 1102/1102/1102 1103/1103/1103
f 1104/1104/1104 1107/1107/1107 1106/1106/1106
f 1107/1107/1107 1104/1104/1104 1105/1105/1105
f 1106/1106/1106 1109/1109/1109 1108/1108/1108
f 1109/1109/1109 1106/1106/1106 1107/1107/1107
f 1108/1108/1108 1111/1111/1111 1110/1110/1110
f 1111/1111/1111 1108/1108/1108 1109/1109/1109
f 1110/1110/1110 1113/1113/1113 1112/1112/1112
f 1113/1113/1113 1110/1110/1110 1111/1111/1111
f 1112/1112/1112 1115/1115/1115 1114/1114/1114
f 1115/1115/1115 1112/1112/1112 1113/1113/1113
f 1114/1114/1114 1117/1117/1117 1116/1116/1116
f 1117/1117/1117 1114/1114/1114 1115/1115/1115
f 1116/1116/1116 1119/1119/1119 1118/1118/1118
f 1119/1119/1119 1116/1116/1116 1117/1117/1117
f 1118/1118/1118 1121/1121/1121 1120/1120/1120
f 1121/1121/1121 1118/1118/1118 1119/1119/1119
f 1120/1120/1120 1123/1123/1123 1122/1122/1122
f 1123/1123/1123 1120/1120/1120 1121/1121/1121
f 1122/1122/1122 1125/1125/1125 1124/1124/1124
f 1125/1125/1125 1122/1122/1122 1123/1123/1123
f 1124/1124/1124 1091/1091/1091 1088/1088/1088
f 1091/1091/1091 1124/1124/1124 1125/1125/1125
f 1091/1091/1091 1126/1126/1126 1090/1090/1090
f 1126/1126/1126 1091/1091/1091 1127/1127/1127
f 1090/1090/1090 1128/1128/1128 1093/1093/1093
f 1128/1128/1128 1090/1090/1090 1126/1126/1126
f 1093/1093/1093 1129/1129/1129 1095/1095/1095
f 1129/1129/1129 1093/1093/1093 1128/1128/1128
f 1095/1095/1095 1130/1130/1130 1097/1097/1097
f 1130/1130/1130 1095/1095/1095 1129/1129/1129
f 1101/1101/1101 1131/1131/1131 1100/1100/1100
f 1131/1131/1131 1101/1101/1101 1132/1132/1132
f 1100/1100/1100 1133/1133/1133 1103/1103/1103
f 1133/1133/1133 1100/1100/1100 1131/1131/1131
f 1103/1103/1103 1134/1134/1134 1105/1105/1105
f 1134/1134/1134 1103/1103/1103 1133/1133/1133
f 1105/1105/1105 1135/1135/1135 1107/1107/1107
f 1135/1135/1135 1105/1105/1105 1134/1134/1134
f 1107/1107/1107 1136/1136/1136 1109/1109/1109
f 1136/1136/1136 1107/1107/1107 1135/1135/1135
f 1109/1109/1109 1137/1137/1137 1111/1111/1111
f 1137/1137/1137 1109/1109/1109 1136/1136/1136
f 1111/1111/1111 1138/1138/1138 1113/1113/1113
f 1138/1138/1138 1111/1111/1111 1137/1137/1137
f 1113/1113/1113 1139/1139/1139 1115/1115/1115
f 1139/1139/1139 1113/1113/1113 1138/1138/1138
f 1115/1115/1115 1140/1140/1140 1117/1117/1117
f 1140/1140/1140 1115/1115/1115 1139/1139/1139
f 1117/1117/1117 1141/1141/1141 1119/1119/1119
f 1141/1141/1141 1117/1117/1117 1140/1140/1140
f 1119/1119/1119 1142/1142/1142 1121/1121/1121
f 1142/1142/1142 1119/1119/1119 1141/1141/1141
f 1121/1121/1121 1143/1143/1143 1123/1123/1123
f 1143/1143/1143 1121/1121/1121 1142/1142/1142
f 1123/1123/1123 1144/1144/1144 1125/1125/1125
f 1144/1144/1144 1123/1123/1123 1143/1143/1143
f 1125/1125/1125 1127/1127/1127 1091/1091/1091
f 1127/1127/1127 1125/1125/1125 1144/1144/1144
f 1127/1127/1127 1145/1145/1145 1126/1126/1126
f 1145/1145/1145 1127/1127/1127 1146/1146/1146
f 1126/1126/1126 1147/1147/1147 1128/1128/1128
f 1147/1147/1147 1126/1126/1126 1145/1145/1145
f 1128/1128/1128 1148/1148/1148 1129/1129/1129
f 1148/1148/1148 1128/1128/1128 1147/1147/1147
f 1129/1129/1129 1149/1149/1149 1130/1130/1130
f 1149/1149/1149 1129/1129/1129 1148/1148/1148
f 1132/1132/1132 1150/1150/1150 1131/1131/1131
f 1150/1150/1150 1132/1132/1132 1151/1151/1151
f 1131/1131/1131 1152/1152/1152 1133/1133/1133
f 1152/1152/1152 1131/1131/1131 1150/1150/1150
f 1133/1133/1133 1153/1153/1153 1134/1134/1134
f 1153/1153/1153 1133/1133/1133 1152/1152/1152
f 1134/1134/1134 1154/1154/1154 1135/1135/1135
f 1154/1154/1154 1134/1134/1134 1153/1153/1153
f 1135/1135/1135 1155/1155/1155 1136/1136/1136
f 1155/1155/1155 1135/1135/1135 1154/1154/1154
f 1136/1136/1136 1156/1156/1156 1137/1137/1137
f 1156/1156/1156 1136/1136/1136 1155/1155/1155
f 1137/1137/1137 1157/1157/1157 1138/1138/1138
f 1157/1157/1157 1137/1137/1137 1156/1156/1156
f 1138/1138/1138 1158/1158/1158 1139/1139/1139
f 1158/1158/1158 1138/1138/1138 1157/1157/1157
f 1139/1139/1139 1159/1159/1159 1140/1140/1140
f 1159/1159/1159 1139/1139/1139 1158/1158/1158
f 1140/1140/1140 1160/1160/1160 1141/1141/1141
f 1160/1160/1160 1140/1140/1140 1159/1159/1159
f 1141/1141/1141 1161/1161/1161 1142/1142/1142
f 1161/1161/1161 1141/1141/1141 1160/1160/1160
f 1142/1142/1142 1162/1162/1162 1143/1143/1143
f 1162/1162/1162 1142/1142/1142 1161/1161/1161
f 1143/1143/1143 1163/1163/1163 1144/1144/1144
f 1163/1163/1163 1143/1143/1143 1162/1162/1162
f 1144/1144/1144 1146/1146/1146 1127/1127/1127
f 1146/1146/1146 1144/1144/1144 1163/1163/1163
f 1146/1146/1146 1164/1164/1164 1145/1145/1145
f 1164/1164/1164 1146/1146/1146 1165/1165/1165
f 1145/1145/1145 1166/1166/1166 1147/1147/1147
f 1166/1166/1166 1145/1145/1145 1164/1164/1164
f 1147/1147/1147 1167/1167/1167 1148/1148/1148
f 1167/1167/1167 1147/1147/1147 1166/1166/1166
f 1148/1148/1148 1168/1168/1168 1149/1149/1149
f 1168/1168/1168 1148/1148/1148 1167/1167/1167
f 1151/1151/1151 1169/1169/1169 1150/1150/1150
f 1169/1169/1169 1151/1151/1151 1170/1170/1170
f 1150/1150/1150 1171/1171/1171 1152/1152/1152
f 1171/1171/1171 1150/1150/1150 1169/1169/1169
f 1152/1152/1152 1172/1172/1172 1153/1153/1153
f 1172/1172/1172 1152/1152/1152 1171/1171/1171
f 1153/1153/1153 1173/1173/1173 1154/1154/1154
f 1173/1173/1173 1153/1153/1153 1172/1172/1172
f 1154/1154/1154 1174/1174/1174 1155/1155/1155
f 1174/1174/1174 1154/1154/1154 1173/1173/1173
f 1155/1155/1155 1175/1175/1175 1156/1156/1156
f 1175/1175/1175 1155/1155/1155 1174/1174/1174
f 1156/1156/1156 1176/1176/1176 1157/1157/1157
f 1176/1176/1176 1156/1156/1156 1175/1175/1175
f 1157/1157/1157 1177/1177/1177 1158/1158/1158
f 1177/1177/1177 1157/1157/1157 1176/1176/1176
f 1158/1158/1158 1178/1178/1178 1159/1159/1159
f 1178/1178/1178 1158/1158/1158 1177/1177/1177
f 1159/1159/1159 1179/1179/1179 1160/1160/1160
f 1179/1179/1179 1159/1159/1159 1178/1178/1178
f 1160/1160/1160 1180/1180/1180 1161/1161/1161
f 1180/1180/1180 1160/1160/1160 1179/1179/1179
f 1161/1161/1161 1181/1181/1181 1162/1162/1162
f 1181/1181/1181 1161/1161/1161 1180/1180/1180
f 1162/1162/1162 1182/1182/1182 1163/1163/1163
f 1182/1182/1182 1162/1162/1162 1181/1181/1181
f 1163/1163/1163 1165/1165/1165 1146/1146/1146
f 1165/1165/1165 1163/1163/1163 1182/1182/1182
f 1165/1165/1165 1183/1183/1183 1164/1164/1164
f 1183/1183/1183 1165/1165/1165 1184/1184/1184
f 1164/1164/1164 1185/1185/1185 1166/1166/1166
f 1185/1185/1185 1164/1164/1164 1183/1183/1183
f 1166/1166/1166 1186/1186/1186 1167/1167/1167
f 1186/1186/1186 1166/1166/1166 1185/1185/1185
f 1167/1167/1167 1187/1187/1187 1168/1168/1168
f 1187/1187/1187 1167/1167/1167 1186/1186/1186
f 1170/1170/1170 1188/1188/1188 1169/1169/1169
f 1188/1188/1188 1170/1170/1170 1189/1189/1189
f 1169/1169/1169 1190/1190/1190 1171/1171/1171
f 1190/1190/1190 1169/1169/1169 1188/1188/1188
f 1171/1171/1171 1191/1191/1191 1172/1172/1172
f 1191/1191/1191 1171/1171/1171 1190/1190/1190
f 1172/1172/1172 1192/1192/1192 1173/1173/1173
f 1192/1192/1192 1172/1172/1172 1191/1191/1191
f 1173/1173/1173 1193/1193/1193 1174/1174/1174
f 1193/1193/1193 1173/1173/1173 1192/1192/1192
f 1174/1174/1174 1194/1194/1194 1175/1175/1175
f 1194/1194/1194 1174/1174/1174 1193/1193/1193
f 1175/1175/1175 1195/1195/1195 1176/1176/1176
f 1195/1195/1195 1175/1175/1175 1194/1194/1194
f 1176/1176/1176 1196/1196/1196 1177/1177/1177
f 1196/1196/1196 1176/1176/1176 1195/1195/1195
f 1177/1177/1177 1197/1197/1197 1178/1178/1178
f 1197/1197/1197 1177/1177/1177 1196/1196/1196
f 1178/1178/1178 1198/1198/1198 1179/1179/1179
f 1198/1198/1198 1178/1178/1178 1197/1197/1197
f 1179/1179/1179 1199/1199/1199 1180/1180/1180
f 1199/1199/1199 1179/1179/1179 1198/1198/1198
f 1180/1180/1180 1200/1200/1200 1181/1181/1181
f 1200/1200/1200 1180/1180/1180 1199/1199/1199
f 1181/1181/1181 1201/1201/1201 1182/1182/1182
f 1201/1201/1201 1181/1181/1181 1200/1200/1200
f 1182/1182/1182 1184/1184/1184 1165/1165/1165
f 1184/1184/1184 1182/1182/1182 1201/1201/1201
f 1202/1202/1202 1204/1204/1204 1203/1203/1203
f 1204/1204/1204 1206/1206/1206 1205/1205/1205
f 1206/1206/1206 1208/1208/1208 1207/1207/1207
f 1204/1204/1204 1208/1208/1208 1206/1206/1206
f 1208/1208/1208 1210/1210/1210 1209/1209/1209
f 1210/1210/1210 1212/1212/1212 1211/1211/1211
f 1208/1208/1208 1212/1212/1212 1210/1210/1210
f 1212/1212/1212 1214/1214/1214 1213/1213/1213
f 1214/1214/1214 1216/1216/1216 1215/1215/1215
f 1212/1212/1212 1216/1216/1216 1214/1214/1214
f 1208/1208/1208 1216/1216/1216 1212/1212/1212
f 1204/1204/1204 1216/1216/1216 1208/1208/1208
f 1216/1216/1216 1218/1218/1218 1217/1217/1217
f 1204/1204/1204 1218/1218/1218 1216/1216/1216
f 1202/1202/1202 1218/1218/1218 1204/1204/1204
f 1219/1219/1219 1218/1218/1218 1202/1202/1202
f 1220/1220/1220 1222/1222/1222 1221/1221/1221
f 1222/1222/1222 1220/1220/1220 1223/1223/1223
f 1221/1221/1221 1225/1225/1225 1224/1224/1224
f 1225/1225/1225 1221/1221/1221 1222/1222/1222
f 1224/1224/1224 1227/1227/1227 1226/1226/1226
f 1227/1227/1227 1224/1224/1224 1225/1225/1225
f 1226/1226/1226 1229/1229/1229 1228/1228/1228
f 1229/1229/1229 1226/1226/1226 1227/1227/1227
f 1230/1230/1230 1232/1232/1232 1231/1231/1231
f 1232/1232/1232 1230/1230/1230 1233/1233/1233
f 1231/1231/1231 1235/1235/1235 1234/1234/1234
f 1235/1235/1235 1231/1231/1231 1232/1232/1232
f 1234/1234/1234 1237/1237/1237 1236/1236/1236
f 1237/1237/1237 1234/1234/1234 1235/1235/1235
f 1236/1236/1236 1239/1239/1239 1238/1238/1238
f 1239/1239/1239 1236/1236/1236 1237/1237/1237
f 1238/1238/1238 1241/1241/1241 1240/1240/1240
f 1241/1241/1241 1238/1238/1238 1239/1239/1239
f 1240/1240/1240 1243/1243/1243 1242/1242/1242
f 1243/1243/1243 1240/1240/1240 1241/1241/1241
f 1242/1242/1242 1245/1245/1245 1244/1244/1244
f 1245/1245/1245 1242/1242/1242 1243/1243/1243
f 1244/1244/1244 1247/1247/1247 1246/1246/1246
f 1247/1247/1247 1244/1244/1244 1245/1245/1245
f 1246/1246/1246 1249/1249/1249 1248/1248/1248
f 1249/1249/1249 1246/1246/1246 1247/1247/1247
f 1248/1248/1248 1251/1251/1251 1250/1250/1250
f 1251/1251/1251 1248/1248/1248 1249/1249/1249
f 1250/1250/1250 1253/1253/1253 1252/1252/1252
f 1253/1253/1253 1250/1250/1250 1251/1251/1251
f 1252/1252/1252 1255/1255/1255 1254/1254/1254
f 1255/1255/1255 1252/1252/1252 1253/1253/1253
f 1254/1254/1254 1257/1257/1257 1256/1256/1256
f 1257/1257/1257 1254/1254/1254 1255/1255/1255
f 1256/1256/1256 1223/1223/1223 1220/1220/1220
f 1223/1223/1223 1256/1256/1256 1257/1257/1257
f 1223/1223/1223 1258/1258/1258 1222/1222/1222
f 1258/1258/1258 1223/1223/1223 1259/1259/1259
f 1222/1222/1222 1260/1260/1260 1225/1225/1225
f 1260/1260/1260 1222/1222/1222 1258/1258/1258
f 1225/1225/1225 1261/1261/1261 1227/1227/1227
f 1261/1261/1261 1225/1225/1225 1260/1260/1260
f 1227/1227/1227 1262/1262/1262 1229/1229/1229
f 1262/1262/1262 1227/1227/1227 1261/1261/1261
f 1233/1233/1233 1263/1263/1263 1232/1232/1232
f 1263/1263/1263 1233/1233/1233 1264/1264/1264
f 1232/1232/1232 1265/1265/1265 1235/1235/1235
f 1265/1265/1265 1232/1232/1232 1263/1263/1263
f 1235/1235/1235 1266/1266/1266 1237/1237/1237
f 1266/1266/1266 1235/1235/1235 1265/1265/1265
f 1237/1237/1237 1267/1267/1267 1239/1239/1239
f 1267/1267/1267 1237/1237/1237 1266/1266/1266
f 1239/1239/1239 1268/1268/1268 1241/1241/1241
f 1268/1268/1268 1239/1239/1239 1267/1267/1267
f 1241/1241/1241 1269/1269/1269 1243/1243/1243
f 1269/1269/1269 1241/1241/1241 1268/1268/1268
f 1243/1243/1243 1270/1270/1270 1245/1245/1245
f 1270/1270/1270 1243/1243/1243 1269/1269/1269
f 1245/1245/1245 1271/1271/1271 1247/1247/1247
f 1271/1271/1271 1245/1245/1245 1270/1270/1270
f 1247/1247/1247 1272/1272/1272 1249/1249/1249
f 1272/1272/1272 1247/1247/1247 1271/1271/1271
f 1249/1249/1249 1273/1273/1273 1251/1251/1251
f 1273/1273/1273 1249/1249/1249 1272/1272/1272
f 1251/1251/1251 1274/1274/1274 1253/1253/1253
f 1274/1274/1274 1251/1251/1251 1273/1273/1273
f 1253/1253/1253 1275/1275/1275 1255/1255/1255
f 1275/1275/1275 1253/1253/1253 1274/1274/1274
f 1255/1255/1255 1276/1276/1276 1257/1257/1257
f 1276/1276/1276 1255/1255/1255 1275/1275/1275
f 1257/1257/1257 1259/1259/1259 1223/1223/1223
f 1259/1259/1259 1257/1257/1257 1276/1276/1276
f 1259/1259/1259 1277/1277/1277 1258/1258/1258
f 1277/1277/1277 1259/1259/1259 1278/1278/1278
f 1258/1258/1258 1279/1279/1279 1260/1260/1260
f 1279/1279/1279 1258/1258/1258 1277/1277/1277
f 1260/1260/1260 1280/1280/1280 1261/1261/1261
f 1280/1280/1280 1260/1260/1260 1279/1279/1279
f 1261/1261/1261 1281/1281/1281 1262/1262/1262
f 1281/1281/1281 1261/1261/1261 1280/1280/1280
f 1264/1264/1264 1282/1282/1282 1263/1263/1263
f 1282/1282/1282 1264/1264/1264 1283/1283/1283
f 1263/1263/1263 1284/1284/1284 1265/1265/1265
f 1284/1284/1284 1263/1263/1263 1282/1282/1282
f 1265/1265/1265 1285/1285/1285 1266/1266/1266
f 1285/1285/1285 1265/1265/1265 1284/1284/1284
f 1266/1266/1266 1286/1286/1286 1267/1267/1267
f 1286/1286/1286 1266/1266/1266 1285/1285/1285
f 1267/1267/1267 1287/1287/1287 1268/1268/1268
f 1287/1287/1287 1267/1267/1267 1286/1286/1286
f 1268/1268/1268 1288/1288/1288 1269/1269/1269
f 1288/1288/1288 1268/1268/1268 1287/1287/1287
f 1269/1269/1269 1289/1289/1289 1270/1270/1270
f 1289/1289/1289 1269/1269/1269 1288/1288/1288
f 1270/1270/1270 1290/1290/1290 1271/1271/1271
f 1290/1290/1290 1270/1270/1270 1289/1289/1289
f 1271/1271/1271 1291/1291/1291 1272/1272/1272
f 1291/1291/1291 1271/1271/1271 1290/1290/1290
f 1272/1272/1272 1292/1292/1292 1273/1273/1273
f 1292/1292/1292 1272/1272/1272 1291/1291/1291
f 1273/1273/1273 1293/1293/1293 1274/1274/1274
f 1293/1293/1293 1273/1273/1273 1292/1292/1292
f 1274/1274/1274 1294/1294/1294 1275/1275/1275
f 1294/1294/1294 1274/1274/1274 1293/1293/1293
f 1275/1275/1275 1295/1295/1295 1276/1276/1276
f 1295/1295/1295 1275/1275/1275 1294/1294/1294
f 1276/1276/1276 1278/1278/1278 1259/1259/1259
f 1278/1278/1278 1276/1276/1276 1295/1295/1295
f 1296/1296/1296 1298/1298/1298 1297/1297/1297
f 1298/1298/1298 1300/1300/1300 1299/1299/1299
f 1300/1300/1300 1302/1302/1302 1301/1301/1301
f 1298/1298/1298 1302/1302/1302 1300/1300/1300
f 1302/1302/1302 1304/1304/1304 1303/1303/1303
f 1304/1304/1304 1306/1306/1306 1305/1305/1305
f 1302/1302/1302 1306/1306/1306 1304/1304/1304
f 1306/1306/1306 1308/1308/1308 1307/1307/1307
f 1308/1308/1308 1310/1310/1310 1309/1309/1309
f 1306/1306/1306 1310/1310/1310 1308/1308/1308
f 1302/1302/1302 1310/1310/1310 1306/1306/1306
f 1298/1298/1298 1310/1310/1310 1302/1302/1302
f 1310/1310/1310 1312/1312/1312 1311/1311/1311
f 1298/1298/1298 1312/1312/1312 1310/1310/1310
f 1296/1296/1296 1312/1312/1312 1298/1298/1298
f 1313/1313/1313 1312/1312/1312 1296/1296/1296
f 1314/1314/1314 1316/1316/1316 1315/1315/1315
f 1316/1316/1316 1314/1314/1314 1317/1317/1317
f 1315/1315/1315 1319/1319/1319 1318/1318/1318
f 1319/1319/1319 1315/1315/1315 1316/1316/1316
f 1318/1318/1318 1321/1321/1321 1320/1320/1320
f 1321/1321/1321 1318/1318/1318 1319/1319/1319
f 1320/1320/1320 1323/1323/1323 1322/1322/1322
f 1323/1323/1323 1320/1320/1320 1321/1321/1321
f 1324/1324/1324 1326/1326/1326 1325/1325/1325
f 1326/1326/1326 1324/1324/1324 1327/1327/1327
f 1325/1325/1325 1329/1329/1329 1328/1328/1328
f 1329/1329/1329 1325/1325/1325 1326/1326/1326
f 1328/1328/1328 1331/1331/1331 1330/1330/1330
f 1331/1331/1331 1328/1328/1328 1329/1329/1329
f 1330/1330/1330 1333/1333/1333 1332/1332/1332
f 1333/1333/1333 1330/1330/1330 1331/1331/1331
f 1332/1332/1332 1335/1335/1335 1334/1334/1334
f 1335/1335/1335 1332/1332/1332 1333/1333/1333
f 1334/1334/1334 1337/1337/1337 1336/1336/1336
f 1337/1337/1337 1334/1334/1334 1335/1335/1335
f 1336/1336/1336 1339/1339/1339 1338/1338/1338
f 1339/1339/1339 1336/1336/1336 1337/1337/1337
f 1338/1338/1338 1341/1341/1341 1340/1340/1340
f 1341/1341/1341 1338/1338/1338 1339/1339/1339
f 1340/1340/1340 1343/1343/1343 1342/1342/1342
f 1343/1343/1343 1340/1340/1340 1341/1341/1341
f 1342/1342/1342 1345/1345/1345 1344/1344/1344
f 1345/1345/1345 1342/1342/1342 1343/1343/1343
f 1344/1344/1344 1347/1347/1347 1346/1346/1346
f 1347/1347/1347 1344/1344/1344 1345/1345/1345
f 1346/1346/1346 1349/1349/1349 1348/1348/1348
f 1349/1349/1349 1346/1346/1346 1347/1347/1347
f 1348/1348/1348 1351/1351/1351 1350/1350/1350
f 1351/1351/1351 1348/1348/1348 1349/1349/1349
f 1350/1350/1350 1317/1317/1317 1314/1314/1314
f 1317/1317/1317 1350/1350/1350 1351/1351/1351
f 1317/1317/1317 1352/1352/1352 1316/1316/1316
f 1352/1352/1352 1317/1317/1317 1353/1353/1353
f 1316/1316/1316 1354/1354/1354 1319/1319/1319
f 1354/1354/1354 1316/1316/1316 1352/1352/1352
f 1319/1319/1319 1355/1355/1355 1321/1321/1321
f 1355/1355/1355 1319/1319/1319 1354/1354/1354
f 1321/1321/1321 1356/1356/1356 1323/1323/1323
f 1356/1356/1356 1321/1321/1321 1355/1355/1355
f 1327/1327/1327 1357/1357/1357 1326/1326/1326
f 1357/1357/1357 1327/1327/1327 1358/1358/1358
f 1326/1326/1326 1359/1359/1359 1329/1329/1329
f 1359/1359/1359 1326/1326/1326 1357/1357/1357
f 1329/1329/1329 1360/1360/1360 1331/1331/1331
f 1360/1360/1360 1329/1329/1329 1359/1359/1359
f 1331/1331/1331 1361/1361/1361 1333/1333/1333
f 1361/1361/1361 1331/1331/1331 1360/1360/1360
f 1333/1333/1333 1362/1362/1362 1335/1335/1335
f 1362/1362/1362 1333/1333/1333 1361/1361/1361
f 1335/1335/1335 1363/1363/1363 1337/1337/1337
f 1363/1363/1363 1335/1335/1335 1362/1362/1362
f 1337/1337/1337 1364/1364/1364 1339/1339/1339
f 1364/1364/1364 1337/1337/1337 1363/1363/1363
f 1339/1339/1339 1365/1365/1365 1341/1341/1341
f 1365/1365/1365 1339/1339/1339 1364/1364/1364
f 1341/1341/1341 1366/1366/1366 1343/1343/1343
f 1366/1366/1366 1341/1341/1341 1365/1365/1365
f 1343/1343/1343 1367/1367/1367 1345/1345/1345
f 1367/1367/1367 1343/1343/1343 1366/1366/1366
f 1345/1345/1345 1368/1368/1368 1347/1347/1347
f 1368/1368/1368 1345/1345/1345 1367/1367/1367
f 1347/1347/1347 1369/1369/1369 1349/1349/1349
f 1369/1369/1369 1347/1347/1347 1368/1368/1368
f 1349/1349/1349 1370/1370/1370 1351/1351/1351
f 1370/1370/1370 1349/1349/1349 1369/1369/1369
f 1351/1351/1351 1353/1353/1353 1317/1317/1317
f 1353/1353/1353 1351/1351/1351 1370/1370/1370
f 1371/1371/1371 1373/1373/1373 1372/1372/1372
f 1373/1373/1373 1375/1375/1375 1374/1374/1374
f 1375/1375/1375 1377/1377/1377 1376/1376/1376
f 1373/1373/1373 1377/1377/1377 1375/1375/1375
f 1377/1377/1377 1379/1379/1379 1378/1378/1378
f 1379/1379/1379 1381/1381/1381 1380/1380/1380
f 1377/1377/1377 1381/1381/1381 1379/1379/1379
f 1381/1381/1381 1383/1383/1383 1382/1382/1382
f 1383/1383/1383 1385/1385/1385 1384/1384/1384
f 1381/1381/1381 1385/1385/1385 1383/1383/1383
f 1377/1377/1377 1385/1385/1385 1381/1381/1381
f 1373/1373/1373 1385/1385/1385 1377/1377/1377
f 1385/1385/1385 1387/1387/1387 1386/1386/1386
f 1373/1373/1373 1387/1387/1387 1385/1385/1385
f 1371/1371/1371 1387/1387/1387 1373/1373/1373
f 1388/1388/1388 1387/1387/1387 1371/1371/1371
f 1389/1389/1389 1391/1391/1391 1390/1390/1390
f 1391/1391/1391 1393/1393/1393 1392/1392/1392
f 1393/1393/1393 1395/1395/1395 1394/1394/1394
f 1391/1391/1391 1395/1395/1395 1393/1393/1393
f 1395/1395/1395 1397/1397/1397 1396/1396/1396
f 1397/1397/1397 1399/1399/1399 1398/1398/1398
f 1395/1395/1395 1399/1399/1399 1397/1397/1397
f 1399/1399/1399 1401/1401/1401 1400/1400/1400
f 1401/1401/1401 1403/1403/1403 1402/1402/1402
f 1399/1399/1399 1403/1403/1403 1401/1401/1401
f 1395/1395/1395 1403/1403/1403 1399/1399/1399
f 1391/1391/1391 1403/1403/1403 1395/1395/1395
f 1403/1403/1403 1405/1405/1405 1404/1404/1404
f 1391/1391/1391 1405/1405/1405 1403/1403/1403
f 1389/1389/1389 1405/1405/1405 1391/1391/1391
f 1406/1406/1406 1405/1405/1405 1389/1389/1389
f 1407/1407/1407 1409/1409/1409 1408/1408/1408
f 1409/1409/1409 1407/1407/1407 1410/1410/1410
f 1408/1408/1408 1412/1412/1412 1411/1411/1411
f 1412/1412/1412 1408/1408/1408 1409/1409/1409
f 1411/1411/1411 1414/1414/1414 1413/1413/1413
f 1414/1414/1414 1411/1411/1411 1412/1412/1412
f 1413/1413/1413 1416/1416/1416 1415/1415/1415
f 1416/1416/1416 1413/1413/1413 1414/1414/1414
f 1417/1417/1417 1419/1419/1419 1418/1418/1418
f 1419/1419/1419 1417/1417/1417 1420/1420/1420
f 1418/1418/1418 1422/1422/1422 1421/1421/1421
f 1422/1422/1422 1418/1418/1418 1419/1419/1419
f 1421/1421/1421 1424/1424/1424 1423/1423/1423
f 1424/1424/1424 1421/1421/1421 1422/1422/1422
f 1423/1423/1423 1426/1426/1426 1425/1425/1425
f 1426/1426/1426 1423/1423/1423 1424/1424/1424
f 1425/1425/1425 1428/1428/1428 1427/1427/1427
f 1428/1428/1428 1425/1425/1425 1426/1426/1426
f 1427/1427/1427 1430/1430/1430 1429/1429/1429
f 1430/1430/1430 1427/1427/1427 1428/1428/1428
f 1429/1429/1429 1432/1432/1432 1431/1431/1431
f 1432/1432/1432 1429/1429/1429 1430/1430/1430
f 1431/1431/1431 1434/1434/1434 1433/1433/1433
f 1434/1434/1434 1431/1431/1431 1432/1432/1432
f 1433/1433/1433 1436/1436/1436 1435/1435/1435
f 1436/1436/1436 1433/1433/1433 1434/1434/1434
f 1435/1435/1435 1438/1438/1438 1437/1437/1437
f 1438/1438/1438 1435/1435/1435 1436/1436/1436
f 1437/1437/1437 1440/1440/1440 1439/1439/1439
f 1440/1440/1440 1437/1437/1437 1438/1438/1438
f 1439/1439/1439 1442/1442/1442 1441/1441/1441
f 1442/1442/1442 1439/1439/1439 1440/1440/1440
f 1441/1441/1441 1444/1444/1444 1443/1443/1443
f 1444/1444/1444 1441/1441/1441 1442/1442/1442
f 1443/1443/1443 1410/1410/1410 1407/1407/1407
f 1410/1410/1410 1443/1443/1443 1444/1444/1444
f 1410/1410/1410 1445/1445/1445 1409/1409/1409
f 1445/1445/1445 1410/1410/1410 1446/1446/1446
f 1409/1409/1409 1447/1447/1447 1412/1412/1412
f 1447/1447/1447 1409/1409/1409 1445/1445/1445
f 1412/1412/1412 1448/1448/1448 1414/1414/1414
f 1448/1448/1448 1412/1412/1412 1447/1447/1447
f 1414/1414/1414 1449/1449/1449 1416/1416/1416
f 1449/1449/1449 1414/1414/1414 1448/1448/1448
f 1420/1420/1420 1450/1450/1450 1419/1419/1419
f 1450/1450/1450 1420/1420/1420 1451/1451/1451
f 1419/1419/1419 1452/1452/1452 1422/1422/1422
f 1452/1452/1452 1419/1419/1419 1450/1450/1450
f 1422/1422/1422 1453/1453/1453 1424/1424/1424
f 1453/1453/1453 1422/1422/1422 1452/1452/1452
f 1424/1424/1424 1454/1454/1454 1426/1426/1426
f 1454/1454/1454 1424/1424/1424 1453/1453/1453
f 1426/1426/1426 1455/1455/1455 1428/1428/1428
f 1455/1455/1455 1426/1426/1426 1454/1454/1454
f 1428/1428/1428 1456/1456/1456 1430/1430/1430
f 1456/1456/1456 1428/1428/1428 1455/1455/1455
f 1430/1430/1430 1457/1457/1457 1432/1432/1432
f 1457/1457/1457 1430/1430/1430 1456/1456/1456
f 1432/1432/1432 1458/1458/1458 1434/1434/1434
f 1458/1458/1458 1432/1432/1432 1457/1457/1457
f 1434/1434/1434 1459/1459/1459 1436/1436/1436
f 1459/1459/1459 1434/1434/1434 1458/1458/1458
f 1436/1436/1436 1460/1460/1460 1438/1438/1438
f 1460/1460/1460 1436/1436/1436 1459/1459/1459
f 1438/1438/1438 1461/1461/1461 1440/1440/1440
f 1461/1461/1461 1438/1438/1438 1460/1460/1460
f 1440/1440/1440 1462/1462/1462 1442/1442/1442
f 1462/1462/1462 1440/1440/1440 1461/1461/1461
f 1442/1442/1442 1463/1463/1463 1444/1444/1444
f 1463/1463/1463 1442/1442/1442 1462/1462/1462
f 1444/1444/1444 1446/1446/1446 1410/1410/1410
f 1446/1446/1446 1444/1444/1444 1463/1463/1463
f 1446/1446/1446 1464/1464/1464 1445/1445/1445
f 1464/1464/1464 1446/1446/1446 1465/1465/1465
f 1445/1445/1445 1466/1466/1466 1447/1447/1447
f 1466/1466/1466 1445/1445/1445 1464/1464/1464
f 1447/1447/1447 1467/1467/1467 1448/1448/1448
f 1467/1467/1467 1447/1447/1447 1466/1466/1466
f 1448/1448/1448 1468/1468/1468 1449/1449/1449
f 1468/1468/1468 1448/1448/1448 1467/1467/1467
f 1451/1451/1451 1469/1469/1469 1450/1450/1450
f 1469/1469/1469 1451/1451/1451 1470/1470/1470
f 1450/1450/1450 1471/1471/1471 1452/1452/1452
f 1471/1471/1471 1450/1450/1450 1469/1469/1469
f 1452/1452/1452 1472/1472/1472 1453/1453/1453
f 1472/1472/1472 1452/1452/1452 1471/1471/1471
f 1453/1453/1453 1473/1473/1473 1454/1454/1454
f 1473/1473/1473 1453/1453/1453 1472/1472/1472
f 1454/1454/1454 1474/1474/1474 1455/1455/1455
f 1474/1474/1474 1454/1454/1454 1473/1473/1473
f 1455/1455/1455 1475/1475/1475 1456/1456/1456
f 1475/1475/1475 1455/1455/1455 1474/1474/1474
f 1456/1456/1456 1476/1476/1476 1457/1457/1457
f 1476/1476/1476 1456/1456/1456 1475/1475/1475
f 1457/1457/1457 1477/1477/1477 1458/1458/1458
f 1477/1477/1477 1457/1457/1457 1476/1476/1476
f 1458/1458/1458 1478/1478/1478 1459/1459/1459
f 1478/1478/1478 1458/1458/1458 1477/1477/1477
f 1459/1459/1459 1479/1479/1479 1460/1460/1460
f 1479/1479/1479 1459/1459/1459 1478/1478/1478
f 1460/1460/1460 1480/1480/1480 1461/1461/1461
f 1480/1480/1480 1460/1460/1460 1479/1479/1479
f 1461/1461/1461 1481/1481/1481 1462/1462/1462
f 1481/1481/1481 1461/1461/1461 1480/1480/1480
f 1462/1462/1462 1482/1482/1482 1463/1463/1463
f 1482/1482/1482 1462/1462/1462 1481/1481/1481
f 1463/1463/1463 1465/1465/1465 1446/1446/1446
f 1465/1465/1465 1463/1463/1463 1482/1482/1482
f 1465/1465/1465 1483/1483/1483 1464/1464/1464
f 1483/1483/1483 1465/1465/1465 1484/1484/1484
f 1464/1464/1464 1485/1485/1485 1466/1466/1466
f 1485/1485/1485 1464/1464/1464 1483/1483/1483
f 1466/1466/1466 1486/1486/1486 1467/1467/1467
f 1486/1486/1486 1466/1466/1466 1485/1485/1485
f 1467/1467/1467 1487/1487/1487 1468/1468/1468
f 1487/1487/1487 1467/1467/1467 1486/1486/1486
f 1470/1470/1470 1488/1488/1488 1469/1469/1469
f 1488/1488/1488 1470/1470/1470 1489/1489/1489
f 1469/1469/1469 1490/1490/1490 1471/1471/1471
f 1490/1490/1490 1469/1469/1469 1488/1488/1488
f 1471/1471/1471 1491/1491/1491 1472/1472/1472
f 1491/1491/1491 1471/1471/1471 1490/1490/1490
f 1472/1472/1472 1492/1492/1492 1473/1473/1473
f 1492/1492/1492 1472/1472/1472 1491/1491/1491
f 1473/1473/1473 1493/1493/1493 1474/1474/1474
f 1493/1493/1493 1473/1473/1473 1492/1492/1492
f 1474/1474/1474 1494/1494/1494 1475/1475/1475
f 1494/1494/1494 1474/1474/1474 1493/1493/1493
f 1475/1475/1475 1495/1495/1495 1476/1476/1476
f 1495/1495/1495 1475/1475/1475 1494/1494/1494
f 1476/1476/1476 1496/1496/1496 1477/1477/1477
f 1496/1496/1496 1476/1476/1476 1495/1495/1495
f 1477/1477/1477 1497/1497/1497 1478/1478/1478
f 1497/1497/1497 1477/1477/1477 1496/1496/1496
f 1478/1478/1478 1498/1498/1498 1479/1479/1479
f 1498/1498/1498 1478/1478/1478 1497/1497/1497
f 1479/1479/1479 1499/1499/1499 1480/1480/1480
f 1499/1499/1499 1479/1479/1479 1498/1498/1498
f 1480/1480/1480 1500/1500/1500 1481/1481/1481
f 1500/1500/1500 1480/1480/1480 1499/1499/1499
f 1481/1481/1481 1501/1501/1501 1482/1482/1482
f 1501/1501/1501 1481/1481/1481 1500/1500/1500
f 1482/1482/1482 1484/1484/1484 1465/1465/1465
f 1484/1484/1484 1482/1482/1482 1501/1501/1501
f 1502/1502/1502 1504/1504/1504 1503/1503/1503
f 1504/1504/1504 1506/1506/1506 1505/1505/1505
f 1506/1506/1506 1508/1508/1508 1507/1507/1507
f 1504/1504/1504 1508/1508/1508 1506/1506/1506
f 1508/1508/1508 1510/1510/1510 1509/1509/1509
f 1510/1510/1510 1512/1512/1512 1511/1511/1511
f 1508/1508/1508 1512/1512/1512 1510/1510/1510
f 1512/1512/1512 1514/1514/1514 1513/1513/1513
f 1514/1514/1514 1516/1516/1516 1515/1515/1515
f 1512/1512/1512 1516/1516/1516 1514/1514/1514
f 1508/1508/1508 1516/1516/1516 1512/1512/1512
f 1504/1504/1504 1516/1516/1516 1508/1508/1508
f 1516/1516/1516 1518/1518/1518 1517/1517/1517
f 1504/1504/1504 1518/1518/1518 1516/1516/1516
f 1502/1502/1502 1518/1518/1518 1504/1504/1504
f 1519/1519/1519 1518/1518/1518 1502/1502/1502
f 1520/1520/1520 1522/1522/1522 1521/1521/1521
f 1522/1522/1522 1520/1520/1520 1523/1523/1523
f 1521/1521/1521 1525/1525/1525 1524/1524/1524
f 1525/1525/1525 1521/1521/1521 1522/1522/1522
f 1524/1524/1524 1527/1527/1527 1526/1526/1526
f 1527/1527/1527 1524/1524/1524 1525/1525/1525
f 1526/1526/1526 1529/1529/1529 1528/1528/1528
f 1529/1529/1529 1526/1526/1526 1527/1527/1527
f 1530/1530/1530 1532/1532/1532 1531/1531/1531
f 1532/1532/1532 1530/1530/1530 1533/1533/1533
f 1531/1531/1531 1535/1535/1535 1534/1534/1534
f 1535/1535/1535 1531/1531/1531 1532/1532/1532
f 1534/1534/1534 1537/1537/1537 1536/1536/1536
f 1537/1537/1537 1534/1534/1534 1535/1535/1535
f 1536/1536/1536 1539/1539/1539 1538/1538/1538
f 1539/1539/1539 1536/1536/1536 1537/1537/1537
f 1538/1538/1538 1541/1541/1541 1540/1540/1540
f 1541/1541/1541 1538/1538/1538 1539/1539/1539
f 1540/1540/1540 1543/1543/1543 1542/1542/1542
f 1543/1543/1543 1540/1540/1540 1541/1541/1541
f 1542/1542/1542 1545/1545/1545 1544/1544/1544
f 1545/1545/1545 1542/1542/1542 1543/1543/1543
f 1544/1544/1544 1547/1547/1547 1546/1546/1546
f 1547/1547/1547 1544/1544/1544 1545/1545/1545
f 1546/1546/1546 1549/1549/1549 1548/1548/1548
f 1549/1549/1549 1546/1546/1546 1547/1547/1547
f 1548/1548/1548 1551/1551/1551 1550/1550/1550
f 1551/1551/1551 1548/1548/1548 1549/1549/1549
f 1550/1550/1550 1553/1553/1553 1552/1552/1552
f 1553/1553/1553 1550/1550/1550 1551/1551/1551
f 1552/1552/1552 1555/1555/1555 1554/1554/1554
f 1555/1555/1555 1552/1552/1552 1553/1553/1553
f 1554/1554/1554 1557/1557/1557 1556/1556/1556
f 1557/1557/1557 1554/1554/1554 1555/1555/1555
f 1556/1556/1556 1523/1523/1523 1520/1520/1520
f 1523/1523/1523 1556/1556/1556 1557/1557/1557
f 1523/1523/1523 1558/1558/1558 1522/1522/1522
f 1558/1558/1558 1523/1523/1523 1559/1559/1559
f 1522/1522/1522 1560/1560/1560 1525/1525/1525
f 1560/1560/1560 1522/1522/1522 1558/1558/1558
f 1525/1525/1525 1561/1561/1561 1527/1527/1527
f 1561/1561/1561 1525/1525/1525 1560/1560/1560
f 1527/1527/1527 1562/1562/1562 1529/1529/1529
f 1562/1562/1562 1527/1527/1527 1561/1561/1561
f 1533/1533/1533 1563/1563/1563 1532/1532/1532
f 1563/1563/1563 1533/1533/1533 1564/1564/1564
f 1532/1532/1532 1565/1565/1565 1535/1535/1535
f 1565/1565/1565 1532/1532/1532 1563/1563/1563
f 1535/1535/1535 1566/1566/1566 1537/1537/1537
f 1566/1566/1566 1535/1535/1535 1565/1565/1565
f 1537/1537/1537 1567/1567/1567 1539/1539/1539
f 1567/1567/1567 1537/1537/1537 1566/1566/1566
f 1539/1539/1539 1568/1568/1568 1541/1541/1541
f 1568/1568/1568 1539/1539/1539 1567/1567/1567
f 1541/1541/1541 1569/1569/1569 1543/1543/1543
f 1569/1569/1569 1541/1541/1541 1568/1568/1568
f 1543/1543/1543 1570/1570/1570 1545/1545/1545
f 1570/1570/1570 1543/1543/1543 1569/1569/1569
f 1545/1545/1545 1571/1571/1571 1547/1547/1547
f 1571/1571/1571 1545/1545/1545 1570/1570/1570
f 1547/1547/1547 1572/1572/1572 1549/1549/1549
f 1572/1572/1572 1547/1547/1547 1571/1571/1571
f 1549/1549/1549 1573/1573/1573 1551/1551/1551
f 1573/1573/1573 1549/1549/1549 1572/1572/1572
f 1551/1551/1551 1574/1574/1574 1553/1553/1553
f 1574/1574/1574 1551/1551/1551 1573/1573/1573
f 1553/1553/1553 1575/1575/1575 1555/1555/1555
f 1575/1575/1575 1553/1553/1553 1574/1574/1574
f 1555/1555/1555 1576/1576/1576 1557/1557/1557
f 1576/1576/1576 1555/1555/1555 1575/1575/1575
f 1557/1557/1557 1559/1559/1559 1523/1523/1523
f 1559/1559/1559 1557/1557/1557 1576/1576/1576
f 1559/1559/1559 1577/1577/1577 1558/1558/1558
f 1577/1577/1577 1559/1559/1559 1578/1578/1578
f 1558/1558/1558 1579/1579/1579 1560/1560/1560
f 1579/1579/1579 1558/1558/1558 1577/1577/1577
f 1560/1560/1560 1580/1580/1580 1561/1561/1561
f 1580/1580/1580 1560/1560/1560 1579/1579/1579
f 1561/1561/1561 1581/1581/1581 1562/1562/1562
f 1581/1581/1581 1561/1561/1561 1580/1580/1580
f 1564/1564/1564 1582/1582/1582 1563/1563/1563
f 1582/1582/1582 1564/1564/1564 1583/1583/1583
f 1563/1563/1563 1584/1584/1584 1565/1565/1565
f 1584/1584/1584 1563/1563/1563 1582/1582/1582
f 1565/1565/1565 1585/1585/1585 1566/1566/1566
f 1585/1585/1585 1565/1565/1565 1584/1584/1584
f 1566/1566/1566 1586/1586/1586 1567/1567/1567
f 1586/1586/1586 1566/1566/1566 1585/1585/1585
f 1567/1567/1567 1587/1587/1587 1568/1568/1568
f 1587/1587/1587 1567/1567/1567 1586/1586/1586
f 1568/1568/1568 1588/1588/1588 1569/1569/1569
f 1588/1588/1588 1568/1568/1568 1587/1587/1587
f 1569/1569/1569 1589/1589/1589 1570/1570/1570
f 1589/1589/1589 1569/1569/1569 1588/1588/1588
f 1570/1570/1570 1590/1590/1590 1571/1571/1571
f 1590/1590/1590 1570/1570/1570 1589/1589/1589
f 1571/1571/1571 1591/1591/1591 1572/1572/1572
f 1591/1591/1591 1571/1571/1571 1590/1590/1590
f 1572/1572/1572 1592/1592/1592 1573/1573/1573
f 1592/1592/1592 1572/1572/1572 1591/1591/1591
f 1573/1573/1573 1593/1593/1593 1574/1574/1574
f 1593/1593/1593 1573/1573/1573 1592/1592/1592
f 1574/1574/1574 1594/1594/1594 1575/1575/1575
f 1594/1594/1594 1574/1574/1574 1593/1593/1593
f 1575/1575/1575 1595/1595/1595 1576/1576/1576
f 1595/1595/1595 1575/1575/1575 1594/1594/1594
f 1576/1576/1576 1578/1578/1578 1559/1559/1559
f 1578/1578/1578 1576/1576/1576 1595/1595/1595
f 1578/1578/1578 1596/1596/1596 1577/1577/1577
f 1596/1596/1596 1578/1578/1578 1597/1597/1597
f 1577/1577/1577 1598/1598/1598 1579/1579/1579
f 1598/1598/1598 1577/1577/1577 1596/1596/1596
f 1579/1579/1579 1599/1599/1599 1580/1580/1580
f 1599/1599/1599 1579/1579/1579 1598/1598/1598
f 1580/1580/1580 1600/1600/1600 1581/1581/1581
f 1600/1600/1600 1580/1580/1580 1599/1599/1599
f 1583/1583/1583 1601/1601/1601 1582/1582/1582
f 1601/1601/1601 1583/1583/1583 1602/1602/1602
f 1582/1582/1582 1603/1603/1603 1584/1584/1584
f 1603/1603/1603 1582/1582/1582 1601/1601/1601
f 1584/1584/1584 1604/1604/1604 1585/1585/1585
f 1604/1604/1604 1584/1584/1584 1603/1603/1603
f 1585/1585/1585 1605/1605/1605 1586/1586/1586
f 1605/1605/1605 1585/1585/1585 1604/1604/1604
f 1586/1586/1586 1606/1606/1606 1587/1587/1587
f 1606/1606/1606 1586/1586/1586 1605/1605/1605
f 1587/1587/1587 1607/1607/1607 1588/1588/1588
f 1607/1607/1607 1587/1587/1587 1606/1606/1606
f 1588/1588/1588 1608/1608/1608 1589/1589/1589
f 1608/1608/1608 1588/1588/1588 1607/1607/1607
f 1589/1589/1589 1609/1609/1609 1590/1590/1590
f 1609/1609/1609 1589/1589/1589 1608/1608/1608
f 1590/1590/1590 1610/1610/1610 1591/1591/1591
f 1610/1610/1610 1590/1590/1590 1609/1609/1609
f 1591/1591/1591 1611/1611/1611 1592/1592/1592
f 1611/1611/1611 1591/1591/1591 1610/1610/1610
f 1592/1592/1592 1612/1612/1612 1593/1593/1593
f 1612/1612/1612 1592/1592/1592 1611/1611/1611
f 1593/1593/1593 1613/1613/1613 1594/1594/1594
f 1613/1613/1613 1593/1593/1593 1612/1612/1612
f 1594/1594/1594 1614/1614/1614 1595/1595/1595
f 1614/1614/1614 1594/1594/1594 1613/1613/1613
f 1595/1595/1595 1597/1597/1597 1578/1578/1578
f 1597/1597/1597 1595/1595/1595 1614/1614/1614
f 1597/1597/1597 1615/1615/1615 1596/1596/1596
f 1615/1615/1615 1597/1597/1597 1616/1616/1616
f 1596/1596/1596 1617/1617/1617 1598/1598/1598
f 1617/1617/1617 1596/1596/1596 1615/1615/1615
f 1598/1598/1598 1618/1618/1618 1599/1599/1599
f 1618/1618/1618 1598/1598/1598 1617/1617/1617
f 1599/1599/1599 1619/1619/1619 1600/1600/1600
f 1619/1619/1619 1599/1599/1599 1618/1618/1618
f 1602/1602/1602 1620/1620/1620 1601/1601/1601
f 1620/1620/1620 1602/1602/1602 1621/1621/1621
f 1601/1601/1601 1622/1622/1622 1603/1603/1603
f 1622/1622/1622 1601/1601/1601 1620/1620/1620
f 1603/1603/1603 1623/1623/1623 1604/1604/1604
f 1623/1623/1623 1603/1603/1603 1622/1622/1622
f 1604/1604/1604 1624/1624/1624 1605/1605/1605
f 1624/1624/1624 1604/1604/1604 1623/1623/1623
f 1605/1605/1605 1625/1625/1625 1606/1606/1606
f 1625/1625/1625 1605/1605/1605 1624/1624/1624
f 1606/1606/1606 1626/1626/1626 1607/1607/1607
f 1626/1626/1626 1606/1606/1606 1625/1625/1625
f 1607/1607/1607 1627/1627/1627 1608/1608/1608
f 1627/1627/1627 1607/1607/1607 1626/1626/1626
f 1608/1608/1608 1628/1628/1628 1609/1609/1609
f 1628/1628/1628 1608/1608/1608 1627/1627/1627
f 1609/1609/1609 1629/1629/1629 1610/1610/1610
f 1629/1629/1629 1609/1609/1609 1628/1628/1628
f 1610/1610/1610 1630/1630/1630 1611/1611/1611
f 1630/1630/1630 1610/1610/1610 1629/1629/1629
f 1611/1611/1611 1631/1631/1631 1612/1612/1612
f 1631/1631/1631 1611/1611/1611 1630/1630/1630
f 1612/1612/1612 1632/1632/1632 1613/1613/1613
f 1632/1632/1632 1612/1612/1612 1631/1631/1631
f 1613/1613/1613 1633/1633/1633 1614/1614/1614
f 1633/1633/1633 1613/1613/1613 1632/1632/1632
f 1614/1614/1614 1616/1616/1616 1597/1597/1597
f 1616/1616/1616 1614/1614/1614 1633/1633/1633
f 1634/1634/1634 1636/1636/1636 1635/1635/1635
f 1636/1636/1636 1638/1638/1638 1637/1637/1637
f 1638/1638/1638 1640/1640/1640 1639/1639/1639
f 1636/1636/1636 1640/1640/1640 1638/1638/1638
f 1640/1640/1640 1642/1642/1642 1641/1641/1641
f 1642/1642/1642 1644/1644/1644 1643/1643/1643
f 1640/1640/1640 1644/1644/1644 1642/1642/1642
f 1644/1644/1644 1646/1646/1646 1645/1645/1645
f 1646/1646/1646 1648/1648/1648 1647/1647/1647
f 1644/1644/1644 1648/1648/1648 1646/1646/1646
f 1640/1640/1640 1648/1648/1648 1644/1644/1644
f 1636/1636/1636 1648/1648/1648 1640/1640/1640
f 1648/1648/1648 1650/1650/1650 1649/1649/1649
f 1636/1636/1636 1650/1650/1650 1648/1648/1648
f 1634/1634/1634 1650/1650/1650 1636/1636/1636
f 1651/1651/1651 1650/1650/1650 1634/1634/1634
f 1652/1652/1652 1654/1654/1654 1653/1653/1653
f 1654/1654/1654 1656/1656/1656 1655/1655/1655
f 1656/1656/1656 1658/1658/1658 1657/1657/1657
f 1654/1654/1654 1658/1658/1658 1656/1656/1656
f 1658/1658/1658 1660/1660/1660 1659/1659/1659
f 1660/1660/1660 1662/1662/1662 1661/1661/1661
f 1658/1658/1658 1662/1662/1662 1660/1660/1660
f 1662/1662/1662 1664/1664/1664 1663/1663/1663
f 1664/1664/1664 1666/1666/1666 1665/1665/1665
f 1662/1662/1662 1666/1666/1666 1664/1664/1664
f 1658/1658/1658 1666/1666/1666 1662/1662/1662
f 1654/1654/1654 1666/1666/1666 1658/1658/1658
f 1666/1666/1666 1668/1668/1668 1667/1667/1667
f 1654/1654/1654 1668/1668/1668 1666/1666/1666
f 1652/1652/1652 1668/1668/1668 1654/1654/1654
f 1669/1669/1669 1668/1668/1668 1652/1652/1652
f 1670/1670/1670 1672/1672/1672 1671/1671/1671
f 1672/1672/1672 1670/1670/1670 1673/1673/1673
f 1671/1671/1671 1675/1675/1675 1674/1674/1674
f 1675/1675/1675 1671/1671/1671 1672/1672/1672
f 1674/1674/1674 1677/1677/1677 1676/1676/1676
f 1677/1677/1677 1674/1674/1674 1675/1675/1675
f 1676/1676/1676 1679/1679/1679 1678/1678/1678
f 1679/1679/1679 1676/1676/1676 1677/1677/1677
f 1680/1680/1680 1682/1682/1682 1681/1681/1681
f 1682/1682/1682 1680/1680/1680 1683/1683/1683
f 1681/1681/1681 1685/1685/1685 1684/1684/1684
f 1685/1685/1685 1681/1681/1681 1682/1682/1682
f 1684/1684/1684 1687/1687/1687 1686/1686/1686
f 1687/1687/1687 1684/1684/1684 1685/1685/1685
f 1686/1686/1686 1689/1689/1689 1688/1688/1688
f 1689/1689/1689 1686/1686/1686 1687/1687/1687
f 1688/1688/1688 1691/1691/1691 1690/1690/1690
f 1691/1691/1691 1688/1688/1688 1689/1689/1689
f 1690/1690/1690 1693/1693/1693 1692/1692/1692
f 1693/1693/1693 1690/1690/1690 1691/1691/1691
f 1692/1692/1692 1695/1695/1695 1694/1694/1694
f 1695/1695/1695 1692/1692/1692 1693/1693/1693
f 1694/1694/1694 1697/1697/1697 1696/1696/1696
f 1697/1697/1697 1694/1694/1694 1695/1695/1695
f 1696/1696/1696 1699/1699/1699 1698/1698/1698
f 1699/1699/1699 1696/1696/1696 1697/1697/1697
f 1698/1698/1698 1701/1701/1701 1700/1700/1700
f 1701/1701/1701 1698/1698/1698 1699/1699/1699
f 1700/1700/1700 1703/1703/1703 1702/1702/1702
f 1703/1703/1703 1700/1700/1700 1701/1701/1701
f 1702/1702/1702 1705/1705/1705 1704/1704/1704
f 1705/1705/1705 1702/1702/1702 1703/1703/1703
f 1704/1704/1704 1707/1707/1707 1706/1706/1706
f 1707/1707/1707 1704/1704/1704 1705/1705/1705
f 1706/1706/1706 1673/1673/1673 1670/1670/1670
f 1673/1673/1673 1706/1706/1706 1707/1707/1707
f 1673/1673/1673 1708/1708/1708 1672/1672/1672
f 1708/1708/1708 1673/1673/1673 1709/1709/1709
f 1672/1672/1672 1710/1710/1710 1675/1675/1675
f 1710/1710/1710 1672/1672/1672 1708/1708/1708
f 1675/1675/1675 1711/1711/1711 1677/1677/1677
f 1711/1711/1711 1675/1675/1675 1710/1710/1710
f 1677/1677/1677 1712/1712/1712 1679/1679/1679
f 1712/1712/1712 1677/1677/1677 1711/1711/1711
f 1683/1683/1683 1713/1713/1713 1682/1682/1682
f 1713/1713/1713 1683/1683/1683 1714/1714/1714
f 1682/1682/1682 1715/1715/1715 1685/1685/1685
f 1715/1715/1715 1682/1682/1682 1713/1713/1713
f 1685/1685/1685 1716/1716/1716 1687/1687/1687
f 1716/1716/1716 1685/1685/1685 1715/1715/1715
f 1687/1687/1687 1717/1717/1717 1689/1689/1689
f 1717/1717/1717 1687/1687/1687 1716/1716/1716
f 1689/1689/1689 1718/1718/1718 1691/1691/1691
f 1718/1718/1718 1689/1689/1689 1717/1717/1717
f 1691/1691/1691 1719/1719/1719 1693/1693/1693
f 1719/1719/1719 1691/1691/1691 1718/1718/1718
f 1693/1693/1693 1720/1720/1720 1695/1695/1695
f 1720/1720/1720 1693/1693/1693 1719/1719/1719
f 1695/1695/1695 1721/1721/1721 1697/1697/1697
f 1721/1721/1721 1695/1695/1695 1720/1720/1720
f 1697/1697/1697 1722/1722/1722 1699/1699/1699
f 1722/1722/1722 1697/1697/1697 1721/1721/1721
f 1699/1699/1699 1723/1723/1723 1701/1701/1701
f 1723/1723/1723 1699/1699/1699 1722/1722/1722
f 1701/1701/1701 1724/1724/1724 1703/1703/1703
f 1724/1724/1724 1701/1701/1701 1723/1723/1723
f 1703/1703/1703 1725/1725/1725 1705/1705/1705
f 1725/1725/1725 1703/1703/1703 1724/1724/1724
f 1705/1705/1705 1726/1726/1726 1707/1707/1707
f 1726/1726/1726 1705/1705/1705 1725/1725/1725
f 1707/1707/1707 1709/1709/1709 1673/1673/1673
f 1709/1709/1709 1707/1707/1707 1726/1726/1726
f 1709/1709/1709 1727/1727/1727 1708/1708/1708
f 1727/1727/1727 1709/1709/1709 1728/1728/1728
f 1708/1708/1708 1729/1729/1729 1710/1710/1710
f 1729/1729/1729 1708/1708/1708 1727/1727/1727
f 1710/1710/1710 1730/1730/1730 1711/1711/1711
f 1730/1730/1730 1710/1710/1710 1729/1729/1729
f 1711/1711/1711 1731/1731/1731 1712/1712/1712
f 1731/1731/1731 1711/1711/1711 1730/1730/1730
f 1714/1714/1714 1732/1732/1732 1713/1713/1713
f 1732/1732/1732 1714/1714/1714 1733/1733/1733
f 1713/1713/1713 1734/1734/1734 1715/1715/1715
f 1734/1734/1734 1713/1713/1713 1732/1732/1732
f 1715/1715/1715 1735/1735/1735 1716/1716/1716
f 1735/1735/1735 1715/1715/1715 1734/1734/1734
f 1716/1716/1716 1736/1736/1736 1717/1717/1717
f 1736/1736/1736 1716/1716/1716 1735/1735/1735
f 1717/1717/1717 1737/1737/1737 1718/1718/1718
f 1737/1737/1737 1717/1717/1717 1736/1736/1736
f 1718/1718/1718 1738/1738/1738 1719/1719/1719
f 1738/1738/1738 1718/1718/1718 1737/1737/1737
f 1719/1719/1719 1739/1739/1739 1720/1720/1720
f 1739/1739/1739 1719/1719/1719 1738/1738/1738
f 1720/1720/1720 1740/1740/1740 1721/1721/1721
f 1740/1740/1740 1720/1720/1720 1739/1739/1739
f 1721/1721/1721 1741/1741/1741 1722/1722/1722
f 1741/1741/1741 1721/1721/1721 1740/1740/1740
f 1722/1722/1722 1742/1742/1742 1723/1723/1723
f 1742/1742/1742 1722/1722/1722 1741/1741/1741
f 1723/1723/1723 1743/1743/1743 1724/1724/1724
f 1743/1743/1743 1723/1723/1723 1742/1742/1742
f 1724/1724/1724 1744/1744/1744 1725/1725/1725
f 1744/1744/1744 1724/1724/1724 1743/1743/1743
f 1725/1725/1725 1745/1745/1745 1726/1726/1726
f 1745/1745/1745 1725/1725/1725 1744/1744/1744
f 1726/1726/1726 1728/1728/1728 1709/1709/1709
f 1728/1728/1728 1726/1726/1726 1745/1745/1745
f 1728/1728/1728 1746/1746/1746 1727/1727/1727
f 1746/1746/1746 1728/1728/1728 1747/1747/1747
f 1727/1727/1727 1748/1748/1748 1729/1729/1729
f 1748/1748/1748 1727/1727/1727 1746/1746/1746
f 1729/1729/1729 1749/1749/1749 1730/1730/1730
f 1749/1749/1749 1729/1729/1729 1748/1748/1748
f 1730/1730/1730 1750/1750/1750 1731/1731/1731
f 1750/1750/1750 1730/1730/1730 1749/1749/1749
f 1733/1733/1733 1751/1751/1751 1732/1732/1732
f 1751/1751/1751 1733/1733/1733 1752/1752/1752
f 1732/1732/1732 1753/1753/1753 1734/1734/1734
f 1753/1753/1753 1732/1732/1732 1751/1751/1751
f 1734/1734/1734 1754/1754/1754 1735/1735/1735
f 1754/1754/1754 1734/1734/1734 1753/1753/1753
f 1735/1735/1735 1755/1755/1755 1736/1736/1736
f 1755/1755/1755 1735/1735/1735 1754/1754/1754
f 1736/1736/1736 1756/1756/1756 1737/1737/1737
f 1756/1756/1756 1736/1736/1736 1755/1755/1755
f 1737/1737/1737 1757/1757/1757 1738/1738/1738
f 1757/1757/1757 1737/1737/1737 1756/1756/1756
f 1738/1738/1738 1758/1758/1758 1739/1739/1739
f 1758/1758/1758 1738/1738/1738 1757/1757/1757
f 1739/1739/1739 1759/1759/1759 1740/1740/1740
f 1759/1759/1759 1739/1739/1739 1758/1758/1758
f 1740/1740/1740 1760/1760/1760 1741/1741/1741
f 1760/1760/1760 1740/1740/1740 1759/1759/1759
f 1741/1741/1741 1761/1761/1761 1742/1742/1742
f 1761/1761/1761 1741/1741/1741 1760/1760/1760
f 1742/1742/1742 1762/1762/1762 1743/1743/1743
f 1762/1762/1762 1742/1742/1742 1761/1761/1761
f 1743/1743/1743 1763/1763/1763 1744/1744/1744
f 1763/1763/1763 1743/1743/1743 1762/1762/1762
f 1744/1744/1744 1764/1764/1764 1745/1745/1745
f 1764/1764/1764 1744/1744/1744 1763/1763/1763
f 1745/1745/1745 1747/1747/1747 1728/1728/1728
f 1747/1747/1747 1745/1745/1745 1764/1764/1764
f 1747/1747/1747 1765/1765/1765 1746/1746/1746
f 1765/1765/1765 1747/1747/1747 1766/1766/1766
f 1746/1746/1746 1767/1767/1767 1748/1748/1748
f 1767/1767/1767 1746/1746/1746 1765/1765/1765
f 1748/1748/1748 1768/1768/1768 1749/1749/1749
f 1768/1768/1768 1748/1748/1748 1767/1767/1767
f 1749/1749/1749 1769/1769/1769 1750/1750/1750
f 1769/1769/1769 1749/1749/1749 1768/1768/1768
f 1752/1752/1752 1770/1770/1770 1751/1751/1751
f 1770/1770/1770 1752/1752/1752 1771/1771/1771
f 1751/1751/1751 1772/1772/1772 1753/1753/1753
f 1772/1772/1772 1751/1751/1751 1770/1770/1770
f 1753/1753/1753 1773/1773/1773 1754/1754/1754
f 1773/1773/1773 1753/1753/1753 1772/1772/1772
f 1754/1754/1754 1774/1774/1774 1755/1755/1755
f 1774/1774/1774 1754/1754/1754 1773/1773/1773
f 1755/1755/1755 1775/1775/1775 1756/1756/1756
f 1775/1775/1775 1755/1755/1755 1774/1774/1774
f 1756/1756/1756 1776/1776/1776 1757/1757/1757
f 1776/1776/1776 1756/1756/1756 1775/1775/1775
f 1757/1757/1757 1777/1777/1777 1758/1758/1758
f 1777/1777/1777 1757/1757/1757 1776/1776/1776
f 1758/1758/1758 1778/1778/1778 1759/1759/1759
f 1778/1778/1778 1758/1758/1758 1777/1777/1777
f 1759/1759/1759 1779/1779/1779 1760/1760/1760
f 1779/1779/1779 1759/1759/1759 1778/1778/1778
f 1760/1760/1760 1780/1780/1780 1761/1761/1761
f 1780/1780/1780 1760/1760/1760 1779/1779/1779
f 1761/1761/1761 1781/1781/1781 1762/1762/1762
f 1781/1781/1781 1761/1761/1761 1780/1780/1780
f 1762/1762/1762 1782/1782/1782 1763/1763/1763
f 1782/1782/1782 1762/1762/1762 1781/1781/1781
f 1763/1763/1763 1783/1783/1783 1764/1764/1764
f 1783/1783/1783 1763/1763/1763 1782/1782/1782
f 1764/1764/1764 1766/1766/1766 1747/1747/1747
f 1766/1766/1766 1764/1764/1764 1783/1783/1783
f 1784/1784/1784 1786/1786/1786 1785/1785/1785
f 1786/1786/1786 1788/1788/1788 1787/1787/1787
f 1788/1788/1788 1790/1790/1790 1789/1789/1789
f 1786/1786/1786 1790/1790/1790 1788/1788/1788
f 1790/1790/1790 1792/1792/1792 1791/1791/1791
f 1792/1792/1792 1794/1794/1794 1793/1793/1793
f 1790/1790/1790 1794/1794/1794 1792/1792/1792
f 1794/1794/1794 1796/1796/1796 1795/1795/1795
f 1796/1796/1796 1798/1798/1798 1797/1797/1797
f 1794/1794/1794 1798/1798/1798 1796/1796/1796
f 1790/1790/1790 1798/1798/1798 1794/1794/1794
f 1786/1786/1786 1798/1798/1798 1790/1790/1790
f 1798/1798/1798 1800/1800/1800 1799/1799/1799
f 1786/1786/1786 1800/1800/1800 1798/1798/1798
f 1784/1784/1784 1800/1800/1800 1786/1786/1786
f 1801/1801/1801 1800/1800/1800 1784/1784/1784
f 1802/1802/1802 1804/1804/1804 1803/1803/1803
f 1804/1804/1804 1802/1802/1802 1805/1805/1805
f 1806/1806/1806 1808/1808/1808 1807/1807/1807
f 1808/1808/1808 1806/1806/1806 1809/1809/1809
f 1810/1810/1810 1812/1812/1812 1811/1811/1811
f 1812/1812/1812 1810/1810/1810 1813/1813/1813
f 1814/1814/1814 1816/1816/1816 1815/1815/1815
f 1816/1816/1816 1814/1814/1814 1817/1817/1817
f 1818/1818/1818 1820/1820/1820 1819/1819/1819
f 1820/1820/1820 1818/1818/1818 1821/1821/1821
f 1822/1822/1822 1824/1824/1824 1823/1823/1823
f 1824/1824/1824 1822/1822/1822 1825/1825/1825
f 1826/1826/1826 1828/1828/1828 1827/1827/1827
f 1828/1828/1828 1826/1826/1826 1829/1829/1829
f 1830/1830/1830 1832/1832/1832 1831/1831/1831
f 1832/1832/1832 1830/1830/1830 1833/1833/1833
f 1834/1834/1834 1836/1836/1836 1835/1835/1835
f 1836/1836/1836 1834/1834/1834 1837/1837/1837
f 1838/1838/1838 1840/1840/1840 1839/1839/1839
f 1840/1840/1840 1838/1838/1838 1841/1841/1841
f 1842/1842/1842 1844/1844/1844 1843/1843/1843
f 1844/1844/1844 1842/1842/1842 1845/1845/1845
f 1846/1846/1846 1848/1848/1848 1847/1847/1847
f 1848/1848/1848 1846/1846/1846 1849/1849/1849
f 1850/1850/1850 1852/1852/1852 1851/1851/1851
f 1852/1852/1852 1850/1850/1850 1853/1853/1853
f 1854/1854/1854 1856/1856/1856 1855/1855/1855
f 1856/1856/1856 1854/1854/1854 1857/1857/1857
f 1858/1858/1858 1860/1860/1860 1859/1859/1859
f 1860/1860/1860 1858/1858/1858 1861/1861/1861
f 1862/1862/1862 1864/1864/1864 1863/1863/1863
f 1864/1864/1864 1862/1862/1862 1865/1865/1865
f 1866/1866/1866 1868/1868/1868 1867/1867/1867
f 1868/1868/1868 1866/1866/1866 1869/1869/1869
f 1870/1870/1870 1872/1872/1872 1871/1871/1871
f 1872/1872/1872 1870/1870/1870 1873/1873/1873
f 1849/1849/1849 1827/1827/1827 1848/1848/1848
f 1827/1827/1827 1849/1849/1849 1826/1826/1826
f 1831/1831/1831 1853/1853/1853 1850/1850/1850
f 1853/1853/1853 1831/1831/1831 1832/1832/1832
f 1857/1857/1857 1835/1835/1835 1856/1856/1856
f 1835/1835/1835 1857/1857/1857 1834/1834/1834
f 1873/1873/1873 1839/1839/1839 1872/1872/1872
f 1839/1839/1839 1873/1873/1873 1838/1838/1838
f 1841/1841/1841 1843/1843/1843 1840/1840/1840
f 1843/1843/1843 1841/1841/1841 1842/1842/1842
f 1859/1859/1859 1828/1828/1828 1829/1829/1829
f 1828/1828/1828 1859/1859/1859 1860/1860/1860
f 1830/1830/1830 1863/1863/1863 1833/1833/1833
f 1863/1863/1863 1830/1830/1830 1862/1862/1862
f 1837/1837/1837 1867/1867/1867 1836/1836/1836
f 1867/1867/1867 1837/1837/1837 1866/1866/1866
f 1874/1874/1874 1861/1861/1861 1858/1858/1858
f 1861/1861/1861 1874/1874/1874 1875/1875/1875
f 1865/1865/1865 1876/1876/1876 1864/1864/1864
f 1876/1876/1876 1865/1865/1865 1877/1877/1877
f 1869/1869/1869 1878/1878/1878 1868/1868/1868
f 1878/1878/1878 1869/1869/1869 1879/1879/1879
f 1845/1845/1845 1880/1880/1880 1844/1844/1844
f 1880/1880/1880 1845/1845/1845 1881/1881/1881
f 1882/1882/1882 1847/1847/1847 1883/1883/1883
f 1847/1847/1847 1882/1882/1882 1846/1846/1846
f 1884/1884/1884 1852/1852/1852 1885/1885/1885
f 1852/1852/1852 1884/1884/1884 1851/1851/1851
f 1886/1886/1886 1855/1855/1855 1887/1887/1887
f 1855/1855/1855 1886/1886/1886 1854/1854/1854
f 1888/1888/1888 1871/1871/1871 1889/1889/1889
f 1871/1871/1871 1888/1888/1888 1870/1870/1870
f 1874/1874/1874 1804/1804/1804 1875/1875/1875
f 1804/1804/1804 1874/1874/1874 1803/1803/1803
f 1877/1877/1877 1807/1807/1807 1876/1876/1876
f 1807/1807/1807 1877/1877/1877 1806/1806/1806
f 1879/1879/1879 1811/1811/1811 1878/1878/1878
f 1811/1811/1811 1879/1879/1879 1810/1810/1810
f 1881/1881/1881 1819/1819/1819 1880/1880/1880
f 1819/1819/1819 1881/1881/1881 1818/1818/1818
f 1890/1890/1890 1883/1883/1883 1891/1891/1891
f 1883/1883/1883 1890/1890/1890 1882/1882/1882
f 1884/1884/1884 1893/1893/1893 1892/1892/1892
f 1893/1893/1893 1884/1884/1884 1885/1885/1885
f 1894/1894/1894 1887/1887/1887 1895/1895/1895
f 1887/1887/1887 1894/1894/1894 1886/1886/1886
f 1896/1896/1896 1889/1889/1889 1897/1897/1897
f 1889/1889/1889 1896/1896/1896 1888/1888/1888
f 1898/1898/1898 1812/1812/1812 1899/1899/1899
f 1812/1812/1812 1898/1898/1898 1811/1811/1811
f 1900/1900/1900 1816/1816/1816 1901/1901/1901
f 1816/1816/1816 1900/1900/1900 1815/1815/1815
f 1902/1902/1902 1820/1820/1820 1903/1903/1903
f 1820/1820/1820 1902/1902/1902 1819/1819/1819
f 1904/1904/1904 1824/1824/1824 1905/1905/1905
f 1824/1824/1824 1904/1904/1904 1823/1823/1823
f 1906/1906/1906 1836/1836/1836 1907/1907/1907
f 1836/1836/1836 1906/1906/1906 1835/1835/1835
f 1908/1908/1908 1840/1840/1840 1909/1909/1909
f 1840/1840/1840 1908/1908/1908 1839/1839/1839
f 1910/1910/1910 1844/1844/1844 1911/1911/1911
f 1844/1844/1844 1910/1910/1910 1843/1843/1843
f 1912/1912/1912 1856/1856/1856 1913/1913/1913
f 1856/1856/1856 1912/1912/1912 1855/1855/1855
f 1914/1914/1914 1868/1868/1868 1915/1915/1915
f 1868/1868/1868 1914/1914/1914 1867/1867/1867
f 1916/1916/1916 1872/1872/1872 1917/1917/1917
f 1872/1872/1872 1916/1916/1916 1871/1871/1871
f 1913/1913/1913 1835/1835/1835 1906/1906/1906
f 1835/1835/1835 1913/1913/1913 1856/1856/1856
f 1917/1917/1917 1839/1839/1839 1908/1908/1908
f 1839/1839/1839 1917/1917/1917 1872/1872/1872
f 1909/1909/1909 1843/1843/1843 1910/1910/1910
f 1843/1843/1843 1909/1909/1909 1840/1840/1840
f 1907/1907/1907 1867/1867/1867 1914/1914/1914
f 1867/1867/1867 1907/1907/1907 1836/1836/1836
f 1915/1915/1915 1878/1878/1878 1918/1918/1918
f 1878/1878/1878 1915/1915/1915 1868/1868/1868
f 1911/1911/1911 1880/1880/1880 1919/1919/1919
f 1880/1880/1880 1911/1911/1911 1844/1844/1844
f 1920/1920/1920 1855/1855/1855 1912/1912/1912
f 1855/1855/1855 1920/1920/1920 1887/1887/1887
f 1921/1921/1921 1871/1871/1871 1916/1916/1916
f 1871/1871/1871 1921/1921/1921 1889/1889/1889
f 1918/1918/1918 1811/1811/1811 1898/1898/1898
f 1811/1811/1811 1918/1918/1918 1878/1878/1878
f 1919/1919/1919 1819/1819/1819 1902/1902/1902
f 1819/1819/1819 1919/1919/1919 1880/1880/1880
f 1922/1922/1922 1887/1887/1887 1920/1920/1920
f 1887/1887/1887 1922/1922/1922 1895/1895/1895
f 1923/1923/1923 1889/1889/1889 1921/1921/1921
f 1889/1889/1889 1923/1923/1923 1897/1897/1897
