mtllib DPC2002101.mtl
o DPC2002101_part_0
v 0.073164 2.080128 0.380339
v 0.046016 2.080579 0.390786
v 0.050673 2.199336 0.414386
v 0.084373 2.348466 0.33984
v 0.079411 2.364798 0.339943
v 0.093017 2.359213 0.348874
v -0.035984 2.356179 0.350762
v -0.030502 2.355413 0.359786
v -0.043846 2.345091 0.361685
v 0.116444 2.332154 0.339172
v 0.097926 2.336514 0.339558
v 0.110324 2.343949 0.348515
v 0.148515 2.348466 0.338502
v 0.13496 2.336517 0.338784
v 0.133969 2.349536 0.348021
v 0.143389 2.348922 0.348021
v 0.15419 2.353798 0.338656
v 0.156143 2.352667 0.339209
v 0.148515 2.381131 0.338502
v 0.153478 2.364798 0.338398
v 0.140304 2.370386 0.347891
v 0.211418 2.17265 0.199391
v 0.201781 2.143178 0.200529
v 0.175545 2.136552 0.232733
v 0.116444 2.397456 0.339172
v 0.13496 2.39308 0.338784
v 0.122996 2.385651 0.348249
v -0.107534 2.328639 0.323014
v -0.118515 2.348466 0.338502
v -0.104959 2.336514 0.338784
v 0.084373 2.381131 0.33984
v 0.097926 2.39308 0.339558
v 0.099352 2.38006 0.348744
v -0.04032 2.631713 0.16695
v 0.015 2.637816 0.079378
v 0.015 2.636985 0.171101
v -0.045032 2.383722 0.324317
v -0.04941 2.364798 0.339943
v -0.054373 2.381131 0.33984
v 0.113624 2.375135 0.352871
v 0.125342 2.372362 0.352626
v -0.086444 2.332154 0.339172
v -0.103968 2.349539 0.348021
v -0.080324 2.343949 0.348515
v 0.105045 2.367569 0.353049
v 0.150359 2.388274 -0.099225
v 0.155861 2.433314 -0.102706
v 0.104783 2.430345 -0.122745
v 0.108185 2.357235 0.352985
v -0.054373 2.348466 0.33984
v -0.063016 2.359213 0.348874
v 0.119905 2.354464 0.35274
v -0.092996 2.385651 0.348249
v -0.095341 2.372362 0.352626
v -0.110303 2.370386 0.347891
v 0.128481 2.362034 0.352562
v -0.166682 2.122696 0.138365
v -0.13445 2.104301 0.171781
v -0.03208 2.115027 0.102736
v 0.1168 2.364801 0.354314
v 0.147917 2.370287 0.3439
v 0.149656 2.371312 0.34554
v 0.164075 2.364074 0.324423
v 0.060503 2.355413 0.359786
v 0.066154 2.366603 0.349143
v 0.065985 2.356179 0.350762
v 0.201651 2.479691 -0.065878
v 0.227263 2.447484 -0.037561
v 0.231436 2.48538 -0.028672
v -0.216981 2.294939 0.147868
v -0.213904 2.347829 0.179609
v -0.208255 2.289167 0.166373
v 0.015 2.544413 0.359068
v 0.061451 2.544779 0.352793
v 0.056291 2.50687 0.374721
v 0.0028 2.382161 0.411331
v 0.015 2.3746 0.406306
v -0.00574 2.37513 0.403389
v 0.09503 2.278922 0.387946
v 0.113489 2.253247 0.367234
v 0.11772 2.251783 0.370916
v 0.114138 2.405607 0.323501
v 0.15518 2.386681 0.322647
v 0.162348 2.363088 0.322499
v 0.05897 2.122369 0.100902
v 0.196683 2.122696 0.138365
v 0.203494 2.152549 0.130907
v 0.003683 2.142195 0.06841
v 0.022376 2.142428 0.067559
v -0.00822 2.161829 -0.002866
v 0.140888 2.399283 0.322945
v -0.076699 2.461297 0.38587
v -0.02629 2.50687 0.374721
v -0.047403 2.420409 0.409042
v -0.02611 2.355438 0.381887
v -0.035806 2.338918 0.385213
v -0.038697 2.341891 0.376468
v 0.16436 2.359898 0.328515
v 0.167172 2.36437 0.324126
v 0.180714 2.36381 0.309638
v -0.059225 2.275341 -0.098311
v -0.057233 2.227433 -0.012165
v -0.029021 2.228451 -0.020016
v 0.081251 2.318031 0.382283
v 0.099707 2.299344 0.3747
v 0.076703 2.307341 0.39248
v -0.148788 2.403629 0.352182
v -0.153282 2.424752 0.354782
v -0.131472 2.414505 0.378938
v 0.006811 2.09949 0.130064
v -0.008565 2.059532 0.24947
v 0.015 2.058708 0.249409
v 0.068009 2.378343 0.37043
v 0.090567 2.384157 0.394702
v 0.090508 2.381285 0.375476
v -0.168853 2.489039 0.281108
v -0.1515 2.44726 0.350347
v -0.178541 2.461773 0.262879
v -0.086799 2.364801 0.354314
v -0.098481 2.362034 0.352562
v -0.089905 2.354464 0.35274
v -0.127065 2.496825 0.338872
v -0.161849 2.508923 0.308029
v -0.128672 2.499478 0.341693
v 0.015 2.058708 0.249409
v -0.008565 2.059532 0.24947
v -0.013937 2.047152 0.357774
v -0.122191 2.181378 0.061507
v -0.118736 2.214402 0.049869
v -0.124016 2.173927 0.091428
v 0.258727 2.380955 0.117296
v 0.257601 2.376223 0.083752
v 0.259447 2.347311 0.117857
v -0.217647 2.488029 0.072723
v -0.217884 2.415941 0.117974
v -0.216419 2.406794 0.065313
v -0.004322 2.383764 0.407624
v 0.015 2.563229 -0.135287
v 0.054253 2.561751 -0.130102
v 0.062115 2.596594 -0.064094
v -0.078184 2.357237 0.352985
v -0.075045 2.367569 0.353049
v -0.083624 2.375133 0.352871
v -0.069351 2.38006 0.348744
v -0.168853 2.489039 0.281108
v -0.175472 2.491596 0.282953
v -0.160412 2.505227 0.308311
v 0.137534 2.328639 0.323014
v 0.171943 2.235839 0.322578
v 0.19434 2.262699 0.293735
v 0.199291 2.261744 0.292807
v 0.084181 2.054564 0.34747
v 0.071995 2.065356 0.242544
v 0.038566 2.05953 0.24947
v 0.028635 2.162288 -0.004543
v 0.042737 2.203485 -0.002866
v 0.028635 2.203944 -0.004543
v -0.15235 2.58689 0.014571
v -0.19661 2.564481 0.076738
v -0.199479 2.552081 0.022609
v -0.158809 2.158624 0.113864
v -0.173494 2.152549 0.130907
v -0.173494 2.152549 0.130907
v -0.019896 2.382682 -0.124144
v -0.071276 2.38475 -0.116643
v -0.041994 2.065356 0.242544
v 0.117686 2.507591 -0.12621
v 0.156964 2.528404 -0.097348
v 0.107863 2.519128 -0.131131
v -0.076004 2.560912 -0.108919
v -0.126961 2.528404 -0.097348
v -0.077862 2.519128 -0.131131
v 0.073107 2.374048 0.3509
v 0.111157 2.346654 0.353363
v 0.143389 2.348922 0.348021
v 0.128343 2.346856 0.353166
v -0.167436 2.511721 -0.057782
v -0.177736 2.546994 -0.025219
v -0.203795 2.516423 -0.012092
v -0.037726 2.483514 -0.13831
v -0.005596 2.48041 -0.1365
v -0.015798 2.47315 -0.153258
v -0.041545 2.633199 0.079857
v -0.099867 2.618805 0.079902
v -0.098845 2.607831 0.007839
v -0.054443 2.327561 0.371903
v -0.164339 2.262699 0.293735
v -0.16929 2.261744 0.292807
v -0.1793 2.288781 0.279231
v -0.110887 2.399283 0.322945
v -0.118515 2.381131 0.338502
v -0.12518 2.386681 0.322647
v -0.184466 2.34921 -0.03532
v -0.193438 2.40101 -0.038686
v -0.210225 2.35088 0.056403
v 0.139581 2.092929 0.193935
v 0.100831 2.075718 0.222238
v 0.162286 2.107071 0.227798
v -0.174832 2.176017 0.129327
v -0.190711 2.153343 0.157291
v -0.022804 2.160808 0.001377
v -0.022804 2.202464 0.001377
v -0.03638 2.200474 0.009872
v 0.071546 2.633199 0.079857
v 0.070321 2.631713 0.166953
v -0.132285 2.107071 0.227798
v -0.054181 2.054564 0.34747
v -0.041994 2.065356 0.242544
v -0.098006 2.616403 0.157812
v -0.092905 2.602485 0.239484
v -0.139932 2.585167 0.222536
v 0.156555 2.47306 -0.098292
v 0.199517 2.440301 -0.072498
v -0.05356 2.486762 -0.146173
v -0.087686 2.507594 -0.12621
v -0.075457 2.505327 -0.115178
v 0.128975 2.345076 0.35478
v 0.128343 2.346856 0.353166
v 0.033761 2.473162 -0.186167
v 0.041705 2.490035 -0.178786
v 0.015 2.489589 -0.18392
v -0.162919 2.396901 -0.072126
v -0.08801 2.324099 0.323421
v 0.133011 2.155294 -0.000721
v 0.057322 2.160808 0.001377
v 0.043811 2.140667 0.07487
v 0.247648 2.488029 0.072723
v 0.242405 2.406949 0.1633
v 0.21425 2.463074 0.263626
v 0.223472 2.314387 0.266833
v 0.243904 2.347829 0.179609
v 0.229434 2.277685 0.201507
v 0.031596 2.469302 -0.170953
v 0.045798 2.473152 -0.153258
v 0.051551 2.47249 -0.165646
v 0.215715 2.27603 0.255876
v 0.214707 2.287713 0.278372
v -0.178068 2.204975 0.085117
v -0.157178 2.208459 0.057859
v -0.182541 2.414722 -0.055099
v -0.197263 2.447484 -0.037561
v -0.038739 2.620154 0.002928
v 0.015 2.623457 0.000934
v -0.212405 2.406949 0.1633
v -0.224611 2.347595 0.150183
v -0.224616 2.378672 0.148043
v -0.04753 2.348407 0.350571
v 0.069087 2.614619 0.251119
v 0.015 2.615828 0.264703
v -0.159918 2.521706 0.296835
v -0.163261 2.548144 0.268064
v -0.118179 2.518038 0.331531
v -0.091827 2.450202 0.381945
v -0.127065 2.496825 0.338872
v -0.177736 2.546994 -0.025219
v 0.208542 2.461773 0.262879
v 0.214955 2.426417 0.252158
v 0.181501 2.447263 0.350347
v -0.2276 2.37622 0.083752
v 0.186218 2.306973 0.320193
v 0.192606 2.367546 0.297003
v 0.216675 2.314141 0.267572
v 0.090948 2.380628 0.357683
v 0.10904 2.381188 0.360813
v -0.103302 2.373403 0.355636
v -0.120547 2.379486 0.348154
v -0.101828 2.381342 0.359044
v -0.203165 2.313752 0.060511
v -0.227343 2.345885 0.08342
v -0.224464 2.315614 0.088317
v 0.155607 2.321837 0.34587
v 0.104266 2.313086 0.367944
v 0.128769 2.333323 0.353729
v 0.184242 2.379598 0.322762
v 0.183282 2.424752 0.354782
v 0.218803 2.389128 0.250529
v 0.254617 2.378672 0.148043
v 0.254612 2.347595 0.150183
v -0.202867 2.263284 0.118828
v -0.219374 2.294018 0.09807
v -0.217627 2.283146 0.120925
v -0.201376 2.286459 0.074419
v 0.19292 2.396901 -0.072126
v 0.015 2.586426 0.323187
v -0.031451 2.544779 0.352793
v 0.06568 2.584084 0.317665
v 0.167866 2.220228 0.313727
v 0.195748 2.244797 0.279263
v -0.12586 2.433314 -0.102706
v -0.162919 2.396901 -0.072126
v -0.120358 2.388274 -0.099225
v 0.17924 2.595869 0.14682
v 0.129867 2.618805 0.079902
v 0.1844 2.595977 0.077296
v -0.039087 2.614619 0.251119
v -0.074782 2.430345 -0.122745
v 0.11064 2.344842 0.355181
v 0.109305 2.336268 0.354492
v 0.091648 2.34139 0.351977
v -0.153519 2.116464 0.201268
v -0.17178 2.143178 0.200529
v -0.145544 2.136552 0.23273
v -0.149239 2.595869 0.14682
v -0.204012 2.269467 0.146424
v -0.169516 2.440301 -0.072498
v 0.043935 2.047152 0.357774
v -0.067925 2.39308 0.339558
v -0.03638 2.158817 0.009872
v -0.104959 2.39308 0.338784
v -0.086444 2.397456 0.339172
v 0.106005 2.560912 -0.108919
v 0.145701 2.568449 -0.074968
v 0.1182 2.589525 -0.054437
v -0.123477 2.364798 0.338398
v 0.094615 2.40099 0.323908
v 0.075032 2.383722 0.324317
v 0.015 2.084292 0.395559
v -0.067925 2.336517 0.339558
v -0.164105 2.268683 -0.028412
v -0.106696 2.220313 0.031488
v -0.084119 2.225006 0.004219
v -0.17165 2.479693 -0.065878
v -0.201435 2.48538 -0.028672
v 0.144592 2.347318 0.349143
v -0.185714 2.27603 0.255876
v -0.184706 2.287713 0.278372
v 0.118011 2.324099 0.323421
v -0.038011 2.378343 0.37043
v -0.02393 2.371367 0.370802
v -0.027165 2.370309 0.360509
v -0.025802 2.35775 0.399222
v -0.031064 2.331979 0.397367
v -0.022793 2.355978 0.39612
v -0.13272 2.273616 -0.066356
v -0.00822 2.203485 -0.002866
v 0.194254 2.173954 0.099327
v 0.203494 2.152549 0.130907
v 0.210219 2.238335 0.124315
v 0.113765 2.57548 0.305998
v 0.122906 2.602485 0.239484
v -0.167074 2.204147 0.240864
v -0.181418 2.17265 0.199391
v -0.188145 2.205282 0.200058
v -0.031064 2.331979 0.397367
v -0.05125 2.318031 0.382283
v -0.043106 2.374048 0.3509
v -0.150713 2.36381 0.309638
v -0.13436 2.359898 0.328515
v -0.134648 2.339391 0.332908
v -0.126554 2.47306 -0.098292
v 0.14818 2.518038 0.331531
v 0.193259 2.548144 0.268064
v 0.189919 2.521706 0.296835
v 0.102039 2.227433 -0.012165
v 0.126356 2.252419 0.005865
v 0.100273 2.252997 -0.008797
v -0.120358 2.388274 -0.099225
v -0.155859 2.158624 0.116599
v -0.062655 2.371822 0.352958
v -0.061769 2.372532 0.354958
v -0.048176 2.3639 0.347595
v -0.009423 2.362375 0.410743
v -0.01394 2.332124 0.419127
v -0.016907 2.36118 0.408792
v 0.101277 2.38475 -0.116643
v 0.06874 2.620154 0.002928
v 0.128845 2.607831 0.007839
v -0.012356 2.277536 0.438924
v -0.003456 2.333266 0.424838
v 0.015 2.277297 0.449111
v -0.122191 2.139721 0.061507
v 0.051921 2.490886 -0.128116
v 0.105458 2.505327 -0.115178
v -0.162343 2.287885 0.306099
v -0.138029 2.282507 0.337061
v -0.140124 2.256592 0.325599
v 0.061065 2.331979 0.397367
v 0.065807 2.338918 0.385213
v -0.024252 2.561751 -0.130102
v -0.032114 2.596594 -0.064094
v 0.083388 2.233375 0.400671
v -0.128217 2.398815 0.373277
v 0.043941 2.332124 0.419127
v 0.046908 2.361182 0.408792
v 0.053765 2.330083 0.411719
v 0.030425 2.47127 -0.152729
v 0.015 2.470484 -0.153889
v 0.015 2.479016 -0.137978
v 0.076703 2.307341 0.39248
v 0.093011 2.278818 0.383649
v 0.076856 2.307401 0.397808
v 0.16318 2.3043 0.343442
v 0.16803 2.282507 0.337061
v 0.128193 2.26149 0.359768
v 0.121828 2.450202 0.381945
v 0.13774 2.406286 0.396032
v 0.100419 2.422203 0.400961
v 0.257344 2.345885 0.08342
v 0.254465 2.315614 0.088317
v 0.064949 2.049337 0.355452
v 0.091868 2.084802 0.363049
v 0.155629 2.147939 0.028327
v 0.166996 2.139719 0.061507
v 0.155629 2.189595 0.028327
v 0.168615 2.237678 0.322001
v -0.043163 2.080128 0.380339
v -0.034948 2.049337 0.355452
v -0.061867 2.084802 0.363049
v -0.020673 2.199333 0.414386
v 0.015 2.200859 0.420273
v 0.063574 2.332748 0.402934
v 0.03574 2.37513 0.403389
v 0.015 2.36438 0.412908
v -0.033576 2.332748 0.402934
v -0.046703 2.307341 0.39248
v -0.180424 2.131191 0.160736
v -0.13445 2.104301 0.171781
v -0.081156 2.346657 0.353363
v -0.098342 2.346856 0.353166
v -0.113388 2.348922 0.348021
v -0.063011 2.278818 0.383649
v -0.046855 2.307401 0.397808
v -0.065029 2.278922 0.387946
v -0.083488 2.253247 0.367234
v 0.05262 2.135004 0.097535
v 0.051664 2.134407 0.105168
v 0.168822 2.13227 0.091428
v -0.164339 2.262699 0.293735
v 0.052793 2.355978 0.39612
v 0.055803 2.35775 0.399222
v 0.052689 2.368798 0.399081
v 0.044902 2.228835 -0.023561
v 0.244043 2.446137 0.01548
v 0.227263 2.447484 -0.037561
v 0.223438 2.40101 -0.038686
v -0.12877 2.561978 0.289396
v 0.157066 2.496825 0.338872
v 0.161473 2.414505 0.378938
v 0.225253 2.353101 0.254793
v 0.220672 2.427933 0.251919
v 0.188709 2.12614 0.099327
v 0.256108 2.315645 0.120205
v -0.036154 2.366603 0.349143
v 0.06769 2.491958 -0.163766
v 0.247885 2.415939 0.117974
v -0.184249 2.463074 0.263626
v -0.178541 2.461773 0.262879
v -0.188082 2.569328 0.13259
v -0.175153 2.567202 0.204895
v -0.06126 2.330312 0.323979
v -0.035679 2.584084 0.317665
v -0.1157 2.568449 -0.074971
v -0.095655 2.274435 -0.087191
v -0.098768 2.333323 0.353729
v -0.118503 2.334289 0.34608
v -0.114591 2.347318 0.349143
v 0.148504 2.334289 0.34608
v 0.133011 2.19695 -0.000721
v -0.083765 2.57548 0.305998
v 0.205473 2.491596 0.282953
v 0.189919 2.521706 0.296835
v 0.193259 2.548144 0.268064
v -0.088199 2.589525 -0.054437
v 0.155005 2.187292 0.311286
v 0.057166 2.370309 0.360509
v 0.093011 2.278818 0.383649
v 0.073847 2.345091 0.361685
v 0.077531 2.348408 0.350571
v 0.08356 2.486762 -0.146173
v -0.102238 2.372594 0.353474
v -0.062655 2.371822 0.352958
v -0.092733 2.359928 0.222924
v -0.060507 2.381285 0.375476
v -0.060566 2.384157 0.394702
v -0.001595 2.469302 -0.170953
v -0.021551 2.47249 -0.165646
v -0.214372 2.485423 0.020865
v 0.015 2.49337 -0.12834
v -0.022389 2.428847 -0.130695
v 0.05239 2.428847 -0.130695
v 0.059312 2.355273 0.372708
v 0.053931 2.371367 0.370802
v 0.172132 2.370175 0.322294
v 0.163979 2.375493 0.334695
v 0.22002 2.263284 0.118828
v 0.195739 2.245774 0.074184
v 0.038566 2.05953 0.24947
v 0.071995 2.065356 0.242544
v 0.018403 2.099489 0.130064
v 0.076969 2.342913 0.324277
v 0.234013 2.269467 0.146424
v -0.003714 2.141677 0.070562
v 0.249375 2.294018 0.09807
v 0.17581 2.239056 0.054528
v 0.181479 2.267312 0.034914
v -0.037689 2.491958 -0.163766
v 0.167497 2.208459 0.08922
v 0.128007 2.616403 0.157812
v 0.015 2.472567 -0.187837
v -0.003761 2.473162 -0.186167
v 0.218145 2.205282 0.200058
v 0.220711 2.153343 0.157291
v -0.019349 2.477373 -0.180443
v -0.134075 2.364074 0.324423
v -0.137171 2.36437 0.324126
v -0.142131 2.370175 0.322294
v -0.133979 2.375493 0.334695
v -0.193677 2.178352 0.154225
v -0.196153 2.207261 0.151781
v 0.084444 2.327561 0.371903
v -0.199479 2.552081 0.022609
v -0.019896 2.382682 -0.124144
v 0.049897 2.382682 -0.124144
v -0.15847 2.539507 -0.060986
v -0.126961 2.528404 -0.097348
v -0.125219 2.505785 -0.093889
v 0.05611 2.355438 0.381887
v 0.139581 2.092929 0.193935
v -0.197263 2.447484 -0.037561
v 0.113876 2.373241 0.357151
v 0.092656 2.371822 0.352958
v 0.113633 2.374025 0.359449
v -0.071276 2.38475 -0.116643
v -0.182541 2.414722 -0.055099
v -0.136779 2.576429 -0.038779
v 0.233796 2.516423 -0.012092
v 0.197436 2.511721 -0.057782
v 0.1333 2.373403 0.355636
v -0.075457 2.505327 -0.115178
v 0.246981 2.294939 0.147868
v 0.238256 2.289167 0.166373
v 0.169933 2.585167 0.222539
v 0.205154 2.567202 0.204895
v 0.150548 2.379486 0.348154
v 0.131829 2.381342 0.359044
v 0.113489 2.253247 0.367234
v 0.132239 2.372594 0.353474
v -0.125005 2.187292 0.311286
v 0.068695 2.341888 0.376468
v 0.183519 2.116464 0.201268
v 0.218083 2.569328 0.13259
v 0.226611 2.564484 0.076738
v -0.102238 2.372594 0.353474
v -0.119655 2.371312 0.34554
v -0.053387 2.233375 0.400671
v -0.160412 2.505227 0.308311
v -0.000424 2.47127 -0.152729
v -0.188624 2.238335 0.124315
v 0.190413 2.505227 0.308311
v 0.19185 2.508923 0.308029
v 0.15522 2.505785 -0.093889
v 0.156964 2.528404 -0.097348
v -0.060947 2.380631 0.357683
v 0.212542 2.414722 -0.055099
v 0.158672 2.499478 0.341695
v 0.131572 2.481189 0.364817
v 0.015 2.260738 0.450201
v 0.042357 2.277536 0.438924
v 0.04935 2.477373 -0.180443
v -0.166682 2.122696 0.138365
v 0.188471 2.539507 -0.060986
v 0.207737 2.546994 -0.025219
v 0.229479 2.552081 0.022609
v 0.035596 2.48041 -0.1365
v 0.105458 2.505327 -0.115178
v 0.067727 2.483514 -0.13831
v 0.210425 2.131191 0.160736
v 0.164451 2.104301 0.171781
v 0.049897 2.382682 -0.124144
v 0.092255 2.309454 -0.102905
v 0.101277 2.38475 -0.116643
v -0.064614 2.40099 0.323908
v -0.188802 2.389128 0.250529
v -0.195253 2.353101 0.254793
v -0.190671 2.427933 0.251919
v 0.158771 2.561978 0.289396
v -0.10958 2.092929 0.193935
v -0.15847 2.539507 -0.060986
v -0.029311 2.355273 0.372708
v 0.026626 2.100923 0.12836
v 0.197075 2.204147 0.240864
v 0.145134 2.231632 0.348101
v 0.12989 2.177386 0.345902
v 0.048802 2.308817 -0.109063
v 0.042737 2.161829 -0.002866
v 0.240226 2.35088 0.056403
v 0.066761 2.38642 0.413431
v 0.090273 2.392528 0.412708
v 0.170125 2.256592 0.325599
v 0.141978 2.23379 0.343804
v -0.159918 2.521706 0.296835
v -0.163261 2.548144 0.268064
v 0.155222 2.275073 0.011995
v 0.175616 2.273514 0.023923
v 0.214467 2.34921 -0.03532
v -0.132048 2.360697 0.327912
v 0.111157 2.346654 0.353363
v -0.098975 2.345076 0.35478
v -0.098342 2.346856 0.353166
v -0.08064 2.344842 0.355181
v 0.034323 2.383767 0.407627
v 0.027201 2.382159 0.411331
v -0.126142 2.352667 0.339209
v -0.124192 2.353798 0.338656
v 0.130271 2.479608 0.362219
v 0.244373 2.485423 0.020865
v 0.229479 2.552081 0.022609
v 0.047828 2.259611 0.436377
v 0.091769 2.372532 0.354958
v 0.091261 2.330312 0.323979
v -0.180825 2.262388 0.016576
v -0.046703 2.307341 0.39248
v -0.069707 2.299344 0.3747
v -0.154399 2.595977 0.077296
v 0.196094 2.206198 0.091074
v 0.045395 2.25317 -0.02076
v 0.074636 2.253632 -0.016621
v 0.247628 2.283146 0.120925
v -0.175153 2.567202 0.204895
v 0.057295 2.115027 0.102736
v 0.015 2.380103 0.411469
v 0.222775 2.237954 0.20323
v 0.207204 2.242888 0.247426
v -0.079039 2.381191 0.360813
v -0.011704 2.490035 -0.178786
v -0.07083 2.075718 0.222238
v -0.001412 2.100923 0.12836
v 0.061065 2.331979 0.397367
v -0.228727 2.380955 0.117296
v -0.186674 2.314141 0.267572
v -0.156217 2.306973 0.320191
v -0.018959 2.136837 0.090176
v -0.016163 2.138858 0.082015
v 0.162048 2.360697 0.327912
v 0.157117 2.34587 0.322608
v 0.1067 2.461297 0.38587
v 0.106319 2.459428 0.382573
v 0.090875 2.440117 0.395202
v 0.173366 2.385217 0.345806
v 0.178788 2.403629 0.352182
v -0.13318 2.3043 0.343442
v -0.063011 2.278818 0.383649
v -0.098193 2.26149 0.359768
v -0.060874 2.440117 0.395202
v 0.05228 2.230873 0.423564
v 0.033457 2.333266 0.424838
v -0.037966 2.260611 0.414452
v -0.188802 2.389128 0.250529
v -0.162606 2.367546 0.297003
v -0.188288 2.35378 0.254623
v 0.182351 2.58689 0.014571
v 0.039424 2.362375 0.410743
v 0.209301 2.288781 0.279231
v 0.218289 2.35378 0.254626
v -0.023764 2.330083 0.411719
v -0.079305 2.336268 0.354492
v 0.069801 2.366506 0.324426
v -0.192774 2.237954 0.20323
v -0.197847 2.239687 0.150572
v -0.199436 2.277685 0.201507
v -0.128626 2.366944 0.331531
v -0.117916 2.370287 0.3439
v -0.177203 2.242888 0.247426
v 0.042196 2.21575 0.000515
v 0.057322 2.202464 0.001377
v 0.198412 2.280663 0.040616
v 0.205883 2.261457 0.062269
v 0.034346 2.399873 0.411493
v 0.164648 2.339391 0.332908
v -0.101572 2.481189 0.364817
v -0.229447 2.347311 0.117854
v 0.170907 2.307436 -0.068311
v 0.182006 2.349407 -0.070494
v -0.186674 2.314141 0.267572
v -0.193471 2.314387 0.266833
v -0.188288 2.35378 0.254623
v -0.022688 2.368798 0.399081
v 0.077404 2.420409 0.409042
v 0.158215 2.398815 0.373277
v 0.07062 2.379389 0.394787
v 0.212542 2.414722 -0.055099
v -0.016015 2.080579 0.390786
v 0.16678 2.576429 -0.038779
v 0.188471 2.539507 -0.060986
v 0.231436 2.48538 -0.028672
v -0.10774 2.406286 0.396032
v -0.165748 2.244797 0.279263
v -0.137866 2.220228 0.313727
v -0.099889 2.177386 0.345902
v -0.115133 2.231632 0.348101
v 0.168615 2.237678 0.322001
v -0.124016 2.13227 0.091428
v -0.083632 2.374025 0.359449
v -0.132347 2.363088 0.322499
v 0.198854 2.489039 0.281108
v -0.004345 2.399873 0.411493
v 0.157066 2.496825 0.338872
v -0.184955 2.426417 0.252158
v 0.015 2.49337 -0.12834
v -0.10958 2.092929 0.193935
v -0.064321 2.347605 0.351746
v -0.061647 2.34139 0.351977
v -0.028532 2.417472 0.410531
v -0.048447 2.419565 0.405356
v -0.036792 2.387082 0.416797
v -0.184955 2.426417 0.252158
v -0.015047 2.383552 0.413479
v -0.012808 2.371914 0.404351
v -0.083875 2.373241 0.357151
v 0.049375 2.138858 0.082015
v -0.08772 2.251783 0.370916
v 0.100831 2.075718 0.222238
v 0.164451 2.104301 0.171781
v -0.017672 2.274684 -0.104192
v 0.133009 2.309255 -0.090345
v -0.200425 2.247119 0.076067
v -0.226107 2.315645 0.120205
v -0.07083 2.075718 0.222238
v -0.124666 2.385541 0.362278
v -0.104606 2.38583 0.373392
v -0.033756 2.122369 0.100902
v 0.067967 2.260611 0.414452
v -0.084137 2.405607 0.323501
v -0.060874 2.440117 0.395202
v -0.048447 2.419565 0.405356
v -0.070418 2.422203 0.400961
v 0.052171 2.136836 0.090176
v 0.229479 2.552081 0.022609
v -0.02192 2.490886 -0.128116
v -0.110824 2.189595 0.028327
v -0.046968 2.342913 0.324277
v 0.196683 2.122696 0.138365
v 0.051921 2.490886 -0.128116
v 0.190413 2.505227 0.308311
v 0.198854 2.489039 0.281108
v -0.193384 2.254628 0.049915
v -0.111977 2.23379 0.343804
v -0.125606 2.321837 0.34587
v -0.141942 2.235839 0.322578
v 0.058532 2.417472 0.410531
v -0.201435 2.48538 -0.028672
v -0.039801 2.366506 0.324426
v -0.113388 2.348922 0.348021
v -0.022279 2.230873 0.423564
v -0.017827 2.259611 0.436377
v 0.029529 2.142195 0.06841
v 0.036926 2.141677 0.070562
v 0.094318 2.347605 0.351746
v 0.233796 2.516423 -0.012092
v 0.19434 2.262699 0.293735
v -0.138614 2.237678 0.322001
v 0.151501 2.220313 0.031488
v 0.015 2.275069 -0.105697
v -0.076318 2.459428 0.382573
v 0.078448 2.419565 0.405356
v 0.066792 2.387082 0.416797
v -0.021805 2.369224 0.395622
v 0.045047 2.383552 0.413479
v 0.042809 2.371914 0.404351
v 0.150359 2.388274 -0.099225
v 0.207737 2.546994 -0.025219
v -0.154241 2.379598 0.322762
v -0.143365 2.385217 0.345806
v 0.208542 2.461773 0.262879
v 0.214955 2.426417 0.252158
v -0.03676 2.38642 0.413431
v -0.076318 2.459428 0.382573
v -0.177183 2.206967 0.114705
v -0.10027 2.479608 0.362219
v -0.08241 2.383769 0.377141
v 0.229172 2.348815 0.013537
v -0.03676 2.38642 0.413431
v -0.040619 2.379389 0.394787
v 0.24642 2.406794 0.065313
v 0.167265 2.244518 0.042776
v 0.148442 2.248947 0.016477
v 0.163541 2.214402 0.062258
v 0.218803 2.389128 0.250529
v 0.192344 2.287885 0.306099
v 0.209301 2.288781 0.279231
v 0.106319 2.459428 0.382573
v -0.0106 2.140667 0.07487
v -0.110824 2.147939 0.028327
v -0.018452 2.134407 0.105168
v -0.02192 2.490886 -0.128116
v -0.111977 2.23379 0.343804
v -0.083943 2.399198 0.406699
v -0.060272 2.392528 0.412708
v 0.205154 2.567202 0.204895
v -0.083488 2.253247 0.367234
v 0.216675 2.314141 0.267572
v 0.218289 2.35378 0.254626
v -0.081156 2.346657 0.353363
v -0.19661 2.564481 0.076738
v 0.051805 2.369224 0.395622
v 0.066761 2.38642 0.413431
v 0.141978 2.23379 0.343804
v 0.051805 2.369224 0.395622
v 0.113943 2.399196 0.406699
v 0.154667 2.385541 0.362278
v 0.134607 2.38583 0.373392
v -0.1793 2.288781 0.279231
v -0.021805 2.369224 0.395622
v 0.106889 2.328183 0.360581
v 0.08948 2.336048 0.360735
v 0.052793 2.355978 0.39612
v 0.132239 2.372594 0.353474
v 0.092656 2.371822 0.352958
v 0.113876 2.373241 0.357151
v -0.076888 2.328183 0.360581
v -0.074266 2.313086 0.367944
v -0.059479 2.336046 0.360735
v -0.138614 2.237678 0.322001
v -0.083875 2.373241 0.357151
v -0.022793 2.355978 0.39612
v 0.19292 2.396901 -0.072126
v 0.226611 2.564484 0.076738
v -0.019408 2.135004 0.097535
v 0.083318 2.352523 0.34692
v 0.082044 2.351274 0.349499
v -0.043993 2.357899 0.342929
v -0.042751 2.357095 0.347311
v 0.078177 2.363898 0.347595
v -0.050017 2.363927 0.34558
v -0.117916 2.370287 0.3439
v -0.065173 2.34866 0.349869
v 0.072751 2.357095 0.347311
v 0.073994 2.357899 0.342929
v 0.080018 2.363927 0.34558
v 0.122734 2.359928 0.222924
v 0.095174 2.34866 0.349869
v 0.11241 2.383769 0.377141
v 0.090875 2.440117 0.395202
v -0.052044 2.351274 0.349499
v -0.106004 2.395515 0.387053
v -0.053317 2.352523 0.34692
v -0.124192 2.353798 0.338656
v -0.132048 2.360697 0.327912
v -0.065173 2.34866 0.349869
v -0.053317 2.352523 0.34692
v 0.158627 2.366944 0.331531
v -0.050017 2.363927 0.34558
v -0.043993 2.357899 0.342929
v -0.199479 2.552081 0.022609
v 0.162048 2.360697 0.327912
v 0.15419 2.353798 0.338656
v 0.095174 2.34866 0.349869
v 0.083318 2.352523 0.34692
v 0.080018 2.363927 0.34558
v -0.203795 2.516423 -0.012092
v 0.073994 2.357899 0.342929
v 0.136004 2.395515 0.387053
v 0.112817 2.389551 0.393187
v 0.078448 2.419565 0.405356
v -0.134075 2.364074 0.324423
v -0.127116 2.34587 0.322608
v 0.164075 2.364074 0.324423
v 0.147917 2.370287 0.3439
v -0.082816 2.389551 0.393187
vt 0.143385 1.132989
vt 0.124361 1.136507
vt 0.135542 1.21462
vt 0.399711 1.611318
vt 0.391649 1.641384
vt 0.409522 1.63008
vt 0.181267 1.329248
vt 0.17498 1.330029
vt 0.185513 1.31806993
vt 0.451786 1.581308
vt 0.42172 1.589329
vt 0.440458 1.599162
vt 0.503841 1.611345
vt 0.481845 1.58934093
vt 0.482707 1.610492
vt 0.247645 1.33544993
vt 0.259609 1.340052
vt 0.260498 1.33835
vt 0.503826 1.671479
vt 0.511891 1.64141607
vt 0.494015 1.652739
vt 0.363487 1.137078
vt 0.348627 1.109035
vt 0.306555 1.112464
vt 0.451754 1.70151591
vt 0.481818 1.693471
vt 0.46308 1.68365693
vt 0.490032 1.568332
vt 0.503841 1.611345
vt 0.481845 1.58934093
vt 0.399694 1.671452
vt 0.421693 1.693454
vt 0.420831 1.672322
vt 0.150954 1.63126993
vt 0.104966 1.679391
vt 0.104966 1.623587
vt 0.378621 1.679605
vt 0.391649 1.641384
vt 0.399694 1.671452
vt 0.44615 1.662351
vt 0.467093 1.656739
vt 0.451786 1.581308
vt 0.482707 1.610492
vt 0.440458 1.599162
vt 0.430824 1.647014
vt 0.769826 1.263101
vt 0.76654 1.30798793
vt 0.814775 1.306052
vt 0.436443 1.626082
vt 0.399711 1.611318
vt 0.409522 1.63008
vt 0.457385 1.620476
vt 0.46308 1.68365693
vt 0.467093 1.656739
vt 0.494015 1.652739
vt 0.472709 1.635809
vt 0.400253 1.058733
vt 0.338744 1.047989
vt 0.400253 1.058733
vt 0.451769 1.64141607
vt 0.251251 1.350907
vt 0.251296 1.35304
vt 0.273691 1.349045
vt 0.17498 1.330029
vt 0.184415 1.33935
vt 0.181267 1.329248
vt 0.714027 1.353632
vt 0.678791 1.322942
vt 0.670731 1.362036
vt 0.449712 1.244445
vt 0.42624 1.306385
vt 0.430051 1.24235606
vt 0.104966 1.497924
vt 0.149001 1.50162792
vt 0.144141 1.472494
vt 0.116644 1.357144
vt 0.104966 1.347986
vt 0.126736 1.350698
vt 0.189609 1.26485
vt 0.216811 1.246191
vt 0.214042 1.24200606
vt 0.448298 1.723844
vt 0.521446 1.68562007
vt 0.53423 1.637955
vt 0.42511 1.087896
vt 0.400253 1.058733
vt 0.42511 1.087896
vt 0.762389 1.049295
vt 0.804407 1.047829
vt 0.762389 1.049295
vt 0.495971 1.71107507
vt 0.188779 1.44636607
vt 0.144141 1.472494
vt 0.15728 1.404866
vt 0.160021 1.330381
vt 0.166268 1.31387
vt 0.17369 1.316262
vt 0.272588 1.344212
vt 0.276117 1.349786
vt 0.292498 1.348328
vt 0.763678 1.130575
vt 0.721293 1.094775
vt 0.763867 1.090536
vt 0.183205 1.29724407
vt 0.20246 1.28294706
vt 0.174946 1.288696
vt 0.262801 1.391686
vt 0.262875 1.410061
vt 0.235662 1.402933
vt 0.135067 1.030747
vt 0.135067 1.030747
vt 0.104966 1.030333
vt 0.176579 1.35440493
vt 0.179798 1.369958
vt 0.190977 1.361531
vt 0.322739 1.46438193
vt 0.264627 1.42875
vt 0.340353 1.438846
vt 0.451769 1.64141607
vt 0.472709 1.635809
vt 0.457385 1.620476
vt 0.259089 1.47656107
vt 0.292182 1.489436
vt 0.260296 1.480622
vt 0.104966 1.030333
vt 0.135067 1.030747
vt 0.122694 1.11016
vt 0.56116 1.064517
vt 0.570749 1.115424
vt 0.513711 1.068372
vt 0.489946 1.322194
vt 0.520576 1.307693
vt 0.485345 1.289243
vt 0.547637 1.417756
vt 0.493183 1.358285
vt 0.54378 1.33309293
vt 0.124733 1.358757
vt 0.104966 1.857873
vt 0.136195 1.86052608
vt 0.143291 1.799398
vt 0.436443 1.626082
vt 0.430824 1.647014
vt 0.44615 1.662351
vt 0.420831 1.672322
vt 0.322739 1.46438193
vt 0.326734 1.469168
vt 0.298097 1.479135
vt 0.490032 1.568332
vt 0.277327 1.227688
vt 0.307422 1.25335693
vt 0.31078 1.250398
vt 0.152417 1.107596
vt 0.182057 1.036744
vt 0.135067 1.030747
vt 0.804407 1.047829
vt 0.762389 1.049295
vt 0.804407 1.047829
vt 0.248199 1.74999094
vt 0.296973 1.70127892
vt 0.301887 1.75139308
vt 0.464553 1.08108
vt 0.42511 1.087896
vt 0.42511 1.087896
vt 0.80805 1.247236
vt 0.761985 1.247608
vt 0.182057 1.036744
vt 0.199514 1.91055608
vt 0.234819 1.871536
vt 0.186585 1.90047407
vt 0.179882 1.85324907
vt 0.234819 1.871536
vt 0.186585 1.90047407
vt 0.189427 1.34588194
vt 0.337764 1.54391193
vt 0.323689 1.566344
vt 0.333111 1.557469
vt 0.712638 1.385589
vt 0.688471 1.422434
vt 0.657848 1.395447
vt 0.167933 1.955312
vt 0.154363 1.982331
vt 0.14454 1.967057
vt 0.150439 1.686399
vt 0.199213 1.69228792
vt 0.198878 1.747565
vt 0.19107 1.30541706
vt 0.307422 1.25335693
vt 0.31078 1.250398
vt 0.323034 1.27673006
vt 0.495971 1.71107507
vt 0.503826 1.671479
vt 0.521446 1.68562007
vt 0.635854 1.240883
vt 0.643973 1.292095
vt 0.546487 1.271695
vt 0.295037 1.043703
vt 0.230883 1.03684
vt 0.28967 1.082713
vt 0.437246 1.111362
vt 0.39745 1.104973
vt 0.717544 1.051704
vt 0.717544 1.051704
vt 0.66978 1.055475
vt 0.150439 1.686399
vt 0.150954 1.63126993
vt 0.28967 1.082713
vt 0.152417 1.107596
vt 0.182057 1.036744
vt 0.200159 1.638933
vt 0.198497 1.584725
vt 0.240376 1.589644
vt 0.763902 1.347311
vt 0.719214 1.314757
vt 0.168608 1.937895
vt 0.199514 1.91055608
vt 0.207219 1.926436
vt 0.234782 1.330682
vt 0.234723 1.332867
vt 0.117093 1.95419192
vt 0.124519 1.936405
vt 0.104966 1.935737
vt 0.679956 1.27126694
vt 0.455242 1.559149
vt 0.66978 1.055475
vt 0.717544 1.051704
vt 0.66978 1.055475
vt 0.547637 1.417756
vt 0.44716 1.3616
vt 0.345937 1.440329
vt 0.341225 1.297207
vt 0.42624 1.306385
vt 0.39414 1.24059
vt 0.122181 1.96824408
vt 0.14454 1.967057
vt 0.138897 1.956847
vt 0.344518 1.254566
vt 0.327399 1.273728
vt 0.487133 1.127772
vt 0.528668 1.119617
vt 0.665341 1.295387
vt 0.653146 1.344569
vt 0.14855 1.742277
vt 0.104966 1.73385692
vt 0.44716 1.3616
vt 0.455301 1.29831
vt 0.460735 1.328457
vt 0.192555 1.324856
vt 0.15126 1.580744
vt 0.104966 1.56845808
vt 0.282197 1.506518
vt 0.271147 1.542964
vt 0.241509 1.496342
vt 0.204773 1.435878
vt 0.259089 1.47656107
vt 0.282886 1.797159
vt 0.340353 1.438846
vt 0.350208 1.405177
vt 0.264627 1.42875
vt 0.520576 1.307693
vt 0.286524 1.295189
vt 0.306476 1.351609
vt 0.335444 1.299988
vt 0.19993 1.351594
vt 0.21333 1.354851
vt 0.235041 1.352198
vt 0.249108 1.360472
vt 0.230494 1.359568
vt 0.53823 1.232841
vt 0.516687 1.27756
vt 0.507827 1.249004
vt 0.254835 1.309141
vt 0.209029 1.295571
vt 0.233817 1.31944
vt 0.28532 1.365869
vt 0.262875 1.410061
vt 0.351107 1.369948
vt 0.460735 1.328457
vt 0.455301 1.29831
vt 0.471745 1.194715
vt 0.495784 1.229944
vt 0.472745 1.226212
vt 0.519219 1.208593
vt 0.723628 1.271649
vt 0.104966 1.53017
vt 0.149001 1.50162792
vt 0.14924 1.533857
vt 0.274777 1.21091
vt 0.315253 1.228796
vt 0.76654 1.30798793
vt 0.723628 1.271649
vt 0.769826 1.263101
vt 0.245788 1.646591
vt 0.199213 1.69228792
vt 0.249057 1.69847608
vt 0.15126 1.580744
vt 0.814775 1.306052
vt 0.219895 1.329394
vt 0.218311 1.320299
vt 0.205034 1.324125
vt 0.328579 1.082321
vt 0.348627 1.109035
vt 0.306555 1.112464
vt 0.245788 1.646591
vt 0.445204 1.215167
vt 0.719214 1.314757
vt 0.122694 1.11016
vt 0.421693 1.693454
vt 0.66978 1.055475
vt 0.481818 1.693471
vt 0.451754 1.70151591
vt 0.179882 1.85324907
vt 0.21501 1.826964
vt 0.190166 1.80006409
vt 0.511891 1.64141607
vt 0.41351 1.71450591
vt 0.378621 1.679605
vt 0.104966 1.1388
vt 0.42172 1.589329
vt 0.628305 1.153493
vt 0.621324 1.108855
vt 0.674721 1.101116
vt 0.714027 1.353632
vt 0.670731 1.362036
vt 0.247894 1.333468
vt 0.344518 1.254566
vt 0.327399 1.273728
vt 0.455242 1.559149
vt 0.176579 1.35440493
vt 0.167379 1.345027
vt 0.175008 1.343515
vt 0.145043 1.334549
vt 0.157401 1.309665
vt 0.14906 1.333142
vt 0.680751 1.144106
vt 0.762389 1.049295
vt 0.464553 1.08108
vt 0.42511 1.087896
vt 0.461316 1.170839
vt 0.193413 1.536793
vt 0.198497 1.584725
vt 0.333318 1.179135
vt 0.363487 1.137078
vt 0.375247 1.168674
vt 0.157401 1.309665
vt 0.183205 1.29724407
vt 0.189427 1.34588194
vt 0.292498 1.348328
vt 0.272588 1.344212
vt 0.268361 1.325642
vt 0.763902 1.347311
vt 0.241509 1.496342
vt 0.271147 1.542964
vt 0.282197 1.506518
vt 0.721293 1.094775
vt 0.680751 1.144106
vt 0.724862 1.135256
vt 0.719576 1.254763
vt 0.464553 1.08108
vt 0.205071 1.342101
vt 0.203916 1.344106
vt 0.193841 1.336182
vt 0.128379 1.338586
vt 0.130428 1.312942
vt 0.135143 1.337773
vt 0.81691 1.260635
vt 0.14855 1.742277
vt 0.198878 1.747565
vt 0.125862 1.271782
vt 0.120117 1.316412
vt 0.104966 1.278412
vt 0.56116 1.064517
vt 0.85963 1.367761
vt 0.810949 1.38038206
vt 0.298033 1.27706
vt 0.266693 1.272858
vt 0.274864 1.248425
vt 0.157401 1.309665
vt 0.166268 1.31387
vt 0.136195 1.86052608
vt 0.143291 1.799398
vt 0.171525 1.233085
vt 0.238275 1.388097
vt 0.130428 1.312942
vt 0.135143 1.337773
vt 0.14104 1.309185
vt 0.135719 1.97841191
vt 0.125825 1.98894
vt 0.14254 1.996933
vt 0.174946 1.288696
vt 0.193701 1.26676607
vt 0.169879 1.287807
vt 0.260419 1.29295993
vt 0.266693 1.272858
vt 0.231275 1.25213
vt 0.204773 1.435878
vt 0.211584 1.396656
vt 0.179759 1.409234
vt 0.516687 1.27756
vt 0.507827 1.249004
vt 0.136946 1.108729
vt 0.161938 1.129213
vt 0.615021 1.059936
vt 0.56116 1.064517
vt 0.615021 1.059936
vt 0.276605 1.231082
vt 0.143385 1.132989
vt 0.136946 1.108729
vt 0.161938 1.129213
vt 0.135542 1.21462
vt 0.104966 1.218714
vt 0.151927 1.30937
vt 0.126736 1.350698
vt 0.104966 1.340623
vt 0.151927 1.30937
vt 0.174946 1.288696
vt 0.384215 1.083733
vt 0.338744 1.047989
vt 0.337764 1.54391193
vt 0.333111 1.557469
vt 0.323689 1.566344
vt 0.193701 1.26676607
vt 0.169879 1.287807
vt 0.189609 1.26485
vt 0.216811 1.246191
vt 0.513711 1.068372
vt 0.464553 1.08108
vt 0.513711 1.068372
vt 0.307422 1.25335693
vt 0.14906 1.333142
vt 0.145043 1.334549
vt 0.145129 1.346882
vt 0.805897 1.087726
vt 0.597827 1.359472
vt 0.653146 1.344569
vt 0.643973 1.292095
vt 0.237406 1.536212
vt 0.259089 1.47656107
vt 0.235662 1.402933
vt 0.352593 1.333514
vt 0.356073 1.4053
vt 0.464553 1.08108
vt 0.478832 1.258549
vt 0.184415 1.33935
vt 0.14809 1.93414807
vt 0.493183 1.358285
vt 0.345937 1.440329
vt 0.340353 1.438846
vt 0.286618 1.654271
vt 0.273819 1.597132
vt 0.407569 1.57169008
vt 0.14924 1.533857
vt 0.21501 1.826964
vt 0.724862 1.135256
vt 0.233817 1.31944
vt 0.250919 1.32112193
vt 0.247894 1.333468
vt 0.250919 1.32112193
vt 0.66978 1.055475
vt 0.193413 1.536793
vt 0.326734 1.469168
vt 0.309979 1.500286
vt 0.347903 1.52382207
vt 0.190166 1.80006409
vt 0.258032 1.182672
vt 0.175008 1.343515
vt 0.193701 1.26676607
vt 0.185513 1.31806993
vt 0.192555 1.324856
vt 0.168608 1.937895
vt 0.279659 1.547821
vt 0.300432 1.522194
vt 0.308627 1.546294
vt 0.190977 1.361531
vt 0.179798 1.369958
vt 0.122181 1.96824408
vt 0.138897 1.956847
vt 0.598261 1.401832
vt 0.891836 1.371418
vt 0.861063 1.30597806
vt 0.861063 1.30597806
vt 0.167564 1.329263
vt 0.167379 1.345027
vt 0.279453 1.355159
vt 0.266035 1.359617
vt 0.471745 1.194715
vt 0.50355 1.167812
vt 0.135067 1.030747
vt 0.182057 1.036744
vt 0.135067 1.030747
vt 0.382095 1.597147
vt 0.445204 1.215167
vt 0.717544 1.051704
vt 0.495784 1.229944
vt 0.539954 1.16511
vt 0.547487 1.208196
vt 0.14809 1.93414807
vt 0.528668 1.119617
vt 0.200159 1.638933
vt 0.104966 1.953199
vt 0.117093 1.95419192
vt 0.375247 1.168674
vt 0.39745 1.104973
vt 0.129118 1.949041
vt 0.273691 1.349045
vt 0.276117 1.349786
vt 0.279453 1.355159
vt 0.266035 1.359617
vt 0.409638 1.127728
vt 0.421612 1.154801
vt 0.19107 1.30541706
vt 0.657181 1.449997
vt 0.863189 1.259751
vt 0.863189 1.259751
vt 0.722325 1.413416
vt 0.76419 1.402573
vt 0.762998 1.379892
vt 0.160021 1.330381
vt 0.295037 1.043703
vt 0.678791 1.322942
vt 0.220331 1.346375
vt 0.205071 1.342101
vt 0.21953 1.348671
vt 0.81691 1.260635
vt 0.699785 1.289504
vt 0.234312 1.79558992
vt 0.657848 1.395447
vt 0.712638 1.385589
vt 0.235041 1.352198
vt 0.810949 1.38038206
vt 0.449712 1.244445
vt 0.430051 1.24235606
vt 0.240376 1.589644
vt 0.273819 1.597132
vt 0.249108 1.360472
vt 0.230494 1.359568
vt 0.216811 1.246191
vt 0.235304 1.350077
vt 0.258032 1.182672
vt 0.17369 1.316262
vt 0.328579 1.082321
vt 0.286618 1.654271
vt 0.296973 1.70127892
vt 0.235304 1.350077
vt 0.251296 1.35304
vt 0.171525 1.233085
vt 0.298097 1.479135
vt 0.135719 1.97841191
vt 0.461316 1.170839
vt 0.298097 1.479135
vt 0.292182 1.489436
vt 0.762998 1.379892
vt 0.76419 1.402573
vt 0.19993 1.351594
vt 0.699785 1.289504
vt 0.260296 1.480622
vt 0.219737 1.465232
vt 0.104966 1.262158
vt 0.125862 1.271782
vt 0.129118 1.949041
vt 0.400253 1.058733
vt 0.722325 1.413416
vt 0.688471 1.422434
vt 0.657181 1.449997
vt 0.154363 1.982331
vt 0.207219 1.926436
vt 0.167933 1.955312
vt 0.384215 1.083733
vt 0.338744 1.047989
vt 0.80805 1.247236
vt 0.764037 1.168349
vt 0.761985 1.247608
vt 0.41351 1.71450591
vt 0.351107 1.369948
vt 0.352593 1.333514
vt 0.356073 1.4053
vt 0.237406 1.536212
vt 0.295037 1.043703
vt 0.263949 1.831388
vt 0.167564 1.329263
vt 0.182057 1.036744
vt 0.333318 1.179135
vt 0.245263 1.222505
vt 0.220323 1.182589
vt 0.806006 1.164496
vt 0.762389 1.049295
vt 0.546487 1.271695
vt 0.154334 1.37334
vt 0.170726 1.383471
vt 0.274864 1.248425
vt 0.248983 1.226673
vt 0.309979 1.500286
vt 0.347903 1.52382207
vt 0.632692 1.194762
vt 0.577006 1.20901394
vt 0.635854 1.240883
vt 0.271085 1.34566
vt 0.220074 1.332044
vt 0.234782 1.330682
vt 0.234723 1.332867
vt 0.219895 1.329394
vt 0.124733 1.358757
vt 0.116644 1.357144
vt 0.260498 1.33835
vt 0.259609 1.340052
vt 0.222171 1.46319294
vt 0.598261 1.401832
vt 0.609426 1.470922
vt 0.130633 1.256438
vt 0.203916 1.344106
vt 0.407569 1.57169008
vt 0.576942 1.162218
vt 0.174946 1.288696
vt 0.20246 1.28294706
vt 0.249057 1.69847608
vt 0.487133 1.127772
vt 0.8057 1.12627
vt 0.763678 1.130575
vt 0.472745 1.226212
vt 0.42122 1.537261
vt 0.400253 1.058733
vt 0.104966 1.35341
vt 0.382659 1.20141506
vt 0.342439 1.21858406
vt 0.21333 1.354851
vt 0.124519 1.936405
vt 0.230883 1.03684
vt 0.182057 1.036744
vt 0.157401 1.309665
vt 0.489946 1.322194
vt 0.335444 1.299988
vt 0.286524 1.295189
vt 0.56116 1.064517
vt 0.615021 1.059936
vt 0.271085 1.34566
vt 0.524919 1.603159
vt 0.188779 1.44636607
vt 0.192018 1.444509
vt 0.173133 1.425616
vt 0.263752 1.37336206
vt 0.262801 1.391686
vt 0.260419 1.29295993
vt 0.193701 1.26676607
vt 0.231275 1.25213
vt 0.173133 1.425616
vt 0.137288 1.235523
vt 0.120117 1.316412
vt 0.156038 1.253677
vt 0.351107 1.369948
vt 0.306476 1.351609
vt 0.346568 1.337273
vt 0.248199 1.74999094
vt 0.128379 1.338586
vt 0.323034 1.27673006
vt 0.346568 1.337273
vt 0.14104 1.309185
vt 0.218311 1.320299
vt 0.36931 1.644812
vt 0.382659 1.20141506
vt 0.433031 1.18598
vt 0.39414 1.24059
vt 0.29032 1.56736708
vt 0.280189 1.562041
vt 0.342439 1.21858406
vt 0.763867 1.090536
vt 0.717544 1.051704
vt 0.53823 1.232841
vt 0.519219 1.208593
vt 0.12511 1.371339
vt 0.268361 1.325642
vt 0.219737 1.465232
vt 0.485345 1.289243
vt 0.680256 1.182079
vt 0.679089 1.226727
vt 0.335444 1.299988
vt 0.341225 1.297207
vt 0.346568 1.337273
vt 0.145129 1.346882
vt 0.15728 1.404866
vt 0.238275 1.388097
vt 0.163401 1.362457
vt 0.665341 1.295387
vt 0.124361 1.136507
vt 0.234312 1.79558992
vt 0.263949 1.831388
vt 0.648348 1.39069
vt 0.211584 1.396656
vt 0.315253 1.228796
vt 0.274777 1.21091
vt 0.220323 1.182589
vt 0.245263 1.222505
vt 0.276605 1.231082
vt 0.513711 1.068372
vt 0.21953 1.348671
vt 0.53423 1.637955
vt 0.322739 1.46438193
vt 0.12511 1.371339
vt 0.259089 1.47656107
vt 0.350208 1.405177
vt 0.157785 2.005049
vt 0.295037 1.043703
vt 0.206514 1.3311
vt 0.205034 1.324125
vt 0.143441 1.394915
vt 0.161061 1.404642
vt 0.151654 1.373369
vt 0.350208 1.405177
vt 0.135335 1.362753
vt 0.134207 1.349082
vt 0.220331 1.346375
vt 0.615021 1.059936
vt 0.214042 1.24200606
vt 0.230883 1.03684
vt 0.338744 1.047989
vt 0.8057 1.12627
vt 0.722976 1.174142
vt 0.50355 1.167812
vt 0.478832 1.258549
vt 0.230883 1.03684
vt 0.243078 1.372714
vt 0.224328 1.371307
vt 0.42511 1.087896
vt 0.156038 1.253677
vt 0.448298 1.723844
vt 0.173133 1.425616
vt 0.161061 1.404642
vt 0.179759 1.409234
vt 0.56116 1.064517
vt 0.301887 1.75139308
vt 0.172975 1.974685
vt 0.615021 1.059936
vt 0.382095 1.597147
vt 0.400253 1.058733
vt 0.172975 1.974685
vt 0.298097 1.479135
vt 0.322739 1.46438193
vt 0.539954 1.16511
vt 0.248983 1.226673
vt 0.254835 1.309141
vt 0.277327 1.227688
vt 0.143441 1.394915
vt 0.648348 1.39069
vt 0.36931 1.644812
vt 0.247645 1.33544993
vt 0.137288 1.235523
vt 0.130633 1.256438
vt 0.762389 1.049295
vt 0.717544 1.051704
vt 0.206514 1.3311
vt 0.636034 1.426927
vt 0.307422 1.25335693
vt 0.276605 1.231082
vt 0.621324 1.108855
vt 0.838217 1.124918
vt 0.192018 1.444509
vt 0.161061 1.404642
vt 0.151654 1.373369
vt 0.148166 1.34668493
vt 0.135335 1.362753
vt 0.134207 1.349082
vt 0.719576 1.254763
vt 0.282886 1.797159
vt 0.28532 1.365869
vt 0.263752 1.37336206
vt 0.340353 1.438846
vt 0.350208 1.405177
vt 0.154334 1.37334
vt 0.192018 1.444509
vt 0.44849 1.142089
vt 0.222171 1.46319294
vt 0.206859 1.367302
vt 0.587787 1.25581193
vt 0.154334 1.37334
vt 0.163401 1.362457
vt 0.54378 1.33309293
vt 0.576942 1.162218
vt 0.628305 1.153493
vt 0.570749 1.115424
vt 0.351107 1.369948
vt 0.298033 1.27706
vt 0.323034 1.27673006
vt 0.192018 1.444509
vt 0.66978 1.055475
vt 0.615021 1.059936
vt 0.464553 1.08108
vt 0.85963 1.367761
vt 0.248983 1.226673
vt 0.19027 1.38994193
vt 0.170726 1.383471
vt 0.42122 1.537261
vt 0.216811 1.246191
vt 0.335444 1.299988
vt 0.346568 1.337273
vt 0.220074 1.332044
vt 0.558889 1.497411
vt 0.148166 1.34668493
vt 0.154334 1.37334
vt 0.248983 1.226673
vt 0.148166 1.34668493
vt 0.19027 1.38994193
vt 0.243078 1.372714
vt 0.224328 1.371307
vt 0.323034 1.27673006
vt 0.148166 1.34668493
vt 0.214564 1.310424
vt 0.20025 1.315338
vt 0.14906 1.333142
vt 0.279659 1.547821
vt 0.300432 1.522194
vt 0.285724 1.533761
vt 0.214564 1.310424
vt 0.209029 1.295571
vt 0.20025 1.315338
vt 0.276605 1.231082
vt 0.285724 1.533761
vt 0.14906 1.333142
vt 0.679956 1.27126694
vt 0.558889 1.497411
vt 0.513711 1.068372
vt 0.196423 1.331448
vt 0.196001 1.328553
vt 0.189491 1.332002
vt 0.186161 1.330999
vt 0.193841 1.336182
vt 0.195642 1.334096
vt 0.251251 1.350907
vt 0.206549 1.333413
vt 0.186161 1.330999
vt 0.189491 1.332002
vt 0.195642 1.334096
vt 0.308627 1.546294
vt 0.206549 1.333413
vt 0.206859 1.367302
vt 0.173133 1.425616
vt 0.196001 1.328553
vt 0.216813 1.385065
vt 0.196423 1.331448
vt 0.312484 1.56982493
vt 0.301151 1.56933
vt 0.336084 1.52996993
vt 0.330584 1.52070594
vt 0.29032 1.56736708
vt 0.314445 1.517349
vt 0.32196 1.51617408
vt 0.609426 1.470922
vt 0.301151 1.56933
vt 0.312484 1.56982493
vt 0.336084 1.52996993
vt 0.330584 1.52070594
vt 0.314445 1.517349
vt 0.636034 1.426927
vt 0.32196 1.51617408
vt 0.216813 1.385065
vt 0.197588 1.37754893
vt 0.161061 1.404642
vt 0.297518 1.567524
vt 0.524919 1.603159
vt 0.297518 1.567524
vt 0.280189 1.562041
vt 0.197588 1.37754893
vn 0.4849 -0.4094 0.7728
vn 0.1932 -0.4685 0.862
vn 0.3413 -0.2162 0.9147
vn -0.6191 -0.414 0.6672
vn -0.7323 0.0027 0.681
vn -0.4334 -0.1346 0.8911
vn -0.6182 0.4135 0.6684
vn -0.8132 0.4959 0.3045
vn -0.5282 0.7703 0.3571
vn 0.0187 -0.78 0.6255
vn -0.3421 -0.6829 0.6455
vn -0.1014 -0.4966 0.862
vn 0.6492 -0.4077 0.642
vn 0.3622 -0.6905 0.626
vn 0.3474 -0.3661 0.8633
vn 0.2191 0.6689 0.7103
vn 0.2372 0.7257 0.6458
vn 0.5114 0.4165 0.7516
vn 0.6478 0.4148 0.6389
vn 0.7619 -0.0027 0.6477
vn 0.4711 0.1348 0.8717
vn 0.8788 -0.2448 0.4096
vn 0.8168 -0.3711 0.4417
vn 0.7837 -0.3882 0.4848
vn 0.0078 0.7783 0.6278
vn 0.3699 0.6828 0.6301
vn 0.1377 0.4967 0.8569
vn -0.4074 -0.7886 0.4606
vn -0.6492 -0.4077 0.642
vn -0.3622 -0.6905 0.6261
vn -0.6205 0.4069 0.6704
vn -0.3356 0.6889 0.6424
vn -0.3104 0.3656 0.8775
vn -0.1825 0.9774 0.1062
vn 0 0.9968 -0.08
vn 0 0.9936 0.1129
vn 0.7289 0.4521 0.5141
vn 0.7323 0.0027 0.681
vn 0.6205 0.4069 0.6704
vn -0.0495 0.29 0.9557
vn 0.2095 0.2121 0.9545
vn -0.0186 -0.78 0.6255
vn -0.3474 -0.366 0.8633
vn 0.1014 -0.4966 0.862
vn -0.238 0.0775 0.9682
vn 0.4441 -0.132 -0.8862
vn 0.4675 -0.0152 -0.8838
vn 0.2641 -0.0306 -0.964
vn -0.1693 -0.2118 0.9625
vn 0.6191 -0.414 0.6672
vn 0.4334 -0.1346 0.8911
vn 0.0895 -0.2901 0.9528
vn -0.1377 0.4967 0.8569
vn -0.2095 0.2121 0.9545
vn -0.4711 0.1348 0.8717
vn 0.2785 -0.0775 0.9573
vn -0.3038 0.5715 -0.7623
vn -0.3574 0.2549 -0.8985
vn -0.2057 -0.7511 -0.6273
vn 0.0209 0.0001 0.9998
vn 0.1366 -0.8986 0.4168
vn 0.4027 -0.6413 0.6531
vn 0.1265 -0.2451 0.9612
vn 0.8132 0.4959 0.3045
vn 0.5133 -0.2171 0.8303
vn 0.6182 0.4135 0.6684
vn 0.6661 0.174 -0.7252
vn 0.7691 0.0275 -0.6386
vn 0.7549 0.1937 -0.6265
vn -0.9222 -0.2884 0.2575
vn -0.962 -0.0149 0.2726
vn -0.9349 -0.2686 0.2317
vn 0 0.5432 0.8396
vn 0.2116 0.561 0.8003
vn 0.1272 0.4296 0.894
vn -0.2084 -0.3423 0.9162
vn 0 -0.0835 0.9965
vn 0.0052 -0.0894 0.996
vn 0.8286 0.4487 0.3347
vn 0.535 0.7917 -0.295
vn 0.7641 0.5283 0.3701
vn -0.0036 0.8869 0.4619
vn 0.7385 0.4764 0.4772
vn 0.8726 -0.0132 0.4882
vn 0.1941 0.0445 -0.9799
vn 0.2243 0.6134 -0.7572
vn 0.1387 0.9572 -0.2542
vn -0.0058 -0.9641 -0.2655
vn 0 -0.9641 -0.2655
vn -0.1123 -0.5791 -0.8075
vn 0.4308 0.7738 0.4642
vn -0.6477 -0.0399 0.7608
vn -0.1272 0.4296 0.894
vn -0.5482 0.0431 0.8352
vn -0.8917 0.3928 0.2249
vn -0.7536 0.469 0.4605
vn -0.6822 0.6021 0.4148
vn 0.4687 0.4811 0.7409
vn 0.6375 -0.1251 0.7602
vn 0.7331 -0.02 0.6798
vn -0.1749 -0.5677 -0.8044
vn -0.209 -0.8036 -0.5572
vn -0.0975 -0.7727 -0.6272
vn 0.6454 0.3933 0.6548
vn 0.5039 0.2295 0.8327
vn 0.6678 0.2905 0.6852
vn -0.795 -0.3287 0.5097
vn -0.8526 -0.0003 0.5224
vn -0.6211 -0.0007 0.7837
vn -0.05 -0.9442 -0.3254
vn -0.181 0.3864 -0.9044
vn 0.0011 0.1815 -0.9834
vn 0.29 -0.9452 0.1496
vn 0.2395 -0.9305 0.2769
vn 0.1289 -0.9805 0.148
vn -0.9503 0.096 0.2961
vn -0.7529 0.277 0.597
vn -0.9462 0.0972 0.3086
vn -0.0208 0.0001 0.9998
vn -0.2785 -0.0775 0.9573
vn -0.0895 -0.2902 0.9528
vn -0.6326 -0.7045 0.3216
vn -0.7658 0.2336 0.5991
vn -0.6749 -0.0261 0.7374
vn -0.0004 0.0553 -0.9984
vn -0.5841 -0.3274 -0.7427
vn -0.0811 -0.9349 0.3454
vn -0.982 0.0407 -0.1843
vn -0.5232 -0.5542 -0.6473
vn -0.7153 -0.3812 -0.5857
vn 0.9849 0.1682 0.0414
vn 0.9596 0.0975 -0.2638
vn 0.998 -0.0434 0.0452
vn -0.9894 0.1392 0.0398
vn -0.9838 0.1664 0.0661
vn -0.9855 0.0222 -0.1679
vn -0.1059 -0.2617 0.9593
vn 0 0.7378 -0.675
vn 0.214 0.6959 -0.6854
vn 0.0975 0.9052 -0.4135
vn 0.1693 -0.2117 0.9625
vn 0.238 0.0775 0.9682
vn 0.0495 0.29 0.9557
vn 0.3104 0.3656 0.8775
vn -0.0717 -0.6961 0.7143
vn -0.7593 -0.2529 0.5995
vn -0.7071 -0.2706 0.6533
vn 0.4074 -0.7886 0.4606
vn 0.6918 0.0631 0.7193
vn 0.2521 0.5204 0.8158
vn 0.7225 -0.0251 0.6909
vn 0.5497 -0.7946 0.2576
vn 0.9413 -0.1715 -0.2907
vn 0.584 -0.3275 -0.7427
vn 0.024 -0.5857 -0.8101
vn 0.3551 -0.0896 -0.9305
vn 0.0223 -0.3317 -0.9431
vn -0.5041 0.8323 -0.2303
vn -0.5996 0.7973 -0.0692
vn -0.6031 0.7622 -0.2351
vn -0.2713 -0.8402 -0.4695
vn -0.7226 0.4837 -0.4939
vn -0.3119 0.8137 -0.4904
vn -0.0703 -0.1862 -0.98
vn -0.2469 -0.1778 -0.9526
vn -0.2479 0.5275 -0.8126
vn 0.6541 -0.5825 -0.4825
vn 0.5648 0.4048 -0.7191
vn 0.466 0.2704 -0.8424
vn -0.34 0.6599 -0.6699
vn -0.5648 0.4047 -0.7192
vn -0.466 0.2704 -0.8424
vn 0.1483 -0.705 0.6935
vn 0.0247 0.9927 0.1179
vn -0.1465 0.9809 0.1278
vn -0.0069 0.9348 0.3551
vn -0.7001 0.2281 -0.6766
vn -0.7695 0.3735 -0.518
vn -0.7522 0.379 -0.539
vn -0.2127 -0.8905 0.4021
vn -0.0302 -0.7604 0.6487
vn -0.1759 -0.9452 0.2749
vn -0.1608 0.9845 -0.0702
vn -0.3108 0.9489 -0.0552
vn -0.298 0.9264 -0.2302
vn -0.5579 0.5073 0.6568
vn -0.2521 0.5204 0.8158
vn -0.7224 -0.0251 0.6909
vn -0.208 0.358 0.9102
vn -0.4308 0.7738 0.4642
vn -0.6478 0.4148 0.6389
vn -0.7385 0.4764 0.4772
vn -0.8504 -0.2028 -0.4854
vn -0.8847 -0.1306 -0.4474
vn -0.9115 -0.136 -0.3881
vn 0.9732 0.1797 0.143
vn 0.9195 0.2433 0.3088
vn 0.6724 -0.697 0.249
vn -0.8393 -0.2667 -0.4736
vn -0.9513 -0.2783 -0.1324
vn -0.286 -0.5801 -0.7627
vn -0.3244 -0.3825 -0.8651
vn -0.3571 -0.355 -0.8639
vn 0.1608 0.9845 -0.0702
vn 0.1825 0.9774 0.1062
vn -0.6724 -0.697 0.249
vn -0.5497 -0.7946 0.2576
vn -0.9413 -0.1718 -0.2907
vn -0.328 0.9387 0.1056
vn -0.3435 0.894 0.2875
vn -0.4806 0.8373 0.2605
vn 0.4806 0.1205 -0.8686
vn 0.6861 -0.0155 -0.7273
vn -0.6251 -0.7307 -0.2744
vn -0.6541 -0.5824 -0.4826
vn -0.3409 -0.8957 0.2853
vn 0.1571 0.2994 0.9411
vn 0.0732 0.6857 0.7242
vn 0.2584 -0.4956 -0.8292
vn 0.2799 0.4218 -0.8624
vn 0 0.4096 -0.9122
vn -0.6705 -0.1838 -0.7188
vn -0.0222 -0.8886 0.4582
vn 0.315 -0.5374 -0.7823
vn 0.049 -0.6347 -0.7712
vn -0.0219 -0.9688 -0.2466
vn 0.9893 0.14 0.0407
vn 0.9626 0.1499 0.2257
vn 0.6844 -0.1682 0.7094
vn 0.7086 0.1042 0.6978
vn 0.962 -0.0149 0.2726
vn 0.9686 -0.1738 0.1775
vn 0.1172 -0.9896 -0.083
vn 0.1759 -0.9452 0.2749
vn 0.4261 -0.8921 -0.1499
vn 0.9225 -0.289 0.2558
vn 0.7335 -0.0011 0.6797
vn -0.8127 -0.5034 -0.2933
vn -0.325 -0.669 -0.6684
vn -0.7731 -0.129 -0.621
vn -0.9529 -0.0654 -0.2961
vn -0.1391 0.9573 -0.2533
vn 0 0.9618 -0.2738
vn -0.9626 0.1499 0.2257
vn -0.9622 -0.0386 0.2695
vn -0.9345 0.1222 0.3342
vn -0.2903 0.5743 0.7654
vn 0.1855 0.9334 0.3072
vn 0 0.9391 0.3437
vn -0.467 0.6227 0.6277
vn -0.5488 0.6906 0.4711
vn -0.41 0.5705 0.7116
vn -0.3416 0.4272 0.8371
vn -0.4913 0.4326 0.7559
vn -0.6109 0.695 -0.3792
vn 0.9462 0.0972 0.3086
vn 0.9503 0.0866 0.2991
vn 0.7529 0.277 0.597
vn -0.9596 0.0975 -0.2638
vn 0.7866 0.0186 0.6172
vn 0.848 -0.0844 0.5233
vn 0.8607 0.0647 0.5051
vn 0.0303 -0.8352 0.5491
vn -0.0035 -0.7709 0.637
vn -0.2411 -0.6741 0.6981
vn -0.3922 -0.6815 0.6178
vn -0.1887 -0.744 0.6409
vn -0.9008 -0.2031 -0.3836
vn -0.94 -0.0862 -0.3301
vn -0.9145 -0.2325 -0.3311
vn 0.5245 0.1823 0.8317
vn 0.3983 0.3289 0.8562
vn 0.2617 0.11 0.9588
vn 0.7272 -0.5035 0.4666
vn 0.8526 -0.0003 0.5224
vn 0.9162 -0.0089 0.4006
vn 0.9345 0.1222 0.3342
vn 0.9622 -0.0386 0.2695
vn -0.8768 -0.4808 0.0043
vn -0.8679 -0.4256 -0.2559
vn -0.8933 -0.4494 0.0043
vn -0.9269 -0.2466 -0.2828
vn 0.6258 -0.0915 -0.7746
vn 0 0.7849 0.6196
vn -0.2116 0.561 0.8003
vn 0.1945 0.7784 0.5968
vn 0.7947 -0.3804 0.4729
vn 0.86 -0.3744 0.3468
vn -0.4675 -0.0152 -0.8838
vn -0.6258 -0.0915 -0.7746
vn -0.4441 -0.132 -0.8862
vn 0.4932 0.8626 0.1122
vn 0.3108 0.9489 -0.0552
vn 0.4915 0.8691 -0.0556
vn -0.1855 0.9334 0.3072
vn -0.2641 -0.0306 -0.964
vn -0.0457 0.3299 0.9429
vn 0.0652 0.3081 0.9491
vn 0.1124 0.5091 0.8533
vn -0.6557 -0.7101 0.2564
vn -0.8168 -0.3711 0.4417
vn -0.7837 -0.3882 0.4848
vn -0.4932 0.8626 0.1122
vn -0.9195 -0.3815 0.0944
vn -0.6861 -0.0155 -0.7273
vn 0.081 -0.9349 0.3454
vn 0.3356 0.6889 0.6424
vn -0.2144 -0.6393 -0.7385
vn -0.3699 0.6828 0.6301
vn -0.0078 0.7783 0.6278
vn 0.34 0.66 -0.6699
vn 0.4479 0.7037 -0.5515
vn 0.2581 0.8805 -0.3976
vn -0.7619 -0.0027 0.6477
vn -0.3891 0.7863 0.4798
vn -0.7289 0.4521 0.5141
vn 0 -0.446 0.895
vn 0.3421 -0.6829 0.6455
vn -0.6626 -0.5804 -0.4733
vn -0.6607 -0.4798 -0.5772
vn -0.3144 -0.7092 -0.631
vn -0.6661 0.174 -0.7252
vn -0.7549 0.1937 -0.6265
vn 0.4068 0.3012 0.8624
vn -0.9225 -0.289 0.2558
vn -0.7335 -0.0011 0.6797
vn 0.0222 -0.8885 0.4582
vn -0.29 -0.9452 0.1496
vn -0.8949 -0.4009 0.1961
vn -0.8263 -0.3731 0.422
vn -0.9557 0.2831 -0.08
vn -0.8112 0.3827 -0.4421
vn -0.6912 0.1736 -0.7014
vn -0.4957 -0.5651 -0.6595
vn -0.1271 -0.3366 -0.933
vn 0.7025 -0.1051 -0.7038
vn 0.8226 0.3948 -0.4091
vn 0.8718 -0.2284 -0.4334
vn 0.3499 0.7336 0.5826
vn 0.3435 0.894 0.2875
vn -0.8477 -0.3049 0.434
vn -0.8889 -0.2362 0.3924
vn -0.9371 -0.182 0.2976
vn -0.7563 0.3677 0.541
vn -0.6454 0.3933 0.6548
vn -0.1483 -0.705 0.6935
vn -0.7331 -0.02 0.6798
vn -0.4687 0.4811 0.7409
vn -0.6776 0.1622 0.7173
vn -0.4806 0.1205 -0.8686
vn 0.41 0.5706 0.7116
vn 0.5488 0.6905 0.4711
vn 0.467 0.6228 0.6277
vn 0.1846 -0.1072 -0.9769
vn 0.4322 -0.4747 -0.7667
vn 0.3453 -0.4291 -0.8346
vn -0.4588 -0.1763 -0.8708
vn -0.1417 -0.8068 -0.5736
vn -0.1566 -0.9095 0.3851
vn 0.0548 -0.6412 0.7654
vn -0.2637 -0.607 0.7496
vn -0.2278 0.4455 0.8658
vn -0.5588 0.2393 0.794
vn -0.5129 0.3489 0.7843
vn 0.2409 -0.148 -0.9592
vn 0.1391 0.9573 -0.2533
vn 0.298 0.9264 -0.2302
vn -0.5376 0.1618 0.8275
vn -0.2746 0.3471 0.8967
vn 0 0.187 0.9824
vn -0.6975 -0.657 -0.2859
vn 0.1023 0.0595 -0.993
vn 0.3133 0.0701 -0.9471
vn -0.8273 -0.1498 0.5415
vn -0.6699 -0.1709 0.7225
vn -0.7178 -0.2043 0.6656
vn 0.7563 0.3677 0.541
vn 0.7536 0.4691 0.4604
vn -0.214 0.6959 -0.6854
vn -0.0975 0.9052 -0.4135
vn 0.6214 -0.0672 0.7806
vn -0.5729 -0.5171 0.6359
vn 0.5588 0.2393 0.794
vn 0.5128 0.349 0.7843
vn 0.6246 0.1962 0.7559
vn 0.0721 -0.9507 0.3015
vn 0 -0.9608 0.277
vn 0 -0.7486 0.663
vn 0.867 0.4953 -0.0541
vn 0.6867 0.6521 -0.3212
vn 0.8303 0.3267 0.4515
vn 0.6039 0.0429 0.7959
vn 0.6699 -0.1709 0.7225
vn 0.5439 -0.1597 0.8238
vn 0.3416 0.4272 0.8371
vn 0.5024 -0.1322 0.8544
vn 0.1936 0.3574 0.9136
vn 0.931 -0.1077 -0.3487
vn 0.8928 -0.2358 -0.3837
vn 0.2441 -0.9042 0.3504
vn 0.7593 -0.3219 0.5655
vn 0.6182 -0.6277 -0.4731
vn 0.7068 -0.6474 -0.285
vn 0.887 0.0729 -0.4559
vn 0.2919 0.7422 0.6032
vn -0.4849 -0.4094 0.7728
vn -0.2441 -0.9042 0.3504
vn -0.7593 -0.3219 0.5655
vn -0.3413 -0.2162 0.9147
vn 0 -0.2972 0.9548
vn 0.8822 0.374 0.286
vn -0.0052 -0.0894 0.996
vn 0 0.4733 0.8809
vn -0.8822 0.3741 0.2859
vn -0.867 0.4953 -0.0541
vn -0.8065 -0.5904 -0.029
vn -0.9705 0.2253 0.086
vn -0.0247 0.9927 0.1179
vn 0.0067 0.9347 0.3554
vn 0.1464 0.9809 0.1278
vn -0.6867 0.6521 -0.3212
vn -0.8303 0.3266 0.4515
vn -0.8286 0.4487 0.3347
vn -0.535 0.7917 -0.295
vn -0.0315 -0.9871 -0.1571
vn 0.0534 -0.7203 -0.6916
vn 0.311 -0.7069 -0.6352
vn -0.8117 -0.1983 0.5494
vn 0.6912 0.1736 -0.7014
vn 0.9557 0.2831 -0.0801
vn 0.9506 -0.1953 0.2412
vn 0.7685 -0.4624 -0.4423
vn 0.9812 -0.046 -0.1872
vn 0.9359 -0.0542 -0.3482
vn 0.8756 -0.1373 -0.463
vn -0.5012 0.6763 0.5398
vn 0.4913 0.4326 0.7559
vn 0.6211 -0.0008 0.7837
vn 0.6447 0.1608 0.7473
vn 0.6937 -0.0344 0.7194
vn 0.5172 -0.813 -0.2672
vn 0.9829 -0.173 0.0626
vn -0.5133 -0.2171 0.8303
vn 0.5974 0.0232 -0.8016
vn 0.9838 0.1664 0.0661
vn -0.6844 -0.1682 0.7094
vn 0.0093 -0.4374 0.8992
vn -0.5796 0.8108 0.081
vn -0.5206 0.8318 0.1924
vn 0.4098 -0.7735 0.4834
vn -0.1945 0.7784 0.5968
vn -0.4479 0.7037 -0.5515
vn -0.3115 -0.5725 -0.7584
vn -0.2617 0.11 0.9588
vn -0.4813 0.1098 0.8696
vn -0.4068 0.3012 0.8624
vn 0.4813 0.1098 0.8696
vn 0.4941 0.0199 -0.8691
vn -0.3499 0.7336 0.5826
vn 0.7593 -0.2529 0.5995
vn 0.8936 0.3135 0.3213
vn 0.9196 0.273 0.2824
vn -0.2581 0.8805 -0.3976
vn 0.829 -0.3345 0.4482
vn 0.8263 -0.373 0.422
vn 0.5385 0.0717 0.8395
vn 0.5282 0.7703 0.3572
vn 0.2902 0.5743 0.7654
vn 0.6251 -0.7307 -0.2744
vn 0.0292 -0.9922 0.1213
vn -0.214 -0.9655 0.1485
vn 0.0088 0.0011 0.9999
vn -0.129 -0.9805 0.1479
vn -0.2395 -0.9305 0.277
vn -0.1171 -0.9896 -0.083
vn -0.4261 -0.8921 -0.15
vn -0.9868 0.0638 -0.1488
vn 0 0.0398 -0.9992
vn -0.0772 -0.0522 -0.9956
vn 0.0772 -0.0522 -0.9956
vn 0.8313 0.5017 0.239
vn 0.8949 -0.4009 0.1961
vn 0.6083 -0.5121 0.6064
vn 0.5044 -0.6384 0.5813
vn 0.7607 -0.599 -0.2501
vn 0.7763 -0.4533 -0.438
vn 0.1806 0.3864 -0.9044
vn 0.2426 0.526 -0.8151
vn 0.0485 -0.9437 -0.3271
vn -0.7166 -0.4751 0.5105
vn 0.9103 -0.4133 -0.0205
vn -0.0157 -0.9644 -0.2639
vn 0.8392 -0.4714 -0.271
vn 0.4952 -0.6114 -0.6172
vn 0.5832 -0.5405 -0.6064
vn -0.5974 0.0232 -0.8016
vn 0.6179 -0.3713 -0.693
vn 0.328 0.9387 0.1056
vn 0 -0.5277 -0.8494
vn -0.2584 -0.4956 -0.8292
vn 0.9385 -0.1702 0.3002
vn 0.9484 -0.2844 -0.1398
vn -0.5402 -0.3577 -0.7617
vn -0.1264 -0.2451 0.9612
vn -0.6375 -0.1251 0.7602
vn -0.6083 -0.5121 0.6064
vn -0.5044 -0.6384 0.5813
vn -0.9708 -0.1576 -0.1809
vn -0.9827 -0.1043 -0.1532
vn 0.5579 0.5073 0.6568
vn -0.7745 0.4868 -0.4039
vn -0.0715 -0.1439 -0.987
vn 0.0715 -0.1439 -0.987
vn -0.7652 0.1311 -0.6302
vn -0.6348 -0.1643 -0.755
vn -0.5506 0.0121 -0.8347
vn 0.8917 0.3927 0.2249
vn 0.3461 0.2609 -0.9012
vn -0.7691 0.0275 -0.6386
vn 0.0173 -0.9455 0.3251
vn 0.1441 -0.9109 0.3867
vn 0.0109 -0.63 0.7765
vn -0.2409 -0.148 -0.9592
vn -0.5307 0.2022 -0.8231
vn -0.4989 0.777 -0.3839
vn 0.7522 0.379 -0.539
vn 0.7001 0.2281 -0.6766
vn 0.2411 -0.6742 0.6981
vn -0.3133 0.0701 -0.9471
vn 0.9222 -0.2884 0.2575
vn 0.9349 -0.2686 0.2318
vn 0.4806 0.8373 0.2605
vn 0.5207 0.8318 0.1925
vn 0.3922 -0.6815 0.6178
vn 0.1888 -0.744 0.6409
vn 0.5173 -0.1617 0.8403
vn 0.0559 -0.942 0.3309
vn -0.829 -0.3345 0.4482
vn 0.6822 0.6022 0.4147
vn 0.6557 -0.7101 0.2564
vn 0.5796 0.8108 0.081
vn 0.5996 0.7973 -0.0692
vn -0.0558 -0.942 0.3309
vn -0.4027 -0.6413 0.6531
vn -0.6214 -0.0672 0.7806
vn -0.8706 0.194 0.4521
vn -0.072 -0.9507 0.3015
vn -0.9369 -0.3299 -0.1158
vn 0.7071 -0.2706 0.6533
vn 0.7658 0.2336 0.5991
vn 0.5506 0.012 -0.8347
vn 0.6348 -0.1644 -0.7549
vn -0.0304 -0.8352 0.549
vn 0.5307 0.2022 -0.8231
vn 0.6749 -0.0261 0.7374
vn 0.7105 -0.1456 0.6884
vn 0 -0.1768 0.9842
vn 0.5376 0.1618 0.8275
vn 0.5402 -0.3577 -0.7617
vn -0.773 0.5954 -0.2188
vn 0.7652 0.1311 -0.6302
vn 0.7695 0.3735 -0.518
vn 0.7745 0.4868 -0.4039
vn 0.0302 -0.7605 0.6486
vn 0.3409 -0.8957 0.2854
vn 0.2127 -0.8905 0.4021
vn 0.8065 -0.5904 -0.029
vn 0.9705 0.2253 0.086
vn 0.0743 -0.1988 -0.9772
vn 0.1825 -0.5577 -0.8097
vn 0.2447 -0.1912 -0.9506
vn 0.3891 0.7863 0.4798
vn 0.5093 0.0027 0.8606
vn -0.6445 0.1608 0.7474
vn -0.6937 -0.0344 0.7194
vn 0.5012 0.6763 0.5398
vn -0.3578 0.2604 -0.8968
vn -0.5944 0.6052 -0.5296
vn -0.8313 0.5018 0.239
vn 0.1155 -0.9333 -0.3401
vn 0.8477 -0.3049 0.434
vn 0.7346 0.331 0.5922
vn 0.8217 -0.256 0.5091
vn 0.1797 -0.4631 -0.8679
vn 0.1339 -0.5882 -0.7975
vn 0.8898 -0.2298 -0.3943
vn 0.2835 -0.6391 0.7149
vn 0.1931 -0.3298 0.9241
vn 0.7178 -0.2043 0.6656
vn 0.606 -0.1628 0.7786
vn -0.8936 0.3135 0.3213
vn -0.9196 0.273 0.2824
vn 0.7773 -0.4989 -0.3833
vn 0.4953 -0.5948 -0.6331
vn 0.771 -0.4326 -0.4673
vn -0.0907 0.7429 0.6632
vn -0.0119 0.7175 0.6964
vn -0.1571 0.2994 0.9411
vn -0.0732 0.6857 0.7242
vn 0.0457 0.3296 0.943
vn 0.1059 -0.2616 0.9593
vn 0.2084 -0.3424 0.9161
vn -0.5115 0.4164 0.7516
vn -0.2374 0.7255 0.6459
vn 0.6638 -0.7378 0.1223
vn 0.9858 0.0958 -0.1376
vn 0.9691 0.2405 -0.0538
vn 0.5695 -0.1074 0.8149
vn -0.0567 -0.6446 0.7624
vn -0.4098 -0.7735 0.4834
vn -0.7321 -0.535 -0.4216
vn -0.6678 0.2905 0.6852
vn -0.5039 0.2295 0.8327
vn -0.4915 0.8691 -0.0557
vn 0.6703 -0.3283 -0.6655
vn 0.5994 -0.5188 -0.6095
vn 0.0873 -0.61 -0.7875
vn 0.8238 -0.5629 -0.0665
vn -0.9565 0.2167 0.1955
vn 0.1994 -0.7504 -0.6301
vn 0 -0.4028 0.9153
vn 0.9611 -0.1713 0.2165
vn 0.888 -0.2929 0.3544
vn 0.0035 -0.7709 0.6369
vn -0.2799 0.4218 -0.8624
vn -0.3372 0.2103 -0.9176
vn -0.1181 -0.9342 -0.3366
vn 0.8113 0.3828 -0.4418
vn -0.9849 0.1682 0.0414
vn -0.8606 0.0647 0.5051
vn -0.7866 0.0186 0.6172
vn 0.0378 -0.9715 -0.2341
vn 0.0287 -0.9678 -0.2499
vn 0.0907 0.7429 0.6632
vn 0.7507 -0.4536 0.4803
vn 0.6477 -0.0399 0.7608
vn 0.7774 -0.5835 0.2347
vn 0.7638 -0.6288 -0.1455
vn 0.5666 -0.6328 0.5277
vn 0.795 -0.3287 0.5098
vn -0.6039 0.0429 0.7959
vn -0.5385 0.0717 0.8395
vn -0.5439 -0.1597 0.8238
vn -0.7638 -0.6288 -0.1455
vn 0.4682 -0.2755 0.8396
vn 0.2746 0.3471 0.8967
vn -0.7844 0.1118 0.61
vn -0.9162 -0.009 0.4006
vn -0.848 -0.0844 0.5233
vn -0.8642 0.0866 0.4956
vn 0.5041 0.8323 -0.2303
vn 0.2277 0.4455 0.8658
vn 0.208 0.358 0.9102
vn 0.8642 0.0866 0.4956
vn -0.6246 0.1962 0.7559
vn -0.0651 0.3081 0.9491
vn -0.8495 0.0131 0.5275
vn -0.9622 -0.1637 0.2177
vn -0.9847 -0.1361 -0.1084
vn -0.9686 -0.1762 0.1753
vn 0.1697 -0.9766 0.132
vn -0.0363 -0.9564 0.2899
vn -0.888 -0.2929 0.3544
vn 0.6807 -0.1386 -0.7193
vn 0.0464 -0.0848 -0.9953
vn 0.6738 -0.457 -0.5807
vn 0.6615 -0.5919 -0.4604
vn 0.1073 -0.0737 0.9915
vn 0.6776 0.1623 0.7173
vn -0.7105 -0.1456 0.6884
vn -0.998 -0.0434 0.0452
vn 0.7284 -0.5072 -0.4605
vn 0.6656 -0.3128 -0.6776
vn -0.0882 0.357 0.9299
vn -0.7086 0.1042 0.6979
vn -0.0003 0.2032 0.9791
vn -0.9506 -0.1953 0.2412
vn 0.5482 0.0431 0.8352
vn 0.5729 -0.5171 0.6359
vn 0.3442 -0.9174 0.1996
vn 0.7731 -0.129 -0.621
vn -0.1932 -0.4685 0.862
vn 0.4989 0.7769 -0.3839
vn 0.5944 0.6052 -0.5296
vn 0.9622 0.0162 -0.2719
vn -0.5024 -0.1322 0.8544
vn -0.86 -0.3744 0.3468
vn -0.7947 -0.3804 0.4729
vn -0.8217 -0.256 0.5091
vn -0.7346 0.3311 0.5922
vn 0.7078 -0.1861 0.6814
vn -0.5376 -0.8409 0.0616
vn -0.0108 -0.63 0.7765
vn -0.8726 -0.0132 0.4882
vn 0.0716 -0.6961 0.7143
vn -0.1073 -0.0738 0.9915
vn 0.6325 -0.7046 0.3215
vn -0.0803 -0.1472 0.9858
vn 0 -0.567 0.8237
vn -0.9732 0.1797 0.143
vn 0.0336 0.5312 0.8466
vn -0.1124 0.5091 0.8533
vn -0.0169 0.204 0.9788
vn -0.8981 -0.3053 0.3164
vn -0.4942 -0.3205 0.8081
vn -0.9503 0.0866 0.2991
vn 0.2508 -0.2289 0.9406
vn -0.1162 -0.0831 0.9897
vn -0.0173 -0.9455 0.3251
vn -0.0313 -0.9735 -0.2266
vn -0.7641 0.5283 0.3701
vn 0.3274 0.2121 -0.9207
vn 0.3458 0.2558 -0.9027
vn -0.0624 -0.5721 -0.8178
vn 0.3272 -0.5482 -0.7697
vn -0.9409 -0.3067 -0.1432
vn -0.9829 -0.173 0.0626
vn -0.9194 0.2436 0.3088
vn -0.3737 -0.7812 0.5001
vn -0.2134 -0.8757 0.433
vn -0.1434 0.0284 -0.9892
vn 0.7844 0.1118 0.61
vn 0.0036 0.8869 0.4619
vn -0.2124 0.3922 0.895
vn -0.1635 0.2348 0.9582
vn -0.1936 0.3574 0.9136
vn -0.0342 -0.9714 -0.2347
vn 0.603 0.7622 -0.2352
vn 0.0376 -0.588 0.808
vn -0.7347 0.0063 -0.6783
vn 0.7166 -0.4751 0.5105
vn 0.773 0.5954 -0.2188
vn -0.0376 -0.5879 0.808
vn 0.8706 0.194 0.4521
vn 0.9503 0.096 0.2961
vn -0.8655 -0.3554 -0.3529
vn -0.606 -0.1628 0.7786
vn -0.5245 0.1823 0.8317
vn -0.6918 0.0631 0.7194
vn 0.0169 0.204 0.9788
vn -0.9675 -0.0068 -0.2527
vn 0.8495 0.0131 0.5275
vn -0.2191 0.6689 0.7103
vn -0.4682 -0.2755 0.8396
vn -0.5695 -0.1074 0.8149
vn 0.0048 -0.9643 -0.2647
vn 0.0159 -0.9649 -0.2621
vn -0.0336 0.5311 0.8466
vn 0.9737 0.1479 -0.1734
vn 0.8117 -0.1983 0.5494
vn -0.2919 0.7422 0.6032
vn 0.8686 0.0303 -0.4945
vn 0.2193 -0.5605 -0.7985
vn -0.2885 0.4267 0.8571
vn 0.8981 -0.3053 0.3164
vn 0.4942 -0.3205 0.8081
vn -0.9595 -0.1335 -0.2478
vn -0.2507 -0.2289 0.9406
vn 0.1163 -0.083 0.9897
vn 0.4532 -0.1807 -0.8729
vn 0.6109 0.695 -0.3792
vn -0.7272 -0.5035 0.4666
vn -0.5666 -0.6328 0.5277
vn -0.0093 -0.4374 0.8992
vn 0.0803 -0.1472 0.9858
vn -0.8074 -0.5802 0.1066
vn -0.7774 -0.5835 0.2347
vn -0.9632 -0.2138 -0.163
vn -0.6638 -0.7378 0.1223
vn -0.1436 -0.9534 0.2654
vn 0.8984 -0.3523 -0.262
vn -0.2836 -0.6391 0.7149
vn -0.3442 -0.9174 0.1996
vn 0.9903 0.0226 -0.1372
vn 0.6115 -0.5119 -0.6033
vn 0.6092 -0.4799 -0.6313
vn 0.9615 -0.096 -0.2575
vn -0.5093 0.0027 0.8606
vn 0.8273 -0.1498 0.5415
vn 0.8451 -0.0569 0.5315
vn 0.2885 0.4267 0.8571
vn -0.0215 -0.9651 -0.261
vn -0.5115 -0.5498 -0.6604
vn 0.0039 -0.8522 -0.5231
vn -0.1023 0.0595 -0.993
vn -0.3814 0.9096 0.1646
vn -0.3691 -0.2665 0.8903
vn -0.1932 -0.3298 0.924
vn 0.9565 0.2167 0.1955
vn -0.5173 -0.1617 0.8403
vn 0.0882 0.357 0.9299
vn 0.0007 0.2032 0.9791
vn 0.0119 0.7171 0.6968
vn -0.9619 0.2603 0.0835
vn 0.9595 -0.1335 -0.2478
vn 0.8074 -0.5803 0.1066
vn 0.3814 0.9096 0.1646
vn 0.8424 -0.5124 0.1668
vn 0.3691 -0.2666 0.8903
vn 0.3737 -0.7812 0.5001
vn 0.2134 -0.8757 0.433
vn -0.8451 -0.0569 0.5315
vn -0.8424 -0.5124 0.1668
vn 0.2497 0.4823 0.8396
vn 0.3843 0.6986 0.6036
vn 0.9262 0.265 0.2682
vn -0.0292 -0.9922 0.1213
vn 0.214 -0.9655 0.1485
vn 0.0156 -0.9685 0.2485
vn -0.2497 0.4823 0.8396
vn -0.3983 0.3289 0.8562
vn -0.3843 0.6985 0.6036
vn -0.7078 -0.1861 0.6814
vn -0.0156 -0.9685 0.2485
vn -0.9262 0.265 0.2682
vn 0.674 -0.1736 -0.718
vn 0.9619 0.2603 0.0835
vn 0.0349 -0.987 -0.1569
vn 0.2661 0.828 0.4935
vn 0.1472 0.6155 0.7743
vn -0.9297 0.0941 0.3562
vn -0.4998 0.3689 0.7836
vn 0.2679 -0.6056 0.7493
vn -0.4321 -0.8162 0.3835
vn -0.1366 -0.8987 0.4168
vn -0.0678 0.8562 0.5121
vn 0.4997 0.3689 0.7837
vn 0.9297 0.094 0.3561
vn 0.4348 -0.8102 0.3929
vn -0.0088 0.0011 0.9999
vn 0.0678 0.8562 0.5122
vn 0.1436 -0.9533 0.2655
vn 0.2124 0.3922 0.895
vn -0.1471 0.6154 0.7743
vn -0.4062 -0.6969 0.591
vn -0.2661 0.828 0.4935
vn 0.3718 0.9162 0.1496
vn 0.5683 0.7964 0.2069
vn -0.1859 0.9743 0.1268
vn -0.3508 0.9215 0.1665
vn -0.1697 -0.9766 0.132
vn -0.5325 -0.8194 0.2121
vn -0.9175 0.1328 0.3749
vn -0.9691 0.2405 -0.0538
vn -0.5682 0.7964 0.2069
vn -0.3718 0.9162 0.1496
vn 0.186 0.9743 0.1268
vn 0.3508 0.9215 0.1665
vn 0.5325 -0.8194 0.2121
vn -0.9737 0.1479 -0.1734
vn 0.9175 0.1328 0.3749
vn 0.4062 -0.6969 0.591
vn 0.284 -0.8554 0.4332
vn 0.1635 0.2348 0.9582
vn 0.8899 -0.2624 0.3731
vn -0.7507 -0.4536 0.4803
vn -0.8899 -0.2624 0.3731
vn 0.0363 -0.9564 0.2899
vn -0.284 -0.8553 0.4332
usemtl DPC2002101_part_0_material_0
f 1/1/1 3/3/3 2/2/2
f 4/4/4 6/6/6 5/5/5
f 7/7/7 9/9/9 8/8/8
f 10/10/10 12/12/12 11/11/11
f 13/13/13 15/15/15 14/14/14
f 16/16/16 18/18/18 17/17/17
f 19/19/19 21/21/21 20/20/20
f 22/22/22 24/24/24 23/23/23
f 25/25/25 27/27/27 26/26/26
f 28/28/28 30/30/30 29/29/29
f 31/31/31 33/33/33 32/32/32
f 34/34/34 36/36/36 35/35/35
f 37/37/37 39/39/39 38/38/38
f 40/40/40 41/41/41 27/27/27
f 42/42/42 44/44/44 43/43/43
f 45/45/45 40/40/40 33/33/33
f 46/46/46 48/48/48 47/47/47
f 49/49/49 45/45/45 6/6/6
f 50/50/50 51/51/51 44/44/44
f 52/52/52 49/49/49 12/12/12
f 53/53/53 55/55/55 54/54/54
f 56/56/56 52/52/52 15/15/15
f 57/57/57 59/59/59 58/58/58
f 41/41/41 56/56/56 21/21/21
f 40/40/40 60/60/60 41/41/41
f 45/45/45 60/60/60 40/40/40
f 49/49/49 60/60/60 45/45/45
f 52/52/52 60/60/60 49/49/49
f 56/56/56 60/60/60 52/52/52
f 41/41/41 60/60/60 56/56/56
f 61/61/61 63/63/63 62/62/62
f 5/5/5 33/33/33 31/31/31
f 64/64/64 66/66/66 65/65/65
f 67/67/67 69/69/69 68/68/68
f 70/70/70 72/72/72 71/71/71
f 73/73/73 75/75/75 74/74/74
f 76/76/76 78/78/78 77/77/77
f 79/79/79 81/81/81 80/80/80
f 82/82/82 25/25/25 26/26/26
f 20/20/20 84/84/84 83/83/83
f 85/85/85 87/87/87 86/86/86
f 88/88/88 90/90/90 89/89/89
f 19/19/19 91/91/91 26/26/26
f 19/19/19 83/83/83 91/91/91
f 92/92/92 94/94/94 93/93/93
f 95/95/95 97/97/97 96/96/96
f 98/98/98 100/100/100 99/99/99
f 101/101/101 103/103/103 102/102/102
f 104/104/104 106/106/106 105/105/105
f 107/107/107 109/109/109 108/108/108
f 110/110/110 112/112/112 111/111/111
f 113/113/113 115/115/115 114/114/114
f 20/20/20 15/15/15 13/13/13
f 116/116/116 118/118/118 117/117/117
f 119/119/119 54/54/54 120/120/120
f 119/119/119 120/120/120 121/121/121
f 122/122/122 124/124/124 123/123/123
f 125/125/125 127/127/127 126/126/126
f 128/128/128 130/130/130 129/129/129
f 131/131/131 133/133/133 132/132/132
f 134/134/134 136/136/136 135/135/135
f 137/137/137 78/78/78 76/76/76
f 138/138/138 140/140/140 139/139/139
f 119/119/119 121/121/121 141/141/141
f 119/119/119 141/141/141 142/142/142
f 119/119/119 142/142/142 143/143/143
f 119/119/119 143/143/143 54/54/54
f 120/120/120 54/54/54 55/55/55
f 144/144/144 53/53/53 143/143/143
f 145/145/145 147/147/147 146/146/146
f 121/121/121 120/120/120 43/43/43
f 20/20/20 21/21/21 15/15/15
f 141/141/141 121/121/121 44/44/44
f 29/29/29 43/43/43 55/55/55
f 142/142/142 141/141/141 51/51/51
f 21/21/21 26/26/26 27/27/27
f 143/143/143 142/142/142 144/144/144
f 51/51/51 144/144/144 142/142/142
f 13/13/13 14/14/14 148/148/148
f 149/149/149 151/151/151 150/150/150
f 152/152/152 154/154/154 153/153/153
f 155/155/155 157/157/157 156/156/156
f 158/158/158 160/160/160 159/159/159
f 161/161/161 163/163/163 162/162/162
f 101/101/101 165/165/165 164/164/164
f 166/166/166 110/110/110 111/111/111
f 167/167/167 169/169/169 168/168/168
f 170/170/170 172/172/172 171/171/171
f 113/113/113 173/173/173 115/115/115
f 174/174/174 176/176/176 175/175/175
f 177/177/177 179/179/179 178/178/178
f 180/180/180 182/182/182 181/181/181
f 183/183/183 185/185/185 184/184/184
f 96/96/96 97/97/97 186/186/186
f 187/187/187 189/189/189 188/188/188
f 190/190/190 192/192/192 191/191/191
f 193/193/193 195/195/195 194/194/194
f 196/196/196 198/198/198 197/197/197
f 162/162/162 200/200/200 199/199/199
f 201/201/201 203/203/203 202/202/202
f 35/35/35 205/205/205 204/204/204
f 206/206/206 208/208/208 207/207/207
f 209/209/209 211/211/211 210/210/210
f 212/212/212 213/213/213 47/47/47
f 214/214/214 216/216/216 215/215/215
f 217/217/217 16/16/16 218/218/218
f 219/219/219 221/221/221 220/220/220
f 193/193/193 194/194/194 222/222/222
f 99/99/99 62/62/62 63/63/63
f 30/30/30 28/28/28 223/223/223
f 224/224/224 226/226/226 225/225/225
f 227/227/227 229/229/229 228/228/228
f 230/230/230 232/232/232 231/231/231
f 233/233/233 235/235/235 234/234/234
f 236/236/236 237/237/237 151/151/151
f 20/20/20 83/83/83 19/19/19
f 238/238/238 239/239/239 161/161/161
f 240/240/240 194/194/194 241/241/241
f 35/35/35 243/243/243 242/242/242
f 90/90/90 201/201/201 202/202/202
f 244/244/244 246/246/246 245/245/245
f 7/7/7 247/247/247 9/9/9
f 36/36/36 249/249/249 248/248/248
f 250/250/250 252/252/252 251/251/251
f 253/253/253 254/254/254 109/109/109
f 255/255/255 160/160/160 158/158/158
f 256/256/256 258/258/258 257/257/257
f 259/259/259 136/136/136 195/195/195
f 54/54/54 143/143/143 53/53/53
f 260/260/260 262/262/262 261/261/261
f 263/263/263 264/264/264 115/115/115
f 265/265/265 267/267/267 266/266/266
f 268/268/268 270/270/270 269/269/269
f 271/271/271 273/273/273 272/272/272
f 274/274/274 276/276/276 275/275/275
f 216/216/216 214/214/214 180/180/180
f 277/277/277 278/278/278 133/133/133
f 38/38/38 144/144/144 51/51/51
f 279/279/279 281/281/281 280/280/280
f 282/282/282 279/279/279 280/280/280
f 47/47/47 213/213/213 283/283/283
f 284/284/284 285/285/285 73/73/73
f 286/286/286 248/248/248 249/249/249
f 287/287/287 288/288/288 149/149/149
f 289/289/289 291/291/291 290/290/290
f 292/292/292 294/294/294 293/293/293
f 36/36/36 34/34/34 295/295/295
f 291/291/291 289/289/289 296/296/296
f 297/297/297 299/299/299 298/298/298
f 300/300/300 302/302/302 301/301/301
f 209/209/209 303/303/303 211/211/211
f 279/279/279 304/304/304 281/281/281
f 289/289/289 290/290/290 305/305/305
f 306/306/306 1/1/1 2/2/2
f 144/144/144 39/39/39 307/307/307
f 201/201/201 308/308/308 203/203/203
f 53/53/53 310/310/310 309/309/309
f 311/311/311 313/313/313 312/312/312
f 55/55/55 191/191/191 314/314/314
f 315/315/315 316/316/316 31/31/31
f 43/43/43 29/29/29 30/30/30
f 306/306/306 317/317/317 127/127/127
f 44/44/44 42/42/42 318/318/318
f 319/319/319 321/321/321 320/320/320
f 51/51/51 50/50/50 38/38/38
f 322/322/322 323/323/323 177/177/177
f 324/324/324 16/16/16 217/217/217
f 188/188/188 326/326/326 325/325/325
f 14/14/14 10/10/10 327/327/327
f 276/276/276 257/257/257 275/275/275
f 223/223/223 318/318/318 42/42/42
f 328/328/328 330/330/330 329/329/329
f 331/331/331 333/333/333 332/332/332
f 321/321/321 334/334/334 102/102/102
f 155/155/155 90/90/90 335/335/335
f 319/319/319 334/334/334 321/321/321
f 336/336/336 338/338/338 337/337/337
f 339/339/339 340/340/340 248/248/248
f 341/341/341 343/343/343 342/342/342
f 96/96/96 345/345/345 344/344/344
f 328/328/328 346/346/346 330/330/330
f 347/347/347 349/349/349 348/348/348
f 305/305/305 350/350/350 289/289/289
f 351/351/351 353/353/353 352/352/352
f 354/354/354 356/356/356 355/355/355
f 334/334/334 222/222/222 357/357/357
f 161/161/161 130/130/130 358/358/358
f 218/218/218 297/297/297 217/217/217
f 359/359/359 361/361/361 360/360/360
f 18/18/18 16/16/16 324/324/324
f 362/362/362 364/364/364 363/363/363
f 46/46/46 365/365/365 48/48/48
f 366/366/366 367/367/367 313/313/313
f 368/368/368 370/370/370 369/369/369
f 371/371/371 130/130/130 128/128/128
f 372/372/372 373/373/373 48/48/48
f 374/374/374 376/376/376 375/375/375
f 104/104/104 378/378/378 377/377/377
f 202/202/202 102/102/102 103/103/103
f 14/14/14 15/15/15 10/10/10
f 379/379/379 170/170/170 380/380/380
f 1/1/1 381/381/381 3/3/3
f 313/313/313 311/311/311 140/140/140
f 107/107/107 382/382/382 109/109/109
f 383/383/383 385/385/385 384/384/384
f 386/386/386 388/388/388 387/387/387
f 389/389/389 391/391/391 390/390/390
f 392/392/392 394/394/394 393/393/393
f 395/395/395 397/397/397 396/396/396
f 398/398/398 133/133/133 399/399/399
f 306/306/306 400/400/400 1/1/1
f 152/152/152 198/198/198 401/401/401
f 402/402/402 404/404/404 403/403/403
f 149/149/149 150/150/150 405/405/405
f 207/207/207 407/407/407 406/406/406
f 408/408/408 207/207/207 406/406/406
f 317/317/317 410/410/410 409/409/409
f 389/389/389 411/411/411 391/391/391
f 120/120/120 55/55/55 43/43/43
f 412/412/412 77/77/77 413/413/413
f 332/332/332 415/415/415 414/414/414
f 416/416/416 417/417/417 300/300/300
f 418/418/418 420/420/420 419/419/419
f 421/421/421 423/423/423 422/422/422
f 423/423/423 421/421/421 424/424/424
f 425/425/425 427/427/427 426/426/426
f 376/376/376 374/374/374 428/428/428
f 429/429/429 431/431/431 430/430/430
f 103/103/103 432/432/432 335/335/335
f 433/433/433 435/435/435 434/434/434
f 286/286/286 249/249/249 284/284/284
f 436/436/436 251/251/251 252/252/252
f 437/437/437 395/395/395 438/438/438
f 439/439/439 228/228/228 440/440/440
f 336/336/336 441/441/441 427/427/427
f 268/268/268 269/269/269 195/195/195
f 399/399/399 133/133/133 442/442/442
f 443/443/443 8/8/8 330/330/330
f 139/139/139 444/444/444 220/220/220
f 445/445/445 131/131/131 132/132/132
f 446/446/446 447/447/447 145/145/145
f 48/48/48 373/373/373 212/212/212
f 448/448/448 449/449/449 211/211/211
f 303/303/303 448/448/448 211/211/211
f 223/223/223 450/450/450 318/318/318
f 157/157/157 432/432/432 156/156/156
f 249/249/249 295/295/295 451/451/451
f 452/452/452 170/170/170 171/171/171
f 35/35/35 36/36/36 205/205/205
f 334/334/334 357/357/357 453/453/453
f 454/454/454 456/456/456 455/455/455
f 273/273/273 271/271/271 457/457/457
f 203/203/203 321/321/321 102/102/102
f 224/224/224 458/458/458 404/404/404
f 295/295/295 210/210/210 459/459/459
f 252/252/252 285/285/285 459/459/459
f 84/84/84 20/20/20 13/13/13
f 201/201/201 88/88/88 308/308/308
f 384/384/384 430/430/430 431/431/431
f 460/460/460 462/462/462 461/461/461
f 463/463/463 185/185/185 242/242/242
f 440/440/440 228/228/228 229/229/229
f 198/198/198 464/464/464 401/401/401
f 465/465/465 173/173/173 113/113/113
f 466/466/466 394/394/394 392/392/392
f 467/467/467 468/468/468 66/66/66
f 167/167/167 469/469/469 169/169/169
f 217/217/217 298/298/298 273/273/273
f 470/470/470 472/472/472 471/471/471
f 473/473/473 328/328/328 474/474/474
f 182/182/182 476/476/476 475/475/475
f 477/477/477 241/241/241 194/194/194
f 478/478/478 480/480/480 479/479/479
f 36/36/36 248/248/248 205/205/205
f 35/35/35 204/204/204 366/366/366
f 481/481/481 465/465/465 482/482/482
f 483/483/483 484/484/484 99/99/99
f 338/338/338 486/486/486 485/485/485
f 487/487/487 489/489/489 488/488/488
f 155/155/155 335/335/335 157/157/157
f 490/490/490 4/4/4 5/5/5
f 338/338/338 485/485/485 491/491/491
f 208/208/208 126/126/126 207/207/207
f 463/463/463 242/242/242 380/380/380
f 308/308/308 88/88/88 492/492/492
f 442/442/442 493/493/493 399/399/399
f 494/494/494 495/495/495 486/486/486
f 35/35/35 242/242/242 183/183/183
f 172/172/172 214/214/214 215/215/215
f 496/496/496 214/214/214 172/172/172
f 336/336/336 427/427/427 497/497/497
f 380/380/380 170/170/170 463/463/463
f 292/292/292 293/293/293 498/498/498
f 499/499/499 500/500/500 221/221/221
f 501/501/501 22/22/22 502/502/502
f 476/476/476 214/214/214 496/496/496
f 503/503/503 476/476/476 496/496/496
f 475/475/475 476/476/476 503/503/503
f 500/500/500 475/475/475 503/503/503
f 504/504/504 505/505/505 348/348/348
f 74/74/74 286/286/286 284/284/284
f 506/506/506 505/505/505 507/507/507
f 508/508/508 343/343/343 509/509/509
f 144/144/144 38/38/38 39/39/39
f 378/378/378 104/104/104 510/510/510
f 154/154/154 306/306/306 125/125/125
f 326/326/326 188/188/188 189/189/189
f 180/180/180 181/181/181 216/216/216
f 179/179/179 511/511/511 178/178/178
f 512/512/512 480/480/480 513/513/513
f 514/514/514 177/177/177 178/178/178
f 515/515/515 516/516/516 514/514/514
f 481/481/481 482/482/482 517/517/517
f 197/197/197 518/518/518 196/196/196
f 322/322/322 305/305/305 519/519/519
f 350/350/350 322/322/322 177/177/177
f 78/78/78 413/413/413 77/77/77
f 520/520/520 522/522/522 521/521/521
f 305/305/305 290/290/290 519/519/519
f 479/479/479 512/512/512 523/523/523
f 290/290/290 524/524/524 519/519/519
f 525/525/525 463/463/463 452/452/452
f 69/69/69 527/527/527 526/526/526
f 522/522/522 520/520/520 528/528/528
f 515/515/515 529/529/529 516/516/516
f 231/231/231 531/531/531 530/530/530
f 352/352/352 533/533/533 532/532/532
f 534/534/534 535/535/535 528/528/528
f 466/466/466 536/536/536 394/394/394
f 528/528/528 537/537/537 62/62/62
f 206/206/206 538/538/538 302/302/302
f 539/539/539 378/378/378 510/510/510
f 196/196/196 540/540/540 198/198/198
f 541/541/541 542/542/542 294/294/294
f 543/543/543 265/265/265 544/544/544
f 210/210/210 34/34/34 209/209/209
f 409/409/409 545/545/545 406/406/406
f 78/78/78 362/362/362 413/413/413
f 117/117/117 254/254/254 546/546/546
f 547/547/547 181/181/181 182/182/182
f 480/480/480 48/48/48 365/365/365
f 544/544/544 507/507/507 505/505/505
f 279/279/279 548/548/548 304/304/304
f 549/549/549 460/460/460 550/550/550
f 304/304/304 72/72/72 70/70/70
f 373/373/373 552/552/552 551/551/551
f 127/127/127 125/125/125 306/306/306
f 529/529/529 350/350/350 516/516/516
f 346/346/346 553/553/553 360/360/360
f 554/554/554 283/283/283 68/68/68
f 550/550/550 351/351/351 555/555/555
f 283/283/283 213/213/213 68/68/68
f 75/75/75 556/556/556 74/74/74
f 557/557/557 558/558/558 370/370/370
f 67/67/67 212/212/212 527/527/527
f 170/170/170 379/379/379 172/172/172
f 220/220/220 444/444/444 559/559/559
f 560/560/560 58/58/58 417/417/417
f 551/551/551 552/552/552 561/561/561
f 527/527/527 561/561/561 562/562/562
f 217/217/217 297/297/297 298/298/298
f 563/563/563 526/526/526 562/562/562
f 564/564/564 566/566/566 565/565/565
f 540/540/540 568/568/568 567/567/567
f 569/569/569 571/571/571 570/570/570
f 310/310/310 307/307/307 572/572/572
f 573/573/573 575/575/575 574/574/574
f 352/352/352 532/532/532 576/576/576
f 147/147/147 123/123/123 146/146/146
f 58/58/58 59/59/59 577/577/577
f 235/235/235 233/233/233 559/559/559
f 233/233/233 219/219/219 559/559/559
f 469/469/469 235/235/235 444/444/444
f 235/235/235 559/559/559 444/444/444
f 525/525/525 452/452/452 578/578/578
f 219/219/219 499/499/499 221/221/221
f 9/9/9 97/97/97 579/579/579
f 580/580/580 488/488/488 489/489/489
f 233/233/233 387/387/387 475/475/475
f 22/22/22 581/581/581 24/24/24
f 469/469/469 444/444/444 169/169/169
f 322/322/322 519/519/519 323/323/323
f 372/372/372 48/48/48 480/480/480
f 246/246/246 244/244/244 135/135/135
f 401/401/401 583/583/583 582/582/582
f 569/569/569 570/570/570 584/584/584
f 585/585/585 89/89/89 155/155/155
f 132/132/132 398/398/398 586/586/586
f 587/587/587 114/114/114 588/588/588
f 394/394/394 590/590/590 589/589/589
f 67/67/67 68/68/68 213/213/213
f 220/220/220 221/221/221 138/138/138
f 591/591/591 592/592/592 146/146/146
f 593/593/593 595/595/595 594/594/594
f 504/504/504 348/348/348 596/596/596
f 297/297/297 218/218/218 597/597/597
f 498/498/498 340/340/340 532/532/532
f 489/489/489 112/112/112 110/110/110
f 453/453/453 357/357/357 165/165/165
f 598/598/598 600/600/600 599/599/599
f 138/138/138 380/380/380 243/243/243
f 601/601/601 602/602/602 412/412/412
f 603/603/603 604/604/604 596/596/596
f 556/556/556 605/605/605 555/555/555
f 606/606/606 607/607/607 227/227/227
f 557/557/557 608/608/608 558/558/558
f 521/521/521 522/522/522 609/609/609
f 204/204/204 293/293/293 367/367/367
f 4/4/4 490/490/490 610/610/610
f 239/239/239 611/611/611 129/129/129
f 612/612/612 345/345/345 613/613/613
f 162/162/162 57/57/57 560/560/560
f 314/314/314 191/191/191 192/192/192
f 184/184/184 614/614/614 303/303/303
f 24/24/24 464/464/464 198/198/198
f 438/438/438 395/395/395 396/396/396
f 338/338/338 336/336/336 615/615/615
f 106/106/106 104/104/104 377/377/377
f 570/570/570 617/617/617 616/616/616
f 236/236/236 230/230/230 237/237/237
f 442/442/442 618/618/618 493/493/493
f 541/541/541 292/292/292 532/532/532
f 533/533/533 541/541/541 532/532/532
f 619/619/619 146/146/146 592/592/592
f 85/85/85 86/86/86 620/620/620
f 77/77/77 602/602/602 621/621/621
f 133/133/133 278/278/278 442/442/442
f 236/236/236 623/623/623 622/622/622
f 473/473/473 624/624/624 553/553/553
f 251/251/251 436/436/436 211/211/211
f 42/42/42 43/43/43 30/30/30
f 21/21/21 27/27/27 41/41/41
f 138/138/138 221/221/221 625/625/625
f 352/352/352 576/576/576 351/351/351
f 306/306/306 154/154/154 400/400/400
f 534/534/534 528/528/528 62/62/62
f 183/183/183 184/184/184 209/209/209
f 212/212/212 67/67/67 213/213/213
f 577/577/577 627/627/627 626/626/626
f 24/24/24 198/198/198 540/540/540
f 79/79/79 390/390/390 391/391/391
f 183/183/183 242/242/242 185/185/185
f 11/11/11 610/610/610 327/327/327
f 389/389/389 628/628/628 411/411/411
f 512/512/512 479/479/479 480/480/480
f 443/443/443 7/7/7 8/8/8
f 381/381/381 391/391/391 383/383/383
f 61/61/61 62/62/62 537/537/537
f 246/246/246 135/135/135 629/629/629
f 343/343/343 508/508/508 342/342/342
f 400/400/400 152/152/152 1/1/1
f 152/152/152 401/401/401 1/1/1
f 374/374/374 631/631/631 630/630/630
f 632/632/632 371/371/371 633/633/633
f 271/271/271 272/272/272 105/105/105
f 63/63/63 634/634/634 98/98/98
f 13/13/13 148/148/148 635/635/635
f 636/636/636 638/638/638 637/637/637
f 274/274/274 640/640/640 639/639/639
f 30/30/30 223/223/223 42/42/42
f 340/340/340 498/498/498 205/205/205
f 236/236/236 232/232/232 230/230/230
f 641/641/641 643/643/643 642/642/642
f 92/92/92 644/644/644 94/94/94
f 645/645/645 410/410/410 3/3/3
f 71/71/71 244/244/244 245/245/245
f 646/646/646 558/558/558 383/383/383
f 647/647/647 363/363/363 545/545/545
f 370/370/370 558/558/558 646/646/646
f 648/648/648 650/650/650 649/649/649
f 542/542/542 651/651/651 294/294/294
f 384/384/384 652/652/652 383/383/383
f 653/653/653 237/237/237 230/230/230
f 219/219/219 220/220/220 559/559/559
f 276/276/276 261/261/261 654/654/654
f 384/384/384 385/385/385 430/430/430
f 422/422/422 363/363/363 655/655/655
f 598/598/598 454/454/454 656/656/656
f 354/354/354 355/355/355 458/458/458
f 490/490/490 5/5/5 657/657/657
f 150/150/150 151/151/151 653/653/653
f 658/658/658 660/660/660 659/659/659
f 470/470/470 662/662/662 661/661/661
f 663/663/663 325/325/325 658/658/658
f 45/45/45 33/33/33 6/6/6
f 501/501/501 581/581/581 22/22/22
f 319/319/319 320/320/320 129/129/129
f 354/354/354 665/665/665 664/664/664
f 491/491/491 485/485/485 618/618/618
f 666/666/666 493/493/493 667/667/667
f 368/368/368 363/363/363 647/647/647
f 601/601/601 668/668/668 602/602/602
f 407/407/407 207/207/207 126/126/126
f 669/669/669 100/100/100 98/98/98
f 670/670/670 252/252/252 124/124/124
f 259/259/259 269/269/269 671/671/671
f 672/672/672 673/673/673 593/593/593
f 565/565/565 469/469/469 167/167/167
f 302/302/302 341/341/341 342/342/342
f 618/618/618 485/485/485 493/493/493
f 485/485/485 667/667/667 493/493/493
f 674/674/674 676/676/676 675/675/675
f 480/480/480 478/478/478 372/372/372
f 93/93/93 75/75/75 73/73/73
f 331/331/331 677/677/677 333/333/333
f 250/250/250 123/123/123 252/252/252
f 636/636/636 678/678/678 638/638/638
f 276/276/276 274/274/274 261/261/261
f 399/399/399 666/666/666 398/398/398
f 666/666/666 586/586/586 398/398/398
f 438/438/438 679/679/679 640/640/640
f 114/114/114 587/587/587 680/680/680
f 25/25/25 315/315/315 32/32/32
f 347/347/347 505/505/505 506/506/506
f 265/265/265 266/266/266 544/544/544
f 277/277/277 228/228/228 278/278/278
f 475/475/475 499/499/499 233/233/233
f 435/435/435 681/681/681 434/434/434
f 127/127/127 317/317/317 682/682/682
f 670/670/670 285/285/285 252/252/252
f 646/646/646 413/413/413 370/370/370
f 185/185/185 614/614/614 184/184/184
f 683/683/683 684/684/684 312/312/312
f 326/326/326 189/189/189 675/675/675
f 76/76/76 77/77/77 621/621/621
f 168/168/168 169/169/169 311/311/311
f 606/606/606 433/433/433 685/685/685
f 253/253/253 109/109/109 686/686/686
f 240/240/240 222/222/222 194/194/194
f 264/264/264 609/609/609 522/522/522
f 687/687/687 341/341/341 688/688/688
f 158/158/158 185/185/185 525/525/525
f 658/658/658 509/509/509 343/343/343
f 689/689/689 690/690/690 688/688/688
f 453/453/453 101/101/101 102/102/102
f 666/666/666 399/399/399 493/493/493
f 526/526/526 527/527/527 562/562/562
f 146/146/146 619/619/619 446/446/446
f 691/691/691 589/589/589 590/590/590
f 689/689/689 408/408/408 690/690/690
f 500/500/500 503/503/503 625/625/625
f 636/636/636 75/75/75 678/678/678
f 130/130/130 371/371/371 692/692/692
f 422/422/422 414/414/414 415/415/415
f 436/436/436 459/459/459 210/210/210
f 625/625/625 496/496/496 379/379/379
f 409/409/409 406/406/406 682/682/682
f 360/360/360 693/693/693 359/359/359
f 29/29/29 314/314/314 694/694/694
f 48/48/48 212/212/212 47/47/47
f 228/228/228 231/231/231 278/278/278
f 79/79/79 381/381/381 81/81/81
f 251/251/251 211/211/211 449/449/449
f 544/544/544 505/505/505 504/504/504
f 549/549/549 695/695/695 460/460/460
f 603/603/603 349/349/349 455/455/455
f 619/619/619 134/134/134 446/446/446
f 6/6/6 4/4/4 12/12/12
f 133/133/133 398/398/398 132/132/132
f 547/547/547 388/388/388 181/181/181
f 668/668/668 696/696/696 621/621/621
f 555/555/555 697/697/697 550/550/550
f 195/195/195 136/136/136 477/477/477
f 575/575/575 573/573/573 698/698/698
f 340/340/340 576/576/576 532/532/532
f 210/210/210 295/295/295 34/34/34
f 388/388/388 699/699/699 181/181/181
f 692/692/692 371/371/371 632/632/632
f 454/454/454 598/598/598 456/456/456
f 498/498/498 293/293/293 204/204/204
f 700/700/700 300/300/300 417/417/417
f 701/701/701 702/702/702 247/247/247
f 152/152/152 400/400/400 154/154/154
f 703/703/703 137/137/137 696/696/696
f 366/366/366 313/313/313 140/140/140
f 385/385/385 411/411/411 430/430/430
f 2/2/2 3/3/3 317/317/317
f 556/556/556 637/637/637 605/605/605
f 18/18/18 457/457/457 669/669/669
f 704/704/704 705/705/705 94/94/94
f 648/648/648 108/108/108 706/706/706
f 707/707/707 137/137/137 703/703/703
f 677/677/677 708/708/708 707/707/707
f 703/703/703 94/94/94 707/707/707
f 155/155/155 89/89/89 90/90/90
f 27/27/27 25/25/25 33/33/33
f 709/709/709 693/693/693 265/265/265
f 710/710/710 402/402/402 403/403/403
f 545/545/545 711/711/711 690/690/690
f 712/712/712 580/580/580 518/518/518
f 358/358/358 57/57/57 163/163/163
f 392/392/392 105/105/105 466/466/466
f 473/473/473 346/346/346 328/328/328
f 196/196/196 713/713/713 568/568/568
f 685/685/685 433/433/433 434/434/434
f 74/74/74 351/351/351 339/339/339
f 168/168/168 565/565/565 167/167/167
f 103/103/103 101/101/101 714/714/714
f 541/541/541 294/294/294 292/292/292
f 447/447/447 446/446/446 575/575/575
f 698/698/698 447/447/447 575/575/575
f 206/206/206 300/300/300 700/700/700
f 6/6/6 12/12/12 49/49/49
f 347/347/347 348/348/348 505/505/505
f 549/549/549 550/550/550 697/697/697
f 570/570/570 715/715/715 617/617/617
f 279/279/279 282/282/282 716/716/716
f 63/63/63 98/98/98 99/99/99
f 312/312/312 313/313/313 683/683/683
f 93/93/93 670/670/670 92/92/92
f 568/568/568 540/540/540 196/196/196
f 280/280/280 281/281/281 717/717/717
f 498/498/498 532/532/532 292/292/292
f 11/11/11 12/12/12 4/4/4
f 280/280/280 717/717/717 270/270/270
f 603/603/603 455/455/455 456/456/456
f 671/671/671 245/245/245 246/246/246
f 718/718/718 166/166/166 208/208/208
f 261/261/261 262/262/262 654/654/654
f 719/719/719 267/267/267 720/720/720
f 646/646/646 652/652/652 413/413/413
f 453/453/453 102/102/102 334/334/334
f 346/346/346 360/360/360 361/361/361
f 624/624/624 360/360/360 553/553/553
f 239/239/239 130/130/130 161/161/161
f 57/57/57 721/721/721 59/59/59
f 527/527/527 69/69/69 67/67/67
f 442/442/442 530/530/530 618/618/618
f 11/11/11 327/327/327 10/10/10
f 25/25/25 82/82/82 315/315/315
f 594/594/594 666/666/666 495/495/495
f 722/722/722 383/383/383 558/558/558
f 294/294/294 651/651/651 367/367/367
f 129/129/129 611/611/611 319/319/319
f 309/309/309 310/310/310 723/723/723
f 724/724/724 726/726/726 725/725/725
f 97/97/97 95/95/95 579/579/579
f 429/429/429 430/430/430 628/628/628
f 727/727/727 427/427/427 425/425/425
f 432/432/432 616/616/616 664/664/664
f 542/542/542 728/728/728 651/651/651
f 707/707/707 78/78/78 137/137/137
f 182/182/182 475/475/475 547/547/547
f 181/181/181 729/729/729 216/216/216
f 128/128/128 129/129/129 320/320/320
f 669/669/669 271/271/271 260/260/260
f 730/730/730 320/320/320 321/321/321
f 203/203/203 730/730/730 321/321/321
f 38/38/38 50/50/50 731/731/731
f 732/732/732 87/87/87 337/337/337
f 733/733/733 699/699/699 564/564/564
f 734/734/734 258/258/258 735/735/735
f 530/530/530 442/442/442 278/278/278
f 238/238/238 716/716/716 736/736/736
f 643/643/643 376/376/376 737/737/737
f 5/5/5 6/6/6 33/33/33
f 249/249/249 451/451/451 284/284/284
f 72/72/72 304/304/304 660/660/660
f 481/481/481 517/517/517 539/539/539
f 455/455/455 349/349/349 738/738/738
f 154/154/154 488/488/488 153/153/153
f 141/141/141 44/44/44 51/51/51
f 23/23/23 24/24/24 540/540/540
f 690/690/690 739/739/739 688/688/688
f 270/270/270 671/671/671 269/269/269
f 671/671/671 246/246/246 629/629/629
f 231/231/231 232/232/232 531/531/531
f 411/411/411 385/385/385 391/391/391
f 740/740/740 75/75/75 703/703/703
f 241/241/241 477/477/477 741/741/741
f 708/708/708 677/677/677 364/364/364
f 78/78/78 708/708/708 364/364/364
f 362/362/362 78/78/78 364/364/364
f 193/193/193 611/611/611 736/736/736
f 77/77/77 412/412/412 602/602/602
f 23/23/23 502/502/502 22/22/22
f 268/268/268 195/195/195 193/193/193
f 38/38/38 731/731/731 742/742/742
f 645/645/645 608/608/608 557/557/557
f 743/743/743 598/598/598 599/599/599
f 744/744/744 745/745/745 647/647/647
f 147/147/147 122/122/122 123/123/123
f 81/81/81 381/381/381 582/582/582
f 744/744/744 545/545/545 409/409/409
f 545/545/545 744/744/744 647/647/647
f 746/746/746 225/225/225 747/747/747
f 573/573/573 574/574/574 676/676/676
f 483/483/483 99/99/99 100/100/100
f 748/748/748 299/299/299 297/297/297
f 348/348/348 349/349/349 603/603/603
f 17/17/17 18/18/18 634/634/634
f 607/607/607 606/606/606 749/749/749
f 750/750/750 589/589/589 691/691/691
f 187/187/187 739/739/739 751/751/751
f 752/752/752 404/404/404 458/458/458
f 99/99/99 484/484/484 62/62/62
f 753/753/753 103/103/103 714/714/714
f 340/340/340 205/205/205 248/248/248
f 56/56/56 15/15/15 21/21/21
f 254/254/254 253/253/253 754/754/754
f 238/238/238 736/736/736 239/239/239
f 755/755/755 678/678/678 756/756/756
f 551/551/551 212/212/212 373/373/373
f 338/338/338 615/615/615 486/486/486
f 18/18/18 324/324/324 457/457/457
f 317/317/317 306/306/306 2/2/2
f 135/135/135 136/136/136 259/259/259
f 208/208/208 111/111/111 126/126/126
f 242/242/242 243/243/243 380/380/380
f 50/50/50 318/318/318 450/450/450
f 671/671/671 270/270/270 717/717/717
f 50/50/50 44/44/44 318/318/318
f 696/696/696 668/668/668 703/703/703
f 338/338/338 491/491/491 502/502/502
f 448/448/448 614/614/614 159/159/159
f 285/285/285 670/670/670 93/93/93
f 233/233/233 499/499/499 219/219/219
f 255/255/255 158/158/158 525/525/525
f 551/551/551 561/561/561 527/527/527
f 314/314/314 192/192/192 694/694/694
f 383/383/383 722/722/722 381/381/381
f 705/705/705 677/677/677 707/707/707
f 94/94/94 705/705/705 707/707/707
f 757/757/757 677/677/677 705/705/705
f 757/757/757 333/333/333 677/677/677
f 672/672/672 355/355/355 356/356/356
f 601/601/601 740/740/740 668/668/668
f 64/64/64 65/65/65 465/465/465
f 441/441/441 337/337/337 87/87/87
f 437/437/437 258/258/258 734/734/734
f 622/622/622 232/232/232 236/236/236
f 707/707/707 708/708/708 78/78/78
f 137/137/137 76/76/76 696/696/696
f 601/601/601 758/758/758 740/740/740
f 759/759/759 431/431/431 758/758/758
f 678/678/678 740/740/740 758/758/758
f 75/75/75 93/93/93 703/703/703
f 500/500/500 625/625/625 221/221/221
f 480/480/480 365/365/365 513/513/513
f 715/715/715 571/571/571 760/760/760
f 157/157/157 335/335/335 432/432/432
f 101/101/101 164/164/164 714/714/714
f 668/668/668 621/621/621 602/602/602
f 253/253/253 726/726/726 724/724/724
f 651/651/651 728/728/728 761/761/761
f 126/126/126 112/112/112 125/125/125
f 506/506/506 507/507/507 762/762/762
f 603/603/603 456/456/456 743/743/743
f 687/687/687 688/688/688 739/739/739
f 229/229/229 460/460/460 695/695/695
f 107/107/107 762/762/762 763/763/763
f 764/764/764 765/765/765 440/440/440
f 229/229/229 764/764/764 440/440/440
f 368/368/368 745/745/745 557/557/557
f 683/683/683 761/761/761 684/684/684
f 432/432/432 664/664/664 156/156/156
f 766/766/766 757/757/757 705/705/705
f 406/406/406 407/407/407 127/127/127
f 767/767/767 92/92/92 670/670/670
f 467/467/467 66/66/66 64/64/64
f 768/768/768 548/548/548 238/238/238
f 122/122/122 769/769/769 124/124/124
f 530/530/530 531/531/531 491/491/491
f 70/70/70 71/71/71 245/245/245
f 667/667/667 485/485/485 486/486/486
f 667/667/667 486/486/486 495/495/495
f 720/720/720 624/624/624 770/770/770
f 730/730/730 128/128/128 320/320/320
f 586/586/586 666/666/666 771/771/771
f 12/12/12 15/15/15 52/52/52
f 47/47/47 283/283/283 46/46/46
f 771/771/771 594/594/594 595/595/595
f 407/407/407 126/126/126 127/127/127
f 351/351/351 556/556/556 555/555/555
f 772/772/772 474/474/474 773/773/773
f 363/363/363 368/368/368 369/369/369
f 581/581/581 464/464/464 24/24/24
f 595/595/595 593/593/593 673/673/673
f 132/132/132 586/586/586 774/774/774
f 90/90/90 88/88/88 201/201/201
f 274/274/274 483/483/483 261/261/261
f 775/775/775 776/776/776 593/593/593
f 356/356/356 617/617/617 715/715/715
f 244/244/244 134/134/134 135/135/135
f 649/649/649 630/630/630 631/631/631
f 627/627/627 577/577/577 59/59/59
f 616/616/616 753/753/753 584/584/584
f 775/775/775 777/777/777 776/776/776
f 777/777/777 752/752/752 776/776/776
f 776/776/776 752/752/752 355/355/355
f 436/436/436 210/210/210 211/211/211
f 452/452/452 171/171/171 578/578/578
f 777/777/777 403/403/403 404/404/404
f 356/356/356 354/354/354 617/617/617
f 778/778/778 440/440/440 765/765/765
f 617/617/617 664/664/664 616/616/616
f 339/339/339 351/351/351 576/576/576
f 616/616/616 432/432/432 753/753/753
f 779/779/779 750/750/750 780/780/780
f 395/395/395 437/437/437 781/781/781
f 55/55/55 309/309/309 191/191/191
f 308/308/308 492/492/492 782/782/782
f 308/308/308 783/783/783 730/730/730
f 458/458/458 665/665/665 354/354/354
f 234/234/234 235/235/235 566/566/566
f 665/665/665 156/156/156 664/664/664
f 721/721/721 358/358/358 784/784/784
f 296/296/296 785/785/785 479/479/479
f 267/267/267 719/719/719 266/266/266
f 615/615/615 336/336/336 497/497/497
f 615/615/615 497/497/497 494/494/494
f 486/486/486 615/615/615 494/494/494
f 82/82/82 26/26/26 91/91/91
f 714/714/714 584/584/584 753/753/753
f 700/700/700 626/626/626 718/718/718
f 491/491/491 531/531/531 232/232/232
f 567/567/567 502/502/502 23/23/23
f 332/332/332 414/414/414 331/331/331
f 424/424/424 786/786/786 711/711/711
f 786/786/786 690/690/690 711/711/711
f 414/414/414 655/655/655 331/331/331
f 262/262/262 260/260/260 779/779/779
f 786/786/786 751/751/751 690/690/690
f 751/751/751 739/739/739 690/690/690
f 787/787/787 474/474/474 788/788/788
f 100/100/100 669/669/669 260/260/260
f 149/149/149 582/582/582 287/287/287
f 369/369/369 370/370/370 413/413/413
f 575/575/575 244/244/244 574/574/574
f 284/284/284 451/451/451 285/285/285
f 438/438/438 640/640/640 275/275/275
f 158/158/158 159/159/159 614/614/614
f 130/130/130 239/239/239 129/129/129
f 187/187/187 188/188/188 739/739/739
f 431/431/431 759/759/759 384/384/384
f 759/759/759 412/412/412 384/384/384
f 412/412/412 652/652/652 384/384/384
f 108/108/108 762/762/762 107/107/107
f 93/93/93 73/73/73 285/285/285
f 516/516/516 350/350/350 177/177/177
f 310/310/310 572/572/572 723/723/723
f 528/528/528 520/520/520 537/537/537
f 286/286/286 74/74/74 339/339/339
f 714/714/714 164/164/164 584/584/584
f 229/229/229 789/789/789 460/460/460
f 608/608/608 645/645/645 722/722/722
f 339/339/339 248/248/248 286/286/286
f 288/288/288 287/287/287 581/581/581
f 381/381/381 645/645/645 3/3/3
f 645/645/645 381/381/381 722/722/722
f 476/476/476 180/180/180 214/214/214
f 32/32/32 33/33/33 25/25/25
f 516/516/516 177/177/177 514/514/514
f 643/643/643 790/790/790 642/642/642
f 692/692/692 784/784/784 358/358/358
f 790/790/790 643/643/643 737/737/737
f 564/564/564 386/386/386 234/234/234
f 791/791/791 230/230/230 792/792/792
f 334/334/334 193/193/193 222/222/222
f 793/793/793 599/599/599 600/600/600
f 117/117/117 109/109/109 254/254/254
f 498/498/498 204/204/204 205/205/205
f 422/422/422 545/545/545 363/363/363
f 194/194/194 195/195/195 477/477/477
f 452/452/452 463/463/463 170/170/170
f 231/231/231 439/439/439 230/230/230
f 364/364/364 677/677/677 331/331/331
f 282/282/282 280/280/280 270/270/270
f 74/74/74 284/284/284 73/73/73
f 153/153/153 197/197/197 198/198/198
f 112/112/112 489/489/489 487/487/487
f 585/585/585 156/156/156 665/665/665
f 448/448/448 303/303/303 614/614/614
f 87/87/87 426/426/426 441/441/441
f 762/762/762 648/648/648 649/649/649
f 349/349/349 631/631/631 738/738/738
f 709/709/709 265/265/265 543/543/543
f 135/135/135 259/259/259 629/629/629
f 669/669/669 98/98/98 18/18/18
f 161/161/161 358/358/358 163/163/163
f 134/134/134 619/619/619 794/794/794
f 688/688/688 341/341/341 538/538/538
f 171/171/171 215/215/215 216/216/216
f 103/103/103 753/753/753 432/432/432
f 478/478/478 479/479/479 785/785/785
f 225/225/225 458/458/458 224/224/224
f 431/431/431 756/756/756 758/758/758
f 756/756/756 678/678/678 758/758/758
f 795/795/795 796/796/796 756/756/756
f 431/431/431 795/795/795 756/756/756
f 429/429/429 795/795/795 431/431/431
f 636/636/636 637/637/637 556/556/556
f 574/574/574 71/71/71 675/675/675
f 470/470/470 661/661/661 472/472/472
f 605/605/605 697/697/697 555/555/555
f 406/406/406 127/127/127 682/682/682
f 411/411/411 628/628/628 430/430/430
f 797/797/797 80/80/80 81/81/81
f 582/582/582 797/797/797 81/81/81
f 405/405/405 797/797/797 582/582/582
f 149/149/149 405/405/405 582/582/582
f 422/422/422 415/415/415 421/421/421
f 271/271/271 669/669/669 457/457/457
f 726/726/726 686/686/686 787/787/787
f 437/437/437 438/438/438 258/258/258
f 460/460/460 461/461/461 550/550/550
f 612/612/612 344/344/344 345/345/345
f 463/463/463 525/525/525 185/185/185
f 193/193/193 319/319/319 611/611/611
f 747/747/747 225/225/225 226/226/226
f 459/459/459 285/285/285 451/451/451
f 497/497/497 777/777/777 775/775/775
f 494/494/494 497/497/497 775/775/775
f 482/482/482 680/680/680 798/798/798
f 110/110/110 166/166/166 627/627/627
f 203/203/203 102/102/102 202/202/202
f 730/730/730 783/783/783 128/128/128
f 239/239/239 736/736/736 611/611/611
f 70/70/70 245/245/245 717/717/717
f 392/392/392 271/271/271 105/105/105
f 729/729/729 181/181/181 699/699/699
f 660/660/660 71/71/71 72/72/72
f 92/92/92 767/767/767 644/644/644
f 799/799/799 396/396/396 397/397/397
f 116/116/116 117/117/117 546/546/546
f 756/756/756 796/796/796 755/755/755
f 496/496/496 625/625/625 503/503/503
f 259/259/259 195/195/195 269/269/269
f 769/769/769 767/767/767 670/670/670
f 363/363/363 369/369/369 362/362/362
f 800/800/800 801/801/801 535/535/535
f 84/84/84 13/13/13 635/635/635
f 299/299/299 748/748/748 468/468/468
f 744/744/744 409/409/409 410/410/410
f 568/568/568 86/86/86 732/732/732
f 308/308/308 730/730/730 203/203/203
f 622/622/622 623/623/623 501/501/501
f 23/23/23 540/540/540 567/567/567
f 580/580/580 620/620/620 518/518/518
f 567/567/567 732/732/732 337/337/337
f 502/502/502 567/567/567 337/337/337
f 149/149/149 288/288/288 151/151/151
f 139/139/139 140/140/140 311/311/311
f 655/655/655 363/363/363 364/364/364
f 184/184/184 303/303/303 209/209/209
f 408/408/408 689/689/689 538/538/538
f 393/393/393 779/779/779 260/260/260
f 590/590/590 394/394/394 536/536/536
f 342/342/342 508/508/508 200/200/200
f 633/633/633 371/371/371 783/783/783
f 53/53/53 307/307/307 310/310/310
f 378/378/378 539/539/539 517/517/517
f 491/491/491 622/622/622 501/501/501
f 374/374/374 630/630/630 802/802/802
f 755/755/755 638/638/638 678/678/678
f 117/117/117 706/706/706 108/108/108
f 766/766/766 705/705/705 704/704/704
f 199/199/199 768/768/768 238/238/238
f 161/161/161 199/199/199 238/238/238
f 301/301/301 342/342/342 200/200/200
f 715/715/715 570/570/570 571/571/571
f 50/50/50 450/450/450 731/731/731
f 509/509/509 548/548/548 768/768/768
f 574/574/574 244/244/244 71/71/71
f 656/656/656 702/702/702 600/600/600
f 715/715/715 760/760/760 673/673/673
f 475/475/475 387/387/387 547/547/547
f 575/575/575 446/446/446 244/244/244
f 229/229/229 695/695/695 764/764/764
f 663/663/663 658/658/658 343/343/343
f 300/300/300 301/301/301 416/416/416
f 100/100/100 260/260/260 261/261/261
f 560/560/560 416/416/416 162/162/162
f 416/416/416 200/200/200 162/162/162
f 381/381/381 1/1/1 401/401/401
f 643/643/643 641/641/641 375/375/375
f 199/199/199 508/508/508 768/768/768
f 277/277/277 133/133/133 131/131/131
f 179/179/179 177/177/177 323/323/323
f 538/538/538 206/206/206 408/408/408
f 277/277/277 131/131/131 445/445/445
f 659/659/659 304/304/304 548/548/548
f 509/509/509 659/659/659 548/548/548
f 232/232/232 622/622/622 491/491/491
f 548/548/548 716/716/716 238/238/238
f 773/773/773 329/329/329 803/803/803
f 316/316/316 657/657/657 5/5/5
f 445/445/445 132/132/132 774/774/774
f 659/659/659 660/660/660 304/304/304
f 259/259/259 671/671/671 629/629/629
f 368/368/368 557/557/557 370/370/370
f 168/168/168 311/311/311 312/312/312
f 267/267/267 624/624/624 720/720/720
f 272/272/272 804/804/804 510/510/510
f 804/804/804 805/805/805 510/510/510
f 510/510/510 805/805/805 539/539/539
f 805/805/805 467/467/467 539/539/539
f 412/412/412 413/413/413 652/652/652
f 464/464/464 581/581/581 287/287/287
f 231/231/231 530/530/530 278/278/278
f 198/198/198 152/152/152 153/153/153
f 236/236/236 151/151/151 288/288/288
f 517/517/517 806/806/806 378/378/378
f 806/806/806 377/377/377 378/378/378
f 12/12/12 10/10/10 15/15/15
f 227/227/227 228/228/228 445/445/445
f 510/510/510 104/104/104 272/272/272
f 623/623/623 581/581/581 501/501/501
f 104/104/104 105/105/105 272/272/272
f 743/743/743 456/456/456 598/598/598
f 572/572/572 307/307/307 39/39/39
f 296/296/296 350/350/350 529/529/529
f 153/153/153 712/712/712 197/197/197
f 807/807/807 809/809/809 808/808/808
f 392/392/392 393/393/393 260/260/260
f 799/799/799 397/397/397 588/588/588
f 479/479/479 523/523/523 296/296/296
f 686/686/686 726/726/726 253/253/253
f 315/315/315 31/31/31 32/32/32
f 220/220/220 138/138/138 139/139/139
f 417/417/417 577/577/577 700/700/700
f 646/646/646 383/383/383 652/652/652
f 435/435/435 433/433/433 771/771/771
f 666/666/666 594/594/594 771/771/771
f 810/810/810 811/811/811 186/186/186
f 812/812/812 810/810/810 186/186/186
f 812/812/812 186/186/186 97/97/97
f 9/9/9 812/812/812 97/97/97
f 376/376/376 428/428/428 813/813/813
f 631/631/631 374/374/374 375/375/375
f 470/470/470 471/471/471 814/814/814
f 815/815/815 95/95/95 96/96/96
f 344/344/344 815/815/815 96/96/96
f 598/598/598 656/656/656 600/600/600
f 225/225/225 746/746/746 585/585/585
f 345/345/345 186/186/186 811/811/811
f 816/816/816 673/673/673 760/760/760
f 613/613/613 345/345/345 811/811/811
f 355/355/355 672/672/672 776/776/776
f 645/645/645 557/557/557 410/410/410
f 811/811/811 454/454/454 738/738/738
f 789/789/789 227/227/227 817/817/817
f 125/125/125 487/487/487 154/154/154
f 623/623/623 288/288/288 581/581/581
f 375/375/375 641/641/641 631/631/631
f 252/252/252 459/459/459 436/436/436
f 642/642/642 612/612/612 613/613/613
f 507/507/507 544/544/544 266/266/266
f 376/376/376 643/643/643 375/375/375
f 506/506/506 762/762/762 649/649/649
f 688/688/688 538/538/538 689/689/689
f 364/364/364 331/331/331 655/655/655
f 226/226/226 402/402/402 710/710/710
f 106/106/106 466/466/466 105/105/105
f 188/188/188 325/325/325 687/687/687
f 692/692/692 632/632/632 818/818/818
f 394/394/394 589/589/589 393/393/393
f 224/224/224 404/404/404 402/402/402
f 173/173/173 609/609/609 263/263/263
f 138/138/138 625/625/625 379/379/379
f 469/469/469 565/565/565 566/566/566
f 819/819/819 820/820/820 748/748/748
f 821/821/821 822/822/822 361/361/361
f 302/302/302 342/342/342 301/301/301
f 609/609/609 173/173/173 823/823/823
f 775/775/775 495/495/495 494/494/494
f 824/824/824 821/821/821 361/361/361
f 37/37/37 38/38/38 742/742/742
f 121/121/121 43/43/43 44/44/44
f 722/722/722 558/558/558 608/608/608
f 183/183/183 209/209/209 34/34/34
f 233/233/233 234/234/234 386/386/386
f 309/309/309 723/723/723 190/190/190
f 305/305/305 322/322/322 350/350/350
f 544/544/544 825/825/825 543/543/543
f 675/675/675 325/325/325 326/326/326
f 826/826/826 793/793/793 701/701/701
f 350/350/350 296/296/296 289/289/289
f 75/75/75 740/740/740 678/678/678
f 545/545/545 408/408/408 406/406/406
f 206/206/206 302/302/302 300/300/300
f 302/302/302 538/538/538 341/341/341
f 827/827/827 828/828/828 823/823/823
f 388/388/388 564/564/564 699/699/699
f 778/778/778 792/792/792 439/439/439
f 140/140/140 243/243/243 366/366/366
f 508/508/508 199/199/199 200/200/200
f 828/828/828 829/829/829 823/823/823
f 823/823/823 829/829/829 609/609/609
f 829/829/829 521/521/521 609/609/609
f 316/316/316 5/5/5 31/31/31
f 134/134/134 244/244/244 446/446/446
f 227/227/227 607/607/607 817/817/817
f 403/403/403 497/497/497 427/427/427
f 230/230/230 791/791/791 653/653/653
f 807/807/807 808/808/808 830/830/830
f 711/711/711 545/545/545 423/423/423
f 379/379/379 380/380/380 138/138/138
f 716/716/716 548/548/548 279/279/279
f 597/597/597 831/831/831 748/748/748
f 71/71/71 660/660/660 675/675/675
f 832/832/832 264/264/264 801/801/801
f 307/307/307 53/53/53 144/144/144
f 57/57/57 358/358/358 721/721/721
f 693/693/693 709/709/709 359/359/359
f 534/534/534 62/62/62 484/484/484
f 589/589/589 750/750/750 779/779/779
f 98/98/98 634/634/634 18/18/18
f 294/294/294 367/367/367 293/293/293
f 556/556/556 75/75/75 636/636/636
f 274/274/274 275/275/275 640/640/640
f 716/716/716 282/282/282 736/736/736
f 596/596/596 348/348/348 603/603/603
f 423/423/423 424/424/424 711/711/711
f 309/309/309 55/55/55 53/53/53
f 580/580/580 712/712/712 488/488/488
f 641/641/641 642/642/642 613/613/613
f 811/811/811 738/738/738 613/613/613
f 180/180/180 476/476/476 182/182/182
f 758/758/758 601/601/601 412/412/412
f 583/583/583 401/401/401 464/464/464
f 134/134/134 477/477/477 136/136/136
f 193/193/193 334/334/334 319/319/319
f 499/499/499 475/475/475 500/500/500
f 273/273/273 804/804/804 272/272/272
f 810/810/810 656/656/656 454/454/454
f 810/810/810 812/812/812 656/656/656
f 812/812/812 702/702/702 656/656/656
f 812/812/812 9/9/9 702/702/702
f 8/8/8 9/9/9 579/579/579
f 455/455/455 738/738/738 454/454/454
f 9/9/9 247/247/247 702/702/702
f 815/815/815 803/803/803 95/95/95
f 803/803/803 772/772/772 773/773/773
f 641/641/641 738/738/738 631/631/631
f 798/798/798 517/517/517 482/482/482
f 317/317/317 409/409/409 682/682/682
f 395/395/395 781/781/781 833/833/833
f 140/140/140 138/138/138 243/243/243
f 247/247/247 834/834/834 701/701/701
f 834/834/834 247/247/247 7/7/7
f 822/822/822 834/834/834 7/7/7
f 443/443/443 822/822/822 7/7/7
f 443/443/443 330/330/330 346/346/346
f 268/268/268 193/193/193 736/736/736
f 822/822/822 443/443/443 361/361/361
f 443/443/443 346/346/346 361/361/361
f 35/35/35 366/366/366 243/243/243
f 282/282/282 270/270/270 268/268/268
f 206/206/206 718/718/718 208/208/208
f 579/579/579 95/95/95 329/329/329
f 473/473/473 553/553/553 346/346/346
f 609/609/609 264/264/264 263/263/263
f 720/720/720 835/835/835 382/382/382
f 719/719/719 720/720/720 382/382/382
f 719/719/719 382/382/382 107/107/107
f 763/763/763 719/719/719 107/107/107
f 296/296/296 529/529/529 785/785/785
f 836/836/836 826/826/826 701/701/701
f 593/593/593 594/594/594 775/775/775
f 14/14/14 327/327/327 148/148/148
f 29/29/29 55/55/55 314/314/314
f 744/744/744 410/410/410 557/557/557
f 341/341/341 663/663/663 343/343/343
f 464/464/464 287/287/287 583/583/583
f 428/428/428 374/374/374 802/802/802
f 340/340/340 339/339/339 576/576/576
f 368/368/368 647/647/647 745/745/745
f 308/308/308 782/782/782 633/633/633
f 674/674/674 675/675/675 189/189/189
f 704/704/704 94/94/94 644/644/644
f 426/426/426 427/427/427 441/441/441
f 422/422/422 655/655/655 414/414/414
f 347/347/347 631/631/631 349/349/349
f 124/124/124 252/252/252 123/123/123
f 569/569/569 584/584/584 164/164/164
f 472/472/472 838/838/838 837/837/837
f 472/472/472 837/837/837 420/420/420
f 367/367/367 683/683/683 313/313/313
f 482/482/482 113/113/113 680/680/680
f 472/472/472 418/418/418 839/839/839
f 472/472/472 839/839/839 840/840/840
f 288/288/288 623/623/623 236/236/236
f 381/381/381 79/79/79 391/391/391
f 807/807/807 830/830/830 841/841/841
f 626/626/626 627/627/627 166/166/166
f 169/169/169 139/139/139 311/311/311
f 630/630/630 649/649/649 650/650/650
f 472/472/472 842/842/842 471/471/471
f 472/472/472 843/843/843 842/842/842
f 825/825/825 544/544/544 504/504/504
f 672/672/672 593/593/593 776/776/776
f 227/227/227 433/433/433 606/606/606
f 780/780/780 262/262/262 779/779/779
f 273/273/273 324/324/324 217/217/217
f 509/509/509 768/768/768 508/508/508
f 275/275/275 258/258/258 438/438/438
f 502/502/502 491/491/491 501/501/501
f 454/454/454 811/811/811 810/810/810
f 564/564/564 388/388/388 386/386/386
f 567/567/567 568/568/568 732/732/732
f 155/155/155 156/156/156 585/585/585
f 353/353/353 351/351/351 550/550/550
f 800/800/800 535/535/535 534/534/534
f 545/545/545 690/690/690 408/408/408
f 469/469/469 566/566/566 235/235/235
f 816/816/816 595/595/595 673/673/673
f 587/587/587 798/798/798 680/680/680
f 572/572/572 39/39/39 37/37/37
f 551/551/551 527/527/527 212/212/212
f 798/798/798 806/806/806 517/517/517
f 172/172/172 215/215/215 171/171/171
f 433/433/433 774/774/774 586/586/586
f 134/134/134 844/844/844 477/477/477
f 433/433/433 227/227/227 774/774/774
f 713/713/713 518/518/518 620/620/620
f 845/845/845 830/830/830 846/846/846
f 565/565/565 733/733/733 564/564/564
f 185/185/185 158/158/158 614/614/614
f 846/846/846 830/830/830 175/175/175
f 117/117/117 108/108/108 109/109/109
f 589/589/589 779/779/779 393/393/393
f 70/70/70 717/717/717 281/281/281
f 418/418/418 472/472/472 420/420/420
f 671/671/671 717/717/717 245/245/245
f 403/403/403 777/777/777 497/497/497
f 387/387/387 233/233/233 386/386/386
f 832/832/832 115/115/115 264/264/264
f 172/172/172 379/379/379 496/496/496
f 174/174/174 830/830/830 847/847/847
f 847/847/847 830/830/830 848/848/848
f 586/586/586 771/771/771 433/433/433
f 530/530/530 491/491/491 618/618/618
f 651/651/651 761/761/761 683/683/683
f 525/525/525 578/578/578 255/255/255
f 273/273/273 457/457/457 324/324/324
f 663/663/663 687/687/687 325/325/325
f 701/701/701 600/600/600 702/702/702
f 79/79/79 80/80/80 390/390/390
f 338/338/338 502/502/502 337/337/337
f 849/849/849 830/830/830 808/808/808
f 850/850/850 741/741/741 477/477/477
f 391/391/391 385/385/385 383/383/383
f 36/36/36 295/295/295 249/249/249
f 851/851/851 830/830/830 849/849/849
f 800/800/800 639/639/639 640/640/640
f 679/679/679 800/800/800 640/640/640
f 801/801/801 800/800/800 679/679/679
f 852/852/852 801/801/801 679/679/679
f 388/388/388 547/547/547 387/387/387
f 465/465/465 113/113/113 482/482/482
f 359/359/359 824/824/824 361/361/361
f 481/481/481 539/539/539 467/467/467
f 139/139/139 169/169/169 444/444/444
f 263/263/263 115/115/115 173/173/173
f 86/86/86 713/713/713 620/620/620
f 206/206/206 700/700/700 718/718/718
f 381/381/381 401/401/401 582/582/582
f 308/308/308 633/633/633 783/783/783
f 777/777/777 404/404/404 752/752/752
f 298/298/298 804/804/804 273/273/273
f 805/805/805 804/804/804 298/298/298
f 299/299/299 805/805/805 298/298/298
f 467/467/467 805/805/805 299/299/299
f 467/467/467 64/64/64 481/481/481
f 173/173/173 65/65/65 823/823/823
f 65/65/65 827/827/827 823/823/823
f 465/465/465 65/65/65 173/173/173
f 762/762/762 108/108/108 648/648/648
f 268/268/268 736/736/736 282/282/282
f 827/827/827 65/65/65 66/66/66
f 820/820/820 827/827/827 66/66/66
f 468/468/468 820/820/820 66/66/66
f 820/820/820 468/468/468 748/748/748
f 26/26/26 21/21/21 19/19/19
f 564/564/564 234/234/234 566/566/566
f 468/468/468 467/467/467 299/299/299
f 402/402/402 226/226/226 224/224/224
f 227/227/227 789/789/789 229/229/229
f 481/481/481 64/64/64 465/465/465
f 264/264/264 535/535/535 801/801/801
f 100/100/100 261/261/261 483/483/483
f 274/274/274 484/484/484 483/483/483
f 446/446/446 145/145/145 146/146/146
f 274/274/274 639/639/639 484/484/484
f 772/772/772 725/725/725 726/726/726
f 114/114/114 680/680/680 113/113/113
f 295/295/295 459/459/459 451/451/451
f 853/853/853 114/114/114 115/115/115
f 832/832/832 853/853/853 115/115/115
f 853/853/853 832/832/832 852/852/852
f 579/579/579 329/329/329 330/330/330
f 832/832/832 801/801/801 852/852/852
f 800/800/800 534/534/534 639/639/639
f 534/534/534 484/484/484 639/639/639
f 190/190/190 191/191/191 309/309/309
f 354/354/354 664/664/664 617/617/617
f 188/188/188 687/687/687 739/739/739
f 754/754/754 253/253/253 724/724/724
f 34/34/34 35/35/35 183/183/183
f 427/427/427 727/727/727 403/403/403
f 162/162/162 199/199/199 161/161/161
f 594/594/594 495/495/495 775/775/775
f 788/788/788 726/726/726 787/787/787
f 631/631/631 347/347/347 649/649/649
f 89/89/89 585/585/585 746/746/746
f 679/679/679 438/438/438 852/852/852
f 438/438/438 396/396/396 852/852/852
f 852/852/852 396/396/396 853/853/853
f 396/396/396 799/799/799 853/853/853
f 853/853/853 799/799/799 114/114/114
f 854/854/854 587/587/587 397/397/397
f 641/641/641 613/613/613 738/738/738
f 423/423/423 545/545/545 422/422/422
f 703/703/703 668/668/668 740/740/740
f 819/819/819 748/748/748 831/831/831
f 174/174/174 175/175/175 830/830/830
f 772/772/772 788/788/788 474/474/474
f 473/473/473 770/770/770 624/624/624
f 587/587/587 588/588/588 397/397/397
f 472/472/472 661/661/661 855/855/855
f 472/472/472 855/855/855 838/838/838
f 472/472/472 840/840/840 843/843/843
f 204/204/204 367/367/367 366/366/366
f 588/588/588 114/114/114 799/799/799
f 28/28/28 29/29/29 856/856/856
f 453/453/453 165/165/165 101/101/101
f 27/27/27 33/33/33 40/40/40
f 360/360/360 624/624/624 693/693/693
f 621/621/621 696/696/696 76/76/76
f 820/820/820 819/819/819 827/827/827
f 819/819/819 828/828/828 827/827/827
f 660/660/660 658/658/658 325/325/325
f 275/275/275 257/257/257 258/258/258
f 841/841/841 830/830/830 857/857/857
f 857/857/857 830/830/830 845/845/845
f 848/848/848 830/830/830 851/851/851
f 556/556/556 351/351/351 74/74/74
f 807/807/807 841/841/841 858/858/858
f 90/90/90 202/202/202 335/335/335
f 788/788/788 772/772/772 726/726/726
f 591/591/591 146/146/146 123/123/123
f 570/570/570 616/616/616 584/584/584
f 168/168/168 312/312/312 684/684/684
f 94/94/94 703/703/703 93/93/93
f 297/297/297 597/597/597 748/748/748
f 787/787/787 859/859/859 474/474/474
f 787/787/787 686/686/686 859/859/859
f 686/686/686 835/835/835 859/859/859
f 686/686/686 109/109/109 835/835/835
f 109/109/109 382/382/382 835/835/835
f 369/369/369 413/413/413 362/362/362
f 681/681/681 435/435/435 816/816/816
f 29/29/29 694/694/694 856/856/856
f 228/228/228 439/439/439 231/231/231
f 460/460/460 789/789/789 462/462/462
f 844/844/844 134/134/134 794/794/794
f 507/507/507 266/266/266 763/763/763
f 266/266/266 719/719/719 763/763/763
f 720/720/720 770/770/770 835/835/835
f 770/770/770 859/859/859 835/835/835
f 859/859/859 770/770/770 473/473/473
f 474/474/474 859/859/859 473/473/473
f 651/651/651 683/683/683 367/367/367
f 773/773/773 474/474/474 328/328/328
f 763/763/763 762/762/762 507/507/507
f 371/371/371 128/128/128 783/783/783
f 672/672/672 356/356/356 715/715/715
f 649/649/649 347/347/347 506/506/506
f 291/291/291 296/296/296 523/523/523
f 836/836/836 701/701/701 834/834/834
f 606/606/606 685/685/685 749/749/749
f 8/8/8 579/579/579 330/330/330
f 833/833/833 397/397/397 395/395/395
f 260/260/260 271/271/271 392/392/392
f 660/660/660 325/325/325 675/675/675
f 603/603/603 743/743/743 604/604/604
f 836/836/836 834/834/834 822/822/822
f 821/821/821 836/836/836 822/822/822
f 744/744/744 557/557/557 745/745/745
f 706/706/706 117/117/117 118/118/118
f 585/585/585 665/665/665 225/225/225
f 495/495/495 666/666/666 667/667/667
f 693/693/693 624/624/624 267/267/267
f 265/265/265 693/693/693 267/267/267
f 440/440/440 778/778/778 439/439/439
f 264/264/264 522/522/522 535/535/535
f 850/850/850 477/477/477 844/844/844
f 727/727/727 710/710/710 403/403/403
f 522/522/522 528/528/528 535/535/535
f 582/582/582 583/583/583 287/287/287
f 130/130/130 692/692/692 358/358/358
f 154/154/154 487/487/487 488/488/488
f 718/718/718 626/626/626 166/166/166
f 568/568/568 713/713/713 86/86/86
f 162/162/162 163/163/163 57/57/57
f 397/397/397 833/833/833 854/854/854
f 126/126/126 111/111/111 112/112/112
f 752/752/752 458/458/458 355/355/355
f 202/202/202 103/103/103 335/335/335
f 237/237/237 653/653/653 151/151/151
f 196/196/196 518/518/518 713/713/713
f 208/208/208 166/166/166 111/111/111
f 417/417/417 58/58/58 577/577/577
f 125/125/125 112/112/112 487/487/487
f 769/769/769 670/670/670 124/124/124
f 153/153/153 488/488/488 712/712/712
f 560/560/560 57/57/57 58/58/58
f 197/197/197 712/712/712 518/518/518
f 732/732/732 86/86/86 87/87/87
f 735/735/735 258/258/258 256/256/256
f 408/408/408 206/206/206 207/207/207
f 304/304/304 70/70/70 281/281/281
f 700/700/700 577/577/577 626/626/626
f 773/773/773 328/328/328 329/329/329
f 560/560/560 417/417/417 416/416/416
f 345/345/345 96/96/96 186/186/186
f 441/441/441 336/336/336 337/337/337
f 715/715/715 673/673/673 672/672/672
f 301/301/301 200/200/200 416/416/416
f 574/574/574 675/675/675 676/676/676
f 341/341/341 687/687/687 663/663/663
f 793/793/793 600/600/600 701/701/701
f 317/317/317 3/3/3 410/410/410
f 595/595/595 816/816/816 435/435/435
f 774/774/774 227/227/227 445/445/445
f 758/758/758 412/412/412 759/759/759
f 692/692/692 818/818/818 784/784/784
f 813/813/813 737/737/737 376/376/376
f 277/277/277 445/445/445 228/228/228
f 509/509/509 658/658/658 659/659/659
f 87/87/87 85/85/85 426/426/426
f 792/792/792 230/230/230 439/439/439
f 595/595/595 435/435/435 771/771/771
f 95/95/95 803/803/803 329/329/329
f 4/4/4 610/610/610 11/11/11
f 225/225/225 665/665/665 458/458/458
