mtllib 0143000000.mtl
o 0143000000_part_0
v 0.162561283 1.57010245 0.05509896
v 0.187417433 1.60187685 0.0423282646
v 0.106868744 1.6234026 0.0217964612
v 0.0557521731 1.58747184 0.0617748536
v 0.0362825841 1.54406559 0.116736628
v 0.114256211 1.52853072 0.09782548
v 0.228628 1.62515867 0.008445547
v 0.1481353 1.64046693 0.00349671859
v 0.151763156 1.44441307 -0.06500261
v 0.153499156 1.45797586 0.0190858487
v 0.1063428 1.324613 0.0757395849
v 0.118314959 1.34036613 -0.0110587925
v 0.152445629 1.53502774 0.0446330123
v 0.13391009 1.487118 0.0838591754
v 0.129755184 1.51675344 -0.00916799
v 0.106396973 1.40192389 0.09718961
v 0.2019275 1.6227206 -0.0623679645
v 0.14809601 1.56681418 -0.08355299
v 0.0695297 1.55921066 -0.151875332
v 0.0973105654 1.6636467 -0.0670601055
v 0.101171091 1.6490612 -0.0881628543
v 0.0467404351 1.66776216 -0.113567986
v 0.0516026355 1.33350444 -0.07031162
v 0.06754943 1.44255757 -0.120558195
v 0.06312076 1.64502847 0.00516075641
v -0.00139136985 1.63098967 0.02182792
v -0.009522117 1.58091235 0.05030153
v 0.0917135254 1.50613022 0.162820548
v 0.123000726 1.4666847 0.127151981
v -0.0404889621 1.45147 0.156433433
v -0.0299976617 1.41036522 0.137129575
v 0.0293941461 1.45763242 0.183651567
v 0.01978535 1.50249588 0.16879572
v -0.0409954377 1.50458133 0.147384554
v 0.08327501 1.4580673 0.179153532
v -0.0354881547 1.51497889 0.130974129
v 0.0478661731 1.41369569 0.157475755
v 0.0957474858 1.42203081 0.146641433
v -0.0229282286 1.54402876 0.0925061852
v 0.0973105654 1.6636467 -0.0670601055
v 0.04202866 1.26015878 -0.0727044
v 0.127505556 1.2677772 -0.01579272
v 0.09799592 1.24513066 -0.06932465
v 0.241584226 1.5667448 -0.0125341034
v 0.207682922 1.55382276 0.0320693851
v 0.2119852 1.49456108 0.00373041141
v 0.248958692 1.50291622 -0.040311303
v 0.129755184 1.51675344 -0.00916799
v 0.14809601 1.56681418 -0.08355299
v 0.158646688 1.51739192 -0.08336872
v 0.133141384 1.50271 -0.0479363762
v 0.152445629 1.53502774 0.0446330123
v 0.167016953 1.49335182 0.00583773665
v 0.129755184 1.51675344 -0.00916799
v 0.133141384 1.50271 -0.0479363762
v 0.212860018 1.58914411 -0.0654796
v 0.2019275 1.6227206 -0.0623679645
v 0.228628 1.62515867 0.008445547
v 0.230497882 1.52485633 -0.0808780342
v 0.187417433 1.60187685 0.0423282646
v 0.162561283 1.57010245 0.05509896
v 0.04678345 1.38648713 0.138221174
v 0.271912217 1.394626 -0.0933778957
v 0.241300046 1.4029119 -0.136266291
v 0.172551379 1.37771142 -0.1071757
v 0.203661725 1.3734169 -0.04581286
v 0.06120955 1.69128919 0.0115985107
v 0.05274579 1.69478536 0.003917653
v 0.00550639257 1.68445086 0.0146978619
v 0.00322311372 1.68005061 0.0234433282
v 0.03158004 1.80065989 -0.1143343
v 0.09324067 1.77668226 -0.0496514663
v 0.08034931 1.707271 -0.04367629
v 0.038914904 1.71012807 -0.101880759
v 0.08796866 1.7052412 -0.0499401055
v 0.08034931 1.707271 -0.04367629
v 0.06120955 1.69128919 0.0115985107
v 0.00322311372 1.68005061 0.0234433282
v 0.0420453027 1.70952666 -0.111919716
v 0.08796866 1.7052412 -0.0499401055
v 0.08796866 1.7052412 -0.0499401055
v 0.261241257 1.33229733 -0.158142075
v 0.2842534 1.35029769 -0.0995113
v 0.3370776 1.19326055 -0.112847909
v 0.3009406 1.16814566 -0.191210538
v 0.209219068 1.31010664 -0.1634985
v 0.240799278 1.16034889 -0.182660162
v 0.247469038 1.34881437 -0.054345347
v 0.292051554 1.19921613 -0.0500829779
v 0.183032379 1.32155812 -0.113866396
v 0.189357132 1.15012431 -0.124824472
v 0.230916545 1.183594 -0.0320898145
v 0.211025059 1.342448 -0.0537033267
v 0.183032379 1.32155812 -0.113866396
v 0.189357132 1.15012431 -0.124824472
v 0.250425935 1.36726654 -0.151849151
v 0.20311901 1.357913 -0.1632445
v 0.189604715 1.401646 -0.148679912
v 0.172551379 1.37771142 -0.1071757
v 0.241426989 1.38151646 -0.0522269346
v 0.0724738762 1.17490232 0.13853766
v 0.0913054347 1.03151286 0.164550975
v 0.1914031 1.05079329 0.07548094
v 0.1633616 1.19495571 0.0654241741
v 0.200909376 1.06221068 -0.04485235
v 0.168685183 1.20872641 -0.0314187631
v 0.159446135 1.06473136 -0.137383863
v 0.129761845 1.20940542 -0.1034591
v -0.03710561 1.18431425 0.1240819
v -0.0555248149 1.02858984 0.144901127
v 0.039044898 1.32425988 0.1325594
v 0.04702638 1.26100552 0.1257572
v 0.113289066 1.26295447 0.07116854
v -0.0381579436 1.25998759 0.119352892
v -0.0287668146 1.32901108 0.1125182
v 0.24086228 0.638353765 -0.004554345
v 0.216059357 0.818938434 -0.0310836025
v 0.218314469 0.8201734 0.106267482
v 0.261410177 0.636916757 0.143277124
v 0.138661534 0.6324867 -0.119598292
v 0.138437584 0.8342659 -0.1304848
v 0.106335834 0.8264753 0.202895656
v 0.13771975 0.6323168 0.2443101
v -0.07540362 0.815919638 0.159566462
v -0.0940584 0.6306926 0.175838947
v -0.02672333 1.38578308 0.122940265
v 0.05274579 1.69478536 0.003917653
v 0.07084651 1.7483927 0.00569781661
v 0.0175876748 1.7291553 0.0132855894
v 0.00550639257 1.68445086 0.0146978619
v 0.08796866 1.7052412 -0.0499401055
v 0.0420453027 1.70952666 -0.111919716
v 0.038914904 1.71012807 -0.101880759
v 0.08034931 1.707271 -0.04367629
v 0.228628 1.62515867 0.008445547
v 0.310019046 1.11904836 -0.06532663
v 0.335289448 1.1069802 -0.106350414
v 0.321257919 1.1619705 -0.105463758
v 0.292997 1.17227447 -0.0583981574
v 0.287325561 1.14632452 -0.161484271
v 0.223448813 1.13421726 -0.106368527
v 0.237649933 1.10376334 -0.0824196
v 0.269973248 1.11854172 -0.035405688
v 0.246479109 1.16263163 -0.0429746769
v 0.223448813 1.13421726 -0.106368527
v 0.308303177 1.02597189 0.007648685
v 0.3328151 0.9937757 -0.0172585845
v 0.334136873 1.07661927 -0.04335751
v 0.269357532 1.08809948 -0.016483821
v 0.3389371 0.963125169 -0.166051388
v 0.287100554 0.9770878 -0.171986714
v 0.291441083 1.05116129 -0.17563571
v 0.332041979 1.04593587 -0.166588292
v 0.287100554 0.9770878 -0.171986714
v 0.285184562 1.010158 -0.0244030617
v 0.226733461 1.06658387 -0.07302333
v 0.291441083 1.05116129 -0.17563571
v 0.2554696 0.852336049 0.0119270952
v 0.247285977 0.84820646 -0.013862364
v 0.3306197 0.9087948 -0.0449721776
v 0.3585271 0.919289768 -0.0168737974
v 0.308218569 0.94743526 -0.05749565
v 0.2734659 0.9404317 -0.156566
v 0.326450974 0.9305038 0.00210611825
v 0.244260117 0.87651825 0.0226573255
v 0.288776159 1.00518215 0.05165248
v 0.273486674 1.06280684 0.0149316546
v 0.2525937 1.00959659 0.052966278
v 0.244260117 0.87651825 0.0226573255
v 0.326450974 0.9305038 0.00210611825
v 0.239206418 0.8626637 -0.0153399631
v 0.247285977 0.84820646 -0.013862364
v 0.2554696 0.852336049 0.0119270952
v 0.285184562 1.010158 -0.0244030617
v 0.25755465 0.99100405 0.03029805
v 0.229462832 1.05853641 -0.0354774967
v 0.288776159 1.00518215 0.05165248
v 0.25755465 0.99100405 0.03029805
v 0.357401937 1.05996227 -0.0982202739
v 0.3718149 0.9719092 -0.0638982356
v 0.3087978 0.9223838 -0.147685036
v 0.2734659 0.9404317 -0.156566
v 0.188680813 0.8917647 -0.0267546028
v 0.187773272 0.8698329 -0.09738195
v 0.187773272 0.8698329 -0.09738195
v 0.209090278 0.8720028 -0.0321524143
v 0.209090278 0.8720028 -0.0321524143
v 0.308218569 0.94743526 -0.05749565
v 0.188680813 0.8917647 -0.0267546028
v 0.239206418 0.8626637 -0.0153399631
v 0.295704752 1.09740663 -0.157454371
v 0.335289448 1.1069802 -0.106350414
v 0.04979045 1.252457 -0.09312315
v 0.0749505758 1.070298 -0.1882638
v 0.06209087 1.214854 -0.130380481
v 0.05614745 0.632176042 -0.215847686
v 0.06225511 0.8341911 -0.196442828
v 0.237649933 1.10376334 -0.0824196
v 0.295704752 1.09740663 -0.157454371
v 0.310019046 1.11904836 -0.06532663
v 0.269973248 1.11854172 -0.035405688
v 0.237649933 1.10376334 -0.0824196
v 0.295704752 1.09740663 -0.157454371
v 0.211161256 1.89414132 -0.100166164
v 0.161694825 1.89664185 -0.180159137
v 0.1747196 2.00648642 -0.09753563
v 0.140572846 2.000897 -0.169568613
v 0.0398347378 1.87869751 -0.229129821
v 0.02775954 1.99631464 -0.234119132
v 0.045962017 1.78616118 -0.208412811
v 0.1508991 1.78692222 -0.135293
v 0.141113758 1.712601 -0.107976839
v 0.0421939269 1.69824576 -0.161442533
v 0.197506115 1.79794121 -0.0748721361
v 0.139972612 1.89449584 0.0788158849
v 0.1543501 2.020284 0.0274403617
v 0.131617874 1.978862 0.09056322
v 0.181891352 1.80110312 0.0331356376
v 0.1602788 1.79568076 0.0615511239
v 0.163884059 1.73094034 0.06107443
v 0.1554528 1.71570063 -0.0429185
v 0.196325257 1.89949286 -0.00220719422
v 0.128774613 2.06703663 -0.128981724
v 0.109625682 2.08808231 -0.0297329277
v 0.008782239 2.08321357 -0.159913316
v 0.08609119 2.044892 0.107109062
v 0.0185349341 2.111028 -0.0307197981
v 0.01458663 2.06881762 0.106731676
v 0.008782239 2.08321357 -0.159913316
v 0.108590454 1.94273007 0.09827445
v 0.06874783 1.97052932 0.118135862
v 0.04418373 1.99902451 0.145745665
v -0.0239608586 2.06201553 0.100735389
v 0.00174562086 1.9924823 0.1297505
v -0.01189997 2.109317 -0.0258785244
v 0.19111757 1.81283307 0.0102262367
v 0.1669237 1.72140586 -0.0142574152
v 0.0593190044 1.92710948 0.134232759
v 0.04457199 1.9620707 0.146651268
v 0.0302197561 1.96281481 0.139436066
v 0.025305612 1.99591339 0.141788125
v -0.0209423043 2.00506139 0.122356117
v 0.181610361 1.73671591 0.03578946
v 0.0536366068 1.962137 0.138446674
v 0.134821534 1.860668 0.08047475
v 0.112670049 1.909978 0.0956673
v -0.1427458 1.55159521 -0.0651405156
v -0.09475106 1.61478436 -0.055204764
v -0.14317669 1.58167255 -0.09696002
v -0.06602497 1.57836473 0.015136675
v -0.08260199 1.53517473 0.07120626
v -0.125380248 1.51060927 0.006049474
v -0.129202157 1.59646118 -0.153522
v -0.105337933 1.6230588 -0.100854225
v -0.135836944 1.51437974 -0.0595166981
v -0.09225686 1.44053006 -0.07530086
v -0.12518011 1.46774173 -0.0153672388
v -0.08601101 1.4824692 -0.07595438
v -0.0944222 1.340591 -0.009382183
v -0.10159196 1.40352964 0.0129902279
v -0.041016534 1.63721693 -0.03451534
v -0.143280149 1.44677055 0.0251716822
v -0.1490926 1.48812127 0.07059659
v -0.110795595 1.4471482 0.129961714
v -0.09967465 1.493562 0.123044983
v -0.147502616 1.44080818 0.0907703
v -0.101259887 1.40292561 0.1002657
v -0.130388752 1.40511906 0.06003575
v -0.0208458472 1.65481019 -0.112311482
v -0.08860377 1.39352894 0.08181272
v -0.03936091 1.68285465 -0.01910674
v -0.0287489332 1.68795073 -0.0209635515
v 0.00322311372 1.68005061 0.0234433282
v -0.0268371645 1.69828153 -0.0764014944
v -0.03801766 1.76304519 -0.0672494248
v -0.0268371645 1.69828153 -0.0764014944
v -0.02923864 1.69541132 -0.08572478
v -0.03936091 1.68285465 -0.01910674
v -0.0208458472 1.65481019 -0.112311482
v -0.02923864 1.69541132 -0.08572478
v -0.02923864 1.69541132 -0.08572478
v -0.134530231 1.19156992 0.0561856665
v -0.186185658 1.06801867 -0.06521035
v -0.166939571 1.04280925 0.06715898
v -0.150568619 1.21576715 -0.04920943
v -0.09076981 1.336702 0.07694348
v -0.10804987 1.28480935 -0.0212565809
v -0.101203166 1.2756418 0.06386061
v -0.217822015 0.6279087 -0.038118463
v -0.184834361 0.8314199 0.08971431
v -0.2153097 0.828120947 -0.05577723
v -0.171381891 0.6300111 0.1147676
v -0.0287489332 1.68795073 -0.0209635515
v -0.02680392 1.73830855 -0.007953835
v -0.02923864 1.69541132 -0.08572478
v 0.038914904 1.71012807 -0.101880759
v 0.0420453027 1.70952666 -0.111919716
v -0.0268371645 1.69828153 -0.0764014944
v -0.03229237 1.43280709 -0.136090517
v -0.0944222 1.340591 -0.009382183
v -0.09225686 1.44053006 -0.07530086
v -0.0378858633 1.34701216 -0.0757779852
v -0.0583758 1.57462883 -0.166726589
v -0.02874609 1.51396561 -0.129151136
v -0.08601101 1.4824692 -0.07595438
v -0.00776489032 1.6409142 -0.129883111
v -0.00143075176 1.25494814 -0.110842496
v -0.05572705 1.2858696 -0.09230567
v -0.186185658 1.06801867 -0.06521035
v -0.08278462 1.22897422 -0.131460458
v -0.115792505 1.08029509 -0.1641668
v -0.150568619 1.21576715 -0.04920943
v -0.0218480788 1.07688618 -0.206861332
v -0.00558011234 1.2203027 -0.1573019
v -0.11822065 0.6270293 -0.148555189
v -0.2153097 0.828120947 -0.05577723
v -0.1298386 0.8326225 -0.164483264
v -0.217822015 0.6279087 -0.038118463
v 0.03044867 0.638863146 -0.18709141
v -0.007671021 0.839271665 -0.196076229
v -0.10804987 1.28480935 -0.0212565809
v -0.129202157 1.59646118 -0.153522
v -0.132419392 1.534785 -0.169242114
v -0.148621142 1.46854019 -0.128008187
v -0.155090228 1.53293455 -0.115890607
v -0.129350349 1.46617424 -0.1827764
v -0.08601101 1.4824692 -0.07595438
v -0.04402699 1.46503985 -0.128569528
v -0.02874609 1.51396561 -0.129151136
v -0.0638704 1.45948744 -0.0878491849
v -0.127581611 1.46620369 -0.08826837
v -0.135836944 1.51437974 -0.0595166981
v -0.08601101 1.4824692 -0.07595438
v -0.0638704 1.45948744 -0.0878491849
v -0.06864305 1.54101872 -0.173668385
v -0.129202157 1.59646118 -0.153522
v -0.0583758 1.57462883 -0.166726589
v -0.08108499 1.4756726 -0.189709991
v -0.14317669 1.58167255 -0.09696002
v -0.1427458 1.55159521 -0.0651405156
v -0.123783551 1.34697008 -0.218826354
v -0.07111312 1.341005 -0.215188608
v -0.132381335 1.33845639 -0.134121254
v -0.06564827 1.323222 -0.138793468
v -0.08520908 1.26392722 -0.233823568
v -0.212111413 1.15219641 -0.246762291
v -0.137305036 1.3007257 -0.227649584
v -0.142016768 1.09606946 -0.250485331
v -0.0603186078 1.23986459 -0.188822955
v -0.118739359 1.0911237 -0.194053233
v -0.1531369 1.31510162 -0.173752591
v -0.233275741 1.18255579 -0.178698882
v -0.08155674 1.26638794 -0.144084811
v -0.138497666 1.10457039 -0.11972557
v -0.219447955 1.17437446 -0.1150816
v -0.136253223 1.30842328 -0.141524687
v -0.138497666 1.10457039 -0.11972557
v -0.08155674 1.26638794 -0.144084811
v -0.07328756 1.29886985 -0.227245376
v -0.0369112752 1.34067893 -0.173367247
v -0.0421910323 1.28478026 -0.1913362
v -0.06564827 1.323222 -0.138793468
v -0.144636884 1.34561443 -0.170580223
v -0.267477185 1.10553026 -0.152424991
v -0.216010988 1.12782824 -0.2164418
v -0.2617365 1.09367871 -0.195820108
v -0.231021255 1.15309989 -0.175936058
v -0.176862553 1.10283887 -0.1380723
v -0.166439965 1.09359217 -0.213156879
v -0.217137352 1.07495 -0.119028516
v -0.222051024 1.14999449 -0.132202372
v -0.262460262 1.10070133 -0.10897392
v -0.176862553 1.10283887 -0.1380723
v -0.325565636 1.0074085 -0.08023706
v -0.316017658 1.07386351 -0.150620654
v -0.3468421 0.983755946 -0.130210891
v -0.2861403 1.0709343 -0.0855475441
v -0.275173247 0.9791818 -0.264221668
v -0.211902112 1.037564 -0.223864511
v -0.227242455 0.976131141 -0.239512727
v -0.250167578 1.04450822 -0.2393373
v -0.227242455 0.976131141 -0.239512727
v -0.21845305 1.03706419 -0.09670794
v -0.292170167 0.9898305 -0.09992522
v -0.211902112 1.037564 -0.223864511
v -0.366474271 0.8030609 -0.104649268
v -0.346283376 0.907829046 -0.177427351
v -0.3455898 0.7957083 -0.120739609
v -0.380793631 0.928255856 -0.152608275
v -0.313671231 0.9384162 -0.165074185
v -0.231941745 0.9351764 -0.231267273
v -0.3573758 0.9241441 -0.123792887
v -0.3581475 0.822162569 -0.08486653
v -0.309787571 0.9310305 -0.00269100373
v -0.2920129 1.03064573 -0.0441675819
v -0.274009377 0.9380196 -0.00148475857
v -0.3581475 0.822162569 -0.08486653
v -0.3573758 0.9241441 -0.123792887
v -0.334680527 0.8064522 -0.114256464
v -0.3455898 0.7957083 -0.120739609
v -0.366474271 0.8030609 -0.104649268
v -0.292170167 0.9898305 -0.09992522
v -0.277234256 0.9163017 -0.0215366744
v -0.229269579 1.01971912 -0.06517466
v -0.309787571 0.9310305 -0.00269100373
v -0.277234256 0.9163017 -0.0215366744
v -0.29882443 1.05883121 -0.208389044
v -0.356750727 0.9830137 -0.194051787
v -0.268962651 0.928578 -0.246722162
v -0.231941745 0.9351764 -0.231267273
v -0.248881355 0.8248891 -0.113009527
v -0.203765839 0.829710543 -0.168938965
v -0.203765839 0.829710543 -0.168938965
v -0.266245663 0.813922465 -0.1333671
v -0.266245663 0.813922465 -0.1333671
v -0.313671231 0.9384162 -0.165074185
v -0.248881355 0.8248891 -0.113009527
v -0.334680527 0.8064522 -0.114256464
v -0.20821856 1.07034206 -0.20368053
v -0.2617365 1.09367871 -0.195820108
v -0.217137352 1.07495 -0.119028516
v -0.20821856 1.07034206 -0.20368053
v -0.267477185 1.10553026 -0.152424991
v -0.262460262 1.10070133 -0.10897392
v -0.217137352 1.07495 -0.119028516
v -0.20821856 1.07034206 -0.20368053
v -0.15966171 1.85561454 -0.149882868
v -0.148635283 1.97289121 -0.140888229
v -0.09261724 1.87022007 -0.214255035
v -0.09649445 1.97626674 -0.201352537
v -0.0788398162 1.76515031 -0.190987587
v -0.06916031 1.69173741 -0.163119629
v -0.1402999 1.75866652 -0.136376873
v -0.139176771 1.86549342 0.04138996
v -0.151391447 1.94945872 0.0526197851
v -0.164766088 1.98712909 -0.0153439455
v -0.1479812 1.76683092 -0.011090802
v -0.133888528 1.76511812 0.0221117176
v -0.1240917 1.70102108 0.022465134
v -0.113491416 1.688376 -0.1135304
v -0.172268748 1.86119759 -0.0516250655
v -0.109293647 2.04230237 -0.160899818
v -0.121335156 2.06408668 -0.0606981255
v -0.126060456 2.02285075 0.07866565
v -0.0397163443 2.1049757 -0.0385296121
v -0.0632892549 2.06072664 0.09629076
v -0.124363929 1.91852725 0.06704194
v -0.0975413248 1.95325267 0.09584123
v -0.08730291 1.98536372 0.128117085
v -0.04174787 1.98796356 0.123919263
v -0.153089345 1.77707148 -0.0359220169
v -0.138293266 1.69028258 -0.0943386853
v -0.0840655044 1.91221261 0.115009017
v -0.06516172 1.9529053 0.126648128
v -0.0804415 1.94908237 0.129890531
v -0.0678207055 1.98623788 0.129302546
v -0.151689932 1.6926893 -0.0297969319
v -0.08687407 1.94753861 0.119608186
v -0.1279135 1.83337092 0.04524952
v -0.120920531 1.885709 0.0643495
v 0.138258755 2.058214 -0.0485772826
v 0.118343093 2.09220672 -0.235084265
v 0.186106414 2.1563983 -0.0585512258
v 0.0923362151 2.04871416 -0.186492577
v -0.05668093 2.03323221 -0.206471533
v -0.200303778 2.11625218 -0.110357746
v -0.07735269 2.07187486 -0.261321425
v -0.1379006 2.02952242 -0.08560233
v -0.1379006 2.02952242 -0.08560233
v -0.130247191 2.18395829 0.04634702
v -0.200303778 2.11625218 -0.110357746
v -0.0947889 2.07041717 0.04894952
v -0.0947889 2.07041717 0.04894952
v 0.0654486 2.20429015 0.07258419
v -0.130247191 2.18395829 0.04634702
v 0.0542282052 2.08589935 0.06892843
v 0.186106414 2.1563983 -0.0585512258
v 0.138258755 2.058214 -0.0485772826
v -0.1267289 2.15427041 -0.100128241
v 0.106301405 2.17848086 -0.068885535
v 0.07095841 2.13166618 -0.180612653
v -0.05478601 2.118602 -0.197471365
v -0.0838132948 2.171338 -0.0218315646
v 0.0419311151 2.18440247 -0.00497285463
v 0.138258755 2.058214 -0.0485772826
v 0.0923362151 2.04871416 -0.186492577
v 0.07095841 2.13166618 -0.180612653
v 0.106301405 2.17848086 -0.068885535
v -0.05668093 2.03323221 -0.206471533
v -0.05478601 2.118602 -0.197471365
v -0.1379006 2.02952242 -0.08560233
v -0.1267289 2.15427041 -0.100128241
v -0.1379006 2.02952242 -0.08560233
v -0.0947889 2.07041717 0.04894952
v -0.0838132948 2.171338 -0.0218315646
v -0.1267289 2.15427041 -0.100128241
v -0.0947889 2.07041717 0.04894952
v 0.0542282052 2.08589935 0.06892843
v 0.0419311151 2.18440247 -0.00497285463
v -0.0838132948 2.171338 -0.0218315646
v 0.0542282052 2.08589935 0.06892843
v 0.138258755 2.058214 -0.0485772826
v 0.106301405 2.17848086 -0.068885535
v 0.0419311151 2.18440247 -0.00497285463
v 0.159104034 0.716609061 0.13476415
v 0.188083991 0.7371031 0.0419003479
v 0.141899019 0.7780756 0.120606586
v 0.0843298659 0.765283763 0.113861054
v 0.09780891 0.7056235 0.136521354
v 0.06889341 0.72837615 0.0267089661
v 0.193216324 0.5469877 -0.0469958819
v 0.174862564 0.7086193 -0.00270330929
v 0.18270193 0.69879514 0.0441025347
v 0.220371217 0.5197289 0.03912173
v 0.1538408 0.709138334 0.114190236
v 0.18523553 0.5056093 0.08770805
v 0.07870919 0.708366156 0.0342104919
v 0.114997685 0.7043888 -0.005719575
v 0.121778786 0.535490632 -0.06345952
v 0.09140296 0.5035338 0.009799312
v 0.110896386 0.6985587 0.120710678
v 0.126882792 0.497773468 0.08908703
v 0.07870919 0.708366156 0.0342104919
v 0.09140296 0.5035338 0.009799312
v 0.230071962 0.269340366 0.033163324
v 0.205309808 0.2685353 -0.0289418139
v 0.199061632 0.2753698 0.07883521
v 0.147563308 0.264183283 -0.0282567069
v 0.128031388 0.26255402 0.0414004028
v 0.155028716 0.270302951 0.0796379745
v 0.128031388 0.26255402 0.0414004028
v 0.161246687 0.7326515 -0.005046266
v 0.06889341 0.72837615 0.0267089661
v 0.1012797 0.7281677 -0.009342446
v 0.2872116 0.005099417 0.04902815
v 0.1346705 0.0229737479 0.0917231962
v 0.116362289 0.0230166744 -0.019892985
v 0.240796238 0.007092869 -0.0486417823
v 0.252397418 0.180466086 0.03315304
v 0.229453132 0.190257326 -0.0238842517
v 0.252397418 0.180466086 0.03315304
v 0.251158178 0.1137633 -0.0456504375
v 0.229453132 0.190257326 -0.0238842517
v 0.292439818 0.09495059 0.04861326
v 0.2431018 0.174494088 0.104725368
v 0.132435217 0.197608963 -0.0149186887
v 0.135304391 0.195325911 0.0605455451
v 0.139307126 0.04673056 0.115196288
v 0.135519624 0.09360843 0.0856480747
v 0.112258188 0.09816623 -0.0147044966
v 0.115203217 0.0467091165 -0.0204612575
v 0.190960065 0.193824366 -0.0501551
v 0.166331664 0.121246085 -0.06987986
v 0.190960065 0.193824366 -0.0501551
v 0.19329159 0.191676557 0.140220344
v 0.278039068 0.0746183842 0.334130675
v 0.275231957 0.119579211 0.3101126
v 0.20737502 0.112755708 0.303527981
v 0.204313561 0.07568279 0.327670217
v 0.150059968 0.179677472 0.122617848
v 0.135304391 0.195325911 0.0605455451
v 0.31527698 0.006666895 0.131501749
v 0.154630065 0.0129838241 0.196714953
v 0.139307126 0.04673056 0.115196288
v 0.2980024 0.0286769029 0.07256862
v 0.2431018 0.174494088 0.104725368
v 0.325996965 0.103421085 0.2755845
v 0.329863369 0.07617629 0.213044718
v 0.150059968 0.179677472 0.122617848
v 0.135304391 0.195325911 0.0605455451
v 0.19329159 0.191676557 0.140220344
v 0.243441924 0.0306744315 -0.0491684154
v 0.169575125 0.0403415151 -0.0685507059
v 0.3291237 0.004343983 0.28853488
v 0.204957455 0.00866773352 0.323278874
v 0.275482267 0.00471691927 0.3392094
v 0.167895868 0.08383675 0.22016342
v 0.154630065 0.0129838241 0.196714953
v 0.204957455 0.00866773352 0.323278874
v 0.275482267 0.00471691927 0.3392094
v 0.3291237 0.004343983 0.28853488
v 0.31527698 0.006666895 0.131501749
v 0.3402558 0.0702214539 0.29713
v 0.278039068 0.0746183842 0.334130675
v 0.275482267 0.00471691927 0.3392094
v 0.275231957 0.119579211 0.3101126
v 0.19329159 0.191676557 0.140220344
v 0.2980024 0.0286769029 0.07256862
v 0.132435217 0.197608963 -0.0149186887
v 0.166331664 0.121246085 -0.06987986
v 0.169575125 0.0403415151 -0.0685507059
v 0.190960065 0.193824366 -0.0501551
v 0.166801468 0.0156191709 -0.06799859
v 0.139307126 0.04673056 0.115196288
v 0.116362289 0.0230166744 -0.019892985
v 0.1346705 0.0229737479 0.0917231962
v 0.2872116 0.005099417 0.04902815
v 0.240796238 0.007092869 -0.0486417823
v 0.166801468 0.0156191709 -0.06799859
v 0.169575125 0.0403415151 -0.0685507059
v -0.138421655 0.7182016 0.0112644816
v -0.124957107 0.7807782 0.0102842683
v -0.113974877 0.741357148 -0.08121189
v -0.08758256 0.7135538 0.0469670519
v -0.0721959 0.7746195 0.0367733054
v -0.00641694525 0.746286631 -0.0272085369
v -0.0462385267 0.5556033 -0.1562341
v -0.1046887 0.703231454 -0.07812059
v -0.0732784346 0.7154741 -0.112930678
v -0.113370568 0.521790445 -0.09925471
v -0.109781682 0.5091813 -0.03906634
v -0.120867394 0.713984668 -0.00413589738
v -0.0144061819 0.7238138 -0.0288331062
v 0.0230774749 0.5523148 -0.129946589
v -0.0217652135 0.717546046 -0.08206181
v 0.0110385465 0.5203672 -0.05155528
v -0.08793827 0.7076621 0.0254334845
v -0.0615600459 0.5073655 -0.00530659966
v -0.0144061819 0.7238138 -0.0288331062
v 0.0110385465 0.5203672 -0.05155528
v -0.0902167 0.272273034 -0.104641721
v -0.03525716 0.276860923 -0.142447233
v -0.09065358 0.279390246 -0.0495684
v 0.0124620562 0.2784756 -0.10967017
v -0.009893181 0.275704324 -0.0409036949
v -0.05422776 0.2788715 -0.0243076552
v -0.009893181 0.275704324 -0.0409036949
v -0.06534205 0.7432298 -0.105183259
v -0.00641694525 0.746286631 -0.0272085369
v -0.0130719906 0.745394 -0.07523183
v -0.132304639 0.0119965961 -0.06915213
v 0.0458973 0.0344634876 -0.113872841
v 0.0122773191 0.0344352536 -0.005877198
v -0.07285096 0.01484628 -0.159456715
v -0.0587216169 0.1967567 -0.145881891
v -0.102304459 0.184101388 -0.102060236
v -0.102304459 0.184101388 -0.102060236
v -0.0587216169 0.1967567 -0.145881891
v -0.08647583 0.121189639 -0.158864617
v -0.139909163 0.10165827 -0.07107423
v -0.1221902 0.177491009 -0.03173583
v 0.0269688983 0.2114873 -0.09840806
v -0.0060401503 0.20753175 -0.0294158235
v 0.00377081241 0.0581626371 0.01651748
v 0.0471599922 0.109723873 -0.108823285
v 0.0103254989 0.104986556 -0.0126292855
v 0.04646795 0.0581763759 -0.114482246
v -0.0127070826 0.203824654 -0.154772043
v 0.000701956858 0.1309838 -0.1711555
v -0.0127070826 0.203824654 -0.154772043
v -0.09170853 0.197830945 0.0212270338
v -0.164733589 0.08312471 0.213849
v -0.0915876552 0.123120718 0.193007171
v -0.159864113 0.12803103 0.190059587
v -0.09088311 0.08626755 0.2176642
v -0.0436293148 0.189576745 0.0224465672
v -0.0060401503 0.20753175 -0.0294158235
v -0.17158182 0.0131581863 0.008616572
v 0.00377081241 0.0581626371 0.01651748
v -0.0217823964 0.02438498 0.0954163447
v -0.1469077 0.0353689156 -0.0475424752
v -0.1221902 0.177491009 -0.03173583
v -0.199266791 0.0826143548 0.08673803
v -0.2048766 0.110260151 0.148968965
v -0.0436293148 0.189576745 0.0224465672
v -0.0060401503 0.20753175 -0.0294158235
v -0.09170853 0.197830945 0.0212270338
v -0.0005030648 0.0500232279 -0.169588462
v -0.07604946 0.0383396447 -0.160551444
v -0.207028121 0.011197798 0.162227288
v -0.08905625 0.0192411132 0.213812634
v -0.160973251 0.0133503862 0.219844714
v -0.0401310474 0.09494154 0.116178013
v -0.08905625 0.0192411132 0.213812634
v -0.0217823964 0.02438498 0.0954163447
v -0.160973251 0.0133503862 0.219844714
v -0.207028121 0.011197798 0.162227288
v -0.17158182 0.0131581863 0.008616572
v -0.221064508 0.07677039 0.168619037
v -0.164733589 0.08312471 0.213849
v -0.160973251 0.0133503862 0.219844714
v -0.159864113 0.12803103 0.190059587
v -0.09170853 0.197830945 0.0212270338
v -0.1469077 0.0353689156 -0.0475424752
v 0.0269688983 0.2114873 -0.09840806
v 0.000701956858 0.1309838 -0.1711555
v -0.0005030648 0.0500232279 -0.169588462
v -0.0127070826 0.203824654 -0.154772043
v 0.0028501607 0.0253933445 -0.168440774
v 0.00377081241 0.0581626371 0.01651748
v 0.0458973 0.0344634876 -0.113872841
v 0.0122773191 0.0344352536 -0.005877198
v -0.132304639 0.0119965961 -0.06915213
v -0.07285096 0.01484628 -0.159456715
v 0.0028501607 0.0253933445 -0.168440774
v -0.0005030648 0.0500232279 -0.169588462
v 0.0180653017 1.826713 0.131338641
v 0.0458182357 1.79327989 0.122221343
v 0.0608062558 1.86526728 0.111759588
v 0.0653824061 1.92629218 0.112267852
v 0.00647546863 1.907471 0.125129133
v 0.01343758 1.89056051 0.1191888
v -0.00206706277 1.87449431 0.126192182
v 0.000151949644 1.84006488 0.15397568
v 0.116448745 1.86336434 0.0855980143
v 0.114453107 1.92839718 0.07155833
v -0.00621550623 1.82672334 0.149793729
v 0.0408355743 1.73589242 0.09784602
v 0.0111705419 1.71827912 0.0894322544
v 0.0175876357 1.7291553 0.0132856071
v 0.09324067 1.77668226 -0.04965147
v 0.137807027 1.82650089 -0.0283759367
v 0.135328352 1.81580019 -0.004067893
v 0.07084652 1.7483927 0.005697817
v -0.00320142042 1.816281 0.135404661
v 0.116448745 1.86336434 0.0855980143
v 0.144578621 1.90419006 0.00404273
v 0.114453107 1.92839718 0.07155833
v 0.0988547 1.79018939 0.08936495
v 0.14922981 2.00169373 0.0009053257
v 0.0704222247 2.03779078 0.08312125
v 0.07310185 1.96529484 0.109067336
v 0.0144265909 1.94898641 0.1330061
v 0.00650723837 1.74839854 0.115594357
v 0.009883413 1.72766042 0.105842389
v 0.0408355743 1.73589242 0.09784602
v 0.183666542 1.86526453 -0.0360591821
v 0.183338523 1.90808773 -0.03670411
v 0.173388854 1.830701 -0.0313378647
v 0.1640365 1.907787 -0.0464701131
v 0.15152289 1.92832029 -0.00231580762
v 0.0988547 1.79018939 0.08936495
v -0.0213701334 2.022595 0.111041754
v 0.14922981 2.00169373 0.0009053257
v 0.0111705419 1.71827912 0.0894322544
v 0.0106042493 1.79793453 0.136451885
v 0.016126696 1.77579927 0.130980939
v 0.0009690008 1.78744721 0.126642644
v -0.0243259836 1.82230866 0.125655189
v -0.0673605055 1.85195136 0.0945761055
v -0.0413975269 1.78421855 0.110528223
v -0.084139 1.91075766 0.0922213346
v -0.029686233 1.88608015 0.113407128
v -0.0280774068 1.90388107 0.120496579
v -0.0136290984 1.873293 0.124642052
v -0.0160115547 1.83838558 0.1518086
v -0.112687692 1.83955812 0.0548774078
v -0.12027964 1.90400946 0.0400874168
v -0.0188753046 1.729689 0.08982213
v 0.0175876357 1.7291553 0.0132856071
v -0.03801766 1.76304519 -0.06724943
v -0.09753348 1.7916069 -0.03528797
v -0.09569914 1.80224061 -0.0596824
v -0.02680392 1.73830855 -0.007953835
v -0.126233429 1.87605393 -0.0322653726
v -0.0822796449 1.77137029 0.0650800541
v -0.103820533 2.01968765 0.0597603023
v -0.1495005 1.970657 -0.0391458124
v -0.09847024 1.94746923 0.08606446
v -0.0460222028 1.94270611 0.124901637
v -0.144820586 1.83113623 -0.0800998658
v -0.152992263 1.87314451 -0.08179641
v -0.129367232 1.799246 -0.0719287544
v -0.132163614 1.87701321 -0.08618202
v -0.136005759 1.89844739 -0.04086513
v -0.0128023066 1.79550278 0.13331376
v -0.0121190166 1.77286458 0.127193987
v 0.209954917 1.2100004 0.166501716
v 0.244075641 1.050714 0.18627803
v 0.250461429 1.0375433 0.163663834
v 0.233480871 1.096042 0.1972398
v 0.210278854 1.19460845 0.188830912
v 0.22001946 1.1533556 0.198256627
v 0.21713689 1.1215905 0.213009387
v 0.183748633 1.20384288 0.166634634
v 0.22425513 1.03138578 0.163796753
v 0.22432451 1.04607332 0.186378211
v 0.213729754 1.09140122 0.197339982
v 0.190527752 1.18996763 0.188931108
v 0.200268418 1.1487149 0.198356792
v 0.161271945 1.30394828 -0.338941664
v 0.253068835 0.9242652 0.17087096
v 0.165794283 1.29584873 0.177463368
v 0.2485465 0.932364762 -0.3455341
v 0.179395735 1.30820668 -0.339033574
v 0.27119267 0.92852366 0.170779034
v 0.266670257 0.9366231 -0.345626026
v 0.183918059 1.30010712 0.177371442
v 0.161271945 1.30394828 -0.338941664
v 0.266670257 0.9366231 -0.345626026
v 0.2485465 0.932364762 -0.3455341
v 0.179395735 1.30820668 -0.339033574
v 0.2485465 0.932364762 -0.3455341
v 0.27119267 0.92852366 0.170779034
v 0.253068835 0.9242652 0.17087096
v 0.266670257 0.9366231 -0.345626026
v 0.253068835 0.9242652 0.17087096
v 0.183918059 1.30010712 0.177371442
v 0.165794283 1.29584873 0.177463368
v 0.27119267 0.92852366 0.170779034
v 0.165794283 1.29584873 0.177463368
v 0.179395735 1.30820668 -0.339033574
v 0.161271945 1.30394828 -0.338941664
v 0.183918059 1.30010712 0.177371442
v -0.2772049 0.8324544 -0.1193517
v -0.275177151 0.8729882 -0.141478732
v -0.3051864 0.8716334 -0.09842803
v -0.315768868 0.820235968 -0.09698529
v -0.2772049 0.8324544 -0.1193517
v -0.352304816 0.8485516 -0.0967462137
v -0.350277066 0.8890853 -0.118873164
v -0.3117132 0.9013037 -0.141239524
v -0.345608056 0.745589852 -0.2847447
v -0.3435803 0.7861237 -0.306871772
v -0.384172022 0.733371735 -0.262378484
v -0.345608056 0.745589852 -0.2847447
v -0.42070803 0.7616871 -0.262139231
v -0.4186802 0.802220941 -0.284266323
v -0.380116254 0.8144391 -0.306632519
v -0.3939931 0.758858442 -0.313155383
v -0.4100314 0.733300865 -0.333752871
v -0.396615624 0.7507358 -0.34845823
v -0.397285849 0.7373392 -0.341145128
v -0.422106862 0.7426594 -0.3336738
v -0.4214366 0.756056 -0.340986878
v -0.408691049 0.7600944 -0.348379165
v -0.262280673 0.8993629 -0.0730586946
v -0.263405055 0.8768881 -0.0607898533
v -0.2860755 0.8473636 -0.110725254
v -0.28495124 0.8698387 -0.122994147
v -0.263405055 0.8768881 -0.0607898533
v -0.284787655 0.870113552 -0.0483884625
v -0.307458222 0.840589 -0.0983238146
v -0.2860755 0.8473636 -0.110725254
v -0.305046022 0.8858137 -0.04825568
v -0.32771638 0.8562891 -0.09819115
v -0.3039216 0.9082885 -0.0605245121
v -0.3265921 0.878764153 -0.110460028
v -0.282538921 0.915063262 -0.07292604
v -0.305209368 0.8855387 -0.122861437
v -0.376276553 0.773273766 -0.30963105
v -0.377128333 0.7562479 -0.3003368
v -0.397285849 0.7373392 -0.341145128
v -0.396615624 0.7507358 -0.34845823
v -0.377128333 0.7562479 -0.3003368
v -0.39332667 0.7511156 -0.290942073
v -0.4100314 0.733300865 -0.333752871
v -0.397285849 0.7373392 -0.341145128
v -0.4086734 0.7630093 -0.29084152
v -0.422106862 0.7426594 -0.3336738
v -0.407821476 0.780035 -0.300135821
v -0.4214366 0.756056 -0.340986878
v -0.391623139 0.785167158 -0.309530526
v -0.408691049 0.7600944 -0.348379165
v -0.23244299 0.8774995 -0.0309439618
v -0.31152302 0.8944499 -0.007140431
v -0.2730507 0.8646337 -0.00739234174
v -0.3093878 0.937131941 -0.0304402262
v -0.2687801 0.9499977 -0.0539918542
v -0.230307728 0.9201816 -0.0542437
v -0.230307728 0.9201816 -0.0542437
v -0.243194357 0.8638463 -0.0569400638
v -0.241059154 0.906528354 -0.08023987
v -0.23244299 0.8774995 -0.0309439618
v -0.23244299 0.8774995 -0.0309439618
v -0.283802122 0.850980461 -0.033388447
v -0.243194357 0.8638463 -0.0569400638
v -0.2730507 0.8646337 -0.00739234174
v -0.322274536 0.8807967 -0.0331365019
v -0.31152302 0.8944499 -0.007140431
v -0.32013917 0.923478663 -0.05643631
v -0.3093878 0.937131941 -0.0304402262
v -0.279531628 0.9363445 -0.0799879357
v -0.2687801 0.9499977 -0.0539918542
v -0.2851448 0.889245868 -0.06509767
vt 0.7482918 0.877934
vt 0.749302566 0.9043311
vt 0.7105658 0.9148996
vt 0.687406361 0.886348
vt 0.6864431 0.841692746
vt 0.7283417 0.8444576
vt 0.749026 0.9364771
vt 0.7278268 0.927681
vt 0.854528546 0.8094149
vt 0.793633342 0.8128469
vt 0.7933689 0.7250878
vt 0.863431752 0.750090361
vt 0.7497185 0.853022754
vt 0.7623847 0.81427294
vt 0.7941051 0.83907
vt 0.745722532 0.754151464
vt 0.855905 0.9026721
vt 0.8555717 0.8563745
vt 0.953676939 0.888479
vt 0.912025154 0.9566938
vt 0.92291 0.944866836
vt 0.9538987 0.96413976
vt 0.93233 0.7473947
vt 0.9540705 0.8179869
vt 0.6862915 0.9311308
vt 0.645114541 0.9188859
vt 0.645135045 0.883401155
vt 0.7240999 0.814859867
vt 0.7375787 0.7927005
vt 0.645209968 0.7761169
vt 0.6451976 0.7548478
vt 0.6900868 0.782229841
vt 0.68668133 0.8102604
vt 0.645203 0.8141807
vt 0.7166262 0.7826596
vt 0.64519155 0.8230581
vt 0.6938532 0.7564042
vt 0.724683344 0.7673049
vt 0.645164669 0.8446721
vt 0.7212316 0.957113147
vt 0.9356033 0.7009665
vt 0.854751945 0.681158841
vt 0.9075637 0.664346
vt 0.67513895 0.1571294
vt 0.6775562 0.194725215
vt 0.7097411 0.194725215
vt 0.7088156 0.1571294
vt 0.668777764 0.009360611
vt 0.6647353 0.0610311627
vt 0.7010933 0.06539369
vt 0.7051554 0.004877448
vt 0.672727466 0.2497536
vt 0.709467769 0.242797375
vt 0.677597761 0.288292348
vt 0.709709346 0.288292348
vt 0.6701917 0.111713946
vt 0.649413168 0.104603708
vt 0.649413168 0.166100323
vt 0.7056846 0.121366918
vt 0.649413168 0.204584241
vt 0.652665854 0.236025572
vt 0.691803038 0.735832
vt 0.7782705 0.1571294
vt 0.776737034 0.117514849
vt 0.782165945 0.288292348
vt 0.7802833 0.242797375
vt 0.680595756 0.961024761
vt 0.676146448 0.969154358
vt 0.644018531 0.9604223
vt 0.6450133 0.9479327
vt 1.17059827 0.249582052
vt 1.10872614 0.25368607
vt 1.10755348 0.215525329
vt 1.16273367 0.210432053
vt 0.7149218 0.9783804
vt 0.709522069 0.986402333
vt 0.681098163 0.961410463
vt 0.6451147 0.9479599
vt 0.953598857 0.9941963
vt 0.903049648 0.9904605
vt 0.7149698 0.978327751
vt 0.8114434 0.114662647
vt 0.8041375 0.1571294
vt 0.9123487 0.1571294
vt 0.9123487 0.104152977
vt 0.814274549 0.07225233
vt 0.9123487 0.06718445
vt 0.8031008 0.194725215
vt 0.9123487 0.194725215
vt 0.8044412 0.004877448
vt 0.9123487 0.004877448
vt 0.9123487 0.242797375
vt 0.8039636 0.242797375
vt 0.8146343 0.288292348
vt 0.9123487 0.288292348
vt 0.7951043 0.114921093
vt 0.794550061 0.0770825148
vt 0.7755901 0.07149583
vt 0.7711123 0.004877448
vt 0.7793391 0.194725215
vt 0.7174589 0.578727067
vt 0.7202249 0.499937415
vt 0.79314667 0.520071149
vt 0.7931449 0.6088255
vt 0.8572956 0.5202649
vt 0.856756 0.6266478
vt 0.9292025 0.541276157
vt 0.923380852 0.624770463
vt 0.6451868 0.5748923
vt 0.6452005 0.489774048
vt 0.691111147 0.6948543
vt 0.697361052 0.63331604
vt 0.79314363 0.6592713
vt 0.6451858 0.631682038
vt 0.645182 0.6951625
vt 0.8601183 0.301529467
vt 0.862182438 0.40347755
vt 0.7931481 0.4034084
vt 0.793148935 0.301837623
vt 0.9339965 0.3015648
vt 0.929046035 0.4044087
vt 0.7207575 0.399086058
vt 0.719305 0.301107526
vt 0.645209849 0.396695971
vt 0.645220339 0.300972939
vt 0.6451891 0.7361359
vt 1.06870115 0.20562315
vt 1.06760645 0.239550352
vt 1.02568448 0.225354552
vt 1.02828157 0.19376123
vt 0.90362823 0.9902923
vt 0.953424037 0.9938292
vt 0.953655958 0.9639674
vt 0.909228861 0.9613991
vt 0.855824947 0.93375504
vt 0.9897776 0.194725215
vt 0.9897776 0.1571294
vt 0.9443236 0.1571294
vt 0.9443236 0.194725215
vt 0.9443236 0.07775152
vt 0.9443236 0.004877448
vt 0.9897776 0.288292348
vt 0.9897776 0.242797375
vt 0.9443236 0.242797375
vt 0.9443236 0.288292348
vt 0.416897476 0.117815256
vt 0.389015645 0.117815256
vt 0.40110603 0.0562398434
vt 0.4393705 0.0562398434
vt 0.316911757 0.117815256
vt 0.281395316 0.107429445
vt 0.3003014 0.0562398434
vt 0.320280463 0.0562398434
vt 0.608821034 0.108727694
vt 0.518404245 0.146336675
vt 0.5091314 0.0562398434
vt 0.589243054 0.0562398434
vt 0.3686834 0.273891449
vt 0.358198136 0.271051824
vt 0.35399574 0.175151825
vt 0.376860648 0.178919673
vt 0.573337853 0.180186391
vt 0.621165037 0.142029345
vt 0.384432942 0.181237638
vt 0.383202 0.266420424
vt 0.435257316 0.2050603
vt 0.4495722 0.117815256
vt 0.4546764 0.205037057
vt 0.5514043 0.2527827
vt 0.5364853 0.212531149
vt 0.57976985 0.245019078
vt 0.5821191 0.2732337
vt 0.565315068 0.2824645
vt 0.407002032 0.158050239
vt 0.419341624 0.2155925
vt 0.491998434 0.117815256
vt 0.4765829 0.21720022
vt 0.494128436 0.200001
vt 0.358370274 0.0562398434
vt 0.35108006 0.117815256
vt 0.300279081 0.160568237
vt 0.276981115 0.147310138
vt 0.582092166 0.228187382
vt 0.6340453 0.212648332
vt 0.3019103 0.252378941
vt 0.347512454 0.262943268
vt 0.5948094 0.241201818
vt 0.352449238 0.209918141
vt 0.3510702 0.263692141
vt 0.349975228 0.265031576
vt 0.320357025 0.00725954771
vt 0.358217835 0.00725954771
vt 0.9427047 0.6704937
vt 0.988281667 0.548012257
vt 0.960484743 0.631336
vt 0.9934296 0.301757932
vt 0.9929537 0.405938685
vt 0.9897776 0.004877448
vt 0.9897776 0.073710084
vt 0.399663329 0.00725954771
vt 0.438476533 0.00725954771
vt 0.510938942 0.00725954771
vt 0.5832379 0.00725954771
vt 0.131061688 0.756303251
vt 0.08370285 0.7830921
vt 0.140475571 0.845929742
vt 0.09851885 0.8622741
vt 0.0116833868 0.8154964
vt 0.0322000273 0.8838783
vt 0.0115396157 0.7379026
vt 0.0813687 0.6983931
vt 0.103704587 0.639446139
vt 0.0212216936 0.6468254
vt 0.130697817 0.6833519
vt 0.267086357 0.740421534
vt 0.2310966 0.8383742
vt 0.277676284 0.807349145
vt 0.215490788 0.6675356
vt 0.242942885 0.664549947
vt 0.238153115 0.61561805
vt 0.151428387 0.627476156
vt 0.193904117 0.7425393
vt 0.135991514 0.911969543
vt 0.206307471 0.9096115
vt 0.06087856 0.941368
vt 0.2975397 0.8578826
vt 0.235187024 0.9505498
vt 0.3231431 0.885771632
vt 0.115316331 0.964271545
vt 0.300367117 0.784291267
vt 0.320949167 0.807788849
vt 0.340139985 0.8277327
vt 0.343016118 0.9039885
vt 0.3753022 0.846130431
vt 0.24532558 0.967827141
vt 0.196293712 0.6775429
vt 0.167544127 0.624770045
vt 0.3411652 0.752740741
vt 0.352566749 0.7977485
vt 0.364758074 0.7978863
vt 0.35897845 0.8388886
vt 0.389212042 0.870304763
vt 0.21424368 0.619372845
vt 0.3406293 0.797197461
vt 0.278107315 0.6973811
vt 0.305369437 0.749911249
vt 0.5350166 0.8752448
vt 0.5831862 0.914865
vt 0.5406244 0.9042775
vt 0.6051534 0.8863258
vt 0.606141746 0.841671
vt 0.561492145 0.832815
vt 0.5278804 0.9357582
vt 0.5566418 0.927638769
vt 0.521608949 0.8563126
vt 0.494247973 0.8117514
vt 0.540323 0.80974406
vt 0.494247973 0.84202677
vt 0.494247973 0.725039363
vt 0.555388331 0.759758949
vt 0.604683 0.9274306
vt 0.5596524 0.793398857
vt 0.580114365 0.810419142
vt 0.601729035 0.777974
vt 0.6059892 0.81023854
vt 0.584229231 0.7850762
vt 0.5962294 0.755855143
vt 0.571111262 0.7700561
vt 0.5623706 0.9520875
vt 0.5961298 0.734164834
vt 0.6100756 0.953887343
vt 0.6143481 0.964952052
vt 0.644481957 0.9474882
vt 1.10755348 0.215525329
vt 1.10872614 0.25368607
vt 0.5810324 0.982300043
vt 0.5719284 0.977649748
vt 0.61002773 0.9535171
vt 0.912025154 0.9566938
vt 0.903049648 0.9904605
vt 0.5714385 0.977716267
vt 0.5768282 0.5786889
vt 0.494127035 0.5196066
vt 0.5761225 0.499892354
vt 0.494247973 0.6084762
vt 0.5962682 0.69483006
vt 0.494247973 0.6591928
vt 0.5943859 0.633288443
vt 0.494003147 0.3018353
vt 0.5741533 0.3990749
vt 0.494043261 0.403252184
vt 0.571033 0.3011061
vt 1.06870115 0.20562315
vt 1.06760645 0.239550352
vt 0.9065377 0.977619231
vt 0.943157 0.991745532
vt 0.9533559 0.9812238
vt 0.914495 0.9910352
vt 0.854528546 0.8094149
vt 0.7933689 0.7250878
vt 0.793633342 0.8128469
vt 0.863431752 0.750090361
vt 0.855905 0.9026721
vt 0.8555717 0.8563745
vt 0.7941051 0.83907
vt 0.92291 0.944866836
vt 0.9075637 0.664346
vt 0.854751945 0.681158841
vt 0.79314667 0.520071149
vt 0.856756 0.6266478
vt 0.8572956 0.5202649
vt 0.7931449 0.6088255
vt 0.9292025 0.541276157
vt 0.923380852 0.624770463
vt 0.8601183 0.301529467
vt 0.7931481 0.4034084
vt 0.862182438 0.40347755
vt 0.793148935 0.301837623
vt 0.9339965 0.3015648
vt 0.929046035 0.4044087
vt 0.79314363 0.6592713
vt 0.855824947 0.93375504
vt 0.67513895 0.1571294
vt 0.7097411 0.194725215
vt 0.6775562 0.194725215
vt 0.7088156 0.1571294
vt 0.668777764 0.009360611
vt 0.7010933 0.06539369
vt 0.6647353 0.0610311627
vt 0.7051554 0.004877448
vt 0.709467769 0.242797375
vt 0.672727466 0.2497536
vt 0.677597761 0.288292348
vt 0.709709346 0.288292348
vt 0.6701917 0.111713946
vt 0.649413168 0.166100323
vt 0.649413168 0.104603708
vt 0.7056846 0.121366918
vt 0.649413168 0.204584241
vt 0.652665854 0.236025572
vt 0.7782705 0.1571294
vt 0.776737034 0.117514849
vt 0.7802833 0.242797375
vt 0.782165945 0.288292348
vt 0.8114434 0.114662647
vt 0.9123487 0.1571294
vt 0.8041375 0.1571294
vt 0.9123487 0.104152977
vt 0.814274549 0.07225233
vt 0.9123487 0.06718445
vt 0.8031008 0.194725215
vt 0.9123487 0.194725215
vt 0.8044412 0.004877448
vt 0.9123487 0.004877448
vt 0.9123487 0.242797375
vt 0.8039636 0.242797375
vt 0.9123487 0.288292348
vt 0.8146343 0.288292348
vt 0.7951043 0.114921093
vt 0.7755901 0.07149583
vt 0.794550061 0.0770825148
vt 0.7711123 0.004877448
vt 0.7793391 0.194725215
vt 0.9897776 0.194725215
vt 0.9443236 0.1571294
vt 0.9897776 0.1571294
vt 0.9443236 0.194725215
vt 0.9443236 0.004877448
vt 0.9443236 0.07775152
vt 0.9897776 0.288292348
vt 0.9443236 0.242797375
vt 0.9897776 0.242797375
vt 0.9443236 0.288292348
vt 0.416897476 0.117815256
vt 0.40110603 0.0562398434
vt 0.389015645 0.117815256
vt 0.4393705 0.0562398434
vt 0.316911757 0.117815256
vt 0.3003014 0.0562398434
vt 0.281395316 0.107429445
vt 0.320280463 0.0562398434
vt 0.608821034 0.108727694
vt 0.5091314 0.0562398434
vt 0.518404245 0.146336675
vt 0.589243054 0.0562398434
vt 0.3686834 0.273891449
vt 0.35399574 0.175151825
vt 0.358198136 0.271051824
vt 0.376860648 0.178919673
vt 0.573337853 0.180186391
vt 0.621165037 0.142029345
vt 0.384432942 0.181237638
vt 0.383202 0.266420424
vt 0.435257316 0.2050603
vt 0.4495722 0.117815256
vt 0.4546764 0.205037057
vt 0.5514043 0.2527827
vt 0.5364853 0.212531149
vt 0.57976985 0.245019078
vt 0.5821191 0.2732337
vt 0.565315068 0.2824645
vt 0.407002032 0.158050239
vt 0.419341624 0.2155925
vt 0.491998434 0.117815256
vt 0.4765829 0.21720022
vt 0.494128436 0.200001
vt 0.358370274 0.0562398434
vt 0.35108006 0.117815256
vt 0.300279081 0.160568237
vt 0.276981115 0.147310138
vt 0.582092166 0.228187382
vt 0.6340453 0.212648332
vt 0.3019103 0.252378941
vt 0.347512454 0.262943268
vt 0.5948094 0.241201818
vt 0.352449238 0.209918141
vt 0.3510702 0.263692141
vt 0.349975228 0.265031576
vt 0.320357025 0.00725954771
vt 0.358217835 0.00725954771
vt 0.9897776 0.004877448
vt 0.9897776 0.073710084
vt 0.399663329 0.00725954771
vt 0.438476533 0.00725954771
vt 0.510938942 0.00725954771
vt 0.5832379 0.00725954771
vt 0.131061688 0.756303251
vt 0.140475571 0.845929742
vt 0.08370285 0.7830921
vt 0.09851885 0.8622741
vt 0.0813687 0.6983931
vt 0.103704587 0.639446139
vt 0.130697817 0.6833519
vt 0.267086357 0.740421534
vt 0.277676284 0.807349145
vt 0.2310966 0.8383742
vt 0.215490788 0.6675356
vt 0.242942885 0.664549947
vt 0.238153115 0.61561805
vt 0.151428387 0.627476156
vt 0.193904117 0.7425393
vt 0.135991514 0.911969543
vt 0.206307471 0.9096115
vt 0.2975397 0.8578826
vt 0.235187024 0.9505498
vt 0.3231431 0.885771632
vt 0.300367117 0.784291267
vt 0.320949167 0.807788849
vt 0.340139985 0.8277327
vt 0.3753022 0.846130431
vt 0.196293712 0.6775429
vt 0.167544127 0.624770045
vt 0.3411652 0.752740741
vt 0.364758074 0.7978863
vt 0.352566749 0.7977485
vt 0.35897845 0.8388886
vt 0.21424368 0.619372845
vt 0.3406293 0.797197461
vt 0.278107315 0.6973811
vt 0.305369437 0.749911249
vt 0.464757174 0.6103563
vt 0.362186819 0.559578836
vt 0.362186819 0.6103563
vt 0.464757174 0.559578836
vt 0.4647207 0.4440472
vt 0.3627675 0.405796945
vt 0.3627675 0.4440472
vt 0.4647207 0.405796945
vt 0.4647207 0.405982971
vt 0.3627675 0.480114043
vt 0.3627675 0.405982971
vt 0.4647207 0.480114043
vt 0.464757174 0.480655074
vt 0.362186819 0.544454634
vt 0.362186819 0.480655074
vt 0.464757174 0.544454634
vt 0.362186819 0.6116353
vt 0.464757174 0.6116353
vt 0.3777748 0.9433511
vt 0.471692652 0.9433511
vt 0.462933034 0.9928759
vt 0.3807034 0.9928759
vt 0.387182325 0.905707
vt 0.4648767 0.905707
vt 0.47398448 0.71063447
vt 0.473368526 0.7598571
vt 0.413466275 0.7598571
vt 0.413466275 0.710287869
vt 0.473616958 0.833334863
vt 0.413466275 0.833334863
vt 0.473616958 0.8996046
vt 0.413466275 0.898280561
vt 0.47398448 0.71063447
vt 0.473368526 0.7598571
vt 0.413466275 0.7598571
vt 0.413466275 0.710287869
vt 0.47398448 0.71063447
vt 0.473368526 0.7598571
vt 0.413466275 0.7598571
vt 0.413466275 0.710287869
vt 0.47398448 0.71063447
vt 0.473368526 0.7598571
vt 0.413466275 0.7598571
vt 0.413466275 0.710287869
vt 0.106354788 0.2540822
vt 0.150500849 0.2763005
vt 0.09958865 0.296120644
vt 0.057502348 0.2947935
vt 0.06329292 0.2555014
vt 0.0101230368 0.2738564
vt 0.181064144 0.165385246
vt 0.1787134 0.248653591
vt 0.14276059 0.239504457
vt 0.141792074 0.165385246
vt 0.102626361 0.23545444
vt 0.103505917 0.165385246
vt 0.265918434 0.240635633
vt 0.220787659 0.248761415
vt 0.225319818 0.165385246
vt 0.265918434 0.165385246
vt 0.06003485 0.234144747
vt 0.05594969 0.165385246
vt 0.0101230368 0.240823984
vt 0.0101230368 0.165385246
vt 0.138650373 0.063331604
vt 0.175186992 0.063331604
vt 0.09680076 0.063331604
vt 0.221291721 0.063331604
vt 0.265918434 0.063331604
vt 0.0554017723 0.063331604
vt 0.0101230368 0.063331604
vt 0.183134332 0.2772165
vt 0.265918434 0.268480062
vt 0.223027065 0.2782625
vt 0.443697274 0.2340833
vt 0.444868535 0.2724415
vt 0.417333752 0.270754218
vt 0.4138237 0.237986267
vt 0.142808691 0.00703704357
vt 0.166979566 0.007229507
vt 0.381949425 0.378311753
vt 0.434716642 0.3392079
vt 0.430597723 0.390529275
vt 0.366657436 0.327636123
vt 0.09627214 0.00710093975
vt 0.220699683 0.0073928833
vt 0.265918434 0.00728476048
vt 0.355431437 0.302568436
vt 0.3687199 0.328376949
vt 0.4302146 0.326012135
vt 0.434325665 0.3058002
vt 0.188723817 0.007311225
vt 0.463342041 0.351614237
vt 0.462477565 0.398081779
vt 0.08187148 0.00761568546
vt 0.21081017 0.341738582
vt 0.220759541 0.362539768
vt 0.2518081 0.3485366
vt 0.2427506 0.322894335
vt 0.0559496 0.007191241
vt 0.0101230368 0.007184088
vt 0.469828069 0.232423007
vt 0.469804466 0.2754538
vt 0.4511306 0.271686733
vt 0.4499593 0.233328521
vt 0.354450673 0.380332768
vt 0.249705449 0.348217964
vt 0.2895037 0.323013425
vt 0.35584107 0.380606353
vt 0.380865037 0.3778792
vt 0.3280433 0.411557972
vt 0.434325665 0.3058002
vt 0.461151779 0.3237369
vt 0.5089343 0.24077791
vt 0.5051403 0.274250984
vt 0.51474756 0.259081244
vt 0.2916662 0.327003
vt 0.302396953 0.296536326
vt 0.238865569 0.295534253
vt 0.208842352 0.303803384
vt 0.239060357 0.295526624
vt 0.302062064 0.2948624
vt 0.245071575 0.322241962
vt 0.210387051 0.342456222
vt 0.20813109 0.3045603
vt 0.2194748 0.361123621
vt 0.329253316 0.411507726
vt 0.355127573 0.302414775
vt 0.429878384 0.38971138
vt 0.464701056 0.352204561
vt 0.460752249 0.3230759
vt 0.462571442 0.398511171
vt 0.405247241 0.2549526
vt 0.358517736 0.300112247
vt 0.434410036 0.294249415
vt 0.367450178 0.2900356
vt 0.368457556 0.290505052
vt 0.4359275 0.29251647
vt 0.465874761 0.3109281
vt 0.461378723 0.323703051
vt 0.106354788 0.2540822
vt 0.09958865 0.296120644
vt 0.150500849 0.2763005
vt 0.06329292 0.2555014
vt 0.057502348 0.2947935
vt 0.0101230368 0.2738564
vt 0.181064144 0.165385246
vt 0.14276059 0.239504457
vt 0.1787134 0.248653591
vt 0.141792074 0.165385246
vt 0.103505917 0.165385246
vt 0.102626361 0.23545444
vt 0.265918434 0.240635633
vt 0.225319818 0.165385246
vt 0.220787659 0.248761415
vt 0.265918434 0.165385246
vt 0.06003485 0.234144747
vt 0.05594969 0.165385246
vt 0.0101230368 0.240823984
vt 0.0101230368 0.165385246
vt 0.138650373 0.063331604
vt 0.175186992 0.063331604
vt 0.09680076 0.063331604
vt 0.221291721 0.063331604
vt 0.265918434 0.063331604
vt 0.0554017723 0.063331604
vt 0.0101230368 0.063331604
vt 0.183134332 0.2772165
vt 0.265918434 0.268480062
vt 0.223027065 0.2782625
vt 0.443697274 0.2340833
vt 0.417333752 0.270754218
vt 0.444868535 0.2724415
vt 0.4138237 0.237986267
vt 0.166979566 0.007229507
vt 0.142808691 0.00703704357
vt 0.381949425 0.378311753
vt 0.430597723 0.390529275
vt 0.434716642 0.3392079
vt 0.366657436 0.327636123
vt 0.09627214 0.00710093975
vt 0.220699683 0.0073928833
vt 0.265918434 0.00728476048
vt 0.355431437 0.302568436
vt 0.4302146 0.326012135
vt 0.3687199 0.328376949
vt 0.434325665 0.3058002
vt 0.188723817 0.007311225
vt 0.463342041 0.351614237
vt 0.462477565 0.398081779
vt 0.08187148 0.00761568546
vt 0.21081017 0.341738582
vt 0.2518081 0.3485366
vt 0.220759541 0.362539768
vt 0.2427506 0.322894335
vt 0.0559496 0.007191241
vt 0.0101230368 0.007184088
vt 0.469828069 0.232423007
vt 0.4511306 0.271686733
vt 0.469804466 0.2754538
vt 0.4499593 0.233328521
vt 0.354450673 0.380332768
vt 0.2895037 0.323013425
vt 0.249705449 0.348217964
vt 0.35584107 0.380606353
vt 0.380865037 0.3778792
vt 0.3280433 0.411557972
vt 0.461151779 0.3237369
vt 0.434325665 0.3058002
vt 0.5089343 0.24077791
vt 0.5051403 0.274250984
vt 0.51474756 0.259081244
vt 0.2916662 0.327003
vt 0.238865569 0.295534253
vt 0.302396953 0.296536326
vt 0.208842352 0.303803384
vt 0.239060357 0.295526624
vt 0.302062064 0.2948624
vt 0.245071575 0.322241962
vt 0.210387051 0.342456222
vt 0.20813109 0.3045603
vt 0.2194748 0.361123621
vt 0.329253316 0.411507726
vt 0.355127573 0.302414775
vt 0.429878384 0.38971138
vt 0.464701056 0.352204561
vt 0.460752249 0.3230759
vt 0.462571442 0.398511171
vt 0.405247241 0.2549526
vt 0.358517736 0.300112247
vt 0.434410036 0.294249415
vt 0.367450178 0.2900356
vt 0.368457556 0.290505052
vt 0.4359275 0.29251647
vt 0.465874761 0.3109281
vt 0.461378723 0.323703051
vt 0.208797082 0.447929978
vt 0.2259053 0.4183048
vt 0.249102026 0.4798506
vt 0.259098649 0.532021642
vt 0.203791365 0.509979963
vt 0.212046176 0.500315547
vt 0.200130865 0.4889866
vt 0.198919058 0.4550187
vt 0.2964218 0.480982542
vt 0.3084123 0.530758858
vt 0.191473529 0.446078718
vt 0.1599995 0.3743981
vt 0.191417769 0.36401093
vt 0.166559055 0.328381419
vt 0.0302262828 0.355234742
vt 0.0133534288 0.447890639
vt 0.04527896 0.426022768
vt 0.0603905544 0.3719077
vt 0.191473529 0.441416264
vt 0.08646952 0.480982542
vt 0.054093264 0.5123903
vt 0.0744790062 0.530758858
vt 0.1145271 0.425441444
vt 0.320568532 0.594552
vt 0.2712462 0.615193
vt 0.26698637 0.56950295
vt 0.219939753 0.555285752
vt 0.191473529 0.391574919
vt 0.191473529 0.36971736
vt 0.222891822 0.3743981
vt 0.006976149 0.4786355
vt 0.0061106 0.5195952
vt 0.0146971559 0.443344355
vt 0.0061106 0.5195952
vt 0.0298531577 0.538546443
vt 0.268364221 0.425441444
vt 0.191473529 0.5877246
vt 0.0623227879 0.594552
vt 0.191473529 0.36401093
vt 0.198108181 0.423425555
vt 0.199773386 0.406074643
vt 0.191473529 0.417480648
vt 0.17414996 0.447929978
vt 0.133845016 0.4798506
vt 0.157041728 0.4183048
vt 0.123848364 0.532021642
vt 0.170900851 0.500315547
vt 0.179155678 0.509979963
vt 0.182816163 0.4889866
vt 0.184027985 0.4550187
vt 0.08652526 0.480982542
vt 0.0745347142 0.530758858
vt 0.1600552 0.3743981
vt 0.166614756 0.328381419
vt 0.0302819945 0.355234742
vt 0.04533467 0.426022768
vt 0.01340911 0.447890639
vt 0.0604462959 0.3719077
vt 0.05414901 0.5123903
vt 0.114582837 0.425441444
vt 0.111700818 0.615193
vt 0.0623784773 0.594552
vt 0.115960672 0.56950295
vt 0.163007289 0.555285752
vt 0.00703184074 0.4786355
vt 0.00616632029 0.5195952
vt 0.0147528453 0.443344355
vt 0.00616632029 0.5195952
vt 0.0299088489 0.538546443
vt 0.184838846 0.423425555
vt 0.183173642 0.406074643
vt 0.009956491 0.310271025
vt 0.133442849 0.327421963
vt 0.144590974 0.310439467
vt 0.09793103 0.335139871
vt 0.0211045556 0.327421963
vt 0.05318631 0.335139871
vt 0.07598743 0.346708
vt 0.009956491 0.310271025
vt 0.144590974 0.310439467
vt 0.133442849 0.327421963
vt 0.09793103 0.335139871
vt 0.0211045556 0.327421963
vt 0.05318631 0.335139871
vt 0.7553044 0.869550467
vt 0.848964751 0.9962675
vt 0.7553044 0.9962675
vt 0.848964751 0.869550467
vt 0.998671353 0.7668993
vt 0.9476237 0.7005894
vt 0.9476237 0.7668993
vt 0.998671353 0.7005894
vt 0.048149582 0.317598522
vt 0.07255253 0.316718876
vt 0.07255253 0.317598522
vt 0.048149582 0.316718876
vt 0.048149582 0.317598522
vt 0.07255253 0.316718876
vt 0.07255253 0.317598522
vt 0.048149582 0.316718876
vt 0.048149582 0.317598522
vt 0.07255253 0.316718876
vt 0.07255253 0.317598522
vt 0.048149582 0.316718876
vt 0.048149582 0.317598522
vt 0.07255253 0.316718876
vt 0.07255253 0.317598522
vt 0.048149582 0.316718876
vt 0.4141726 0.63182956
vt 0.3927859 0.63182956
vt 0.3501383 0.6257059
vt 0.307239234 0.63182956
vt 0.285852551 0.63182956
vt 0.328626156 0.63182956
vt 0.3501383 0.63182956
vt 0.371399462 0.63182956
vt 0.4141726 0.703832448
vt 0.3927859 0.703832448
vt 0.307239234 0.703832448
vt 0.285852551 0.703832448
vt 0.328626156 0.703832448
vt 0.3501383 0.703832448
vt 0.371399462 0.703832448
vt 0.3501383 0.7067356
vt 0.3488208 0.444974482
vt 0.313402921 0.424308658
vt 0.337077647 0.424417317
vt 0.3368893 0.465423048
vt 0.3132147 0.4653144
vt 0.3014715 0.444757223
vt 0.5942459 0.0131252408
vt 0.5942459 0.00333160162
vt 0.631547153 0.00333160162
vt 0.631547153 0.0131252408
vt 0.5942459 0.0620937943
vt 0.5942459 0.052300036
vt 0.631547153 0.052300036
vt 0.631547153 0.0620937943
vt 0.5942459 0.0425063372
vt 0.631547153 0.0425063372
vt 0.5942459 0.03271264
vt 0.631547153 0.03271264
vt 0.5942459 0.022919
vt 0.631547153 0.022919
vt 0.6255367 0.01778841
vt 0.6258222 0.0101325512
vt 0.5947529 0.009938419
vt 0.594528258 0.0173820257
vt 0.6258222 0.0560709834
vt 0.6258222 0.0484136343
vt 0.5947529 0.0486078262
vt 0.5947529 0.05587685
vt 0.6255367 0.0407576561
vt 0.594528258 0.04116422
vt 0.6252512 0.0331017375
vt 0.594303548 0.03331548
vt 0.6252512 0.025444448
vt 0.594303548 0.0252306461
vt 0.313696146 0.464761436
vt 0.3484354 0.4447047
vt 0.33685565 0.464761436
vt 0.33685565 0.424648046
vt 0.313696146 0.424648046
vt 0.3021164 0.4447047
vt 0.6366949 0.0121405125
vt 0.648389637 0.00214105844
vt 0.648389637 0.0121405125
vt 0.6366949 0.00214105844
vt 0.6366949 0.06213796
vt 0.648389637 0.0521385074
vt 0.648389637 0.06213796
vt 0.6366949 0.0521385074
vt 0.648389637 0.0421389937
vt 0.6366949 0.0421389937
vt 0.648389637 0.03213948
vt 0.6366949 0.03213948
vt 0.648389637 0.0221400261
vt 0.6366949 0.0221400261
vt 0.6592582 0.03202212
vn 0.3441264 0.143348068 0.9279161
vn 0.2732516 0.40519768 0.8724382
vn 0.06120411 0.6588749 0.749758542
vn 0.0151453819 0.7151435 0.698813558
vn -0.02403751 0.8014092 0.5976333
vn 0.6269507 0.435229182 0.64614886
vn 0.722983539 0.6104248 0.3235373
vn 0.0964005738 0.880760968 0.463645458
vn 0.8618411 -0.238774344 -0.447455943
vn 0.9884469 -0.09069786 0.121435545
vn 0.8597563 -0.0780219138 0.504709542
vn 0.9325145 -0.194995314 -0.303963125
vn 0.7009984 -0.36497137 0.6126966
vn 0.9240951 0.007708812 0.3820849
vn 0.231534228 -0.2962863 0.9266101
vn 0.7635494 -0.3197573 0.5610237
vn 0.5851024 0.564315259 -0.5824118
vn 0.444929928 -0.13820006 -0.8848379
vn 0.326665729 -0.004767968 -0.9451279
vn 0.6439177 0.7330895 -0.2189745
vn 0.415907055 0.6315222 -0.6543708
vn 0.326767653 0.285135925 -0.901066244
vn 0.3833724 -0.272644162 -0.882434547
vn 0.339099646 -0.282587737 -0.8973046
vn 0.352477461 0.4865112 0.799416363
vn -0.356747627 0.3821037 0.852483332
vn -0.3093975 0.6693364 0.675471663
vn 0.4700943 0.51997906 0.7131852
vn 0.9222297 -0.05820238 0.38223657
vn -0.341650039 -0.167470589 0.924785852
vn -0.291350245 -0.533556461 0.7939978
vn -0.11261858 -0.115167119 0.9869415
vn -0.137136757 0.543919861 0.827855468
vn -0.3284274 0.582012832 0.74390626
vn 0.418773741 -0.1231611 0.8996999
vn -0.2558437 0.822887242 0.50734663
vn 0.0418101065 -0.5677089 0.822167
vn 0.618023157 -0.5338934 0.577066064
vn -0.271122336 0.7869506 0.5542576
vn 0.6439177 0.7330895 -0.2189745
vn 0.3472626 0.632456064 -0.692392945
vn 0.838862538 0.44503957 -0.3134476
vn 0.390884042 0.7817716 -0.4858424
vn 0.98242 0.100502692 0.157321647
vn 0.5778635 -0.215388089 0.787198663
vn 0.4487061 -0.3128606 0.8371267
vn 0.9754582 0.0772812739 0.206176773
vn 0.231534228 -0.2962863 0.9266101
vn 0.444929928 -0.13820006 -0.8848379
vn -0.563869357 0.120829195 -0.816977143
vn -0.9920451 0.0157669 -0.124891475
vn 0.7009984 -0.36497137 0.6126966
vn -0.335509658 -0.5976753 0.7281603
vn 0.231534228 -0.2962863 0.9266101
vn -0.9920451 0.0157669 -0.124891475
vn 0.621857047 0.304201931 -0.7216336
vn 0.5851024 0.564315259 -0.5824118
vn 0.722983539 0.6104248 0.3235373
vn 0.6050128 0.363102168 -0.708601654
vn 0.2732516 0.40519768 0.8724382
vn 0.3441264 0.143348068 0.9279161
vn 0.197309911 -0.423780084 0.8840131
vn 0.978287458 0.20675905 0.0142952418
vn 0.531739652 0.409946 -0.7410784
vn -0.9750149 -0.21607618 -0.0515463464
vn -0.414046437 -0.3947772 0.820192933
vn 0.48063308 0.47317338 0.7383081
vn 0.280917257 0.56779027 0.7737569
vn -0.294920027 0.687389 0.663715661
vn -0.2567409 0.435943335 0.8625761
vn 0.193781286 -0.110183157 -0.974837661
vn 0.8928223 -0.2005366 -0.403303027
vn 0.8403039 0.5313913 0.107297078
vn 0.122110091 0.798764169 -0.5891221
vn 0.7825488 0.622298837 0.0190138314
vn 0.8403039 0.5313913 0.107297078
vn 0.48063308 0.47317338 0.7383081
vn -0.2567409 0.435943335 0.8625761
vn 0.189137235 0.6780662 -0.710248768
vn 0.7825488 0.622298837 0.0190138314
vn 0.7825488 0.622298837 0.0190138314
vn 0.5318849 0.27641052 -0.8004347
vn 0.9492393 0.298777759 0.09836984
vn 0.9984677 -0.0397631153 0.0384859741
vn 0.5108133 -0.3125622 -0.8008587
vn -0.5337738 -0.0118865743 -0.845543742
vn -0.3711972 -0.468702585 -0.80158
vn 0.46584034 0.09117823 0.880158663
vn 0.590314567 0.0064392793 0.807147563
vn -0.991847754 -0.125810817 -0.02023902
vn -0.8372479 -0.5283424 -0.140961662
vn -0.3713387 -0.244704559 0.8956714
vn -0.522548735 -0.14124918 0.8408279
vn -0.991847754 -0.125810817 -0.02023902
vn -0.8372479 -0.5283424 -0.140961662
vn 0.5381247 0.372098863 -0.756283164
vn -0.422688454 0.0832120851 -0.9024468
vn -0.478290379 0.22453016 -0.849013865
vn -0.9750149 -0.21607618 -0.0515463464
vn 0.5630084 -0.104717992 0.81979
vn 0.275345862 0.213598177 0.9373156
vn 0.2809704 0.196340874 0.939417839
vn 0.88059324 0.17414169 0.440715522
vn 0.824487567 0.347997785 0.44622618
vn 0.975112 0.11281433 -0.190864965
vn 0.8748794 0.4498185 -0.1795809
vn 0.7513409 0.107404575 -0.651115239
vn 0.5828229 0.5532153 -0.5952061
vn -0.348947018 0.1326326 0.9277093
vn -0.3609087 0.147587642 0.920848966
vn 0.211701527 -0.07184412 0.974690139
vn 0.281334639 0.07018115 0.957039952
vn 0.807103455 0.271950215 0.524048746
vn -0.396282136 0.0457435772 0.916988552
vn -0.393905878 -0.00287246518 0.9191463
vn 0.925215662 0.104539149 -0.364756882
vn 0.93702 0.05716477 -0.344565928
vn 0.9017465 0.210412666 0.377597243
vn 0.884855568 0.27151376 0.378564268
vn 0.760714 -0.021633964 -0.6487266
vn 0.7422458 -0.0262986459 -0.6696115
vn 0.2154712 0.201442257 0.955506742
vn 0.210720643 0.236385658 0.948534966
vn -0.384068847 0.1098325 0.9167486
vn -0.4350814 0.10859634 0.893818259
vn -0.383032829 -0.313402236 0.8689447
vn 0.280917257 0.56779027 0.7737569
vn 0.7647465 -0.202168271 0.61179316
vn -0.139156833 -0.04166615 0.9893934
vn -0.294920027 0.687389 0.663715661
vn 0.7825488 0.622298837 0.0190138314
vn 0.189137235 0.6780662 -0.710248768
vn 0.122110091 0.798764169 -0.5891221
vn 0.8403039 0.5313913 0.107297078
vn 0.722983539 0.6104248 0.3235373
vn 0.685943365 0.404619366 0.604784966
vn 0.9097271 0.3943043 -0.13007988
vn 0.9904483 -0.116871238 0.07316609
vn 0.606045842 -0.096499905 0.7895544
vn 0.293476731 -0.693243146 -0.658244133
vn -0.61134547 -0.790125668 -0.0442506932
vn -0.996936738 -0.06353934 -0.04560607
vn -0.09718842 0.370234 0.923840463
vn -0.198002025 -0.355037034 0.9136432
vn -0.61134547 -0.790125668 -0.0442506932
vn 0.7600351 -0.09305692 0.6431851
vn 0.5104751 0.1313101 0.84980756
vn 0.7134281 0.452289551 0.5352145
vn -0.179800913 0.665407836 0.7245026
vn 0.6170904 -0.323189 -0.7174596
vn -0.5805683 -0.208007813 -0.787193239
vn -0.351260751 0.18235594 -0.918347538
vn 0.6290385 0.215619743 -0.7468726
vn -0.5805683 -0.208007813 -0.787193239
vn -0.572043955 -0.8080852 0.140584737
vn -0.9969476 -0.0588309951 -0.05132617
vn -0.351260751 0.18235594 -0.918347538
vn -0.002086782 -0.8240792 0.566470742
vn -0.303064883 -0.8909864 -0.33807528
vn 0.5211573 -0.800229549 -0.296694636
vn 0.8498148 -0.406834841 0.335112363
vn -0.9288311 0.2505051 0.2729835
vn -0.6619467 0.06264865 -0.746928155
vn 0.0493661128 0.187283516 0.9810647
vn -0.59596324 0.1461404 0.7896017
vn 0.57520175 -0.32619378 0.7501604
vn 0.07203788 0.7528695 0.654215634
vn -0.554805934 -0.0937395543 0.8266821
vn -0.59596324 0.1461404 0.7896017
vn 0.0493661128 0.187283516 0.9810647
vn -0.902722538 -0.0852480158 -0.421692818
vn -0.303064883 -0.8909864 -0.33807528
vn -0.002086782 -0.8240792 0.566470742
vn -0.572043955 -0.8080852 0.140584737
vn -0.360906661 -0.930921733 0.0559562221
vn -0.9911934 0.0264277942 0.129758358
vn 0.57520175 -0.32619378 0.7501604
vn -0.360906661 -0.930921733 0.0559562221
vn 0.9585758 0.277189732 -0.0655617639
vn 0.9910734 -0.113555767 0.06984648
vn 0.348816752 -0.732515156 -0.5845926
vn -0.6619467 0.06264865 -0.746928155
vn -0.7066461 0.1779707 0.68481946
vn -0.715203345 -0.511812 -0.4759545
vn -0.715203345 -0.511812 -0.4759545
vn 0.007995347 -0.7768566 0.6296268
vn 0.007995347 -0.7768566 0.6296268
vn -0.9288311 0.2505051 0.2729835
vn -0.7066461 0.1779707 0.68481946
vn -0.902722538 -0.0852480158 -0.421692818
vn -0.06997649 0.29315713 -0.9535
vn 0.9097271 0.3943043 -0.13007988
vn 0.274805129 0.8449679 -0.4588152
vn 0.364593744 0.166662171 -0.916130543
vn 0.347755224 0.5734746 -0.741750062
vn 0.10704536 -0.08480218 -0.990631044
vn 0.3493495 0.0178615674 -0.936822236
vn -0.996936738 -0.06353934 -0.04560607
vn -0.06997649 0.29315713 -0.9535
vn 0.685943365 0.404619366 0.604784966
vn -0.09718842 0.370234 0.923840463
vn -0.996936738 -0.06353934 -0.04560607
vn -0.06997649 0.29315713 -0.9535
vn 0.972005665 0.0531016774 -0.228878126
vn 0.661996365 -0.0203385111 -0.74923104
vn 0.899766147 0.409779429 -0.150005579
vn 0.6284297 0.349758625 -0.6947985
vn 0.142404467 -0.0807865858 -0.9865062
vn 0.0923414454 0.321849078 -0.942277133
vn 0.220534191 -0.349227518 -0.910716653
vn 0.6609251 -0.343862116 -0.6670359
vn 0.7052698 -0.412779629 -0.5763744
vn 0.255190074 -0.4289999 -0.866508543
vn 0.938409865 -0.2778719 -0.205363482
vn 0.6873089 0.0308977235 0.725707769
vn 0.8382946 0.443666428 0.31689468
vn 0.713973343 0.103269152 0.692515433
vn 0.798510969 0.05980915 0.5990017
vn 0.7906451 0.0475296 0.6104271
vn 0.791656256 0.0395966 0.6096823
vn 0.8510729 -0.49883917 -0.163811922
vn 0.936415553 0.136134565 0.323408842
vn 0.547385 0.7335829 -0.4027726
vn 0.50497967 0.856873155 0.103749394
vn -0.0136072114 0.8369602 -0.5470946
vn 0.402569383 0.5309656 0.745663047
vn 0.0964232758 0.994484 0.0412803777
vn 0.0203686729 0.7374471 0.6750977
vn -0.0136072114 0.8369602 -0.5470946
vn 0.429879218 -0.0512711555 0.9014295
vn 0.467664927 0.142118156 0.8724058
vn 0.310731649 0.312178165 0.8977698
vn -0.16623418 0.686338246 0.7080297
vn -0.365979075 0.218227282 0.9046746
vn -0.11464344 0.9894747 0.08829851
vn 0.983105242 -0.171972513 0.0626863
vn 0.968831241 -0.240761876 -0.05830768
vn 0.116055131 -0.288630038 0.9503809
vn 0.143459454 -0.0283330381 0.989250541
vn -0.446047425 -0.238389209 0.8626774
vn -0.325662047 0.122293383 0.937543869
vn -0.159736633 0.342936337 0.925677538
vn 0.955794156 -0.193680748 -0.221235842
vn 0.57411474 0.125524685 0.8090957
vn 0.490693 -0.032019347 0.870744
vn 0.43640402 -0.0172508564 0.8995854
vn -0.9127735 0.217410251 0.345799536
vn -0.6050665 0.679513156 0.4149174
vn -0.8773186 0.45630008 0.148668259
vn -0.5455412 0.6690971 0.504671931
vn -0.481804252 0.7654848 0.426494628
vn -0.9446732 0.3043959 0.122211911
vn -0.574630439 0.552781761 -0.6035165
vn -0.544671 0.838244 0.0260858182
vn -0.9462812 -0.282002449 0.158197746
vn -0.757967651 -0.213709965 -0.616289735
vn -0.9455034 -0.205171049 -0.252840221
vn -0.7645657 -0.6375875 -0.0944534242
vn -0.969151258 0.0332955457 -0.244207472
vn -0.9068196 -0.4212139 0.0160329677
vn -0.793269634 0.513968766 0.326434374
vn -0.9091948 -0.231416762 -0.346137255
vn -0.8874343 0.418453962 0.193278521
vn -0.5584338 -0.1504216 0.8157972
vn -0.5200224 0.515284836 0.6812182
vn -0.8895674 -0.222359642 0.39903146
vn -0.384546548 -0.7740903 0.502899766
vn -0.654743135 -0.755549 -0.0213810764
vn -0.4468183 0.6428952 -0.6221247
vn -0.62332 -0.6533656 0.429634184
vn -0.842709541 0.431836635 0.3214929
vn -0.68888104 0.6084073 0.394060224
vn -0.2567409 0.435943335 0.8625761
vn -0.8147044 0.5027513 -0.28895995
vn -0.861716449 -0.0779112652 -0.5013727
vn -0.8147044 0.5027513 -0.28895995
vn -0.7516196 0.524331152 -0.400180936
vn -0.842709541 0.431836635 0.3214929
vn -0.4468183 0.6428952 -0.6221247
vn -0.7516196 0.524331152 -0.400180936
vn -0.7516196 0.524331152 -0.400180936
vn -0.8176151 0.255623 0.5159093
vn -0.956838131 0.1782922 -0.229505211
vn -0.8303092 0.172261089 0.530011952
vn -0.8954403 0.399664223 -0.1961001
vn -0.8571509 0.0413770936 0.5134007
vn -0.888857543 0.413549662 -0.197253421
vn -0.8650949 0.156020045 0.476726919
vn -0.9768979 -0.0296535324 -0.211639166
vn -0.824511945 0.08726571 0.5590749
vn -0.9697055 0.0349837579 -0.241758853
vn -0.812037051 0.0183216184 0.583318233
vn -0.68888104 0.6084073 0.394060224
vn -0.8516761 -0.160267234 0.498961121
vn -0.7516196 0.524331152 -0.400180936
vn 0.122110091 0.798764169 -0.5891221
vn 0.189137235 0.6780662 -0.710248768
vn -0.8147044 0.5027513 -0.28895995
vn -0.3009497 -0.209257171 -0.930398166
vn -0.969151258 0.0332955457 -0.244207472
vn -0.757967651 -0.213709965 -0.616289735
vn -0.397484481 -0.174532488 -0.9008576
vn 0.122925118 0.21155107 -0.969605863
vn 0.3147674 -0.247201711 -0.916413
vn -0.7645657 -0.6375875 -0.0944534242
vn -0.079744935 0.560131133 -0.824556768
vn 0.180005074 0.7851557 -0.5925611
vn -0.2957307 0.543096364 -0.7858687
vn -0.956838131 0.1782922 -0.229505211
vn -0.4770122 0.5035655 -0.720334053
vn -0.6219891 0.153533384 -0.7678262
vn -0.8954403 0.399664223 -0.1961001
vn -0.121550277 0.139605582 -0.9827186
vn 0.0580046065 0.571634233 -0.818455756
vn -0.5296449 -0.0808319747 -0.8443592
vn -0.9697055 0.0349837579 -0.241758853
vn -0.553321958 -0.0261997338 -0.8325553
vn -0.9768979 -0.0296535324 -0.211639166
vn -0.5526965 -0.141642645 -0.821257532
vn -0.16374588 -0.0245427359 -0.986197233
vn -0.888857543 0.413549662 -0.197253421
vn -0.574630439 0.552781761 -0.6035165
vn -0.607103348 0.17471981 -0.7751764
vn -0.995348036 -0.0667178258 0.0695057362
vn -0.9989298 0.012838644 -0.0444342643
vn -0.6525526 0.165962592 -0.7393454
vn -0.7645657 -0.6375875 -0.0944534242
vn 0.992683351 -0.0901084542 0.0803759
vn 0.3147674 -0.247201711 -0.916413
vn 0.590455651 -0.028241137 0.806575835
vn -0.5445923 -0.3660216 0.7546174
vn -0.9462812 -0.282002449 0.158197746
vn -0.7645657 -0.6375875 -0.0944534242
vn 0.590455651 -0.028241137 0.806575835
vn 0.347443342 0.124404065 -0.929412067
vn -0.574630439 0.552781761 -0.6035165
vn 0.122925118 0.21155107 -0.969605863
vn 0.3638938 0.180139 -0.913855135
vn -0.8773186 0.45630008 0.148668259
vn -0.9127735 0.217410251 0.345799536
vn -0.4607741 0.237470344 -0.8551579
vn 0.468105018 0.198077247 -0.861187041
vn -0.5623964 -0.197091624 0.803034961
vn 0.4940145 -0.2560721 0.830889165
vn 0.4289279 -0.0387093462 -0.902509
vn -0.623183548 -0.0654287338 -0.7793339
vn -0.46812737 0.337699682 -0.8165878
vn 0.180351317 -0.64575094 -0.7419428
vn 0.9361334 -0.35136795 0.0139599293
vn 0.6059431 -0.795490742 0.005235117
vn -0.9200494 0.3914045 0.017651407
vn -0.9602826 0.264984339 -0.0874103755
vn 0.513977349 -0.15688768 0.8433348
vn 0.335655957 -0.5902863 0.7340961
vn -0.602817059 0.07933277 0.793925643
vn -0.427871168 0.11370603 0.8966589
vn 0.335655957 -0.5902863 0.7340961
vn 0.513977349 -0.15688768 0.8433348
vn 0.4464561 0.124067575 -0.886162639
vn 0.9993331 -0.0221747775 -0.02901157
vn 0.9727332 -0.201416761 -0.114984147
vn 0.4940145 -0.2560721 0.830889165
vn -0.990459263 0.125948057 -0.0559241436
vn -0.6760177 0.7356087 -0.04335756
vn -0.6864477 -0.264385819 -0.67741394
vn -0.437916428 0.6512382 -0.6197725
vn -0.9753551 0.181143448 -0.1259744
vn 0.135674939 -0.7370308 0.66210115
vn -0.122648932 -0.941459537 -0.3140242
vn 0.7381272 0.0615781173 0.671845555
vn -0.700208664 0.06232534 0.7112126
vn -0.270914137 0.679520369 0.681804657
vn 0.135674939 -0.7370308 0.66210115
vn -0.9512151 -0.0541911833 0.303732
vn -0.7535831 0.657328844 0.00559919933
vn -0.842289567 0.22780703 0.488520473
vn -0.296749741 0.716992855 0.63076216
vn -0.157856748 -0.00598564371 -0.987443864
vn 0.848546743 0.0806565657 -0.5229369
vn 0.8643087 -0.279895425 -0.4178863
vn 0.0543866828 0.46422103 -0.884048045
vn 0.8643087 -0.279895425 -0.4178863
vn 0.874641359 -0.114896461 0.4709578
vn 0.216666088 -0.974193931 0.06326172
vn 0.848546743 0.0806565657 -0.5229369
vn -0.678692937 -0.706989646 0.198850721
vn -0.486232162 -0.49751693 -0.718369842
vn 0.10441827 -0.937207758 -0.332773834
vn -0.9974248 0.0204817038 -0.06873349
vn 0.6555369 -0.2620464 0.7082394
vn 0.97074306 -0.0347936749 -0.237586513
vn -0.230698884 0.108731195 0.966931
vn -0.149674475 -0.101506226 0.9835111
vn -0.688020766 -0.4442923 0.5737873
vn -0.261665821 0.5975981 0.7578968
vn 0.481010675 -0.1533069 0.8632066
vn -0.149674475 -0.101506226 0.9835111
vn -0.230698884 0.108731195 0.966931
vn 0.863955855 -0.471521825 0.17676945
vn 0.10441827 -0.937207758 -0.332773834
vn -0.678692937 -0.706989646 0.198850721
vn 0.216666088 -0.974193931 0.06326172
vn 0.258056343 -0.9636596 -0.0690440238
vn 0.9325109 -0.007973814 0.361053765
vn -0.688020766 -0.4442923 0.5737873
vn 0.258056343 -0.9636596 -0.0690440238
vn -0.56885916 0.5634849 -0.599069238
vn -0.8709785 0.18673721 -0.454451054
vn -0.103680134 -0.441120446 -0.891438842
vn 0.97074306 -0.0347936749 -0.237586513
vn 0.189222559 -0.2793758 0.9413522
vn 0.866135657 -0.477251381 -0.14845939
vn 0.866135657 -0.477251381 -0.14845939
vn -0.4686429 -0.8695743 0.155609772
vn -0.4686429 -0.8695743 0.155609772
vn 0.6555369 -0.2620464 0.7082394
vn 0.189222559 -0.2793758 0.9413522
vn 0.863955855 -0.471521825 0.17676945
vn 0.6804656 -0.184885547 -0.7090726
vn -0.437916428 0.6512382 -0.6197725
vn 0.7381272 0.0615781173 0.671845555
vn 0.6804656 -0.184885547 -0.7090726
vn -0.6760177 0.7356087 -0.04335756
vn -0.270914137 0.679520369 0.681804657
vn 0.7381272 0.0615781173 0.671845555
vn 0.6804656 -0.184885547 -0.7090726
vn -0.8879346 -0.0724721253 -0.454224557
vn -0.893111765 0.223507687 -0.390378982
vn -0.419519 -0.05955028 -0.9057911
vn -0.482488871 0.234046951 -0.8440536
vn -0.3442165 -0.323531032 -0.8813868
vn -0.3336926 -0.4031031 -0.852148533
vn -0.8527931 -0.261637866 -0.451984
vn -0.8442595 -0.1282258 0.5203692
vn -0.8753991 -0.06185957 0.479426473
vn -0.9636177 0.256455272 0.07531004
vn -0.922056854 -0.118950285 0.368323237
vn -0.9151286 -0.1296926 0.3817322
vn -0.914286852 -0.137642369 0.3809648
vn -0.6513968 -0.447574019 -0.612666
vn -0.995833158 -0.06461782 0.06434996
vn -0.559958458 0.61853534 -0.5512355
vn -0.6768478 0.734087765 -0.0547005273
vn -0.681650639 0.4183203 0.6003004
vn -0.3026579 0.9530209 -0.0122254416
vn -0.344139248 0.6995763 0.6262277
vn -0.630432367 -0.16143252 0.7592724
vn -0.6976008 0.021051785 0.716177344
vn -0.590404153 0.218555048 0.7769534
vn 0.06563339 0.2630706 0.962541461
vn -0.981051862 -0.148696631 -0.124203742
vn -0.986336648 -0.0667895451 -0.150596157
vn -0.298978716 -0.331749827 0.8947367
vn 0.244401842 -0.166656047 0.955245256
vn -0.387552649 -0.08350474 0.9180577
vn 0.0383824557 0.160114333 0.986351967
vn -0.9788913 -0.03089924 -0.202032164
vn -0.778243661 -0.014978312 0.6277838
vn -0.6837337 -0.1540381 0.7132885
vn -0.6429826 -0.1293945 0.75487113
vn 0.9761834 -0.12084014 0.180176511
vn 0.800789237 -0.5683143 -0.1890911
vn 0.8861785 -0.351297945 0.30212152
vn 0.7815687 -0.211638764 -0.5868214
vn -0.5894117 -0.3108325 -0.745638669
vn -0.806270063 -0.5817779 0.107065886
vn -0.6156205 -0.7345202 -0.285467148
vn -0.9639163 -0.2594449 -0.05961283
vn -0.9639163 -0.2594449 -0.05961283
vn -0.550994 -0.194803938 0.8114537
vn -0.806270063 -0.5817779 0.107065886
vn -0.636906743 0.13569659 0.758904636
vn -0.636906743 0.13569659 0.758904636
vn 0.324489921 -0.05990251 0.943990469
vn -0.550994 -0.194803938 0.8114537
vn 0.3361221 0.201394856 0.9200337
vn 0.8861785 -0.351297945 0.30212152
vn 0.9761834 -0.12084014 0.180176511
vn -0.7697687 0.6141393 -0.174037471
vn 0.6438639 0.763830543 -0.0447455235
vn 0.4277642 0.563979447 -0.7063604
vn -0.314211816 0.4930154 -0.8112994
vn -0.493516177 0.79377687 0.355471551
vn 0.15526323 0.8840577 0.44083485
vn 0.9761834 -0.12084014 0.180176511
vn 0.7815687 -0.211638764 -0.5868214
vn 0.4277642 0.563979447 -0.7063604
vn 0.6438639 0.763830543 -0.0447455235
vn -0.5894117 -0.3108325 -0.745638669
vn -0.314211816 0.4930154 -0.8112994
vn -0.9639163 -0.2594449 -0.05961283
vn -0.7697687 0.6141393 -0.174037471
vn -0.9639163 -0.2594449 -0.05961283
vn -0.636906743 0.13569659 0.758904636
vn -0.493516177 0.79377687 0.355471551
vn -0.7697687 0.6141393 -0.174037471
vn -0.636906743 0.13569659 0.758904636
vn 0.3361221 0.201394856 0.9200337
vn 0.15526323 0.8840577 0.44083485
vn -0.493516177 0.79377687 0.355471551
vn 0.3361221 0.201394856 0.9200337
vn 0.9761834 -0.12084014 0.180176511
vn 0.6438639 0.763830543 -0.0447455235
vn 0.15526323 0.8840577 0.44083485
vn 0.604358435 -0.307539165 0.734963
vn 0.9972478 0.00596634531 0.07389981
vn 0.388294548 0.358244628 0.8490513
vn -0.7041882 0.10747429 0.701832056
vn -0.4866576 -0.477344245 0.7316467
vn -0.869964957 -0.461942941 -0.172538936
vn 0.652377069 0.1622925 -0.7403143
vn 0.6733249 0.19418776 -0.713389635
vn 0.9912493 0.0201588385 0.1304545
vn 0.9772228 0.112250425 0.18009837
vn 0.6776207 -0.559726954 0.47700724
vn 0.496035576 -0.00508150645 0.8682873
vn -0.9573343 -0.2728305 -0.09526102
vn -0.3303153 0.004708093 -0.9438589
vn -0.4258379 0.0511960275 -0.9033499
vn -0.9942092 -0.102829009 -0.0312134419
vn -0.35028708 -0.7290495 0.5880356
vn -0.5406722 -0.117144436 0.8330371
vn -0.9573343 -0.2728305 -0.09526102
vn -0.9942092 -0.102829009 -0.0312134419
vn 0.979363739 0.196032315 0.04917288
vn 0.5754667 0.112801291 -0.810008645
vn 0.490891069 0.2945751 0.819909453
vn -0.616454244 -0.004201182 -0.7873795
vn -0.9879594 -0.0225798115 0.15305683
vn -0.5118001 0.203869238 0.8345645
vn -0.9879594 -0.0225798115 0.15305683
vn 0.396849215 0.127444059 -0.908993244
vn -0.869964957 -0.461942941 -0.172538936
vn -0.420831859 -0.369032 -0.828683257
vn 0.641758144 -0.765599251 0.04476835
vn -0.604875 -0.678237557 0.417276829
vn -0.77358973 -0.5910866 -0.228419781
vn 0.4210739 -0.693921149 -0.584097743
vn 0.9383599 0.33010307 -0.1025313
vn 0.7583331 0.254210323 -0.6002566
vn 0.9383599 0.33010307 -0.1025313
vn 0.674135 0.1729049 -0.7180849
vn 0.7583331 0.254210323 -0.6002566
vn 0.9433768 0.215554669 -0.2521436
vn 0.775835752 0.5941966 0.212153941
vn -0.8678172 0.08489686 -0.4895772
vn -0.986394346 0.0141976634 0.163782179
vn -0.8511936 -0.446749 0.275472
vn -0.970407367 0.06257481 0.233225062
vn -0.957048535 0.0878149 -0.276309073
vn -0.9431281 -0.04018665 -0.32999146
vn 0.07822229 0.135806039 -0.987642646
vn -0.2852591 0.214792013 -0.9340726
vn 0.07822229 0.135806039 -0.987642646
vn 0.03665697 0.800307751 0.5984678
vn 0.264941573 0.260635883 0.928372145
vn 0.237544373 0.732651055 0.6378049
vn -0.5133462 0.6171176 0.5963569
vn -0.5814401 0.233363241 0.779403031
vn -0.829465568 0.304422379 0.468309551
vn -0.986394346 0.0141976634 0.163782179
vn 0.6303165 -0.717596352 -0.296237439
vn -0.743192 -0.6648748 0.0748811141
vn -0.8511936 -0.446749 0.275472
vn 0.8121852 -0.560335338 -0.16241765
vn 0.775835752 0.5941966 0.212153941
vn 0.7299545 0.6479031 0.217687935
vn 0.9629367 0.223277956 -0.151326939
vn -0.829465568 0.304422379 0.468309551
vn -0.986394346 0.0141976634 0.163782179
vn 0.03665697 0.800307751 0.5984678
vn 0.637151361 -0.0543500148 -0.768820047
vn -0.207601041 -0.006175763 -0.978194058
vn 0.670789242 -0.6878489 0.277318627
vn -0.5366619 -0.625408053 0.5664439
vn 0.207688257 -0.6266879 0.7510845
vn -0.9404181 0.118138582 0.318837017
vn -0.743192 -0.6648748 0.0748811141
vn -0.5366619 -0.625408053 0.5664439
vn 0.207688257 -0.6266879 0.7510845
vn 0.670789242 -0.6878489 0.277318627
vn 0.6303165 -0.717596352 -0.296237439
vn 0.8675889 0.1648448 0.4691649
vn 0.264941573 0.260635883 0.928372145
vn 0.207688257 -0.6266879 0.7510845
vn 0.237544373 0.732651055 0.6378049
vn 0.03665697 0.800307751 0.5984678
vn 0.8121852 -0.560335338 -0.16241765
vn -0.8678172 0.08489686 -0.4895772
vn -0.2852591 0.214792013 -0.9340726
vn -0.207601041 -0.006175763 -0.978194058
vn 0.07822229 0.135806039 -0.987642646
vn -0.257978231 -0.60813427 -0.75074625
vn -0.8511936 -0.446749 0.275472
vn -0.77358973 -0.5910866 -0.228419781
vn -0.604875 -0.678237557 0.417276829
vn 0.641758144 -0.765599251 0.04476835
vn 0.4210739 -0.693921149 -0.584097743
vn -0.257978231 -0.60813427 -0.75074625
vn -0.207601041 -0.006175763 -0.978194058
vn -0.854683638 -0.447209418 0.263665825
vn -0.836262465 0.240645543 0.4927016
vn -0.8687154 -0.108119406 -0.483367026
vn 0.0520613268 -0.5029264 0.8627599
vn 0.174285412 0.119251527 0.9774475
vn 0.874107957 -0.315309435 0.369479716
vn -0.145450577 0.126691818 -0.9812203
vn -0.889348 -0.0919530243 -0.447889358
vn -0.171157792 0.185096547 -0.9677005
vn -0.918331444 0.00270228018 -0.395803124
vn -0.8900445 -0.0946063548 0.4459489
vn -0.732822537 -0.6803866 0.00672313152
vn 0.8897015 -0.146846414 0.432281584
vn 0.846614 0.135021478 -0.514795065
vn 0.7876903 0.149971992 -0.5975386
vn 0.848363459 0.00200463948 0.5294105
vn 0.07253664 -0.7560177 0.65051955
vn -0.00370742567 -0.0972136557 0.9952566
vn 0.8897015 -0.146846414 0.432281584
vn 0.848363459 0.00200463948 0.5294105
vn -0.8582156 0.0439537056 -0.511404037
vn -0.0432325751 0.07981377 -0.995871842
vn -0.901699245 0.182433218 0.391990483
vn 0.9450049 0.09216573 -0.3138012
vn 0.748936 0.126444772 0.650466442
vn -0.07653318 0.275648236 0.958207
vn 0.748936 0.126444772 0.650466442
vn 0.133377552 0.223988876 -0.965421855
vn 0.874107957 -0.315309435 0.369479716
vn 0.8724824 -0.159040943 -0.4620394
vn -0.6203227 -0.7834282 -0.03794769
vn 0.8138702 -0.569799542 -0.113770716
vn 0.559615 -0.6586261 0.5030336
vn -0.31652987 -0.708498836 -0.630744159
vn -0.481352776 0.240023851 -0.8430232
vn -0.85572964 0.231163159 -0.462915033
vn -0.85572964 0.231163159 -0.462915033
vn -0.481352776 0.240023851 -0.8430232
vn -0.5684782 0.112664655 -0.8149473
vn -0.9036091 0.113945387 -0.412925035
vn -0.904431343 0.41982156 -0.07585422
vn 0.98196 0.178630278 -0.0620140061
vn 0.837516367 0.163911119 0.521248
vn 0.816735 -0.4208697 0.394731015
vn 0.986124456 0.116910391 -0.117857926
vn 0.900562346 0.187606469 0.392162263
vn 0.9805698 -0.0148440329 -0.1956081
vn 0.338401377 0.207081646 -0.9179334
vn 0.394393146 0.150528446 -0.906529248
vn 0.338401377 0.207081646 -0.9179334
vn -0.369348764 0.7969973 0.4778878
vn -0.398386329 0.2574236 0.880353
vn 0.4149531 0.657712162 0.6286721
vn -0.333148241 0.7264279 0.601094663
vn 0.460908622 0.2536675 0.850421131
vn 0.5508016 0.5279187 0.6464669
vn 0.837516367 0.163911119 0.521248
vn -0.5629775 -0.736763656 -0.374480456
vn 0.816735 -0.4208697 0.394731015
vn 0.7437088 -0.642962754 0.183019564
vn -0.765946567 -0.584128559 -0.2685512
vn -0.904431343 0.41982156 -0.07585422
vn -0.9526808 0.13568908 -0.272006869
vn -0.78359884 0.6074329 0.130376875
vn 0.5508016 0.5279187 0.6464669
vn 0.837516367 0.163911119 0.521248
vn -0.369348764 0.7969973 0.4778878
vn 0.3414416 -0.00502822734 -0.93988955
vn -0.5224823 -0.07627302 -0.849231839
vn -0.6835017 -0.705419 0.1876416
vn 0.469915479 -0.6070513 0.6408339
vn -0.292538166 -0.6287433 0.7204882
vn 0.87466 0.244377211 0.418628216
vn 0.469915479 -0.6070513 0.6408339
vn 0.7437088 -0.642962754 0.183019564
vn -0.292538166 -0.6287433 0.7204882
vn -0.6835017 -0.705419 0.1876416
vn -0.5629775 -0.736763656 -0.374480456
vn -0.928553164 0.14220877 0.34287852
vn -0.398386329 0.2574236 0.880353
vn -0.292538166 -0.6287433 0.7204882
vn -0.333148241 0.7264279 0.601094663
vn -0.369348764 0.7969973 0.4778878
vn -0.765946567 -0.584128559 -0.2685512
vn 0.98196 0.178630278 -0.0620140061
vn 0.394393146 0.150528446 -0.906529248
vn 0.3414416 -0.00502822734 -0.93988955
vn 0.338401377 0.207081646 -0.9179334
vn 0.376447022 -0.604117632 -0.7023742
vn 0.816735 -0.4208697 0.394731015
vn 0.8138702 -0.569799542 -0.113770716
vn 0.559615 -0.6586261 0.5030336
vn -0.6203227 -0.7834282 -0.03794769
vn -0.31652987 -0.708498836 -0.630744159
vn 0.376447022 -0.604117632 -0.7023742
vn 0.3414416 -0.00502822734 -0.93988955
vn 0.4452184 0.0404590853 0.894507468
vn 0.410385579 -0.183235079 0.8933132
vn 0.3396348 0.0428463779 0.939581
vn 0.4345829 -0.03250295 0.900045156
vn 0.10974472 -0.140729845 0.983946741
vn 0.3140055 -0.0226831622 0.949150145
vn 0.119275577 0.2810101 0.952263951
vn 0.3798288 0.166720048 0.90990907
vn 0.7778345 -0.0284742974 0.6278238
vn 0.795499444 0.124046773 0.593121469
vn -0.03828512 -0.6311898 0.774682939
vn 0.511098444 -0.7096648 0.484927
vn 0.05850888 -0.9861432 0.155236363
vn 0.0823836 -0.994485557 -0.06489557
vn 0.7287783 -0.6787553 -0.09040699
vn 0.3324548 -0.752131343 -0.56900984
vn 0.8198511 -0.548326 0.164871961
vn 0.6229733 -0.781411648 0.036055807
vn -0.08847501 -0.3512355 0.932097554
vn 0.7778345 -0.0284742974 0.6278238
vn 0.8413005 -0.06844286 0.5362174
vn 0.795499444 0.124046773 0.593121469
vn 0.741482556 -0.416137516 0.5263394
vn 0.824889 0.137225881 0.548386
vn 0.534401536 0.309749037 0.786429
vn 0.541666031 0.175785556 0.822008133
vn 0.116442606 0.05907297 0.9914391
vn -0.0636733845 -0.498663366 0.8644539
vn -0.0241531078 -0.6643859 0.7469993
vn 0.511098444 -0.7096648 0.484927
vn 0.936721444 -0.222561255 -0.270221055
vn 0.874693334 0.442556858 -0.197623432
vn 0.7407794 -0.618324339 -0.262527853
vn 0.292463571 0.430121541 -0.8540846
vn 0.8626721 0.0459422171 0.503672659
vn 0.741482556 -0.416137516 0.5263394
vn -0.158955932 0.328529119 0.9310218
vn 0.824889 0.137225881 0.548386
vn 0.05850888 -0.9861432 0.155236363
vn 0.145344 -0.323352933 0.9350497
vn 0.197826117 -0.167110324 0.965887666
vn -0.09922924 -0.277902722 0.9554704
vn -0.6616372 -0.07453781 0.746110141
vn -0.5741893 -0.0520957373 0.817063451
vn -0.58324796 -0.28621763 0.7601982
vn -0.6383031 -0.143971041 0.756202
vn -0.5392523 -0.111332938 0.8347526
vn -0.331642181 -0.186588034 0.924769342
vn -0.417565942 0.225235149 0.8802885
vn -0.6294221 0.0618643239 0.774597049
vn -0.892217636 -0.201985 0.403917968
vn -0.9306559 -0.055292774 0.36169374
vn -0.482001781 -0.796778738 0.364441872
vn 0.0823836 -0.994485557 -0.06489557
vn -0.5300183 -0.80451864 -0.268011838
vn -0.7079793 -0.705055237 -0.0407720953
vn -0.0136357741 -0.7880896 -0.6154095
vn -0.4594194 -0.881920338 -0.105595358
vn -0.920184731 -0.251452446 0.3000528
vn -0.7541259 -0.56919235 0.327588528
vn -0.7720538 0.174014315 0.6112708
vn -0.9494035 -0.0471152775 0.310504526
vn -0.7611276 0.04043113 0.6473408
vn -0.380274266 0.00746664451 0.9248436
vn -0.76894623 -0.399771243 -0.4989034
vn -0.8636505 0.261949658 -0.430685729
vn -0.506032646 -0.7478623 -0.4296894
vn -0.14037165 0.3851533 -0.912114441
vn -0.954982042 -0.1429027 0.259977132
vn -0.315619767 -0.371242225 0.873248756
vn -0.4047615 -0.229719222 0.8850973
vn 0.962794542 0.233591527 0.13587369
vn 0.9663397 0.22294046 0.12839435
vn 0.964196742 0.224137023 0.14172934
vn 0.908173144 0.0380590148 0.416861
vn 0.960792661 0.238263041 0.141803488
vn 0.8512408 0.3534586 0.3878867
vn 0.009863188 -0.0204015244 0.9997432
vn -0.964723945 -0.219302014 0.145651415
vn -0.9617128 -0.228378862 0.151498079
vn -0.963226736 -0.230434656 0.138181433
vn -0.8260441 -0.369416326 0.425655723
vn -0.964955 -0.214214265 0.151572347
vn -0.915807664 -0.061730925 0.396844625
vn -0.699083865 0.43896848 -0.5644364
vn -0.42499 -0.703083754 0.5701375
vn -0.6889738 0.420860261 0.590077758
vn -0.435102522 -0.684974432 -0.584376454
vn 0.424990982 0.7030832 -0.570137441
vn 0.6990845 -0.4389674 0.5644364
vn 0.688972652 -0.420861542 -0.5900781
vn 0.435101032 0.684975 0.5843768
vn -0.699083865 0.43896848 -0.5644364
vn 0.688972652 -0.420861542 -0.5900781
vn -0.435102522 -0.684974432 -0.584376454
vn 0.424990982 0.7030832 -0.570137441
vn -0.435102522 -0.684974432 -0.584376454
vn 0.6990845 -0.4389674 0.5644364
vn -0.42499 -0.703083754 0.5701375
vn 0.688972652 -0.420861542 -0.5900781
vn -0.42499 -0.703083754 0.5701375
vn 0.435101032 0.684975 0.5843768
vn -0.6889738 0.420860261 0.590077758
vn 0.6990845 -0.4389674 0.5644364
vn -0.6889738 0.420860261 0.590077758
vn 0.424990982 0.7030832 -0.570137441
vn -0.699083865 0.43896848 -0.5644364
vn 0.435101032 0.684975 0.5843768
vn 0.860479832 -0.349252552 0.370940864
vn 0.899616063 0.433061 -0.0561165
vn 0.3438278 0.436626136 0.83134836
vn 0.116185449 -0.5850696 0.8026173
vn 0.860479832 -0.349252552 0.370940864
vn -0.5889705 -0.0385719948 0.8072336
vn -0.549833536 0.7437397 0.380176753
vn 0.194459438 0.9795577 -0.0514995456
vn 0.5872741 -0.7359798 -0.336812943
vn 0.627491653 0.06792035 -0.77565527
vn -0.177555442 -0.978301466 0.106772013
vn 0.5872741 -0.7359798 -0.336812943
vn -0.902166069 -0.416726023 0.111516118
vn -0.8619479 0.38717398 -0.3273258
vn -0.0971183 0.6294959 -0.770910442
vn -0.343828321 -0.436624974 -0.8313487
vn -0.2541856 -0.952807665 -0.165973648
vn 0.419529021 -0.07725995 -0.9044481
vn 0.385873079 -0.750013 -0.5371987
vn -0.86059165 -0.482842 -0.162005067
vn -0.8269365 0.18991074 -0.529254138
vn -0.186876789 0.392708838 -0.90047586
vn 0.8150514 0.2544985 -0.5205015
vn 0.800652862 -0.5990564 -0.009298112
vn 0.7846553 -0.6198475 0.0102560539
vn 0.8239438 0.237508267 -0.5144963
vn 0.800652862 -0.5990564 -0.009298112
vn -0.0213791039 -0.8563172 0.5160075
vn -0.03308055 -0.853673041 0.5197576
vn 0.7846553 -0.6198475 0.0102560539
vn -0.82394594 -0.237505913 0.514494
vn -0.8150481 -0.254503518 0.5205041
vn -0.7846559 0.6198467 -0.0102560967
vn -0.8006526 0.5990567 0.009299172
vn 0.03307787 0.8536747 -0.5197551
vn 0.0213795733 0.8563178 -0.51600647
vn 0.8024514 0.226731986 -0.5519641
vn 0.758742332 -0.6470627 -0.07496629
vn 0.385873079 -0.750013 -0.5371987
vn 0.419529021 -0.07725995 -0.9044481
vn 0.758742332 -0.6470627 -0.07496629
vn -0.0725831762 -0.9104561 0.407187134
vn -0.2541856 -0.952807665 -0.165973648
vn 0.385873079 -0.750013 -0.5371987
vn -0.860198855 -0.300053149 0.412342131
vn -0.86059165 -0.482842 -0.162005067
vn -0.8164812 0.5737408 -0.06465295
vn -0.8269365 0.18991074 -0.529254138
vn 0.0148411393 0.8371297 -0.546803057
vn -0.186876789 0.392708838 -0.90047586
vn 0.8360535 -0.219060034 0.503018141
vn -0.451348066 0.0568879247 0.8905328
vn 0.174970955 -0.4285136 0.886431754
vn -0.416588664 0.7517385 0.5112173
vn 0.244495466 0.961191058 0.1278032
vn 0.8708151 0.475792229 0.123704515
vn 0.8708151 0.475792229 0.123704515
vn 0.47320056 -0.7516483 -0.459462762
vn 0.5099098 -0.0178414956 -0.8600428
vn 0.8360535 -0.219060034 0.503018141
vn 0.8360535 -0.219060034 0.503018141
vn -0.22494401 -0.9728432 -0.0545547046
vn 0.47320056 -0.7516483 -0.459462762
vn 0.174970955 -0.4285136 0.886431754
vn -0.8863779 -0.460230261 -0.0502226837
vn -0.451348066 0.0568879247 0.8905328
vn -0.849666834 0.273573548 -0.450803459
vn -0.416588664 0.7517385 0.5112173
vn -0.151524678 0.494769126 -0.8557124
vn 0.244495466 0.961191058 0.1278032
vn -0.3438287 -0.436625272 -0.8313484
usemtl 0143000000_part_0_material_0
f 1/1/1 2/2/2 3/3/3
f 3/3/3 4/4/4 1/1/1
f 1/1/1 4/4/4 5/5/5
f 5/5/5 6/6/6 1/1/1
f 7/7/7 8/8/8 2/2/2
f 2/2/2 8/8/8 3/3/3
f 9/9/9 10/10/10 11/11/11
f 11/11/11 12/12/12 9/9/9
f 13/13/13 14/14/14 10/10/10
f 10/10/10 15/15/15 13/13/13
f 14/14/14 16/16/16 11/11/11
f 11/11/11 10/10/10 14/14/14
f 17/17/17 18/18/18 19/19/19
f 18/18/18 15/15/15 10/10/10
f 10/10/10 9/9/9 18/18/18
f 20/20/20 21/21/21 22/22/22
f 23/23/23 24/24/24 9/9/9
f 9/9/9 12/12/12 23/23/23
f 3/3/3 25/25/25 4/4/4
f 26/26/26 27/27/27 4/4/4
f 4/4/4 25/25/25 26/26/26
f 6/6/6 28/28/28 29/29/29
f 29/29/29 14/14/14 6/6/6
f 30/30/30 31/31/31 32/32/32
f 32/32/32 33/33/33 34/34/34
f 5/5/5 33/33/33 28/28/28
f 28/28/28 6/6/6 5/5/5
f 35/35/35 28/28/28 33/33/33
f 33/33/33 32/32/32 35/35/35
f 34/34/34 33/33/33 36/36/36
f 37/37/37 38/38/38 35/35/35
f 13/13/13 6/6/6 14/14/14
f 27/27/27 39/39/39 5/5/5
f 5/5/5 4/4/4 27/27/27
f 8/8/8 40/40/40 25/25/25
f 25/25/25 3/3/3 8/8/8
f 29/29/29 28/28/28 35/35/35
f 35/35/35 38/38/38 29/29/29
f 41/41/41 42/42/42 43/43/43
f 14/14/14 29/29/29 16/16/16
f 44/44/44 45/45/45 46/46/46
f 46/46/46 47/47/47 44/44/44
f 48/48/48 49/49/49 50/50/50
f 50/50/50 51/51/51 48/48/48
f 45/45/45 52/52/52 53/53/53
f 53/53/53 46/46/46 45/45/45
f 54/54/54 55/55/55 53/53/53
f 53/53/53 52/52/52 54/54/54
f 56/56/56 57/57/57 58/58/58
f 58/58/58 44/44/44 56/56/56
f 44/44/44 47/47/47 59/59/59
f 59/59/59 56/56/56 44/44/44
f 45/45/45 44/44/44 58/58/58
f 58/58/58 60/60/60 45/45/45
f 60/60/60 61/61/61 45/45/45
f 49/49/49 57/57/57 56/56/56
f 61/61/61 52/52/52 45/45/45
f 37/37/37 62/62/62 38/38/38
f 63/63/63 64/64/64 59/59/59
f 59/59/59 47/47/47 63/63/63
f 55/55/55 65/65/65 66/66/66
f 66/66/66 53/53/53 55/55/55
f 59/59/59 50/50/50 49/49/49
f 49/49/49 56/56/56 59/59/59
f 67/67/67 68/68/68 69/69/69
f 69/69/69 70/70/70 67/67/67
f 71/71/71 72/72/72 73/73/73
f 73/73/73 74/74/74 71/71/71
f 67/67/67 75/75/75 76/76/76
f 76/76/76 68/68/68 67/67/67
f 77/77/77 78/78/78 26/26/26
f 26/26/26 25/25/25 77/77/77
f 20/20/20 22/22/22 79/79/79
f 79/79/79 80/80/80 20/20/20
f 77/77/77 25/25/25 40/40/40
f 40/40/40 81/81/81 77/77/77
f 82/82/82 83/83/83 84/84/84
f 84/84/84 85/85/85 82/82/82
f 86/86/86 82/82/82 85/85/85
f 85/85/85 87/87/87 86/86/86
f 84/84/84 83/83/83 88/88/88
f 88/88/88 89/89/89 84/84/84
f 90/90/90 86/86/86 87/87/87
f 87/87/87 91/91/91 90/90/90
f 92/92/92 89/89/89 88/88/88
f 88/88/88 93/93/93 92/92/92
f 93/93/93 94/94/94 95/95/95
f 95/95/95 92/92/92 93/93/93
f 83/83/83 96/96/96 64/64/64
f 64/64/64 63/63/63 83/83/83
f 96/96/96 97/97/97 98/98/98
f 98/98/98 64/64/64 96/96/96
f 97/97/97 90/90/90 99/99/99
f 99/99/99 98/98/98 97/97/97
f 1/1/1 6/6/6 13/13/13
f 88/88/88 100/100/100 66/66/66
f 66/66/66 93/93/93 88/88/88
f 63/63/63 100/100/100 88/88/88
f 88/88/88 83/83/83 63/63/63
f 82/82/82 96/96/96 83/83/83
f 82/82/82 86/86/86 97/97/97
f 97/97/97 96/96/96 82/82/82
f 93/93/93 66/66/66 65/65/65
f 65/65/65 94/94/94 93/93/93
f 86/86/86 90/90/90 97/97/97
f 17/17/17 21/21/21 20/20/20
f 37/37/37 32/32/32 31/31/31
f 101/101/101 102/102/102 103/103/103
f 103/103/103 104/104/104 101/101/101
f 103/103/103 105/105/105 106/106/106
f 106/106/106 104/104/104 103/103/103
f 107/107/107 108/108/108 106/106/106
f 106/106/106 105/105/105 107/107/107
f 109/109/109 110/110/110 102/102/102
f 102/102/102 101/101/101 109/109/109
f 111/111/111 112/112/112 113/113/113
f 113/113/113 11/11/11 111/111/111
f 114/114/114 112/112/112 111/111/111
f 111/111/111 115/115/115 114/114/114
f 116/116/116 117/117/117 118/118/118
f 118/118/118 119/119/119 116/116/116
f 120/120/120 121/121/121 117/117/117
f 117/117/117 116/116/116 120/120/120
f 119/119/119 118/118/118 122/122/122
f 122/122/122 123/123/123 119/119/119
f 122/122/122 124/124/124 125/125/125
f 125/125/125 123/123/123 122/122/122
f 98/98/98 50/50/50 59/59/59
f 59/59/59 64/64/64 98/98/98
f 99/99/99 51/51/51 50/50/50
f 50/50/50 98/98/98 99/99/99
f 47/47/47 46/46/46 100/100/100
f 100/100/100 63/63/63 47/47/47
f 46/46/46 53/53/53 66/66/66
f 66/66/66 100/100/100 46/46/46
f 42/42/42 12/12/12 11/11/11
f 11/11/11 113/113/113 42/42/42
f 41/41/41 23/23/23 12/12/12
f 12/12/12 42/42/42 41/41/41
f 113/113/113 112/112/112 101/101/101
f 101/101/101 104/104/104 113/113/113
f 106/106/106 42/42/42 113/113/113
f 113/113/113 104/104/104 106/106/106
f 112/112/112 114/114/114 109/109/109
f 109/109/109 101/101/101 112/112/112
f 43/43/43 42/42/42 106/106/106
f 106/106/106 108/108/108 43/43/43
f 31/31/31 126/126/126 62/62/62
f 62/62/62 37/37/37 31/31/31
f 18/18/18 24/24/24 19/19/19
f 18/18/18 9/9/9 24/24/24
f 35/35/35 32/32/32 37/37/37
f 5/5/5 39/39/39 36/36/36
f 33/33/33 5/5/5 36/36/36
f 62/62/62 16/16/16 38/38/38
f 29/29/29 38/38/38 16/16/16
f 11/11/11 16/16/16 62/62/62
f 62/62/62 111/111/111 11/11/11
f 111/111/111 62/62/62 126/126/126
f 126/126/126 115/115/115 111/111/111
f 127/127/127 128/128/128 129/129/129
f 129/129/129 130/130/130 127/127/127
f 131/131/131 132/132/132 133/133/133
f 133/133/133 134/134/134 131/131/131
f 73/73/73 72/72/72 128/128/128
f 128/128/128 127/127/127 73/73/73
f 17/17/17 19/19/19 21/21/21
f 21/21/21 19/19/19 22/22/22
f 20/20/20 135/135/135 17/17/17
f 40/40/40 8/8/8 7/7/7
f 136/136/136 137/137/137 138/138/138
f 138/138/138 139/139/139 136/136/136
f 87/87/87 140/140/140 141/141/141
f 141/141/141 91/91/91 87/87/87
f 142/142/142 143/143/143 144/144/144
f 144/144/144 145/145/145 142/142/142
f 92/92/92 144/144/144 139/139/139
f 139/139/139 89/89/89 92/92/92
f 146/146/146 147/147/147 148/148/148
f 148/148/148 149/149/149 146/146/146
f 150/150/150 151/151/151 152/152/152
f 152/152/152 153/153/153 150/150/150
f 154/154/154 155/155/155 156/156/156
f 156/156/156 157/157/157 154/154/154
f 158/158/158 159/159/159 160/160/160
f 160/160/160 161/161/161 158/158/158
f 162/162/162 155/155/155 154/154/154
f 154/154/154 163/163/163 162/162/162
f 164/164/164 165/165/165 158/158/158
f 158/158/158 161/161/161 164/164/164
f 166/166/166 146/146/146 167/167/167
f 167/167/167 168/168/168 166/166/166
f 169/169/169 170/170/170 162/162/162
f 162/162/162 171/171/171 169/169/169
f 172/172/172 173/173/173 169/169/169
f 169/169/169 171/171/171 172/172/172
f 174/174/174 146/146/146 166/166/166
f 166/166/166 175/175/175 174/174/174
f 167/167/167 176/176/176 168/168/168
f 177/177/177 168/168/168 178/178/178
f 146/146/146 149/149/149 167/167/167
f 176/176/176 167/167/167 149/149/149
f 149/149/149 156/156/156 176/176/176
f 176/176/176 156/156/156 155/155/155
f 176/176/176 155/155/155 178/178/178
f 178/178/178 168/168/168 176/176/176
f 179/179/179 180/180/180 150/150/150
f 150/150/150 153/153/153 179/179/179
f 181/181/181 150/150/150 180/180/180
f 180/180/180 160/160/160 181/181/181
f 181/181/181 182/182/182 151/151/151
f 151/151/151 150/150/150 181/181/181
f 147/147/147 164/164/164 161/161/161
f 161/161/161 180/180/180 147/147/147
f 183/183/183 162/162/162 163/163/163
f 163/163/163 184/184/184 183/183/183
f 162/162/162 170/170/170 155/155/155
f 174/174/174 164/164/164 147/147/147
f 181/181/181 185/185/185 182/182/182
f 161/161/161 160/160/160 180/180/180
f 148/148/148 147/147/147 180/180/180
f 180/180/180 179/179/179 148/148/148
f 181/181/181 160/160/160 186/186/186
f 186/186/186 185/185/185 181/181/181
f 184/184/184 187/187/187 183/183/183
f 186/186/186 160/160/160 188/188/188
f 188/188/188 189/189/189 186/186/186
f 188/188/188 160/160/160 159/159/159
f 159/159/159 190/190/190 188/188/188
f 147/147/147 146/146/146 174/174/174
f 153/153/153 152/152/152 191/191/191
f 192/192/192 179/179/179 153/153/153
f 153/153/153 191/191/191 192/192/192
f 41/41/41 43/43/43 193/193/193
f 108/108/108 107/107/107 194/194/194
f 194/194/194 195/195/195 108/108/108
f 196/196/196 197/197/197 121/121/121
f 121/121/121 120/120/120 196/196/196
f 43/43/43 108/108/108 195/195/195
f 195/195/195 193/193/193 43/43/43
f 84/84/84 89/89/89 139/139/139
f 139/139/139 138/138/138 84/84/84
f 198/198/198 141/141/141 140/140/140
f 140/140/140 199/199/199 198/198/198
f 140/140/140 87/87/87 85/85/85
f 144/144/144 92/92/92 95/95/95
f 95/95/95 145/145/145 144/144/144
f 200/200/200 201/201/201 149/149/149
f 149/149/149 148/148/148 200/200/200
f 140/140/140 85/85/85 84/84/84
f 84/84/84 138/138/138 140/140/140
f 192/192/192 200/200/200 148/148/148
f 148/148/148 179/179/179 192/192/192
f 201/201/201 202/202/202 156/156/156
f 156/156/156 149/149/149 201/201/201
f 137/137/137 199/199/199 140/140/140
f 140/140/140 138/138/138 137/137/137
f 156/156/156 202/202/202 203/203/203
f 203/203/203 157/157/157 156/156/156
f 144/144/144 143/143/143 136/136/136
f 136/136/136 139/139/139 144/144/144
f 117/117/117 105/105/105 103/103/103
f 103/103/103 118/118/118 117/117/117
f 121/121/121 107/107/107 105/105/105
f 105/105/105 117/117/117 121/121/121
f 118/118/118 103/103/103 102/102/102
f 102/102/102 122/122/122 118/118/118
f 122/122/122 102/102/102 110/110/110
f 110/110/110 124/124/124 122/122/122
f 197/197/197 194/194/194 107/107/107
f 107/107/107 121/121/121 197/197/197
f 34/34/34 30/30/30 32/32/32
f 204/204/204 205/205/205 206/206/206
f 206/206/206 205/205/205 207/207/207
f 207/207/207 205/205/205 208/208/208
f 208/208/208 209/209/209 207/207/207
f 205/205/205 210/210/210 208/208/208
f 211/211/211 210/210/210 205/205/205
f 212/212/212 213/213/213 211/211/211
f 214/214/214 212/212/212 211/211/211
f 211/211/211 205/205/205 214/214/214
f 205/205/205 204/204/204 214/214/214
f 211/211/211 213/213/213 210/210/210
f 215/215/215 216/216/216 217/217/217
f 218/218/218 215/215/215 219/219/219
f 218/218/218 219/219/219 220/220/220
f 221/221/221 212/212/212 214/214/214
f 215/215/215 218/218/218 222/222/222
f 207/207/207 223/223/223 206/206/206
f 216/216/216 206/206/206 224/224/224
f 207/207/207 209/209/209 225/225/225
f 225/225/225 223/223/223 207/207/207
f 216/216/216 224/224/224 226/226/226
f 226/226/226 217/217/217 216/216/216
f 227/227/227 228/228/228 226/226/226
f 226/226/226 224/224/224 227/227/227
f 227/227/227 224/224/224 223/223/223
f 223/223/223 229/229/229 227/227/227
f 216/216/216 222/222/222 206/206/206
f 215/215/215 222/222/222 216/216/216
f 224/224/224 206/206/206 223/223/223
f 215/215/215 217/217/217 230/230/230
f 231/231/231 230/230/230 217/217/217
f 217/217/217 226/226/226 231/231/231
f 231/231/231 226/226/226 228/228/228
f 228/228/228 232/232/232 231/231/231
f 233/233/233 234/234/234 228/228/228
f 228/228/228 227/227/227 235/235/235
f 235/235/235 233/233/233 228/228/228
f 229/229/229 235/235/235 227/227/227
f 236/236/236 214/214/214 204/204/204
f 222/222/222 204/204/204 206/206/206
f 237/237/237 214/214/214 236/236/236
f 222/222/222 236/236/236 204/204/204
f 238/238/238 239/239/239 240/240/240
f 234/234/234 241/241/241 228/228/228
f 233/233/233 242/242/242 234/234/234
f 237/237/237 236/236/236 243/243/243
f 244/244/244 232/232/232 241/241/241
f 240/240/240 239/239/239 234/234/234
f 215/215/215 230/230/230 245/245/245
f 230/230/230 231/231/231 246/246/246
f 238/238/238 244/244/244 239/239/239
f 239/239/239 241/241/241 234/234/234
f 239/239/239 244/244/244 241/241/241
f 241/241/241 232/232/232 228/228/228
f 247/247/247 248/248/248 249/249/249
f 248/248/248 247/247/247 250/250/250
f 247/247/247 251/251/251 250/250/250
f 251/251/251 247/247/247 252/252/252
f 253/253/253 249/249/249 254/254/254
f 249/249/249 248/248/248 254/254/254
f 255/255/255 256/256/256 257/257/257
f 256/256/256 255/255/255 258/258/258
f 257/257/257 259/259/259 260/260/260
f 259/259/259 257/257/257 256/256/256
f 248/248/248 250/250/250 261/261/261
f 26/26/26 250/250/250 27/27/27
f 250/250/250 26/26/26 261/261/261
f 252/252/252 262/262/262 263/263/263
f 262/262/262 252/252/252 257/257/257
f 30/30/30 264/264/264 31/31/31
f 264/264/264 34/34/34 265/265/265
f 251/251/251 263/263/263 265/265/265
f 263/263/263 251/251/251 252/252/252
f 266/266/266 265/265/265 263/263/263
f 265/265/265 266/266/266 264/264/264
f 34/34/34 36/36/36 265/265/265
f 267/267/267 266/266/266 268/268/268
f 255/255/255 257/257/257 252/252/252
f 27/27/27 251/251/251 39/39/39
f 251/251/251 27/27/27 250/250/250
f 254/254/254 261/261/261 269/269/269
f 261/261/261 254/254/254 248/248/248
f 262/262/262 266/266/266 263/263/263
f 266/266/266 262/262/262 268/268/268
f 257/257/257 260/260/260 262/262/262
f 267/267/267 268/268/268 270/270/270
f 271/271/271 69/69/69 272/272/272
f 69/69/69 271/271/271 273/273/273
f 71/71/71 274/274/274 275/275/275
f 274/274/274 71/71/71 74/74/74
f 271/271/271 276/276/276 277/277/277
f 276/276/276 271/271/271 272/272/272
f 278/278/278 26/26/26 78/78/78
f 26/26/26 278/278/278 261/261/261
f 279/279/279 79/79/79 22/22/22
f 79/79/79 279/279/279 280/280/280
f 278/278/278 269/269/269 261/261/261
f 269/269/269 278/278/278 281/281/281
f 247/247/247 255/255/255 252/252/252
f 267/267/267 31/31/31 264/264/264
f 282/282/282 283/283/283 284/284/284
f 283/283/283 282/282/282 285/285/285
f 109/109/109 284/284/284 110/110/110
f 284/284/284 109/109/109 282/282/282
f 286/286/286 287/287/287 288/288/288
f 287/287/287 286/286/286 259/259/259
f 114/114/114 286/286/286 288/288/288
f 286/286/286 114/114/114 115/115/115
f 289/289/289 290/290/290 291/291/291
f 290/290/290 289/289/289 292/292/292
f 290/290/290 125/125/125 124/124/124
f 125/125/125 290/290/290 292/292/292
f 287/287/287 282/282/282 288/288/288
f 282/282/282 287/287/287 285/285/285
f 288/288/288 109/109/109 114/114/114
f 109/109/109 288/288/288 282/282/282
f 31/31/31 270/270/270 126/126/126
f 270/270/270 31/31/31 267/267/267
f 266/266/266 267/267/267 264/264/264
f 251/251/251 36/36/36 39/39/39
f 265/265/265 36/36/36 251/251/251
f 270/270/270 268/268/268 260/260/260
f 262/262/262 260/260/260 268/268/268
f 259/259/259 270/270/270 260/260/260
f 270/270/270 259/259/259 286/286/286
f 286/286/286 126/126/126 270/270/270
f 126/126/126 286/286/286 115/115/115
f 293/293/293 129/129/129 294/294/294
f 129/129/129 293/293/293 130/130/130
f 295/295/295 296/296/296 297/297/297
f 296/296/296 295/295/295 298/298/298
f 274/274/274 294/294/294 275/275/275
f 294/294/294 274/274/274 293/293/293
f 269/269/269 253/253/253 254/254/254
f 291/291/291 284/284/284 283/283/283
f 284/284/284 291/291/291 290/290/290
f 290/290/290 110/110/110 284/284/284
f 110/110/110 290/290/290 124/124/124
f 34/34/34 264/264/264 30/30/30
f 299/299/299 300/300/300 301/301/301
f 300/300/300 299/299/299 302/302/302
f 303/303/303 19/19/19 304/304/304
f 304/304/304 301/301/301 305/305/305
f 301/301/301 304/304/304 299/299/299
f 279/279/279 22/22/22 306/306/306
f 23/23/23 299/299/299 24/24/24
f 299/299/299 23/23/23 302/302/302
f 41/41/41 307/307/307 308/308/308
f 303/303/303 279/279/279 306/306/306
f 309/309/309 310/310/310 311/311/311
f 310/310/310 309/309/309 312/312/312
f 313/313/313 310/310/310 314/314/314
f 310/310/310 313/313/313 311/311/311
f 315/315/315 316/316/316 317/317/317
f 316/316/316 315/315/315 318/318/318
f 319/319/319 317/317/317 320/320/320
f 317/317/317 319/319/319 315/315/315
f 308/308/308 300/300/300 302/302/302
f 300/300/300 308/308/308 321/321/321
f 41/41/41 302/302/302 23/23/23
f 302/302/302 41/41/41 308/308/308
f 310/310/310 321/321/321 308/308/308
f 321/321/321 310/310/310 312/312/312
f 307/307/307 310/310/310 308/308/308
f 310/310/310 307/307/307 314/314/314
f 304/304/304 19/19/19 24/24/24
f 304/304/304 24/24/24 299/299/299
f 303/303/303 306/306/306 19/19/19
f 306/306/306 22/22/22 19/19/19
f 279/279/279 303/303/303 322/322/322
f 41/41/41 193/193/193 307/307/307
f 314/314/314 194/194/194 313/313/313
f 194/194/194 314/314/314 195/195/195
f 196/196/196 320/320/320 197/197/197
f 320/320/320 196/196/196 319/319/319
f 307/307/307 195/195/195 314/314/314
f 195/195/195 307/307/307 193/193/193
f 317/317/317 309/309/309 311/311/311
f 309/309/309 317/317/317 316/316/316
f 320/320/320 311/311/311 313/313/313
f 311/311/311 320/320/320 317/317/317
f 197/197/197 313/313/313 194/194/194
f 313/313/313 197/197/197 320/320/320
f 323/323/323 324/324/324 325/325/325
f 324/324/324 323/323/323 326/326/326
f 327/327/327 328/328/328 329/329/329
f 328/328/328 327/327/327 330/330/330
f 325/325/325 331/331/331 332/332/332
f 331/331/331 325/325/325 324/324/324
f 333/333/333 331/331/331 334/334/334
f 331/331/331 333/333/333 332/332/332
f 335/335/335 336/336/336 337/337/337
f 336/336/336 335/335/335 323/323/323
f 323/323/323 338/338/338 326/326/326
f 338/338/338 323/323/323 335/335/335
f 325/325/325 336/336/336 323/323/323
f 336/336/336 325/325/325 339/339/339
f 339/339/339 325/325/325 340/340/340
f 340/340/340 325/325/325 332/332/332
f 341/341/341 338/338/338 342/342/342
f 338/338/338 341/341/341 326/326/326
f 334/334/334 343/343/343 344/344/344
f 343/343/343 334/334/334 331/331/331
f 338/338/338 329/329/329 328/328/328
f 329/329/329 338/338/338 335/335/335
f 345/345/345 346/346/346 347/347/347
f 346/346/346 345/345/345 348/348/348
f 349/349/349 348/348/348 345/345/345
f 348/348/348 349/349/349 350/350/350
f 346/346/346 351/351/351 347/347/347
f 351/351/351 346/346/346 352/352/352
f 353/353/353 350/350/350 349/349/349
f 350/350/350 353/353/353 354/354/354
f 355/355/355 351/351/351 352/352/352
f 351/351/351 355/355/355 356/356/356
f 356/356/356 357/357/357 358/358/358
f 357/357/357 356/356/356 355/355/355
f 347/347/347 342/342/342 359/359/359
f 342/342/342 347/347/347 341/341/341
f 359/359/359 360/360/360 361/361/361
f 360/360/360 359/359/359 342/342/342
f 361/361/361 362/362/362 353/353/353
f 362/362/362 361/361/361 360/360/360
f 351/351/351 343/343/343 363/363/363
f 343/343/343 351/351/351 356/356/356
f 341/341/341 351/351/351 363/363/363
f 351/351/351 341/341/341 347/347/347
f 345/345/345 347/347/347 359/359/359
f 345/345/345 361/361/361 349/349/349
f 361/361/361 345/345/345 359/359/359
f 356/356/356 344/344/344 343/343/343
f 344/344/344 356/356/356 358/358/358
f 349/349/349 361/361/361 353/353/353
f 360/360/360 338/338/338 328/328/328
f 338/338/338 360/360/360 342/342/342
f 362/362/362 328/328/328 330/330/330
f 328/328/328 362/362/362 360/360/360
f 326/326/326 363/363/363 324/324/324
f 363/363/363 326/326/326 341/341/341
f 324/324/324 343/343/343 331/331/331
f 343/343/343 324/324/324 363/363/363
f 364/364/364 365/365/365 366/366/366
f 365/365/365 364/364/364 367/367/367
f 350/350/350 368/368/368 369/369/369
f 368/368/368 350/350/350 354/354/354
f 370/370/370 371/371/371 372/372/372
f 371/371/371 370/370/370 373/373/373
f 355/355/355 367/367/367 371/371/371
f 367/367/367 355/355/355 352/352/352
f 374/374/374 375/375/375 376/376/376
f 375/375/375 374/374/374 377/377/377
f 378/378/378 379/379/379 380/380/380
f 379/379/379 378/378/378 381/381/381
f 382/382/382 383/383/383 384/384/384
f 383/383/383 382/382/382 385/385/385
f 386/386/386 387/387/387 388/388/388
f 387/387/387 386/386/386 389/389/389
f 390/390/390 382/382/382 384/384/384
f 382/382/382 390/390/390 391/391/391
f 392/392/392 386/386/386 393/393/393
f 386/386/386 392/392/392 389/389/389
f 394/394/394 395/395/395 374/374/374
f 395/395/395 394/394/394 396/396/396
f 397/397/397 390/390/390 398/398/398
f 390/390/390 397/397/397 399/399/399
f 400/400/400 397/397/397 401/401/401
f 397/397/397 400/400/400 399/399/399
f 402/402/402 394/394/394 374/374/374
f 394/394/394 402/402/402 403/403/403
f 395/395/395 396/396/396 404/404/404
f 405/405/405 406/406/406 396/396/396
f 374/374/374 395/395/395 377/377/377
f 404/404/404 377/377/377 395/395/395
f 377/377/377 404/404/404 383/383/383
f 404/404/404 384/384/384 383/383/383
f 404/404/404 406/406/406 384/384/384
f 406/406/406 404/404/404 396/396/396
f 407/407/407 378/378/378 408/408/408
f 378/378/378 407/407/407 381/381/381
f 409/409/409 408/408/408 378/378/378
f 408/408/408 409/409/409 387/387/387
f 409/409/409 380/380/380 410/410/410
f 380/380/380 409/409/409 378/378/378
f 376/376/376 389/389/389 392/392/392
f 389/389/389 376/376/376 408/408/408
f 411/411/411 391/391/391 390/390/390
f 391/391/391 411/411/411 412/412/412
f 390/390/390 384/384/384 398/398/398
f 402/402/402 376/376/376 392/392/392
f 409/409/409 410/410/410 413/413/413
f 389/389/389 408/408/408 387/387/387
f 375/375/375 408/408/408 376/376/376
f 408/408/408 375/375/375 407/407/407
f 409/409/409 414/414/414 387/387/387
f 414/414/414 409/409/409 413/413/413
f 412/412/412 411/411/411 415/415/415
f 414/414/414 416/416/416 387/387/387
f 416/416/416 414/414/414 417/417/417
f 416/416/416 388/388/388 387/387/387
f 388/388/388 416/416/416 418/418/418
f 376/376/376 402/402/402 374/374/374
f 381/381/381 419/419/419 379/379/379
f 420/420/420 381/381/381 407/407/407
f 381/381/381 420/420/420 419/419/419
f 346/346/346 367/367/367 352/352/352
f 367/367/367 346/346/346 365/365/365
f 421/421/421 369/369/369 368/368/368
f 369/369/369 421/421/421 422/422/422
f 369/369/369 348/348/348 350/350/350
f 371/371/371 357/357/357 355/355/355
f 357/357/357 371/371/371 373/373/373
f 423/423/423 377/377/377 424/424/424
f 377/377/377 423/423/423 375/375/375
f 369/369/369 346/346/346 348/348/348
f 346/346/346 369/369/369 365/365/365
f 420/420/420 375/375/375 423/423/423
f 375/375/375 420/420/420 407/407/407
f 424/424/424 383/383/383 425/425/425
f 383/383/383 424/424/424 377/377/377
f 366/366/366 369/369/369 422/422/422
f 369/369/369 366/366/366 365/365/365
f 383/383/383 426/426/426 425/425/425
f 426/426/426 383/383/383 385/385/385
f 371/371/371 364/364/364 372/372/372
f 364/364/364 371/371/371 367/367/367
f 427/427/427 428/428/428 429/429/429
f 428/428/428 430/430/430 429/429/429
f 430/430/430 208/208/208 429/429/429
f 208/208/208 430/430/430 209/209/209
f 429/429/429 208/208/208 210/210/210
f 431/431/431 429/429/429 210/210/210
f 432/432/432 431/431/431 213/213/213
f 433/433/433 431/431/431 432/432/432
f 431/431/431 433/433/433 429/429/429
f 429/429/429 433/433/433 427/427/427
f 431/431/431 210/210/210 213/213/213
f 434/434/434 435/435/435 436/436/436
f 437/437/437 438/438/438 434/434/434
f 437/437/437 439/439/439 438/438/438
f 440/440/440 433/433/433 432/432/432
f 434/434/434 441/441/441 437/437/437
f 430/430/430 428/428/428 442/442/442
f 436/436/436 443/443/443 428/428/428
f 430/430/430 225/225/225 209/209/209
f 225/225/225 430/430/430 442/442/442
f 436/436/436 444/444/444 443/443/443
f 444/444/444 436/436/436 435/435/435
f 445/445/445 444/444/444 446/446/446
f 444/444/444 445/445/445 443/443/443
f 445/445/445 442/442/442 443/443/443
f 442/442/442 445/445/445 229/229/229
f 436/436/436 428/428/428 441/441/441
f 434/434/434 436/436/436 441/441/441
f 443/443/443 442/442/442 428/428/428
f 434/434/434 447/447/447 435/435/435
f 448/448/448 435/435/435 447/447/447
f 435/435/435 448/448/448 444/444/444
f 448/448/448 446/446/446 444/444/444
f 446/446/446 448/448/448 449/449/449
f 233/233/233 446/446/446 450/450/450
f 446/446/446 235/235/235 445/445/445
f 235/235/235 446/446/446 233/233/233
f 229/229/229 445/445/445 235/235/235
f 451/451/451 427/427/427 433/433/433
f 441/441/441 428/428/428 427/427/427
f 452/452/452 451/451/451 433/433/433
f 441/441/441 427/427/427 451/451/451
f 453/453/453 454/454/454 455/455/455
f 450/450/450 446/446/446 456/456/456
f 233/233/233 450/450/450 242/242/242
f 452/452/452 457/457/457 451/451/451
f 458/458/458 456/456/456 449/449/449
f 454/454/454 450/450/450 455/455/455
f 434/434/434 459/459/459 447/447/447
f 447/447/447 460/460/460 448/448/448
f 453/453/453 455/455/455 458/458/458
f 455/455/455 450/450/450 456/456/456
f 455/455/455 456/456/456 458/458/458
f 456/456/456 446/446/446 449/449/449
f 329/329/329 335/335/335 337/337/337
f 461/461/461 462/462/462 463/463/463
f 461/461/461 464/464/464 462/462/462
f 465/465/465 466/466/466 467/467/467
f 465/465/465 468/468/468 466/466/466
f 469/469/469 470/470/470 471/471/471
f 469/469/469 472/472/472 470/470/470
f 473/473/473 474/474/474 475/475/475
f 473/473/473 476/476/476 474/474/474
f 476/476/476 477/477/477 474/474/474
f 476/476/476 478/478/478 477/477/477
f 479/479/479 480/480/480 481/481/481
f 479/479/479 481/481/481 482/482/482
f 479/479/479 483/483/483 484/484/484
f 479/479/479 484/484/484 480/480/480
f 485/485/485 486/486/486 487/487/487
f 487/487/487 488/488/488 485/485/485
f 486/486/486 489/489/489 490/490/490
f 490/490/490 487/487/487 486/486/486
f 489/489/489 491/491/491 492/492/492
f 492/492/492 490/490/490 489/489/489
f 493/493/493 494/494/494 495/495/495
f 495/495/495 496/496/496 493/493/493
f 497/497/497 498/498/498 499/499/499
f 499/499/499 500/500/500 497/497/497
f 501/501/501 502/502/502 503/503/503
f 503/503/503 504/504/504 501/501/501
f 505/505/505 506/506/506 507/507/507
f 507/507/507 508/508/508 509/509/509
f 509/509/509 505/505/505 507/507/507
f 508/508/508 510/510/510 509/509/509
f 511/511/511 512/512/512 513/513/513
f 513/513/513 514/514/514 511/511/511
f 513/513/513 515/515/515 516/516/516
f 516/516/516 514/514/514 513/513/513
f 517/517/517 518/518/518 519/519/519
f 519/519/519 520/520/520 517/517/517
f 518/518/518 512/512/512 511/511/511
f 511/511/511 519/519/519 518/518/518
f 516/516/516 515/515/515 521/521/521
f 521/521/521 522/522/522 516/516/516
f 522/522/522 521/521/521 523/523/523
f 523/523/523 524/524/524 522/522/522
f 511/511/511 514/514/514 525/525/525
f 525/525/525 526/526/526 511/511/511
f 514/514/514 516/516/516 527/527/527
f 527/527/527 525/525/525 514/514/514
f 520/520/520 519/519/519 528/528/528
f 528/528/528 529/529/529 520/520/520
f 519/519/519 511/511/511 526/526/526
f 526/526/526 528/528/528 519/519/519
f 516/516/516 522/522/522 530/530/530
f 530/530/530 527/527/527 516/516/516
f 522/522/522 524/524/524 531/531/531
f 531/531/531 530/530/530 522/522/522
f 512/512/512 532/532/532 506/506/506
f 506/506/506 513/513/513 512/512/512
f 506/506/506 505/505/505 515/515/515
f 515/515/515 513/513/513 506/506/506
f 533/533/533 534/534/534 518/518/518
f 518/518/518 517/517/517 533/533/533
f 518/518/518 534/534/534 532/532/532
f 532/532/532 512/512/512 518/518/518
f 505/505/505 509/509/509 521/521/521
f 521/521/521 515/515/515 505/505/505
f 521/521/521 509/509/509 510/510/510
f 510/510/510 523/523/523 521/521/521
f 535/535/535 536/536/536 537/537/537
f 537/537/537 538/538/538 535/535/535
f 526/526/526 539/539/539 540/540/540
f 539/539/539 526/526/526 525/525/525
f 541/541/541 542/542/542 543/543/543
f 542/542/542 541/541/541 544/544/544
f 545/545/545 539/539/539 525/525/525
f 525/525/525 527/527/527 545/545/545
f 529/529/529 528/528/528 546/546/546
f 546/546/546 547/547/547 529/529/529
f 548/548/548 549/549/549 550/550/550
f 550/550/550 551/551/551 548/548/548
f 552/552/552 528/528/528 526/526/526
f 553/553/553 554/554/554 543/543/543
f 543/543/543 542/542/542 553/553/553
f 555/555/555 527/527/527 530/530/530
f 556/556/556 557/557/557 558/558/558
f 558/558/558 559/559/559 556/556/556
f 560/560/560 530/530/530 531/531/531
f 531/531/531 561/561/561 560/560/560
f 562/562/562 563/563/563 564/564/564
f 564/564/564 565/565/565 562/562/562
f 566/566/566 567/567/567 568/568/568
f 568/568/568 544/544/544 566/566/566
f 569/569/569 570/570/570 549/549/549
f 558/558/558 557/557/557 571/571/571
f 571/571/571 569/569/569 558/558/558
f 542/542/542 572/572/572 573/573/573
f 573/573/573 553/553/553 542/542/542
f 574/574/574 575/575/575 563/563/563
f 563/563/563 562/562/562 574/574/574
f 575/575/575 574/574/574 576/576/576
f 558/558/558 577/577/577 559/559/559
f 577/577/577 578/578/578 579/579/579
f 579/579/579 559/559/559 577/577/577
f 580/580/580 556/556/556 559/559/559
f 559/559/559 579/579/579 580/580/580
f 581/581/581 582/582/582 568/568/568
f 568/568/568 583/583/583 581/581/581
f 584/584/584 585/585/585 581/581/581
f 581/581/581 583/583/583 584/584/584
f 567/567/567 586/586/586 584/584/584
f 584/584/584 583/583/583 567/567/567
f 587/587/587 586/586/586 567/567/567
f 567/567/567 566/566/566 587/587/587
f 542/542/542 544/544/544 588/588/588
f 588/588/588 572/572/572 542/542/542
f 570/570/570 550/550/550 549/549/549
f 550/550/550 570/570/570 589/589/589
f 530/530/530 560/560/560 555/555/555
f 555/555/555 545/545/545 527/527/527
f 588/588/588 544/544/544 568/568/568
f 568/568/568 582/582/582 588/588/588
f 577/577/577 549/549/549 548/548/548
f 548/548/548 578/578/578 577/577/577
f 590/590/590 591/591/591 551/551/551
f 551/551/551 550/550/550 590/590/590
f 592/592/592 590/590/590 550/550/550
f 550/550/550 589/589/589 592/592/592
f 526/526/526 540/540/540 552/552/552
f 552/552/552 546/546/546 528/528/528
f 544/544/544 541/541/541 566/566/566
f 537/537/537 593/593/593 538/538/538
f 567/567/567 583/583/583 568/568/568
f 569/569/569 549/549/549 577/577/577
f 577/577/577 558/558/558 569/569/569
f 565/565/565 564/564/564 536/536/536
f 536/536/536 535/535/535 565/565/565
f 594/594/594 551/551/551 595/595/595
f 595/595/595 596/596/596 594/594/594
f 572/572/572 588/588/588 597/597/597
f 597/597/597 598/598/598 572/572/572
f 573/573/573 572/572/572 598/598/598
f 598/598/598 599/599/599 573/573/573
f 551/551/551 600/600/600 599/599/599
f 599/599/599 595/595/595 551/551/551
f 601/601/601 602/602/602 603/603/603
f 602/602/602 604/604/604 605/605/605
f 604/604/604 602/602/602 601/601/601
f 605/605/605 604/604/604 606/606/606
f 607/607/607 608/608/608 609/609/609
f 608/608/608 607/607/607 610/610/610
f 608/608/608 611/611/611 612/612/612
f 611/611/611 608/608/608 610/610/610
f 613/613/613 614/614/614 615/615/615
f 614/614/614 613/613/613 616/616/616
f 615/615/615 607/607/607 609/609/609
f 607/607/607 615/615/615 614/614/614
f 611/611/611 617/617/617 612/612/612
f 617/617/617 611/611/611 618/618/618
f 618/618/618 619/619/619 617/617/617
f 619/619/619 618/618/618 620/620/620
f 607/607/607 621/621/621 610/610/610
f 621/621/621 607/607/607 622/622/622
f 610/610/610 623/623/623 611/611/611
f 623/623/623 610/610/610 621/621/621
f 616/616/616 624/624/624 614/614/614
f 624/624/624 616/616/616 625/625/625
f 614/614/614 622/622/622 607/607/607
f 622/622/622 614/614/614 624/624/624
f 611/611/611 626/626/626 618/618/618
f 626/626/626 611/611/611 623/623/623
f 618/618/618 627/627/627 620/620/620
f 627/627/627 618/618/618 626/626/626
f 609/609/609 603/603/603 628/628/628
f 603/603/603 609/609/609 608/608/608
f 603/603/603 612/612/612 601/601/601
f 612/612/612 603/603/603 608/608/608
f 629/629/629 615/615/615 630/630/630
f 615/615/615 629/629/629 613/613/613
f 615/615/615 628/628/628 630/630/630
f 628/628/628 615/615/615 609/609/609
f 601/601/601 617/617/617 604/604/604
f 617/617/617 601/601/601 612/612/612
f 617/617/617 606/606/606 604/604/604
f 606/606/606 617/617/617 619/619/619
f 631/631/631 632/632/632 633/633/633
f 632/632/632 631/631/631 634/634/634
f 622/622/622 635/635/635 636/636/636
f 636/636/636 621/621/621 622/622/622
f 637/637/637 638/638/638 639/639/639
f 639/639/639 640/640/640 637/637/637
f 641/641/641 621/621/621 636/636/636
f 621/621/621 641/641/641 623/623/623
f 625/625/625 642/642/642 624/624/624
f 642/642/642 625/625/625 643/643/643
f 644/644/644 645/645/645 646/646/646
f 645/645/645 644/644/644 647/647/647
f 648/648/648 622/622/622 624/624/624
f 649/649/649 638/638/638 650/650/650
f 638/638/638 649/649/649 639/639/639
f 651/651/651 626/626/626 623/623/623
f 652/652/652 653/653/653 654/654/654
f 653/653/653 652/652/652 655/655/655
f 656/656/656 627/627/627 626/626/626
f 627/627/627 656/656/656 657/657/657
f 658/658/658 659/659/659 660/660/660
f 659/659/659 658/658/658 661/661/661
f 662/662/662 663/663/663 664/664/664
f 663/663/663 662/662/662 640/640/640
f 665/665/665 646/646/646 666/666/666
f 653/653/653 667/667/667 654/654/654
f 667/667/667 653/653/653 665/665/665
f 639/639/639 668/668/668 669/669/669
f 668/668/668 639/639/639 649/649/649
f 670/670/670 660/660/660 671/671/671
f 660/660/660 670/670/670 658/658/658
f 671/671/671 672/672/672 670/670/670
f 653/653/653 655/655/655 673/673/673
f 673/673/673 674/674/674 675/675/675
f 674/674/674 673/673/673 655/655/655
f 676/676/676 655/655/655 652/652/652
f 655/655/655 676/676/676 674/674/674
f 677/677/677 663/663/663 678/678/678
f 663/663/663 677/677/677 679/679/679
f 680/680/680 677/677/677 681/681/681
f 677/677/677 680/680/680 679/679/679
f 664/664/664 680/680/680 682/682/682
f 680/680/680 664/664/664 679/679/679
f 683/683/683 664/664/664 682/682/682
f 664/664/664 683/683/683 662/662/662
f 639/639/639 684/684/684 640/640/640
f 684/684/684 639/639/639 669/669/669
f 666/666/666 646/646/646 645/645/645
f 645/645/645 685/685/685 666/666/666
f 626/626/626 651/651/651 656/656/656
f 651/651/651 623/623/623 641/641/641
f 684/684/684 663/663/663 640/640/640
f 663/663/663 684/684/684 678/678/678
f 673/673/673 644/644/644 646/646/646
f 644/644/644 673/673/673 675/675/675
f 686/686/686 647/647/647 687/687/687
f 647/647/647 686/686/686 645/645/645
f 688/688/688 645/645/645 686/686/686
f 645/645/645 688/688/688 685/685/685
f 622/622/622 648/648/648 635/635/635
f 648/648/648 624/624/624 642/642/642
f 640/640/640 662/662/662 637/637/637
f 632/632/632 634/634/634 689/689/689
f 664/664/664 663/663/663 679/679/679
f 665/665/665 673/673/673 646/646/646
f 673/673/673 665/665/665 653/653/653
f 661/661/661 633/633/633 659/659/659
f 633/633/633 661/661/661 631/631/631
f 690/690/690 691/691/691 647/647/647
f 691/691/691 690/690/690 692/692/692
f 669/669/669 693/693/693 684/684/684
f 693/693/693 669/669/669 694/694/694
f 668/668/668 694/694/694 669/669/669
f 694/694/694 668/668/668 695/695/695
f 647/647/647 695/695/695 696/696/696
f 695/695/695 647/647/647 691/691/691
f 697/697/697 698/698/698 699/699/699
f 700/700/700 701/701/701 702/702/702
f 702/702/702 699/699/699 700/700/700
f 703/703/703 704/704/704 697/697/697
f 697/697/697 702/702/702 703/703/703
f 702/702/702 697/697/697 699/699/699
f 705/705/705 706/706/706 700/700/700
f 700/700/700 699/699/699 705/705/705
f 697/697/697 704/704/704 707/707/707
f 708/708/708 709/709/709 710/710/710
f 711/711/711 712/712/712 713/713/713
f 713/713/713 714/714/714 711/711/711
f 697/697/697 707/707/707 715/715/715
f 716/716/716 717/717/717 718/718/718
f 717/717/717 716/716/716 713/713/713
f 713/713/713 716/716/716 719/719/719
f 706/706/706 720/720/720 721/721/721
f 721/721/721 722/722/722 706/706/706
f 714/714/714 708/708/708 710/710/710
f 700/700/700 722/722/722 723/723/723
f 723/723/723 701/701/701 700/700/700
f 702/702/702 701/701/701 703/703/703
f 719/719/719 708/708/708 714/714/714
f 714/714/714 713/713/713 719/719/719
f 724/724/724 725/725/725 726/726/726
f 726/726/726 698/698/698 724/724/724
f 727/727/727 728/728/728 717/717/717
f 717/717/717 729/729/729 727/727/727
f 727/727/727 729/729/729 730/730/730
f 729/729/729 712/712/712 730/730/730
f 728/728/728 727/727/727 730/730/730
f 730/730/730 731/731/731 728/728/728
f 731/731/731 717/717/717 728/728/728
f 732/732/732 698/698/698 726/726/726
f 723/723/723 722/722/722 721/721/721
f 721/721/721 733/733/733 723/723/723
f 734/734/734 718/718/718 731/731/731
f 717/717/717 731/731/731 718/718/718
f 729/729/729 713/713/713 712/712/712
f 717/717/717 713/713/713 729/729/729
f 726/726/726 725/725/725 735/735/735
f 706/706/706 722/722/722 700/700/700
f 705/705/705 699/699/699 698/698/698
f 698/698/698 732/732/732 705/705/705
f 736/736/736 698/698/698 697/697/697
f 697/697/697 715/715/715 736/736/736
f 737/737/737 724/724/724 698/698/698
f 698/698/698 738/738/738 737/737/737
f 698/698/698 736/736/736 738/738/738
f 739/739/739 740/740/740 741/741/741
f 742/742/742 743/743/743 744/744/744
f 743/743/743 742/742/742 740/740/740
f 745/745/745 739/739/739 746/746/746
f 739/739/739 745/745/745 743/743/743
f 743/743/743 740/740/740 739/739/739
f 747/747/747 742/742/742 748/748/748
f 742/742/742 747/747/747 740/740/740
f 739/739/739 707/707/707 746/746/746
f 749/749/749 750/750/750 735/735/735
f 751/751/751 752/752/752 753/753/753
f 752/752/752 751/751/751 754/754/754
f 739/739/739 715/715/715 707/707/707
f 747/747/747 748/748/748 755/755/755
f 755/755/755 752/752/752 747/747/747
f 752/752/752 756/756/756 747/747/747
f 748/748/748 757/757/757 758/758/758
f 757/757/757 748/748/748 759/759/759
f 754/754/754 750/750/750 749/749/749
f 742/742/742 760/760/760 759/759/759
f 760/760/760 742/742/742 744/744/744
f 743/743/743 745/745/745 744/744/744
f 756/756/756 754/754/754 749/749/749
f 754/754/754 756/756/756 752/752/752
f 724/724/724 749/749/749 725/725/725
f 749/749/749 724/724/724 741/741/741
f 761/761/761 755/755/755 762/762/762
f 755/755/755 761/761/761 763/763/763
f 761/761/761 764/764/764 763/763/763
f 763/763/763 764/764/764 753/753/753
f 762/762/762 764/764/764 761/761/761
f 764/764/764 762/762/762 765/765/765
f 765/765/765 762/762/762 755/755/755
f 756/756/756 749/749/749 741/741/741
f 760/760/760 757/757/757 759/759/759
f 757/757/757 760/760/760 733/733/733
f 760/760/760 723/723/723 733/733/733
f 758/758/758 765/765/765 748/748/748
f 755/755/755 748/748/748 765/765/765
f 746/746/746 707/707/707 704/704/704
f 763/763/763 753/753/753 752/752/752
f 755/755/755 763/763/763 752/752/752
f 749/749/749 735/735/735 725/725/725
f 748/748/748 742/742/742 759/759/759
f 747/747/747 741/741/741 740/740/740
f 741/741/741 747/747/747 756/756/756
f 766/766/766 739/739/739 741/741/741
f 739/739/739 766/766/766 715/715/715
f 767/767/767 741/741/741 724/724/724
f 766/766/766 736/736/736 715/715/715
f 741/741/741 767/767/767 738/738/738
f 766/766/766 738/738/738 736/736/736
f 767/767/767 737/737/737 738/738/738
f 741/741/741 738/738/738 766/766/766
f 744/744/744 723/723/723 760/760/760
f 723/723/723 744/744/744 701/701/701
f 745/745/745 701/701/701 744/744/744
f 701/701/701 745/745/745 703/703/703
f 704/704/704 745/745/745 746/746/746
f 745/745/745 704/704/704 703/703/703
f 724/724/724 737/737/737 767/767/767
f 768/768/768 769/769/769 770/770/770
f 768/768/768 771/771/771 769/769/769
f 772/772/772 771/771/771 768/768/768
f 773/773/773 771/771/771 772/772/772
f 774/774/774 771/771/771 773/773/773
f 775/775/775 776/776/776 777/777/777
f 775/775/775 777/777/777 778/778/778
f 779/779/779 775/775/775 778/778/778
f 780/780/780 779/779/779 778/778/778
f 774/774/774 780/780/780 778/778/778
f 771/771/771 774/774/774 778/778/778
f 780/780/780 774/774/774 773/773/773
f 781/781/781 782/782/782 783/783/783
f 782/782/782 781/781/781 784/784/784
f 785/785/785 786/786/786 787/787/787
f 786/786/786 785/785/785 788/788/788
f 789/789/789 790/790/790 791/791/791
f 790/790/790 789/789/789 792/792/792
f 793/793/793 794/794/794 795/795/795
f 794/794/794 793/793/793 796/796/796
f 797/797/797 798/798/798 799/799/799
f 798/798/798 797/797/797 800/800/800
f 801/801/801 802/802/802 803/803/803
f 802/802/802 801/801/801 804/804/804
f 805/805/805 806/806/806 807/807/807
f 808/808/808 809/809/809 807/807/807
f 810/810/810 808/808/808 807/807/807
f 811/811/811 810/810/810 807/807/807
f 812/812/812 811/811/811 807/807/807
f 806/806/806 812/812/812 807/807/807
f 806/806/806 805/805/805 813/813/813
f 813/813/813 814/814/814 806/806/806
f 809/809/809 808/808/808 815/815/815
f 815/815/815 816/816/816 809/809/809
f 808/808/808 810/810/810 817/817/817
f 817/817/817 815/815/815 808/808/808
f 810/810/810 811/811/811 818/818/818
f 818/818/818 817/817/817 810/810/810
f 811/811/811 812/812/812 819/819/819
f 819/819/819 818/818/818 811/811/811
f 812/812/812 806/806/806 814/814/814
f 814/814/814 819/819/819 812/812/812
f 814/814/814 813/813/813 820/820/820
f 816/816/816 815/815/815 820/820/820
f 815/815/815 817/817/817 820/820/820
f 817/817/817 818/818/818 820/820/820
f 818/818/818 819/819/819 820/820/820
f 819/819/819 814/814/814 820/820/820
f 821/821/821 822/822/822 823/823/823
f 821/821/821 824/824/824 825/825/825
f 821/821/821 825/825/825 826/826/826
f 821/821/821 826/826/826 822/822/822
f 827/827/827 828/828/828 829/829/829
f 829/829/829 830/830/830 827/827/827
f 831/831/831 832/832/832 833/833/833
f 833/833/833 834/834/834 831/831/831
f 832/832/832 835/835/835 836/836/836
f 836/836/836 833/833/833 832/832/832
f 835/835/835 837/837/837 838/838/838
f 838/838/838 836/836/836 835/835/835
f 837/837/837 839/839/839 840/840/840
f 840/840/840 838/838/838 837/837/837
f 839/839/839 827/827/827 830/830/830
f 830/830/830 840/840/840 839/839/839
f 841/841/841 842/842/842 843/843/843
f 843/843/843 844/844/844 841/841/841
f 845/845/845 846/846/846 847/847/847
f 847/847/847 848/848/848 845/845/845
f 846/846/846 849/849/849 850/850/850
f 850/850/850 847/847/847 846/846/846
f 849/849/849 851/851/851 852/852/852
f 852/852/852 850/850/850 849/849/849
f 851/851/851 853/853/853 854/854/854
f 854/854/854 852/852/852 851/851/851
f 853/853/853 841/841/841 844/844/844
f 844/844/844 854/854/854 853/853/853
f 855/855/855 856/856/856 857/857/857
f 855/855/855 858/858/858 856/856/856
f 855/855/855 859/859/859 858/858/858
f 855/855/855 860/860/860 859/859/859
f 861/861/861 862/862/862 863/863/863
f 861/861/861 864/864/864 862/862/862
f 865/865/865 866/866/866 867/867/867
f 865/865/865 868/868/868 866/866/866
f 868/868/868 869/869/869 866/866/866
f 868/868/868 870/870/870 869/869/869
f 870/870/870 871/871/871 869/869/869
f 870/870/870 872/872/872 871/871/871
f 872/872/872 873/873/873 871/871/871
f 872/872/872 874/874/874 873/873/873
f 874/874/874 863/863/863 873/873/873
f 874/874/874 861/861/861 863/863/863
f 863/863/863 862/862/862 875/875/875
f 867/867/867 866/866/866 875/875/875
f 866/866/866 869/869/869 875/875/875
f 869/869/869 871/871/871 875/875/875
f 871/871/871 873/873/873 875/875/875
f 873/873/873 863/863/863 875/875/875
