mtllib 0155000000.mtl
o 0155000000_part_0
v 0.165716246 2.7878983 0.208548158
v 0.178431809 2.85786128 0.263855338
v 0.117655858 2.79769921 0.287397444
v 0.20860754 2.7784605 0.171169236
v 4.55563131E-05 2.82038283 0.356012136
v 5.09501733E-05 2.77037024 0.3411414
v 0.19435811 2.91073847 0.08486382
v 0.120876208 2.94724751 0.137647659
v 0.225396261 2.84869766 0.145157516
v 5.097317E-05 2.89734626 0.292917728
v 0.173698351 2.65556645 0.215171441
v 0.231318966 2.83513141 -0.00754754338
v 0.23199591 2.77155137 0.07776669
v 0.206834078 2.68820477 0.08178021
v 0.219963387 2.63286471 -0.005153046
v 0.1427614 2.64492369 -0.09526862
v 0.135454461 2.82194328 -0.09163473
v 5.11743528E-05 2.81745768 -0.148528054
v 5.11840881E-05 2.65497017 -0.149413347
v 0.184773549 2.54605746 0.0655526742
v 0.132122174 2.50191569 -0.05492041
v 5.11699764E-05 2.52267027 -0.11982248
v 0.150304079 2.45812 0.0444188565
v 0.119092382 2.40836668 0.183934346
v 0.184773549 2.54605746 0.0655526742
v 0.08281282 2.385771 0.163357481
v 0.07260541 2.374156 0.2754575
v 5.10135178E-05 2.36057782 0.208298519
v 5.09655365E-05 2.36386681 0.3167342
v 0.174927309 2.53815317 0.104841471
v 0.143796057 2.48353 0.199491888
v 0.08957822 2.4566803 0.2787958
v 0.149282411 2.59704971 0.251784384
v 0.218676761 2.663555 0.106760994
v 5.0940238E-05 2.64625716 0.354161739
v 0.0224290881 2.64217424 0.338036448
v 0.041779317 2.67159367 0.334356874
v 5.094054E-05 2.68039513 0.361343771
v 0.02023251 2.52755451 0.367412269
v 5.0931787E-05 2.5177722 0.379696727
v 0.117665164 2.55575681 0.2979763
v 5.09486053E-05 2.51918077 0.344430327
v 0.0361945 2.63786173 0.3174621
v 0.0946123749 2.62044024 0.302085847
v 0.1172717 2.68470335 0.304272234
v 0.0484577641 2.54502726 0.319737762
v 5.09458E-05 2.49188 0.350310922
v 0.0617734 2.48624349 0.341080844
v 0.0532274246 2.44416237 0.308287829
v 0.12989977 2.63611317 0.274126053
v 5.09506281E-05 2.47920251 0.340187937
v 5.0949202E-05 2.45848131 0.343174338
v 0.117655888 2.797886 0.287397563
v 5.09527054E-05 2.78935242 0.335830122
v 0.165716261 2.7884078 0.208548293
v 0.239370391 2.65904665 0.08360192
v 0.2105363 2.54480314 0.0826962143
v -1.63244266E-07 2.00193024 0.342407435
v -1.59563413E-07 1.88882756 0.334687829
v 0.2600538 1.86022675 0.249663815
v 0.246125236 2.01584053 0.300280631
v 0.3222892 1.789181 -0.04841357
v 0.255908221 1.75693142 -0.150853574
v 0.3331693 1.98998415 -0.236089289
v 0.370708555 1.90088129 -0.09888179
v 0.3147395 1.90233326 0.129314423
v 0.3222892 1.789181 -0.04841357
v 0.370708555 1.90088129 -0.09888179
v 1.04596054E-07 1.78596985 -0.219294474
v 0.191612527 2.004111 -0.268275
v 0.1070931 1.66069078 -0.199557066
v 8.97223E-08 1.67931068 -0.188101932
v 0.210028544 1.670846 0.259531826
v -1.69518572E-07 1.68305361 0.355563074
v 0.231566533 1.64705431 -0.126605123
v 0.323610425 1.66269493 0.0374435857
v 0.139132872 2.25637126 -0.2619572
v 0.320232 2.20150661 -0.241035655
v 0.423137963 2.18642473 -0.269744843
v 1.34583431E-07 2.01408362 -0.282182038
v 1.31382009E-07 2.27216673 -0.2754658
v 0.361797243 1.92188013 0.04621059
v 0.343280673 2.04463577 0.173444271
v -1.24844163E-07 2.16223145 0.2618791
v 0.1903329 2.1678617 0.2139039
v 0.124595277 2.41455317 -0.09027429
v 6.211987E-08 2.42911959 -0.130229622
v 5.11699764E-05 2.52267027 -0.11982248
v 0.132122174 2.50191569 -0.05492041
v 0.292317271 2.338745 -0.159187779
v 0.384909034 2.30347633 -0.153794989
v 0.351974 2.17728567 0.155267358
v 0.271346182 2.32007933 0.06301145
v 0.143431932 2.35272336 0.0458238162
v 0.271346182 2.32007933 0.06301145
v 0.143431932 2.35272336 0.0458238162
v 0.112530284 2.31848431 0.12460272
v 0.08281282 2.385771 0.163357481
v 0.3705171 2.28307438 0.0385932177
v 0.3705171 2.28307438 0.0385932177
v 0.423137963 2.18642473 -0.269744843
v 0.384909034 2.30347633 -0.153794989
v 0.476473 2.26997662 -0.137141287
v 0.517573655 2.1295085 -0.2592903
v 0.5819737 2.14570928 -0.0934733152
v 0.3705171 2.28307438 0.0385932177
v 0.4730498 2.25706863 0.00249531912
v 0.475691438 1.85972953 -0.201119438
v 0.431045443 1.82413328 -0.11760883
v 0.370708555 1.90088129 -0.09888179
v 0.3331693 1.98998415 -0.236089289
v 0.351974 2.17728567 0.155267358
v 0.5170477 2.17250752 0.0855060741
v 0.5557747 1.99273372 0.0846851543
v 0.660763562 1.99993455 -0.09362012
v 0.343280673 2.04463577 0.173444271
v 0.431045443 1.82413328 -0.11760883
v 0.447531074 1.88638544 0.06782734
v 0.361797243 1.92188013 0.04621059
v 0.370708555 1.90088129 -0.09888179
v 0.5445214 1.99441493 -0.272108465
v 0.546918452 1.76954448 -0.23997283
v 0.5099 1.73383391 -0.09569211
v 0.5812329 1.79350936 0.0432835519
v 0.647553861 1.82426667 0.0112835066
v 0.5099 1.73383391 -0.09569211
v 0.677740037 1.81312251 -0.250100553
v 0.801233947 1.78228271 -0.09435985
v 0.7524955 1.66050482 -0.242370129
v 0.688728452 1.74438035 -0.216744
v 0.852639139 1.68592465 -0.0956286639
v 0.6073095 1.62445807 -0.217897445
v 0.563811541 1.59283066 -0.06404768
v 0.5347191 1.69573939 -0.08346027
v 0.60647583 1.69904923 -0.196528941
v 0.7517236 1.68308842 0.08935602
v 0.669757664 1.776468 0.0203774255
v 0.629696548 1.6495533 0.1013232
v 0.619155645 1.74537134 0.050836
v 0.563811541 1.59283066 -0.06404768
v 0.5347191 1.69573939 -0.08346027
v -1.75094385E-07 1.57979131 0.367256016
v 0.185194209 1.5768671 0.294455439
v 0.323610425 1.66269493 0.0374435857
v 0.3355398 1.56377828 0.05034945
v 0.315965831 1.5759176 0.195576
v 0.3355398 1.56377828 0.05034945
v 0.259509 1.56246161 -0.143259034
v 0.1228756 1.56598723 -0.2401209
v 0.150304079 2.45812 0.0444188565
v 5.10135178E-05 2.36057782 0.208298519
v -8.122445E-08 2.29284263 0.170375049
v 1.095917E-07 1.56435931 -0.229773447
v 0.6901344 1.77851844 -0.230342567
v 0.7549878 1.84463489 -0.09396602
v 0.5704748 1.7344439 -0.2354933
v 0.5812329 1.79350936 0.0432835519
v 0.5099 1.73383391 -0.09569211
v 0.5347191 1.69573939 -0.08346027
v 0.619155645 1.74537134 0.050836
v 0.44065696 1.25164163 0.009611639
v 0.411814153 1.26531243 0.1925786
v 0.253067046 1.26297164 0.3755208
v -2.13856339E-07 1.26641738 0.448489249
v 0.208777055 1.26327968 -0.3272639
v 0.371108264 1.25998235 -0.212709129
v 1.561854E-07 1.25397253 -0.327618539
v 0.44065696 1.25164163 0.009611639
v 5.103114E-05 2.97239184 0.171338022
v 0.113300495 2.93279457 -0.0147030363
v 5.11303624E-05 2.9456296 -0.0367419757
v 0.9089475 1.54088748 -0.09842488
v 0.8029092 1.50602269 -0.250926644
v 0.6408671 1.465791 -0.223612681
v 0.609830439 1.44580364 -0.06317735
v 0.80204767 1.53896689 0.0961410552
v 0.665853262 1.50153828 0.109497651
v 0.609830439 1.44580364 -0.06317735
v 0.716414034 0.983931243 0.110413127
v 0.715124667 0.982679844 0.0499095656
v 0.7747386 0.97151 0.05396331
v 0.7644587 0.9777978 0.09924046
v 0.7518369 1.23120427 0.138709679
v 0.6804029 1.27168727 0.0144438846
v 0.7498187 1.21212244 0.0292981528
v 0.694053948 1.42861617 -0.179943889
v 0.6471264 1.42688036 -0.05151601
v 0.6087819 1.55600774 -0.05264578
v 0.6465074 1.58133435 -0.197812632
v 0.75845474 1.60912848 -0.216682628
v 0.814640641 1.44645667 -0.228265315
v 0.907326341 1.50691521 -0.0843515
v 0.84283936 1.63323343 -0.104259908
v 0.820077956 1.45493782 0.0728056058
v 0.757859468 1.62824607 0.06563793
v 0.712148845 1.43832946 0.07441425
v 0.6637691 1.6023885 0.0748653859
v 0.712148845 1.43832946 0.07441425
v 0.6637691 1.6023885 0.0748653859
v 0.7388767 1.33348465 -0.2069937
v 0.6368419 1.3980571 0.02510869
v 0.830025434 1.366055 -0.244920969
v 0.934383452 1.39366424 -0.0478524752
v 0.826465249 1.41551566 0.145601839
v 0.6192389 1.31354082 0.0921016559
v 0.754524469 1.2222482 -0.185581
v 0.8524724 1.20540786 -0.2470306
v 0.9318438 1.19756091 0.01050726
v 0.8416098 1.23619843 0.116219766
v 0.68786484 1.313957 0.197529569
v 0.7518369 1.23120427 0.138709679
v 0.6403114 1.12351561 0.086521484
v 0.690397739 1.11526358 0.176424369
v 0.651775 1.14029086 0.2096461
v 0.609613 1.143153 0.128698468
v 0.68786484 1.313957 0.197529569
v 0.651775 1.14029086 0.2096461
v 0.690397739 1.11526358 0.176424369
v 0.790369749 0.976362944 -0.00507082976
v 0.717371762 0.983348 0.0107074669
v 0.757843137 0.989247 -0.14642486
v 0.749197 1.08557725 0.124848761
v 0.813997865 1.07744873 0.109786488
v 0.8706193 1.06543958 0.0366008319
v 0.7475755 1.08371067 0.03637595
v 0.749197 1.08557725 0.124848761
v 0.7475755 1.08371067 0.03637595
v 0.7498187 1.21212244 0.0292981528
v 0.814940631 1.08409262 -0.201859146
v 0.766848564 1.09328818 -0.163325742
v 0.8646 1.06111193 -0.00120524957
v 0.7341683 1.07700455 0.0175439753
v 0.7341683 1.07700455 0.0175439753
v 0.715124667 0.982679844 0.0499095656
v 0.716414034 0.983931243 0.110413127
v 0.717371762 0.983348 0.0107074669
v 0.3890151 2.29189277 0.0376883857
v 0.391840965 2.32119942 -0.0908552557
v 0.3009744 2.3475256 -0.08400798
v 0.291166157 2.321234 0.045802962
v 0.5004565 2.33170223 -0.0287905689
v 0.601486444 2.26247239 0.0393216461
v 0.610086143 2.2764504 -0.111530863
v 0.150304079 2.45812 0.0444188565
v 0.188395754 2.360568 0.05829579
v 0.190495118 2.390596 -0.06966309
v 0.5005346 2.26946378 0.0899806544
v 0.490280181 2.29865932 -0.161561728
v 0.339434743 1.68236136 0.0247842781
v 0.300716341 1.69001937 0.173921272
v 0.315965831 1.5759176 0.195576
v 0.3355398 1.56377828 0.05034945
v 0.182470113 1.69062185 0.29663527
v -1.73390617E-07 1.69817209 0.363683283
v -1.75094385E-07 1.57979131 0.367256016
v 0.185194209 1.5768671 0.294455439
v 0.122132875 1.68011928 -0.219975978
v 0.24246785 1.67671573 -0.1369296
v 0.259509 1.56246161 -0.143259034
v 0.1228756 1.56598723 -0.2401209
v 1.04801757E-07 1.67854762 -0.2197265
v 1.095917E-07 1.56435931 -0.229773447
v 9.941735E-08 1.22660017 -0.209022343
v 0.1836655 1.219739 -0.245099932
v 0.09368326 1.13201118 -0.121256612
v 0.09123883 1.17723584 0.284077823
v -1.25953861E-07 1.16584873 0.264070272
v -1.6237923E-08 1.10895121 0.03463914
v 0.03329148 1.103624 0.03459997
v 0.340788752 1.19773269 -0.132454455
v 0.223041892 1.16172671 -0.206659853
v 0.3639889 1.39967072 0.05460961
v 0.320499837 1.35656071 -0.112196095
v 0.297374874 1.40544462 -0.1196006
v 0.183261588 1.2606914 0.3014245
v 0.18779555 1.40052843 0.282047361
v -1.688735E-07 1.40086269 0.354160637
v -1.58600471E-07 1.23786926 0.332535177
v 0.1781357 1.3430649 -0.251234859
v 0.3832795 1.16888547 0.02168712
v 0.3330658 1.17399836 0.194438487
v 0.3356365 1.39889908 0.191081017
v 0.224773243 1.18793666 0.282812953
v 0.185995653 0.433030844 0.05095398
v 0.240351245 0.433030844 0.115865208
v 0.14919579 0.6315732 0.300374627
v 0.0415506959 0.6088512 0.09551388
v 0.3650579 0.8015089 -0.177060872
v 0.344906032 0.645877 -0.19947356
v 0.4555842 0.585688353 0.0343129821
v 0.358533 0.433030844 0.0388964079
v 0.3198536 0.433030963 -0.09168535
v 0.490067 0.7958211 0.03946585
v 0.327612936 0.433030844 0.0970285758
v 0.3687348 0.6398082 0.291936517
v 0.133756816 0.6452055 -0.179116845
v 0.221164957 0.433030963 -0.0830916
v 0.185995653 0.433030844 0.05095398
v 0.0415506959 0.6088512 0.09551388
v 0.1466632 0.7800137 0.285222352
v 0.0619070269 0.747902155 0.08962837
v 0.3645788 0.78748107 0.318585753
v 0.03329148 1.103624 0.03459997
v 0.115098588 0.7911937 -0.115807
v 0.0619070269 0.747902155 0.08962837
v 1.07609296E-07 1.320411 -0.2257147
v 0.31342864 0.1669364 -0.06880429
v 0.3198536 0.433030963 -0.09168535
v 0.358533 0.433030844 0.0388964079
v 0.3613475 0.147781849 -0.00545081031
v 0.230687678 0.1669364 -0.07315198
v 0.221164957 0.433030963 -0.0830916
v 0.200190544 0.151129 -0.0126902955
v 0.185995653 0.433030844 0.05095398
v 0.261491477 0.203629613 0.0910308659
v 0.240351245 0.433030844 0.115865208
v 0.326159865 0.203629613 0.07489677
v 0.327612936 0.433030844 0.0970285758
v 0.3613475 0.147781849 -0.00545081031
v 0.358533 0.433030844 0.0388964079
v 0.158499628 1.40567756 -0.24602741
v 1.0860218E-07 1.40334022 -0.227759838
v 4.157273E-08 1.15761614 -0.0888884142
v -1.6237923E-08 1.10895121 0.03463914
v 0.535755038 0.00107741356 0.347438574
v 0.5040068 0.102085352 0.4989155
v 0.21273841 0.0126819611 0.410736322
v 0.199831262 0.00415217876 0.229146525
v 0.161614761 0.00320875645 0.00317701837
v 0.2111551 0.00407171249 -0.1555249
v 0.3401095 0.00320875645 -0.157252446
v 0.416155547 0.00320875645 -0.0261570849
v 0.4397941 0.004152298 0.157068059
v 0.416155547 0.00320875645 -0.0261570849
v 0.3401095 0.00320875645 -0.157252446
v 0.331064284 0.116826892 -0.18067795
v 0.382239729 0.218738675 0.00277344463
v 0.2111551 0.00407171249 -0.1555249
v 0.21532245 0.12285018 -0.1814922
v 0.161614761 0.00320875645 0.00317701837
v 0.163541421 0.222922564 -0.006275839
v 0.292446017 0.203191876 0.430450231
v 0.21273841 0.0126819611 0.410736322
v 0.286371917 0.102085233 0.5406892
v 0.5040068 0.102085352 0.4989155
v 0.535755038 0.00107741356 0.347438574
v 0.451229364 0.173285127 0.3924626
v 0.163541421 0.222922564 -0.006275839
v 0.276169717 0.17275393 0.261716574
v 0.254019082 0.276070118 0.155673891
v 0.199831262 0.00415217876 0.229146525
v 0.161614761 0.00320875645 0.00317701837
v 0.398849577 0.172836423 0.2254554
v 0.357654572 0.276070118 0.130019441
v 0.382239729 0.218738675 0.00277344463
v 0.4397941 0.004152298 0.157068059
v 0.416155547 0.00320875645 -0.0261570849
v 0.341047 0.47017014 -0.150761664
v 0.423675925 0.4758494 0.00183410023
v 0.382239729 0.218738675 0.00277344463
v 0.322341859 0.216920614 -0.110402942
v 0.201599076 0.4650662 -0.158089072
v 0.218916863 0.2169205 -0.115837507
v 0.112575158 0.46399188 -0.0103670545
v 0.163541421 0.222922564 -0.006275839
v 0.221859366 0.468281269 0.192329884
v 0.254019082 0.276070118 0.155673891
v 0.380893439 0.468281269 0.157876059
v 0.221859366 0.468281269 0.192329884
v 0.254019082 0.276070118 0.155673891
v 0.357654572 0.276070118 0.130019441
v 0.286371917 0.102085233 0.5406892
v 0.382446378 0.275590181 0.57690686
v 0.382446378 0.275590181 0.57690686
v 0.218916863 0.2169205 -0.115837507
v 0.322341859 0.216920614 -0.110402942
v 0.1822714 0.204042673 0.0758852959
v 0.245813712 0.24026 0.226407468
v 0.249718472 0.3026359 0.177904531
v 0.188989446 0.161208391 0.101489045
v 0.393518925 0.242887259 0.203479484
v 0.364600331 0.3026359 0.152250081
v 0.398260772 0.20637548 0.0283076651
v 0.410305917 0.1552732 0.0421584025
v 0.281485856 0.12270987 -0.289213657
v 0.281485856 0.06831658 -0.234820411
v 0.281485856 0.1245445 -0.315479279
v 0.281485856 0.1245445 -0.154339433
v 0.2814859 0.05866933 -0.120810121
v 0.281485856 0.0547688 -0.194624409
v 0.2814859 0.194320083 -0.1946244
v 0.2814859 0.1904198 -0.1208101
v 0.281485856 0.194320083 -0.275194317
v 0.281485856 0.256294966 -0.234909371
v 0.281485856 0.1904198 -0.3490086
v 0.281485856 0.177103162 -0.2348204
v 0.281485856 0.05476892 -0.275194317
v 0.281485856 0.05866933 -0.3490086
v 0.281485856 -0.007205963 -0.234909385
v 0.2814859 0.12270987 -0.180427134
v 0.261184067 0.12270987 -0.2892137
v 0.261184067 0.06831658 -0.234820426
v 0.2611841 0.05866933 -0.120810106
v 0.261184067 0.0547688 -0.194624409
v 0.2611841 0.194320083 -0.194624409
v 0.2611841 0.1904198 -0.1208101
v 0.261184067 0.194320083 -0.275194347
v 0.261184067 0.256294966 -0.234909385
v 0.261184067 0.1245445 -0.3154793
v 0.261184067 0.1904198 -0.34900862
v 0.261184067 0.177103162 -0.234820411
v 0.261184067 0.05476892 -0.275194347
v 0.261184067 0.05866933 -0.34900862
v 0.261184067 -0.007205963 -0.2349094
v 0.2611841 0.122709751 -0.180427134
v 0.261184067 0.12270987 -0.2892137
v 0.261184067 0.1245445 -0.3154793
v 0.2611841 0.05866933 -0.120810106
v 0.261184067 0.1245445 -0.154339418
v 0.261184067 0.0547688 -0.194624409
v 0.2611841 0.1904198 -0.1208101
v 0.2611841 0.194320083 -0.194624409
v 0.261184067 0.256294966 -0.234909385
v 0.261184067 0.194320083 -0.275194347
v 0.261184067 0.1904198 -0.34900862
v 0.261184067 0.05866933 -0.34900862
v 0.261184067 0.05476892 -0.275194347
v 0.261184067 -0.007205963 -0.2349094
v 0.2611841 0.122709751 -0.180427134
v -0.165614232 2.7878983 0.208548024
v -0.1175539 2.79769921 0.2873974
v -0.1783298 2.85786128 0.2638552
v -0.208505481 2.7784605 0.171169028
v 5.63317153E-05 2.82038283 0.356012136
v -0.194256 2.91073847 0.08486363
v -0.1207741 2.94724751 0.137647524
v -0.225294173 2.84869766 0.145157337
v -0.173596352 2.65556645 0.215171278
v -0.2312167 2.83513141 -0.007547767
v -0.231893748 2.77155137 0.07776647
v -0.21986115 2.63286471 -0.0051532397
v -0.20673193 2.68820477 0.08178001
v -0.142659053 2.64492369 -0.09526875
v -0.135352165 2.81866026 -0.08494861
v -0.1320199 2.50191569 -0.0549205281
v -0.1846714 2.54605746 0.06555249
v -0.150201887 2.45812 0.04441872
v -0.118990324 2.40836668 0.183934227
v -0.1846714 2.54605746 0.06555249
v -0.0827107355 2.385771 0.163357377
v -0.07250343 2.374156 0.275457442
v -0.143694013 2.48353 0.199491754
v -0.174825177 2.53815317 0.104841314
v -0.08947625 2.4566803 0.2787957
v -0.1491804 2.59704971 0.251784235
v -0.218574628 2.663555 0.106760778
v -0.0416774154 2.67159367 0.334356844
v -0.0223271884 2.64217424 0.338036448
v -0.020130638 2.52755451 0.367412269
v -0.11756324 2.55575681 0.297976226
v -0.0360925719 2.63786173 0.317462027
v -0.11716976 2.68470335 0.304272145
v -0.0945104361 2.62044024 0.302085668
v -0.0483558364 2.54502726 0.319737732
v -0.0616715 2.48624349 0.341080755
v -0.0584074 2.44696188 0.320736229
v -0.126630947 2.63470674 0.277606249
v -0.117553934 2.797886 0.2873975
v -0.165614262 2.7884078 0.2085481
v -0.239268258 2.65904665 0.08360169
v -0.210434169 2.54480314 0.082696
v -0.260054022 1.86022687 0.249663532
v -0.246125489 2.01584053 0.300280362
v -0.322289139 1.789181 -0.04841388
v -0.333169132 1.98998415 -0.236089662
v -0.255908072 1.75693142 -0.150853783
v -0.370708436 1.90088129 -0.09888215
v -0.314739585 1.90233326 0.12931411
v -0.370708436 1.90088129 -0.09888215
v -0.322289139 1.789181 -0.04841388
v -0.191612273 2.004111 -0.268275142
v -0.107092917 1.66069078 -0.199557185
v -0.2100288 1.670846 0.259531617
v -0.231566444 1.6470542 -0.126605362
v -0.323610425 1.66269493 0.0374432765
v -0.3202318 2.20150661 -0.241035968
v -0.139132619 2.25637126 -0.261957318
v -0.4231377 2.18642473 -0.26974526
v -0.3617973 1.92188025 0.0462102331
v -0.343280822 2.04463577 0.173443928
v -0.190333128 2.1678617 0.21390371
v -0.124595195 2.41455317 -0.09027441
v -0.1320199 2.50191569 -0.0549205281
v -0.2923171 2.338745 -0.159188062
v -0.384908825 2.30347633 -0.153795362
v -0.3519742 2.17728567 0.155267
v -0.271346182 2.32007933 0.0630112
v -0.143431962 2.35272336 0.0458236821
v -0.271346182 2.32007933 0.0630112
v -0.112530388 2.31848431 0.124602608
v -0.143431962 2.35272336 0.0458236821
v -0.0827107355 2.385771 0.163357377
v -0.3705171 2.28307414 0.03859286
v -0.3705171 2.28307414 0.03859286
v -0.4231377 2.18642473 -0.26974526
v -0.476472825 2.26997662 -0.137141734
v -0.384908825 2.30347633 -0.153795362
v -0.5175735 2.1295085 -0.259290785
v -0.5819736 2.145709 -0.09347389
v -0.3705171 2.28307414 0.03859286
v -0.47304973 2.25706863 0.00249486719
v -0.4756912 1.85972953 -0.2011199
v -0.370708436 1.90088129 -0.09888215
v -0.431045234 1.82413328 -0.117609255
v -0.333169132 1.98998415 -0.236089662
v -0.3519742 2.17728567 0.155267
v -0.5170477 2.17250752 0.0855055451
v -0.555774748 1.9927336 0.08468458
v -0.6607635 1.99993455 -0.0936207846
v -0.343280822 2.04463577 0.173443928
v -0.431045234 1.82413328 -0.117609255
v -0.3617973 1.92188025 0.0462102331
v -0.4475311 1.88638544 0.06782688
v -0.370708436 1.90088129 -0.09888215
v -0.5445212 1.99441493 -0.272108972
v -0.5469182 1.76954448 -0.239973336
v -0.509899855 1.73383391 -0.0956926346
v -0.5812329 1.79350936 0.04328297
v -0.647554 1.82426667 0.0112828584
v -0.509899855 1.73383391 -0.0956926346
v -0.6777398 1.81312251 -0.2501012
v -0.801233768 1.78228271 -0.09436063
v -0.688728154 1.74438035 -0.216744691
v -0.7524952 1.66050494 -0.242370874
v -0.85263896 1.68592465 -0.0956295
v -0.607309163 1.4981817 -0.217898056
v -0.534718931 1.69573951 -0.0834608
v -0.563811362 1.59283066 -0.06404823
v -0.606475532 1.69904935 -0.196529523
v -0.7517235 1.68308842 0.08935528
v -0.6697576 1.776468 0.0203767717
v -0.6296965 1.6495533 0.1013226
v -0.6191556 1.74537146 0.0508353971
v -0.563811362 1.59283066 -0.06404823
v -0.534718931 1.69573951 -0.0834608
v -0.1851945 1.5768671 0.2944553
v -0.335539818 1.56377828 0.05034913
v -0.323610425 1.66269493 0.0374432765
v -0.335539818 1.56377828 0.05034913
v -0.31596604 1.5759176 0.195575714
v -0.259508878 1.56246161 -0.143259287
v -0.12287537 1.56598735 -0.240121022
v -0.150201887 2.45812 0.04441872
v -0.6901341 1.77851844 -0.230343223
v -0.7549877 1.84463489 -0.09396677
v -0.570474565 1.7344439 -0.235493839
v -0.5812329 1.79350936 0.04328297
v -0.534718931 1.69573951 -0.0834608
v -0.509899855 1.73383391 -0.0956926346
v -0.6191556 1.74537146 0.0508353971
v -0.440657 1.25164175 0.009611231
v -0.411814332 1.26531243 0.192578241
v -0.253067374 1.26297164 0.375520557
v -0.208776742 1.26327968 -0.327264071
v -0.371108055 1.25998223 -0.212709486
v -0.440657 1.25164175 0.009611231
v -0.113198258 2.93279457 -0.0147031555
v -0.908947349 1.54088736 -0.09842577
v -0.8029089 1.50602269 -0.250927448
v -0.6408668 1.465791 -0.223613352
v -0.6098302 1.44580364 -0.06317795
v -0.8020476 1.53896689 0.09614027
v -0.6658533 1.50153828 0.109496988
v -0.6098302 1.44580364 -0.06317795
v -0.7164142 0.9839311 0.1104124
v -0.7747386 0.9715099 0.053962525
v -0.7151247 0.9826797 0.04990883
v -0.7644588 0.9777977 0.09923967
v -0.7518371 1.231204 0.138708919
v -0.749818742 1.2121222 0.02929741
v -0.680402935 1.271687 0.0144432131
v -0.69405365 1.42861617 -0.1799446
v -0.6087817 1.55600774 -0.05264638
v -0.6471262 1.42688036 -0.05151665
v -0.6465071 1.58133435 -0.197813272
v -0.814640343 1.44645667 -0.228266135
v -0.758454442 1.482852 -0.216683388
v -0.907326162 1.50691509 -0.0843524039
v -0.8428392 1.63323343 -0.104260735
v -0.820077956 1.45493758 0.07280481
v -0.7578594 1.50196958 0.06563718
v -0.712148845 1.43832934 0.07441356
v -0.663769066 1.47611189 0.07486472
v -0.663769066 1.47611189 0.07486472
v -0.712148845 1.43832934 0.07441356
v -0.7388764 1.20720792 -0.206994429
v -0.6368419 1.398057 0.0251080617
v -0.830025256 1.36605477 -0.244921789
v -0.934383333 1.39366412 -0.0478533879
v -0.8264654 1.41551554 0.145601064
v -0.619239 1.3135407 0.09210106
v -0.7545243 1.22224808 -0.185581774
v -0.852472246 1.20540774 -0.24703145
v -0.9318439 1.19756079 0.0105063329
v -0.8416101 1.23619819 0.116218939
v -0.687865 1.31395674 0.1975289
v -0.7518371 1.231204 0.138708919
v -0.6403114 1.12351537 0.08652084
v -0.6517751 1.14029074 0.209645465
v -0.690397859 1.11526346 0.176423684
v -0.6096131 1.14315271 0.128697857
v -0.687865 1.31395674 0.1975289
v -0.6517751 1.14029074 0.209645465
v -0.690397859 1.11526346 0.176423684
v -0.790369749 0.9763628 -0.005071638
v -0.7578431 0.9892469 -0.14642565
v -0.7173718 0.9833479 0.01070673
v -0.7491972 1.08557725 0.124847993
v -0.813998044 1.07744861 0.109785676
v -0.870619357 1.06543946 0.03659995
v -0.7475756 1.08371043 0.0363751948
v -0.7491972 1.08557725 0.124847993
v -0.749818742 1.2121222 0.02929741
v -0.7475756 1.08371043 0.0363751948
v -0.814940453 1.08409238 -0.201859966
v -0.7668484 1.09328806 -0.163326532
v -0.864600062 1.06111181 -0.00120612443
v -0.734168351 1.07700443 0.0175432283
v -0.734168351 1.07700443 0.0175432283
v -0.7151247 0.9826797 0.04990883
v -0.7164142 0.9839311 0.1104124
v -0.7173718 0.9833479 0.01070673
v -0.3890151 2.29189253 0.03768801
v -0.30097428 2.3475256 -0.08400827
v -0.391840845 2.32119942 -0.09085562
v -0.291166157 2.321234 0.0458026864
v -0.5004564 2.331702 -0.0287910476
v -0.6100861 2.27645016 -0.111531444
v -0.6014865 2.26247239 0.0393210761
v -0.150201887 2.45812 0.04441872
v -0.188395813 2.360568 0.05829562
v -0.190495044 2.39059567 -0.06966328
v -0.500534654 2.26946354 0.08998018
v -0.49028 2.29865932 -0.1615622
v -0.339434773 1.68236136 0.0247839522
v -0.31596604 1.5759176 0.195575714
v -0.300716519 1.69001937 0.173920989
v -0.335539818 1.56377828 0.05034913
v -0.182470381 1.69062185 0.2966351
v -0.1851945 1.5768671 0.2944553
v -0.122132652 1.68011928 -0.219976068
v -0.259508878 1.56246161 -0.143259287
v -0.2424677 1.67671573 -0.136929825
v -0.12287537 1.56598735 -0.240121022
v -0.09368314 1.13201118 -0.1212567
v -0.183665261 1.219739 -0.245100126
v -0.0912391 1.17723584 0.284077734
v -0.03329151 1.103624 0.0345999524
v -0.3407886 1.19773269 -0.132454783
v -0.223041669 1.16172671 -0.206660062
v -0.363988936 1.39967084 0.054609254
v -0.297374725 1.4054445 -0.119600885
v -0.320499718 1.35656071 -0.112196378
v -0.183261871 1.2606914 0.301424325
v -0.187795818 1.40052843 0.282047182
v -0.17813547 1.3430649 -0.251235038
v -0.3832795 1.16888547 0.02168677
v -0.333065957 1.17399836 0.194438189
v -0.335636646 1.39889908 0.191080719
v -0.224773541 1.18793666 0.282812744
v -0.185995683 0.433030725 0.0509538166
v -0.149196044 0.6315732 0.300374478
v -0.240351334 0.433030725 0.115864992
v -0.04155078 0.6088511 0.09551386
v -0.3650577 0.8015089 -0.1770612
v -0.344905823 0.645877 -0.199473828
v -0.358533025 0.433030725 0.0388960764
v -0.455584168 0.585688353 0.0343125574
v -0.3198535 0.433030844 -0.09168564
v -0.490067035 0.795820951 0.03946541
v -0.368735075 0.6398082 0.291936159
v -0.327613026 0.433030725 0.09702828
v -0.133756652 0.6452054 -0.179116949
v -0.185995683 0.433030725 0.0509538166
v -0.221164867 0.433030844 -0.0830917954
v -0.04155078 0.6088511 0.09551386
v -0.146663472 0.7800137 0.2852222
v -0.0619070977 0.747902155 0.08962833
v -0.364579082 0.7874812 0.318585426
v -0.03329151 1.103624 0.0345999524
v -0.115098476 0.791193843 -0.115807079
v -0.0619070977 0.747902155 0.08962833
v -0.313428521 0.1669364 -0.0688045844
v -0.358533025 0.433030725 0.0388960764
v -0.3198535 0.433030844 -0.09168564
v -0.361347437 0.14778173 -0.005451153
v -0.230687588 0.1669364 -0.07315219
v -0.221164867 0.433030844 -0.0830917954
v -0.185995683 0.433030725 0.0509538166
v -0.200190514 0.151128888 -0.0126904771
v -0.240351334 0.433030725 0.115864992
v -0.261491567 0.2036295 0.0910306349
v -0.327613026 0.433030725 0.09702828
v -0.326159954 0.2036295 0.07489648
v -0.358533025 0.433030725 0.0388960764
v -0.361347437 0.14778173 -0.005451153
v -0.1584994 1.40567756 -0.246027559
v -0.535755336 0.00107741356 0.347438067
v -0.212738827 0.0126819611 0.410736144
v -0.5040073 0.102085352 0.498915
v -0.1998315 0.00415217876 0.229146346
v -0.211154968 0.00407171249 -0.155525088
v -0.161614761 0.00320875645 0.00317687052
v -0.416155517 0.00320875645 -0.0261574779
v -0.340109348 0.00320875645 -0.157252759
v -0.439794242 0.004152298 0.157067642
v -0.416155517 0.00320875645 -0.0261574779
v -0.331064075 0.116826892 -0.180678234
v -0.340109348 0.00320875645 -0.157252759
v -0.3822397 0.218738556 0.00277308165
v -0.215322271 0.12285018 -0.181492388
v -0.211154968 0.00407171249 -0.155525088
v -0.163541436 0.222922444 -0.00627598632
v -0.161614761 0.00320875645 0.00317687052
v -0.2924464 0.203191876 0.430449933
v -0.286372423 0.102085233 0.5406889
v -0.212738827 0.0126819611 0.410736144
v -0.5040073 0.102085352 0.498915
v -0.451229751 0.173285127 0.392462164
v -0.535755336 0.00107741356 0.347438067
v -0.163541436 0.222922444 -0.00627598632
v -0.254019231 0.27607 0.155673653
v -0.276170015 0.172753811 0.261716336
v -0.1998315 0.00415217876 0.229146346
v -0.161614761 0.00320875645 0.00317687052
v -0.357654661 0.27607 0.130019113
v -0.3988498 0.172836542 0.225455031
v -0.3822397 0.218738556 0.00277308165
v -0.439794242 0.004152298 0.157067642
v -0.416155517 0.00320875645 -0.0261574779
v -0.34104684 0.470170021 -0.150761977
v -0.3822397 0.218738556 0.00277308165
v -0.4236759 0.475849271 0.0018337057
v -0.3223418 0.2169205 -0.110403255
v -0.201598927 0.465066075 -0.15808925
v -0.218916729 0.216920614 -0.1158377
v -0.112575151 0.463991761 -0.0103671495
v -0.163541436 0.222922444 -0.00627598632
v -0.221859545 0.46828115 0.19232969
v -0.254019231 0.27607 0.155673653
v -0.3808936 0.46828115 0.157875717
v -0.254019231 0.27607 0.155673653
v -0.221859545 0.46828115 0.19232969
v -0.357654661 0.27607 0.130019113
v -0.286372423 0.102085233 0.5406889
v -0.382446945 0.275590181 0.5769065
v -0.382446945 0.275590181 0.5769065
v -0.218916729 0.216920614 -0.1158377
v -0.3223418 0.2169205 -0.110403255
v -0.182271481 0.204042673 0.07588514
v -0.249718621 0.3026358 0.177904308
v -0.245813921 0.240259886 0.22640726
v -0.188989535 0.161208272 0.101488881
v -0.36460048 0.3026358 0.152249753
v -0.393519133 0.242887139 0.203479126
v -0.3982608 0.20637536 0.0283073
v -0.410305947 0.15527308 0.0421580225
v -0.2814856 0.12270987 -0.289213926
v -0.281485528 0.1245445 -0.315479547
v -0.281485647 0.06831658 -0.234820664
v -0.2814857 0.1245445 -0.154339686
v -0.281485647 0.0547688 -0.194624662
v -0.281485736 0.05866933 -0.120810382
v -0.281485677 0.194320083 -0.194624647
v -0.281485736 0.1904198 -0.120810375
v -0.2814856 0.194320083 -0.2751946
v -0.281485647 0.256294966 -0.234909624
v -0.281485528 0.1904198 -0.349008858
v -0.281485647 0.177103162 -0.234820649
v -0.2814856 0.05476892 -0.2751946
v -0.281485528 0.05866933 -0.349008858
v -0.281485647 -0.007205963 -0.234909639
v -0.281485677 0.12270987 -0.180427387
v -0.2611838 0.12270987 -0.289213926
v -0.261183858 0.06831658 -0.234820649
v -0.261183947 0.05866933 -0.12081036
v -0.261183858 0.0547688 -0.194624647
v -0.2611839 0.194320083 -0.194624633
v -0.261183947 0.1904198 -0.120810345
v -0.2611838 0.194320083 -0.2751946
v -0.261183858 0.256294966 -0.234909609
v -0.261183739 0.1245445 -0.315479547
v -0.261183739 0.1904198 -0.349008858
v -0.261183858 0.177103162 -0.234820649
v -0.2611838 0.05476892 -0.2751946
v -0.261183739 0.05866933 -0.349008858
v -0.261183858 -0.007205963 -0.234909639
v -0.2611839 0.12270987 -0.180427358
v -0.261183739 0.1245445 -0.315479547
v -0.2611838 0.12270987 -0.289213926
v -0.261183947 0.05866933 -0.12081036
v -0.261183858 0.0547688 -0.194624647
v -0.261183918 0.1245445 -0.154339671
v -0.261183947 0.1904198 -0.120810345
v -0.2611839 0.194320083 -0.194624633
v -0.261183858 0.256294966 -0.234909609
v -0.2611838 0.194320083 -0.2751946
v -0.261183739 0.1904198 -0.349008858
v -0.261183739 0.05866933 -0.349008858
v -0.2611838 0.05476892 -0.2751946
v -0.261183858 -0.007205963 -0.234909639
v -0.2611839 0.12270987 -0.180427358
v 0.00112424721 1.73931944 0.376380235
v -0.08634134 1.739733 0.356112748
v -0.08349852 1.565298 0.359685451
v 0.00156267826 1.56478071 0.376992553
v 0.089277 1.56415677 0.3630043
v 0.09137004 1.73889291 0.3651842
v -1.2659272 -0.104068279 0.125636637
v -1.3683902 -0.3428917 0.118319891
v -1.3673805 -0.111451864 0.06786073
v -1.131631 1.09430075 0.123096779
v -1.21166539 1.076184 0.120458387
v -1.2277925 1.15560842 0.122646518
v -1.20009041 1.26562381 0.127652213
v -1.15592718 1.20708251 0.12619707
v -1.28135383 1.20378709 0.12376003
v -1.36148763 1.70626557 0.09696897
v -1.25404048 1.69679856 0.175595269
v -1.30573344 1.61906087 0.174622789
v -1.28212845 1.77562 0.179206491
v -1.36198926 1.61172211 0.136201426
v -1.30666113 1.32748151 0.166296154
v -1.363238 1.19043779 0.105038695
v -1.29508412 1.31143594 0.128495827
v -1.28135383 1.20378709 0.12376003
v -1.28301215 1.19665062 0.164255515
v -1.363238 1.19043779 0.105038695
v -1.47176659 -0.10338521 0.124650858
v -1.52907419 1.27029777 0.12617895
v -1.4476428 1.204339 0.122963652
v -1.49679363 1.15862167 0.121418782
v -1.42192364 1.327864 0.165744156
v -1.433092 1.31250715 0.12785241
v -1.52907419 1.27029777 0.12617895
v -1.44360411 1.776156 0.178433135
v -1.47219336 1.697437 0.1775455
v -1.36154616 1.80804539 0.1797441
v -1.42099583 1.61944342 0.174070776
v -1.42192364 1.327864 0.165744156
v -1.36286938 1.33469415 0.1280162
v -1.4461652 1.19713235 0.163812935
v -1.363238 1.19043779 0.105038695
v -1.36286938 1.33469415 0.1280162
v -1.36291754 1.29114437 0.107914552
v -1.433092 1.31250715 0.12785241
v -1.57149541 1.20766878 0.124184288
v -1.59677684 1.09553277 0.120860316
v -1.30666113 1.32748151 0.166296154
v -1.29508412 1.31143594 0.128495827
v -1.20009041 1.26562381 0.127652213
v -1.516318 1.07719517 0.1189994
v -1.36286938 1.33469415 0.1280162
v -1.36793756 -0.114706993 0.1819045
v -1.13199615 1.09216762 0.197831854
v -1.226128 1.156981 0.201047271
v -1.21041679 1.0765295 0.201692477
v -1.1562922 1.20494938 0.200932175
v -1.13199615 1.09216762 0.197831854
v -1.131631 1.09430075 0.123096779
v -1.226128 1.156981 0.201047271
v -1.2277925 1.15560842 0.122646518
v -1.21041679 1.0765295 0.201692477
v -1.20045543 1.2634908 0.202387333
v -1.36226714 1.7017101 0.256576031
v -1.36235952 1.60955834 0.212012127
v -1.281623 1.2014 0.202021658
v -1.363795 1.18718278 0.219082534
v -1.28301215 1.19665062 0.164255515
v -1.363795 1.18718278 0.219082534
v -1.59677684 1.09553277 0.120860316
v -1.59714174 1.09339976 0.195595324
v -1.57186043 1.20553577 0.198919311
v -1.57149541 1.20766878 0.124184288
v -1.4461652 1.19713235 0.163812935
v -1.50095463 1.15954542 0.2001535
v -1.49679363 1.15862167 0.121418782
v -1.52943921 1.26816475 0.200914025
v -1.43345714 1.31037426 0.20258753
v -1.36347461 1.28788936 0.221958429
v -1.36324227 1.33251464 0.204374775
v -1.36324227 1.33251464 0.204374775
v -1.29544914 1.30930281 0.203230947
v -1.363795 1.18718278 0.219082534
v -1.52943921 1.26816475 0.200914025
v -1.57186043 1.20553577 0.198919311
v -1.50095463 1.15954542 0.2001535
v -1.59714174 1.09339976 0.195595324
v -1.517681 1.07925868 0.197316363
v -1.43345714 1.31037426 0.20258753
v -1.44990766 1.20292783 0.200735688
v -1.29544914 1.30930281 0.203230947
v -1.15592718 1.20708251 0.12619707
v -1.1562922 1.20494938 0.200932175
v -1.517681 1.07925868 0.197316363
v -1.516318 1.07719517 0.1189994
v -1.36324227 1.33251464 0.204374775
v -1.281623 1.2014 0.202021658
v -1.20045543 1.2634908 0.202387333
v -1.44990766 1.20292783 0.200735688
v -1.4476428 1.204339 0.122963652
v -1.21166539 1.076184 0.120458387
v -1.517681 1.07925868 0.197316363
v -1.59714174 1.09339976 0.195595324
v -1.59677684 1.09553277 0.120860316
v -1.516318 1.07719517 0.1189994
v -1.13199615 1.09216762 0.197831854
v -1.21041679 1.0765295 0.201692477
v -1.21166539 1.076184 0.120458387
v -1.131631 1.09430075 0.123096779
v -0.454796046 2.18294144 0.174939215
v -0.488073468 2.267939 0.0564219
v -0.497178316 2.17803812 0.177583456
v -0.447215527 2.27284217 0.0639018044
v -0.5368042 2.18294144 0.18227376
v -0.5294 2.267939 0.05950106
v -0.570692 2.17803812 0.173772588
v -0.499697953 2.27284217 0.0773456842
v -0.6048584 2.17387342 0.160340562
v -0.570809543 2.258871 0.03803399
v -0.6364335 2.16897 0.1402911
v -0.5453896 2.26377416 0.06626492
v -0.6675325 2.17387342 0.111312494
v -0.595609844 2.258871 0.008787624
v -0.6917052 2.16897 0.0831427053
v -0.5799778 2.26377416 0.0426032953
v -0.7139767 2.17831588 0.03165196
v -0.6040771 2.26331353 -0.03361038
v -0.721941769 2.17341256 -0.004098917
v -0.606201053 2.26821661 0.00388176925
v -0.7080081 2.18059683 -0.0661946
v -0.5810784 2.26559472 -0.07093554
v -0.699319363 2.17569375 -0.09890129
v -0.599527657 2.2704978 -0.0413197167
v -0.637744665 2.21503186 -0.212020487
v -0.5301493 2.28089285 -0.123238355
v -0.606860042 2.21374846 -0.23482807
v -0.5668894 2.28401113 -0.108626254
v -0.5590189 2.219255 -0.2585932
v -0.495052338 2.285116 -0.132634923
v -0.521564543 2.21797156 -0.265427738
v -0.534657657 2.28823423 -0.135640517
v -0.463485777 2.23103881 -0.2603584
v -0.4540544 2.2968998 -0.121785507
v -0.4237807 2.2297554 -0.2537715
v -0.491686016 2.300018 -0.138229042
v -0.6950007 2.21503186 -0.142427027
v -0.5661697 2.28089285 -0.09721173
v -0.6781241 2.21374846 -0.173389137
v -0.591475 2.284011 -0.07176393
v 0.4547959 2.18294144 0.174939662
v 0.4971782 2.17803836 0.177583933
v 0.488073468 2.267939 0.05642236
v 0.447215527 2.27284241 0.06390223
v 0.536804 2.18294144 0.182274267
v 0.5706918 2.17803836 0.17377314
v 0.529399931 2.26793933 0.059501566
v 0.4996979 2.27284241 0.07734616
v 0.6048582 2.17387342 0.160341159
v 0.6364333 2.16897035 0.1402917
v 0.5708095 2.25887132 0.03803453
v 0.545389533 2.26377439 0.06626544
v 0.6675323 2.17387342 0.11131312
v 0.691705167 2.16897035 0.08314337
v 0.5956098 2.25887132 0.008788192
v 0.579977751 2.26377439 0.0426038429
v 0.7139766 2.17831588 0.0316526368
v 0.7219417 2.1734128 -0.00409823051
v 0.60407716 2.26331377 -0.0336098038
v 0.606201 2.26821685 0.00388234574
v 0.70800817 2.180597 -0.06619394
v 0.6993194 2.175694 -0.09890062
v 0.58107847 2.265595 -0.07093499
v 0.5995277 2.270498 -0.04131915
v 0.637744844 2.215032 -0.212019876
v 0.6068602 2.21374846 -0.234827474
v 0.530149341 2.28089285 -0.123237863
v 0.566889465 2.28401113 -0.108625695
v 0.5590191 2.21925521 -0.258592665
v 0.5215647 2.2179718 -0.265427232
v 0.495052546 2.2851162 -0.132634461
v 0.5346577 2.28823423 -0.13564001
v 0.463486075 2.231039 -0.260357916
v 0.423780978 2.2297554 -0.253771126
v 0.454054564 2.2969 -0.121785074
v 0.4916862 2.300018 -0.138228565
v 0.695000768 2.21503186 -0.142426372
v 0.6781243 2.21374846 -0.173388481
v 0.566169739 2.28089285 -0.0972112
v 0.59147507 2.28401113 -0.0717633739
vt 0.138377711 0.287041426
vt 0.126953125 0.33203125
vt 0.08748019 0.292171478
vt 0.167088673 0.282443166
vt 0.025916636 0.302635074
vt 0.03345126 0.2747221
vt 0.205078125 0.359375
vt 0.154296875 0.384765625
vt 0.184092149 0.3215382
vt 0.0605458021 0.371329069
vt 0.146525785 0.21367538
vt 0.262801 0.3124752
vt 0.219735846 0.278153539
vt 0.2191845 0.234109938
vt 0.259 0.19999665
vt 0.310793728 0.206349254
vt 0.3070836 0.3211193
vt 0.3595842 0.332489729
vt 0.359375 0.201171875
vt 0.218422875 0.151952922
vt 0.264192283 0.124642968
vt 0.3275569 0.116365314
vt 0.218011722 0.101881385
vt 0.1402211 0.07504785
vt 0.218422875 0.151952922
vt 0.136175737 0.0359028578
vt 0.08326173 0.0559362173
vt 0.0683848858 0.0224633217
vt 0.0398534536 0.048402667
vt 0.193013892 0.147555053
vt 0.1379699 0.117527604
vt 0.0859375 0.1015625
vt 0.126953125 0.17578125
vt 0.202012166 0.21822536
vt 0.0242083669 0.2060628
vt 0.0380572677 0.20410645
vt 0.048828125 0.22265625
vt 0.0231763124 0.225017846
vt 0.0283094645 0.1446076
vt 0.0138756027 0.143924654
vt 0.09765625 0.150390625
vt 0.03174454 0.135382235
vt 0.0546875 0.205078125
vt 0.080078125 0.201171875
vt 0.0833227038 0.2305482
vt 0.0590952635 0.147158444
vt 0.0273875 0.118232131
vt 0.04754889 0.117206812
vt 0.0603867769 0.09216225
vt 0.107421875 0.208984375
vt 0.0318266749 0.108330727
vt 0.03100276 0.09824443
vt 0.08748013 0.2922752
vt 0.036141932 0.285195947
vt 0.138377652 0.2873242
vt 0.212752625 0.218829215
vt 0.208270893 0.157580078
vt 0.23046875 0.7890625
vt 0.232800767 0.749951
vt 0.340436131 0.7376298
vt 0.3359375 0.7988281
vt 0.505727947 0.697159
vt 0.5485704 0.7029769
vt 0.5097039 0.7813088
vt 0.479793459 0.744304836
vt 0.394742519 0.748506069
vt 0.433700472 0.688043833
vt 0.460825473 0.7286514
vt 0.6285949 0.707233965
vt 0.5672201 0.7809367
vt 0.5930731 0.659113646
vt 0.6285949 0.6607543
vt 0.313032418 0.67557466
vt 0.232800767 0.6754266
vt 0.545863867 0.6624358
vt 0.401323944 0.6450653
vt 0.583491743 0.847202
vt 0.5282062 0.8434311
vt 0.494429141 0.8440426
vt 0.6285949 0.782186031
vt 0.6285949 0.8480859
vt 0.4311178 0.771943569
vt 0.399693161 0.81336987
vt 0.232800767 0.8570808
vt 0.310546875 0.875
vt 0.5839836 0.9296449
vt 0.6285949 0.9259246
vt 0.6280172 0.9752684
vt 0.584867358 0.9762579
vt 0.53366065 0.8978619
vt 0.505311131 0.892008
vt 0.38671875 0.8847656
vt 0.5166142 0.939088
vt 0.5370556 0.9551616
vt 0.356865078 0.9405129
vt 0.31863 0.9520217
vt 0.288339764 0.91911757
vt 0.267515332 0.965303063
vt 0.39990285 0.9318508
vt 0.497693837 0.9310597
vt 0.8897212 0.9188887
vt 0.853675961 0.977047741
vt 0.8348009 0.9448203
vt 0.8436449 0.8866366
vt 0.7940429 0.8828965
vt 0.7865398 0.986539841
vt 0.7881024 0.950362265
vt 0.87305 0.8323161
vt 0.9070189 0.8248403
vt 0.9073793 0.842983
vt 0.9086561 0.8790019
vt 0.718391061 0.9648073
vt 0.758644462 0.9188705
vt 0.7407292 0.8732117
vt 0.7874529 0.8501354
vt 0.6841419 0.9205867
vt 0.6667884 0.824658453
vt 0.688425839 0.847043455
vt 0.66748035 0.866338432
vt 0.65485 0.8472737
vt 0.839499056 0.8522896
vt 0.86529 0.797050953
vt 0.904013455 0.7884569
vt 0.7089907 0.79954
vt 0.739415765 0.796510339
vt 0.6687422 0.7872438
vt 0.8344741 0.7935234
vt 0.7886451 0.757905245
vt 0.8378906 0.70703125
vt 0.8343283 0.756214559
vt 0.7910156 0.7089844
vt 0.8687824 0.718763769
vt 0.9071215 0.720126033
vt 0.9036883 0.758595049
vt 0.8633427 0.7540748
vt 0.7402344 0.7109375
vt 0.737236738 0.7675576
vt 0.7031416 0.718696535
vt 0.71103096 0.766842246
vt 0.6675267 0.7183709
vt 0.6694442 0.7500415
vt 0.232800767 0.609745145
vt 0.294751078 0.612432241
vt 0.5000153 0.662571549
vt 0.493528783 0.625270545
vt 0.345944434 0.6135967
vt 0.407334119 0.609745145
vt 0.547988 0.6288771
vt 0.5868775 0.6286484
vt 0.559759438 0.9846825
vt 0.232800767 0.954640746
vt 0.232800767 0.9056364
vt 0.6285949 0.6281239
vt 0.834402144 0.774750769
vt 0.7892347 0.790760756
vt 0.863423 0.7763507
vt 0.7089693 0.7992849
vt 0.6686567 0.7869474
vt 0.6693678 0.7497608
vt 0.71096766 0.7665729
vt 0.4304494 0.5311587
vt 0.3674952 0.5311587
vt 0.3045757 0.5311587
vt 0.232800767 0.5311587
vt 0.577095 0.5523216
vt 0.5356057 0.5523216
vt 0.6285949 0.5523216
vt 0.479579717 0.5523216
vt 0.132718369 0.4182006
vt 0.251862347 0.381035924
vt 0.288640618 0.413679838
vt 0.7913249 0.665054262
vt 0.8378906 0.6660156
vt 0.870346 0.6700924
vt 0.905462861 0.667602956
vt 0.7421875 0.6660156
vt 0.7031416 0.67002517
vt 0.668203652 0.6676687
vt 0.7386455 0.415609956
vt 0.7472242 0.405124784
vt 0.7586626 0.414656758
vt 0.743411362 0.415609956
vt 0.9045018 0.489006162
vt 0.8968763 0.507117
vt 0.888297439 0.485193431
vt 0.84635675 0.543338537
vt 0.8844847 0.5481044
vt 0.8849309 0.5992048
vt 0.8386099 0.5920437
vt 0.809530735 0.5941525
vt 0.8082288 0.549057662
vt 0.7758201 0.554776847
vt 0.780777752 0.5959806
vt 0.7443646 0.540478945
vt 0.745367646 0.5936219
vt 0.712909043 0.540478945
vt 0.7134613 0.5904014
vt 0.9140338 0.550964
vt 0.919325769 0.6022288
vt 0.843497157 0.524274468
vt 0.8987826 0.540478945
vt 0.8101353 0.5290406
vt 0.7729605 0.531900167
vt 0.7395985 0.5328533
vt 0.9178466 0.520461738
vt 0.839684367 0.483286977
vt 0.8168076 0.486146569
vt 0.7672413 0.483286977
vt 0.737692237 0.489006162
vt 0.7081431 0.5033041
vt 0.7300666 0.483286977
vt 0.916893363 0.468989
vt 0.9178466 0.456597447
vt 0.9378637 0.4756614
vt 0.9235658 0.4756614
vt 0.93691045 0.5214149
vt 0.711955845 0.452784657
vt 0.722441 0.449925065
vt 0.7882117 0.419422746
vt 0.7834458 0.410843968
vt 0.8225268 0.427048326
vt 0.7357858 0.44420588
vt 0.7415051 0.44420588
vt 0.764381766 0.44420588
vt 0.8892506 0.452784657
vt 0.9102209 0.454691052
vt 0.7615222 0.412750363
vt 0.769147754 0.426095128
vt 0.817760766 0.45183146
vt 0.8349184 0.452784657
vt 0.7758201 0.443252683
vt 0.886391 0.453737855
vt 0.776773334 0.425141931
vt 0.8940167 0.42895472
vt 0.9121274 0.430861115
vt 0.873046339 0.42895472
vt 0.5901528 0.456283748
vt 0.5958199 0.510769367
vt 0.5564696 0.5124874
vt 0.547660768 0.458139
vt 0.635216653 0.481606424
vt 0.678236067 0.4445004
vt 0.688805163 0.506610751
vt 0.298946172 0.992977858
vt 0.503559053 0.46006453
vt 0.5059442 0.5146934
vt 0.634144366 0.428329527
vt 0.6413409 0.5333097
vt 0.563882947 0.402472258
vt 0.505917251 0.402472258
vt 0.505917251 0.3542692
vt 0.563882947 0.3542692
vt 0.4410538 0.402472258
vt 0.36840415 0.402472258
vt 0.36840415 0.3542692
vt 0.441836 0.3542692
vt 0.678297043 0.402472258
vt 0.627853453 0.402472258
vt 0.627853453 0.3542692
vt 0.678297043 0.3542692
vt 0.721738756 0.402472258
vt 0.721738756 0.3542692
vt 0.7507504 0.2602418
vt 0.6915983 0.258032084
vt 0.7150843 0.228296936
vt 0.432258874 0.259102285
vt 0.393106967 0.247701526
vt 0.393106967 0.228025973
vt 0.405418426 0.230640948
vt 0.6340971 0.262238979
vt 0.6701429 0.2348209
vt 0.5669112 0.329313934
vt 0.636278749 0.308289
vt 0.6364219 0.327875078
vt 0.456480056 0.2804988
vt 0.4580479 0.3288554
vt 0.393106967 0.328970969
vt 0.393106967 0.27260673
vt 0.6933793 0.3039425
vt 0.569074154 0.2678228
vt 0.530353665 0.267376721
vt 0.5245161 0.329065561
vt 0.4931333 0.263745964
vt 0.4162189 0.0182637572
vt 0.467067748 0.018474102
vt 0.438746244 0.113097548
vt 0.3976921 0.113097548
vt 0.6370182 0.153097689
vt 0.6402284 0.112707853
vt 0.571827769 0.09807092
vt 0.5722053 0.0184506774
vt 0.6271529 0.01793456
vt 0.5701238 0.153340638
vt 0.5157671 0.0184736848
vt 0.5093498 0.113097548
vt 0.708241343 0.1126042
vt 0.7082088 0.01861304
vt 0.764438748 0.018273592
vt 0.7640945 0.107189357
vt 0.436734 0.153145492
vt 0.402253658 0.149590015
vt 0.506643534 0.152692914
vt 0.75484 0.211490333
vt 0.71054244 0.15331775
vt 0.760289431 0.148577869
vt 0.7507504 0.296646416
vt 0.684913754 0.5565432
vt 0.6552002 0.5558592
vt 0.6553558 0.5460398
vt 0.689318657 0.54723537
vt 0.6852735 0.5658743
vt 0.6555981 0.5673538
vt 0.6906677 0.5744625
vt 0.6550096 0.5805501
vt 0.6849357 0.5872093
vt 0.65400517 0.5879065
vt 0.6849357 0.5957121
vt 0.65400517 0.5962083
vt 0.6897333 0.6067454
vt 0.6539166 0.605239332
vt 0.6922685 0.328003347
vt 0.7509825 0.327224672
vt 0.7510998 0.232517362
vt 0.75484 0.211490333
vt 0.9898538 0.783192933
vt 0.9805233 0.810162544
vt 0.936039865 0.7849
vt 0.9389693 0.755901158
vt 0.9390401 0.71962595
vt 0.95140034 0.696256161
vt 0.9722335 0.699400544
vt 0.980876267 0.721863866
vt 0.9796342 0.7510881
vt 0.7781339 0.199177444
vt 0.825982332 0.1883955
vt 0.8274308 0.22478348
vt 0.7914669 0.2752391
vt 0.871036232 0.1906274
vt 0.8677874 0.228346348
vt 0.9032547 0.200741529
vt 0.8976724 0.272259474
vt 0.8265581 0.0590919852
vt 0.7976889 0.0599647164
vt 0.820537865 0.02348286
vt 0.879042745 0.02443242
vt 0.898808658 0.06123346
vt 0.869796455 0.0604939461
vt 0.8050998 0.171078682
vt 0.829104066 0.103238642
vt 0.8275785 0.139572978
vt 0.80174166 0.1041407
vt 0.780334 0.155900836
vt 0.863962233 0.104469478
vt 0.855706334 0.141506255
vt 0.869699359 0.1656146
vt 0.889041066 0.108321667
vt 0.8989328 0.161007762
vt 0.333158523 0.5058257
vt 0.2821112 0.5058257
vt 0.2821112 0.437350273
vt 0.333158523 0.440669775
vt 0.3730004 0.5058257
vt 0.3730004 0.439010024
vt 0.422802716 0.5058257
vt 0.422802716 0.444819272
vt 0.4775851 0.5058257
vt 0.4775851 0.45228827
vt 0.227328822 0.5058257
vt 0.182506844 0.5058257
vt 0.182506844 0.45228827
vt 0.227328822 0.45228827
vt 0.9442927 0.8108504
vt 0.8464068 0.0112792253
vt 0.958716452 0.8263026
vt 0.871591032 0.266250134
vt 0.8291144 0.265030622
vt 0.936989248 0.855304241
vt 0.9701218 0.883947849
vt 0.941439331 0.8892615
vt 0.9533724 0.8495195
vt 0.9715975 0.939784169
vt 0.941032469 0.9332069
vt 0.9333429 0.9672831
vt 0.953283846 0.9733676
vt 0.254903376 0.0515724421
vt 0.24006547 0.0367410779
vt 0.262016416 0.0520678163
vt 0.218144238 0.0520678163
vt 0.209015533 0.03413254
vt 0.2291123 0.0330705643
vt 0.2291123 0.07106507
vt 0.209015533 0.07000315
vt 0.2510484 0.07106507
vt 0.24006559 0.08793843
vt 0.271145135 0.07000309
vt 0.24006547 0.06639832
vt 0.2510484 0.0330705643
vt 0.271145135 0.03413254
vt 0.240080342 0.0161972046
vt 0.225236848 0.0515697
vt 0.254903376 0.0515724421
vt 0.24006547 0.0367410779
vt 0.205407009 0.02899015
vt 0.225976408 0.0279952288
vt 0.225858226 0.0760647058
vt 0.205121592 0.0746552944
vt 0.2537552 0.07624203
vt 0.2400304 0.09401941
vt 0.267833173 0.0521327853
vt 0.278284848 0.07359862
vt 0.24006547 0.06639832
vt 0.253752828 0.0274866819
vt 0.276672572 0.0305803418
vt 0.240060136 0.008429408
vt 0.225236848 0.0515697
vt 0.225236848 0.0515697
vt 0.218144238 0.0520678163
vt 0.271145135 0.03413254
vt 0.262016416 0.0520678163
vt 0.2510484 0.0330705643
vt 0.271145135 0.07000309
vt 0.2510484 0.07106507
vt 0.24006559 0.08793843
vt 0.2291123 0.07106507
vt 0.209015533 0.07000315
vt 0.209015533 0.03413254
vt 0.2291123 0.0330705643
vt 0.240080342 0.0161972046
vt 0.2548757 0.051564157
vt 0.138377711 0.287041426
vt 0.08748019 0.292171478
vt 0.126953125 0.33203125
vt 0.167088673 0.282443166
vt 0.025916636 0.302635074
vt 0.205078125 0.359375
vt 0.154296875 0.384765625
vt 0.184092149 0.3215382
vt 0.146525785 0.21367538
vt 0.262801 0.3124752
vt 0.219735846 0.278153539
vt 0.259 0.19999665
vt 0.2191845 0.234109938
vt 0.310793728 0.206349254
vt 0.3070836 0.3211193
vt 0.264192283 0.124642968
vt 0.218422875 0.151952922
vt 0.218011722 0.101881385
vt 0.1402211 0.07504785
vt 0.218422875 0.151952922
vt 0.136175737 0.0359028578
vt 0.08326173 0.0559362173
vt 0.1379699 0.117527604
vt 0.193013892 0.147555053
vt 0.0859375 0.1015625
vt 0.126953125 0.17578125
vt 0.202012166 0.21822536
vt 0.048828125 0.22265625
vt 0.0380572677 0.20410645
vt 0.0283094645 0.1446076
vt 0.09765625 0.150390625
vt 0.0546875 0.205078125
vt 0.0833227038 0.2305482
vt 0.080078125 0.201171875
vt 0.0590952635 0.147158444
vt 0.04754889 0.117206812
vt 0.0603867769 0.09216225
vt 0.107421875 0.208984375
vt 0.08748013 0.2922752
vt 0.138377652 0.2873242
vt 0.212752625 0.218829215
vt 0.208270893 0.157580078
vt 0.1251654 0.7376298
vt 0.1320756 0.793880939
vt 0.505727947 0.697159
vt 0.5097039 0.7813088
vt 0.5485704 0.7029769
vt 0.479793459 0.744304836
vt 0.07085901 0.748506069
vt 0.004775991 0.7286514
vt 0.0319010541 0.688043833
vt 0.5672201 0.7809367
vt 0.5930731 0.659113646
vt 0.1525691 0.67557466
vt 0.545863867 0.6624358
vt 0.06427758 0.6450653
vt 0.5282062 0.8434311
vt 0.583491743 0.847202
vt 0.494429141 0.8440426
vt 0.03448372 0.771943569
vt 0.065908365 0.81336987
vt 0.157075807 0.8655926
vt 0.5839836 0.9296449
vt 0.584867358 0.9762579
vt 0.53366065 0.8978619
vt 0.505311131 0.892008
vt 0.07877188 0.866947532
vt 0.5166142 0.939088
vt 0.5370556 0.9551616
vt 0.108736448 0.9405129
vt 0.177261755 0.91911757
vt 0.146971509 0.9520217
vt 0.198086187 0.965303063
vt 0.0656986758 0.9318508
vt 0.497693837 0.9310597
vt 0.8897212 0.9188887
vt 0.8348009 0.9448203
vt 0.853675961 0.977047741
vt 0.8436449 0.8866366
vt 0.7940429 0.8828965
vt 0.7865398 0.986539841
vt 0.7881024 0.950362265
vt 0.87305 0.8323161
vt 0.9073793 0.842983
vt 0.9070189 0.8248403
vt 0.9086561 0.8790019
vt 0.718391061 0.9648073
vt 0.758644462 0.9188705
vt 0.7407292 0.8732117
vt 0.7874529 0.8501354
vt 0.6841419 0.9205867
vt 0.6667884 0.824658453
vt 0.66748035 0.866338432
vt 0.688425839 0.847043455
vt 0.65485 0.8472737
vt 0.839499056 0.8522896
vt 0.86529 0.797050953
vt 0.904013455 0.7884569
vt 0.7089907 0.79954
vt 0.739415765 0.796510339
vt 0.6687422 0.7872438
vt 0.8344741 0.7935234
vt 0.7886451 0.757905245
vt 0.8343283 0.756214559
vt 0.8378906 0.70703125
vt 0.7910156 0.7089844
vt 0.8687824 0.718763769
vt 0.9036883 0.758595049
vt 0.9071215 0.720126033
vt 0.8633427 0.7540748
vt 0.7402344 0.7109375
vt 0.737236738 0.7675576
vt 0.7031416 0.718696535
vt 0.71103096 0.766842246
vt 0.6675267 0.7183709
vt 0.6694442 0.7500415
vt 0.170850441 0.612432241
vt 0.493528783 0.625270545
vt 0.5000153 0.662571549
vt 0.0582674034 0.609745145
vt 0.119657092 0.6135967
vt 0.547988 0.6288771
vt 0.5868775 0.6286484
vt 0.559759438 0.9846825
vt 0.834402144 0.774750769
vt 0.7892347 0.790760756
vt 0.863423 0.7763507
vt 0.7089693 0.7992849
vt 0.6693678 0.7497608
vt 0.6686567 0.7869474
vt 0.71096766 0.7665729
vt 0.0351521261 0.5311587
vt 0.09810632 0.5311587
vt 0.1610258 0.5311587
vt 0.577095 0.5523216
vt 0.5356057 0.5523216
vt 0.479579717 0.5523216
vt 0.251862347 0.381035924
vt 0.7913249 0.665054262
vt 0.8378906 0.6660156
vt 0.870346 0.6700924
vt 0.905462861 0.667602956
vt 0.7421875 0.6660156
vt 0.7031416 0.67002517
vt 0.668203652 0.6676687
vt 0.7386455 0.415609956
vt 0.7586626 0.414656758
vt 0.7472242 0.405124784
vt 0.743411362 0.415609956
vt 0.9045018 0.489006162
vt 0.888297439 0.485193431
vt 0.8968763 0.507117
vt 0.84635675 0.543338537
vt 0.8849309 0.5992048
vt 0.8844847 0.5481044
vt 0.8386099 0.5920437
vt 0.8082288 0.549057662
vt 0.809530735 0.5941525
vt 0.7758201 0.554776847
vt 0.780777752 0.5959806
vt 0.7443646 0.540478945
vt 0.745367646 0.5936219
vt 0.712909043 0.540478945
vt 0.7134613 0.5904014
vt 0.919325769 0.6022288
vt 0.9140338 0.550964
vt 0.843497157 0.524274468
vt 0.8987826 0.540478945
vt 0.8101353 0.5290406
vt 0.7729605 0.531900167
vt 0.7395985 0.5328533
vt 0.9178466 0.520461738
vt 0.839684367 0.483286977
vt 0.8168076 0.486146569
vt 0.7672413 0.483286977
vt 0.737692237 0.489006162
vt 0.7081431 0.5033041
vt 0.7300666 0.483286977
vt 0.916893363 0.468989
vt 0.9378637 0.4756614
vt 0.9178466 0.456597447
vt 0.9235658 0.4756614
vt 0.93691045 0.5214149
vt 0.711955845 0.452784657
vt 0.722441 0.449925065
vt 0.7882117 0.419422746
vt 0.8225268 0.427048326
vt 0.7834458 0.410843968
vt 0.7357858 0.44420588
vt 0.7415051 0.44420588
vt 0.764381766 0.44420588
vt 0.8892506 0.452784657
vt 0.9102209 0.454691052
vt 0.769147754 0.426095128
vt 0.7615222 0.412750363
vt 0.817760766 0.45183146
vt 0.8349184 0.452784657
vt 0.7758201 0.443252683
vt 0.886391 0.453737855
vt 0.776773334 0.425141931
vt 0.8940167 0.42895472
vt 0.9121274 0.430861115
vt 0.873046339 0.42895472
vt 0.5901528 0.456283748
vt 0.5564696 0.5124874
vt 0.5958199 0.510769367
vt 0.547660768 0.458139
vt 0.635216653 0.481606424
vt 0.688805163 0.506610751
vt 0.678236067 0.4445004
vt 0.166655347 0.992977858
vt 0.503559053 0.46006453
vt 0.5059442 0.5146934
vt 0.634144366 0.428329527
vt 0.6413409 0.5333097
vt 0.563882947 0.402472258
vt 0.505917251 0.3542692
vt 0.505917251 0.402472258
vt 0.563882947 0.3542692
vt 0.4410538 0.402472258
vt 0.441836 0.3542692
vt 0.678297043 0.402472258
vt 0.627853453 0.3542692
vt 0.627853453 0.402472258
vt 0.678297043 0.3542692
vt 0.7150843 0.228296936
vt 0.6915983 0.258032084
vt 0.432258874 0.259102285
vt 0.405418426 0.230640948
vt 0.6340971 0.262238979
vt 0.6701429 0.2348209
vt 0.5669112 0.329313934
vt 0.6364219 0.327875078
vt 0.636278749 0.308289
vt 0.456480056 0.2804988
vt 0.4580479 0.3288554
vt 0.6933793 0.3039425
vt 0.569074154 0.2678228
vt 0.530353665 0.267376721
vt 0.5245161 0.329065561
vt 0.4931333 0.263745964
vt 0.4162189 0.0182637572
vt 0.438746244 0.113097548
vt 0.467067748 0.018474102
vt 0.3976921 0.113097548
vt 0.6370182 0.153097689
vt 0.6402284 0.112707853
vt 0.5722053 0.0184506774
vt 0.571827769 0.09807092
vt 0.6271529 0.01793456
vt 0.5701238 0.153340638
vt 0.5093498 0.113097548
vt 0.5157671 0.0184736848
vt 0.708241343 0.1126042
vt 0.764438748 0.018273592
vt 0.7082088 0.01861304
vt 0.7640945 0.107189357
vt 0.436734 0.153145492
vt 0.402253658 0.149590015
vt 0.506643534 0.152692914
vt 0.75484 0.211490333
vt 0.71054244 0.15331775
vt 0.760289431 0.148577869
vt 0.684913754 0.5565432
vt 0.6553558 0.5460398
vt 0.6552002 0.5558592
vt 0.689318657 0.54723537
vt 0.6852735 0.5658743
vt 0.6555981 0.5673538
vt 0.6550096 0.5805501
vt 0.6906677 0.5744625
vt 0.65400517 0.5879065
vt 0.6849357 0.5872093
vt 0.65400517 0.5962083
vt 0.6849357 0.5957121
vt 0.6539166 0.605239332
vt 0.6897333 0.6067454
vt 0.6922685 0.328003347
vt 0.9898538 0.783192933
vt 0.936039865 0.7849
vt 0.9805233 0.810162544
vt 0.9389693 0.755901158
vt 0.95140034 0.696256161
vt 0.9390401 0.71962595
vt 0.980876267 0.721863866
vt 0.9722335 0.699400544
vt 0.9796342 0.7510881
vt 0.7781339 0.199177444
vt 0.8274308 0.22478348
vt 0.825982332 0.1883955
vt 0.7914669 0.2752391
vt 0.8677874 0.228346348
vt 0.871036232 0.1906274
vt 0.8976724 0.272259474
vt 0.9032547 0.200741529
vt 0.8265581 0.0590919852
vt 0.820537865 0.02348286
vt 0.7976889 0.0599647164
vt 0.879042745 0.02443242
vt 0.869796455 0.0604939461
vt 0.898808658 0.06123346
vt 0.8050998 0.171078682
vt 0.8275785 0.139572978
vt 0.829104066 0.103238642
vt 0.80174166 0.1041407
vt 0.780334 0.155900836
vt 0.855706334 0.141506255
vt 0.863962233 0.104469478
vt 0.869699359 0.1656146
vt 0.889041066 0.108321667
vt 0.8989328 0.161007762
vt 0.333158523 0.5058257
vt 0.2821112 0.437350273
vt 0.2821112 0.5058257
vt 0.333158523 0.440669775
vt 0.3730004 0.5058257
vt 0.3730004 0.439010024
vt 0.422802716 0.5058257
vt 0.422802716 0.444819272
vt 0.4775851 0.5058257
vt 0.4775851 0.45228827
vt 0.227328822 0.5058257
vt 0.182506844 0.45228827
vt 0.182506844 0.5058257
vt 0.227328822 0.45228827
vt 0.9442927 0.8108504
vt 0.8464068 0.0112792253
vt 0.958716452 0.8263026
vt 0.871591032 0.266250134
vt 0.8291144 0.265030622
vt 0.936989248 0.855304241
vt 0.941439331 0.8892615
vt 0.9701218 0.883947849
vt 0.9533724 0.8495195
vt 0.941032469 0.9332069
vt 0.9715975 0.939784169
vt 0.9333429 0.9672831
vt 0.953283846 0.9733676
vt 0.254903376 0.0515724421
vt 0.262016416 0.0520678163
vt 0.24006547 0.0367410779
vt 0.218144238 0.0520678163
vt 0.2291123 0.0330705643
vt 0.209015533 0.03413254
vt 0.2291123 0.07106507
vt 0.209015533 0.07000315
vt 0.2510484 0.07106507
vt 0.24006559 0.08793843
vt 0.271145135 0.07000309
vt 0.24006547 0.06639832
vt 0.2510484 0.0330705643
vt 0.271145135 0.03413254
vt 0.240080342 0.0161972046
vt 0.225236848 0.0515697
vt 0.254903376 0.0515724421
vt 0.24006547 0.0367410779
vt 0.205407009 0.02899015
vt 0.225976408 0.0279952288
vt 0.225858226 0.0760647058
vt 0.205121592 0.0746552944
vt 0.2537552 0.07624203
vt 0.2400304 0.09401941
vt 0.267833173 0.0521327853
vt 0.278284848 0.07359862
vt 0.24006547 0.06639832
vt 0.253752828 0.0274866819
vt 0.276672572 0.0305803418
vt 0.240060136 0.008429408
vt 0.225236848 0.0515697
vt 0.218144238 0.0520678163
vt 0.225236848 0.0515697
vt 0.271145135 0.03413254
vt 0.2510484 0.0330705643
vt 0.262016416 0.0520678163
vt 0.271145135 0.07000309
vt 0.2510484 0.07106507
vt 0.24006559 0.08793843
vt 0.2291123 0.07106507
vt 0.209015533 0.07000315
vt 0.209015533 0.03413254
vt 0.2291123 0.0330705643
vt 0.240080342 0.0161972046
vt 0.2548757 0.051564157
vt 0.838586 0.398801684
vt 0.7866663 0.39906764
vt 0.788416743 0.296323061
vt 0.8388573 0.2959997
vt 0.890182853 0.2956549
vt 0.891461849 0.398569584
vt 0.98265 0.0883970857
vt 0.9495098 0.0284339786
vt 0.949110568 0.08708
vt 0.0220684931 0.437042356
vt 0.0458072647 0.4341917
vt 0.0493974574 0.458172083
vt 0.0391364135 0.489781141
vt 0.02764985 0.470574617
vt 0.0637591556 0.4718517
vt 0.44546032 0.93304497
vt 0.477160782 0.9313906
vt 0.461804569 0.9087663
vt 0.4690243 0.954392135
vt 0.44546032 0.906104267
vt 0.461804569 0.8237613
vt 0.08968685 0.468474984
vt 0.0668071 0.5038642
vt 0.343219817 0.0838757753
vt 0.342317 0.0684883
vt 0.365106642 0.0912027359
vt 0.9149803 0.0881786346
vt 0.136502609 0.493960261
vt 0.113550574 0.474239051
vt 0.130712166 0.462062716
vt 0.968215 0.5572934
vt 0.953702033 0.5634869
vt 0.9504259 0.6009338
vt 0.421958447 0.95466274
vt 0.41356954 0.9317363
vt 0.44546032 0.9639017
vt 0.428208679 0.9089593
vt 0.428208679 0.8239542
vt 0.9555311 0.539110661
vt 0.920434237 0.413755178
vt 0.9475074 0.412907481
vt 0.0870510638 0.5115696
vt 0.08786888 0.498198569
vt 0.107636847 0.5058798
vt 0.150551692 0.477423429
vt 0.159642354 0.444538116
vt 0.968215 0.5572934
vt 0.953702033 0.5634869
vt 0.9504259 0.6009338
vt 0.136720449 0.438546777
vt 0.44546032 0.825337052
vt 0.949110568 0.08708
vt 0.159642354 0.444538116
vt 0.130712166 0.462062716
vt 0.136720449 0.438546777
vt 0.975815237 0.630113542
vt 0.9727588 0.665048659
vt 0.9450288 0.6626227
vt 0.316194 0.05418718
vt 0.316004634 0.08393639
vt 0.2932614 0.0535844564
vt 0.978155851 0.6033598
vt 0.44546032 0.93304497
vt 0.44546032 0.906104267
vt 0.343150735 0.05417168
vt 0.365106642 0.0479187965
vt 0.97407037 0.413933754
vt 0.9475074 0.412907481
vt 0.9450288 0.6626227
vt 0.9727588 0.665048659
vt 0.975815237 0.630113542
vt 0.9480853 0.6276875
vt 0.342317 0.0684883
vt 0.316194 0.05418718
vt 0.316004634 0.08393639
vt 0.978155851 0.6033598
vt 0.0668071 0.5038642
vt 0.08786888 0.498198569
vt 0.0870510638 0.5115696
vt 0.983863533 0.5415894
vt 0.9814321 0.565913
vt 0.08968685 0.468474984
vt 0.0391364135 0.489781141
vt 0.02764985 0.470574617
vt 0.0493974574 0.458172083
vt 0.0220684931 0.437042356
vt 0.0458072647 0.4341917
vt 0.9814321 0.565913
vt 0.0637591556 0.4718517
vt 0.107636847 0.5058798
vt 0.9480853 0.6276875
vt 0.150551692 0.477423429
vt 0.2932614 0.0535844564
vt 0.293162882 0.08441126
vt 0.44546032 0.825337052
vt 0.113550574 0.474239051
vt 0.136502609 0.493960261
vt 0.343150735 0.05417168
vt 0.343219817 0.0838757753
vt 0.293162882 0.08441126
vt 0.3125 0.064453125
vt 0.310546875 0.076171875
vt 0.296875 0.076171875
vt 0.298828125 0.0625
vt 0.296875 0.076171875
vt 0.296875 0.0625
vt 0.3125 0.060546875
vt 0.3125 0.076171875
vt 0.0109057724 0.8582926
vt 0.0387845337 0.981868744
vt 0.03845218 0.8582926
vt 0.0109057724 0.981868744
vt 0.0109057724 0.8582926
vt 0.0387845337 0.981868744
vt 0.03845218 0.8582926
vt 0.0109057724 0.981868744
vt 0.0109057724 0.8582926
vt 0.0387845337 0.981868744
vt 0.03845218 0.8582926
vt 0.0109057724 0.981868744
vt 0.0109057724 0.8582926
vt 0.0387845337 0.981868744
vt 0.03845218 0.8582926
vt 0.0109057724 0.981868744
vt 0.0109057724 0.8582926
vt 0.0387845337 0.981868744
vt 0.03845218 0.8582926
vt 0.0109057724 0.981868744
vt 0.0109057724 0.8582926
vt 0.0387845337 0.981868744
vt 0.03845218 0.8582926
vt 0.0109057724 0.981868744
vt 0.0109057724 0.8582926
vt 0.0387845337 0.981868744
vt 0.03845218 0.8582926
vt 0.0109057724 0.981868744
vt 0.0109057724 0.8582926
vt 0.0387845337 0.981868744
vt 0.03845218 0.8582926
vt 0.0109057724 0.981868744
vt 0.0109057724 0.8582926
vt 0.0387845337 0.981868744
vt 0.03845218 0.8582926
vt 0.0109057724 0.981868744
vt 0.0109057724 0.8582926
vt 0.0387845337 0.981868744
vt 0.03845218 0.8582926
vt 0.0109057724 0.981868744
vt 0.0109057724 0.8582926
vt 0.03845218 0.8582926
vt 0.0387845337 0.981868744
vt 0.0109057724 0.981868744
vt 0.0109057724 0.8582926
vt 0.03845218 0.8582926
vt 0.0387845337 0.981868744
vt 0.0109057724 0.981868744
vt 0.0109057724 0.8582926
vt 0.03845218 0.8582926
vt 0.0387845337 0.981868744
vt 0.0109057724 0.981868744
vt 0.0109057724 0.8582926
vt 0.03845218 0.8582926
vt 0.0387845337 0.981868744
vt 0.0109057724 0.981868744
vt 0.0109057724 0.8582926
vt 0.03845218 0.8582926
vt 0.0387845337 0.981868744
vt 0.0109057724 0.981868744
vt 0.0109057724 0.8582926
vt 0.03845218 0.8582926
vt 0.0387845337 0.981868744
vt 0.0109057724 0.981868744
vt 0.0109057724 0.8582926
vt 0.03845218 0.8582926
vt 0.0387845337 0.981868744
vt 0.0109057724 0.981868744
vt 0.0109057724 0.8582926
vt 0.03845218 0.8582926
vt 0.0387845337 0.981868744
vt 0.0109057724 0.981868744
vt 0.0109057724 0.8582926
vt 0.03845218 0.8582926
vt 0.0387845337 0.981868744
vt 0.0109057724 0.981868744
vt 0.0109057724 0.8582926
vt 0.03845218 0.8582926
vt 0.0387845337 0.981868744
vt 0.0109057724 0.981868744
vn 0.6090607 -0.3917702 0.6896094
vn 0.69879967 0.261870176 0.6656599
vn 0.557275 -0.270527154 0.7850221
vn 0.884077251 -0.171150386 0.434873551
vn 0.415159076 0.128320217 0.900653541
vn -1.6115267E-07 -0.2849575 0.958540142
vn 0.6775941 0.735047042 -0.0239167381
vn 0.3584411 0.91736263 0.173106268
vn 0.9404373 0.257184446 0.222337246
vn -3.14655352E-07 0.761137247 0.648590863
vn 0.8997021 -0.09133438 0.426842064
vn 0.860849 0.304669052 -0.407572955
vn 0.9864224 -0.111004159 0.121032469
vn 0.9890457 0.000481603725 0.1476091
vn 0.9409429 -0.22660026 -0.251552731
vn 0.557423353 -0.120736554 -0.8214024
vn 0.473826736 0.3173073 -0.8214647
vn -0.0158587061 0.336073369 -0.9417023
vn 4.38665921E-07 -0.0999849 -0.994989
vn 0.9241389 -0.365994662 -0.109613784
vn 0.784316242 -0.126071468 -0.607415855
vn 5.57019848E-05 -0.05432529 -0.9985233
vn 0.9705585 -0.238512859 -0.0335825048
vn 0.788153 -0.6107311 0.07630443
vn 0.8568784 -0.266528279 -0.441273242
vn 0.711972833 -0.618375361 0.332725942
vn 0.586585939 -0.6944839 0.4166642
vn 9.399482E-05 -0.9070048 0.421120316
vn 0.0292660389 -0.742367864 0.669353
vn 0.90054065 -0.270019352 0.3407581
vn 0.9192918 -0.273278 0.283234328
vn 0.744284153 -0.226152509 0.628407657
vn 0.887817562 -0.0942147 0.4504482
vn 0.813060045 0.2843567 0.5080105
vn -2.76304661E-07 -0.0318585038 0.9994924
vn 0.6941642 -0.08650468 0.714599848
vn 0.497600317 -0.144129261 0.8553483
vn -3.62645238E-07 0.0323723853 0.9994759
vn 0.713188 -0.4544185 0.533729
vn -1.56495418E-07 -0.644118369 0.764925838
vn 0.6365062 -0.131045952 0.7600571
vn -2.82979585E-07 -0.6112117 0.79146713
vn 0.591479838 -0.134807259 0.7949708
vn 0.411835283 -0.0128621217 0.911167562
vn 0.6133506 -0.033514943 0.7890994
vn 0.5942496 0.0200388748 0.804031
vn -6.090552E-07 -0.149892285 0.988702357
vn 0.573925853 -0.232054532 0.7853406
vn 0.577782154 -0.0375484973 0.815326869
vn 0.754976153 -0.0577981248 0.65320015
vn -6.09799656E-07 -0.458421826 0.888734758
vn 0.04386102 0.00570825534 0.999021351
vn 0.6556799 0.104195654 0.747814953
vn -2.839359E-07 0.150819972 0.9885613
vn 0.854549468 0.075160794 0.5139028
vn 0.9361851 0.237459019 -0.259173036
vn 0.9565844 -0.287652254 0.0469312035
vn -5.43918134E-07 0.144535363 0.9894996
vn -5.373688E-07 -0.0181997716 0.999834359
vn 0.7118077 -0.1358636 0.6891087
vn 0.477907777 0.0752659962 0.8751795
vn 0.9476822 -0.281802148 -0.149953142
vn 0.6040167 -0.330652356 -0.7251433
vn 0.051503446 -0.330363065 -0.942447662
vn -0.01864724 -0.928988039 -0.369639665
vn 0.876135 -0.32601887 0.3551045
vn 0.9476822 -0.281802148 -0.149953142
vn -0.01864724 -0.928988039 -0.369639665
vn 4.18827767E-07 -0.232894823 -0.972501934
vn 0.1436402 -0.1598324 -0.976637661
vn 0.22195752 0.166597679 -0.9607185
vn 5.551559E-07 -0.001893914 -0.9999982
vn 0.6195297 0.107325189 0.7776016
vn -4.53226335E-07 0.125256047 0.992124438
vn 0.731347561 0.0231217369 -0.6816129
vn 0.9964673 0.04887963 -0.06829172
vn 0.181650236 0.431768566 -0.883503854
vn 0.0189341046 0.347691447 -0.9374178
vn 0.09205145 0.363606364 -0.9269935
vn 3.903914E-07 -0.11060933 -0.99386394
vn 3.8772248E-07 0.417830139 -0.908525169
vn 0.133772492 -0.8983454 0.418426126
vn 0.633897066 -0.167515665 0.7550583
vn -4.45215647E-07 0.527462661 0.8495782
vn 0.232669517 0.5702654 0.787821233
vn 0.581569254 0.6009493 -0.5483039
vn -6.00298226E-05 0.420801967 -0.907152534
vn 5.57019848E-05 -0.05432529 -0.9985233
vn 0.784316242 -0.126071468 -0.607415855
vn 0.2100278 0.835978448 -0.506979644
vn 0.313373983 0.881484032 -0.353245884
vn 0.374034762 0.48396486 0.7911233
vn 0.355949849 0.7958245 0.489860177
vn 0.673277855 0.6064376 0.423001617
vn 0.355949849 0.7958245 0.489860177
vn 0.673277855 0.6064376 0.423001617
vn 0.5162523 0.4025252 0.7559478
vn 0.711972833 -0.618375361 0.332725942
vn 0.368342072 0.8216041 0.4350757
vn 0.368342072 0.8216041 0.4350757
vn 0.09205145 0.363606364 -0.9269935
vn 0.313373983 0.881484032 -0.353245884
vn 0.5569181 0.8003059 -0.222154751
vn 0.5237858 0.290711284 -0.8007093
vn 0.8767157 0.479381531 -0.03953403
vn 0.368342072 0.8216041 0.4350757
vn 0.5161393 0.804571867 0.293707877
vn -0.602227569 -0.388757527 -0.6972729
vn -0.772670269 -0.6053456 -0.191147536
vn -0.01864724 -0.928988039 -0.369639665
vn 0.051503446 -0.330363065 -0.942447662
vn 0.374034762 0.48396486 0.7911233
vn 0.6453884 0.434456646 0.6282684
vn 0.596042454 0.0297400672 0.80240196
vn 0.88712126 0.460849732 0.0251664557
vn 0.633897066 -0.167515665 0.7550583
vn -0.772670269 -0.6053456 -0.191147536
vn -0.238586754 -0.6347238 0.7349844
vn 0.133772492 -0.8983454 0.418426126
vn -0.01864724 -0.928988039 -0.369639665
vn 0.302285135 0.111892194 -0.9466276
vn -0.4820393 -0.367297977 -0.7954435
vn -0.77446 -0.6293279 0.06448331
vn -0.13484104 -0.312031716 0.9404542
vn 0.570139 0.25756228 0.780130267
vn -0.77446 -0.6293279 0.06448331
vn 0.5343035 0.0340062939 -0.8446084
vn 0.8144958 0.579895 -0.0178418
vn 0.30801338 0.289027452 -0.906416535
vn 0.244945124 -0.0355985127 -0.968883157
vn 0.9089108 0.4117446 -0.06593606
vn -0.6345744 0.00284183235 -0.772856534
vn -0.9652251 -0.234534889 0.115472227
vn -0.9137867 -0.3856959 0.127406836
vn -0.439503431 -0.316644937 -0.8405788
vn 0.4106637 0.433457077 0.802166
vn 0.3742557 0.513163 0.772396564
vn -0.5317577 0.14240776 0.834837556
vn -0.30311355 0.189267382 0.933970034
vn -0.9652251 -0.234534889 0.115472227
vn -0.9137867 -0.3856959 0.127406836
vn -4.31712948E-07 0.145221218 0.9893992
vn 0.495312274 0.149129644 0.855819
vn 0.9964673 0.04887963 -0.06829172
vn 0.97777617 0.1652141 -0.129066214
vn 0.8318984 0.2623832 0.488978624
vn 0.97777617 0.1652141 -0.129066214
vn 0.7473237 0.311738372 -0.5867934
vn 0.249092236 0.3038738 -0.9195726
vn 0.9705585 -0.238512859 -0.0335825048
vn 9.399482E-05 -0.9070048 0.421120316
vn -8.917716E-05 0.147240952 0.989100635
vn 4.989393E-07 0.2520798 -0.967706442
vn 0.589460731 -0.230207264 -0.7743001
vn 0.83274895 0.541904032 0.113442488
vn -0.302217633 -0.5901356 -0.7486017
vn -0.13484104 -0.312031716 0.9404542
vn -0.77446 -0.6293279 0.06448331
vn -0.9137867 -0.3856959 0.127406836
vn -0.30311355 0.189267382 0.933970034
vn 0.941212356 0.325121671 -0.091734305
vn 0.870202839 0.298531264 0.39195165
vn 0.531066656 0.300647467 0.792199
vn -4.626904E-07 0.250927836 0.9680058
vn 0.306703359 0.343403667 -0.8876976
vn 0.7509286 0.381477118 -0.5390561
vn 4.32351783E-07 0.280246168 -0.959928155
vn 0.941212356 0.325121671 -0.091734305
vn -1.62287051E-07 0.9660793 0.258245558
vn 0.3444143 0.8206009 -0.456062436
vn -0.007632469 0.857991 -0.5136081
vn 0.928817034 0.355214536 -0.105458677
vn 0.352572262 0.166067243 -0.9209313
vn -0.66593796 -0.145010188 -0.7317777
vn -0.956059158 -0.280889541 0.08397607
vn 0.5405041 0.227333546 0.810046136
vn -0.559353352 -0.09113547 0.8239042
vn -0.956059158 -0.280889541 0.08397607
vn -0.6507156 -0.454959929 0.6079315
vn -0.708090663 -0.454261065 -0.5406057
vn 0.3015994 -0.832188547 -0.465295583
vn 0.3037656 -0.7437858 0.5954067
vn 0.356819928 -0.42828086 0.830213845
vn -0.7494167 -0.5105359 -0.4215777
vn -0.900215 -0.435156345 0.01587114
vn -0.7236407 -0.231678069 -0.650130332
vn -0.971045 -0.228663057 -0.06917183
vn -0.951219141 -0.294499576 0.09193532
vn -0.634926736 -0.2201656 -0.740537047
vn 0.319000483 0.1720706 -0.932003438
vn 0.285794079 0.186436057 -0.9399805
vn 0.931542 0.361817777 -0.0362969339
vn 0.9112779 0.397447854 -0.107739575
vn 0.4773867 0.5979693 0.643843651
vn 0.49987343 0.194735765 0.843922138
vn -0.5134062 0.415769249 0.750699639
vn -0.422810853 -0.1262002 0.897387564
vn -0.5134062 0.415769249 0.750699639
vn -0.422810853 -0.1262002 0.897387564
vn -0.689502537 -0.1384997 -0.7109178
vn -0.9416221 0.330619842 0.06354872
vn 0.300304443 0.123633906 -0.945796967
vn 0.9848876 0.160804078 0.06433124
vn 0.418844044 0.485186219 0.7675702
vn -0.9792436 0.197357 0.04617623
vn -0.818853438 -0.234466463 -0.5239318
vn 0.373838335 -0.232605085 -0.8978529
vn 0.952781558 -0.205003738 0.224010661
vn 0.5754699 -0.06458899 0.815268457
vn -0.224048346 0.257962853 0.9398178
vn 0.356819928 -0.42828086 0.830213845
vn -0.152956367 -0.762197137 -0.629015
vn 0.4760384 -0.8300954 0.290394723
vn -0.294588476 -0.384531468 0.8748447
vn -0.9137744 -0.402984232 0.05118685
vn -0.224048346 0.257962853 0.9398178
vn -0.294588476 -0.384531468 0.8748447
vn 0.4760384 -0.8300954 0.290394723
vn 0.400526971 -0.814247131 0.4202139
vn -0.689002156 -0.5101501 0.514803767
vn -0.295127332 -0.741285 -0.6028237
vn -0.5674441 -0.006324352 0.8233876
vn 0.5057999 -0.233629152 0.830411851
vn 0.7716237 -0.498824775 -0.394678056
vn -0.667232633 0.0256828666 -0.7444065
vn -0.5674441 -0.006324352 0.8233876
vn -0.667232633 0.0256828666 -0.7444065
vn -0.900215 -0.435156345 0.01587114
vn 0.22801964 -0.4985836 -0.8363142
vn -0.873833537 -0.0663888454 -0.4816716
vn 0.717733264 -0.4916098 0.493131578
vn -0.7253235 0.0232927054 0.688014
vn -0.7253235 0.0232927054 0.688014
vn -0.708090663 -0.454261065 -0.5406057
vn -0.6507156 -0.454959929 0.6079315
vn -0.689002156 -0.5101501 0.514803767
vn 0.06170129 0.953084767 0.2963484
vn 0.07089943 0.994356 0.07892708
vn 0.330895931 0.918761551 0.215372026
vn 0.336862743 0.917540252 0.211289749
vn 0.1559314 0.979654431 0.12634325
vn 0.4033113 0.869404 0.28544116
vn 0.401117772 0.912699461 -0.07800158
vn 0.9705585 -0.238512859 -0.0335825048
vn 0.37506637 0.9019451 0.2140567
vn 0.378907144 0.89955765 0.21731405
vn 0.129726738 0.8783053 0.460163772
vn 0.171574786 0.952847958 -0.250285536
vn 0.976700366 -0.045017615 -0.209832951
vn 0.8625842 0.203211322 0.4633074
vn 0.8318984 0.2623832 0.488978624
vn 0.97777617 0.1652141 -0.129066214
vn 0.5069739 0.0452480875 0.8607729
vn -4.865904E-07 0.0301662516 0.9995449
vn -4.31712948E-07 0.145221218 0.9893992
vn 0.495312274 0.149129644 0.855819
vn 0.304528683 0.163928822 -0.9382908
vn 0.7582543 0.09949922 -0.644321561
vn 0.7473237 0.311738372 -0.5867934
vn 0.249092236 0.3038738 -0.9195726
vn 4.35175053E-07 0.129207462 -0.99161756
vn 4.989393E-07 0.2520798 -0.967706442
vn 4.34869634E-07 -0.5204754 -0.8538767
vn 0.126672938 -0.318906426 -0.9392831
vn -0.5543355 -0.518294454 -0.651216567
vn -0.156196877 -0.475692838 0.865632057
vn -2.282984E-07 -0.8856628 0.464328974
vn 5.80032E-09 -0.999943137 0.0106646046
vn -0.717402935 -0.6966526 -0.00285510137
vn 0.8077849 0.13985391 -0.572646856
vn 0.124364279 -0.233873516 -0.9642804
vn 0.996031642 0.08847629 -0.009637594
vn 0.8391333 0.227481991 -0.49407205
vn 0.764089763 0.272918969 -0.5845358
vn 0.337303877 -0.0540243536 0.93984437
vn 0.447502434 0.105583236 0.888028
vn -4.892753E-07 -0.0289809089 0.999579966
vn -4.61405449E-07 -0.3712694 0.9285252
vn 0.297936141 0.08524198 -0.9507722
vn 0.980891764 0.194504 0.00442157174
vn 0.83365643 0.15217264 0.530905247
vn 0.8345488 0.0281241443 0.5502158
vn 0.340373248 0.0388199873 0.9394887
vn -0.8874472 -0.431633532 0.161647752
vn -0.2883453 -0.522792459 0.8022126
vn -0.472755879 -0.3313513 0.816522
vn -0.9519714 -0.292373538 0.09092961
vn 0.4901321 0.0388066135 -0.870783865
vn 0.434375823 -0.18402268 -0.8817331
vn 0.9308499 -0.359153628 -0.06728366
vn 0.957991958 -0.279348463 0.06492923
vn 0.5809259 -0.266729385 -0.7690127
vn 0.998614132 0.0315896645 -0.0420947261
vn 0.5957043 -0.394486725 0.699654639
vn 0.5339395 -0.374474883 0.7580747
vn -0.5911232 -0.147366434 -0.793004751
vn -0.606919646 -0.326073617 -0.7247928
vn -0.8874472 -0.431633532 0.161647752
vn -0.9519714 -0.292373538 0.09092961
vn -0.6039537 0.0383793674 0.796094835
vn -0.994546652 0.0556907468 0.088178806
vn 0.504909158 0.0461726524 0.8619367
vn -0.717402935 -0.6966526 -0.00285510137
vn -0.741584659 0.032263577 -0.670083
vn -0.994546652 0.0556907468 0.088178806
vn 4.78201741E-07 -0.09980838 -0.9950067
vn 0.553133845 -0.00750797475 -0.8330586
vn 0.5809259 -0.266729385 -0.7690127
vn 0.957991958 -0.279348463 0.06492923
vn 0.9709354 0.04609357 -0.2348613
vn -0.577650368 -0.0254702047 -0.815886855
vn -0.606919646 -0.326073617 -0.7247928
vn -0.9983665 -0.0289863218 -0.04923563
vn -0.8874472 -0.431633532 0.161647752
vn -0.414117545 -0.140783027 0.8992701
vn -0.2883453 -0.522792459 0.8022126
vn 0.688855 -0.08011375 0.7204586
vn 0.5957043 -0.394486725 0.699654639
vn 0.9709354 0.04609357 -0.2348613
vn 0.957991958 -0.279348463 0.06492923
vn 0.227032691 0.1347581 -0.9645187
vn 4.63130021E-07 -0.0246537458 -0.9996961
vn 2.08536434E-07 -0.904827833 -0.425777584
vn 5.80032E-09 -0.999943137 0.0106646046
vn 0.854340851 -0.5197113 0.00137457554
vn 0.8026296 -0.177501962 0.5694548
vn -0.7549886 -0.544328451 0.365648359
vn -0.7674867 -0.615714 0.178494841
vn -0.7455851 -0.6650997 -0.0417764448
vn -0.49415 -0.6477383 -0.5798715
vn 0.407861143 -0.6602766 -0.630622
vn 0.7575757 -0.6138978 -0.221829936
vn 0.7572345 -0.6337646 -0.1579184
vn 0.7575757 -0.6138978 -0.221829936
vn 0.407861143 -0.6602766 -0.630622
vn 0.477228522 0.194557771 -0.8569715
vn 0.9780364 0.08779447 -0.18904224
vn -0.49415 -0.6477383 -0.5798715
vn -0.510843039 0.1708294 -0.842529953
vn -0.7455851 -0.6650997 -0.0417764448
vn -0.999688 -0.02479142 0.003029391
vn -0.5968539 0.8022263 -0.0140850935
vn -0.7549886 -0.544328451 0.365648359
vn -0.5212875 -0.2852 0.8043136
vn 0.8026296 -0.177501962 0.5694548
vn 0.854340851 -0.5197113 0.00137457554
vn 0.6329118 0.7442931 -0.213191241
vn -0.999688 -0.02479142 0.003029391
vn -0.596979 0.750165761 0.284371883
vn -0.496958166 0.165319115 0.851881564
vn -0.7674867 -0.615714 0.178494841
vn -0.7455851 -0.6650997 -0.0417764448
vn 0.723465264 0.6886414 0.0486928634
vn 0.780626655 0.23110567 0.5806998
vn 0.9780364 0.08779447 -0.18904224
vn 0.7572345 -0.6337646 -0.1579184
vn 0.7575757 -0.6138978 -0.221829936
vn 0.536713362 -0.172656059 -0.8259108
vn 0.980949044 -0.158288479 -0.11262209
vn 0.9780364 0.08779447 -0.18904224
vn 0.570491433 0.210229754 -0.7939414
vn -0.446666867 -0.17931807 -0.8765465
vn -0.537730932 0.19390589 -0.820515633
vn -0.9815254 -0.190927789 -0.0124290613
vn -0.999688 -0.02479142 0.003029391
vn -0.410858274 -0.215367615 0.8858963
vn -0.496958166 0.165319115 0.851881564
vn 0.6863262 -0.178863123 0.704956949
vn -0.410858274 -0.215367615 0.8858963
vn -0.496958166 0.165319115 0.851881564
vn 0.780626655 0.23110567 0.5806998
vn -0.5212875 -0.2852 0.8043136
vn 0.05627838 0.776148 0.628034234
vn 0.05627838 0.776148 0.628034234
vn -0.537730932 0.19390589 -0.820515633
vn 0.570491433 0.210229754 -0.7939414
vn -0.923814 0.140174434 0.356256634
vn -0.498924941 0.546322942 0.672759354
vn -0.39374122 0.579497039 0.713548243
vn -0.9250458 0.0772301257 0.371921748
vn 0.6539071 0.636328638 0.409257084
vn 0.60345 0.6531875 0.4573775
vn 0.9634189 0.266377926 -0.029442789
vn 0.9743434 0.224145085 -0.0203442965
vn 0.904533744 -7.603911E-08 0.426402032
vn 0.9045341 0.426401317 -1.74532076E-07
vn 0.824740469 2.04786772E-07 -0.5655114
vn 1 -1.52098849E-07 4.86143563E-07
vn 0.5916523 -0.805070043 0.04254164
vn 0.824739635 -0.4897482 0.2827565
vn 0.8247403 0.489747733 0.282755315
vn 0.59165144 0.8050708 0.04253931
vn 0.8247404 0.489747226 -0.282755822
vn 0.5584955 0.8295075 2.44612778E-07
vn 0.558496058 0.4147544 -0.718373835
vn 0.904534 -0.426401556 -7.059442E-07
vn 0.824740231 -0.489747345 -0.2827563
vn 0.5584961 -0.414753526 -0.718374252
vn 0.558495641 -0.82950747 -3.41577845E-07
vn 0.904534459 -1.1361866E-06 -0.426400572
vn -0.904534161 -3.975915E-08 0.426401138
vn -0.904534042 0.426401436 2.871355E-07
vn -0.5916522 -0.805070043 0.04254212
vn -0.824739754 -0.4897479 0.282756627
vn -0.8247402 0.489747643 0.282755882
vn -0.5916512 0.805070937 0.0425393172
vn -0.8247401 0.489747941 -0.2827555
vn -0.5584957 0.8295074 -3.67889783E-07
vn -0.8247397 1.94669369E-07 -0.565512538
vn -0.558495164 0.414754152 -0.71837467
vn -0.9045344 -0.4264007 2.96999E-07
vn -0.824739933 -0.489747941 -0.28275618
vn -0.558495164 -0.414753348 -0.7183751
vn -0.558495641 -0.82950747 -9.832376E-07
vn -0.9045338 1.68740507E-06 -0.426401883
vn -0.904534161 -3.975915E-08 0.426401138
vn -0.8247397 1.94669369E-07 -0.565512538
vn -0.5916522 -0.805070043 0.04254212
vn -1 1.52098409E-07 -4.861437E-07
vn -0.824739754 -0.4897479 0.282756627
vn -0.5916512 0.805070937 0.0425393172
vn -0.8247402 0.489747643 0.282755882
vn -0.5584957 0.8295074 -3.67889783E-07
vn -0.8247401 0.489747941 -0.2827555
vn -0.558495164 0.414754152 -0.71837467
vn -0.558495164 -0.414753348 -0.7183751
vn -0.824739933 -0.489747941 -0.28275618
vn -0.558495641 -0.82950747 -9.832376E-07
vn -0.9045338 1.68740507E-06 -0.426401883
vn -0.6090618 -0.39177 0.689608634
vn -0.5572758 -0.270526141 0.7850219
vn -0.6988002 0.261870325 0.6656592
vn -0.8840777 -0.1711503 0.434872538
vn -0.415159672 0.128320366 0.9006533
vn -0.677594244 0.7350469 -0.0239173844
vn -0.358441174 0.9173627 0.173105925
vn -0.9404375 0.257184356 0.222336471
vn -0.8992266 -0.09169303 0.4277661
vn -0.853839338 0.3060448 -0.421064049
vn -0.9864226 -0.111004084 0.121031381
vn -0.9409427 -0.226600125 -0.251553655
vn -0.9890458 0.000481649884 0.1476081
vn -0.557475865 -0.113751724 -0.8223632
vn -0.471642971 0.316006929 -0.8232208
vn -0.784391761 -0.125652477 -0.6074052
vn -0.9241388 -0.3659947 -0.109614745
vn -0.970676064 -0.238066688 -0.0333497263
vn -0.788153052 -0.6107312 0.07630366
vn -0.856878 -0.2665282 -0.441274047
vn -0.712050259 -0.618098855 0.333073944
vn -0.5917285 -0.714318931 0.37363866
vn -0.9192921 -0.273278 0.283233434
vn -0.900540948 -0.2700192 0.34075743
vn -0.7813472 -0.193841 0.593230367
vn -0.886583 -0.09111298 0.453507483
vn -0.813060462 0.284356654 0.508009851
vn -0.497601122 -0.144129544 0.855347753
vn -0.694165051 -0.0865045339 0.7145991
vn -0.71318835 -0.45441848 0.5337286
vn -0.636676967 -0.13141714 0.759849966
vn -0.5914812 -0.134807557 0.794969738
vn -0.6136035 -0.03271886 0.7889362
vn -0.404969871 -0.0132166864 0.9142345
vn -0.5942505 0.0200389046 0.804030359
vn -0.573926747 -0.23205471 0.785339832
vn -0.571872056 0.255918473 0.7794024
vn -0.7448399 -0.0594410934 0.6645903
vn -0.655680537 0.104195513 0.747814357
vn -0.854550064 0.07516076 0.5139018
vn -0.9361849 0.237459108 -0.259173661
vn -0.956584454 -0.287652075 0.04693005
vn -0.711808443 -0.135863513 0.689108
vn -0.477908641 0.07526593 0.875179052
vn -0.947682142 -0.2818021 -0.149953887
vn -0.051502265 -0.3303631 -0.9424477
vn -0.604016 -0.330652148 -0.725143969
vn 0.01864755 -0.9289881 -0.3696395
vn -0.87613523 -0.326018929 0.35510385
vn 0.01864755 -0.9289881 -0.3696395
vn -0.947682142 -0.2818021 -0.149953887
vn -0.143639088 -0.159832418 -0.9766378
vn -0.221956581 0.166597769 -0.9607187
vn -0.6195305 0.107325457 0.777600944
vn -0.731346846 0.0231219362 -0.6816136
vn -0.996467233 0.0488797575 -0.06829255
vn -0.0189332776 0.347691774 -0.9374177
vn -0.181649342 0.4317685 -0.8835041
vn -0.09205068 0.3636064 -0.926993549
vn -0.133772254 -0.89834553 0.418426037
vn -0.6338977 -0.167515814 0.7550577
vn -0.232670352 0.5702654 0.787820935
vn -0.581531 0.601279557 -0.5479823
vn -0.784391761 -0.125652477 -0.6074052
vn -0.210027561 0.8359785 -0.5069796
vn -0.313373536 0.8814841 -0.353246123
vn -0.374035567 0.483965 0.7911228
vn -0.355950475 0.7958245 0.48985976
vn -0.672908247 0.6067968 0.4230746
vn -0.355950475 0.7958245 0.48985976
vn -0.516033351 0.402959645 0.7558658
vn -0.672908247 0.6067968 0.4230746
vn -0.712050259 -0.618098855 0.333073944
vn -0.368342429 0.8216042 0.435075164
vn -0.368342429 0.8216042 0.435075164
vn -0.09205068 0.3636064 -0.926993549
vn -0.556917548 0.800306141 -0.222155109
vn -0.313373536 0.8814841 -0.353246123
vn -0.5237852 0.290711433 -0.800709665
vn -0.876715541 0.47938177 -0.0395346135
vn -0.368342429 0.8216042 0.435075164
vn -0.516139746 0.8045717 0.29370755
vn 0.6022279 -0.388757527 -0.6972726
vn 0.01864755 -0.9289881 -0.3696395
vn 0.7726705 -0.6053455 -0.191146836
vn -0.051502265 -0.3303631 -0.9424477
vn -0.374035567 0.483965 0.7911228
vn -0.645388961 0.4344567 0.6282678
vn -0.59604305 0.029740192 0.802401543
vn -0.88712126 0.460849851 0.0251656361
vn -0.6338977 -0.167515814 0.7550577
vn 0.7726705 -0.6053455 -0.191146836
vn -0.133772254 -0.89834553 0.418426037
vn 0.238586172 -0.6347237 0.734984636
vn 0.01864755 -0.9289881 -0.3696395
vn -0.302284449 0.111892305 -0.9466278
vn 0.482039958 -0.367297858 -0.7954431
vn 0.7744599 -0.629327953 0.0644837543
vn 0.1348405 -0.3120317 0.9404543
vn -0.570139766 0.257562071 0.780129731
vn 0.7744599 -0.629327953 0.0644837543
vn -0.534302831 0.034005627 -0.844608843
vn -0.814496 0.5798947 -0.0178424418
vn -0.244943842 -0.0355983339 -0.9688835
vn -0.294085234 0.286910474 -0.911699653
vn -0.908910751 0.411744624 -0.0659367442
vn 0.729144037 -0.4212976 -0.5393119
vn 0.9225982 -0.360849351 0.136382952
vn 0.9475667 -0.249674544 0.199449167
vn 0.423986822 -0.374363452 -0.824674
vn -0.4106644 0.433457047 0.8021656
vn -0.37425667 0.513162553 0.7723963
vn 0.531756938 0.14240776 0.8348381
vn 0.303112864 0.189267591 0.9339702
vn 0.9475667 -0.249674544 0.199449167
vn 0.9225982 -0.360849351 0.136382952
vn -0.495313019 0.149129838 0.8558185
vn -0.977776 0.1652141 -0.129067272
vn -0.996467233 0.0488797575 -0.06829255
vn -0.977776 0.1652141 -0.129067272
vn -0.831898868 0.262383342 0.48897776
vn -0.747323155 0.3117384 -0.5867941
vn -0.249091357 0.303873867 -0.91957283
vn -0.970676064 -0.238066688 -0.0333497263
vn -0.58946 -0.230208188 -0.7743004
vn -0.8327495 0.541903436 0.113441467
vn 0.3022182 -0.5901357 -0.7486014
vn 0.1348405 -0.3120317 0.9404543
vn 0.9225982 -0.360849351 0.136382952
vn 0.7744599 -0.629327953 0.0644837543
vn 0.303112864 0.189267591 0.9339702
vn -0.941212237 0.325121731 -0.09173531
vn -0.870203137 0.298531175 0.391951025
vn -0.5310674 0.3006474 0.7921986
vn -0.3067026 0.343403578 -0.8876979
vn -0.750928044 0.3814771 -0.5390569
vn -0.941212237 0.325121731 -0.09173531
vn -0.3427431 0.8096432 -0.4764505
vn -0.928817 0.355214447 -0.1054594
vn -0.352463722 0.1661244 -0.9209626
vn 0.5746253 -0.2767611 -0.77020067
vn 0.956059158 -0.2808893 0.08397679
vn -0.540504754 0.2273334 0.8100458
vn 0.559352 -0.09113579 0.8239051
vn 0.956059158 -0.2808893 0.08397679
vn 0.6507145 -0.45496 0.607932568
vn -0.301598638 -0.832188666 -0.4652959
vn 0.7080914 -0.454260975 -0.5406048
vn -0.303766161 -0.7437861 0.595406055
vn -0.356820017 -0.428281158 0.830213666
vn 0.900215 -0.435156316 0.0158721618
vn 0.7555943 -0.544758737 -0.363751441
vn 0.717691958 -0.1686849 -0.6756209
vn 0.9471264 -0.2983587 -0.118040808
vn 0.9773074 -0.183006048 -0.1066725
vn 0.7963322 -0.3099691 -0.519398
vn -0.2508377 0.3767159 -0.8917206
vn -0.6214428 0.512480855 0.5925979
vn -0.918238 0.38824752 -0.0781205446
vn -0.866836369 0.480735332 -0.132243156
vn -0.4235127 0.6729233 0.6064744
vn -0.191926762 0.362129182 0.9121549
vn 0.417087466 0.361551285 0.8338577
vn 0.61598134 -0.470145315 0.632084131
vn 0.61598134 -0.470145315 0.632084131
vn 0.417087466 0.361551285 0.8338577
vn 0.4591378 -0.80083704 -0.384515971
vn 0.933491647 0.343848526 0.1017914
vn -0.296708763 0.127932608 -0.946359932
vn -0.9848876 0.16080451 0.06433025
vn -0.418844849 0.4851865 0.7675696
vn 0.9792435 0.197356924 0.0461771227
vn 0.33889553 -0.9380449 0.07226078
vn -0.405965418 -0.244707629 -0.880517066
vn -0.952781856 -0.205003664 0.22400938
vn -0.5754708 -0.0645890161 0.8152678
vn 0.224047467 0.257962734 0.939818
vn -0.356820017 -0.428281158 0.830213666
vn 0.152957752 -0.762197137 -0.6290147
vn 0.294588268 -0.384531379 0.8748448
vn -0.4760386 -0.8300954 0.2903943
vn 0.913774431 -0.4029839 0.0511879623
vn 0.224047467 0.257962734 0.939818
vn 0.294588268 -0.384531379 0.8748448
vn -0.4760386 -0.8300954 0.2903943
vn -0.400527239 -0.814247251 0.420213431
vn 0.2951273 -0.7412853 -0.602823257
vn 0.689001739 -0.5101501 0.5148043
vn 0.5674433 -0.00632441277 0.823388159
vn -0.5058008 -0.233629659 0.8304112
vn -0.771622956 -0.498825073 -0.39467904
vn 0.667233467 0.0256829541 -0.744405746
vn 0.5674433 -0.00632441277 0.823388159
vn 0.900215 -0.435156316 0.0158721618
vn 0.667233467 0.0256829541 -0.744405746
vn -0.228018776 -0.498583674 -0.8363144
vn 0.8738339 -0.06638921 -0.4816708
vn -0.7177336 -0.49161005 0.4931308
vn 0.725322843 0.0232924558 0.6880147
vn 0.725322843 0.0232924558 0.6880147
vn 0.7080914 -0.454260975 -0.5406048
vn 0.6507145 -0.45496 0.607932568
vn 0.689001739 -0.5101501 0.5148043
vn -0.0617016032 0.9530848 0.296348184
vn -0.3308965 0.918761432 0.21537149
vn -0.07089944 0.994356 0.0789269358
vn -0.336863428 0.917540133 0.211289242
vn -0.155931324 0.979654431 0.126343116
vn -0.4011175 0.9126996 -0.07800165
vn -0.403311372 0.8694042 0.285440534
vn -0.970676064 -0.238066688 -0.0333497263
vn -0.375067323 0.9019448 0.2140561
vn -0.378908068 0.8995574 0.217313364
vn -0.129727274 0.878305435 0.4601634
vn -0.1715745 0.952848 -0.250285417
vn -0.976700068 -0.0450178 -0.209834039
vn -0.831898868 0.262383342 0.48897776
vn -0.862584531 0.203211442 0.4633066
vn -0.977776 0.1652141 -0.129067272
vn -0.5069747 0.0452483632 0.8607725
vn -0.495313019 0.149129838 0.8558185
vn -0.304527879 0.1639291 -0.938291
vn -0.747323155 0.3117384 -0.5867941
vn -0.758253634 0.09949939 -0.644322336
vn -0.249091357 0.303873867 -0.91957283
vn 0.5543361 -0.5182945 -0.65121603
vn -0.126672089 -0.318906426 -0.9392832
vn 0.156196043 -0.475692838 0.8656322
vn 0.717402935 -0.6966526 -0.00285435049
vn -0.8077844 0.13985388 -0.572647631
vn -0.124363311 -0.233873785 -0.9642805
vn -0.996031642 0.08847633 -0.009638569
vn -0.764089048 0.272919327 -0.5845365
vn -0.839132845 0.227482229 -0.4940728
vn -0.337304533 -0.05402435 0.939844131
vn -0.447503239 0.105583265 0.8880276
vn -0.2979353 0.08524211 -0.9507725
vn -0.980891764 0.194503978 0.00442066742
vn -0.833657 0.152172655 0.5309044
vn -0.8345493 0.0281241667 0.550214946
vn -0.340374172 0.0388200358 0.9394884
vn 0.887447059 -0.431633472 0.161648616
vn 0.472755164 -0.331351131 0.8165225
vn 0.288344622 -0.5227922 0.802212954
vn 0.951971233 -0.292373657 0.09093059
vn -0.490131348 0.0388065 -0.870784342
vn -0.4343751 -0.184022591 -0.8817335
vn -0.957992136 -0.279348165 0.06492828
vn -0.9308499 -0.359153539 -0.0672846362
vn -0.580925167 -0.2667292 -0.7690133
vn -0.9986141 0.031589482 -0.0420956761
vn -0.5339402 -0.374474764 0.7580742
vn -0.5957051 -0.394486457 0.699654162
vn 0.5911239 -0.1473666 -0.7930042
vn 0.887447059 -0.431633472 0.161648616
vn 0.606920242 -0.326073438 -0.7247923
vn 0.951971233 -0.292373657 0.09093059
vn 0.603952944 0.0383794159 0.7960954
vn 0.9945466 0.055690676 0.08817977
vn -0.5049099 0.046172753 0.8619362
vn 0.717402935 -0.6966526 -0.00285435049
vn 0.741585255 0.0322633758 -0.6700824
vn 0.9945466 0.055690676 0.08817977
vn -0.5531332 -0.00750803249 -0.833059
vn -0.957992136 -0.279348165 0.06492828
vn -0.580925167 -0.2667292 -0.7690133
vn -0.9709352 0.0460934155 -0.234862179
vn 0.577651441 -0.0254701655 -0.8158861
vn 0.606920242 -0.326073438 -0.7247923
vn 0.887447059 -0.431633472 0.161648616
vn 0.998366535 -0.0289864261 -0.04923428
vn 0.288344622 -0.5227922 0.802212954
vn 0.414116651 -0.140783042 0.899270535
vn -0.5957051 -0.394486457 0.699654162
vn -0.688855946 -0.08011376 0.7204577
vn -0.957992136 -0.279348165 0.06492828
vn -0.9709352 0.0460934155 -0.234862179
vn -0.227031812 0.134758279 -0.9645189
vn -0.854340732 -0.5197115 0.0013738597
vn 0.7549882 -0.5443285 0.365649134
vn -0.8026301 -0.177501962 0.569454
vn 0.7674867 -0.615713835 0.178495556
vn 0.4941505 -0.6477383 -0.579871058
vn 0.7455852 -0.6650996 -0.0417756923
vn -0.7575755 -0.6138978 -0.2218307
vn -0.4078607 -0.6602765 -0.6306224
vn -0.7572344 -0.6337646 -0.157919183
vn -0.7575755 -0.6138978 -0.2218307
vn -0.477227777 0.19455786 -0.8569719
vn -0.4078607 -0.6602765 -0.6306224
vn -0.9780362 0.08779455 -0.189043149
vn 0.5108438 0.170829237 -0.8425295
vn 0.4941505 -0.6477383 -0.579871058
vn 0.999688 -0.0247913636 0.00303040561
vn 0.7455852 -0.6650996 -0.0417756923
vn 0.596854031 0.802226245 -0.01408449
vn 0.521286666 -0.28519994 0.8043141
vn 0.7549882 -0.5443285 0.365649134
vn -0.8026301 -0.177501962 0.569454
vn -0.632911742 0.744293 -0.213191688
vn -0.854340732 -0.5197115 0.0013738597
vn 0.999688 -0.0247913636 0.00303040561
vn 0.496957421 0.165318981 0.851882
vn 0.59697926 0.7501657 0.2843716
vn 0.7674867 -0.615713835 0.178495556
vn 0.7455852 -0.6650996 -0.0417756923
vn -0.7806272 0.231106088 0.5806989
vn -0.7234647 0.6886421 0.048692178
vn -0.9780362 0.08779455 -0.189043149
vn -0.7572344 -0.6337646 -0.157919183
vn -0.7575755 -0.6138978 -0.2218307
vn -0.536712646 -0.172656 -0.8259113
vn -0.9780362 0.08779455 -0.189043149
vn -0.9809489 -0.158288524 -0.112623036
vn -0.570491254 0.210229918 -0.7939415
vn 0.446667761 -0.1793181 -0.876546
vn 0.537732065 0.193904951 -0.820515156
vn 0.981525362 -0.190927878 -0.0124281421
vn 0.999688 -0.0247913636 0.00303040561
vn 0.410857469 -0.21536769 0.8858967
vn 0.496957421 0.165318981 0.851882
vn -0.6863269 -0.178863272 0.704956234
vn 0.496957421 0.165318981 0.851882
vn 0.410857469 -0.21536769 0.8858967
vn -0.7806272 0.231106088 0.5806989
vn 0.521286666 -0.28519994 0.8043141
vn -0.05627903 0.7761479 0.6280343
vn -0.05627903 0.7761479 0.6280343
vn 0.537732065 0.193904951 -0.820515156
vn -0.570491254 0.210229918 -0.7939415
vn 0.923813641 0.1401744 0.356257558
vn 0.3937407 0.579497 0.7135485
vn 0.498924255 0.5463228 0.67275995
vn 0.925045431 0.0772301 0.371922672
vn -0.6034504 0.6531876 0.4573769
vn -0.653907537 0.636328638 0.409256428
vn -0.9634189 0.266377777 -0.0294437353
vn -0.9743435 0.224144816 -0.0203452371
vn -0.9045347 -4.33764882E-07 0.426400036
vn -0.824739456 1.77339729E-07 -0.5655129
vn -0.9045345 0.4264004 -7.429877E-07
vn -1 -1.58414679E-07 -1.0683483E-06
vn -0.8247397 -0.4897483 0.28275606
vn -0.5916523 -0.8050701 0.04254117
vn -0.8247405 0.489747643 0.282754868
vn -0.5916513 0.8050709 0.04253885
vn -0.82474 0.489747465 -0.282756656
vn -0.5584957 0.8295074 -4.268919E-07
vn -0.5584954 0.414754331 -0.7183744
vn -0.9045342 -0.426401019 -1.09161374E-06
vn -0.8247399 -0.4897474 -0.282757163
vn -0.5584954 -0.4147535 -0.718374848
vn -0.5584958 -0.829507351 -6.50945367E-07
vn -0.9045335 -1.64358681E-07 -0.426402539
vn 0.9045333 3.62022433E-07 0.426402956
vn 0.904533565 0.42640242 7.42635052E-07
vn 0.5916522 -0.805070043 0.0425426029
vn 0.8247397 -0.4897478 0.282757133
vn 0.82474 0.4897477 0.282756358
vn 0.59165144 0.805070758 0.042539794
vn 0.8247405 0.489747822 -0.28275457
vn 0.5584955 0.8295075 4.15457919E-07
vn 0.8247406 2.56282277E-07 -0.5655112
vn 0.5584959 0.414754331 -0.718374
vn 0.904533863 -0.426401734 1.13836984E-06
vn 0.824740231 -0.489747852 -0.282755256
vn 0.5584958 -0.414753467 -0.71837455
vn 0.5584954 -0.8295076 -4.65350183E-07
vn 0.9045345 2.494504E-07 -0.4264004
vn 0.8247406 2.56282277E-07 -0.5655112
vn 0.9045333 3.62022433E-07 0.426402956
vn 0.5916522 -0.805070043 0.0425426029
vn 0.8247397 -0.4897478 0.282757133
vn 1 1.58414679E-07 1.06834841E-06
vn 0.59165144 0.805070758 0.042539794
vn 0.82474 0.4897477 0.282756358
vn 0.5584955 0.8295075 4.15457919E-07
vn 0.8247405 0.489747822 -0.28275457
vn 0.5584959 0.414754331 -0.718374
vn 0.5584958 -0.414753467 -0.71837455
vn 0.824740231 -0.489747852 -0.282755256
vn 0.5584954 -0.8295076 -4.65350183E-07
vn 0.9045345 2.494504E-07 -0.4264004
vn -0.04891838 0.008216507 0.998769
vn -0.2256355 0.0162733626 0.974075854
vn -0.207285836 0.00694933441 0.978255749
vn -0.0255915336 -0.00296938233 0.999668062
vn 0.157370716 -0.0142036378 0.9874374
vn 0.133427143 -0.00160800084 0.991057336
vn 0.9845872 -0.174894392 -0.000183753247
vn -0.000230148609 -0.9995929 -0.0285310652
vn 0.009323417 -0.09441221 -0.995489538
vn 0.69653064 -0.422302723 -0.58009094
vn -0.44440195 -0.6718225 -0.5925887
vn -0.5180066 -0.297178745 -0.8020935
vn 0.498880148 0.5826704 -0.6415714
vn 0.6900556 0.3330776 -0.64255935
vn -0.0539540648 -0.4905862 -0.869720757
vn 0.00628107367 0.0691290349 -0.997588
vn 0.993600249 -0.11227788 -0.0123394867
vn 0.9337783 -0.3578355 -0.0034431906
vn 0.7264344 0.6867132 0.0267967582
vn 0.0147301573 -0.180339053 -0.9834942
vn 0.6261711 0.77927506 0.0253001265
vn 0.00901706051 -0.09756639 -0.9951882
vn 0.319671482 0.613611162 -0.7220052
vn -0.0539540648 -0.4905862 -0.869720757
vn 0.0211987142 -0.9997642 -0.004700804
vn 0.00901706051 -0.09756639 -0.9951882
vn -0.9850963 -0.171729341 -0.009713694
vn -0.501706839 0.583474 -0.6386301
vn 0.06829702 -0.484716117 -0.872001052
vn 0.53089565 -0.309216142 -0.789009
vn -0.5992213 0.8003357 0.0199158322
vn -0.2920169 0.6208598 -0.727502048
vn -0.501706839 0.583474 -0.6386301
vn -0.7207665 0.6930651 0.0125076072
vn -0.994328141 -0.106181651 0.006081932
vn 0.00760568539 0.999563 0.0285662841
vn -0.9335047 -0.358158171 -0.0170791987
vn -0.5992213 0.8003357 0.0199158322
vn 0.0145925451 0.383658946 -0.9233596
vn -0.0186044928 -0.9996746 0.0174497832
vn 0.00901706051 -0.09756639 -0.9951882
vn 0.0145925451 0.383658946 -0.9233596
vn 0.009558829 0.18773222 -0.982173741
vn -0.2920169 0.6208598 -0.727502048
vn -0.6852799 0.317015916 -0.655661762
vn -0.690715134 -0.42919603 -0.581982255
vn 0.6261711 0.77927506 0.0253001265
vn 0.319671482 0.613611162 -0.7220052
vn 0.498880148 0.5826704 -0.6415714
vn 0.429782122 -0.689743638 -0.5827015
vn 0.0145925451 0.383658946 -0.9233596
vn -0.000366589753 -0.151038975 0.9885277
vn 0.6932962 -0.456282675 0.557805061
vn -0.48926416 -0.3273363 0.808375835
vn -0.435802847 -0.6711509 0.5996935
vn 0.6841723 0.295940161 0.6665791
vn 0.6932962 -0.456282675 0.557805061
vn 0.69653064 -0.422302723 -0.58009094
vn -0.48926416 -0.3273363 0.808375835
vn -0.5180066 -0.297178745 -0.8020935
vn -0.435802847 -0.6711509 0.5996935
vn 0.492508441 0.545391858 0.67822057
vn 0.005422065 0.0120801656 0.9999123
vn 0.005180995 -0.236143187 0.9717045
vn -0.05153923 -0.548498869 0.834561348
vn 2.98823888E-05 -0.144528449 0.989500642
vn 0.0211987142 -0.9997642 -0.004700804
vn 2.98823888E-05 -0.144528449 0.989500642
vn -0.690715134 -0.42919603 -0.581982255
vn -0.690260351 -0.469452828 0.5505948
vn -0.6935165 0.280205876 0.6637165
vn -0.6852799 0.317015916 -0.655661762
vn -0.0186044928 -0.9996746 0.0174497832
vn 0.4770334 -0.327136517 0.8157333
vn 0.53089565 -0.309216142 -0.789009
vn -0.506935 0.5472234 0.666005552
vn -0.2997331 0.5779146 0.7590618
vn -7.931724E-05 0.131406009 0.991328657
vn 0.005474144 0.330366969 0.9438367
vn 0.005474144 0.330366969 0.9438367
vn 0.312354922 0.5715004 0.7588291
vn 2.98823888E-05 -0.144528449 0.989500642
vn -0.506935 0.5472234 0.666005552
vn -0.6935165 0.280205876 0.6637165
vn 0.4770334 -0.327136517 0.8157333
vn -0.690260351 -0.469452828 0.5505948
vn 0.4334431 -0.685905457 0.584517539
vn -0.2997331 0.5779146 0.7590618
vn 0.05564369 -0.522983134 0.8505248
vn 0.312354922 0.5715004 0.7588291
vn 0.6900556 0.3330776 -0.64255935
vn 0.6841723 0.295940161 0.6665791
vn 0.4334431 -0.685905457 0.584517539
vn 0.429782122 -0.689743638 -0.5827015
vn 0.005474144 0.330366969 0.9438367
vn -0.05153923 -0.548498869 0.834561348
vn 0.492508441 0.545391858 0.67822057
vn 0.05564369 -0.522983134 0.8505248
vn 0.06829702 -0.484716117 -0.872001052
vn -0.44440195 -0.6718225 -0.5925887
vn 0.4334431 -0.685905457 0.584517539
vn -0.690260351 -0.469452828 0.5505948
vn -0.690715134 -0.42919603 -0.581982255
vn 0.429782122 -0.689743638 -0.5827015
vn 0.6932962 -0.456282675 0.557805061
vn -0.435802847 -0.6711509 0.5996935
vn -0.44440195 -0.6718225 -0.5925887
vn 0.69653064 -0.422302723 -0.58009094
vn -0.0800588 0.799230933 0.595668137
vn -0.176746562 0.775653 0.6059068
vn -0.0560444631 0.803824842 0.592220068
vn -0.20337601 0.7676999 0.6076801
vn -0.275714636 0.7980216 0.535857141
vn -0.398051322 0.7653052 0.5058291
vn -0.25175637 0.8027454 0.5405724
vn -0.424088776 0.7563594 0.498065472
vn -0.42846626 0.7935025 0.4321695
vn -0.5276856 0.759309351 0.380785048
vn -0.405402839 0.79968673 0.442887872
vn -0.551858068 0.7489216 0.366836667
vn -0.5336093 0.7960416 0.285620123
vn -0.6128948 0.7636126 0.203115091
vn -0.5155363 0.801555932 0.3028702
vn -0.6310575 0.753988445 0.1823948
vn -0.6115004 0.791243732 0.0007708156
vn -0.647333562 0.754620969 -0.10726843
vn -0.6023511 0.7978466 0.0247774646
vn -0.6549322 0.743648052 -0.134355471
vn -0.540070832 0.7903734 -0.289194435
vn -0.5173217 0.7494909 -0.4130879
vn -0.5434806 0.7968793 -0.263841271
vn -0.5108335 0.738275647 -0.440452337
vn -0.2212075 0.892194569 -0.393771648
vn -0.143447742 0.8700691 -0.4715957
vn -0.23932752 0.8958104 -0.374494284
vn -0.122279823 0.862270653 -0.491464078
vn -0.0251294412 0.8910737 -0.453162372
vn 0.07771419 0.866740763 -0.492667168
vn -0.05010104 0.89527905 -0.442679673
vn 0.105690293 0.8581588 -0.5023873
vn 0.1268826 0.8925038 -0.432825357
vn 0.230529115 0.8726763 -0.430456042
vn 0.100735217 0.895909548 -0.432664424
vn 0.259132 0.865372 -0.428931147
vn -0.363794625 0.893157959 -0.264428318
vn -0.31249392 0.8712033 -0.378619015
vn -0.3734949 0.895855069 -0.240718186
vn -0.29992485 0.864131451 -0.404131085
vn 0.08005832 0.7992309 0.595668256
vn 0.056044 0.803824842 0.5922201
vn 0.176746041 0.775653 0.605906963
vn 0.2033755 0.7676999 0.607680261
vn 0.27571404 0.7980216 0.5358575
vn 0.251755744 0.8027454 0.5405727
vn 0.398051 0.765305161 0.505829453
vn 0.4240885 0.7563593 0.498065829
vn 0.428466171 0.79350245 0.432169676
vn 0.40540275 0.7996867 0.442888051
vn 0.527685642 0.7593091 0.380785376
vn 0.5518581 0.7489214 0.366836965
vn 0.5336083 0.796041846 0.285621434
vn 0.5155351 0.80155617 0.302871674
vn 0.6128948 0.7636125 0.203115612
vn 0.631057739 0.7539882 0.182395056
vn 0.6115007 0.7912435 0.0007711943
vn 0.6023515 0.7978463 0.0247775856
vn 0.6473335 0.7546212 -0.107266732
vn 0.654932141 0.743648469 -0.134353444
vn 0.540071 0.790373266 -0.289194465
vn 0.5434807 0.796879232 -0.263841331
vn 0.517321944 0.7494908 -0.413087845
vn 0.51083374 0.738275468 -0.440452278
vn 0.221207723 0.892194569 -0.393771559
vn 0.239327669 0.8958104 -0.374494255
vn 0.143448368 0.870069146 -0.4715954
vn 0.122280568 0.8622708 -0.491463721
vn 0.02512987 0.8910737 -0.453162372
vn 0.05010141 0.895279 -0.442679733
vn -0.077714 0.8667407 -0.492667347
vn -0.105690122 0.858158767 -0.5023874
vn -0.126882762 0.8925037 -0.432825565
vn -0.100735538 0.8959094 -0.432664633
vn -0.230528831 0.872676253 -0.4304563
vn -0.2591316 0.865371943 -0.428931475
vn 0.363795221 0.893158 -0.264427334
vn 0.373495519 0.8958551 -0.240717083
vn 0.3124943 0.871203244 -0.378618836
vn 0.299925119 0.8641314 -0.404131025
usemtl 0155000000_part_0_material_0
f 1/1/1 2/2/2 3/3/3
f 2/2/2 1/1/1 4/4/4
f 3/3/3 5/5/5 6/6/6
f 5/5/5 3/3/3 2/2/2
f 7/7/7 8/8/8 2/2/2
f 2/2/2 9/9/9 7/7/7
f 2/2/2 10/10/10 5/5/5
f 10/10/10 2/2/2 8/8/8
f 4/4/4 9/9/9 2/2/2
f 1/1/1 11/11/11 4/4/4
f 12/12/12 7/7/7 9/9/9
f 9/9/9 13/13/13 12/12/12
f 13/13/13 14/14/14 15/15/15
f 11/11/11 14/14/14 4/4/4
f 16/16/16 17/17/17 12/12/12
f 12/12/12 13/13/13 15/15/15
f 18/18/18 17/17/17 16/16/16
f 16/16/16 19/19/19 18/18/18
f 15/15/15 20/20/20 21/21/21
f 20/20/20 15/15/15 14/14/14
f 22/22/22 19/19/19 16/16/16
f 16/16/16 21/21/21 22/22/22
f 21/21/21 20/20/20 23/23/23
f 4/4/4 14/14/14 13/13/13
f 13/13/13 9/9/9 4/4/4
f 24/24/24 23/23/23 25/25/25
f 23/23/23 24/24/24 26/26/26
f 24/24/24 27/27/27 26/26/26
f 28/28/28 26/26/26 27/27/27
f 27/27/27 29/29/29 28/28/28
f 24/24/24 30/30/30 31/31/31
f 31/31/31 32/32/32 27/27/27
f 27/27/27 24/24/24 31/31/31
f 11/11/11 33/33/33 30/30/30
f 34/34/34 14/14/14 11/11/11
f 35/35/35 36/36/36 37/37/37
f 37/37/37 38/38/38 35/35/35
f 39/39/39 36/36/36 35/35/35
f 35/35/35 40/40/40 39/39/39
f 33/33/33 31/31/31 30/30/30
f 30/30/30 34/34/34 11/11/11
f 31/31/31 33/33/33 41/41/41
f 41/41/41 32/32/32 31/31/31
f 42/42/42 39/39/39 40/40/40
f 43/43/43 44/44/44 45/45/45
f 45/45/45 37/37/37 43/43/43
f 44/44/44 43/43/43 46/46/46
f 46/46/46 41/41/41 44/44/44
f 47/47/47 48/48/48 46/46/46
f 46/46/46 42/42/42 47/47/47
f 32/32/32 41/41/41 46/46/46
f 46/46/46 48/48/48 32/32/32
f 27/27/27 32/32/32 49/49/49
f 46/46/46 43/43/43 36/36/36
f 36/36/36 39/39/39 46/46/46
f 43/43/43 37/37/37 36/36/36
f 24/24/24 25/25/25 30/30/30
f 50/50/50 33/33/33 11/11/11
f 11/11/11 45/45/45 50/50/50
f 33/33/33 50/50/50 41/41/41
f 51/51/51 32/32/32 48/48/48
f 48/48/48 47/47/47 51/51/51
f 32/32/32 51/51/51 52/52/52
f 52/52/52 49/49/49 32/32/32
f 29/29/29 27/27/27 49/49/49
f 49/49/49 52/52/52 29/29/29
f 42/42/42 46/46/46 39/39/39
f 37/37/37 45/45/45 53/53/53
f 53/53/53 54/54/54 37/37/37
f 45/45/45 11/11/11 55/55/55
f 55/55/55 53/53/53 45/45/45
f 54/54/54 38/38/38 37/37/37
f 25/25/25 14/14/14 56/56/56
f 56/56/56 57/57/57 25/25/25
f 14/14/14 34/34/34 56/56/56
f 34/34/34 30/30/30 57/57/57
f 57/57/57 56/56/56 34/34/34
f 58/58/58 59/59/59 60/60/60
f 60/60/60 61/61/61 58/58/58
f 62/62/62 63/63/63 64/64/64
f 64/64/64 65/65/65 62/62/62
f 66/66/66 67/67/67 68/68/68
f 67/67/67 66/66/66 60/60/60
f 63/63/63 69/69/69 70/70/70
f 70/70/70 64/64/64 63/63/63
f 66/66/66 61/61/61 60/60/60
f 71/71/71 72/72/72 69/69/69
f 73/73/73 60/60/60 59/59/59
f 59/59/59 74/74/74 73/73/73
f 63/63/63 75/75/75 71/71/71
f 71/71/71 69/69/69 63/63/63
f 60/60/60 76/76/76 67/67/67
f 76/76/76 60/60/60 73/73/73
f 70/70/70 77/77/77 78/78/78
f 78/78/78 64/64/64 70/70/70
f 79/79/79 64/64/64 78/78/78
f 77/77/77 70/70/70 80/80/80
f 80/80/80 81/81/81 77/77/77
f 82/82/82 83/83/83 66/66/66
f 84/84/84 58/58/58 61/61/61
f 61/61/61 85/85/85 84/84/84
f 86/86/86 87/87/87 88/88/88
f 88/88/88 89/89/89 86/86/86
f 78/78/78 77/77/77 86/86/86
f 86/86/86 90/90/90 78/78/78
f 78/78/78 90/90/90 91/91/91
f 91/91/91 79/79/79 78/78/78
f 92/92/92 61/61/61 83/83/83
f 61/61/61 92/92/92 85/85/85
f 93/93/93 90/90/90 86/86/86
f 86/86/86 94/94/94 93/93/93
f 95/95/95 96/96/96 97/97/97
f 98/98/98 97/97/97 96/96/96
f 83/83/83 61/61/61 66/66/66
f 99/99/99 95/95/95 85/85/85
f 85/85/85 92/92/92 99/99/99
f 100/100/100 91/91/91 90/90/90
f 90/90/90 93/93/93 100/100/100
f 66/66/66 68/68/68 82/82/82
f 101/101/101 102/102/102 103/103/103
f 101/101/101 103/103/103 104/104/104
f 105/105/105 104/104/104 103/103/103
f 103/103/103 102/102/102 106/106/106
f 106/106/106 107/107/107 103/103/103
f 108/108/108 109/109/109 110/110/110
f 110/110/110 111/111/111 108/108/108
f 107/107/107 106/106/106 112/112/112
f 112/112/112 113/113/113 107/107/107
f 114/114/114 115/115/115 105/105/105
f 105/105/105 113/113/113 114/114/114
f 112/112/112 116/116/116 114/114/114
f 114/114/114 113/113/113 112/112/112
f 117/117/117 118/118/118 119/119/119
f 119/119/119 120/120/120 117/117/117
f 118/118/118 114/114/114 116/116/116
f 116/116/116 119/119/119 118/118/118
f 111/111/111 121/121/121 108/108/108
f 111/111/111 101/101/101 104/104/104
f 121/121/121 105/105/105 115/115/115
f 122/122/122 123/123/123 109/109/109
f 109/109/109 108/108/108 122/122/122
f 124/124/124 125/125/125 114/114/114
f 114/114/114 118/118/118 124/124/124
f 126/126/126 124/124/124 118/118/118
f 118/118/118 117/117/117 126/126/126
f 121/121/121 122/122/122 108/108/108
f 122/122/122 121/121/121 127/127/127
f 128/128/128 129/129/129 130/130/130
f 129/129/129 128/128/128 131/131/131
f 132/132/132 133/133/133 134/134/134
f 134/134/134 135/135/135 132/132/132
f 136/136/136 131/131/131 128/128/128
f 128/128/128 137/137/137 136/136/136
f 138/138/138 136/136/136 137/137/137
f 137/137/137 139/139/139 138/138/138
f 140/140/140 138/138/138 139/139/139
f 139/139/139 141/141/141 140/140/140
f 129/129/129 132/132/132 135/135/135
f 135/135/135 130/130/130 129/129/129
f 107/107/107 105/105/105 103/103/103
f 74/74/74 142/142/142 143/143/143
f 143/143/143 73/73/73 74/74/74
f 75/75/75 144/144/144 145/145/145
f 76/76/76 146/146/146 147/147/147
f 146/146/146 76/76/76 73/73/73
f 143/143/143 146/146/146 73/73/73
f 148/148/148 149/149/149 71/71/71
f 71/71/71 75/75/75 148/148/148
f 89/89/89 150/150/150 86/86/86
f 62/62/62 144/144/144 75/75/75
f 75/75/75 63/63/63 62/62/62
f 80/80/80 70/70/70 69/69/69
f 86/86/86 77/77/77 81/81/81
f 81/81/81 87/87/87 86/86/86
f 97/97/97 98/98/98 151/151/151
f 152/152/152 84/84/84 85/85/85
f 153/153/153 72/72/72 71/71/71
f 71/71/71 149/149/149 153/153/153
f 154/154/154 127/127/127 155/155/155
f 155/155/155 128/128/128 154/154/154
f 123/123/123 122/122/122 156/156/156
f 156/156/156 134/134/134 123/123/123
f 155/155/155 125/125/125 137/137/137
f 137/137/137 128/128/128 155/155/155
f 125/125/125 124/124/124 139/139/139
f 139/139/139 137/137/137 125/125/125
f 157/157/157 158/158/158 159/159/159
f 159/159/159 160/160/160 157/157/157
f 156/156/156 122/122/122 127/127/127
f 127/127/127 154/154/154 156/156/156
f 128/128/128 130/130/130 154/154/154
f 156/156/156 135/135/135 134/134/134
f 135/135/135 156/156/156 154/154/154
f 154/154/154 130/130/130 135/135/135
f 115/115/115 114/114/114 125/125/125
f 125/125/125 155/155/155 115/115/115
f 155/155/155 127/127/127 121/121/121
f 121/121/121 115/115/115 155/155/155
f 148/148/148 75/75/75 145/145/145
f 107/107/107 113/113/113 105/105/105
f 161/161/161 147/147/147 146/146/146
f 146/146/146 162/162/162 161/161/161
f 163/163/163 143/143/143 142/142/142
f 142/142/142 164/164/164 163/163/163
f 162/162/162 146/146/146 143/143/143
f 143/143/143 163/163/163 162/162/162
f 165/165/165 149/149/149 148/148/148
f 148/148/148 166/166/166 165/165/165
f 167/167/167 153/153/153 149/149/149
f 149/149/149 165/165/165 167/167/167
f 145/145/145 168/168/168 166/166/166
f 166/166/166 148/148/148 145/145/145
f 105/105/105 121/121/121 104/104/104
f 104/104/104 121/121/121 111/111/111
f 8/8/8 169/169/169 10/10/10
f 21/21/21 16/16/16 15/15/15
f 12/12/12 15/15/15 16/16/16
f 170/170/170 7/7/7 12/12/12
f 12/12/12 17/17/17 170/170/170
f 171/171/171 170/170/170 17/17/17
f 17/17/17 18/18/18 171/171/171
f 8/8/8 7/7/7 170/170/170
f 170/170/170 171/171/171 169/169/169
f 169/169/169 8/8/8 170/170/170
f 172/172/172 173/173/173 129/129/129
f 129/129/129 131/131/131 172/172/172
f 174/174/174 175/175/175 133/133/133
f 133/133/133 132/132/132 174/174/174
f 176/176/176 172/172/172 131/131/131
f 131/131/131 136/136/136 176/176/176
f 177/177/177 176/176/176 136/136/136
f 136/136/136 138/138/138 177/177/177
f 178/178/178 177/177/177 138/138/138
f 138/138/138 140/140/140 178/178/178
f 173/173/173 174/174/174 132/132/132
f 132/132/132 129/129/129 173/173/173
f 179/179/179 180/180/180 181/181/181
f 181/181/181 182/182/182 179/179/179
f 183/183/183 184/184/184 185/185/185
f 186/186/186 187/187/187 188/188/188
f 188/188/188 189/189/189 186/186/186
f 189/189/189 190/190/190 191/191/191
f 191/191/191 186/186/186 189/189/189
f 192/192/192 191/191/191 190/190/190
f 190/190/190 193/193/193 192/192/192
f 194/194/194 192/192/192 193/193/193
f 193/193/193 195/195/195 194/194/194
f 196/196/196 194/194/194 195/195/195
f 195/195/195 197/197/197 196/196/196
f 187/187/187 198/198/198 199/199/199
f 199/199/199 188/188/188 187/187/187
f 200/200/200 201/201/201 187/187/187
f 187/187/187 186/186/186 200/200/200
f 202/202/202 200/200/200 186/186/186
f 186/186/186 191/191/191 202/202/202
f 202/202/202 191/191/191 192/192/192
f 192/192/192 203/203/203 202/202/202
f 204/204/204 203/203/203 194/194/194
f 192/192/192 194/194/194 203/203/203
f 194/194/194 196/196/196 204/204/204
f 201/201/201 198/198/198 187/187/187
f 201/201/201 200/200/200 184/184/184
f 184/184/184 205/205/205 201/201/201
f 200/200/200 206/206/206 184/184/184
f 207/207/207 206/206/206 200/200/200
f 200/200/200 202/202/202 207/207/207
f 207/207/207 202/202/202 203/203/203
f 203/203/203 208/208/208 207/207/207
f 209/209/209 208/208/208 203/203/203
f 203/203/203 204/204/204 209/209/209
f 210/210/210 204/204/204 196/196/196
f 210/210/210 211/211/211 204/204/204
f 209/209/209 204/204/204 211/211/211
f 212/212/212 213/213/213 214/214/214
f 214/214/214 215/215/215 212/212/212
f 205/205/205 216/216/216 198/198/198
f 198/198/198 201/201/201 205/205/205
f 213/213/213 212/212/212 184/184/184
f 184/184/184 183/183/183 213/213/213
f 212/212/212 215/215/215 205/205/205
f 205/205/205 184/184/184 212/212/212
f 215/215/215 214/214/214 216/216/216
f 216/216/216 205/205/205 215/215/215
f 217/217/217 218/218/218 211/211/211
f 211/211/211 210/210/210 217/217/217
f 185/185/185 184/184/184 206/206/206
f 219/219/219 220/220/220 221/221/221
f 222/222/222 223/223/223 209/209/209
f 209/209/209 211/211/211 222/222/222
f 223/223/223 224/224/224 208/208/208
f 208/208/208 209/209/209 223/223/223
f 225/225/225 226/226/226 183/183/183
f 183/183/183 185/185/185 225/225/225
f 224/224/224 227/227/227 228/228/228
f 228/228/228 208/208/208 224/224/224
f 229/229/229 230/230/230 206/206/206
f 206/206/206 207/207/207 229/229/229
f 231/231/231 229/229/229 207/207/207
f 207/207/207 208/208/208 231/231/231
f 230/230/230 232/232/232 185/185/185
f 185/185/185 206/206/206 230/230/230
f 233/233/233 231/231/231 208/208/208
f 208/208/208 228/228/228 233/233/233
f 179/179/179 182/182/182 223/223/223
f 223/223/223 222/222/222 179/179/179
f 182/182/182 181/181/181 224/224/224
f 224/224/224 223/223/223 182/182/182
f 234/234/234 235/235/235 226/226/226
f 226/226/226 225/225/225 234/234/234
f 181/181/181 180/180/180 227/227/227
f 227/227/227 224/224/224 181/181/181
f 221/221/221 230/230/230 229/229/229
f 219/219/219 221/221/221 229/229/229
f 229/229/229 231/231/231 219/219/219
f 221/221/221 236/236/236 232/232/232
f 232/232/232 230/230/230 221/221/221
f 220/220/220 219/219/219 231/231/231
f 231/231/231 233/233/233 220/220/220
f 237/237/237 238/238/238 239/239/239
f 239/239/239 240/240/240 237/237/237
f 241/241/241 238/238/238 237/237/237
f 241/241/241 242/242/242 243/243/243
f 86/86/86 150/150/150 94/94/94
f 98/98/98 96/96/96 244/244/244
f 97/97/97 152/152/152 85/85/85
f 152/152/152 97/97/97 151/151/151
f 95/95/95 97/97/97 85/85/85
f 239/239/239 245/245/245 240/240/240
f 245/245/245 239/239/239 246/246/246
f 237/237/237 247/247/247 241/241/241
f 241/241/241 248/248/248 238/238/238
f 241/241/241 247/247/247 242/242/242
f 243/243/243 248/248/248 241/241/241
f 249/249/249 250/250/250 251/251/251
f 251/251/251 252/252/252 249/249/249
f 253/253/253 254/254/254 255/255/255
f 255/255/255 256/256/256 253/253/253
f 251/251/251 253/253/253 256/256/256
f 253/253/253 251/251/251 250/250/250
f 257/257/257 258/258/258 259/259/259
f 259/259/259 260/260/260 257/257/257
f 261/261/261 257/257/257 260/260/260
f 260/260/260 262/262/262 261/261/261
f 258/258/258 249/249/249 252/252/252
f 252/252/252 259/259/259 258/258/258
f 263/263/263 264/264/264 265/265/265
f 266/266/266 267/267/267 268/268/268
f 268/268/268 269/269/269 266/266/266
f 270/270/270 271/271/271 264/264/264
f 272/272/272 273/273/273 274/274/274
f 275/275/275 276/276/276 277/277/277
f 277/277/277 278/278/278 275/275/275
f 279/279/279 273/273/273 270/270/270
f 270/270/270 264/264/264 279/279/279
f 273/273/273 272/272/272 280/280/280
f 280/280/280 270/270/270 273/273/273
f 281/281/281 280/280/280 272/272/272
f 272/272/272 282/282/282 281/281/281
f 283/283/283 276/276/276 275/275/275
f 276/276/276 283/283/283 282/282/282
f 275/275/275 266/266/266 283/283/283
f 282/282/282 283/283/283 281/281/281
f 271/271/271 265/265/265 264/264/264
f 284/284/284 285/285/285 286/286/286
f 286/286/286 287/287/287 284/284/284
f 288/288/288 271/271/271 270/270/270
f 289/289/289 290/290/290 291/291/291
f 291/291/291 292/292/292 289/289/289
f 281/281/281 293/293/293 280/280/280
f 285/285/285 294/294/294 295/295/295
f 295/295/295 286/286/286 285/285/285
f 296/296/296 297/297/297 298/298/298
f 298/298/298 299/299/299 296/296/296
f 290/290/290 295/295/295 294/294/294
f 294/294/294 291/291/291 290/290/290
f 289/289/289 292/292/292 297/297/297
f 297/297/297 296/296/296 289/289/289
f 300/300/300 266/266/266 269/269/269
f 269/269/269 301/301/301 300/300/300
f 270/270/270 280/280/280 293/293/293
f 293/293/293 288/288/288 270/270/270
f 300/300/300 302/302/302 283/283/283
f 283/283/283 266/266/266 300/300/300
f 303/303/303 265/265/265 304/304/304
f 304/304/304 305/305/305 303/303/303
f 281/281/281 283/283/283 302/302/302
f 302/302/302 293/293/293 281/281/281
f 304/304/304 271/271/271 288/288/288
f 271/271/271 304/304/304 265/265/265
f 266/266/266 275/275/275 278/278/278
f 278/278/278 267/267/267 266/266/266
f 279/279/279 264/264/264 263/263/263
f 263/263/263 306/306/306 279/279/279
f 307/307/307 308/308/308 309/309/309
f 309/309/309 310/310/310 307/307/307
f 311/311/311 312/312/312 308/308/308
f 308/308/308 307/307/307 311/311/311
f 311/311/311 313/313/313 314/314/314
f 314/314/314 312/312/312 311/311/311
f 313/313/313 315/315/315 316/316/316
f 316/316/316 314/314/314 313/313/313
f 315/315/315 317/317/317 318/318/318
f 318/318/318 316/316/316 315/315/315
f 317/317/317 319/319/319 320/320/320
f 320/320/320 318/318/318 317/317/317
f 321/321/321 274/274/274 273/273/273
f 273/273/273 279/279/279 321/321/321
f 306/306/306 322/322/322 321/321/321
f 321/321/321 279/279/279 306/306/306
f 287/287/287 286/286/286 300/300/300
f 300/300/300 301/301/301 287/287/287
f 290/290/290 289/289/289 288/288/288
f 288/288/288 293/293/293 290/290/290
f 286/286/286 295/295/295 302/302/302
f 302/302/302 300/300/300 286/286/286
f 304/304/304 296/296/296 299/299/299
f 299/299/299 305/305/305 304/304/304
f 295/295/295 290/290/290 293/293/293
f 293/293/293 302/302/302 295/295/295
f 288/288/288 289/289/289 296/296/296
f 296/296/296 304/304/304 288/288/288
f 323/323/323 263/263/263 265/265/265
f 265/265/265 303/303/303 324/324/324
f 324/324/324 323/323/323 265/265/265
f 325/325/325 326/326/326 327/327/327
f 325/325/325 327/327/327 328/328/328
f 328/328/328 329/329/329 330/330/330
f 330/330/330 331/331/331 332/332/332
f 330/330/330 332/332/332 333/333/333
f 328/328/328 330/330/330 333/333/333
f 325/325/325 328/328/328 333/333/333
f 334/334/334 335/335/335 336/336/336
f 336/336/336 337/337/337 334/334/334
f 335/335/335 338/338/338 339/339/339
f 339/339/339 336/336/336 335/335/335
f 339/339/339 340/340/340 341/341/341
f 340/340/340 339/339/339 338/338/338
f 342/342/342 343/343/343 344/344/344
f 345/345/345 346/346/346 347/347/347
f 348/348/348 349/349/349 350/350/350
f 351/351/351 349/349/349 348/348/348
f 348/348/348 352/352/352 351/351/351
f 349/349/349 353/353/353 354/354/354
f 354/354/354 350/350/350 349/349/349
f 355/355/355 353/353/353 356/356/356
f 356/356/356 357/357/357 355/355/355
f 355/355/355 354/354/354 353/353/353
f 342/342/342 349/349/349 351/351/351
f 351/351/351 343/343/343 342/342/342
f 342/342/342 347/347/347 353/353/353
f 353/353/353 349/349/349 342/342/342
f 347/347/347 346/346/346 356/356/356
f 356/356/356 353/353/353 347/347/347
f 358/358/358 359/359/359 360/360/360
f 360/360/360 361/361/361 358/358/358
f 362/362/362 358/358/358 361/361/361
f 361/361/361 363/363/363 362/362/362
f 364/364/364 362/362/362 363/363/363
f 363/363/363 365/365/365 364/364/364
f 366/366/366 364/364/364 365/365/365
f 365/365/365 367/367/367 366/366/366
f 368/368/368 369/369/369 370/370/370
f 370/370/370 371/371/371 368/368/368
f 359/359/359 368/368/368 371/371/371
f 371/371/371 360/360/360 359/359/359
f 326/326/326 372/372/372 327/327/327
f 342/342/342 344/344/344 373/373/373
f 347/347/347 342/342/342 373/373/373
f 345/345/345 347/347/347 373/373/373
f 372/372/372 326/326/326 374/374/374
f 375/375/375 376/376/376 336/336/336
f 337/337/337 336/336/336 376/376/376
f 341/341/341 375/375/375 339/339/339
f 336/336/336 339/339/339 375/375/375
f 377/377/377 378/378/378 379/379/379
f 380/380/380 378/378/378 377/377/377
f 378/378/378 381/381/381 382/382/382
f 382/382/382 379/379/379 378/378/378
f 383/383/383 381/381/381 384/384/384
f 383/383/383 382/382/382 381/381/381
f 385/385/385 386/386/386 387/387/387
f 388/388/388 389/389/389 390/390/390
f 391/391/391 392/392/392 388/388/388
f 393/393/393 394/394/394 391/391/391
f 387/387/387 395/395/395 393/393/393
f 385/385/385 387/387/387 393/393/393
f 396/396/396 385/385/385 393/393/393
f 396/396/396 393/393/393 391/391/391
f 397/397/397 398/398/398 387/387/387
f 397/397/397 387/387/387 386/386/386
f 390/390/390 399/399/399 397/397/397
f 390/390/390 397/397/397 386/386/386
f 390/390/390 386/386/386 400/400/400
f 388/388/388 390/390/390 400/400/400
f 391/391/391 388/388/388 400/400/400
f 391/391/391 400/400/400 396/396/396
f 401/401/401 402/402/402 386/386/386
f 386/386/386 385/385/385 401/401/401
f 403/403/403 404/404/404 390/390/390
f 390/390/390 389/389/389 403/403/403
f 405/405/405 406/406/406 392/392/392
f 392/392/392 391/391/391 405/405/405
f 407/407/407 408/408/408 394/394/394
f 394/394/394 393/393/393 407/407/407
f 408/408/408 405/405/405 391/391/391
f 391/391/391 394/394/394 408/408/408
f 409/409/409 410/410/410 395/395/395
f 395/395/395 387/387/387 409/409/409
f 410/410/410 407/407/407 393/393/393
f 393/393/393 395/395/395 410/410/410
f 411/411/411 401/401/401 385/385/385
f 385/385/385 396/396/396 411/411/411
f 412/412/412 413/413/413 398/398/398
f 398/398/398 397/397/397 412/412/412
f 413/413/413 409/409/409 387/387/387
f 387/387/387 398/398/398 413/413/413
f 404/404/404 414/414/414 399/399/399
f 399/399/399 390/390/390 404/404/404
f 414/414/414 412/412/412 397/397/397
f 397/397/397 399/399/399 414/414/414
f 402/402/402 415/415/415 400/400/400
f 400/400/400 386/386/386 402/402/402
f 415/415/415 411/411/411 396/396/396
f 396/396/396 400/400/400 415/415/415
f 402/402/402 416/416/416 417/417/417
f 418/418/418 419/419/419 420/420/420
f 421/421/421 422/422/422 419/419/419
f 423/423/423 424/424/424 422/422/422
f 425/425/425 417/417/417 424/424/424
f 417/417/417 416/416/416 424/424/424
f 416/416/416 411/411/411 424/424/424
f 424/424/424 411/411/411 422/422/422
f 426/426/426 427/427/427 417/417/417
f 417/417/417 427/427/427 402/402/402
f 428/428/428 420/420/420 427/427/427
f 427/427/427 420/420/420 402/402/402
f 402/402/402 420/420/420 429/429/429
f 420/420/420 419/419/419 429/429/429
f 419/419/419 422/422/422 429/429/429
f 429/429/429 422/422/422 411/411/411
f 430/430/430 431/431/431 432/432/432
f 432/432/432 433/433/433 430/430/430
f 431/431/431 6/6/6 434/434/434
f 434/434/434 432/432/432 431/431/431
f 435/435/435 432/432/432 436/436/436
f 432/432/432 435/435/435 437/437/437
f 432/432/432 434/434/434 10/10/10
f 10/10/10 436/436/436 432/432/432
f 433/433/433 432/432/432 437/437/437
f 430/430/430 433/433/433 438/438/438
f 439/439/439 437/437/437 435/435/435
f 437/437/437 439/439/439 440/440/440
f 440/440/440 441/441/441 442/442/442
f 438/438/438 433/433/433 442/442/442
f 443/443/443 439/439/439 444/444/444
f 439/439/439 441/441/441 440/440/440
f 18/18/18 443/443/443 444/444/444
f 443/443/443 18/18/18 19/19/19
f 441/441/441 445/445/445 446/446/446
f 446/446/446 442/442/442 441/441/441
f 22/22/22 443/443/443 19/19/19
f 443/443/443 22/22/22 445/445/445
f 445/445/445 447/447/447 446/446/446
f 433/433/433 440/440/440 442/442/442
f 440/440/440 433/433/433 437/437/437
f 448/448/448 449/449/449 447/447/447
f 447/447/447 450/450/450 448/448/448
f 448/448/448 450/450/450 451/451/451
f 28/28/28 451/451/451 450/450/450
f 451/451/451 28/28/28 29/29/29
f 448/448/448 452/452/452 453/453/453
f 452/452/452 451/451/451 454/454/454
f 451/451/451 452/452/452 448/448/448
f 438/438/438 453/453/453 455/455/455
f 456/456/456 438/438/438 442/442/442
f 35/35/35 457/457/457 458/458/458
f 457/457/457 35/35/35 38/38/38
f 459/459/459 35/35/35 458/458/458
f 35/35/35 459/459/459 40/40/40
f 455/455/455 453/453/453 452/452/452
f 453/453/453 438/438/438 456/456/456
f 452/452/452 460/460/460 455/455/455
f 460/460/460 452/452/452 454/454/454
f 42/42/42 40/40/40 459/459/459
f 461/461/461 462/462/462 463/463/463
f 462/462/462 461/461/461 457/457/457
f 463/463/463 464/464/464 461/461/461
f 464/464/464 463/463/463 460/460/460
f 47/47/47 464/464/464 465/465/465
f 464/464/464 47/47/47 42/42/42
f 454/454/454 464/464/464 460/460/460
f 464/464/464 454/454/454 465/465/465
f 451/451/451 466/466/466 454/454/454
f 464/464/464 458/458/458 461/461/461
f 458/458/458 464/464/464 459/459/459
f 461/461/461 458/458/458 457/457/457
f 448/448/448 453/453/453 449/449/449
f 460/460/460 467/467/467 455/455/455
f 467/467/467 463/463/463 462/462/462
f 467/467/467 460/460/460 463/463/463
f 51/51/51 465/465/465 454/454/454
f 465/465/465 51/51/51 47/47/47
f 454/454/454 52/52/52 51/51/51
f 52/52/52 454/454/454 466/466/466
f 29/29/29 466/466/466 451/451/451
f 466/466/466 29/29/29 52/52/52
f 42/42/42 459/459/459 464/464/464
f 457/457/457 468/468/468 462/462/462
f 468/468/468 457/457/457 54/54/54
f 462/462/462 469/469/469 438/438/438
f 469/469/469 462/462/462 468/468/468
f 54/54/54 457/457/457 38/38/38
f 449/449/449 470/470/470 442/442/442
f 470/470/470 449/449/449 471/471/471
f 442/442/442 470/470/470 456/456/456
f 456/456/456 471/471/471 453/453/453
f 471/471/471 456/456/456 470/470/470
f 58/58/58 472/472/472 59/59/59
f 472/472/472 58/58/58 473/473/473
f 474/474/474 475/475/475 476/476/476
f 475/475/475 474/474/474 477/477/477
f 478/478/478 479/479/479 480/480/480
f 480/480/480 472/472/472 478/478/478
f 476/476/476 481/481/481 69/69/69
f 481/481/481 476/476/476 475/475/475
f 478/478/478 472/472/472 473/473/473
f 482/482/482 69/69/69 72/72/72
f 483/483/483 59/59/59 472/472/472
f 59/59/59 483/483/483 74/74/74
f 476/476/476 482/482/482 484/484/484
f 482/482/482 476/476/476 69/69/69
f 472/472/472 480/480/480 485/485/485
f 485/485/485 483/483/483 472/472/472
f 481/481/481 486/486/486 487/487/487
f 486/486/486 481/481/481 475/475/475
f 488/488/488 486/486/486 475/475/475
f 487/487/487 80/80/80 481/481/481
f 80/80/80 487/487/487 81/81/81
f 489/489/489 478/478/478 490/490/490
f 84/84/84 473/473/473 58/58/58
f 473/473/473 84/84/84 491/491/491
f 492/492/492 88/88/88 87/87/87
f 88/88/88 492/492/492 493/493/493
f 486/486/486 492/492/492 487/487/487
f 492/492/492 486/486/486 494/494/494
f 486/486/486 495/495/495 494/494/494
f 495/495/495 486/486/486 488/488/488
f 496/496/496 490/490/490 473/473/473
f 473/473/473 491/491/491 496/496/496
f 497/497/497 492/492/492 494/494/494
f 492/492/492 497/497/497 498/498/498
f 499/499/499 500/500/500 501/501/501
f 502/502/502 501/501/501 500/500/500
f 490/490/490 478/478/478 473/473/473
f 503/503/503 491/491/491 499/499/499
f 491/491/491 503/503/503 496/496/496
f 504/504/504 494/494/494 495/495/495
f 494/494/494 504/504/504 497/497/497
f 478/478/478 489/489/489 479/479/479
f 505/505/505 506/506/506 507/507/507
f 505/505/505 508/508/508 506/506/506
f 509/509/509 506/506/506 508/508/508
f 506/506/506 510/510/510 507/507/507
f 510/510/510 506/506/506 511/511/511
f 512/512/512 513/513/513 514/514/514
f 513/513/513 512/512/512 515/515/515
f 511/511/511 516/516/516 510/510/510
f 516/516/516 511/511/511 517/517/517
f 518/518/518 509/509/509 519/519/519
f 509/509/509 518/518/518 517/517/517
f 516/516/516 518/518/518 520/520/520
f 518/518/518 516/516/516 517/517/517
f 521/521/521 522/522/522 523/523/523
f 522/522/522 521/521/521 524/524/524
f 523/523/523 520/520/520 518/518/518
f 520/520/520 523/523/523 522/522/522
f 515/515/515 512/512/512 525/525/525
f 515/515/515 508/508/508 505/505/505
f 525/525/525 519/519/519 509/509/509
f 526/526/526 514/514/514 527/527/527
f 514/514/514 526/526/526 512/512/512
f 528/528/528 518/518/518 529/529/529
f 518/518/518 528/528/528 523/523/523
f 530/530/530 523/523/523 528/528/528
f 523/523/523 530/530/530 521/521/521
f 525/525/525 512/512/512 526/526/526
f 526/526/526 531/531/531 525/525/525
f 532/532/532 533/533/533 534/534/534
f 534/534/534 535/535/535 532/532/532
f 536/536/536 537/537/537 538/538/538
f 537/537/537 536/536/536 539/539/539
f 540/540/540 532/532/532 535/535/535
f 532/532/532 540/540/540 541/541/541
f 542/542/542 541/541/541 540/540/540
f 541/541/541 542/542/542 543/543/543
f 544/544/544 543/543/543 542/542/542
f 543/543/543 544/544/544 545/545/545
f 534/534/534 539/539/539 536/536/536
f 539/539/539 534/534/534 533/533/533
f 511/511/511 506/506/506 509/509/509
f 74/74/74 546/546/546 142/142/142
f 546/546/546 74/74/74 483/483/483
f 484/484/484 547/547/547 548/548/548
f 485/485/485 549/549/549 550/550/550
f 550/550/550 483/483/483 485/485/485
f 546/546/546 483/483/483 550/550/550
f 551/551/551 482/482/482 552/552/552
f 482/482/482 551/551/551 484/484/484
f 493/493/493 492/492/492 553/553/553
f 474/474/474 484/484/484 548/548/548
f 484/484/484 474/474/474 476/476/476
f 80/80/80 69/69/69 481/481/481
f 492/492/492 81/81/81 487/487/487
f 81/81/81 492/492/492 87/87/87
f 500/500/500 151/151/151 502/502/502
f 152/152/152 491/491/491 84/84/84
f 153/153/153 482/482/482 72/72/72
f 482/482/482 153/153/153 552/552/552
f 554/554/554 555/555/555 531/531/531
f 555/555/555 554/554/554 532/532/532
f 527/527/527 556/556/556 526/526/526
f 556/556/556 527/527/527 537/537/537
f 555/555/555 541/541/541 529/529/529
f 541/541/541 555/555/555 532/532/532
f 529/529/529 543/543/543 528/528/528
f 543/543/543 529/529/529 541/541/541
f 557/557/557 558/558/558 559/559/559
f 558/558/558 557/557/557 560/560/560
f 556/556/556 531/531/531 526/526/526
f 531/531/531 556/556/556 554/554/554
f 532/532/532 554/554/554 533/533/533
f 556/556/556 537/537/537 539/539/539
f 539/539/539 554/554/554 556/556/556
f 554/554/554 539/539/539 533/533/533
f 519/519/519 529/529/529 518/518/518
f 529/529/529 519/519/519 555/555/555
f 555/555/555 525/525/525 531/531/531
f 525/525/525 555/555/555 519/519/519
f 551/551/551 547/547/547 484/484/484
f 511/511/511 509/509/509 517/517/517
f 561/561/561 550/550/550 549/549/549
f 550/550/550 561/561/561 562/562/562
f 563/563/563 142/142/142 546/546/546
f 142/142/142 563/563/563 164/164/164
f 562/562/562 546/546/546 550/550/550
f 546/546/546 562/562/562 563/563/563
f 564/564/564 551/551/551 552/552/552
f 551/551/551 564/564/564 565/565/565
f 167/167/167 552/552/552 153/153/153
f 552/552/552 167/167/167 564/564/564
f 547/547/547 565/565/565 566/566/566
f 565/565/565 547/547/547 551/551/551
f 509/509/509 508/508/508 525/525/525
f 508/508/508 515/515/515 525/525/525
f 436/436/436 10/10/10 169/169/169
f 445/445/445 441/441/441 443/443/443
f 439/439/439 443/443/443 441/441/441
f 567/567/567 439/439/439 435/435/435
f 439/439/439 567/567/567 444/444/444
f 171/171/171 444/444/444 567/567/567
f 444/444/444 171/171/171 18/18/18
f 436/436/436 567/567/567 435/435/435
f 567/567/567 169/169/169 171/171/171
f 169/169/169 567/567/567 436/436/436
f 568/568/568 534/534/534 569/569/569
f 534/534/534 568/568/568 535/535/535
f 570/570/570 538/538/538 571/571/571
f 538/538/538 570/570/570 536/536/536
f 572/572/572 535/535/535 568/568/568
f 535/535/535 572/572/572 540/540/540
f 573/573/573 540/540/540 572/572/572
f 540/540/540 573/573/573 542/542/542
f 574/574/574 542/542/542 573/573/573
f 542/542/542 574/574/574 544/544/544
f 569/569/569 536/536/536 570/570/570
f 536/536/536 569/569/569 534/534/534
f 575/575/575 576/576/576 577/577/577
f 576/576/576 575/575/575 578/578/578
f 579/579/579 580/580/580 581/581/581
f 582/582/582 583/583/583 584/584/584
f 583/583/583 582/582/582 585/585/585
f 585/585/585 586/586/586 587/587/587
f 586/586/586 585/585/585 582/582/582
f 588/588/588 587/587/587 586/586/586
f 587/587/587 588/588/588 589/589/589
f 590/590/590 589/589/589 588/588/588
f 589/589/589 590/590/590 591/591/591
f 592/592/592 591/591/591 590/590/590
f 591/591/591 592/592/592 593/593/593
f 584/584/584 594/594/594 595/595/595
f 594/594/594 584/584/584 583/583/583
f 596/596/596 584/584/584 597/597/597
f 584/584/584 596/596/596 582/582/582
f 598/598/598 582/582/582 596/596/596
f 582/582/582 598/598/598 586/586/586
f 598/598/598 588/588/588 586/586/586
f 588/588/588 598/598/598 599/599/599
f 600/600/600 590/590/590 599/599/599
f 588/588/588 599/599/599 590/590/590
f 590/590/590 600/600/600 592/592/592
f 597/597/597 584/584/584 595/595/595
f 597/597/597 581/581/581 596/596/596
f 581/581/581 597/597/597 601/601/601
f 596/596/596 581/581/581 602/602/602
f 603/603/603 596/596/596 602/602/602
f 596/596/596 603/603/603 598/598/598
f 603/603/603 599/599/599 598/598/598
f 599/599/599 603/603/603 604/604/604
f 605/605/605 599/599/599 604/604/604
f 599/599/599 605/605/605 600/600/600
f 606/606/606 592/592/592 600/600/600
f 606/606/606 600/600/600 607/607/607
f 605/605/605 607/607/607 600/600/600
f 608/608/608 609/609/609 610/610/610
f 609/609/609 608/608/608 611/611/611
f 601/601/601 595/595/595 612/612/612
f 595/595/595 601/601/601 597/597/597
f 610/610/610 581/581/581 608/608/608
f 581/581/581 610/610/610 579/579/579
f 608/608/608 601/601/601 611/611/611
f 601/601/601 608/608/608 581/581/581
f 611/611/611 612/612/612 609/609/609
f 612/612/612 611/611/611 601/601/601
f 613/613/613 607/607/607 614/614/614
f 607/607/607 613/613/613 606/606/606
f 580/580/580 602/602/602 581/581/581
f 615/615/615 616/616/616 617/617/617
f 618/618/618 605/605/605 619/619/619
f 605/605/605 618/618/618 607/607/607
f 619/619/619 604/604/604 620/620/620
f 604/604/604 619/619/619 605/605/605
f 621/621/621 579/579/579 622/622/622
f 579/579/579 621/621/621 580/580/580
f 620/620/620 623/623/623 624/624/624
f 623/623/623 620/620/620 604/604/604
f 625/625/625 602/602/602 626/626/626
f 602/602/602 625/625/625 603/603/603
f 627/627/627 603/603/603 625/625/625
f 603/603/603 627/627/627 604/604/604
f 626/626/626 580/580/580 628/628/628
f 580/580/580 626/626/626 602/602/602
f 629/629/629 604/604/604 627/627/627
f 604/604/604 629/629/629 623/623/623
f 575/575/575 619/619/619 578/578/578
f 619/619/619 575/575/575 618/618/618
f 578/578/578 620/620/620 576/576/576
f 620/620/620 578/578/578 619/619/619
f 630/630/630 622/622/622 631/631/631
f 622/622/622 630/630/630 621/621/621
f 576/576/576 624/624/624 577/577/577
f 624/624/624 576/576/576 620/620/620
f 616/616/616 625/625/625 626/626/626
f 615/615/615 625/625/625 616/616/616
f 625/625/625 615/615/615 627/627/627
f 616/616/616 628/628/628 632/632/632
f 628/628/628 616/616/616 626/626/626
f 617/617/617 627/627/627 615/615/615
f 627/627/627 617/617/617 629/629/629
f 633/633/633 634/634/634 635/635/635
f 634/634/634 633/633/633 636/636/636
f 637/637/637 633/633/633 635/635/635
f 637/637/637 638/638/638 639/639/639
f 492/492/492 498/498/498 553/553/553
f 502/502/502 640/640/640 501/501/501
f 500/500/500 491/491/491 152/152/152
f 152/152/152 151/151/151 500/500/500
f 499/499/499 491/491/491 500/500/500
f 634/634/634 636/636/636 641/641/641
f 641/641/641 642/642/642 634/634/634
f 633/633/633 637/637/637 643/643/643
f 637/637/637 635/635/635 644/644/644
f 637/637/637 639/639/639 643/643/643
f 638/638/638 637/637/637 644/644/644
f 645/645/645 646/646/646 647/647/647
f 646/646/646 645/645/645 648/648/648
f 649/649/649 255/255/255 254/254/254
f 255/255/255 649/649/649 650/650/650
f 646/646/646 650/650/650 649/649/649
f 649/649/649 647/647/647 646/646/646
f 651/651/651 652/652/652 653/653/653
f 652/652/652 651/651/651 654/654/654
f 261/261/261 654/654/654 651/651/651
f 654/654/654 261/261/261 262/262/262
f 653/653/653 648/648/648 645/645/645
f 648/648/648 653/653/653 652/652/652
f 263/263/263 655/655/655 656/656/656
f 657/657/657 268/268/268 267/267/267
f 268/268/268 657/657/657 658/658/658
f 659/659/659 656/656/656 660/660/660
f 661/661/661 662/662/662 663/663/663
f 664/664/664 277/277/277 665/665/665
f 277/277/277 664/664/664 278/278/278
f 666/666/666 659/659/659 663/663/663
f 659/659/659 666/666/666 656/656/656
f 663/663/663 667/667/667 661/661/661
f 667/667/667 663/663/663 659/659/659
f 668/668/668 661/661/661 667/667/667
f 661/661/661 668/668/668 669/669/669
f 670/670/670 664/664/664 665/665/665
f 665/665/665 669/669/669 670/670/670
f 664/664/664 670/670/670 657/657/657
f 669/669/669 668/668/668 670/670/670
f 660/660/660 656/656/656 655/655/655
f 671/671/671 672/672/672 673/673/673
f 672/672/672 671/671/671 674/674/674
f 675/675/675 659/659/659 660/660/660
f 676/676/676 677/677/677 678/678/678
f 677/677/677 676/676/676 679/679/679
f 668/668/668 667/667/667 680/680/680
f 673/673/673 681/681/681 682/682/682
f 681/681/681 673/673/673 672/672/672
f 683/683/683 684/684/684 685/685/685
f 684/684/684 683/683/683 686/686/686
f 678/678/678 682/682/682 681/681/681
f 682/682/682 678/678/678 677/677/677
f 676/676/676 685/685/685 679/679/679
f 685/685/685 676/676/676 683/683/683
f 687/687/687 658/658/658 657/657/657
f 658/658/658 687/687/687 688/688/688
f 659/659/659 680/680/680 667/667/667
f 680/680/680 659/659/659 675/675/675
f 687/687/687 670/670/670 689/689/689
f 670/670/670 687/687/687 657/657/657
f 690/690/690 691/691/691 655/655/655
f 691/691/691 690/690/690 692/692/692
f 668/668/668 689/689/689 670/670/670
f 689/689/689 668/668/668 680/680/680
f 691/691/691 675/675/675 660/660/660
f 660/660/660 655/655/655 691/691/691
f 657/657/657 278/278/278 664/664/664
f 278/278/278 657/657/657 267/267/267
f 666/666/666 263/263/263 656/656/656
f 263/263/263 666/666/666 306/306/306
f 693/693/693 694/694/694 695/695/695
f 694/694/694 693/693/693 696/696/696
f 697/697/697 695/695/695 698/698/698
f 695/695/695 697/697/697 693/693/693
f 697/697/697 699/699/699 700/700/700
f 699/699/699 697/697/697 698/698/698
f 700/700/700 701/701/701 702/702/702
f 701/701/701 700/700/700 699/699/699
f 702/702/702 703/703/703 704/704/704
f 703/703/703 702/702/702 701/701/701
f 704/704/704 705/705/705 706/706/706
f 705/705/705 704/704/704 703/703/703
f 707/707/707 663/663/663 662/662/662
f 663/663/663 707/707/707 666/666/666
f 306/306/306 707/707/707 322/322/322
f 707/707/707 306/306/306 666/666/666
f 674/674/674 687/687/687 672/672/672
f 687/687/687 674/674/674 688/688/688
f 678/678/678 675/675/675 676/676/676
f 675/675/675 678/678/678 680/680/680
f 672/672/672 689/689/689 681/681/681
f 689/689/689 672/672/672 687/687/687
f 691/691/691 686/686/686 683/683/683
f 686/686/686 691/691/691 692/692/692
f 681/681/681 680/680/680 678/678/678
f 680/680/680 681/681/681 689/689/689
f 675/675/675 683/683/683 676/676/676
f 683/683/683 675/675/675 691/691/691
f 323/323/323 655/655/655 263/263/263
f 655/655/655 324/324/324 690/690/690
f 324/324/324 655/655/655 323/323/323
f 708/708/708 709/709/709 710/710/710
f 708/708/708 711/711/711 709/709/709
f 711/711/711 712/712/712 713/713/713
f 712/712/712 714/714/714 715/715/715
f 712/712/712 716/716/716 714/714/714
f 711/711/711 716/716/716 712/712/712
f 708/708/708 716/716/716 711/711/711
f 717/717/717 718/718/718 719/719/719
f 718/718/718 717/717/717 720/720/720
f 719/719/719 721/721/721 722/722/722
f 721/721/721 719/719/719 718/718/718
f 721/721/721 723/723/723 724/724/724
f 724/724/724 722/722/722 721/721/721
f 725/725/725 726/726/726 727/727/727
f 728/728/728 729/729/729 730/730/730
f 731/731/731 732/732/732 733/733/733
f 734/734/734 731/731/731 733/733/733
f 731/731/731 734/734/734 735/735/735
f 733/733/733 736/736/736 737/737/737
f 736/736/736 733/733/733 732/732/732
f 738/738/738 739/739/739 737/737/737
f 739/739/739 738/738/738 740/740/740
f 738/738/738 737/737/737 736/736/736
f 725/725/725 734/734/734 733/733/733
f 734/734/734 725/725/725 727/727/727
f 725/725/725 737/737/737 729/729/729
f 737/737/737 725/725/725 733/733/733
f 729/729/729 739/739/739 730/730/730
f 739/739/739 729/729/729 737/737/737
f 741/741/741 742/742/742 743/743/743
f 742/742/742 741/741/741 744/744/744
f 745/745/745 744/744/744 741/741/741
f 744/744/744 745/745/745 746/746/746
f 747/747/747 746/746/746 745/745/745
f 746/746/746 747/747/747 748/748/748
f 749/749/749 748/748/748 747/747/747
f 748/748/748 749/749/749 750/750/750
f 751/751/751 752/752/752 753/753/753
f 752/752/752 751/751/751 754/754/754
f 743/743/743 754/754/754 751/751/751
f 754/754/754 743/743/743 742/742/742
f 710/710/710 709/709/709 755/755/755
f 725/725/725 756/756/756 726/726/726
f 729/729/729 756/756/756 725/725/725
f 728/728/728 756/756/756 729/729/729
f 755/755/755 757/757/757 710/710/710
f 758/758/758 718/718/718 759/759/759
f 720/720/720 759/759/759 718/718/718
f 723/723/723 721/721/721 758/758/758
f 718/718/718 758/758/758 721/721/721
f 760/760/760 761/761/761 762/762/762
f 763/763/763 760/760/760 762/762/762
f 762/762/762 764/764/764 765/765/765
f 764/764/764 762/762/762 761/761/761
f 766/766/766 767/767/767 765/765/765
f 766/766/766 765/765/765 764/764/764
f 768/768/768 769/769/769 770/770/770
f 771/771/771 772/772/772 773/773/773
f 774/774/774 771/771/771 775/775/775
f 776/776/776 774/774/774 777/777/777
f 769/769/769 776/776/776 778/778/778
f 768/768/768 776/776/776 769/769/769
f 779/779/779 776/776/776 768/768/768
f 779/779/779 774/774/774 776/776/776
f 780/780/780 769/769/769 781/781/781
f 780/780/780 770/770/770 769/769/769
f 772/772/772 780/780/780 782/782/782
f 772/772/772 770/770/770 780/780/780
f 772/772/772 783/783/783 770/770/770
f 771/771/771 783/783/783 772/772/772
f 774/774/774 783/783/783 771/771/771
f 774/774/774 779/779/779 783/783/783
f 784/784/784 770/770/770 785/785/785
f 770/770/770 784/784/784 768/768/768
f 786/786/786 772/772/772 787/787/787
f 772/772/772 786/786/786 773/773/773
f 788/788/788 775/775/775 789/789/789
f 775/775/775 788/788/788 774/774/774
f 790/790/790 777/777/777 791/791/791
f 777/777/777 790/790/790 776/776/776
f 791/791/791 774/774/774 788/788/788
f 774/774/774 791/791/791 777/777/777
f 792/792/792 778/778/778 793/793/793
f 778/778/778 792/792/792 769/769/769
f 793/793/793 776/776/776 790/790/790
f 776/776/776 793/793/793 778/778/778
f 794/794/794 768/768/768 784/784/784
f 768/768/768 794/794/794 779/779/779
f 795/795/795 781/781/781 796/796/796
f 781/781/781 795/795/795 780/780/780
f 796/796/796 769/769/769 792/792/792
f 769/769/769 796/796/796 781/781/781
f 787/787/787 782/782/782 797/797/797
f 782/782/782 787/787/787 772/772/772
f 797/797/797 780/780/780 795/795/795
f 780/780/780 797/797/797 782/782/782
f 785/785/785 783/783/783 798/798/798
f 783/783/783 785/785/785 770/770/770
f 798/798/798 779/779/779 794/794/794
f 779/779/779 798/798/798 783/783/783
f 785/785/785 799/799/799 800/800/800
f 801/801/801 802/802/802 803/803/803
f 804/804/804 803/803/803 805/805/805
f 806/806/806 805/805/805 807/807/807
f 808/808/808 807/807/807 799/799/799
f 799/799/799 807/807/807 800/800/800
f 800/800/800 807/807/807 794/794/794
f 807/807/807 805/805/805 794/794/794
f 809/809/809 799/799/799 810/810/810
f 799/799/799 785/785/785 810/810/810
f 811/811/811 810/810/810 802/802/802
f 810/810/810 785/785/785 802/802/802
f 785/785/785 812/812/812 802/802/802
f 802/802/802 812/812/812 803/803/803
f 803/803/803 812/812/812 805/805/805
f 812/812/812 794/794/794 805/805/805
f 813/813/813 814/814/814 815/815/815
f 816/816/816 817/817/817 818/818/818
f 816/816/816 813/813/813 815/815/815
f 813/813/813 816/816/816 818/818/818
f 819/819/819 820/820/820 821/821/821
f 822/822/822 823/823/823 824/824/824
f 825/825/825 826/826/826 824/824/824
f 825/825/825 824/824/824 827/827/827
f 828/828/828 829/829/829 830/830/830
f 828/828/828 831/831/831 829/829/829
f 832/832/832 830/830/830 833/833/833
f 827/827/827 834/834/834 835/835/835
f 836/836/836 837/837/837 838/838/838
f 839/839/839 821/821/821 820/820/820
f 840/840/840 841/841/841 842/842/842
f 843/843/843 844/844/844 845/845/845
f 846/846/846 828/828/828 847/847/847
f 848/848/848 828/828/828 846/846/846
f 847/847/847 828/828/828 849/849/849
f 832/832/832 850/850/850 849/849/849
f 844/844/844 843/843/843 851/851/851
f 839/839/839 852/852/852 853/853/853
f 831/831/831 828/828/828 848/848/848
f 854/854/854 835/835/835 855/855/855
f 834/834/834 856/856/856 855/855/855
f 840/840/840 842/842/842 857/857/857
f 857/857/857 842/842/842 858/858/858
f 841/841/841 856/856/856 834/834/834
f 856/856/856 841/841/841 840/840/840
f 855/855/855 856/856/856 854/854/854
f 859/859/859 860/860/860 851/851/851
f 835/835/835 834/834/834 855/855/855
f 859/859/859 861/861/861 860/860/860
f 835/835/835 825/825/825 827/827/827
f 826/826/826 822/822/822 824/824/824
f 858/858/858 842/842/842 862/862/862
f 833/833/833 863/863/863 832/832/832
f 863/863/863 850/850/850 832/832/832
f 830/830/830 832/832/832 828/828/828
f 828/828/828 832/832/832 849/849/849
f 839/839/839 853/853/853 821/821/821
f 819/819/819 821/821/821 853/853/853
f 819/819/819 864/864/864 820/820/820
f 865/865/865 866/866/866 867/867/867
f 868/868/868 869/869/869 870/870/870
f 871/871/871 872/872/872 873/873/873
f 871/871/871 837/837/837 872/872/872
f 859/859/859 874/874/874 861/861/861
f 875/875/875 830/830/830 829/829/829
f 875/875/875 829/829/829 831/831/831
f 876/876/876 833/833/833 830/830/830
f 837/837/837 877/877/877 878/878/878
f 879/879/879 880/880/880 819/819/819
f 839/839/839 820/820/820 864/864/864
f 881/881/881 882/882/882 883/883/883
f 884/884/884 881/881/881 883/883/883
f 845/845/845 884/884/884 883/883/883
f 885/885/885 886/886/886 887/887/887
f 843/843/843 845/845/845 888/888/888
f 846/846/846 847/847/847 875/875/875
f 848/848/848 846/846/846 875/875/875
f 847/847/847 849/849/849 875/875/875
f 876/876/876 849/849/849 850/850/850
f 889/889/889 890/890/890 891/891/891
f 839/839/839 880/880/880 852/852/852
f 831/831/831 848/848/848 875/875/875
f 859/859/859 892/892/892 893/893/893
f 894/894/894 890/890/890 889/889/889
f 895/895/895 896/896/896 897/897/897
f 897/897/897 898/898/898 899/899/899
f 845/845/845 883/883/883 888/888/888
f 843/843/843 888/888/888 900/900/900
f 901/901/901 894/894/894 889/889/889
f 889/889/889 895/895/895 901/901/901
f 900/900/900 892/892/892 843/843/843
f 902/902/902 891/891/891 890/890/890
f 902/902/902 890/890/890 894/894/894
f 859/859/859 893/893/893 874/874/874
f 877/877/877 837/837/837 871/871/871
f 861/861/861 874/874/874 903/903/903
f 874/874/874 868/868/868 903/903/903
f 903/903/903 868/868/868 870/870/870
f 904/904/904 866/866/866 865/865/865
f 905/905/905 906/906/906 887/887/887
f 833/833/833 876/876/876 907/907/907
f 907/907/907 876/876/876 850/850/850
f 830/830/830 875/875/875 876/876/876
f 875/875/875 849/849/849 876/876/876
f 839/839/839 864/864/864 880/880/880
f 819/819/819 880/880/880 864/864/864
f 902/902/902 908/908/908 909/909/909
f 908/908/908 902/902/902 894/894/894
f 901/901/901 895/895/895 897/897/897
f 885/885/885 878/878/878 910/910/910
f 909/909/909 866/866/866 904/904/904
f 909/909/909 908/908/908 866/866/866
f 897/897/897 896/896/896 898/898/898
f 885/885/885 887/887/887 911/911/911
f 873/873/873 872/872/872 912/912/912
f 886/886/886 905/905/905 887/887/887
f 853/853/853 879/879/879 819/819/819
f 836/836/836 872/872/872 837/837/837
f 886/886/886 885/885/885 910/910/910
f 838/838/838 885/885/885 911/911/911
f 913/913/913 914/914/914 915/915/915
f 913/913/913 915/915/915 916/916/916
f 917/917/917 918/918/918 919/919/919
f 917/917/917 919/919/919 920/920/920
f 921/921/921 922/922/922 923/923/923
f 922/922/922 921/921/921 924/924/924
f 925/925/925 926/926/926 927/927/927
f 926/926/926 925/925/925 928/928/928
f 929/929/929 930/930/930 931/931/931
f 930/930/930 929/929/929 932/932/932
f 933/933/933 934/934/934 935/935/935
f 934/934/934 933/933/933 936/936/936
f 937/937/937 938/938/938 939/939/939
f 938/938/938 937/937/937 940/940/940
f 941/941/941 942/942/942 943/943/943
f 942/942/942 941/941/941 944/944/944
f 945/945/945 946/946/946 947/947/947
f 946/946/946 945/945/945 948/948/948
f 949/949/949 950/950/950 951/951/951
f 950/950/950 949/949/949 952/952/952
f 953/953/953 954/954/954 955/955/955
f 954/954/954 953/953/953 956/956/956
f 957/957/957 958/958/958 959/959/959
f 958/958/958 957/957/957 960/960/960
f 961/961/961 962/962/962 963/963/963
f 963/963/963 964/964/964 961/961/961
f 965/965/965 966/966/966 967/967/967
f 967/967/967 968/968/968 965/965/965
f 969/969/969 970/970/970 971/971/971
f 971/971/971 972/972/972 969/969/969
f 973/973/973 974/974/974 975/975/975
f 975/975/975 976/976/976 973/973/973
f 977/977/977 978/978/978 979/979/979
f 979/979/979 980/980/980 977/977/977
f 981/981/981 982/982/982 983/983/983
f 983/983/983 984/984/984 981/981/981
f 985/985/985 986/986/986 987/987/987
f 987/987/987 988/988/988 985/985/985
f 989/989/989 990/990/990 991/991/991
f 991/991/991 992/992/992 989/989/989
f 993/993/993 994/994/994 995/995/995
f 995/995/995 996/996/996 993/993/993
f 997/997/997 998/998/998 999/999/999
f 999/999/999 1000/1000/1000 997/997/997
f 50/50/50 45/45/45 44/44/44
f 44/44/44 41/41/41 50/50/50
f 438/438/438 467/467/467 462/462/462
f 467/467/467 438/438/438 455/455/455
