mtllib 0701000000.mtl
o 0701000000_part_0
v 1.91020548 1.69750452 -0.8985091
v 0.9306695 1.72473371 -1.36556125
v 0.9306695 1.92625773 -1.36556125
v 1.91020548 1.8990289 -0.8985091
v 1.55377781 2.55123377 -0.119346336
v 1.78325629 1.8990289 -0.737890065
v 1.1314733 2.60396338 -0.7010564
v 0.845315 3.00569272 -0.130071163
v 1.99232233 1.77389169 -0.141920254
v 2.177501 1.69864416 -0.140011981
v 2.177501 1.49712 -0.140011981
v 0.8960748 1.92625773 -1.131129
v 0.8960748 1.92625773 -1.131129
v 1.78325629 1.8990289 -0.737890065
v 1.91020548 1.8990289 -0.8985091
v 0.9306695 1.92625773 -1.36556125
v 1.99232233 1.77389169 -0.141920254
v 2.177501 1.69864416 -0.140011981
v 4.197391E-07 2.69075751 -0.706357
v 3.3576427E-07 3.07503176 -0.130071223
v 5.618211E-07 1.72473347 -1.36556137
v 5.442032E-07 1.92625761 -1.36556137
v 5.23708536E-07 1.92625761 -1.13112915
v 5.442032E-07 1.92625761 -1.36556137
v 5.23708536E-07 1.92625761 -1.13112915
v 0.9306698 1.92625773 1.33327293
v 0.930669 1.72473371 1.33327329
v 1.91020548 1.69750452 0.86622113
v 1.91020548 1.8990289 0.86622113
v 1.13147378 2.60396338 0.668768346
v 1.78325665 1.8990289 0.70560205
v 1.55377781 2.55123377 0.0870582759
v 0.845315456 3.00569272 0.09778278
v 1.99232185 1.77389169 0.109632276
v 2.1775012 1.69864416 0.10772422
v 2.1775012 1.49712 0.10772422
v 0.896074355 1.92625773 1.09884071
v 1.91020548 1.8990289 0.86622113
v 1.78325665 1.8990289 0.70560205
v 0.896074355 1.92625773 1.09884071
v 0.9306698 1.92625773 1.33327293
v 2.1775012 1.69864416 0.10772422
v 1.99232185 1.77389169 0.109632276
v 1.23220718 3.12302971 -0.125945136
v 1.23220718 3.12302923 0.09365683
v 1.6034193 2.81774235 0.09108874
v 1.60341918 2.81774235 -0.123376973
v 2.465974 1.82799411 0.109632321
v 2.46597457 1.82799423 -0.141920209
v 1.82230687 2.24844575 -0.128040954
v 1.82230687 2.24844551 0.09575293
v 2.16087127 1.17783821 0.10772422
v 2.16087127 1.17783821 -0.140011981
v 2.46982813 1.40744662 -0.140011951
v 2.469828 1.40744662 0.107724249
v 1.82230687 2.24844551 0.09575293
v 1.55377781 2.55123377 0.0870582759
v 1.99232185 1.77389169 0.109632276
v 2.465974 1.82799411 0.109632321
v 2.1775012 1.69864416 0.10772422
v 2.469828 1.40744662 0.107724249
v 2.1775012 1.49712 0.10772422
v 2.16087127 1.17783821 0.10772422
v 2.16087127 1.17783821 0.10772422
v 2.1775012 1.49712 0.10772422
v 2.177501 1.49712 -0.140011981
v 2.16087127 1.17783821 -0.140011981
v 3.1584463E-07 3.07503176 0.09778271
v 2.848046E-07 2.79118681 0.736684263
v -7.615719E-08 1.92625761 1.33327281
v 3.25881444E-07 1.72473347 1.33327317
v -5.56624826E-08 1.92625761 1.09884071
v -5.56624826E-08 1.92625761 1.09884071
v -7.615719E-08 1.92625761 1.33327281
v 0.815514565 3.07281351 -0.130071357
v 0.2827496 3.14215255 -0.1300714
v 0.282749563 3.142152 0.09778274
v 0.815514565 3.07281351 0.09778278
v 1.23220718 3.12302923 0.09365683
v 0.815514565 3.07281351 0.09778278
v 0.845315456 3.00569272 0.09778278
v 0.282749563 3.142152 0.09778274
v 3.1584463E-07 3.07503176 0.09778271
v 1.6034193 2.81774235 0.09108874
v 0.815514565 3.07281351 -0.130071357
v 1.23220718 3.12302971 -0.125945136
v 0.845315 3.00569272 -0.130071163
v 0.2827496 3.14215255 -0.1300714
v 3.3576427E-07 3.07503176 -0.130071223
v 1.60341918 2.81774235 -0.123376973
v 1.55377781 2.55123377 -0.119346336
v 1.82230687 2.24844575 -0.128040954
v -0.9306686 1.92625761 -1.36556137
v -0.9306686 1.72473323 -1.36556137
v -1.910204 1.69750357 -0.8985094
v -1.91020441 1.89902782 -0.8985094
v -1.131473 2.60396266 -0.7010567
v -1.78325522 1.89902806 -0.7378904
v -1.553777 2.551233 -0.119346604
v -0.845315 3.00569224 -0.1300713
v -1.99232125 1.77389085 -0.141920611
v -2.1775 1.69864321 -0.140012354
v -2.1775 1.49711907 -0.140012354
v -0.896073461 1.92625761 -1.13112915
v -1.91020441 1.89902782 -0.8985094
v -1.78325522 1.89902806 -0.7378904
v -0.896073461 1.92625761 -1.13112915
v -0.9306686 1.92625761 -1.36556137
v -2.1775 1.69864321 -0.140012354
v -1.99232125 1.77389085 -0.141920611
v -1.91020465 1.69750357 0.866220832
v -0.9306688 1.72473323 1.333273
v -0.9306688 1.92625761 1.3332727
v -1.91020465 1.89902782 0.866220832
v -1.553777 2.551233 0.087058
v -1.78325546 1.89902806 0.7056017
v -1.131473 2.60396266 0.6687681
v -0.8453151 3.00569224 0.0977826342
v -1.99232125 1.77389073 0.109631918
v -2.1775 1.69864321 0.10772384
v -2.1775 1.49711907 0.10772384
v -0.896074 1.92625761 1.09884059
v -0.896074 1.92625761 1.09884059
v -1.78325546 1.89902806 0.7056017
v -1.91020465 1.89902782 0.866220832
v -0.9306688 1.92625761 1.3332727
v -1.99232125 1.77389073 0.109631918
v -2.1775 1.69864321 0.10772384
v -1.60341871 2.81774163 0.09108845
v -1.232207 3.12302876 0.0936566144
v -1.232207 3.123029 -0.125945359
v -1.60341918 2.81774163 -0.123377264
v -1.822306 2.248445 -0.128041267
v -2.46597338 1.82799339 -0.141920641
v -2.46597338 1.82799327 0.109631881
v -1.822306 2.2484448 0.09575261
v -2.4698267 1.40744555 -0.140012383
v -2.16087 1.17783737 -0.140012354
v -2.16087 1.17783737 0.10772384
v -2.469827 1.40744555 0.107723817
v -1.99232125 1.77389073 0.109631918
v -1.553777 2.551233 0.087058
v -1.822306 2.2484448 0.09575261
v -2.46597338 1.82799327 0.109631881
v -2.1775 1.69864321 0.10772384
v -2.469827 1.40744555 0.107723817
v -2.1775 1.49711907 0.10772384
v -2.16087 1.17783737 0.10772384
v -2.1775 1.49711907 -0.140012354
v -2.1775 1.49711907 0.10772384
v -2.16087 1.17783737 0.10772384
v -2.16087 1.17783737 -0.140012354
v -0.2827493 3.142152 0.0977826938
v -0.2827493 3.14215255 -0.130071446
v -0.8155148 3.072813 -0.130071491
v -0.8155148 3.072813 0.09778264
v -1.232207 3.12302876 0.0936566144
v -0.8453151 3.00569224 0.0977826342
v -0.8155148 3.072813 0.09778264
v -0.2827493 3.142152 0.0977826938
v -1.60341871 2.81774163 0.09108845
v 1.54312825 1.70527971 -0.0161439329
v 1.54312813 1.70527971 0.954045951
v 1.54312873 -0.0584967434 0.954045951
v 1.54312885 -0.0584968366 -0.0161439329
v -1.56147993 1.70527875 -0.0161442049
v -1.56147933 1.70527852 -0.9863341
v -1.56147885 -0.0584978 -0.9863341
v -1.561479 -0.05849771 -0.0161442049
v 0.282749563 3.142152 0.09778274
v -0.2827493 3.14215255 -0.130071446
v -0.00137286459 3.40818429 0.09778271
v -0.0013728448 3.40818477 -0.130071416
v -0.238745809 3.32558918 -0.130071446
v -0.238745838 3.325589 0.0977826938
v 0.236000508 3.32558918 -0.1300714
v 0.236000478 3.325589 0.09778273
v 0.282749563 3.142152 0.09778274
v 0.2827496 3.14215255 -0.1300714
v -0.238745838 3.325589 0.0977826938
v -0.238745809 3.32558918 -0.130071446
v -0.2827493 3.14215255 -0.130071446
v -0.2827493 3.142152 0.0977826938
v -0.00137286459 3.40818429 0.09778271
v -0.238745838 3.325589 0.0977826938
v 0.236000478 3.325589 0.09778273
v -0.0013728448 3.40818477 -0.130071416
v 0.236000508 3.32558918 -0.1300714
v -0.238745809 3.32558918 -0.130071446
v 1.54312813 1.70527971 0.954045951
v 0.396871477 1.70527935 0.954045832
v 0.396872 -0.058497034 0.954045832
v 1.54312873 -0.0584967434 0.954045951
v -1.03313863 0.512083948 0.901444256
v -1.03313863 0.512083948 0.9540458
v -0.3864671 0.5120841 0.9540458
v 0.2768258 0.512084365 0.954045832
v 0.276825815 0.512084365 0.901444256
v -1.03313863 0.512083948 0.9540458
v -1.03313863 0.512083948 0.901444256
v -1.03313875 1.13469756 0.901444137
v -1.03313875 1.13469756 0.9540458
v 0.276825339 1.13469791 0.954045832
v 0.276825339 1.13469791 0.901444256
v 0.276825815 0.512084365 0.901444256
v 0.2768258 0.512084365 0.954045832
v -0.3864671 0.5120841 0.9540458
v -0.38646704 -0.05849732 0.9540458
v 0.396872 -0.058497034 0.954045832
v -0.386467546 1.70527911 0.9540458
v -0.386467516 1.13469779 0.9540458
v 0.276825339 1.13469791 0.954045832
v 0.396871477 1.70527935 0.954045832
v 0.2768258 0.512084365 0.954045832
v -1.56147993 1.70527875 0.954045653
v -1.03313863 0.512083948 0.9540458
v -1.56147945 -0.05849761 0.954045653
v -1.03313875 1.13469756 0.9540458
v 1.54312825 1.70527947 -0.9863339
v 1.54312909 -0.05849689 -0.9863339
v -1.56147993 1.70527875 0.954045653
v -1.56147945 -0.05849761 0.954045653
v 0.4753644 2.31162524 1.1924243
v 0.08100814 2.368678 1.12148809
v 0.0810081139 2.22577214 1.56100583
v 0.48285076 2.06416345 1.479432
v 0.5579505 2.11148572 1.08377659
v 0.08100816 2.22106528 0.9820981
v 0.4788182 1.83812082 1.50706327
v 0.08100815 1.799289 1.58719361
v 0.08100818 1.66949141 1.34943712
v 0.473493636 1.77755678 1.316499
v 0.9102813 2.15695262 1.54790282
v 0.9102813 2.36867857 1.121488
v 0.9102814 2.22106528 0.982098162
v 0.9102811 1.799289 1.58719385
v 0.9102813 1.66949141 1.34943724
v 1.368525 2.128322 1.26142538
v 1.368525 2.03968358 1.37698531
v 1.368525 1.98956275 1.21597147
v 1.36852467 1.95871782 1.3741256
v 1.36852479 1.93702412 1.30586743
v 1.46965289 1.98956251 1.21597135
v 1.46965289 2.128322 1.26142514
v 1.46965289 2.039683 1.37698531
v 1.46965241 1.95871735 1.37412548
v 1.46965265 1.937024 1.3058672
v 1.46965218 1.998317 1.25504375
v 1.46965289 2.039683 1.37698531
v 1.46965289 2.128322 1.26142514
v 1.368525 1.98956275 1.21597147
v 1.46965289 1.98956251 1.21597135
v 1.36852443 1.99831736 1.25504386
v 1.368525 1.98956275 1.21597147
v 1.46965265 1.937024 1.3058672
v 1.46965241 1.95871735 1.37412548
v 1.36852479 1.93702412 1.30586743
v -0.313348085 2.31162524 1.192424
v -0.3208347 2.06416345 1.47943187
v -0.395933956 2.11148572 1.08377659
v -0.316802084 1.83812082 1.50706315
v -0.311477065 1.75188553 1.30631316
v -0.748264968 2.15695286 1.54790258
v -0.748264968 2.36867881 1.12148774
v -0.7482649 2.22106552 0.982098
v -0.748264551 1.79928911 1.58719337
v -0.7482649 1.66949165 1.34943676
v -1.20650816 2.128322 1.2614249
v -1.20650887 2.03968358 1.37698531
v -1.20650887 1.98956275 1.21597111
v -1.20650852 1.95871782 1.37412536
v -1.20650887 1.93702412 1.3058672
v -1.307637 1.98956251 1.21597123
v -1.30763614 1.998317 1.25504363
v -1.3076365 1.937024 1.305867
v -1.30763614 1.95871758 1.37412536
v -1.3076365 2.03968334 1.37698519
v -1.30763614 2.12832165 1.26142478
v -1.3076365 2.03968334 1.37698519
v -1.30763614 2.12832165 1.26142478
v -1.20650887 1.98956275 1.21597111
v -1.307637 1.98956251 1.21597123
v -1.20650887 1.98956275 1.21597111
v -1.20650816 1.99831736 1.25504363
v -1.3076365 1.937024 1.305867
v -1.30763614 1.95871758 1.37412536
v -1.20650887 1.93702412 1.3058672
v 0.270864457 1.18483484 1.83283782
v -1.07861471 1.18483484 1.83283782
v -1.07861459 1.105925 1.83154821
v 0.270864457 1.10592508 1.83154833
v 0.2708645 1.45548785 0.9814763
v -1.07861459 1.45548773 0.981476247
v -0.8155148 3.072813 -0.130071491
v -0.845315 3.00569224 -0.1300713
v -1.232207 3.123029 -0.125945359
v -0.2827493 3.14215255 -0.130071446
v -1.553777 2.551233 -0.119346604
v -1.60341918 2.81774163 -0.123377264
v -1.822306 2.248445 -0.128041267
v -1.09346282 0.214011818 1.55740643
v -0.385396868 0.214011744 1.55740631
v -0.3853968 0.447230071 0.9409532
v -1.09346282 0.447230071 0.940952957
v 0.284528762 0.214011714 1.55740631
v 0.284528822 0.447230071 0.9409532
v -1.09346282 -0.06485554 1.55740654
v -0.385396838 -0.06485554 1.55740643
v -0.385396868 0.214011744 1.55740631
v -1.09346282 0.214011818 1.55740643
v 0.2845288 -0.0648555458 1.55740654
v 0.284528762 0.214011714 1.55740631
v 0.2845285 -0.06485557 0.940953255
v 0.284528822 0.447230071 0.9409532
v -1.09346282 -0.06485557 0.9409532
v -1.09346282 0.447230071 0.940952957
v 1.54122746 0.384624183 0.8531163
v 1.61832976 0.384624183 0.8531163
v 1.61832976 0.384624183 0.782182157
v 1.54122746 0.384624183 0.782182157
v 1.54122722 -0.05942138 0.8531163
v 1.61832976 -0.05942138 0.8531163
v 1.61832976 0.384624183 0.8531163
v 1.54122746 0.384624183 0.8531163
v 1.61832976 -0.05942138 0.8531163
v 1.61832976 -0.05942138 0.782182157
v 1.61832976 0.384624183 0.782182157
v 1.61832976 0.384624183 0.8531163
v 1.61832976 -0.05942138 0.782182157
v 1.54122734 -0.05942138 0.782182157
v 1.54122746 0.384624183 0.782182157
v 1.61832976 0.384624183 0.782182157
v 1.54122746 0.384624183 0.0330173448
v 1.61832976 0.384624183 0.0330173522
v 1.61832976 0.384624183 -0.0379167534
v 1.54122746 0.384624183 -0.0379167646
v 1.54122734 -0.05942138 0.0330173448
v 1.61832976 -0.05942138 0.0330173522
v 1.61832976 0.384624183 0.0330173522
v 1.54122746 0.384624183 0.0330173448
v 1.61832976 -0.05942138 0.0330173522
v 1.61832976 -0.05942138 -0.0379167534
v 1.61832976 0.384624183 -0.0379167534
v 1.61832976 0.384624183 0.0330173522
v 1.61832976 -0.05942138 -0.0379167534
v 1.54122734 -0.05942138 -0.0379167646
v 1.54122746 0.384624183 -0.0379167646
v 1.61832976 0.384624183 -0.0379167534
v 1.54122758 0.384624183 -0.823868
v 1.61832976 0.384624183 -0.823868
v 1.61832976 0.384624183 -0.894802034
v 1.54122758 0.384624183 -0.894802034
v 1.54122746 -0.05942138 -0.823868
v 1.61832976 -0.05942138 -0.823868
v 1.61832976 0.384624183 -0.823868
v 1.54122758 0.384624183 -0.823868
v 1.61832976 -0.05942138 -0.823868
v 1.61833 -0.05942138 -0.894802034
v 1.61832976 0.384624183 -0.894802034
v 1.61832976 0.384624183 -0.823868
v 1.61833 -0.05942138 -0.894802034
v 1.54122746 -0.05942138 -0.894802034
v 1.54122758 0.384624183 -0.894802034
v 1.61832976 0.384624183 -0.894802034
v 1.57966173 0.329801619 0.008070933
v 1.57966161 0.329801679 0.8094045
v 1.57966161 0.0385616124 0.8094045
v 1.57966173 0.0385615863 0.008070933
v 1.57966185 0.329801619 -0.8306068
v 1.57966173 0.329801679 -0.02927344
v 1.57966173 0.0385615863 -0.02927344
v 1.57966185 0.03856156 -0.8306068
v -1.16478407 0.384624183 1.56465626
v -1.16478407 0.384624183 1.64175856
v -1.09385 0.384624183 1.64175856
v -1.09385 0.384624183 1.56465626
v -1.16478431 -0.05942137 1.564656
v -1.16478431 -0.05942137 1.64175856
v -1.16478407 0.384624183 1.64175856
v -1.16478407 0.384624183 1.56465626
v -1.16478431 -0.05942137 1.64175856
v -1.09385026 -0.05942137 1.64175856
v -1.09385 0.384624183 1.64175856
v -1.16478407 0.384624183 1.64175856
v -1.09385026 -0.05942137 1.64175856
v -1.09385026 -0.05942137 1.564656
v -1.09385 0.384624183 1.56465626
v -1.09385 0.384624183 1.64175856
v -0.4146836 0.3298016 1.61380577
v -1.1111325 0.329801619 1.61380577
v -1.11113238 0.03856156 1.61380577
v -0.4146836 0.03856156 1.61380577
v -1.16478407 0.384624183 1.56465626
v -1.09385 0.384624183 1.56465626
v -1.09385026 -0.05942137 1.564656
v -1.16478431 -0.05942137 1.564656
v -0.43090114 0.384624183 1.56465626
v -0.43090114 0.384624183 1.64175856
v -0.359967083 0.384624183 1.64175856
v -0.359967053 0.384624183 1.56465626
v -0.4309015 -0.0594213679 1.564656
v -0.430901557 -0.0594213679 1.64175856
v -0.43090114 0.384624183 1.64175856
v -0.43090114 0.384624183 1.56465626
v -0.430901557 -0.0594213679 1.64175856
v -0.3599674 -0.0594213679 1.64175856
v -0.359967083 0.384624183 1.64175856
v -0.43090114 0.384624183 1.64175856
v -0.3599674 -0.0594213679 1.64175856
v -0.3599674 -0.0594213679 1.564656
v -0.359967053 0.384624183 1.56465626
v -0.359967083 0.384624183 1.64175856
v -0.43090114 0.384624183 1.56465626
v -0.359967053 0.384624183 1.56465626
v -0.3599674 -0.0594213679 1.564656
v -0.4309015 -0.0594213679 1.564656
v 0.3508637 0.329801559 1.613806
v -0.378764868 0.329801649 1.61380577
v -0.378764838 0.03856156 1.61380577
v 0.3508637 0.0385615267 1.613806
v 0.2820062 0.384624183 1.56465638
v 0.282006174 0.384624183 1.64175856
v 0.3529403 0.384624183 1.64175868
v 0.352940321 0.384624183 1.56465638
v 0.282005847 -0.0594213679 1.56465614
v 0.282005847 -0.0594213679 1.64175856
v 0.282006174 0.384624183 1.64175856
v 0.2820062 0.384624183 1.56465638
v 0.282005847 -0.0594213679 1.64175856
v 0.352939963 -0.0594213679 1.64175868
v 0.3529403 0.384624183 1.64175868
v 0.282006174 0.384624183 1.64175856
v 0.352939963 -0.0594213679 1.64175868
v 0.352939963 -0.0594213679 1.56465614
v 0.352940321 0.384624183 1.56465638
v 0.3529403 0.384624183 1.64175868
v 0.2820062 0.384624183 1.56465638
v 0.352940321 0.384624183 1.56465638
v 0.352939963 -0.0594213679 1.56465614
v 0.282005847 -0.0594213679 1.56465614
v 0.285804719 0.384624183 0.964082658
v 0.285804719 0.384624183 1.041185
v 0.356738836 0.384624183 1.041185
v 0.356738836 0.384624183 0.964082658
v 0.285804361 -0.0594213679 1.041185
v 0.356738448 -0.0594213679 1.041185
v 0.356738836 0.384624183 1.041185
v 0.285804719 0.384624183 1.041185
v 0.356738448 -0.0594213679 1.041185
v 0.356738448 -0.0594213679 0.964082539
v 0.356738836 0.384624183 0.964082658
v 0.356738836 0.384624183 1.041185
v -1.1718812 0.384624183 0.954521656
v -1.1718812 0.384624183 1.03162408
v -1.100947 0.384624183 1.03162408
v -1.100947 0.384624183 0.954521656
v -1.17188156 -0.05942137 0.9545215
v -1.17188156 -0.05942137 1.03162408
v -1.1718812 0.384624183 1.03162408
v -1.1718812 0.384624183 0.954521656
v -1.17188156 -0.05942137 1.03162408
v -1.1009475 -0.05942137 1.03162408
v -1.100947 0.384624183 1.03162408
v -1.1718812 0.384624183 1.03162408
v -1.14389968 0.329801619 1.6008426
v -1.14389956 0.329801679 1.020584
v -1.14389956 0.03856155 1.020584
v -1.14389956 0.03856155 1.6008426
v 0.320478737 0.03856155 1.020584
v 0.3204787 0.329801679 1.020584
v 0.320478648 0.329801619 1.6008426
v 0.320478678 0.03856155 1.6008426
v -1.56000173 0.384624183 0.782181859
v -1.63710415 0.384624183 0.782181859
v -1.63710415 0.384624183 0.853116
v -1.56000173 0.384624183 0.853116
v -1.56000173 -0.0594213866 0.782181859
v -1.63710415 -0.0594213866 0.782181859
v -1.63710415 0.384624183 0.782181859
v -1.56000173 0.384624183 0.782181859
v -1.63710415 -0.0594213866 0.782181859
v -1.63710415 -0.0594213866 0.853116
v -1.63710415 0.384624183 0.853116
v -1.63710415 0.384624183 0.782181859
v -1.63710415 -0.0594213866 0.853116
v -1.56000173 -0.0594213866 0.853116
v -1.56000173 0.384624183 0.853116
v -1.63710415 0.384624183 0.853116
v -1.560002 0.384624183 -0.0379174165
v -1.63710451 0.384624183 -0.037917424
v -1.63710451 0.384624183 0.0330166854
v -1.560002 0.384624183 0.03301669
v -1.560002 -0.0594213866 -0.0379174165
v -1.63710451 -0.0594213866 -0.037917424
v -1.63710451 0.384624183 -0.037917424
v -1.560002 0.384624183 -0.0379174165
v -1.63710451 -0.0594213866 -0.037917424
v -1.63710415 -0.0594213866 0.0330166854
v -1.63710451 0.384624183 0.0330166854
v -1.63710451 0.384624183 -0.037917424
v -1.63710415 -0.0594213866 0.0330166854
v -1.56000173 -0.0594213866 0.03301669
v -1.560002 0.384624183 0.03301669
v -1.63710451 0.384624183 0.0330166854
v -1.560002 0.384624183 -0.8948031
v -1.63710451 0.384624183 -0.8948031
v -1.63710451 0.384624183 -0.823869
v -1.560002 0.384624183 -0.823869
v -1.56000161 -0.0594213866 -0.8948031
v -1.63710392 -0.0594213866 -0.8948031
v -1.63710451 0.384624183 -0.8948031
v -1.560002 0.384624183 -0.8948031
v -1.63710392 -0.0594213866 -0.8948031
v -1.63710415 -0.0594213866 -0.823869
v -1.63710451 0.384624183 -0.823869
v -1.63710451 0.384624183 -0.8948031
v -1.63710415 -0.0594213866 -0.823869
v -1.56000161 -0.0594213866 -0.823869
v -1.560002 0.384624183 -0.823869
v -1.63710451 0.384624183 -0.823869
v -1.61794615 0.329801649 0.809404
v -1.61794615 0.329801679 0.008070461
v -1.61794615 0.0385615975 0.008070461
v -1.61794579 0.03856157 0.809404
v -1.61794651 0.329801649 -0.0292737223
v -1.61794651 0.329801679 -0.8306071
v -1.61794615 0.03856157 -0.8306071
v -1.61794615 0.03856155 -0.0292737223
v 0.3968728 -0.05849723 -0.9863339
v 0.396872222 1.70527911 -0.9863339
v 1.54312825 1.70527947 -0.9863339
v 1.54312909 -0.05849689 -0.9863339
v -1.03313816 0.512083769 -0.933732569
v 0.276826352 0.5120841 -0.933732033
v 0.276826352 0.5120841 -0.9863339
v -0.386466533 0.512083948 -0.986333966
v -1.03313816 0.512083769 -0.986333966
v -1.03313828 1.1346972 -0.933732152
v -1.03313816 0.512083769 -0.933732569
v -1.03313816 0.512083769 -0.986333966
v -1.03313828 1.1346972 -0.986333966
v 0.276826352 0.5120841 -0.933732033
v 0.276825875 1.13469779 -0.933732033
v 0.276825875 1.13469779 -0.9863339
v 0.276826352 0.5120841 -0.9863339
v 0.3968728 -0.05849723 -0.9863339
v -0.386466444 -0.058497522 -0.986333966
v -0.386466533 0.512083948 -0.986333966
v 0.276826352 0.5120841 -0.9863339
v 0.276825875 1.13469779 -0.9863339
v -0.38646695 1.13469768 -0.986333966
v -0.386467 1.70527887 -0.986333966
v 0.396872222 1.70527911 -0.9863339
v -1.56147933 1.70527852 -0.9863341
v -1.03313828 1.1346972 -0.986333966
v -1.03313816 0.512083769 -0.986333966
v -1.56147885 -0.0584978 -0.9863341
v -0.385396659 0.447230071 -0.988814354
v -0.3853962 0.214011744 -1.60526741
v -1.09346187 0.214011878 -1.60526776
v -1.09346223 0.447230071 -0.988814354
v 0.2845294 0.447230071 -0.988814235
v 0.284529835 0.214011744 -1.60526729
v -0.3853962 0.214011744 -1.60526741
v -0.385396183 -0.0648555 -1.60526741
v -1.09346211 -0.06485553 -1.60526776
v -1.09346187 0.214011878 -1.60526776
v 0.284529835 0.214011744 -1.60526729
v 0.284529448 -0.06485553 -1.60526729
v 0.2845294 0.447230071 -0.988814235
v 0.28452903 -0.06485555 -0.988814235
v -1.09346223 -0.06485555 -0.988814354
v -1.09346223 0.447230071 -0.988814354
v -1.09384942 0.384624183 -1.68961966
v -1.16478348 0.384624183 -1.68961966
v -1.16478348 0.384624183 -1.6125176
v -1.09384942 0.384624183 -1.6125176
v -1.16478348 0.384624183 -1.68961966
v -1.16478372 -0.05942137 -1.68961966
v -1.16478372 -0.05942138 -1.61251724
v -1.16478348 0.384624183 -1.6125176
v -1.09384942 0.384624183 -1.68961966
v -1.09384966 -0.05942137 -1.68961966
v -1.16478372 -0.05942137 -1.68961966
v -1.16478348 0.384624183 -1.68961966
v -1.09384942 0.384624183 -1.6125176
v -1.09384966 -0.05942138 -1.61251724
v -1.09384966 -0.05942137 -1.68961966
v -1.09384942 0.384624183 -1.68961966
v -1.11113167 0.0385615863 -1.661667
v -1.11113179 0.329801619 -1.661667
v -0.414682925 0.3298016 -1.661667
v -0.414682925 0.03856155 -1.661667
v -1.09384966 -0.05942138 -1.61251724
v -1.09384942 0.384624183 -1.6125176
v -1.16478348 0.384624183 -1.6125176
v -1.16478372 -0.05942138 -1.61251724
v -0.3599664 0.384624183 -1.68961966
v -0.430900484 0.384624183 -1.68961966
v -0.430900484 0.384624183 -1.61251724
v -0.3599664 0.384624183 -1.61251724
v -0.430900484 0.384624183 -1.68961966
v -0.430900842 -0.0594213866 -1.68961966
v -0.4309009 -0.0594213866 -1.61251724
v -0.430900484 0.384624183 -1.61251724
v -0.3599664 0.384624183 -1.68961966
v -0.359966725 -0.0594213866 -1.68961966
v -0.430900842 -0.0594213866 -1.68961966
v -0.430900484 0.384624183 -1.68961966
v -0.3599664 0.384624183 -1.61251724
v -0.359966725 -0.0594213866 -1.61251724
v -0.359966725 -0.0594213866 -1.68961966
v -0.3599664 0.384624183 -1.68961966
v -0.359966725 -0.0594213866 -1.61251724
v -0.3599664 0.384624183 -1.61251724
v -0.430900484 0.384624183 -1.61251724
v -0.4309009 -0.0594213866 -1.61251724
v -0.378764153 0.03856157 -1.661667
v -0.378764182 0.329801649 -1.661667
v 0.350864351 0.329801559 -1.66166675
v 0.350864381 0.0385615 -1.66166675
v 0.352940977 0.384624183 -1.68961954
v 0.28200686 0.384624183 -1.68961966
v 0.28200686 0.384624183 -1.61251724
v 0.352940977 0.384624183 -1.612517
v 0.28200686 0.384624183 -1.68961966
v 0.282006532 -0.0594213679 -1.68961966
v 0.282006532 -0.05942137 -1.61251724
v 0.28200686 0.384624183 -1.61251724
v 0.352940977 0.384624183 -1.68961954
v 0.352940619 -0.0594213679 -1.68961954
v 0.282006532 -0.0594213679 -1.68961966
v 0.28200686 0.384624183 -1.68961966
v 0.352940977 0.384624183 -1.612517
v 0.352940619 -0.05942137 -1.612517
v 0.352940619 -0.0594213679 -1.68961954
v 0.352940977 0.384624183 -1.68961954
v 0.352940619 -0.05942137 -1.612517
v 0.352940977 0.384624183 -1.612517
v 0.28200686 0.384624183 -1.61251724
v 0.282006532 -0.05942137 -1.61251724
v 0.356738985 0.384624183 -1.08904576
v 0.2858049 0.384624183 -1.08904576
v 0.2858049 0.384624183 -1.01194358
v 0.356738985 0.384624183 -1.01194358
v 0.356738985 0.384624183 -1.08904576
v 0.356738657 -0.0594213679 -1.08904576
v 0.28580454 -0.0594213679 -1.08904576
v 0.2858049 0.384624183 -1.08904576
v 0.356738985 0.384624183 -1.01194358
v 0.356738657 -0.05942137 -1.01194334
v 0.356738657 -0.0594213679 -1.08904576
v 0.356738985 0.384624183 -1.08904576
v -1.1009469 0.384624183 -1.07948565
v -1.17188108 0.384624183 -1.07948565
v -1.17188108 0.384624183 -1.00238323
v -1.1009469 0.384624183 -1.00238323
v -1.17188108 0.384624183 -1.07948565
v -1.17188144 -0.05942138 -1.0794853
v -1.17188144 -0.05942138 -1.00238287
v -1.17188108 0.384624183 -1.00238323
v -1.1009469 0.384624183 -1.07948565
v -1.10094726 -0.05942138 -1.0794853
v -1.17188144 -0.05942138 -1.0794853
v -1.17188108 0.384624183 -1.07948565
v -1.14389932 0.03856155 -1.06844592
v -1.14389932 0.329801679 -1.06844556
v -1.14389908 0.329801619 -1.64870429
v -1.143899 0.03856155 -1.64870465
v 0.320479333 0.329801619 -1.64870334
v 0.3204789 0.329801679 -1.06844473
v 0.320478916 0.03856155 -1.06844473
v 0.320479363 0.03856155 -1.64870334
v 1.99232233 1.77389169 -0.141920254
v 2.46597457 1.82799423 -0.141920209
v 2.177501 1.69864416 -0.140011981
v 2.46982813 1.40744662 -0.140011951
v 2.177501 1.49712 -0.140011981
v 2.16087127 1.17783821 -0.140011981
v -1.99232125 1.77389085 -0.141920611
v -2.46597338 1.82799339 -0.141920641
v -2.1775 1.69864321 -0.140012354
v -2.4698267 1.40744555 -0.140012383
v -2.1775 1.49711907 -0.140012354
v -2.16087 1.17783737 -0.140012354
v -0.060095828 3.223744 0.09433945
v -0.08832577 3.223744 0.09200332
v -0.7964429 2.156953 1.52474546
v -0.74532795 2.156953 1.538537
v 0.009319049 3.23353982 0.09433946
v -0.0189108979 3.23353982 0.09200332
v 0.0585210361 2.23334169 1.53784859
v 0.109635942 2.23334169 1.55164027
v 0.08912867 3.223744 0.0900326
v 0.0608987249 3.223744 0.08769647
v 0.903960645 2.15628862 1.5472672
v 0.948420048 2.14809442 1.55388725
v 0.270864755 1.18483484 -1.83283842
v 0.270864755 1.10592508 -1.83154893
v -1.07861435 1.105925 -1.83154893
v -1.07861435 1.18483484 -1.83283842
v 0.270864636 1.45548785 -0.9814768
v -1.07861447 1.45548773 -0.9814769
v 1.29125643 -0.061263103 -1.44978559
v 0.471494436 -0.061263103 -1.44978571
v 0.471494436 -0.039808996 -1.44978571
v 1.29125643 -0.039808996 -1.44978559
v 0.471494347 -0.0612630844 -0.6931859
v 0.471494347 -0.0398089737 -0.6931859
v 0.471494436 -0.039808996 -1.44978571
v 0.471494436 -0.061263103 -1.44978571
v 0.471494347 -0.0398089737 -0.6931859
v 1.29125643 -0.0398089737 -0.6931857
v 1.29125643 -0.039808996 -1.44978559
v 1.29125643 -0.0612630844 -0.6931857
v 1.29125643 -0.061263103 -1.44978559
v 0.4294925 -0.061263103 1.406686
v 1.28334224 -0.061263103 1.40668607
v 1.28334224 -0.039808996 1.40668607
v 0.4294925 -0.039808996 1.406686
v 1.28334236 -0.0612630844 0.6500863
v 1.28334236 -0.0398089737 0.6500863
v 1.28334224 -0.039808996 1.40668607
v 1.28334224 -0.061263103 1.40668607
v 1.28334236 -0.0398089737 0.6500863
v 0.4294925 -0.0398089737 0.650086164
v 0.4294925 -0.039808996 1.406686
v 0.4294925 -0.0612630844 0.650086164
v 0.4294925 -0.061263103 1.406686
v 1.44090533 1.3577888 -1.41557026
v 1.44090533 1.35778892 -0.9799954
v 1.44090557 0.565926731 -0.9799954
v 1.44090569 0.565926731 -1.41557026
v 1.420801 0.565926731 -0.9799954
v 1.42080081 1.35778892 -0.9799954
v 1.42080081 1.3577888 -1.41557026
v 1.42080116 0.565926731 -1.41557026
v 1.46087348 1.41549623 0.947093368
v 1.46087348 1.41549647 1.44615388
v 1.4608736 0.5082194 1.44615388
v 1.460874 0.5082194 0.947093368
v 1.44076908 0.5082194 1.44615388
v 1.44076908 1.41549647 1.44615388
v 1.44076908 1.41549623 0.947093368
v 1.44076955 0.5082194 0.947093368
v 0.475364029 2.31162572 -1.19242418
v 0.482850462 2.064164 -1.47943187
v 0.0810077 2.22577262 -1.56100559
v 0.08100774 2.36867857 -1.121488
v 0.557950258 2.111486 -1.08377647
v 0.0810078 2.22106576 -0.982097864
v 0.4788179 1.83812129 -1.50706315
v 0.473493367 1.77755713 -1.31649888
v 0.08100785 1.66949189 -1.349437
v 0.0810077861 1.79928935 -1.58719349
v 0.910281 2.15695333 -1.5479027
v 0.910281 2.36867929 -1.12148786
v 0.9102812 2.22106576 -0.9820981
v 0.910280764 1.79928935 -1.58719373
v 0.9102811 1.66949189 -1.34943712
v 1.36852479 2.1283226 -1.26142526
v 1.36852479 2.0396843 -1.37698531
v 1.36852479 1.98956335 -1.21597135
v 1.36852443 1.95871842 -1.37412548
v 1.36852467 1.93702471 -1.30586731
v 1.46965265 1.989563 -1.21597123
v 1.469652 1.9983176 -1.25504363
v 1.46965241 1.93702459 -1.3058672
v 1.46965218 1.95871782 -1.37412536
v 1.46965265 2.03968358 -1.37698531
v 1.46965265 2.1283226 -1.261425
v 1.46965265 2.1283226 -1.261425
v 1.46965265 2.03968358 -1.37698531
v 1.36852479 1.98956335 -1.21597135
v 1.46965265 1.989563 -1.21597123
v 1.36852419 1.998318 -1.25504375
v 1.36852479 1.98956335 -1.21597135
v 1.46965218 1.95871782 -1.37412536
v 1.46965241 1.93702459 -1.3058672
v 1.36852467 1.93702471 -1.30586731
v -0.3208351 2.064164 -1.47943175
v -0.313348532 2.31162572 -1.19242382
v -0.395934373 2.111486 -1.08377647
v -0.311477453 1.75188589 -1.30631292
v -0.3168025 1.83812129 -1.50706291
v -0.748265445 2.15695333 -1.54790223
v -0.7482654 2.36867929 -1.1214875
v -0.7482654 2.22106576 -0.9820977
v -0.7482654 1.66949189 -1.34943652
v -0.7482651 1.79928935 -1.58719313
v -1.20650947 2.03968382 -1.376985
v -1.20650864 2.12832212 -1.26142466
v -1.20650935 1.989563 -1.21597087
v -1.20650935 1.93702435 -1.305867
v -1.20650887 1.958718 -1.37412512
v -1.30763733 1.98956275 -1.215971
v -1.30763674 2.128322 -1.26142442
v -1.30763721 2.03968334 -1.37698483
v -1.30763674 1.95871782 -1.374125
v -1.3076371 1.93702412 -1.30586684
v -1.30763662 1.99831712 -1.25504339
v -1.30763721 2.03968334 -1.37698483
v -1.30763674 2.128322 -1.26142442
v -1.30763733 1.98956275 -1.215971
v -1.20650935 1.989563 -1.21597087
v -1.20650864 1.9983176 -1.25504339
v -1.20650935 1.989563 -1.21597087
v -1.3076371 1.93702412 -1.30586684
v -1.30763674 1.95871782 -1.374125
v -1.20650935 1.93702435 -1.305867
v -0.06009626 3.22374439 -0.0943391547
v -0.7453285 2.15695357 -1.53853667
v -0.7964434 2.15695357 -1.52474523
v -0.0883262 3.22374439 -0.0920030251
v 0.009318626 3.23354 -0.09433916
v 0.109635532 2.23334217 -1.55164
v 0.05852062 2.23334217 -1.53784835
v -0.0189113263 3.23354 -0.09200304
v 0.0891282558 3.22374439 -0.09003232
v 0.94841975 2.14809513 -1.55388725
v 0.903960347 2.156289 -1.54726708
v 0.0608983077 3.22374439 -0.0876961946
vt 0.19921875 0.9375
vt 0.44921875 0.9453125
vt 0.44921875 0.99609375
vt 0.19921875 0.9921875
vt 0.26953125 0.66015625
vt 0.25 0.3828125
vt 0.4453125 0.5859375
vt 0.4921875 0.80078125
vt 0.11328125 0.4609375
vt 0.01171875 0.9375
vt 0.01171875 0.890625
vt 0.5390625 0.359375
vt 0.05859375 0.58984375
vt 0.08984375 0.8125
vt 0.0546875 0.828125
vt 0 0.58203125
vt 0.2265625 0.8984375
vt 0.21875 0.94140625
vt 0.796875 0.68359375
vt 0.7265625 0.859375
vt 0.19921875 0.9375
vt 0.19921875 0.9921875
vt 0.796875 0.41015625
vt 0.0546875 0.828125
vt 0.08984375 0.8125
vt 0.44921875 0.99609375
vt 0.44921875 0.9453125
vt 0.19921875 0.9375
vt 0.19921875 0.9921875
vt 0.4453125 0.5859375
vt 0.25 0.3828125
vt 0.26953125 0.66015625
vt 0.4921875 0.80078125
vt 0.11328125 0.4609375
vt 0.01171875 0.9375
vt 0.01171875 0.890625
vt 0.5390625 0.359375
vt 0.0546875 0.828125
vt 0.08984375 0.8125
vt 0.05859375 0.58984375
vt 0 0.58203125
vt 0.21875 0.94140625
vt 0.2265625 0.8984375
vt 0.99609375 0.98046875
vt 0.90625 0.98046875
vt 0.90625 0.71875
vt 0.99609375 0.71875
vt 0.90234375 0.78125
vt 1 0.78125
vt 0.99609375 0.4296875
vt 0.90625 0.4296875
vt 0.90234375 0.81640625
vt 1 0.81640625
vt 1 0.98046875
vt 0.90234375 0.98046875
vt 0.203125 0.6640625
vt 0.28125 0.7578125
vt 0.15234375 0.53125
vt 0.01953125 0.546875
vt 0.1015625 0.50390625
vt 0.01953125 0.41796875
vt 0.1015625 0.4453125
vt 0.10546875 0.36328125
vt -2.00007677 -0.169592619
vt -2.00007677 -0.0697145462
vt -1.92325354 -0.0697145462
vt -1.92325354 -0.169592619
vt 0.7265625 0.859375
vt 0.796875 0.68359375
vt 0.19921875 0.9921875
vt 0.19921875 0.9375
vt 0.796875 0.41015625
vt 0.08984375 0.8125
vt 0.0546875 0.828125
vt 1 0.78125
vt 1 0.52734375
vt 0.90234375 0.52734375
vt 0.90234375 0.78125
vt 0.3828125 0.93359375
vt 0.50390625 0.921875
vt 0.49609375 0.8984375
vt 0.671875 0.94921875
vt 0.75390625 0.92578125
vt 0.2734375 0.84375
vt 0.50390625 0.921875
vt 0.3828125 0.93359375
vt 0.49609375 0.8984375
vt 0.671875 0.94921875
vt 0.7578125 0.921875
vt 0.2734375 0.84375
vt 0.28125 0.7578125
vt 0.203125 0.6640625
vt 0.44921875 0.99609375
vt 0.44921875 0.9453125
vt 0.19921875 0.9375
vt 0.19921875 0.9921875
vt 0.4453125 0.5859375
vt 0.25 0.3828125
vt 0.26953125 0.66015625
vt 0.4921875 0.80078125
vt 0.11328125 0.4609375
vt 0.01171875 0.9375
vt 0.01171875 0.890625
vt 0.5390625 0.359375
vt 0.0546875 0.828125
vt 0.08984375 0.8125
vt 0.05859375 0.58984375
vt 0 0.58203125
vt 0.21875 0.94140625
vt 0.2265625 0.8984375
vt 0.19921875 0.9375
vt 0.44921875 0.9453125
vt 0.44921875 0.99609375
vt 0.19921875 0.9921875
vt 0.26953125 0.66015625
vt 0.25 0.3828125
vt 0.4453125 0.5859375
vt 0.4921875 0.80078125
vt 0.11328125 0.4609375
vt 0.01171875 0.9375
vt 0.01171875 0.890625
vt 0.5390625 0.359375
vt 0.05859375 0.58984375
vt 0.08984375 0.8125
vt 0.0546875 0.828125
vt 0 0.58203125
vt 0.2265625 0.8984375
vt 0.21875 0.94140625
vt 0.90625 0.71875
vt 0.90625 0.98046875
vt 0.99609375 0.98046875
vt 0.99609375 0.71875
vt 0.99609375 0.4296875
vt 1 0.78125
vt 0.90234375 0.78125
vt 0.90625 0.4296875
vt 1 0.98046875
vt 1 0.81640625
vt 0.90234375 0.81640625
vt 0.90234375 0.98046875
vt 0.15234375 0.53125
vt 0.28125 0.7578125
vt 0.203125 0.6640625
vt 0.01953125 0.546875
vt 0.1015625 0.50390625
vt 0.01953125 0.41796875
vt 0.1015625 0.4453125
vt 0.10546875 0.36328125
vt -1.92325354 -0.0697145462
vt -2.00007677 -0.0697145462
vt -2.00007677 -0.169592619
vt -1.92325354 -0.169592619
vt 0.90234375 0.52734375
vt 1 0.52734375
vt 1 0.78125
vt 0.90234375 0.78125
vt 0.3828125 0.93359375
vt 0.49609375 0.8984375
vt 0.50390625 0.921875
vt 0.671875 0.94921875
vt 0.2734375 0.84375
vt 0.9983443 0.5546875
vt 0.71875 0.5546875
vt 0.71875 0.0119947195
vt 0.9983443 0.0119947195
vt 0.9983443 0.5546875
vt 0.71875 0.5546875
vt 0.71875 0.0119947195
vt 0.9983443 0.0119947195
vt 0.80859375 0.94921875
vt 0.80859375 0.94921875
vt 0.41796875 0.34375
vt 0.49609375 0.34375
vt 0.49609375 0.2734375
vt 0.41796875 0.2734375
vt 0.49609375 0.2734375
vt 0.41796875 0.2734375
vt 0.41796875 0.21484375
vt 0.49609375 0.21484375
vt 0.49609375 0.2734375
vt 0.41796875 0.2734375
vt 0.41796875 0.21484375
vt 0.49609375 0.21484375
vt 0.7421875 1
vt 0.69921875 0.984375
vt 0.78515625 0.98828125
vt 0.7421875 1
vt 0.69921875 0.984375
vt 0.78515625 0.98828125
vt 0.71875 0.55859375
vt 0.3671875 0.55859375
vt 0.3671875 0.01171875
vt 0.71875 0.01171875
vt 0.66796875 -0.86328125
vt 0.71484375 -0.86328125
vt 0.71484375 -0.69140625
vt 0.71484375 -0.51171875
vt 0.66796875 -0.51171875
vt 1.1171875 -0.71484375
vt 1.15234375 -0.71484375
vt 1.15234375 -0.52734375
vt 1.1171875 -0.52734375
vt 1.15234375 -0.52734375
vt 1.1171875 -0.52734375
vt 1.1171875 -0.71875
vt 1.15234375 -0.71875
vt 0.35546875 0.1953125
vt 0.35546875 0.01953125
vt 0.11328125 0.01953125
vt 0.35546875 0.5625
vt 0.35546875 0.38671875
vt 0.15234375 0.38671875
vt 0.11328125 0.5625
vt 0.15234375 0.1953125
vt 0 0.5625
vt 0.16015625 0.1953125
vt 0 0.01953125
vt 0.16015625 0.38671875
vt 0.71875 0.5546875
vt 0.71875 0.0119947195
vt 0.71875 0.5546875
vt 0.71875 0.0119947195
vt 0.1796875 0.84765625
vt 0.140625 0.9296875
vt 0.31640625 0.98046875
vt 0.328125 0.875
vt 0.078125 0.78125
vt 0.01953125 0.86328125
vt 0.4453125 0.85546875
vt 0.4765625 0.96484375
vt 0.58203125 0.9296875
vt 0.5390625 0.8203125
vt 0.34765625 0.75
vt 0.22265625 0.73828125
vt 0.1640625 0.69140625
vt 0.4375 0.734375
vt 0.484375 0.6796875
vt 0.2890625 0.61328125
vt 0.3203125 0.6171875
vt 0.28515625 0.6015625
vt 0.34765625 0.61328125
vt 0.3671875 0.6015625
vt 0.125 0.63671875
vt 0.109375 0.64453125
vt 0.07421875 0.60546875
vt 0.08203125 0.58203125
vt 0.1015625 0.57421875
vt 0.125 0.6015625
vt 0.31640625 0.58203125
vt 0.296875 0.58203125
vt 0.3203125 0.6171875
vt 0.31640625 0.58203125
vt 0.125 0.6015625
vt 0.125 0.63671875
vt 0.35546875 0.5703125
vt 0.3359375 0.57421875
vt 0.1015625 0.57421875
vt 0.1796875 0.84765625
vt 0.328125 0.875
vt 0.078125 0.78125
vt 0.4453125 0.85546875
vt 0.5390625 0.8203125
vt 0.34765625 0.75
vt 0.22265625 0.73828125
vt 0.1640625 0.69140625
vt 0.4375 0.734375
vt 0.484375 0.6796875
vt 0.2890625 0.61328125
vt 0.3203125 0.6171875
vt 0.28515625 0.6015625
vt 0.34765625 0.61328125
vt 0.3671875 0.6015625
vt 0.125 0.63671875
vt 0.125 0.6015625
vt 0.1015625 0.57421875
vt 0.08203125 0.58203125
vt 0.07421875 0.60546875
vt 0.109375 0.64453125
vt 0.31640625 0.58203125
vt 0.296875 0.58203125
vt 0.3203125 0.6171875
vt 0.31640625 0.58203125
vt 0.125 0.63671875
vt 0.125 0.6015625
vt 0.35546875 0.5703125
vt 0.3359375 0.57421875
vt 0.1015625 0.57421875
vt 0.51171875 0.046875
vt 0.9921875 0.046875
vt 0.9921875 0.0078125
vt 0.51171875 0.0078125
vt 0.51171875 0.33984375
vt 0.9921875 0.33984375
vt 0.50390625 0.921875
vt 0.49609375 0.8984375
vt 0.3828125 0.93359375
vt 0.671875 0.94921875
vt 0.28125 0.7578125
vt 0.2734375 0.84375
vt 0.203125 0.6640625
vt 0.7890625 0.578125
vt 0.7890625 0.79296875
vt 0.60546875 0.79296875
vt 0.60546875 0.578125
vt 0.7890625 0.99609375
vt 0.60546875 0.99609375
vt 1 0.7734375
vt 1 0.98828125
vt 0.8828125 0.98828125
vt 0.8828125 0.7734375
vt 1 0.7734375
vt 0.8828125 0.7734375
vt 1 0.578125
vt 0.81640625 0.578125
vt 1 0.578125
vt 0.81640625 0.578125
vt 0.7164773 0.394827247
vt 0.7556345 0.394827247
vt 0.7556345 0.435618043
vt 0.7164773 0.435618043
vt 0.9609375 0.46484375
vt 0.9609375 0.51171875
vt 0.71484375 0.51171875
vt 0.71484375 0.46484375
vt 0.9609375 0.46484375
vt 0.9609375 0.51171875
vt 0.71484375 0.51171875
vt 0.71484375 0.46484375
vt 0.9609375 0.46484375
vt 0.9609375 0.51171875
vt 0.71484375 0.51171875
vt 0.71484375 0.46484375
vt 0.7164773 0.394827247
vt 0.7556345 0.394827247
vt 0.7556345 0.435618043
vt 0.7164773 0.435618043
vt 0.9609375 0.46484375
vt 0.9609375 0.51171875
vt 0.71484375 0.51171875
vt 0.71484375 0.46484375
vt 0.9609375 0.46484375
vt 0.9609375 0.51171875
vt 0.71484375 0.51171875
vt 0.71484375 0.46484375
vt 0.9609375 0.46484375
vt 0.9609375 0.51171875
vt 0.71484375 0.51171875
vt 0.71484375 0.46484375
vt 0.7164773 0.394827247
vt 0.7556345 0.394827247
vt 0.7556345 0.435618043
vt 0.7164773 0.435618043
vt 0.9609375 0.46484375
vt 0.9609375 0.51171875
vt 0.71484375 0.51171875
vt 0.71484375 0.46484375
vt 0.9609375 0.46484375
vt 0.9609375 0.51171875
vt 0.71484375 0.51171875
vt 0.71484375 0.46484375
vt 0.9609375 0.46484375
vt 0.9609375 0.51171875
vt 0.71484375 0.51171875
vt 0.71484375 0.46484375
vt 0.474758983 0.1796875
vt 0.0078125 0.1796875
vt 0.0078125 0.00570976734
vt 0.474758983 0.00570976734
vt 0.474758983 0.1796875
vt 0.0078125 0.1796875
vt 0.0078125 0.00570976734
vt 0.474758983 0.00570976734
vt 0.7164773 0.394827247
vt 0.7556345 0.394827247
vt 0.7556345 0.435618043
vt 0.7164773 0.435618043
vt 0.9609375 0.46484375
vt 0.9609375 0.51171875
vt 0.71484375 0.51171875
vt 0.71484375 0.46484375
vt 0.9609375 0.46484375
vt 0.9609375 0.51171875
vt 0.71484375 0.51171875
vt 0.71484375 0.46484375
vt 0.9609375 0.46484375
vt 0.9609375 0.51171875
vt 0.71484375 0.51171875
vt 0.71484375 0.46484375
vt 0.474758983 0.1796875
vt 0.0078125 0.1796875
vt 0.0078125 0.00570976734
vt 0.474758983 0.00570976734
vt 0.71484375 0.51171875
vt 0.71484375 0.46484375
vt 0.9609375 0.46484375
vt 0.9609375 0.51171875
vt 0.7164773 0.394827247
vt 0.7556345 0.394827247
vt 0.7556345 0.435618043
vt 0.7164773 0.435618043
vt 0.9609375 0.46484375
vt 0.9609375 0.51171875
vt 0.71484375 0.51171875
vt 0.71484375 0.46484375
vt 0.9609375 0.46484375
vt 0.9609375 0.51171875
vt 0.71484375 0.51171875
vt 0.71484375 0.46484375
vt 0.9609375 0.46484375
vt 0.9609375 0.51171875
vt 0.71484375 0.51171875
vt 0.71484375 0.46484375
vt 0.71484375 0.51171875
vt 0.71484375 0.46484375
vt 0.9609375 0.46484375
vt 0.9609375 0.51171875
vt 0.474758983 0.1796875
vt 0.0078125 0.1796875
vt 0.0078125 0.00570976734
vt 0.474758983 0.00570976734
vt 0.7164773 0.394827247
vt 0.7556345 0.394827247
vt 0.7556345 0.435618043
vt 0.7164773 0.435618043
vt 0.9609375 0.46484375
vt 0.9609375 0.51171875
vt 0.71484375 0.51171875
vt 0.71484375 0.46484375
vt 0.9609375 0.46484375
vt 0.9609375 0.51171875
vt 0.71484375 0.51171875
vt 0.71484375 0.46484375
vt 0.9609375 0.46484375
vt 0.9609375 0.51171875
vt 0.71484375 0.51171875
vt 0.71484375 0.46484375
vt 0.71484375 0.51171875
vt 0.71484375 0.46484375
vt 0.9609375 0.46484375
vt 0.9609375 0.51171875
vt 0.7164773 0.394827247
vt 0.7556345 0.394827247
vt 0.7556345 0.435618043
vt 0.7164773 0.435618043
vt 0.9609375 0.46484375
vt 0.9609375 0.51171875
vt 0.71484375 0.51171875
vt 0.71484375 0.46484375
vt 0.9609375 0.46484375
vt 0.9609375 0.51171875
vt 0.71484375 0.51171875
vt 0.71484375 0.46484375
vt 0.7164773 0.394827247
vt 0.7556345 0.394827247
vt 0.7556345 0.435618043
vt 0.7164773 0.435618043
vt 0.9609375 0.46484375
vt 0.9609375 0.51171875
vt 0.71484375 0.51171875
vt 0.71484375 0.46484375
vt 0.9609375 0.46484375
vt 0.9609375 0.51171875
vt 0.71484375 0.51171875
vt 0.71484375 0.46484375
vt 0.474758983 0.1796875
vt 0.0078125 0.1796875
vt 0.0078125 0.00570976734
vt 0.474758983 0.00570976734
vt 0.0078125 0.00570976734
vt 0.0078125 0.1796875
vt 0.474758983 0.1796875
vt 0.474758983 0.00570976734
vt 0.7164773 0.394827247
vt 0.7556345 0.394827247
vt 0.7556345 0.435618043
vt 0.7164773 0.435618043
vt 0.9609375 0.46484375
vt 0.9609375 0.51171875
vt 0.71484375 0.51171875
vt 0.71484375 0.46484375
vt 0.9609375 0.46484375
vt 0.9609375 0.51171875
vt 0.71484375 0.51171875
vt 0.71484375 0.46484375
vt 0.9609375 0.46484375
vt 0.9609375 0.51171875
vt 0.71484375 0.51171875
vt 0.71484375 0.46484375
vt 0.7164773 0.394827247
vt 0.7556345 0.394827247
vt 0.7556345 0.435618043
vt 0.7164773 0.435618043
vt 0.9609375 0.46484375
vt 0.9609375 0.51171875
vt 0.71484375 0.51171875
vt 0.71484375 0.46484375
vt 0.9609375 0.46484375
vt 0.9609375 0.51171875
vt 0.71484375 0.51171875
vt 0.71484375 0.46484375
vt 0.9609375 0.46484375
vt 0.9609375 0.51171875
vt 0.71484375 0.51171875
vt 0.71484375 0.46484375
vt 0.7164773 0.394827247
vt 0.7556345 0.394827247
vt 0.7556345 0.435618043
vt 0.7164773 0.435618043
vt 0.9609375 0.46484375
vt 0.9609375 0.51171875
vt 0.71484375 0.51171875
vt 0.71484375 0.46484375
vt 0.9609375 0.46484375
vt 0.9609375 0.51171875
vt 0.71484375 0.51171875
vt 0.71484375 0.46484375
vt 0.9609375 0.46484375
vt 0.9609375 0.51171875
vt 0.71484375 0.51171875
vt 0.71484375 0.46484375
vt 0.474758983 0.1796875
vt 0.0078125 0.1796875
vt 0.0078125 0.00570976734
vt 0.474758983 0.00570976734
vt 0.474758983 0.1796875
vt 0.0078125 0.1796875
vt 0.0078125 0.00570976734
vt 0.474758983 0.00570976734
vt 0.3671875 0.01171875
vt 0.3671875 0.55859375
vt 0.71875 0.55859375
vt 0.71875 0.01171875
vt 0.66796875 -0.86328125
vt 0.66796875 -0.51171875
vt 0.71484375 -0.51171875
vt 0.71484375 -0.69140625
vt 0.71484375 -0.86328125
vt 1.15234375 -0.52734375
vt 1.15234375 -0.71484375
vt 1.1171875 -0.71484375
vt 1.1171875 -0.52734375
vt 1.1171875 -0.71875
vt 1.1171875 -0.52734375
vt 1.15234375 -0.52734375
vt 1.15234375 -0.71875
vt 0.11328125 0.01953125
vt 0.35546875 0.01953125
vt 0.35546875 0.1953125
vt 0.15234375 0.1953125
vt 0.15234375 0.38671875
vt 0.35546875 0.38671875
vt 0.35546875 0.5625
vt 0.11328125 0.5625
vt 0 0.5625
vt 0.16015625 0.38671875
vt 0.16015625 0.1953125
vt 0 0.01953125
vt 0.60546875 0.79296875
vt 0.7890625 0.79296875
vt 0.7890625 0.578125
vt 0.60546875 0.578125
vt 0.60546875 0.99609375
vt 0.7890625 0.99609375
vt 0.8828125 0.98828125
vt 1 0.98828125
vt 1 0.7734375
vt 0.8828125 0.7734375
vt 0.8828125 0.7734375
vt 1 0.7734375
vt 0.81640625 0.578125
vt 1 0.578125
vt 1 0.578125
vt 0.81640625 0.578125
vt 0.7556345 0.435618043
vt 0.7556345 0.394827247
vt 0.7164773 0.394827247
vt 0.7164773 0.435618043
vt 0.71484375 0.51171875
vt 0.9609375 0.51171875
vt 0.9609375 0.46484375
vt 0.71484375 0.46484375
vt 0.71484375 0.51171875
vt 0.9609375 0.51171875
vt 0.9609375 0.46484375
vt 0.71484375 0.46484375
vt 0.71484375 0.51171875
vt 0.9609375 0.51171875
vt 0.9609375 0.46484375
vt 0.71484375 0.46484375
vt 0.0078125 0.00570976734
vt 0.0078125 0.1796875
vt 0.474758983 0.1796875
vt 0.474758983 0.00570976734
vt 0.9609375 0.46484375
vt 0.71484375 0.46484375
vt 0.71484375 0.51171875
vt 0.9609375 0.51171875
vt 0.7556345 0.435618043
vt 0.7556345 0.394827247
vt 0.7164773 0.394827247
vt 0.7164773 0.435618043
vt 0.71484375 0.51171875
vt 0.9609375 0.51171875
vt 0.9609375 0.46484375
vt 0.71484375 0.46484375
vt 0.71484375 0.51171875
vt 0.9609375 0.51171875
vt 0.9609375 0.46484375
vt 0.71484375 0.46484375
vt 0.71484375 0.51171875
vt 0.9609375 0.51171875
vt 0.9609375 0.46484375
vt 0.71484375 0.46484375
vt 0.9609375 0.46484375
vt 0.71484375 0.46484375
vt 0.71484375 0.51171875
vt 0.9609375 0.51171875
vt 0.0078125 0.00570976734
vt 0.0078125 0.1796875
vt 0.474758983 0.1796875
vt 0.474758983 0.00570976734
vt 0.7556345 0.435618043
vt 0.7556345 0.394827247
vt 0.7164773 0.394827247
vt 0.7164773 0.435618043
vt 0.71484375 0.51171875
vt 0.9609375 0.51171875
vt 0.9609375 0.46484375
vt 0.71484375 0.46484375
vt 0.71484375 0.51171875
vt 0.9609375 0.51171875
vt 0.9609375 0.46484375
vt 0.71484375 0.46484375
vt 0.71484375 0.51171875
vt 0.9609375 0.51171875
vt 0.9609375 0.46484375
vt 0.71484375 0.46484375
vt 0.9609375 0.46484375
vt 0.71484375 0.46484375
vt 0.71484375 0.51171875
vt 0.9609375 0.51171875
vt 0.7556345 0.435618043
vt 0.7556345 0.394827247
vt 0.7164773 0.394827247
vt 0.7164773 0.435618043
vt 0.71484375 0.51171875
vt 0.9609375 0.51171875
vt 0.9609375 0.46484375
vt 0.71484375 0.46484375
vt 0.71484375 0.51171875
vt 0.9609375 0.51171875
vt 0.9609375 0.46484375
vt 0.71484375 0.46484375
vt 0.7556345 0.435618043
vt 0.7556345 0.394827247
vt 0.7164773 0.394827247
vt 0.7164773 0.435618043
vt 0.71484375 0.51171875
vt 0.9609375 0.51171875
vt 0.9609375 0.46484375
vt 0.71484375 0.46484375
vt 0.71484375 0.51171875
vt 0.9609375 0.51171875
vt 0.9609375 0.46484375
vt 0.71484375 0.46484375
vt 0.0078125 0.00570976734
vt 0.0078125 0.1796875
vt 0.474758983 0.1796875
vt 0.474758983 0.00570976734
vt 0.474758983 0.1796875
vt 0.0078125 0.1796875
vt 0.0078125 0.00570976734
vt 0.474758983 0.00570976734
vt 0.15234375 0.53125
vt 0.01953125 0.546875
vt 0.1015625 0.50390625
vt 0.01953125 0.41796875
vt 0.1015625 0.4453125
vt 0.10546875 0.36328125
vt 0.15234375 0.53125
vt 0.01953125 0.546875
vt 0.1015625 0.50390625
vt 0.01953125 0.41796875
vt 0.1015625 0.4453125
vt 0.10546875 0.36328125
vt 0.88671875 0.9921875
vt 0.875 0.9921875
vt 0.875 0.4140625
vt 0.88671875 0.4140625
vt 0.88671875 0.9921875
vt 0.875 0.9921875
vt 0.875 0.4140625
vt 0.88671875 0.4140625
vt 0.88671875 0.9921875
vt 0.875 0.9921875
vt 0.875 0.4140625
vt 0.88671875 0.4140625
vt 0.51171875 0.046875
vt 0.51171875 0.0078125
vt 0.9921875 0.0078125
vt 0.9921875 0.046875
vt 0.51171875 0.33984375
vt 0.9921875 0.33984375
vt 0.8203125 0.76171875
vt 0.8125 0.99609375
vt 0.80078125 0.99609375
vt 0.8046875 0.76171875
vt 1 0.76171875
vt 1 0.7890625
vt 0.8046875 0.7890625
vt 0.80078125 0.76171875
vt 1 0.99609375
vt 1 0.76171875
vt 0.80078125 0.76171875
vt 1 0.7890625
vt 0.8046875 0.7890625
vt 0.8203125 0.76171875
vt 0.8125 0.99609375
vt 0.80078125 0.99609375
vt 0.8046875 0.76171875
vt 1 0.76171875
vt 1 0.7890625
vt 0.8046875 0.7890625
vt 0.80078125 0.76171875
vt 1 0.99609375
vt 1 0.76171875
vt 0.80078125 0.76171875
vt 1 0.7890625
vt 0.8046875 0.7890625
vt 0.00194098568 0.187008679
vt 0.00194098568 0.321319461
vt 0.214352429 0.321319461
vt 0.214352429 0.187008679
vt 0.214352429 0.321319461
vt 0.00194098568 0.321319461
vt 0.00194098568 0.187008679
vt 0.214352429 0.187008679
vt 0.00194098568 0.3213194
vt 0.00194098568 0.187008619
vt 0.214352429 0.187008619
vt 0.214352429 0.3213194
vt 0.214352429 0.187008619
vt 0.00194098568 0.187008619
vt 0.00194098568 0.3213194
vt 0.214352429 0.3213194
vt 0.1796875 0.84765625
vt 0.328125 0.875
vt 0.31640625 0.98046875
vt 0.140625 0.9296875
vt 0.078125 0.78125
vt 0.01953125 0.86328125
vt 0.4453125 0.85546875
vt 0.5390625 0.8203125
vt 0.58203125 0.9296875
vt 0.4765625 0.96484375
vt 0.34765625 0.75
vt 0.22265625 0.73828125
vt 0.1640625 0.69140625
vt 0.4375 0.734375
vt 0.484375 0.6796875
vt 0.2890625 0.61328125
vt 0.3203125 0.6171875
vt 0.28515625 0.6015625
vt 0.34765625 0.61328125
vt 0.3671875 0.6015625
vt 0.125 0.63671875
vt 0.125 0.6015625
vt 0.1015625 0.57421875
vt 0.08203125 0.58203125
vt 0.07421875 0.60546875
vt 0.109375 0.64453125
vt 0.296875 0.58203125
vt 0.31640625 0.58203125
vt 0.3203125 0.6171875
vt 0.31640625 0.58203125
vt 0.125 0.6015625
vt 0.125 0.63671875
vt 0.3359375 0.57421875
vt 0.35546875 0.5703125
vt 0.1015625 0.57421875
vt 0.328125 0.875
vt 0.1796875 0.84765625
vt 0.078125 0.78125
vt 0.5390625 0.8203125
vt 0.4453125 0.85546875
vt 0.34765625 0.75
vt 0.22265625 0.73828125
vt 0.1640625 0.69140625
vt 0.484375 0.6796875
vt 0.4375 0.734375
vt 0.3203125 0.6171875
vt 0.2890625 0.61328125
vt 0.28515625 0.6015625
vt 0.3671875 0.6015625
vt 0.34765625 0.61328125
vt 0.125 0.63671875
vt 0.109375 0.64453125
vt 0.07421875 0.60546875
vt 0.08203125 0.58203125
vt 0.1015625 0.57421875
vt 0.125 0.6015625
vt 0.31640625 0.58203125
vt 0.296875 0.58203125
vt 0.31640625 0.58203125
vt 0.3203125 0.6171875
vt 0.125 0.6015625
vt 0.125 0.63671875
vt 0.35546875 0.5703125
vt 0.3359375 0.57421875
vt 0.1015625 0.57421875
vt 0.88671875 0.9921875
vt 0.88671875 0.4140625
vt 0.875 0.4140625
vt 0.875 0.9921875
vt 0.88671875 0.9921875
vt 0.88671875 0.4140625
vt 0.875 0.4140625
vt 0.875 0.9921875
vt 0.88671875 0.9921875
vt 0.88671875 0.4140625
vt 0.875 0.4140625
vt 0.875 0.9921875
vn 0.7654298 0 -0.6435194
vn 0.222379029 0 -0.974960268
vn 0.171771422 0.6632639 -0.7284062
vn 0.6073746 0.6443993 -0.4645919
vn 0.348588347 0.3579353 -0.8662381
vn 0.40872848 0.8988663 -0.158052072
vn 0.3495823 0.6823639 -0.642006
vn 0.114618942 0.4305774 -0.8952461
vn 0.449783117 0.6164253 -0.6463087
vn 0.393208951 0.1924368 -0.8990855
vn -0.08699893 0.02238903 -0.9959568
vn 0.093345 0.8873031 -0.451641351
vn 0.093345 0.8873031 -0.451641351
vn 0.40872848 0.8988663 -0.158052072
vn 0.6073746 0.6443993 -0.4645919
vn 0.171771422 0.6632639 -0.7284062
vn 0.449783117 0.6164253 -0.6463087
vn 0.393208951 0.1924368 -0.8990855
vn -9.309104E-08 0.6914508 -0.722423553
vn -4.068916E-08 0.452268869 -0.891881645
vn 6.404495E-08 4.83891373E-15 -1
vn -1.46356172E-09 0.707106769 -0.7071068
vn -2.35989166E-08 0.86188364 -0.5071061
vn -1.46356172E-09 0.707106769 -0.7071068
vn -2.35989166E-08 0.86188364 -0.5071061
vn 0.171771646 0.6632643 0.728405833
vn 0.222378269 8.75136038E-07 0.974960446
vn 0.7654296 -3.11748982E-09 0.6435196
vn 0.6073744 0.6443993 0.464592159
vn 0.38742432 0.671580851 0.6315707
vn 0.40872857 0.8988663 0.158051774
vn 0.348588675 0.357935667 0.8662378
vn 0.141994253 0.451826662 0.880732834
vn 0.449782938 0.6164259 0.6463083
vn 0.393208534 0.192437887 0.899085462
vn -0.08699902 0.0223891456 0.9959568
vn 0.11132583 0.877530634 0.466418862
vn 0.6073744 0.6443993 0.464592159
vn 0.40872857 0.8988663 0.158051774
vn 0.11132583 0.877530634 0.466418862
vn 0.171771646 0.6632643 0.728405833
vn 0.393208534 0.192437887 0.899085462
vn 0.449782938 0.6164259 0.6463083
vn 0.222757831 0.7450839 -0.6286723
vn 0.222757638 0.745082736 0.6286738
vn 0.6120022 0.4386111 0.6580833
vn 0.6120019 0.438610673 -0.658083856
vn 0.6893166 0.378461748 0.6177454
vn 0.689317644 0.378461868 -0.6177441
vn 0.477499574 0.410308331 -0.7769435
vn 0.477499 0.4103082 0.7769439
vn -0.3945882 -0.736477733 0.5494549
vn -0.394588143 -0.736477852 -0.5494548
vn 0.7039812 -0.350740671 -0.61756897
vn 0.7039807 -0.350740373 0.6175697
vn 0.477499 0.4103082 0.7769439
vn 0.348588675 0.357935667 0.8662378
vn 0.449782938 0.6164259 0.6463083
vn 0.6893166 0.378461748 0.6177454
vn 0.393208534 0.192437887 0.899085462
vn 0.7039807 -0.350740373 0.6175697
vn -0.08699902 0.0223891456 0.9959568
vn -0.3945882 -0.736477733 0.5494549
vn -0.3945882 -0.736477733 0.5494549
vn -0.08699902 0.0223891456 0.9959568
vn -0.08699893 0.02238903 -0.9959568
vn -0.394588143 -0.736477852 -0.5494548
vn -2.08807691E-07 0.5244044 0.851469338
vn -2.45910854E-07 0.7124718 0.701700747
vn -1.37323326E-07 0.7071074 0.7071062
vn -1.28090022E-07 1.77461527E-06 1
vn -9.222712E-08 0.832533062 0.553975344
vn -9.222712E-08 0.832533062 0.553975344
vn -1.37323326E-07 0.7071074 0.7071062
vn 0.00606736029 0.6762308 -0.7366649
vn 0.341314852 0.384986579 -0.857490242
vn 0.341313452 0.384987116 0.85749054
vn 0.006067197 0.6762319 0.7366638
vn 0.222757638 0.745082736 0.6286738
vn 0.006067197 0.6762319 0.7366638
vn 0.141994253 0.451826662 0.880732834
vn 0.341313452 0.384987116 0.85749054
vn -2.08807691E-07 0.5244044 0.851469338
vn 0.6120022 0.4386111 0.6580833
vn 0.00606736029 0.6762308 -0.7366649
vn 0.222757831 0.7450839 -0.6286723
vn 0.114618942 0.4305774 -0.8952461
vn 0.341314852 0.384986579 -0.857490242
vn -4.068916E-08 0.452268869 -0.891881645
vn 0.6120019 0.438610673 -0.658083856
vn 0.348588347 0.3579353 -0.8662381
vn 0.477499574 0.410308331 -0.7769435
vn -0.17177166 0.663264036 -0.728406
vn -0.222379074 0 -0.974960268
vn -0.7654295 -1.18104413E-06 -0.643519759
vn -0.607375264 0.6443984 -0.4645923
vn -0.3495827 0.682363749 -0.642006
vn -0.4087291 0.898865938 -0.158052385
vn -0.348588556 0.35793522 -0.866238058
vn -0.114619046 0.430577278 -0.895246148
vn -0.449783236 0.616425157 -0.6463088
vn -0.393208861 0.192436665 -0.8990856
vn 0.0869990438 0.0223891623 -0.9959568
vn -0.09334532 0.887303054 -0.451641381
vn -0.607375264 0.6443984 -0.4645923
vn -0.4087291 0.898865938 -0.158052385
vn -0.09334532 0.887303054 -0.451641381
vn -0.17177166 0.663264036 -0.728406
vn -0.393208861 0.192436665 -0.8990856
vn -0.449783236 0.616425157 -0.6463088
vn -0.765429854 9.422106E-08 0.643519342
vn -0.2223791 1.73017759E-06 0.974960268
vn -0.1717716 0.663264632 0.7284055
vn -0.607374966 0.644398749 0.4645922
vn -0.348588884 0.357935518 0.8662378
vn -0.408729255 0.8988659 0.158052221
vn -0.387424767 0.6715807 0.631570637
vn -0.141994685 0.4518265 0.880732834
vn -0.449783117 0.616425455 0.6463086
vn -0.393208951 0.192437932 0.8990853
vn 0.086998865 0.0223891642 0.9959568
vn -0.1113265 0.877530634 0.466418684
vn -0.1113265 0.877530634 0.466418684
vn -0.408729255 0.8988659 0.158052221
vn -0.607374966 0.644398749 0.4645922
vn -0.1717716 0.663264632 0.7284055
vn -0.449783117 0.616425455 0.6463086
vn -0.393208951 0.192437932 0.8990853
vn -0.6120019 0.438610524 0.6580839
vn -0.222758055 0.7450831 0.628673255
vn -0.222757921 0.74508363 -0.628672659
vn -0.6120028 0.438610762 -0.658082962
vn -0.477499574 0.410308182 -0.7769436
vn -0.6893173 0.37846148 -0.6177448
vn -0.6893173 0.37846154 0.617744744
vn -0.477499157 0.410308033 0.7769439
vn -0.703980446 -0.350741 -0.6175697
vn 0.3945885 -0.7364777 -0.549454749
vn 0.39458853 -0.7364777 0.549454749
vn -0.703981042 -0.350740969 0.617569
vn -0.449783117 0.616425455 0.6463086
vn -0.348588884 0.357935518 0.8662378
vn -0.477499157 0.410308033 0.7769439
vn -0.6893173 0.37846154 0.617744744
vn -0.393208951 0.192437932 0.8990853
vn -0.703981042 -0.350740969 0.617569
vn 0.086998865 0.0223891642 0.9959568
vn 0.39458853 -0.7364777 0.549454749
vn 0.0869990438 0.0223891623 -0.9959568
vn 0.086998865 0.0223891642 0.9959568
vn 0.39458853 -0.7364777 0.549454749
vn 0.3945885 -0.7364777 -0.549454749
vn -0.3419811 0.380302727 0.859312952
vn -0.341982216 0.3803022 -0.8593128
vn -0.00606761966 0.676230669 -0.736664951
vn -0.006067701 0.676231861 0.7366638
vn -0.222758055 0.7450831 0.628673255
vn -0.141994685 0.4518265 0.880732834
vn -0.006067701 0.676231861 0.7366638
vn -0.3419811 0.380302727 0.859312952
vn -0.6120019 0.438610524 0.6580839
vn 1 3.37937649E-07 6.143602E-08
vn 0.70710665 2.38958E-07 0.7071069
vn 0.707106769 2.38957966E-07 0.7071068
vn 1 3.838869E-07 1.44970471E-07
vn -1 -4.48801671E-07 -2.28504931E-07
vn -0.70710665 -2.26130183E-07 -0.707106948
vn -0.7071066 -2.78489381E-07 -0.707106948
vn -1 -4.48801615E-07 -2.28504945E-07
vn 0.341313452 0.384987116 0.85749054
vn -0.341982216 0.3803022 -0.8593128
vn -4.21821028E-07 0.7683098 0.6400782
vn -3.28340974E-07 0.7683111 -0.6400766
vn -0.585504949 0.5300085 -0.6134125
vn -0.585505 0.5300081 0.613412857
vn 0.5811517 0.533572435 -0.6144617
vn 0.5811515 0.5335719 0.6144624
vn 0.341313452 0.384987116 0.85749054
vn 0.341314852 0.384986579 -0.857490242
vn -0.585505 0.5300081 0.613412857
vn -0.585504949 0.5300085 -0.6134125
vn -0.341982216 0.3803022 -0.8593128
vn -0.3419811 0.380302727 0.859312952
vn -4.21821028E-07 0.7683098 0.6400782
vn -0.585505 0.5300081 0.613412857
vn 0.5811515 0.5335719 0.6144624
vn -3.28340974E-07 0.7683111 -0.6400766
vn 0.5811517 0.533572435 -0.6144617
vn -0.585504949 0.5300085 -0.6134125
vn 0.70710665 2.38958E-07 0.7071069
vn -8.502209E-08 6.9477184E-09 1
vn -8.8239176E-08 -4.41665E-09 1
vn 0.707106769 2.38957966E-07 0.7071068
vn 0.707106531 0.707107 1.88310949E-08
vn 0.3015111 0.301511377 0.9045341
vn -2.815056E-07 0.7071064 0.7071071
vn -0.3015115 0.301511347 0.904534
vn -0.7071073 0.7071063 -3.791273E-07
vn 0.3015111 0.301511377 0.9045341
vn 0.707106531 0.707107 1.88310949E-08
vn 1 1.91465929E-07 0
vn 0.316227674 1.580332E-07 0.9486833
vn -0.316227823 -2.37933975E-07 0.948683262
vn -1 -7.658638E-07 0
vn -0.7071073 0.7071063 -3.791273E-07
vn -0.3015115 0.301511347 0.904534
vn -2.815056E-07 0.7071064 0.7071071
vn -6.13926E-08 -2.64608726E-08 1
vn -8.8239176E-08 -4.41665E-09 1
vn -9.254363E-08 3.620045E-09 1
vn -8.10590564E-08 3.006332E-08 1
vn -0.316227823 -2.37933975E-07 0.948683262
vn -8.502209E-08 6.9477184E-09 1
vn -0.3015115 0.301511347 0.904534
vn -0.7071069 -2.86166824E-07 0.70710665
vn 0.3015111 0.301511377 0.9045341
vn -0.707107067 -2.33807711E-07 0.707106531
vn 0.316227674 1.580332E-07 0.9486833
vn 0.7071068 2.69559081E-07 -0.7071067
vn 0.7071069 3.34541255E-07 -0.70710665
vn -0.7071069 -2.86166824E-07 0.70710665
vn -0.707107067 -2.33807711E-07 0.707106531
vn 0.0481852479 0.9828087 -0.178227961
vn -4.21209876E-08 0.95125103 -0.3084177
vn -1.13396126E-07 0.590008557 0.807396948
vn 0.0418729 0.421026021 0.906081557
vn -0.124096327 0.450371951 -0.8841749
vn -4.72708948E-08 0.686566 -0.72706753
vn 0.038274873 -0.5320245 0.8458634
vn -6.442376E-08 -0.473383844 0.8808563
vn 0.00351038226 -0.8980719 0.439834684
vn 0.0537598543 -0.9418599 0.331677228
vn 0.101246119 0.550054967 0.8289685
vn 0.1850372 0.9552733 -0.230682045
vn 0.178722322 0.6280138 -0.757401466
vn 0.120575637 -0.47911787 0.869429469
vn 0.105343461 -0.8766345 0.4694835
vn 0.3545387 0.896528 -0.26559335
vn 0.241192624 0.419525027 0.8751142
vn 0.257940084 -0.242101774 -0.9353361
vn 0.309227258 -0.5598871 0.7687034
vn 0.2101869 -0.9746448 -0.0767399147
vn 0.554243 -0.5595996 -0.616167963
vn 0.5616377 0.790438533 -0.244479135
vn 0.6170715 0.3355913 0.711759269
vn 0.597561061 -0.484738469 0.6387091
vn 0.600311935 -0.767416239 -0.22516188
vn -0.606297255 -0.752573669 -0.256975651
vn 0.6170715 0.3355913 0.711759269
vn 0.5616377 0.790438533 -0.244479135
vn 0.257940084 -0.242101774 -0.9353361
vn 0.554243 -0.5595996 -0.616167963
vn -3.21504717E-06 -0.946350753 -0.323141277
vn 0.257940084 -0.242101774 -0.9353361
vn 0.600311935 -0.767416239 -0.22516188
vn 0.597561061 -0.484738469 0.6387091
vn 0.2101869 -0.9746448 -0.0767399147
vn -0.048184745 0.9828086 -0.178228736
vn -0.0418729447 0.421026 0.906081557
vn 0.12409655 0.450371265 -0.8841752
vn -0.0228819381 -0.494937271 0.868627369
vn -0.0315517373 -0.9124179 0.408041775
vn -0.101246126 0.550054848 0.8289686
vn -0.185037211 0.9552733 -0.23068203
vn -0.1787218 0.6280135 -0.7574019
vn -0.128381982 -0.4736213 0.8713214
vn -0.11975126 -0.8751154 0.4688632
vn -0.35454002 0.8965272 -0.265594453
vn -0.241192117 0.419525146 0.875114262
vn -0.2579403 -0.242102325 -0.935335934
vn -0.3092267 -0.5598883 0.768702745
vn -0.210186213 -0.9746449 -0.07674004
vn -0.5542458 -0.559598863 -0.6161661
vn 0.606296539 -0.7525737 -0.2569772
vn -0.6003123 -0.767416239 -0.225160971
vn -0.597561657 -0.484736651 0.63871
vn -0.6170707 0.335593641 0.7117589
vn -0.561636448 0.79043895 -0.2444806
vn -0.6170707 0.335593641 0.7117589
vn -0.561636448 0.79043895 -0.2444806
vn -0.2579403 -0.242102325 -0.935335934
vn -0.5542458 -0.559598863 -0.6161661
vn -0.2579403 -0.242102325 -0.935335934
vn 2.94896176E-06 -0.9463509 -0.32314086
vn -0.6003123 -0.767416239 -0.225160971
vn -0.597561657 -0.484736651 0.63871
vn -0.210186213 -0.9746449 -0.07674004
vn -5.213241E-08 0.583739758 0.811940849
vn -3.81691621E-08 0.58373946 0.811941
vn -3.23101035E-09 -0.0163405351 0.9998665
vn -8.68821246E-08 -0.0163391046 0.9998665
vn -3.632134E-08 0.9530017 0.302965
vn -9.756711E-08 0.953001738 0.3029649
vn -0.00606761966 0.676230669 -0.736664951
vn -0.114619046 0.430577278 -0.895246148
vn -0.222757921 0.74508363 -0.628672659
vn -0.341982216 0.3803022 -0.8593128
vn -0.348588556 0.35793522 -0.866238058
vn -0.6120028 0.438610762 -0.658082962
vn -0.477499574 0.410308182 -0.7769436
vn -0.59879154 0.455233216 0.65894717
vn 1.05419531E-07 0.5683985 0.8227534
vn 1.28693891E-08 0.93530345 0.353846639
vn -0.609967768 0.741159 0.2803972
vn 0.59879154 0.455233216 0.65894717
vn 0.609967768 0.741158962 0.280397356
vn -0.70710665 3.02271758E-07 0.707106948
vn 6.183734E-08 4.811496E-07 1
vn 1.05419531E-07 0.5683985 0.8227534
vn -0.59879154 0.455233216 0.65894717
vn 0.7071066 4.47002748E-07 0.707106948
vn 0.59879154 0.455233216 0.65894717
vn 1 -6.40177234E-07 -4.83448162E-07
vn 0.609967768 0.741158962 0.280397356
vn -1 0 0
vn -0.609967768 0.741159 0.2803972
vn 0 0.70710665 0.7071069
vn 0.577350259 0.577350259 0.5773503
vn 0.577350259 0.577350259 -0.577350259
vn 0 0.707106769 -0.7071068
vn 0 0 1
vn 0.707106769 0 0.7071068
vn 0.577350259 0.577350259 0.5773503
vn 0 0.70710665 0.7071069
vn 0.707106769 0 0.7071068
vn 0.7071068 0 -0.707106769
vn 0.577350259 0.577350259 -0.577350259
vn 0.577350259 0.577350259 0.5773503
vn 0.7071068 0 -0.707106769
vn 0 0 -1
vn 0 0.707106769 -0.7071068
vn 0.577350259 0.577350259 -0.577350259
vn -6.832943E-08 0.707106769 0.7071068
vn 0.5773502 0.577350259 0.5773503
vn 0.5773503 0.577350259 -0.5773502
vn 1.02494134E-07 0.7071067 -0.7071069
vn -9.6632256E-08 2.83933575E-15 1
vn 0.7071067 0 0.7071068
vn 0.5773502 0.577350259 0.5773503
vn -6.832943E-08 0.707106769 0.7071068
vn 0.7071067 0 0.7071068
vn 0.7071069 -2.45041549E-14 -0.7071067
vn 0.5773503 0.577350259 -0.5773502
vn 0.5773502 0.577350259 0.5773503
vn 0.7071069 -2.45041549E-14 -0.7071067
vn 1.44948388E-07 -3.89131069E-14 -1
vn 1.02494134E-07 0.7071067 -0.7071069
vn 0.5773503 0.577350259 -0.5773502
vn 0 0.7071067 0.7071069
vn 0.577350259 0.577350259 0.577350259
vn 0.5773503 0.577350259 -0.577350259
vn 0 0.7071067 -0.7071068
vn 0 0 1
vn 0.707105756 3.41374857E-07 0.707107842
vn 0.577350259 0.577350259 0.577350259
vn 0 0.7071067 0.7071069
vn 0.707105756 3.41374857E-07 0.707107842
vn 0.7071081 3.79663078E-07 -0.707105458
vn 0.5773503 0.577350259 -0.577350259
vn 0.577350259 0.577350259 0.577350259
vn 0.7071081 3.79663078E-07 -0.707105458
vn 0 0 -1
vn 0 0.7071067 -0.7071068
vn 0.5773503 0.577350259 -0.577350259
vn 1 0 1.48763633E-07
vn 1 0 1.48763633E-07
vn 1 0 1.48763633E-07
vn 1 0 1.48763647E-07
vn 1 0 1.48763661E-07
vn 1 0 1.48763661E-07
vn 1 0 1.48763661E-07
vn 1 0 1.48763661E-07
vn -0.57735014 0.577350557 -0.5773501
vn -0.57735014 0.5773504 0.577350259
vn 0.577350438 0.57735014 0.5773502
vn 0.577350438 0.577350259 -0.5773501
vn -0.7071068 7.59324735E-07 -0.707106769
vn -0.7071069 3.79662424E-07 0.70710665
vn -0.57735014 0.5773504 0.577350259
vn -0.57735014 0.577350557 -0.5773501
vn -0.7071069 3.79662424E-07 0.70710665
vn 0.70710665 -3.79662282E-07 0.7071069
vn 0.577350438 0.57735014 0.5773502
vn -0.57735014 0.5773504 0.577350259
vn 0.70710665 -3.79662282E-07 0.7071069
vn 0.7071066 2.14612413E-13 -0.707107
vn 0.577350438 0.577350259 -0.5773501
vn 0.577350438 0.57735014 0.5773502
vn 0 0 1
vn 0 0 1
vn 0 0 1
vn 0 0 1
vn -0.57735014 0.577350557 -0.5773501
vn 0.577350438 0.577350259 -0.5773501
vn 0.7071066 2.14612413E-13 -0.707107
vn -0.7071068 7.59324735E-07 -0.707106769
vn -0.57735 0.5773506 -0.57735014
vn -0.5773501 0.577350438 0.577350259
vn 0.5773504 0.5773501 0.5773503
vn 0.5773507 0.5773502 -0.577349961
vn -0.70710665 1.03368291E-06 -0.707106948
vn -0.707107246 6.644096E-07 0.7071063
vn -0.5773501 0.577350438 0.577350259
vn -0.57735 0.5773506 -0.57735014
vn -0.707107246 6.644096E-07 0.7071063
vn 0.7071066 -5.642992E-07 0.707107
vn 0.5773504 0.5773501 0.5773503
vn -0.5773501 0.577350438 0.577350259
vn 0.7071066 -5.642992E-07 0.707107
vn 0.7071065 -1.89830772E-07 -0.7071071
vn 0.5773507 0.5773502 -0.577349961
vn 0.5773504 0.5773501 0.5773503
vn -0.57735 0.5773506 -0.57735014
vn 0.5773507 0.5773502 -0.577349961
vn 0.7071065 -1.89830772E-07 -0.7071071
vn -0.70710665 1.03368291E-06 -0.707106948
vn -3.267671E-07 -8.084514E-15 1
vn -3.26767037E-07 -3.3437764E-14 1
vn -3.267671E-07 -2.53532513E-14 1
vn -3.26767065E-07 0 1
vn -0.5773499 0.5773507 -0.5773502
vn -0.5773506 0.5773505 0.577349663
vn 0.5773499 0.57735 0.577350855
vn 0.5773507 0.5773502 -0.577349961
vn -0.7071068 9.06892467E-07 -0.7071067
vn -0.707107544 5.220363E-07 0.707106054
vn -0.5773506 0.5773505 0.577349663
vn -0.5773499 0.5773507 -0.5773502
vn -0.707107544 5.220363E-07 0.707106054
vn 0.707106 -5.642988E-07 0.7071076
vn 0.5773499 0.57735 0.577350855
vn -0.5773506 0.5773505 0.577349663
vn 0.707106 -5.642988E-07 0.7071076
vn 0.7071065 -1.89830786E-07 -0.7071071
vn 0.5773507 0.5773502 -0.577349961
vn 0.5773499 0.57735 0.577350855
vn -0.5773499 0.5773507 -0.5773502
vn 0.5773507 0.5773502 -0.577349961
vn 0.7071065 -1.89830786E-07 -0.7071071
vn -0.7071068 9.06892467E-07 -0.7071067
vn 0 1 0
vn 0 0.70710665 0.707106948
vn 0.577350557 0.5773501 0.5773502
vn 0.7071072 0.7071064 0
vn 0 0 1
vn 0.70710665 -6.1695124E-07 0.707106948
vn 0.577350557 0.5773501 0.5773502
vn 0 0.70710665 0.707106948
vn 0.70710665 -6.1695124E-07 0.707106948
vn 1 -8.72501E-07 0
vn 0.7071072 0.7071064 0
vn 0.577350557 0.5773501 0.5773502
vn -0.7071066 0.707107 0
vn -0.57735 0.5773505 0.5773503
vn 0 0.707107067 0.7071065
vn 0 1 0
vn -1 8.053856E-07 0
vn -0.707107 5.6949375E-07 0.7071066
vn -0.57735 0.5773505 0.5773503
vn -0.7071066 0.707107 0
vn -0.707107 5.6949375E-07 0.7071066
vn 0 0 1
vn 0 0.707107067 0.7071065
vn -0.57735 0.5773505 0.5773503
vn -1 -2.88100722E-07 -6.08397954E-08
vn -1 0 -2.05441651E-07
vn -1 -1.21215493E-07 -1.4460187E-07
vn -1 -4.09316215E-07 0
vn 1 1.02329047E-07 1.02720833E-07
vn 1 1.02329039E-07 1.0272084E-07
vn 1 1.02329047E-07 1.02720826E-07
vn 1 1.02329054E-07 1.02720826E-07
vn 0 0.707106769 -0.707106769
vn -0.577350259 0.577350259 -0.577350259
vn -0.577350259 0.577350259 0.577350259
vn 0 0.707106769 0.707106769
vn 0 0 -1
vn -0.707106769 0 -0.707106769
vn -0.577350259 0.577350259 -0.577350259
vn 0 0.707106769 -0.707106769
vn -0.707106769 0 -0.707106769
vn -0.707106769 0 0.707106769
vn -0.577350259 0.577350259 0.577350259
vn -0.577350259 0.577350259 -0.577350259
vn -0.707106769 0 0.707106769
vn 0 0 1
vn 0 0.707106769 0.707106769
vn -0.577350259 0.577350259 0.577350259
vn 6.832921E-08 0.7071068 -0.707106769
vn -0.5773502 0.577350259 -0.5773503
vn -0.5773503 0.5773502 0.577350259
vn -3.41646178E-08 0.70710665 0.7071069
vn 9.66321E-08 0 -1
vn -0.7071083 -5.120642E-07 -0.7071052
vn -0.5773502 0.577350259 -0.5773503
vn 6.832921E-08 0.7071068 -0.707106769
vn -0.7071083 -5.120642E-07 -0.7071052
vn -0.707104862 -5.69492E-07 0.7071087
vn -0.5773503 0.5773502 0.577350259
vn -0.5773502 0.577350259 -0.5773503
vn -0.707104862 -5.69492E-07 0.7071087
vn -4.8316128E-08 -2.5942073E-14 1
vn -3.41646178E-08 0.70710665 0.7071069
vn -0.5773503 0.5773502 0.577350259
vn 0 0.70710665 -0.707106948
vn -0.5773507 0.5773499 -0.5773502
vn -0.5773507 0.577349961 0.57735014
vn 0 0.70710665 0.7071069
vn 0 0 -1
vn -0.7071054 -6.077793E-07 -0.70710814
vn -0.5773507 0.5773499 -0.5773502
vn 0 0.70710665 -0.707106948
vn -0.7071054 -6.077793E-07 -0.70710814
vn -0.707107842 -5.69494432E-07 0.707105756
vn -0.5773507 0.577349961 0.57735014
vn -0.5773507 0.5773499 -0.5773502
vn -0.707107842 -5.69494432E-07 0.707105756
vn 0 0 1
vn 0 0.70710665 0.7071069
vn -0.5773507 0.577349961 0.57735014
vn -1 -9.554343E-07 3.47247067E-07
vn -1 0 0
vn -1 -2.7251437E-07 9.904376E-08
vn -1 -1.2279487E-06 4.46290841E-07
vn -1 -1.22794859E-06 -3.67851637E-14
vn -1 -1.22794859E-06 -4.56685335E-14
vn -1 -1.22794859E-06 -4.31347666E-14
vn -1 -1.22794859E-06 -3.42514E-14
vn 3.62397579E-08 4.41664E-09 -1
vn 3.30226868E-08 -6.94774371E-09 -1
vn 0.7071068 2.69559081E-07 -0.7071067
vn 0.7071069 3.34541255E-07 -0.70710665
vn 0.707106352 0.7071072 1.57337532E-09
vn -0.7071073 0.707106233 0
vn -0.301511377 0.301511258 -0.904534042
vn -1.6189874E-07 0.707106769 -0.707106769
vn 0.301511437 0.301511437 -0.904534
vn 1 1.91465972E-07 0
vn 0.707106352 0.7071072 1.57337532E-09
vn 0.301511437 0.301511437 -0.904534
vn 0.3162279 -3.69394257E-08 -0.948683262
vn -0.7071073 0.707106233 0
vn -1 -7.65863547E-07 0
vn -0.3162278 -2.45628655E-07 -0.9486833
vn -0.301511377 0.301511258 -0.904534042
vn 3.62397579E-08 4.41664E-09 -1
vn 6.139259E-08 2.64608726E-08 -1
vn -1.6189874E-07 0.707106769 -0.707106769
vn -0.301511377 0.301511258 -0.904534042
vn -0.3162278 -2.45628655E-07 -0.9486833
vn 8.105907E-08 -3.00633118E-08 -1
vn 9.254364E-08 -3.620047E-09 -1
vn 3.30226868E-08 -6.94774371E-09 -1
vn -0.70710665 -2.26130183E-07 -0.707106948
vn 0.3162279 -3.69394257E-08 -0.948683262
vn 0.301511437 0.301511437 -0.904534
vn -0.7071066 -2.78489381E-07 -0.707106948
vn 1.24505817E-07 0.93530345 -0.353846669
vn 3.34807481E-07 0.568398356 -0.8227535
vn -0.598791 0.4552333 -0.6589476
vn -0.6099679 0.7411589 -0.280397445
vn 0.6099679 0.741158962 -0.280397117
vn 0.598792434 0.455232531 -0.6589469
vn 3.34807481E-07 0.568398356 -0.8227535
vn 3.41510486E-07 3.0693304E-15 -1
vn -0.7071067 6.04543231E-07 -0.7071068
vn -0.598791 0.4552333 -0.6589476
vn 0.598792434 0.455232531 -0.6589469
vn 0.7071069 -7.667867E-07 -0.70710665
vn 0.6099679 0.741158962 -0.280397117
vn 1 -6.983751E-07 6.76827767E-07
vn -1 2.31224476E-07 -4.755378E-07
vn -0.6099679 0.7411589 -0.280397445
vn 0.577350438 0.57735014 -0.5773502
vn -0.5773501 0.577350438 -0.577350259
vn -0.57735014 0.5773507 0.57735
vn 0.5773505 0.5773504 0.577349961
vn -0.5773501 0.577350438 -0.577350259
vn -0.7071069 3.79662453E-07 -0.70710665
vn -0.7071067 9.49155947E-07 0.7071069
vn -0.57735014 0.5773507 0.57735
vn 0.577350438 0.57735014 -0.5773502
vn 0.7071067 -3.796623E-07 -0.7071069
vn -0.7071069 3.79662453E-07 -0.70710665
vn -0.5773501 0.577350438 -0.577350259
vn 0.5773505 0.5773504 0.577349961
vn 0.7071065 1.89831624E-07 0.707107067
vn 0.7071067 -3.796623E-07 -0.7071069
vn 0.577350438 0.57735014 -0.5773502
vn 0 0 -1
vn 0 0 -1
vn 0 0 -1
vn 0 0 -1
vn 0.7071065 1.89831624E-07 0.707107067
vn 0.5773505 0.5773504 0.577349961
vn -0.57735014 0.5773507 0.57735
vn -0.7071067 9.49155947E-07 0.7071069
vn 0.5773505 0.5773501 -0.577350259
vn -0.577349961 0.5773505 -0.5773503
vn -0.577349961 0.5773505 0.5773503
vn 0.5773505 0.5773501 0.5773502
vn -0.577349961 0.5773505 -0.5773503
vn -0.70710665 5.69493466E-07 -0.7071069
vn -0.707107246 5.798824E-07 0.707106352
vn -0.577349961 0.5773505 0.5773503
vn 0.5773505 0.5773501 -0.577350259
vn 0.70710665 -5.22035634E-07 -0.707106948
vn -0.70710665 5.69493466E-07 -0.7071069
vn -0.577349961 0.5773505 -0.5773503
vn 0.5773505 0.5773501 0.5773502
vn 0.70710665 -5.22035634E-07 0.707106948
vn 0.70710665 -5.22035634E-07 -0.707106948
vn 0.5773505 0.5773501 -0.577350259
vn 0.70710665 -5.22035634E-07 0.707106948
vn 0.5773505 0.5773501 0.5773502
vn -0.577349961 0.5773505 0.5773503
vn -0.707107246 5.798824E-07 0.707106352
vn 3.26767065E-07 3.34377674E-14 -1
vn 3.26767037E-07 3.34377674E-14 -1
vn 3.26767065E-07 3.34377674E-14 -1
vn 3.26767037E-07 3.34377674E-14 -1
vn 0.577351 0.57735014 -0.5773497
vn -0.5773496 0.5773504 -0.5773508
vn -0.5773509 0.5773507 0.577349246
vn 0.577349663 0.577349842 0.5773513
vn -0.5773496 0.5773504 -0.5773508
vn -0.707106352 5.220354E-07 -0.7071072
vn -0.70710814 5.22036771E-07 0.707105458
vn -0.5773509 0.5773507 0.577349246
vn 0.577351 0.57735014 -0.5773497
vn 0.707107246 -5.69494E-07 -0.707106352
vn -0.707106352 5.220354E-07 -0.7071072
vn -0.5773496 0.5773504 -0.5773508
vn 0.577349663 0.577349842 0.5773513
vn 0.7071054 -5.69492556E-07 0.7071082
vn 0.707107246 -5.69494E-07 -0.707106352
vn 0.577351 0.57735014 -0.5773497
vn 0.7071054 -5.69492556E-07 0.7071082
vn 0.577349663 0.577349842 0.5773513
vn -0.5773509 0.5773507 0.577349246
vn -0.70710814 5.22036771E-07 0.707105458
vn 0.5773505 0.5773501 -0.577350259
vn 0 0.70710665 -0.707106948
vn 0 1 0
vn 0.7071071 0.7071064 -2.760604E-15
vn 0.5773505 0.5773501 -0.577350259
vn 0.7071066 -5.22035634E-07 -0.707106948
vn 0 0 -1
vn 0 0.70710665 -0.707106948
vn 0.7071071 0.7071064 -2.760604E-15
vn 1 -7.382701E-07 -3.567035E-14
vn 0.7071066 -5.22035634E-07 -0.707106948
vn 0.5773505 0.5773501 -0.577350259
vn 0 0.7071067 -0.7071069
vn -0.577349961 0.577350259 -0.577350557
vn -0.70710665 0.7071069 0
vn 0 1 0
vn -0.577349961 0.577350259 -0.577350557
vn -0.7071072 6.28814438E-13 -0.7071064
vn -1 8.053855E-07 0
vn -0.70710665 0.7071069 0
vn 0 0.7071067 -0.7071069
vn 0 -8.053855E-07 -1
vn -0.7071072 6.28814438E-13 -0.7071064
vn -0.577349961 0.577350259 -0.577350557
vn -1 -1.21214853E-07 -4.71722984E-07
vn -1 5.045434E-13 -4.10883246E-07
vn -1 -2.881001E-07 -5.554851E-07
vn -1 -4.09315476E-07 -6.163249E-07
vn 1 1.02329047E-07 7.70406132E-07
vn 1 1.02329039E-07 7.704062E-07
vn 1 1.02329047E-07 7.704062E-07
vn 1 1.02329054E-07 7.704062E-07
vn 0.449783117 0.6164253 -0.6463087
vn 0.689317644 0.378461868 -0.6177441
vn 0.393208951 0.1924368 -0.8990855
vn 0.7039812 -0.350740671 -0.61756897
vn -0.08699893 0.02238903 -0.9959568
vn -0.394588143 -0.736477852 -0.5494548
vn -0.449783236 0.616425157 -0.6463088
vn -0.6893173 0.37846148 -0.6177448
vn -0.393208861 0.192436665 -0.8990856
vn -0.703980446 -0.350741 -0.6175697
vn 0.0869990438 0.0223891623 -0.9959568
vn 0.3945885 -0.7364777 -0.549454749
vn -0.050186865 0.8128137 0.5803578
vn -0.04809007 0.8123932 0.5811236
vn -0.145258933 0.8274915 0.542363
vn -0.146224335 0.827596 0.541943967
vn -0.048981797 0.820197761 0.56997925
vn -0.0471686423 0.8202985 0.569987237
vn -0.1518963 0.809997737 0.5664196
vn -0.152813688 0.8098668 0.5663601
vn -0.0493191443 0.792389 0.608019233
vn -0.0503436178 0.7920662 0.608355641
vn 0.0668415651 0.8223631 0.5650231
vn 0.06750011 0.8224956 0.5647519
vn 8.660632E-10 0.583739758 -0.811940849
vn 1.44335177E-09 -0.0163391046 -0.9998665
vn 5.36760462E-11 -0.01633908 -0.9998665
vn -2.24641852E-08 0.5837399 -0.8119407
vn -2.13766818E-08 0.9530017 -0.302964956
vn -5.74224721E-08 0.953001738 -0.302964926
vn 0.7071067 0 -0.7071069
vn -0.70710665 0 -0.7071069
vn -0.57735014 0.57735014 -0.5773505
vn 0.5773503 0.577350259 -0.5773502
vn -1 0 -1.18169417E-07
vn -0.7071067 0.7071068 -1.04448006E-07
vn -0.57735014 0.57735014 -0.5773505
vn -0.70710665 0 -0.7071069
vn -0.7071067 0.7071068 -1.04448006E-07
vn 0.7071069 0.70710665 -2.08895958E-08
vn 0.5773503 0.577350259 -0.5773502
vn 1 0 0
vn 0.7071067 0 -0.7071069
vn -0.7071071 0 0.7071064
vn 0.70710665 0 0.7071069
vn 0.5773504 0.5773504 0.57735
vn -0.5773503 0.577350259 0.5773502
vn 1 0 1.57559228E-07
vn 0.707106769 0.7071068 1.32300812E-07
vn 0.5773504 0.5773504 0.57735
vn 0.70710665 0 0.7071069
vn 0.707106769 0.7071068 1.32300812E-07
vn -0.7071069 0.7071067 2.08896E-08
vn -0.5773503 0.577350259 0.5773502
vn -1 0 0
vn -0.7071071 0 0.7071064
vn 1 3.49282459E-07 8.761977E-08
vn 1 3.01085947E-07 -8.24020146E-14
vn 1 4.03432438E-07 1.860628E-07
vn 1 4.51628949E-07 2.73682673E-07
vn -1 -4.03432438E-07 -1.860628E-07
vn -1 -3.01085947E-07 8.24020146E-14
vn -1 -3.49282459E-07 -8.761977E-08
vn -1 -4.51628949E-07 -2.73682673E-07
vn 1 2.57588738E-07 2.29421047E-07
vn 1 1.31392383E-07 -6.277071E-14
vn 1 3.993733E-07 4.87181069E-07
vn 1 5.25569646E-07 7.166022E-07
vn -1 -3.5730784E-07 -6.495748E-07
vn -1 0 0
vn -1 -1.68261778E-07 -3.05894815E-07
vn -1 -5.25569646E-07 -9.554697E-07
vn 0.0481849946 0.98280865 0.1782283
vn 0.0418726727 0.421026021 -0.906081557
vn -1.65028908E-07 0.5900087 -0.8073969
vn -7.945954E-08 0.9512511 0.3084176
vn -0.124096282 0.450371653 0.884175062
vn -2.37843647E-08 0.686566353 0.7270672
vn 0.0382746942 -0.532024264 -0.8458636
vn 0.0537596159 -0.9418598 -0.3316776
vn 0.00351032917 -0.898071945 -0.439834535
vn -1.37334681E-07 -0.4733841 -0.8808561
vn 0.101245917 0.550054967 -0.8289685
vn 0.185036838 0.9552733 0.2306824
vn 0.178722069 0.628013134 0.757402062
vn 0.120575525 -0.479118079 -0.86942935
vn 0.105343886 -0.8766346 -0.469483227
vn 0.354538858 0.8965279 0.2655935
vn 0.241193175 0.419524878 -0.875114143
vn 0.257939249 -0.242102012 0.9353363
vn 0.309227139 -0.559887469 -0.768703163
vn 0.2101867 -0.97464484 0.07673994
vn 0.554243267 -0.559601247 0.616166234
vn -0.6062988 -0.752573133 0.256973624
vn 0.6003121 -0.767416239 0.225161478
vn 0.5975608 -0.484739572 -0.638708532
vn 0.6170717 0.335590243 -0.711759567
vn 0.56163764 0.7904386 0.244478926
vn 0.56163764 0.7904386 0.244478926
vn 0.6170717 0.335590243 -0.711759567
vn 0.257939249 -0.242102012 0.9353363
vn 0.554243267 -0.559601247 0.616166234
vn -3.72758632E-06 -0.946350932 0.323140681
vn 0.257939249 -0.242102012 0.9353363
vn 0.5975608 -0.484739572 -0.638708532
vn 0.6003121 -0.767416239 0.225161478
vn 0.2101867 -0.97464484 0.07673994
vn -0.041873116 0.421025962 -0.906081557
vn -0.0481846258 0.9828085 0.178229362
vn 0.124096677 0.4503706 0.8841755
vn -0.0315514542 -0.9124177 -0.408042163
vn -0.02288188 -0.494937271 -0.868627369
vn -0.101246387 0.5500551 -0.8289684
vn -0.18503724 0.9552732 0.230682209
vn -0.178721875 0.628013 0.757402241
vn -0.119751148 -0.875115454 -0.46886313
vn -0.128382057 -0.473621249 -0.8713214
vn -0.241192579 0.4195254 -0.875114
vn -0.3545404 0.8965272 0.265594
vn -0.2579401 -0.2421026 0.9353359
vn -0.210185155 -0.9746451 0.07674114
vn -0.309227556 -0.559888 -0.7687026
vn -0.5542448 -0.559599 0.6161669
vn -0.561636567 0.7904388 0.244480923
vn -0.617071748 0.335592538 -0.711758435
vn -0.5975617 -0.4847358 -0.638710558
vn -0.6003123 -0.7674164 0.225160256
vn 0.6062977 -0.7525729 0.256977022
vn -0.617071748 0.335592538 -0.711758435
vn -0.561636567 0.7904388 0.244480923
vn -0.5542448 -0.559599 0.6161669
vn -0.2579401 -0.2421026 0.9353359
vn 3.55197562E-06 -0.9463508 0.3231411
vn -0.2579401 -0.2421026 0.9353359
vn -0.6003123 -0.7674164 0.225160256
vn -0.5975617 -0.4847358 -0.638710558
vn -0.210185155 -0.9746451 0.07674114
vn -0.0501867533 0.8128137 -0.5803578
vn -0.146223366 0.8275959 -0.5419444
vn -0.145258233 0.827491462 -0.5423633
vn -0.0480900742 0.812393248 -0.581123531
vn -0.048981484 0.8201979 -0.5699792
vn -0.152813643 0.809866846 -0.56636
vn -0.151896238 0.809997857 -0.5664195
vn -0.0471683256 0.820298553 -0.5699872
vn -0.04931908 0.792389035 -0.6080191
vn 0.06749355 0.8224943 -0.564754546
vn 0.06683483 0.8223618 -0.5650258
vn -0.0503434464 0.792066336 -0.6083555
usemtl 0701000000_part_0_material_0
f 1/1/1 2/2/2 3/3/3
f 3/3/3 4/4/4 1/1/1
f 5/5/5 6/6/6 7/7/7
f 7/7/7 8/8/8 5/5/5
f 9/9/9 6/6/6 5/5/5
f 1/1/1 4/4/4 10/10/10
f 10/10/10 11/11/11 1/1/1
f 7/7/7 6/6/6 12/12/12
f 13/13/13 14/14/14 15/15/15
f 15/15/15 16/16/16 13/13/13
f 14/14/14 17/17/17 18/18/18
f 18/18/18 15/15/15 14/14/14
f 19/19/19 20/20/20 8/8/8
f 8/8/8 7/7/7 19/19/19
f 21/21/21 22/22/22 3/3/3
f 3/3/3 2/2/2 21/21/21
f 12/12/12 23/23/23 19/19/19
f 19/19/19 7/7/7 12/12/12
f 24/24/24 25/25/25 13/13/13
f 13/13/13 16/16/16 24/24/24
f 26/26/26 27/27/27 28/28/28
f 28/28/28 29/29/29 26/26/26
f 30/30/30 31/31/31 32/32/32
f 32/32/32 33/33/33 30/30/30
f 34/34/34 32/32/32 31/31/31
f 35/35/35 29/29/29 28/28/28
f 28/28/28 36/36/36 35/35/35
f 30/30/30 37/37/37 31/31/31
f 38/38/38 39/39/39 40/40/40
f 40/40/40 41/41/41 38/38/38
f 42/42/42 43/43/43 39/39/39
f 39/39/39 38/38/38 42/42/42
f 44/44/44 45/45/45 46/46/46
f 46/46/46 47/47/47 44/44/44
f 48/48/48 49/49/49 50/50/50
f 50/50/50 51/51/51 48/48/48
f 52/52/52 53/53/53 54/54/54
f 54/54/54 55/55/55 52/52/52
f 49/49/49 48/48/48 55/55/55
f 55/55/55 54/54/54 49/49/49
f 56/56/56 57/57/57 58/58/58
f 58/58/58 59/59/59 56/56/56
f 59/59/59 58/58/58 60/60/60
f 60/60/60 61/61/61 59/59/59
f 61/61/61 60/60/60 62/62/62
f 62/62/62 63/63/63 61/61/61
f 64/64/64 65/65/65 66/66/66
f 66/66/66 67/67/67 64/64/64
f 33/33/33 68/68/68 69/69/69
f 69/69/69 30/30/30 33/33/33
f 26/26/26 70/70/70 71/71/71
f 71/71/71 27/27/27 26/26/26
f 69/69/69 72/72/72 37/37/37
f 37/37/37 30/30/30 69/69/69
f 40/40/40 73/73/73 74/74/74
f 74/74/74 41/41/41 40/40/40
f 75/75/75 76/76/76 77/77/77
f 77/77/77 78/78/78 75/75/75
f 79/79/79 80/80/80 81/81/81
f 81/81/81 80/80/80 82/82/82
f 82/82/82 83/83/83 81/81/81
f 78/78/78 45/45/45 44/44/44
f 44/44/44 75/75/75 78/78/78
f 57/57/57 84/84/84 79/79/79
f 79/79/79 81/81/81 57/57/57
f 84/84/84 57/57/57 56/56/56
f 50/50/50 47/47/47 46/46/46
f 46/46/46 51/51/51 50/50/50
f 85/85/85 86/86/86 87/87/87
f 88/88/88 85/85/85 87/87/87
f 87/87/87 89/89/89 88/88/88
f 86/86/86 90/90/90 91/91/91
f 91/91/91 87/87/87 86/86/86
f 91/91/91 90/90/90 92/92/92
f 93/93/93 94/94/94 95/95/95
f 95/95/95 96/96/96 93/93/93
f 97/97/97 98/98/98 99/99/99
f 99/99/99 100/100/100 97/97/97
f 101/101/101 99/99/99 98/98/98
f 102/102/102 96/96/96 95/95/95
f 95/95/95 103/103/103 102/102/102
f 97/97/97 104/104/104 98/98/98
f 105/105/105 106/106/106 107/107/107
f 107/107/107 108/108/108 105/105/105
f 109/109/109 110/110/110 106/106/106
f 106/106/106 105/105/105 109/109/109
f 100/100/100 20/20/20 19/19/19
f 19/19/19 97/97/97 100/100/100
f 93/93/93 22/22/22 21/21/21
f 21/21/21 94/94/94 93/93/93
f 19/19/19 23/23/23 104/104/104
f 104/104/104 97/97/97 19/19/19
f 107/107/107 25/25/25 24/24/24
f 24/24/24 108/108/108 107/107/107
f 111/111/111 112/112/112 113/113/113
f 113/113/113 114/114/114 111/111/111
f 115/115/115 116/116/116 117/117/117
f 117/117/117 118/118/118 115/115/115
f 119/119/119 116/116/116 115/115/115
f 111/111/111 114/114/114 120/120/120
f 120/120/120 121/121/121 111/111/111
f 117/117/117 116/116/116 122/122/122
f 123/123/123 124/124/124 125/125/125
f 125/125/125 126/126/126 123/123/123
f 124/124/124 127/127/127 128/128/128
f 128/128/128 125/125/125 124/124/124
f 129/129/129 130/130/130 131/131/131
f 131/131/131 132/132/132 129/129/129
f 133/133/133 134/134/134 135/135/135
f 135/135/135 136/136/136 133/133/133
f 137/137/137 138/138/138 139/139/139
f 139/139/139 140/140/140 137/137/137
f 140/140/140 135/135/135 134/134/134
f 134/134/134 137/137/137 140/140/140
f 141/141/141 142/142/142 143/143/143
f 143/143/143 144/144/144 141/141/141
f 145/145/145 141/141/141 144/144/144
f 144/144/144 146/146/146 145/145/145
f 147/147/147 145/145/145 146/146/146
f 146/146/146 148/148/148 147/147/147
f 149/149/149 150/150/150 151/151/151
f 151/151/151 152/152/152 149/149/149
f 69/69/69 68/68/68 118/118/118
f 118/118/118 117/117/117 69/69/69
f 71/71/71 70/70/70 113/113/113
f 113/113/113 112/112/112 71/71/71
f 122/122/122 72/72/72 69/69/69
f 69/69/69 117/117/117 122/122/122
f 74/74/74 73/73/73 123/123/123
f 123/123/123 126/126/126 74/74/74
f 153/153/153 154/154/154 155/155/155
f 155/155/155 156/156/156 153/153/153
f 157/157/157 158/158/158 159/159/159
f 160/160/160 159/159/159 158/158/158
f 158/158/158 83/83/83 160/160/160
f 131/131/131 130/130/130 156/156/156
f 156/156/156 155/155/155 131/131/131
f 157/157/157 161/161/161 142/142/142
f 142/142/142 158/158/158 157/157/157
f 161/161/161 143/143/143 142/142/142
f 129/129/129 132/132/132 133/133/133
f 133/133/133 136/136/136 129/129/129
f 170/170/170 160/160/160 83/83/83
f 88/88/88 89/89/89 171/171/171
f 172/172/172 173/173/173 174/174/174
f 174/174/174 175/175/175 172/172/172
f 176/176/176 177/177/177 178/178/178
f 178/178/178 179/179/179 176/176/176
f 180/180/180 181/181/181 182/182/182
f 182/182/182 183/183/183 180/180/180
f 184/184/184 185/185/185 160/160/160
f 184/184/184 160/160/160 170/170/170
f 184/184/184 170/170/170 186/186/186
f 187/187/187 188/188/188 88/88/88
f 187/187/187 88/88/88 171/171/171
f 187/187/187 171/171/171 189/189/189
f 177/177/177 176/176/176 173/173/173
f 173/173/173 172/172/172 177/177/177
f 288/288/288 289/289/289 290/290/290
f 290/290/290 291/291/291 288/288/288
f 292/292/292 293/293/293 289/289/289
f 289/289/289 288/288/288 292/292/292
f 294/294/294 295/295/295 296/296/296
f 295/295/295 294/294/294 297/297/297
f 297/297/297 89/89/89 295/295/295
f 298/298/298 299/299/299 296/296/296
f 296/296/296 295/295/295 298/298/298
f 298/298/298 300/300/300 299/299/299
f 365/365/365 366/366/366 367/367/367
f 367/367/367 368/368/368 365/365/365
f 369/369/369 370/370/370 371/371/371
f 371/371/371 372/372/372 369/369/369
f 389/389/389 390/390/390 391/391/391
f 391/391/391 392/392/392 389/389/389
f 417/417/417 418/418/418 419/419/419
f 419/419/419 420/420/420 417/417/417
f 465/465/465 466/466/466 467/467/467
f 467/467/467 468/468/468 465/465/465
f 469/469/469 470/470/470 471/471/471
f 471/471/471 472/472/472 469/469/469
f 521/521/521 522/522/522 523/523/523
f 523/523/523 524/524/524 521/521/521
f 525/525/525 526/526/526 527/527/527
f 527/527/527 528/528/528 525/525/525
f 590/590/590 591/591/591 592/592/592
f 592/592/592 593/593/593 590/590/590
f 618/618/618 619/619/619 620/620/620
f 620/620/620 621/621/621 618/618/618
f 666/666/666 667/667/667 668/668/668
f 668/668/668 669/669/669 666/666/666
f 670/670/670 671/671/671 672/672/672
f 672/672/672 673/673/673 670/670/670
f 674/674/674 91/91/91 92/92/92
f 92/92/92 675/675/675 674/674/674
f 676/676/676 674/674/674 675/675/675
f 675/675/675 677/677/677 676/676/676
f 678/678/678 676/676/676 677/677/677
f 677/677/677 679/679/679 678/678/678
f 300/300/300 298/298/298 680/680/680
f 680/680/680 681/681/681 300/300/300
f 681/681/681 680/680/680 682/682/682
f 682/682/682 683/683/683 681/681/681
f 683/683/683 682/682/682 684/684/684
f 684/684/684 685/685/685 683/683/683
f 686/686/686 687/687/687 688/688/688
f 688/688/688 689/689/689 686/686/686
f 690/690/690 691/691/691 692/692/692
f 692/692/692 693/693/693 690/690/690
f 694/694/694 695/695/695 696/696/696
f 696/696/696 697/697/697 694/694/694
f 698/698/698 699/699/699 700/700/700
f 700/700/700 701/701/701 698/698/698
f 702/702/702 698/698/698 701/701/701
f 701/701/701 703/703/703 702/702/702
f 730/730/730 731/731/731 732/732/732
f 732/732/732 733/733/733 730/730/730
f 734/734/734 735/735/735 736/736/736
f 736/736/736 737/737/737 734/734/734
f 738/738/738 739/739/739 740/740/740
f 740/740/740 741/741/741 738/738/738
f 742/742/742 743/743/743 744/744/744
f 744/744/744 745/745/745 742/742/742
f 811/811/811 812/812/812 813/813/813
f 813/813/813 814/814/814 811/811/811
f 815/815/815 816/816/816 817/817/817
f 817/817/817 818/818/818 815/815/815
f 819/819/819 820/820/820 821/821/821
f 821/821/821 822/822/822 819/819/819
usemtl 0701000000_part_0_material_1
f 162/162/162 163/163/163 164/164/164
f 164/164/164 165/165/165 162/162/162
f 166/166/166 167/167/167 168/168/168
f 168/168/168 169/169/169 166/166/166
f 190/190/190 191/191/191 192/192/192
f 192/192/192 193/193/193 190/190/190
f 194/194/194 195/195/195 196/196/196
f 194/194/194 196/196/196 197/197/197
f 194/194/194 197/197/197 198/198/198
f 199/199/199 200/200/200 201/201/201
f 201/201/201 202/202/202 199/199/199
f 203/203/203 204/204/204 205/205/205
f 205/205/205 206/206/206 203/203/203
f 207/207/207 208/208/208 209/209/209
f 210/210/210 211/211/211 212/212/212
f 213/213/213 210/210/210 212/212/212
f 209/209/209 213/213/213 212/212/212
f 209/209/209 212/212/212 214/214/214
f 207/207/207 209/209/209 214/214/214
f 211/211/211 210/210/210 215/215/215
f 208/208/208 207/207/207 216/216/216
f 217/217/217 208/208/208 216/216/216
f 217/217/217 216/216/216 218/218/218
f 215/215/215 217/217/217 218/218/218
f 211/211/211 215/215/215 218/218/218
f 219/219/219 162/162/162 165/165/165
f 165/165/165 220/220/220 219/219/219
f 221/221/221 166/166/166 169/169/169
f 169/169/169 222/222/222 221/221/221
f 223/223/223 224/224/224 225/225/225
f 225/225/225 226/226/226 223/223/223
f 227/227/227 228/228/228 224/224/224
f 224/224/224 223/223/223 227/227/227
f 229/229/229 230/230/230 231/231/231
f 231/231/231 232/232/232 229/229/229
f 226/226/226 225/225/225 230/230/230
f 230/230/230 229/229/229 226/226/226
f 233/233/233 234/234/234 223/223/223
f 223/223/223 226/226/226 233/233/233
f 235/235/235 227/227/227 223/223/223
f 223/223/223 234/234/234 235/235/235
f 236/236/236 229/229/229 232/232/232
f 232/232/232 237/237/237 236/236/236
f 236/236/236 233/233/233 226/226/226
f 226/226/226 229/229/229 236/236/236
f 238/238/238 234/234/234 233/233/233
f 233/233/233 239/239/239 238/238/238
f 240/240/240 235/235/235 234/234/234
f 234/234/234 238/238/238 240/240/240
f 241/241/241 236/236/236 237/237/237
f 237/237/237 242/242/242 241/241/241
f 239/239/239 233/233/233 236/236/236
f 236/236/236 241/241/241 239/239/239
f 243/243/243 244/244/244 245/245/245
f 245/245/245 246/246/246 247/247/247
f 243/243/243 245/245/245 247/247/247
f 243/243/243 247/247/247 248/248/248
f 238/238/238 239/239/239 249/249/249
f 249/249/249 250/250/250 238/238/238
f 251/251/251 238/238/238 250/250/250
f 250/250/250 252/252/252 251/251/251
f 253/253/253 254/254/254 243/243/243
f 243/243/243 248/248/248 253/253/253
f 241/241/241 242/242/242 255/255/255
f 255/255/255 256/256/256 241/241/241
f 239/239/239 241/241/241 256/256/256
f 256/256/256 249/249/249 239/239/239
f 257/257/257 253/253/253 248/248/248
f 248/248/248 247/247/247 257/257/257
f 225/225/225 224/224/224 258/258/258
f 258/258/258 259/259/259 225/225/225
f 224/224/224 228/228/228 260/260/260
f 260/260/260 258/258/258 224/224/224
f 231/231/231 230/230/230 261/261/261
f 261/261/261 262/262/262 231/231/231
f 230/230/230 225/225/225 259/259/259
f 259/259/259 261/261/261 230/230/230
f 263/263/263 259/259/259 258/258/258
f 258/258/258 264/264/264 263/263/263
f 258/258/258 260/260/260 265/265/265
f 265/265/265 264/264/264 258/258/258
f 262/262/262 261/261/261 266/266/266
f 266/266/266 267/267/267 262/262/262
f 266/266/266 261/261/261 259/259/259
f 259/259/259 263/263/263 266/266/266
f 263/263/263 264/264/264 268/268/268
f 268/268/268 269/269/269 263/263/263
f 264/264/264 265/265/265 270/270/270
f 270/270/270 268/268/268 264/264/264
f 267/267/267 266/266/266 271/271/271
f 271/271/271 272/272/272 267/267/267
f 266/266/266 263/263/263 269/269/269
f 269/269/269 271/271/271 266/266/266
f 273/273/273 274/274/274 275/275/275
f 275/275/275 276/276/276 277/277/277
f 273/273/273 275/275/275 277/277/277
f 273/273/273 277/277/277 278/278/278
f 279/279/279 269/269/269 268/268/268
f 268/268/268 280/280/280 279/279/279
f 280/280/280 268/268/268 281/281/281
f 281/281/281 282/282/282 280/280/280
f 273/273/273 283/283/283 284/284/284
f 284/284/284 274/274/274 273/273/273
f 285/285/285 272/272/272 271/271/271
f 271/271/271 286/286/286 285/285/285
f 286/286/286 271/271/271 269/269/269
f 269/269/269 279/279/279 286/286/286
f 274/274/274 284/284/284 287/287/287
f 287/287/287 275/275/275 274/274/274
f 301/301/301 302/302/302 303/303/303
f 303/303/303 304/304/304 301/301/301
f 302/302/302 305/305/305 306/306/306
f 306/306/306 303/303/303 302/302/302
f 307/307/307 308/308/308 309/309/309
f 309/309/309 310/310/310 307/307/307
f 308/308/308 311/311/311 312/312/312
f 312/312/312 309/309/309 308/308/308
f 311/311/311 313/313/313 314/314/314
f 314/314/314 312/312/312 311/311/311
f 315/315/315 307/307/307 310/310/310
f 310/310/310 316/316/316 315/315/315
f 317/317/317 318/318/318 319/319/319
f 319/319/319 320/320/320 317/317/317
f 321/321/321 322/322/322 323/323/323
f 323/323/323 324/324/324 321/321/321
f 325/325/325 326/326/326 327/327/327
f 327/327/327 328/328/328 325/325/325
f 329/329/329 330/330/330 331/331/331
f 331/331/331 332/332/332 329/329/329
f 333/333/333 334/334/334 335/335/335
f 335/335/335 336/336/336 333/333/333
f 337/337/337 338/338/338 339/339/339
f 339/339/339 340/340/340 337/337/337
f 341/341/341 342/342/342 343/343/343
f 343/343/343 344/344/344 341/341/341
f 345/345/345 346/346/346 347/347/347
f 347/347/347 348/348/348 345/345/345
f 349/349/349 350/350/350 351/351/351
f 351/351/351 352/352/352 349/349/349
f 353/353/353 354/354/354 355/355/355
f 355/355/355 356/356/356 353/353/353
f 357/357/357 358/358/358 359/359/359
f 359/359/359 360/360/360 357/357/357
f 361/361/361 362/362/362 363/363/363
f 363/363/363 364/364/364 361/361/361
f 373/373/373 374/374/374 375/375/375
f 375/375/375 376/376/376 373/373/373
f 377/377/377 378/378/378 379/379/379
f 379/379/379 380/380/380 377/377/377
f 381/381/381 382/382/382 383/383/383
f 383/383/383 384/384/384 381/381/381
f 385/385/385 386/386/386 387/387/387
f 387/387/387 388/388/388 385/385/385
f 393/393/393 394/394/394 395/395/395
f 395/395/395 396/396/396 393/393/393
f 397/397/397 398/398/398 399/399/399
f 399/399/399 400/400/400 397/397/397
f 401/401/401 402/402/402 403/403/403
f 403/403/403 404/404/404 401/401/401
f 405/405/405 406/406/406 407/407/407
f 407/407/407 408/408/408 405/405/405
f 409/409/409 410/410/410 411/411/411
f 411/411/411 412/412/412 409/409/409
f 413/413/413 414/414/414 415/415/415
f 415/415/415 416/416/416 413/413/413
f 421/421/421 422/422/422 423/423/423
f 423/423/423 424/424/424 421/421/421
f 425/425/425 426/426/426 427/427/427
f 427/427/427 428/428/428 425/425/425
f 429/429/429 430/430/430 431/431/431
f 431/431/431 432/432/432 429/429/429
f 433/433/433 434/434/434 435/435/435
f 435/435/435 436/436/436 433/433/433
f 437/437/437 438/438/438 439/439/439
f 439/439/439 440/440/440 437/437/437
f 441/441/441 442/442/442 443/443/443
f 443/443/443 444/444/444 441/441/441
f 445/445/445 446/446/446 447/447/447
f 447/447/447 448/448/448 445/445/445
f 449/449/449 450/450/450 451/451/451
f 451/451/451 452/452/452 449/449/449
f 453/453/453 454/454/454 455/455/455
f 455/455/455 456/456/456 453/453/453
f 457/457/457 458/458/458 459/459/459
f 459/459/459 460/460/460 457/457/457
f 461/461/461 462/462/462 463/463/463
f 463/463/463 464/464/464 461/461/461
f 473/473/473 474/474/474 475/475/475
f 475/475/475 476/476/476 473/473/473
f 477/477/477 478/478/478 479/479/479
f 479/479/479 480/480/480 477/477/477
f 481/481/481 482/482/482 483/483/483
f 483/483/483 484/484/484 481/481/481
f 485/485/485 486/486/486 487/487/487
f 487/487/487 488/488/488 485/485/485
f 489/489/489 490/490/490 491/491/491
f 491/491/491 492/492/492 489/489/489
f 493/493/493 494/494/494 495/495/495
f 495/495/495 496/496/496 493/493/493
f 497/497/497 498/498/498 499/499/499
f 499/499/499 500/500/500 497/497/497
f 501/501/501 502/502/502 503/503/503
f 503/503/503 504/504/504 501/501/501
f 505/505/505 506/506/506 507/507/507
f 507/507/507 508/508/508 505/505/505
f 509/509/509 510/510/510 511/511/511
f 511/511/511 512/512/512 509/509/509
f 513/513/513 514/514/514 515/515/515
f 515/515/515 516/516/516 513/513/513
f 517/517/517 518/518/518 519/519/519
f 519/519/519 520/520/520 517/517/517
f 529/529/529 530/530/530 531/531/531
f 531/531/531 532/532/532 529/529/529
f 533/533/533 534/534/534 535/535/535
f 533/533/533 535/535/535 536/536/536
f 533/533/533 536/536/536 537/537/537
f 538/538/538 539/539/539 540/540/540
f 540/540/540 541/541/541 538/538/538
f 542/542/542 543/543/543 544/544/544
f 544/544/544 545/545/545 542/542/542
f 546/546/546 547/547/547 548/548/548
f 546/546/546 548/548/548 549/549/549
f 546/546/546 549/549/549 550/550/550
f 550/550/550 551/551/551 552/552/552
f 550/550/550 552/552/552 553/553/553
f 546/546/546 550/550/550 553/553/553
f 554/554/554 552/552/552 551/551/551
f 554/554/554 551/551/551 555/555/555
f 556/556/556 548/548/548 547/547/547
f 556/556/556 547/547/547 557/557/557
f 555/555/555 556/556/556 557/557/557
f 554/554/554 555/555/555 557/557/557
f 558/558/558 559/559/559 560/560/560
f 560/560/560 561/561/561 558/558/558
f 562/562/562 563/563/563 559/559/559
f 559/559/559 558/558/558 562/562/562
f 564/564/564 565/565/565 566/566/566
f 566/566/566 567/567/567 564/564/564
f 568/568/568 569/569/569 565/565/565
f 565/565/565 564/564/564 568/568/568
f 570/570/570 571/571/571 569/569/569
f 569/569/569 568/568/568 570/570/570
f 567/567/567 566/566/566 572/572/572
f 572/572/572 573/573/573 567/567/567
f 574/574/574 575/575/575 576/576/576
f 576/576/576 577/577/577 574/574/574
f 578/578/578 579/579/579 580/580/580
f 580/580/580 581/581/581 578/578/578
f 582/582/582 583/583/583 584/584/584
f 584/584/584 585/585/585 582/582/582
f 586/586/586 587/587/587 588/588/588
f 588/588/588 589/589/589 586/586/586
f 594/594/594 595/595/595 596/596/596
f 596/596/596 597/597/597 594/594/594
f 598/598/598 599/599/599 600/600/600
f 600/600/600 601/601/601 598/598/598
f 602/602/602 603/603/603 604/604/604
f 604/604/604 605/605/605 602/602/602
f 606/606/606 607/607/607 608/608/608
f 608/608/608 609/609/609 606/606/606
f 610/610/610 611/611/611 612/612/612
f 612/612/612 613/613/613 610/610/610
f 614/614/614 615/615/615 616/616/616
f 616/616/616 617/617/617 614/614/614
f 622/622/622 623/623/623 624/624/624
f 624/624/624 625/625/625 622/622/622
f 626/626/626 627/627/627 628/628/628
f 628/628/628 629/629/629 626/626/626
f 630/630/630 631/631/631 632/632/632
f 632/632/632 633/633/633 630/630/630
f 634/634/634 635/635/635 636/636/636
f 636/636/636 637/637/637 634/634/634
f 638/638/638 639/639/639 640/640/640
f 640/640/640 641/641/641 638/638/638
f 642/642/642 643/643/643 644/644/644
f 644/644/644 645/645/645 642/642/642
f 646/646/646 647/647/647 648/648/648
f 648/648/648 649/649/649 646/646/646
f 650/650/650 651/651/651 652/652/652
f 652/652/652 653/653/653 650/650/650
f 654/654/654 655/655/655 656/656/656
f 656/656/656 657/657/657 654/654/654
f 658/658/658 659/659/659 660/660/660
f 660/660/660 661/661/661 658/658/658
f 662/662/662 663/663/663 664/664/664
f 664/664/664 665/665/665 662/662/662
f 704/704/704 705/705/705 706/706/706
f 706/706/706 707/707/707 704/704/704
f 708/708/708 709/709/709 710/710/710
f 710/710/710 711/711/711 708/708/708
f 712/712/712 713/713/713 714/714/714
f 714/714/714 706/706/706 712/712/712
f 713/713/713 715/715/715 716/716/716
f 716/716/716 714/714/714 713/713/713
f 717/717/717 718/718/718 719/719/719
f 719/719/719 720/720/720 717/717/717
f 721/721/721 722/722/722 723/723/723
f 723/723/723 724/724/724 721/721/721
f 725/725/725 726/726/726 727/727/727
f 727/727/727 719/719/719 725/725/725
f 726/726/726 728/728/728 729/729/729
f 729/729/729 727/727/727 726/726/726
f 746/746/746 747/747/747 748/748/748
f 748/748/748 749/749/749 746/746/746
f 750/750/750 746/746/746 749/749/749
f 749/749/749 751/751/751 750/750/750
f 752/752/752 753/753/753 754/754/754
f 754/754/754 755/755/755 752/752/752
f 747/747/747 752/752/752 755/755/755
f 755/755/755 748/748/748 747/747/747
f 756/756/756 747/747/747 746/746/746
f 746/746/746 757/757/757 756/756/756
f 758/758/758 757/757/757 746/746/746
f 746/746/746 750/750/750 758/758/758
f 759/759/759 760/760/760 753/753/753
f 753/753/753 752/752/752 759/759/759
f 759/759/759 752/752/752 747/747/747
f 747/747/747 756/756/756 759/759/759
f 761/761/761 762/762/762 756/756/756
f 756/756/756 757/757/757 761/761/761
f 763/763/763 761/761/761 757/757/757
f 757/757/757 758/758/758 763/763/763
f 764/764/764 765/765/765 760/760/760
f 760/760/760 759/759/759 764/764/764
f 762/762/762 764/764/764 759/759/759
f 759/759/759 756/756/756 762/762/762
f 766/766/766 767/767/767 768/768/768
f 768/768/768 769/769/769 770/770/770
f 766/766/766 768/768/768 770/770/770
f 766/766/766 770/770/770 771/771/771
f 761/761/761 772/772/772 773/773/773
f 773/773/773 762/762/762 761/761/761
f 774/774/774 775/775/775 772/772/772
f 772/772/772 761/761/761 774/774/774
f 776/776/776 767/767/767 766/766/766
f 766/766/766 777/777/777 776/776/776
f 764/764/764 778/778/778 779/779/779
f 779/779/779 765/765/765 764/764/764
f 762/762/762 773/773/773 778/778/778
f 778/778/778 764/764/764 762/762/762
f 780/780/780 768/768/768 767/767/767
f 767/767/767 776/776/776 780/780/780
f 748/748/748 781/781/781 782/782/782
f 782/782/782 749/749/749 748/748/748
f 749/749/749 782/782/782 783/783/783
f 783/783/783 751/751/751 749/749/749
f 754/754/754 784/784/784 785/785/785
f 785/785/785 755/755/755 754/754/754
f 755/755/755 785/785/785 781/781/781
f 781/781/781 748/748/748 755/755/755
f 786/786/786 787/787/787 782/782/782
f 782/782/782 781/781/781 786/786/786
f 782/782/782 787/787/787 788/788/788
f 788/788/788 783/783/783 782/782/782
f 784/784/784 789/789/789 790/790/790
f 790/790/790 785/785/785 784/784/784
f 790/790/790 786/786/786 781/781/781
f 781/781/781 785/785/785 790/790/790
f 786/786/786 791/791/791 792/792/792
f 792/792/792 787/787/787 786/786/786
f 787/787/787 792/792/792 793/793/793
f 793/793/793 788/788/788 787/787/787
f 789/789/789 794/794/794 795/795/795
f 795/795/795 790/790/790 789/789/789
f 790/790/790 795/795/795 791/791/791
f 791/791/791 786/786/786 790/790/790
f 796/796/796 797/797/797 798/798/798
f 798/798/798 799/799/799 800/800/800
f 796/796/796 798/798/798 800/800/800
f 796/796/796 800/800/800 801/801/801
f 802/802/802 803/803/803 792/792/792
f 792/792/792 791/791/791 802/802/802
f 803/803/803 804/804/804 805/805/805
f 805/805/805 792/792/792 803/803/803
f 796/796/796 801/801/801 806/806/806
f 806/806/806 807/807/807 796/796/796
f 808/808/808 809/809/809 795/795/795
f 795/795/795 794/794/794 808/808/808
f 809/809/809 802/802/802 791/791/791
f 791/791/791 795/795/795 809/809/809
f 801/801/801 800/800/800 810/810/810
f 810/810/810 806/806/806 801/801/801
