mtllib KimChmp101.mtl
o KimChmp101_part_0
v -0.0125709362 0.966662049 0.430485785
v -0.0125709306 1.187184 0.373479933
v -0.183898136 1.188972 0.338686168
v -0.227561817 0.9641056 0.399559349
v -0.0125709381 0.787469864 0.466726243
v -0.227561817 0.9641056 0.399559349
v -0.2567849 0.791351736 0.437449157
v -0.2567849 0.791351736 0.437449157
v -0.288464457 0.6041172 0.474607944
v -0.01257094 0.596476555 0.492345
v 0.20242 0.9641055 0.3995593
v 0.158756316 1.18897223 0.338686168
v 0.231643 0.7913516 0.437449217
v 0.20242 0.9641055 0.3995593
v 0.231643 0.7913516 0.437449217
v 0.2633226 0.604117155 0.474608
v -0.0125709362 0.9667712 0.4322635
v -0.227561742 0.9642147 0.401337028
v -0.183898136 1.18908107 0.340463847
v -0.0125709316 1.187293 0.375257641
v -0.0125709381 0.7875789 0.468503952
v -0.2567849 0.7914608 0.439226836
v -0.227561742 0.9642147 0.401337028
v -0.2567849 0.7914608 0.439226836
v -0.0125709409 0.5965858 0.4941228
v -0.2884644 0.6042264 0.476385742
v 0.158756316 1.18908119 0.340463877
v 0.202419922 0.964214742 0.4013371
v 0.202419922 0.964214742 0.4013371
v 0.231643 0.7914607 0.4392269
v 0.231643 0.7914607 0.4392269
v 0.2633226 0.6042264 0.4763858
v 0.0367709547 1.15688527 0.399116218
v 0.0496925339 1.15391326 0.407580942
v 0.03517905 1.053318 0.4296547
v 0.024282204 1.052302 0.424611151
v 0.009834377 1.30003691 0.4033982
v 0.018990051 1.35017169 0.391801625
v 0.0299777985 1.32957721 0.407543868
v 0.148945823 1.32252014 0.296011
v 0.164063856 1.27719533 0.305743515
v 0.136824831 1.29268467 0.318805635
v 0.124166042 1.50141442 0.265743345
v 0.123534843 1.45365345 0.282590628
v 0.1086007 1.44635725 0.311666369
v 0.06746591 1.39132726 0.360056341
v 0.09321965 1.36692238 0.349632233
v 0.06782547 1.343559 0.385410517
v 0.0743852258 1.13585365 0.390026182
v 0.0537796654 1.0484103 0.4146327
v -0.0079938015 1.29941714 0.413667172
v 0.0122565888 1.27181268 0.395615935
v -0.007993801 1.27351022 0.402552843
v 0.0183149725 1.21941984 0.402443677
v -0.007993844 1.20486856 0.431128949
v -0.007993802 1.22391939 0.4182137
v 0.0367709547 1.15688527 0.399116218
v 0.0227828622 1.12344539 0.4115963
v -0.007993844 1.132499 0.435999334
v 0.09098322 1.40821362 0.3358632
v 0.05547258 1.391855 0.353470176
v 0.0743852258 1.13585365 0.390026182
v 0.0496925339 1.15391326 0.407580942
v 0.07687045 1.19427383 0.386792928
v 0.107577987 1.14593673 0.360133767
v 0.109338783 1.25825047 0.349077821
v 0.131187111 1.29689157 0.3195911
v 0.123451881 1.25593436 0.3447499
v -0.007993886 1.07563818 0.442238569
v 0.008574382 1.08147073 0.418719471
v 0.07995954 1.40749228 0.3319363
v 0.102048226 1.44593287 0.303310663
v 0.052585 1.19732714 0.380935043
v 0.07987484 1.207241 0.37574774
v 0.06865735 1.25872278 0.3798897
v 0.04368217 1.28283155 0.37658757
v 0.073472634 1.30196238 0.373070627
v 0.0355312452 1.25429392 0.3965895
v 0.114467174 1.39303219 0.311796844
v 0.0507669933 1.29238 0.405583
v 0.124839462 1.42939627 0.2950264
v 0.01956379 1.24097908 0.397254139
v -0.007993802 1.2501986 0.4236055
v 0.0305421874 1.27394783 0.400047034
v 0.111047335 1.15955174 0.354114622
v 0.100287758 1.2275 0.364315659
v 0.155411214 1.18835139 0.3294369
v 0.105043262 1.32521856 0.339123875
v 0.1270792 1.33795488 0.311467081
v 0.140099883 1.32841218 0.305310458
v 0.08463052 1.23139811 0.367605567
v 0.12719585 1.36352086 0.303119421
v 0.0582577437 1.23418033 0.3826304
v -0.007993759 1.38549089 0.376947135
v 0.128422067 1.41822064 0.286493
v 0.135807842 1.403495 0.286283731
v 0.145051762 1.43370688 0.269252032
v 0.148325071 1.4274894 0.266475767
v -0.007993885 1.04854727 0.431199223
v 0.08531297 1.41353679 0.271208882
v 0.04554836 1.41689909 0.337737679
v 0.0406912751 1.44641447 0.26360777
v -0.164933428 1.32252026 0.296010941
v -0.147174671 1.29689181 0.319590837
v -0.152812436 1.29268539 0.318805456
v -0.143066674 1.33795524 0.311466962
v -0.156087354 1.32841229 0.3053104
v -0.169806167 1.378958 0.2768589
v -0.0402699746 1.05230212 0.42461127
v -0.0241970886 0.8890904 0.483569622
v -0.05116682 1.05331826 0.4296548
v -0.02824423 1.27181292 0.395615876
v -0.0465297848 1.27394843 0.400046855
v -0.02582194 1.30003726 0.4033981
v -0.06153587 1.41689944 0.3377376
v -0.0349775255 1.35017216 0.3918015
v -0.0946006253 1.323578 0.364556521
v -0.007993713 1.4314065 0.341629267
v -0.0349775255 1.35017216 0.3918015
v -0.06153587 1.41689944 0.3377376
v -0.0343026556 1.21942031 0.402443558
v -0.05275868 1.15688539 0.399116158
v -0.06857263 1.19732738 0.380934954
v -0.05667869 1.44641507 0.263607621
v -0.0079937065 1.4494468 0.263342053
v -0.124588087 1.44635773 0.3116664
v -0.140826851 1.42939663 0.295026273
v -0.139522314 1.45365393 0.2825905
v -0.0894602239 1.30196309 0.373070478
v -0.08464499 1.25872314 0.3798896
v -0.125326365 1.258251 0.349077851
v -0.12103077 1.32521856 0.339123875
v -0.11627543 1.22750056 0.3643155
v -0.100618109 1.23139834 0.367605537
v -0.09586244 1.20724118 0.3757477
v -0.09285813 1.194274 0.386792868
v -0.06568022 1.15391338 0.4075809
v -0.07424538 1.23418045 0.382630348
v -0.139439479 1.25593483 0.344749749
v -0.1713989 1.18835175 0.329436779
v -0.180051446 1.27719569 0.305743426
v -0.0355514325 1.24097931 0.39725408
v -0.0515188463 1.25429416 0.3965894
v -0.123565614 1.145937 0.360133678
v -0.127035052 1.159552 0.354114532
v -0.131437913 1.29091537 0.3287243
v -0.101300381 1.41353714 0.2712088
v -0.03126486 0.887609541 0.480414629
v -0.06976752 1.04841053 0.414632678
v -0.05275868 1.15688539 0.399116158
v -0.06568022 1.15391338 0.4075809
v -0.0459654033 1.32957757 0.407543957
v -0.140153468 1.50141466 0.265743226
v -0.08381298 1.3435595 0.385410219
v -0.109207124 1.36692274 0.349632174
v -0.08345338 1.3913275 0.360056281
v -0.09037296 1.13585377 0.390026152
v -0.03877059 1.12344563 0.411596268
v -0.106970653 1.40821445 0.335863024
v -0.07146001 1.39185524 0.353470117
v -0.09037296 1.13585377 0.390026152
v -0.02456215 1.081471 0.418719441
v -0.118035719 1.44593346 0.3033105
v -0.09594705 1.40749264 0.3319362
v -0.0596697666 1.28283179 0.376587331
v -0.130454645 1.39303267 0.3117967
v -0.06675464 1.29238045 0.405582875
v -0.143183276 1.3635211 0.303119332
v -0.1517953 1.40349507 0.286283523
v -0.144409582 1.41822088 0.286492735
v -0.164312571 1.42748976 0.266475469
v -0.161039189 1.43370724 0.2692519
v -0.05667869 1.44641507 0.263607621
v 0.153818652 1.37895751 0.276859045
v 0.008209105 0.88909024 0.483569652
v 0.07861303 1.3235774 0.36455667
v 0.018990051 1.35017169 0.391801625
v 0.04554836 1.41689909 0.337737679
v 0.0406912751 1.44641447 0.26360777
v 0.115450315 1.29091525 0.328724355
v 0.0152769582 0.887609541 0.480414629
v -0.200035155 0.414774537 -0.8049516
v -0.008094644 0.392837763 -0.864021838
v -0.008094458 0.7468427 -0.69657737
v -0.209257245 0.656898856 -0.693882644
v -0.201329067 0.8386828 -0.6092909
v -0.00809430052 1.07791138 -0.5167363
v -0.167152509 1.06226873 -0.495302677
v -0.008094203 1.262406 -0.3328072
v -0.115477622 1.248397 -0.3358176
v -0.008094779 0.118828222 -0.96233207
v -0.184843421 0.19178389 -0.896155834
v 0.183845922 0.414774328 -0.804951668
v 0.193068236 0.6568987 -0.693882644
v 0.185140267 0.8386827 -0.609291136
v 0.1509639 1.0622685 -0.4953027
v 0.0992892459 1.248397 -0.3358176
v 0.168653861 0.191783682 -0.8961559
v -0.200035155 0.4145653 -0.803633034
v -0.209257245 0.656689644 -0.6925641
v -0.008094458 0.74663347 -0.695259035
v -0.008094644 0.392628521 -0.862703264
v -0.201329067 0.838473558 -0.607972562
v -0.167152509 1.06205952 -0.4939841
v -0.008094301 1.07770216 -0.515417755
v -0.115477622 1.24818778 -0.334499031
v -0.008094232 1.26219666 -0.331488639
v -0.008094779 0.118619 -0.9610135
v -0.184843421 0.191574708 -0.89483726
v 0.183845922 0.414565116 -0.803633332
v 0.193068236 0.6566894 -0.69256413
v 0.185140267 0.8384735 -0.607972562
v 0.1509639 1.06205916 -0.493984133
v 0.0992892459 1.24818778 -0.334499031
v 0.168653861 0.191574439 -0.8948373
v 0.380185783 0.322128445 0.481747776
v 0.5645918 0.159067184 0.451445252
v 0.4176703 0.522232831 0.4369373
v 0.198146179 0.5088205 0.4836924
v 0.165963069 1.24390709 0.320354939
v 0.00140929455 1.22832835 0.3371349
v 0.03191567 1.08749473 0.366948575
v 0.233060271 1.09931684 0.348634779
v 0.102486953 0.9144307 0.407126665
v 0.297338337 0.9382728 0.380013555
v 0.2414818 0.303942353 0.5211039
v 0.3536222 0.738131762 0.410207242
v 0.1516905 0.7122453 0.444994777
v -0.3976776 0.322128445 0.481747746
v -0.215638027 0.5088205 0.483692229
v -0.435162157 0.5222328 0.436937273
v -0.5820837 0.159067184 0.451445162
v -0.1834549 1.243907 0.3203549
v -0.250552148 1.09931672 0.34863475
v -0.04940753 1.08749461 0.366948575
v -0.0189011563 1.22832835 0.3371349
v -0.314830273 0.9382728 0.3800135
v -0.119978793 0.914430559 0.407126665
v -0.258973658 0.3039423 0.5211039
v -0.169182435 0.712245166 0.444994777
v -0.371114016 0.7381319 0.410207182
v 0.4176703 0.5222549 0.437296033
v 0.5645918 0.159089267 0.451803982
v 0.380185783 0.322150528 0.4821065
v 0.198146179 0.5088425 0.484051138
v 0.0319156647 1.08751678 0.3673073
v 0.00140929408 1.22835052 0.337493628
v 0.165963069 1.24392915 0.320713669
v 0.233060271 1.09933889 0.34899354
v 0.102486953 0.914452732 0.4074854
v 0.297338337 0.9382949 0.3803723
v 0.2414818 0.303964436 0.5214627
v 0.1516905 0.712267339 0.445353538
v 0.3536222 0.7381538 0.410565972
v -0.435162157 0.5222548 0.437296
v -0.215638027 0.5088425 0.484051
v -0.3976776 0.322150528 0.482106477
v -0.5820837 0.159089267 0.4518039
v -0.04940753 1.08751667 0.3673073
v -0.250552148 1.09933877 0.34899348
v -0.1834549 1.243929 0.320713669
v -0.0189011581 1.22835052 0.337493628
v -0.119978793 0.9144526 0.4074854
v -0.314830273 0.9382949 0.380372226
v -0.258973658 0.303964376 0.5214627
v -0.169182435 0.7122672 0.4453535
v -0.371114016 0.738153934 0.4105659
v -0.010265857 1.24074149 -0.264367044
v -0.0102658113 1.36531556 -0.2647986
v -0.140646726 1.39255571 -0.2621576
v -0.151319847 1.29284215 -0.26338467
v -0.3269697 1.44388986 0.0349395722
v -0.273156434 1.41915214 -0.148462951
v -0.3077818 1.51288545 -0.175789461
v -0.358684719 1.53797936 0.0310261976
v -0.0102658551 1.34318471 0.285458356
v -0.219337374 1.420459 0.219411433
v -0.209345549 1.48654366 0.252162844
v -0.0102658095 1.37638378 0.283036649
v -0.0102657648 1.4242444 -0.269571215
v -0.1363961 1.472363 -0.28181532
v -0.285732031 1.329783 -0.154550374
v -0.010265857 1.31595051 0.3066272
v -0.237986758 1.3498199 0.222616255
v -0.3417292 1.35884619 0.04299646
v 0.130788192 1.29284215 -0.26338464
v 0.12011525 1.39255559 -0.262157559
v 0.306438178 1.4438895 0.03493963
v 0.338153362 1.53797936 0.0310262647
v 0.287250519 1.51288533 -0.175789416
v 0.252624869 1.419152 -0.1484629
v 0.188814089 1.48654366 0.252162874
v 0.198805824 1.42045891 0.219411463
v 0.115864657 1.47236276 -0.281815261
v 0.265200436 1.32978308 -0.154550329
v 0.217455029 1.34981978 0.2226161
v 0.3211975 1.35884607 0.042996522
v 0.421821982 0.997364461 -0.424847
v 0.4497695 1.0500617 -0.406229883
v 0.155050233 1.17338574 -0.4321867
v 0.115053147 1.13283825 -0.445146441
v -0.0101793343 1.28566575 -0.341709882
v -0.0101793306 1.22198081 -0.377147377
v -0.0102225933 1.21353662 -0.331565082
v -0.0102225915 1.296072 -0.347265
v -0.22824797 1.35775328 -0.31189087
v -0.224664465 1.26382649 -0.291622162
v -0.208367512 1.20988679 0.301049262
v -0.329345554 1.24849415 0.2030549
v -0.325657874 1.34747338 0.2205315
v -0.190521315 1.30645335 0.306070119
v -0.4191596 1.27052259 -0.0594970733
v -0.429327 1.3850888 -0.0553692877
v -0.0102226492 1.1939733 0.370868117
v -0.01022265 1.236813 0.375680059
v 0.204219326 1.26382649 -0.2916221
v 0.207802743 1.3577534 -0.3118908
v 0.187922224 1.20988679 0.301049322
v 0.170076072 1.30645335 0.306070149
v 0.305212617 1.34747338 0.220531553
v 0.308900326 1.248494 0.203054965
v 0.3987143 1.27052248 -0.05949699
v 0.408881724 1.3850888 -0.05536921
v -0.172813177 1.24775469 0.302057236
v -0.1625476 1.19931841 0.308042169
v -0.366532058 1.1385262 0.332005471
v -0.364064366 1.18223059 0.3179227
v -0.5548557 1.1006434 0.18381162
v -0.53889066 1.14058435 0.168153822
v -0.5991632 1.0794996 -0.0983518362
v -0.596101761 1.125722 -0.102627553
v -0.459120661 1.11583376 -0.321793318
v -0.455970228 1.158147 -0.303724229
v -0.227192745 1.20005834 -0.381440818
v -0.226232514 1.242123 -0.3593663
v -0.105811395 1.23280025 -0.366884559
v -0.105811395 1.27849209 -0.332491219
v -0.103219829 1.22622716 0.313236117
v -0.088978 1.15871656 0.3194028
v -0.3778086 1.02899361 0.3497124
v -0.373381644 1.08990872 0.335202217
v -0.645264745 0.9761931 0.199863225
v -0.6235055 1.03186214 0.183730185
v -0.694708467 0.9467227 -0.0993293151
v -0.6904615 1.01114726 -0.103734456
v -0.4422671 0.99736464 -0.424847066
v -0.470214754 1.05006182 -0.406229943
v -0.13549827 1.13283825 -0.445146441
v -0.175495446 1.17338574 -0.432186723
v -0.0102658924 1.22198093 -0.377147377
v -0.01026585 1.28566587 -0.341709882
v 0.15236789 1.24775481 0.302057266
v 0.343619078 1.18223071 0.3179228
v 0.3460869 1.1385262 0.332005531
v 0.1421023 1.19931817 0.3080422
v 0.5184453 1.14058435 0.168153927
v 0.5344105 1.1006434 0.183811724
v 0.5756564 1.125722 -0.102627441
v 0.578717947 1.07949936 -0.09835173
v 0.43552497 1.158147 -0.30372417
v 0.438675374 1.11583364 -0.321793258
v 0.205787376 1.24212289 -0.359366238
v 0.2067476 1.20005822 -0.381440759
v 0.08536626 1.278492 -0.332491219
v 0.08536626 1.23280013 -0.366884559
v 0.0827745348 1.22622716 0.313236117
v 0.352936357 1.08990872 0.335202277
v 0.357363254 1.02899361 0.349712461
v 0.06853266 1.15871656 0.3194028
v 0.6030602 1.031862 0.1837303
v 0.6248195 0.976192951 0.199863553
v 0.6700162 1.01114726 -0.103734329
v 0.674263358 0.9467227 -0.09932918
v -0.493248671 0.4833884 -0.621192455
v -0.414407134 0.773735762 -0.541091442
v -0.0102226147 0.741037548 -0.622080564
v -0.0102226054 0.4507579 -0.741571546
v -0.934440553 1.77921641 -0.200066864
v -1.01146555 1.70687973 -0.1604015
v -0.9731424 1.72224247 -0.198498666
v -0.9397801 1.78166676 -0.16021508
v -0.919900358 1.75682342 -0.190327764
v -1.01146555 1.70687973 -0.1604015
v -0.36921224 1.36226189 -0.04680875
v -0.3850254 1.42339826 -0.0374556966
v -0.22256498 1.39214134 -0.263943136
v -0.2245987 1.26026428 -0.291579664
v -0.654419 0.530989766 0.338596344
v -0.7838432 0.537045 0.210232422
v -0.7127744 0.390120655 0.331634641
v -0.28517732 1.3927232 0.197554454
v -0.3292489 1.24646509 0.202797934
v -0.208306611 1.21171856 0.300733
v -0.1621701 1.346535 0.268183082
v -0.964021862 0.4185808 -0.179854378
v -0.9216501 0.5572963 -0.162985012
v -0.01022264 1.34190309 -0.307113558
v -0.010222638 1.21500325 -0.3314984
v 0.5171257 0.747449636 0.3133104
v 0.620404 0.765402138 0.213625729
v 0.468424827 1.023237 0.207554758
v 0.839874148 0.4507988 0.229521573
v 0.901204765 0.5572963 -0.162984848
v 0.763398 0.537045 0.210232571
v -0.537571 0.747449636 0.313310325
v -0.382269442 0.980550945 0.3113798
v -0.488870174 1.023237 0.207554668
v -0.640849352 0.765402138 0.2136256
v -0.328305364 1.036833 -0.4524261
v -0.0103191277 0.994043648 -0.529046953
v -0.493682623 0.2829069 -0.649283051
v -0.0102226026 0.158598 -0.7814537
v -0.81329757 0.7786719 -0.1302151
v -0.632145047 1.0525229 -0.0923569649
v -0.6797435 0.2969195 -0.487474144
v -0.8756656 0.227425992 -0.284241349
v -0.8603195 0.4507988 0.229521424
v 0.204153478 1.26026428 -0.2915796
v 0.348766923 1.36226189 -0.0468086861
v 0.398590952 1.266291 -0.05959502
v -0.791507542 1.82287228 -0.2609562
v -0.7816887 1.83410978 -0.231826514
v -0.758729637 1.87646723 -0.2735255
v -0.419036359 1.266291 -0.0595950969
v -0.923159 1.75249064 -0.220644251
v -0.84302 1.77500677 -0.233679652
v 0.7928522 0.7786719 -0.13021493
v 0.472803444 0.4833884 -0.621192336
v 0.393961936 0.773735762 -0.5410913
v 0.692329168 0.390120655 0.33163476
v -0.0101260711 0.994043648 -0.529046953
v 0.9435767 0.4185808 -0.179854184
v 0.8552202 0.227425992 -0.28424117
v 0.308803558 1.24646509 0.202798009
v 0.61169976 1.0525229 -0.0923568457
v 0.6339736 0.530989766 0.338596463
v 0.473237365 0.2829069 -0.649282932
v 0.264732 1.3927232 0.1975545
v 0.14172475 1.346535 0.2681831
v 0.187861174 1.21171856 0.30073303
v -0.8045783 1.87288976 -0.235141456
v -0.791507542 1.82287228 -0.2609562
v -0.758729637 1.87646723 -0.2735255
v 0.307860136 1.036833 -0.452426016
v -0.9731424 1.72224247 -0.198498666
v 0.6592983 0.2969195 -0.487474024
v 0.361824 0.980550945 0.31137985
v 0.202119753 1.39214134 -0.2639431
v 0.3645801 1.42339826 -0.0374556221
v -0.7475132 1.9554044 -0.16103524
v -0.752769768 1.933523 -0.137978688
v -0.0102226157 0.741037548 -0.6223233
v -0.4145265 0.773735762 -0.5412851
v -0.4933913 0.4833884 -0.621434569
v -0.0102226054 0.4507579 -0.741886556
v -0.9397801 1.78166676 -0.16021508
v -0.841220856 1.762369 -0.271838784
v -0.222627684 1.39214134 -0.263968885
v -0.3851361 1.42339826 -0.037344262
v -0.369318277 1.36226189 -0.04670298
v -0.224662 1.26026428 -0.291622162
v -0.7129819 0.390120655 0.331969619
v -0.7840717 0.537045 0.210493878
v -0.6546092 0.530989766 0.338935554
v -0.2083651 1.21171856 0.301049262
v -0.3293431 1.24646509 0.2030549
v -0.285258532 1.3927232 0.197808236
v -0.162214965 1.346535 0.268479645
v -0.9219192 0.5572963 -0.1629496
v -0.964303553 0.4185808 -0.1798292
v -0.010222639 1.21500325 -0.331565082
v -0.0102226408 1.34190309 -0.307165444
v 0.468566179 1.023237 0.2078146
v 0.6205902 0.765402138 0.213889241
v 0.5172814 0.747449636 0.3136343
v 0.763626456 0.537045 0.210494027
v 0.9014739 0.5572963 -0.162949443
v 0.8401252 0.4507988 0.229794726
v -0.489011526 1.023237 0.2078145
v -0.382379323 0.980550945 0.31170252
v -0.53772676 0.747449636 0.313634217
v -0.6410356 0.765402138 0.213889122
v -0.0103191566 0.994043648 -0.529233336
v -0.3283993 1.036833 -0.452566
v -0.493825376 0.2829069 -0.6495422
v -0.0102226026 0.158598 -0.781792939
v -0.813534737 0.7786719 -0.13015984
v -0.6323287 1.0525229 -0.092278786
v -0.8759212 0.227425992 -0.2842794
v -0.679941237 0.2969195 -0.487635285
v -0.8605705 0.4507988 0.229794562
v 0.398711681 1.266291 -0.05949699
v 0.34887293 1.36226189 -0.0467029139
v 0.204216778 1.26026428 -0.2916221
v -0.8543608 1.79894519 -0.245256573
v -0.855399549 1.84691668 -0.176711008
v -0.4191571 1.266291 -0.0594970733
v 0.7930894 0.7786719 -0.130159691
v 0.3940813 0.773735762 -0.5412849
v 0.4729461 0.4833884 -0.62143445
v 0.692536652 0.390120655 0.331969768
v -0.0101260422 0.994043648 -0.529233336
v 0.8554757 0.227425992 -0.284279227
v 0.9438584 0.4185808 -0.179829
v 0.6118834 1.0525229 -0.09227867
v 0.308897763 1.24646509 0.203054965
v 0.634163857 0.530989766 0.338935673
v 0.473380148 0.2829069 -0.6495421
v 0.187919676 1.21171856 0.301049322
v 0.141769633 1.346535 0.268479675
v 0.264813185 1.3927232 0.197808281
v -0.77084583 1.96055126 -0.149512008
v -0.8145673 1.93492031 -0.09556661
v 0.307954073 1.036833 -0.452565938
v -0.855399549 1.84691668 -0.176711008
v 0.659496 0.2969195 -0.487635165
v 0.3619339 0.980550945 0.311702579
v 0.202182457 1.39214134 -0.263968855
v 0.364690781 1.42339826 -0.0373441875
v -0.8427423 1.87347376 -0.13703528
v -0.8427423 1.87347376 -0.13703528
v -0.923159 1.75249064 -0.220644251
v 0.08900701 2.05388117 0.2268245
v 0.1613686 2.09729266 0.198760018
v 0.1886035 2.09209418 0.222345814
v 0.1292413 2.03387952 0.2681064
v 0.105735615 1.91955674 0.295571774
v 0.125026241 1.92277825 0.319420278
v 0.124242418 1.83590686 0.331684321
v 0.108204022 1.8358674 0.315847576
v 0.258504868 2.18737841 0.09259594
v 0.221306 2.094084 0.174659431
v 0.217979848 2.15168214 0.180962682
v 0.232750952 2.23119283 0.1709782
v 0.2079542 2.01749015 0.287940025
v 0.2689973 2.092714 0.198967859
v 0.259346 1.97858822 0.2690365
v 0.1822923 2.151857 0.172290653
v 0.157384053 1.9193747 0.313038141
v 0.242619231 2.29206562 -0.04150688
v 0.215233639 2.35310745 0.01799369
v 0.09546747 1.7252655 0.3405385
v 0.1481686 1.83873725 0.350358725
v 0.200393483 1.8690002 0.3204365
v 0.1651801 1.805344 0.33396095
v 0.164474562 2.01249456 0.255119473
v 0.185942963 1.91477013 0.33290565
v 0.1901363 2.2316606 0.175259858
v 0.185611129 2.353558 0.0318765827
v 0.220861286 1.82307684 0.310213178
v 0.268986464 1.88649118 0.288230121
v 0.08379332 2.015682 0.259097248
v 0.103663579 1.80159879 0.324133158
v 0.407226115 2.17594719 0.0430933
v 0.381466448 2.084633 0.163033575
v 0.307661 2.19677639 0.09643738
v 0.325917542 1.93187785 0.251030743
v 0.2755728 2.287996 -0.0580268651
v 0.398102015 2.19647932 -0.144278675
v 0.154928729 1.73856914 0.326815665
v -0.046346657 2.053881 0.226824448
v -0.08658096 2.033879 0.268106252
v -0.145943135 2.09209418 0.222345784
v -0.118708231 2.09729242 0.198759958
v -0.06307527 1.91955614 0.295571625
v -0.0655436441 1.835867 0.315847516
v -0.08158209 1.83590686 0.3316843
v -0.0823659 1.92277765 0.319420159
v -0.215844482 2.187378 0.0925958157
v -0.190090522 2.23119259 0.170978114
v -0.175319389 2.151682 0.180962592
v -0.178645641 2.09408379 0.174659342
v -0.165293917 2.017489 0.287939817
v -0.216685683 1.97858775 0.269036382
v -0.226336956 2.09271336 0.198967725
v -0.139631987 2.15185642 0.172290519
v -0.11472372 1.91937435 0.31303826
v -0.199958876 2.292065 -0.04150701
v -0.172573328 2.353107 0.0179936085
v -0.05280719 1.72526538 0.3405385
v -0.122519776 1.80534375 0.333960861
v -0.1577332 1.869 0.320436418
v -0.105508223 1.83873689 0.350358635
v -0.121814206 2.012494 0.255119354
v -0.143282577 1.91476965 0.332905531
v -0.142950818 2.35355783 0.0318765044
v -0.147475868 2.23166037 0.175259784
v -0.178200915 1.82307661 0.310213119
v -0.2263261 1.886491 0.288230062
v -0.0411330163 2.01568174 0.259097219
v -0.0610032454 1.80159855 0.3241331
v -0.36456573 2.17594671 0.04309314
v -0.265000552 2.19677615 0.09643728
v -0.338806 2.08463264 0.163033426
v -0.283257157 1.93187737 0.2510306
v -0.35544166 2.19647884 -0.144278422
v -0.2329123 2.28799582 -0.0580269545
v -0.1122684 1.738569 0.326815635
v 0.185611129 2.353558 0.0318765827
v 0.121670745 2.37011719 -0.119720586
v 0.149720371 2.366632 -0.14309293
v 0.215233639 2.35310745 0.01799369
v 0.0620715581 1.5766865 -0.6722827
v 0.0213301815 1.597656 -0.6922698
v 0.0213301945 1.41969 -0.8966151
v 0.0438492633 1.40312493 -0.8721085
v 0.191216409 1.72599638 -0.189028636
v 0.133064657 1.67778075 -0.289932
v 0.0213301927 1.66799164 -0.27136144
v 0.0213301871 1.69270015 -0.198133022
v 0.152509362 2.06975317 -0.409547627
v 0.254852831 2.07405 -0.331576616
v 0.2604692 2.20675373 -0.284686327
v 0.135289252 2.217216 -0.3275638
v 0.07923045 2.019792 -0.6191796
v 0.05115684 1.95759666 -0.830192268
v 0.118793927 1.900492 -0.5396009
v 0.09683976 2.28971672 -0.4633172
v 0.04059762 2.55584645 -0.8479745
v 0.05449949 2.49360776 -0.933367252
v 0.0213301871 2.280206 -0.6363114
v 0.0213301852 2.03792 -0.668465
v 0.0213302039 1.97245121 -0.8913561
v 0.08635503 2.22858834 -0.5021628
v 0.08354307 2.16645336 -0.522502244
v 0.0213301964 2.68668556 -1.23747456
v 0.0464456119 2.69976664 -1.17215717
v 0.0390763544 2.77942371 -1.15325129
v 0.0213302057 2.83727145 -1.29340386
v 0.0764933452 1.48102057 -0.5235793
v 0.02133021 1.47210753 -0.514200449
v 0.0213301927 1.66799164 -0.27136144
v 0.133064657 1.67778075 -0.289932
v 0.0505276471 2.22935367 -0.647311449
v 0.04190495 2.24551868 -0.9120372
v 0.021330202 2.8896296 -1.24516225
v 0.366967559 2.08027148 -0.250190884
v 0.398102015 2.19647932 -0.144278675
v 0.2095554 2.28134847 -0.177140638
v 0.242619231 2.29206562 -0.04150688
v 0.0764933452 1.48102057 -0.5235793
v 0.0213301927 1.29675174 -0.8967097
v 0.0213301536 2.40185285 -0.2348539
v 0.0470182933 2.32814479 -0.2668625
v 0.02133015 2.34761763 -0.210161418
v 0.02133019 2.24406981 -0.6967662
v 0.0213302113 2.25382972 -0.944777668
v 0.150485918 1.752679 -0.2984581
v 0.07140255 1.80516779 -0.51136595
v 0.133064657 1.67778075 -0.289932
v 0.0574507937 2.085841 -0.648111939
v 0.0213301871 2.079094 -0.6845919
v 0.2755728 2.287996 -0.0580268651
v 0.193475828 2.22569156 0.004997408
v 0.121670745 2.37011719 -0.119720586
v 0.185611129 2.353558 0.0318765827
v 0.0213302132 2.15720272 -0.971988857
v 0.03555165 2.16945624 -0.911261439
v 0.021330215 2.219245 -0.988983035
v 0.0213301722 1.79045713 -0.554956853
v 0.07140255 1.80516779 -0.51136595
v 0.198231772 1.88248026 -0.38687858
v 0.133064657 1.67778075 -0.289932
v -0.2670474 1.858057 -0.267221838
v -0.249029592 2.00817776 -0.293205768
v -0.324307084 2.08027124 -0.250191
v -0.148556039 1.72599626 -0.1890287
v -0.107825615 1.75267863 -0.2984582
v -0.14112249 1.8411777 -0.352863729
v 0.3540906 2.05041933 -0.175171226
v 0.366967559 2.08027148 -0.250190884
v 0.330129 1.84709394 -0.225893438
v 0.3263279 1.8383956 -0.145639017
v 0.366372436 2.11813474 -0.110314451
v 0.398102015 2.19647932 -0.144278675
v 0.04743495 2.63916969 -0.504560232
v 0.0213301852 2.7089107 -0.548846066
v 0.021330189 2.67649221 -0.5807459
v 0.044864364 2.62260127 -0.5608341
v 0.0618710779 1.88827038 -0.8158718
v 0.150485918 1.752679 -0.2984581
v 0.183782846 1.84117794 -0.352863669
v 0.198231772 1.88248026 -0.38687858
v 0.257604778 1.88041639 -0.313201278
v 0.07112888 2.39580321 -0.4167432
v 0.0213301927 1.29675174 -0.8967097
v 0.021330202 1.91928458 -0.8987632
v 0.0213301815 2.70305085 -0.498521715
v -0.2874686 1.84709382 -0.225893512
v 0.0213301871 2.60585833 -0.6011885
v 0.0213301741 2.61875153 -0.438542634
v -0.2670474 1.858057 -0.267221838
v -0.23219718 1.78383434 -0.191331074
v -0.238833711 1.872287 -0.231497467
v -0.107825615 1.75267863 -0.2984582
v -0.0904042646 1.67778051 -0.2899321
v 0.0213302188 2.466805 -0.984310746
v 0.02133018 2.462225 -0.5346802
v 0.0213302076 2.57056046 -0.832224
v 0.0213302374 2.79017377 -1.12999535
v 0.02133018 2.50295424 -0.521152258
v 0.0506858379 2.47805166 -0.3508168
v 0.0213302 1.87140656 -0.867055655
v 0.0213301629 2.4988637 -0.318928957
v 0.0213301517 2.25244951 -0.227391168
v 0.02133015 2.34761763 -0.210161418
v 0.0213301722 1.79045713 -0.554956853
v -0.155571371 1.88248014 -0.386878639
v 0.274857551 1.78383482 -0.191330954
v 0.274857551 1.78383482 -0.191330954
v 0.330129 1.84709394 -0.225893438
v 0.30970782 1.85805714 -0.267221779
v 0.291690052 2.00817823 -0.293205649
v 0.191216409 1.72599638 -0.189028636
v 0.257604778 1.88041639 -0.313201278
v 0.191216409 1.72599638 -0.189028636
v 0.2561607 1.87949657 -0.245698318
v 0.291690052 2.00817823 -0.293205649
v 0.2738596 1.99706388 -0.247692928
v -0.142950818 2.35355783 0.0318765044
v -0.172573328 2.353107 0.0179936085
v -0.107059978 2.36663175 -0.14309299
v -0.0790103748 2.370117 -0.119720653
v -0.0194111541 1.57668638 -0.672282755
v -0.00118878367 1.40312481 -0.8721085
v -0.148556039 1.72599626 -0.1890287
v -0.0904042646 1.67778051 -0.2899321
v -0.109848939 2.069753 -0.4095477
v -0.0926288441 2.2172153 -0.327563971
v -0.217808738 2.20675349 -0.284686416
v -0.212192461 2.07404947 -0.331576765
v -0.0365699939 2.01979184 -0.619179666
v -0.07613354 1.90049171 -0.539600968
v -0.008496396 1.95759654 -0.8301923
v -0.0541793779 2.28971648 -0.463317275
v -0.0118391048 2.49360752 -0.933367252
v 0.00206284481 2.55584621 -0.847974539
v -0.0436946377 2.22858763 -0.502162933
v -0.0408826321 2.16645265 -0.522502363
v 0.00358412368 2.77942324 -1.15325141
v -0.00378513057 2.69976616 -1.17215729
v -0.0338329226 1.48102033 -0.523579359
v -0.0904042646 1.67778051 -0.2899321
v -0.007867274 2.22935319 -0.647311568
v 0.000755514135 2.24551868 -0.9120372
v -0.35544166 2.19647884 -0.144278422
v -0.166895017 2.281348 -0.177140757
v -0.199958876 2.292065 -0.04150701
v -0.0338329226 1.48102033 -0.523579359
v -0.004357937 2.32814455 -0.266862571
v -0.0287421215 1.80516756 -0.511366
v -0.0147903785 2.08584046 -0.648112
v -0.2329123 2.28799582 -0.0580269545
v -0.150815427 2.225691 0.004997285
v -0.142950818 2.35355783 0.0318765044
v -0.0790103748 2.370117 -0.119720653
v 0.00710881175 2.16945577 -0.9112615
v -0.0287421215 1.80516756 -0.511366
v -0.155571371 1.88248014 -0.386878639
v -0.0904042646 1.67778051 -0.2899321
v -0.214944333 1.88041627 -0.313201338
v -0.214944333 1.88041627 -0.313201338
v -0.213500366 1.87949634 -0.2456984
v -0.148556039 1.72599626 -0.1890287
v -0.311430246 2.050419 -0.175171331
v -0.2836675 1.83839512 -0.145638943
v -0.2874686 1.84709382 -0.225893512
v -0.324307084 2.08027124 -0.250191
v -0.35544166 2.19647884 -0.144278422
v -0.323711932 2.11813378 -0.110314652
v -0.00477458676 2.639169 -0.504560351
v -0.002203993 2.62260079 -0.5608342
v -0.01921064 1.88827014 -0.8158718
v -0.0284684971 2.39580274 -0.416743279
v -0.23119916 1.99706328 -0.247693062
v -0.249029592 2.00817776 -0.293205768
v -0.249029592 2.00817776 -0.293205768
v -0.23119916 1.99706328 -0.247693062
v -0.008025415 2.47805142 -0.350816816
v -0.23219718 1.78383434 -0.191331074
v -0.23219718 1.78383434 -0.191331074
v 0.8011446 2.099385 -0.0467430055
v 0.792356551 2.245756 -0.0478644073
v 0.855077446 2.17567229 -0.09212604
v 0.836178839 2.082468 -0.09212604
v 0.865435064 2.04892325 -0.09212604
v 0.78474474 2.08157587 -0.0004681775
v 0.5082014 2.435898 0.08311632
v 0.5465354 2.42641735 0.08931667
v 0.5427391 2.31493 0.114948012
v 0.5129955 2.30851769 0.111412436
v 0.6471431 2.19100261 0.0007802966
v 0.5523175 2.15770555 -0.02009197
v 0.6265522 2.222626 -0.035084
v 0.8162329 1.911987 0.04578789
v 0.7666121 1.92660236 0.07977297
v 0.8026305 1.96414053 0.04726212
v 0.9878991 1.78877878 -0.0700541362
v 0.9571317 1.88645816 -0.06523115
v 0.8923938 1.97374976 -0.09212604
v 0.9103113 1.89857185 -0.0921260342
v 0.5084737 2.2016232 0.15763
v 0.531827748 2.20193243 0.166989788
v 0.6237833 2.10040069 0.16486524
v 0.5938029 2.08316612 0.162174538
v 0.825824559 2.04810953 -0.06822267
v 0.8483733 2.04827476 -0.09212604
v 0.7700916 2.07590342 0.0469259843
v 0.783945143 2.05583119 -0.000319154118
v 0.755157769 2.04468131 0.0528677441
v 0.837666035 1.974047 -0.0236282181
v 0.839450657 1.932438 -0.0146153327
v 0.6362834 2.24389148 0.0272416268
v 0.6234371 2.282194 0.0257869884
v 0.5084737 2.2016232 0.15763
v 0.5938029 2.08316612 0.162174538
v 0.6510255 2.20376825 0.0618570261
v 0.6843574 2.19590235 0.0145308906
v 0.92595154 2.31854534 -0.06674623
v 0.928504 2.22720957 -0.09212589
v 0.625094831 2.32278013 0.008766713
v 0.5129955 2.30851769 0.111412436
v 0.63694495 2.29054165 0.0533211529
v 0.6364188 2.255195 0.05394429
v 0.7720902 1.99475157 0.0840998963
v 0.7228516 1.94908667 0.124636352
v 0.7153075 1.98113525 0.09186236
v 0.755157769 2.04468131 0.0528677441
v 0.6411121 2.21247387 0.02559326
v 0.692997456 2.04850245 0.09183697
v 0.6369912 2.3285377 0.0382282436
v 0.625094831 2.32278013 0.008766713
v 0.6234371 2.282194 0.0257869884
v 0.714088559 2.19702744 -0.0298024919
v 0.8707618 2.02572727 -0.09212604
v 0.848329544 2.03187823 -0.09212604
v 0.854601443 2.01852 -0.0577926822
v 0.8541183 1.92651176 -0.009956967
v 0.6362834 2.24389148 0.0272416268
v 0.867285132 1.91722739 -0.02671052
v 0.8998385 1.98489344 -0.06916014
v 0.6471431 2.19100261 0.0007802966
v 0.5657342 2.411164 0.0363080464
v 0.58250165 2.40719485 0.0607301
v 0.7168815 2.26548076 -0.09212606
v 0.793013 2.3352778 -0.09212591
v 0.548528969 2.15978742 -0.09212607
v 0.616643846 2.238897 -0.092126064
v 0.5657342 2.411164 0.0363080464
v 0.5082014 2.435898 0.08311632
v 0.6550406 2.04474568 0.143101051
v 0.864198565 1.997238 -0.0533917956
v 0.6550406 2.04474568 0.143101051
v 0.6737779 2.07439065 0.149399221
v 0.707608 2.08018923 0.103531867
v 0.692997456 2.04850245 0.09183697
v 0.6827756 2.22197 -0.09212606
v 0.77979517 2.00862455 -0.0176436882
v 0.8594745 1.98468721 -0.09212604
v 0.6411121 2.21247387 0.02559326
v 0.9693611 2.29471636 -0.0921260342
v 0.6442091 2.04873514 0.05056808
v 0.5523175 2.15770555 -0.02009197
v 0.98749727 2.36907244 -0.0921258852
v 0.9192821 2.34802151 -0.0921260342
v 0.6442091 2.04873514 0.05056808
v 0.6442091 2.04873514 0.05056808
v 0.548528969 2.15978742 -0.09212607
v 0.5523175 2.15770555 -0.02009197
v 0.7153075 1.98113525 0.09186236
v 0.7666121 1.92660236 0.07977297
v 0.7153075 1.98113525 0.09186236
v 0.7228516 1.94908667 0.124636352
v 0.7666121 1.92660236 0.07977297
v 0.8162329 1.911987 0.04578789
v 0.839450657 1.932438 -0.0146153327
v 0.867285132 1.91722739 -0.02671052
v 0.8541183 1.92651176 -0.009956967
v 0.9878991 1.78877878 -0.0700541362
v 0.9103113 1.89857185 -0.0921260342
v 0.5981449 1.69634616 0.299140364
v 0.5702568 1.78456914 0.257781118
v 0.5311543 1.782695 0.260582328
v 0.585438251 1.71297383 0.311733544
v 0.507199168 1.79908788 0.293093055
v 0.6142206 1.902575 0.1914945
v 0.572528541 1.923727 0.247690842
v 0.607688546 2.02556872 0.1680455
v 0.6340063 1.954098 0.132268831
v 0.56042707 1.80514812 0.278832883
v 0.585438251 1.71297383 0.311733544
v 0.507199168 1.79908788 0.293093055
v 0.5702568 1.78456914 0.257781118
v 0.5981449 1.69634616 0.299140364
v 0.5712556 1.83603132 0.243665
v 0.5299965 1.89533687 0.227671057
v 0.5712556 1.83603132 0.243665
v 0.6142206 1.902575 0.1914945
v 0.7146349 2.00199533 0.0180209409
v 0.646453857 2.044298 0.09818799
v 0.463044316 1.93603528 0.28037557
v 0.491058946 1.87089181 0.274867356
v 0.7012733 2.050087 0.0146710845
v 0.6340063 1.954098 0.132268831
v 0.7146349 2.00199533 0.0180209409
v 0.684986651 2.027807 -0.0034888098
v 0.5803502 1.97566748 0.139480188
v 0.491058946 1.87089181 0.274867356
v 0.6177394 2.13662052 0.00136162352
v 0.526614249 2.05052161 0.155468345
v 0.526614249 2.05052161 0.155468345
v 0.6177394 2.13662052 0.00136162352
v 0.5174479 1.99707079 0.200058922
v 0.463044316 1.93603528 0.28037557
v 0.5174479 1.99707079 0.200058922
v 0.771393359 1.95540106 -0.0233310051
v 0.780837655 1.925672 0.009734412
v 0.732504 1.94355536 0.06718697
v 0.7326508 2.0144074 0.00310327625
v 0.785207152 1.61528313 0.178704157
v 0.747971356 1.73523021 0.138890043
v 0.7095737 1.72531271 0.161874428
v 0.697577834 1.95403039 0.06491077
v 0.7111167 2.0182848 -0.00385060371
v 0.697577834 1.95403039 0.06491077
v 0.6794367 1.92567563 0.104369432
v 0.7062353 1.91386712 0.04900237
v 0.714363635 1.99697816 -0.0179508477
v 0.780837655 1.925672 0.009734412
v 0.771393359 1.95540106 -0.0233310051
v 0.768859267 1.89470768 0.03869699
v 0.6983581 1.71815813 0.204246625
v 0.691658139 1.80219865 0.17448926
v 0.7340852 1.74764252 0.1836102
v 0.68927604 1.88301814 0.133480057
v 0.6744709 1.852465 0.170424923
v 0.704464 1.83866084 0.0927317962
v 0.7639978 1.63449657 0.190449134
v 0.768859267 1.89470768 0.03869699
v 0.767315149 1.85718548 0.0669644
v 0.7320432 1.86253989 0.119854905
v 0.7639978 1.63449657 0.190449134
v 0.747971356 1.73523021 0.138890043
v 0.785207152 1.61528313 0.178704157
v 0.7830993 1.81198251 0.08154
v 0.767315149 1.85718548 0.0669644
v 0.68927604 1.88301814 0.133480057
v 0.6794367 1.92567563 0.104369432
v 0.6744709 1.852465 0.170424923
v 0.691658139 1.80219865 0.17448926
v 0.6983581 1.71815813 0.204246625
v 0.7111167 2.0182848 -0.00385060371
v 0.7830993 1.81198251 0.08154
v 0.947039068 1.75248706 0.0362779945
v 0.865100861 1.76236546 0.08747253
v 0.8782409 1.79894161 0.0608901829
v 0.9583207 1.77921283 0.01570061
v 0.9437804 1.75682008 0.00596150942
v 0.9636603 1.78166318 -0.02415117
v 0.906418741 1.819264 -0.002273008
v 0.8669 1.77500319 0.04931354
v 0.8792796 1.8469131 -0.00765524246
v 0.8792796 1.8469131 -0.00765524246
v 0.8284583 1.8728863 0.0507750735
v 0.866622448 1.87347043 -0.0473309569
v 0.906418741 1.819264 -0.002273008
v 0.9636603 1.78166318 -0.02415117
v 0.782609642 1.87646365 0.08915924
v 0.771393359 1.95540106 -0.0233310051
v 0.7947259 1.96054769 -0.03485425
v 0.865100861 1.76236546 0.08747253
v 0.947039068 1.75248706 0.0362779945
v 0.8055688 1.83410621 0.0474602655
v 0.815387666 1.82286847 0.0765898
v 0.838447452 1.93491673 -0.08879964
v 0.7766499 1.93351948 -0.04638756
v 0.866622448 1.87347043 -0.0473309569
v 1.03534544 1.706876 -0.0239647459
v 0.9970225 1.72223866 0.0141324177
v 0.815387666 1.82286847 0.0765898
v 0.771393359 1.95540106 -0.0233310051
v 0.782609642 1.87646365 0.08915924
v 0.838447452 1.93491673 -0.08879964
v 0.9970225 1.72223866 0.0141324177
v 1.03534544 1.706876 -0.0239647459
v 0.80114454 2.099385 -0.13750881
v 0.792356551 2.24575567 -0.136387408
v 0.78474474 2.08157587 -0.183783635
v 0.5082014 2.43589783 -0.267368168
v 0.5129954 2.30851769 -0.29566443
v 0.542739034 2.31492972 -0.299199879
v 0.5465353 2.42641735 -0.27356866
v 0.6471431 2.19100237 -0.185032144
v 0.6265522 2.22262526 -0.149167836
v 0.552317441 2.15770483 -0.164159879
v 0.81623286 1.911987 -0.2300397
v 0.8026305 1.96414018 -0.231513932
v 0.7666121 1.92660236 -0.2640248
v 0.9878991 1.78877878 -0.114197791
v 0.9571317 1.88645816 -0.119020633
v 0.5084737 2.2016232 -0.341881871
v 0.5938029 2.08316612 -0.346426249
v 0.62378335 2.10040069 -0.349117219
v 0.5318278 2.20193243 -0.351241916
v 0.8258244 2.04810882 -0.116029136
v 0.7700916 2.07590318 -0.2311778
v 0.755157769 2.04468131 -0.2371197
v 0.7839451 2.05583024 -0.183932662
v 0.839450657 1.93243766 -0.169636622
v 0.8376659 1.97404671 -0.1606236
v 0.6362833 2.24389148 -0.211493477
v 0.5938029 2.08316612 -0.346426249
v 0.5084737 2.2016232 -0.341881871
v 0.623437 2.28219366 -0.210039109
v 0.6843573 2.19590235 -0.198782861
v 0.6510254 2.203768 -0.246108875
v 0.9259514 2.318545 -0.1175057
v 0.6250948 2.32278 -0.19301869
v 0.5129954 2.30851769 -0.29566443
v 0.63641876 2.255195 -0.238196269
v 0.6369449 2.29054165 -0.237572864
v 0.772090256 1.99475133 -0.268351734
v 0.7153075 1.98113525 -0.2761142
v 0.7228516 1.9490869 -0.308888048
v 0.755157769 2.04468131 -0.2371197
v 0.6929974 2.04850221 -0.2760888
v 0.6411121 2.21247387 -0.209845379
v 0.636991143 2.32853746 -0.222480088
v 0.623437 2.28219366 -0.210039109
v 0.6250948 2.32278 -0.19301869
v 0.714088559 2.19702721 -0.154449329
v 0.8546014 2.01851964 -0.126459137
v 0.854118168 1.92651176 -0.174294844
v 0.6362833 2.24389148 -0.211493477
v 0.8672853 1.917227 -0.157541275
v 0.8998385 1.98489308 -0.115091667
v 0.6471431 2.19100237 -0.185032144
v 0.58250165 2.40719485 -0.2449821
v 0.5657342 2.411164 -0.2205599
v 0.5657342 2.411164 -0.2205599
v 0.5082014 2.43589783 -0.267368168
v 0.6550406 2.04474568 -0.327352881
v 0.8641985 1.99723756 -0.130860135
v 0.6550406 2.04474568 -0.327352881
v 0.6929974 2.04850221 -0.2760888
v 0.7076079 2.080189 -0.287783563
v 0.6737779 2.07439065 -0.333651066
v 0.7797951 2.00862432 -0.166608125
v 0.6411121 2.21247387 -0.209845379
v 0.552317441 2.15770483 -0.164159879
v 0.6442091 2.048735 -0.234820068
v 0.6442091 2.048735 -0.234820068
v 0.6442091 2.048735 -0.234820068
v 0.552317441 2.15770483 -0.164159879
v 0.7153075 1.98113525 -0.2761142
v 0.7666121 1.92660236 -0.2640248
v 0.7228516 1.9490869 -0.308888048
v 0.7153075 1.98113525 -0.2761142
v 0.7666121 1.92660236 -0.2640248
v 0.81623286 1.911987 -0.2300397
v 0.839450657 1.93243766 -0.169636622
v 0.8672853 1.917227 -0.157541275
v 0.854118168 1.92651176 -0.174294844
v 0.9878991 1.78877878 -0.114197791
v 0.598144948 1.69634616 -0.483392358
v 0.5854383 1.71297383 -0.4959854
v 0.531154335 1.7826947 -0.4448342
v 0.5702568 1.78456879 -0.4420328
v 0.507199168 1.79908764 -0.477345049
v 0.6142206 1.902575 -0.37574634
v 0.634006262 1.95409775 -0.3165208
v 0.6076886 2.02556849 -0.352297217
v 0.5725286 1.92372668 -0.431942552
v 0.56042707 1.80514789 -0.4630846
v 0.507199168 1.79908764 -0.477345049
v 0.5854383 1.71297383 -0.4959854
v 0.598144948 1.69634616 -0.483392358
v 0.5702568 1.78456879 -0.4420328
v 0.5712556 1.83603108 -0.4279167
v 0.5299965 1.89533687 -0.4119229
v 0.6142206 1.902575 -0.37574634
v 0.5712556 1.83603108 -0.4279167
v 0.714634836 2.00199485 -0.202272758
v 0.6464538 2.044298 -0.2824397
v 0.463044375 1.93603492 -0.464627534
v 0.491058946 1.87089157 -0.459118932
v 0.7012733 2.050087 -0.198923051
v 0.634006262 1.95409775 -0.3165208
v 0.5803502 1.97566748 -0.323732167
v 0.684986651 2.02780676 -0.180763036
v 0.714634836 2.00199485 -0.202272758
v 0.491058946 1.87089157 -0.459118932
v 0.526614249 2.05052161 -0.3397202
v 0.6177393 2.13662 -0.1856136
v 0.526614249 2.05052161 -0.3397202
v 0.6177393 2.13662 -0.1856136
v 0.517447948 1.99707079 -0.38431105
v 0.463044375 1.93603492 -0.464627534
v 0.517447948 1.99707079 -0.38431105
v 0.771393239 1.95540082 -0.160920814
v 0.732650757 2.01440716 -0.1873551
v 0.732503951 1.94355488 -0.251438946
v 0.7808376 1.925672 -0.193986237
v 0.7852072 1.615283 -0.362955719
v 0.709573746 1.72531271 -0.346126258
v 0.747971356 1.73523021 -0.323142141
v 0.7111166 2.01828456 -0.180401221
v 0.697577655 1.95403 -0.249162734
v 0.697577655 1.95403 -0.249162734
v 0.7062353 1.91386688 -0.233254477
v 0.6794367 1.92567563 -0.2886214
v 0.714363635 1.99697781 -0.166300982
v 0.771393239 1.95540082 -0.160920814
v 0.7808376 1.925672 -0.193986237
v 0.768859148 1.89470744 -0.222948954
v 0.6983581 1.71815813 -0.388498336
v 0.734085262 1.74764252 -0.3678619
v 0.6916582 1.80219829 -0.3587411
v 0.68927604 1.88301814 -0.317732036
v 0.704464 1.83866084 -0.2769835
v 0.674470961 1.852465 -0.3546769
v 0.763997734 1.63449633 -0.374700963
v 0.768859148 1.89470744 -0.222948954
v 0.732043147 1.86253989 -0.3041069
v 0.767315149 1.85718584 -0.251216233
v 0.763997734 1.63449633 -0.374700963
v 0.7852072 1.615283 -0.362955719
v 0.747971356 1.73523021 -0.323142141
v 0.7830993 1.81198227 -0.2657918
v 0.767315149 1.85718584 -0.251216233
v 0.6794367 1.92567563 -0.2886214
v 0.68927604 1.88301814 -0.317732036
v 0.674470961 1.852465 -0.3546769
v 0.6916582 1.80219829 -0.3587411
v 0.6983581 1.71815813 -0.388498336
v 0.7111166 2.01828456 -0.180401221
v 0.7830993 1.81198227 -0.2657918
v 0.947039068 1.75248682 -0.22052978
v 0.958320558 1.77921259 -0.1999524
v 0.8782409 1.79894161 -0.245142117
v 0.865100861 1.76236522 -0.2717243
v 0.9437803 1.75681925 -0.1902133
v 0.8669 1.775003 -0.233565211
v 0.906418741 1.819264 -0.18197906
v 0.9636603 1.781663 -0.160100624
v 0.8792796 1.84691286 -0.176596552
v 0.8792796 1.84691286 -0.176596552
v 0.8666224 1.87347019 -0.13692084
v 0.8284583 1.8728863 -0.23502703
v 0.906418741 1.819264 -0.18197906
v 0.9636603 1.781663 -0.160100624
v 0.782609642 1.87646365 -0.273411036
v 0.7947259 1.96054733 -0.149397567
v 0.771393239 1.95540082 -0.160920814
v 0.865100861 1.76236522 -0.2717243
v 0.947039068 1.75248682 -0.22052978
v 0.815387666 1.82286811 -0.260841757
v 0.8055688 1.834106 -0.231712088
v 0.8384474 1.93491673 -0.09545216
v 0.8666224 1.87347019 -0.13692084
v 0.776649833 1.93351948 -0.137864262
v 1.03534544 1.706876 -0.160287037
v 0.9970225 1.72223866 -0.1983842
v 0.815387666 1.82286811 -0.260841757
v 0.771393239 1.95540082 -0.160920814
v 0.782609642 1.87646365 -0.273411036
v 0.8384474 1.93491673 -0.09545216
v 0.9970225 1.72223866 -0.1983842
v 1.03534544 1.706876 -0.160287037
v -0.7772645 2.099389 -0.0468574427
v -0.8311974 2.17567587 -0.09224048
v -0.7684765 2.24576 -0.0479788445
v -0.8122988 2.08247185 -0.0922404751
v -0.7608647 2.08158016 -0.0005826088
v -0.841555059 2.04892683 -0.09224048
v -0.484321415 2.43590164 0.08300194
v -0.489115447 2.30852175 0.111298047
v -0.518859 2.31493354 0.114833631
v -0.522655368 2.4264214 0.08920228
v -0.6232631 2.19100642 0.000665889354
v -0.6026722 2.22262979 -0.03519841
v -0.528437436 2.15770912 -0.020206362
v -0.7923529 1.91199112 0.0456734523
v -0.7787504 1.96414411 0.0471476838
v -0.742732167 1.92660618 0.07965854
v -0.964019 1.7887826 -0.07016859
v -0.886431158 1.89857566 -0.09224048
v -0.868513763 1.97375357 -0.09224048
v -0.9332518 1.886462 -0.0653456151
v -0.48459366 2.201627 0.157515615
v -0.569922864 2.08317018 0.162060127
v -0.5999033 2.1004045 0.164750829
v -0.5079477 2.20193624 0.1668754
v -0.801944435 2.048113 -0.06833711
v -0.824493349 2.04827833 -0.09224048
v -0.7462116 2.075907 0.04681156
v -0.7312777 2.0446856 0.0527533181
v -0.7600651 2.055834 -0.000433585345
v -0.8155707 1.93244183 -0.0147297736
v -0.8137859 1.97405088 -0.023742659
v -0.612403333 2.24389529 0.0271272212
v -0.569922864 2.08317018 0.162060127
v -0.48459366 2.201627 0.157515615
v -0.599557 2.28219771 0.0256725866
v -0.6604774 2.19590664 0.0144164776
v -0.627145469 2.20377183 0.061742615
v -0.902071536 2.31854939 -0.06686068
v -0.904623866 2.22721314 -0.09224035
v -0.601214767 2.32278371 0.00865231
v -0.489115447 2.30852175 0.111298047
v -0.6125388 2.255199 0.053829886
v -0.613064945 2.29054523 0.0532066077
v -0.748210132 1.99475539 0.08398546
v -0.691427469 1.98113906 0.09174794
v -0.6989715 1.94909048 0.124521933
v -0.7312777 2.0446856 0.0527533181
v -0.6691174 2.04850626 0.0917225555
v -0.617232144 2.21247768 0.0254788529
v -0.613111138 2.32854152 0.03811384
v -0.599557 2.28219771 0.0256725866
v -0.601214767 2.32278371 0.00865231
v -0.6902086 2.197031 -0.0299169123
v -0.8468818 2.02573133 -0.09224048
v -0.830721438 2.018524 -0.0579071231
v -0.8244494 2.031882 -0.09224048
v -0.8302382 1.92651594 -0.0100714108
v -0.612403333 2.24389529 0.0271272212
v -0.8434052 1.917231 -0.0268249661
v -0.875958443 1.98489726 -0.06927458
v -0.6232631 2.19100642 0.000665889354
v -0.558621645 2.40719867 0.0606157035
v -0.5418542 2.411168 0.0361936539
v -0.7691329 2.33528161 -0.09224034
v -0.6930015 2.26548481 -0.09224047
v -0.524648964 2.15979123 -0.09224045
v -0.5927638 2.238901 -0.09224046
v -0.5418542 2.411168 0.0361936539
v -0.484321415 2.43590164 0.08300194
v -0.6311607 2.04474926 0.14298664
v -0.8403185 1.997242 -0.053506244
v -0.6311607 2.04474926 0.14298664
v -0.6691174 2.04850626 0.0917225555
v -0.683728 2.080193 0.103417449
v -0.6498979 2.07439446 0.149284825
v -0.6588956 2.22197413 -0.09224047
v -0.7559151 2.00862837 -0.017758118
v -0.8355944 1.98469114 -0.09224048
v -0.617232144 2.21247768 0.0254788529
v -0.9454812 2.29472017 -0.0922403559
v -0.528437436 2.15770912 -0.020206362
v -0.6203291 2.048739 0.050453674
v -0.963617146 2.369076 -0.0922403559
v -0.895402133 2.34802485 -0.09224048
v -0.6203291 2.048739 0.050453674
v -0.6203291 2.048739 0.050453674
v -0.528437436 2.15770912 -0.020206362
v -0.524648964 2.15979123 -0.09224045
v -0.691427469 1.98113906 0.09174794
v -0.742732167 1.92660618 0.07965854
v -0.6989715 1.94909048 0.124521933
v -0.691427469 1.98113906 0.09174794
v -0.742732167 1.92660618 0.07965854
v -0.7923529 1.91199112 0.0456734523
v -0.8155707 1.93244183 -0.0147297736
v -0.8434052 1.917231 -0.0268249661
v -0.8302382 1.92651594 -0.0100714108
v -0.886431158 1.89857566 -0.09224048
v -0.964019 1.7887826 -0.07016859
v -0.5742649 1.69635 0.299025983
v -0.561558247 1.71297765 0.311619163
v -0.50727427 1.78269887 0.260467947
v -0.546376765 1.784573 0.257666737
v -0.483319163 1.7990917 0.292978674
v -0.590340555 1.90257919 0.1913801
v -0.610126257 1.95410156 0.132154435
v -0.583808541 2.02557278 0.16793111
v -0.548648536 1.92373085 0.247576445
v -0.536547065 1.805152 0.2787185
v -0.483319163 1.7990917 0.292978674
v -0.561558247 1.71297765 0.311619163
v -0.5742649 1.69635 0.299025983
v -0.546376765 1.784573 0.257666737
v -0.54737556 1.83603525 0.2435506
v -0.5061164 1.89534044 0.227556661
v -0.590340555 1.90257919 0.1913801
v -0.54737556 1.83603525 0.2435506
v -0.6907549 2.00199962 0.0179065224
v -0.6225738 2.044302 0.09807358
v -0.43916437 1.93603909 0.280261159
v -0.4671789 1.87089539 0.274752975
v -0.6773933 2.05009079 0.0145566687
v -0.610126257 1.95410156 0.132154435
v -0.556470156 1.97567129 0.139365792
v -0.661106646 2.02781081 -0.003603224
v -0.6907549 2.00199962 0.0179065224
v -0.4671789 1.87089539 0.274752975
v -0.502734244 2.050525 0.155353948
v -0.593859255 2.136624 0.00124722137
v -0.502734244 2.050525 0.155353948
v -0.593859255 2.136624 0.00124722137
v -0.4935679 1.99707472 0.199944541
v -0.43916437 1.93603909 0.280261159
v -0.4935679 1.99707472 0.199944541
v -0.7475133 1.95540464 -0.0234454349
v -0.708770752 2.01441145 0.002988854
v -0.708623946 1.94355929 0.06707255
v -0.75695765 1.92567587 0.009619981
v -0.7613271 1.615287 0.178589717
v -0.685693741 1.72531652 0.16176
v -0.724091351 1.73523438 0.138775617
v -0.6872366 2.01828885 -0.003965022
v -0.6736977 1.954034 0.06479635
v -0.6736977 1.954034 0.06479635
v -0.6823553 1.913871 0.0488879569
v -0.655556738 1.92567945 0.104255013
v -0.69048357 1.99698174 -0.0180652663
v -0.7475133 1.95540464 -0.0234454349
v -0.75695765 1.92567587 0.009619981
v -0.744979262 1.89471149 0.03858256
v -0.674478 1.71816206 0.204132214
v -0.7102051 1.74764633 0.183495775
v -0.6677781 1.80220222 0.174374864
v -0.665396035 1.88302207 0.133365661
v -0.680583954 1.83866465 0.0926173851
v -0.6505909 1.85246861 0.170310512
v -0.740117669 1.63450038 0.190334707
v -0.744979262 1.89471149 0.03858256
v -0.708163142 1.8625437 0.119740486
v -0.7434352 1.85718942 0.06684997
v -0.740117669 1.63450038 0.190334707
v -0.7613271 1.615287 0.178589717
v -0.724091351 1.73523438 0.138775617
v -0.7592192 1.81198585 0.08142557
v -0.7434352 1.85718942 0.06684997
v -0.655556738 1.92567945 0.104255013
v -0.665396035 1.88302207 0.133365661
v -0.6505909 1.85246861 0.170310512
v -0.6677781 1.80220222 0.174374864
v -0.674478 1.71816206 0.204132214
v -0.6872366 2.01828885 -0.003965022
v -0.7592192 1.81198585 0.08142557
v -0.923159 1.75249064 0.036163535
v -0.9344406 1.77921665 0.0155861489
v -0.8543609 1.79894543 0.06077574
v -0.841220856 1.762369 0.08735808
v -0.9199004 1.75682342 0.00584705034
v -0.84302 1.775007 0.0491990969
v -0.882538736 1.81926763 -0.00238746032
v -0.9397802 1.78166676 -0.024265632
v -0.855399549 1.84691691 -0.00776969
v -0.855399549 1.84691691 -0.00776969
v -0.8427423 1.87347436 -0.0474454
v -0.804578364 1.87289011 0.0506606326
v -0.882538736 1.81926763 -0.00238746032
v -0.9397802 1.78166676 -0.024265632
v -0.7587297 1.87646747 0.08904482
v -0.77084583 1.9605515 -0.0349686779
v -0.7475133 1.95540464 -0.0234454349
v -0.841220856 1.762369 0.08735808
v -0.923159 1.75249064 0.036163535
v -0.791507542 1.82287228 0.0764753744
v -0.7816887 1.83411 0.047345832
v -0.8145674 1.93492031 -0.08891409
v -0.8427423 1.87347436 -0.0474454
v -0.7527698 1.933523 -0.0465019941
v -1.01146543 1.70687973 -0.0240792222
v -0.973142445 1.72224247 0.0140179489
v -0.791507542 1.82287228 0.0764753744
v -0.7475133 1.95540464 -0.0234454349
v -0.7587297 1.87646747 0.08904482
v -0.8145674 1.93492031 -0.08891409
v -0.973142445 1.72224247 0.0140179489
v -1.01146543 1.70687973 -0.0240792222
v -0.7772645 2.0993886 -0.137623236
v -0.7684765 2.24575949 -0.136501834
v -0.7608647 2.08158 -0.183898076
v -0.4843214 2.43590164 -0.267482549
v -0.5226553 2.4264214 -0.273683041
v -0.518858969 2.31493354 -0.29931426
v -0.489115357 2.30852175 -0.2957788
v -0.623263061 2.19100618 -0.18514654
v -0.528437436 2.157709 -0.16427429
v -0.6026722 2.22262955 -0.149282247
v -0.792352855 1.91199052 -0.230154142
v -0.7427321 1.92660594 -0.264139235
v -0.7787504 1.96414411 -0.231628373
v -0.964019 1.7887826 -0.114312254
v -0.9332518 1.886462 -0.1191351
v -0.48459357 2.201627 -0.341996253
v -0.5079476 2.20193624 -0.3513563
v -0.599903166 2.1004045 -0.3492316
v -0.5699228 2.08317018 -0.34654063
v -0.8019444 2.04811287 -0.116143569
v -0.7462116 2.075907 -0.231292233
v -0.760065 2.055834 -0.184047088
v -0.7312777 2.04468513 -0.237234131
v -0.8137859 1.97405052 -0.160738021
v -0.815570652 1.93244159 -0.169751048
v -0.612403333 2.24389529 -0.211607873
v -0.599557 2.28219748 -0.21015352
v -0.48459357 2.201627 -0.341996253
v -0.5699228 2.08317018 -0.34654063
v -0.627145469 2.20377183 -0.246223271
v -0.6604773 2.19590664 -0.198897272
v -0.9020714 2.318549 -0.117620155
v -0.6012147 2.32278347 -0.1931331
v -0.489115357 2.30852175 -0.2957788
v -0.6130649 2.29054523 -0.23768726
v -0.6125387 2.255199 -0.2383104
v -0.7482101 1.99475515 -0.268466145
v -0.69897145 1.94909072 -0.309002459
v -0.691427469 1.98113906 -0.276228338
v -0.7312777 2.04468513 -0.237234131
v -0.6172321 2.21247745 -0.209959775
v -0.669117332 2.048506 -0.276203215
v -0.613111138 2.328541 -0.222594485
v -0.6012147 2.32278347 -0.1931331
v -0.599557 2.28219748 -0.21015352
v -0.690208554 2.19703078 -0.15456374
v -0.8307214 2.01852369 -0.126573563
v -0.830238163 1.9265157 -0.17440927
v -0.612403333 2.24389529 -0.211607873
v -0.8434052 1.91723061 -0.157655716
v -0.875958443 1.984897 -0.115206107
v -0.623263061 2.19100618 -0.18514654
v -0.5418542 2.41116762 -0.220674291
v -0.5586216 2.40719867 -0.24509649
v -0.5418542 2.41116762 -0.220674291
v -0.4843214 2.43590164 -0.267482549
v -0.6311606 2.04474926 -0.327467322
v -0.840318441 1.99724162 -0.130974591
v -0.6311606 2.04474926 -0.327467322
v -0.6498979 2.07439423 -0.333765477
v -0.6837279 2.0801928 -0.287897974
v -0.669117332 2.048506 -0.276203215
v -0.755915046 2.00862813 -0.166722566
v -0.6172321 2.21247745 -0.209959775
v -0.620329 2.048739 -0.234934464
v -0.528437436 2.157709 -0.16427429
v -0.620329 2.048739 -0.234934464
v -0.620329 2.048739 -0.234934464
v -0.528437436 2.157709 -0.16427429
v -0.691427469 1.98113906 -0.276228338
v -0.7427321 1.92660594 -0.264139235
v -0.691427469 1.98113906 -0.276228338
v -0.69897145 1.94909072 -0.309002459
v -0.7427321 1.92660594 -0.264139235
v -0.792352855 1.91199052 -0.230154142
v -0.815570652 1.93244159 -0.169751048
v -0.8434052 1.91723061 -0.157655716
v -0.830238163 1.9265157 -0.17440927
v -0.964019 1.7887826 -0.114312254
v -0.5742648 1.69635 -0.483506739
v -0.546376646 1.78457272 -0.4421472
v -0.5072742 1.78269827 -0.444948584
v -0.5615582 1.71297741 -0.4960998
v -0.483319044 1.7990917 -0.477459431
v -0.590340436 1.90257919 -0.375860721
v -0.5486484 1.92373061 -0.4320572
v -0.5838085 2.02557278 -0.3524116
v -0.610126257 1.95410132 -0.316635221
v -0.536546946 1.8051517 -0.463199
v -0.5615582 1.71297741 -0.4960998
v -0.483319044 1.7990917 -0.477459431
v -0.546376646 1.78457272 -0.4421472
v -0.5742648 1.69635 -0.483506739
v -0.547375441 1.83603489 -0.4280311
v -0.506116331 1.89534044 -0.412037283
v -0.547375441 1.83603489 -0.4280311
v -0.590340436 1.90257919 -0.375860721
v -0.690754831 2.00199914 -0.2023872
v -0.622573733 2.044302 -0.28255412
v -0.439164221 1.93603885 -0.464741945
v -0.467178822 1.87089479 -0.4592333
v -0.6773933 2.05009055 -0.1990372
v -0.610126257 1.95410132 -0.316635221
v -0.690754831 2.00199914 -0.2023872
v -0.6611066 2.02781057 -0.180877432
v -0.5564701 1.97567129 -0.323846549
v -0.467178822 1.87089479 -0.4592333
v -0.5938592 2.136624 -0.185727865
v -0.5027341 2.050525 -0.339834571
v -0.5027341 2.050525 -0.339834571
v -0.5938592 2.136624 -0.185727865
v -0.493567765 1.99707472 -0.384425431
v -0.439164221 1.93603885 -0.464741945
v -0.493567765 1.99707472 -0.384425431
v -0.7475132 1.9554044 -0.16103524
v -0.75695765 1.92567563 -0.194100663
v -0.7086239 1.94355869 -0.251553357
v -0.708770752 2.014411 -0.187469527
v -0.761327 1.61528683 -0.36307013
v -0.7240913 1.735234 -0.323256582
v -0.6856936 1.72531652 -0.346240669
v -0.67369765 1.954034 -0.249277145
v -0.687236547 2.01828837 -0.180515647
v -0.67369765 1.954034 -0.249277145
v -0.6555567 1.92567921 -0.288735837
v -0.6823553 1.91387069 -0.233368635
v -0.6904835 1.99698138 -0.166415408
v -0.75695765 1.92567563 -0.194100663
v -0.7475132 1.9554044 -0.16103524
v -0.744979143 1.89471126 -0.22306338
v -0.6744779 1.7181617 -0.388612747
v -0.667778 1.80220222 -0.358855516
v -0.7102051 1.74764609 -0.3679763
v -0.665396035 1.88302207 -0.317846477
v -0.6505908 1.85246861 -0.3547913
v -0.680583954 1.83866465 -0.2770979
v -0.74011755 1.63450027 -0.374815375
v -0.744979143 1.89471126 -0.22306338
v -0.743435144 1.85718942 -0.251330644
v -0.708163142 1.8625437 -0.3042213
v -0.74011755 1.63450027 -0.374815375
v -0.7240913 1.735234 -0.323256582
v -0.761327 1.61528683 -0.36307013
v -0.7592192 1.81198609 -0.265906245
v -0.743435144 1.85718942 -0.251330644
v -0.665396035 1.88302207 -0.317846477
v -0.6555567 1.92567921 -0.288735837
v -0.6505908 1.85246861 -0.3547913
v -0.667778 1.80220222 -0.358855516
v -0.6744779 1.7181617 -0.388612747
v -0.687236547 2.01828837 -0.180515647
v -0.7592192 1.81198609 -0.265906245
v -0.882538557 1.81926763 -0.182093382
v -0.882538557 1.81926763 -0.182093382
v -0.7475132 1.9554044 -0.16103524
v -0.841220856 1.762369 -0.271838784
v -0.8145673 1.93492031 -0.09556661
v -0.565367043 1.553496 -0.306456834
v -0.670211434 1.61103034 -0.312489718
v -0.6580177 1.57802176 -0.304190159
v -0.584290147 1.64616048 -0.0527143367
v -0.678601146 1.8237195 -0.135843784
v -0.5462176 1.79395533 0.128170192
v 0.0137451962 0.922950745 -0.0198365673
v 0.1041495 1.04915261 0.25969252
v 0.04975753 0.931517839 -0.0158701763
v -0.0234956853 0.9822755 0.214261
v -0.7205565 1.65320742 -0.16255793
v 0.152023464 0.297811866 0.350397438
v 0.218962163 0.419986 0.0517498255
v 0.0489955433 0.34198463 0.06810919
v 0.280285031 0.4097128 0.120714121
v 0.120908745 0.396757 -0.280975223
v 0.249742642 0.488063335 -0.160139978
v 0.120908745 0.396757 -0.280975223
v 0.03402555 0.6479043 0.08556999
v 0.0489955433 0.34198463 0.06810919
v 0.128067791 0.687878966 -0.188571334
v -0.5726364 1.8844744 -0.299066663
v -0.669381857 1.65159321 -0.328023225
v 0.0137451962 0.922950745 -0.0198365673
v -0.07554536 0.9417221 -0.2854658
v -0.03502235 0.926321268 -0.04909805
v 0.03301518 0.980965257 -0.271671
v -0.5528677 2.004952 -0.310451269
v -0.3987964 1.87572265 -0.2745692
v -0.346715063 0.7469739 -0.3535765
v -0.3307207 1.07538688 -0.318840444
v -0.4790739 0.7536864 -0.1352539
v -0.213946611 0.950548947 -0.380280882
v 0.411643863 0.418715715 -0.330046952
v 0.491731524 0.7568364 -0.042985566
v 0.362706542 0.711355 -0.261673629
v 0.535090744 0.397143483 0.00761686265
v 0.3979501 1.11790752 0.1492941
v 0.439103961 1.09494627 -0.0193785932
v 0.5118101 0.768332362 0.132465869
v 0.374146074 1.07698143 -0.254775643
v 0.152023464 0.297811866 0.350397438
v 0.385483623 0.776899934 0.39064315
v 0.4275469 0.3080765 0.335786939
v 0.12065655 0.7486664 0.368347973
v 0.04975753 0.931517839 -0.0158701763
v 0.121687405 0.937660456 -0.249994159
v 0.278495282 1.11383319 0.2963094
v 0.271657825 0.947533846 -0.326376
v -0.0333003365 1.08535278 0.276724339
v -0.12130893 0.701759 0.288170874
v -0.03502235 0.926321268 -0.04909805
v -0.02207483 0.643429756 0.0664048
v -0.126005769 1.06606519 0.224109635
v -0.501184642 0.739995837 0.0392444953
v -0.515080035 0.397686 -0.150471091
v 0.3626996 0.188437223 -0.148988217
v 0.412386239 0.279260278 -0.03841729
v 0.359056354 0.344836473 -0.128812671
v 0.427104264 0.151917338 -0.073003754
v 0.259278268 0.3427633 -0.125887036
v 0.255170643 0.187998652 -0.152129412
v 0.226658463 0.28006494 -0.035155125
v 0.217668459 0.155109644 -0.07687381
v 0.29991883 0.202613 0.06488218
v 0.226658463 0.28006494 -0.035155125
v 0.296948045 0.283305168 0.07197426
v 0.217668459 0.155109644 -0.07687381
v 0.383345366 0.206874371 0.04228967
v 0.3768649 0.29219687 0.05195474
v 0.411643863 0.418715715 -0.330046952
v 0.444107145 0.428571224 0.00938894
v 0.535090744 0.397143483 0.00761686265
v 0.361535519 0.497159123 -0.1586107
v 0.4275469 0.3080765 0.335786939
v 0.3754561 0.414072871 0.09814077
v 0.253725946 1.59463727 0.2810348
v -0.05529005 1.68964744 0.34249422
v 0.210941762 1.68894529 0.339318335
v -0.0510332063 1.61982119 0.313513756
v 0.320505321 1.53920317 -0.0472761467
v 0.458856255 1.8524394 -0.270503759
v 0.272797465 1.58580446 -0.153291613
v 0.449698418 1.71239948 -0.170084476
v 0.449698418 1.71239948 -0.170084476
v 0.329477042 1.66710424 0.1938633
v 0.320505321 1.53920317 -0.0472761467
v 0.216415659 1.90208364 -0.3249433
v 0.0185701381 1.63262939 -0.261458963
v 0.401133746 1.8132484 0.173150957
v 0.130676523 1.48503363 -0.254705876
v 0.0141940657 1.47866273 -0.263209224
v 0.1420883 1.50609732 0.2262094
v -0.0471337065 1.55110466 0.289262116
v 0.243119135 1.43829644 -0.143969655
v 0.3039315 1.49174488 0.0134271979
v 0.4064434 2.07053566 -0.2976557
v 0.17852737 2.09853578 -0.2558202
v 0.5161877 2.0445497 -0.2890283
v 0.03698592 1.88411975 -0.343247324
v 0.0317274258 2.12295771 -0.272698134
v 0.409811974 1.732425 0.0443767533
v -0.00564098125 1.95078158 0.2827161
v 0.211257786 1.96858358 0.205923438
v 0.02867023 2.35697126 -0.04642698
v 0.2203834 2.19019985 -0.161838323
v 0.163209379 2.30973744 -0.0116632394
v 0.0358204581 2.22219086 -0.179870337
v 0.3463291 2.1662817 -0.153290808
v 0.439314216 2.15986681 -0.130619437
v 0.4025906 1.95099521 0.1783514
v -0.547077954 1.60025382 -0.34526363
v -0.565367043 1.553496 -0.306456834
v -0.4667897 1.558888 -0.180390745
v 0.310586125 2.149906 0.0825342759
v 0.2203834 2.19019985 -0.161838323
v 0.3463291 2.1662817 -0.153290808
v -0.547077954 1.60025382 -0.34526363
v 0.235653386 2.20345116 0.121312477
v 0.09328946 2.13786745 0.188615173
v 0.3839226 2.1254642 0.08215174
v 0.439314216 2.15986681 -0.130619437
v 0.5161877 2.0445497 -0.2890283
v 0.5376267 2.131786 -0.105573341
v 0.439314216 2.15986681 -0.130619437
v 0.6016259 1.99611485 -0.291348338
v 0.6826708 1.99547625 -0.0509113856
v 0.3839226 2.1254642 0.08215174
v 0.500162 2.11432767 0.09457349
v 0.449698418 1.71239948 -0.170084476
v 0.5591391 1.727766 -0.279695868
v 0.458856255 1.8524394 -0.270503759
v 0.4960369 1.6770165 -0.190184116
v 0.4025906 1.95099521 0.1783514
v 0.5729436 1.93669629 0.186324537
v 0.5694414 1.79047275 0.147994816
v 0.724372864 1.83598971 -0.08812342
v 0.401133746 1.8132484 0.173150957
v 0.409811974 1.732425 0.0443767533
v 0.4381187 1.68642747 0.05967834
v 0.458856255 1.8524394 -0.270503759
v 0.5591391 1.727766 -0.279695868
v 0.6346484 1.87782049 -0.273165941
v 0.635663152 1.63359237 -0.312969923
v 0.540566444 1.58575773 -0.167951077
v 0.565742433 1.623607 -0.00977239
v 0.6411986 1.647713 -0.0123415124
v 0.635663152 1.63359237 -0.312969923
v 0.7652266 1.66160786 -0.273789257
v 0.7597552 1.58738816 -0.249633759
v 0.866017342 1.49598014 -0.0618212223
v 0.8292247 1.61413574 -0.09403935
v 0.8241102 1.46636653 -0.239527375
v 0.5559834 1.5447942 -0.153608471
v 0.678223431 1.45367455 -0.278683454
v 0.6722441 1.55108654 -0.264511
v 0.5502107 1.44655931 -0.128750369
v 0.6743482 1.52660751 0.0900479
v 0.6542068 1.59828615 -0.00313105714
v 0.5547857 1.51191092 0.04946199
v 0.5931136 1.57372355 0.00321619213
v 0.6722441 1.55108654 -0.264511
v 0.678223431 1.45367455 -0.278683454
v 0.2724827 1.40877831 0.0179079734
v 0.238283 1.37966859 -0.132034227
v 0.3039315 1.49174488 0.0134271979
v 0.2724827 1.40877831 0.0179079734
v 0.2322494 1.39837348 0.134918541
v 0.127400011 1.39947975 -0.235604286
v 0.163209379 2.30973744 -0.0116632394
v 0.0186264943 2.09967279 0.2472887
v 0.015716413 1.39610255 -0.235797584
v 0.790465534 1.67134047 -0.10206417
v 0.7687341 1.62175834 -0.2570366
v 0.6541818 1.59481215 -0.307015538
v 0.6541818 1.59481215 -0.307015538
v -0.0438203551 1.42199385 0.2792836
v -0.21035184 1.50487566 0.1787566
v -0.1409357 1.40321612 0.2401393
v -0.3357128 0.3748554 -0.290625662
v -0.424825758 0.429838538 -0.141024262
v -0.389148861 0.292642951 -0.2151185
v -0.340920955 0.5299945 -0.291606516
v -0.228950381 0.523324251 -0.292517453
v -0.235976309 0.374040246 -0.2860992
v -0.200291514 0.417494655 -0.09641022
v -0.203560784 0.296113968 -0.207970232
v -0.2756901 0.278080463 -0.103567235
v -0.200291514 0.417494655 -0.09641022
v -0.203560784 0.296113968 -0.207970232
v -0.2625308 0.393460751 -0.0318289064
v 0.03402555 0.6479043 0.08556999
v -0.355430543 0.28913188 -0.123211116
v -0.357380927 0.400266647 -0.05513619
v 0.0897576 1.37615693 0.237943068
v 0.06157828 1.40432382 0.266747177
v 0.12312077 1.38299 0.237102717
v -0.0427422822 1.37822461 0.2671124
v 0.444107145 0.428571224 0.00938894
v 0.361535519 0.497159123 -0.1586107
v 0.249742642 0.488063335 -0.160139978
v 0.218962163 0.419986 0.0517498255
v 0.218962163 0.419986 0.0517498255
v 0.280285031 0.4097128 0.120714121
v 0.3754561 0.414072871 0.09814077
v 0.0489955433 0.34198463 0.06810919
v -0.301551938 1.08412457 0.241778746
v -0.3774046 0.7150676 0.2965548
v -0.09620103 0.458441377 -0.425573736
v -0.02207483 0.643429756 0.0664048
v -0.112733439 0.7151457 -0.281582624
v -0.0329057947 0.3408271 -0.09153863
v -0.411191046 0.25091958 0.15752387
v -0.386472464 0.48401165 -0.4756316
v -0.26527667 1.39232361 0.06005349
v -0.313908428 1.48699546 -0.0693054944
v -0.166095346 1.37447774 0.231219649
v -0.178895667 1.38019586 0.189736724
v -0.402604 1.09330058 0.08409557
v -0.425517172 1.080407 -0.08926553
v -0.0329057947 0.3408271 -0.09153863
v -0.135795757 0.242991328 0.1755946
v -0.335700274 0.224919677 -0.339618772
v -0.400581419 0.17373991 -0.273087829
v -0.228148639 0.2269783 -0.340589523
v -0.191225 0.181305766 -0.2720172
v -0.276830018 0.200085282 -0.125608325
v -0.191225 0.181305766 -0.2720172
v -0.359937459 0.207005858 -0.1487129
v -0.135795757 0.242991328 0.1755946
v -0.200291514 0.417494655 -0.09641022
v -0.2625308 0.393460751 -0.0318289064
v -0.0329057947 0.3408271 -0.09153863
v -0.386472464 0.48401165 -0.4756316
v -0.424825758 0.429838538 -0.141024262
v -0.340920955 0.5299945 -0.291606516
v -0.515080035 0.397686 -0.150471091
v -0.411191046 0.25091958 0.15752387
v -0.357380927 0.400266647 -0.05513619
v -0.09620103 0.458441377 -0.425573736
v -0.228950381 0.523324251 -0.292517453
v -0.333956838 1.59371436 0.199965358
v -0.3095366 1.69003057 0.2640676
v -0.3269392 1.556494 -0.114771128
v -0.255169034 1.60577989 -0.198007226
v -0.3987964 1.87572265 -0.2745692
v -0.381499618 1.73766589 -0.17766884
v -0.381499618 1.73766589 -0.17766884
v -0.3269392 1.556494 -0.114771128
v -0.367198825 1.67579246 0.116458513
v -0.131260931 1.91356277 -0.356571972
v -0.380284131 1.829802 0.1700381
v -0.1014258 1.49309456 -0.275779456
v -0.2352103 1.45547533 -0.186253816
v -0.3678142 2.09339237 -0.296019316
v -0.133917734 2.107592 -0.27783373
v -0.474264443 2.05979133 -0.2980479
v -0.39262712 1.74744344 0.0019942373
v -0.18529819 1.99268925 0.1928213
v -0.156648144 2.21141577 -0.174452484
v -0.108736612 2.31550431 -0.0154962447
v -0.321658939 2.18396258 -0.1558744
v -0.418093026 2.17399955 -0.136530444
v -0.386106849 1.96617782 0.1736053
v -0.156648144 2.21141577 -0.174452484
v -0.2629456 2.17977262 0.06505666
v -0.321658939 2.18396258 -0.1558744
v -0.189766973 2.2124722 0.115316309
v -0.05202426 2.14094877 0.186567038
v -0.7522637 1.5916642 -0.160767138
v -0.365734369 2.14050436 0.07595119
v -0.418093026 2.17399955 -0.136530444
v -0.474264443 2.05979133 -0.2980479
v -0.418093026 2.17399955 -0.136530444
v -0.516687036 2.140237 -0.118488967
v -0.6565598 1.99374759 -0.0778248459
v -0.365734369 2.14050436 0.07595119
v -0.487112343 2.123764 0.08335783
v -0.381499618 1.73766589 -0.17766884
v -0.474688679 1.74312115 -0.302135378
v -0.419684023 1.69779348 -0.20575428
v -0.3987964 1.87572265 -0.2745692
v -0.386106849 1.96617782 0.1736053
v -0.559018552 1.941045 0.1690923
v -0.380284131 1.829802 0.1700381
v -0.39262712 1.74744344 0.0019942373
v -0.41880554 1.69948375 0.01214104
v -0.474688679 1.74312115 -0.302135378
v -0.533000767 1.6412 -0.3479376
v -0.454921782 1.60163987 -0.191928774
v -0.5075733 1.631803 -0.0394881
v -0.533000767 1.6412 -0.3479376
v -0.7769678 1.46867228 -0.13252008
v -0.7071486 1.44657063 -0.3023714
v -0.556872368 1.454088 -0.320750982
v -0.451169759 1.46304464 -0.15442434
v -0.61419183 1.52362227 0.0441826135
v -0.5919411 1.59551728 -0.0459621772
v -0.4892701 1.52560282 0.0207505748
v -0.5297351 1.5790031 -0.0311004464
v -0.556872368 1.454088 -0.320750982
v -0.281328976 1.40161216 -0.0644872561
v -0.313908428 1.48699546 -0.0693054944
v -0.19832848 1.3755492 -0.198845148
v -0.281328976 1.40161216 -0.0644872561
v -0.116367839 1.40679061 -0.262093246
v -0.108736612 2.31550431 -0.0154962447
vt 0.287078857 0.7863579
vt 0.287078857 0.894664764
vt 0.361062467 0.895071745
vt 0.368662119 0.786607563
vt 0.287078857 0.700058
vt 0.368615925 0.7871231
vt 0.372671545 0.7002705
vt 0.372651219 0.700492
vt 0.376396179 0.601104736
vt 0.287078857 0.601989746
vt 0.368662119 0.786607563
vt 0.361062467 0.895071745
vt 0.372671545 0.7002705
vt 0.368615925 0.7871231
vt 0.372651219 0.700492
vt 0.376396179 0.601104736
vt 0.287078857 0.7863579
vt 0.368662119 0.786607563
vt 0.361062467 0.895071745
vt 0.287078857 0.894664764
vt 0.287078857 0.700058
vt 0.372671545 0.7002705
vt 0.368615925 0.7871231
vt 0.372651219 0.700492
vt 0.287078857 0.601989746
vt 0.376396179 0.601104736
vt 0.361062467 0.895071745
vt 0.368662119 0.786607563
vt 0.368615925 0.7871231
vt 0.372671545 0.7002705
vt 0.372651219 0.700492
vt 0.376396179 0.601104736
vt 0.5112152 0.750988
vt 0.519577 0.7492676
vt 0.514328 0.6984863
vt 0.50743103 0.6980362
vt 0.3944626 0.663948059
vt 0.400688171 0.6908264
vt 0.408157349 0.6784439
vt 0.4890442 0.6884842
vt 0.499320984 0.6642761
vt 0.480804443 0.6705475
vt 0.4721985 0.7830391
vt 0.4717636 0.7567215
vt 0.4616089 0.749465942
vt 0.433647156 0.7156067
vt 0.451156616 0.704483032
vt 0.4338913 0.6882477
vt 0.5357208 0.7439575
vt 0.526153564 0.698799133
vt 0.382064819 0.6623764
vt 0.3961029 0.6505661
vt 0.382003784 0.65058136
vt 0.400222778 0.623123169
vt 0.3820343 0.6122284
vt 0.3819809 0.62348175
vt 0.412773132 0.591766357
vt 0.4032669 0.573257446
vt 0.3820343 0.5748749
vt 0.449630737 0.727142334
vt 0.425491333 0.716682434
vt 0.438346863 0.582191467
vt 0.4215622 0.58921814
vt 0.4400406 0.6122589
vt 0.4609146 0.5909653
vt 0.462112427 0.649360657
vt 0.476966858 0.672584534
vt 0.4717102 0.648712158
vt 0.381988525 0.5452347
vt 0.393600464 0.551071167
vt 0.442138672 0.727249146
vt 0.45715332 0.750270844
vt 0.423522949 0.614524841
vt 0.442077637 0.6201935
vt 0.434455872 0.6458359
vt 0.423339844 0.651542664
vt 0.437728882 0.6686325
vt 0.4119339 0.641548157
vt 0.46559906 0.722366333
vt 0.422287 0.659790039
vt 0.47265625 0.7428818
vt 0.401077271 0.6347046
vt 0.382019043 0.636169434
vt 0.408538818 0.6511078
vt 0.4632721 0.598617554
vt 0.455963135 0.6318817
vt 0.493438721 0.6162567
vt 0.459190369 0.6845856
vt 0.4741745 0.6944351
vt 0.483032227 0.690338135
vt 0.4453125 0.633461
vt 0.474258423 0.7084427
vt 0.427383423 0.633033752
vt 0.382095337 0.7105789
vt 0.475090027 0.738250732
vt 0.480110168 0.7307968
vt 0.4863968 0.748222351
vt 0.488624573 0.7454071
vt 0.381988525 0.532821655
vt 0.1266861 0.876312256
vt 0.14466095 0.86284256
vt 0.1317215 0.8861885
vt 0.4890442 0.6884842
vt 0.476966858 0.672584534
vt 0.480804443 0.6705475
vt 0.4741745 0.6944351
vt 0.483032227 0.690338135
vt 0.492355347 0.719490051
vt 0.50743103 0.6980362
vt 0.5038605 0.613388062
vt 0.514328 0.6984863
vt 0.3961029 0.6505661
vt 0.408538818 0.6511078
vt 0.3944626 0.663948059
vt 0.14466095 0.86284256
vt 0.140205383 0.833683
vt 0.131725311 0.8336792
vt 0.382095337 0.7382126
vt 0.400688171 0.6908264
vt 0.418739319 0.731323242
vt 0.400222778 0.623123169
vt 0.412773132 0.591766357
vt 0.423522949 0.614524841
vt 0.4154358 0.755363464
vt 0.382095337 0.756938934
vt 0.4616089 0.749465942
vt 0.47265625 0.7428818
vt 0.4717636 0.7567215
vt 0.437728882 0.6686325
vt 0.434455872 0.6458359
vt 0.462112427 0.649360657
vt 0.459190369 0.6845856
vt 0.455963135 0.6318817
vt 0.4453125 0.633461
vt 0.442077637 0.6201935
vt 0.4400406 0.6122589
vt 0.4215622 0.58921814
vt 0.427383423 0.633033752
vt 0.4717102 0.648712158
vt 0.493438721 0.6162567
vt 0.499320984 0.6642761
vt 0.401077271 0.6347046
vt 0.4119339 0.641548157
vt 0.4609146 0.5909653
vt 0.4632721 0.598617554
vt 0.115468979 0.833202362
vt 0.1266861 0.876312256
vt 0.5083618 0.6134033
vt 0.526153564 0.698799133
vt 0.5112152 0.750988
vt 0.519577 0.7492676
vt 0.408157349 0.6784439
vt 0.4721985 0.7830391
vt 0.4338913 0.6882477
vt 0.451156616 0.704483032
vt 0.433647156 0.7156067
vt 0.5357208 0.7439575
vt 0.4032669 0.573257446
vt 0.449630737 0.727142334
vt 0.425491333 0.716682434
vt 0.438346863 0.582191467
vt 0.393600464 0.551071167
vt 0.45715332 0.750270844
vt 0.442138672 0.727249146
vt 0.423339844 0.651542664
vt 0.46559906 0.722366333
vt 0.422287 0.659790039
vt 0.474258423 0.7084427
vt 0.480110168 0.7307968
vt 0.475090027 0.738250732
vt 0.488624573 0.7454071
vt 0.4863968 0.748222351
vt 0.1317215 0.8861885
vt 0.492355347 0.719490051
vt 0.5038605 0.613388062
vt 0.131725311 0.8336792
vt 0.140205383 0.833683
vt 0.418739319 0.731323242
vt 0.4154358 0.755363464
vt 0.115468979 0.833202362
vt 0.5083618 0.6134033
vt 0.143699646 0.581588745
vt 0.2001664 0.581588745
vt 0.2001664 0.6995392
vt 0.136806488 0.6660309
vt 0.136417389 0.733039856
vt 0.2001664 0.8126373
vt 0.1433258 0.8126373
vt 0.2001664 0.8894253
vt 0.152771 0.8894253
vt 0.2001664 0.4850769
vt 0.151355743 0.511772156
vt 0.143699646 0.581588745
vt 0.136806488 0.6660309
vt 0.136417389 0.733039856
vt 0.1433258 0.8126373
vt 0.152771 0.8894253
vt 0.151355743 0.511772156
vt 0.143699646 0.581588745
vt 0.136806488 0.6660309
vt 0.2001664 0.6995392
vt 0.2001664 0.581588745
vt 0.136417389 0.733039856
vt 0.1433258 0.8126373
vt 0.2001664 0.8126373
vt 0.152771 0.8894253
vt 0.2001664 0.8894253
vt 0.2001664 0.4850769
vt 0.151355743 0.511772156
vt 0.143699646 0.581588745
vt 0.136806488 0.6660309
vt 0.136417389 0.733039856
vt 0.1433258 0.8126373
vt 0.152771 0.8894253
vt 0.151355743 0.511772156
vt 0.65512085 0.6993027
vt 0.625473 0.6599121
vt 0.625473 0.7540779
vt 0.6846161 0.7540779
vt 0.625473 0.994315267
vt 0.6846161 0.994315267
vt 0.6846161 0.9411478
vt 0.625473 0.9411478
vt 0.6846161 0.8831501
vt 0.625473 0.8831501
vt 0.6846161 0.6994629
vt 0.625473 0.8319588
vt 0.6846161 0.8319588
vt 0.65512085 0.6993027
vt 0.6846161 0.7540779
vt 0.625473 0.7540779
vt 0.625473 0.6599121
vt 0.625473 0.994315267
vt 0.625473 0.9411478
vt 0.6846161 0.9411478
vt 0.6846161 0.994315267
vt 0.625473 0.8831501
vt 0.6846161 0.8831501
vt 0.6846161 0.6994629
vt 0.6846161 0.8319588
vt 0.625473 0.8319588
vt 0.625473 0.7540779
vt 0.625473 0.6599121
vt 0.65512085 0.6993027
vt 0.6846161 0.7540779
vt 0.6846161 0.9411478
vt 0.6846161 0.994315267
vt 0.625473 0.994315267
vt 0.625473 0.9411478
vt 0.6846161 0.8831501
vt 0.625473 0.8831501
vt 0.6846161 0.6994629
vt 0.6846161 0.8319588
vt 0.625473 0.8319588
vt 0.625473 0.7540779
vt 0.6846161 0.7540779
vt 0.65512085 0.6993027
vt 0.625473 0.6599121
vt 0.6846161 0.9411478
vt 0.625473 0.9411478
vt 0.625473 0.994315267
vt 0.6846161 0.994315267
vt 0.6846161 0.8831501
vt 0.625473 0.8831501
vt 0.6846161 0.6994629
vt 0.6846161 0.8319588
vt 0.625473 0.8319588
vt 0.181190491 0.899024963
vt 0.181190491 0.9333744
vt 0.240589142 0.9333744
vt 0.240589142 0.899024963
vt 0.385475159 0.9333744
vt 0.3096466 0.9333744
vt 0.3096466 0.991610765
vt 0.385475159 0.991610765
vt 0.541214 0.9333744
vt 0.471672058 0.9333744
vt 0.471672058 0.991610765
vt 0.541214 0.991610765
vt 0.181190491 0.991610765
vt 0.240589142 0.991610765
vt 0.3096466 0.899024963
vt 0.541214 0.899024963
vt 0.471672058 0.899024963
vt 0.385475159 0.899024963
vt 0.240589142 0.899024963
vt 0.240589142 0.9333744
vt 0.385475159 0.9333744
vt 0.385475159 0.991610765
vt 0.3096466 0.991610765
vt 0.3096466 0.9333744
vt 0.471672058 0.991610765
vt 0.471672058 0.9333744
vt 0.240589142 0.991610765
vt 0.3096466 0.899024963
vt 0.471672058 0.899024963
vt 0.385475159 0.899024963
vt 0.237369537 0.8026886
vt 0.20816803 0.8026886
vt 0.20816803 0.8568764
vt 0.237369537 0.8568764
vt 0.20816803 0.889755249
vt 0.237369537 0.889755249
vt 0.281394958 0.891048431
vt 0.243114471 0.891986847
vt 0.243114471 0.8291702
vt 0.281394958 0.8291702
vt 0.281394958 0.6522827
vt 0.281394958 0.7010193
vt 0.243114471 0.7010193
vt 0.243114471 0.6522827
vt 0.281394958 0.765045166
vt 0.243114471 0.765045166
vt 0.281394958 0.610603333
vt 0.243114471 0.610603333
vt 0.281394958 0.8291702
vt 0.243114471 0.8291702
vt 0.281394958 0.6522827
vt 0.243114471 0.6522827
vt 0.243114471 0.7010193
vt 0.281394958 0.7010193
vt 0.281394958 0.765045166
vt 0.243114471 0.765045166
vt 0.20816803 0.5937729
vt 0.237369537 0.5937729
vt 0.237369537 0.6434326
vt 0.20816803 0.6434326
vt 0.237369537 0.69418335
vt 0.20816803 0.69418335
vt 0.237369537 0.740310669
vt 0.20816803 0.740310669
vt 0.237369537 0.8026886
vt 0.20816803 0.8026886
vt 0.237369537 0.8568764
vt 0.20816803 0.8568764
vt 0.237369537 0.889755249
vt 0.20816803 0.889755249
vt 0.20816803 0.5937729
vt 0.237369537 0.5937729
vt 0.237369537 0.6434326
vt 0.20816803 0.6434326
vt 0.237369537 0.69418335
vt 0.20816803 0.69418335
vt 0.237369537 0.740310669
vt 0.20816803 0.740310669
vt 0.237369537 0.8026886
vt 0.20816803 0.8026886
vt 0.237369537 0.8568764
vt 0.20816803 0.8568764
vt 0.237369537 0.889755249
vt 0.20816803 0.889755249
vt 0.20816803 0.5937729
vt 0.20816803 0.6434326
vt 0.237369537 0.6434326
vt 0.237369537 0.5937729
vt 0.20816803 0.69418335
vt 0.237369537 0.69418335
vt 0.20816803 0.740310669
vt 0.237369537 0.740310669
vt 0.20816803 0.8026886
vt 0.237369537 0.8026886
vt 0.20816803 0.8568764
vt 0.237369537 0.8568764
vt 0.20816803 0.889755249
vt 0.237369537 0.889755249
vt 0.20816803 0.5937729
vt 0.20816803 0.6434326
vt 0.237369537 0.6434326
vt 0.237369537 0.5937729
vt 0.20816803 0.69418335
vt 0.237369537 0.69418335
vt 0.20816803 0.740310669
vt 0.237369537 0.740310669
vt 0.9150238 0.7108383
vt 0.9119568 0.7996521
vt 0.992172241 0.800292969
vt 0.992172241 0.7082443
vt 0.463644415 0.475893736
vt 0.476945579 0.4259647
vt 0.459636629 0.444657922
vt 0.8470694 0.5575168
vt 0.8352562 0.5470862
vt 0.8691624 0.5279956
vt 0.833877563 0.9774232
vt 0.8355408 0.9948971
vt 0.915939331 0.9948971
vt 0.9111328 0.9406042
vt 0.693893433 0.754577637
vt 0.7485962 0.7512703
vt 0.6931915 0.705162048
vt 0.7576752 0.9948971
vt 0.756485 0.9452343
vt 0.693893433 0.947353363
vt 0.693893433 0.9948971
vt 0.8246765 0.696800232
vt 0.825286865 0.747139
vt 0.992172241 0.9948971
vt 0.9928589 0.934145
vt 0.693893433 0.810337067
vt 0.7501831 0.8111305
vt 0.7525177 0.8754616
vt 0.743286133 0.704978943
vt 0.825286865 0.747139
vt 0.7485962 0.7512703
vt 0.693893433 0.810337067
vt 0.693893433 0.8754616
vt 0.7525177 0.8754616
vt 0.7501831 0.8111305
vt 0.9164734 0.8754616
vt 0.992172241 0.8700104
vt 0.898788452 0.632164
vt 0.992172241 0.5675888
vt 0.8290863 0.809818268
vt 0.8309479 0.873641968
vt 0.8650055 0.6455536
vt 0.8085022 0.6457443
vt 0.743286133 0.704978943
vt 0.9111328 0.9406042
vt 0.833877563 0.9774232
vt 0.8293457 0.9427395
vt 0.7805191 0.568280637
vt 0.7857345 0.5787006
vt 0.763727844 0.5842521
vt 0.8293457 0.9427395
vt 0.8289151 0.537953556
vt 0.8037928 0.554421246
vt 0.8290863 0.809818268
vt 0.9150238 0.7108383
vt 0.9119568 0.7996521
vt 0.6931915 0.705162048
vt 0.992172241 0.8700104
vt 0.8246765 0.696800232
vt 0.8085022 0.6457443
vt 0.756485 0.9452343
vt 0.8309479 0.873641968
vt 0.693893433 0.754577637
vt 0.898788452 0.632164
vt 0.7576752 0.9948971
vt 0.693893433 0.9948971
vt 0.693893433 0.947353363
vt 0.451509267 0.551971853
vt 0.427179456 0.540865242
vt 0.430829942 0.56941545
vt 0.9164734 0.8754616
vt 0.8491622 0.5287831
vt 0.8650055 0.6455536
vt 0.693893433 0.8754616
vt 0.915939331 0.9948971
vt 0.8355408 0.9948971
vt 0.7820902 0.6301771
vt 0.7932495 0.62800926
vt 0.992172241 0.800292969
vt 0.9119568 0.7996521
vt 0.9150238 0.7108383
vt 0.992172241 0.7082443
vt 0.481813878 0.473950744
vt 0.419090271 0.505886137
vt 0.915939331 0.9948971
vt 0.8355408 0.9948971
vt 0.833877563 0.9774232
vt 0.9111328 0.9406042
vt 0.6931915 0.705162048
vt 0.7485962 0.7512703
vt 0.693893433 0.754577637
vt 0.693893433 0.947353363
vt 0.756485 0.9452343
vt 0.7576752 0.9948971
vt 0.693893433 0.9948971
vt 0.825286865 0.747139
vt 0.8246765 0.696800232
vt 0.9928589 0.934145
vt 0.992172241 0.9948971
vt 0.7525177 0.8754616
vt 0.7501831 0.8111305
vt 0.693893433 0.810337067
vt 0.7485962 0.7512703
vt 0.825286865 0.747139
vt 0.743286133 0.704978943
vt 0.7525177 0.8754616
vt 0.693893433 0.8754616
vt 0.693893433 0.810337067
vt 0.7501831 0.8111305
vt 0.992172241 0.8700104
vt 0.9164734 0.8754616
vt 0.898788452 0.632164
vt 0.992172241 0.5675888
vt 0.8290863 0.809818268
vt 0.8309479 0.873641968
vt 0.8085022 0.6457443
vt 0.8650055 0.6455536
vt 0.743286133 0.704978943
vt 0.8293457 0.9427395
vt 0.833877563 0.9774232
vt 0.9111328 0.9406042
vt 0.440195233 0.511764467
vt 0.4769007 0.523814
vt 0.8293457 0.9427395
vt 0.8290863 0.809818268
vt 0.9119568 0.7996521
vt 0.9150238 0.7108383
vt 0.6931915 0.705162048
vt 0.992172241 0.8700104
vt 0.8085022 0.6457443
vt 0.8246765 0.696800232
vt 0.8309479 0.873641968
vt 0.756485 0.9452343
vt 0.693893433 0.754577637
vt 0.898788452 0.632164
vt 0.693893433 0.947353363
vt 0.693893433 0.9948971
vt 0.7576752 0.9948971
vt 0.4981096 0.587415636
vt 0.521456957 0.562378645
vt 0.9164734 0.8754616
vt 0.818548739 0.5840832
vt 0.8650055 0.6455536
vt 0.693893433 0.8754616
vt 0.915939331 0.9948971
vt 0.8355408 0.9948971
vt 0.8217162 0.60163033
vt 0.497085035 0.5348478
vt 0.4480776 0.47168088
vt 0.148357391 0.102630615
vt 0.123401642 0.08781433
vt 0.124849319 0.0766906738
vt 0.156078339 0.08546448
vt 0.205535889 0.08496094
vt 0.203022 0.07606506
vt 0.239459991 0.06956482
vt 0.240791321 0.0766906738
vt 0.06629372 0.060043335
vt 0.114555359 0.06161499
vt 0.09611702 0.0790557861
vt 0.06715202 0.09387207
vt 0.159072876 0.05491638
vt 0.115674973 0.0434265137
vt 0.170639038 0.0345916748
vt 0.100696564 0.0890350342
vt 0.202034 0.06678772
vt 0.005585313 0.06840515
vt 0.005585313 0.101837158
vt 0.287498474 0.0677337646
vt 0.237277985 0.06010437
vt 0.22101593 0.048324585
vt 0.249607086 0.0542602539
vt 0.1591835 0.07131958
vt 0.2032547 0.05718994
vt 0.07086563 0.105529785
vt 0.005585313 0.111618042
vt 0.239582062 0.03779602
vt 0.21149826 0.0267944336
vt 0.165519714 0.09753418
vt 0.255485535 0.07362366
vt 0.0419912338 0.0069732666
vt 0.104955673 0.007537842
vt 0.0606946945 0.04324341
vt 0.19380188 0.008300781
vt 0.005585313 0.06251526
vt 0.005585313 0.006668091
vt 0.278274536 0.0506134033
vt 0.148357391 0.102630615
vt 0.156078339 0.08546448
vt 0.124849319 0.0766906738
vt 0.123401642 0.08781433
vt 0.205535889 0.08496094
vt 0.240791321 0.0766906738
vt 0.239459991 0.06956482
vt 0.203022 0.07606506
vt 0.06629372 0.060043335
vt 0.06715202 0.09387207
vt 0.09611702 0.0790557861
vt 0.114555359 0.06161499
vt 0.159072876 0.05491638
vt 0.170639038 0.0345916748
vt 0.115674973 0.0434265137
vt 0.100696564 0.0890350342
vt 0.202034 0.06678772
vt 0.005585313 0.06840515
vt 0.005585313 0.101837158
vt 0.287498474 0.0677337646
vt 0.249607086 0.0542602539
vt 0.22101593 0.048324585
vt 0.237277985 0.06010437
vt 0.1591835 0.07131958
vt 0.2032547 0.05718994
vt 0.005585313 0.111618042
vt 0.07086563 0.105529785
vt 0.239582062 0.03779602
vt 0.21149826 0.0267944336
vt 0.165519714 0.09753418
vt 0.255485535 0.07362366
vt 0.0419912338 0.0069732666
vt 0.0606946945 0.04324341
vt 0.104955673 0.007537842
vt 0.19380188 0.008300781
vt 0.005585313 0.006668091
vt 0.005585313 0.06251526
vt 0.278274536 0.0506134033
vt 0.223613739 0.360061646
vt 0.257781982 0.3710022
vt 0.25604248 0.3786621
vt 0.222000122 0.366378784
vt 0.230182648 0.175109863
vt 0.218418121 0.173370361
vt 0.221809387 0.252639771
vt 0.23046875 0.252243042
vt 0.409973145 0.3445536
vt 0.3942032 0.36026
vt 0.405159 0.373748779
vt 0.41709137 0.368499756
vt 0.279022217 0.491165161
vt 0.2527542 0.481552124
vt 0.251823425 0.4416809
vt 0.279914856 0.439331055
vt 0.317001343 0.527420044
vt 0.350219727 0.568069458
vt 0.287277222 0.5549011
vt 0.315933228 0.431365967
vt 0.414642334 0.387908936
vt 0.427078247 0.408462524
vt 0.3526001 0.451324463
vt 0.3336029 0.5272598
vt 0.364501953 0.570144653
vt 0.31854248 0.4540558
vt 0.31615448 0.474655151
vt 0.4991989 0.369644165
vt 0.485870361 0.3616333
vt 0.485900879 0.337112427
vt 0.5179138 0.328765869
vt 0.84828186 0.423736572
vt 0.8624115 0.4238739
vt 0.8672943 0.335495
vt 0.841323853 0.334732056
vt 0.347473145 0.468582153
vt 0.398086548 0.49446106
vt 0.5105438 0.310531616
vt 0.224887848 0.4712677
vt 0.211097717 0.433486938
vt 0.252113342 0.405960083
vt 0.224514008 0.389083862
vt 0.273292542 0.177963257
vt 0.2462883 0.284057617
vt 0.285980225 0.3741455
vt 0.284057617 0.399276733
vt 0.273727417 0.376297
vt 0.360343933 0.4676361
vt 0.4063263 0.494247437
vt 0.230638951 0.5802697
vt 0.279312134 0.5851822
vt 0.215156555 0.5898056
vt 0.331069946 0.5106964
vt 0.338989258 0.518600464
vt 0.221927643 0.394516
vt 0.8479004 0.249984741
vt 0.8759613 0.275482178
vt 0.877319336 0.248855591
vt 0.401611328 0.5238037
vt 0.39050293 0.5153122
vt 0.4111557 0.5084839
vt 0.2036171 0.102493286
vt 0.213356018 0.0886535645
vt 0.251614958 0.542015135
vt 0.28302002 0.09184265
vt 0.220460534 0.534699738
vt 0.236149937 0.496454239
vt 0.224887848 0.4712677
vt 0.205677032 0.5777054
vt 0.230691582 0.5802453
vt 0.244166464 0.5535401
vt 0.434967041 0.2571869
vt 0.4147339 0.254226685
vt 0.40447998 0.307235718
vt 0.429245 0.307250977
vt 0.441177368 0.2370758
vt 0.427474976 0.226074219
vt 0.352417 0.330703735
vt 0.367050171 0.3140869
vt 0.371139526 0.326263428
vt 0.362136841 0.340332031
vt 0.340965271 0.5847626
vt 0.230691582 0.5802453
vt 0.244166464 0.5535401
vt 0.25161007 0.5418056
vt 0.232735127 0.5334599
vt 0.317024231 0.395675659
vt 0.8576355 0.521530151
vt 0.3611679 0.5853348
vt 0.356269836 0.311340332
vt 0.209823608 0.535774231
vt 0.37020874 0.348693848
vt 0.336914063 0.329772949
vt 0.467467278 0.158338547
vt 0.482884943 0.195393562
vt 0.492084771 0.156143785
vt 0.230638951 0.5802697
vt 0.215156555 0.5898056
vt 0.4366989 0.4206543
vt 0.3468094 0.380249023
vt 0.41254425 0.381347656
vt 0.481170654 0.331619263
vt 0.3471527 0.372802734
vt 0.311599731 0.3655548
vt 0.3508606 0.5960922
vt 0.305549622 0.355651855
vt 0.845657349 0.296707153
vt 0.867126465 0.296218872
vt 0.28862 0.597702
vt 0.25161007 0.5418056
vt 0.414995849 0.323279023
vt 0.2084863 0.5492974
vt 0.209823608 0.535774231
vt 0.220460534 0.534699738
vt 0.236149937 0.496454239
vt 0.205677032 0.5777054
vt 0.439042836 0.146983147
vt 0.456242323 0.0966181755
vt 0.4624879 0.146366358
vt 0.449102938 0.186465621
vt 0.460366815 0.183487177
vt 0.223613739 0.360061646
vt 0.222000122 0.366378784
vt 0.25604248 0.3786621
vt 0.257781982 0.3710022
vt 0.230182648 0.175109863
vt 0.23046875 0.252243042
vt 0.409973145 0.3445536
vt 0.3942032 0.36026
vt 0.279022217 0.491165161
vt 0.279914856 0.439331055
vt 0.251823425 0.4416809
vt 0.2527542 0.481552124
vt 0.317001343 0.527420044
vt 0.287277222 0.5549011
vt 0.350219727 0.568069458
vt 0.315933228 0.431365967
vt 0.427078247 0.408462524
vt 0.414642334 0.387908936
vt 0.31854248 0.4540558
vt 0.31615448 0.474655151
vt 0.485900879 0.337112427
vt 0.485870361 0.3616333
vt 0.84828186 0.423736572
vt 0.841323853 0.334732056
vt 0.347473145 0.468582153
vt 0.398086548 0.49446106
vt 0.211097717 0.433486938
vt 0.252113342 0.405960083
vt 0.224514008 0.389083862
vt 0.273292542 0.177963257
vt 0.284057617 0.399276733
vt 0.279312134 0.5851822
vt 0.331069946 0.5106964
vt 0.221927643 0.394516
vt 0.8479004 0.249984741
vt 0.877319336 0.248855591
vt 0.8759613 0.275482178
vt 0.39050293 0.5153122
vt 0.213356018 0.0886535645
vt 0.251614958 0.542015135
vt 0.28302002 0.09184265
vt 0.232735127 0.5334599
vt 0.439042836 0.146983147
vt 0.4624879 0.146366358
vt 0.456242323 0.0966181755
vt 0.434967041 0.2571869
vt 0.429245 0.307250977
vt 0.40447998 0.307235718
vt 0.4147339 0.254226685
vt 0.427474976 0.226074219
vt 0.441177368 0.2370758
vt 0.352417 0.330703735
vt 0.362136841 0.340332031
vt 0.340965271 0.5847626
vt 0.317024231 0.395675659
vt 0.488041729 0.0990839
vt 0.472673446 0.09157121
vt 0.449102938 0.186465621
vt 0.460366815 0.183487177
vt 0.311599731 0.3655548
vt 0.414995849 0.323279023
vt 0.2084863 0.5492974
vt 0.707009256 0.475106478
vt 0.757126451 0.5015618
vt 0.7455833 0.464258075
vt 0.714462459 0.452302337
vt 0.708211 0.437165022
vt 0.6880897 0.482278824
vt 0.6792332 0.6823751
vt 0.6833712 0.6687396
vt 0.657486737 0.633712
vt 0.6473942 0.640429139
vt 0.713151455 0.55423224
vt 0.711366653 0.595235169
vt 0.7300924 0.5620333
vt 0.6279184 0.4373126
vt 0.608909 0.463090539
vt 0.6397505 0.452675223
vt 0.6546367 0.331609
vt 0.665167153 0.3689716
vt 0.688970864 0.404154778
vt 0.6842393 0.37519908
vt 0.617611647 0.6177123
vt 0.6249187 0.61111635
vt 0.6292273 0.5483977
vt 0.6155869 0.5502333
vt 0.69638 0.4478432
vt 0.703670859 0.439718246
vt 0.6728505 0.4934926
vt 0.6801197 0.474699259
vt 0.6592903 0.48747468
vt 0.6642743 0.431573272
vt 0.6489084 0.423602223
vt 0.5683221 0.258460641
vt 0.5790717 0.261767149
vt 0.5937339 0.204770088
vt 0.5739812 0.185458422
vt 0.687954 0.5618874
vt 0.706459463 0.541380644
vt 0.8018308 0.4731158
vt 0.7727425 0.45149076
vt 0.5874922 0.270298719
vt 0.607322633 0.227225065
vt 0.6944094 0.6019998
vt 0.6931783 0.5850827
vt 0.6370314 0.475486159
vt 0.611351 0.486508131
vt 0.629139066 0.495638371
vt 0.5077044 0.245558262
vt 0.5618528 0.249218822
vt 0.5311086 0.217702389
vt 0.701692462 0.617084
vt 0.713424265 0.6162765
vt 0.706481338 0.5983264
vt 0.7258188 0.5255403
vt 0.7037507 0.431080341
vt 0.702118754 0.42598033
vt 0.688619733 0.4307996
vt 0.6435289 0.4127376
vt 0.7027109 0.581133664
vt 0.6453149 0.3911444
vt 0.6814941 0.4082992
vt 0.5542132 0.261533618
vt 0.7038287 0.6604577
vt 0.6948828 0.654495239
vt 0.7616131 0.5352082
vt 0.790887 0.5188394
vt 0.7375666 0.6055261
vt 0.75106895 0.5677801
vt 0.6168651 0.267377973
vt 0.637665033 0.245601058
vt 0.5455354 0.185557842
vt 0.6811144 0.423184276
vt 0.623875856 0.5228948
vt 0.6357627 0.5289038
vt 0.6526224 0.51729697
vt 0.6435693 0.510651648
vt 0.747536063 0.5436872
vt 0.670129538 0.4574486
vt 0.6939827 0.413575768
vt 0.698997438 0.566432536
vt 0.803616762 0.451848269
vt 0.5142012 0.2749884
vt 0.5556402 0.289130926
vt 0.8319942 0.461661458
vt 0.8175629 0.484384656
vt 0.642300963 0.508865356
vt 0.24544023 0.311468244
vt 0.244347751 0.3596177
vt 0.233026028 0.340834379
vt 0.26472047 0.298787475
vt 0.60795337 0.493489146
vt 0.609446943 0.5237666
vt 0.6269198 0.5130317
vt 0.289010823 0.292521477
vt 0.3041845 0.296984673
vt 0.317805052 0.302965283
vt 0.330624521 0.309512734
vt 0.324321 0.306293249
vt 0.354601324 0.3079406
vt 0.332943738 0.325052738
vt 0.5520971 0.41997087
vt 0.563286543 0.399561167
vt 0.556271255 0.394790053
vt 0.5512068 0.416405082
vt 0.5482904 0.389901638
vt 0.578078032 0.614665
vt 0.5504989 0.6080444
vt 0.5580733 0.657623053
vt 0.5873807 0.645234942
vt 0.561508536 0.5612763
vt 0.580321133 0.5266161
vt 0.5423233 0.5515435
vt 0.5735061 0.560163736
vt 0.5893969 0.5251676
vt 0.5682146 0.579257667
vt 0.5687924 0.372123718
vt 0.5697 0.388841152
vt 0.588234842 0.378982782
vt 0.6189362 0.6938567
vt 0.5767251 0.6818398
vt 0.552795351 0.358147621
vt 0.553934634 0.3736993
vt 0.605165362 0.707968652
vt 0.6028086 0.368694425
vt 0.635417938 0.3639089
vt 0.635919154 0.353934884
vt 0.5947164 0.358505368
vt 0.527573466 0.5767449
vt 0.630381763 0.3258655
vt 0.5878877 0.3386668
vt 0.52695 0.6665376
vt 0.5656804 0.7336299
vt 0.5767109 0.349503636
vt 0.5085547 0.5962626
vt 0.5251914 0.6381463
vt 0.557732642 0.529375255
vt 0.5553335 0.5086205
vt 0.5205163 0.503293633
vt 0.5287691 0.5455858
vt 0.6328888 0.374667048
vt 0.6077778 0.409985065
vt 0.596616149 0.400230646
vt 0.5053697 0.510109961
vt 0.520054638 0.5510355
vt 0.564017951 0.47626102
vt 0.5589356 0.459845424
vt 0.5772067 0.4700172
vt 0.57558924 0.5053775
vt 0.6016057 0.484267354
vt 0.5979425 0.498662472
vt 0.5991745 0.470417142
vt 0.496781975 0.383575439
vt 0.4933681 0.4245206
vt 0.512900531 0.400006175
vt 0.5629555 0.442464948
vt 0.5604267 0.425752759
vt 0.5833883 0.441731572
vt 0.622628152 0.375216722
vt 0.54789263 0.489599228
vt 0.5442551 0.468250751
vt 0.5169877 0.458878517
vt 0.5333321 0.350668669
vt 0.534637034 0.403239369
vt 0.5443635 0.3437959
vt 0.5498241 0.44724822
vt 0.6014656 0.455859661
vt 0.495305449 0.4656545
vt 0.493320674 0.489469647
vt 0.484222084 0.446094275
vt 0.573286653 0.412922025
vt 0.589446545 0.387823343
vt 0.5674828 0.507436752
vt 0.6109595 0.442972064
vt 0.4480776 0.47168088
vt 0.419090271 0.505886137
vt 0.440195233 0.511764467
vt 0.463644415 0.475893736
vt 0.8352562 0.5470862
vt 0.8470694 0.5575168
vt 0.8257812 0.5718645
vt 0.8037928 0.554421246
vt 0.818548739 0.5840832
vt 0.4769007 0.523814
vt 0.451509267 0.551971853
vt 0.497085035 0.5348478
vt 0.472283483 0.5060118
vt 0.481813878 0.473950744
vt 0.430829942 0.56941545
vt 0.48890233 0.595571935
vt 0.4981096 0.587415636
vt 0.7945769 0.5436147
vt 0.8289151 0.537953556
vt 0.7857345 0.5787006
vt 0.7805191 0.568280637
vt 0.8200723 0.6299697
vt 0.7932495 0.62800926
vt 0.8217162 0.60163033
vt 0.8691624 0.5279956
vt 0.8491622 0.5287831
vt 0.427179456 0.540865242
vt 0.7820902 0.6301771
vt 0.763727844 0.5842521
vt 0.521456957 0.562378645
vt 0.459636629 0.444657922
vt 0.476945579 0.4259647
vt 0.707009256 0.475106478
vt 0.757126451 0.5015618
vt 0.6880897 0.482278824
vt 0.6792332 0.6823751
vt 0.6473942 0.640429139
vt 0.657486737 0.633712
vt 0.6833712 0.6687396
vt 0.713151455 0.55423224
vt 0.7300924 0.5620333
vt 0.711366653 0.595235169
vt 0.6279184 0.4373126
vt 0.6397505 0.452675223
vt 0.608909 0.463090539
vt 0.6546367 0.331609
vt 0.665167153 0.3689716
vt 0.617611647 0.6177123
vt 0.6155869 0.5502333
vt 0.6292273 0.5483977
vt 0.6249187 0.61111635
vt 0.69638 0.4478432
vt 0.6728505 0.4934926
vt 0.6592903 0.48747468
vt 0.6801197 0.474699259
vt 0.6489084 0.423602223
vt 0.6642743 0.431573272
vt 0.5683221 0.258460641
vt 0.5739812 0.185458422
vt 0.5937339 0.204770088
vt 0.5790717 0.261767149
vt 0.706459463 0.541380644
vt 0.687954 0.5618874
vt 0.8018308 0.4731158
vt 0.5874922 0.270298719
vt 0.607322633 0.227225065
vt 0.6931783 0.5850827
vt 0.6944094 0.6019998
vt 0.6370314 0.475486159
vt 0.629139066 0.495638371
vt 0.611351 0.486508131
vt 0.5077044 0.245558262
vt 0.5311086 0.217702389
vt 0.5618528 0.249218822
vt 0.701692462 0.617084
vt 0.706481338 0.5983264
vt 0.713424265 0.6162765
vt 0.7258188 0.5255403
vt 0.688619733 0.4307996
vt 0.6435289 0.4127376
vt 0.7027109 0.581133664
vt 0.6453149 0.3911444
vt 0.6814941 0.4082992
vt 0.5542132 0.261533618
vt 0.6948828 0.654495239
vt 0.7038287 0.6604577
vt 0.6168651 0.267377973
vt 0.637665033 0.245601058
vt 0.5455354 0.185557842
vt 0.6811144 0.423184276
vt 0.623875856 0.5228948
vt 0.6435693 0.510651648
vt 0.6526224 0.51729697
vt 0.6357627 0.5289038
vt 0.670129538 0.4574486
vt 0.698997438 0.566432536
vt 0.5556402 0.289130926
vt 0.5142012 0.2749884
vt 0.642300963 0.508865356
vt 0.24544023 0.311468244
vt 0.233026028 0.340834379
vt 0.26472047 0.298787475
vt 0.60795337 0.493489146
vt 0.6269198 0.5130317
vt 0.609446943 0.5237666
vt 0.289010823 0.292521477
vt 0.3041845 0.296984673
vt 0.317805052 0.302965283
vt 0.330624521 0.309512734
vt 0.324321 0.306293249
vt 0.354601324 0.3079406
vt 0.5520971 0.41997087
vt 0.5512068 0.416405082
vt 0.556271255 0.394790053
vt 0.563286543 0.399561167
vt 0.5482904 0.389901638
vt 0.578078032 0.614665
vt 0.5873807 0.645234942
vt 0.5580733 0.657623053
vt 0.5504989 0.6080444
vt 0.561508536 0.5612763
vt 0.5423233 0.5515435
vt 0.580321133 0.5266161
vt 0.5893969 0.5251676
vt 0.5735061 0.560163736
vt 0.5682146 0.579257667
vt 0.5687924 0.372123718
vt 0.588234842 0.378982782
vt 0.5697 0.388841152
vt 0.6189362 0.6938567
vt 0.5767251 0.6818398
vt 0.552795351 0.358147621
vt 0.553934634 0.3736993
vt 0.605165362 0.707968652
vt 0.6028086 0.368694425
vt 0.5947164 0.358505368
vt 0.635919154 0.353934884
vt 0.635417938 0.3639089
vt 0.527573466 0.5767449
vt 0.5878877 0.3386668
vt 0.630381763 0.3258655
vt 0.52695 0.6665376
vt 0.5656804 0.7336299
vt 0.5767109 0.349503636
vt 0.5085547 0.5962626
vt 0.5251914 0.6381463
vt 0.557732642 0.529375255
vt 0.5287691 0.5455858
vt 0.5205163 0.503293633
vt 0.5553335 0.5086205
vt 0.6328888 0.374667048
vt 0.596616149 0.400230646
vt 0.6077778 0.409985065
vt 0.520054638 0.5510355
vt 0.5053697 0.510109961
vt 0.564017951 0.47626102
vt 0.5772067 0.4700172
vt 0.5589356 0.459845424
vt 0.57558924 0.5053775
vt 0.5979425 0.498662472
vt 0.6016057 0.484267354
vt 0.5991745 0.470417142
vt 0.496781975 0.383575439
vt 0.512900531 0.400006175
vt 0.4933681 0.4245206
vt 0.5629555 0.442464948
vt 0.5833883 0.441731572
vt 0.5604267 0.425752759
vt 0.622628152 0.375216722
vt 0.54789263 0.489599228
vt 0.5169877 0.458878517
vt 0.5442551 0.468250751
vt 0.5333321 0.350668669
vt 0.5443635 0.3437959
vt 0.534637034 0.403239369
vt 0.5498241 0.44724822
vt 0.6014656 0.455859661
vt 0.493320674 0.489469647
vt 0.495305449 0.4656545
vt 0.484222084 0.446094275
vt 0.573286653 0.412922025
vt 0.589446545 0.387823343
vt 0.5674828 0.507436752
vt 0.6109595 0.442972064
vt 0.4480776 0.47168088
vt 0.463644415 0.475893736
vt 0.440195233 0.511764467
vt 0.419090271 0.505886137
vt 0.8352562 0.5470862
vt 0.8037928 0.554421246
vt 0.8257812 0.5718645
vt 0.8470694 0.5575168
vt 0.818548739 0.5840832
vt 0.4769007 0.523814
vt 0.497085035 0.5348478
vt 0.451509267 0.551971853
vt 0.472283483 0.5060118
vt 0.481813878 0.473950744
vt 0.430829942 0.56941545
vt 0.4981096 0.587415636
vt 0.48890233 0.595571935
vt 0.7945769 0.5436147
vt 0.8289151 0.537953556
vt 0.7805191 0.568280637
vt 0.7857345 0.5787006
vt 0.8200723 0.6299697
vt 0.8217162 0.60163033
vt 0.7932495 0.62800926
vt 0.8691624 0.5279956
vt 0.8491622 0.5287831
vt 0.427179456 0.540865242
vt 0.7820902 0.6301771
vt 0.763727844 0.5842521
vt 0.521456957 0.562378645
vt 0.459636629 0.444657922
vt 0.476945579 0.4259647
vt 0.707009256 0.475106478
vt 0.7455833 0.464258075
vt 0.757126451 0.5015618
vt 0.714462459 0.452302337
vt 0.6880897 0.482278824
vt 0.708211 0.437165022
vt 0.6792332 0.6823751
vt 0.6473942 0.640429139
vt 0.657486737 0.633712
vt 0.6833712 0.6687396
vt 0.713151455 0.55423224
vt 0.7300924 0.5620333
vt 0.711366653 0.595235169
vt 0.6279184 0.4373126
vt 0.6397505 0.452675223
vt 0.608909 0.463090539
vt 0.6546367 0.331609
vt 0.6842393 0.37519908
vt 0.688970864 0.404154778
vt 0.665167153 0.3689716
vt 0.617611647 0.6177123
vt 0.6155869 0.5502333
vt 0.6292273 0.5483977
vt 0.6249187 0.61111635
vt 0.69638 0.4478432
vt 0.703670859 0.439718246
vt 0.6728505 0.4934926
vt 0.6592903 0.48747468
vt 0.6801197 0.474699259
vt 0.6489084 0.423602223
vt 0.6642743 0.431573272
vt 0.5683221 0.258460641
vt 0.5739812 0.185458422
vt 0.5937339 0.204770088
vt 0.5790717 0.261767149
vt 0.706459463 0.541380644
vt 0.687954 0.5618874
vt 0.8018308 0.4731158
vt 0.7727425 0.45149076
vt 0.5874922 0.270298719
vt 0.607322633 0.227225065
vt 0.6931783 0.5850827
vt 0.6944094 0.6019998
vt 0.6370314 0.475486159
vt 0.629139066 0.495638371
vt 0.611351 0.486508131
vt 0.5077044 0.245558262
vt 0.5311086 0.217702389
vt 0.5618528 0.249218822
vt 0.701692462 0.617084
vt 0.706481338 0.5983264
vt 0.713424265 0.6162765
vt 0.7258188 0.5255403
vt 0.7037507 0.431080341
vt 0.688619733 0.4307996
vt 0.702118754 0.42598033
vt 0.6435289 0.4127376
vt 0.7027109 0.581133664
vt 0.6453149 0.3911444
vt 0.6814941 0.4082992
vt 0.5542132 0.261533618
vt 0.6948828 0.654495239
vt 0.7038287 0.6604577
vt 0.790887 0.5188394
vt 0.7616131 0.5352082
vt 0.7375666 0.6055261
vt 0.75106895 0.5677801
vt 0.6168651 0.267377973
vt 0.637665033 0.245601058
vt 0.5455354 0.185557842
vt 0.6811144 0.423184276
vt 0.623875856 0.5228948
vt 0.6435693 0.510651648
vt 0.6526224 0.51729697
vt 0.6357627 0.5289038
vt 0.747536063 0.5436872
vt 0.670129538 0.4574486
vt 0.6939827 0.413575768
vt 0.698997438 0.566432536
vt 0.803616762 0.451848269
vt 0.5556402 0.289130926
vt 0.5142012 0.2749884
vt 0.8319942 0.461661458
vt 0.8175629 0.484384656
vt 0.642300963 0.508865356
vt 0.24544023 0.311468244
vt 0.233026028 0.340834379
vt 0.244347751 0.3596177
vt 0.26472047 0.298787475
vt 0.60795337 0.493489146
vt 0.6269198 0.5130317
vt 0.609446943 0.5237666
vt 0.289010823 0.292521477
vt 0.3041845 0.296984673
vt 0.317805052 0.302965283
vt 0.330624521 0.309512734
vt 0.324321 0.306293249
vt 0.332943738 0.325052738
vt 0.354601324 0.3079406
vt 0.5520971 0.41997087
vt 0.5512068 0.416405082
vt 0.556271255 0.394790053
vt 0.563286543 0.399561167
vt 0.5482904 0.389901638
vt 0.578078032 0.614665
vt 0.5873807 0.645234942
vt 0.5580733 0.657623053
vt 0.5504989 0.6080444
vt 0.561508536 0.5612763
vt 0.5423233 0.5515435
vt 0.580321133 0.5266161
vt 0.5893969 0.5251676
vt 0.5735061 0.560163736
vt 0.5682146 0.579257667
vt 0.5687924 0.372123718
vt 0.588234842 0.378982782
vt 0.5697 0.388841152
vt 0.6189362 0.6938567
vt 0.5767251 0.6818398
vt 0.552795351 0.358147621
vt 0.553934634 0.3736993
vt 0.605165362 0.707968652
vt 0.6028086 0.368694425
vt 0.5947164 0.358505368
vt 0.635919154 0.353934884
vt 0.635417938 0.3639089
vt 0.527573466 0.5767449
vt 0.5878877 0.3386668
vt 0.630381763 0.3258655
vt 0.52695 0.6665376
vt 0.5656804 0.7336299
vt 0.5767109 0.349503636
vt 0.5085547 0.5962626
vt 0.5251914 0.6381463
vt 0.557732642 0.529375255
vt 0.5287691 0.5455858
vt 0.5205163 0.503293633
vt 0.5553335 0.5086205
vt 0.6328888 0.374667048
vt 0.596616149 0.400230646
vt 0.6077778 0.409985065
vt 0.520054638 0.5510355
vt 0.5053697 0.510109961
vt 0.564017951 0.47626102
vt 0.5772067 0.4700172
vt 0.5589356 0.459845424
vt 0.57558924 0.5053775
vt 0.5979425 0.498662472
vt 0.6016057 0.484267354
vt 0.5991745 0.470417142
vt 0.496781975 0.383575439
vt 0.512900531 0.400006175
vt 0.4933681 0.4245206
vt 0.5629555 0.442464948
vt 0.5833883 0.441731572
vt 0.5604267 0.425752759
vt 0.622628152 0.375216722
vt 0.54789263 0.489599228
vt 0.5169877 0.458878517
vt 0.5442551 0.468250751
vt 0.5333321 0.350668669
vt 0.5443635 0.3437959
vt 0.534637034 0.403239369
vt 0.5498241 0.44724822
vt 0.6014656 0.455859661
vt 0.493320674 0.489469647
vt 0.495305449 0.4656545
vt 0.484222084 0.446094275
vt 0.573286653 0.412922025
vt 0.589446545 0.387823343
vt 0.5674828 0.507436752
vt 0.6109595 0.442972064
vt 0.4480776 0.47168088
vt 0.463644415 0.475893736
vt 0.440195233 0.511764467
vt 0.419090271 0.505886137
vt 0.8352562 0.5470862
vt 0.8037928 0.554421246
vt 0.8257812 0.5718645
vt 0.8470694 0.5575168
vt 0.818548739 0.5840832
vt 0.4769007 0.523814
vt 0.497085035 0.5348478
vt 0.451509267 0.551971853
vt 0.472283483 0.5060118
vt 0.481813878 0.473950744
vt 0.430829942 0.56941545
vt 0.4981096 0.587415636
vt 0.48890233 0.595571935
vt 0.7945769 0.5436147
vt 0.8289151 0.537953556
vt 0.7805191 0.568280637
vt 0.7857345 0.5787006
vt 0.8200723 0.6299697
vt 0.8217162 0.60163033
vt 0.7932495 0.62800926
vt 0.8691624 0.5279956
vt 0.8491622 0.5287831
vt 0.427179456 0.540865242
vt 0.7820902 0.6301771
vt 0.763727844 0.5842521
vt 0.521456957 0.562378645
vt 0.459636629 0.444657922
vt 0.476945579 0.4259647
vt 0.707009256 0.475106478
vt 0.757126451 0.5015618
vt 0.6880897 0.482278824
vt 0.6792332 0.6823751
vt 0.6833712 0.6687396
vt 0.657486737 0.633712
vt 0.6473942 0.640429139
vt 0.713151455 0.55423224
vt 0.711366653 0.595235169
vt 0.7300924 0.5620333
vt 0.6279184 0.4373126
vt 0.608909 0.463090539
vt 0.6397505 0.452675223
vt 0.6546367 0.331609
vt 0.665167153 0.3689716
vt 0.617611647 0.6177123
vt 0.6249187 0.61111635
vt 0.6292273 0.5483977
vt 0.6155869 0.5502333
vt 0.69638 0.4478432
vt 0.6728505 0.4934926
vt 0.6801197 0.474699259
vt 0.6592903 0.48747468
vt 0.6642743 0.431573272
vt 0.6489084 0.423602223
vt 0.5683221 0.258460641
vt 0.5790717 0.261767149
vt 0.5937339 0.204770088
vt 0.5739812 0.185458422
vt 0.687954 0.5618874
vt 0.706459463 0.541380644
vt 0.8018308 0.4731158
vt 0.5874922 0.270298719
vt 0.607322633 0.227225065
vt 0.6944094 0.6019998
vt 0.6931783 0.5850827
vt 0.6370314 0.475486159
vt 0.611351 0.486508131
vt 0.629139066 0.495638371
vt 0.5077044 0.245558262
vt 0.5618528 0.249218822
vt 0.5311086 0.217702389
vt 0.701692462 0.617084
vt 0.713424265 0.6162765
vt 0.706481338 0.5983264
vt 0.7258188 0.5255403
vt 0.688619733 0.4307996
vt 0.6435289 0.4127376
vt 0.7027109 0.581133664
vt 0.6453149 0.3911444
vt 0.6814941 0.4082992
vt 0.5542132 0.261533618
vt 0.7038287 0.6604577
vt 0.6948828 0.654495239
vt 0.6168651 0.267377973
vt 0.637665033 0.245601058
vt 0.5455354 0.185557842
vt 0.6811144 0.423184276
vt 0.623875856 0.5228948
vt 0.6357627 0.5289038
vt 0.6526224 0.51729697
vt 0.6435693 0.510651648
vt 0.670129538 0.4574486
vt 0.698997438 0.566432536
vt 0.5142012 0.2749884
vt 0.5556402 0.289130926
vt 0.642300963 0.508865356
vt 0.24544023 0.311468244
vt 0.233026028 0.340834379
vt 0.26472047 0.298787475
vt 0.60795337 0.493489146
vt 0.609446943 0.5237666
vt 0.6269198 0.5130317
vt 0.289010823 0.292521477
vt 0.3041845 0.296984673
vt 0.317805052 0.302965283
vt 0.330624521 0.309512734
vt 0.324321 0.306293249
vt 0.354601324 0.3079406
vt 0.5520971 0.41997087
vt 0.563286543 0.399561167
vt 0.556271255 0.394790053
vt 0.5512068 0.416405082
vt 0.5482904 0.389901638
vt 0.578078032 0.614665
vt 0.5504989 0.6080444
vt 0.5580733 0.657623053
vt 0.5873807 0.645234942
vt 0.561508536 0.5612763
vt 0.580321133 0.5266161
vt 0.5423233 0.5515435
vt 0.5735061 0.560163736
vt 0.5893969 0.5251676
vt 0.5682146 0.579257667
vt 0.5687924 0.372123718
vt 0.5697 0.388841152
vt 0.588234842 0.378982782
vt 0.6189362 0.6938567
vt 0.5767251 0.6818398
vt 0.552795351 0.358147621
vt 0.553934634 0.3736993
vt 0.605165362 0.707968652
vt 0.6028086 0.368694425
vt 0.635417938 0.3639089
vt 0.635919154 0.353934884
vt 0.5947164 0.358505368
vt 0.527573466 0.5767449
vt 0.630381763 0.3258655
vt 0.5878877 0.3386668
vt 0.52695 0.6665376
vt 0.5656804 0.7336299
vt 0.5767109 0.349503636
vt 0.5085547 0.5962626
vt 0.5251914 0.6381463
vt 0.557732642 0.529375255
vt 0.5553335 0.5086205
vt 0.5205163 0.503293633
vt 0.5287691 0.5455858
vt 0.6328888 0.374667048
vt 0.6077778 0.409985065
vt 0.596616149 0.400230646
vt 0.5053697 0.510109961
vt 0.520054638 0.5510355
vt 0.564017951 0.47626102
vt 0.5589356 0.459845424
vt 0.5772067 0.4700172
vt 0.57558924 0.5053775
vt 0.6016057 0.484267354
vt 0.5979425 0.498662472
vt 0.5991745 0.470417142
vt 0.496781975 0.383575439
vt 0.4933681 0.4245206
vt 0.512900531 0.400006175
vt 0.5629555 0.442464948
vt 0.5604267 0.425752759
vt 0.5833883 0.441731572
vt 0.622628152 0.375216722
vt 0.54789263 0.489599228
vt 0.5442551 0.468250751
vt 0.5169877 0.458878517
vt 0.5333321 0.350668669
vt 0.534637034 0.403239369
vt 0.5443635 0.3437959
vt 0.5498241 0.44724822
vt 0.6014656 0.455859661
vt 0.495305449 0.4656545
vt 0.493320674 0.489469647
vt 0.484222084 0.446094275
vt 0.573286653 0.412922025
vt 0.589446545 0.387823343
vt 0.5674828 0.507436752
vt 0.6109595 0.442972064
vt 0.8257812 0.5718645
vt 0.472283483 0.5060118
vt 0.48890233 0.595571935
vt 0.7945769 0.5436147
vt 0.8200723 0.6299697
vt 0.4720763 0.646564543
vt 0.421474367 0.6840051
vt 0.420446455 0.668458939
vt 0.222282425 0.7145196
vt 0.344718218 0.7811007
vt 0.218755677 0.7966151
vt 0.510568559 0.742574751
vt 0.564446449 0.7977097
vt 0.514754057 0.740877867
vt 0.515532553 0.7834663
vt 0.3447855 0.6976164
vt 0.0235384963 0.151602745
vt 0.0463366657 0.08164561
vt 0.0105504487 0.0852021
vt 0.056873817 0.09818077
vt 0.0381809026 0.0139598846
vt 0.0584300123 0.0519198179
vt 0.9121164 0.6068138
vt 0.9928462 0.672801256
vt 0.9934137 0.6030194
vt 0.9149535 0.682005942
vt 0.428913146 0.802362263
vt 0.4236716 0.6996665
vt 0.9866056 0.740353644
vt 0.9177907 0.7592235
vt 0.9866056 0.740353644
vt 0.972005 0.7659144
vt 0.4367347 0.853510559
vt 0.5044412 0.811816752
vt 0.850879669 0.686652958
vt 0.816610456 0.80162853
vt 0.7723934 0.703222752
vt 0.861643851 0.7673741
vt 0.8351517 0.6065389
vt 0.7723934 0.703222752
vt 0.850879669 0.686652958
vt 0.7366862 0.606842339
vt 0.6869999 0.8080473
vt 0.7353747 0.8086046
vt 0.723936737 0.70657146
vt 0.816610456 0.80162853
vt 0.550890744 0.606598556
vt 0.639719844 0.7037595
vt 0.638231337 0.606033146
vt 0.558023155 0.7011415
vt 0.9866056 0.740353644
vt 0.9177907 0.7592235
vt 0.6404992 0.8035111
vt 0.861643851 0.7673741
vt 0.515532553 0.814581335
vt 0.558023155 0.7011415
vt 0.514754057 0.740877867
vt 0.505685747 0.6811416
vt 0.564446449 0.7977097
vt 0.723936737 0.70657146
vt 0.7366862 0.606842339
vt 0.8520513 0.02411747
vt 0.7964309 0.07440698
vt 0.8530099 0.09545481
vt 0.7966725 0.0155020952
vt 0.898192644 0.09514439
vt 0.9006205 0.0243281126
vt 0.9507052 0.0722202063
vt 0.9476293 0.01285398
vt 0.7093927 0.0498151779
vt 0.653375864 0.07490134
vt 0.70874393 0.08650637
vt 0.6503328 0.0148240328
vt 0.7487438 0.049459815
vt 0.746399 0.08847964
vt 0.0983089954 0.012304306
vt 0.08631978 0.08405042
vt 0.13246128 0.089214325
vt 0.0813506 0.05290568
vt 0.07932854 0.156916976
vt 0.07747728 0.0964719057
vt 0.6738868 0.27728343
vt 0.77727133 0.315899372
vt 0.676772 0.31210804
vt 0.77727133 0.304277658
vt 0.281772524 0.3044883
vt 0.270644039 0.389671445
vt 0.314845115 0.317105174
vt 0.243868247 0.36
vt 0.5734767 0.313023567
vt 0.6374207 0.328392625
vt 0.592879951 0.2659632
vt 0.3497747 0.400417566
vt 0.4052029 0.325492978
vt 0.615909159 0.380250454
vt 0.365455955 0.2766781
vt 0.4052029 0.273214817
vt 0.709298968 0.264476538
vt 0.77727133 0.289978743
vt 0.3229811 0.267392516
vt 0.615184 0.239972353
vt 0.291028947 0.466890454
vt 0.3545595 0.486209154
vt 0.254586726 0.454137325
vt 0.4052029 0.403809071
vt 0.4052029 0.491616845
vt 0.598422 0.345072031
vt 0.776419938 0.409682155
vt 0.6982974 0.4151771
vt 0.4052029 0.5848427
vt 0.346509963 0.5246851
vt 0.358890265 0.5694747
vt 0.4052029 0.536610246
vt 0.300858021 0.5083642
vt 0.266962439 0.510378838
vt 0.6175917 0.429889321
vt 0.009654262 0.6471345
vt 0.0198893826 0.6323706
vt 0.0851183161 0.666616857
vt 0.6644849 0.5093513
vt 0.6889936 0.5909516
vt 0.641028 0.577060044
vt 0.4786517 0.666371942
vt 0.69585526 0.520957232
vt 0.749543846 0.4939978
vt 0.629748344 0.493785977
vt 0.6188265 0.5585915
vt 0.450153828 0.903849244
vt 0.351632625 0.9410876
vt 0.343998969 0.9926636
vt 0.4367347 0.853510559
vt 0.3446962 0.844764531
vt 0.209010154 0.991286635
vt 0.228138447 0.9467291
vt 0.06470911 0.748286963
vt 0.008441174 0.716052055
vt 0.008829003 0.769310653
vt 0.06462888 0.724285066
vt 0.142601833 0.8929111
vt 0.221003518 0.853403866
vt 0.218755677 0.7966151
vt 0.344718218 0.7811007
vt 0.131521568 0.8364906
vt 0.114884175 0.809087932
vt 0.1323144 0.7721487
vt 0.5044412 0.811816752
vt 0.486946821 0.745612562
vt 0.428913146 0.802362263
vt 0.00905336253 0.6635936
vt 0.07975706 0.6833618
vt 0.142135516 0.7094057
vt 0.222282425 0.7145196
vt 0.482926458 0.6810365
vt 0.4236716 0.6996665
vt 0.420446455 0.668458939
vt 0.341574222 0.607845366
vt 0.344190747 0.6650938
vt 0.4210296 0.619622767
vt 0.0851183161 0.666616857
vt 0.0117777428 0.5920919
vt 0.0198893826 0.6323706
vt 0.0845743939 0.6158927
vt 0.219977781 0.6294579
vt 0.221347809 0.687181652
vt 0.1495691 0.6415331
vt 0.14721182 0.6823758
vt 0.4720763 0.646564543
vt 0.4786287 0.603136837
vt 0.271513015 0.260229
vt 0.314183027 0.259935856
vt 0.274956673 0.280569315
vt 0.612508833 0.213546753
vt 0.64104414 0.213560224
vt 0.3584102 0.2596755
vt 0.7287141 0.563907743
vt 0.77727133 0.478383422
vt 0.4052029 0.259079218
vt 0.3447855 0.6976164
vt 0.421474367 0.6840051
vt 0.009654262 0.6471345
vt 0.4786517 0.666371942
vt 0.77727133 0.236011386
vt 0.8452437 0.264476538
vt 0.8168188 0.226142764
vt 0.8530099 0.09545481
vt 0.7968535 0.17892766
vt 0.7964309 0.07440698
vt 0.8553357 0.1965512
vt 0.9059196 0.192949891
vt 0.898192644 0.09514439
vt 0.986470938 0.17267549
vt 0.9507052 0.0722202063
vt 0.70874393 0.08650637
vt 0.6467344 0.180458188
vt 0.653375864 0.07490134
vt 0.692232251 0.182007909
vt 0.505685747 0.6811416
vt 0.746399 0.08847964
vt 0.736896932 0.181716323
vt 0.7273884 0.213447571
vt 0.7377238 0.226142764
vt 0.7057229 0.21377027
vt 0.77727133 0.2136277
vt 0.7968535 0.17892766
vt 0.8553357 0.1965512
vt 0.9059196 0.192949891
vt 0.986470938 0.17267549
vt 0.6467344 0.180458188
vt 0.692232251 0.182007909
vt 0.736896932 0.181716323
vt 0.4937809 0.6021567
vt 0.6404992 0.8035111
vt 0.639719844 0.7037595
vt 0.9121164 0.6068138
vt 0.9928462 0.672801256
vt 0.9149535 0.682005942
vt 0.9934137 0.6030194
vt 0.638231337 0.606033146
vt 0.8351517 0.6065389
vt 0.9134986 0.213560224
vt 0.9393587 0.239972353
vt 0.827154338 0.213447571
vt 0.848819733 0.21377027
vt 0.6869999 0.8080473
vt 0.7353747 0.8086046
vt 0.4937809 0.6021567
vt 0.550890744 0.606598556
vt 0.8520513 0.02411747
vt 0.7966725 0.0155020952
vt 0.9006205 0.0243281126
vt 0.9476293 0.01285398
vt 0.7093927 0.0498151779
vt 0.6503328 0.0148240328
vt 0.7487438 0.049459815
vt 0.0235384963 0.151602745
vt 0.0463366657 0.08164561
vt 0.056873817 0.09818077
vt 0.0105504487 0.0852021
vt 0.0983089954 0.012304306
vt 0.08631978 0.08405042
vt 0.0813506 0.05290568
vt 0.13246128 0.089214325
vt 0.07932854 0.156916976
vt 0.07747728 0.0964719057
vt 0.0381809026 0.0139598846
vt 0.0584300123 0.0519198179
vt 0.8806559 0.27728343
vt 0.877770662 0.31210804
vt 0.5286332 0.3044883
vt 0.495560616 0.317105174
vt 0.5397617 0.389671445
vt 0.56653744 0.36
vt 0.981066 0.313023567
vt 0.961662769 0.2659632
vt 0.917121947 0.328392625
vt 0.460631043 0.400417566
vt 0.938633561 0.380250454
vt 0.444949776 0.2766781
vt 0.4874247 0.267392516
vt 0.5193768 0.466890454
vt 0.45584622 0.486209154
vt 0.555819 0.454137325
vt 0.9561207 0.345072031
vt 0.854542553 0.4151771
vt 0.477751642 0.527654231
vt 0.451515526 0.5694747
vt 0.5125168 0.5143025
vt 0.53552556 0.5093891
vt 0.936951 0.429889321
vt 0.865549147 0.5909516
vt 0.890057743 0.5093513
vt 0.9135147 0.577060044
vt 0.858687341 0.520957232
vt 0.8049988 0.4939978
vt 0.344190747 0.6650938
vt 0.924794257 0.493785977
vt 0.9357162 0.5585915
vt 0.450153828 0.903849244
vt 0.343998969 0.9926636
vt 0.351632625 0.9410876
vt 0.3446962 0.844764531
vt 0.209010154 0.991286635
vt 0.228138447 0.9467291
vt 0.06470911 0.748286963
vt 0.008441174 0.716052055
vt 0.06462888 0.724285066
vt 0.008829003 0.769310653
vt 0.142601833 0.8929111
vt 0.221003518 0.853403866
vt 0.131521568 0.8364906
vt 0.114884175 0.809087932
vt 0.1323144 0.7721487
vt 0.486946821 0.745612562
vt 0.00905336253 0.6635936
vt 0.07975706 0.6833618
vt 0.142135516 0.7094057
vt 0.482926458 0.6810365
vt 0.341574222 0.607845366
vt 0.4210296 0.619622767
vt 0.0117777428 0.5920919
vt 0.0845743939 0.6158927
vt 0.219977781 0.6294579
vt 0.221347809 0.687181652
vt 0.1495691 0.6415331
vt 0.14721182 0.6823758
vt 0.4786287 0.603136837
vt 0.538892746 0.260229
vt 0.5354491 0.280569315
vt 0.4962227 0.259935856
vt 0.9420339 0.213546753
vt 0.451995581 0.2596755
vt 0.825828552 0.563907743
vn -2.08436333E-07 -0.198230088 -0.9801554
vn 1.90303822E-07 -0.250277162 -0.9681743
vn 0.165227413 -0.264953047 -0.949999869
vn 0.139831021 -0.283943176 -0.948590338
vn 5.23233332E-08 -0.13294372 -0.991123557
vn 0.127080679 -0.213645115 -0.9686105
vn 0.112192683 -0.230953738 -0.966474652
vn 0.0866503343 -0.168028831 -0.981966436
vn 0.057194896 -0.203647658 -0.977372169
vn 5.47117267E-08 -0.168663234 -0.9856737
vn -0.139831513 -0.283942461 -0.948590457
vn -0.165227458 -0.2649527 -0.95
vn -0.112192616 -0.230954379 -0.9664745
vn -0.127080843 -0.213645414 -0.968610346
vn -0.08665022 -0.168028876 -0.9819664
vn -0.0571947731 -0.203647748 -0.9773722
vn -1.22740474E-07 0.198229969 0.980155468
vn -0.13983126 0.283943146 0.948590338
vn -0.165227592 0.264953047 0.949999869
vn -1.90303822E-07 0.250277221 0.9681743
vn -5.60738975E-08 0.132944331 0.991123438
vn -0.11219275 0.230953783 0.9664746
vn -0.127080828 0.213645071 0.968610466
vn -0.0866503939 0.1680295 0.9819663
vn -7.904377E-08 0.168663919 0.985673666
vn -0.05719494 0.203648373 0.97737205
vn 0.165227264 0.264953017 0.949999869
vn 0.139830992 0.283943057 0.948590338
vn 0.127080664 0.213644937 0.9686105
vn 0.1121927 0.230953515 0.9664747
vn 0.0866502449 0.168029577 0.981966257
vn 0.0571947359 0.203648508 0.977372
vn -0.457250118 0.2579877 0.851096153
vn 0.301074445 0.159915373 0.9400964
vn 0.0751619563 0.2549474 0.964029253
vn -0.423378229 0.303571254 0.853578031
vn 0.04785851 -0.04726607 0.9977352
vn 0.0315891281 0.5169399 0.8554386
vn 0.04885411 0.3155539 0.9476492
vn 0.496751726 0.390397578 0.7751306
vn 0.534796 0.263412356 0.8028744
vn 0.5022143 0.3404189 0.7949187
vn 0.169604614 0.60253334 0.779863954
vn 0.8414567 0.22863318 0.489568651
vn 0.327626765 0.5032569 0.799620748
vn 0.08830739 0.698995233 0.709653139
vn 0.6642919 0.29906 0.6850398
vn 0.6418162 0.217283219 0.73543185
vn 0.6142006 0.07629316 0.7854534
vn 0.633094 0.101477765 0.7673944
vn -1.90197932E-06 -0.0195741672 0.9998084
vn 0.122275487 -0.156220585 0.9801243
vn -9.840564E-07 0.100456841 0.994941533
vn 0.5718503 0.105861537 0.813499
vn 1.39228575E-06 0.353528768 0.9354236
vn 3.34067835E-07 0.191928923 0.981408834
vn 0.3977956 0.223208323 0.8899083
vn 0.7074017 -0.025538059 0.706350267
vn -2.03787167E-07 0.095194675 0.9954587
vn 0.382202268 0.5091981 0.7711282
vn -0.238000274 0.832612932 0.5001117
vn 0.6287038 0.01628388 0.777474344
vn 0.0231696181 0.396121472 0.9179058
vn 0.278229743 0.367746145 0.887327969
vn 0.7247485 0.0266070664 0.68849957
vn 0.5307217 0.223984644 0.817413867
vn 0.420785427 0.413105875 0.807640553
vn 0.481492221 0.236102223 0.844050348
vn -6.47524871E-07 -0.171605632 0.9851657
vn 0.8235784 -0.201471433 0.5302149
vn -0.335832834 0.785922468 0.519174457
vn -0.626989663 0.628907442 0.459738255
vn 0.09910223 0.3867128 0.916859865
vn -0.03418507 0.5529077 0.832541
vn 0.431539685 0.00492203562 0.902080536
vn 0.67007494 -0.229469374 0.7059344
vn 0.65945065 -0.116633028 0.7426451
vn 0.333617926 -0.01597647 0.942572951
vn 0.7465871 0.172131 0.642634034
vn 0.6036164 -0.40595156 0.686185539
vn 0.7932182 0.192744792 0.5776283
vn 0.446617335 0.07069306 0.891928
vn -5.025704E-07 0.2056914 0.978616953
vn 0.198413163 -0.29062137 0.9360403
vn 0.6607588 0.0197306611 0.7503389
vn 0.45278275 0.25327307 0.8548922
vn 0.577929258 0.134401172 0.804943562
vn 0.7311975 0.130187258 0.669627964
vn 0.5950358 0.342969567 0.726845562
vn 0.62624687 0.280000478 0.72760886
vn 0.401863843 0.173598662 0.899093449
vn 0.783246 0.127216712 0.608557045
vn 0.424723655 -0.016989328 0.905163646
vn 1.97456461E-06 0.5016938 0.865045369
vn 0.659460545 0.222427741 0.71807915
vn 0.6707212 0.246667892 0.6994913
vn 0.6972007 0.0476589352 0.71529
vn 0.6575324 0.172154278 0.733494341
vn -1.18160892E-06 -0.377364665 0.9260648
vn 0.6865983 0.620419562 0.379028052
vn 0.688581765 0.523320556 0.5019867
vn 0.537730455 0.7948291 0.281234473
vn -0.496736765 0.390410781 0.77513355
vn -0.4207537 0.41313085 0.8076442
vn -0.50220567 0.34042722 0.794920564
vn -0.5950369 0.3429666 0.726846039
vn -0.6262476 0.2799991 0.7276088
vn -0.5703031 0.279913068 0.7722713
vn 0.4233808 0.303571224 0.8535768
vn -0.008185698 0.310690165 0.950476
vn -0.07516255 0.254947752 0.9640292
vn -0.122281469 -0.156217471 0.9801242
vn -0.1984159 -0.290620923 0.936039865
vn -0.04786218 -0.0472660363 0.997734964
vn -0.6885826 0.5233205 0.501985669
vn -0.522704959 0.4013485 0.7521295
vn -0.673891962 0.414526 0.6115863
vn 3.23805671E-06 0.8189424 0.573875666
vn -0.03158754 0.516941 0.855438054
vn -0.250223279 0.7639622 0.594768941
vn -0.5718506 0.1058622 0.813498735
vn -0.3977954 0.223208681 0.8899083
vn -0.09910251 0.386712134 0.916860163
vn -0.165404409 0.9441965 0.2848408
vn 5.578575E-06 0.974462032 0.224552453
vn -0.327623039 0.503259063 0.799620867
vn -0.7932198 0.192742467 0.577626765
vn -0.84145695 0.228632048 0.4895689
vn -0.6594507 -0.116629913 0.742645442
vn -0.431538582 0.00492375158 0.902081
vn -0.5307196 0.223987013 0.817414463
vn -0.731197 0.1301877 0.669628263
vn -0.4527802 0.253273219 0.854893446
vn -0.401864648 0.173597142 0.89909333
vn 0.0341875032 0.5529064 0.8325417
vn -0.278229564 0.367745847 0.8873282
vn -0.0231692363 0.396121353 0.9179058
vn -0.4247238 -0.0169886779 0.9051636
vn -0.48149395 0.236100167 0.844049931
vn -0.577928841 0.134401575 0.80494374
vn -0.534797251 0.2634132 0.802873254
vn -0.446617573 0.07069395 0.8919277
vn -0.333619833 -0.0159725025 0.9425723
vn -0.724747539 0.0266070124 0.6885007
vn -0.6607567 0.0197309572 0.75034076
vn -0.794532 0.408716321 0.449076861
vn -0.686599553 0.62041837 0.3790278
vn -0.5444973 0.1851933 0.8180625
vn -0.6330953 0.101478152 0.767393351
vn 0.4572522 0.25798887 0.8510948
vn -0.3010748 0.159916818 0.9400961
vn -0.0488559231 0.31555286 0.947649539
vn -0.169600457 0.602537155 0.779862
vn -0.6418173 0.217283472 0.735430956
vn -0.6642923 0.29905954 0.6850396
vn -0.08830147 0.698997 0.709652
vn -0.6142005 0.0762942 0.7854533
vn -0.7074021 -0.0255374219 0.7063498
vn -0.382193059 0.5092026 0.7711298
vn 0.237999648 0.8326127 0.500112236
vn -0.6287045 0.0162846148 0.7774736
vn -0.823579848 -0.201471 0.530213058
vn 0.626995146 0.628905952 0.45973298
vn 0.33584705 0.785921 0.5191677
vn -0.6700741 -0.2294671 0.705935836
vn -0.746588469 0.172130525 0.6426326
vn -0.6036183 -0.405950159 0.6861846
vn -0.783247 0.127216935 0.6085557
vn -0.670723259 0.24666734 0.699489355
vn -0.659463644 0.222424015 0.7180775
vn -0.657534838 0.172148883 0.7334934
vn -0.697204053 0.0476495773 0.7152874
vn -0.53773284 0.794827163 0.281235218
vn 0.5703023 0.279914379 0.772271454
vn 0.008184341 0.310691178 0.9504757
vn 0.6738913 0.414524883 0.6115879
vn 0.522705853 0.4013477 0.7521293
vn 0.250227422 0.7639616 0.5947678
vn 0.165412739 0.944195569 0.284839183
vn 0.7945309 0.4087157 0.4490792
vn 0.5444936 0.185194731 0.8180646
vn -0.2180323 0.391445547 -0.893997967
vn 1.64748656E-07 0.376787663 -0.9262997
vn 1.55821578E-08 0.4364557 -0.899725735
vn -0.196067333 0.411850482 -0.8899083
vn -0.176944017 0.453163624 -0.873689532
vn 1.2310781E-07 0.5576503 -0.8300759
vn -0.1314044 0.6133344 -0.7788157
vn 2.40136245E-07 0.68372947 -0.7297356
vn -0.0650646 0.6596419 -0.748758435
vn 1.80911186E-07 0.337706029 -0.941251636
vn -0.223194733 0.3420994 -0.912771642
vn 0.218032673 0.391445369 -0.893997848
vn 0.1960676 0.4118497 -0.889908552
vn 0.176943988 0.4531634 -0.8736897
vn 0.131404921 0.6133344 -0.7788156
vn 0.06506466 0.659641564 -0.748758733
vn 0.223195046 0.34209913 -0.912771642
vn 0.218032628 -0.3914453 0.893997848
vn 0.196068108 -0.4118499 0.889908433
vn -8.970409E-08 -0.4364556 0.899725735
vn 1.59124852E-07 -0.3767873 0.9262998
vn 0.176944152 -0.453163743 0.8736895
vn 0.131404147 -0.6133346 0.778815448
vn -4.33134261E-07 -0.557650745 0.830075741
vn 0.065063864 -0.659641743 0.7487585
vn -3.471838E-07 -0.6837294 0.7297356
vn -2.26617672E-07 -0.3377061 0.941251636
vn 0.223194674 -0.342099428 0.9127716
vn -0.218032449 -0.39144516 0.8939981
vn -0.196068659 -0.41185 0.8899082
vn -0.176944643 -0.453163624 0.8736895
vn -0.1314049 -0.613334358 0.7788155
vn -0.06506379 -0.659641147 0.748759151
vn -0.223194569 -0.342098773 0.9127719
vn -0.24247402 -0.186542049 -0.9520548
vn -0.293191552 -0.156292111 -0.9431921
vn -0.2064752 -0.181668475 -0.961438835
vn -0.207806811 -0.2093624 -0.955501854
vn -0.07662501 -0.223768786 -0.971625566
vn -0.07801876 -0.2226199 -0.9717786
vn -0.07539507 -0.2337564 -0.9693677
vn -0.08483947 -0.236532658 -0.9679125
vn -0.108129241 -0.219868213 -0.9695185
vn -0.110204495 -0.20525074 -0.972485
vn -0.238902673 -0.223105162 -0.9450659
vn -0.1333645 -0.186300144 -0.9733993
vn -0.158680767 -0.201587379 -0.9665314
vn 0.242473885 -0.186542258 -0.9520549
vn 0.207806468 -0.209362343 -0.9555019
vn 0.2064751 -0.181668341 -0.9614389
vn 0.293191761 -0.156292126 -0.9431922
vn 0.07662518 -0.223768756 -0.9716255
vn 0.08483947 -0.236532658 -0.9679125
vn 0.0753952041 -0.233756348 -0.969367564
vn 0.0780191049 -0.222619727 -0.9717785
vn 0.110204481 -0.20525077 -0.972485065
vn 0.108129248 -0.219868258 -0.9695184
vn 0.2389025 -0.22310555 -0.945065856
vn 0.158680767 -0.201587215 -0.9665315
vn 0.133364588 -0.186300218 -0.9733993
vn 0.2064752 0.181668431 0.9614388
vn 0.293191582 0.15629214 0.9431922
vn 0.242474064 0.186542153 0.9520548
vn 0.207806841 0.209362432 0.955501854
vn 0.07539504 0.233756378 0.969367564
vn 0.0780189261 0.222619727 0.9717785
vn 0.07662502 0.223768756 0.9716255
vn 0.0848393738 0.236532688 0.9679125
vn 0.108129211 0.219868213 0.9695185
vn 0.110204466 0.2052507 0.972485065
vn 0.238902822 0.223105356 0.9450658
vn 0.158680856 0.2015874 0.966531336
vn 0.133364573 0.1863002 0.9733993
vn -0.206475124 0.181668356 0.961438835
vn -0.207806587 0.2093624 0.955501854
vn -0.242474 0.186542287 0.9520548
vn -0.2931918 0.15629214 0.9431922
vn -0.07539522 0.233756259 0.969367564
vn -0.08483946 0.236532658 0.967912555
vn -0.0766252056 0.2237686 0.9716256
vn -0.07801912 0.222619548 0.9717785
vn -0.108129218 0.219868228 0.9695185
vn -0.110204421 0.205250725 0.972485065
vn -0.238902688 0.223105654 0.945065856
vn -0.158680767 0.20158726 0.9665315
vn -0.133364573 0.186300188 0.9733993
vn 8.188179E-08 0.00454593729 -0.999989748
vn 5.78930575E-08 -0.0421171151 -0.999112666
vn -0.2884207 -0.126978755 -0.949046731
vn -0.43631494 0.08026921 -0.8962065
vn -0.9958114 -0.09140226 -0.00228913245
vn -0.8048591 -0.09668136 -0.5855378
vn -0.7975015 -0.346857458 -0.49364084
vn -0.923846 -0.25640136 0.2841951
vn -7.98439643E-08 0.123938516 0.9922899
vn -0.6664324 0.06774607 0.7424813
vn -0.4889906 -0.153508186 0.8586754
vn -4.9140862E-08 0.0727517158 0.9973501
vn 5.09958875E-09 -0.160566 -0.987025142
vn -0.284213424 -0.215005 -0.9343423
vn -0.8658202 0.148840532 -0.4777045
vn 3.64484862E-07 0.3950705 0.918650866
vn -0.6176954 0.197611421 0.761184633
vn -0.943565547 0.2066864 0.258775562
vn 0.436315119 0.08026887 -0.8962065
vn 0.288420856 -0.126979187 -0.949046731
vn 0.9958113 -0.0914031938 -0.00228882488
vn 0.923845768 -0.256402016 0.2841954
vn 0.7975012 -0.3468586 -0.4936405
vn 0.8048591 -0.09668229 -0.585537732
vn 0.488990247 -0.153508633 0.858675539
vn 0.666432559 0.06774466 0.742481232
vn 0.2842133 -0.21500513 -0.9343424
vn 0.865820467 0.1488402 -0.4777043
vn 0.617696166 0.197608039 0.761185
vn 0.9435659 0.206684455 0.2587761
vn 0.39111644 0.08153382 -0.916722536
vn 0.630384147 0.0240962487 -0.775909364
vn 0.003831478 0.3416879 -0.9398057
vn -0.0115558086 0.314750075 -0.949104249
vn -0.146475017 0.480995744 -0.864400446
vn -0.154968619 0.462077141 -0.873195
vn 7.738339E-08 -0.2031416 -0.979149342
vn 1.5385281E-07 -0.1868697 -0.9823847
vn -0.5249315 -0.161430717 -0.835695565
vn -0.5184044 -0.199232012 -0.83160305
vn -0.5072131 -0.0151002211 0.8616884
vn -0.826509655 -0.0678757355 0.5588154
vn -0.801949263 -0.0456556045 0.595644951
vn -0.4181103 -0.012779112 0.9083063
vn -0.981456757 -0.0943766758 -0.166840822
vn -0.984282732 -0.08171145 -0.156559154
vn -1.26864748E-07 -0.0486463234 0.9988161
vn -1.18780029E-07 -0.111622594 0.9937507
vn 0.518404543 -0.199231282 -0.831603
vn 0.524931669 -0.161430344 -0.8356955
vn 0.5072129 -0.0151000712 0.8616885
vn 0.418110162 -0.0127790887 0.9083064
vn 0.8019492 -0.0456553958 0.595644951
vn 0.826509535 -0.0678753555 0.558815539
vn 0.9814567 -0.09437628 -0.166840762
vn 0.9842828 -0.0817114338 -0.15655908
vn 0.0242771339 0.224069372 0.974270761
vn 0.0749198 0.137910172 0.9876071
vn -0.328555882 0.3243211 0.8870553
vn -0.3670477 0.304002583 0.8791236
vn -0.874855757 0.3493246 0.3355588
vn -0.7488965 0.4079105 0.5222674
vn -0.939001441 0.123620406 -0.320927173
vn -0.978845 0.182046458 -0.09338912
vn -0.5412847 0.3815139 -0.74930495
vn -0.705401659 0.231724232 -0.66986
vn -0.1977527 0.459037423 -0.8661284
vn -0.188929692 0.482806027 -0.8551047
vn -0.0113323405 0.5349242 -0.844823956
vn -0.0033227317 0.6013885 -0.7989497
vn 0.009413095 0.169161037 0.98554343
vn 0.0579730943 0.102934323 0.992997348
vn -0.270612121 0.259046674 0.927180767
vn -0.301718742 0.241615713 0.9222731
vn -0.860921741 0.3226917 0.393298537
vn -0.690991759 0.373347372 0.618984759
vn -0.924179256 -0.0349004865 -0.380360961
vn -0.979572654 0.1789316 -0.09176608
vn -0.391116023 0.08153297 -0.916722834
vn -0.6303838 0.0240946654 -0.775909543
vn 0.0115559055 0.314750016 -0.9491043
vn -0.003831399 0.341687828 -0.939805746
vn 0.154968441 0.462077141 -0.873195
vn 0.146474838 0.480995685 -0.8644005
vn -0.0242778268 0.224068254 0.97427094
vn 0.3670475 0.304002166 0.8791239
vn 0.328555584 0.3243211 0.8870553
vn -0.07492037 0.1379093 0.987607241
vn 0.748896062 0.407911867 0.5222669
vn 0.8748551 0.349326581 0.335558385
vn 0.9788445 0.182048857 -0.09338902
vn 0.9390013 0.123621553 -0.320927054
vn 0.705401659 0.2317242 -0.66986
vn 0.541284859 0.381513119 -0.749305248
vn 0.1889298 0.482805729 -0.8551047
vn 0.197752982 0.459037483 -0.866128445
vn 0.00332286675 0.6013885 -0.7989498
vn 0.0113324858 0.5349242 -0.844823956
vn -0.00941328052 0.169161037 0.9855435
vn 0.301718622 0.241615415 0.9222731
vn 0.2706118 0.25904724 0.9271805
vn -0.05797325 0.102934346 0.992997348
vn 0.6909912 0.3733486 0.6189846
vn 0.8609211 0.322694063 0.393298268
vn 0.979572237 0.178933829 -0.0917658359
vn 0.924179554 -0.03489796 -0.3803607
vn 0.5215387 -0.2541966 0.81448245
vn 0.424540222 -0.38372004 0.8200759
vn -8.166801E-08 -0.344505727 0.938784242
vn -8.225155E-08 -0.220319882 0.975427747
vn -0.622421145 0.6113441 -0.488723129
vn -0.7308651 0.591592669 -0.3403736
vn -0.637097359 0.4148941 -0.649592161
vn 0.5257647 -0.4524115 0.7203439
vn 0.52685076 -0.714755833 0.459948152
vn 0.535830438 -0.695735455 0.47837
vn 0.943565547 -0.132394791 0.3035714
vn 0.998153865 0.0385330059 0.0469477363
vn 0.651380539 -0.07550165 0.754985452
vn 0.4667747 -0.443229765 0.7652901
vn 0.639979243 -0.347797722 -0.685174048
vn 0.6594707 -0.4798954 -0.5786181
vn 0.5255603 -0.376264125 -0.7630281
vn 0.6350607 -0.2844316 -0.7181897
vn 0.7829614 -0.358206362 -0.5085859
vn 0.4876653 -0.319383025 -0.812512755
vn 0.370945126 -0.335969657 -0.8657506
vn 0.8646856 -0.23505792 0.443921775
vn 0.873015344 -0.472680181 0.120074071
vn -5.886788E-08 -0.1980174 0.9801985
vn -7.812047E-08 -0.496698171 0.8679233
vn -0.5901004 -0.386819124 -0.708627164
vn -0.7238864 -0.421328783 -0.546324551
vn -0.683441639 -0.446985245 -0.5771583
vn -0.7153531 -0.5147496 -0.47254926
vn -0.873015165 -0.4726804 0.1200738
vn -0.659470439 -0.4798954 -0.5786182
vn 0.5901004 -0.386819184 -0.708627045
vn 0.5369774 -0.399990082 -0.742740154
vn 0.683441758 -0.4469853 -0.577158
vn 0.7238865 -0.421328783 -0.546324432
vn 0.3795173 -0.561283052 0.735478
vn 0.141875848 -0.463386148 0.8747254
vn 0.378859967 -0.127887726 0.916575134
vn -8.61283951E-08 -0.1352537 0.990811
vn 0.8508244 -0.513098061 0.113261662
vn 0.7565004 -0.6480613 0.08788446
vn 0.6977557 -0.205824286 0.686129153
vn 0.71766144 -0.190407187 0.6698562
vn 0.7153532 -0.5147496 -0.4725492
vn -0.4667749 -0.443229765 0.765289843
vn -0.943565667 -0.132394567 0.303571165
vn -0.789497852 -0.5993489 0.132189229
vn 0.764503062 -0.640589952 0.07196923
vn 0.696026444 -0.6275381 0.348917
vn 0.8937503 -0.446944684 0.03808794
vn 0.789497733 -0.599349 0.1321893
vn 0.380331665 -0.91048336 0.1623822
vn 0.522835255 -0.7203939 0.455714852
vn -0.8508245 -0.513098 0.113261446
vn -0.521538734 -0.254196733 0.814482331
vn -0.424540371 -0.38372013 0.82007575
vn -0.5255599 -0.376264185 -0.763028264
vn -0.141876027 -0.463386148 0.8747254
vn -0.864685535 -0.235058531 0.443921655
vn -0.7176615 -0.190407008 0.669856
vn -0.7829613 -0.358206272 -0.508586049
vn -0.7565004 -0.6480613 0.08788431
vn -0.639978766 -0.347797841 -0.6851744
vn -0.378860146 -0.127887681 0.916575
vn -0.635060668 -0.2844315 -0.7181899
vn -0.370944977 -0.335969448 -0.8657508
vn -0.487665 -0.319382876 -0.812513
vn -0.62860924 0.543623447 -0.5561689
vn -0.465836525 0.306658447 -0.8300343
vn -0.437736481 0.6188191 -0.6522651
vn -0.379517436 -0.561283052 0.735477865
vn 0.5273591 -0.8408109 0.122185968
vn -0.697755933 -0.2058244 0.686129034
vn -0.536977053 -0.39999 -0.742740631
vn -0.6513807 -0.07550171 0.754985332
vn -0.998153865 0.038533017 0.0469476655
vn 0.949992359 -0.305478424 0.06478787
vn 0.7760438 -0.5373824 0.3301153
vn 1.06900337E-07 0.344689071 -0.9387169
vn -0.424591243 0.383893967 -0.819968045
vn -0.5216222 0.254317373 -0.814391255
vn 7.96844E-08 0.22044304 -0.9753999
vn -0.6491533 0.7489353 -0.13302663
vn -0.4195067 0.3912359 -0.819114566
vn -0.6514673 0.07554659 -0.754906058
vn -0.998153448 -0.03854259 -0.0469478332
vn -0.943582058 0.132435963 -0.303502232
vn -0.46680823 0.4433944 -0.76517427
vn -0.5256336 0.376427144 0.7628971
vn -0.6594853 0.480042547 0.57847923
vn -0.6400498 0.347937375 0.685037
vn -0.487749517 0.319531649 0.8124038
vn -0.7829834 0.358322233 0.508470237
vn -0.6351306 0.284553856 0.718079448
vn -0.371019065 0.336135715 0.8656545
vn -0.872960567 0.472783446 -0.120065257
vn -0.8647099 0.235132352 -0.4438349
vn 6.399872E-08 0.496903628 -0.867805839
vn 7.016141E-08 0.198132679 -0.980175138
vn 0.6834653 0.447133362 0.5770155
vn 0.72391 0.421467841 0.546186
vn 0.5901661 0.386976451 0.7084866
vn 0.659485042 0.480042756 0.5784794
vn 0.8729604 0.4727838 -0.120065078
vn 0.7153336 0.5148926 0.472422868
vn -0.6834654 0.4471335 0.5770153
vn -0.537043869 0.4001578 0.742601931
vn -0.5901661 0.3869765 0.7084865
vn -0.7239102 0.4214678 0.546185851
vn -0.141903624 0.4635902 -0.874612749
vn -0.3795342 0.5614844 -0.7353156
vn -0.378946036 0.127958879 -0.9165296
vn 8.61274643E-08 0.135334253 -0.9908
vn -0.8507596 0.5132112 -0.113235652
vn -0.756409347 0.648171842 -0.08785275
vn -0.7177527 0.1904838 -0.6697365
vn -0.697847 0.205908433 -0.6860112
vn -0.7153338 0.5148924 0.472422838
vn 0.7894199 0.599460244 -0.132149875
vn 0.943582058 0.1324356 -0.303502142
vn 0.466808468 0.4433944 -0.765174031
vn -0.5612954 0.540421844 -0.62681067
vn -0.6643456 0.643965 -0.3794125
vn -0.78941983 0.5994604 -0.132149935
vn 0.850759745 0.513211 -0.113235444
vn 0.424591422 0.3838939 -0.819968
vn 0.5216223 0.2543174 -0.8143911
vn 0.5256333 0.3764273 0.762897253
vn 0.141903833 0.463590145 -0.8746128
vn 0.7177529 0.1904835 -0.669736445
vn 0.8647099 0.235132769 -0.443834782
vn 0.756409347 0.6481719 -0.0878526
vn 0.7829834 0.3583222 0.5084704
vn 0.6400495 0.3479377 0.6850373
vn 0.378946215 0.127958834 -0.9165295
vn 0.4877493 0.31953153 0.8124039
vn 0.371018946 0.3361357 0.8656546
vn 0.635130465 0.284553856 0.718079567
vn -0.4641784 0.737677634 -0.490275472
vn -0.755791664 0.576597869 -0.3103447
vn 0.379534423 0.561484337 -0.735315561
vn 0.366490871 -0.639532864 0.675782561
vn 0.6978471 0.205908552 -0.686010957
vn 0.5370435 0.40015766 0.7426022
vn 0.651467562 0.07554646 -0.7549058
vn 0.998153448 -0.0385429226 -0.0469477773
vn 0.371039182 -0.748390436 0.54976517
vn -0.719116747 0.634419739 -0.2835183
vn -0.532389939 0.363726735 -0.7643715
vn -0.312618524 0.732236445 0.6050616
vn -0.400552 0.6813014 0.612687945
vn 0.0848632455 0.531548858 0.8427656
vn 0.182926968 0.451424152 0.8733578
vn -0.7534123 0.101099446 0.649729848
vn -0.33713457 0.2516317 0.9072056
vn -0.565642059 0.22033447 0.7946709
vn -0.688188 0.203379378 0.6964438
vn 0.487392366 0.558762968 0.670993865
vn 0.40939787 0.4605785 0.7875664
vn 0.579700053 0.168765172 0.7971614
vn 0.6177935 0.312661529 0.721508265
vn 0.117107019 0.5622609 0.8186261
vn 0.13222155 0.6743211 0.7265042
vn 0.436035454 0.318827063 0.84155947
vn -0.218320727 0.3391135 0.915061831
vn -0.104091205 0.4222262 0.900494337
vn 0.6155391 0.678234 0.401385337
vn 0.5017166 0.6923412 0.5185981
vn -0.157279968 0.109952025 0.981414139
vn -0.247460529 0.173310533 0.9532717
vn 0.4300236 0.08395941 0.898905158
vn 0.176138282 0.06990929 0.9818798
vn -0.0965738446 0.588880062 0.802429855
vn -0.0424286872 0.3485151 0.9363423
vn 0.173048317 0.5429549 0.8217385
vn 0.298300922 0.7318207 0.612743855
vn 0.4198906 -0.06617282 0.9051591
vn 0.3892981 0.147492155 0.909226656
vn -0.526969969 0.3838607 0.7582569
vn -0.6423543 0.229109988 0.7313614
vn 0.460140884 0.7532381 0.470003128
vn 0.341008753 0.5267515 0.778618
vn 0.172866464 0.7805158 0.600759745
vn 0.394335181 0.277450085 0.876082838
vn 0.455194 0.8365251 0.304998368
vn 0.622178555 0.7809215 0.0552760139
vn 0.4301451 -0.1610866 0.8882715
vn 0.312618434 0.732236147 0.605061948
vn -0.1829263 0.451423973 0.8733581
vn -0.08486095 0.531551 0.8427646
vn 0.400554568 0.6813038 0.6126836
vn 0.7534129 0.101099938 0.649729133
vn 0.6881897 0.20337981 0.6964421
vn 0.565642357 0.220334187 0.7946707
vn 0.3371371 0.251632065 0.9072045
vn -0.487391621 0.558762968 0.670994341
vn -0.6177932 0.312661618 0.721508265
vn -0.579698563 0.1687671 0.797162
vn -0.409399778 0.460577041 0.787566364
vn -0.117109217 0.5622596 0.8186266
vn -0.436034381 0.318828166 0.8415596
vn -0.132221922 0.674320042 0.72650516
vn 0.218323678 0.339115351 0.915060341
vn 0.104090996 0.4222264 0.9004942
vn -0.615536451 0.6782358 0.401386559
vn -0.5017188 0.692340434 0.518597066
vn 0.157278925 0.109951906 0.981414258
vn -0.176138952 0.06990914 0.9818798
vn -0.430023253 0.08396032 0.8989052
vn 0.247457862 0.1733095 0.953272462
vn 0.09656848 0.588880241 0.8024304
vn 0.042424418 0.3485163 0.9363422
vn -0.298306227 0.7318194 0.6127428
vn -0.173050433 0.542954743 0.821738243
vn -0.419890761 -0.06617278 0.905159
vn -0.3892978 0.147494018 0.9092264
vn 0.526967943 0.383860946 0.7582582
vn 0.642354369 0.229108736 0.731361866
vn -0.4601415 0.753237545 0.470003247
vn -0.172863379 0.7805158 0.6007607
vn -0.341008246 0.526752 0.7786179
vn -0.39433524 0.277451426 0.8760823
vn -0.622179 0.780921161 0.05527608
vn -0.455191731 0.8365261 0.304999441
vn -0.4301451 -0.1610861 0.88827163
vn 0.101590723 0.993392646 0.05338857
vn 0.0581571236 0.995207846 -0.07860646
vn 0.26247564 0.936848 -0.231133029
vn 0.573974 0.8042634 -0.153993621
vn 0.8053171 0.369249135 -0.463809758
vn -5.22707467E-07 0.671506166 -0.740998864
vn -1.17821355E-06 0.532449961 -0.846461535
vn 0.9392435 0.06224452 -0.3375607
vn 0.153466538 -0.9286904 0.3376125
vn 0.140600339 -0.922402 0.359730572
vn 4.904776E-07 -0.9398235 0.341660321
vn 2.43954162E-07 -0.947516143 0.319708049
vn 0.778220534 0.231538653 -0.5837488
vn 0.639080942 0.0524242 -0.767350852
vn 0.49843213 0.594019055 -0.631432354
vn 0.7668963 0.481966317 -0.423766971
vn 0.878578067 0.240588963 -0.4125745
vn 0.8894221 0.335498542 -0.3104336
vn 0.946331 -0.07630928 -0.3140613
vn 0.9884226 0.112692133 -0.101593666
vn 0.855867147 0.4724062 0.210532025
vn 0.972055137 -0.183716819 -0.146139756
vn -7.486681E-07 0.0598373078 -0.998208165
vn -4.50653545E-07 0.485232264 -0.8743853
vn -9.16298745E-07 0.757555068 -0.652771235
vn 0.9484039 0.1440901 -0.282432437
vn 0.9663392 0.12831834 -0.222986758
vn 1.31319577E-08 -0.244009182 -0.969772935
vn 0.9590693 -0.116933331 -0.257900476
vn 0.9776955 0.206453964 0.0385783575
vn -2.85522447E-07 0.120692387 -0.992689967
vn 0.204174846 -0.812047243 0.546710134
vn 1.4356599E-06 -0.85036695 0.5261902
vn 9.26545965E-07 -0.7817032 0.6236506
vn 0.169257924 -0.7736779 0.610552251
vn 0.833779752 0.5304068 -0.153232008
vn 0.890512645 0.431233138 -0.145000547
vn -4.596133E-06 0.8717636 0.489927024
vn 0.6746221 0.0519586727 -0.736332357
vn 0.563565731 0.6540693 -0.5045663
vn 0.5034923 0.775087357 -0.38175267
vn 0.4692553 0.8639649 -0.182658225
vn 0.991912663 -0.03749 -0.121259049
vn -9.886837E-07 -0.2608942 -0.9653674
vn -1.495729E-06 0.5331287 0.846034169
vn 0.855619252 0.5161455 -0.0388525166
vn -1.09182281E-06 0.9973748 -0.0724127442
vn -3.02162061E-06 0.99532 -0.0966336
vn -3.86247137E-07 0.9729388 -0.231062934
vn 0.8857481 -0.2505071 -0.390764266
vn 0.698750436 -0.649071634 -0.3007555
vn 0.8857481 -0.2505071 -0.390764266
vn 0.8609448 -0.281224221 -0.4238949
vn 3.98400061E-06 -0.78606236 -0.6181473
vn 0.334137082 0.9068402 -0.2568913
vn -0.8690861 -0.004949035 0.494636059
vn -0.8059889 -0.04985988 0.589827061
vn -0.9181744 -0.13478753 0.372542858
vn 3.41965278E-06 -0.8367681 -0.5475574
vn 0.977290332 -0.1431135 -0.156275123
vn -4.51078762E-07 0.5611793 -0.8276943
vn -6.498813E-07 0.570049167 -0.82161057
vn 0.899516046 0.19593893 -0.390485317
vn 0.8627071 -0.3426285 -0.371943742
vn 0.9666445 0.0247863121 -0.254919738
vn -0.6948139 -0.349264473 -0.628687441
vn -0.6021686 -0.09213033 -0.7930353
vn -0.6746225 0.051958818 -0.736332059
vn -0.6645296 -0.5952328 -0.451772481
vn -0.805413365 -0.502914667 -0.3136655
vn -0.783899963 -0.5250246 -0.3314365
vn 0.971456 -0.221187323 0.08572863
vn 0.9720435 -0.221168891 0.0788407
vn 0.944610357 -0.3260539 0.0374193266
vn 0.9091656 -0.416429728 -0.00207383977
vn 0.9372958 -0.314293861 0.150651976
vn 0.946916461 -0.3061051 0.0982292742
vn 0.9546603 0.283293 0.09148165
vn -1.57004251E-06 0.958232164 -0.2859916
vn -6.487653E-07 0.6225635 -0.782569349
vn 0.9202339 -0.0149785066 -0.391082168
vn 0.8930788 -0.306476384 -0.3293668
vn 0.8054135 -0.5029154 -0.313664317
vn 0.7838989 -0.5250261 -0.3314364
vn 0.7000614 -0.3327152 -0.6318343
vn 0.7104828 -0.2646237 -0.65206486
vn 0.9831488 0.179779738 -0.03312852
vn 1.61055937E-06 -0.909029663 0.416731447
vn 8.564972E-08 -0.1649936 -0.9862946
vn -2.744124E-06 0.8205926 0.5715135
vn -0.733523846 -0.473120183 -0.487955
vn 1.00416514E-06 -0.150354788 -0.9886321
vn -2.93068956E-06 0.669436932 0.742868841
vn 0.840568841 -0.165867254 -0.515686154
vn 0.805967 -0.193561882 -0.559420168
vn 0.804629743 -0.159318849 -0.572004
vn -0.8857476 -0.2505085 -0.3907642
vn -0.8857476 -0.2505085 -0.3907642
vn 1.176386E-06 -0.799134731 -0.601151943
vn -4.015414E-06 0.9932344 0.116126053
vn -3.63855133E-06 0.8829742 0.469421417
vn -4.259876E-06 0.791707456 0.610900342
vn 1.86017542E-06 -0.362128049 -0.9321284
vn 0.894082248 0.286501825 0.344287157
vn 1.3367744E-06 -0.897976041 -0.4400445
vn -2.07110975E-06 0.681127131 0.732165158
vn 4.5494712E-08 -0.008057245 0.9999675
vn 1.87838737E-07 -0.178149283 0.9840035
vn 1.6061033E-06 -0.9679706 -0.251063645
vn -0.7000623 -0.3327146 -0.6318337
vn 0.7423245 -0.6689988 -0.03735052
vn 0.533779263 -0.7139608 -0.453144133
vn 0.7335234 -0.473121583 -0.48795417
vn 0.6948136 -0.349265426 -0.6286873
vn 0.602168 -0.09212987 -0.7930358
vn 0.6645275 -0.5952342 -0.4517737
vn 0.9461457 -0.32335335 0.015834583
vn 0.922775447 -0.3850656 0.0144937122
vn 0.956455231 -0.264464676 0.123499192
vn 0.9634808 -0.200484574 0.17751278
vn 0.9333336 -0.134861663 0.332717329
vn -0.101594359 0.9933923 0.05338775
vn -0.5739772 0.804261267 -0.153993815
vn -0.262477815 0.9368472 -0.231133416
vn -0.05815762 0.9952079 -0.07860586
vn -0.8053179 0.36924836 -0.463809043
vn -0.939243853 0.06224394 -0.337559819
vn -0.153465584 -0.9286903 0.337613434
vn -0.140598878 -0.9224016 0.3597322
vn -0.7782201 0.2315391 -0.5837491
vn -0.766896248 0.4819662 -0.4237672
vn -0.4984316 0.5940197 -0.631432235
vn -0.639080942 0.052424 -0.7673508
vn -0.878578067 0.24058871 -0.412574381
vn -0.946331 -0.07630924 -0.314061284
vn -0.8894226 0.335497826 -0.310433269
vn -0.9884227 0.112691827 -0.101593576
vn -0.972055 -0.183717459 -0.1461403
vn -0.8558694 0.472403079 0.210530117
vn -0.948404133 0.144089013 -0.282432258
vn -0.966339231 0.12831822 -0.222986758
vn -0.977695942 0.2064519 0.0385772064
vn -0.9590692 -0.116934195 -0.257900834
vn -0.204172552 -0.81204766 0.546710432
vn -0.169256717 -0.773678 0.6105526
vn -0.833782256 0.530403256 -0.153231069
vn -0.890513539 0.431231529 -0.145000115
vn -0.563566744 0.6540691 -0.504565239
vn -0.5034913 0.775088 -0.38175264
vn -0.469251722 0.8639673 -0.182656124
vn -0.9919127 -0.0374899 -0.121259175
vn -0.855619848 0.516144335 -0.0388534144
vn -0.698749661 -0.6490724 -0.300755829
vn -0.860943437 -0.281226218 -0.423896283
vn -0.334133565 0.9068419 -0.256890029
vn 0.8690859 -0.004948778 0.494636416
vn 0.9181742 -0.134786844 0.3725434
vn 0.8059887 -0.0498597 0.5898272
vn -0.977290332 -0.1431139 -0.15627557
vn -0.8995163 0.195938781 -0.390484929
vn -0.862706542 -0.3426285 -0.371944964
vn -0.9666445 0.02478633 -0.254919916
vn -0.7104829 -0.2646241 -0.6520646
vn -0.946145535 -0.323354036 0.0158325862
vn -0.956455231 -0.264464974 0.12349762
vn -0.9227749 -0.385066658 0.0144916354
vn -0.971456051 -0.221187472 0.08572785
vn -0.909166 -0.416428834 -0.00207505561
vn -0.944610655 -0.3260533 0.03741793
vn -0.972043633 -0.2211688 0.0788390338
vn -0.9469164 -0.306105345 0.09822855
vn -0.937295556 -0.314294428 0.1506522
vn -0.9546609 0.2832909 0.09148054
vn -0.9202334 -0.0149797546 -0.391083121
vn -0.893078446 -0.306477159 -0.329367131
vn -0.983149052 0.179779023 -0.0331290774
vn 0.856742144 -0.151693627 -0.492932
vn 0.9010227 -0.176710412 -0.39614585
vn -0.963480949 -0.200484529 0.1775115
vn -0.9333338 -0.134861276 0.332716644
vn -0.8940836 0.286500335 0.344284981
vn -0.7423258 -0.6689972 -0.0373527743
vn -0.5337811 -0.71395874 -0.453145325
vn 0.7455112 0.209342971 0.6327626
vn -0.0456310958 0.3358294 0.9408168
vn 0.93852365 -0.345215052 -1.0762584E-06
vn 0.9297435 0.3682076 -7.12786743E-07
vn 0.7591268 -0.6509428 4.377155E-06
vn 0.879948735 0.176353753 0.441123128
vn 0.00127382227 0.6186071 0.7856994
vn 0.4186632 0.76856786 0.4837609
vn 0.304730326 0.280026317 0.9103431
vn -0.236833483 0.342555165 0.90915674
vn -0.26442498 0.888860941 0.3741733
vn -0.5474731 0.723232567 0.4209607
vn -0.29922 0.852652133 0.428312629
vn 0.809371531 0.159975469 0.5650891
vn 0.647831142 0.0373648629 0.760867
vn 0.761680543 0.283426881 0.5826764
vn 0.8572792 0.2473468 -0.4515439
vn 0.8877018 0.410978258 0.2075632
vn 0.7932022 0.6089583 3.67819126E-08
vn 0.9727538 0.231840357 1.41413489E-06
vn -0.27274704 0.0117279217 0.9620143
vn 0.188900873 0.247099534 0.950399
vn 0.302218616 0.125390738 0.9449555
vn 0.0522638634 -0.21577 0.9750444
vn 0.636372 -0.335830241 0.6944412
vn 0.9656647 0.2597917 8.504239E-07
vn 0.831283748 0.0822445154 0.549729943
vn 0.8154139 -0.3445737 0.465155065
vn 0.66253525 0.163219661 0.73103106
vn 0.554428458 0.414545536 0.7216377
vn 0.444927573 0.207777992 0.8711301
vn -0.726615 -0.2735979 -0.6302181
vn -0.6427242 -0.261338443 -0.720144331
vn -0.6220539 -0.312325865 -0.7179844
vn -0.692172 -0.369319141 -0.620081544
vn 0.7153015 0.5597381 0.418374062
vn 0.433864981 0.854266763 0.28633818
vn 0.1735498 0.0589505173 0.983059168
vn 0.756214738 -0.654323637 2.60381768E-07
vn -0.6362745 -0.256497771 -0.7275739
vn -0.6475072 -0.226072118 -0.7277539
vn 0.951922238 0.141225249 0.271844447
vn 0.9283811 0.213940144 0.3038722
vn 0.5777711 0.5212066 0.62811166
vn 0.521832466 0.200045183 0.829260468
vn -0.02735375 0.58875376 0.8078494
vn -0.8597616 -0.418040276 0.2933465
vn -0.75834614 -0.450816244 -0.470824569
vn -0.6041127 -0.455364317 -0.65398103
vn 0.9742841 0.198840365 0.10598544
vn 0.8384703 0.36460188 -0.405009925
vn 0.908534765 -0.0262530148 -0.4169836
vn 0.255460471 0.816748261 0.5173608
vn 0.808918655 -0.5879206 3.42427825E-06
vn 0.7222253 -0.691657841 5.084587E-06
vn 0.744633436 0.454934657 0.4884215
vn 0.430517137 0.2782248 0.8586303
vn 0.971581459 0.1382984 -0.19210127
vn 0.572422564 0.135839775 0.8086285
vn 0.6959133 0.682512462 0.223341361
vn -0.477411538 0.05610051 0.8768871
vn 0.4707416 0.849749863 -0.237334147
vn 0.7719255 0.617217243 0.152229
vn -0.7321351 0.6811595 -1.68629106E-06
vn -0.443129838 0.8964574 -1.06580831E-06
vn -0.7055741 0.7086362 -4.06357867E-06
vn -0.08819597 0.9961032 -5.28061628E-06
vn -0.656825662 -0.195401222 -0.7282846
vn -0.6668952 -0.185419634 -0.7217134
vn -0.6215721 -0.483445585 -0.6163835
vn 0.64904356 0.621711552 0.4384258
vn 0.5536386 -0.478573531 0.681506932
vn 0.507006645 -0.0297955777 0.861427
vn 0.7528826 -0.131978109 0.6447865
vn 0.6196044 -0.379181 0.6872498
vn -0.258052737 0.9661308 -2.42112378E-06
vn 0.760923266 0.3885281 0.5196554
vn 0.7043048 0.709897637 -3.4980967E-06
vn 0.7407476 0.6281586 -0.238138139
vn 0.9250265 -0.37990275 -9.638326E-07
vn -0.160336241 0.328986734 0.9306234
vn -0.309409946 0.3197855 0.895546
vn 0.46570766 0.884938657 -4.243174E-06
vn -0.26484257 0.9642917 -2.33204742E-06
vn 0.00141212821 0.522376537 0.8527137
vn -0.7038936 -0.706062853 -0.07751734
vn -0.6306487 -0.7760684 1.27978558E-06
vn -0.7713268 -0.636052668 0.02218409
vn -0.6797826 -0.7278083 -0.0905025452
vn -0.7096296 -0.5784376 -0.402288139
vn -0.7096296 -0.5784376 -0.402288139
vn -0.7096296 -0.5784376 -0.402288139
vn -0.632491648 -0.7457718 -0.2092338
vn -0.489247352 -0.7633301 -0.421858132
vn -0.498437881 -0.846758962 -0.1859
vn -0.5896498 -0.794205964 -0.14679873
vn -0.4149547 -0.8939544 0.169287428
vn -0.742133439 -0.588817537 -0.320205957
vn -0.6887693 -0.7249806 1.43739612E-06
vn -0.5193192 -0.6504172 -0.5543149
vn -0.0351195224 -0.3279497 -0.944042146
vn -0.611558437 -0.492152244 -0.6195017
vn -0.7546715 -0.650477 -0.0857357457
vn -0.7953192 -0.5088583 -0.329439968
vn 0.8460879 0.07928108 0.5271145
vn 0.641013861 0.167911 0.748937368
vn 0.5601626 0.498096853 0.661904335
vn 0.8641516 0.0686566755 0.498526156
vn 0.6630694 0.268388957 0.6987891
vn 0.752422869 0.414477438 0.5119259
vn 0.189827859 0.292698175 0.937172949
vn 0.9560049 0.186134115 0.226734936
vn 0.8540085 0.4162638 0.312080115
vn 0.9447985 -0.0286975913 0.326392829
vn -0.455447 -0.34593007 -0.8203051
vn -0.1662877 -0.362949938 -0.9168509
vn -0.311624467 -0.5807216 -0.752098739
vn 0.8111674 0.190475717 0.552925348
vn 0.5894102 0.60958904 0.530091465
vn -0.6885298 -0.2521239 -0.67997086
vn -0.7460839 -0.2515796 -0.6164954
vn 0.72253716 0.470148653 0.5068533
vn -0.341707468 -0.7308032 -0.590900064
vn -0.295459121 -0.7886761 -0.5391603
vn -0.461284459 -0.6617094 -0.5910646
vn -0.557290137 -0.506756544 -0.6577426
vn 0.217380464 0.1600749 0.9628716
vn -0.6836652 -0.377271444 -0.624714434
vn -0.700779855 -0.373218149 -0.607960463
vn 0.2125043 0.775413156 0.594622731
vn 0.473543316 0.7033256 0.5301789
vn -0.7049973 -0.303969 -0.6407665
vn 0.194580927 0.497896165 0.8451258
vn 0.0127301989 0.7287772 0.68463254
vn 0.7668463 0.5054157 0.3956028
vn 0.747902751 0.448146135 0.489700347
vn 0.5639232 0.537909448 0.62661314
vn 0.336194068 0.6573014 0.6744837
vn -0.584653735 -0.499650419 -0.6391629
vn -0.341647059 -0.462638676 -0.8180726
vn -0.803966641 -0.4341273 -0.406412423
vn 0.0849065557 0.724729061 0.683782637
vn -0.08424678 0.7362699 0.671423137
vn -0.953424454 -0.0485838726 -0.2976935
vn -0.938185036 -0.168869779 -0.3021456
vn -0.6190725 -0.408614546 -0.6706589
vn -0.7884705 -0.392933071 -0.473199517
vn -0.393005848 -0.630277038 -0.669550061
vn -0.549420536 -0.6932679 -0.4663869
vn -0.3012863 -0.5760733 -0.759846151
vn 0.320060819 0.25147897 0.913410842
vn 0.4263121 0.358639181 0.8304433
vn 0.677338839 0.252788574 0.690876245
vn -0.967007756 -0.129669547 -0.219275713
vn -0.9792423 -0.1751094 -0.102083653
vn -0.6807251 -0.3610371 -0.6373897
vn -0.7517249 -0.5600537 -0.3482089
vn 0.7969272 0.30013144 0.524240434
vn 0.7861086 0.382492363 0.485523075
vn 0.653441131 0.406904638 0.6383127
vn 0.729504466 0.298842251 0.615236938
vn 0.899351537 0.175410077 0.400497258
vn 0.697523832 0.411300927 0.5867641
vn 0.853963256 0.2015035 0.479732245
vn -0.253914684 -0.479395628 -0.8400637
vn 0.427153647 0.546442747 0.720375
vn 0.2574474 0.6746079 0.691827357
vn 0.554338157 0.424790382 0.715725
vn -0.9699805 -0.235785633 0.0595226362
vn -0.878786445 -0.374454737 -0.295834452
vn -0.9786348 -0.01335818 -0.205172
vn -0.2692865 -0.432818979 -0.8603211
vn 0.5323896 0.363726854 0.7643719
vn 0.419505656 0.391236573 0.819114745
vn 0.5612951 0.5404221 0.6268107
vn 0.6224215 0.6113433 0.488723576
vn -0.526851654 -0.7147538 -0.459950328
vn -0.52576524 -0.45241192 -0.7203432
vn -0.48964116 -0.456773281 -0.7427043
vn -0.522835 -0.7203931 -0.455716372
vn -0.366492361 -0.6395318 -0.675782859
vn 0.664346039 0.6439638 0.379413873
vn 0.628608942 0.543623269 0.5561695
vn 0.7191165 0.634419262 0.283520281
vn 0.543349147 0.760788 0.354927242
vn 0.6491543 0.7489342 0.1330277
vn 0.437739551 0.6188176 0.6522643
vn 0.0983609 0.8191828 0.565035045
vn 0.464180946 0.7376763 0.490275145
vn -0.5320196 -0.7959924 -0.288706183
vn -0.380333334 -0.9104818 -0.162386939
vn -0.696026444 -0.6275373 -0.348918527
vn -0.764503 -0.6405898 -0.07197274
vn -0.4545674 -0.660086155 -0.598042369
vn -0.776044965 -0.537381649 -0.3301141
vn -0.3710389 -0.7483895 -0.549766541
vn -0.535833 -0.6957325 -0.478371531
vn -0.5273631 -0.8408077 -0.12219125
vn 0.465834975 0.30665803 0.830035269
vn -0.9499928 -0.305477381 -0.06478771
vn -0.89375037 -0.446944356 -0.0380909033
vn 0.7557905 0.576598942 0.310345531
vn 0.6370983 0.414893031 0.6495918
vn 0.7308667 0.591590941 0.3403736
vn 0.7455104 0.209344134 -0.6327632
vn -0.0456303135 0.3358278 -0.9408175
vn 0.8799485 0.176354557 -0.4411234
vn 0.00127183227 0.61860764 -0.785699
vn -0.236832052 0.342556179 -0.909156561
vn 0.304731339 0.280026376 -0.910342753
vn 0.4186603 0.7685688 -0.483761847
vn -0.264429659 0.888861358 -0.374169081
vn -0.299222231 0.8526506 -0.428314239
vn -0.5474723 0.723232567 -0.4209615
vn 0.8093712 0.1599771 -0.565089047
vn 0.761680841 0.283426434 -0.5826764
vn 0.6478309 0.0373655632 -0.7608671
vn 0.857276857 0.247346461 0.4515485
vn 0.8877016 0.4109796 -0.207561582
vn -0.272754282 0.0117228506 -0.962012231
vn 0.05226054 -0.215774775 -0.975043535
vn 0.302217931 0.125386447 -0.9449565
vn 0.188899964 0.24710013 -0.95039916
vn 0.63637507 -0.335829318 -0.694438934
vn 0.831283 0.08224513 -0.549731135
vn 0.6625347 0.1632186 -0.731031835
vn 0.815413952 -0.34457314 -0.4651553
vn 0.444927961 0.207781553 -0.8711291
vn 0.5544278 0.414547145 -0.7216374
vn -0.726613641 -0.273598522 0.63021946
vn -0.692169547 -0.369320631 0.620083451
vn -0.6220542 -0.312325239 0.7179843
vn -0.6427242 -0.261337936 0.720144451
vn 0.4338636 0.8542676 -0.2863376
vn 0.7153025 0.559736848 -0.4183743
vn 0.1735507 0.05894921 -0.983059168
vn -0.6362744 -0.2564982 0.727573752
vn -0.6475074 -0.226072222 0.7277537
vn 0.9283812 0.213941053 -0.303870618
vn 0.951922834 0.141227186 -0.271841556
vn 0.5777729 0.5212049 -0.6281114
vn -0.0273521766 0.588753164 -0.80785
vn 0.521832645 0.20004499 -0.8292603
vn -0.8597622 -0.4180393 -0.2933466
vn -0.6041129 -0.455362737 0.653981864
vn -0.758345 -0.450816721 0.470826119
vn 0.974284768 0.198838428 -0.105983622
vn 0.9085322 -0.026253609 0.4169891
vn 0.838470638 0.364599943 0.405010641
vn 0.255458772 0.816747546 -0.5173627
vn 0.744630158 0.454936355 -0.488424927
vn 0.430515617 0.278227478 -0.8586301
vn 0.971580148 0.138300553 0.192106649
vn 0.5724207 0.135843247 -0.8086292
vn 0.695910454 0.6825142 -0.223345309
vn -0.477411717 0.0561012663 -0.876886964
vn 0.771926343 0.6172162 -0.1522292
vn 0.470740944 0.8497502 0.2373343
vn -0.656825662 -0.195401832 0.7282844
vn -0.6668949 -0.185420543 0.7217136
vn -0.621572554 -0.48344475 0.6163837
vn 0.649041235 0.621712267 -0.438428372
vn 0.553638041 -0.4785729 -0.681507766
vn 0.6196042 -0.3791784 -0.6872515
vn 0.7528827 -0.1319774 -0.6447866
vn 0.5070074 -0.0297977086 -0.8614265
vn 0.76092416 0.388527572 -0.519654453
vn 0.7407477 0.628159 0.2381371
vn -0.3094113 0.319786161 -0.8955453
vn -0.16033721 0.328987539 -0.930623
vn 0.00141111447 0.5223757 -0.852714241
vn -0.7038898 -0.706065953 0.07752351
vn -0.7713231 -0.636057258 -0.0221770275
vn -0.67978096 -0.72780937 0.0905050561
vn -0.709630132 -0.578438342 0.402286232
vn -0.709630132 -0.578438342 0.402286232
vn -0.709630132 -0.578438342 0.402286232
vn -0.6324918 -0.745771646 0.209233522
vn -0.489248484 -0.7633301 0.42185685
vn -0.4984356 -0.8467618 0.1858936
vn -0.5896478 -0.7942081 0.1467959
vn -0.414942235 -0.8939559 -0.16930975
vn -0.7421328 -0.5888171 0.3202081
vn -0.51932025 -0.6504197 0.5543109
vn -0.7546708 -0.650478065 0.0857332
vn -0.6115591 -0.492153734 0.6195
vn -0.03512357 -0.3279509 0.9440416
vn -0.7953191 -0.50886 0.329437315
vn 0.8460876 0.079281196 -0.527115047
vn 0.8641514 0.0686576143 -0.4985262
vn 0.5601639 0.498095185 -0.6619045
vn 0.6410145 0.167910486 -0.748936832
vn 0.6630716 0.268389434 -0.698787
vn 0.189829424 0.29270038 -0.937172
vn 0.752423644 0.414479434 -0.5119233
vn 0.854007542 0.416266382 -0.312079042
vn 0.956005156 0.186134771 -0.226733342
vn 0.9447988 -0.0286982469 -0.326391757
vn -0.4554476 -0.345928073 0.8203055
vn -0.311626017 -0.580720246 0.7520993
vn -0.1662899 -0.3629479 0.916851461
vn 0.811167538 0.190473929 -0.552925766
vn 0.5894104 0.609587848 -0.5300925
vn -0.688529551 -0.252120525 0.679972231
vn -0.74608314 -0.251579076 0.6164964
vn 0.722536862 0.47014752 -0.5068549
vn -0.341711223 -0.730801642 0.590899765
vn -0.5572912 -0.5067563 0.657742
vn -0.461287171 -0.661708 0.591064
vn -0.295464277 -0.788673937 0.5391607
vn 0.217379436 0.160074621 -0.96287185
vn -0.700779855 -0.373219967 0.6079594
vn -0.6836652 -0.377272457 0.6247139
vn 0.212506264 0.775412858 -0.5946225
vn 0.4735422 0.703326941 -0.5301783
vn -0.7049979 -0.303968459 0.6407662
vn 0.194585219 0.497891754 -0.845127463
vn 0.0127366828 0.7287753 -0.6846345
vn 0.7668449 0.505418062 -0.395602584
vn 0.3361948 0.6573011 -0.674483657
vn 0.5639239 0.5379105 -0.6266117
vn 0.747901142 0.4481488 -0.489700556
vn -0.5846518 -0.499647647 0.6391671
vn -0.8039656 -0.4341264 0.406415462
vn -0.341644764 -0.4626388 0.8180734
vn -0.08424679 0.73627007 -0.671423
vn 0.08490816 0.7247301 -0.6837814
vn -0.9534236 -0.04858743 0.2976951
vn -0.6190722 -0.4086159 0.6706584
vn -0.9381848 -0.168871179 0.3021454
vn -0.7884698 -0.3929354 0.47319892
vn -0.549421549 -0.6932701 0.466382444
vn -0.393007 -0.630278051 0.6695484
vn -0.3012887 -0.576074362 0.759844542
vn 0.320060521 0.25147897 -0.913410962
vn 0.6773381 0.252788365 -0.6908771
vn 0.426311672 0.35863772 -0.830444038
vn -0.967008 -0.129668847 0.219274938
vn -0.6807246 -0.361036628 0.6373904
vn -0.979242265 -0.175108925 0.102085337
vn -0.7517247 -0.560052156 0.348212063
vn 0.796926558 0.3001338 -0.524240136
vn 0.653441131 0.406904459 -0.6383128
vn 0.786107659 0.382493019 -0.485524267
vn 0.729504 0.29884088 -0.61523813
vn 0.697523952 0.411298454 -0.586765647
vn 0.899350941 0.175409555 -0.400498956
vn 0.853962958 0.201502219 -0.479733348
vn -0.253914237 -0.4793949 0.840064347
vn 0.257451177 0.6746092 -0.6918247
vn 0.427155465 0.5464431 -0.720373631
vn 0.55433923 0.4247886 -0.7157252
vn -0.9699808 -0.235785976 -0.0595177151
vn -0.8787861 -0.374454 0.29583627
vn -0.9786343 -0.0133593036 0.205174029
vn -0.2692863 -0.4328181 0.8603217
vn 0.5323905 0.363726139 -0.7643714
vn 0.6224223 0.611342847 -0.488723278
vn 0.561295152 0.5404215 -0.6268114
vn 0.4195045 0.3912337 -0.819116652
vn -0.526850939 -0.7147568 0.4599464
vn -0.522834539 -0.7203941 0.455715358
vn -0.489639431 -0.4567689 0.7427082
vn -0.5257635 -0.452406 0.720348239
vn -0.366489261 -0.6395324 0.675783932
vn 0.6643453 0.6439656 -0.379412442
vn 0.7191184 0.6344179 -0.2835185
vn 0.6286087 0.5436234 -0.5561697
vn 0.5433494 0.7607873 -0.354928166
vn 0.649154961 0.748933256 -0.13302955
vn 0.437739342 0.618818462 -0.6522637
vn 0.464180082 0.737677634 -0.490274042
vn 0.09836382 0.8191836 -0.565033436
vn -0.5320193 -0.795993 0.28870523
vn -0.380329877 -0.910485446 0.162374422
vn -0.764503539 -0.6405889 0.07197355
vn -0.6960269 -0.6275365 0.348919064
vn -0.4545687 -0.660085 0.5980427
vn -0.371039957 -0.748388946 0.5497666
vn -0.77604413 -0.5373819 0.330115438
vn -0.5358282 -0.695737064 0.4783704
vn -0.5273553 -0.840814531 0.122177243
vn 0.465834051 0.306656867 -0.830036163
vn -0.949992359 -0.305478454 0.064788
vn -0.893751264 -0.4469428 0.03809028
vn 0.755790532 0.5765991 -0.310344875
vn 0.6370979 0.4148957 -0.649590433
vn 0.73086524 0.5915926 -0.3403733
vn -0.7455125 0.209341884 0.6327616
vn -0.93852365 -0.345214754 -6.001936E-07
vn 0.04563168 0.335830331 0.9408165
vn -0.9297431 0.368208826 -7.253123E-07
vn -0.87995 0.176352173 0.4411211
vn -0.75912267 -0.6509476 -8.10547931E-07
vn -0.00126909988 0.618608654 0.7856982
vn 0.236830711 0.342555463 0.9091572
vn -0.304731458 0.280025631 0.910343
vn -0.418661922 0.7685683 0.483761221
vn 0.264432877 0.8888589 0.3741726
vn 0.299221 0.8526524 0.428311348
vn 0.547473669 0.7232315 0.4209617
vn -0.8093708 0.1599786 0.565089166
vn -0.7616802 0.283427715 0.582676649
vn -0.6478312 0.03736724 0.7608669
vn -0.857278049 0.247344851 -0.451547354
vn -0.972754 0.231839612 1.171274E-06
vn -0.7932027 0.608957767 7.053015E-07
vn -0.88770175 0.410978466 0.207562342
vn 0.272747427 0.0117272669 0.9620142
vn -0.052263245 -0.215769976 0.975044549
vn -0.302218974 0.125389785 0.944955647
vn -0.188901722 0.247099727 0.9503988
vn -0.63637197 -0.335833579 0.6944397
vn -0.965662539 0.2597994 -2.66685333E-06
vn -0.831283331 0.0822410062 0.549731135
vn -0.6625339 0.163214758 0.7310334
vn -0.81541276 -0.3445779 0.465153933
vn -0.44492358 0.207779646 0.871131837
vn -0.554426551 0.414546877 0.7216385
vn 0.726614058 -0.273599356 -0.630218565
vn 0.692171633 -0.369319767 -0.6200817
vn 0.62205416 -0.312326133 -0.717984
vn 0.6427241 -0.2613392 -0.7201442
vn -0.433862627 0.854267836 0.28633827
vn -0.715300858 0.559737563 0.4183762
vn -0.173547268 0.0589545481 0.983059466
vn -0.7562147 -0.6543235 1.9414947E-06
vn 0.6362752 -0.2564973 -0.727573454
vn 0.6475076 -0.2260717 -0.7277537
vn -0.9283813 0.213940546 0.303871036
vn -0.9519227 0.141225725 0.271842569
vn -0.577772439 0.5212045 0.628112137
vn 0.0273540765 0.588752151 0.807850659
vn -0.5218323 0.2000463 0.829260349
vn 0.859761357 -0.418040425 0.29334712
vn 0.6041117 -0.455364078 -0.653982162
vn 0.7583457 -0.4508166 -0.470825016
vn -0.9742846 0.198839292 0.105983458
vn -0.908533454 -0.02625298 -0.416986555
vn -0.838471 0.364600271 -0.4050099
vn -0.255461216 0.8167486 0.5173599
vn -0.808924139 -0.5879131 1.04630749E-06
vn -0.744632661 0.454936832 0.488420576
vn -0.7222291 -0.6916539 2.81220787E-06
vn -0.430514872 0.2782261 0.858631
vn -0.971580565 0.138299853 -0.19210501
vn -0.5724214 0.135840639 0.808629155
vn -0.6959133 0.6825126 0.2233412
vn 0.477411479 0.05610042 0.8768872
vn -0.7719274 0.617215037 0.152229413
vn -0.470742077 0.8497497 -0.2373338
vn 0.4431275 0.8964585 -1.64458106E-06
vn 0.7321346 0.6811601 -2.10994926E-06
vn 0.7055749 0.70863533 -1.56813883E-06
vn 0.08819572 0.996103168 -2.59138346E-06
vn 0.6568257 -0.195401087 -0.728284538
vn 0.6668945 -0.18542029 -0.721714
vn 0.6215729 -0.48344475 -0.616383255
vn -0.64904356 0.62171185 0.438425481
vn -0.5536399 -0.4785718 0.681507051
vn -0.6196046 -0.379182518 0.687248766
vn -0.7528832 -0.131977111 0.6447859
vn -0.5070066 -0.0297942758 0.861427069
vn 0.25805524 0.9661302 -2.32697357E-06
vn -0.760923743 0.38852644 0.5196559
vn -0.7043058 0.7098966 -2.4888177E-06
vn -0.7407451 0.6281616 -0.238137811
vn -0.9250266 -0.379902065 1.417367E-06
vn 0.3094104 0.319785476 0.8955459
vn 0.16033712 0.328986734 0.9306233
vn -0.4656957 0.884944856 -4.271793E-06
vn 0.264844477 0.964291155 -3.68383485E-06
vn -0.00140995113 0.522374749 0.8527149
vn 0.7038925 -0.706063867 -0.0775186047
vn 0.771325052 -0.6360548 0.0221813247
vn 0.630649149 -0.7760681 1.82175214E-07
vn 0.6797824 -0.7278084 -0.09050264
vn 0.709629 -0.5784375 -0.4022894
vn 0.709629 -0.5784375 -0.4022894
vn 0.709629 -0.5784375 -0.4022894
vn 0.632490337 -0.745772243 -0.209235713
vn 0.489246726 -0.7633306 -0.4218581
vn 0.4984385 -0.846762061 -0.185884461
vn 0.5896501 -0.7942078 -0.146788225
vn 0.41494602 -0.8939519 0.169321686
vn 0.688769341 -0.7249806 2.318661E-06
vn 0.742133439 -0.5888176 -0.320206
vn 0.519319355 -0.6504173 -0.5543147
vn 0.7546714 -0.6504771 -0.0857358
vn 0.6115583 -0.49215287 -0.6195014
vn 0.0351185873 -0.3279498 -0.944042146
vn 0.7953187 -0.5088591 -0.329439849
vn -0.8460884 0.07928062 0.5271138
vn -0.864152133 0.068656 0.498525351
vn -0.56016165 0.498098522 0.661903858
vn -0.6410142 0.167910814 0.7489371
vn -0.663070142 0.2683886 0.698788464
vn -0.189827085 0.292698324 0.937173069
vn -0.7524236 0.4144773 0.511925
vn -0.8540085 0.416264147 0.3120794
vn -0.956005454 0.186133638 0.22673285
vn -0.944798946 -0.0286982246 0.3263912
vn 0.455446154 -0.345930159 -0.8203055
vn 0.311623067 -0.5807232 -0.752098143
vn 0.166284412 -0.362950236 -0.916851461
vn -0.81116724 0.190477118 0.55292505
vn -0.589408 0.609592 0.530090451
vn 0.688530743 -0.252122462 -0.6799704
vn 0.746084034 -0.251580149 -0.6164949
vn -0.7225366 0.4701508 0.5068521
vn 0.3417063 -0.7308044 -0.590899169
vn 0.5572903 -0.506757259 -0.6577421
vn 0.461282134 -0.6617105 -0.5910651
vn 0.295449674 -0.7886797 -0.539160252
vn -0.217379838 0.160075158 0.9628718
vn 0.7007796 -0.373220026 -0.607959449
vn 0.6836645 -0.377272576 -0.6247145
vn -0.21249938 0.775416553 0.5946203
vn -0.47354117 0.7033279 0.5301779
vn 0.704998 -0.303968757 -0.640765846
vn -0.194580629 0.497895747 0.8451262
vn -0.0127279833 0.7287792 0.6846305
vn -0.7668468 0.5054167 0.395601
vn -0.336191952 0.6573008 0.674485564
vn -0.5639221 0.537910938 0.6266128
vn -0.747902453 0.448148042 0.489699155
vn 0.5846524 -0.499649167 -0.6391653
vn 0.80396533 -0.4341269 -0.406415433
vn 0.341646522 -0.462639183 -0.818072557
vn 0.0842477754 0.7362675 0.67142576
vn -0.0849017948 0.724729955 0.6837823
vn 0.9534243 -0.04858586 -0.29769364
vn 0.6190726 -0.40861553 -0.6706582
vn 0.9381852 -0.168870211 -0.302144527
vn 0.7884705 -0.39293468 -0.473198324
vn 0.5494217 -0.69327 -0.4663824
vn 0.3930068 -0.630278349 -0.669548154
vn 0.301287532 -0.576073766 -0.7598454
vn -0.320061147 0.251479626 0.9134106
vn -0.6773384 0.2527885 0.690876663
vn -0.426311523 0.3586394 0.830443442
vn 0.9670081 -0.129668638 -0.219274864
vn 0.6807254 -0.3610365 -0.6373896
vn 0.979241967 -0.17510958 -0.102087267
vn 0.7517246 -0.560052752 -0.348211139
vn -0.796926558 0.3001325 0.524240851
vn -0.6534413 0.406903327 0.6383135
vn -0.7861081 0.382490844 0.48552528
vn -0.7295033 0.2988416 0.615238667
vn -0.6975226 0.411299735 0.5867664
vn -0.8993506 0.17540957 0.400499731
vn -0.853963554 0.201500937 0.479733139
vn 0.25391534 -0.479394376 -0.840064347
vn -0.257443964 0.674611151 0.6918254
vn -0.427154332 0.546441257 0.7203757
vn -0.5543386 0.4247878 0.7157262
vn 0.9699808 -0.235786617 0.0595146455
vn 0.8787856 -0.374454677 -0.295836717
vn 0.9786348 -0.0133576021 -0.205172166
vn 0.269289 -0.432817817 -0.860321
vn -0.5323894 0.363724858 0.7643728
vn -0.622421861 0.6113442 0.488722056
vn -0.5612959 0.5404214 0.62681067
vn -0.4195055 0.391235143 0.8191154
vn 0.5268516 -0.714755654 -0.459947556
vn 0.5228362 -0.720392346 -0.4557162
vn 0.489643067 -0.456772327 -0.7427036
vn 0.525764942 -0.452411383 -0.7203438
vn 0.366493583 -0.6395312 -0.67578274
vn -0.6643477 0.643962741 0.37941283
vn -0.719116449 0.6344194 0.283519626
vn -0.6286093 0.54362303 0.5561694
vn -0.5433502 0.7607888 0.3549239
vn -0.6491538 0.7489356 0.133022144
vn -0.437737435 0.6188184 0.652265131
vn -0.46417892 0.7376777 0.490274966
vn -0.09835243 0.819184 0.565034866
vn 0.5320206 -0.795990169 -0.2887104
vn 0.380333662 -0.910482049 -0.162384585
vn 0.764503241 -0.640589237 -0.07197368
vn 0.6960265 -0.6275374 -0.3489182
vn 0.454565972 -0.6600874 -0.598041952
vn 0.371038079 -0.7483897 -0.549766958
vn 0.776044846 -0.537382066 -0.330113679
vn 0.5358314 -0.6957355 -0.478369057
vn 0.5273592 -0.8408109 -0.1221854
vn -0.465835452 0.306656569 0.8300355
vn 0.949993 -0.305476755 -0.06478624
vn 0.893751264 -0.446942836 -0.03808891
vn -0.7557906 0.576599658 0.31034407
vn -0.6370979 0.414892673 0.6495925
vn -0.7308668 0.591592133 0.3403708
vn -0.7455117 0.209343761 -0.632761836
vn 0.0456305444 0.335828036 -0.940817356
vn -0.8799491 0.1763533 -0.441122472
vn -0.0012696468 0.6186097 -0.7856975
vn -0.4186604 0.7685713 -0.4837577
vn -0.304731876 0.280026227 -0.9103427
vn 0.236830965 0.342556149 -0.909157
vn 0.264437377 0.888857245 -0.3741732
vn 0.5474734 0.723231256 -0.4209627
vn 0.299222022 0.8526515 -0.4283124
vn -0.809371 0.159977049 -0.5650894
vn -0.6478306 0.0373669937 -0.7608675
vn -0.7616802 0.283427626 -0.5826767
vn -0.857275963 0.247344509 0.451551378
vn -0.8877017 0.4109794 -0.207561076
vn 0.272754848 0.0117223933 -0.962012231
vn -0.188900888 0.247098789 -0.95039916
vn -0.302216947 0.125386536 -0.9449566
vn -0.0522591323 -0.215774491 -0.9750437
vn -0.6363715 -0.335832059 -0.694441
vn -0.8312832 0.08224238 -0.5497312
vn -0.815413356 -0.344575942 -0.4651542
vn -0.6625341 0.163217 -0.7310326
vn -0.554427 0.414547026 -0.7216381
vn -0.444927454 0.20778209 -0.8711292
vn 0.7266139 -0.273598224 0.6302191
vn 0.642723143 -0.261339575 0.7201449
vn 0.6220537 -0.312325954 0.7179845
vn 0.6921709 -0.369319856 0.620082438
vn -0.7153006 0.5597382 -0.4183757
vn -0.433861017 0.854269266 -0.286336631
vn -0.17354992 0.0589513555 -0.9830591
vn 0.6362742 -0.256498873 0.7275737
vn 0.6475079 -0.226071984 0.727753341
vn -0.951922834 0.141225636 -0.271842152
vn -0.928381264 0.213939443 -0.3038719
vn -0.5777708 0.5212064 -0.6281121
vn -0.521831 0.20004791 -0.8292606
vn 0.02735477 0.588752747 -0.8078502
vn 0.859762251 -0.418040067 -0.293345124
vn 0.7583454 -0.450816274 0.4708258
vn 0.6041125 -0.455363125 0.6539821
vn -0.9742849 0.19883801 -0.105982661
vn -0.83847 0.364599347 0.4050128
vn -0.9085321 -0.0262533575 0.416989475
vn -0.255461842 0.816747963 -0.5173606
vn -0.744631 0.454936266 -0.488423675
vn -0.430516064 0.278226823 -0.85863024
vn -0.9715811 0.138299465 0.192103043
vn -0.5724204 0.135841534 -0.808629632
vn -0.6959121 0.682513 -0.2233434
vn 0.477412015 0.0561013259 -0.876886666
vn -0.470738918 0.8497493 0.237341478
vn -0.7719272 0.6172161 -0.15222612
vn 0.656826 -0.195401967 0.7282841
vn 0.6668952 -0.185420617 0.7217132
vn 0.6215734 -0.4834444 0.616383135
vn -0.649041831 0.621711433 -0.438428551
vn -0.5536388 -0.478573 -0.6815071
vn -0.507006943 -0.0297978 -0.86142683
vn -0.752882838 -0.131977871 -0.64478606
vn -0.6196044 -0.3791793 -0.6872506
vn -0.7609236 0.388527542 -0.5196552
vn -0.740743637 0.6281633 0.238137886
vn 0.160336718 0.328988016 -0.9306229
vn 0.309410959 0.319786668 -0.8955453
vn -0.0014119324 0.5223726 -0.852716148
vn 0.703892 -0.7060643 0.07751991
vn 0.7713239 -0.6360562 -0.0221790727
vn 0.6797834 -0.727807641 0.0905014053
vn 0.709630251 -0.578438461 0.4022857
vn 0.709630251 -0.578438461 0.4022857
vn 0.709630251 -0.578438461 0.4022857
vn 0.6324928 -0.74577105 0.209232748
vn 0.48924762 -0.7633295 0.421858817
vn 0.498439 -0.846762061 0.185883224
vn 0.589650333 -0.794207633 0.146788359
vn 0.414945662 -0.8939512 -0.169326469
vn 0.7421322 -0.58881706 0.32020995
vn 0.5193161 -0.65041995 0.5543146
vn 0.035121087 -0.327950627 0.9440418
vn 0.6115583 -0.492154658 0.6194999
vn 0.754671 -0.650478065 0.08573315
vn 0.795321167 -0.5088604 0.329431951
vn -0.8460883 0.0792801455 -0.527114
vn -0.64101404 0.16791 -0.748937368
vn -0.5601622 0.4980982 -0.661903739
vn -0.864151537 0.0686572 -0.498526
vn -0.6630724 0.2683882 -0.6987866
vn -0.752423 0.414479226 -0.511924446
vn -0.189828008 0.292700231 -0.9371723
vn -0.9560049 0.186134666 -0.226734132
vn -0.854005635 0.4162676 -0.312082976
vn -0.944799066 -0.0286991727 -0.326391071
vn 0.455446362 -0.345928073 0.820306361
vn 0.166287944 -0.362948179 0.91685164
vn 0.3116244 -0.5807217 0.7520988
vn -0.8111673 0.19047755 -0.552924931
vn -0.5894085 0.609591544 -0.5300904
vn 0.6885299 -0.2521189 0.6799725
vn 0.7460835 -0.2515796 0.616495848
vn -0.7225373 0.470150024 -0.5068518
vn 0.341709256 -0.7308032 0.5908989
vn 0.295454264 -0.7886779 0.5391604
vn 0.461284548 -0.66170913 0.5910647
vn 0.5572911 -0.5067569 0.657741666
vn -0.217374921 0.160074741 -0.9628728
vn 0.68366456 -0.377272785 0.6247143
vn 0.7007795 -0.373221129 0.607959
vn -0.212500349 0.775416732 -0.5946196
vn -0.473542124 0.703327358 -0.5301779
vn 0.704998255 -0.303968549 0.640765667
vn -0.194582343 0.49789235 -0.8451278
vn -0.0127316685 0.7287782 -0.6846315
vn -0.766845465 0.505418062 -0.3956017
vn -0.747900844 0.448149651 -0.489700019
vn -0.5639239 0.5379104 -0.626611769
vn -0.336196274 0.65730083 -0.6744833
vn 0.584652841 -0.499647915 0.639165759
vn 0.341644675 -0.462638855 0.818073452
vn 0.803965151 -0.434126943 0.406415761
vn -0.0849095955 0.724728763 -0.6837826
vn 0.08424627 0.7362706 -0.6714225
vn 0.953424335 -0.04858588 0.2976934
vn 0.938185453 -0.168870643 0.302143931
vn 0.61907196 -0.4086164 0.6706583
vn 0.788470268 -0.392935276 0.473198
vn 0.3930058 -0.6302796 0.669547737
vn 0.54942137 -0.6932709 0.4663814
vn 0.301285684 -0.576075256 0.759844959
vn -0.3200604 0.2514784 -0.9134112
vn -0.426312059 0.358637184 -0.8304442
vn -0.677338243 0.252787769 -0.6908772
vn 0.967008352 -0.129668236 0.21927394
vn 0.9792424 -0.175109 0.102083884
vn 0.6807248 -0.361037225 0.63739
vn 0.751724064 -0.560052335 0.348212928
vn -0.796926737 0.3001334 -0.5242402
vn -0.786108553 0.382492244 -0.485523462
vn -0.653441668 0.406903625 -0.638313055
vn -0.7295038 0.298841178 -0.6152382
vn -0.899350941 0.1754096 -0.4004988
vn -0.6975251 0.4112983 -0.5867644
vn -0.8539632 0.201502085 -0.479732931
vn 0.253913254 -0.479395539 0.840064347
vn -0.427154928 0.5464426 -0.7203742
vn -0.2574498 0.6746085 -0.691825747
vn -0.554338455 0.424786747 -0.7157269
vn 0.9699806 -0.235786512 -0.0595188029
vn 0.878784657 -0.374454081 0.295840621
vn 0.9786347 -0.0133578815 0.205172062
vn 0.269286364 -0.432818979 0.8603212
vn 0.489640951 -0.456772327 0.7427051
vn -0.543349564 0.760788 -0.354926467
vn -0.09835142 0.819184065 -0.565034866
vn 0.532020152 -0.795992434 0.288705021
vn 0.454568833 -0.66008544 0.5980422
vn -0.1326103 -0.184000045 -0.973939657
vn -0.6212544 -0.24594371 -0.7440126
vn -0.6079066 -0.07731785 -0.7902351
vn -0.5060326 -0.07667856 0.8590991
vn -0.9824814 0.06425731 0.17493239
vn -0.457163453 -0.448625743 0.767943
vn -0.09840943 -0.9487373 0.3003551
vn -0.230593935 -0.596215844 0.768994868
vn -0.8490956 -0.367373526 0.379570127
vn -0.184660435 -0.78589195 0.590147734
vn -0.9477071 0.274495572 0.162798777
vn 0.2042131 -0.9139483 -0.350707263
vn 0.424733162 -0.881690443 -0.205483675
vn 0.397735924 -0.901951134 -0.168197185
vn 0.0582002737 -0.919357359 -0.389094681
vn 0.434292942 -0.89476186 0.103879288
vn 0.316340923 -0.905491233 0.282867342
vn -0.7013574 0.16717267 -0.692929447
vn -0.9589945 0.005933877 -0.283362716
vn -0.977665544 -0.036023438 -0.207056358
vn -0.7252588 -0.06032188 -0.6858286
vn -0.473121136 0.229972854 -0.850452244
vn -0.567902744 0.0301358327 -0.82254374
vn 0.044209905 -0.9924976 -0.113990523
vn 0.592918336 -0.699610651 -0.398739129
vn 0.820826 -0.528723061 -0.216093957
vn -0.0133125763 -0.974167168 -0.225435287
vn -0.4656535 0.347224236 -0.8140037
vn 0.1560477 -0.0138520487 -0.9876524
vn -0.25688082 0.234774381 -0.9374931
vn -0.834476 0.176843151 -0.5218968
vn -0.9231992 0.21282436 -0.320014566
vn 0.161906913 -0.100068659 -0.981719136
vn 0.6354127 0.210674286 -0.7428776
vn 0.932947159 0.13857837 -0.332273245
vn 0.308971345 0.0789165646 -0.947791636
vn 0.997548342 0.0437235273 -0.0546399765
vn 0.855331659 0.3226109 0.4053763
vn 0.9792531 0.19805263 -0.0428792872
vn 0.9809077 0.150084957 0.1236716
vn 0.8860228 0.0883740038 -0.455141276
vn -0.381735951 -0.09308896 0.919571638
vn 0.4657963 0.151243031 0.8718711
vn 0.73959583 -0.0477625877 0.671354234
vn -0.73608005 0.08728926 0.6712427
vn -0.793407261 -0.541587949 -0.277826369
vn -0.5113009 -0.730166435 -0.453241974
vn 0.113099486 0.353874326 0.928429544
vn -0.0387683176 -0.214906 -0.975864947
vn -0.188796237 -0.5220072 0.83178395
vn 0.660881937 -0.00864252448 0.750440061
vn 0.8001269 -0.3209202 0.5067615
vn 0.9081138 -0.03981075 0.416826546
vn -0.0541894175 -0.610072136 0.7904906
vn -0.987415731 0.122701176 0.09977325
vn -0.997247159 0.0357431732 -0.0649648756
vn 0.479989767 0.176875725 -0.859258354
vn 0.9965187 0.007903975 -0.08299442
vn 0.5058853 -0.06629852 -0.8600491
vn 0.982337058 0.14549455 -0.117665611
vn -0.6205363 0.0307069924 -0.7835762
vn -0.7330377 0.1718618 -0.658117831
vn -0.9423494 0.125813842 -0.310078442
vn -0.909368753 0.189127624 -0.370511949
vn -0.5657889 -0.107966542 0.8174509
vn -0.8230184 -0.187914982 0.536030531
vn -0.315918356 -0.254217565 0.914094746
vn -0.841885567 -0.11543414 0.5271658
vn 0.6703662 -0.0341996253 0.7412418
vn 0.6138532 -0.227511615 0.755925059
vn -0.233233616 -0.926758051 0.2944856
vn -0.4818192 -0.8724571 -0.081663914
vn -0.312941045 -0.9228632 -0.224480212
vn -0.3762498 -0.879196346 0.292318046
vn -0.110321052 -0.9130048 -0.392748773
vn -0.2172622 -0.901402235 -0.374527752
vn 0.583750665 -0.508877039 0.632676363
vn -0.137571082 -0.230351478 0.963334
vn 0.425307542 0.0310305282 0.9045168
vn -0.12227463 -0.434483171 0.8923415
vn 0.6385587 -0.5354096 -0.5527924
vn 0.200001881 -0.396469235 -0.895997465
vn 0.528619766 -0.294060737 -0.796297252
vn 0.009556526 -0.5831248 -0.8123263
vn 0.81893 -0.5329294 0.2129319
vn 0.8289203 -0.382443756 0.4082008
vn 0.933462143 -0.270497382 0.235541329
vn 0.116112225 -0.109820373 -0.9871461
vn 0.08332003 -0.111674428 -0.99024564
vn 0.781913 -0.236679778 0.576710343
vn 0.386250675 -0.12395218 -0.9140275
vn 0.08398948 -0.1541829 -0.9844661
vn 0.410190046 -0.182870328 0.8934778
vn -0.130970165 -0.212122932 0.968426943
vn 0.8536595 -0.272886038 -0.4436201
vn 0.865032554 -0.289396 0.409839928
vn 0.1129822 0.5520167 -0.8261432
vn 0.0490704328 0.4778492 -0.877070248
vn 0.171900988 0.4320485 -0.885315835
vn 0.08881341 0.114928387 -0.9893957
vn 0.07504448 0.5624067 -0.823448241
vn 0.8483725 -0.4652347 0.25262785
vn -0.07230451 0.295628428 0.9525628
vn 0.263456881 0.386129439 0.8840217
vn 0.04698109 0.791884959 -0.6088604
vn 0.190283209 0.742673755 -0.6420499
vn 0.398182452 0.785539567 -0.473685861
vn 0.06461893 0.6921651 -0.718840659
vn 0.186707154 0.8527468 -0.487815
vn 0.207835853 0.8449644 -0.4927875
vn 0.3563936 0.311395228 0.880918
vn 0.758667 -0.437066019 -0.4831125
vn 0.7661628 -0.259304643 -0.5880099
vn 0.9698587 -0.1777558 -0.166664
vn 0.243581891 0.8874028 0.391387433
vn 0.8628542 0.500588059 -0.06995995
vn 0.1751814 0.976453543 0.1258969
vn -0.231653288 -0.3123644 -0.9212845
vn 0.8628542 0.500588059 -0.06995995
vn 0.3673943 0.3443603 0.863966167
vn 0.188987091 0.810326338 0.5546667
vn 0.02740262 0.985659957 0.166503519
vn 0.283842623 0.613494933 -0.7369243
vn 0.43676722 0.8930351 -0.108271115
vn 0.300637484 0.9462646 -0.119165674
vn 0.521541 0.372846931 -0.767450452
vn 0.911876261 0.394886047 0.112012655
vn 0.09391205 0.893583 0.4389647
vn 0.320894569 0.7455074 0.5841621
vn -0.6501184 -0.5824898 -0.487905473
vn -0.6334319 -0.393240929 -0.666427433
vn -0.6049205 -0.437523335 -0.6653154
vn -0.7456657 -0.5289079 -0.405264169
vn 0.006677453 0.171042055 0.985241055
vn 0.488823652 0.1923582 0.85091114
vn 0.435572743 -0.368257 0.8213789
vn 0.937576652 0.177423269 0.299117267
vn -0.2922558 -0.4851296 0.824157655
vn -0.7871504 -0.616730154 0.00617502071
vn -0.5615514 -0.75955534 0.328230977
vn -0.02877723 -0.0569634326 -0.9979614
vn -0.125558734 0.106107816 -0.9863955
vn 0.553255 0.255196482 -0.792958736
vn -0.678613245 -0.4026573 -0.6142892
vn -0.777955 -0.5650779 -0.2747235
vn -0.406664371 -0.5958231 0.692545235
vn 0.382731169 -0.00117301673 0.92385906
vn 0.109886587 0.104752451 -0.988408744
vn 0.676138163 0.08881488 -0.731402159
vn 0.720604956 0.00585804554 -0.6933211
vn 0.924294353 0.3816744 -0.002105242
vn 0.867283762 0.437743366 0.237064868
vn 0.4831557 0.2262107 -0.845806837
vn -0.904918849 -0.302669317 -0.2991876
vn -0.72528106 -0.0288148783 -0.687849641
vn -0.6353631 -0.354257375 -0.686159849
vn -0.9636502 0.16045019 -0.21362114
vn 0.195284069 0.696888745 0.6900798
vn 0.111612238 0.5499164 0.82772857
vn -0.531609952 0.7068525 0.466637373
vn -0.667571962 0.2802935 0.6897704
vn 0.292969316 -0.16621086 -0.941564
vn 0.243581787 0.1542631 -0.957533658
vn 0.9465465 -0.240047067 -0.215469643
vn 0.791964948 -0.17914179 -0.583695
vn 0.881728649 -0.429678738 -0.194758356
vn 0.902285457 -0.326829135 0.281182468
vn 0.82793957 -0.07200539 0.556175351
vn 0.351656944 -0.216794908 -0.910679638
vn 0.8628542 0.500588059 -0.06995995
vn -0.0162027124 0.344317853 0.9387133
vn 0.08427646 -0.257963449 -0.962472
vn 0.871067047 0.396324247 0.290119678
vn 0.750908 -0.171687648 -0.637699366
vn -0.618646145 -0.535594761 -0.574817538
vn 0.402992666 -0.291287482 -0.8676108
vn -0.132829711 -0.0288686268 0.9907183
vn -0.6768728 -0.207497284 0.706249237
vn -0.383721918 0.0286067557 0.9230054
vn -0.489870042 0.0862514451 -0.867518246
vn -0.9781266 -0.198394716 -0.0625136
vn -0.994929969 0.00559078855 -0.10041371
vn -0.5019443 -0.0223171748 -0.864612
vn 0.424850762 -0.0438816249 -0.904199243
vn 0.632800639 0.187230378 -0.7513376
vn 0.978168368 0.0622425079 -0.198274314
vn 0.9445378 0.198081225 -0.2619391
vn 0.3058617 -0.414537 0.8570925
vn 0.7502249 -0.431459546 0.5010043
vn 0.81771183 -0.269947261 0.5084052
vn 0.0818202645 -0.5394813 0.838012755
vn -0.9591788 0.03833919 0.280189663
vn -0.621483445 -0.375280231 0.687693954
vn -0.5481887 -0.443835676 0.7088717
vn 0.283429623 -0.2600336 0.9230656
vn 0.2705997 -0.219910622 0.937238038
vn 0.373251349 0.0245546959 0.9274053
vn -0.09596611 -0.316271454 0.9438023
vn 0.9825591 -0.18577753 -0.008017811
vn 0.519817948 -0.172149554 -0.836751938
vn -0.405447453 -0.220348477 -0.8871634
vn -0.9748627 0.003510752 -0.22277914
vn -0.752545059 -0.3465165 0.5600019
vn -0.08935643 -0.375751555 0.922402561
vn 0.5413668 -0.292467833 0.7882795
vn -0.94401896 -0.07142544 0.3220662
vn -0.247237772 0.2109279 0.9457182
vn -0.515907943 -0.00190287677 0.8566419
vn 0.718592644 0.323265433 -0.615730464
vn 0.974691153 0.0569976456 -0.216167539
vn 0.7798113 0.00902053 -0.6259496
vn 0.9843807 0.05247954 -0.168049023
vn -0.7471994 -0.1761167 0.6408402
vn -0.6235728 0.343291253 -0.702359
vn -0.9235835 -0.159828991 0.348494351
vn -0.914094269 -0.349983931 0.204799846
vn -0.6381011 -0.0359219 0.769114256
vn -0.8950382 -0.19029209 0.4033554
vn -0.9000193 0.234129667 0.367625624
vn -0.976282537 0.16338551 -0.142047942
vn 0.9016745 -0.188543618 0.389145553
vn 0.355559081 -0.251670837 0.900133133
vn -0.469153136 0.325435221 -0.8209673
vn -0.983089447 0.147461787 -0.108582109
vn 0.740163743 0.304491669 -0.5995352
vn 0.9112405 0.270957142 -0.310198158
vn 0.5541613 -0.248432115 0.7944727
vn 0.835183859 -0.196761876 0.5135686
vn -0.6818283 -0.183651581 0.708083451
vn -0.1816761 -0.83587116 -0.5179895
vn -0.406286985 -0.8336206 -0.374176025
vn -0.03216121 -0.8315864 -0.5544633
vn -0.383336276 -0.8585602 -0.3404816
vn 0.247859061 -0.9611328 0.121612161
vn 0.5015113 -0.833266735 -0.232707724
vn 0.389850646 -0.9114762 0.131253764
vn 0.3361592 -0.859146833 -0.385828435
vn 0.136226147 -0.8216809 -0.5534283
vn 0.242576912 -0.811787 -0.5311857
vn -0.419626325 -0.904675961 -0.0739933252
vn -0.3017704 -0.947808146 0.102929324
vn -0.760411143 -0.460055828 0.4583924
vn -0.604186833 0.0226719789 0.7965201
vn -0.7285302 -0.36961472 -0.5767395
vn -0.420137525 -0.21667099 -0.881214
vn -0.3906921 -0.3051136 -0.8684845
vn -0.824842036 -0.390379161 -0.408949584
vn -0.9322468 -0.3611455 -0.0221316479
vn -0.9720462 -0.234710857 0.006083033
vn -0.958074033 -0.235033512 0.1638697
vn -0.08431139 -0.06880319 -0.9940613
vn -0.923418164 -0.1316143 0.3605226
vn -0.238633052 -0.0698308647 -0.968595862
vn -0.725575745 -0.253956348 -0.639567
vn -0.130655363 0.55958885 -0.818406641
vn 0.03276623 0.5002714 -0.8652485
vn -0.119809896 0.4334879 -0.893159449
vn -0.9639655 -0.261157274 0.0506692342
vn -0.2691045 0.384927034 0.882844269
vn -0.117642127 0.7582237 -0.6412934
vn -0.3486344 0.828808665 -0.4376417
vn -0.191289 0.8518868 -0.487542272
vn -0.2193546 0.8411687 -0.494286031
vn -0.409362167 0.2672871 0.8723419
vn -0.838843465 0.5355105 -0.0978271
vn -0.226076558 0.9001969 0.372202754
vn -0.1911863 0.974833548 0.114662029
vn -0.838843465 0.5355105 -0.0978271
vn -0.371333122 0.369729072 0.8517114
vn -0.9411136 0.321013272 0.106093049
vn -0.186255515 0.815175056 0.548451
vn -0.06714807 0.9828952 0.171487972
vn -0.2531905 0.6104131 -0.7505268
vn -0.341793567 0.931460261 -0.124735549
vn -0.478465945 0.8683873 -0.130283982
vn -0.9453492 0.32453683 0.0314757749
vn -0.156143725 0.886091769 0.436417967
vn -0.393206239 0.72634387 0.5637495
vn 0.7873304 -0.48170495 -0.384800255
vn 0.771486342 -0.278823435 -0.5718972
vn 0.860495567 -0.4299481 -0.2732982
vn 0.7541004 -0.3113863 -0.578248441
vn -0.08685091 0.1698262 0.9816395
vn -0.5572367 0.159186453 0.8149522
vn 0.287691623 -0.55590266 0.7798755
vn 0.8272983 -0.5560326 0.0800335556
vn 0.6327186 -0.69059664 0.350347549
vn 0.229153931 0.1795565 -0.95668596
vn 0.8064371 -0.295053065 -0.5124479
vn 0.884409964 -0.442886382 -0.147209212
vn 0.425567478 -0.5380462 0.727598
vn 0.0125292288 0.135975167 -0.990632951
vn -0.9578018 0.252966136 -0.1364689
vn -0.386679679 0.1688666 -0.906621754
vn 0.813385248 0.07367993 -0.5770405
vn 0.9494158 0.303344876 -0.08118808
vn -0.3771202 0.667149067 0.6424114
vn -0.2954118 0.527722061 0.7963927
vn 0.358391225 0.7859236 0.503864944
vn 0.5214989 0.365093768 0.7711975
vn -0.126793683 0.130556449 -0.983299732
vn -0.827199936 -0.326145649 -0.457568944
vn -0.8108334 -0.3832564 -0.4423387
vn -0.6777936 -0.153770417 -0.7189927
vn -0.9319156 -0.350284249 0.09399134
vn -0.234592065 -0.112504631 -0.9655616
vn -0.838843465 0.5355105 -0.0978271
usemtl KimChmp101_part_0_material_0
f 1/1/1 3/3/3 2/2/2
f 3/3/3 1/1/1 4/4/4
f 5/5/5 6/6/6 1/1/1
f 6/6/6 5/5/5 7/7/7
f 8/8/8 10/10/10 9/9/9
f 10/10/10 8/8/8 5/5/5
f 1/1/1 12/12/12 11/11/11
f 12/12/12 1/1/1 2/2/2
f 5/5/5 14/14/14 13/13/13
f 14/14/14 5/5/5 1/1/1
f 15/15/15 10/10/10 5/5/5
f 10/10/10 15/15/15 16/16/16
f 17/17/17 19/19/19 18/18/18
f 19/19/19 17/17/17 20/20/20
f 21/21/21 23/23/23 22/22/22
f 23/23/23 21/21/21 17/17/17
f 24/24/24 25/25/25 21/21/21
f 25/25/25 24/24/24 26/26/26
f 17/17/17 27/27/27 20/20/20
f 27/27/27 17/17/17 28/28/28
f 21/21/21 29/29/29 17/17/17
f 29/29/29 21/21/21 30/30/30
f 31/31/31 25/25/25 32/32/32
f 25/25/25 31/31/31 21/21/21
f 33/33/33 35/35/35 34/34/34
f 35/35/35 33/33/33 36/36/36
f 37/37/37 39/39/39 38/38/38
f 40/40/40 42/42/42 41/41/41
f 43/43/43 45/45/45 44/44/44
f 39/39/39 47/47/47 46/46/46
f 47/47/47 39/39/39 48/48/48
f 34/34/34 50/50/50 49/49/49
f 50/50/50 34/34/34 35/35/35
f 51/51/51 52/52/52 37/37/37
f 52/52/52 51/51/51 53/53/53
f 54/54/54 56/56/56 55/55/55
f 57/57/57 59/59/59 58/58/58
f 59/59/59 57/57/57 54/54/54
f 47/47/47 60/60/60 46/46/46
f 38/38/38 46/46/46 61/61/61
f 46/46/46 38/38/38 39/39/39
f 62/62/62 64/64/64 63/63/63
f 64/64/64 62/62/62 65/65/65
f 66/66/66 42/42/42 67/67/67
f 42/42/42 66/66/66 68/68/68
f 69/69/69 58/58/58 59/59/59
f 58/58/58 69/69/69 70/70/70
f 45/45/45 71/71/71 60/60/60
f 71/71/71 45/45/45 72/72/72
f 64/64/64 74/74/74 73/73/73
f 75/75/75 77/77/77 76/76/76
f 78/78/78 75/75/75 76/76/76
f 60/60/60 79/79/79 45/45/45
f 79/79/79 60/60/60 47/47/47
f 45/45/45 43/43/43 72/72/72
f 48/48/48 39/39/39 80/80/80
f 77/77/77 80/80/80 76/76/76
f 81/81/81 45/45/45 79/79/79
f 77/77/77 48/48/48 80/80/80
f 53/53/53 82/82/82 52/52/52
f 82/82/82 53/53/53 83/83/83
f 80/80/80 84/84/84 76/76/76
f 39/39/39 84/84/84 80/80/80
f 84/84/84 39/39/39 37/37/37
f 76/76/76 84/84/84 78/78/78
f 85/85/85 68/68/68 86/86/86
f 68/68/68 85/85/85 87/87/87
f 88/88/88 90/90/90 89/89/89
f 91/91/91 68/68/68 66/66/66
f 68/68/68 91/91/91 86/86/86
f 92/92/92 47/47/47 88/88/88
f 47/47/47 92/92/92 79/79/79
f 46/46/46 71/71/71 61/61/61
f 71/71/71 46/46/46 60/60/60
f 93/93/93 82/82/82 54/54/54
f 38/38/38 51/51/51 37/37/37
f 51/51/51 38/38/38 94/94/94
f 66/66/66 90/90/90 88/88/88
f 48/48/48 88/88/88 47/47/47
f 88/88/88 48/48/48 77/77/77
f 79/79/79 96/96/96 95/95/95
f 96/96/96 79/79/79 92/92/92
f 95/95/95 98/98/98 97/97/97
f 98/98/98 95/95/95 96/96/96
f 99/99/99 70/70/70 69/69/69
f 54/54/54 83/83/83 56/56/56
f 83/83/83 54/54/54 82/82/82
f 100/100/100 102/102/102 101/101/101
f 103/103/103 105/105/105 104/104/104
f 106/106/106 108/108/108 107/107/107
f 109/109/109 111/111/111 110/110/110
f 112/112/112 114/114/114 113/113/113
f 115/115/115 117/117/117 116/116/116
f 118/118/118 119/119/119 94/94/94
f 119/119/119 118/118/118 120/120/120
f 121/121/121 123/123/123 122/122/122
f 118/118/118 124/124/124 120/120/120
f 124/124/124 118/118/118 125/125/125
f 126/126/126 128/128/128 127/127/127
f 121/121/121 59/59/59 55/55/55
f 129/129/129 131/131/131 130/130/130
f 131/131/131 129/129/129 132/132/132
f 133/133/133 135/135/135 134/134/134
f 135/135/135 133/133/133 136/136/136
f 123/123/123 137/137/137 122/122/122
f 137/137/137 123/123/123 136/136/136
f 130/130/130 134/134/134 138/138/138
f 134/134/134 130/130/130 131/131/131
f 105/105/105 140/140/140 139/139/139
f 140/140/140 105/105/105 141/141/141
f 112/112/112 143/143/143 142/142/142
f 143/143/143 112/112/112 113/113/113
f 130/130/130 142/142/142 143/143/143
f 142/142/142 130/130/130 138/138/138
f 144/144/144 133/133/133 145/145/145
f 133/133/133 144/144/144 136/136/136
f 115/115/115 146/146/146 117/117/117
f 146/146/146 115/115/115 147/147/147
f 138/138/138 123/123/123 121/121/121
f 148/148/148 111/111/111 149/149/149
f 111/111/111 148/148/148 110/110/110
f 150/150/150 111/111/111 109/109/109
f 111/111/111 150/150/150 151/151/151
f 114/114/114 119/119/119 152/152/152
f 103/103/103 141/141/141 105/105/105
f 153/153/153 128/128/128 126/126/126
f 152/152/152 155/155/155 154/154/154
f 155/155/155 152/152/152 156/156/156
f 151/151/151 149/149/149 111/111/111
f 149/149/149 151/151/151 157/157/157
f 51/51/51 112/112/112 53/53/53
f 112/112/112 51/51/51 114/114/114
f 121/121/121 55/55/55 56/56/56
f 122/122/122 59/59/59 121/121/121
f 59/59/59 122/122/122 158/158/158
f 155/155/155 156/156/156 159/159/159
f 119/119/119 156/156/156 152/152/152
f 156/156/156 119/119/119 160/160/160
f 161/161/161 136/136/136 144/144/144
f 136/136/136 161/161/161 137/137/137
f 131/131/131 105/105/105 139/139/139
f 105/105/105 131/131/131 104/104/104
f 69/69/69 158/158/158 162/162/162
f 158/158/158 69/69/69 59/59/59
f 126/126/126 164/164/164 163/163/163
f 164/164/164 126/126/126 159/159/159
f 136/136/136 123/123/123 135/135/135
f 130/130/130 165/165/165 129/129/129
f 143/143/143 165/165/165 130/130/130
f 159/159/159 166/166/166 155/155/155
f 166/166/166 159/159/159 126/126/126
f 126/126/126 163/163/163 153/153/153
f 154/154/154 167/167/167 152/152/152
f 129/129/129 165/165/165 167/167/167
f 127/127/127 166/166/166 126/126/126
f 129/129/129 167/167/167 154/154/154
f 53/53/53 142/142/142 83/83/83
f 142/142/142 53/53/53 112/112/112
f 167/167/167 165/165/165 113/113/113
f 152/152/152 113/113/113 114/114/114
f 113/113/113 152/152/152 167/167/167
f 165/165/165 143/143/143 113/113/113
f 145/145/145 139/139/139 140/140/140
f 139/139/139 145/145/145 133/133/133
f 132/132/132 106/106/106 107/107/107
f 134/134/134 139/139/139 133/133/133
f 139/139/139 134/134/134 131/131/131
f 168/168/168 155/155/155 166/166/166
f 155/155/155 168/168/168 132/132/132
f 156/156/156 164/164/164 159/159/159
f 164/164/164 156/156/156 160/160/160
f 138/138/138 121/121/121 142/142/142
f 119/119/119 51/51/51 94/94/94
f 51/51/51 119/119/119 114/114/114
f 131/131/131 132/132/132 107/107/107
f 154/154/154 132/132/132 129/129/129
f 132/132/132 154/154/154 155/155/155
f 166/166/166 169/169/169 168/168/168
f 169/169/169 166/166/166 170/170/170
f 170/170/170 171/171/171 169/169/169
f 171/171/171 170/170/170 172/172/172
f 99/99/99 69/69/69 162/162/162
f 121/121/121 83/83/83 142/142/142
f 83/83/83 121/121/121 56/56/56
f 147/147/147 115/115/115 173/173/173
f 40/40/40 67/67/67 42/42/42
f 89/89/89 90/90/90 174/174/174
f 36/36/36 175/175/175 35/35/35
f 52/52/52 84/84/84 37/37/37
f 101/101/101 177/177/177 176/176/176
f 118/118/118 38/38/38 178/178/178
f 38/38/38 118/118/118 94/94/94
f 54/54/54 57/57/57 73/73/73
f 118/118/118 179/179/179 125/125/125
f 179/179/179 118/118/118 178/178/178
f 45/45/45 81/81/81 44/44/44
f 54/54/54 55/55/55 59/59/59
f 77/77/77 66/66/66 88/88/88
f 66/66/66 77/77/77 75/75/75
f 86/86/86 74/74/74 64/64/64
f 74/74/74 86/86/86 91/91/91
f 73/73/73 63/63/63 64/64/64
f 63/63/63 73/73/73 57/57/57
f 75/75/75 91/91/91 66/66/66
f 91/91/91 75/75/75 93/93/93
f 42/42/42 87/87/87 41/41/41
f 87/87/87 42/42/42 68/68/68
f 52/52/52 78/78/78 84/84/84
f 78/78/78 52/52/52 82/82/82
f 75/75/75 82/82/82 93/93/93
f 82/82/82 75/75/75 78/78/78
f 65/65/65 86/86/86 64/64/64
f 86/86/86 65/65/65 85/85/85
f 101/101/101 180/180/180 100/100/100
f 180/180/180 101/101/101 176/176/176
f 93/93/93 54/54/54 73/73/73
f 181/181/181 35/35/35 175/175/175
f 35/35/35 181/181/181 50/50/50
f 182/182/182 184/184/184 183/183/183
f 184/184/184 182/182/182 185/185/185
f 185/185/185 186/186/186 184/184/184
f 186/186/186 187/187/187 184/184/184
f 187/187/187 186/186/186 188/188/188
f 188/188/188 189/189/189 187/187/187
f 189/189/189 188/188/188 190/190/190
f 191/191/191 192/192/192 183/183/183
f 183/183/183 192/192/192 182/182/182
f 193/193/193 184/184/184 194/194/194
f 184/184/184 193/193/193 183/183/183
f 194/194/194 184/184/184 195/195/195
f 195/195/195 187/187/187 196/196/196
f 187/187/187 195/195/195 184/184/184
f 196/196/196 189/189/189 197/197/197
f 189/189/189 196/196/196 187/187/187
f 191/191/191 183/183/183 198/198/198
f 183/183/183 193/193/193 198/198/198
f 199/199/199 201/201/201 200/200/200
f 201/201/201 199/199/199 202/202/202
f 200/200/200 201/201/201 203/203/203
f 203/203/203 205/205/205 204/204/204
f 205/205/205 203/203/203 201/201/201
f 204/204/204 207/207/207 206/206/206
f 207/207/207 204/204/204 205/205/205
f 208/208/208 202/202/202 209/209/209
f 202/202/202 199/199/199 209/209/209
f 210/210/210 201/201/201 202/202/202
f 201/201/201 210/210/210 211/211/211
f 211/211/211 212/212/212 201/201/201
f 212/212/212 205/205/205 201/201/201
f 205/205/205 212/212/212 213/213/213
f 213/213/213 207/207/207 205/205/205
f 207/207/207 213/213/213 214/214/214
f 208/208/208 215/215/215 202/202/202
f 202/202/202 215/215/215 210/210/210
f 216/216/216 218/218/218 217/217/217
f 218/218/218 216/216/216 219/219/219
f 220/220/220 222/222/222 221/221/221
f 222/222/222 220/220/220 223/223/223
f 223/223/223 224/224/224 222/222/222
f 224/224/224 223/223/223 225/225/225
f 226/226/226 219/219/219 216/216/216
f 218/218/218 228/228/228 227/227/227
f 228/228/228 218/218/218 219/219/219
f 227/227/227 224/224/224 225/225/225
f 224/224/224 227/227/227 228/228/228
f 229/229/229 231/231/231 230/230/230
f 231/231/231 229/229/229 232/232/232
f 233/233/233 235/235/235 234/234/234
f 235/235/235 233/233/233 236/236/236
f 234/234/234 238/238/238 237/237/237
f 238/238/238 234/234/234 235/235/235
f 229/229/229 230/230/230 239/239/239
f 231/231/231 240/240/240 230/230/230
f 240/240/240 231/231/231 241/241/241
f 241/241/241 238/238/238 240/240/240
f 238/238/238 241/241/241 237/237/237
f 242/242/242 244/244/244 243/243/243
f 244/244/244 242/242/242 245/245/245
f 246/246/246 248/248/248 247/247/247
f 248/248/248 246/246/246 249/249/249
f 250/250/250 249/249/249 246/246/246
f 249/249/249 250/250/250 251/251/251
f 245/245/245 252/252/252 244/244/244
f 253/253/253 242/242/242 254/254/254
f 242/242/242 253/253/253 245/245/245
f 250/250/250 254/254/254 251/251/251
f 254/254/254 250/250/250 253/253/253
f 255/255/255 257/257/257 256/256/256
f 257/257/257 255/255/255 258/258/258
f 259/259/259 261/261/261 260/260/260
f 261/261/261 259/259/259 262/262/262
f 263/263/263 260/260/260 264/264/264
f 260/260/260 263/263/263 259/259/259
f 256/256/256 257/257/257 265/265/265
f 266/266/266 255/255/255 256/256/256
f 255/255/255 266/266/266 267/267/267
f 263/263/263 267/267/267 266/266/266
f 267/267/267 263/263/263 264/264/264
f 268/268/268 270/270/270 269/269/269
f 270/270/270 268/268/268 271/271/271
f 272/272/272 274/274/274 273/273/273
f 274/274/274 272/272/272 275/275/275
f 276/276/276 278/278/278 277/277/277
f 278/278/278 276/276/276 279/279/279
f 270/270/270 280/280/280 269/269/269
f 280/280/280 270/270/270 281/281/281
f 277/277/277 275/275/275 272/272/272
f 275/275/275 277/277/277 278/278/278
f 270/270/270 274/274/274 281/281/281
f 274/274/274 270/270/270 273/273/273
f 271/271/271 273/273/273 270/270/270
f 273/273/273 271/271/271 282/282/282
f 277/277/277 283/283/283 276/276/276
f 283/283/283 277/277/277 284/284/284
f 285/285/285 277/277/277 272/272/272
f 277/277/277 285/285/285 284/284/284
f 272/272/272 282/282/282 285/285/285
f 282/282/282 272/272/272 273/273/273
f 268/268/268 287/287/287 286/286/286
f 287/287/287 268/268/268 269/269/269
f 288/288/288 290/290/290 289/289/289
f 290/290/290 288/288/288 291/291/291
f 276/276/276 292/292/292 279/279/279
f 292/292/292 276/276/276 293/293/293
f 287/287/287 280/280/280 294/294/294
f 280/280/280 287/287/287 269/269/269
f 293/293/293 289/289/289 292/292/292
f 289/289/289 293/293/293 288/288/288
f 287/287/287 290/290/290 291/291/291
f 290/290/290 287/287/287 294/294/294
f 286/286/286 291/291/291 295/295/295
f 291/291/291 286/286/286 287/287/287
f 293/293/293 283/283/283 296/296/296
f 283/283/283 293/293/293 276/276/276
f 297/297/297 293/293/293 296/296/296
f 293/293/293 297/297/297 288/288/288
f 288/288/288 295/295/295 291/291/291
f 295/295/295 288/288/288 297/297/297
f 298/298/298 300/300/300 299/299/299
f 300/300/300 298/298/298 301/301/301
f 300/300/300 303/303/303 302/302/302
f 303/303/303 300/300/300 301/301/301
f 304/304/304 306/306/306 305/305/305
f 306/306/306 304/304/304 307/307/307
f 308/308/308 310/310/310 309/309/309
f 310/310/310 308/308/308 311/311/311
f 312/312/312 310/310/310 313/313/313
f 310/310/310 312/312/312 309/309/309
f 312/312/312 306/306/306 307/307/307
f 306/306/306 312/312/312 313/313/313
f 314/314/314 311/311/311 308/308/308
f 311/311/311 314/314/314 315/315/315
f 304/304/304 317/317/317 316/316/316
f 317/317/317 304/304/304 305/305/305
f 318/318/318 320/320/320 319/319/319
f 320/320/320 318/318/318 321/321/321
f 322/322/322 320/320/320 321/321/321
f 320/320/320 322/322/322 323/323/323
f 322/322/322 317/317/317 323/323/323
f 317/317/317 322/322/322 316/316/316
f 314/314/314 319/319/319 315/315/315
f 319/319/319 314/314/314 318/318/318
f 324/324/324 326/326/326 325/325/325
f 326/326/326 324/324/324 327/327/327
f 326/326/326 329/329/329 328/328/328
f 329/329/329 326/326/326 327/327/327
f 328/328/328 331/331/331 330/330/330
f 331/331/331 328/328/328 329/329/329
f 330/330/330 333/333/333 332/332/332
f 333/333/333 330/330/330 331/331/331
f 332/332/332 335/335/335 334/334/334
f 335/335/335 332/332/332 333/333/333
f 335/335/335 336/336/336 334/334/334
f 336/336/336 335/335/335 337/337/337
f 338/338/338 340/340/340 339/339/339
f 340/340/340 338/338/338 341/341/341
f 340/340/340 343/343/343 342/342/342
f 343/343/343 340/340/340 341/341/341
f 342/342/342 345/345/345 344/344/344
f 345/345/345 342/342/342 343/343/343
f 344/344/344 347/347/347 346/346/346
f 347/347/347 344/344/344 345/345/345
f 346/346/346 349/349/349 348/348/348
f 349/349/349 346/346/346 347/347/347
f 349/349/349 350/350/350 348/348/348
f 350/350/350 349/349/349 351/351/351
f 352/352/352 354/354/354 353/353/353
f 354/354/354 352/352/352 355/355/355
f 354/354/354 356/356/356 353/353/353
f 356/356/356 354/354/354 357/357/357
f 357/357/357 358/358/358 356/356/356
f 358/358/358 357/357/357 359/359/359
f 359/359/359 360/360/360 358/358/358
f 360/360/360 359/359/359 361/361/361
f 361/361/361 362/362/362 360/360/360
f 362/362/362 361/361/361 363/363/363
f 362/362/362 365/365/365 364/364/364
f 365/365/365 362/362/362 363/363/363
f 366/366/366 368/368/368 367/367/367
f 368/368/368 366/366/366 369/369/369
f 368/368/368 370/370/370 367/367/367
f 370/370/370 368/368/368 371/371/371
f 371/371/371 372/372/372 370/370/370
f 372/372/372 371/371/371 373/373/373
f 373/373/373 299/299/299 372/372/372
f 299/299/299 373/373/373 298/298/298
f 374/374/374 376/376/376 375/375/375
f 376/376/376 374/374/374 377/377/377
f 378/378/378 380/380/380 379/379/379
f 381/381/381 383/383/383 382/382/382
f 384/384/384 386/386/386 385/385/385
f 386/386/386 384/384/384 387/387/387
f 388/388/388 390/390/390 389/389/389
f 391/391/391 393/393/393 392/392/392
f 393/393/393 391/391/391 394/394/394
f 385/385/385 392/392/392 384/384/384
f 392/392/392 385/385/385 391/391/391
f 395/395/395 374/374/374 396/396/396
f 397/397/397 387/387/387 398/398/398
f 387/387/387 397/397/397 386/386/386
f 399/399/399 401/401/401 400/400/400
f 402/402/402 404/404/404 403/403/403
f 405/405/405 407/407/407 406/406/406
f 407/407/407 405/405/405 408/408/408
f 375/375/375 410/410/410 409/409/409
f 410/410/410 375/375/375 376/376/376
f 388/388/388 408/408/408 405/405/405
f 408/408/408 388/388/388 389/389/389
f 411/411/411 377/377/377 374/374/374
f 377/377/377 411/411/411 412/412/412
f 413/413/413 407/407/407 408/408/408
f 407/407/407 413/413/413 414/414/414
f 374/374/374 416/416/416 415/415/415
f 416/416/416 374/374/374 395/395/395
f 396/396/396 408/408/408 389/389/389
f 408/408/408 396/396/396 413/413/413
f 395/395/395 396/396/396 417/417/417
f 396/396/396 389/389/389 417/417/417
f 418/418/418 420/420/420 419/419/419
f 396/396/396 375/375/375 413/413/413
f 375/375/375 396/396/396 374/374/374
f 389/389/389 390/390/390 417/417/417
f 406/406/406 392/392/392 393/393/393
f 392/392/392 406/406/406 407/407/407
f 409/409/409 398/398/398 387/387/387
f 398/398/398 409/409/409 410/410/410
f 421/421/421 423/423/423 422/422/422
f 400/400/400 403/403/403 404/404/404
f 414/414/414 387/387/387 424/424/424
f 387/387/387 414/414/414 409/409/409
f 414/414/414 392/392/392 407/407/407
f 392/392/392 414/414/414 424/424/424
f 413/413/413 409/409/409 414/414/414
f 409/409/409 413/413/413 375/375/375
f 411/411/411 374/374/374 415/415/415
f 425/425/425 426/426/426 382/382/382
f 392/392/392 424/424/424 384/384/384
f 384/384/384 424/424/424 387/387/387
f 403/403/403 400/400/400 427/427/427
f 418/418/418 397/397/397 398/398/398
f 403/403/403 429/429/429 428/428/428
f 402/402/402 430/430/430 404/404/404
f 429/429/429 431/431/431 376/376/376
f 428/428/428 433/433/433 432/432/432
f 401/401/401 427/427/427 400/400/400
f 434/434/434 435/435/435 401/401/401
f 403/403/403 428/428/428 432/432/432
f 402/402/402 403/403/403 432/432/432
f 400/400/400 436/436/436 399/399/399
f 437/437/437 377/377/377 412/412/412
f 438/438/438 440/440/440 439/439/439
f 441/441/441 443/443/443 442/442/442
f 431/431/431 429/429/429 444/444/444
f 436/436/436 400/400/400 404/404/404
f 425/425/425 382/382/382 445/445/445
f 440/440/440 438/438/438 434/434/434
f 433/433/433 428/428/428 446/446/446
f 419/419/419 420/420/420 434/434/434
f 435/435/435 434/434/434 420/420/420
f 418/418/418 435/435/435 420/420/420
f 398/398/398 444/444/444 418/418/418
f 444/444/444 398/398/398 431/431/431
f 447/447/447 434/434/434 401/401/401
f 434/434/434 447/447/447 440/440/440
f 397/397/397 418/418/418 448/448/448
f 427/427/427 444/444/444 429/429/429
f 444/444/444 427/427/427 435/435/435
f 401/401/401 399/399/399 447/447/447
f 377/377/377 437/437/437 428/428/428
f 427/427/427 401/401/401 435/435/435
f 434/434/434 449/449/449 419/419/419
f 449/449/449 434/434/434 438/438/438
f 446/446/446 428/428/428 437/437/437
f 383/383/383 445/445/445 382/382/382
f 435/435/435 418/418/418 444/444/444
f 429/429/429 403/403/403 427/427/427
f 428/428/428 376/376/376 377/377/377
f 376/376/376 428/428/428 429/429/429
f 450/450/450 422/422/422 423/423/423
f 422/422/422 450/450/450 451/451/451
f 419/419/419 448/448/448 418/418/418
f 448/448/448 419/419/419 449/449/449
f 404/404/404 430/430/430 436/436/436
f 452/452/452 454/454/454 453/453/453
f 454/454/454 452/452/452 455/455/455
f 378/378/378 379/379/379 456/456/456
f 457/457/457 441/441/441 442/442/442
f 458/458/458 460/460/460 459/459/459
f 460/460/460 458/458/458 461/461/461
f 462/462/462 464/464/464 463/463/463
f 465/465/465 467/467/467 466/466/466
f 467/467/467 465/465/465 468/468/468
f 466/466/466 459/459/459 460/460/460
f 459/459/459 466/466/466 467/467/467
f 454/454/454 470/470/470 469/469/469
f 461/461/461 472/472/472 471/471/471
f 472/472/472 461/461/461 458/458/458
f 473/473/473 475/475/475 474/474/474
f 476/476/476 478/478/478 477/477/477
f 479/479/479 481/481/481 480/480/480
f 481/481/481 479/479/479 482/482/482
f 483/483/483 453/453/453 484/484/484
f 453/453/453 483/483/483 452/452/452
f 482/482/482 464/464/464 481/481/481
f 464/464/464 482/482/482 463/463/463
f 455/455/455 485/485/485 454/454/454
f 485/485/485 455/455/455 486/486/486
f 479/479/479 487/487/487 482/482/482
f 487/487/487 479/479/479 488/488/488
f 489/489/489 454/454/454 490/490/490
f 454/454/454 489/489/489 470/470/470
f 482/482/482 469/469/469 463/463/463
f 469/469/469 482/482/482 487/487/487
f 469/469/469 470/470/470 491/491/491
f 463/463/463 469/469/469 491/491/491
f 492/492/492 494/494/494 493/493/493
f 453/453/453 469/469/469 487/487/487
f 469/469/469 453/453/453 454/454/454
f 462/462/462 463/463/463 491/491/491
f 466/466/466 480/480/480 465/465/465
f 480/480/480 466/466/466 479/479/479
f 471/471/471 484/484/484 461/461/461
f 484/484/484 471/471/471 483/483/483
f 495/495/495 496/496/496 441/441/441
f 477/477/477 474/474/474 476/476/476
f 461/461/461 488/488/488 497/497/497
f 488/488/488 461/461/461 484/484/484
f 466/466/466 488/488/488 479/479/479
f 488/488/488 466/466/466 497/497/497
f 484/484/484 487/487/487 488/488/488
f 487/487/487 484/484/484 453/453/453
f 454/454/454 485/485/485 490/490/490
f 441/441/441 457/457/457 495/495/495
f 497/497/497 466/466/466 460/460/460
f 497/497/497 460/460/460 461/461/461
f 474/474/474 477/477/477 498/498/498
f 472/472/472 494/494/494 471/471/471
f 499/499/499 477/477/477 500/500/500
f 501/501/501 478/478/478 476/476/476
f 502/502/502 499/499/499 452/452/452
f 503/503/503 500/500/500 504/504/504
f 498/498/498 473/473/473 474/474/474
f 505/505/505 506/506/506 473/473/473
f 500/500/500 477/477/477 504/504/504
f 477/477/477 478/478/478 504/504/504
f 507/507/507 474/474/474 475/475/475
f 455/455/455 508/508/508 486/486/486
f 509/509/509 511/511/511 510/510/510
f 441/441/441 513/513/513 512/512/512
f 499/499/499 502/502/502 514/514/514
f 474/474/474 507/507/507 476/476/476
f 515/515/515 426/426/426 422/422/422
f 511/511/511 509/509/509 506/506/506
f 500/500/500 503/503/503 516/516/516
f 492/492/492 493/493/493 506/506/506
f 506/506/506 505/505/505 492/492/492
f 505/505/505 494/494/494 492/492/492
f 514/514/514 471/471/471 494/494/494
f 471/471/471 514/514/514 502/502/502
f 506/506/506 517/517/517 473/473/473
f 517/517/517 506/506/506 509/509/509
f 494/494/494 472/472/472 518/518/518
f 514/514/514 498/498/498 499/499/499
f 498/498/498 514/514/514 505/505/505
f 475/475/475 473/473/473 517/517/517
f 508/508/508 455/455/455 500/500/500
f 473/473/473 498/498/498 505/505/505
f 519/519/519 506/506/506 493/493/493
f 506/506/506 519/519/519 511/511/511
f 500/500/500 516/516/516 508/508/508
f 422/422/422 520/520/520 515/515/515
f 494/494/494 505/505/505 514/514/514
f 477/477/477 499/499/499 498/498/498
f 452/452/452 500/500/500 455/455/455
f 500/500/500 452/452/452 499/499/499
f 513/513/513 441/441/441 521/521/521
f 380/380/380 378/378/378 522/522/522
f 518/518/518 493/493/493 494/494/494
f 493/493/493 518/518/518 519/519/519
f 501/501/501 476/476/476 507/507/507
f 523/523/523 525/525/525 524/524/524
f 525/525/525 523/523/523 526/526/526
f 527/527/527 529/529/529 528/528/528
f 529/529/529 527/527/527 530/530/530
f 531/531/531 533/533/533 532/532/532
f 533/533/533 531/531/531 534/534/534
f 535/535/535 537/537/537 536/536/536
f 538/538/538 525/525/525 533/533/533
f 525/525/525 538/538/538 524/524/524
f 528/528/528 529/529/529 539/539/539
f 533/533/533 525/525/525 532/532/532
f 540/540/540 534/534/534 531/531/531
f 534/534/534 540/540/540 541/541/541
f 542/542/542 544/544/544 543/543/543
f 544/544/544 542/542/542 545/545/545
f 526/526/526 532/532/532 525/525/525
f 532/532/532 526/526/526 546/546/546
f 544/544/544 547/547/547 543/543/543
f 541/541/541 548/548/548 534/534/534
f 548/548/548 541/541/541 549/549/549
f 550/550/550 551/551/551 544/544/544
f 523/523/523 552/552/552 526/526/526
f 553/553/553 543/543/543 529/529/529
f 543/543/543 553/553/553 542/542/542
f 530/530/530 553/553/553 529/529/529
f 554/554/554 536/536/536 555/555/555
f 536/536/536 554/554/554 556/556/556
f 534/534/534 538/538/538 533/533/533
f 538/538/538 534/534/534 548/548/548
f 544/544/544 557/557/557 537/537/537
f 557/557/557 544/544/544 551/551/551
f 554/554/554 559/559/559 558/558/558
f 537/537/537 557/557/557 555/555/555
f 550/550/550 545/545/545 560/560/560
f 545/545/545 550/550/550 544/544/544
f 558/558/558 556/556/556 554/554/554
f 540/540/540 556/556/556 558/558/558
f 556/556/556 540/540/540 531/531/531
f 555/555/555 536/536/536 537/537/537
f 532/532/532 535/535/535 536/536/536
f 535/535/535 532/532/532 546/546/546
f 543/543/543 539/539/539 529/529/529
f 539/539/539 543/543/543 547/547/547
f 531/531/531 536/536/536 556/556/556
f 536/536/536 531/531/531 532/532/532
f 535/535/535 544/544/544 537/537/537
f 544/544/544 535/535/535 547/547/547
f 552/552/552 528/528/528 526/526/526
f 528/528/528 552/552/552 527/527/527
f 526/526/526 539/539/539 546/546/546
f 539/539/539 526/526/526 528/528/528
f 546/546/546 547/547/547 535/535/535
f 547/547/547 546/546/546 539/539/539
f 561/561/561 563/563/563 562/562/562
f 563/563/563 561/561/561 564/564/564
f 565/565/565 567/567/567 566/566/566
f 567/567/567 565/565/565 568/568/568
f 569/569/569 571/571/571 570/570/570
f 571/571/571 569/569/569 572/572/572
f 573/573/573 575/575/575 574/574/574
f 576/576/576 563/563/563 564/564/564
f 563/563/563 576/576/576 571/571/571
f 568/568/568 577/577/577 567/567/567
f 571/571/571 572/572/572 563/563/563
f 578/578/578 570/570/570 579/579/579
f 570/570/570 578/578/578 569/569/569
f 580/580/580 582/582/582 581/581/581
f 582/582/582 580/580/580 583/583/583
f 562/562/562 572/572/572 584/584/584
f 572/572/572 562/562/562 563/563/563
f 582/582/582 583/583/583 585/585/585
f 579/579/579 587/587/587 586/586/586
f 587/587/587 579/579/579 570/570/570
f 588/588/588 582/582/582 589/589/589
f 561/561/561 562/562/562 590/590/590
f 591/591/591 583/583/583 580/580/580
f 583/583/583 591/591/591 567/567/567
f 566/566/566 567/567/567 591/591/591
f 592/592/592 575/575/575 593/593/593
f 575/575/575 592/592/592 594/594/594
f 570/570/570 576/576/576 587/587/587
f 576/576/576 570/570/570 571/571/571
f 582/582/582 595/595/595 589/589/589
f 595/595/595 582/582/582 574/574/574
f 592/592/592 597/597/597 596/596/596
f 574/574/574 594/594/594 595/595/595
f 588/588/588 581/581/581 582/582/582
f 581/581/581 588/588/588 598/598/598
f 597/597/597 592/592/592 593/593/593
f 578/578/578 593/593/593 569/569/569
f 593/593/593 578/578/578 597/597/597
f 594/594/594 574/574/574 575/575/575
f 572/572/572 573/573/573 584/584/584
f 573/573/573 572/572/572 575/575/575
f 583/583/583 577/577/577 585/585/585
f 577/577/577 583/583/583 567/567/567
f 569/569/569 575/575/575 572/572/572
f 575/575/575 569/569/569 593/593/593
f 573/573/573 582/582/582 585/585/585
f 582/582/582 573/573/573 574/574/574
f 590/590/590 568/568/568 565/565/565
f 568/568/568 590/590/590 562/562/562
f 562/562/562 577/577/577 568/568/568
f 577/577/577 562/562/562 584/584/584
f 584/584/584 585/585/585 577/577/577
f 585/585/585 584/584/584 573/573/573
f 599/599/599 601/601/601 600/600/600
f 601/601/601 599/599/599 602/602/602
f 603/603/603 605/605/605 604/604/604
f 605/605/605 603/603/603 606/606/606
f 607/607/607 609/609/609 608/608/608
f 609/609/609 607/607/607 610/610/610
f 611/611/611 613/613/613 612/612/612
f 613/613/613 611/611/611 614/614/614
f 615/615/615 617/617/617 616/616/616
f 618/618/618 620/620/620 619/619/619
f 620/620/620 618/618/618 621/621/621
f 622/622/622 616/616/616 623/623/623
f 616/616/616 622/622/622 615/615/615
f 614/614/614 624/624/624 618/618/618
f 614/614/614 625/625/625 624/624/624
f 625/625/625 614/614/614 611/611/611
f 626/626/626 628/628/628 627/627/627
f 628/628/628 626/626/626 629/629/629
f 630/630/630 632/632/632 631/631/631
f 632/632/632 630/630/630 633/633/633
f 634/634/634 625/625/625 635/635/635
f 629/629/629 636/636/636 628/628/628
f 613/613/613 637/637/637 612/612/612
f 637/637/637 613/613/613 638/638/638
f 613/613/613 614/614/614 639/639/639
f 602/602/602 639/639/639 601/601/601
f 639/639/639 602/602/602 640/640/640
f 641/641/641 606/606/606 603/603/603
f 606/606/606 641/641/641 642/642/642
f 643/643/643 645/645/645 644/644/644
f 646/646/646 635/635/635 647/647/647
f 635/635/635 646/646/646 634/634/634
f 648/648/648 650/650/650 649/649/649
f 622/622/622 651/651/651 615/615/615
f 651/651/651 622/622/622 652/652/652
f 653/653/653 613/613/613 639/639/639
f 613/613/613 653/653/653 638/638/638
f 654/654/654 656/656/656 655/655/655
f 657/657/657 635/635/635 658/658/658
f 635/635/635 657/657/657 659/659/659
f 625/625/625 658/658/658 635/635/635
f 658/658/658 625/625/625 651/651/651
f 660/660/660 603/603/603 604/604/604
f 603/603/603 660/660/660 661/661/661
f 605/605/605 606/606/606 642/642/642
f 625/625/625 634/634/634 624/624/624
f 611/611/611 617/617/617 615/615/615
f 617/617/617 611/611/611 662/662/662
f 661/661/661 641/641/641 603/603/603
f 641/641/641 661/661/661 663/663/663
f 611/611/611 615/615/615 625/625/625
f 664/664/664 666/666/666 665/665/665
f 667/667/667 669/669/669 668/668/668
f 634/634/634 621/621/621 624/624/624
f 615/615/615 651/651/651 625/625/625
f 624/624/624 621/621/621 618/618/618
f 670/670/670 672/672/672 671/671/671
f 672/672/672 670/670/670 673/673/673
f 670/670/670 675/675/675 674/674/674
f 675/675/675 670/670/670 671/671/671
f 676/676/676 678/678/678 677/677/677
f 678/678/678 676/676/676 679/679/679
f 617/617/617 680/680/680 616/616/616
f 680/680/680 617/617/617 649/649/649
f 681/681/681 662/662/662 682/682/682
f 649/649/649 662/662/662 681/681/681
f 649/649/649 617/617/617 662/662/662
f 612/612/612 683/683/683 611/611/611
f 683/683/683 612/612/612 684/684/684
f 644/644/644 618/618/618 685/685/685
f 618/618/618 644/644/644 614/614/614
f 686/686/686 630/630/630 631/631/631
f 687/687/687 623/623/623 616/616/616
f 659/659/659 647/647/647 635/635/635
f 688/688/688 676/676/676 677/677/677
f 666/666/666 664/664/664 689/689/689
f 690/690/690 678/678/678 679/679/679
f 651/651/651 657/657/657 658/658/658
f 657/657/657 651/651/651 652/652/652
f 676/676/676 688/688/688 691/691/691
f 692/692/692 694/694/694 693/693/693
f 695/695/695 696/696/696 667/667/667
f 697/697/697 627/627/627 620/620/620
f 627/627/627 697/697/697 626/626/626
f 620/620/620 628/628/628 619/619/619
f 628/628/628 620/620/620 627/627/627
f 698/698/698 619/619/619 699/699/699
f 619/619/619 698/698/698 685/685/685
f 619/619/619 700/700/700 699/699/699
f 700/700/700 619/619/619 628/628/628
f 634/634/634 646/646/646 621/621/621
f 701/701/701 679/679/679 685/685/685
f 679/679/679 701/701/701 690/690/690
f 644/644/644 639/639/639 614/614/614
f 639/639/639 644/644/644 601/601/601
f 685/685/685 676/676/676 702/702/702
f 676/676/676 685/685/685 679/679/679
f 645/645/645 601/601/601 644/644/644
f 601/601/601 645/645/645 600/600/600
f 680/680/680 687/687/687 616/616/616
f 687/687/687 680/680/680 703/703/703
f 702/702/702 691/691/691 704/704/704
f 691/691/691 702/702/702 676/676/676
f 698/698/698 701/701/701 685/685/685
f 644/644/644 685/685/685 702/702/702
f 643/643/643 702/702/702 704/704/704
f 702/702/702 643/643/643 644/644/644
f 640/640/640 653/653/653 639/639/639
f 705/705/705 655/655/655 706/706/706
f 655/655/655 705/705/705 654/654/654
f 649/649/649 703/703/703 680/680/680
f 703/703/703 649/649/649 707/707/707
f 628/628/628 636/636/636 700/700/700
f 621/621/621 697/697/697 620/620/620
f 685/685/685 618/618/618 619/619/619
f 667/667/667 708/708/708 669/669/669
f 673/673/673 709/709/709 672/672/672
f 710/710/710 712/712/712 711/711/711
f 713/713/713 684/684/684 612/612/612
f 713/713/713 612/612/612 637/637/637
f 712/712/712 637/637/637 711/711/711
f 637/637/637 712/712/712 713/713/713
f 648/648/648 714/714/714 650/650/650
f 714/714/714 683/683/683 684/684/684
f 714/714/714 682/682/682 683/683/683
f 714/714/714 681/681/681 682/682/682
f 715/715/715 717/717/717 716/716/716
f 718/718/718 717/717/717 715/715/715
f 717/717/717 718/718/718 719/719/719
f 720/720/720 722/722/722 721/721/721
f 722/722/722 720/720/720 723/723/723
f 724/724/724 605/605/605 725/725/725
f 605/605/605 724/724/724 604/604/604
f 726/726/726 609/609/609 610/610/610
f 609/609/609 726/726/726 727/727/727
f 728/728/728 730/730/730 729/729/729
f 730/730/730 728/728/728 731/731/731
f 732/732/732 734/734/734 733/733/733
f 735/735/735 736/736/736 621/621/621
f 736/736/736 735/735/735 737/737/737
f 622/622/622 734/734/734 732/732/732
f 734/734/734 622/622/622 623/623/623
f 729/729/729 735/735/735 738/738/738
f 729/729/729 739/739/739 728/728/728
f 739/739/739 729/729/729 738/738/738
f 626/626/626 740/740/740 629/629/629
f 740/740/740 626/626/626 741/741/741
f 742/742/742 632/632/632 743/743/743
f 632/632/632 742/742/742 631/631/631
f 744/744/744 745/745/745 739/739/739
f 629/629/629 740/740/740 636/636/636
f 730/730/730 666/666/666 746/746/746
f 666/666/666 730/730/730 731/731/731
f 730/730/730 747/747/747 729/729/729
f 721/721/721 747/747/747 748/748/748
f 747/747/747 721/721/721 722/722/722
f 749/749/749 725/725/725 642/642/642
f 725/725/725 749/749/749 724/724/724
f 643/643/643 750/750/750 645/645/645
f 646/646/646 745/745/745 744/744/744
f 745/745/745 646/646/646 647/647/647
f 696/696/696 695/695/695 751/751/751
f 622/622/622 752/752/752 652/652/652
f 752/752/752 622/622/622 732/732/732
f 753/753/753 730/730/730 746/746/746
f 730/730/730 753/753/753 747/747/747
f 754/754/754 756/756/756 755/755/755
f 657/657/657 745/745/745 659/659/659
f 745/745/745 657/657/657 757/757/757
f 739/739/739 757/757/757 752/752/752
f 757/757/757 739/739/739 745/745/745
f 660/660/660 724/724/724 758/758/758
f 724/724/724 660/660/660 604/604/604
f 605/605/605 642/642/642 725/725/725
f 739/739/739 738/738/738 744/744/744
f 728/728/728 733/733/733 759/759/759
f 733/733/733 728/728/728 732/732/732
f 758/758/758 749/749/749 760/760/760
f 749/749/749 758/758/758 724/724/724
f 728/728/728 739/739/739 732/732/732
f 667/667/667 761/761/761 708/708/708
f 762/762/762 764/764/764 763/763/763
f 744/744/744 738/738/738 621/621/621
f 732/732/732 739/739/739 752/752/752
f 738/738/738 735/735/735 621/621/621
f 765/765/765 767/767/767 766/766/766
f 767/767/767 765/765/765 768/768/768
f 765/765/765 769/769/769 768/768/768
f 769/769/769 765/765/765 770/770/770
f 771/771/771 678/678/678 772/772/772
f 678/678/678 771/771/771 677/677/677
f 733/733/733 773/773/773 751/751/751
f 773/773/773 733/733/733 734/734/734
f 751/751/751 759/759/759 733/733/733
f 759/759/759 668/668/668 669/669/669
f 751/751/751 668/668/668 759/759/759
f 731/731/731 708/708/708 761/761/761
f 708/708/708 731/731/731 728/728/728
f 750/750/750 735/735/735 729/729/729
f 735/735/735 750/750/750 774/774/774
f 686/686/686 631/631/631 742/742/742
f 687/687/687 734/734/734 623/623/623
f 659/659/659 745/745/745 647/647/647
f 688/688/688 677/677/677 771/771/771
f 692/692/692 775/775/775 694/694/694
f 690/690/690 772/772/772 678/678/678
f 752/752/752 657/657/657 652/652/652
f 657/657/657 752/752/752 757/757/757
f 771/771/771 691/691/691 688/688/688
f 692/692/692 776/776/776 775/775/775
f 777/777/777 763/763/763 778/778/778
f 697/697/697 741/741/741 626/626/626
f 741/741/741 697/697/697 736/736/736
f 736/736/736 740/740/740 741/741/741
f 740/740/740 736/736/736 737/737/737
f 698/698/698 737/737/737 774/774/774
f 737/737/737 698/698/698 699/699/699
f 737/737/737 700/700/700 740/740/740
f 700/700/700 737/737/737 699/699/699
f 744/744/744 621/621/621 646/646/646
f 701/701/701 772/772/772 690/690/690
f 772/772/772 701/701/701 774/774/774
f 750/750/750 747/747/747 722/722/722
f 747/747/747 750/750/750 729/729/729
f 774/774/774 771/771/771 772/772/772
f 771/771/771 774/774/774 779/779/779
f 645/645/645 722/722/722 723/723/723
f 722/722/722 645/645/645 750/750/750
f 773/773/773 687/687/687 703/703/703
f 687/687/687 773/773/773 734/734/734
f 779/779/779 691/691/691 771/771/771
f 691/691/691 779/779/779 704/704/704
f 698/698/698 774/774/774 701/701/701
f 750/750/750 779/779/779 774/774/774
f 643/643/643 779/779/779 750/750/750
f 779/779/779 643/643/643 704/704/704
f 748/748/748 747/747/747 753/753/753
f 705/705/705 756/756/756 754/754/754
f 756/756/756 705/705/705 706/706/706
f 751/751/751 703/703/703 707/707/707
f 703/703/703 751/751/751 773/773/773
f 740/740/740 700/700/700 636/636/636
f 621/621/621 736/736/736 697/697/697
f 774/774/774 737/737/737 735/735/735
f 763/763/763 777/777/777 762/762/762
f 766/766/766 767/767/767 780/780/780
f 781/781/781 689/689/689 664/664/664
f 665/665/665 731/731/731 761/761/761
f 665/665/665 666/666/666 731/731/731
f 782/782/782 784/784/784 783/783/783
f 785/785/785 787/787/787 786/786/786
f 788/788/788 790/790/790 789/789/789
f 790/790/790 788/788/788 791/791/791
f 792/792/792 794/794/794 793/793/793
f 795/795/795 797/797/797 796/796/796
f 798/798/798 800/800/800 799/799/799
f 800/800/800 798/798/798 801/801/801
f 802/802/802 804/804/804 803/803/803
f 804/804/804 802/802/802 805/805/805
f 806/806/806 807/807/807 786/786/786
f 808/808/808 809/809/809 787/787/787
f 809/809/809 808/808/808 810/810/810
f 795/795/795 811/811/811 797/797/797
f 811/811/811 795/795/795 812/812/812
f 813/813/813 815/815/815 814/814/814
f 815/815/815 813/813/813 816/816/816
f 808/808/808 818/818/818 817/817/817
f 819/819/819 784/784/784 820/820/820
f 784/784/784 819/819/819 783/783/783
f 821/821/821 815/815/815 822/822/822
f 815/815/815 821/821/821 814/814/814
f 803/803/803 824/824/824 823/823/823
f 824/824/824 803/803/803 804/804/804
f 825/825/825 827/827/827 826/826/826
f 828/828/828 830/830/830 829/829/829
f 831/831/831 833/833/833 832/832/832
f 833/833/833 831/831/831 823/823/823
f 818/818/818 794/794/794 792/792/792
f 794/794/794 818/818/818 834/834/834
f 835/835/835 837/837/837 836/836/836
f 812/812/812 838/838/838 811/811/811
f 823/823/823 839/839/839 833/833/833
f 839/839/839 823/823/823 824/824/824
f 790/790/790 823/823/823 831/831/831
f 823/823/823 790/790/790 803/803/803
f 840/840/840 799/799/799 841/841/841
f 842/842/842 828/828/828 829/829/829
f 789/789/789 843/843/843 788/788/788
f 843/843/843 789/789/789 844/844/844
f 783/783/783 846/846/846 845/845/845
f 798/798/798 799/799/799 840/840/840
f 790/790/790 844/844/844 789/789/789
f 847/847/847 794/794/794 848/848/848
f 794/794/794 847/847/847 793/793/793
f 849/849/849 822/822/822 850/850/850
f 822/822/822 849/849/849 821/821/821
f 835/835/835 807/807/807 837/837/837
f 816/816/816 829/829/829 851/851/851
f 829/829/829 816/816/816 813/813/813
f 782/782/782 783/783/783 834/834/834
f 838/838/838 841/841/841 852/852/852
f 841/841/841 838/838/838 840/840/840
f 799/799/799 800/800/800 841/841/841
f 791/791/791 803/803/803 790/790/790
f 803/803/803 791/791/791 802/802/802
f 807/807/807 806/806/806 837/837/837
f 853/853/853 855/855/855 854/854/854
f 855/855/855 853/853/853 856/856/856
f 783/783/783 857/857/857 834/834/834
f 857/857/857 783/783/783 845/845/845
f 809/809/809 810/810/810 858/858/858
f 810/810/810 825/825/825 858/858/858
f 811/811/811 852/852/852 837/837/837
f 852/852/852 811/811/811 838/838/838
f 811/811/811 837/837/837 858/858/858
f 834/834/834 848/848/848 794/794/794
f 848/848/848 834/834/834 857/857/857
f 825/825/825 797/797/797 858/858/858
f 797/797/797 811/811/811 858/858/858
f 859/859/859 837/837/837 852/852/852
f 837/837/837 859/859/859 836/836/836
f 806/806/806 809/809/809 858/858/858
f 854/854/854 817/817/817 804/804/804
f 859/859/859 841/841/841 800/800/800
f 841/841/841 859/859/859 852/852/852
f 808/808/808 817/817/817 855/855/855
f 824/824/824 860/860/860 839/839/839
f 860/860/860 824/824/824 817/817/817
f 856/856/856 808/808/808 855/855/855
f 808/808/808 856/856/856 810/810/810
f 844/844/844 832/832/832 843/843/843
f 832/832/832 844/844/844 831/831/831
f 817/817/817 824/824/824 804/804/804
f 831/831/831 844/844/844 790/790/790
f 820/820/820 861/861/861 819/819/819
f 842/842/842 863/863/863 862/862/862
f 860/860/860 818/818/818 792/792/792
f 818/818/818 860/860/860 817/817/817
f 830/830/830 851/851/851 829/829/829
f 837/837/837 806/806/806 858/858/858
f 826/826/826 797/797/797 825/825/825
f 797/797/797 826/826/826 796/796/796
f 809/809/809 786/786/786 787/787/787
f 786/786/786 809/809/809 806/806/806
f 828/828/828 842/842/842 862/862/862
f 805/805/805 854/854/854 804/804/804
f 854/854/854 805/805/805 853/853/853
f 861/861/861 864/864/864 819/819/819
f 865/865/865 819/819/819 864/864/864
f 855/855/855 817/817/817 854/854/854
f 865/865/865 783/783/783 819/819/819
f 783/783/783 865/865/865 846/846/846
f 827/827/827 810/810/810 866/866/866
f 810/810/810 827/827/827 825/825/825
f 867/867/867 869/869/869 868/868/868
f 870/870/870 867/867/867 868/868/868
f 871/871/871 873/873/873 872/872/872
f 870/870/870 868/868/868 874/874/874
f 874/874/874 868/868/868 875/875/875
f 875/875/875 868/868/868 876/876/876
f 877/877/877 876/876/876 868/868/868
f 876/876/876 877/877/877 878/878/878
f 877/877/877 880/880/880 879/879/879
f 877/877/877 868/868/868 880/880/880
f 782/782/782 785/785/785 784/784/784
f 818/818/818 782/782/782 834/834/834
f 808/808/808 782/782/782 818/818/818
f 808/808/808 787/787/787 782/782/782
f 787/787/787 785/785/785 782/782/782
f 881/881/881 883/883/883 882/882/882
f 883/883/883 881/881/881 884/884/884
f 885/885/885 883/883/883 884/884/884
f 886/886/886 888/888/888 887/887/887
f 888/888/888 886/886/886 889/889/889
f 890/890/890 892/892/892 891/891/891
f 891/891/891 893/893/893 890/890/890
f 893/893/893 891/891/891 894/894/894
f 893/893/893 887/887/887 890/890/890
f 887/887/887 893/893/893 895/895/895
f 896/896/896 898/898/898 897/897/897
f 899/899/899 888/888/888 889/889/889
f 888/888/888 899/899/899 900/900/900
f 901/901/901 896/896/896 902/902/902
f 900/900/900 899/899/899 903/903/903
f 904/904/904 906/906/906 905/905/905
f 906/906/906 904/904/904 907/907/907
f 892/892/892 887/887/887 908/908/908
f 887/887/887 892/892/892 890/890/890
f 907/907/907 909/909/909 906/906/906
f 909/909/909 907/907/907 910/910/910
f 882/882/882 896/896/896 897/897/897
f 896/896/896 882/882/882 883/883/883
f 911/911/911 900/900/900 912/912/912
f 900/900/900 911/911/911 888/888/888
f 910/910/910 907/907/907 913/913/913
f 898/898/898 907/907/907 904/904/904
f 907/907/907 898/898/898 896/896/896
f 883/883/883 902/902/902 896/896/896
f 902/902/902 883/883/883 885/885/885
f 887/887/887 914/914/914 908/908/908
f 914/914/914 888/888/888 915/915/915
f 888/888/888 914/914/914 887/887/887
f 895/895/895 886/886/886 887/887/887
f 903/903/903 912/912/912 900/900/900
f 911/911/911 915/915/915 888/888/888
f 913/913/913 896/896/896 901/901/901
f 896/896/896 913/913/913 907/907/907
f 916/916/916 918/918/918 917/917/917
f 918/918/918 916/916/916 919/919/919
f 920/920/920 922/922/922 921/921/921
f 919/919/919 923/923/923 918/918/918
f 923/923/923 919/919/919 924/924/924
f 925/925/925 927/927/927 926/926/926
f 928/928/928 929/929/929 927/927/927
f 929/929/929 928/928/928 930/930/930
f 931/931/931 927/927/927 929/929/929
f 932/932/932 934/934/934 933/933/933
f 935/935/935 937/937/937 936/936/936
f 938/938/938 922/922/922 920/920/920
f 939/939/939 941/941/941 940/940/940
f 941/941/941 939/939/939 918/918/918
f 942/942/942 943/943/943 934/934/934
f 943/943/943 942/942/942 944/944/944
f 941/941/941 945/945/945 940/940/940
f 942/942/942 934/934/934 932/932/932
f 927/927/927 946/946/946 937/937/937
f 946/946/946 927/927/927 931/931/931
f 918/918/918 947/947/947 941/941/941
f 947/947/947 918/918/918 948/948/948
f 945/945/945 934/934/934 943/943/943
f 934/934/934 945/945/945 941/941/941
f 949/949/949 941/941/941 947/947/947
f 950/950/950 922/922/922 951/951/951
f 922/922/922 936/936/936 937/937/937
f 936/936/936 922/922/922 950/950/950
f 928/928/928 925/925/925 952/952/952
f 925/925/925 928/928/928 927/927/927
f 948/948/948 918/918/918 923/923/923
f 937/937/937 921/921/921 922/922/922
f 921/921/921 937/937/937 953/953/953
f 941/941/941 933/933/933 934/934/934
f 933/933/933 941/941/941 949/949/949
f 953/953/953 937/937/937 946/946/946
f 918/918/918 939/939/939 917/917/917
f 937/937/937 926/926/926 927/927/927
f 926/926/926 937/937/937 935/935/935
f 951/951/951 922/922/922 938/938/938
f 954/954/954 956/956/956 955/955/955
f 956/956/956 954/954/954 957/957/957
f 958/958/958 960/960/960 959/959/959
f 960/960/960 958/958/958 961/961/961
f 962/962/962 960/960/960 961/961/961
f 963/963/963 965/965/965 964/964/964
f 956/956/956 966/966/966 963/963/963
f 966/966/966 957/957/957 967/967/967
f 957/957/957 966/966/966 956/956/956
f 968/968/968 970/970/970 969/969/969
f 970/970/970 968/968/968 964/964/964
f 971/971/971 961/961/961 972/972/972
f 961/961/961 974/974/974 973/973/973
f 974/974/974 961/961/961 971/971/971
f 975/975/975 973/973/973 976/976/976
f 973/973/973 975/975/975 977/977/977
f 978/978/978 979/979/979 958/958/958
f 964/964/964 968/968/968 980/980/980
f 972/972/972 958/958/958 979/979/979
f 981/981/981 973/973/973 982/982/982
f 973/973/973 981/981/981 976/976/976
f 974/974/974 982/982/982 973/973/973
f 973/973/973 977/977/977 962/962/962
f 983/983/983 964/964/964 965/965/965
f 964/964/964 983/983/983 970/970/970
f 962/962/962 961/961/961 973/973/973
f 956/956/956 963/963/963 964/964/964
f 984/984/984 957/957/957 954/954/954
f 957/957/957 984/984/984 985/985/985
f 959/959/959 978/978/978 958/958/958
f 972/972/972 961/961/961 958/958/958
f 957/957/957 985/985/985 967/967/967
f 955/955/955 964/964/964 980/980/980
f 964/964/964 955/955/955 956/956/956
f 986/986/986 987/987/987 784/784/784
f 785/785/785 786/786/786 988/988/988
f 989/989/989 991/991/991 990/990/990
f 991/991/991 989/989/989 992/992/992
f 993/993/993 995/995/995 994/994/994
f 996/996/996 998/998/998 997/997/997
f 999/999/999 800/800/800 801/801/801
f 800/800/800 999/999/999 1000/1000/1000
f 1001/1001/1001 1003/1003/1003 1002/1002/1002
f 1003/1003/1003 1001/1001/1001 1004/1004/1004
f 1005/1005/1005 786/786/786 807/807/807
f 1006/1006/1006 1008/1008/1008 1007/1007/1007
f 1008/1008/1008 1006/1006/1006 988/988/988
f 996/996/996 1010/1010/1010 1009/1009/1009
f 1010/1010/1010 996/996/996 997/997/997
f 1011/1011/1011 1013/1013/1013 1012/1012/1012
f 1013/1013/1013 1011/1011/1011 1014/1014/1014
f 1006/1006/1006 1016/1016/1016 1015/1015/1015
f 1017/1017/1017 784/784/784 987/987/987
f 784/784/784 1017/1017/1017 820/820/820
f 1018/1018/1018 1013/1013/1013 1014/1014/1014
f 1013/1013/1013 1018/1018/1018 1019/1019/1019
f 1004/1004/1004 1020/1020/1020 1003/1003/1003
f 1020/1020/1020 1004/1004/1004 1021/1021/1021
f 1022/1022/1022 1024/1024/1024 1023/1023/1023
f 1025/1025/1025 1027/1027/1027 1026/1026/1026
f 1028/1028/1028 1029/1029/1029 1021/1021/1021
f 1029/1029/1029 1028/1028/1028 1030/1030/1030
f 1015/1015/1015 994/994/994 1031/1031/1031
f 994/994/994 1015/1015/1015 993/993/993
f 835/835/835 836/836/836 1032/1032/1032
f 1009/1009/1009 1010/1010/1010 1033/1033/1033
f 1021/1021/1021 1034/1034/1034 1020/1020/1020
f 1034/1034/1034 1021/1021/1021 1029/1029/1029
f 991/991/991 1021/1021/1021 1004/1004/1004
f 1021/1021/1021 991/991/991 1028/1028/1028
f 1035/1035/1035 1036/1036/1036 1000/1000/1000
f 1037/1037/1037 1027/1027/1027 1025/1025/1025
f 992/992/992 1039/1039/1039 1038/1038/1038
f 1039/1039/1039 992/992/992 989/989/989
f 987/987/987 845/845/845 846/846/846
f 999/999/999 1035/1035/1035 1000/1000/1000
f 991/991/991 992/992/992 1038/1038/1038
f 847/847/847 994/994/994 995/995/995
f 994/994/994 847/847/847 848/848/848
f 1040/1040/1040 1019/1019/1019 1018/1018/1018
f 1019/1019/1019 1040/1040/1040 1041/1041/1041
f 835/835/835 1032/1032/1032 807/807/807
f 1012/1012/1012 1027/1027/1027 1011/1011/1011
f 1027/1027/1027 1012/1012/1012 1042/1042/1042
f 986/986/986 1031/1031/1031 987/987/987
f 1033/1033/1033 1036/1036/1036 1035/1035/1035
f 1036/1036/1036 1033/1033/1033 1043/1043/1043
f 1000/1000/1000 1036/1036/1036 800/800/800
f 990/990/990 1004/1004/1004 1001/1001/1001
f 1004/1004/1004 990/990/990 991/991/991
f 807/807/807 1032/1032/1032 1005/1005/1005
f 1044/1044/1044 1046/1046/1046 1045/1045/1045
f 1046/1046/1046 1044/1044/1044 1047/1047/1047
f 987/987/987 857/857/857 845/845/845
f 857/857/857 987/987/987 1031/1031/1031
f 1008/1008/1008 1048/1048/1048 1007/1007/1007
f 1007/1007/1007 1048/1048/1048 1022/1022/1022
f 1010/1010/1010 1043/1043/1043 1033/1033/1033
f 1043/1043/1043 1010/1010/1010 1032/1032/1032
f 1010/1010/1010 1048/1048/1048 1032/1032/1032
f 1031/1031/1031 848/848/848 857/857/857
f 848/848/848 1031/1031/1031 994/994/994
f 1022/1022/1022 1048/1048/1048 997/997/997
f 997/997/997 1048/1048/1048 1010/1010/1010
f 859/859/859 1032/1032/1032 836/836/836
f 1032/1032/1032 859/859/859 1043/1043/1043
f 1005/1005/1005 1048/1048/1048 1008/1008/1008
f 1047/1047/1047 1003/1003/1003 1016/1016/1016
f 859/859/859 1036/1036/1036 1043/1043/1043
f 1036/1036/1036 859/859/859 800/800/800
f 1006/1006/1006 1046/1046/1046 1016/1016/1016
f 1020/1020/1020 1049/1049/1049 1016/1016/1016
f 1049/1049/1049 1020/1020/1020 1034/1034/1034
f 1045/1045/1045 1006/1006/1006 1007/1007/1007
f 1006/1006/1006 1045/1045/1045 1046/1046/1046
f 1038/1038/1038 1030/1030/1030 1028/1028/1028
f 1030/1030/1030 1038/1038/1038 1039/1039/1039
f 1016/1016/1016 1003/1003/1003 1020/1020/1020
f 1028/1028/1028 991/991/991 1038/1038/1038
f 820/820/820 1017/1017/1017 861/861/861
f 1037/1037/1037 1051/1051/1051 1050/1050/1050
f 1049/1049/1049 1015/1015/1015 1016/1016/1016
f 1015/1015/1015 1049/1049/1049 993/993/993
f 1026/1026/1026 1027/1027/1027 1042/1042/1042
f 1032/1032/1032 1048/1048/1048 1005/1005/1005
f 1024/1024/1024 997/997/997 998/998/998
f 997/997/997 1024/1024/1024 1022/1022/1022
f 1008/1008/1008 786/786/786 1005/1005/1005
f 786/786/786 1008/1008/1008 988/988/988
f 1025/1025/1025 1051/1051/1051 1037/1037/1037
f 1002/1002/1002 1047/1047/1047 1044/1044/1044
f 1047/1047/1047 1002/1002/1002 1003/1003/1003
f 861/861/861 1017/1017/1017 864/864/864
f 865/865/865 864/864/864 1017/1017/1017
f 1046/1046/1046 1047/1047/1047 1016/1016/1016
f 865/865/865 987/987/987 846/846/846
f 987/987/987 865/865/865 1017/1017/1017
f 1023/1023/1023 1007/1007/1007 1022/1022/1022
f 1007/1007/1007 1023/1023/1023 1052/1052/1052
f 1053/1053/1053 868/868/868 1054/1054/1054
f 1055/1055/1055 868/868/868 1053/1053/1053
f 1056/1056/1056 1058/1058/1058 1057/1057/1057
f 1055/1055/1055 1059/1059/1059 868/868/868
f 1059/1059/1059 1060/1060/1060 868/868/868
f 1060/1060/1060 1061/1061/1061 868/868/868
f 1062/1062/1062 1061/1061/1061 1063/1063/1063
f 1061/1061/1061 1062/1062/1062 868/868/868
f 1062/1062/1062 1064/1064/1064 880/880/880
f 1062/1062/1062 880/880/880 868/868/868
f 986/986/986 784/784/784 785/785/785
f 1006/1006/1006 986/986/986 988/988/988
f 986/986/986 1015/1015/1015 1031/1031/1031
f 1006/1006/1006 1015/1015/1015 986/986/986
f 988/988/988 986/986/986 785/785/785
f 1065/1065/1065 1067/1067/1067 1066/1066/1066
f 1067/1067/1067 1065/1065/1065 1068/1068/1068
f 1069/1069/1069 1066/1066/1066 1067/1067/1067
f 1070/1070/1070 1072/1072/1072 1071/1071/1071
f 1072/1072/1072 1070/1070/1070 1073/1073/1073
f 1074/1074/1074 1076/1076/1076 1075/1075/1075
f 1076/1076/1076 1078/1078/1078 1077/1077/1077
f 1078/1078/1078 1076/1076/1076 1074/1074/1074
f 1078/1078/1078 1073/1073/1073 1079/1079/1079
f 1073/1073/1073 1078/1078/1078 1074/1074/1074
f 1080/1080/1080 1082/1082/1082 1081/1081/1081
f 1083/1083/1083 1072/1072/1072 1084/1084/1084
f 1072/1072/1072 1083/1083/1083 1071/1071/1071
f 1085/1085/1085 1086/1086/1086 1080/1080/1080
f 1084/1084/1084 1087/1087/1087 1083/1083/1083
f 1088/1088/1088 1090/1090/1090 1089/1089/1089
f 1090/1090/1090 1088/1088/1088 1091/1091/1091
f 1075/1075/1075 1073/1073/1073 1074/1074/1074
f 1073/1073/1073 1075/1075/1075 1092/1092/1092
f 1089/1089/1089 1094/1094/1094 1093/1093/1093
f 1094/1094/1094 1089/1089/1089 1090/1090/1090
f 1068/1068/1068 1080/1080/1080 1067/1067/1067
f 1080/1080/1080 1068/1068/1068 1082/1082/1082
f 1095/1095/1095 1084/1084/1084 1072/1072/1072
f 1084/1084/1084 1095/1095/1095 1096/1096/1096
f 1093/1093/1093 1097/1097/1097 1089/1089/1089
f 1081/1081/1081 1089/1089/1089 1080/1080/1080
f 1089/1089/1089 1081/1081/1081 1088/1088/1088
f 1067/1067/1067 1086/1086/1086 1069/1069/1069
f 1086/1086/1086 1067/1067/1067 1080/1080/1080
f 1073/1073/1073 1092/1092/1092 1098/1098/1098
f 1098/1098/1098 1072/1072/1072 1073/1073/1073
f 1072/1072/1072 1098/1098/1098 1099/1099/1099
f 1079/1079/1079 1073/1073/1073 1070/1070/1070
f 1087/1087/1087 1084/1084/1084 1096/1096/1096
f 1095/1095/1095 1072/1072/1072 1099/1099/1099
f 1097/1097/1097 1080/1080/1080 1089/1089/1089
f 1080/1080/1080 1097/1097/1097 1085/1085/1085
f 1100/1100/1100 1102/1102/1102 1101/1101/1101
f 1102/1102/1102 1100/1100/1100 1103/1103/1103
f 1104/1104/1104 1106/1106/1106 1105/1105/1105
f 1101/1101/1101 1108/1108/1108 1107/1107/1107
f 1108/1108/1108 1101/1101/1101 1102/1102/1102
f 1109/1109/1109 1111/1111/1111 1110/1110/1110
f 1112/1112/1112 1114/1114/1114 1113/1113/1113
f 1114/1114/1114 1112/1112/1112 1110/1110/1110
f 1115/1115/1115 1114/1114/1114 1110/1110/1110
f 1116/1116/1116 1118/1118/1118 1117/1117/1117
f 1119/1119/1119 1121/1121/1121 1120/1120/1120
f 1122/1122/1122 1104/1104/1104 1105/1105/1105
f 1123/1123/1123 1124/1124/1124 1102/1102/1102
f 1124/1124/1124 1123/1123/1123 1125/1125/1125
f 1126/1126/1126 1128/1128/1128 1127/1127/1127
f 1128/1128/1128 1126/1126/1126 1117/1117/1117
f 1124/1124/1124 1125/1125/1125 1129/1129/1129
f 1126/1126/1126 1116/1116/1116 1117/1117/1117
f 1110/1110/1110 1130/1130/1130 1115/1115/1115
f 1130/1130/1130 1110/1110/1110 1120/1120/1120
f 1102/1102/1102 1132/1132/1132 1131/1131/1131
f 1132/1132/1132 1102/1102/1102 1124/1124/1124
f 1129/1129/1129 1117/1117/1117 1124/1124/1124
f 1117/1117/1117 1129/1129/1129 1128/1128/1128
f 1133/1133/1133 1132/1132/1132 1124/1124/1124
f 1134/1134/1134 1135/1135/1135 1105/1105/1105
f 1105/1105/1105 1121/1121/1121 1134/1134/1134
f 1121/1121/1121 1105/1105/1105 1120/1120/1120
f 1112/1112/1112 1109/1109/1109 1110/1110/1110
f 1109/1109/1109 1112/1112/1112 1136/1136/1136
f 1131/1131/1131 1108/1108/1108 1102/1102/1102
f 1120/1120/1120 1106/1106/1106 1137/1137/1137
f 1106/1106/1106 1120/1120/1120 1105/1105/1105
f 1124/1124/1124 1118/1118/1118 1133/1133/1133
f 1118/1118/1118 1124/1124/1124 1117/1117/1117
f 1137/1137/1137 1130/1130/1130 1120/1120/1120
f 1102/1102/1102 1103/1103/1103 1123/1123/1123
f 1120/1120/1120 1111/1111/1111 1119/1119/1119
f 1111/1111/1111 1120/1120/1120 1110/1110/1110
f 1135/1135/1135 1122/1122/1122 1105/1105/1105
f 1138/1138/1138 1140/1140/1140 1139/1139/1139
f 1140/1140/1140 1138/1138/1138 1141/1141/1141
f 1142/1142/1142 1144/1144/1144 1143/1143/1143
f 1144/1144/1144 1142/1142/1142 1145/1145/1145
f 1146/1146/1146 1143/1143/1143 1144/1144/1144
f 1147/1147/1147 1149/1149/1149 1148/1148/1148
f 1140/1140/1140 1147/1147/1147 1150/1150/1150
f 1150/1150/1150 1139/1139/1139 1140/1140/1140
f 1139/1139/1139 1150/1150/1150 1151/1151/1151
f 1152/1152/1152 1153/1153/1153 1149/1149/1149
f 1153/1153/1153 1152/1152/1152 1154/1154/1154
f 1155/1155/1155 1156/1156/1156 1143/1143/1143
f 1143/1143/1143 1157/1157/1157 1155/1155/1155
f 1157/1157/1157 1143/1143/1143 1158/1158/1158
f 1159/1159/1159 1158/1158/1158 1160/1160/1160
f 1158/1158/1158 1159/1159/1159 1161/1161/1161
f 1162/1162/1162 1142/1142/1142 1163/1163/1163
f 1149/1149/1149 1164/1164/1164 1152/1152/1152
f 1156/1156/1156 1163/1163/1163 1142/1142/1142
f 1165/1165/1165 1158/1158/1158 1161/1161/1161
f 1158/1158/1158 1165/1165/1165 1166/1166/1166
f 1157/1157/1157 1158/1158/1158 1166/1166/1166
f 1158/1158/1158 1146/1146/1146 1160/1160/1160
f 1167/1167/1167 1149/1149/1149 1153/1153/1153
f 1149/1149/1149 1167/1167/1167 1148/1148/1148
f 1146/1146/1146 1158/1158/1158 1143/1143/1143
f 1140/1140/1140 1149/1149/1149 1147/1147/1147
f 1168/1168/1168 1139/1139/1139 1169/1169/1169
f 1139/1139/1139 1168/1168/1168 1138/1138/1138
f 1145/1145/1145 1142/1142/1142 1162/1162/1162
f 1156/1156/1156 1142/1142/1142 1143/1143/1143
f 1139/1139/1139 1151/1151/1151 1169/1169/1169
f 1141/1141/1141 1149/1149/1149 1140/1140/1140
f 1149/1149/1149 1141/1141/1141 1164/1164/1164
f 1170/1170/1170 1172/1172/1172 1171/1171/1171
f 1173/1173/1173 1175/1175/1175 1174/1174/1174
f 1176/1176/1176 1178/1178/1178 1177/1177/1177
f 1178/1178/1178 1176/1176/1176 1179/1179/1179
f 1180/1180/1180 1182/1182/1182 1181/1181/1181
f 1183/1183/1183 1185/1185/1185 1184/1184/1184
f 1186/1186/1186 1188/1188/1188 1187/1187/1187
f 1188/1188/1188 1186/1186/1186 1189/1189/1189
f 1190/1190/1190 1192/1192/1192 1191/1191/1191
f 1192/1192/1192 1190/1190/1190 1193/1193/1193
f 1194/1194/1194 1175/1175/1175 1195/1195/1195
f 1196/1196/1196 1198/1198/1198 1197/1197/1197
f 1198/1198/1198 1196/1196/1196 1174/1174/1174
f 1183/1183/1183 1200/1200/1200 1199/1199/1199
f 1200/1200/1200 1183/1183/1183 1184/1184/1184
f 1201/1201/1201 1203/1203/1203 1202/1202/1202
f 1203/1203/1203 1201/1201/1201 1204/1204/1204
f 1196/1196/1196 1206/1206/1206 1205/1205/1205
f 1207/1207/1207 1171/1171/1171 1172/1172/1172
f 1171/1171/1171 1207/1207/1207 1208/1208/1208
f 1209/1209/1209 1203/1203/1203 1204/1204/1204
f 1203/1203/1203 1209/1209/1209 1210/1210/1210
f 1193/1193/1193 1211/1211/1211 1192/1192/1192
f 1211/1211/1211 1193/1193/1193 1212/1212/1212
f 1213/1213/1213 1215/1215/1215 1214/1214/1214
f 1216/1216/1216 1218/1218/1218 1217/1217/1217
f 1219/1219/1219 1220/1220/1220 1212/1212/1212
f 1220/1220/1220 1219/1219/1219 1221/1221/1221
f 1205/1205/1205 1181/1181/1181 1222/1222/1222
f 1181/1181/1181 1205/1205/1205 1180/1180/1180
f 1223/1223/1223 1225/1225/1225 1224/1224/1224
f 1199/1199/1199 1200/1200/1200 1226/1226/1226
f 1212/1212/1212 1227/1227/1227 1211/1211/1211
f 1227/1227/1227 1212/1212/1212 1220/1220/1220
f 1178/1178/1178 1212/1212/1212 1193/1193/1193
f 1212/1212/1212 1178/1178/1178 1219/1219/1219
f 1228/1228/1228 1229/1229/1229 1189/1189/1189
f 1230/1230/1230 1218/1218/1218 1216/1216/1216
f 1179/1179/1179 1232/1232/1232 1231/1231/1231
f 1232/1232/1232 1179/1179/1179 1176/1176/1176
f 1172/1172/1172 1234/1234/1234 1233/1233/1233
f 1186/1186/1186 1228/1228/1228 1189/1189/1189
f 1178/1178/1178 1179/1179/1179 1231/1231/1231
f 1235/1235/1235 1181/1181/1181 1182/1182/1182
f 1181/1181/1181 1235/1235/1235 1236/1236/1236
f 1237/1237/1237 1210/1210/1210 1209/1209/1209
f 1210/1210/1210 1237/1237/1237 1238/1238/1238
f 1223/1223/1223 1224/1224/1224 1195/1195/1195
f 1202/1202/1202 1218/1218/1218 1201/1201/1201
f 1218/1218/1218 1202/1202/1202 1239/1239/1239
f 1170/1170/1170 1222/1222/1222 1172/1172/1172
f 1226/1226/1226 1229/1229/1229 1228/1228/1228
f 1229/1229/1229 1226/1226/1226 1240/1240/1240
f 1189/1189/1189 1229/1229/1229 1188/1188/1188
f 1177/1177/1177 1193/1193/1193 1190/1190/1190
f 1193/1193/1193 1177/1177/1177 1178/1178/1178
f 1195/1195/1195 1224/1224/1224 1194/1194/1194
f 1241/1241/1241 1243/1243/1243 1242/1242/1242
f 1243/1243/1243 1241/1241/1241 1244/1244/1244
f 1172/1172/1172 1245/1245/1245 1234/1234/1234
f 1245/1245/1245 1172/1172/1172 1222/1222/1222
f 1198/1198/1198 1246/1246/1246 1197/1197/1197
f 1197/1197/1197 1246/1246/1246 1213/1213/1213
f 1200/1200/1200 1240/1240/1240 1226/1226/1226
f 1240/1240/1240 1200/1200/1200 1224/1224/1224
f 1200/1200/1200 1246/1246/1246 1224/1224/1224
f 1222/1222/1222 1236/1236/1236 1245/1245/1245
f 1236/1236/1236 1222/1222/1222 1181/1181/1181
f 1213/1213/1213 1246/1246/1246 1184/1184/1184
f 1184/1184/1184 1246/1246/1246 1200/1200/1200
f 1247/1247/1247 1224/1224/1224 1225/1225/1225
f 1224/1224/1224 1247/1247/1247 1240/1240/1240
f 1194/1194/1194 1246/1246/1246 1198/1198/1198
f 1244/1244/1244 1192/1192/1192 1206/1206/1206
f 1247/1247/1247 1229/1229/1229 1240/1240/1240
f 1229/1229/1229 1247/1247/1247 1188/1188/1188
f 1196/1196/1196 1243/1243/1243 1206/1206/1206
f 1211/1211/1211 1248/1248/1248 1206/1206/1206
f 1248/1248/1248 1211/1211/1211 1227/1227/1227
f 1242/1242/1242 1196/1196/1196 1197/1197/1197
f 1196/1196/1196 1242/1242/1242 1243/1243/1243
f 1231/1231/1231 1221/1221/1221 1219/1219/1219
f 1221/1221/1221 1231/1231/1231 1232/1232/1232
f 1206/1206/1206 1192/1192/1192 1211/1211/1211
f 1219/1219/1219 1178/1178/1178 1231/1231/1231
f 1208/1208/1208 1207/1207/1207 1249/1249/1249
f 1230/1230/1230 1251/1251/1251 1250/1250/1250
f 1248/1248/1248 1205/1205/1205 1206/1206/1206
f 1205/1205/1205 1248/1248/1248 1180/1180/1180
f 1217/1217/1217 1218/1218/1218 1239/1239/1239
f 1224/1224/1224 1246/1246/1246 1194/1194/1194
f 1215/1215/1215 1184/1184/1184 1185/1185/1185
f 1184/1184/1184 1215/1215/1215 1213/1213/1213
f 1198/1198/1198 1175/1175/1175 1194/1194/1194
f 1175/1175/1175 1198/1198/1198 1174/1174/1174
f 1216/1216/1216 1251/1251/1251 1230/1230/1230
f 1191/1191/1191 1244/1244/1244 1241/1241/1241
f 1244/1244/1244 1191/1191/1191 1192/1192/1192
f 1249/1249/1249 1207/1207/1207 1252/1252/1252
f 1253/1253/1253 1252/1252/1252 1207/1207/1207
f 1243/1243/1243 1244/1244/1244 1206/1206/1206
f 1253/1253/1253 1172/1172/1172 1233/1233/1233
f 1172/1172/1172 1253/1253/1253 1207/1207/1207
f 1214/1214/1214 1197/1197/1197 1213/1213/1213
f 1197/1197/1197 1214/1214/1214 1254/1254/1254
f 1255/1255/1255 1257/1257/1257 1256/1256/1256
f 1258/1258/1258 1257/1257/1257 1255/1255/1255
f 1259/1259/1259 1261/1261/1261 1260/1260/1260
f 1258/1258/1258 1262/1262/1262 1257/1257/1257
f 1262/1262/1262 1263/1263/1263 1257/1257/1257
f 1263/1263/1263 1264/1264/1264 1257/1257/1257
f 1265/1265/1265 1264/1264/1264 1266/1266/1266
f 1264/1264/1264 1265/1265/1265 1257/1257/1257
f 1265/1265/1265 1268/1268/1268 1267/1267/1267
f 1265/1265/1265 1267/1267/1267 1257/1257/1257
f 1170/1170/1170 1171/1171/1171 1173/1173/1173
f 1196/1196/1196 1170/1170/1170 1174/1174/1174
f 1170/1170/1170 1205/1205/1205 1222/1222/1222
f 1196/1196/1196 1205/1205/1205 1170/1170/1170
f 1174/1174/1174 1170/1170/1170 1173/1173/1173
f 1269/1269/1269 1271/1271/1271 1270/1270/1270
f 1271/1271/1271 1269/1269/1269 1272/1272/1272
f 1273/1273/1273 1270/1270/1270 1271/1271/1271
f 1274/1274/1274 1276/1276/1276 1275/1275/1275
f 1276/1276/1276 1274/1274/1274 1277/1277/1277
f 1278/1278/1278 1280/1280/1280 1279/1279/1279
f 1280/1280/1280 1282/1282/1282 1281/1281/1281
f 1282/1282/1282 1280/1280/1280 1278/1278/1278
f 1282/1282/1282 1277/1277/1277 1283/1283/1283
f 1277/1277/1277 1282/1282/1282 1278/1278/1278
f 1284/1284/1284 1286/1286/1286 1285/1285/1285
f 1287/1287/1287 1276/1276/1276 1288/1288/1288
f 1276/1276/1276 1287/1287/1287 1275/1275/1275
f 1289/1289/1289 1290/1290/1290 1284/1284/1284
f 1288/1288/1288 1291/1291/1291 1287/1287/1287
f 1292/1292/1292 1294/1294/1294 1293/1293/1293
f 1294/1294/1294 1292/1292/1292 1295/1295/1295
f 1279/1279/1279 1277/1277/1277 1278/1278/1278
f 1277/1277/1277 1279/1279/1279 1296/1296/1296
f 1293/1293/1293 1298/1298/1298 1297/1297/1297
f 1298/1298/1298 1293/1293/1293 1294/1294/1294
f 1272/1272/1272 1284/1284/1284 1271/1271/1271
f 1284/1284/1284 1272/1272/1272 1286/1286/1286
f 1299/1299/1299 1288/1288/1288 1276/1276/1276
f 1288/1288/1288 1299/1299/1299 1300/1300/1300
f 1297/1297/1297 1301/1301/1301 1293/1293/1293
f 1285/1285/1285 1293/1293/1293 1284/1284/1284
f 1293/1293/1293 1285/1285/1285 1292/1292/1292
f 1271/1271/1271 1290/1290/1290 1273/1273/1273
f 1290/1290/1290 1271/1271/1271 1284/1284/1284
f 1277/1277/1277 1296/1296/1296 1302/1302/1302
f 1302/1302/1302 1276/1276/1276 1277/1277/1277
f 1276/1276/1276 1302/1302/1302 1303/1303/1303
f 1283/1283/1283 1277/1277/1277 1274/1274/1274
f 1291/1291/1291 1288/1288/1288 1300/1300/1300
f 1299/1299/1299 1276/1276/1276 1303/1303/1303
f 1301/1301/1301 1284/1284/1284 1293/1293/1293
f 1284/1284/1284 1301/1301/1301 1289/1289/1289
f 1304/1304/1304 1306/1306/1306 1305/1305/1305
f 1306/1306/1306 1304/1304/1304 1307/1307/1307
f 1308/1308/1308 1310/1310/1310 1309/1309/1309
f 1305/1305/1305 1312/1312/1312 1311/1311/1311
f 1312/1312/1312 1305/1305/1305 1306/1306/1306
f 1313/1313/1313 1315/1315/1315 1314/1314/1314
f 1316/1316/1316 1318/1318/1318 1317/1317/1317
f 1318/1318/1318 1316/1316/1316 1314/1314/1314
f 1319/1319/1319 1318/1318/1318 1314/1314/1314
f 1320/1320/1320 1322/1322/1322 1321/1321/1321
f 1323/1323/1323 1325/1325/1325 1324/1324/1324
f 1326/1326/1326 1308/1308/1308 1309/1309/1309
f 1327/1327/1327 1328/1328/1328 1306/1306/1306
f 1328/1328/1328 1327/1327/1327 1329/1329/1329
f 1330/1330/1330 1332/1332/1332 1331/1331/1331
f 1332/1332/1332 1330/1330/1330 1321/1321/1321
f 1328/1328/1328 1329/1329/1329 1333/1333/1333
f 1330/1330/1330 1320/1320/1320 1321/1321/1321
f 1314/1314/1314 1334/1334/1334 1319/1319/1319
f 1334/1334/1334 1314/1314/1314 1324/1324/1324
f 1306/1306/1306 1336/1336/1336 1335/1335/1335
f 1336/1336/1336 1306/1306/1306 1328/1328/1328
f 1333/1333/1333 1321/1321/1321 1328/1328/1328
f 1321/1321/1321 1333/1333/1333 1332/1332/1332
f 1337/1337/1337 1336/1336/1336 1328/1328/1328
f 1338/1338/1338 1339/1339/1339 1309/1309/1309
f 1309/1309/1309 1325/1325/1325 1338/1338/1338
f 1325/1325/1325 1309/1309/1309 1324/1324/1324
f 1316/1316/1316 1313/1313/1313 1314/1314/1314
f 1313/1313/1313 1316/1316/1316 1340/1340/1340
f 1335/1335/1335 1312/1312/1312 1306/1306/1306
f 1324/1324/1324 1310/1310/1310 1341/1341/1341
f 1310/1310/1310 1324/1324/1324 1309/1309/1309
f 1328/1328/1328 1322/1322/1322 1337/1337/1337
f 1322/1322/1322 1328/1328/1328 1321/1321/1321
f 1341/1341/1341 1334/1334/1334 1324/1324/1324
f 1306/1306/1306 1307/1307/1307 1327/1327/1327
f 1324/1324/1324 1315/1315/1315 1323/1323/1323
f 1315/1315/1315 1324/1324/1324 1314/1314/1314
f 1339/1339/1339 1326/1326/1326 1309/1309/1309
f 1342/1342/1342 1344/1344/1344 1343/1343/1343
f 1344/1344/1344 1342/1342/1342 1345/1345/1345
f 1346/1346/1346 1348/1348/1348 1347/1347/1347
f 1348/1348/1348 1346/1346/1346 1349/1349/1349
f 1350/1350/1350 1347/1347/1347 1348/1348/1348
f 1351/1351/1351 1353/1353/1353 1352/1352/1352
f 1344/1344/1344 1351/1351/1351 1354/1354/1354
f 1354/1354/1354 1343/1343/1343 1344/1344/1344
f 1343/1343/1343 1354/1354/1354 1355/1355/1355
f 1356/1356/1356 1357/1357/1357 1353/1353/1353
f 1357/1357/1357 1356/1356/1356 1358/1358/1358
f 1359/1359/1359 1360/1360/1360 1347/1347/1347
f 1347/1347/1347 1361/1361/1361 1359/1359/1359
f 1361/1361/1361 1347/1347/1347 1362/1362/1362
f 1363/1363/1363 1362/1362/1362 1364/1364/1364
f 1362/1362/1362 1363/1363/1363 1365/1365/1365
f 1366/1366/1366 1346/1346/1346 1367/1367/1367
f 1353/1353/1353 1368/1368/1368 1356/1356/1356
f 1360/1360/1360 1367/1367/1367 1346/1346/1346
f 1369/1369/1369 1362/1362/1362 1365/1365/1365
f 1362/1362/1362 1369/1369/1369 1370/1370/1370
f 1361/1361/1361 1362/1362/1362 1370/1370/1370
f 1362/1362/1362 1350/1350/1350 1364/1364/1364
f 1371/1371/1371 1353/1353/1353 1357/1357/1357
f 1353/1353/1353 1371/1371/1371 1352/1352/1352
f 1350/1350/1350 1362/1362/1362 1347/1347/1347
f 1344/1344/1344 1353/1353/1353 1351/1351/1351
f 1372/1372/1372 1343/1343/1343 1373/1373/1373
f 1343/1343/1343 1372/1372/1372 1342/1342/1342
f 1349/1349/1349 1346/1346/1346 1366/1366/1366
f 1360/1360/1360 1346/1346/1346 1347/1347/1347
f 1343/1343/1343 1355/1355/1355 1373/1373/1373
f 1345/1345/1345 1353/1353/1353 1344/1344/1344
f 1353/1353/1353 1345/1345/1345 1368/1368/1368
f 1374/1374/1374 1171/1171/1171 1375/1375/1375
f 1173/1173/1173 1376/1376/1376 1175/1175/1175
f 1377/1377/1377 1379/1379/1379 1378/1378/1378
f 1379/1379/1379 1377/1377/1377 1380/1380/1380
f 1381/1381/1381 1383/1383/1383 1382/1382/1382
f 1384/1384/1384 1386/1386/1386 1385/1385/1385
f 1387/1387/1387 1188/1188/1188 1388/1388/1388
f 1188/1188/1188 1387/1387/1387 1187/1187/1187
f 1389/1389/1389 1391/1391/1391 1390/1390/1390
f 1391/1391/1391 1389/1389/1389 1392/1392/1392
f 1393/1393/1393 1195/1195/1195 1175/1175/1175
f 1394/1394/1394 1395/1395/1395 1376/1376/1376
f 1395/1395/1395 1394/1394/1394 1396/1396/1396
f 1384/1384/1384 1397/1397/1397 1386/1386/1386
f 1397/1397/1397 1384/1384/1384 1398/1398/1398
f 1399/1399/1399 1401/1401/1401 1400/1400/1400
f 1401/1401/1401 1399/1399/1399 1402/1402/1402
f 1394/1394/1394 1404/1404/1404 1403/1403/1403
f 1405/1405/1405 1171/1171/1171 1208/1208/1208
f 1171/1171/1171 1405/1405/1405 1375/1375/1375
f 1406/1406/1406 1401/1401/1401 1407/1407/1407
f 1401/1401/1401 1406/1406/1406 1400/1400/1400
f 1390/1390/1390 1409/1409/1409 1408/1408/1408
f 1409/1409/1409 1390/1390/1390 1391/1391/1391
f 1410/1410/1410 1412/1412/1412 1411/1411/1411
f 1413/1413/1413 1415/1415/1415 1414/1414/1414
f 1416/1416/1416 1418/1418/1418 1417/1417/1417
f 1418/1418/1418 1416/1416/1416 1408/1408/1408
f 1404/1404/1404 1383/1383/1383 1381/1381/1381
f 1383/1383/1383 1404/1404/1404 1419/1419/1419
f 1223/1223/1223 1420/1420/1420 1225/1225/1225
f 1398/1398/1398 1421/1421/1421 1397/1397/1397
f 1408/1408/1408 1422/1422/1422 1418/1418/1418
f 1422/1422/1422 1408/1408/1408 1409/1409/1409
f 1379/1379/1379 1408/1408/1408 1416/1416/1416
f 1408/1408/1408 1379/1379/1379 1390/1390/1390
f 1423/1423/1423 1388/1388/1388 1424/1424/1424
f 1425/1425/1425 1413/1413/1413 1414/1414/1414
f 1378/1378/1378 1426/1426/1426 1377/1377/1377
f 1426/1426/1426 1378/1378/1378 1427/1427/1427
f 1375/1375/1375 1233/1233/1233 1234/1234/1234
f 1387/1387/1387 1388/1388/1388 1423/1423/1423
f 1379/1379/1379 1427/1427/1427 1378/1378/1378
f 1235/1235/1235 1383/1383/1383 1236/1236/1236
f 1383/1383/1383 1235/1235/1235 1382/1382/1382
f 1428/1428/1428 1407/1407/1407 1429/1429/1429
f 1407/1407/1407 1428/1428/1428 1406/1406/1406
f 1223/1223/1223 1195/1195/1195 1420/1420/1420
f 1402/1402/1402 1414/1414/1414 1430/1430/1430
f 1414/1414/1414 1402/1402/1402 1399/1399/1399
f 1374/1374/1374 1375/1375/1375 1419/1419/1419
f 1421/1421/1421 1424/1424/1424 1431/1431/1431
f 1424/1424/1424 1421/1421/1421 1423/1423/1423
f 1388/1388/1388 1188/1188/1188 1424/1424/1424
f 1380/1380/1380 1390/1390/1390 1379/1379/1379
f 1390/1390/1390 1380/1380/1380 1389/1389/1389
f 1195/1195/1195 1393/1393/1393 1420/1420/1420
f 1432/1432/1432 1434/1434/1434 1433/1433/1433
f 1434/1434/1434 1432/1432/1432 1435/1435/1435
f 1375/1375/1375 1245/1245/1245 1419/1419/1419
f 1245/1245/1245 1375/1375/1375 1234/1234/1234
f 1395/1395/1395 1396/1396/1396 1436/1436/1436
f 1396/1396/1396 1410/1410/1410 1436/1436/1436
f 1397/1397/1397 1431/1431/1431 1420/1420/1420
f 1431/1431/1431 1397/1397/1397 1421/1421/1421
f 1397/1397/1397 1420/1420/1420 1436/1436/1436
f 1419/1419/1419 1236/1236/1236 1383/1383/1383
f 1236/1236/1236 1419/1419/1419 1245/1245/1245
f 1410/1410/1410 1386/1386/1386 1436/1436/1436
f 1386/1386/1386 1397/1397/1397 1436/1436/1436
f 1247/1247/1247 1420/1420/1420 1431/1431/1431
f 1420/1420/1420 1247/1247/1247 1225/1225/1225
f 1393/1393/1393 1395/1395/1395 1436/1436/1436
f 1433/1433/1433 1403/1403/1403 1391/1391/1391
f 1247/1247/1247 1424/1424/1424 1188/1188/1188
f 1424/1424/1424 1247/1247/1247 1431/1431/1431
f 1394/1394/1394 1403/1403/1403 1434/1434/1434
f 1409/1409/1409 1437/1437/1437 1422/1422/1422
f 1437/1437/1437 1409/1409/1409 1403/1403/1403
f 1435/1435/1435 1394/1394/1394 1434/1434/1434
f 1394/1394/1394 1435/1435/1435 1396/1396/1396
f 1427/1427/1427 1417/1417/1417 1426/1426/1426
f 1417/1417/1417 1427/1427/1427 1416/1416/1416
f 1403/1403/1403 1409/1409/1409 1391/1391/1391
f 1416/1416/1416 1427/1427/1427 1379/1379/1379
f 1208/1208/1208 1249/1249/1249 1405/1405/1405
f 1425/1425/1425 1439/1439/1439 1438/1438/1438
f 1437/1437/1437 1404/1404/1404 1381/1381/1381
f 1404/1404/1404 1437/1437/1437 1403/1403/1403
f 1415/1415/1415 1430/1430/1430 1414/1414/1414
f 1420/1420/1420 1393/1393/1393 1436/1436/1436
f 1411/1411/1411 1386/1386/1386 1410/1410/1410
f 1386/1386/1386 1411/1411/1411 1385/1385/1385
f 1395/1395/1395 1175/1175/1175 1376/1376/1376
f 1175/1175/1175 1395/1395/1395 1393/1393/1393
f 1413/1413/1413 1425/1425/1425 1438/1438/1438
f 1392/1392/1392 1433/1433/1433 1391/1391/1391
f 1433/1433/1433 1392/1392/1392 1432/1432/1432
f 1249/1249/1249 1252/1252/1252 1405/1405/1405
f 1253/1253/1253 1405/1405/1405 1252/1252/1252
f 1434/1434/1434 1403/1403/1403 1433/1433/1433
f 1253/1253/1253 1375/1375/1375 1405/1405/1405
f 1375/1375/1375 1253/1253/1253 1233/1233/1233
f 1412/1412/1412 1396/1396/1396 1440/1440/1440
f 1396/1396/1396 1412/1412/1412 1410/1410/1410
f 1441/1441/1441 1442/1442/1442 1257/1257/1257
f 1443/1443/1443 1441/1441/1441 1257/1257/1257
f 1444/1444/1444 1446/1446/1446 1445/1445/1445
f 1443/1443/1443 1257/1257/1257 1447/1447/1447
f 1447/1447/1447 1257/1257/1257 1448/1448/1448
f 1448/1448/1448 1257/1257/1257 1449/1449/1449
f 1450/1450/1450 1449/1449/1449 1257/1257/1257
f 1449/1449/1449 1450/1450/1450 1451/1451/1451
f 1450/1450/1450 1267/1267/1267 1452/1452/1452
f 1450/1450/1450 1257/1257/1257 1267/1267/1267
f 1374/1374/1374 1173/1173/1173 1171/1171/1171
f 1404/1404/1404 1374/1374/1374 1419/1419/1419
f 1394/1394/1394 1374/1374/1374 1404/1404/1404
f 1394/1394/1394 1376/1376/1376 1374/1374/1374
f 1376/1376/1376 1173/1173/1173 1374/1374/1374
f 1453/1453/1453 1455/1455/1455 1454/1454/1454
f 1455/1455/1455 1453/1453/1453 1456/1456/1456
f 1457/1457/1457 1455/1455/1455 1456/1456/1456
f 1458/1458/1458 1460/1460/1460 1459/1459/1459
f 1460/1460/1460 1458/1458/1458 1461/1461/1461
f 1462/1462/1462 1464/1464/1464 1463/1463/1463
f 1463/1463/1463 1465/1465/1465 1462/1462/1462
f 1465/1465/1465 1463/1463/1463 1466/1466/1466
f 1465/1465/1465 1459/1459/1459 1462/1462/1462
f 1459/1459/1459 1465/1465/1465 1467/1467/1467
f 1468/1468/1468 1470/1470/1470 1469/1469/1469
f 1471/1471/1471 1460/1460/1460 1461/1461/1461
f 1460/1460/1460 1471/1471/1471 1472/1472/1472
f 1473/1473/1473 1468/1468/1468 1474/1474/1474
f 1472/1472/1472 1471/1471/1471 1475/1475/1475
f 1476/1476/1476 1478/1478/1478 1477/1477/1477
f 1478/1478/1478 1476/1476/1476 1479/1479/1479
f 1464/1464/1464 1459/1459/1459 1480/1480/1480
f 1459/1459/1459 1464/1464/1464 1462/1462/1462
f 1479/1479/1479 1481/1481/1481 1478/1478/1478
f 1481/1481/1481 1479/1479/1479 1482/1482/1482
f 1454/1454/1454 1468/1468/1468 1469/1469/1469
f 1468/1468/1468 1454/1454/1454 1455/1455/1455
f 1483/1483/1483 1472/1472/1472 1484/1484/1484
f 1472/1472/1472 1483/1483/1483 1460/1460/1460
f 1482/1482/1482 1479/1479/1479 1485/1485/1485
f 1470/1470/1470 1479/1479/1479 1476/1476/1476
f 1479/1479/1479 1470/1470/1470 1468/1468/1468
f 1455/1455/1455 1474/1474/1474 1468/1468/1468
f 1474/1474/1474 1455/1455/1455 1457/1457/1457
f 1459/1459/1459 1486/1486/1486 1480/1480/1480
f 1486/1486/1486 1460/1460/1460 1487/1487/1487
f 1460/1460/1460 1486/1486/1486 1459/1459/1459
f 1467/1467/1467 1458/1458/1458 1459/1459/1459
f 1475/1475/1475 1484/1484/1484 1472/1472/1472
f 1483/1483/1483 1487/1487/1487 1460/1460/1460
f 1485/1485/1485 1468/1468/1468 1473/1473/1473
f 1468/1468/1468 1485/1485/1485 1479/1479/1479
f 1488/1488/1488 1490/1490/1490 1489/1489/1489
f 1490/1490/1490 1488/1488/1488 1491/1491/1491
f 1492/1492/1492 1494/1494/1494 1493/1493/1493
f 1491/1491/1491 1495/1495/1495 1490/1490/1490
f 1495/1495/1495 1491/1491/1491 1496/1496/1496
f 1497/1497/1497 1499/1499/1499 1498/1498/1498
f 1500/1500/1500 1501/1501/1501 1499/1499/1499
f 1501/1501/1501 1500/1500/1500 1502/1502/1502
f 1503/1503/1503 1499/1499/1499 1501/1501/1501
f 1504/1504/1504 1506/1506/1506 1505/1505/1505
f 1507/1507/1507 1509/1509/1509 1508/1508/1508
f 1510/1510/1510 1494/1494/1494 1492/1492/1492
f 1511/1511/1511 1513/1513/1513 1512/1512/1512
f 1513/1513/1513 1511/1511/1511 1490/1490/1490
f 1514/1514/1514 1515/1515/1515 1506/1506/1506
f 1515/1515/1515 1514/1514/1514 1516/1516/1516
f 1513/1513/1513 1517/1517/1517 1512/1512/1512
f 1514/1514/1514 1506/1506/1506 1504/1504/1504
f 1499/1499/1499 1518/1518/1518 1509/1509/1509
f 1518/1518/1518 1499/1499/1499 1503/1503/1503
f 1490/1490/1490 1519/1519/1519 1513/1513/1513
f 1519/1519/1519 1490/1490/1490 1520/1520/1520
f 1517/1517/1517 1506/1506/1506 1515/1515/1515
f 1506/1506/1506 1517/1517/1517 1513/1513/1513
f 1521/1521/1521 1513/1513/1513 1519/1519/1519
f 1522/1522/1522 1494/1494/1494 1523/1523/1523
f 1494/1494/1494 1508/1508/1508 1509/1509/1509
f 1508/1508/1508 1494/1494/1494 1522/1522/1522
f 1500/1500/1500 1497/1497/1497 1524/1524/1524
f 1497/1497/1497 1500/1500/1500 1499/1499/1499
f 1520/1520/1520 1490/1490/1490 1495/1495/1495
f 1509/1509/1509 1493/1493/1493 1494/1494/1494
f 1493/1493/1493 1509/1509/1509 1525/1525/1525
f 1513/1513/1513 1505/1505/1505 1506/1506/1506
f 1505/1505/1505 1513/1513/1513 1521/1521/1521
f 1525/1525/1525 1509/1509/1509 1518/1518/1518
f 1490/1490/1490 1511/1511/1511 1489/1489/1489
f 1509/1509/1509 1498/1498/1498 1499/1499/1499
f 1498/1498/1498 1509/1509/1509 1507/1507/1507
f 1523/1523/1523 1494/1494/1494 1510/1510/1510
f 522/522/522 495/495/495 457/457/457
f 495/495/495 522/522/522 378/378/378
f 382/382/382 1526/1526/1526 381/381/381
f 1526/1526/1526 382/382/382 426/426/426
f 515/515/515 1526/1526/1526 426/426/426
f 496/496/496 521/521/521 441/441/441
f 495/495/495 1527/1527/1527 496/496/496
f 1527/1527/1527 378/378/378 456/456/456
f 378/378/378 1527/1527/1527 495/495/495
f 443/443/443 512/512/512 1528/1528/1528
f 512/512/512 443/443/443 441/441/441
f 1529/1529/1529 426/426/426 425/425/425
f 426/426/426 421/421/421 422/422/422
f 421/421/421 426/426/426 1529/1529/1529
f 1530/1530/1530 422/422/422 451/451/451
f 422/422/422 1530/1530/1530 520/520/520
usemtl KimChmp101_part_0_material_1
f 1531/1531/1531 1533/1533/1533 1532/1532/1532
f 1534/1534/1534 1536/1536/1536 1535/1535/1535
f 1537/1537/1537 1539/1539/1539 1538/1538/1538
f 1538/1538/1538 1540/1540/1540 1537/1537/1537
f 1535/1535/1535 1541/1541/1541 1534/1534/1534
f 1542/1542/1542 1544/1544/1544 1543/1543/1543
f 1543/1543/1543 1545/1545/1545 1542/1542/1542
f 1543/1543/1543 1544/1544/1544 1546/1546/1546
f 1546/1546/1546 1547/1547/1547 1543/1543/1543
f 1548/1548/1548 1550/1550/1550 1549/1549/1549
f 1549/1549/1549 1551/1551/1551 1548/1548/1548
f 1552/1552/1552 1553/1553/1553 1541/1541/1541
f 1554/1554/1554 1556/1556/1556 1555/1555/1555
f 1555/1555/1555 1557/1557/1557 1554/1554/1554
f 1558/1558/1558 1559/1559/1559 1552/1552/1552
f 1560/1560/1560 1562/1562/1562 1561/1561/1561
f 1561/1561/1561 1563/1563/1563 1560/1560/1560
f 1564/1564/1564 1566/1566/1566 1565/1565/1565
f 1565/1565/1565 1567/1567/1567 1564/1564/1564
f 1568/1568/1568 1570/1570/1570 1569/1569/1569
f 1571/1571/1571 1569/1569/1569 1570/1570/1570
f 1570/1570/1570 1565/1565/1565 1571/1571/1571
f 1572/1572/1572 1574/1574/1574 1573/1573/1573
f 1573/1573/1573 1575/1575/1575 1572/1572/1572
f 1576/1576/1576 1577/1577/1577 1551/1551/1551
f 1551/1551/1551 1549/1549/1549 1576/1576/1576
f 1568/1568/1568 1578/1578/1578 1573/1573/1573
f 1573/1573/1573 1570/1570/1570 1568/1568/1568
f 1579/1579/1579 1566/1566/1566 1551/1551/1551
f 1551/1551/1551 1577/1577/1577 1579/1579/1579
f 1580/1580/1580 1540/1540/1540 1538/1538/1538
f 1581/1581/1581 1583/1583/1583 1582/1582/1582
f 1582/1582/1582 1584/1584/1584 1581/1581/1581
f 1585/1585/1585 1562/1562/1562 1586/1586/1586
f 1587/1587/1587 1589/1589/1589 1588/1588/1588
f 1588/1588/1588 1590/1590/1590 1587/1587/1587
f 1591/1591/1591 1589/1589/1589 1587/1587/1587
f 1587/1587/1587 1592/1592/1592 1591/1591/1591
f 1592/1592/1592 1594/1594/1594 1593/1593/1593
f 1593/1593/1593 1591/1591/1591 1592/1592/1592
f 1595/1595/1595 1597/1597/1597 1596/1596/1596
f 1596/1596/1596 1598/1598/1598 1595/1595/1595
f 1599/1599/1599 1600/1600/1600 1597/1597/1597
f 1597/1597/1597 1595/1595/1595 1599/1599/1599
f 1599/1599/1599 1590/1590/1590 1588/1588/1588
f 1588/1588/1588 1600/1600/1600 1599/1599/1599
f 1601/1601/1601 1603/1603/1603 1602/1602/1602
f 1602/1602/1602 1604/1604/1604 1601/1601/1601
f 1605/1605/1605 1542/1542/1542 1545/1545/1545
f 1545/1545/1545 1606/1606/1606 1605/1605/1605
f 1603/1603/1603 1605/1605/1605 1606/1606/1606
f 1606/1606/1606 1602/1602/1602 1603/1603/1603
f 1547/1547/1547 1546/1546/1546 1601/1601/1601
f 1601/1601/1601 1604/1604/1604 1547/1547/1547
f 1607/1607/1607 1609/1609/1609 1608/1608/1608
f 1608/1608/1608 1610/1610/1610 1607/1607/1607
f 1611/1611/1611 1613/1613/1613 1612/1612/1612
f 1612/1612/1612 1614/1614/1614 1611/1611/1611
f 1615/1615/1615 1616/1616/1616 1607/1607/1607
f 1607/1607/1607 1617/1617/1617 1615/1615/1615
f 1618/1618/1618 1612/1612/1612 1613/1613/1613
f 1613/1613/1613 1619/1619/1619 1618/1618/1618
f 1616/1616/1616 1620/1620/1620 1609/1609/1609
f 1609/1609/1609 1607/1607/1607 1616/1616/1616
f 1621/1621/1621 1622/1622/1622 1619/1619/1619
f 1610/1610/1610 1624/1624/1624 1623/1623/1623
f 1623/1623/1623 1607/1607/1607 1610/1610/1610
f 1621/1621/1621 1619/1619/1619 1613/1613/1613
f 1613/1613/1613 1625/1625/1625 1621/1621/1621
f 1607/1607/1607 1623/1623/1623 1626/1626/1626
f 1626/1626/1626 1617/1617/1617 1607/1607/1607
f 1627/1627/1627 1612/1612/1612 1618/1618/1618
f 1618/1618/1618 1628/1628/1628 1627/1627/1627
f 1629/1629/1629 1612/1612/1612 1627/1627/1627
f 1630/1630/1630 1631/1631/1631 1628/1628/1628
f 1628/1628/1628 1618/1618/1618 1630/1630/1630
f 1632/1632/1632 1620/1620/1620 1616/1616/1616
f 1609/1609/1609 1634/1634/1634 1633/1633/1633
f 1633/1633/1633 1608/1608/1608 1609/1609/1609
f 1635/1635/1635 1637/1637/1637 1636/1636/1636
f 1636/1636/1636 1638/1638/1638 1635/1635/1635
f 1636/1636/1636 1639/1639/1639 1627/1627/1627
f 1627/1627/1627 1628/1628/1628 1636/1636/1636
f 1640/1640/1640 1629/1629/1629 1627/1627/1627
f 1627/1627/1627 1639/1639/1639 1640/1640/1640
f 1641/1641/1641 1634/1634/1634 1609/1609/1609
f 1609/1609/1609 1620/1620/1620 1641/1641/1641
f 1642/1642/1642 1644/1644/1644 1643/1643/1643
f 1645/1645/1645 1647/1647/1647 1646/1646/1646
f 1532/1532/1532 1648/1648/1648 1531/1531/1531
f 1649/1649/1649 1650/1650/1650 1634/1634/1634
f 1634/1634/1634 1641/1641/1641 1651/1651/1651
f 1651/1651/1651 1645/1645/1645 1634/1634/1634
f 1647/1647/1647 1645/1645/1645 1651/1651/1651
f 1651/1651/1651 1652/1652/1652 1647/1647/1647
f 1616/1616/1616 1615/1615/1615 1632/1632/1632
f 1653/1653/1653 1655/1655/1655 1654/1654/1654
f 1654/1654/1654 1657/1657/1657 1656/1656/1656
f 1656/1656/1656 1653/1653/1653 1654/1654/1654
f 1658/1658/1658 1659/1659/1659 1654/1654/1654
f 1654/1654/1654 1655/1655/1655 1658/1658/1658
f 1660/1660/1660 1662/1662/1662 1661/1661/1661
f 1661/1661/1661 1663/1663/1663 1660/1660/1660
f 1664/1664/1664 1665/1665/1665 1659/1659/1659
f 1659/1659/1659 1658/1658/1658 1664/1664/1664
f 1657/1657/1657 1665/1665/1665 1666/1666/1666
f 1666/1666/1666 1667/1667/1667 1657/1657/1657
f 1666/1666/1666 1665/1665/1665 1664/1664/1664
f 1664/1664/1664 1668/1668/1668 1666/1666/1666
f 1669/1669/1669 1660/1660/1660 1663/1663/1663
f 1663/1663/1663 1670/1670/1670 1669/1669/1669
f 1670/1670/1670 1666/1666/1666 1668/1668/1668
f 1668/1668/1668 1669/1669/1669 1670/1670/1670
f 1671/1671/1671 1673/1673/1673 1672/1672/1672
f 1671/1671/1671 1653/1653/1653 1656/1656/1656
f 1673/1673/1673 1656/1656/1656 1657/1657/1657
f 1657/1657/1657 1667/1667/1667 1673/1673/1673
f 1663/1663/1663 1661/1661/1661 1674/1674/1674
f 1674/1674/1674 1675/1675/1675 1663/1663/1663
f 1666/1666/1666 1670/1670/1670 1676/1676/1676
f 1676/1676/1676 1677/1677/1677 1666/1666/1666
f 1670/1670/1670 1663/1663/1663 1675/1675/1675
f 1675/1675/1675 1676/1676/1676 1670/1670/1670
f 1673/1673/1673 1679/1679/1679 1678/1678/1678
f 1678/1678/1678 1672/1672/1672 1673/1673/1673
f 1680/1680/1680 1682/1682/1682 1681/1681/1681
f 1681/1681/1681 1683/1683/1683 1680/1680/1680
f 1684/1684/1684 1686/1686/1686 1685/1685/1685
f 1685/1685/1685 1687/1687/1687 1684/1684/1684
f 1682/1682/1682 1689/1689/1689 1688/1688/1688
f 1688/1688/1688 1681/1681/1681 1682/1682/1682
f 1689/1689/1689 1691/1691/1691 1690/1690/1690
f 1690/1690/1690 1688/1688/1688 1689/1689/1689
f 1691/1691/1691 1684/1684/1684 1687/1687/1687
f 1687/1687/1687 1690/1690/1690 1691/1691/1691
f 1692/1692/1692 1680/1680/1680 1683/1683/1683
f 1683/1683/1683 1693/1693/1693 1692/1692/1692
f 1659/1659/1659 1665/1665/1665 1657/1657/1657
f 1657/1657/1657 1654/1654/1654 1659/1659/1659
f 1694/1694/1694 1695/1695/1695 1625/1625/1625
f 1625/1625/1625 1696/1696/1696 1694/1694/1694
f 1626/1626/1626 1698/1698/1698 1697/1697/1697
f 1623/1623/1623 1698/1698/1698 1626/1626/1626
f 1695/1695/1695 1699/1699/1699 1621/1621/1621
f 1621/1621/1621 1625/1625/1625 1695/1695/1695
f 1700/1700/1700 1649/1649/1649 1646/1646/1646
f 1625/1625/1625 1613/1613/1613 1611/1611/1611
f 1611/1611/1611 1696/1696/1696 1625/1625/1625
f 1630/1630/1630 1618/1618/1618 1619/1619/1619
f 1631/1631/1631 1638/1638/1638 1636/1636/1636
f 1636/1636/1636 1628/1628/1628 1631/1631/1631
f 1701/1701/1701 1633/1633/1633 1634/1634/1634
f 1634/1634/1634 1650/1650/1650 1701/1701/1701
f 1621/1621/1621 1699/1699/1699 1702/1702/1702
f 1702/1702/1702 1622/1622/1622 1621/1621/1621
f 1703/1703/1703 1682/1682/1682 1704/1704/1704
f 1704/1704/1704 1679/1679/1679 1703/1703/1703
f 1705/1705/1705 1684/1684/1684 1675/1675/1675
f 1675/1675/1675 1674/1674/1674 1705/1705/1705
f 1689/1689/1689 1682/1682/1682 1703/1703/1703
f 1703/1703/1703 1677/1677/1677 1689/1689/1689
f 1691/1691/1691 1689/1689/1689 1677/1677/1677
f 1677/1677/1677 1676/1676/1676 1691/1691/1691
f 1684/1684/1684 1691/1691/1691 1676/1676/1676
f 1676/1676/1676 1675/1675/1675 1684/1684/1684
f 1679/1679/1679 1704/1704/1704 1706/1706/1706
f 1706/1706/1706 1678/1678/1678 1679/1679/1679
f 1682/1682/1682 1680/1680/1680 1704/1704/1704
f 1705/1705/1705 1686/1686/1686 1684/1684/1684
f 1704/1704/1704 1680/1680/1680 1692/1692/1692
f 1692/1692/1692 1706/1706/1706 1704/1704/1704
f 1677/1677/1677 1703/1703/1703 1667/1667/1667
f 1667/1667/1667 1666/1666/1666 1677/1677/1677
f 1673/1673/1673 1667/1667/1667 1703/1703/1703
f 1703/1703/1703 1679/1679/1679 1673/1673/1673
f 1707/1707/1707 1624/1624/1624 1708/1708/1708
f 1708/1708/1708 1709/1709/1709 1707/1707/1707
f 1710/1710/1710 1712/1712/1712 1711/1711/1711
f 1711/1711/1711 1713/1713/1713 1710/1710/1710
f 1714/1714/1714 1715/1715/1715 1710/1710/1710
f 1710/1710/1710 1713/1713/1713 1714/1714/1714
f 1716/1716/1716 1717/1717/1717 1715/1715/1715
f 1715/1715/1715 1714/1714/1714 1716/1716/1716
f 1718/1718/1718 1720/1720/1720 1719/1719/1719
f 1719/1719/1719 1721/1721/1721 1718/1718/1718
f 1541/1541/1541 1535/1535/1535 1552/1552/1552
f 1554/1554/1554 1557/1557/1557 1577/1577/1577
f 1577/1577/1577 1576/1576/1576 1554/1554/1554
f 1656/1656/1656 1673/1673/1673 1671/1671/1671
f 1566/1566/1566 1579/1579/1579 1571/1571/1571
f 1571/1571/1571 1565/1565/1565 1566/1566/1566
f 1575/1575/1575 1538/1538/1538 1539/1539/1539
f 1539/1539/1539 1722/1722/1722 1575/1575/1575
f 1570/1570/1570 1567/1567/1567 1565/1565/1565
f 1578/1578/1578 1538/1538/1538 1575/1575/1575
f 1575/1575/1575 1573/1573/1573 1578/1578/1578
f 1574/1574/1574 1567/1567/1567 1570/1570/1570
f 1570/1570/1570 1573/1573/1573 1574/1574/1574
f 1566/1566/1566 1564/1564/1564 1548/1548/1548
f 1548/1548/1548 1551/1551/1551 1566/1566/1566
f 1723/1723/1723 1718/1718/1718 1721/1721/1721
f 1721/1721/1721 1724/1724/1724 1723/1723/1723
f 1623/1623/1623 1726/1726/1726 1725/1725/1725
f 1725/1725/1725 1727/1727/1727 1623/1623/1623
f 1728/1728/1728 1725/1725/1725 1726/1726/1726
f 1726/1726/1726 1707/1707/1707 1728/1728/1728
f 1707/1707/1707 1726/1726/1726 1623/1623/1623
f 1623/1623/1623 1624/1624/1624 1707/1707/1707
f 1589/1589/1589 1730/1730/1730 1729/1729/1729
f 1729/1729/1729 1588/1588/1588 1589/1589/1589
f 1731/1731/1731 1730/1730/1730 1589/1589/1589
f 1589/1589/1589 1591/1591/1591 1731/1731/1731
f 1732/1732/1732 1731/1731/1731 1591/1591/1591
f 1591/1591/1591 1593/1593/1593 1732/1732/1732
f 1597/1597/1597 1734/1734/1734 1733/1733/1733
f 1733/1733/1733 1596/1596/1596 1597/1597/1597
f 1600/1600/1600 1735/1735/1735 1734/1734/1734
f 1734/1734/1734 1597/1597/1597 1600/1600/1600
f 1729/1729/1729 1735/1735/1735 1600/1600/1600
f 1600/1600/1600 1588/1588/1588 1729/1729/1729
f 1711/1711/1711 1712/1712/1712 1723/1723/1723
f 1723/1723/1723 1724/1724/1724 1711/1711/1711
f 1537/1537/1537 1540/1540/1540 1584/1584/1584
f 1584/1584/1584 1582/1582/1582 1537/1537/1537
f 1575/1575/1575 1722/1722/1722 1736/1736/1736
f 1737/1737/1737 1738/1738/1738 1581/1581/1581
f 1581/1581/1581 1584/1584/1584 1737/1737/1737
f 1739/1739/1739 1741/1741/1741 1740/1740/1740
f 1736/1736/1736 1572/1572/1572 1575/1575/1575
f 1740/1740/1740 1742/1742/1742 1739/1739/1739
f 1743/1743/1743 1738/1738/1738 1585/1585/1585
f 1585/1585/1585 1586/1586/1586 1743/1743/1743
f 1560/1560/1560 1741/1741/1741 1739/1739/1739
f 1739/1739/1739 1744/1744/1744 1560/1560/1560
f 1708/1708/1708 1746/1746/1746 1745/1745/1745
f 1623/1623/1623 1727/1727/1727 1698/1698/1698
f 1708/1708/1708 1748/1748/1748 1747/1747/1747
f 1744/1744/1744 1586/1586/1586 1562/1562/1562
f 1562/1562/1562 1560/1560/1560 1744/1744/1744
f 1749/1749/1749 1750/1750/1750 1585/1585/1585
f 1581/1581/1581 1752/1752/1752 1751/1751/1751
f 1751/1751/1751 1583/1583/1583 1581/1581/1581
f 1561/1561/1561 1562/1562/1562 1585/1585/1585
f 1585/1585/1585 1750/1750/1750 1561/1561/1561
f 1752/1752/1752 1581/1581/1581 1738/1738/1738
f 1738/1738/1738 1743/1743/1743 1752/1752/1752
f 1556/1556/1556 1740/1740/1740 1741/1741/1741
f 1741/1741/1741 1555/1555/1555 1556/1556/1556
f 1749/1749/1749 1585/1585/1585 1738/1738/1738
f 1738/1738/1738 1737/1737/1737 1749/1749/1749
f 1563/1563/1563 1555/1555/1555 1741/1741/1741
f 1741/1741/1741 1560/1560/1560 1563/1563/1563
f 1747/1747/1747 1709/1709/1709 1708/1708/1708
f 1584/1584/1584 1540/1540/1540 1580/1580/1580
f 1709/1709/1709 1747/1747/1747 1728/1728/1728
f 1728/1728/1728 1707/1707/1707 1709/1709/1709
f 1753/1753/1753 1754/1754/1754 1712/1712/1712
f 1712/1712/1712 1710/1710/1710 1753/1753/1753
f 1715/1715/1715 1755/1755/1755 1753/1753/1753
f 1753/1753/1753 1710/1710/1710 1715/1715/1715
f 1755/1755/1755 1715/1715/1715 1717/1717/1717
f 1717/1717/1717 1756/1756/1756 1755/1755/1755
f 1757/1757/1757 1758/1758/1758 1720/1720/1720
f 1720/1720/1720 1718/1718/1718 1757/1757/1757
f 1759/1759/1759 1757/1757/1757 1718/1718/1718
f 1718/1718/1718 1723/1723/1723 1759/1759/1759
f 1759/1759/1759 1723/1723/1723 1712/1712/1712
f 1712/1712/1712 1754/1754/1754 1759/1759/1759
f 1760/1760/1760 1762/1762/1762 1761/1761/1761
f 1761/1761/1761 1763/1763/1763 1760/1760/1760
f 1764/1764/1764 1766/1766/1766 1765/1765/1765
f 1765/1765/1765 1767/1767/1767 1764/1764/1764
f 1768/1768/1768 1769/1769/1769 1762/1762/1762
f 1762/1762/1762 1760/1760/1760 1768/1768/1768
f 1761/1761/1761 1771/1771/1771 1770/1770/1770
f 1770/1770/1770 1763/1763/1763 1761/1761/1761
f 1767/1767/1767 1765/1765/1765 1769/1769/1769
f 1769/1769/1769 1768/1768/1768 1767/1767/1767
f 1771/1771/1771 1766/1766/1766 1764/1764/1764
f 1764/1764/1764 1770/1770/1770 1771/1771/1771
f 1772/1772/1772 1610/1610/1610 1608/1608/1608
f 1608/1608/1608 1773/1773/1773 1772/1772/1772
f 1774/1774/1774 1776/1776/1776 1775/1775/1775
f 1776/1776/1776 1774/1774/1774 1777/1777/1777
f 1778/1778/1778 1779/1779/1779 1772/1772/1772
f 1772/1772/1772 1780/1780/1780 1778/1778/1778
f 1781/1781/1781 1619/1619/1619 1775/1775/1775
f 1775/1775/1775 1776/1776/1776 1781/1781/1781
f 1780/1780/1780 1772/1772/1772 1773/1773/1773
f 1773/1773/1773 1782/1782/1782 1780/1780/1780
f 1783/1783/1783 1619/1619/1619 1622/1622/1622
f 1610/1610/1610 1772/1772/1772 1708/1708/1708
f 1708/1708/1708 1624/1624/1624 1610/1610/1610
f 1783/1783/1783 1784/1784/1784 1775/1775/1775
f 1775/1775/1775 1619/1619/1619 1783/1783/1783
f 1772/1772/1772 1779/1779/1779 1746/1746/1746
f 1746/1746/1746 1708/1708/1708 1772/1772/1772
f 1785/1785/1785 1786/1786/1786 1781/1781/1781
f 1781/1781/1781 1776/1776/1776 1785/1785/1785
f 1787/1787/1787 1785/1785/1785 1776/1776/1776
f 1630/1630/1630 1781/1781/1781 1786/1786/1786
f 1786/1786/1786 1631/1631/1631 1630/1630/1630
f 1788/1788/1788 1780/1780/1780 1782/1782/1782
f 1773/1773/1773 1608/1608/1608 1633/1633/1633
f 1633/1633/1633 1789/1789/1789 1773/1773/1773
f 1635/1635/1635 1638/1638/1638 1790/1790/1790
f 1790/1790/1790 1791/1791/1791 1635/1635/1635
f 1790/1790/1790 1786/1786/1786 1785/1785/1785
f 1785/1785/1785 1792/1792/1792 1790/1790/1790
f 1793/1793/1793 1792/1792/1792 1785/1785/1785
f 1785/1785/1785 1787/1787/1787 1793/1793/1793
f 1794/1794/1794 1782/1782/1782 1773/1773/1773
f 1773/1773/1773 1789/1789/1789 1794/1794/1794
f 1795/1795/1795 1797/1797/1797 1796/1796/1796
f 1648/1648/1648 1532/1532/1532 1553/1553/1553
f 1789/1789/1789 1799/1799/1799 1798/1798/1798
f 1800/1800/1800 1532/1532/1532 1533/1533/1533
f 1789/1789/1789 1796/1796/1796 1801/1801/1801
f 1801/1801/1801 1794/1794/1794 1789/1789/1789
f 1797/1797/1797 1802/1802/1802 1801/1801/1801
f 1801/1801/1801 1796/1796/1796 1797/1797/1797
f 1780/1780/1780 1788/1788/1788 1778/1778/1778
f 1803/1803/1803 1805/1805/1805 1804/1804/1804
f 1805/1805/1805 1803/1803/1803 1558/1558/1558
f 1558/1558/1558 1806/1806/1806 1805/1805/1805
f 1807/1807/1807 1804/1804/1804 1805/1805/1805
f 1805/1805/1805 1808/1808/1808 1807/1807/1807
f 1809/1809/1809 1811/1811/1811 1810/1810/1810
f 1810/1810/1810 1812/1812/1812 1809/1809/1809
f 1813/1813/1813 1807/1807/1807 1808/1808/1808
f 1808/1808/1808 1814/1814/1814 1813/1813/1813
f 1806/1806/1806 1535/1535/1535 1536/1536/1536
f 1536/1536/1536 1814/1814/1814 1806/1806/1806
f 1536/1536/1536 1815/1815/1815 1813/1813/1813
f 1813/1813/1813 1814/1814/1814 1536/1536/1536
f 1816/1816/1816 1817/1817/1817 1811/1811/1811
f 1811/1811/1811 1809/1809/1809 1816/1816/1816
f 1817/1817/1817 1815/1815/1815 1536/1536/1536
f 1815/1815/1815 1817/1817/1817 1816/1816/1816
f 1559/1559/1559 1818/1818/1818 1552/1552/1552
f 1559/1559/1559 1558/1558/1558 1803/1803/1803
f 1552/1552/1552 1535/1535/1535 1806/1806/1806
f 1806/1806/1806 1558/1558/1558 1552/1552/1552
f 1811/1811/1811 1820/1820/1820 1819/1819/1819
f 1819/1819/1819 1810/1810/1810 1811/1811/1811
f 1536/1536/1536 1534/1534/1534 1821/1821/1821
f 1821/1821/1821 1817/1817/1817 1536/1536/1536
f 1817/1817/1817 1821/1821/1821 1820/1820/1820
f 1820/1820/1820 1811/1811/1811 1817/1817/1817
f 1552/1552/1552 1818/1818/1818 1822/1822/1822
f 1822/1822/1822 1553/1553/1553 1552/1552/1552
f 1533/1533/1533 1824/1824/1824 1823/1823/1823
f 1823/1823/1823 1800/1800/1800 1533/1533/1533
f 1644/1644/1644 1826/1826/1826 1825/1825/1825
f 1825/1825/1825 1643/1643/1643 1644/1644/1644
f 1800/1800/1800 1823/1823/1823 1827/1827/1827
f 1827/1827/1827 1828/1828/1828 1800/1800/1800
f 1828/1828/1828 1827/1827/1827 1829/1829/1829
f 1829/1829/1829 1830/1830/1830 1828/1828/1828
f 1830/1830/1830 1829/1829/1829 1826/1826/1826
f 1826/1826/1826 1644/1644/1644 1830/1830/1830
f 1531/1531/1531 1831/1831/1831 1824/1824/1824
f 1824/1824/1824 1533/1533/1533 1531/1531/1531
f 1808/1808/1808 1805/1805/1805 1806/1806/1806
f 1806/1806/1806 1814/1814/1814 1808/1808/1808
f 1832/1832/1832 1833/1833/1833 1784/1784/1784
f 1784/1784/1784 1834/1834/1834 1832/1832/1832
f 1746/1746/1746 1835/1835/1835 1745/1745/1745
f 1708/1708/1708 1745/1745/1745 1748/1748/1748
f 1834/1834/1834 1783/1783/1783 1836/1836/1836
f 1783/1783/1783 1834/1834/1834 1784/1784/1784
f 1837/1837/1837 1795/1795/1795 1798/1798/1798
f 1784/1784/1784 1833/1833/1833 1774/1774/1774
f 1774/1774/1774 1775/1775/1775 1784/1784/1784
f 1630/1630/1630 1619/1619/1619 1781/1781/1781
f 1631/1631/1631 1786/1786/1786 1790/1790/1790
f 1790/1790/1790 1638/1638/1638 1631/1631/1631
f 1701/1701/1701 1799/1799/1799 1789/1789/1789
f 1789/1789/1789 1633/1633/1633 1701/1701/1701
f 1783/1783/1783 1622/1622/1622 1702/1702/1702
f 1702/1702/1702 1836/1836/1836 1783/1783/1783
f 1541/1541/1541 1553/1553/1553 1532/1532/1532
f 1532/1532/1532 1800/1800/1800 1541/1541/1541
f 1642/1642/1642 1819/1819/1819 1820/1820/1820
f 1820/1820/1820 1644/1644/1644 1642/1642/1642
f 1828/1828/1828 1534/1534/1534 1541/1541/1541
f 1541/1541/1541 1800/1800/1800 1828/1828/1828
f 1830/1830/1830 1821/1821/1821 1534/1534/1534
f 1534/1534/1534 1828/1828/1828 1830/1830/1830
f 1644/1644/1644 1820/1820/1820 1821/1821/1821
f 1821/1821/1821 1830/1830/1830 1644/1644/1644
f 1553/1553/1553 1822/1822/1822 1648/1648/1648
