mtllib by-bd005.mtl
o part_0
v 4.967715 3.055091 -3.184953
v 6.985629 2.474769 -3.184953
v 6.985629 2.474768 -6.326242
v 4.967716 3.05509 -6.326242
v 6.985629 1.980739 -3.184953
v 6.985629 1.980739 -6.326242
v 6.985629 2.474768 -6.326242
v 6.985629 2.474769 -3.184953
v 6.561813 2.550199 -3.358672
v 6.561814 2.550198 -3.490341
v 6.561814 0.06618861 -3.490342
v 6.561813 0.06618825 -3.358672
v 6.561814 2.550198 -3.490341
v 6.69774 2.521599 -3.490342
v 6.697739 0.06618835 -3.490342
v 6.561814 0.06618861 -3.490342
v 6.69774 2.521599 -3.490342
v 6.69774 2.521599 -3.358672
v 6.69774 0.06618828 -3.358672
v 6.697739 0.06618835 -3.490342
v 6.69774 2.521599 -3.358672
v 6.561813 2.550199 -3.358672
v 6.561813 0.06618825 -3.358672
v 6.69774 0.06618828 -3.358672
v 4.537478 2.765926 -3.522192
v 4.537478 2.765926 -3.653862
v 4.537478 0.03377634 -3.653862
v 4.537478 0.0337762 -3.522192
v 4.537478 2.765926 -3.653862
v 4.673404 2.765926 -3.653862
v 4.673404 0.03377608 -3.653861
v 4.537478 0.03377634 -3.653862
v 4.673404 2.765926 -3.653862
v 4.673404 2.765926 -3.522192
v 4.673404 0.03377651 -3.522192
v 4.673404 0.03377608 -3.653861
v 4.673404 2.765926 -3.522192
v 4.537478 2.765926 -3.522192
v 4.537478 0.0337762 -3.522192
v 4.673404 0.03377651 -3.522192
v 6.561813 2.550199 -5.957335
v 6.561814 2.550198 -6.089005
v 6.561813 0.06618807 -6.089005
v 6.561814 0.06618792 -5.957335
v 6.561814 2.550198 -6.089005
v 6.69774 2.521598 -6.089005
v 6.697739 0.06618837 -6.089006
v 6.561813 0.06618807 -6.089005
v 6.69774 2.521598 -6.089005
v 6.69774 2.521599 -5.957335
v 6.697739 0.06618825 -5.957336
v 6.697739 0.06618837 -6.089006
v 6.69774 2.521599 -5.957335
v 6.561813 2.550199 -5.957335
v 6.561814 0.06618792 -5.957335
v 6.697739 0.06618825 -5.957336
v 4.537478 2.765925 -5.816982
v 4.537478 2.765925 -5.948651
v 4.569741 0.01682574 -5.960018
v 4.569741 0.01682574 -5.960018
v 4.537477 0.03377602 -5.816981
v 4.537478 2.765925 -5.816982
v 4.537478 2.765925 -5.948651
v 4.673404 2.765926 -5.948652
v 4.673404 0.03377616 -5.948651
v 4.673404 0.03377616 -5.948651
v 4.569741 0.01682574 -5.960018
v 4.537478 2.765925 -5.948651
v 4.673404 2.765926 -5.948652
v 4.673404 2.765926 -5.816982
v 4.673404 0.03377646 -5.81698
v 4.673404 0.03377616 -5.948651
v 4.673404 2.765926 -5.816982
v 4.537478 2.765925 -5.816982
v 4.537477 0.03377602 -5.816981
v 4.673404 0.03377646 -5.81698
v 5.669065 0.1098003 -2.523547
v 5.669065 -0.000124437 -2.523547
v 5.669065 -0.0001246754 -5.976803
v 5.669065 0.1098 -5.976803
v 5.669065 0.1098 -5.976803
v 5.669065 -0.0001246754 -5.976803
v 2.028664 -0.0001249138 -5.976803
v 2.028664 0.1098001 -5.976803
v 2.378078 3.440247 -6.385228
v 2.378079 3.440247 -5.91784
v 4.663414 3.440246 -5.917841
v 5.003324 3.440247 -6.385229
v 2.378078 3.049819 -6.385228
v 2.378078 3.440247 -6.385228
v 5.003324 3.440247 -6.385229
v 5.003323 3.049819 -6.385228
v 4.602004 3.049819 -6.279415
v 4.602004 3.049819 -5.971385
v 4.569741 0.01682574 -5.960018
v 4.569741 0.01682574 -5.960018
v 4.602004 -0.0001249854 -6.279413
v 4.602004 3.049819 -6.279415
v 5.276487 2.064677 -3.490168
v 5.408829 2.105335 -3.490168
v 5.40883 2.105335 -5.960496
v 5.276487 2.064677 -5.960495
v 5.920878 -0.03284822 -3.490168
v 6.053221 0.007809752 -3.490168
v 5.408829 2.105335 -3.490168
v 5.276487 2.064677 -3.490168
v 6.053221 0.007809752 -3.490168
v 6.053221 0.007809894 -5.960495
v 5.40883 2.105335 -5.960496
v 5.408829 2.105335 -3.490168
v 6.053221 0.007809894 -5.960495
v 5.920879 -0.03284837 -5.960495
v 5.276487 2.064677 -5.960495
v 5.40883 2.105335 -5.960496
v 5.920879 -0.03284837 -5.960495
v 5.920878 -0.03284822 -3.490168
v 5.276487 2.064677 -3.490168
v 5.276487 2.064677 -5.960495
v 5.405695 1.695329 -4.613234
v 5.524328 1.622267 -4.613234
v 5.524328 1.622267 -4.83743
v 5.405695 1.695329 -4.83743
v 4.820649 0.0919797 -4.613233
v 4.951393 0.04644038 -4.613233
v 5.524328 1.622267 -4.613234
v 5.405695 1.695329 -4.613234
v 4.951393 0.04644038 -4.613233
v 4.951392 0.04644004 -4.83743
v 5.524328 1.622267 -4.83743
v 5.524328 1.622267 -4.613234
v 4.951392 0.04644004 -4.83743
v 4.820649 0.09197997 -4.83743
v 5.405695 1.695329 -4.83743
v 5.524328 1.622267 -4.83743
v 4.820649 0.09197997 -4.83743
v 4.820649 0.0919797 -4.613233
v 5.405695 1.695329 -4.613234
v 5.405695 1.695329 -4.83743
v 2.177418 -0.0001250092 -6.279413
v 2.177419 3.049819 -6.279414
v 4.602004 3.049819 -6.279415
v 4.602004 -0.0001249854 -6.279413
v 5.003324 3.440247 -3.077034
v 5.003323 3.049819 -3.077034
v 5.003323 3.049819 -6.385228
v 5.003324 3.440247 -6.385229
v 2.378079 3.440247 -5.91784
v 2.378079 4.651679 -5.91784
v 2.70264 4.651678 -5.917841
v 3.928279 4.360613 -5.917841
v 4.663414 3.440246 -5.917841
v 4.569741 0.01682574 -5.960018
v 4.602004 3.049819 -5.971385
v 2.177419 3.049819 -5.971385
v 2.177419 3.049819 -5.971385
v 2.177419 -0.0001246992 -5.971384
v 4.569741 0.01682574 -5.960018
v 2.028664 0.1098001 -5.976803
v 2.028664 0.1098004 -2.523547
v 5.669065 0.1098003 -2.523547
v 5.669065 0.1098 -5.976803
v 4.315282 1.013206 -6.044146
v 4.027466 1.708054 -6.044146
v 4.027465 1.708054 -4.357867
v 4.315281 1.013206 -4.357867
v 3.332618 1.995869 -6.044145
v 3.332616 1.99587 -4.357867
v 2.637768 1.708054 -6.044144
v 2.637767 1.708054 -4.357867
v 4.027466 0.3183567 -6.044146
v 4.027465 0.3183576 -4.357868
v 4.315281 1.013206 -4.357867
v 4.027465 1.708054 -4.357867
v 3.332616 1.013206 -4.357867
v 3.332616 1.99587 -4.357867
v 2.637767 1.708054 -4.357867
v 4.027465 0.3183576 -4.357868
v 2.349952 1.013206 -4.357867
v 2.637767 0.3183571 -4.357867
v 3.332616 0.03054148 -4.357867
v 2.637768 1.708054 -6.044144
v 2.349953 1.013206 -6.044144
v 2.349952 1.013206 -4.357867
v 2.637767 1.708054 -4.357867
v 3.33385 0.1269739 -2.413462
v 4.721555 0.1544939 -2.933189
v 4.626875 0.1544943 -3.185989
v 3.23917 0.1269737 -2.666263
v 4.091666 0.1273079 -3.556749
v 4.132339 0.1541591 -5.001976
v 3.869059 0.154159 -5.009385
v 3.828386 0.1273077 -3.564158
v 5.517525 0.1920422 -3.152446
v 5.687855 0.2240241 -4.866086
v 5.375678 0.2240243 -4.897115
v 5.205349 0.1920421 -3.183475
v 4.663414 3.440247 -4.081389
v 4.663414 3.440246 -5.917841
v 3.928279 4.360613 -5.917841
v 3.928279 4.360613 -4.081389
v 2.70264 4.651678 -5.917841
v 2.70264 4.651679 -4.081389
v 3.928279 4.360613 -4.081389
v 3.928279 4.360613 -5.917841
v 2.70264 4.651679 -4.081389
v 2.70264 4.65168 -3.077034
v 3.928279 4.360613 -3.077034
v 3.928279 4.360613 -4.081389
v 4.663414 3.440248 -3.077034
v 4.663414 3.440247 -4.081389
v 3.928279 4.360613 -4.081389
v 3.928279 4.360613 -3.077034
v 5.672475 0.1275391 -3.544083
v 5.672475 0.1275392 -2.281225
v 5.60063 0.1392829 -2.281224
v 5.60063 0.1392829 -3.544083
v 5.684218 0.1993837 -3.544083
v 5.612374 0.211127 -3.544083
v 5.612374 0.2111272 -2.281224
v 5.684218 0.1993838 -2.281224
v 5.335422 0.1038312 -1.93017
v 5.314402 -0.06895337 -2.145987
v 5.871752 -0.06895366 -2.145986
v 5.871752 -0.06895366 -2.145986
v 5.871753 0.1315425 -1.918025
v 5.335422 0.1038312 -1.93017
v 5.314402 0.3578415 -2.117058
v 5.871752 0.3578414 -2.117058
v 5.871752 0.1573448 -2.34502
v 5.314402 0.1573449 -2.34502
v 5.335422 0.1038312 -1.93017
v 5.871753 0.1315425 -1.918025
v 5.871753 0.1315425 -1.918025
v 5.871752 -0.06895366 -2.145986
v 5.871752 0.1573448 -2.34502
v 5.871752 0.3578414 -2.117058
v 5.871752 -0.06895366 -2.145986
v 5.314402 -0.06895337 -2.145987
v 5.314402 0.1573449 -2.34502
v 5.871752 0.1573448 -2.34502
v 5.314402 -0.06895337 -2.145987
v 5.335422 0.1038312 -1.93017
v 5.314402 0.3578415 -2.117058
v 5.314402 0.3578415 -2.117058
v 5.314402 0.1573449 -2.34502
v 5.314402 -0.06895337 -2.145987
v 5.672475 0.1275391 -3.544083
v 5.684218 0.1993837 -3.544083
v 5.684218 0.1993838 -2.281224
v 5.672475 0.1275392 -2.281225
v 5.612374 0.2111272 -2.281224
v 5.612374 0.211127 -3.544083
v 5.60063 0.1392829 -3.544083
v 5.60063 0.1392829 -2.281224
v 5.672475 0.1275391 -3.544083
v 5.60063 0.1392829 -3.544083
v 5.612374 0.211127 -3.544083
v 5.684218 0.1993837 -3.544083
v 5.003324 3.440247 -3.077034
v 5.003324 3.440247 -6.385229
v 4.663414 3.440246 -5.917841
v 4.663414 3.440247 -3.077034
vt 0.9912465 0.9885744
vt 0.9912466 0.6868805
vt 0.5507759 0.6868805
vt 0.5507759 0.9885744
vt 0.990441 0.6165184
vt 0.5490962 0.6165184
vt 0.5490962 0.6877097
vt 0.990441 0.6877096
vt 0.002968952 0.007027268
vt 0.04340711 0.007124782
vt 0.04340711 0.398957
vt 0.002968952 0.3988595
vt 0.002968952 0.007027268
vt 0.04340711 0.007124782
vt 0.04340711 0.398957
vt 0.002968952 0.3988595
vt 0.002968952 0.007027268
vt 0.04340711 0.007124782
vt 0.04340711 0.398957
vt 0.002968952 0.3988595
vt 0.002968952 0.007027268
vt 0.04340711 0.007124782
vt 0.04340711 0.398957
vt 0.002968952 0.3988595
vt 0.002968952 0.398957
vt 0.04340711 0.3988594
vt 0.04340711 0.007027268
vt 0.002968952 0.007124782
vt 0.002968952 0.398957
vt 0.04340711 0.3988594
vt 0.04340711 0.007027268
vt 0.002968952 0.007124782
vt 0.002968952 0.398957
vt 0.04340711 0.3988594
vt 0.04340711 0.007027268
vt 0.002968952 0.007124782
vt 0.002968952 0.398957
vt 0.04340711 0.3988594
vt 0.04340711 0.007027268
vt 0.002968952 0.007124782
vt 0.002968952 0.007027268
vt 0.04340711 0.007124782
vt 0.04340711 0.398957
vt 0.002968952 0.3988595
vt 0.002968952 0.007027268
vt 0.04340711 0.007124782
vt 0.04340711 0.398957
vt 0.002968952 0.3988595
vt 0.002968952 0.007027268
vt 0.04340711 0.007124782
vt 0.04340711 0.398957
vt 0.002968952 0.3988595
vt 0.002968952 0.007027268
vt 0.04340711 0.007124782
vt 0.04340711 0.398957
vt 0.002968952 0.3988595
vt 0.002968952 0.398957
vt 0.04340711 0.3988594
vt 0.04340711 0.007027268
vt 0.04340711 0.007027268
vt 0.002968952 0.007124782
vt 0.002968952 0.398957
vt 0.002968952 0.398957
vt 0.04340711 0.3988594
vt 0.04340711 0.007027268
vt 0.04340711 0.007027268
vt 0.002968952 0.007124782
vt 0.002968952 0.398957
vt 0.002968952 0.398957
vt 0.04340711 0.3988594
vt 0.04340711 0.007027268
vt 0.002968952 0.007124782
vt 0.002968952 0.398957
vt 0.04340711 0.3988594
vt 0.04340711 0.007027268
vt 0.002968952 0.007124782
vt 0.9947293 0.5603937
vt 0.9947293 0.5781952
vt 0.4216217 0.5781952
vt 0.4216217 0.5603937
vt 2.533449 0.01962948
vt 2.533449 5.960464E-08
vt 3.18352 5.960464E-08
vt 3.18352 0.01962948
vt 0.1717819 0.6089273
vt 0.1717819 0.5254652
vt 0.5798775 0.5254652
vt 0.6405756 0.6089273
vt 0.9824395 0.5218596
vt 0.9824395 0.6170527
vt 0.5136457 0.6170527
vt 0.5136457 0.5218596
vt 0.06694514 0.5454642
vt 0.01193989 0.5454642
vt 0.01193989 0.007080257
vt 0.01193989 0.007080257
vt 0.06694514 0.007080257
vt 0.06694514 0.5454642
vt 0.002968952 0.3988595
vt 0.04340711 0.398957
vt 0.04340711 0.007124782
vt 0.002968952 0.007027268
vt 0.002968952 0.007027268
vt 0.04340711 0.007124782
vt 0.04340711 0.398957
vt 0.002968952 0.3988595
vt 0.006239499 0.005806923
vt 0.4006318 0.005806923
vt 0.4006318 0.4044017
vt 0.006239499 0.4044017
vt 0.002968952 0.007027268
vt 0.04340711 0.007124782
vt 0.04340711 0.398957
vt 0.002968952 0.3988595
vt -0.11507 -0.3745581
vt 0.3260601 -0.3745581
vt 0.3260601 0.0172776
vt -0.11507 0.0172776
vt 0 0.02487999
vt 0 0
vt 0.04003516 0
vt 0.04003516 0.02487999
vt 0.002968952 0.007027268
vt 0.04340711 0.007124782
vt 0.04340711 0.398957
vt 0.002968952 0.3988595
vt 0.002968952 0.007027268
vt 0.04340711 0.007124782
vt 0.04340711 0.398957
vt 0.002968952 0.3988595
vt 0.002968952 0.007027268
vt 0.04340711 0.007124782
vt 0.04340711 0.398957
vt 0.002968952 0.3988595
vt 0.002968952 0.007027268
vt 0.04340711 0.007124782
vt 0.04340711 0.398957
vt 0.002968952 0.3988595
vt 0.2514499 0.00831145
vt 0.2514499 0.5466954
vt 0.6844114 0.5466954
vt 0.6844114 0.00831145
vt 0.5051637 0.6111019
vt 0.5051637 0.5240565
vt 0.989561 0.5240565
vt 0.989561 0.6111019
vt 0.009794164 0.6176453
vt 0.009794164 0.7960472
vt 0.0760294 0.7979025
vt 0.2592795 0.7548831
vt 0.3912652 0.6176453
vt 0.4553973 0.01175737
vt 0.4553973 0.5390232
vt 0.03624194 0.5390232
vt 0.03624194 0.5390232
vt 0.03624194 0.01175737
vt 0.4553973 0.01175737
vt 0.9942885 0.5733231
vt 0.9942885 0.005997002
vt 0.4215592 0.005996943
vt 0.4215592 0.5733231
vt 0.7218652 0.4066265
vt 0.5468178 0.4066259
vt 0.5468192 0.00863868
vt 0.7218666 0.008639336
vt 0.7218652 0.4066265
vt 0.7218666 0.008639336
vt 0.5468178 0.4066259
vt 0.5468192 0.00863868
vt 0.5468178 0.4066259
vt 0.5468192 0.00863868
vt 0.5117918 0.7647802
vt 0.5760264 0.9198563
vt 0.7311025 0.7647802
vt 0.7311025 0.9840909
vt 0.5760264 0.9198563
vt 0.5760264 0.9198563
vt 0.5117918 0.7647802
vt 0.5760264 0.9198563
vt 0.7311025 0.9840909
vt 0.7218652 0.4066265
vt 0.5468178 0.4066259
vt 0.5468192 0.00863868
vt 0.7218666 0.008639336
vt 0.5126531 0.640563
vt 0.9864026 0.6405611
vt 0.9864029 0.7382146
vt 0.5126534 0.7382166
vt 0.5126531 0.640563
vt 0.9864026 0.6405611
vt 0.9864029 0.7382146
vt 0.5126534 0.7382166
vt 0.5126528 0.5429096
vt 0.9864023 0.5429076
vt 0.9864026 0.6405611
vt 0.5126531 0.640563
vt 0.03769955 0.7436491
vt 0.03912668 0.1184567
vt 0.4280538 0.1184582
vt 0.4252065 0.7436504
vt 0.5419798 0.1166466
vt 0.5419798 0.7430321
vt 0.1375379 0.7430321
vt 0.1375378 0.1166468
vt 0.5419798 0.737816
vt 0.5419798 0.395246
vt 0.1375378 0.3952459
vt 0.1375379 0.737816
vt 0.03900189 0.4101596
vt 0.03900071 0.7439436
vt 0.4265077 0.743945
vt 0.4265089 0.410161
vt 0.9566439 0.4162711
vt 0.5253729 0.4128452
vt 0.5253729 0.4425166
vt 0.9566439 0.4425166
vt 0.9566439 0.4162711
vt 0.9566439 0.4425166
vt 0.5253729 0.4425166
vt 0.5253729 0.4128452
vt 0.4463383 0.105165
vt 0.3665185 0.1051647
vt 0.366518 0.2457746
vt 0.366518 0.2457746
vt 0.4463377 0.2457749
vt 0.4463383 0.105165
vt 0.3665185 0.1051647
vt 0.366518 0.2457746
vt 0.4463377 0.2457749
vt 0.4463383 0.105165
vt 0.4463383 0.105165
vt 0.4463377 0.2457749
vt 0.4515906 0.1203272
vt 0.4530138 0.06679118
vt 0.5358233 0.06769788
vt 0.5344002 0.1212338
vt 0.366518 0.2457746
vt 0.3665185 0.1051647
vt 0.4463383 0.105165
vt 0.4463377 0.2457749
vt 0.4515906 0.1203272
vt 0.4530138 0.06679118
vt 0.5358233 0.06769788
vt 0.5358233 0.06769788
vt 0.5344002 0.1212338
vt 0.4515906 0.1203272
vt 0.9566439 0.4128452
vt 0.9566439 0.4425166
vt 0.5253729 0.4425166
vt 0.5253729 0.4128452
vt 0.5253729 0.4425166
vt 0.9566439 0.4425166
vt 0.9566439 0.4128452
vt 0.5253729 0.4128452
vt 0.9353431 0.4113371
vt 0.9570659 0.4117756
vt 0.9580605 0.4416106
vt 0.9363376 0.4411722
vt 0.5039399 0.6159505
vt 0.9987885 0.6159505
vt 0.9288754 0.5261233
vt 0.5039399 0.5261233
usemtl material_0_0
f 119/119 120/120 121/121
f 121/121 122/122 119/119
f 162/162 163/163 164/164
f 164/164 165/165 162/162
f 163/163 166/166 167/167
f 167/167 164/164 163/163
f 166/166 168/168 169/169
f 169/169 167/167 166/166
f 170/170 162/162 165/165
f 165/165 171/171 170/170
f 172/172 173/173 174/174
f 173/173 175/175 174/174
f 175/175 176/176 174/174
f 177/177 172/172 174/174
f 176/176 178/178 174/174
f 178/178 179/179 174/174
f 179/179 180/180 174/174
f 180/180 177/177 174/174
f 181/181 182/182 183/183
f 183/183 184/184 181/181
f 185/185 186/186 187/187
f 187/187 188/188 185/185
f 189/189 190/190 191/191
f 191/191 192/192 189/189
f 193/193 194/194 195/195
f 195/195 196/196 193/193
f 213/213 214/214 215/215
f 215/215 216/216 213/213
f 217/217 218/218 219/219
f 219/219 220/220 217/217
f 221/221 222/222 223/223
f 224/224 225/225 226/226
f 227/227 228/228 229/229
f 229/229 230/230 227/227
f 231/231 232/232 228/228
f 228/228 227/227 231/231
f 233/233 234/234 235/235
f 235/235 236/236 233/233
f 237/237 238/238 239/239
f 239/239 240/240 237/237
f 241/241 242/242 243/243
f 244/244 245/245 246/246
f 247/247 248/248 249/249
f 249/249 250/250 247/247
f 251/251 252/252 253/253
f 253/253 254/254 251/251
f 255/255 256/256 257/257
f 257/257 258/258 255/255
usemtl material_0_1
f 77/77 78/78 79/79
f 79/79 80/80 77/77
f 81/81 82/82 83/83
f 83/83 84/84 81/81
f 85/85 86/86 87/87
f 87/87 88/88 85/85
f 89/89 90/90 91/91
f 91/91 92/92 89/89
f 93/93 94/94 95/95
f 96/96 97/97 98/98
f 139/139 140/140 141/141
f 141/141 142/142 139/139
f 143/143 144/144 145/145
f 145/145 146/146 143/143
f 147/147 148/148 149/149
f 147/147 149/149 150/150
f 147/147 150/150 151/151
f 152/152 153/153 154/154
f 155/155 156/156 157/157
f 259/259 260/260 261/261
f 261/261 262/262 259/259
usemtl material_0_2
f 1/1 2/2 3/3
f 3/3 4/4 1/1
f 5/5 6/6 7/7
f 7/7 8/8 5/5
f 9/9 10/10 11/11
f 11/11 12/12 9/9
f 13/13 14/14 15/15
f 15/15 16/16 13/13
f 17/17 18/18 19/19
f 19/19 20/20 17/17
f 21/21 22/22 23/23
f 23/23 24/24 21/21
f 25/25 26/26 27/27
f 27/27 28/28 25/25
f 29/29 30/30 31/31
f 31/31 32/32 29/29
f 33/33 34/34 35/35
f 35/35 36/36 33/33
f 37/37 38/38 39/39
f 39/39 40/40 37/37
f 41/41 42/42 43/43
f 43/43 44/44 41/41
f 45/45 46/46 47/47
f 47/47 48/48 45/45
f 49/49 50/50 51/51
f 51/51 52/52 49/49
f 53/53 54/54 55/55
f 55/55 56/56 53/53
f 57/57 58/58 59/59
f 60/60 61/61 62/62
f 63/63 64/64 65/65
f 66/66 67/67 68/68
f 69/69 70/70 71/71
f 71/71 72/72 69/69
f 73/73 74/74 75/75
f 75/75 76/76 73/73
f 99/99 100/100 101/101
f 101/101 102/102 99/99
f 103/103 104/104 105/105
f 105/105 106/106 103/103
f 107/107 108/108 109/109
f 109/109 110/110 107/107
f 111/111 112/112 113/113
f 113/113 114/114 111/111
f 115/115 116/116 117/117
f 117/117 118/118 115/115
f 123/123 124/124 125/125
f 125/125 126/126 123/123
f 127/127 128/128 129/129
f 129/129 130/130 127/127
f 131/131 132/132 133/133
f 133/133 134/134 131/131
f 135/135 136/136 137/137
f 137/137 138/138 135/135
f 158/158 159/159 160/160
f 160/160 161/161 158/158
usemtl material_0_3
f 197/197 198/198 199/199
f 199/199 200/200 197/197
f 201/201 202/202 203/203
f 203/203 204/204 201/201
f 205/205 206/206 207/207
f 207/207 208/208 205/205
f 209/209 210/210 211/211
f 211/211 212/212 209/209
o part_1
v -6.19673 3.15027 -2.659126
v -6.19673 3.440248 -2.659127
v -6.19673 3.440248 0.1507483
v -6.19673 3.150271 0.150749
v -6.986855 -0.000123686 0.1507474
v -6.986854 3.440248 0.1507471
v -6.986856 3.440248 -3.449252
v -6.986856 -0.0001244966 -3.449251
v -6.986854 3.440248 0.1507471
v -6.19673 3.440248 0.1507483
v -6.19673 3.440248 -2.659127
v -6.986856 3.440248 -3.449252
v -4.394828 3.440248 -3.449252
v -4.394828 -0.0001241867 -3.449251
v -6.986856 -0.0001244966 -3.449251
v -6.986856 3.440248 -3.449252
v -6.19673 3.440248 -2.659127
v -4.394828 3.440248 -2.659127
v -4.394828 3.440248 -3.449252
v -6.986856 3.440248 -3.449252
v -4.394827 3.150271 -2.659127
v -4.394828 3.440248 -2.659127
v -6.19673 3.440248 -2.659127
v -6.19673 3.15027 -2.659126
v -4.253206 3.150271 -2.659127
v -4.786853 3.150271 -2.659127
v -4.786853 3.150271 0.1507474
v -4.253206 3.150271 0.1507471
v -6.19673 3.15027 -2.659126
v -6.19673 3.150271 0.1507486
v -4.786853 3.150271 0.1507474
v -4.786853 3.150271 -2.659127
vt 0.9928544 0.5688419
vt 0.9928544 0.6139438
vt 0.4910909 0.6139438
vt 0.4910909 0.5688419
vt 0.01471859 0.007850051
vt 0.0147188 0.6141227
vt 0.6575758 0.6141227
vt 0.6575758 0.007850051
vt 0.6738199 0.6166408
vt 0.6738198 0.4755472
vt 0.1720561 0.4755472
vt 0.03096281 0.6166408
vt 0.308357 0.6135932
vt 0.3083571 0.007320523
vt 0.747317 0.007320523
vt 0.747317 0.6135932
vt 0.6464289 0.4673017
vt 0.3246605 0.4673017
vt 0.3496214 0.614673
vt 0.7865524 0.613246
vt 0.5896118 0.5684638
vt 0.5896118 0.6135657
vt 0.2678434 0.6135657
vt 0.2678434 0.5684638
vt 0.4505124 0.9609323
vt 0.3126061 0.960932
vt 0.3126061 0.1801191
vt 0.4505124 0.1801191
vt 0.07650965 0.1803632
vt 0.07650965 0.9612542
vt 0.4867604 0.9612542
vt 0.4867604 0.1803629
usemtl material_1_0
f 263/263 264/264 265/265
f 265/265 266/266 263/263
f 267/267 268/268 269/269
f 269/269 270/270 267/267
f 271/271 272/272 273/273
f 273/273 274/274 271/271
f 275/275 276/276 277/277
f 277/277 278/278 275/275
f 279/279 280/280 281/281
f 281/281 282/282 279/279
f 283/283 284/284 285/285
f 285/285 286/286 283/283
usemtl material_1_1
f 287/287 288/288 289/289
f 289/289 290/290 287/287
f 291/291 292/292 293/293
f 293/293 294/294 291/291
o part_2
v -1.611737 0.109801 0.929709
v -1.611737 -0.0001241747 0.9297085
v 2.028665 -0.0001244131 0.9297082
v 2.028665 0.1098006 0.9297082
v 2.378078 3.440248 -0.2362264
v 2.378079 4.65168 -0.2362269
v 2.053518 4.65168 -0.2362269
v 0.8278785 4.360614 -0.2362269
v 0.09274352 3.440248 -0.2362261
v 0.09274352 3.440248 -0.2362261
v -0.2538007 3.440248 0.2164133
v 2.378078 3.440248 0.2311609
v 2.378078 3.440248 -0.2362264
v -0.2538007 3.440248 0.2164133
v -0.2471654 3.04982 0.2311612
v 2.378079 3.04982 0.2311612
v 2.378079 3.04982 0.2311612
v 2.378078 3.440248 0.2311609
v -0.2538007 3.440248 0.2164133
v 0.7205421 -0.0001247946 -0.3442858
v -0.2471658 -0.0001244131 -0.3442858
v -0.2471655 3.04982 -0.3442858
v 0.7205424 3.04982 -0.3442862
v 0.7205421 -0.0001247708 1.192093E-07
v 0.7205421 -0.0001247946 -0.3442858
v 0.7205424 3.04982 -0.3442862
v 0.7205424 3.04982 -2.384186E-07
v -0.2471658 -0.0001244131 1.192093E-07
v 0.7205421 -0.0001247708 1.192093E-07
v 0.7205424 3.04982 -2.384186E-07
v -0.2471655 3.04982 1.192093E-07
v 2.70264 4.65168 -0.2362269
v 2.053518 4.65168 -0.2362269
v 2.378079 4.65168 -0.2362269
v 2.122278 1.656073 -1.506856
v 2.500482 0.7430068 -1.506856
v 2.500482 0.7430064 -3.722709
v 2.122278 1.656072 -3.722709
v 1.209212 2.034277 -1.506856
v 1.209212 2.034276 -3.722708
v 0.2961456 1.656073 -1.506856
v 0.2961459 1.656072 -3.722708
v 2.122278 -0.1700593 -1.506856
v 2.122278 -0.1700596 -3.722709
v 1.320392 1.017688 0.3772813
v 1.167671 1.025423 0.7270944
v 1.247264 0.7064103 0.8590803
v 1.535696 0.7061144 0.45319
v 0.9960351 1.017688 0.2944722
v 0.9471425 1.025423 0.3840944
v 0.8161477 0.7061145 0.2540914
v 1.109378 0.3945413 0.7220895
v 1.320392 0.3945413 0.3772813
v 1.355809 1.017688 -0.05064225
v 1.320392 1.017688 0.3772813
v 1.535696 0.7061144 0.45319
v 1.535696 0.7061148 -0.05064225
v 0.9960351 1.017688 -0.05064225
v 0.9960351 1.017688 0.2944722
v 0.8161475 0.7061144 -0.05064225
v 0.8161477 0.7061145 0.2540914
v 1.355809 0.3945417 -0.05064225
v 1.535696 0.7061148 -0.05064225
v 1.535696 0.7061144 0.45319
v 1.320392 0.3945413 0.3772813
v 1.167671 1.025423 0.7270944
v 0.7077279 1.017688 0.8470411
v 0.7283279 0.7061151 1.026928
v 1.247264 0.7064103 0.8590803
v 0.9471425 1.025423 0.3840944
v 0.6456795 1.017688 0.4872667
v 0.8161477 0.7061145 0.2540914
v 0.6116524 0.7061149 0.3073801
v 0.7077277 0.3945415 0.8470414
v 1.109378 0.3945413 0.7220895
v 0.7283279 0.7061151 1.026928
v 0.7077279 1.017688 0.8470411
v -0.05403125 1.017688 0.8470411
v -0.05403131 0.7061151 1.026928
v 0.6456795 1.017688 0.4872667
v -0.05403131 1.017689 0.4872667
v 0.6116524 0.7061149 0.3073801
v -0.2640404 0.7061147 0.3073801
v 0.7077277 0.3945415 0.8470414
v -0.05403107 0.3945417 0.8470411
v 1.535696 0.7061148 -0.05064225
v 1.535696 0.7061147 -1.518536
v 1.355809 1.017688 -1.518536
v 1.355809 1.017688 -0.05064225
v 0.9960341 1.017688 -1.518536
v 0.9960351 1.017688 -0.05064225
v 0.8161477 0.7061145 -1.518536
v 0.8161475 0.7061144 -0.05064225
v 1.355809 0.3945417 -0.05064225
v 1.355808 0.394541 -1.518536
v 2.500482 0.7430068 -1.506856
v 2.122278 1.656073 -1.506856
v 1.209212 0.7430066 -1.506856
v 1.209212 2.034277 -1.506856
v 0.2961456 1.656073 -1.506856
v 2.122278 -0.1700593 -1.506856
v -0.08205783 0.7430066 -1.506856
v 0.2961459 -0.1700595 -1.506856
v 1.209212 -0.5482637 -1.506856
v 2.053518 4.782795 -0.2362273
v 2.70264 4.782795 -0.2362269
v 2.70264 4.782795 -3.077034
v 2.053518 4.782795 -3.077034
v 2.70264 4.65168 -0.2362269
v 2.70264 4.65168 -3.077034
v 2.70264 4.782795 -3.077034
v 2.70264 4.782795 -0.2362269
v 2.053518 4.651679 -3.077033
v 2.053518 4.65168 -0.2362269
v 2.053518 4.782795 -0.2362273
v 2.053518 4.782795 -3.077034
v 2.053518 4.65168 -0.2362269
v 2.70264 4.65168 -0.2362269
v 2.70264 4.782795 -0.2362269
v 2.053518 4.782795 -0.2362273
v 2.028665 0.1098006 0.9297082
v 2.028664 0.1098004 -2.523547
v -1.611736 0.1098005 -2.523547
v -1.611737 0.109801 0.929709
v 0.8278785 4.360614 -0.2362269
v 0.8278781 4.360613 -2.072679
v 0.09274304 3.440248 -2.072679
v 0.09274352 3.440248 -0.2362261
v 0.8278781 4.360613 -2.072679
v 0.8278785 4.360614 -0.2362269
v 2.053518 4.65168 -0.2362269
v 2.053518 4.65168 -2.072679
v 0.8278777 4.360614 -3.077034
v 0.8278781 4.360613 -2.072679
v 2.053518 4.65168 -2.072679
v 2.053518 4.651679 -3.077033
v 0.8278781 4.360613 -2.072679
v 0.8278777 4.360614 -3.077034
v 0.09274265 3.440248 -3.077033
v 0.09274304 3.440248 -2.072679
v -0.2504832 3.440248 -3.084407
v -0.2538007 3.440248 0.2164133
v 0.09274352 3.440248 -0.2362261
v 0.09274361 3.440248 -3.084407
vt 0.4216217 0.5781952
vt 0.4216217 0.5603937
vt 0.9947293 0.5603937
vt 0.9947293 0.5781952
vt 0.009794164 0.6176453
vt 0.009794164 0.7960472
vt 0.0760294 0.7979025
vt 0.2592795 0.7548831
vt 0.3912652 0.6176453
vt 0.5798775 0.5254652
vt 0.6405756 0.6089273
vt 0.1717819 0.6089273
vt 0.1717819 0.5254652
vt 0.5136457 0.6170527
vt 0.5136457 0.5218596
vt 0.9824395 0.5218596
vt 0.9824395 0.5218596
vt 0.9824395 0.6170527
vt 0.5136457 0.6170527
vt 0.01033188 0.008950055
vt 0.1831369 0.008950055
vt 0.1831369 0.5405174
vt 0.01033188 0.5405174
vt 0.09262305 0.008950055
vt 0.1541027 0.008950055
vt 0.1541027 0.5405174
vt 0.09262305 0.5405174
vt 0.01747369 0.01075846
vt 0.1902787 0.01075846
vt 0.1902787 0.5423259
vt 0.01747369 0.5423259
vt 0 0
vt 0 0
vt 0 0
vt 0.5468192 0.00863868
vt 0.7218666 0.008639336
vt 0.7218652 0.4066265
vt 0.5468178 0.4066259
vt 0.7218666 0.008639336
vt 0.7218652 0.4066265
vt 0.5468192 0.00863868
vt 0.5468178 0.4066259
vt 0.5468192 0.00863868
vt 0.5468178 0.4066259
vt 0.7962694 0.8301668
vt 0.8688467 0.8301668
vt 0.8688467 0.7490047
vt 0.7962694 0.7490047
vt 0.7962694 0.9090786
vt 0.8688467 0.9090786
vt 0.8688467 0.9885876
vt 0.8688467 0.8301668
vt 0.7962694 0.8301668
vt 0.9186311 0.8287156
vt 0.7973449 0.8279461
vt 0.7973449 0.7471493
vt 0.9186311 0.7479189
vt 0.9186311 0.9072721
vt 0.7973449 0.9065025
vt 0.9186311 0.9864231
vt 0.7973449 0.9856535
vt 0.9186311 0.7479189
vt 0.9186311 0.8287156
vt 0.7973449 0.8279461
vt 0.7973449 0.7471493
vt 0.8688466 0.8293937
vt 0.7724526 0.8301668
vt 0.7724526 0.7490047
vt 0.8688466 0.7482316
vt 0.8688466 0.9083055
vt 0.7724526 0.9090786
vt 0.8688466 0.9878145
vt 0.7724526 0.9885876
vt 0.7724526 0.8301668
vt 0.8688466 0.8293937
vt 0.4951547 0.5790656
vt 0.4261816 0.575337
vt 0.426181 0.7453117
vt 0.4935782 0.745312
vt 0.4951547 0.5790656
vt 0.4935782 0.745312
vt 0.4261816 0.575337
vt 0.426181 0.7453117
vt 0.4261816 0.575337
vt 0.426181 0.7453117
vt 0.6337793 0.5229785
vt 0.9383765 0.5229799
vt 0.9383768 0.4556749
vt 0.6337795 0.45331
vt 0.9383765 0.5229799
vt 0.6337793 0.5229785
vt 0.9383768 0.4556749
vt 0.6337795 0.45331
vt 0.6337795 0.45331
vt 0.9383768 0.4556749
vt 0.5117918 0.7647802
vt 0.5760264 0.9198563
vt 0.7311025 0.7647802
vt 0.7311025 0.9840909
vt 0.5760264 0.9198563
vt 0.5760264 0.9198563
vt 0.5117918 0.7647802
vt 0.5760264 0.9198563
vt 0.7311025 0.9840909
vt 0.5545006 0.1086065
vt 0.5545006 0.003663301
vt 0.05767733 0.003663242
vt 0.05767733 0.1086065
vt 0.03017664 0.1246212
vt 0.5518313 0.1246212
vt 0.5518313 0.1588099
vt 0.03017664 0.1588099
vt 0.5415554 0.2350869
vt 0.01990076 0.2350869
vt 0.01990076 0.2692757
vt 0.5415554 0.2692757
vt 0.5846111 0.01326019
vt 0.5846111 0.10099
vt 0.5560621 0.10099
vt 0.5560621 0.01326019
vt 0.9942885 0.5733231
vt 0.9942885 0.005997002
vt 0.4215592 0.005996943
vt 0.4215592 0.5733231
vt 0.4280538 0.1184582
vt 0.4252065 0.7436504
vt 0.03769955 0.7436491
vt 0.03912668 0.1184567
vt 0.1375379 0.7430321
vt 0.1375378 0.1166468
vt 0.5419798 0.1166466
vt 0.5419798 0.7430321
vt 0.1375378 0.3952459
vt 0.1375379 0.737816
vt 0.5419798 0.737816
vt 0.5419798 0.395246
vt 0.4265077 0.743945
vt 0.4265089 0.410161
vt 0.03900189 0.4101596
vt 0.03900071 0.7439436
vt 0.5039399 0.6159505
vt 0.009091225 0.6159505
vt 0.07900435 0.5261233
vt 0.5050429 0.5261233
usemtl material_2_0
f 329/329 330/330 331/331
f 331/331 332/332 329/329
f 333/333 329/329 332/332
f 332/332 334/334 333/333
f 335/335 333/333 334/334
f 334/334 336/336 335/335
f 330/330 337/337 338/338
f 338/338 331/331 330/330
f 339/339 340/340 341/341
f 341/341 342/342 339/339
f 343/343 344/344 340/340
f 340/340 339/339 343/343
f 345/345 344/344 343/343
f 341/341 346/346 347/347
f 347/347 342/342 341/341
f 348/348 349/349 350/350
f 350/350 351/351 348/348
f 352/352 353/353 349/349
f 349/349 348/348 352/352
f 354/354 355/355 353/353
f 353/353 352/352 354/354
f 356/356 357/357 358/358
f 358/358 359/359 356/356
f 360/360 361/361 362/362
f 362/362 363/363 360/360
f 364/364 365/365 361/361
f 361/361 360/360 364/364
f 364/364 366/366 367/367
f 367/367 365/365 364/364
f 362/362 368/368 369/369
f 369/369 363/363 362/362
f 370/370 371/371 372/372
f 372/372 373/373 370/370
f 371/371 374/374 375/375
f 375/375 372/372 371/371
f 374/374 376/376 377/377
f 377/377 375/375 374/374
f 378/378 370/370 373/373
f 373/373 379/379 378/378
f 380/380 381/381 382/382
f 382/382 383/383 380/380
f 383/383 382/382 384/384
f 384/384 385/385 383/383
f 385/385 384/384 386/386
f 386/386 387/387 385/385
f 388/388 389/389 381/381
f 381/381 380/380 388/388
f 390/390 391/391 392/392
f 391/391 393/393 392/392
f 393/393 394/394 392/392
f 395/395 390/390 392/392
f 394/394 396/396 392/392
f 396/396 397/397 392/392
f 397/397 398/398 392/392
f 398/398 395/395 392/392
usemtl material_2_1
f 295/295 296/296 297/297
f 297/297 298/298 295/295
f 299/299 300/300 301/301
f 299/299 301/301 302/302
f 299/299 302/302 303/303
f 304/304 305/305 306/306
f 306/306 307/307 304/304
f 308/308 309/309 310/310
f 311/311 312/312 313/313
f 314/314 315/315 316/316
f 316/316 317/317 314/314
f 318/318 319/319 320/320
f 320/320 321/321 318/318
f 322/322 323/323 324/324
f 324/324 325/325 322/322
f 326/326 327/327 328/328
f 435/435 436/436 437/437
f 437/437 438/438 435/435
usemtl material_2_2
f 415/415 416/416 417/417
f 417/417 418/418 415/415
usemtl material_2_3
f 399/399 400/400 401/401
f 401/401 402/402 399/399
f 403/403 404/404 405/405
f 405/405 406/406 403/403
f 407/407 408/408 409/409
f 409/409 410/410 407/407
f 411/411 412/412 413/413
f 413/413 414/414 411/411
f 419/419 420/420 421/421
f 421/421 422/422 419/419
f 423/423 424/424 425/425
f 425/425 426/426 423/423
f 427/427 428/428 429/429
f 429/429 430/430 427/427
f 431/431 432/432 433/433
f 433/433 434/434 431/431
o part_3
v -6.986853 3.440248 3.750746
v -6.986855 -0.0001237217 3.750747
v -5.886852 -0.000123984 3.750747
v -5.886852 2.272893 3.750747
v -3.376976 3.440248 2.960624
v -6.19673 3.440248 2.960624
v -6.986853 3.440248 3.750746
v -4.786852 3.440248 3.750746
v -2.586852 3.440248 3.750746
v -3.376976 3.440248 2.960624
v -2.586852 3.440248 3.750746
v -2.586852 3.440248 0.199719
v -3.376976 3.440248 0.1997186
v -6.19673 3.440248 2.960624
v -3.376976 3.440248 2.960624
v -3.376976 3.150271 2.960624
v -6.19673 3.150271 2.960624
v -3.376976 3.150271 2.960624
v -3.376976 3.440248 2.960624
v -3.376976 3.440248 0.1997186
v -3.376976 3.150271 0.1507462
v -3.686852 2.272893 3.750747
v -3.686853 -0.0001238886 3.750747
v -2.586852 -0.0001241032 3.750747
v -2.586852 3.440248 3.750746
v -4.786852 2.272893 3.750747
v -4.786852 3.440248 3.750746
v -4.786852 2.272893 3.750747
v -4.786853 2.272893 3.559291
v -4.786854 -0.0001238648 3.559292
v -3.686852 -0.0001240317 3.559291
v -3.686852 2.272893 3.55929
v -5.886852 2.272893 3.559291
v -5.886852 -0.0001237456 3.559291
v -5.886852 -0.0001237456 3.559291
v -5.886852 2.272893 3.559291
v -5.886852 2.272893 3.750747
v -5.886852 -0.000123984 3.750747
v -3.686852 2.272893 3.55929
v -3.686852 -0.0001240317 3.559291
v -3.686853 -0.0001238886 3.750747
v -3.686852 2.272893 3.750747
v -4.786852 3.150271 0.1507474
v -4.786852 3.150271 2.960624
v -3.376976 3.150271 2.960624
v -3.376976 3.150271 0.1507462
v -2.586852 -0.0001241032 3.750747
v -2.586852 -0.0001237933 0.1507485
v -2.586852 3.440248 0.199719
v -2.586852 3.440248 3.750746
v -6.986855 -0.0001237217 0.1507474
v -6.986855 -0.0001237217 3.750747
v -6.986853 3.440248 3.750746
v -6.986854 3.440248 0.1507471
v -6.19673 3.440248 2.960624
v -6.19673 3.440248 0.1507481
v -6.986854 3.440248 0.1507471
v -6.986853 3.440248 3.750746
v -6.19673 3.150271 0.1507485
v -6.19673 3.150271 2.960624
v -4.786852 3.150271 2.960624
v -4.786852 3.150271 0.1507474
v -6.19673 3.150271 2.960624
v -6.19673 3.150271 0.150749
v -6.19673 3.440248 0.1507481
v -6.19673 3.440248 2.960624
vt 0.6033486 0.6224846
vt 0.6023033 0.007850051
vt 0.7908317 0.007850051
vt 0.7898887 0.4200262
vt 0.6674678 0.4673017
vt 0.1639404 0.4673017
vt 0.0228468 0.608395
vt 0.4157042 0.608395
vt 0.8085615 0.608395
vt 0.1621886 0.4734055
vt 0.02109531 0.6144992
vt 0.6639523 0.6144992
vt 0.6639523 0.4734055
vt 0.7193257 0.6124018
vt 0.2157984 0.6124018
vt 0.2157984 0.5672999
vt 0.7193257 0.5672999
vt 0.5761648 0.5679927
vt 0.5761648 0.6130947
vt 0.07440107 0.6130947
vt 0.07440083 0.5679927
vt 0.7898887 0.4200734
vt 0.7908317 0.007850051
vt 0.6023033 0.007850051
vt 0.6033486 0.6224846
vt 0.9890705 0.4200262
vt 0.9900135 0.6141227
vt 0.9890705 0.4200734
vt 0.9962975 0.4133204
vt 0.9962975 0.005683184
vt 0.7973735 0.005683184
vt 0.7973735 0.4133204
vt 0.7973735 0.4133204
vt 0.7973735 0.005683184
vt 0.7522926 0.008211553
vt 0.7522926 0.420876
vt 0.7904549 0.420876
vt 0.7904549 0.008211553
vt 0.6234747 0.4630609
vt 0.6234747 0
vt 0.6576632 0
vt 0.6576632 0.4630609
vt 0.07820489 0.9553203
vt 0.07820489 0.1650761
vt 0.4898098 0.1650761
vt 0.4898098 0.9553206
vt 0.01471859 0.01249725
vt 0.6575758 0.01249725
vt 0.6575758 0.6155527
vt 0.0147188 0.6155527
vt 0.01471859 0.007850051
vt 0.6575758 0.007850051
vt 0.6575758 0.6141227
vt 0.0147188 0.6141227
vt 0.1720561 0.4755472
vt 0.6738198 0.4755472
vt 0.6738199 0.6166408
vt 0.03096281 0.6166408
vt 0.07650965 0.9612541
vt 0.07650965 0.1803631
vt 0.4848899 0.1803631
vt 0.4848899 0.9612544
vt -0.01067279 0.5688419
vt 0.4910909 0.5688419
vt 0.4910909 0.6139438
vt -0.01067279 0.6139438
usemtl material_3_0
f 439/439 440/440 441/441
f 441/441 442/442 439/439
f 443/443 444/444 445/445
f 443/443 445/445 446/446
f 443/443 446/446 447/447
f 448/448 449/449 450/450
f 450/450 451/451 448/448
f 452/452 453/453 454/454
f 454/454 455/455 452/452
f 456/456 457/457 458/458
f 458/458 459/459 456/456
f 460/460 461/461 462/462
f 462/462 463/463 460/460
f 442/442 464/464 465/465
f 465/465 439/439 442/442
f 466/466 460/460 463/463
f 463/463 465/465 466/466
f 467/467 468/468 469/469
f 469/469 470/470 467/467
f 471/471 472/472 468/468
f 468/468 467/467 471/471
f 473/473 474/474 475/475
f 475/475 476/476 473/473
f 477/477 478/478 479/479
f 479/479 480/480 477/477
f 485/485 486/486 487/487
f 487/487 488/488 485/485
f 489/489 490/490 491/491
f 491/491 492/492 489/489
f 493/493 494/494 495/495
f 495/495 496/496 493/493
f 501/501 502/502 503/503
f 503/503 504/504 501/501
usemtl material_3_1
f 481/481 482/482 483/483
f 483/483 484/484 481/481
f 497/497 498/498 499/499
f 499/499 500/500 497/497
o part_4
v -1.731355 4.481219 -1.215134
v -1.359947 4.472344 -0.8852923
v -1.008635 3.914988 -1.121812
v -1.008635 3.914988 -1.121812
v -1.529156 3.935198 -1.517812
v -1.731355 4.481219 -1.215134
v -2.219723 4.82098 -1.012454
v -2.219723 4.809274 -0.5898707
v -1.359947 4.472344 -0.8852923
v -1.359947 4.472344 -0.8852923
v -1.731355 4.481219 -1.215134
v -2.219723 4.82098 -1.012454
v -1.731355 3.54525 -1.572271
v -1.351252 3.263298 -1.395508
v -2.219723 2.97777 -1.609545
v -2.219723 2.97777 -1.609545
v -2.219723 3.33233 -1.68461
v -1.731355 3.54525 -1.572271
v -1.529156 3.935198 -1.517812
v -1.008635 3.914988 -1.121812
v -1.351252 3.263298 -1.395508
v -1.351252 3.263298 -1.395508
v -1.731355 3.54525 -1.572271
v -1.529156 3.935198 -1.517812
v -0.954751 4.293082 -1.682347
v -1.325189 4.885298 -1.435678
v -1.731355 4.481219 -1.215134
v -1.731355 4.481219 -1.215134
v -1.529156 3.935198 -1.517812
v -0.954751 4.293082 -1.682347
v -2.219723 5.426994 -1.049088
v -2.219723 4.82098 -1.012454
v -1.731355 4.481219 -1.215134
v -1.731355 4.481219 -1.215134
v -1.325189 4.885298 -1.435678
v -2.219723 5.426994 -1.049088
v -1.325189 3.35342 -1.860971
v -1.731355 3.54525 -1.572271
v -2.219723 3.33233 -1.68461
v -2.219723 3.33233 -1.68461
v -2.219723 2.890457 -2.003422
v -1.325189 3.35342 -1.860971
v -1.325189 3.35342 -1.860971
v -0.954751 4.293082 -1.682347
v -1.529156 3.935198 -1.517812
v -1.529156 3.935198 -1.517812
v -1.731355 3.54525 -1.572271
v -1.325189 3.35342 -1.860971
v -1.482324 4.880849 -1.827053
v -1.325189 4.885298 -1.435678
v -0.954751 4.293082 -1.682347
v -0.954751 4.293082 -1.682347
v -1.176973 4.275123 -2.045887
v -1.482324 4.880849 -1.827053
v -1.482324 4.880849 -1.827053
v -2.219723 5.272869 -1.631402
v -2.219723 5.426994 -1.049088
v -2.219723 5.426994 -1.049088
v -1.325189 4.885298 -1.435678
v -1.482324 4.880849 -1.827053
v -2.219723 3.139651 -2.20457
v -1.482322 3.617895 -2.104397
v -1.325189 3.35342 -1.860971
v -1.325189 3.35342 -1.860971
v -2.219723 2.890457 -2.003422
v -2.219723 3.139651 -2.20457
v -1.176973 4.275123 -2.045887
v -0.954751 4.293082 -1.682347
v -1.325189 3.35342 -1.860971
v -1.325189 3.35342 -1.860971
v -1.482322 3.617895 -2.104397
v -1.176973 4.275123 -2.045887
v -0.9289675 5.302812 -2.051305
v -1.482324 4.880849 -1.827053
v -1.176973 4.275123 -2.045887
v -1.176973 4.275123 -2.045887
v -0.3944119 4.583107 -2.200889
v -0.9289675 5.302812 -2.051305
v -2.219723 5.953513 -1.754934
v -2.219723 5.272869 -1.631402
v -1.482324 4.880849 -1.827053
v -1.482324 4.880849 -1.827053
v -0.9289675 5.302812 -2.051305
v -2.219723 5.953513 -1.754934
v -0.9289675 3.54829 -2.419751
v -1.482322 3.617895 -2.104397
v -2.219723 3.139651 -2.20457
v -2.219723 3.139651 -2.20457
v -2.219723 2.890457 -2.565394
v -0.9289675 3.54829 -2.419751
v -0.9289675 3.54829 -2.419751
v -0.3944119 4.583107 -2.200889
v -1.176973 4.275123 -2.045887
v -1.176973 4.275123 -2.045887
v -1.482322 3.617895 -2.104397
v -0.9289675 3.54829 -2.419751
v -0.8512046 4.576674 -2.75121
v -1.251971 5.280009 -2.559921
v -0.9289675 5.302812 -2.051305
v -0.9289675 5.302812 -2.051305
v -0.3944119 4.583107 -2.200889
v -0.8512046 4.576674 -2.75121
v -2.219723 5.77817 -2.385736
v -2.219723 5.953513 -1.754934
v -0.9289675 5.302812 -2.051305
v -0.9289675 5.302812 -2.051305
v -1.251971 5.280009 -2.559921
v -2.219723 5.77817 -2.385736
v -2.219723 3.165262 -2.790772
v -1.251971 3.859239 -2.72392
v -0.9289675 3.54829 -2.419751
v -0.9289675 3.54829 -2.419751
v -2.219723 2.890457 -2.565394
v -2.219723 3.165262 -2.790772
v -0.8512046 4.576674 -2.75121
v -0.3944119 4.583107 -2.200889
v -0.9289675 3.54829 -2.419751
v -0.9289675 3.54829 -2.419751
v -1.251971 3.859239 -2.72392
v -0.8512046 4.576674 -2.75121
v -0.08338237 4.849725 -3.173076
v -0.7090381 5.83738 -3.173076
v -1.251971 5.280009 -2.559921
v -1.251971 5.280009 -2.559921
v -0.8512046 4.576674 -2.75121
v -0.08338237 4.849725 -3.173076
v -0.7090381 5.83738 -3.173076
v -2.219723 6.275517 -3.173076
v -2.219723 5.77817 -2.385736
v -2.219723 5.77817 -2.385736
v -1.251971 5.280009 -2.559921
v -0.7090381 5.83738 -3.173076
v -0.7090381 3.776194 -3.173076
v -1.251971 3.859239 -2.72392
v -2.219723 3.165262 -2.790772
v -2.219723 3.165262 -2.790772
v -2.219723 2.890457 -3.173076
v -0.7090381 3.776194 -3.173076
v -0.7090381 3.776194 -3.173076
v -0.08338237 4.849725 -3.173076
v -0.8512046 4.576674 -2.75121
v -0.8512046 4.576674 -2.75121
v -1.251971 3.859239 -2.72392
v -0.7090381 3.776194 -3.173076
v -1.008635 3.914988 -1.121812
v -1.359947 4.472344 -0.8852923
v -1.614527 4.19072 -0.7528493
v -1.614527 4.19072 -0.7528493
v -1.306534 3.790292 -1.017392
v -1.008635 3.914988 -1.121812
v -2.219723 4.809274 -0.5898707
v -2.219723 4.421123 -0.6006336
v -1.614527 4.19072 -0.7528493
v -1.614527 4.19072 -0.7528493
v -1.359947 4.472344 -0.8852923
v -2.219723 4.809274 -0.5898707
v -2.219723 2.97777 -1.609545
v -1.351252 3.263298 -1.395508
v -1.614393 3.313653 -1.133326
v -2.219723 3.125279 -1.257775
v -1.008635 3.914988 -1.121812
v -1.306534 3.790292 -1.017392
v -1.614393 3.313653 -1.133326
v -1.614393 3.313653 -1.133326
v -1.351252 3.263298 -1.395508
v -1.008635 3.914988 -1.121812
v -3.430822 3.914988 -1.121812
v -3.079511 4.472345 -0.8852928
v -2.708101 4.481219 -1.215134
v -2.708101 4.481219 -1.215134
v -2.9103 3.935198 -1.517811
v -3.430822 3.914988 -1.121812
v -3.079511 4.472345 -0.8852928
v -2.219723 4.809274 -0.5898707
v -2.219723 4.82098 -1.012454
v -2.219723 4.82098 -1.012454
v -2.708101 4.481219 -1.215134
v -3.079511 4.472345 -0.8852928
v -2.219723 2.97777 -1.609545
v -3.088206 3.263298 -1.395508
v -2.708102 3.54525 -1.572271
v -2.708102 3.54525 -1.572271
v -2.219723 3.33233 -1.68461
v -2.219723 2.97777 -1.609545
v -3.088206 3.263298 -1.395508
v -3.430822 3.914988 -1.121812
v -2.9103 3.935198 -1.517811
v -2.9103 3.935198 -1.517811
v -2.708102 3.54525 -1.572271
v -3.088206 3.263298 -1.395508
v -2.708101 4.481219 -1.215134
v -3.114269 4.885298 -1.435678
v -3.484706 4.293082 -1.682347
v -3.484706 4.293082 -1.682347
v -2.9103 3.935198 -1.517811
v -2.708101 4.481219 -1.215134
v -2.708101 4.481219 -1.215134
v -2.219723 4.82098 -1.012454
v -2.219723 5.426994 -1.049088
v -2.219723 5.426994 -1.049088
v -3.114269 4.885298 -1.435678
v -2.708101 4.481219 -1.215134
v -2.219723 3.33233 -1.68461
v -2.708102 3.54525 -1.572271
v -3.114268 3.35342 -1.860971
v -3.114268 3.35342 -1.860971
v -2.219723 2.890457 -2.003422
v -2.219723 3.33233 -1.68461
v -2.9103 3.935198 -1.517811
v -3.484706 4.293082 -1.682347
v -3.114268 3.35342 -1.860971
v -3.114268 3.35342 -1.860971
v -2.708102 3.54525 -1.572271
v -2.9103 3.935198 -1.517811
v -3.484706 4.293082 -1.682347
v -3.114269 4.885298 -1.435678
v -2.957133 4.880849 -1.827053
v -2.957133 4.880849 -1.827053
v -3.262483 4.275123 -2.045887
v -3.484706 4.293082 -1.682347
v -2.219723 5.426994 -1.049088
v -2.219723 5.272869 -1.631402
v -2.957133 4.880849 -1.827053
v -2.957133 4.880849 -1.827053
v -3.114269 4.885298 -1.435678
v -2.219723 5.426994 -1.049088
v -3.114268 3.35342 -1.860971
v -2.957134 3.617895 -2.104396
v -2.219723 3.139651 -2.20457
v -2.219723 3.139651 -2.20457
v -2.219723 2.890457 -2.003422
v -3.114268 3.35342 -1.860971
v -3.114268 3.35342 -1.860971
v -3.484706 4.293082 -1.682347
v -3.262483 4.275123 -2.045887
v -3.262483 4.275123 -2.045887
v -2.957134 3.617895 -2.104396
v -3.114268 3.35342 -1.860971
v -3.262483 4.275123 -2.045887
v -2.957133 4.880849 -1.827053
v -3.51049 5.302812 -2.048627
v -3.51049 5.302812 -2.048627
v -4.045046 4.583107 -2.29437
v -3.262483 4.275123 -2.045887
v -2.957133 4.880849 -1.827053
v -2.219723 5.272869 -1.631402
v -2.219723 5.953513 -1.754934
v -2.219723 5.953513 -1.754934
v -3.51049 5.302812 -2.048627
v -2.957133 4.880849 -1.827053
v -2.219723 3.139651 -2.20457
v -2.957134 3.617895 -2.104396
v -3.510489 3.54829 -2.41975
v -3.510489 3.54829 -2.41975
v -2.219723 2.890457 -2.565394
v -2.219723 3.139651 -2.20457
v -3.262483 4.275123 -2.045887
v -4.045046 4.583107 -2.29437
v -3.510489 3.54829 -2.41975
v -3.510489 3.54829 -2.41975
v -2.957134 3.617895 -2.104396
v -3.262483 4.275123 -2.045887
v -3.51049 5.302812 -2.048627
v -3.187487 5.280009 -2.559921
v -3.588253 4.576674 -2.699116
v -3.588253 4.576674 -2.699116
v -4.045046 4.583107 -2.29437
v -3.51049 5.302812 -2.048627
v -3.51049 5.302812 -2.048627
v -2.219723 5.953513 -1.754934
v -2.219723 5.77817 -2.385736
v -2.219723 5.77817 -2.385736
v -3.187487 5.280009 -2.559921
v -3.51049 5.302812 -2.048627
v -3.510489 3.54829 -2.41975
v -3.187487 3.859239 -2.723921
v -2.219723 3.165262 -2.790772
v -2.219723 3.165262 -2.790772
v -2.219723 2.890457 -2.565394
v -3.510489 3.54829 -2.41975
v -3.510489 3.54829 -2.41975
v -4.045046 4.583107 -2.29437
v -3.588253 4.576674 -2.699116
v -3.588253 4.576674 -2.699116
v -3.187487 3.859239 -2.723921
v -3.510489 3.54829 -2.41975
v -3.187487 5.280009 -2.559921
v -3.730418 5.83738 -3.173076
v -4.356075 4.849725 -3.173076
v -4.356075 4.849725 -3.173076
v -3.588253 4.576674 -2.699116
v -3.187487 5.280009 -2.559921
v -2.219723 5.77817 -2.385736
v -2.219723 6.275517 -3.173076
v -3.730418 5.83738 -3.173076
v -3.730418 5.83738 -3.173076
v -3.187487 5.280009 -2.559921
v -2.219723 5.77817 -2.385736
v -2.219723 3.165262 -2.790772
v -3.187487 3.859239 -2.723921
v -3.730418 3.776193 -3.173075
v -3.730418 3.776193 -3.173075
v -2.219723 2.890457 -3.173076
v -2.219723 3.165262 -2.790772
v -3.588253 4.576674 -2.699116
v -4.356075 4.849725 -3.173076
v -3.730418 3.776193 -3.173075
v -3.730418 3.776193 -3.173075
v -3.187487 3.859239 -2.723921
v -3.588253 4.576674 -2.699116
v -2.824929 4.19072 -0.7528493
v -3.079511 4.472345 -0.8852928
v -3.430822 3.914988 -1.121812
v -3.430822 3.914988 -1.121812
v -3.132923 3.790292 -1.017392
v -2.824929 4.19072 -0.7528493
v -2.824929 4.19072 -0.7528493
v -2.219723 4.421123 -0.6006336
v -2.219723 4.809274 -0.5898707
v -2.219723 4.809274 -0.5898707
v -3.079511 4.472345 -0.8852928
v -2.824929 4.19072 -0.7528493
v -2.825063 3.313653 -1.133326
v -3.088206 3.263298 -1.395508
v -2.219723 2.97777 -1.609545
v -2.219723 3.125279 -1.257775
v -2.825063 3.313653 -1.133326
v -3.132923 3.790292 -1.017392
v -3.430822 3.914988 -1.121812
v -3.430822 3.914988 -1.121812
v -3.088206 3.263298 -1.395508
v -2.825063 3.313653 -1.133326
v -1.306534 3.790292 -1.017392
v -1.614527 4.19072 -0.7528493
v -2.219726 3.756176 -0.8648479
v -1.614527 4.19072 -0.7528493
v -2.219723 4.421123 -0.6006336
v -2.219726 3.756176 -0.8648479
v -2.219723 3.125279 -1.257775
v -1.614393 3.313653 -1.133326
v -2.219726 3.756176 -0.8648479
v -1.614393 3.313653 -1.133326
v -1.306534 3.790292 -1.017392
v -2.219726 3.756176 -0.8648479
v -2.824929 4.19072 -0.7528493
v -3.132923 3.790292 -1.017392
v -2.219726 3.756176 -0.8648479
v -2.219723 4.421123 -0.6006336
v -2.824929 4.19072 -0.7528493
v -2.219726 3.756176 -0.8648479
v -2.825063 3.313653 -1.133326
v -2.219723 3.125279 -1.257775
v -2.219726 3.756176 -0.8648479
v -3.132923 3.790292 -1.017392
v -2.825063 3.313653 -1.133326
v -2.219726 3.756176 -0.8648479
v -1.008635 3.914988 -5.463089
v -1.359947 4.472344 -5.7394
v -1.731355 4.481219 -5.409559
v -1.731355 4.481219 -5.409559
v -1.529156 3.935198 -5.067089
v -1.008635 3.914988 -5.463089
v -1.359947 4.472344 -5.7394
v -2.219723 4.809274 -6.074614
v -2.219723 4.82098 -5.612239
v -2.219723 4.82098 -5.612239
v -1.731355 4.481219 -5.409559
v -1.359947 4.472344 -5.7394
v -2.219723 2.97777 -4.935565
v -1.351251 3.263298 -5.149601
v -1.731355 3.54525 -4.853464
v -1.731355 3.54525 -4.853464
v -2.219723 3.332329 -4.741125
v -2.219723 2.97777 -4.935565
v -1.351251 3.263298 -5.149601
v -1.008635 3.914988 -5.463089
v -1.529156 3.935198 -5.067089
v -1.529156 3.935198 -5.067089
v -1.731355 3.54525 -4.853464
v -1.351251 3.263298 -5.149601
v -1.731355 4.481219 -5.409559
v -1.325188 4.885299 -5.189015
v -0.9547513 4.293082 -4.902554
v -0.9547513 4.293082 -4.902554
v -1.529156 3.935198 -5.067089
v -1.731355 4.481219 -5.409559
v -1.731355 4.481219 -5.409559
v -2.219723 4.82098 -5.612239
v -2.219723 5.426994 -5.575604
v -2.219723 5.426994 -5.575604
v -1.325188 4.885299 -5.189015
v -1.731355 4.481219 -5.409559
v -2.219723 3.332329 -4.741125
v -1.731355 3.54525 -4.853464
v -1.32519 3.35342 -4.524972
v -1.32519 3.35342 -4.524972
v -2.219723 2.890457 -4.38252
v -2.219723 3.332329 -4.741125
v -1.529156 3.935198 -5.067089
v -0.9547513 4.293082 -4.902554
v -1.32519 3.35342 -4.524972
v -1.32519 3.35342 -4.524972
v -1.731355 3.54525 -4.853464
v -1.529156 3.935198 -5.067089
v -0.9547513 4.293082 -4.902554
v -1.325188 4.885299 -5.189015
v -1.482324 4.880849 -4.79764
v -1.482324 4.880849 -4.79764
v -1.176973 4.275123 -4.539015
v -0.9547513 4.293082 -4.902554
v -2.219723 5.426994 -5.575604
v -2.219723 5.272869 -4.993289
v -1.482324 4.880849 -4.79764
v -1.482324 4.880849 -4.79764
v -1.325188 4.885299 -5.189015
v -2.219723 5.426994 -5.575604
v -1.32519 3.35342 -4.524972
v -1.482324 3.617895 -4.281548
v -2.219724 3.139651 -4.181374
v -2.219724 3.139651 -4.181374
v -2.219723 2.890457 -4.38252
v -1.32519 3.35342 -4.524972
v -1.32519 3.35342 -4.524972
v -0.9547513 4.293082 -4.902554
v -1.176973 4.275123 -4.539015
v -1.176973 4.275123 -4.539015
v -1.482324 3.617895 -4.281548
v -1.32519 3.35342 -4.524972
v -1.176973 4.275123 -4.539015
v -1.482324 4.880849 -4.79764
v -0.9289676 5.302812 -4.493806
v -0.9289676 5.302812 -4.493806
v -0.394412 4.583107 -4.232442
v -1.176973 4.275123 -4.539015
v -1.482324 4.880849 -4.79764
v -2.219723 5.272869 -4.993289
v -2.219723 5.953512 -4.829966
v -2.219723 5.953512 -4.829966
v -0.9289676 5.302812 -4.493806
v -1.482324 4.880849 -4.79764
v -2.219724 3.139651 -4.181374
v -1.482324 3.617895 -4.281548
v -0.9289677 3.54829 -3.966193
v -0.9289677 3.54829 -3.966193
v -2.219723 2.890457 -3.820548
v -2.219724 3.139651 -4.181374
v -1.176973 4.275123 -4.539015
v -0.394412 4.583107 -4.232442
v -0.9289677 3.54829 -3.966193
v -0.9289677 3.54829 -3.966193
v -1.482324 3.617895 -4.281548
v -1.176973 4.275123 -4.539015
v -0.9289676 5.302812 -4.493806
v -1.251971 5.280009 -3.902505
v -0.8512048 4.576674 -3.734212
v -0.8512048 4.576674 -3.734212
v -0.394412 4.583107 -4.232442
v -0.9289676 5.302812 -4.493806
v -0.9289676 5.302812 -4.493806
v -2.219723 5.953512 -4.829966
v -2.219723 5.77817 -4.044797
v -2.219723 5.77817 -4.044797
v -1.251971 5.280009 -3.902505
v -0.9289676 5.302812 -4.493806
v -0.9289677 3.54829 -3.966193
v -1.251971 3.85924 -3.662023
v -2.219723 3.165261 -3.59517
v -2.219723 3.165261 -3.59517
v -2.219723 2.890457 -3.820548
v -0.9289677 3.54829 -3.966193
v -0.9289677 3.54829 -3.966193
v -0.394412 4.583107 -4.232442
v -0.8512048 4.576674 -3.734212
v -0.8512048 4.576674 -3.734212
v -1.251971 3.85924 -3.662023
v -0.9289677 3.54829 -3.966193
v -1.251971 5.280009 -3.902505
v -0.7090381 5.83738 -3.173076
v -0.08338237 4.849725 -3.173076
v -0.08338237 4.849725 -3.173076
v -0.8512048 4.576674 -3.734212
v -1.251971 5.280009 -3.902505
v -2.219723 5.77817 -4.044797
v -2.219723 6.275517 -3.173076
v -0.7090381 5.83738 -3.173076
v -0.7090381 5.83738 -3.173076
v -1.251971 5.280009 -3.902505
v -2.219723 5.77817 -4.044797
v -2.219723 3.165261 -3.59517
v -1.251971 3.85924 -3.662023
v -0.7090381 3.776194 -3.173076
v -0.7090381 3.776194 -3.173076
v -2.219723 2.890457 -3.173076
v -2.219723 3.165261 -3.59517
v -0.8512048 4.576674 -3.734212
v -0.08338237 4.849725 -3.173076
v -0.7090381 3.776194 -3.173076
v -0.7090381 3.776194 -3.173076
v -1.251971 3.85924 -3.662023
v -0.8512048 4.576674 -3.734212
v -1.614527 4.19072 -5.991219
v -1.359947 4.472344 -5.7394
v -1.008635 3.914988 -5.463089
v -1.008635 3.914988 -5.463089
v -1.306534 3.790292 -5.726676
v -1.614527 4.19072 -5.991219
v -1.614527 4.19072 -5.991219
v -2.219724 4.421123 -6.143434
v -2.219723 4.809274 -6.074614
v -2.219723 4.809274 -6.074614
v -1.359947 4.472344 -5.7394
v -1.614527 4.19072 -5.991219
v -1.614393 3.313652 -5.411784
v -1.351251 3.263298 -5.149601
v -2.219723 2.97777 -4.935565
v -2.219724 3.125279 -5.287335
v -1.614393 3.313652 -5.411784
v -1.306534 3.790292 -5.726676
v -1.008635 3.914988 -5.463089
v -1.008635 3.914988 -5.463089
v -1.351251 3.263298 -5.149601
v -1.614393 3.313652 -5.411784
v -2.708101 4.481218 -5.409557
v -3.079511 4.472345 -5.7394
v -3.430821 3.914987 -5.463089
v -3.430821 3.914987 -5.463089
v -2.9103 3.935198 -5.06709
v -2.708101 4.481218 -5.409557
v -2.219723 4.82098 -5.612239
v -2.219723 4.809274 -6.074614
v -3.079511 4.472345 -5.7394
v -3.079511 4.472345 -5.7394
v -2.708101 4.481218 -5.409557
v -2.219723 4.82098 -5.612239
v -2.708102 3.54525 -4.853463
v -3.088206 3.263298 -5.149601
v -2.219723 2.97777 -4.935565
v -2.219723 2.97777 -4.935565
v -2.219723 3.332329 -4.741125
v -2.708102 3.54525 -4.853463
v -2.9103 3.935198 -5.06709
v -3.430821 3.914987 -5.463089
v -3.088206 3.263298 -5.149601
v -3.088206 3.263298 -5.149601
v -2.708102 3.54525 -4.853463
v -2.9103 3.935198 -5.06709
v -3.484706 4.293082 -4.902555
v -3.114268 4.885298 -5.189015
v -2.708101 4.481218 -5.409557
v -2.708101 4.481218 -5.409557
v -2.9103 3.935198 -5.06709
v -3.484706 4.293082 -4.902555
v -2.219723 5.426994 -5.575604
v -2.219723 4.82098 -5.612239
v -2.708101 4.481218 -5.409557
v -2.708101 4.481218 -5.409557
v -3.114268 4.885298 -5.189015
v -2.219723 5.426994 -5.575604
v -3.114268 3.35342 -4.524972
v -2.708102 3.54525 -4.853463
v -2.219723 3.332329 -4.741125
v -2.219723 3.332329 -4.741125
v -2.219723 2.890457 -4.38252
v -3.114268 3.35342 -4.524972
v -3.114268 3.35342 -4.524972
v -3.484706 4.293082 -4.902555
v -2.9103 3.935198 -5.06709
v -2.9103 3.935198 -5.06709
v -2.708102 3.54525 -4.853463
v -3.114268 3.35342 -4.524972
v -2.957133 4.880849 -4.79764
v -3.114268 4.885298 -5.189015
v -3.484706 4.293082 -4.902555
v -3.484706 4.293082 -4.902555
v -3.262483 4.275123 -4.539015
v -2.957133 4.880849 -4.79764
v -2.957133 4.880849 -4.79764
v -2.219723 5.272869 -4.993289
v -2.219723 5.426994 -5.575604
v -2.219723 5.426994 -5.575604
v -3.114268 4.885298 -5.189015
v -2.957133 4.880849 -4.79764
v -2.219724 3.139651 -4.181374
v -2.957134 3.617895 -4.281547
v -3.114268 3.35342 -4.524972
v -3.114268 3.35342 -4.524972
v -2.219723 2.890457 -4.38252
v -2.219724 3.139651 -4.181374
v -3.262483 4.275123 -4.539015
v -3.484706 4.293082 -4.902555
v -3.114268 3.35342 -4.524972
v -3.114268 3.35342 -4.524972
v -2.957134 3.617895 -4.281547
v -3.262483 4.275123 -4.539015
v -3.510489 5.302812 -4.493805
v -2.957133 4.880849 -4.79764
v -3.262483 4.275123 -4.539015
v -3.262483 4.275123 -4.539015
v -4.045046 4.583107 -4.232442
v -3.510489 5.302812 -4.493805
v -2.219723 5.953512 -4.829966
v -2.219723 5.272869 -4.993289
v -2.957133 4.880849 -4.79764
v -2.957133 4.880849 -4.79764
v -3.510489 5.302812 -4.493805
v -2.219723 5.953512 -4.829966
v -3.51049 3.548289 -3.966194
v -2.957134 3.617895 -4.281547
v -2.219724 3.139651 -4.181374
v -2.219724 3.139651 -4.181374
v -2.219723 2.890457 -3.820548
v -3.51049 3.548289 -3.966194
v -3.51049 3.548289 -3.966194
v -4.045046 4.583107 -4.232442
v -3.262483 4.275123 -4.539015
v -3.262483 4.275123 -4.539015
v -2.957134 3.617895 -4.281547
v -3.51049 3.548289 -3.966194
v -3.588253 4.576674 -3.734212
v -3.187487 5.280009 -3.902505
v -3.510489 5.302812 -4.493805
v -3.510489 5.302812 -4.493805
v -4.045046 4.583107 -4.232442
v -3.588253 4.576674 -3.734212
v -2.219723 5.77817 -4.044797
v -2.219723 5.953512 -4.829966
v -3.510489 5.302812 -4.493805
v -3.510489 5.302812 -4.493805
v -3.187487 5.280009 -3.902505
v -2.219723 5.77817 -4.044797
v -2.219723 3.165261 -3.59517
v -3.187487 3.859239 -3.662022
v -3.51049 3.548289 -3.966194
v -3.51049 3.548289 -3.966194
v -2.219723 2.890457 -3.820548
v -2.219723 3.165261 -3.59517
v -3.588253 4.576674 -3.734212
v -4.045046 4.583107 -4.232442
v -3.51049 3.548289 -3.966194
v -3.51049 3.548289 -3.966194
v -3.187487 3.859239 -3.662022
v -3.588253 4.576674 -3.734212
v -4.356075 4.849725 -3.173076
v -3.730418 5.83738 -3.173076
v -3.187487 5.280009 -3.902505
v -3.187487 5.280009 -3.902505
v -3.588253 4.576674 -3.734212
v -4.356075 4.849725 -3.173076
v -3.730418 5.83738 -3.173076
v -2.219723 6.275517 -3.173076
v -2.219723 5.77817 -4.044797
v -2.219723 5.77817 -4.044797
v -3.187487 5.280009 -3.902505
v -3.730418 5.83738 -3.173076
v -3.730418 3.776193 -3.173075
v -3.187487 3.859239 -3.662022
v -2.219723 3.165261 -3.59517
v -2.219723 3.165261 -3.59517
v -2.219723 2.890457 -3.173076
v -3.730418 3.776193 -3.173075
v -3.730418 3.776193 -3.173075
v -4.356075 4.849725 -3.173076
v -3.588253 4.576674 -3.734212
v -3.588253 4.576674 -3.734212
v -3.187487 3.859239 -3.662022
v -3.730418 3.776193 -3.173075
v -3.430821 3.914987 -5.463089
v -3.079511 4.472345 -5.7394
v -2.824929 4.190719 -5.991218
v -2.824929 4.190719 -5.991218
v -3.132923 3.790292 -5.726675
v -3.430821 3.914987 -5.463089
v -2.219723 4.809274 -6.074614
v -2.219724 4.421123 -6.143434
v -2.824929 4.190719 -5.991218
v -2.824929 4.190719 -5.991218
v -3.079511 4.472345 -5.7394
v -2.219723 4.809274 -6.074614
v -2.219723 2.97777 -4.935565
v -3.088206 3.263298 -5.149601
v -2.825063 3.313653 -5.411784
v -2.219724 3.125279 -5.287335
v -3.430821 3.914987 -5.463089
v -3.132923 3.790292 -5.726675
v -2.825063 3.313653 -5.411784
v -2.825063 3.313653 -5.411784
v -3.088206 3.263298 -5.149601
v -3.430821 3.914987 -5.463089
v -1.306534 3.790292 -5.726676
v -2.219727 3.756176 -5.704137
v -1.614527 4.19072 -5.991219
v -2.219724 4.421123 -6.143434
v -2.219724 3.125279 -5.287335
v -1.614393 3.313652 -5.411784
v -2.824929 4.190719 -5.991218
v -3.132923 3.790292 -5.726675
v -2.825063 3.313653 -5.411784
vt 0.2305614 0.5257077
vt 0.4221955 0.5603951
vt 0.3516515 0.7770919
vt 0.3516515 0.7770919
vt 0.1554503 0.684397
vt 0.2305614 0.5257077
vt 0.03102274 0.8563005
vt 0.2067222 0.9723943
vt 0.3516515 0.7770919
vt 0.3516515 0.7770919
vt 0.1554503 0.684397
vt 0.03102274 0.8563005
vt 0.2375304 0.3510945
vt 0.4172568 0.3465408
vt 0.2846951 0.09813875
vt 0.2846951 0.09813875
vt 0.1966107 0.1423416
vt 0.2375304 0.3510945
vt 0.2503738 0.5603951
vt 0.4172568 0.5571172
vt 0.4221955 0.3432629
vt 0.4221955 0.3432629
vt 0.2425135 0.382985
vt 0.2503738 0.5603951
vt 0.4221955 0.5603951
vt 0.3516515 0.7770919
vt 0.1554503 0.684397
vt 0.1554503 0.684397
vt 0.2305614 0.5257077
vt 0.4221955 0.5603951
vt 0.2067222 0.9723943
vt 0.03102274 0.8563005
vt 0.1554503 0.684397
vt 0.1554503 0.684397
vt 0.3516515 0.7770919
vt 0.2067222 0.9723943
vt 0.4172568 0.3465408
vt 0.2375304 0.3510945
vt 0.1966107 0.1423416
vt 0.1966107 0.1423416
vt 0.2846951 0.09813875
vt 0.4172568 0.3465408
vt 0.4221955 0.3432629
vt 0.4172568 0.5571172
vt 0.2503738 0.5603951
vt 0.2503738 0.5603951
vt 0.2425135 0.382985
vt 0.4221955 0.3432629
vt 0.1554503 0.684397
vt 0.3516515 0.7770919
vt 0.4221955 0.5603951
vt 0.4221955 0.5603951
vt 0.2305614 0.5257077
vt 0.1554503 0.684397
vt 0.1554503 0.684397
vt 0.03102274 0.8563005
vt 0.2067222 0.9723943
vt 0.2067222 0.9723943
vt 0.3516515 0.7770919
vt 0.1554503 0.684397
vt 0.1966107 0.1423416
vt 0.2375304 0.3510945
vt 0.4172568 0.3465408
vt 0.4172568 0.3465408
vt 0.2846951 0.09813875
vt 0.1966107 0.1423416
vt 0.2503738 0.5603951
vt 0.4172568 0.5571172
vt 0.4221955 0.3432629
vt 0.4221955 0.3432629
vt 0.2425135 0.382985
vt 0.2503738 0.5603951
vt 0.3516515 0.7770919
vt 0.1554503 0.684397
vt 0.2305614 0.5257077
vt 0.2305614 0.5257077
vt 0.4221955 0.5603951
vt 0.3516515 0.7770919
vt 0.2067222 0.9723943
vt 0.03102274 0.8563005
vt 0.1554503 0.684397
vt 0.1554503 0.684397
vt 0.3516515 0.7770919
vt 0.2067222 0.9723943
vt 0.4172568 0.3465408
vt 0.2375304 0.3510945
vt 0.1966107 0.1423416
vt 0.1966107 0.1423416
vt 0.2846951 0.09813875
vt 0.4172568 0.3465408
vt 0.4221955 0.3432629
vt 0.4172568 0.5571172
vt 0.2503738 0.5603951
vt 0.2503738 0.5603951
vt 0.2425135 0.382985
vt 0.4221955 0.3432629
vt 0.2305614 0.5257077
vt 0.1554503 0.684397
vt 0.3516515 0.7770919
vt 0.3516515 0.7770919
vt 0.4221955 0.5603951
vt 0.2305614 0.5257077
vt 0.03102274 0.8563005
vt 0.2067222 0.9723943
vt 0.3516515 0.7770919
vt 0.3516515 0.7770919
vt 0.1554503 0.684397
vt 0.03102274 0.8563005
vt 0.1966107 0.1423416
vt 0.2375304 0.3510945
vt 0.4172568 0.3465408
vt 0.4172568 0.3465408
vt 0.2846951 0.09813875
vt 0.1966107 0.1423416
vt 0.2503738 0.5603951
vt 0.4172568 0.5571172
vt 0.4221955 0.3432629
vt 0.4221955 0.3432629
vt 0.2425135 0.382985
vt 0.2503738 0.5603951
vt 0.4221955 0.5603951
vt 0.3516515 0.7770919
vt 0.1554503 0.684397
vt 0.1554503 0.684397
vt 0.2305614 0.5257077
vt 0.4221955 0.5603951
vt 0.3516515 0.7770919
vt 0.2067222 0.9723943
vt 0.03102274 0.8563005
vt 0.03102274 0.8563005
vt 0.1554503 0.684397
vt 0.3516515 0.7770919
vt 0.4172568 0.3465408
vt 0.2375304 0.3510945
vt 0.1966107 0.1423416
vt 0.1966107 0.1423416
vt 0.2846951 0.09813875
vt 0.4172568 0.3465408
vt 0.4172568 0.3465408
vt 0.4221955 0.5603951
vt 0.2305614 0.5257077
vt 0.2305614 0.5257077
vt 0.2375304 0.3510945
vt 0.4172568 0.3465408
vt 0.2007764 0.4177806
vt 0.1800833 0.5474825
vt 0.05332634 0.541147
vt 0.05332634 0.541147
vt 0.0753086 0.4316719
vt 0.2007764 0.4177806
vt 0.09707873 0.7169478
vt 0.005812606 0.669773
vt 0.05332634 0.541147
vt 0.05332634 0.541147
vt 0.1800833 0.5474825
vt 0.09707873 0.7169478
vt 0.1196235 0.1816783
vt 0.200254 0.2934363
vt 0.07277995 0.3180072
vt 0.02736206 0.221439
vt 0.2007764 0.4177806
vt 0.0753086 0.4316719
vt 0.07277995 0.3180072
vt 0.07277995 0.3180072
vt 0.200254 0.2934363
vt 0.2007764 0.4177806
vt 0.3516515 0.7770919
vt 0.4221955 0.5603951
vt 0.2305614 0.5257077
vt 0.2305614 0.5257077
vt 0.1554503 0.684397
vt 0.3516515 0.7770919
vt 0.3516515 0.7770919
vt 0.2067222 0.9723943
vt 0.03102274 0.8563005
vt 0.03102274 0.8563005
vt 0.1554503 0.684397
vt 0.3516515 0.7770919
vt 0.2846951 0.09813875
vt 0.4172568 0.3465408
vt 0.2375304 0.3510945
vt 0.2375304 0.3510945
vt 0.1966107 0.1423416
vt 0.2846951 0.09813875
vt 0.4221955 0.3432629
vt 0.4172568 0.5571172
vt 0.2503738 0.5603951
vt 0.2503738 0.5603951
vt 0.2425135 0.382985
vt 0.4221955 0.3432629
vt 0.1554503 0.684397
vt 0.3516515 0.7770919
vt 0.4221955 0.5603951
vt 0.4221955 0.5603951
vt 0.2305614 0.5257077
vt 0.1554503 0.684397
vt 0.1554503 0.684397
vt 0.03102274 0.8563005
vt 0.2067222 0.9723943
vt 0.2067222 0.9723943
vt 0.3516515 0.7770919
vt 0.1554503 0.684397
vt 0.1966107 0.1423416
vt 0.2375304 0.3510945
vt 0.4172568 0.3465408
vt 0.4172568 0.3465408
vt 0.2846951 0.09813875
vt 0.1966107 0.1423416
vt 0.2503738 0.5603951
vt 0.4172568 0.5571172
vt 0.4221955 0.3432629
vt 0.4221955 0.3432629
vt 0.2425135 0.382985
vt 0.2503738 0.5603951
vt 0.4221955 0.5603951
vt 0.3516515 0.7770919
vt 0.1554503 0.684397
vt 0.1554503 0.684397
vt 0.2305614 0.5257077
vt 0.4221955 0.5603951
vt 0.2067222 0.9723943
vt 0.03102274 0.8563005
vt 0.1554503 0.684397
vt 0.1554503 0.684397
vt 0.3516515 0.7770919
vt 0.2067222 0.9723943
vt 0.4172568 0.3465408
vt 0.2375304 0.3510945
vt 0.1966107 0.1423416
vt 0.1966107 0.1423416
vt 0.2846951 0.09813875
vt 0.4172568 0.3465408
vt 0.4221955 0.3432629
vt 0.4172568 0.5571172
vt 0.2503738 0.5603951
vt 0.2503738 0.5603951
vt 0.2425135 0.382985
vt 0.4221955 0.3432629
vt 0.2305614 0.5257077
vt 0.1554503 0.684397
vt 0.3516515 0.7770919
vt 0.3516515 0.7770919
vt 0.4221955 0.5603951
vt 0.2305614 0.5257077
vt 0.1554503 0.684397
vt 0.03102274 0.8563005
vt 0.2067222 0.9723943
vt 0.2067222 0.9723943
vt 0.3516515 0.7770919
vt 0.1554503 0.684397
vt 0.1966107 0.1423416
vt 0.2375304 0.3510945
vt 0.4172568 0.3465408
vt 0.4172568 0.3465408
vt 0.2846951 0.09813875
vt 0.1966107 0.1423416
vt 0.2503738 0.5603951
vt 0.4172568 0.5571172
vt 0.4221955 0.3432629
vt 0.4221955 0.3432629
vt 0.2425135 0.382985
vt 0.2503738 0.5603951
vt 0.3516515 0.7770919
vt 0.1554503 0.684397
vt 0.2305614 0.5257077
vt 0.2305614 0.5257077
vt 0.4221955 0.5603951
vt 0.3516515 0.7770919
vt 0.3516515 0.7770919
vt 0.2067222 0.9723943
vt 0.03102274 0.8563005
vt 0.03102274 0.8563005
vt 0.1554503 0.684397
vt 0.3516515 0.7770919
vt 0.4172568 0.3465408
vt 0.2375304 0.3510945
vt 0.1966107 0.1423416
vt 0.1966107 0.1423416
vt 0.2846951 0.09813875
vt 0.4172568 0.3465408
vt 0.4221955 0.3432629
vt 0.4172568 0.5571172
vt 0.2503738 0.5603951
vt 0.2503738 0.5603951
vt 0.2425135 0.382985
vt 0.4221955 0.3432629
vt 0.1554503 0.684397
vt 0.3516515 0.7770919
vt 0.4221955 0.5603951
vt 0.4221955 0.5603951
vt 0.2305614 0.5257077
vt 0.1554503 0.684397
vt 0.03102274 0.8563005
vt 0.2067222 0.9723943
vt 0.3516515 0.7770919
vt 0.3516515 0.7770919
vt 0.1554503 0.684397
vt 0.03102274 0.8563005
vt 0.1966107 0.1423416
vt 0.2375304 0.3510945
vt 0.4172568 0.3465408
vt 0.4172568 0.3465408
vt 0.2846951 0.09813875
vt 0.1966107 0.1423416
vt 0.2305614 0.5257077
vt 0.4221955 0.5603951
vt 0.4172568 0.3465408
vt 0.4172568 0.3465408
vt 0.2375304 0.3510945
vt 0.2305614 0.5257077
vt 0.05332634 0.541147
vt 0.1800833 0.5474825
vt 0.2007764 0.4177806
vt 0.2007764 0.4177806
vt 0.0753086 0.4316719
vt 0.05332634 0.541147
vt 0.05332634 0.541147
vt 0.005812606 0.669773
vt 0.09707873 0.7169478
vt 0.09707873 0.7169478
vt 0.1800833 0.5474825
vt 0.05332634 0.541147
vt 0.07277995 0.3180072
vt 0.200254 0.2934363
vt 0.1196235 0.1816783
vt 0.02736206 0.221439
vt 0.07277995 0.3180072
vt 0.0753086 0.4316719
vt 0.2007764 0.4177806
vt 0.2007764 0.4177806
vt 0.200254 0.2934363
vt 0.07277995 0.3180072
vt 0.1501472 0.1420773
vt 0.01460837 0.2064561
vt 0.01901467 0.02047098
vt 0.01460844 0.2064561
vt 0.1501472 0.1420773
vt 0.01901475 0.02047104
vt 0.1501472 0.1420773
vt 0.01460837 0.2064561
vt 0.01901467 0.02047098
vt 0.01460844 0.2064561
vt 0.1501472 0.1420773
vt 0.01901475 0.02047104
vt 0.01460844 0.2064561
vt 0.1501472 0.1420773
vt 0.01901475 0.02047104
vt 0.1501472 0.1420773
vt 0.01460837 0.2064561
vt 0.01901467 0.02047098
vt 0.01460844 0.2064561
vt 0.1501472 0.1420773
vt 0.01901475 0.02047104
vt 0.1501472 0.1420773
vt 0.01460837 0.2064561
vt 0.01901467 0.02047098
vt 0.3516515 0.7770919
vt 0.4221955 0.5603951
vt 0.2305614 0.5257077
vt 0.2305614 0.5257077
vt 0.1554503 0.684397
vt 0.3516515 0.7770919
vt 0.3516515 0.7770919
vt 0.2067222 0.9723943
vt 0.03102274 0.8563005
vt 0.03102274 0.8563005
vt 0.1554503 0.684397
vt 0.3516515 0.7770919
vt 0.2846951 0.09813875
vt 0.4172568 0.3465408
vt 0.2375304 0.3510945
vt 0.2375304 0.3510945
vt 0.1966107 0.1423416
vt 0.2846951 0.09813875
vt 0.4221955 0.3432629
vt 0.4172568 0.5571172
vt 0.2503738 0.5603951
vt 0.2503738 0.5603951
vt 0.2425135 0.382985
vt 0.4221955 0.3432629
vt 0.1554503 0.684397
vt 0.3516515 0.7770919
vt 0.4221955 0.5603951
vt 0.4221955 0.5603951
vt 0.2305614 0.5257077
vt 0.1554503 0.684397
vt 0.1554503 0.684397
vt 0.03102274 0.8563005
vt 0.2067222 0.9723943
vt 0.2067222 0.9723943
vt 0.3516515 0.7770919
vt 0.1554503 0.684397
vt 0.1966107 0.1423416
vt 0.2375304 0.3510945
vt 0.4172568 0.3465408
vt 0.4172568 0.3465408
vt 0.2846951 0.09813875
vt 0.1966107 0.1423416
vt 0.2503738 0.5603951
vt 0.4172568 0.5571172
vt 0.4221955 0.3432629
vt 0.4221955 0.3432629
vt 0.2425135 0.382985
vt 0.2503738 0.5603951
vt 0.4221955 0.5603951
vt 0.3516515 0.7770919
vt 0.1554503 0.684397
vt 0.1554503 0.684397
vt 0.2305614 0.5257077
vt 0.4221955 0.5603951
vt 0.2067222 0.9723943
vt 0.03102274 0.8563005
vt 0.1554503 0.684397
vt 0.1554503 0.684397
vt 0.3516515 0.7770919
vt 0.2067222 0.9723943
vt 0.4172568 0.3465408
vt 0.2375304 0.3510945
vt 0.1966107 0.1423416
vt 0.1966107 0.1423416
vt 0.2846951 0.09813875
vt 0.4172568 0.3465408
vt 0.4221955 0.3432629
vt 0.4172568 0.5571172
vt 0.2503738 0.5603951
vt 0.2503738 0.5603951
vt 0.2425135 0.382985
vt 0.4221955 0.3432629
vt 0.2305614 0.5257077
vt 0.1554503 0.684397
vt 0.3516515 0.7770919
vt 0.3516515 0.7770919
vt 0.4221955 0.5603951
vt 0.2305614 0.5257077
vt 0.1554503 0.684397
vt 0.03102274 0.8563005
vt 0.2067222 0.9723943
vt 0.2067222 0.9723943
vt 0.3516515 0.7770919
vt 0.1554503 0.684397
vt 0.1966107 0.1423416
vt 0.2375304 0.3510945
vt 0.4172568 0.3465408
vt 0.4172568 0.3465408
vt 0.2846951 0.09813875
vt 0.1966107 0.1423416
vt 0.2503738 0.5603951
vt 0.4172568 0.5571172
vt 0.4221955 0.3432629
vt 0.4221955 0.3432629
vt 0.2425135 0.382985
vt 0.2503738 0.5603951
vt 0.3516515 0.7770919
vt 0.1554503 0.684397
vt 0.2305614 0.5257077
vt 0.2305614 0.5257077
vt 0.4221955 0.5603951
vt 0.3516515 0.7770919
vt 0.3516515 0.7770919
vt 0.2067222 0.9723943
vt 0.03102274 0.8563005
vt 0.03102274 0.8563005
vt 0.1554503 0.684397
vt 0.3516515 0.7770919
vt 0.4172568 0.3465408
vt 0.2375304 0.3510945
vt 0.1966107 0.1423416
vt 0.1966107 0.1423416
vt 0.2846951 0.09813875
vt 0.4172568 0.3465408
vt 0.4221955 0.3432629
vt 0.4172568 0.5571172
vt 0.2503738 0.5603951
vt 0.2503738 0.5603951
vt 0.2425135 0.382985
vt 0.4221955 0.3432629
vt 0.1554503 0.684397
vt 0.3516515 0.7770919
vt 0.4221955 0.5603951
vt 0.4221955 0.5603951
vt 0.2305614 0.5257077
vt 0.1554503 0.684397
vt 0.03102274 0.8563005
vt 0.2067222 0.9723943
vt 0.3516515 0.7770919
vt 0.3516515 0.7770919
vt 0.1554503 0.684397
vt 0.03102274 0.8563005
vt 0.1966107 0.1423416
vt 0.2375304 0.3510945
vt 0.4172568 0.3465408
vt 0.4172568 0.3465408
vt 0.2846951 0.09813875
vt 0.1966107 0.1423416
vt 0.2305614 0.5257077
vt 0.4221955 0.5603951
vt 0.4172568 0.3465408
vt 0.4172568 0.3465408
vt 0.2375304 0.3510945
vt 0.2305614 0.5257077
vt 0.05332634 0.541147
vt 0.1800833 0.5474825
vt 0.2007764 0.4177806
vt 0.2007764 0.4177806
vt 0.0753086 0.4316719
vt 0.05332634 0.541147
vt 0.05332634 0.541147
vt 0.005812606 0.669773
vt 0.09707873 0.7169478
vt 0.09707873 0.7169478
vt 0.1800833 0.5474825
vt 0.05332634 0.541147
vt 0.07277995 0.3180072
vt 0.200254 0.2934363
vt 0.1196235 0.1816783
vt 0.02736206 0.221439
vt 0.07277995 0.3180072
vt 0.0753086 0.4316719
vt 0.2007764 0.4177806
vt 0.2007764 0.4177806
vt 0.200254 0.2934363
vt 0.07277995 0.3180072
vt 0.2305614 0.5257077
vt 0.4221955 0.5603951
vt 0.3516515 0.7770919
vt 0.3516515 0.7770919
vt 0.1554503 0.684397
vt 0.2305614 0.5257077
vt 0.03102274 0.8563005
vt 0.2067222 0.9723943
vt 0.3516515 0.7770919
vt 0.3516515 0.7770919
vt 0.1554503 0.684397
vt 0.03102274 0.8563005
vt 0.2375304 0.3510945
vt 0.4172568 0.3465408
vt 0.2846951 0.09813875
vt 0.2846951 0.09813875
vt 0.1966107 0.1423416
vt 0.2375304 0.3510945
vt 0.2503738 0.5603951
vt 0.4172568 0.5571172
vt 0.4221955 0.3432629
vt 0.4221955 0.3432629
vt 0.2425135 0.382985
vt 0.2503738 0.5603951
vt 0.4221955 0.5603951
vt 0.3516515 0.7770919
vt 0.1554503 0.684397
vt 0.1554503 0.684397
vt 0.2305614 0.5257077
vt 0.4221955 0.5603951
vt 0.2067222 0.9723943
vt 0.03102274 0.8563005
vt 0.1554503 0.684397
vt 0.1554503 0.684397
vt 0.3516515 0.7770919
vt 0.2067222 0.9723943
vt 0.4172568 0.3465408
vt 0.2375304 0.3510945
vt 0.1966107 0.1423416
vt 0.1966107 0.1423416
vt 0.2846951 0.09813875
vt 0.4172568 0.3465408
vt 0.4221955 0.3432629
vt 0.4172568 0.5571172
vt 0.2503738 0.5603951
vt 0.2503738 0.5603951
vt 0.2425135 0.382985
vt 0.4221955 0.3432629
vt 0.1554503 0.684397
vt 0.3516515 0.7770919
vt 0.4221955 0.5603951
vt 0.4221955 0.5603951
vt 0.2305614 0.5257077
vt 0.1554503 0.684397
vt 0.1554503 0.684397
vt 0.03102274 0.8563005
vt 0.2067222 0.9723943
vt 0.2067222 0.9723943
vt 0.3516515 0.7770919
vt 0.1554503 0.684397
vt 0.1966107 0.1423416
vt 0.2375304 0.3510945
vt 0.4172568 0.3465408
vt 0.4172568 0.3465408
vt 0.2846951 0.09813875
vt 0.1966107 0.1423416
vt 0.2503738 0.5603951
vt 0.4172568 0.5571172
vt 0.4221955 0.3432629
vt 0.4221955 0.3432629
vt 0.2425135 0.382985
vt 0.2503738 0.5603951
vt 0.3516515 0.7770919
vt 0.1554503 0.684397
vt 0.2305614 0.5257077
vt 0.2305614 0.5257077
vt 0.4221955 0.5603951
vt 0.3516515 0.7770919
vt 0.2067222 0.9723943
vt 0.03102274 0.8563005
vt 0.1554503 0.684397
vt 0.1554503 0.684397
vt 0.3516515 0.7770919
vt 0.2067222 0.9723943
vt 0.4172568 0.3465408
vt 0.2375304 0.3510945
vt 0.1966107 0.1423416
vt 0.1966107 0.1423416
vt 0.2846951 0.09813875
vt 0.4172568 0.3465408
vt 0.4221955 0.3432629
vt 0.4172568 0.5571172
vt 0.2503738 0.5603951
vt 0.2503738 0.5603951
vt 0.2425135 0.382985
vt 0.4221955 0.3432629
vt 0.2305614 0.5257077
vt 0.1554503 0.684397
vt 0.3516515 0.7770919
vt 0.3516515 0.7770919
vt 0.4221955 0.5603951
vt 0.2305614 0.5257077
vt 0.03102274 0.8563005
vt 0.2067222 0.9723943
vt 0.3516515 0.7770919
vt 0.3516515 0.7770919
vt 0.1554503 0.684397
vt 0.03102274 0.8563005
vt 0.1966107 0.1423416
vt 0.2375304 0.3510945
vt 0.4172568 0.3465408
vt 0.4172568 0.3465408
vt 0.2846951 0.09813875
vt 0.1966107 0.1423416
vt 0.2503738 0.5603951
vt 0.4172568 0.5571172
vt 0.4221955 0.3432629
vt 0.4221955 0.3432629
vt 0.2425135 0.382985
vt 0.2503738 0.5603951
vt 0.4221955 0.5603951
vt 0.3516515 0.7770919
vt 0.1554503 0.684397
vt 0.1554503 0.684397
vt 0.2305614 0.5257077
vt 0.4221955 0.5603951
vt 0.3516515 0.7770919
vt 0.2067222 0.9723943
vt 0.03102274 0.8563005
vt 0.03102274 0.8563005
vt 0.1554503 0.684397
vt 0.3516515 0.7770919
vt 0.4172568 0.3465408
vt 0.2375304 0.3510945
vt 0.1966107 0.1423416
vt 0.1966107 0.1423416
vt 0.2846951 0.09813875
vt 0.4172568 0.3465408
vt 0.4172568 0.3465408
vt 0.4221955 0.5603951
vt 0.2305614 0.5257077
vt 0.2305614 0.5257077
vt 0.2375304 0.3510945
vt 0.4172568 0.3465408
vt 0.2007764 0.4177806
vt 0.1800833 0.5474825
vt 0.05332634 0.541147
vt 0.05332634 0.541147
vt 0.0753086 0.4316719
vt 0.2007764 0.4177806
vt 0.09707873 0.7169478
vt 0.005812606 0.669773
vt 0.05332634 0.541147
vt 0.05332634 0.541147
vt 0.1800833 0.5474825
vt 0.09707873 0.7169478
vt 0.1196235 0.1816783
vt 0.200254 0.2934363
vt 0.07277995 0.3180072
vt 0.02736206 0.221439
vt 0.2007764 0.4177806
vt 0.0753086 0.4316719
vt 0.07277995 0.3180072
vt 0.07277995 0.3180072
vt 0.200254 0.2934363
vt 0.2007764 0.4177806
vt 0.1501472 0.1420773
vt 0.01901467 0.02047098
vt 0.01460837 0.2064561
vt 0.1501472 0.1420773
vt 0.1501472 0.1420773
vt 0.01460837 0.2064561
vt 0.01460844 0.2064561
vt 0.1501472 0.1420773
vt 0.01460844 0.2064561
usemtl material_4_0
f 505/505 506/506 507/507
f 508/508 509/509 510/510
f 511/511 512/512 513/513
f 514/514 515/515 516/516
f 517/517 518/518 519/519
f 520/520 521/521 522/522
f 523/523 524/524 525/525
f 526/526 527/527 528/528
f 529/529 530/530 531/531
f 532/532 533/533 534/534
f 535/535 536/536 537/537
f 538/538 539/539 540/540
f 541/541 542/542 543/543
f 544/544 545/545 546/546
f 547/547 548/548 549/549
f 550/550 551/551 552/552
f 553/553 554/554 555/555
f 556/556 557/557 558/558
f 559/559 560/560 561/561
f 562/562 563/563 564/564
f 565/565 566/566 567/567
f 568/568 569/569 570/570
f 571/571 572/572 573/573
f 574/574 575/575 576/576
f 577/577 578/578 579/579
f 580/580 581/581 582/582
f 583/583 584/584 585/585
f 586/586 587/587 588/588
f 589/589 590/590 591/591
f 592/592 593/593 594/594
f 595/595 596/596 597/597
f 598/598 599/599 600/600
f 601/601 602/602 603/603
f 604/604 605/605 606/606
f 607/607 608/608 609/609
f 610/610 611/611 612/612
f 613/613 614/614 615/615
f 616/616 617/617 618/618
f 619/619 620/620 621/621
f 622/622 623/623 624/624
f 625/625 626/626 627/627
f 628/628 629/629 630/630
f 631/631 632/632 633/633
f 634/634 635/635 636/636
f 637/637 638/638 639/639
f 640/640 641/641 642/642
f 643/643 644/644 645/645
f 646/646 647/647 648/648
f 649/649 650/650 651/651
f 652/652 653/653 654/654
f 655/655 656/656 657/657
f 658/658 659/659 660/660
f 661/661 662/662 663/663
f 663/663 664/664 661/661
f 665/665 666/666 667/667
f 668/668 669/669 670/670
f 671/671 672/672 673/673
f 674/674 675/675 676/676
f 677/677 678/678 679/679
f 680/680 681/681 682/682
f 683/683 684/684 685/685
f 686/686 687/687 688/688
f 689/689 690/690 691/691
f 692/692 693/693 694/694
f 695/695 696/696 697/697
f 698/698 699/699 700/700
f 701/701 702/702 703/703
f 704/704 705/705 706/706
f 707/707 708/708 709/709
f 710/710 711/711 712/712
f 713/713 714/714 715/715
f 716/716 717/717 718/718
f 719/719 720/720 721/721
f 722/722 723/723 724/724
f 725/725 726/726 727/727
f 728/728 729/729 730/730
f 731/731 732/732 733/733
f 734/734 735/735 736/736
f 737/737 738/738 739/739
f 740/740 741/741 742/742
f 743/743 744/744 745/745
f 746/746 747/747 748/748
f 749/749 750/750 751/751
f 752/752 753/753 754/754
f 755/755 756/756 757/757
f 758/758 759/759 760/760
f 761/761 762/762 763/763
f 764/764 765/765 766/766
f 767/767 768/768 769/769
f 770/770 771/771 772/772
f 773/773 774/774 775/775
f 776/776 777/777 778/778
f 779/779 780/780 781/781
f 782/782 783/783 784/784
f 785/785 786/786 787/787
f 788/788 789/789 790/790
f 791/791 792/792 793/793
f 794/794 795/795 796/796
f 797/797 798/798 799/799
f 800/800 801/801 802/802
f 803/803 804/804 805/805
f 806/806 807/807 808/808
f 809/809 810/810 811/811
f 812/812 813/813 814/814
f 815/815 816/816 817/817
f 818/818 819/819 820/820
f 821/821 822/822 823/823
f 824/824 825/825 826/826
f 827/827 828/828 829/829
f 829/829 830/830 827/827
f 831/831 832/832 833/833
f 834/834 835/835 836/836
f 837/837 838/838 839/839
f 840/840 841/841 842/842
f 843/843 844/844 845/845
f 846/846 847/847 848/848
f 849/849 850/850 851/851
f 852/852 853/853 854/854
f 855/855 856/856 857/857
f 858/858 859/859 860/860
f 861/861 862/862 863/863
f 864/864 865/865 866/866
f 867/867 868/868 869/869
f 870/870 871/871 872/872
f 873/873 874/874 875/875
f 876/876 877/877 878/878
f 879/879 880/880 881/881
f 882/882 883/883 884/884
f 885/885 886/886 887/887
f 888/888 889/889 890/890
f 891/891 892/892 893/893
f 894/894 895/895 896/896
f 897/897 898/898 899/899
f 900/900 901/901 902/902
f 903/903 904/904 905/905
f 906/906 907/907 908/908
f 909/909 910/910 911/911
f 912/912 913/913 914/914
f 915/915 916/916 917/917
f 918/918 919/919 920/920
f 921/921 922/922 923/923
f 924/924 925/925 926/926
f 927/927 928/928 929/929
f 930/930 931/931 932/932
f 933/933 934/934 935/935
f 936/936 937/937 938/938
f 939/939 940/940 941/941
f 942/942 943/943 944/944
f 945/945 946/946 947/947
f 948/948 949/949 950/950
f 951/951 952/952 953/953
f 954/954 955/955 956/956
f 957/957 958/958 959/959
f 960/960 961/961 962/962
f 963/963 964/964 965/965
f 966/966 967/967 968/968
f 969/969 970/970 971/971
f 972/972 973/973 974/974
f 975/975 976/976 977/977
f 978/978 979/979 980/980
f 981/981 982/982 983/983
f 984/984 985/985 986/986
f 987/987 988/988 989/989
f 990/990 991/991 992/992
f 993/993 994/994 995/995
f 996/996 997/997 998/998
f 999/999 1000/1000 1001/1001
f 1002/1002 1003/1003 1004/1004
f 1005/1005 1006/1006 1007/1007
f 1008/1008 1009/1009 1010/1010
f 1011/1011 1012/1012 1013/1013
f 1014/1014 1015/1015 1016/1016
f 1017/1017 1018/1018 1019/1019
f 1019/1019 1020/1020 1017/1017
f 1021/1021 1022/1022 1023/1023
f 1024/1024 1025/1025 1026/1026
f 1027/1027 1028/1028 1029/1029
f 1030/1030 1031/1031 1032/1032
f 1033/1033 1034/1034 1035/1035
f 1036/1036 1037/1037 1038/1038
f 1039/1039 1040/1040 1041/1041
f 1042/1042 1043/1043 1044/1044
f 1045/1045 1046/1046 1047/1047
f 1048/1048 1049/1049 1050/1050
f 1051/1051 1052/1052 1053/1053
f 1054/1054 1055/1055 1056/1056
f 1057/1057 1058/1058 1059/1059
f 1060/1060 1061/1061 1062/1062
f 1063/1063 1064/1064 1065/1065
f 1066/1066 1067/1067 1068/1068
f 1069/1069 1070/1070 1071/1071
f 1072/1072 1073/1073 1074/1074
f 1075/1075 1076/1076 1077/1077
f 1078/1078 1079/1079 1080/1080
f 1081/1081 1082/1082 1083/1083
f 1084/1084 1085/1085 1086/1086
f 1087/1087 1088/1088 1089/1089
f 1090/1090 1091/1091 1092/1092
f 1093/1093 1094/1094 1095/1095
f 1096/1096 1097/1097 1098/1098
f 1099/1099 1100/1100 1101/1101
f 1102/1102 1103/1103 1104/1104
f 1105/1105 1106/1106 1107/1107
f 1108/1108 1109/1109 1110/1110
f 1111/1111 1112/1112 1113/1113
f 1114/1114 1115/1115 1116/1116
f 1117/1117 1118/1118 1119/1119
f 1120/1120 1121/1121 1122/1122
f 1123/1123 1124/1124 1125/1125
f 1126/1126 1127/1127 1128/1128
f 1129/1129 1130/1130 1131/1131
f 1132/1132 1133/1133 1134/1134
f 1135/1135 1136/1136 1137/1137
f 1138/1138 1139/1139 1140/1140
f 1141/1141 1142/1142 1143/1143
f 1144/1144 1145/1145 1146/1146
f 1147/1147 1148/1148 1149/1149
f 1150/1150 1151/1151 1152/1152
f 1153/1153 1154/1154 1155/1155
f 1156/1156 1157/1157 1158/1158
f 1159/1159 1160/1160 1161/1161
f 1162/1162 1163/1163 1164/1164
f 1165/1165 1166/1166 1167/1167
f 1168/1168 1169/1169 1170/1170
f 1171/1171 1172/1172 1173/1173
f 1174/1174 1175/1175 1176/1176
f 1177/1177 1178/1178 1179/1179
f 1180/1180 1181/1181 1182/1182
f 1183/1183 1184/1184 1185/1185
f 1185/1185 1186/1186 1183/1183
f 1187/1187 1188/1188 1189/1189
f 1190/1190 1191/1191 1192/1192
f 1193/1193 1194/1194 1195/1195
f 1195/1195 1194/1194 1196/1196
f 1197/1197 1194/1194 1198/1198
f 1198/1198 1194/1194 1193/1193
f 1199/1199 1194/1194 1200/1200
f 1196/1196 1194/1194 1199/1199
f 1201/1201 1194/1194 1197/1197
f 1200/1200 1194/1194 1201/1201
o part_5
v 0.09274292 3.440247 -5.91784
v -0.2471664 3.440248 -6.385228
v -0.2504839 3.440248 -3.084407
v 0.09274292 3.440248 -3.084407
v 0.09274292 3.440247 -5.91784
v 2.378078 3.440247 -5.91784
v 2.378078 3.440247 -6.385228
v -0.2471664 3.440248 -6.385228
v 2.378078 3.440247 -6.385228
v 2.378078 3.04982 -6.385228
v -0.2471659 3.049819 -6.385228
v -0.2471664 3.440248 -6.385228
v -0.2471669 -0.0001247469 -6.279413
v -0.247167 -0.0001247231 -5.971384
v -0.2471668 3.04982 -5.971385
v -0.2471659 3.049819 -6.279413
v -0.2471668 3.04982 -5.971385
v -0.247167 -0.0001247231 -5.971384
v 2.177418 -0.0001246516 -5.971384
v 2.177419 3.049819 -5.971385
v 2.053517 4.782794 -5.917841
v 2.053517 4.782795 -3.077034
v 2.702639 4.782795 -3.077034
v 2.702639 4.782795 -5.917841
v 2.053517 4.651679 -5.917841
v 2.702639 4.651678 -5.917841
v 2.378079 4.651679 -5.91784
v 2.122277 1.656072 -3.722709
v 2.500481 0.7430064 -3.722709
v 2.500481 0.7430064 -6.001143
v 2.122277 1.656072 -6.001144
v 1.209211 2.034276 -3.722708
v 1.209211 2.034276 -6.001143
v 0.2961451 1.656072 -3.722708
v 0.296145 1.656072 -6.001143
v 2.122277 -0.1700596 -3.722709
v 2.122277 -0.1700596 -6.001144
v -0.2471669 -0.0001247469 -6.279413
v -0.2471659 3.049819 -6.279413
v 2.177418 3.04982 -6.279414
v 2.177418 -0.0001249615 -6.279413
v 2.702639 4.65168 -3.077034
v 2.702639 4.651678 -5.917841
v 2.702639 4.782795 -5.917841
v 2.702639 4.782795 -3.077034
v 2.053517 4.651679 -5.917841
v 2.053517 4.651679 -3.077033
v 2.053517 4.782795 -3.077034
v 2.053517 4.782794 -5.917841
v 2.702639 4.651678 -5.917841
v 2.053517 4.651679 -5.917841
v 2.053517 4.782794 -5.917841
v 2.702639 4.782795 -5.917841
v 2.378078 3.440247 -5.91784
v 0.09274292 3.440247 -5.91784
v 0.8278778 4.360612 -5.91784
v 2.053517 4.651679 -5.917841
v 2.378079 4.651679 -5.91784
v 0.09274209 3.440248 -4.081388
v 0.8278772 4.360613 -4.081389
v 0.8278778 4.360612 -5.91784
v 0.09274292 3.440247 -5.91784
v 2.053517 4.651679 -5.917841
v 0.8278778 4.360612 -5.91784
v 0.8278772 4.360613 -4.081389
v 2.053517 4.651679 -4.081389
v 2.053517 4.651679 -4.081389
v 0.8278772 4.360613 -4.081389
v 0.827877 4.360614 -3.077034
v 2.053517 4.651679 -3.077033
v 0.09274197 3.440248 -3.077033
v 0.827877 4.360614 -3.077034
v 0.8278772 4.360613 -4.081389
v 0.09274209 3.440248 -4.081388
vt 0.9288754 0.5261233
vt 0.9987885 0.6159505
vt 0.5039399 0.6159505
vt 0.5050429 0.5261233
vt 0.1717819 0.5254652
vt 0.5798775 0.5254652
vt 0.6405756 0.6089273
vt 0.1717819 0.6089273
vt 0.5136457 0.6170527
vt 0.5136457 0.5218596
vt 0.9824395 0.5218596
vt 0.9824395 0.6170527
vt 0 0
vt 0.05500523 0
vt 0.05500523 0.544633
vt 0 0.544633
vt 0.03624194 0.5390232
vt 0.03624194 0.01175737
vt 0.4553973 0.01175737
vt 0.4553973 0.5390232
vt 0.5545006 0.1086065
vt 0.05767733 0.1086065
vt 0.05767733 0.003663242
vt 0.5545006 0.003663301
vt 0 0
vt 0 0
vt 0 0
vt 0.5468178 0.4066259
vt 0.7218652 0.4066265
vt 0.7218666 0.008639336
vt 0.5468192 0.00863868
vt 0.7218652 0.4066265
vt 0.7218666 0.008639336
vt 0.5468178 0.4066259
vt 0.5468192 0.00863868
vt 0.5468178 0.4066259
vt 0.5468192 0.00863868
vt 0.6844114 0.00831145
vt 0.6844114 0.5466954
vt 0.2514499 0.5466954
vt 0.2514499 0.00831145
vt 0.5518313 0.1246212
vt 0.03017664 0.1246212
vt 0.03017664 0.1588099
vt 0.5518313 0.1588099
vt 0.01990076 0.2350869
vt 0.5415554 0.2350869
vt 0.5415554 0.2692757
vt 0.01990076 0.2692757
vt 1.23687 0.8889724
vt 1.23687 1.004887
vt 1.23687 1.004887
vt 1.23687 0.8889724
vt 0.009794164 0.6176453
vt 0.3912652 0.6176453
vt 0.2592795 0.7548831
vt 0.0760294 0.7979025
vt 0.009794164 0.7960472
vt 0.03769955 0.7436491
vt 0.4252065 0.7436504
vt 0.4280538 0.1184582
vt 0.03912668 0.1184567
vt 0.5419798 0.1166466
vt 0.1375378 0.1166468
vt 0.1375379 0.7430321
vt 0.5419798 0.7430321
vt 0.5419798 0.737816
vt 0.1375379 0.737816
vt 0.1375378 0.3952459
vt 0.5419798 0.395246
vt 0.03900189 0.4101596
vt 0.4265089 0.410161
vt 0.4265077 0.743945
vt 0.03900071 0.7439436
usemtl material_5_0
f 1229/1229 1230/1230 1231/1231
f 1231/1231 1232/1232 1229/1229
f 1233/1233 1229/1229 1232/1232
f 1232/1232 1234/1234 1233/1233
f 1235/1235 1233/1233 1234/1234
f 1234/1234 1236/1236 1235/1235
f 1230/1230 1237/1237 1238/1238
f 1238/1238 1231/1231 1230/1230
usemtl material_5_1
f 1202/1202 1203/1203 1204/1204
f 1204/1204 1205/1205 1202/1202
f 1206/1206 1207/1207 1208/1208
f 1208/1208 1209/1209 1206/1206
f 1210/1210 1211/1211 1212/1212
f 1212/1212 1213/1213 1210/1210
f 1214/1214 1215/1215 1216/1216
f 1216/1216 1217/1217 1214/1214
f 1218/1218 1219/1219 1220/1220
f 1220/1220 1221/1221 1218/1218
f 1226/1226 1227/1227 1228/1228
f 1239/1239 1240/1240 1241/1241
f 1241/1241 1242/1242 1239/1239
f 1255/1255 1256/1256 1257/1257
f 1255/1255 1257/1257 1258/1258
f 1255/1255 1258/1258 1259/1259
usemtl material_5_2
f 1222/1222 1223/1223 1224/1224
f 1224/1224 1225/1225 1222/1222
f 1243/1243 1244/1244 1245/1245
f 1245/1245 1246/1246 1243/1243
f 1247/1247 1248/1248 1249/1249
f 1249/1249 1250/1250 1247/1247
f 1251/1251 1252/1252 1253/1253
f 1253/1253 1254/1254 1251/1251
f 1260/1260 1261/1261 1262/1262
f 1262/1262 1263/1263 1260/1260
f 1264/1264 1265/1265 1266/1266
f 1266/1266 1267/1267 1264/1264
f 1268/1268 1269/1269 1270/1270
f 1270/1270 1271/1271 1268/1268
f 1272/1272 1273/1273 1274/1274
f 1274/1274 1275/1275 1272/1272
o part_6
v 4.663414 3.440247 -2.072679
v 3.928279 4.360614 -2.072679
v 3.928279 4.360613 -0.2362272
v 4.663414 3.440247 -0.2362269
v 5.003324 3.440247 -3.077034
v 4.663414 3.440247 -3.077034
v 4.663414 3.440247 -0.2362269
v 5.003324 3.440247 0.2311605
v 4.663414 3.440247 -0.2362269
v 2.378078 3.440247 -0.2362265
v 2.378078 3.440247 0.2311609
v 5.003324 3.440247 0.2311605
v 2.378078 3.440247 0.2311609
v 2.378079 3.049819 0.2311612
v 5.003323 3.04982 0.2311609
v 5.003324 3.440247 0.2311605
v 3.96606 -0.0001246635 -0.6205294
v 3.96606 -0.0001249734 -0.135496
v 3.96606 3.04982 -0.1354963
v 3.96606 3.049819 -0.6205298
v 4.466773 -0.0001248065 -0.6205298
v 3.96606 -0.0001246635 -0.6205294
v 3.96606 3.049819 -0.6205298
v 4.466774 3.049819 -0.6205305
v 4.466773 -0.0001247112 -0.1354956
v 4.466773 -0.0001248065 -0.6205298
v 4.466774 3.049819 -0.6205305
v 4.466774 3.049819 -0.1354963
v 3.96606 -0.0001249734 -0.135496
v 4.466773 -0.0001247112 -0.1354956
v 4.466774 3.049819 -0.1354963
v 3.96606 3.04982 -0.1354963
v 5.496858 0.7012691 -2.087226
v 3.270803 0.7012689 -2.087226
v 3.270803 0.7012694 -0.6676172
v 5.496859 0.7012693 -0.6676176
v 5.396138 0.4592991 -0.7219553
v 3.371523 0.4592995 -0.7219549
v 3.371523 0.09242141 -0.7219545
v 5.396138 0.09242135 -0.7219549
v 5.396138 0.4592992 -2.032889
v 5.396138 0.4592991 -0.7219553
v 5.396138 0.09242135 -0.7219549
v 5.396138 0.09242135 -0.7219549
v 5.377782 0.1166205 -2.022283
v 5.396138 0.4592992 -2.032889
v 3.371523 0.4592993 -2.032889
v 5.396138 0.4592992 -2.032889
v 5.377782 0.1166205 -2.022283
v 5.377782 0.1166205 -2.022283
v 3.371523 0.09242117 -2.032889
v 3.371523 0.4592993 -2.032889
v 3.371523 0.4592995 -0.7219549
v 3.371523 0.4592993 -2.032889
v 3.371523 0.09242117 -2.032889
v 3.371523 0.09242141 -0.7219545
v 5.496859 0.7012693 -0.6676176
v 3.270803 0.7012694 -0.6676172
v 3.270803 0.4592994 -0.6676172
v 5.496858 0.4592992 -0.6676176
v 5.496858 0.7012691 -2.087226
v 5.496859 0.7012693 -0.6676176
v 5.496858 0.4592992 -0.6676176
v 5.496858 0.4592994 -2.087226
v 3.270803 0.7012689 -2.087226
v 5.496858 0.7012691 -2.087226
v 5.496858 0.4592994 -2.087226
v 3.270803 0.4592991 -2.087226
v 3.270803 0.7012694 -0.6676172
v 3.270803 0.7012689 -2.087226
v 3.270803 0.4592991 -2.087226
v 3.270803 0.4592994 -0.6676172
v 4.285009 0.1355994 0.2123773
v 4.285009 0.1036172 1.934461
v 4.598724 0.1036175 1.934461
v 4.598724 0.1355994 0.2123773
v 2.70264 4.65168 -0.2362269
v 3.928279 4.360613 -0.2362272
v 3.928279 4.360614 -2.072679
v 2.70264 4.65168 -2.072679
v 2.378078 3.440247 -0.2362265
v 4.663414 3.440247 -0.2362269
v 3.928279 4.360613 -0.2362272
v 2.70264 4.65168 -0.2362269
v 2.378079 4.65168 -0.2362269
v 5.669065 -0.0001244251 -2.523547
v 5.669065 0.1098003 -2.523547
v 5.669065 0.1098006 0.9297082
v 5.669065 -0.0001245204 0.9297082
v 5.669065 0.1098006 0.9297082
v 5.669065 0.1098003 -2.523547
v 2.028664 0.1098004 -2.523547
v 2.028664 0.1098006 0.9297082
v 2.028664 0.1098006 0.9297082
v 2.028664 -0.0001244489 0.9297082
v 5.669065 -0.0001245204 0.9297082
v 5.669065 0.1098006 0.9297082
v 5.194495 0.2240247 0.3162194
v 4.077845 0.192043 1.627197
v 4.316668 0.1920429 1.83062
v 5.433319 0.2240245 0.5196416
v 4.600671 0.7329332 -1.776985
v 3.269212 0.7065284 -1.278325
v 3.360054 0.7065285 -1.035771
v 4.691513 0.7329332 -1.534431
v 5.078856 0.738701 -1.274107
v 3.606357 0.7096187 -1.806893
v 3.509298 0.7096195 -1.538645
v 4.981799 0.7387008 -1.00586
v 4.524648 0.7312606 -2.03698
v 4.258311 0.7082025 -0.8242937
v 4.479228 0.7082025 -0.7757746
v 4.745564 0.7312612 -1.988461
v 2.289042 0.9996392 -0.2104979
v 3.010249 0.9729529 1.032297
v 3.236651 0.9729531 0.9009134
v 2.515443 0.9996394 -0.341881
v 3.384418 1.001231 -0.6607012
v 2.377456 0.972391 0.9228895
v 2.592819 0.9723907 1.168612
v 3.599782 1.001231 -0.4149782
v 2.754194 0.8971836 -0.2860125
v 2.090361 0.8971839 0.2268258
v 2.344246 0.8971837 0.5554643
v 3.00808 0.8971839 0.04262632
v 2.754194 0.8971836 -0.2860125
v 2.79094 0.4563057 -0.1796499
v 2.069872 0.4657391 0.3455743
v 2.090361 0.8971839 0.2268258
v 3.629733 0.7250265 -0.4376246
v 3.546108 0.7250264 -0.54587
v 3.546108 0.8971834 -0.5458704
v 3.629733 0.8971835 -0.4376246
v 3.085826 0.5056936 -0.3717638
v 2.79094 0.4563057 -0.1796499
v 2.754194 0.8971836 -0.2860125
v 2.754194 0.8971836 -0.2860125
v 3.044003 0.8971833 -0.4259016
v 3.085826 0.5056936 -0.3717638
v 3.257251 0.5056932 -0.1498671
v 3.085826 0.5056936 -0.3717638
v 3.546108 0.7250264 -0.54587
v 3.629733 0.7250265 -0.4376246
v 3.546108 0.7250264 -0.54587
v 3.085826 0.5056936 -0.3717638
v 3.044003 0.8971833 -0.4259016
v 3.044003 0.8971833 -0.4259016
v 3.546108 0.8971834 -0.5458704
v 3.546108 0.7250264 -0.54587
v 1.979079 0.8971836 0.4032739
v 1.89449 0.8971837 0.6606431
v 2.011703 0.8971838 0.8123666
v 1.989425 0.5730289 0.4562722
v 1.979079 0.8971836 0.4032739
v 2.090361 0.8971839 0.2268258
v 2.090361 0.8971839 0.2268258
v 2.069872 0.4657391 0.3455743
v 1.989425 0.5730289 0.4562722
v 1.934609 0.7368302 0.629649
v 1.89449 0.8971837 0.6606431
v 1.979079 0.8971836 0.4032739
v 1.979079 0.8971836 0.4032739
v 1.989425 0.5730289 0.4562722
v 1.934609 0.7368302 0.629649
v 2.438921 0.1116252 0.9629098
v 2.558019 0.465739 0.7485155
v 2.384722 0.4657392 0.524196
v 2.211427 0.465739 0.2998742
v 1.973906 0.1116252 0.3609796
v 1.973906 0.1116252 0.3609796
v 2.211427 0.465739 0.2998742
v 2.79094 0.4563057 -0.1796499
v 2.79094 0.4563057 -0.1796499
v 2.885759 0.1116248 -0.3434618
v 1.973906 0.1116252 0.3609796
v 1.934609 0.7368302 0.629649
v 2.051823 0.7368301 0.7813729
v 2.011703 0.8971838 0.8123666
v 1.89449 0.8971837 0.6606431
v 3.044003 0.8971833 -0.4259016
v 3.629733 0.8971835 -0.4376246
v 3.546108 0.8971834 -0.5458704
v 1.989425 0.5730289 0.4562722
v 2.069872 0.4657391 0.3455743
v 2.273966 0.4657391 0.6097597
v 1.989425 0.5730289 0.4562722
v 2.273966 0.4657391 0.6097597
v 2.051823 0.7368301 0.7813729
v 1.989425 0.5730289 0.4562722
v 2.051823 0.7368301 0.7813729
v 1.934609 0.7368302 0.629649
v 2.885759 0.1116248 -0.3434618
v 2.79094 0.4563057 -0.1796499
v 2.979635 0.456306 0.06460279
v 3.168329 0.4563057 0.308854
v 3.350774 0.1116251 0.258468
v 2.598132 0.8971839 0.8841035
v 3.261967 0.8971836 0.3712659
v 2.478059 0.4657391 0.8739434
v 3.168329 0.4563057 0.308854
v 3.261967 0.8971836 0.3712659
v 2.598132 0.8971839 0.8841035
v 3.713357 0.8971837 -0.3293783
v 3.713357 0.7250264 -0.3293779
v 3.261967 0.8971836 0.3712659
v 3.168329 0.4563057 0.308854
v 3.428674 0.5056934 0.07203078
v 3.428674 0.5056934 0.07203078
v 3.470498 0.8971837 0.1261675
v 3.261967 0.8971836 0.3712659
v 3.713357 0.7250264 -0.3293779
v 3.428674 0.5056934 0.07203078
v 3.470498 0.8971837 0.1261675
v 3.428674 0.5056934 0.07203078
v 3.713357 0.7250264 -0.3293779
v 3.713357 0.7250264 -0.3293779
v 3.713357 0.8971837 -0.3293783
v 3.470498 0.8971837 0.1261675
v 2.399305 0.8971839 0.9472257
v 2.128915 0.8971839 0.9640912
v 2.598132 0.8971839 0.8841035
v 2.399305 0.8971839 0.9472257
v 2.350633 0.5730288 0.9238331
v 2.350633 0.5730288 0.9238331
v 2.478059 0.4657391 0.8739434
v 2.598132 0.8971839 0.8841035
v 2.399305 0.8971839 0.9472257
v 2.128915 0.8971839 0.9640912
v 2.169036 0.7368301 0.9330964
v 2.169036 0.7368301 0.9330964
v 2.350633 0.5730288 0.9238331
v 2.399305 0.8971839 0.9472257
v 3.168329 0.4563057 0.308854
v 2.558019 0.465739 0.7485155
v 2.438921 0.1116252 0.9629098
v 2.438921 0.1116252 0.9629098
v 3.350774 0.1116251 0.258468
v 3.168329 0.4563057 0.308854
v 2.169036 0.7368301 0.9330964
v 2.128915 0.8971839 0.9640912
v 3.470498 0.8971837 0.1261675
v 3.713357 0.8971837 -0.3293783
v 2.350633 0.5730288 0.9238331
v 2.169036 0.7368301 0.9330964
v 2.350633 0.5730288 0.9238331
v 2.051823 0.7368301 0.7813729
v 2.273966 0.4657391 0.6097597
v 2.350633 0.5730288 0.9238331
v 2.478059 0.4657391 0.8739434
v 2.70264 4.65168 -2.072679
v 3.928279 4.360614 -2.072679
v 3.928279 4.360613 -3.077034
v 2.702639 4.65168 -3.077034
v 4.663414 3.440247 -3.077034
v 3.928279 4.360613 -3.077034
v 3.928279 4.360614 -2.072679
v 4.663414 3.440247 -2.072679
v 4.667039 0.8319563 -0.9469247
v 5.369464 0.8319564 -1.664472
v 5.410285 0.8226184 -1.624513
v 4.707861 0.8226184 -0.9069628
v 4.673712 0.8890817 -0.9403925
v 4.714534 0.8797444 -0.9004313
v 5.416958 0.8797435 -1.61798
v 5.376137 0.8890814 -1.657942
v 4.745868 0.6663823 -0.7192801
v 4.619071 0.8258025 -0.5897535
v 4.321086 0.8037683 -0.8949709
v 4.321086 0.8037683 -0.8949709
v 4.429185 0.666383 -1.029289
v 4.745868 0.6663823 -0.7192801
v 4.856573 0.8463184 -0.8323694
v 4.539891 0.8463176 -1.142378
v 4.413094 1.005737 -1.012852
v 4.729777 1.005738 -0.7028433
v 4.321086 0.8037683 -0.8949709
v 4.619071 0.8258025 -0.5897535
v 4.856573 0.8463184 -0.8323694
v 4.729777 1.005738 -0.7028433
v 4.619071 0.8258025 -0.5897535
v 4.745868 0.6663823 -0.7192801
v 4.539891 0.8463176 -1.142378
v 4.856573 0.8463184 -0.8323694
v 4.745868 0.6663823 -0.7192801
v 4.429185 0.666383 -1.029289
v 4.413094 1.005737 -1.012852
v 4.539891 0.8463176 -1.142378
v 4.429185 0.666383 -1.029289
v 4.429185 0.666383 -1.029289
v 4.321086 0.8037683 -0.8949709
v 4.413094 1.005737 -1.012852
v 4.714534 0.8797444 -0.9004313
v 4.707861 0.8226184 -0.9069628
v 5.410285 0.8226184 -1.624513
v 5.416958 0.8797435 -1.61798
v 5.369464 0.8319564 -1.664472
v 4.667039 0.8319563 -0.9469247
v 4.673712 0.8890817 -0.9403925
v 5.376137 0.8890814 -1.657942
v 5.376137 0.8890814 -1.657942
v 5.416958 0.8797435 -1.61798
v 5.410285 0.8226184 -1.624513
v 5.369464 0.8319564 -1.664472
v 5.003323 3.049819 -3.077034
v 5.003324 3.440247 -3.077034
v 5.003324 3.440247 0.2311605
v 5.003323 3.04982 0.2311609
vt 0.03769955 0.7436491
vt 0.4252065 0.7436504
vt 0.4280538 0.1184582
vt 0.03912668 0.1184567
vt 0.5039399 0.6159505
vt 0.5039399 0.5261233
vt 0.07900435 0.5261233
vt 0.009091225 0.6159505
vt 0.1717819 0.5254652
vt 0.5798775 0.5254652
vt 0.6405756 0.6089273
vt 0.1717819 0.6089273
vt 0.5136457 0.6170527
vt 0.5136457 0.5218596
vt 0.9824395 0.5218596
vt 0.9824395 0.6170527
vt 0.6615149 0.007850051
vt 0.7501343 0.007850051
vt 0.7501343 0.5204402
vt 0.6615149 0.5204402
vt 0.6615149 0.007850051
vt 0.7501343 0.007850051
vt 0.7501343 0.5204402
vt 0.6615149 0.5204402
vt 0.6615149 0.007850051
vt 0.7501343 0.007850051
vt 0.7501343 0.5204402
vt 0.6615149 0.5204402
vt 0.6615149 0.007850051
vt 0.7501343 0.007850051
vt 0.7501343 0.5204402
vt 0.6615149 0.5204402
vt 0.4143144 0.6832731
vt 0.01680463 0.6832731
vt 0.01680463 0.4297714
vt 0.4143144 0.4297714
vt 0.4097506 0.1547971
vt 0.02782336 0.1547971
vt 0.02782336 0.08558846
vt 0.4097506 0.08558846
vt 0.6559378 0.1545433
vt 0.4086407 0.1545433
vt 0.4086407 0.08533472
vt 0.4086407 0.08533472
vt 0.6559378 0.08533472
vt 0.6559378 0.1545433
vt 0.4097506 0.1547971
vt 0.02782336 0.1547971
vt 0.02782336 0.08558846
vt 0.02782336 0.08558846
vt 0.4097506 0.08558846
vt 0.4097506 0.1547971
vt 0.6559378 0.1545433
vt 0.4086407 0.1545433
vt 0.4086407 0.08533472
vt 0.6559378 0.08533472
vt 0.4084003 0.4585181
vt 0.01089051 0.4585181
vt 0.01089051 0.4179393
vt 0.4084003 0.4179393
vt 0.3183953 0.4576387
vt 0.06489363 0.4576387
vt 0.06489363 0.4144298
vt 0.3183953 0.4144298
vt 0.4084003 0.4585181
vt 0.01089051 0.4585181
vt 0.01089051 0.4179393
vt 0.4084003 0.4179393
vt 0.3183953 0.4576387
vt 0.06489363 0.4576387
vt 0.06489363 0.4144298
vt 0.3183953 0.4144298
vt 0.9864029 0.7382146
vt 0.5126534 0.7382166
vt 0.5126531 0.640563
vt 0.9864026 0.6405611
vt 0.5419798 0.1166466
vt 0.1375378 0.1166468
vt 0.1375379 0.7430321
vt 0.5419798 0.7430321
vt 0.009794164 0.6176453
vt 0.3912652 0.6176453
vt 0.2592795 0.7548831
vt 0.0760294 0.7979025
vt 0.009794164 0.7960472
vt 0.4216217 0.5781952
vt 0.4216217 0.5603937
vt 0.9947293 0.5603937
vt 0.9947293 0.5781952
vt 0.4215592 0.5733231
vt 0.4215592 0.005996943
vt 0.9942885 0.005997002
vt 0.9942885 0.5733231
vt 0.4216217 0.5781952
vt 0.4216217 0.5603937
vt 0.9947293 0.5603937
vt 0.9947293 0.5781952
vt 0.9864026 0.6405611
vt 0.5126531 0.640563
vt 0.5126528 0.5429096
vt 0.9864023 0.5429076
vt 0.9864029 0.7382146
vt 0.5126534 0.7382166
vt 0.5126531 0.640563
vt 0.9864026 0.6405611
vt 0.9864026 0.6405611
vt 0.5126531 0.640563
vt 0.5126528 0.5429096
vt 0.9864023 0.5429076
vt 0.9864029 0.7382146
vt 0.5126534 0.7382166
vt 0.5126531 0.640563
vt 0.9864026 0.6405611
vt 0.9864029 0.7382146
vt 0.5126534 0.7382166
vt 0.5126531 0.640563
vt 0.9864026 0.6405611
vt 0.9864026 0.6405611
vt 0.5126531 0.640563
vt 0.5126528 0.5429096
vt 0.9864023 0.5429076
vt 0.4692226 0.9059017
vt 0.3307551 0.9059017
vt 0.3307551 0.9850711
vt 0.4692226 0.9850711
vt 0.3050576 0.07725137
vt 0.3050269 0.0057531
vt 0.1643488 0.007283568
vt 0.1778472 0.07729703
vt 0.3693486 0.04307872
vt 0.4193763 0.04253286
vt 0.4245725 0.0767017
vt 0.3745449 0.07724756
vt 0.3539687 0.01193243
vt 0.3050269 0.0057531
vt 0.3050576 0.07725137
vt 0.3050576 0.07725137
vt 0.3541429 0.07530987
vt 0.3539687 0.01193243
vt 0.3210046 0.0708043
vt 0.3203366 0.005724072
vt 0.4314179 0.04513621
vt 0.4314178 0.07080472
vt 0.4313068 0.0469442
vt 0.3539687 0.01193243
vt 0.3541429 0.07530987
vt 0.3541429 0.07530987
vt 0.4342915 0.0696395
vt 0.4313068 0.0469442
vt 0.2984128 0.9195516
vt 0.2613906 0.9485205
vt 0.2613906 0.9850711
vt 0.1423374 0.02330333
vt 0.1456712 0.0755865
vt 0.1778472 0.07729703
vt 0.1778472 0.07729703
vt 0.1643488 0.007283568
vt 0.1423374 0.02330333
vt 0.1126557 0.05313629
vt 0.1093429 0.07577527
vt 0.1456712 0.0755865
vt 0.1456712 0.0755865
vt 0.1423374 0.02330333
vt 0.1126557 0.05313629
vt 0.3401618 0.8350199
vt 0.3698849 0.9011419
vt 0.4263401 0.9011419
vt 0.4827953 0.9011419
vt 0.5144027 0.8350199
vt 0.3377694 0.8359115
vt 0.372351 0.9008998
vt 0.4821012 0.8992293
vt 0.4821012 0.8992293
vt 0.5144368 0.8358143
vt 0.3377694 0.8359115
vt 0.4208719 0.03992105
vt 0.3829923 0.03992105
vt 0.3829923 0.07778883
vt 0.4208719 0.07778877
vt 0.5211965 0.9185741
vt 0.5988917 0.9850711
vt 0.5988917 0.9589945
vt 0.3708919 0.01530218
vt 0.3348273 0.008258641
vt 0.3348276 0.06937736
vt 0.3708919 0.01530218
vt 0.3348276 0.06937736
vt 0.4190058 0.06937754
vt 0.3708919 0.01530218
vt 0.4190058 0.06937754
vt 0.4190057 0.03431195
vt 0.3448524 0.8365148
vt 0.3686449 0.8972962
vt 0.4268742 0.8972962
vt 0.480929 0.8972962
vt 0.5088962 0.8365148
vt 0.3307551 0.9059017
vt 0.4692226 0.9059017
vt 0.1643488 0.007283568
vt 0.3050269 0.0057531
vt 0.3050576 0.07725137
vt 0.1778472 0.07729703
vt 0.4245725 0.0767017
vt 0.4193763 0.04253286
vt 0.3050576 0.07725137
vt 0.3050269 0.0057531
vt 0.3539687 0.01193243
vt 0.3539687 0.01193243
vt 0.3541429 0.07530987
vt 0.3050576 0.07725137
vt 0.4314179 0.04532671
vt 0.3203366 0.003703833
vt 0.3541429 0.07530987
vt 0.3539687 0.01193243
vt 0.4313068 0.0469442
vt 0.4313068 0.0469442
vt 0.4342915 0.0696395
vt 0.3541429 0.07530987
vt 0.2984128 0.9195516
vt 0.2613906 0.9485205
vt 0.1778472 0.07729703
vt 0.1456712 0.0755865
vt 0.1423374 0.02330333
vt 0.1423374 0.02330333
vt 0.1643488 0.007283568
vt 0.1778472 0.07729703
vt 0.1456712 0.0755865
vt 0.1093429 0.07577527
vt 0.1126557 0.05313629
vt 0.1126557 0.05313629
vt 0.1423374 0.02330333
vt 0.1456712 0.0755865
vt 0.4821012 0.8992293
vt 0.372351 0.9008998
vt 0.3377694 0.8359115
vt 0.3377694 0.8359115
vt 0.5144368 0.8358143
vt 0.4821012 0.8992293
vt 0.4232549 0.04109061
vt 0.4232549 0.07895839
vt 0.5211965 0.9185741
vt 0.5988917 0.9589945
vt 0.3708924 0.01521784
vt 0.419006 0.03422797
vt 0.3708924 0.01521784
vt 0.4190058 0.06937754
vt 0.3348276 0.06937736
vt 0.3708924 0.01521784
vt 0.3348279 0.008174121
vt 0.5419798 0.737816
vt 0.1375379 0.737816
vt 0.1375378 0.3952459
vt 0.5419798 0.395246
vt 0.03900189 0.4101596
vt 0.4265089 0.410161
vt 0.4265077 0.743945
vt 0.03900071 0.7439436
vt 0.5253729 0.4425166
vt 0.9566439 0.4425166
vt 0.9566439 0.4162711
vt 0.5253729 0.4128452
vt 0.5253729 0.4425166
vt 0.5253729 0.4128452
vt 0.9566439 0.4162711
vt 0.9566439 0.4425166
vt 0.366518 0.2457746
vt 0.4463377 0.2457749
vt 0.4463383 0.105165
vt 0.4463383 0.105165
vt 0.3665185 0.1051647
vt 0.366518 0.2457746
vt 0.4463377 0.2457749
vt 0.4463383 0.105165
vt 0.3665185 0.1051647
vt 0.366518 0.2457746
vt 0.4463383 0.105165
vt 0.4463377 0.2457749
vt 0.5358233 0.06769788
vt 0.5344002 0.1212338
vt 0.4515906 0.1203272
vt 0.4530138 0.06679118
vt 0.4463383 0.105165
vt 0.4463377 0.2457749
vt 0.366518 0.2457746
vt 0.3665185 0.1051647
vt 0.5358233 0.06769788
vt 0.5344002 0.1212338
vt 0.4515906 0.1203272
vt 0.4515906 0.1203272
vt 0.4530138 0.06679118
vt 0.5358233 0.06769788
vt 0.5253729 0.4425166
vt 0.5253729 0.4128452
vt 0.9566439 0.4128452
vt 0.9566439 0.4425166
vt 0.9566439 0.4128452
vt 0.5253729 0.4128452
vt 0.5253729 0.4425166
vt 0.9566439 0.4425166
vt 0.9580605 0.4416106
vt 0.9363376 0.4411722
vt 0.9353431 0.4113371
vt 0.9570659 0.4117756
vt 0.5051637 0.5240565
vt 0.5051637 0.6111019
vt 0.0207664 0.6111019
vt 0.0207664 0.5240565
usemtl material_6_0
f 1348/1348 1349/1349 1350/1350
f 1350/1350 1351/1351 1348/1348
f 1373/1373 1374/1374 1375/1375
f 1375/1375 1376/1376 1373/1373
f 1377/1377 1378/1378 1379/1379
f 1379/1379 1380/1380 1377/1377
f 1381/1381 1382/1382 1383/1383
f 1383/1383 1384/1384 1381/1381
f 1385/1385 1386/1386 1387/1387
f 1387/1387 1388/1388 1385/1385
f 1389/1389 1390/1390 1391/1391
f 1391/1391 1392/1392 1389/1389
f 1393/1393 1394/1394 1395/1395
f 1395/1395 1396/1396 1393/1393
f 1397/1397 1398/1398 1399/1399
f 1399/1399 1400/1400 1397/1397
f 1401/1401 1402/1402 1403/1403
f 1403/1403 1404/1404 1401/1401
f 1405/1405 1406/1406 1407/1407
f 1407/1407 1408/1408 1405/1405
f 1409/1409 1410/1410 1411/1411
f 1412/1412 1413/1413 1414/1414
f 1415/1415 1416/1416 1417/1417
f 1417/1417 1418/1418 1415/1415
f 1419/1419 1420/1420 1421/1421
f 1422/1422 1423/1423 1424/1424
f 1425/1425 1426/1426 1427/1427
f 1425/1425 1427/1427 1399/1399
f 1425/1425 1399/1399 1398/1398
f 1428/1428 1429/1429 1430/1430
f 1431/1431 1432/1432 1433/1433
f 1434/1434 1435/1435 1436/1436
f 1437/1437 1438/1438 1439/1439
f 1440/1440 1441/1441 1442/1442
f 1440/1440 1442/1442 1443/1443
f 1440/1440 1443/1443 1444/1444
f 1445/1445 1446/1446 1447/1447
f 1448/1448 1449/1449 1450/1450
f 1451/1451 1452/1452 1453/1453
f 1453/1453 1454/1454 1451/1451
f 1455/1455 1397/1397 1400/1400
f 1455/1455 1400/1400 1456/1456
f 1455/1455 1456/1456 1457/1457
f 1458/1458 1459/1459 1460/1460
f 1461/1461 1462/1462 1463/1463
f 1464/1464 1465/1465 1466/1466
f 1467/1467 1468/1468 1469/1469
f 1467/1467 1469/1469 1470/1470
f 1467/1467 1470/1470 1471/1471
f 1399/1399 1472/1472 1473/1473
f 1473/1473 1400/1400 1399/1399
f 1474/1474 1475/1475 1476/1476
f 1476/1476 1477/1477 1474/1474
f 1478/1478 1479/1479 1405/1405
f 1405/1405 1408/1408 1478/1478
f 1480/1480 1481/1481 1482/1482
f 1483/1483 1484/1484 1485/1485
f 1486/1486 1487/1487 1415/1415
f 1415/1415 1418/1418 1486/1486
f 1488/1488 1489/1489 1490/1490
f 1491/1491 1492/1492 1493/1493
f 1494/1494 1472/1472 1399/1399
f 1494/1494 1399/1399 1427/1427
f 1494/1494 1427/1427 1495/1495
f 1496/1496 1497/1497 1498/1498
f 1499/1499 1500/1500 1501/1501
f 1502/1502 1503/1503 1504/1504
f 1505/1505 1506/1506 1507/1507
f 1508/1508 1509/1509 1510/1510
f 1511/1511 1512/1512 1513/1513
f 1453/1453 1452/1452 1514/1514
f 1514/1514 1515/1515 1453/1453
f 1516/1516 1517/1517 1456/1456
f 1516/1516 1456/1456 1400/1400
f 1516/1516 1400/1400 1473/1473
f 1518/1518 1519/1519 1465/1465
f 1520/1520 1521/1521 1522/1522
f 1523/1523 1460/1460 1524/1524
f 1533/1533 1534/1534 1535/1535
f 1535/1535 1536/1536 1533/1533
f 1537/1537 1538/1538 1539/1539
f 1539/1539 1540/1540 1537/1537
f 1541/1541 1542/1542 1543/1543
f 1544/1544 1545/1545 1546/1546
f 1547/1547 1548/1548 1549/1549
f 1549/1549 1550/1550 1547/1547
f 1550/1550 1549/1549 1551/1551
f 1551/1551 1552/1552 1550/1550
f 1553/1553 1554/1554 1555/1555
f 1555/1555 1556/1556 1553/1553
f 1557/1557 1558/1558 1559/1559
f 1559/1559 1560/1560 1557/1557
f 1561/1561 1562/1562 1563/1563
f 1564/1564 1565/1565 1566/1566
f 1567/1567 1568/1568 1569/1569
f 1569/1569 1570/1570 1567/1567
f 1571/1571 1572/1572 1573/1573
f 1573/1573 1574/1574 1571/1571
f 1575/1575 1576/1576 1577/1577
f 1577/1577 1578/1578 1575/1575
usemtl material_6_1
f 1280/1280 1281/1281 1282/1282
f 1282/1282 1283/1283 1280/1280
f 1284/1284 1285/1285 1286/1286
f 1286/1286 1287/1287 1284/1284
f 1288/1288 1289/1289 1290/1290
f 1290/1290 1291/1291 1288/1288
f 1292/1292 1293/1293 1294/1294
f 1294/1294 1295/1295 1292/1292
f 1296/1296 1297/1297 1298/1298
f 1298/1298 1299/1299 1296/1296
f 1300/1300 1301/1301 1302/1302
f 1302/1302 1303/1303 1300/1300
f 1304/1304 1305/1305 1306/1306
f 1306/1306 1307/1307 1304/1304
f 1312/1312 1313/1313 1314/1314
f 1314/1314 1315/1315 1312/1312
f 1316/1316 1317/1317 1318/1318
f 1319/1319 1320/1320 1321/1321
f 1322/1322 1323/1323 1324/1324
f 1325/1325 1326/1326 1327/1327
f 1328/1328 1329/1329 1330/1330
f 1330/1330 1331/1331 1328/1328
f 1356/1356 1357/1357 1358/1358
f 1356/1356 1358/1358 1359/1359
f 1356/1356 1359/1359 1360/1360
f 1361/1361 1362/1362 1363/1363
f 1363/1363 1364/1364 1361/1361
f 1369/1369 1370/1370 1371/1371
f 1371/1371 1372/1372 1369/1369
f 1579/1579 1580/1580 1581/1581
f 1581/1581 1582/1582 1579/1579
usemtl material_6_2
f 1308/1308 1309/1309 1310/1310
f 1310/1310 1311/1311 1308/1308
f 1332/1332 1333/1333 1334/1334
f 1334/1334 1335/1335 1332/1332
f 1336/1336 1337/1337 1338/1338
f 1338/1338 1339/1339 1336/1336
f 1340/1340 1341/1341 1342/1342
f 1342/1342 1343/1343 1340/1340
f 1344/1344 1345/1345 1346/1346
f 1346/1346 1347/1347 1344/1344
f 1365/1365 1366/1366 1367/1367
f 1367/1367 1368/1368 1365/1365
usemtl material_6_3
f 1276/1276 1277/1277 1278/1278
f 1278/1278 1279/1279 1276/1276
f 1352/1352 1353/1353 1354/1354
f 1354/1354 1355/1355 1352/1352
f 1525/1525 1526/1526 1527/1527
f 1527/1527 1528/1528 1525/1525
f 1529/1529 1530/1530 1531/1531
f 1531/1531 1532/1532 1529/1529
o part_7
v -4.009847 2.865922 -3.14064
v -2.32763 2.865922 -3.140641
v -2.32763 2.865922 -6.102375
v -4.009847 2.865921 -6.102375
v -4.394827 3.440248 -6.482946
v -0.2604361 3.440249 -6.482947
v -0.2604365 -0.0001234118 -6.482946
v -4.394827 -0.0001238171 -6.482946
v -4.394827 -0.0001238171 -6.482946
v -4.394827 -0.0001235548 -3.140641
v -4.394827 3.440248 -3.14064
v -4.394827 3.440248 -6.482946
v -0.645414 3.440249 -6.102376
v -0.6454138 3.440248 -3.133267
v -0.2604215 3.440248 -3.133268
v -0.2604361 3.440248 -3.140641
v -0.2604361 3.440249 -6.482947
v -0.2604361 3.440249 -6.482947
v -4.394827 3.440248 -6.482946
v -4.009847 3.440248 -6.102374
v -0.645414 3.440249 -6.102376
v -0.645414 3.440249 -6.102376
v -4.009847 3.440248 -6.102374
v -4.009847 2.865921 -6.102375
v -0.6454136 2.865922 -6.102376
v -4.009847 3.440248 -6.102374
v -4.009847 3.440248 -3.133267
v -4.009847 2.865922 -3.133267
v -4.009847 2.865921 -6.102375
v -0.2604361 3.440248 -3.140641
v -0.2604361 -0.0001234356 -3.140641
v -0.2604365 -0.0001234118 -6.482946
v -0.2604361 3.440249 -6.482947
v -0.6454136 2.865922 -3.140641
v -0.6454136 2.865922 -6.102376
v -4.009847 3.440248 -3.133267
v -4.009847 3.440248 -6.102374
v -4.394827 3.440248 -6.482946
v -4.394827 3.440248 -3.14064
v -4.394827 3.440248 -3.133267
v -0.645414 3.440249 -6.102376
v -0.6454136 2.865922 -6.102376
v -0.6454136 2.865922 -3.133267
v -0.6454138 3.440248 -3.133267
vt 0.006664403 0.6963893
vt 0.006664433 0.9779612
vt 0.533977 0.9779611
vt 0.533977 0.6963893
vt 0.7350273 0.6141227
vt 0.01196456 0.6141227
vt 0.01196456 0.007850051
vt 0.7350273 0.007850051
vt 0.01401848 0.007850051
vt 0.507275 0.007850051
vt 0.5072751 0.6141227
vt 0.01401848 0.6141227
vt 0.9256796 0.5396321
vt 0.4915733 0.5396321
vt 0.4915781 0.6144584
vt 0.4926514 0.6144583
vt 0.9813223 0.6144583
vt 0.2428193 0.6120075
vt 0.9811033 0.6120075
vt 0.9123573 0.5411603
vt 0.3115657 0.5411603
vt 0.69874 0.6138006
vt 0.09794847 0.6138006
vt 0.09794847 0.5249013
vt 0.69874 0.5249013
vt 0.9765213 0.6206977
vt 0.4918217 0.6206977
vt 0.4918217 0.536705
vt 0.9765213 0.536705
vt 0.2519368 0.6055748
vt 0.2519368 0.01664305
vt 0.7419979 0.01664305
vt 0.741998 0.6055748
vt 0.006664403 0.6963893
vt 0.533977 0.6963893
vt 0.4937294 0.5396321
vt 0.05962313 0.5396321
vt 0.003980577 0.6144584
vt 0.4926514 0.6144583
vt 0.4937294 0.6144583
vt 0.009529437 0.6206977
vt 0.009529437 0.536705
vt 0.4942291 0.536705
vt 0.4942291 0.6206977
usemtl material_7_0
f 1587/1587 1588/1588 1589/1589
f 1589/1589 1590/1590 1587/1587
f 1591/1591 1592/1592 1593/1593
f 1593/1593 1594/1594 1591/1591
f 1595/1595 1596/1596 1597/1597
f 1595/1595 1597/1597 1598/1598
f 1595/1595 1598/1598 1599/1599
f 1600/1600 1601/1601 1602/1602
f 1602/1602 1603/1603 1600/1600
f 1604/1604 1605/1605 1606/1606
f 1606/1606 1607/1607 1604/1604
f 1608/1608 1609/1609 1610/1610
f 1610/1610 1611/1611 1608/1608
f 1612/1612 1613/1613 1614/1614
f 1614/1614 1615/1615 1612/1612
f 1618/1618 1619/1619 1620/1620
f 1618/1618 1620/1620 1621/1621
f 1618/1618 1621/1621 1622/1622
f 1623/1623 1624/1624 1625/1625
f 1625/1625 1626/1626 1623/1623
usemtl material_7_1
f 1583/1583 1584/1584 1585/1585
f 1585/1585 1586/1586 1583/1583
f 1616/1616 1617/1617 1585/1585
f 1585/1585 1584/1584 1616/1616
o part_8
v -0.2538013 3.440249 0.2164128
v -4.394827 3.440249 0.2016648
v -4.394827 -0.0001241032 0.201666
v -4.394827 -0.0001241032 0.201666
v -0.2604368 -0.0001237933 0.2016655
v -0.2538013 3.440249 0.2164128
v -0.2604368 -0.0001237933 0.2016655
v -0.2604367 -0.0001234595 -3.140641
v -0.2604367 3.440248 -3.140641
v -0.2604368 -0.0001237933 0.2016655
v -0.2604367 3.440248 -3.140641
v -0.2604221 3.440248 -3.133268
v -0.2538013 3.440249 0.2164128
v -4.394827 3.440249 0.2016648
v -0.2538013 3.440249 0.2164128
v -0.6454144 3.440248 -0.1789066
v -4.009847 3.440248 -0.1789066
v -4.009847 3.440248 -0.1789066
v -4.009847 3.440248 -3.133267
v -4.394827 3.440248 -3.133267
v -4.394827 3.440249 0.2016648
v -4.009847 3.440248 -0.1789066
v -0.6454144 3.440248 -0.1789066
v -0.6454142 2.865922 -0.1789066
v -4.009847 2.865922 -0.1789066
v -0.6454144 3.440248 -0.1789066
v -0.6454145 3.440249 -3.133267
v -0.6454142 2.865922 -3.133267
v -0.6454142 2.865922 -0.1789066
v -4.394827 3.440248 -3.14064
v -4.394828 -0.0001235787 -3.140641
v -4.394827 -0.0001241032 0.201666
v -4.394827 3.440249 0.2016648
v -4.394827 3.440248 -3.133267
v -4.009847 2.865922 -0.1789066
v -2.327631 2.865922 -0.1789066
v -2.327631 2.865922 -3.140641
v -4.009847 2.865922 -3.14064
v -0.6454142 2.865922 -0.1789066
v -0.6454142 2.865922 -3.140641
v -0.6454144 3.440248 -0.1789066
v -0.2538013 3.440249 0.2164128
v -0.2604221 3.440248 -3.133268
v -0.6454145 3.440249 -3.133267
v -4.009847 3.440248 -0.1789066
v -4.009847 2.865922 -0.1789066
v -4.009847 2.865922 -3.133267
v -4.009847 3.440248 -3.133267
vt 0.7350273 0.6141227
vt 0.01196456 0.6141227
vt 0.01196456 0.007850051
vt 0.01196456 0.007850051
vt 0.7350273 0.007850051
vt 0.7350273 0.6141227
vt 0.7419979 0.01664305
vt 0.2519368 0.01664305
vt 0.2519368 0.6055748
vt 0.7419979 0.01664305
vt 0.2519368 0.6055748
vt 0.2530132 0.6055748
vt 0.741998 0.6055748
vt 0.2428193 0.6120075
vt 0.9811033 0.6120075
vt 0.9123573 0.5411603
vt 0.3115657 0.5411603
vt 0.9256796 0.5396321
vt 0.4937294 0.5396321
vt 0.4937294 0.6144583
vt 0.9813223 0.6144583
vt 0.69874 0.6138006
vt 0.09794847 0.6138006
vt 0.09794847 0.5249013
vt 0.69874 0.5249013
vt 0.9765213 0.6206977
vt 0.4942291 0.6206977
vt 0.4942291 0.536705
vt 0.9765213 0.536705
vt 0.01401848 0.6093417
vt 0.01401848 0.01459217
vt 0.507275 0.01459217
vt 0.5072751 0.6093417
vt 0.01510659 0.6093417
vt 0.533977 0.6963893
vt 0.533977 0.9779611
vt 0.006664433 0.9779612
vt 0.006664403 0.6963893
vt 0.533977 0.6963893
vt 0.006664403 0.6963893
vt 0.05962313 0.5396321
vt 0.003980577 0.6144584
vt 0.4915781 0.6144584
vt 0.4915733 0.5396321
vt 0.009529437 0.6206977
vt 0.009529437 0.536705
vt 0.4918217 0.536705
vt 0.4918217 0.6206977
usemtl material_8_0
f 1627/1627 1628/1628 1629/1629
f 1630/1630 1631/1631 1632/1632
f 1633/1633 1634/1634 1635/1635
f 1636/1636 1637/1637 1638/1638
f 1636/1636 1638/1638 1639/1639
f 1640/1640 1641/1641 1642/1642
f 1642/1642 1643/1643 1640/1640
f 1644/1644 1645/1645 1646/1646
f 1646/1646 1647/1647 1644/1644
f 1648/1648 1649/1649 1650/1650
f 1650/1650 1651/1651 1648/1648
f 1652/1652 1653/1653 1654/1654
f 1654/1654 1655/1655 1652/1652
f 1656/1656 1657/1657 1658/1658
f 1658/1658 1659/1659 1660/1660
f 1656/1656 1658/1658 1660/1660
f 1667/1667 1668/1668 1669/1669
f 1669/1669 1670/1670 1667/1667
f 1671/1671 1672/1672 1673/1673
f 1673/1673 1674/1674 1671/1671
usemtl material_8_1
f 1661/1661 1662/1662 1663/1663
f 1663/1663 1664/1664 1661/1661
f 1665/1665 1666/1666 1663/1663
f 1663/1663 1662/1662 1665/1665
o part_9
v -0.8808805 0.7609954 2.824252
v -0.880881 -0.0001237456 2.824252
v -0.02959274 -0.0001238886 2.824252
v -0.02959274 1.805314 2.824252
v -1.315179 1.805313 2.824252
v -1.315179 1.210391 2.824252
v -1.005915 1.047089 2.824251
v -0.02959235 -0.0001238648 1.424253
v -0.02959274 -0.0001239125 0.02425408
v -0.02959274 1.805314 0.02425408
v -0.02959235 1.805314 1.424253
v -0.625955 2.94095 1.886547
v -1.315179 2.94095 1.886547
v -1.315179 1.805313 2.824252
v -0.02959274 1.805314 2.824252
v -0.625955 2.94095 1.886547
v -0.02959274 1.805314 2.824252
v -0.02959235 1.805314 1.424253
v -0.02959235 1.805314 1.424253
v -0.6721239 2.94095 1.424253
v -0.625955 2.94095 1.886547
v -1.693025 2.94095 0.4077601
v -2.600765 1.805314 0.02425385
v -1.900749 2.94095 0.8486629
v -1.315179 2.94095 0.2680371
v -1.315178 1.805313 0.02425385
v -2.600765 1.805314 0.02425385
v -2.600765 1.805314 0.02425385
v -1.693025 2.94095 0.4077601
v -1.315179 2.94095 0.2680371
v -2.008874 2.94095 1.886547
v -1.958233 2.94095 1.424253
v -2.600765 1.805314 1.424253
v -2.600765 1.805314 1.424253
v -2.600765 1.805314 2.824252
v -2.008874 2.94095 1.886547
v -0.6259546 5.478766 1.886547
v -2.008874 5.478766 1.886547
v -2.008874 2.94095 1.886547
v -1.315179 2.94095 1.886547
v -0.625955 2.94095 1.886547
v -0.7296072 5.478766 0.8486625
v -0.6259546 5.478766 1.886547
v -0.625955 2.94095 1.886547
v -0.6721239 2.94095 1.424253
v -0.7296076 2.94095 0.8486629
v -1.900749 5.478766 0.8486625
v -1.693025 5.478766 0.4077601
v -1.693025 2.94095 0.4077601
v -1.900749 2.94095 0.8486629
v -0.02959274 1.805314 0.02425408
v -1.315179 2.94095 0.2680371
v -0.9373316 2.94095 0.4077606
v -0.02959274 1.805314 0.02425408
v -0.02959274 1.805314 0.02425408
v -0.9373316 2.94095 0.4077606
v -0.7296076 2.94095 0.8486629
v -0.9373319 5.478766 0.4077601
v -0.7296072 5.478766 0.8486625
v -0.7296076 2.94095 0.8486629
v -0.9373316 2.94095 0.4077606
v -0.9373319 5.478766 0.4077601
v -0.9373316 2.94095 0.4077606
v -1.315179 2.94095 0.2680371
v -1.315178 5.478766 0.2680371
v -1.315178 5.478766 0.2680371
v -1.315179 2.94095 0.2680371
v -1.693025 2.94095 0.4077601
v -1.693025 5.478766 0.4077601
v -0.8937406 5.478766 1.592129
v -1.736616 5.478766 1.592129
v -2.008874 5.478766 1.886547
v -0.6259546 5.478766 1.886547
v -0.9583471 5.478766 0.9452182
v -0.7296072 5.478766 0.8486625
v -1.106449 5.478766 0.6308682
v -0.9373319 5.478766 0.4077601
v -1.315178 5.478766 0.5560832
v -1.315178 5.478766 0.2680371
v -1.523908 5.478766 0.6308682
v -1.693025 5.478766 0.4077601
v -1.672009 5.478766 0.9452182
v -1.900749 5.478766 0.8486625
v -1.736616 5.478766 1.592129
v -2.008874 5.478766 1.886547
v -0.8937411 2.007235 1.592129
v -1.736616 2.007235 1.592129
v -1.736616 5.478766 1.592129
v -0.8937406 5.478766 1.592129
v -0.9583476 2.007235 0.9452186
v -0.8937411 2.007235 1.592129
v -0.8937406 5.478766 1.592129
v -0.9583471 5.478766 0.9452182
v -1.106449 2.007235 0.6308684
v -0.9583476 2.007235 0.9452186
v -0.9583471 5.478766 0.9452182
v -1.106449 5.478766 0.6308682
v -1.315179 2.007235 0.5560837
v -1.106449 2.007235 0.6308684
v -1.106449 5.478766 0.6308682
v -1.315178 5.478766 0.5560832
v -1.523908 2.007235 0.6308684
v -1.315179 2.007235 0.5560837
v -1.315178 5.478766 0.5560832
v -1.523908 5.478766 0.6308682
v -1.672009 2.007235 0.9452186
v -1.523908 2.007235 0.6308684
v -1.523908 5.478766 0.6308682
v -1.672009 5.478766 0.9452182
v -1.736616 2.007235 1.592129
v -1.672009 2.007235 0.9452186
v -1.672009 5.478766 0.9452182
v -1.736616 5.478766 1.592129
v -2.600765 -0.0001239363 2.824252
v -1.749477 -0.0001238171 2.824252
v -1.749476 0.7609954 2.824252
v -1.624442 1.047089 2.824252
v -1.315179 1.210391 2.824252
v -1.315179 1.805313 2.824252
v -2.600765 1.805314 2.824252
v -1.005916 1.047089 2.139597
v -1.315179 1.210391 2.139597
v -1.315179 -0.0001238409 2.139597
v -0.8808801 -0.0001239125 2.139597
v -0.880881 0.7609956 2.139597
v -0.8808805 0.7609954 2.824252
v -1.005915 1.047089 2.824251
v -1.005916 1.047089 2.139597
v -0.880881 0.7609956 2.139597
v -1.624442 1.047089 2.824252
v -1.749476 0.7609954 2.824252
v -1.749477 0.7609957 2.139597
v -1.624442 1.047089 2.139597
v -0.880881 -0.0001237456 2.824252
v -0.8808805 0.7609954 2.824252
v -0.880881 0.7609956 2.139597
v -0.8808801 -0.0001239125 2.139597
v -1.749476 0.7609954 2.824252
v -1.749477 -0.0001238171 2.824252
v -1.749477 -0.0001237933 2.139597
v -1.749477 0.7609957 2.139597
v -1.471847 0.3532017 2.243828
v -1.58757 0.3296862 2.315014
v -1.043816 0.08699202 3.049705
v -0.9280931 0.1105072 2.978518
v -0.9280931 0.1105072 2.978518
v -1.043816 0.08699202 3.049705
v -1.043816 -0.01567965 2.986561
v -0.9280931 0.007835548 2.915376
v -1.471847 0.3532017 2.243828
v -0.9280931 0.1105072 2.978518
v -0.9280931 0.007835548 2.915376
v -1.471847 0.2505296 2.180685
v -1.043816 0.08699202 3.049705
v -1.58757 0.3296862 2.315014
v -1.58757 0.2270145 2.251871
v -1.043816 -0.01567965 2.986561
v -1.012229 0.0798072 2.147378
v -1.141023 0.04405028 2.113526
v -1.35687 0.08835105 3.033193
v -1.228076 0.1241086 3.067046
v -1.228076 0.1241086 3.067046
v -1.35687 0.08835105 3.033193
v -1.308383 -0.02179971 3.026531
v -1.179589 0.0139578 3.060383
v -1.012229 0.0798072 2.147378
v -1.228076 0.1241086 3.067046
v -1.179589 0.0139578 3.060383
v -0.9637415 -0.03034292 2.140716
v -1.35687 0.08835105 3.033193
v -1.141023 0.04405028 2.113526
v -1.092535 -0.06610074 2.106863
v -1.308383 -0.02179971 3.026531
v -1.507519 0.1539293 1.914919
v -1.645261 0.1539293 1.937635
v -1.487077 0.1539296 2.89684
v -1.349335 0.1539295 2.874124
v -1.349335 0.1539295 2.874124
v -1.487077 0.1539296 2.89684
v -1.487077 0.0002653058 2.89684
v -1.349335 0.0002654012 2.874124
v -1.507519 0.1539293 1.914919
v -1.349335 0.1539295 2.874124
v -1.349335 0.0002654012 2.874124
v -1.507519 0.0002651628 1.914919
v -1.487077 0.1539296 2.89684
v -1.645261 0.1539293 1.937635
v -1.645261 0.0002652343 1.937635
v -1.487077 0.0002653058 2.89684
v -2.008874 2.94095 1.886547
v -2.600765 1.805314 2.824252
v -0.02959274 1.805314 2.824252
v -0.02959274 -0.0001238886 2.824252
v -0.7296076 2.94095 0.8486629
v -0.02959235 1.805314 1.424253
v -0.02959274 1.805314 0.02425408
v -0.7296076 2.94095 0.8486629
v -1.900749 2.94095 0.8486629
v -2.600765 1.805314 0.02425385
v -2.600765 1.805314 1.424253
v -2.600765 1.805314 1.424253
v -1.958233 2.94095 1.424253
v -1.900749 2.94095 0.8486629
v -2.008874 2.94095 1.886547
v -2.008874 5.478766 1.886547
v -1.900749 5.478766 0.8486625
v -1.900749 2.94095 0.8486629
v -1.624442 1.047089 2.139597
v -1.749477 0.7609957 2.139597
v -1.749477 -0.0001237933 2.139597
v 2.031941 0.5947059 1.277211
v 0.2210257 0.5947059 1.277212
v 0.2210266 0.5947057 2.182588
v 2.031942 0.5947059 2.182588
v 2.138791 0.3671428 2.273821
v 0.1141765 0.3671431 2.273821
v 0.1141765 0.000264686 2.273821
v 2.138791 0.0002646383 2.273821
v 2.138791 0.3671426 1.185979
v 2.138791 0.3671428 2.273821
v 2.138791 0.0002646383 2.273821
v 2.138791 0.0002644714 1.185979
v 0.1141764 0.3671429 1.185979
v 2.138791 0.3671426 1.185979
v 2.138791 0.0002644714 1.185979
v 0.1141765 0.0002644237 1.185979
v 0.1141765 0.3671431 2.273821
v 0.1141764 0.3671429 1.185979
v 0.1141765 0.0002644237 1.185979
v 0.1141765 0.000264686 2.273821
v 2.239511 0.9226493 2.318912
v 0.0134567 0.9226493 2.318912
v 0.01345707 0.3671428 2.318912
v 2.239511 0.3671429 2.318912
v 2.239511 0.9226491 1.140889
v 2.239511 0.9226493 2.318912
v 2.239511 0.3671429 2.318912
v 2.239511 0.3671429 1.140889
v 0.01345718 0.9226489 1.140889
v 2.239511 0.9226491 1.140889
v 2.239511 0.3671429 1.140889
v 0.01345707 0.3671429 1.140889
v 0.0134567 0.9226493 2.318912
v 0.01345718 0.9226489 1.140889
v 0.01345707 0.3671429 1.140889
v 0.01345707 0.3671428 2.318912
v 2.031941 0.9226491 2.182588
v 0.2210264 0.9226491 2.182588
v 0.0134567 0.9226493 2.318912
v 2.239511 0.9226493 2.318912
v 2.031941 0.9226494 1.277211
v 2.031941 0.9226491 2.182588
v 2.239511 0.9226493 2.318912
v 2.239511 0.9226491 1.140889
v 0.2210263 0.9226489 1.277211
v 2.031941 0.9226494 1.277211
v 2.239511 0.9226491 1.140889
v 0.01345718 0.9226489 1.140889
v 0.2210264 0.9226491 2.182588
v 0.2210263 0.9226489 1.277211
v 0.01345718 0.9226489 1.140889
v 0.0134567 0.9226493 2.318912
v 2.031942 0.5947059 2.182588
v 0.2210266 0.5947057 2.182588
v 0.2210264 0.9226491 2.182588
v 2.031941 0.9226491 2.182588
v 2.031941 0.5947059 1.277211
v 2.031942 0.5947059 2.182588
v 2.031941 0.9226491 2.182588
v 2.031941 0.9226494 1.277211
v 0.2210257 0.5947059 1.277212
v 2.031941 0.5947059 1.277211
v 2.031941 0.9226494 1.277211
v 0.2210263 0.9226489 1.277211
v 0.2210266 0.5947057 2.182588
v 0.2210257 0.5947059 1.277212
v 0.2210263 0.9226489 1.277211
v 0.2210264 0.9226491 2.182588
v 2.14957 1.010192 1.093754
v 0.7266697 0.7033799 2.013968
v 0.8905404 0.7387145 2.279137
v 2.313441 1.045527 1.358923
v 2.388368 1.025236 1.652823
v 0.7381729 0.5971893 1.409502
v 0.6952668 0.586059 1.720069
v 2.345461 1.014107 1.963391
v 1.070857 0.53471 1.283483
v 0.2860283 0.6584358 1.785769
v 0.3764142 0.6441866 1.930508
v 1.161243 0.5204617 1.428222
v -1.458361 0.2506098 5.167991
v -1.444198 1.093996 4.552931
v -1.389326 1.107946 4.573324
v -1.40349 0.2645604 5.188383
v -1.483056 0.2832153 5.212132
v -1.428184 0.297166 5.232524
v -1.414021 1.140552 4.617465
v -1.468892 1.126601 4.597072
v -1.137986 0.1607243 5.241861
v -1.232044 0.09090909 5.463806
v -1.588877 -0.05255666 5.241824
v -1.588877 -0.05255666 5.241824
v -1.522089 0.01504666 5.033258
v -1.137986 0.1607243 5.241861
v -1.23903 0.3866808 5.270117
v -1.623133 0.2410024 5.061514
v -1.717191 0.171187 5.283459
v -1.333088 0.3168656 5.492062
v -1.333088 0.3168656 5.492062
v -1.717191 0.171187 5.283459
v -1.588877 -0.05255666 5.241824
v -1.588877 -0.05255666 5.241824
v -1.232044 0.09090909 5.463806
v -1.333088 0.3168656 5.492062
v -1.23903 0.3866808 5.270117
v -1.333088 0.3168656 5.492062
v -1.232044 0.09090909 5.463806
v -1.137986 0.1607243 5.241861
v -1.623133 0.2410024 5.061514
v -1.23903 0.3866808 5.270117
v -1.137986 0.1607243 5.241861
v -1.522089 0.01504666 5.033258
v -1.717191 0.171187 5.283459
v -1.623133 0.2410024 5.061514
v -1.522089 0.01504666 5.033258
v -1.522089 0.01504666 5.033258
v -1.588877 -0.05255666 5.241824
v -1.717191 0.171187 5.283459
v -1.428184 0.297166 5.232524
v -1.40349 0.2645604 5.188383
v -1.389326 1.107946 4.573324
v -1.414021 1.140552 4.617465
v -1.444198 1.093996 4.552931
v -1.458361 0.2506098 5.167991
v -1.483056 0.2832153 5.212132
v -1.468892 1.126601 4.597072
v -1.468892 1.126601 4.597072
v -1.414021 1.140552 4.617465
v -1.389326 1.107946 4.573324
v -1.444198 1.093996 4.552931
v -1.667527 0.8453324 4.083499
v -2.775477 0.8135995 5.384264
v -2.538515 0.8135993 5.586102
v -1.430564 0.8453317 4.285336
v -1.944177 0.8031259 4.101192
v -2.60801 0.8031259 4.614029
v -2.354125 0.8031259 4.942668
v -1.690291 0.8031259 4.42983
v -1.944177 0.8031259 4.101192
v -1.907432 0.3622482 4.207553
v -2.628499 0.3716813 4.732778
v -2.60801 0.8031259 4.614029
v -1.068638 0.6309686 3.949579
v -1.152263 0.6309685 3.841333
v -1.152263 0.8031259 3.841333
v -1.068638 0.8031257 3.949579
v -1.612545 0.4116356 4.01544
v -1.907432 0.3622482 4.207553
v -1.944177 0.8031259 4.101192
v -1.944177 0.8031259 4.101192
v -1.654368 0.8031259 3.961302
v -1.612545 0.4116356 4.01544
v -1.441121 0.4116357 4.237336
v -1.612545 0.4116356 4.01544
v -1.152263 0.6309685 3.841333
v -1.068638 0.6309686 3.949579
v -1.152263 0.6309685 3.841333
v -1.612545 0.4116356 4.01544
v -1.654368 0.8031259 3.961302
v -1.654368 0.8031259 3.961302
v -1.152263 0.8031259 3.841333
v -1.152263 0.6309685 3.841333
v -2.719293 0.803126 4.790477
v -2.803881 0.803126 5.047847
v -2.686668 0.803126 5.19957
v -2.708946 0.4789711 4.843475
v -2.719293 0.803126 4.790477
v -2.60801 0.8031259 4.614029
v -2.60801 0.8031259 4.614029
v -2.628499 0.3716813 4.732778
v -2.708946 0.4789711 4.843475
v -2.763762 0.6427725 5.016853
v -2.803881 0.803126 5.047847
v -2.719293 0.803126 4.790477
v -2.719293 0.803126 4.790477
v -2.708946 0.4789711 4.843475
v -2.763762 0.6427725 5.016853
v -2.25945 0.01756741 5.350113
v -2.140353 0.3716813 5.135719
v -2.313649 0.3716813 4.911399
v -2.486945 0.3716812 4.687078
v -2.724466 0.01756736 4.748183
v -2.724466 0.01756736 4.748183
v -2.486945 0.3716812 4.687078
v -1.907432 0.3622482 4.207553
v -1.907432 0.3622482 4.207553
v -1.812613 0.01756732 4.043742
v -2.724466 0.01756736 4.748183
v -2.763762 0.6427725 5.016853
v -2.646549 0.6427724 5.168576
v -2.686668 0.803126 5.19957
v -2.803881 0.803126 5.047847
v -1.654368 0.8031259 3.961302
v -1.068638 0.8031257 3.949579
v -1.152263 0.8031259 3.841333
v -2.708946 0.4789711 4.843475
v -2.628499 0.3716813 4.732778
v -2.424405 0.3716813 4.996963
v -2.708946 0.4789711 4.843475
v -2.424405 0.3716813 4.996963
v -2.646549 0.6427724 5.168576
v -2.708946 0.4789711 4.843475
v -2.646549 0.6427724 5.168576
v -2.763762 0.6427725 5.016853
v -1.812613 0.01756732 4.043742
v -1.907432 0.3622482 4.207553
v -1.718737 0.3622481 4.451806
v -1.530043 0.3622481 4.696057
v -1.347598 0.01756729 4.645671
v -2.100239 0.803126 5.271307
v -1.436405 0.803126 4.75847
v -2.220313 0.3716813 5.261147
v -1.530043 0.3622481 4.696057
v -1.436405 0.803126 4.75847
v -2.100239 0.803126 5.271307
v -0.9850142 0.8031259 4.057825
v -0.9850142 0.6309686 4.057825
v -1.436405 0.803126 4.75847
v -1.530043 0.3622481 4.696057
v -1.269697 0.4116358 4.459234
v -1.269697 0.4116358 4.459234
v -1.227874 0.8031259 4.513371
v -1.436405 0.803126 4.75847
v -0.9850142 0.6309686 4.057825
v -1.269697 0.4116358 4.459234
v -1.227874 0.8031259 4.513371
v -1.269697 0.4116358 4.459234
v -0.9850142 0.6309686 4.057825
v -0.9850142 0.6309686 4.057825
v -0.9850142 0.8031259 4.057825
v -1.227874 0.8031259 4.513371
v -2.299066 0.803126 5.33443
v -2.569457 0.803126 5.351295
v -2.100239 0.803126 5.271307
v -2.299066 0.803126 5.33443
v -2.347738 0.4789711 5.311037
v -2.347738 0.4789711 5.311037
v -2.220313 0.3716813 5.261147
v -2.100239 0.803126 5.271307
v -2.299066 0.803126 5.33443
v -2.569457 0.803126 5.351295
v -2.529335 0.6427724 5.3203
v -2.529335 0.6427724 5.3203
v -2.347738 0.4789711 5.311037
v -2.299066 0.803126 5.33443
v -1.530043 0.3622481 4.696057
v -2.140353 0.3716813 5.135719
v -2.25945 0.01756741 5.350113
v -2.25945 0.01756741 5.350113
v -1.347598 0.01756729 4.645671
v -1.530043 0.3622481 4.696057
v -2.529335 0.6427724 5.3203
v -2.569457 0.803126 5.351295
v -1.227874 0.8031259 4.513371
v -0.9850142 0.8031259 4.057825
v -2.347738 0.4789711 5.311037
v -2.529335 0.6427724 5.3203
v -2.347738 0.4789711 5.311037
v -2.646549 0.6427724 5.168576
v -2.424405 0.3716813 4.996963
v -2.347738 0.4789711 5.311037
v -2.220313 0.3716813 5.261147
v -0.8414301 0.8885219 4.440652
v -2.166587 0.8226452 4.076109
v -2.234056 0.8603857 4.314551
v -0.9089002 0.9262627 4.679092
vt 0.1325387 0.8508006
vt 0.006258822 0.8508006
vt 0.006258822 0.9920406
vt 0.3058051 0.9920406
vt 0.3058051 0.7787448
vt 0.2070995 0.7787448
vt 0.1800056 0.8300556
vt 0.007707674 0.8124624
vt 0.007707674 0.9954888
vt 0.3129185 0.9954888
vt 0.3129185 0.8124624
vt 0.5500512 0.8934451
vt 0.5500512 0.7792585
vt 0.3060567 0.7792585
vt 0.3060567 0.992247
vt 0.5384386 0.8877111
vt 0.3129185 0.9954888
vt 0.3129185 0.8124624
vt 0.3129185 0.8124624
vt 0.5333395 0.8124623
vt 0.5384386 0.8877111
vt 0.4965578 0.825036
vt 0.3103234 0.9965537
vt 0.537047 0.8834552
vt 0.470439 0.7531803
vt 0.2905639 0.8020989
vt 0.3103234 0.9965537
vt 0.3103234 0.9965537
vt 0.4965578 0.825036
vt 0.470439 0.7531803
vt 0.5384386 0.8877111
vt 0.5333395 0.8124623
vt 0.3129185 0.8124624
vt 0.3129185 0.8124624
vt 0.3129185 0.9954888
vt 0.5384386 0.8877111
vt 0.9840845 0.6650719
vt 0.9840845 0.8934451
vt 0.5500512 0.8934451
vt 0.5500512 0.7792585
vt 0.5500512 0.6650719
vt 0.9844414 0.8892043
vt 0.9844414 0.7040817
vt 0.5370579 0.7040817
vt 0.5370579 0.7865389
vt 0.5370579 0.8892042
vt 0.9842889 0.8894789
vt 0.9853875 0.9640833
vt 0.5423288 0.9640833
vt 0.5412303 0.8894789
vt 0.3103234 0.9965537
vt 0.470439 0.7531803
vt 0.4965578 0.825036
vt 0.3103234 0.9965537
vt 0.3103234 0.9965537
vt 0.4965578 0.825036
vt 0.537047 0.8834552
vt 0.9853875 0.9640833
vt 0.9842889 0.8894789
vt 0.5412303 0.8894789
vt 0.5423288 0.9640833
vt 0.9914822 0.9215848
vt 0.524187 0.9215848
vt 0.5253456 0.9882492
vt 0.9926408 0.9882492
vt 0.9926408 0.9882492
vt 0.5253456 0.9882492
vt 0.524187 0.9215848
vt 0.9914822 0.9215848
vt 0.5899415 0.6639354
vt 0.4530253 0.6639354
vt 0.4095262 0.6161103
vt 0.6334405 0.6161103
vt 0.5794469 0.7690192
vt 0.6166033 0.7847037
vt 0.5553893 0.8200821
vt 0.5828606 0.8563237
vt 0.5214834 0.8416284
vt 0.5214834 0.895327
vt 0.5553893 0.8200821
vt 0.5828606 0.8563237
vt 0.5794469 0.7690192
vt 0.6166033 0.7847037
vt 0.5899415 0.6639354
vt 0.6334405 0.6161103
vt 0.5444693 0.7900311
vt 0.5444689 0.6883689
vt 0.9787235 0.6883674
vt 0.9787238 0.7900296
vt 0.5444696 0.8684455
vt 0.5444693 0.7900311
vt 0.9787238 0.7900296
vt 0.9787241 0.8684439
vt 0.5444697 0.9103576
vt 0.5444696 0.8684455
vt 0.9787241 0.8684439
vt 0.9787242 0.910356
vt 0.5488432 0.9393458
vt 0.5488431 0.9096296
vt 0.9814575 0.909628
vt 0.9814575 0.9393442
vt 0.5488431 0.9096296
vt 0.5488432 0.9393458
vt 0.9814575 0.9393442
vt 0.9814575 0.909628
vt 0.5444696 0.8684455
vt 0.5444697 0.9103576
vt 0.9787242 0.910356
vt 0.9787241 0.8684439
vt 0.5444696 0.8684455
vt 0.5444693 0.7900311
vt 0.9787238 0.7900296
vt 0.9787241 0.8684439
vt 0.008966923 0.9902223
vt 0.008966923 0.8491858
vt 0.1350648 0.8491858
vt 0.1824631 0.8284707
vt 0.2095181 0.7772338
vt 0.3080814 0.7772338
vt 0.3080814 0.9902223
vt 0.1692897 0.2151635
vt 0.1073093 0.2478914
vt 0.1073093 0.005288005
vt 0.1943484 0.005288005
vt 0.1943484 0.1578265
vt 0.1910917 0.2212018
vt 0.1910917 0.1585256
vt 0.3285302 0.1585256
vt 0.3285302 0.2212018
vt 0.1910917 0.2212018
vt 0.1910917 0.1585256
vt 0.3285302 0.1585256
vt 0.3285302 0.2212018
vt 0.1910917 0.005737484
vt 0.1910917 0.1585256
vt 0.3285302 0.1585256
vt 0.3285302 0.005737484
vt 0.1910917 0.1585256
vt 0.1910917 0.005737484
vt 0.3285302 0.005737484
vt 0.3285302 0.1585256
vt 0.9815847 0.9806544
vt 0.932094 0.9820685
vt 0.932094 0.8015715
vt 0.9763448 0.8001575
vt 0.9795245 0.8026422
vt 0.932094 0.801097
vt 0.932094 0.7690181
vt 0.9796902 0.7705627
vt 0.9795033 0.981226
vt 0.9383903 0.9826723
vt 0.9338667 0.7980449
vt 0.9749799 0.7965986
vt 0.03996705 0.1236372
vt 0.0441143 0.3088421
vt 0.004943979 0.310293
vt 0.004943979 0.125088
vt 0.9815847 0.9806544
vt 0.932094 0.9820685
vt 0.932094 0.8015715
vt 0.9763448 0.8001575
vt 0.9795245 0.8026422
vt 0.932094 0.801097
vt 0.932094 0.7690181
vt 0.9796902 0.7705627
vt 0.9763448 0.8001575
vt 0.9815847 0.9806544
vt 0.932094 0.9820685
vt 0.932094 0.8015715
vt 0.9795033 0.981226
vt 0.9383903 0.9826723
vt 0.9338667 0.7980449
vt 0.9749799 0.7965986
vt 0.9815847 0.9806544
vt 0.932094 0.9820685
vt 0.932094 0.8015715
vt 0.9763448 0.8001575
vt 0.9795245 0.8026422
vt 0.932094 0.801097
vt 0.932094 0.7690181
vt 0.9796902 0.7705627
vt 0.9795033 0.981226
vt 0.9383903 0.9826723
vt 0.9338667 0.7980449
vt 0.9749799 0.7965986
vt 0.03996705 0.1236372
vt 0.0441143 0.3088421
vt 0.004943979 0.310293
vt 0.004943979 0.125088
vt 0.5500512 0.8934451
vt 0.3060567 0.992247
vt 0.3129185 0.9954888
vt 0.007707674 0.9954888
vt 0.5384386 0.8877111
vt 0.3129185 0.8124624
vt 0.3129185 0.9954888
vt 0.5384386 0.8877111
vt 0.5384386 0.8877111
vt 0.3129185 0.9954888
vt 0.3129185 0.8124624
vt 0.3129185 0.8124624
vt 0.5333395 0.8124623
vt 0.5384386 0.8877111
vt 0.5370579 0.7040817
vt 0.9844414 0.7040817
vt 0.9844414 0.8892043
vt 0.5370579 0.8892042
vt 0.1692897 0.2151635
vt 0.1943484 0.1578265
vt 0.1943484 0.005288005
vt 0.6108855 0.5292417
vt 0.4509819 0.5292417
vt 0.4509819 0.4515027
vt 0.6108855 0.4515027
vt 0.3355758 0.1473256
vt 0.6920388 0.147323
vt 0.6920385 0.09197724
vt 0.3355755 0.0919795
vt 0.5411226 0.1467096
vt 0.3984694 0.1467106
vt 0.398469 0.09153402
vt 0.5411221 0.09153283
vt 0.3355758 0.1473256
vt 0.6920388 0.147323
vt 0.6920385 0.09197724
vt 0.3355755 0.0919795
vt 0.5411226 0.1467096
vt 0.3984694 0.1467106
vt 0.398469 0.09153402
vt 0.5411221 0.09153283
vt 0.8247447 0.4031396
vt 0.8247434 0.01810837
vt 0.7309795 0.01810873
vt 0.7309809 0.4031399
vt 0.8265436 0.2101358
vt 0.8265442 0.403731
vt 0.7312004 0.4037314
vt 0.7311997 0.2101362
vt 0.8247447 0.4031396
vt 0.8247434 0.01810837
vt 0.7309795 0.01810873
vt 0.7309809 0.4031399
vt 0.8265436 0.2101358
vt 0.8265442 0.403731
vt 0.7312004 0.4037314
vt 0.7311997 0.2101362
vt 0.8823774 0.3599318
vt 0.8823988 0.03783363
vt 0.829693 0.009690523
vt 0.8306513 0.390994
vt 0.8823774 0.2061142
vt 0.882354 0.3635753
vt 0.8303466 0.3873504
vt 0.8306513 0.1750521
vt 0.8823774 0.3599318
vt 0.8823988 0.03783363
vt 0.829693 0.009690523
vt 0.8306513 0.390994
vt 0.8823774 0.2061142
vt 0.882354 0.3635753
vt 0.8303466 0.3873504
vt 0.8306513 0.1750521
vt 0.8734186 0.3862392
vt 0.8734195 0.01763189
vt 0.83129 0.01763159
vt 0.8312892 0.3862389
vt 0.8734183 0.3973915
vt 0.8734187 0.247256
vt 0.8323444 0.2472557
vt 0.8323439 0.3973913
vt 0.8734186 0.3862392
vt 0.8734195 0.01763189
vt 0.83129 0.01763159
vt 0.8312892 0.3862389
vt 0.8734183 0.3973915
vt 0.8734187 0.247256
vt 0.8323444 0.2472557
vt 0.8323439 0.3973913
vt 0.9864029 0.7382146
vt 0.5126534 0.7382166
vt 0.5126531 0.640563
vt 0.9864026 0.6405611
vt 0.9864026 0.6405611
vt 0.5126531 0.640563
vt 0.5126528 0.5429096
vt 0.9864023 0.5429076
vt 0.9864029 0.7382146
vt 0.5126534 0.7382166
vt 0.5126531 0.640563
vt 0.9864026 0.6405611
vt 0.5253729 0.4425166
vt 0.9566439 0.4425166
vt 0.9566439 0.4162711
vt 0.5253729 0.4128452
vt 0.5253729 0.4425166
vt 0.5253729 0.4128452
vt 0.9566439 0.4162711
vt 0.9566439 0.4425166
vt 0.366518 0.2457746
vt 0.4463377 0.2457749
vt 0.4463383 0.105165
vt 0.4463383 0.105165
vt 0.3665185 0.1051647
vt 0.366518 0.2457746
vt 0.4463377 0.2457749
vt 0.4463383 0.105165
vt 0.3665185 0.1051647
vt 0.366518 0.2457746
vt 0.366518 0.2457746
vt 0.3665185 0.1051647
vt 0.4463383 0.105165
vt 0.4463383 0.105165
vt 0.4463377 0.2457749
vt 0.366518 0.2457746
vt 0.5358233 0.06769788
vt 0.5344002 0.1212338
vt 0.4515906 0.1203272
vt 0.4530138 0.06679118
vt 0.4463383 0.105165
vt 0.4463377 0.2457749
vt 0.366518 0.2457746
vt 0.3665185 0.1051647
vt 0.5358233 0.06769788
vt 0.5344002 0.1212338
vt 0.4515906 0.1203272
vt 0.4515906 0.1203272
vt 0.4530138 0.06679118
vt 0.5358233 0.06769788
vt 0.5253729 0.4425166
vt 0.5253729 0.4128452
vt 0.9566439 0.4128452
vt 0.9566439 0.4425166
vt 0.9566439 0.4128452
vt 0.5253729 0.4128452
vt 0.5253729 0.4425166
vt 0.9566439 0.4425166
vt 0.9580605 0.4416106
vt 0.9363376 0.4411722
vt 0.9353431 0.4113371
vt 0.9570659 0.4117756
vt 0.9864026 0.6405611
vt 0.5126531 0.640563
vt 0.5126528 0.5429096
vt 0.9864023 0.5429076
vt 0.4692226 0.9059017
vt 0.3307551 0.9059017
vt 0.3307551 0.9850711
vt 0.4692226 0.9850711
vt 0.3050576 0.07725137
vt 0.3050269 0.0057531
vt 0.1643488 0.007283568
vt 0.1778472 0.07729703
vt 0.3693486 0.04307872
vt 0.4193763 0.04253286
vt 0.4245725 0.0767017
vt 0.3745449 0.07724756
vt 0.3539687 0.01193243
vt 0.3050269 0.0057531
vt 0.3050576 0.07725137
vt 0.3050576 0.07725137
vt 0.3541429 0.07530987
vt 0.3539687 0.01193243
vt 0.3210046 0.0708043
vt 0.3203366 0.005724072
vt 0.4314179 0.04513621
vt 0.4314178 0.07080472
vt 0.4313068 0.0469442
vt 0.3539687 0.01193243
vt 0.3541429 0.07530987
vt 0.3541429 0.07530987
vt 0.4342915 0.0696395
vt 0.4313068 0.0469442
vt 0.2984128 0.9195516
vt 0.2613906 0.9485205
vt 0.2613906 0.9850711
vt 0.1423374 0.02330333
vt 0.1456712 0.0755865
vt 0.1778472 0.07729703
vt 0.1778472 0.07729703
vt 0.1643488 0.007283568
vt 0.1423374 0.02330333
vt 0.1126557 0.05313629
vt 0.1093429 0.07577527
vt 0.1456712 0.0755865
vt 0.1456712 0.0755865
vt 0.1423374 0.02330333
vt 0.1126557 0.05313629
vt 0.3401618 0.8350199
vt 0.3698849 0.9011419
vt 0.4263401 0.9011419
vt 0.4827953 0.9011419
vt 0.5144027 0.8350199
vt 0.3377694 0.8359115
vt 0.372351 0.9008998
vt 0.4821012 0.8992293
vt 0.4821012 0.8992293
vt 0.5144368 0.8358143
vt 0.3377694 0.8359115
vt 0.4208719 0.03992105
vt 0.3829923 0.03992105
vt 0.3829923 0.07778883
vt 0.4208719 0.07778877
vt 0.5211965 0.9185741
vt 0.5988917 0.9850711
vt 0.5988917 0.9589945
vt 0.3708919 0.01530218
vt 0.3348273 0.008258641
vt 0.3348276 0.06937736
vt 0.3708919 0.01530218
vt 0.3348276 0.06937736
vt 0.4190058 0.06937754
vt 0.3708919 0.01530218
vt 0.4190058 0.06937754
vt 0.4190057 0.03431195
vt 0.3448524 0.8365148
vt 0.3686449 0.8972962
vt 0.4268742 0.8972962
vt 0.480929 0.8972962
vt 0.5088962 0.8365148
vt 0.3307551 0.9059017
vt 0.4692226 0.9059017
vt 0.1643488 0.007283568
vt 0.3050269 0.0057531
vt 0.3050576 0.07725137
vt 0.1778472 0.07729703
vt 0.4245725 0.0767017
vt 0.4193763 0.04253286
vt 0.3050576 0.07725137
vt 0.3050269 0.0057531
vt 0.3539687 0.01193243
vt 0.3539687 0.01193243
vt 0.3541429 0.07530987
vt 0.3050576 0.07725137
vt 0.4314179 0.04532671
vt 0.3203366 0.003703833
vt 0.3541429 0.07530987
vt 0.3539687 0.01193243
vt 0.4313068 0.0469442
vt 0.4313068 0.0469442
vt 0.4342915 0.0696395
vt 0.3541429 0.07530987
vt 0.2984128 0.9195516
vt 0.2613906 0.9485205
vt 0.1778472 0.07729703
vt 0.1456712 0.0755865
vt 0.1423374 0.02330333
vt 0.1423374 0.02330333
vt 0.1643488 0.007283568
vt 0.1778472 0.07729703
vt 0.1456712 0.0755865
vt 0.1093429 0.07577527
vt 0.1126557 0.05313629
vt 0.1126557 0.05313629
vt 0.1423374 0.02330333
vt 0.1456712 0.0755865
vt 0.4821012 0.8992293
vt 0.372351 0.9008998
vt 0.3377694 0.8359115
vt 0.3377694 0.8359115
vt 0.5144368 0.8358143
vt 0.4821012 0.8992293
vt 0.4232549 0.04109061
vt 0.4232549 0.07895839
vt 0.5211965 0.9185741
vt 0.5988917 0.9589945
vt 0.3708924 0.01521784
vt 0.419006 0.03422797
vt 0.3708924 0.01521784
vt 0.4190058 0.06937754
vt 0.3348276 0.06937736
vt 0.3708924 0.01521784
vt 0.3348279 0.008174121
vt 0.9864029 0.7382146
vt 0.5126534 0.7382166
vt 0.5126531 0.640563
vt 0.9864026 0.6405611
usemtl material_9_0
f 1816/1816 1817/1817 1818/1818
f 1818/1818 1819/1819 1816/1816
f 1820/1820 1821/1821 1822/1822
f 1822/1822 1823/1823 1820/1820
f 1824/1824 1825/1825 1826/1826
f 1826/1826 1827/1827 1824/1824
f 1828/1828 1829/1829 1830/1830
f 1830/1830 1831/1831 1828/1828
f 1832/1832 1833/1833 1834/1834
f 1834/1834 1835/1835 1832/1832
f 1836/1836 1837/1837 1838/1838
f 1838/1838 1839/1839 1836/1836
f 1840/1840 1841/1841 1842/1842
f 1842/1842 1843/1843 1840/1840
f 1844/1844 1845/1845 1846/1846
f 1846/1846 1847/1847 1844/1844
f 1848/1848 1849/1849 1850/1850
f 1850/1850 1851/1851 1848/1848
f 1852/1852 1853/1853 1854/1854
f 1854/1854 1855/1855 1852/1852
f 1856/1856 1857/1857 1858/1858
f 1858/1858 1859/1859 1856/1856
f 1860/1860 1861/1861 1862/1862
f 1862/1862 1863/1863 1860/1860
f 1885/1885 1886/1886 1887/1887
f 1887/1887 1888/1888 1885/1885
f 1905/1905 1906/1906 1907/1907
f 1907/1907 1908/1908 1905/1905
f 1909/1909 1910/1910 1911/1911
f 1911/1911 1912/1912 1909/1909
f 1913/1913 1914/1914 1915/1915
f 1915/1915 1916/1916 1913/1913
f 1917/1917 1918/1918 1919/1919
f 1919/1919 1920/1920 1917/1917
f 1921/1921 1922/1922 1923/1923
f 1923/1923 1924/1924 1921/1921
f 1925/1925 1926/1926 1927/1927
f 1927/1927 1928/1928 1925/1925
f 1929/1929 1930/1930 1931/1931
f 1931/1931 1932/1932 1929/1929
f 1933/1933 1934/1934 1935/1935
f 1935/1935 1936/1936 1933/1933
f 1937/1937 1938/1938 1939/1939
f 1939/1939 1940/1940 1937/1937
f 1941/1941 1942/1942 1943/1943
f 1943/1943 1944/1944 1941/1941
f 1945/1945 1946/1946 1947/1947
f 1947/1947 1948/1948 1945/1945
f 1949/1949 1950/1950 1951/1951
f 1951/1951 1952/1952 1949/1949
f 1953/1953 1954/1954 1955/1955
f 1955/1955 1956/1956 1953/1953
f 1957/1957 1958/1958 1959/1959
f 1959/1959 1960/1960 1957/1957
f 1961/1961 1962/1962 1963/1963
f 1963/1963 1964/1964 1961/1961
f 1965/1965 1966/1966 1967/1967
f 1967/1967 1968/1968 1965/1965
f 1969/1969 1970/1970 1971/1971
f 1971/1971 1972/1972 1969/1969
f 1973/1973 1974/1974 1975/1975
f 1976/1976 1977/1977 1978/1978
f 1979/1979 1980/1980 1981/1981
f 1981/1981 1982/1982 1979/1979
f 1983/1983 1984/1984 1985/1985
f 1986/1986 1987/1987 1988/1988
f 1989/1989 1990/1990 1991/1991
f 1991/1991 1992/1992 1989/1989
f 1993/1993 1994/1994 1995/1995
f 1995/1995 1996/1996 1993/1993
f 1997/1997 1998/1998 1999/1999
f 2000/2000 2001/2001 2002/2002
f 2003/2003 2004/2004 2005/2005
f 2005/2005 2006/2006 2003/2003
f 2007/2007 2008/2008 2009/2009
f 2009/2009 2010/2010 2007/2007
f 2011/2011 2012/2012 2013/2013
f 2013/2013 2014/2014 2011/2011
f 2015/2015 2016/2016 2017/2017
f 2017/2017 2018/2018 2015/2015
f 2019/2019 2020/2020 2021/2021
f 2021/2021 2022/2022 2019/2019
f 2023/2023 2024/2024 2025/2025
f 2025/2025 2026/2026 2023/2023
f 2027/2027 2028/2028 2029/2029
f 2029/2029 2030/2030 2027/2027
f 2031/2031 2032/2032 2033/2033
f 2034/2034 2035/2035 2036/2036
f 2037/2037 2038/2038 2039/2039
f 2039/2039 2040/2040 2037/2037
f 2041/2041 2042/2042 2043/2043
f 2044/2044 2045/2045 2046/2046
f 2047/2047 2048/2048 2049/2049
f 2047/2047 2049/2049 2021/2021
f 2047/2047 2021/2021 2020/2020
f 2050/2050 2051/2051 2052/2052
f 2053/2053 2054/2054 2055/2055
f 2056/2056 2057/2057 2058/2058
f 2059/2059 2060/2060 2061/2061
f 2062/2062 2063/2063 2064/2064
f 2062/2062 2064/2064 2065/2065
f 2062/2062 2065/2065 2066/2066
f 2067/2067 2068/2068 2069/2069
f 2070/2070 2071/2071 2072/2072
f 2073/2073 2074/2074 2075/2075
f 2075/2075 2076/2076 2073/2073
f 2077/2077 2019/2019 2022/2022
f 2077/2077 2022/2022 2078/2078
f 2077/2077 2078/2078 2079/2079
f 2080/2080 2081/2081 2082/2082
f 2083/2083 2084/2084 2085/2085
f 2086/2086 2087/2087 2088/2088
f 2089/2089 2090/2090 2091/2091
f 2089/2089 2091/2091 2092/2092
f 2089/2089 2092/2092 2093/2093
f 2021/2021 2094/2094 2095/2095
f 2095/2095 2022/2022 2021/2021
f 2096/2096 2097/2097 2098/2098
f 2098/2098 2099/2099 2096/2096
f 2100/2100 2101/2101 2027/2027
f 2027/2027 2030/2030 2100/2100
f 2102/2102 2103/2103 2104/2104
f 2105/2105 2106/2106 2107/2107
f 2108/2108 2109/2109 2037/2037
f 2037/2037 2040/2040 2108/2108
f 2110/2110 2111/2111 2112/2112
f 2113/2113 2114/2114 2115/2115
f 2116/2116 2094/2094 2021/2021
f 2116/2116 2021/2021 2049/2049
f 2116/2116 2049/2049 2117/2117
f 2118/2118 2119/2119 2120/2120
f 2121/2121 2122/2122 2123/2123
f 2124/2124 2125/2125 2126/2126
f 2127/2127 2128/2128 2129/2129
f 2130/2130 2131/2131 2132/2132
f 2133/2133 2134/2134 2135/2135
f 2075/2075 2074/2074 2136/2136
f 2136/2136 2137/2137 2075/2075
f 2138/2138 2139/2139 2078/2078
f 2138/2138 2078/2078 2022/2022
f 2138/2138 2022/2022 2095/2095
f 2140/2140 2141/2141 2087/2087
f 2142/2142 2143/2143 2144/2144
f 2145/2145 2082/2082 2146/2146
f 2147/2147 2148/2148 2149/2149
f 2149/2149 2150/2150 2147/2147
usemtl material_9_1
f 1675/1675 1676/1676 1677/1677
f 1675/1675 1677/1677 1678/1678
f 1679/1679 1680/1680 1681/1681
f 1678/1678 1679/1679 1681/1681
f 1675/1675 1678/1678 1681/1681
f 1682/1682 1683/1683 1684/1684
f 1684/1684 1685/1685 1682/1682
f 1686/1686 1687/1687 1688/1688
f 1688/1688 1689/1689 1686/1686
f 1690/1690 1691/1691 1692/1692
f 1693/1693 1694/1694 1695/1695
f 1696/1696 1697/1697 1698/1698
f 1699/1699 1700/1700 1701/1701
f 1702/1702 1703/1703 1704/1704
f 1705/1705 1706/1706 1707/1707
f 1708/1708 1709/1709 1710/1710
f 1711/1711 1712/1712 1713/1713
f 1711/1711 1713/1713 1714/1714
f 1711/1711 1714/1714 1715/1715
f 1716/1716 1717/1717 1718/1718
f 1716/1716 1718/1718 1719/1719
f 1716/1716 1719/1719 1720/1720
f 1721/1721 1722/1722 1723/1723
f 1723/1723 1724/1724 1721/1721
f 1725/1725 1700/1700 1699/1699
f 1726/1726 1727/1727 1728/1728
f 1729/1729 1730/1730 1731/1731
f 1732/1732 1733/1733 1734/1734
f 1734/1734 1735/1735 1732/1732
f 1736/1736 1737/1737 1738/1738
f 1738/1738 1739/1739 1736/1736
f 1740/1740 1741/1741 1742/1742
f 1742/1742 1743/1743 1740/1740
f 1744/1744 1745/1745 1746/1746
f 1746/1746 1747/1747 1744/1744
f 1748/1748 1744/1744 1747/1747
f 1747/1747 1749/1749 1748/1748
f 1750/1750 1748/1748 1749/1749
f 1749/1749 1751/1751 1750/1750
f 1752/1752 1750/1750 1751/1751
f 1751/1751 1753/1753 1752/1752
f 1754/1754 1752/1752 1753/1753
f 1753/1753 1755/1755 1754/1754
f 1756/1756 1754/1754 1755/1755
f 1755/1755 1757/1757 1756/1756
f 1758/1758 1756/1756 1757/1757
f 1757/1757 1759/1759 1758/1758
f 1760/1760 1761/1761 1762/1762
f 1762/1762 1763/1763 1760/1760
f 1764/1764 1765/1765 1766/1766
f 1766/1766 1767/1767 1764/1764
f 1768/1768 1769/1769 1770/1770
f 1770/1770 1771/1771 1768/1768
f 1772/1772 1773/1773 1774/1774
f 1774/1774 1775/1775 1772/1772
f 1776/1776 1777/1777 1778/1778
f 1778/1778 1779/1779 1776/1776
f 1780/1780 1781/1781 1782/1782
f 1782/1782 1783/1783 1780/1780
f 1784/1784 1785/1785 1786/1786
f 1786/1786 1787/1787 1784/1784
f 1788/1788 1789/1789 1790/1790
f 1791/1791 1792/1792 1793/1793
f 1791/1791 1793/1793 1794/1794
f 1790/1790 1791/1791 1794/1794
f 1788/1788 1790/1790 1794/1794
f 1795/1795 1796/1796 1797/1797
f 1795/1795 1797/1797 1798/1798
f 1795/1795 1798/1798 1799/1799
f 1800/1800 1801/1801 1802/1802
f 1802/1802 1803/1803 1800/1800
f 1804/1804 1805/1805 1806/1806
f 1806/1806 1807/1807 1804/1804
f 1808/1808 1809/1809 1810/1810
f 1810/1810 1811/1811 1808/1808
f 1812/1812 1813/1813 1814/1814
f 1814/1814 1815/1815 1812/1812
f 1864/1864 1865/1865 1688/1688
f 1688/1688 1687/1687 1864/1864
f 1682/1682 1685/1685 1866/1866
f 1866/1866 1867/1867 1682/1682
f 1868/1868 1694/1694 1693/1693
f 1869/1869 1870/1870 1871/1871
f 1872/1872 1873/1873 1874/1874
f 1875/1875 1876/1876 1877/1877
f 1878/1878 1879/1879 1880/1880
f 1880/1880 1881/1881 1878/1878
f 1882/1882 1883/1883 1884/1884
f 1882/1882 1884/1884 1797/1797
f 1882/1882 1797/1797 1796/1796
f 1889/1889 1890/1890 1891/1891
f 1891/1891 1892/1892 1889/1889
f 1893/1893 1894/1894 1895/1895
f 1895/1895 1896/1896 1893/1893
f 1897/1897 1898/1898 1899/1899
f 1899/1899 1900/1900 1897/1897
f 1901/1901 1902/1902 1903/1903
f 1903/1903 1904/1904 1901/1901
o part_10
v -2.401912 4.161169 -4.758653
v -2.067313 4.161169 -4.758653
v -2.06452 4.127367 -5.796846
v -2.407128 4.127366 -5.796845
v -2.401912 3.676732 -4.605171
v -2.067313 3.676733 -4.605171
v -2.067313 4.161169 -4.758653
v -2.401912 4.161169 -4.758653
v -2.067313 3.676733 -4.605171
v -2.067313 3.676732 -5.797647
v -2.067313 3.918951 -5.885844
v -2.067313 3.676733 -4.605171
v -2.067313 3.918951 -5.885844
v -2.06452 4.127367 -5.796846
v -2.067313 3.676733 -4.605171
v -2.06452 4.127367 -5.796846
v -2.067313 4.161169 -4.758653
v -2.401912 3.676733 -5.797647
v -2.401912 3.918951 -5.885843
v -2.067313 3.918951 -5.885844
v -2.067313 3.676732 -5.797647
v -2.401912 4.161169 -4.758653
v -2.407128 4.127366 -5.796845
v -2.401912 3.918951 -5.885843
v -2.401912 4.161169 -4.758653
v -2.401912 3.918951 -5.885843
v -2.401912 3.676733 -5.797647
v -2.401912 3.676732 -4.605171
v -2.407128 4.127366 -5.796845
v -2.06452 4.127367 -5.796846
v -2.067313 3.918951 -5.885844
v -2.401912 3.918951 -5.885843
v -2.061728 4.221308 -5.358085
v -1.838545 4.221308 -5.358085
v -1.838546 4.093564 -5.796043
v -1.838546 4.093564 -5.796043
v -2.06452 4.127367 -5.796846
v -2.061728 4.221308 -5.358085
v -2.061728 3.030664 -5.238166
v -1.838546 3.030665 -5.238166
v -1.838545 4.221308 -5.358085
v -2.061728 4.221308 -5.358085
v -1.838546 3.030665 -5.238166
v -1.838545 2.90292 -5.676125
v -1.838546 4.093564 -5.796043
v -1.838545 4.221308 -5.358085
v -1.838545 2.90292 -5.676125
v -2.061728 2.90292 -5.676125
v -2.06452 4.127367 -5.796846
v -2.06452 4.127367 -5.796846
v -1.838546 4.093564 -5.796043
v -1.838545 2.90292 -5.676125
v -2.061728 2.90292 -5.676125
v -2.061728 3.030664 -5.238166
v -2.061728 4.221308 -5.358085
v -2.061728 4.221308 -5.358085
v -2.06452 4.127367 -5.796846
v -2.061728 2.90292 -5.676125
v -2.635525 4.221307 -5.358085
v -2.412344 4.221307 -5.358085
v -2.407128 4.127366 -5.796845
v -2.407128 4.127366 -5.796845
v -2.635525 4.093563 -5.796043
v -2.635525 4.221307 -5.358085
v -2.635525 3.030663 -5.238165
v -2.412344 3.030664 -5.238165
v -2.412344 4.221307 -5.358085
v -2.635525 4.221307 -5.358085
v -2.412344 3.030664 -5.238165
v -2.412345 2.902919 -5.676125
v -2.407128 4.127366 -5.796845
v -2.407128 4.127366 -5.796845
v -2.412344 4.221307 -5.358085
v -2.412344 3.030664 -5.238165
v -2.412345 2.902919 -5.676125
v -2.635525 2.90292 -5.676125
v -2.635525 4.093563 -5.796043
v -2.635525 4.093563 -5.796043
v -2.407128 4.127366 -5.796845
v -2.412345 2.902919 -5.676125
v -2.635525 2.90292 -5.676125
v -2.635525 3.030663 -5.238165
v -2.635525 4.221307 -5.358085
v -2.635525 4.093563 -5.796043
vt 0.4542884 0.3631911
vt 0.532606 0.3631911
vt 0.532606 0.1199996
vt 0.4542884 0.1199995
vt 0.05974988 0
vt 0 0
vt 0 0.09074509
vt 0.05974988 0.09074509
vt 0.5334665 0.2677637
vt 0.533466 0.1382231
vt 0.4921274 0.1272271
vt 0.5334665 0.2677637
vt 0.4921274 0.1272271
vt 0.4507888 0.1382234
vt 0.5334665 0.2677637
vt 0.4507888 0.1382234
vt 0.4507893 0.2868999
vt 0.4542884 0.006610274
vt 0.4542884 0.06694579
vt 0.5326061 0.06694579
vt 0.5326061 0.006610334
vt 0.5334665 0.2677637
vt 0.533466 0.1382231
vt 0.4921274 0.1272271
vt 0.5334665 0.2677637
vt 0.4921274 0.1272271
vt 0.4507888 0.1382234
vt 0.4507893 0.2868999
vt 0.455188 0.1200843
vt 0.5335056 0.1200844
vt 0.5326061 0.06694579
vt 0.4542884 0.06694579
vt 0.4553444 0.06733286
vt 0.4553443 0.1213319
vt 0.5353962 0.1213323
vt 0.5353962 0.1213323
vt 0.5353963 0.06733322
vt 0.4553444 0.06733286
vt 0.9504671 0.03649282
vt 0.9047878 0.03649282
vt 0.9047878 0.3807523
vt 0.9504671 0.3807523
vt 0.9604895 0.01524484
vt 0.8812517 0.03416771
vt 0.8852454 0.387141
vt 0.964483 0.368218
vt 0.9504671 0.3807523
vt 0.9047878 0.3807523
vt 0.9047878 0.03649282
vt 0.9047878 0.03649282
vt 0.9504671 0.03649282
vt 0.9504671 0.3807523
vt 0.9604895 0.01524484
vt 0.8812517 0.03416771
vt 0.8852454 0.387141
vt 0.8852454 0.387141
vt 0.964483 0.368218
vt 0.9604895 0.01524484
vt 0.4553444 0.06733286
vt 0.4553443 0.1213319
vt 0.5353962 0.1213323
vt 0.5353962 0.1213323
vt 0.5353963 0.06733322
vt 0.4553444 0.06733286
vt 0.9504671 0.03649282
vt 0.9047878 0.03649282
vt 0.9047878 0.3807523
vt 0.9504671 0.3807523
vt 0.8812517 0.03416771
vt 0.9604895 0.01524484
vt 0.964483 0.368218
vt 0.964483 0.368218
vt 0.8852454 0.387141
vt 0.8812517 0.03416771
vt 0.9504671 0.3807523
vt 0.9047878 0.3807523
vt 0.9047878 0.03649282
vt 0.9047878 0.03649282
vt 0.9504671 0.03649282
vt 0.9504671 0.3807523
vt 0.9604895 0.01524484
vt 0.8812517 0.03416771
vt 0.8852454 0.387141
vt 0.964483 0.368218
usemtl material_10_0
f 2151/2151 2152/2152 2153/2153
f 2153/2153 2154/2154 2151/2151
f 2155/2155 2156/2156 2157/2157
f 2157/2157 2158/2158 2155/2155
f 2159/2159 2160/2160 2161/2161
f 2162/2162 2163/2163 2164/2164
f 2165/2165 2166/2166 2167/2167
f 2168/2168 2169/2169 2170/2170
f 2170/2170 2171/2171 2168/2168
f 2172/2172 2173/2173 2174/2174
f 2175/2175 2176/2176 2177/2177
f 2175/2175 2177/2177 2178/2178
f 2179/2179 2180/2180 2181/2181
f 2181/2181 2182/2182 2179/2179
f 2183/2183 2184/2184 2185/2185
f 2186/2186 2187/2187 2188/2188
f 2189/2189 2190/2190 2191/2191
f 2191/2191 2192/2192 2189/2189
f 2193/2193 2194/2194 2195/2195
f 2195/2195 2196/2196 2193/2193
f 2197/2197 2198/2198 2199/2199
f 2200/2200 2201/2201 2202/2202
f 2203/2203 2204/2204 2205/2205
f 2206/2206 2207/2207 2208/2208
f 2209/2209 2210/2210 2211/2211
f 2212/2212 2213/2213 2214/2214
f 2215/2215 2216/2216 2217/2217
f 2217/2217 2218/2218 2215/2215
f 2219/2219 2220/2220 2221/2221
f 2222/2222 2223/2223 2224/2224
f 2225/2225 2226/2226 2227/2227
f 2228/2228 2229/2229 2230/2230
f 2231/2231 2232/2232 2233/2233
f 2233/2233 2234/2234 2231/2231
o part_11
v -2.064521 4.142413 -0.6611311
v -2.067313 4.176216 -1.699323
v -2.401912 4.176216 -1.699323
v -2.407129 4.142413 -0.6611311
v -2.067313 4.176216 -1.699323
v -2.067313 3.691779 -1.852806
v -2.401913 3.691779 -1.852806
v -2.401912 4.176216 -1.699323
v -2.067313 3.691779 -1.852806
v -2.067313 4.176216 -1.699323
v -2.064521 4.142413 -0.6611311
v -2.067313 3.691779 -1.852806
v -2.064521 4.142413 -0.6611311
v -2.067313 3.933997 -0.5721331
v -2.067313 3.691779 -1.852806
v -2.067313 3.933997 -0.5721331
v -2.067313 3.691779 -0.6603293
v -2.067313 3.933997 -0.5721331
v -2.401913 3.933997 -0.5721331
v -2.401912 3.691779 -0.6603289
v -2.067313 3.691779 -0.6603293
v -2.401912 4.176216 -1.699323
v -2.401913 3.691779 -1.852806
v -2.401912 3.691779 -0.6603289
v -2.401913 3.933997 -0.5721331
v -2.401912 4.176216 -1.699323
v -2.401913 3.933997 -0.5721331
v -2.407129 4.142413 -0.6611311
v -2.067313 3.933997 -0.5721331
v -2.064521 4.142413 -0.6611311
v -2.407129 4.142413 -0.6611311
v -2.401913 3.933997 -0.5721331
v -1.838546 4.108609 -0.6619329
v -1.838546 4.236354 -1.099891
v -2.061728 4.236353 -1.099891
v -2.061728 4.236353 -1.099891
v -2.064521 4.142413 -0.6611311
v -1.838546 4.108609 -0.6619329
v -1.838546 4.236354 -1.099891
v -1.838546 3.04571 -1.21981
v -2.061728 3.04571 -1.21981
v -2.061728 4.236353 -1.099891
v -1.838546 4.108609 -0.6619329
v -1.838546 2.917966 -0.7818511
v -1.838546 3.04571 -1.21981
v -1.838546 4.236354 -1.099891
v -2.064521 4.142413 -0.6611311
v -2.061728 2.917966 -0.7818511
v -1.838546 2.917966 -0.7818511
v -1.838546 2.917966 -0.7818511
v -1.838546 4.108609 -0.6619329
v -2.064521 4.142413 -0.6611311
v -2.061728 4.236353 -1.099891
v -2.061728 3.04571 -1.21981
v -2.061728 2.917966 -0.7818511
v -2.061728 2.917966 -0.7818511
v -2.064521 4.142413 -0.6611311
v -2.061728 4.236353 -1.099891
v -2.407129 4.142413 -0.6611311
v -2.412345 4.236354 -1.099892
v -2.635525 4.236354 -1.099892
v -2.635525 4.236354 -1.099892
v -2.635525 4.108609 -0.6619334
v -2.407129 4.142413 -0.6611311
v -2.412345 4.236354 -1.099892
v -2.412345 3.045711 -1.219811
v -2.635525 3.045711 -1.219811
v -2.635525 4.236354 -1.099892
v -2.407129 4.142413 -0.6611311
v -2.412345 2.917966 -0.7818513
v -2.412345 3.045711 -1.219811
v -2.412345 3.045711 -1.219811
v -2.412345 4.236354 -1.099892
v -2.407129 4.142413 -0.6611311
v -2.635525 4.108609 -0.6619334
v -2.635525 2.917966 -0.7818518
v -2.412345 2.917966 -0.7818513
v -2.412345 2.917966 -0.7818513
v -2.407129 4.142413 -0.6611311
v -2.635525 4.108609 -0.6619334
v -2.635525 4.236354 -1.099892
v -2.635525 3.045711 -1.219811
v -2.635525 2.917966 -0.7818518
v -2.635525 4.108609 -0.6619334
vt 0.532606 0.1199996
vt 0.532606 0.3631911
vt 0.4542884 0.3631911
vt 0.4542884 0.1199995
vt 0 0.09074509
vt 0 0
vt 0.05974988 0
vt 0.05974988 0.09074509
vt 0.5334665 0.2677637
vt 0.4507893 0.2868999
vt 0.4507888 0.1382234
vt 0.5334665 0.2677637
vt 0.4507888 0.1382234
vt 0.4921274 0.1272271
vt 0.5334665 0.2677637
vt 0.4921274 0.1272271
vt 0.533466 0.1382231
vt 0.5326061 0.06694579
vt 0.4542884 0.06694579
vt 0.4542884 0.006610274
vt 0.5326061 0.006610334
vt 0.5334665 0.2677637
vt 0.4507893 0.2868999
vt 0.4507888 0.1382234
vt 0.4921274 0.1272271
vt 0.5334665 0.2677637
vt 0.4921274 0.1272271
vt 0.533466 0.1382231
vt 0.5326061 0.06694579
vt 0.5335056 0.1200844
vt 0.455188 0.1200843
vt 0.4542884 0.06694579
vt 0.5353962 0.1213323
vt 0.4553443 0.1213319
vt 0.4553444 0.06733286
vt 0.4553444 0.06733286
vt 0.5353963 0.06733322
vt 0.5353962 0.1213323
vt 0.9047878 0.3807523
vt 0.9047878 0.03649282
vt 0.9504671 0.03649282
vt 0.9504671 0.3807523
vt 0.8852454 0.387141
vt 0.8812517 0.03416771
vt 0.9604895 0.01524484
vt 0.964483 0.368218
vt 0.9047878 0.03649282
vt 0.9047878 0.3807523
vt 0.9504671 0.3807523
vt 0.9504671 0.3807523
vt 0.9504671 0.03649282
vt 0.9047878 0.03649282
vt 0.8852454 0.387141
vt 0.8812517 0.03416771
vt 0.9604895 0.01524484
vt 0.9604895 0.01524484
vt 0.964483 0.368218
vt 0.8852454 0.387141
vt 0.5353962 0.1213323
vt 0.4553443 0.1213319
vt 0.4553444 0.06733286
vt 0.4553444 0.06733286
vt 0.5353963 0.06733322
vt 0.5353962 0.1213323
vt 0.9047878 0.3807523
vt 0.9047878 0.03649282
vt 0.9504671 0.03649282
vt 0.9504671 0.3807523
vt 0.964483 0.368218
vt 0.9604895 0.01524484
vt 0.8812517 0.03416771
vt 0.8812517 0.03416771
vt 0.8852454 0.387141
vt 0.964483 0.368218
vt 0.9047878 0.03649282
vt 0.9047878 0.3807523
vt 0.9504671 0.3807523
vt 0.9504671 0.3807523
vt 0.9504671 0.03649282
vt 0.9047878 0.03649282
vt 0.8852454 0.387141
vt 0.8812517 0.03416771
vt 0.9604895 0.01524484
vt 0.964483 0.368218
usemtl material_11_0
f 2235/2235 2236/2236 2237/2237
f 2237/2237 2238/2238 2235/2235
f 2239/2239 2240/2240 2241/2241
f 2241/2241 2242/2242 2239/2239
f 2243/2243 2244/2244 2245/2245
f 2246/2246 2247/2247 2248/2248
f 2249/2249 2250/2250 2251/2251
f 2252/2252 2253/2253 2254/2254
f 2254/2254 2255/2255 2252/2252
f 2256/2256 2257/2257 2258/2258
f 2256/2256 2258/2258 2259/2259
f 2260/2260 2261/2261 2262/2262
f 2263/2263 2264/2264 2265/2265
f 2265/2265 2266/2266 2263/2263
f 2267/2267 2268/2268 2269/2269
f 2270/2270 2271/2271 2272/2272
f 2273/2273 2274/2274 2275/2275
f 2275/2275 2276/2276 2273/2273
f 2277/2277 2278/2278 2279/2279
f 2279/2279 2280/2280 2277/2277
f 2281/2281 2282/2282 2283/2283
f 2284/2284 2285/2285 2286/2286
f 2287/2287 2288/2288 2289/2289
f 2290/2290 2291/2291 2292/2292
f 2293/2293 2294/2294 2295/2295
f 2296/2296 2297/2297 2298/2298
f 2299/2299 2300/2300 2301/2301
f 2301/2301 2302/2302 2299/2299
f 2303/2303 2304/2304 2305/2305
f 2306/2306 2307/2307 2308/2308
f 2309/2309 2310/2310 2311/2311
f 2312/2312 2313/2313 2314/2314
f 2315/2315 2316/2316 2317/2317
f 2317/2317 2318/2318 2315/2315
