mtllib 01030019.mtl
o 01030019_part_0
v -0.009901505 -0.0245370381 -0.365171641
v 0.0452875756 0.00630818 -0.3573451
v 0.04528759 -0.03495876 -0.1937084
v -0.0099015 -0.0765964538 -0.179317534
v 0.0452875346 0.06540497 -0.341139764
v 0.0452875756 0.045779828 -0.213092789
v -0.009901536 0.101467177 -0.334744364
v -0.009901521 0.100399569 -0.2580978
v 0.0327812135 0.160920069 -0.6001946
v 0.0327812731 0.0732515752 -0.5058329
v -0.00990152452 0.06450718 -0.5235605
v -0.009901529 0.149284229 -0.6178081
v 0.0327812247 0.189676851 -0.5715878
v 0.032781247 0.120829687 -0.47459954
v -0.009901524 0.207358256 -0.557517469
v -0.009901528 0.148471326 -0.470079362
v -0.009901533 0.259404749 -0.7151505
v 0.03278126 0.261857659 -0.694556236
v 0.0327812321 0.292061657 -0.6514035
v -0.009901582 0.312475473 -0.6382956
v 0.0343686864 0.416603237 -0.7869468
v -0.009901594 0.404417068 -0.820334136
v 0.0343687534 0.433969051 -0.736798763
v -0.009901647 0.437145263 -0.6801394
v -0.009901648 0.510663033 -1.00984967
v 0.0446138866 0.557335734 -0.9041431
v 0.0446139574 0.582070351 -0.7726417
v -0.009901568 0.5460978 -0.6685848
v 0.061645668 -0.0300572179 -0.175217882
v 0.0200448427 -0.06822033 -0.160209864
v 0.06164569 0.0516457744 -0.194933668
v 0.006456651 0.109376475 -0.245856
v 0.006926745 -0.111731611 -0.105452947
v -0.009901534 -0.0598442033 -0.1411022
v -0.009901501 -0.0904508457 -0.09853029
v 0.006259404 -0.118952259 -0.00101335137
v -0.009901509 -0.09736399 -0.00101335044
v 0.0336719155 -0.0251556057 -0.156727269
v 0.0336719155 0.0575117581 -0.176774561
v -0.00990152452 0.118353285 -0.233614177
v -0.009901493 -0.133012354 -0.112375528
v -0.009901541 -0.1405405 -0.0010133523
v -0.009901534 -0.0598442033 -0.1411022
v 0.0336719155 -0.0251556057 -0.156727269
v 0.0336719155 0.0575117581 -0.176774561
v 0.0336719155 0.0575117581 -0.176774561
v -0.00990152452 0.118353285 -0.233614177
v -0.009901534 -0.0598442033 -0.1411022
v -0.06509057 -0.0349587835 -0.1937084
v -0.06509058 0.006308165 -0.3573451
v -0.06509064 0.0457797833 -0.213092789
v -0.06509061 0.0654049441 -0.341139764
v -0.05258436 0.160920054 -0.6001946
v -0.05258431 0.0732515752 -0.5058329
v -0.05258433 0.120829679 -0.47459954
v -0.0525843538 0.189676821 -0.5715878
v -0.05258436 0.2618576 -0.694556236
v -0.0525844023 0.2920616 -0.6514035
v -0.05417184 0.416603237 -0.7869468
v -0.05417193 0.433969 -0.736798763
v -0.06441716 0.5573358 -0.9041431
v -0.06441726 0.5820704 -0.7726417
v -0.08144872 -0.0300572217 -0.175217882
v -0.0398478843 -0.0682203248 -0.160209864
v -0.08144876 0.05164574 -0.194933668
v -0.0262597278 0.109376438 -0.245856
v -0.02672973 -0.1117316 -0.105452947
v -0.026062455 -0.118952245 -0.00101335137
v -0.0534749441 -0.025155643 -0.156727269
v -0.0534749478 0.057511732 -0.176774561
v -0.009901534 -0.0598442033 -0.1411022
v -0.00990152452 0.118353285 -0.233614177
v -0.0534749478 0.057511732 -0.176774561
v -0.0534749478 0.057511732 -0.176774561
v -0.0534749441 -0.025155643 -0.156727269
v -0.009901534 -0.0598442033 -0.1411022
v -0.009901648 0.510663033 -1.00984967
v -0.009901571 0.5558627 -0.8386687
v 0.0446138866 0.557335734 -0.9041431
v 0.0446138866 0.557335734 -0.9041431
v -0.009901571 0.5558627 -0.8386687
v 0.0446139574 0.582070351 -0.7726417
v 0.0446139574 0.582070351 -0.7726417
v -0.009901571 0.5558627 -0.8386687
v -0.009901568 0.5460978 -0.6685848
v -0.06441716 0.5573358 -0.9041431
v -0.009901571 0.5558627 -0.8386687
v -0.009901648 0.510663033 -1.00984967
v -0.06441726 0.5820704 -0.7726417
v -0.009901571 0.5558627 -0.8386687
v -0.06441716 0.5573358 -0.9041431
v -0.009901568 0.5460978 -0.6685848
v -0.009901571 0.5558627 -0.8386687
v -0.06441726 0.5820704 -0.7726417
v -0.009901505 -0.02453707 0.363144726
v -0.009901506 -0.07659647 0.1772908
v 0.04528759 -0.0349587761 0.191681623
v 0.0452875756 0.00630814862 0.355318338
v 0.0452875756 0.04577981 0.211065933
v 0.0452875346 0.06540494 0.339112937
v -0.009901521 0.100399546 0.256071
v -0.009901536 0.101467147 0.332717538
v 0.0327812135 0.160920009 0.5981678
v -0.009901529 0.149284184 0.615781367
v -0.00990152452 0.0645071343 0.5215337
v 0.0327812731 0.07325153 0.503806055
v 0.032781247 0.120829642 0.472572684
v 0.0327812247 0.189676791 0.569561
v -0.009901528 0.1484713 0.468052536
v -0.009901524 0.2073582 0.5554907
v 0.03278126 0.2618576 0.6925295
v -0.009901533 0.259404659 0.713123739
v 0.0327812321 0.2920616 0.6493767
v -0.009901582 0.3124754 0.6362689
v 0.0343686864 0.416603178 0.784920156
v -0.009901594 0.404417 0.8183074
v 0.0343687534 0.433969 0.7347719
v -0.009901647 0.4371452 0.6781126
v 0.0446138866 0.5573357 0.9021165
v -0.009901648 0.510663 1.00782263
v 0.0446139574 0.5820703 0.770615041
v -0.009901568 0.546097755 0.6665582
v 0.061645668 -0.0300572328 0.173191026
v 0.0200448427 -0.06822035 0.158183023
v 0.06164569 0.05164576 0.192906857
v 0.006456651 0.10937646 0.243829191
v 0.006926745 -0.111731626 0.103426091
v -0.009901503 -0.09045085 0.09650361
v -0.009901531 -0.0598442256 0.139075413
v 0.0336719155 -0.0251556188 0.154700428
v 0.0336719155 0.0575117432 0.17474772
v -0.009901519 0.11835327 0.231587529
v -0.009901498 -0.133012354 0.110348605
v -0.009901531 -0.0598442256 0.139075413
v -0.009901519 0.11835327 0.231587529
v 0.0336719155 0.0575117432 0.17474772
v 0.0336719155 0.0575117432 0.17474772
v 0.0336719155 -0.0251556188 0.154700428
v -0.009901531 -0.0598442256 0.139075413
v -0.06509058 0.00630813371 0.355318338
v -0.06509057 -0.0349588 0.191681623
v -0.06509061 0.0654049143 0.339112937
v -0.06509064 0.0457797647 0.211065933
v -0.05258436 0.16092 0.5981678
v -0.05258431 0.07325153 0.503806055
v -0.0525843538 0.189676762 0.569561
v -0.05258433 0.120829634 0.472572684
v -0.05258436 0.261857539 0.6925295
v -0.0525844023 0.292061538 0.6493767
v -0.05417184 0.416603178 0.784920156
v -0.05417193 0.433968931 0.7347719
v -0.06441716 0.557335734 0.9021165
v -0.06441726 0.582070351 0.770615041
v -0.08144872 -0.0300572366 0.173191026
v -0.0398478843 -0.06822034 0.158183023
v -0.08144876 0.0516457222 0.192906857
v -0.0262597278 0.109376423 0.243829191
v -0.02672973 -0.111731611 0.103426091
v -0.0534749441 -0.025155656 0.154700428
v -0.0534749478 0.0575117171 0.17474772
v -0.009901531 -0.0598442256 0.139075413
v -0.0534749441 -0.025155656 0.154700428
v -0.0534749478 0.0575117171 0.17474772
v -0.0534749478 0.0575117171 0.17474772
v -0.009901519 0.11835327 0.231587529
v -0.009901531 -0.0598442256 0.139075413
v -0.009901648 0.510663 1.00782263
v 0.0446138866 0.5573357 0.9021165
v -0.009901571 0.555862665 0.836641967
v 0.0446138866 0.5573357 0.9021165
v 0.0446139574 0.5820703 0.770615041
v -0.009901571 0.555862665 0.836641967
v 0.0446139574 0.5820703 0.770615041
v -0.009901568 0.546097755 0.6665582
v -0.009901571 0.555862665 0.836641967
v -0.06441716 0.557335734 0.9021165
v -0.009901648 0.510663 1.00782263
v -0.009901571 0.555862665 0.836641967
v -0.06441726 0.582070351 0.770615041
v -0.06441716 0.557335734 0.9021165
v -0.009901571 0.555862665 0.836641967
v -0.009901568 0.546097755 0.6665582
v -0.06441726 0.582070351 0.770615041
v -0.009901571 0.555862665 0.836641967
v -0.009901522 -0.0680697262 -0.03171355
v 0.0420406274 -0.281695038 0.00588162476
v -0.009901514 -0.309474081 -0.0527101755
v 0.03092055 -0.0906937 0.0108095342
v -0.009901505 -0.09461486 0.0534415245
v -0.009901514 -0.387912273 0.000953684154
v -0.009901529 -0.309671581 0.0555956624
v 0.03092055 -0.0906937 0.0108095342
v -0.009901522 -0.0680697262 -0.03171355
v -0.009901505 -0.09461486 0.0534415245
v -0.0618435852 -0.281695038 0.00588162476
v -0.05072363 -0.09069368 0.0108095342
v -0.05072363 -0.09069368 0.0108095342
v -0.009901505 -0.09461486 0.0534415245
v -0.009901522 -0.0680697262 -0.03171355
v 0.00692675263 -0.04248474 0.0773376
v -0.009901479 -0.02725787 0.07243474
v -0.009901533 0.0104877176 0.0930699855
v 0.0200448725 0.0101401843 0.110143527
v 0.006259447 -0.0508956835 -0.000842922
v -0.009901524 -0.0293074548 -0.000842921
v -0.009901488 -0.0633733 0.09063339
v -0.009901498 0.008222551 0.1336537
v -0.009901495 -0.07248393 0.000220230213
v 0.0200448427 0.068926394 0.07685307
v -0.009901484 0.06047521 0.06401033
v -0.009901521 0.0775983259 0.09150587
v -0.009901529 0.0868497 -0.0008427781
v 0.0200448781 0.105905056 -0.0008427773
v -0.009901492 0.126016364 -0.000842776441
v 0.0177778844 0.171399936 0.0112683764
v 0.0177779086 0.14042078 0.0649259537
v 0.0377793536 0.109441593 0.0112683736
v 0.0177778583 0.0784624144 0.0649259537
v 0.01777789 0.04748327 0.0112683708
v 0.0177778564 0.07846243 -0.0423890725
v 0.0177779142 0.14042078 -0.0423890725
v 0.0177778583 0.0784624144 0.0649259537
v 0.0177779086 0.14042078 0.0649259537
v 0.0177778844 0.171399936 0.0112683764
v 0.0177779142 0.14042078 -0.0423890725
v 0.0177778564 0.07846243 -0.0423890725
v 0.01777789 0.04748327 0.0112683708
v 0.0286406688 -0.1739837 0.00103066454
v 0.0122825243 -0.140068039 7.143078E-05
v 0.0129498579 -0.0658264 0.035342712
v 0.02930801 -0.0676364452 0.05176149
v 0.0122824907 -0.20426555 0.0004873082
v 0.0129498765 -0.07059575 0.06614919
v 0.02930801 -0.0676364452 0.05176149
v 0.0129498579 -0.0658264 0.035342712
v 0.0184025951 0.0425553545 0.06331764
v 0.0129498765 -0.07059575 0.06614919
v 0.02930801 -0.0676364452 0.05176149
v 0.0184025951 0.0425553545 0.06331764
v 0.00692675263 -0.0424847342 -0.07902346
v 0.0200448725 0.0101401946 -0.111829355
v -0.00990153 0.0104877222 -0.09475585
v -0.009901538 -0.027257897 -0.0741205961
v -0.009901488 -0.06337329 -0.09231908
v -0.00990149751 0.008222561 -0.135339484
v -0.009901495 -0.07248393 -0.00190609333
v 0.0200448427 0.0689264 -0.0785387456
v -0.009901483 0.06047522 -0.06569617
v -0.009901524 0.07759834 -0.093191646
v 0.0286406688 -0.1739837 -0.00271638157
v 0.02930801 -0.0676364452 -0.05344735
v 0.0129498579 -0.0658264 -0.0370284878
v 0.0122825243 -0.140068039 -0.0017572653
v 0.0122824907 -0.20426555 -0.00217314786
v 0.0129498765 -0.07059575 -0.06783505
v 0.02930801 -0.0676364452 -0.05344735
v 0.0184025951 0.042555362 -0.0650034547
v 0.0129498579 -0.0658264 -0.0370284878
v 0.0129498765 -0.07059575 -0.06783505
v 0.0184025951 0.042555362 -0.0650034547
v 0.02930801 -0.0676364452 -0.05344735
v -0.0267297924 -0.04248477 0.0773376
v -0.0398479179 0.0101401564 0.110143527
v -0.02606247 -0.0508957 -0.000842922
v -0.03984789 0.06892641 0.07685307
v -0.03984792 0.105905041 -0.0008427773
v -0.037581 0.171399921 0.0112683764
v -0.0575823858 0.1094416 0.0112683736
v -0.03758097 0.140420765 0.0649259537
v -0.03758095 0.0784624144 0.0649259537
v -0.03758091 0.0474832542 0.0112683708
v -0.03758095 0.0784624144 -0.0423890725
v -0.03758096 0.140420765 -0.0423890725
v -0.03758095 0.0784624144 0.0649259537
v -0.03758091 0.0474832542 0.0112683708
v -0.03758095 0.0784624144 -0.0423890725
v -0.03758096 0.140420765 -0.0423890725
v -0.037581 0.171399921 0.0112683764
v -0.03758097 0.140420765 0.0649259537
v -0.048443757 -0.1739837 0.00103066454
v -0.0491110347 -0.06763646 0.05176149
v -0.03275288 -0.0658264 0.035342712
v -0.0320855863 -0.140068084 7.143078E-05
v -0.0320855454 -0.204265535 0.0004873082
v -0.03275294 -0.07059576 0.06614919
v -0.0491110347 -0.06763646 0.05176149
v -0.03820563 0.0425553471 0.06331764
v -0.03275288 -0.0658264 0.035342712
v -0.03275294 -0.07059576 0.06614919
v -0.03820563 0.0425553471 0.06331764
v -0.0491110347 -0.06763646 0.05176149
v -0.0267297924 -0.042484764 -0.07902346
v -0.0398479179 0.0101401666 -0.111829355
v -0.03984789 0.06892642 -0.0785387456
v -0.048443757 -0.1739837 -0.00271638157
v -0.0320855863 -0.140068084 -0.0017572653
v -0.03275288 -0.0658264 -0.0370284878
v -0.0491110347 -0.06763646 -0.05344735
v -0.0320855454 -0.204265535 -0.00217314786
v -0.03275294 -0.07059576 -0.06783505
v -0.0491110347 -0.06763646 -0.05344735
v -0.03275288 -0.0658264 -0.0370284878
v -0.03820563 0.0425553545 -0.0650034547
v -0.03275294 -0.07059576 -0.06783505
v -0.0491110347 -0.06763646 -0.05344735
v -0.03820563 0.0425553545 -0.0650034547
v 0.08079973 0.0428203642 0.367224365
v 0.08550392 0.0652250648 0.246183485
v 0.0554607473 0.04738865 0.251440167
v 0.060397502 0.03809223 0.18828012
v 0.0511713177 0.0168156531 0.253089458
v 0.07851285 0.0307276621 0.249252111
v 0.0807997137 -0.131939128 0.3276233
v 0.0855039358 -0.0508252867 0.23503074
v 0.05546071 -0.06884318 0.230434135
v 0.0603974424 -0.0445572734 0.17139329
v 0.051171273 -0.0959653854 0.216228187
v 0.07851279 -0.0820461661 0.220039114
v -0.009901541 -0.254630923 0.236668915
v -0.009901535 -0.141630143 0.187619612
v -0.0241649 -0.162691966 0.163097754
v -0.009901502 -0.113171555 0.125094131
v -0.009901535 -0.1799523 0.141779661
v 0.00436181854 -0.16269201 0.163097858
v 0.0807996839 0.04282033 -0.361856729
v 0.0554607622 0.0473886579 -0.246072471
v 0.0855039358 0.0652250648 -0.240815818
v 0.060397502 0.03809225 -0.182912409
v 0.05117132 0.01681566 -0.247721747
v 0.07851285 0.0307276826 -0.243884459
v 0.08079973 -0.131939143 -0.322255731
v 0.0554607771 -0.06884314 -0.225066423
v 0.0855039656 -0.0508252941 -0.229662985
v 0.0603975169 -0.0445572361 -0.166025639
v 0.0511713475 -0.0959653556 -0.210860372
v 0.07851286 -0.08204614 -0.214671433
v -0.009901541 -0.254630923 -0.231301054
v -0.02416483 -0.162691936 -0.15773
v -0.009901535 -0.141630113 -0.182251826
v -0.009901513 -0.113171525 -0.119726382
v -0.009901562 -0.179952249 -0.136411875
v 0.00436188467 -0.162691951 -0.15773
v -0.009901503 -0.04325088 -0.372228
v 0.06244349 -0.00315808062 -0.361353159
v 0.06081543 -0.0455925465 -0.200476617
v -0.009901497 -0.0941877142 -0.188833177
v 0.06301811 0.0745550245 -0.339760274
v 0.0637761056 0.047924865 -0.22041215
v -0.009901535 0.121128291 -0.331078231
v -0.009901514 0.118858613 -0.265796065
v 0.0495925322 0.15318051 -0.607776046
v 0.0488351434 0.06370976 -0.512990236
v -0.009901524 0.0484967642 -0.5355466
v -0.00990152 0.135084912 -0.6318928
v 0.04980737 0.197349936 -0.56443
v 0.05050389 0.129349649 -0.470950127
v -0.00990152 0.22186622 -0.5437509
v -0.009901523 0.166128457 -0.4606865
v -0.009901524 0.247646019 -0.7313286
v 0.0491252244 0.2548516 -0.7037099
v 0.05013993 0.297090054 -0.64283663
v -0.009901585 0.3219888 -0.6207031
v 0.05226869 0.4107281 -0.7936604
v -0.009901597 0.391097426 -0.8352535
v 0.0535029322 0.434911251 -0.7310546
v -0.009901653 0.441945553 -0.660724044
v -0.009901655 0.5098928 -1.02983487
v 0.06132439 0.564744055 -0.9122595
v 0.0585029572 0.5959822 -0.7689598
v -0.009901559 0.5553391 -0.6508479
v 0.08031131 -0.0362819023 -0.1716336
v 0.0369068533 -0.07663665 -0.153513744
v 0.0805150345 0.05809758 -0.19340986
v 0.0223330725 0.117772251 -0.254656583
v 0.0268577822 -0.11227382 -0.10388457
v -0.009901539 -0.05171182 -0.122830242
v -0.0099015 -0.07141669 -0.09239019
v 0.0262593087 -0.118890829 -0.001013351
v -0.009901505 -0.077364 -0.00101335
v 0.0431754142 -0.0250852276 -0.139129579
v 0.0398728773 0.06752738 -0.1606118
v -0.009901523 0.135068789 -0.222632736
v -0.009901493 -0.152086377 -0.118390635
v -0.009901559 -0.160540491 -0.00101335254
v -0.009901539 -0.05171182 -0.122830242
v 0.0431754142 -0.0250852276 -0.139129579
v 0.0398728773 0.06752738 -0.1606118
v 0.0398728773 0.06752738 -0.1606118
v -0.009901523 0.135068789 -0.222632736
v -0.009901539 -0.05171182 -0.122830242
v -0.0806184 -0.0455925874 -0.200476632
v -0.0822464153 -0.00315823616 -0.361353159
v -0.08357917 0.0479248054 -0.22041215
v -0.0828212 0.0745549947 -0.3397603
v -0.0693956763 0.1531805 -0.607776046
v -0.06863817 0.0637097359 -0.512990236
v -0.07030698 0.129349634 -0.470950127
v -0.0696105 0.1973499 -0.56443
v -0.06892831 0.25485152 -0.70370996
v -0.06994311 0.29709 -0.64283663
v -0.07207184 0.410728067 -0.7936604
v -0.07330611 0.4349112 -0.7310546
v -0.08112766 0.5647441 -0.9122595
v -0.0783062354 0.595982254 -0.7689598
v -0.10011436 -0.0362819023 -0.1716336
v -0.056709893 -0.07663665 -0.15351373
v -0.100318104 0.05809755 -0.193409845
v -0.0421361476 0.117772207 -0.254656583
v -0.046660766 -0.1122738 -0.10388457
v -0.0460623577 -0.1188908 -0.00101335149
v -0.06297844 -0.0250852685 -0.139129579
v -0.0596759059 0.0675273538 -0.160611778
v -0.009901539 -0.05171182 -0.122830242
v -0.009901523 0.135068789 -0.222632736
v -0.0596759059 0.0675273538 -0.160611778
v -0.0596759059 0.0675273538 -0.160611778
v -0.06297844 -0.0250852685 -0.139129579
v -0.009901539 -0.05171182 -0.122830242
v -0.009901655 0.5098928 -1.02983487
v -0.009901563 0.5756534 -0.841555059
v 0.06132439 0.564744055 -0.9122595
v 0.06132439 0.564744055 -0.9122595
v -0.009901563 0.5756534 -0.841555059
v 0.0585029572 0.5959822 -0.7689598
v 0.0585029572 0.5959822 -0.7689598
v -0.009901563 0.5756534 -0.841555059
v -0.009901559 0.5553391 -0.6508479
v -0.08112766 0.5647441 -0.9122595
v -0.009901563 0.5756534 -0.841555059
v -0.009901655 0.5098928 -1.02983487
v -0.0783062354 0.595982254 -0.7689598
v -0.009901563 0.5756534 -0.841555059
v -0.08112766 0.5647441 -0.9122595
v -0.009901559 0.5553391 -0.6508479
v -0.009901563 0.5756534 -0.841555059
v -0.0783062354 0.595982254 -0.7689598
v -0.009901504 -0.0432509147 0.370201081
v -0.009901505 -0.09418774 0.186806425
v 0.0608154461 -0.0455925465 0.198449835
v 0.0624434873 -0.003158118 0.3593264
v 0.0637761056 0.0479248352 0.218385309
v 0.06301811 0.074555 0.337733448
v -0.00990151 0.1188586 0.263769269
v -0.009901535 0.121128261 0.3290514
v 0.0495925359 0.15318045 0.605749249
v -0.009901518 0.135084867 0.629866064
v -0.00990152452 0.0484967157 0.5335198
v 0.0488351434 0.0637097061 0.5109633
v 0.0505038872 0.1293496 0.468923271
v 0.04980737 0.197349876 0.5624032
v -0.00990152452 0.166128427 0.458659679
v -0.009901523 0.221866161 0.5417241
v 0.0491252244 0.25485155 0.701683164
v -0.009901525 0.247645929 0.72930187
v 0.0501399264 0.29709 0.640809834
v -0.009901586 0.321988732 0.618676364
v 0.0522686839 0.410728 0.7916338
v -0.009901595 0.391097367 0.83322674
v 0.0535029322 0.4349112 0.729027748
v -0.009901664 0.4419455 0.658697248
v 0.0613243878 0.564744 0.9102329
v -0.00990165 0.509892762 1.02780783
v 0.058502946 0.595982134 0.766933143
v -0.00990156 0.5553391 0.6488213
v 0.08031131 -0.0362818874 0.169606686
v 0.0369068459 -0.0766366646 0.151486874
v 0.0805150345 0.0580975674 0.191383064
v 0.0223330762 0.117772214 0.2526298
v 0.0268577822 -0.11227382 0.101857722
v -0.009901509 -0.0714167 0.0903634951
v -0.009901535 -0.05171184 0.12080346
v 0.043175403 -0.0250852387 0.137102738
v 0.0398728773 0.06752738 0.158584952
v -0.009901516 0.135068759 0.220606074
v -0.009901499 -0.152086377 0.116363704
v -0.009901535 -0.05171184 0.12080346
v -0.009901516 0.135068759 0.220606074
v 0.0398728773 0.06752738 0.158584952
v 0.0398728773 0.06752738 0.158584952
v 0.043175403 -0.0250852387 0.137102738
v -0.009901535 -0.05171184 0.12080346
v -0.0822463259 -0.003158428 0.359326422
v -0.0806184039 -0.0455925874 0.198449835
v -0.0828212 0.0745549649 0.337733477
v -0.08357917 0.0479247756 0.218385309
v -0.0693956763 0.153180435 0.605749249
v -0.06863817 0.06370969 0.5109633
v -0.06961049 0.197349846 0.5624032
v -0.07030698 0.129349589 0.468923271
v -0.0689283162 0.25485146 0.701683164
v -0.0699431 0.297089934 0.640809834
v -0.0720718354 0.410728 0.7916338
v -0.07330611 0.434911132 0.729027748
v -0.08112765 0.564744055 0.9102329
v -0.07830623 0.5959822 0.766933143
v -0.10011436 -0.0362819 0.169606715
v -0.0567098856 -0.0766366646 0.151486889
v -0.100318111 0.0580975227 0.191383064
v -0.0421361476 0.117772169 0.2526298
v -0.046660766 -0.1122738 0.101857714
v -0.06297843 -0.0250852741 0.137102738
v -0.0596759021 0.0675273538 0.158584952
v -0.009901535 -0.05171184 0.12080346
v -0.06297843 -0.0250852741 0.137102738
v -0.0596759021 0.0675273538 0.158584952
v -0.0596759021 0.0675273538 0.158584952
v -0.009901516 0.135068759 0.220606074
v -0.009901535 -0.05171184 0.12080346
v -0.00990165 0.509892762 1.02780783
v 0.0613243878 0.564744 0.9102329
v -0.009901564 0.5756533 0.8395283
v 0.0613243878 0.564744 0.9102329
v 0.058502946 0.595982134 0.766933143
v -0.009901564 0.5756533 0.8395283
v 0.058502946 0.595982134 0.766933143
v -0.00990156 0.5553391 0.6488213
v -0.009901564 0.5756533 0.8395283
v -0.08112765 0.564744055 0.9102329
v -0.00990165 0.509892762 1.02780783
v -0.009901564 0.5756533 0.8395283
v -0.07830623 0.5959822 0.766933143
v -0.08112765 0.564744055 0.9102329
v -0.009901564 0.5756533 0.8395283
v -0.00990156 0.5553391 0.6488213
v -0.07830623 0.5959822 0.766933143
v -0.009901564 0.5756533 0.8395283
v -0.009901519 -0.0529093631 -0.0447582155
v 0.0618266 -0.284489721 0.006721212
v -0.009901518 -0.3150328 -0.07192217
v 0.0471249521 -0.08011388 0.0158577934
v -0.009901499 -0.0849113539 0.07092986
v -0.009901516 -0.407909572 0.0006241616
v -0.009901541 -0.316058338 0.0745484754
v 0.0471249521 -0.08011388 0.0158577934
v -0.009901519 -0.0529093631 -0.0447582155
v -0.009901499 -0.0849113539 0.07092986
v -0.08162956 -0.284489721 0.00672122464
v -0.06692803 -0.08011387 0.0158577971
v -0.06692803 -0.08011387 0.0158577971
v -0.009901499 -0.0849113539 0.07092986
v -0.009901519 -0.0529093631 -0.0447582155
v 0.0267157461 -0.04271436 0.0744491741
v -0.009901464 -0.009671547 0.06290997
v -0.009901539 0.009672749 0.0730866
v 0.0397377 0.009927067 0.113628805
v 0.0262581334 -0.050666444 -0.000842926442
v -0.00990151148 -0.009307455 -0.000842924637
v -0.009901471 -0.08094834 0.100178964
v -0.009901492 0.008007828 0.153652549
v -0.00990148 -0.0923902 0.00215417473
v 0.04003647 0.06836459 0.07699159
v -0.009901487 0.04567463 0.0505588353
v -0.009901519 0.09191218 0.105474181
v -0.00990153 0.06684969 -0.0008427886
v 0.039557647 0.110292748 -0.000842771
v -0.009901485 0.146016359 -0.0008427669
v 0.0153359305 0.1912503 0.01126837
v 0.0343753025 0.146000355 0.07459006
v 0.0577793531 0.109441586 0.0112683671
v 0.01533589 0.0685372353 0.0821168646
v 0.03437528 0.03632412 0.0112683643
v 0.0153358839 0.06853725 -0.05957999
v 0.0343753025 0.146000355 -0.0520531833
v 0.01533589 0.0685372353 0.0821168646
v 0.0343753025 0.146000355 0.07459006
v 0.0153359305 0.1912503 0.01126837
v 0.0343753025 0.146000355 -0.0520531833
v 0.0153358839 0.06853725 -0.05957999
v 0.03437528 0.03632412 0.0112683643
v 0.0486237928 -0.174461514 0.00169888651
v 0.0258926656 -0.133879334 -0.01321254
v 0.02696819 -0.0611506142 0.0218659416
v 0.0492056161 -0.06747602 0.05377632
v 0.0247307 -0.211101547 0.0145696122
v 0.0263067987 -0.0741575658 0.08060277
v 0.0492056161 -0.06747602 0.05377632
v 0.02696819 -0.0611506142 0.0218659416
v 0.0383063927 0.0445068441 0.06349253
v 0.0263067987 -0.0741575658 0.08060277
v 0.0492056161 -0.06747602 0.05377632
v 0.0383063927 0.0445068441 0.06349253
v 0.0267157443 -0.0427143462 -0.07613502
v 0.0397376977 0.009927068 -0.11531464
v -0.009901535 0.009672735 -0.07477246
v -0.009901553 -0.009671574 -0.064595826
v -0.00990147 -0.08094834 -0.101864636
v -0.009901492 0.008007831 -0.155338332
v -0.009901481 -0.0923902 -0.00384004
v 0.04003647 0.0683645457 -0.07867723
v -0.009901473 0.04567461 -0.0522447042
v -0.009901522 0.0919122 -0.107159942
v 0.0486237928 -0.174461529 -0.00338460784
v 0.0492056124 -0.06747602 -0.0554622
v 0.0269682184 -0.0611506142 -0.0235517453
v 0.025892606 -0.1338793 0.0115267579
v 0.0247307643 -0.211101532 -0.0162554
v 0.0263067968 -0.07415756 -0.08228864
v 0.0492056124 -0.06747602 -0.0554622
v 0.0383063927 0.04450685 -0.06517834
v 0.0269682184 -0.0611506142 -0.0235517453
v 0.0263067968 -0.07415756 -0.08228864
v 0.0383063927 0.04450685 -0.06517834
v 0.0492056124 -0.06747602 -0.0554622
v -0.0465187877 -0.04271441 0.0744491741
v -0.0595407449 0.009927031 0.113628805
v -0.04606116 -0.0506664775 -0.000842921145
v -0.0598395169 0.06836462 0.07699162
v -0.05936069 0.110292733 -0.0008427714
v -0.0351390541 0.19125028 0.0112683671
v -0.07758239 0.109441593 0.0112683661
v -0.05417838 0.146000326 0.07459004
v -0.035139 0.06853723 0.08211687
v -0.05417832 0.03632413 0.0112683652
v -0.0351389945 0.0685372353 -0.05957999
v -0.05417837 0.146000326 -0.05205316
v -0.035139 0.06853723 0.08211687
v -0.05417832 0.03632413 0.0112683652
v -0.0351389945 0.0685372353 -0.05957999
v -0.05417837 0.146000326 -0.05205316
v -0.0351390541 0.19125028 0.0112683671
v -0.05417838 0.146000326 0.07459004
v -0.06842688 -0.174461514 0.00169890956
v -0.06900863 -0.0674760342 0.0537763424
v -0.04677121 -0.06115061 0.0218659416
v -0.04569571 -0.133879364 -0.0132125523
v -0.044533737 -0.211101532 0.0145696243
v -0.0461098775 -0.07415757 0.08060276
v -0.06900863 -0.0674760342 0.0537763424
v -0.058109425 0.0445068367 0.06349251
v -0.04677121 -0.06115061 0.0218659416
v -0.0461098775 -0.07415757 0.08060276
v -0.058109425 0.0445068367 0.06349251
v -0.06900863 -0.0674760342 0.0537763424
v -0.0465187877 -0.04271441 -0.07613504
v -0.05954074 0.00992703 -0.115314655
v -0.0598395169 0.06836453 -0.07867719
v -0.06842688 -0.174461529 -0.00338463159
v -0.04569565 -0.133879349 0.0115267728
v -0.04677124 -0.06115061 -0.0235517472
v -0.06900864 -0.0674760342 -0.0554621853
v -0.0445338041 -0.211101517 -0.0162554123
v -0.0461098775 -0.07415757 -0.0822886154
v -0.06900864 -0.0674760342 -0.0554621853
v -0.04677124 -0.06115061 -0.0235517472
v -0.058109425 0.0445068441 -0.06517832
v -0.0461098775 -0.07415757 -0.0822886154
v -0.06900864 -0.0674760342 -0.0554621853
v -0.058109425 0.0445068441 -0.06517832
v 0.08300495 0.0432616025 0.3870975
v 0.0967883 0.08132171 0.242500976
v 0.03882571 0.0584738366 0.252067983
v 0.05796992 0.0373386852 0.168442309
v 0.0394683741 0.0005982517 0.253281772
v 0.09414472 0.01849182 0.246817216
v 0.083004944 -0.141715646 0.344931
v 0.09678831 -0.0351073444 0.2400913
v 0.0388256758 -0.05963559 0.23663865
v 0.0579698533 -0.0350672752 0.153956354
v 0.03946831 -0.110003546 0.208105952
v 0.09414464 -0.09131935 0.211693272
v -0.00990153849 -0.270397782 0.248973623
v -0.009901539 -0.127767041 0.202035382
v -0.0441298932 -0.162350655 0.161965266
v -0.009901492 -0.09764446 0.1124882
v -0.009901524 -0.191075638 0.12515825
v 0.0243268125 -0.1623507 0.1619654
v 0.0830048844 0.04326157 -0.3817299
v 0.038825728 0.0584738441 -0.246700272
v 0.0967883244 0.0813217 -0.237133324
v 0.05796992 0.0373387076 -0.1630746
v 0.03946838 0.000598257349 -0.247914061
v 0.09414472 0.01849184 -0.241449565
v 0.083004944 -0.141715661 -0.339563429
v 0.03882574 -0.0596355572 -0.231270924
v 0.09678835 -0.0351073556 -0.234723523
v 0.05796993 -0.03506722 -0.148588717
v 0.03946841 -0.110003516 -0.202738091
v 0.09414473 -0.09131932 -0.2063256
v -0.009901553 -0.2703978 -0.243605748
v -0.0441298224 -0.16235061 -0.156597525
v -0.009901562 -0.127767012 -0.1966676
v -0.009901519 -0.09764443 -0.107120462
v -0.009901608 -0.1910756 -0.119790465
v 0.0243268777 -0.16235064 -0.15659751
vt 0.137091711 0.369477153
vt 0.205698431 0.362097383
vt 0.1656206 0.207800746
vt 0.08690296 0.194231272
vt 0.2630923 0.346817017
vt 0.244032681 0.226078629
vt 0.288558751 0.3290254
vt 0.258428276 0.268514872
vt 0.348842651 0.5910855
vt 0.2637004 0.502109766
vt 0.223570108 0.518825531
vt 0.305904239 0.6076937
vt 0.376770765 0.5641115
vt 0.309907526 0.47265923
vt 0.391398519 0.539083064
vt 0.334208459 0.456635654
vt 0.423067361 0.7072633
vt 0.446871668 0.6800612
vt 0.471827179 0.6369392
vt 0.483582467 0.6146315
vt 0.6099321 0.767178237
vt 0.553685367 0.7986599
vt 0.6267975 0.7198925
vt 0.5916607 0.657182
vt 0.6568698 0.9773583
vt 0.7601655 0.877685249
vt 0.7841874 0.7536897
vt 0.6912834 0.6555721
vt 0.179553181 0.190365553
vt 0.111458555 0.176214218
vt 0.241344959 0.208636761
vt 0.276318669 0.256971836
vt 0.0618455335 0.124582648
vt 0.119700745 0.156654239
vt 0.080959484 0.118055224
vt 0.05445882 0.0267714262
vt 0.0738714 0.0262752771
vt 0.188100383 0.171334326
vt 0.2508288 0.194387138
vt 0.290276378 0.241923451
vt 0.03200576 0.131110132
vt 0.0243204273 0.0272676349
vt 0.119700745 0.156654239
vt 0.188100383 0.171334326
vt 0.2508288 0.194387138
vt 0.2508288 0.194387138
vt 0.256120265 0.168503761
vt 0.119700745 0.156654239
vt 0.1656206 0.207800746
vt 0.205698431 0.362097383
vt 0.244032681 0.226078629
vt 0.2630923 0.346817017
vt 0.348842651 0.5910855
vt 0.2637004 0.502109766
vt 0.309907526 0.47265923
vt 0.376770765 0.5641115
vt 0.446871668 0.6800612
vt 0.471827179 0.6369392
vt 0.6099321 0.767178237
vt 0.6267975 0.7198925
vt 0.7601655 0.877685249
vt 0.7841874 0.7536897
vt 0.179553181 0.190365553
vt 0.111458555 0.176214218
vt 0.241344959 0.208636761
vt 0.276318669 0.256971836
vt 0.0618455335 0.124582648
vt 0.05445882 0.0267714262
vt 0.188100383 0.171334326
vt 0.2508288 0.194387138
vt 0.119700745 0.156654239
vt 0.256120265 0.168503761
vt 0.2508288 0.194387138
vt 0.2508288 0.194387138
vt 0.188100383 0.171334326
vt 0.119700745 0.156654239
vt 0.895353734 0.62988174
vt 0.895353734 0.5466938
vt 0.849943638 0.5930371
vt 0.849943638 0.5930371
vt 0.895353734 0.5466938
vt 0.849943638 0.517397642
vt 0.849943638 0.517397642
vt 0.895353734 0.5466938
vt 0.895353734 0.475628257
vt 0.9407637 0.5930371
vt 0.895353734 0.5466938
vt 0.895353734 0.62988174
vt 0.9407637 0.517397642
vt 0.895353734 0.5466938
vt 0.9407637 0.5930371
vt 0.895353734 0.475628257
vt 0.895353734 0.5466938
vt 0.9407637 0.517397642
vt 0.137091711 0.369477153
vt 0.08690296 0.194231272
vt 0.1656206 0.207800746
vt 0.205698431 0.362097383
vt 0.244032681 0.226078629
vt 0.2630923 0.346817017
vt 0.258428276 0.268514872
vt 0.288558751 0.3290254
vt 0.348842651 0.5910855
vt 0.305904239 0.6076937
vt 0.223570108 0.518825531
vt 0.2637004 0.502109766
vt 0.309907526 0.47265923
vt 0.376770765 0.5641115
vt 0.334208459 0.456635654
vt 0.391398519 0.539083064
vt 0.446871668 0.6800612
vt 0.423067361 0.7072633
vt 0.471827179 0.6369392
vt 0.483582467 0.6146315
vt 0.6099321 0.767178237
vt 0.553685367 0.7986599
vt 0.6267975 0.7198925
vt 0.5916607 0.657182
vt 0.7601655 0.877685249
vt 0.6568698 0.9773583
vt 0.7841874 0.7536897
vt 0.6912834 0.6555721
vt 0.179553181 0.190365553
vt 0.111458555 0.176214218
vt 0.241344959 0.208636761
vt 0.276318669 0.256971836
vt 0.0618455335 0.124582648
vt 0.080959484 0.118055224
vt 0.119700745 0.156654239
vt 0.188100383 0.171334326
vt 0.2508288 0.194387138
vt 0.290276378 0.241923451
vt 0.03200576 0.131110132
vt 0.119700745 0.156654239
vt 0.256120265 0.168503761
vt 0.2508288 0.194387138
vt 0.2508288 0.194387138
vt 0.188100383 0.171334326
vt 0.119700745 0.156654239
vt 0.205698431 0.362097383
vt 0.1656206 0.207800746
vt 0.2630923 0.346817017
vt 0.244032681 0.226078629
vt 0.348842651 0.5910855
vt 0.2637004 0.502109766
vt 0.376770765 0.5641115
vt 0.309907526 0.47265923
vt 0.446871668 0.6800612
vt 0.471827179 0.6369392
vt 0.6099321 0.767178237
vt 0.6267975 0.7198925
vt 0.7601655 0.877685249
vt 0.7841874 0.7536897
vt 0.179553181 0.190365553
vt 0.111458555 0.176214218
vt 0.241344959 0.208636761
vt 0.276318669 0.256971836
vt 0.0618455335 0.124582648
vt 0.188100383 0.171334326
vt 0.2508288 0.194387138
vt 0.119700745 0.156654239
vt 0.188100383 0.171334326
vt 0.2508288 0.194387138
vt 0.2508288 0.194387138
vt 0.256120265 0.168503761
vt 0.119700745 0.156654239
vt 0.895353734 0.62988174
vt 0.849943638 0.5930371
vt 0.895353734 0.5466938
vt 0.849943638 0.5930371
vt 0.849943638 0.517397642
vt 0.895353734 0.5466938
vt 0.849943638 0.517397642
vt 0.895353734 0.475628257
vt 0.895353734 0.5466938
vt 0.9407637 0.5930371
vt 0.895353734 0.62988174
vt 0.895353734 0.5466938
vt 0.9407637 0.517397642
vt 0.9407637 0.5930371
vt 0.895353734 0.5466938
vt 0.895353734 0.475628257
vt 0.9407637 0.517397642
vt 0.895353734 0.5466938
vt 0.8940359 0.0489183664
vt 0.667211354 0.106706262
vt 0.592803836 0.01664424
vt 0.9467334 0.114281058
vt 0.88550967 0.17981112
vt 0.481905162 0.099131465
vt 0.5925353 0.183122218
vt 0.9467334 0.114281058
vt 0.8940359 0.0489183664
vt 0.96326977 0.07770628
vt 0.667211354 0.106706262
vt 0.9467334 0.114281058
vt 0.9467334 0.114281058
vt 0.96326977 0.07770628
vt 0.8940359 0.0489183664
vt 0.08515863 0.752162
vt 0.11171715 0.740582645
vt 0.154307246 0.7613624
vt 0.15929769 0.7913889
vt 0.07432549 0.659321
vt 0.09764224 0.6586918
vt 0.0478014238 0.768059969
vt 0.153489709 0.819500864
vt 0.0361065455 0.659950256
vt 0.231697112 0.7515823
vt 0.200935379 0.736226141
vt 0.2445334 0.766959548
vt 0.233417526 0.6611083
vt 0.277239 0.661916256
vt 0.2938021 0.661817133
vt 0.9660216 0.867001
vt 0.9279397 0.9310412
vt 0.9040533 0.867001
vt 0.851775944 0.9310412
vt 0.81369406 0.867001
vt 0.851775944 0.8029607
vt 0.9279397 0.8029607
vt 0.937820733 0.982155
vt 0.9624833 0.982155
vt 0.974814534 0.9614183
vt 0.9624833 0.9406814
vt 0.937820733 0.9406814
vt 0.9254895 0.9614183
vt 0.101338632 0.8893159
vt 0.125104725 0.888411462
vt 0.197581261 0.9216694
vt 0.2049956 0.937151134
vt 0.06275714 0.888803542
vt 0.192949355 0.9507176
vt 0.2049956 0.937151134
vt 0.197581261 0.9216694
vt 0.305897385 0.9480477
vt 0.192949355 0.9507176
vt 0.2049956 0.937151134
vt 0.305897385 0.9480477
vt 0.08515863 0.752162
vt 0.15929769 0.7913889
vt 0.154307246 0.7613624
vt 0.11171715 0.740582645
vt 0.0478014238 0.768059969
vt 0.153489709 0.819500864
vt 0.0361065455 0.659950256
vt 0.231697112 0.7515823
vt 0.200935379 0.736226141
vt 0.2445334 0.766959548
vt 0.101338632 0.8893159
vt 0.2049956 0.937151134
vt 0.197581261 0.9216694
vt 0.125104725 0.888411462
vt 0.06275714 0.888803542
vt 0.192949355 0.9507176
vt 0.2049956 0.937151134
vt 0.305897385 0.9480477
vt 0.197581261 0.9216694
vt 0.192949355 0.9507176
vt 0.305897385 0.9480477
vt 0.2049956 0.937151134
vt 0.08515863 0.752162
vt 0.15929769 0.7913889
vt 0.07432549 0.659321
vt 0.231697112 0.7515823
vt 0.277239 0.661916256
vt 0.9660216 0.867001
vt 0.9040533 0.867001
vt 0.9279397 0.9310412
vt 0.851775944 0.9310412
vt 0.81369406 0.867001
vt 0.851775944 0.8029607
vt 0.9279397 0.8029607
vt 0.937820733 0.982155
vt 0.9254895 0.9614183
vt 0.937820733 0.9406814
vt 0.9624833 0.9406814
vt 0.974814534 0.9614183
vt 0.9624833 0.982155
vt 0.101338632 0.8893159
vt 0.2049956 0.937151134
vt 0.197581261 0.9216694
vt 0.125104725 0.888411462
vt 0.06275714 0.888803542
vt 0.192949355 0.9507176
vt 0.2049956 0.937151134
vt 0.305897385 0.9480477
vt 0.197581261 0.9216694
vt 0.192949355 0.9507176
vt 0.305897385 0.9480477
vt 0.2049956 0.937151134
vt 0.08515863 0.752162
vt 0.15929769 0.7913889
vt 0.231697112 0.7515823
vt 0.101338632 0.8893159
vt 0.125104725 0.888411462
vt 0.197581261 0.9216694
vt 0.2049956 0.937151134
vt 0.06275714 0.888803542
vt 0.192949355 0.9507176
vt 0.2049956 0.937151134
vt 0.197581261 0.9216694
vt 0.305897385 0.9480477
vt 0.192949355 0.9507176
vt 0.2049956 0.937151134
vt 0.305897385 0.9480477
vt 0.649405956 0.440956652
vt 0.736126542 0.400586
vt 0.7098159 0.441653
vt 0.8051611 0.438198984
vt 0.736221433 0.476497531
vt 0.7098159 0.441653
vt 0.649405956 0.440956652
vt 0.736126542 0.400586
vt 0.7098159 0.441653
vt 0.8051611 0.438198984
vt 0.736221433 0.476497531
vt 0.7098159 0.441653
vt 0.649405956 0.440956652
vt 0.736126542 0.400586
vt 0.7098159 0.441653
vt 0.8051611 0.438198984
vt 0.736221433 0.476497531
vt 0.7098159 0.441653
vt 0.649405956 0.440956652
vt 0.7098159 0.441653
vt 0.736126542 0.400586
vt 0.8051611 0.438198984
vt 0.736221433 0.476497531
vt 0.7098159 0.441653
vt 0.649405956 0.440956652
vt 0.7098159 0.441653
vt 0.736126542 0.400586
vt 0.8051611 0.438198984
vt 0.736221433 0.476497531
vt 0.7098159 0.441653
vt 0.649405956 0.440956652
vt 0.7098159 0.441653
vt 0.736126542 0.400586
vt 0.8051611 0.438198984
vt 0.736221433 0.476497531
vt 0.7098159 0.441653
vt 0.363381624 0.6802274
vt 0.4032791 0.6749476
vt 0.361051381 0.5968408
vt 0.31269297 0.591187835
vt 0.4806136 0.6644641
vt 0.4541132 0.6065197
vt 0.526959956 0.6602489
vt 0.524701357 0.6285539
vt 0.558856 0.794587731
vt 0.469821155 0.748568535
vt 0.4546823 0.7595198
vt 0.5408486 0.8062966
vt 0.602810264 0.7735429
vt 0.5351413 0.728157759
vt 0.6272071 0.7635031
vt 0.571740866 0.7231747
vt 0.6528613 0.8545735
vt 0.6600318 0.841164351
vt 0.702064455 0.8116099
vt 0.726841867 0.8008639
vt 0.81514883 0.884835958
vt 0.7956138 0.9050298
vt 0.8392142 0.854440451
vt 0.8462142 0.8202944
vt 0.913830459 0.9995005
vt 0.9684144 0.9424168
vt 0.9995004 0.8728437
vt 0.9590553 0.8154994
vt 0.370316654 0.582837343
vt 0.330158532 0.57404
vt 0.464236319 0.593409836
vt 0.523620248 0.6231456
vt 0.29469496 0.549944639
vt 0.354961932 0.559142947
vt 0.335353047 0.544364035
vt 0.2881102 0.499999881
vt 0.329434723 0.499999881
vt 0.3814588 0.567056358
vt 0.4736202 0.577486157
vt 0.5408325 0.607597768
vt 0.255076379 0.556987464
vt 0.246663451 0.499999881
vt 0.354961932 0.559142947
vt 0.3814588 0.567056358
vt 0.4736202 0.577486157
vt 0.4736202 0.577486157
vt 0.5408325 0.607597768
vt 0.354961932 0.559142947
vt 0.361051351 0.596840858
vt 0.403278947 0.6749476
vt 0.454113126 0.6065197
vt 0.480613559 0.6644641
vt 0.558856 0.794587731
vt 0.469821155 0.748568535
vt 0.5351412 0.728157759
vt 0.602810264 0.773542941
vt 0.6600317 0.841164351
vt 0.7020644 0.8116099
vt 0.81514883 0.884836
vt 0.8392141 0.854440451
vt 0.968414545 0.9424168
vt 0.999500453 0.8728437
vt 0.370316684 0.582837343
vt 0.330158532 0.57404
vt 0.464236319 0.5934099
vt 0.523620248 0.6231456
vt 0.29469502 0.5499447
vt 0.288110256 0.499999881
vt 0.381458759 0.5670564
vt 0.473620176 0.577486157
vt 0.354961932 0.559142947
vt 0.5408325 0.607597768
vt 0.473620176 0.577486157
vt 0.473620176 0.577486157
vt 0.381458759 0.5670564
vt 0.354961932 0.559142947
vt 0.913830459 0.9995005
vt 0.9792706 0.9080892
vt 0.9684144 0.9424168
vt 0.9684144 0.9424168
vt 0.9792706 0.9080892
vt 0.9995004 0.8728437
vt 0.9995004 0.8728437
vt 0.9792706 0.9080892
vt 0.9590553 0.8154994
vt 0.968414545 0.9424168
vt 0.9792706 0.9080892
vt 0.913830459 0.9995005
vt 0.999500453 0.8728437
vt 0.9792706 0.9080892
vt 0.968414545 0.9424168
vt 0.9590553 0.8154994
vt 0.9792706 0.9080892
vt 0.999500453 0.8728437
vt 0.363381624 0.319772542
vt 0.31269294 0.408812046
vt 0.361051381 0.403159022
vt 0.403279066 0.325052261
vt 0.454113156 0.393480182
vt 0.480613559 0.335535824
vt 0.524701357 0.371445954
vt 0.526959956 0.339751
vt 0.558855951 0.205412149
vt 0.540848553 0.193703234
vt 0.454682231 0.240480065
vt 0.469821125 0.2514314
vt 0.5351412 0.271842182
vt 0.6028102 0.226457
vt 0.571740866 0.2768252
vt 0.627207041 0.2364968
vt 0.660031736 0.15883553
vt 0.652861238 0.1454264
vt 0.7020644 0.188389957
vt 0.7268418 0.1991359
vt 0.8151488 0.1151638
vt 0.795613766 0.09497011
vt 0.8392141 0.14555949
vt 0.8462142 0.1797055
vt 0.9684144 0.057583034
vt 0.9138304 0.0004995465
vt 0.999500334 0.127156138
vt 0.9590553 0.184500337
vt 0.370316684 0.4171626
vt 0.3301585 0.425959945
vt 0.464236319 0.406589985
vt 0.523620248 0.3768543
vt 0.29469496 0.450055242
vt 0.335353047 0.4556358
vt 0.3549619 0.440856934
vt 0.381458759 0.432943523
vt 0.4736202 0.422513723
vt 0.5408325 0.392402053
vt 0.255076379 0.443012476
vt 0.3549619 0.440856934
vt 0.5408325 0.392402053
vt 0.4736202 0.422513723
vt 0.4736202 0.422513723
vt 0.381458759 0.432943523
vt 0.3549619 0.440856934
vt 0.403278768 0.325052261
vt 0.361051351 0.403159022
vt 0.48061353 0.335535824
vt 0.4541131 0.393480241
vt 0.558855951 0.205412149
vt 0.4698211 0.2514314
vt 0.602810144 0.226457
vt 0.5351412 0.271842182
vt 0.6600317 0.15883553
vt 0.702064335 0.188389957
vt 0.8151488 0.1151638
vt 0.8392141 0.145559549
vt 0.9684144 0.0575830936
vt 0.9995004 0.127156138
vt 0.370316684 0.4171626
vt 0.330158532 0.425959945
vt 0.4642363 0.406590044
vt 0.5236202 0.3768543
vt 0.29469502 0.450055242
vt 0.381458759 0.432943523
vt 0.473620176 0.422513723
vt 0.3549619 0.440856934
vt 0.381458759 0.432943523
vt 0.473620176 0.422513723
vt 0.473620176 0.422513723
vt 0.5408325 0.392402053
vt 0.3549619 0.440856934
vt 0.9138304 0.0004995465
vt 0.9684144 0.057583034
vt 0.9792706 0.0919106
vt 0.9684144 0.057583034
vt 0.999500334 0.127156138
vt 0.9792706 0.0919106
vt 0.999500334 0.127156138
vt 0.9590553 0.184500337
vt 0.9792706 0.0919106
vt 0.9684144 0.0575830936
vt 0.9138304 0.0004995465
vt 0.9792706 0.0919106
vt 0.9995004 0.127156138
vt 0.9684144 0.0575830936
vt 0.9792706 0.0919106
vt 0.9590553 0.184500337
vt 0.9995004 0.127156138
vt 0.9792706 0.0919106
vt 0.3537702 0.5212384
vt 0.123318106 0.496244729
vt 0.09292382 0.5344267
vt 0.326698244 0.491808832
vt 0.32192415 0.465070963
vt 0.0004995465 0.499204874
vt 0.0919033 0.463314056
vt 0.326698244 0.491808832
vt 0.3537702 0.5212384
vt 0.32192415 0.465070963
vt 0.123318106 0.496244729
vt 0.326698244 0.4918089
vt 0.326698244 0.4918089
vt 0.32192415 0.465070963
vt 0.3537702 0.5212384
vt 0.363915563 0.463362336
vt 0.396797359 0.4689647
vt 0.416047424 0.464023829
vt 0.4163005 0.4443403
vt 0.3560022 0.49991715
vt 0.3971597 0.49991715
vt 0.325867832 0.450870275
vt 0.414390624 0.424908459
vt 0.314481735 0.498462081
vt 0.47445333 0.462127924
vt 0.4518739 0.474961281
vt 0.497886181 0.4482994
vt 0.4729458 0.49991715
vt 0.5161772 0.4999171
vt 0.551726758 0.4999171
vt 0.596740365 0.494037032
vt 0.551710844 0.4632939
vt 0.5153302 0.494037032
vt 0.47462514 0.459639549
vt 0.442568958 0.494037032
vt 0.47462514 0.528434455
vt 0.551710844 0.524780154
vt 0.47462514 0.459639549
vt 0.551710844 0.4632939
vt 0.596740365 0.494037032
vt 0.551710844 0.524780154
vt 0.47462514 0.528434455
vt 0.442568958 0.494037032
vt 0.232810259 0.4986831
vt 0.27319473 0.505922735
vt 0.3455691 0.48889184
vt 0.339274526 0.4733991
vt 0.196348727 0.492434263
vt 0.3326255 0.4603747
vt 0.339274526 0.4733991
vt 0.3455691 0.48889184
vt 0.450711817 0.4686818
vt 0.3326255 0.4603747
vt 0.339274526 0.4733991
vt 0.450711817 0.4686818
vt 0.363915563 0.536472
vt 0.4163005 0.55549407
vt 0.416047424 0.53581053
vt 0.396797359 0.530869663
vt 0.325867832 0.548963964
vt 0.414390624 0.57492584
vt 0.314481735 0.5013723
vt 0.47445327 0.5377063
vt 0.4518739 0.524873137
vt 0.4978862 0.5515349
vt 0.232810229 0.5011512
vt 0.339274526 0.526435256
vt 0.3455691 0.510942459
vt 0.27319476 0.493911624
vt 0.196348757 0.507400036
vt 0.332625538 0.5394597
vt 0.339274526 0.526435256
vt 0.450711817 0.5311525
vt 0.3455691 0.510942459
vt 0.332625538 0.5394597
vt 0.450711817 0.5311525
vt 0.339274526 0.526435256
vt 0.3639155 0.463362336
vt 0.416300476 0.4443403
vt 0.356002152 0.49991715
vt 0.47445336 0.462127924
vt 0.5161772 0.49991715
vt 0.5967403 0.494037032
vt 0.5153302 0.494037032
vt 0.551710844 0.4632939
vt 0.4746251 0.459639549
vt 0.442568958 0.494037032
vt 0.47462514 0.528434455
vt 0.551710844 0.524780154
vt 0.4746251 0.459639549
vt 0.442568958 0.494037032
vt 0.47462514 0.528434455
vt 0.551710844 0.524780154
vt 0.5967403 0.494037032
vt 0.551710844 0.4632939
vt 0.232810259 0.4986831
vt 0.339274526 0.473399162
vt 0.345569134 0.48889184
vt 0.2731947 0.505922735
vt 0.196348757 0.492434263
vt 0.3326255 0.4603747
vt 0.339274526 0.473399162
vt 0.450711817 0.4686818
vt 0.345569134 0.48889184
vt 0.3326255 0.4603747
vt 0.450711817 0.4686818
vt 0.339274526 0.473399162
vt 0.3639155 0.5364721
vt 0.416300476 0.55549407
vt 0.47445327 0.5377063
vt 0.232810259 0.5011512
vt 0.27319473 0.493911624
vt 0.345569134 0.510942459
vt 0.339274526 0.526435256
vt 0.196348757 0.507400036
vt 0.3326255 0.5394597
vt 0.339274526 0.526435256
vt 0.345569134 0.510942459
vt 0.450711817 0.5311525
vt 0.3326255 0.5394597
vt 0.339274526 0.526435256
vt 0.450711817 0.5311525
vt 0.449472636 0.3115692
vt 0.4873473 0.381771863
vt 0.464610755 0.377127051
vt 0.443578571 0.417727947
vt 0.407017142 0.37653774
vt 0.424823523 0.379676342
vt 0.2653966 0.332041323
vt 0.3714855 0.382941782
vt 0.347076774 0.3846181
vt 0.371525377 0.424760938
vt 0.296954185 0.398470938
vt 0.315547347 0.396729231
vt 0.13734138 0.3786294
vt 0.279277235 0.4014182
vt 0.244862109 0.420872569
vt 0.309253067 0.444894075
vt 0.2162771 0.438742638
vt 0.24486208 0.4208725
vt 0.4494726 0.6848407
vt 0.464610755 0.6192827
vt 0.4873473 0.6146379
vt 0.4435786 0.5786819
vt 0.407017142 0.619872034
vt 0.424823552 0.6167335
vt 0.265396565 0.6643685
vt 0.347076774 0.6117917
vt 0.371485472 0.613467932
vt 0.3715254 0.571648836
vt 0.2969542 0.5979388
vt 0.315547377 0.599680543
vt 0.13734135 0.6177803
vt 0.244862169 0.5755372
vt 0.279277265 0.5949915
vt 0.3092531 0.5515157
vt 0.216277122 0.5576671
vt 0.244862139 0.5755372
vn 4.69548418E-08 -0.9356922 -0.3528174
vn 0.8557596 -0.476269 -0.202097222
vn 0.7439399 -0.5816664 -0.3289644
vn 1.57332664E-07 -0.879563 -0.475782424
vn 0.9040294 0.423252463 0.0599007979
vn 0.903686166 0.105849244 -0.414906323
vn -1.43412734E-07 0.9847043 0.174233675
vn 5.23995539E-07 0.9229524 -0.3849141
vn 0.840566 -0.386977553 -0.379074126
vn 0.8026934 -0.477091044 -0.357865036
vn 3.939138E-08 -0.8005208 -0.599305
vn 5.3698E-07 -0.709965765 -0.7042362
vn 0.879123449 0.3485014 0.3250981
vn 0.88613224 0.4259978 0.182470754
vn 2.30647757E-07 0.7279953 0.6855821
vn 9.83369048E-08 0.8828563 0.4696432
vn 4.812171E-07 -0.587936342 -0.8089072
vn 0.817198336 -0.350302845 -0.4576842
vn 0.8740585 0.245716348 0.419100553
vn -1.58663539E-07 0.445787847 0.8951386
vn 0.89500016 -0.293757617 -0.3356801
vn -2.00921008E-07 -0.6659827 -0.7459672
vn 0.9592433 0.0436641872 0.27918762
vn -1.02609386E-06 0.216440871 0.9762957
vn -5.70050531E-07 -0.8722758 -0.4890142
vn 0.923523247 -0.328017622 -0.1987693
vn 0.9795568 -0.0175665226 0.200399414
vn 3.84373919E-07 0.03562322 0.99936527
vn 0.9332822 -0.31123367 0.179214761
vn 0.8254473 -0.5465228 0.141243011
vn 0.9434672 0.322590381 0.07619072
vn 0.7953245 0.474878281 -0.376761973
vn 0.9935397 -0.1094485 0.0299988184
vn -3.67636375E-07 0.439338535 0.898321569
vn 1.85142909E-07 0.937305868 0.3485079
vn 0.999683738 -0.02514773 8.080322E-09
vn 6.307755E-07 1 4.115293E-08
vn 0.5380265 -0.0570020042 0.840998352
vn 0.5379909 0.525690734 0.65895
vn 2.45793245E-07 0.936898768 0.3496007
vn 4.6006E-08 -0.9537013 -0.300755471
vn -7.812668E-07 -1 -1.26237323E-08
vn 0.158829391 0.232682988 0.9594956
vn 0.158829391 0.232682988 0.9594956
vn 0.158829391 0.232682988 0.9594956
vn -0.4574104 0.409735054 0.789235651
vn -0.4574104 0.409735054 0.789235651
vn -0.4574104 0.409735054 0.789235651
vn -0.743939161 -0.581667066 -0.328964978
vn -0.8557593 -0.476269573 -0.202097252
vn -0.903686166 0.10584861 -0.4149065
vn -0.9040297 0.423251837 0.05990073
vn -0.84056586 -0.386977881 -0.379074067
vn -0.8026932 -0.477091581 -0.357864857
vn -0.8861323 0.425997525 0.182470873
vn -0.8791232 0.348501533 0.325098544
vn -0.8171977 -0.350303382 -0.457684934
vn -0.8740589 0.245715827 0.419100016
vn -0.895000041 -0.293758124 -0.335680038
vn -0.9592435 0.04366381 0.279187143
vn -0.9235232 -0.32801795 -0.198768958
vn -0.9795567 -0.0175672676 0.200399742
vn -0.9332822 -0.311233938 0.179214329
vn -0.825447 -0.5465233 0.141242877
vn -0.943467259 0.3225902 0.076190874
vn -0.795324445 0.474877715 -0.376762748
vn -0.9935397 -0.1094485 0.0299989767
vn -0.9996838 -0.0251465142 1.14170573E-09
vn -0.5380263 -0.0570021719 0.8409985
vn -0.5379905 0.5256907 0.6589503
vn 0.4574104 0.409735024 0.789235651
vn 0.4574104 0.409735024 0.789235651
vn 0.4574104 0.409735024 0.789235651
vn -0.158829749 0.232682943 0.9594956
vn -0.158829749 0.232682943 0.9594956
vn -0.158829749 0.232682943 0.9594956
vn -0.315722585 0.9174093 -0.242238343
vn -0.315722585 0.9174093 -0.242238343
vn -0.315722585 0.9174093 -0.242238343
vn -0.241226047 0.9537442 -0.179393411
vn -0.241226047 0.9537442 -0.179393411
vn -0.241226047 0.9537442 -0.179393411
vn -0.481493235 0.8750089 0.0502362959
vn -0.481493235 0.8750089 0.0502362959
vn -0.481493235 0.8750089 0.0502362959
vn 0.3157231 0.917409062 -0.242238566
vn 0.3157231 0.917409062 -0.242238566
vn 0.3157231 0.917409062 -0.242238566
vn 0.24122642 0.9537441 -0.179393336
vn 0.24122642 0.9537441 -0.179393336
vn 0.24122642 0.9537441 -0.179393336
vn 0.481492877 0.8750091 0.0502362922
vn 0.481492877 0.8750091 0.0502362922
vn 0.481492877 0.8750091 0.0502362922
vn 8.540898E-08 -0.935692251 0.352817237
vn 1.03085846E-07 -0.87956357 0.4757814
vn 0.7439404 -0.5816661 0.328963846
vn 0.855759442 -0.476269275 0.202097416
vn 0.903686 0.1058487 0.4149069
vn 0.9040294 0.423252463 -0.0599007867
vn 4.84769032E-07 0.9229525 0.3849139
vn -1.5585735E-07 0.9847043 -0.17423363
vn 0.840566158 -0.386977464 0.3790738
vn 5.132729E-07 -0.7099659 0.704236031
vn 2.0028402E-08 -0.800520957 0.599304736
vn 0.8026936 -0.477091044 0.3578647
vn 0.8861322 0.4259979 -0.182470679
vn 0.879123449 0.3485014 -0.325098
vn 1.11344761E-07 0.882856369 -0.469643056
vn 2.20138929E-07 0.7279955 -0.6855819
vn 0.8171984 -0.3503029 0.45768398
vn 4.8856856E-07 -0.5879367 0.808907
vn 0.8740582 0.245716691 -0.419101
vn -1.74185459E-07 0.445787519 -0.8951388
vn 0.894999862 -0.293758035 0.335680544
vn -1.87875528E-07 -0.665982544 0.7459673
vn 0.9592432 0.0436644666 -0.279187948
vn -1.030338E-06 0.216441423 -0.9762956
vn 0.923523068 -0.3280179 0.198769644
vn -5.20396E-07 -0.872275531 0.489014775
vn 0.9795568 -0.0175663065 -0.200399369
vn 3.39042884E-07 0.0356247127 -0.9993652
vn 0.933282137 -0.311233342 -0.1792156
vn 0.825447261 -0.546522558 -0.141244352
vn 0.9434673 0.322590262 -0.0761899
vn 0.7953246 0.474879444 0.376760244
vn 0.9935397 -0.109448448 -0.0299984366
vn 9.466289E-08 0.9373052 -0.34850958
vn -2.797439E-07 0.439338654 -0.8983215
vn 0.538026154 -0.057001736 -0.8409986
vn 0.5379913 0.5256909 -0.6589495
vn 3.64903428E-07 0.9368984 -0.349601656
vn -3.239914E-08 -0.953701437 0.300755084
vn -0.457412452 0.409735024 -0.789234459
vn -0.457412452 0.409735024 -0.789234459
vn -0.457412452 0.409735024 -0.789234459
vn 0.158828065 0.232683048 -0.959495842
vn 0.158828065 0.232683048 -0.959495842
vn 0.158828065 0.232683048 -0.959495842
vn -0.8557591 -0.476269871 0.202097461
vn -0.7439397 -0.581666648 0.328964442
vn -0.9040297 0.423251837 -0.05990072
vn -0.903686 0.105848052 0.414907038
vn -0.840566 -0.386977881 0.3790738
vn -0.802693367 -0.477091521 0.357864529
vn -0.8791233 0.348501563 -0.3250984
vn -0.8861323 0.4259976 -0.1824708
vn -0.81719774 -0.350303471 0.457684755
vn -0.874058545 0.245716169 -0.419100523
vn -0.894999743 -0.293758482 0.335680485
vn -0.959243357 0.0436640941 -0.279187471
vn -0.923523068 -0.328018159 0.1987693
vn -0.979556739 -0.01756705 -0.2003997
vn -0.9332822 -0.311233521 -0.179215178
vn -0.825446963 -0.5465229 -0.141244352
vn -0.9434674 0.322590142 -0.0761901
vn -0.795324564 0.474879026 0.37676084
vn -0.9935397 -0.109448247 -0.0299986489
vn -0.5380259 -0.0570019074 -0.840998769
vn -0.5379909 0.525690854 -0.658949852
vn -0.158828408 0.232682988 -0.9594958
vn -0.158828408 0.232682988 -0.9594958
vn -0.158828408 0.232682988 -0.9594958
vn 0.4574124 0.409735 -0.7892345
vn 0.4574124 0.409735 -0.7892345
vn 0.4574124 0.409735 -0.7892345
vn -0.315723479 0.9174089 0.242238671
vn -0.315723479 0.9174089 0.242238671
vn -0.315723479 0.9174089 0.242238671
vn -0.24122633 0.9537442 0.179393321
vn -0.24122633 0.9537442 0.179393321
vn -0.24122633 0.9537442 0.179393321
vn -0.4814932 0.875008941 -0.0502363332
vn -0.4814932 0.875008941 -0.0502363332
vn -0.4814932 0.875008941 -0.0502363332
vn 0.315724 0.9174087 0.2422389
vn 0.315724 0.9174087 0.2422389
vn 0.315724 0.9174087 0.2422389
vn 0.2412267 0.953744054 0.179393247
vn 0.2412267 0.953744054 0.179393247
vn 0.2412267 0.953744054 0.179393247
vn 0.481492847 0.8750091 -0.05023633
vn 0.481492847 0.8750091 -0.05023633
vn 0.481492847 0.8750091 -0.05023633
vn -4.460259E-08 0.08833111 -0.9960912
vn 0.990492344 -0.13496089 0.026654331
vn -2.93127073E-07 -0.277936161 -0.960599542
vn 0.99392575 0.06024247 -0.0921000838
vn 1.83597834E-07 0.0290687848 0.9995774
vn -2.23259846E-07 -0.9998643 -0.0164761
vn -4.873512E-07 -0.319338232 0.9476408
vn 0.214018136 0.9325694 0.290707022
vn 0.214018136 0.9325694 0.290707022
vn 0.214018136 0.9325694 0.290707022
vn -0.9904924 -0.134960771 0.02665424
vn -0.9939258 0.06024183 -0.0921001658
vn -0.214017525 0.9325695 0.290707141
vn -0.214017525 0.9325695 0.290707141
vn -0.214017525 0.9325695 0.290707141
vn 0.9932973 -0.10597571 -0.0461482331
vn 1.49322636E-06 0.7863015 -0.617843
vn -2.68026781E-07 -0.04074842 -0.9991694
vn 0.9846414 -0.0106557831 0.174263775
vn 0.9999035 -0.0138923321 -1.95444059E-07
vn -6.3382015E-07 1 -1.85307641E-07
vn 9.749087E-07 -0.878752053 0.47727856
vn 3.75091133E-07 -0.0107360948 0.999942362
vn 6.814039E-07 -0.9953138 0.0966972038
vn 0.9867875 0.136692375 0.08698082
vn 6.607406E-07 -0.7738723 -0.63334167
vn 8.20024155E-08 0.7156925 0.698415458
vn -4.715759E-08 -1 -4.92481149E-07
vn 0.975638449 0.219384685 3.51947079E-07
vn 3.27291E-07 1 4.856342E-07
vn 0.9516417 0.307210147 -7.723268E-08
vn 0.9516419 0.153604612 0.2660513
vn 1 -2.740174E-07 -3.406271E-07
vn 0.9516417 -0.1536053 0.26605165
vn 0.9516417 -0.307210147 -1.895945E-07
vn 0.9516415 -0.153605551 -0.266052246
vn 0.9516418 0.153604761 -0.2660517
vn -1 8.517853E-08 2.42995156E-07
vn -1 8.116971E-07 9.199088E-07
vn -1 5.812152E-07 -3.47141871E-08
vn -1 9.319486E-07 -1.09347911E-06
vn -1 1.15240624E-07 -2.60352039E-07
vn -1 -1.0522009E-06 1.73566512E-08
vn 0.7944118 -0.266019 0.546025455
vn 0.6805071 0.309435636 -0.6641985
vn 0.689653158 0.307967663 -0.6553888
vn 0.9858368 -0.08253229 0.145993754
vn 0.6224104 -0.341799736 0.7041152
vn 0.6556424 -0.335546643 0.6764181
vn 0.7089897 0.142597735 -0.6906515
vn 0.7089897 0.142597735 -0.6906515
vn 0.7089897 0.142597735 -0.6906515
vn 0.6617161 -0.013128561 0.7496395
vn 0.6617161 -0.013128561 0.7496395
vn 0.6617161 -0.013128561 0.7496395
vn 0.993297338 -0.105975352 0.0461477377
vn 0.984641254 -0.0106564434 -0.174264282
vn -2.169664E-07 -0.0407494158 0.9991694
vn -1.19228048E-06 0.7863016 0.617842853
vn 9.903966E-07 -0.878752351 -0.477278
vn 3.68702985E-07 -0.0107364981 -0.999942362
vn 7.23778E-07 -0.9953138 -0.09669732
vn 0.9867878 0.136691123 -0.08697914
vn 6.773766E-07 -0.7738725 0.633341432
vn 5.83993547E-08 0.715693057 -0.698415
vn 0.794414937 -0.266018063 -0.546021342
vn 0.985836565 -0.08253262 -0.145995319
vn 0.6896543 0.307967782 0.6553875
vn 0.6805041 0.3094364 0.66420126
vn 0.622413635 -0.341799259 -0.7041126
vn 0.6556423 -0.335546762 -0.6764182
vn 0.7089915 0.1425974 0.6906497
vn 0.7089915 0.1425974 0.6906497
vn 0.7089915 0.1425974 0.6906497
vn 0.661716 -0.0131282546 -0.74963963
vn 0.661716 -0.0131282546 -0.74963963
vn 0.661716 -0.0131282546 -0.74963963
vn -0.9932972 -0.1059766 -0.0461478531
vn -0.984641254 -0.0106561724 0.174264163
vn -0.9999035 -0.0138933668 8.670996E-08
vn -0.986787438 0.136692539 0.0869808048
vn -0.9756384 0.2193848 3.21337325E-07
vn -0.951642036 0.307209074 -2.27631247E-07
vn -1 -4.427392E-07 -3.84950539E-07
vn -0.951642036 0.1536042 0.2660511
vn -0.951642 -0.153605223 0.266050816
vn -0.9516417 -0.307210237 -1.43178653E-07
vn -0.9516418 -0.153605312 -0.266051352
vn -0.9516418 0.153604463 -0.2660517
vn 1 6.714038E-07 -8.678405E-08
vn 1 1.20251491E-06 0
vn 1 6.263099E-07 1.64889656E-07
vn 1 1.80377157E-07 6.595591E-07
vn 1 4.158696E-07 7.810588E-08
vn 1 3.607543E-07 -3.47135654E-07
vn -0.794411063 -0.266019076 0.546026468
vn -0.985837 -0.08253176 0.145993114
vn -0.6896531 0.30796805 -0.655388653
vn -0.6805062 0.309436142 -0.6641992
vn -0.622409642 -0.341799825 0.704115868
vn -0.6556432 -0.335546434 0.6764174
vn -0.7089897 0.142597646 -0.690651536
vn -0.7089897 0.142597646 -0.690651536
vn -0.7089897 0.142597646 -0.690651536
vn -0.661716938 -0.013128466 0.7496388
vn -0.661716938 -0.013128466 0.7496388
vn -0.661716938 -0.013128466 0.7496388
vn -0.9932972 -0.105977021 0.0461465232
vn -0.9846412 -0.0106568206 -0.1742647
vn -0.9867878 0.136691228 -0.0869791061
vn -0.7944141 -0.266018182 -0.5460225
vn -0.680503249 0.309436917 0.664201856
vn -0.6896542 0.307968169 0.655387461
vn -0.985836744 -0.08253203 -0.145994633
vn -0.6224128 -0.341799349 -0.704113245
vn -0.655643165 -0.335546523 -0.67641747
vn -0.708991468 0.142597333 0.690649748
vn -0.708991468 0.142597333 0.690649748
vn -0.708991468 0.142597333 0.690649748
vn -0.6617168 -0.0131281605 -0.7496389
vn -0.6617168 -0.0131281605 -0.7496389
vn -0.6617168 -0.0131281605 -0.7496389
vn 0.110263027 0.0220611952 0.9936576
vn 0.564218938 0.8048323 -0.1841251
vn -0.831751764 0.5542596 0.03139019
vn -0.121379569 -0.03767729 -0.991890848
vn -0.585147 -0.8108702 0.009616322
vn 0.781593561 -0.611792266 -0.121744692
vn 0.110261142 -0.488826543 0.865384936
vn 0.5642188 0.7858971 0.2530274
vn -0.831751943 0.4603791 0.310225368
vn -0.1213795 0.4744997 -0.8718469
vn -0.5851483 -0.7019078 -0.406112015
vn 0.781592548 -0.463659585 -0.417292267
vn -1.41788507E-06 -0.788343132 0.6152358
vn -1.992848E-07 0.6931552 0.72078836
vn -0.9982497 0.0170657579 -0.05662426
vn 9.840817E-07 0.7763545 -0.6302965
vn 4.37470817E-07 -0.5561675 -0.831070244
vn 0.998249769 0.0170654655 -0.0566228777
vn 0.110262625 0.0220611114 -0.9936576
vn -0.8317516 0.5542598 -0.03139015
vn 0.564219356 0.804832041 0.184124753
vn -0.121379085 -0.0376770571 0.9918909
vn -0.585147 -0.81087023 -0.00961576
vn 0.7815936 -0.6117922 0.121744446
vn 0.110260352 -0.488826 -0.865385354
vn -0.831751943 0.460379243 -0.310225248
vn 0.564219058 0.785897 -0.253027081
vn -0.121379279 0.474500656 0.871846437
vn -0.585147 -0.7019078 0.4061137
vn 0.7815934 -0.463658869 0.417291522
vn -5.01941429E-07 -0.788343668 -0.61523515
vn -0.998249769 0.0170659814 0.0566233955
vn -1.39200563E-06 0.6931549 -0.7207887
vn -4.7818304E-07 0.7763548 0.6302961
vn -2.39967358E-06 -0.5561671 0.8310705
vn 0.9982497 0.0170652866 0.0566241778
vn 4.08126E-07 -0.934884131 -0.3549531
vn 0.8542432 -0.47859925 -0.203005746
vn 0.7637421 -0.5987694 -0.241191283
vn 1.89659019E-07 -0.905634 -0.424060225
vn 0.9005253 0.428595454 0.0732130259
vn 0.9354673 0.133166641 -0.327364564
vn -1.826221E-07 0.9826882 0.1852671
vn 3.32316375E-07 0.9611641 -0.275977343
vn 0.8432237 -0.3836085 -0.3765877
vn 0.8023983 -0.476305783 -0.3595688
vn 9.197935E-08 -0.802134037 -0.597144
vn 4.862685E-07 -0.710622251 -0.703573763
vn 0.8805634 0.346624 0.32320258
vn 0.8902524 0.418012768 0.18087554
vn 1.878945E-07 0.730034947 0.6834098
vn 1.12396705E-07 0.884960055 0.46566692
vn 7.651751E-07 -0.589103 -0.808057964
vn 0.818406 -0.347609878 -0.4575795
vn 0.879541755 0.239543557 0.411126673
vn -9.671061E-08 0.4523168 0.8918573
vn 0.88799566 -0.287549734 -0.3588577
vn -1.032174E-07 -0.651266754 -0.7588489
vn 0.9554919 0.06496006 0.287776619
vn -8.42266331E-07 0.216151938 0.9763597
vn -4.645187E-07 -0.8535071 -0.5210812
vn 0.91834 -0.326949716 -0.2230595
vn 0.972861 0.0179390367 0.230693966
vn 3.43066375E-07 0.0725578 0.9973642
vn 0.930112958 -0.319263369 0.181551129
vn 0.8391431 -0.519190431 0.162111625
vn 0.934708238 0.340423137 0.102140233
vn 0.695748568 0.29459542 -0.6550935
vn 0.9923244 -0.120192759 0.0290853139
vn -3.37978321E-07 0.418719739 0.9081155
vn 4.47907638E-07 0.9464256 0.322921872
vn 0.9996856 -0.0250736158 3.73310769E-08
vn 4.73113033E-07 1 4.2282835E-08
vn 0.5895535 -0.10058298 0.8014423
vn 0.6064385 0.519226134 0.6021931
vn 1.41977438E-07 0.948583543 0.31652683
vn 1.3080053E-07 -0.9465748 -0.322484255
vn -7.506859E-07 -1 4.852067E-08
vn 0.179301545 0.2283597 0.9569236
vn 0.179301545 0.2283597 0.9569236
vn 0.179301545 0.2283597 0.9569236
vn -0.417529941 0.428228 0.8014297
vn -0.417529941 0.428228 0.8014297
vn -0.417529941 0.428228 0.8014297
vn -0.763741434 -0.5987701 -0.241191536
vn -0.8542424 -0.4786006 -0.203005984
vn -0.935467362 0.13316597 -0.327364743
vn -0.900525749 0.42859444 0.07321285
vn -0.8432236 -0.3836089 -0.3765876
vn -0.802398 -0.4763064 -0.359568655
vn -0.8902526 0.418012321 0.180875719
vn -0.8805633 0.346623957 0.3232029
vn -0.818405151 -0.347610533 -0.457580537
vn -0.8795421 0.23954311 0.411126226
vn -0.887995541 -0.287550181 -0.358857721
vn -0.955492 0.06495973 0.287776262
vn -0.91834 -0.3269499 -0.223059088
vn -0.972860932 0.01793846 0.230694324
vn -0.930112958 -0.319263458 0.1815508
vn -0.839143 -0.5191906 0.1621117
vn -0.934708238 0.340423077 0.102140479
vn -0.6957482 0.294595063 -0.655094
vn -0.9923244 -0.120192677 0.0290855113
vn -0.999685645 -0.02507264 1.04437214E-08
vn -0.589553237 -0.100583047 0.801442444
vn -0.6064382 0.5192261 0.6021935
vn 0.417530149 0.4282279 0.8014296
vn 0.417530149 0.4282279 0.8014296
vn 0.417530149 0.4282279 0.8014296
vn -0.179301992 0.22835952 0.9569236
vn -0.179301992 0.22835952 0.9569236
vn -0.179301992 0.22835952 0.9569236
vn -0.179747432 0.928696632 -0.324366122
vn -0.179747432 0.928696632 -0.324366122
vn -0.179747432 0.928696632 -0.324366122
vn -0.0628700256 0.974863231 -0.2137499
vn -0.0628700256 0.974863231 -0.2137499
vn -0.0628700256 0.974863231 -0.2137499
vn -0.377707273 0.9207163 0.0980754346
vn -0.377707273 0.9207163 0.0980754346
vn -0.377707273 0.9207163 0.0980754346
vn 0.179748 0.9286965 -0.324366242
vn 0.179748 0.9286965 -0.324366242
vn 0.179748 0.9286965 -0.324366242
vn 0.06287072 0.9748632 -0.2137499
vn 0.06287072 0.9748632 -0.2137499
vn 0.06287072 0.9748632 -0.2137499
vn 0.3777072 0.9207163 0.09807542
vn 0.3777072 0.9207163 0.09807542
vn 0.3777072 0.9207163 0.09807542
vn 7.840065E-07 -0.9348842 0.354952931
vn 1.92033156E-07 -0.905634344 0.424059451
vn 0.7637426 -0.598769069 0.241190523
vn 0.85424304 -0.4785995 0.20300597
vn 0.9354673 0.133166209 0.3273648
vn 0.9005253 0.428595483 -0.0732129961
vn 3.471372E-07 0.961164236 0.2759771
vn -2.119544E-07 0.982688248 -0.185267
vn 0.843223751 -0.38360858 0.3765875
vn 4.51708644E-07 -0.7106224 0.703573644
vn 5.39349969E-08 -0.802134335 0.59714365
vn 0.8023986 -0.476305634 0.359568328
vn 0.8902524 0.418012828 -0.1808755
vn 0.880563438 0.346624017 -0.3232025
vn 8.471034E-08 0.8849602 -0.465666741
vn 1.558778E-07 0.7300351 -0.6834096
vn 0.8184061 -0.347609937 0.457579225
vn 4.62106357E-07 -0.5891033 0.8080577
vn 0.879541636 0.239543721 -0.4111269
vn -1.34114643E-07 0.452316642 -0.891857445
vn 0.8879954 -0.287550032 0.3588581
vn -1.35849476E-07 -0.651266456 0.7588491
vn 0.955491841 0.06496032 -0.2877769
vn -1.05406616E-06 0.216152534 -0.9763596
vn 0.9183399 -0.326949835 0.223059788
vn -4.861655E-07 -0.853506744 0.5210818
vn 0.972861 0.0179393 -0.2306939
vn 3.28908783E-07 0.07255924 -0.9973641
vn 0.930112839 -0.319262773 -0.181552649
vn 0.8391432 -0.5191901 -0.162112221
vn 0.9347083 0.340423077 -0.102139555
vn 0.695748568 0.294595361 0.6550935
vn 0.9923245 -0.120192587 -0.0290851127
vn 2.03022211E-07 0.946425259 -0.322923
vn -3.95442555E-07 0.418719471 -0.9081156
vn 0.5895528 -0.100582451 -0.801442862
vn 0.606438935 0.5192263 -0.6021925
vn 1.79945118E-07 0.9485836 -0.316526622
vn 4.600544E-08 -0.946575 0.3224838
vn -0.417531878 0.428228 -0.8014287
vn -0.417531878 0.428228 -0.8014287
vn -0.417531878 0.428228 -0.8014287
vn 0.179300576 0.228359655 -0.9569238
vn 0.179300576 0.228359655 -0.9569238
vn 0.179300576 0.228359655 -0.9569238
vn -0.85424155 -0.4786018 0.203006521
vn -0.76374197 -0.5987696 0.241191164
vn -0.900526047 0.428593963 -0.07321267
vn -0.9354672 0.133165345 0.327365369
vn -0.843223631 -0.383608878 0.376587421
vn -0.802398443 -0.47630617 0.35956803
vn -0.8805633 0.346624017 -0.323202848
vn -0.89025265 0.418012261 -0.1808757
vn -0.8184055 -0.347610474 0.45757997
vn -0.879542 0.2395432 -0.411126465
vn -0.8879953 -0.28755042 0.358858079
vn -0.95549196 0.06496 -0.2877765
vn -0.9183399 -0.326950073 0.223059416
vn -0.972860932 0.017938707 -0.230694249
vn -0.9301129 -0.319263071 -0.181551829
vn -0.8391429 -0.5191905 -0.162112147
vn -0.934708357 0.340422928 -0.102139637
vn -0.69574827 0.294595 0.655093968
vn -0.9923245 -0.1201924 -0.02908535
vn -0.5895528 -0.100582793 -0.8014428
vn -0.606438637 0.5192263 -0.6021928
vn -0.17930086 0.228359655 -0.9569238
vn -0.17930086 0.228359655 -0.9569238
vn -0.17930086 0.228359655 -0.9569238
vn 0.417531818 0.428227961 -0.801428735
vn 0.417531818 0.428227961 -0.801428735
vn 0.417531818 0.428227961 -0.801428735
vn -0.179748446 0.928696334 0.3243665
vn -0.179748446 0.928696334 0.3243665
vn -0.179748446 0.928696334 0.3243665
vn -0.06287031 0.974863231 0.213749826
vn -0.06287031 0.974863231 0.213749826
vn -0.06287031 0.974863231 0.213749826
vn -0.377707034 0.920716345 -0.09807522
vn -0.377707034 0.920716345 -0.09807522
vn -0.377707034 0.920716345 -0.09807522
vn 0.179749012 0.928696156 0.324366629
vn 0.179749012 0.928696156 0.324366629
vn 0.179749012 0.928696156 0.324366629
vn 0.062871 0.9748632 0.213749826
vn 0.062871 0.9748632 0.213749826
vn 0.062871 0.9748632 0.213749826
vn 0.377706975 0.9207164 -0.0980752
vn 0.377706975 0.9207164 -0.0980752
vn 0.377706975 0.9207164 -0.0980752
vn -4.289463E-08 0.117387459 -0.9930862
vn 0.9867374 -0.160913974 0.0213548485
vn -2.692139E-07 -0.2887415 -0.9574071
vn 0.996264935 0.0736787 -0.0450285822
vn 1.97990971E-07 0.02207695 0.9997563
vn -1.546502E-07 -0.999829233 -0.0184811484
vn -4.30447471E-07 -0.337550431 0.9413074
vn 0.173709527 0.9491516 0.262557179
vn 0.173709527 0.9491516 0.262557179
vn 0.173709527 0.9491516 0.262557179
vn -0.98673743 -0.160913825 0.021354815
vn -0.996265 0.07367811 -0.04502856
vn -0.173709214 0.949151635 0.262557268
vn -0.173709214 0.949151635 0.262557268
vn -0.173709214 0.949151635 0.262557268
vn 0.9889017 -0.1447906 -0.03330472
vn 1.968541E-06 0.792263 -0.6101798
vn -5.76014E-07 -0.0424275547 -0.999099553
vn 0.9707586 -0.03489312 0.2375083
vn 0.9999892 -0.00464365352 -2.61719833E-07
vn -1.95850021E-07 1 -2.10905711E-07
vn 7.4817666E-07 -0.869298637 0.4942872
vn 2.715506E-07 -0.0159364678 0.999873
vn 6.85724729E-07 -0.9944381 0.105322644
vn 0.991647661 0.09702923 0.0849717
vn 4.60264857E-07 -0.777578235 -0.6287862
vn 1.62857575E-07 0.7194158 0.694579661
vn -9.500312E-08 -1 -1.03129032E-07
vn 0.9620986 0.2727018 3.02340169E-07
vn 3.051652E-07 1 4.622383E-07
vn 0.8876477 0.4605232 -2.84692074E-08
vn 0.95239985 0.152425542 0.264009416
vn 1 -3.166888E-07 -3.45145E-07
vn 0.8876476 -0.230261967 0.3988246
vn 0.9523996 -0.304852337 -3.18348242E-07
vn 0.887647331 -0.230261952 -0.398825347
vn 0.952399731 0.152425945 -0.2640097
vn -0.9914971 -0.06506407 0.112694934
vn -0.8608759 0.2544079 0.44064647
vn -0.99149704 0.130129218 -1.743544E-07
vn -0.8608754 0.254408032 -0.440647334
vn -0.9914971 -0.0650643259 -0.112694874
vn -0.8608754 -0.5088158 -1.39006424E-08
vn 0.936242461 -0.159662962 0.312982082
vn 0.801981449 0.249842227 -0.5425906
vn 0.8142841 0.248950735 -0.524371
vn 0.990451634 -0.06560568 0.121249706
vn 0.759164155 -0.2886255 0.583408237
vn 0.7625947 -0.2880608 0.579197943
vn 0.825409055 0.128042012 -0.5498228
vn 0.825409055 0.128042012 -0.5498228
vn 0.825409055 0.128042012 -0.5498228
vn 0.758348167 0.017271582 0.651620865
vn 0.758348167 0.017271582 0.651620865
vn 0.758348167 0.017271582 0.651620865
vn 0.988901734 -0.144790247 0.0333046839
vn 0.970758438 -0.0348934755 -0.237508982
vn -3.2495285E-07 -0.0424287431 0.9990995
vn -1.49610787E-06 0.79226315 0.6101796
vn 8.65085951E-07 -0.869298935 -0.494286716
vn 3.503736E-07 -0.0159367938 -0.999873
vn 7.13220743E-07 -0.9944381 -0.1053228
vn 0.991647959 0.09702782 -0.08497023
vn 1.31407046E-06 -0.7775785 0.628785849
vn -1.90060945E-07 0.7194163 -0.6945791
vn 0.936243355 -0.159662545 -0.3129796
vn 0.990451455 -0.06560588 -0.121250905
vn 0.814284563 0.248950839 0.5243702
vn 0.8019801 0.24984245 0.5425926
vn 0.7591654 -0.28862536 -0.5834066
vn 0.7625946 -0.288060874 -0.579198062
vn 0.82541 0.128041625 0.549821436
vn 0.82541 0.128041625 0.549821436
vn 0.82541 0.128041625 0.549821436
vn 0.7583479 0.017271908 -0.6516211
vn 0.7583479 0.017271908 -0.6516211
vn 0.7583479 0.017271908 -0.6516211
vn -0.988901556 -0.144791529 -0.0333044045
vn -0.9707585 -0.0348934978 0.2375086
vn -0.9999892 -0.00464438368 1.32256645E-07
vn -0.9916476 0.09702986 0.08497221
vn -0.962098539 0.272701979 3.8874407E-07
vn -0.887648 0.460522532 -1.12458189E-07
vn -1 -3.5320312E-07 -4.018769E-07
vn -0.952399969 0.1524252 0.2640092
vn -0.887648 -0.230261877 0.3988239
vn -0.9523997 -0.304852277 -2.9614597E-07
vn -0.8876477 -0.230261743 -0.398824662
vn -0.9523998 0.152425736 -0.264009625
vn 0.991497159 -0.06506367 0.112694718
vn 0.8608761 -0.508814633 -4.12112966E-09
vn 0.991497159 -0.065064 -0.112694636
vn 0.860875845 0.254407734 -0.4406467
vn 0.99149704 0.130129069 -1.51879988E-07
vn 0.860876143 0.254407823 0.440646
vn -0.936242163 -0.159662917 0.312982947
vn -0.990451634 -0.06560542 0.121249653
vn -0.8142842 0.248951063 -0.5243706
vn -0.8019813 0.249842539 -0.5425908
vn -0.7591635 -0.288625628 0.583408952
vn -0.7625951 -0.288060755 0.5791974
vn -0.8254093 0.12804167 -0.549822569
vn -0.8254093 0.12804167 -0.549822569
vn -0.8254093 0.12804167 -0.549822569
vn -0.7583485 0.0172718167 0.651620448
vn -0.7583485 0.0172718167 0.651620448
vn -0.7583485 0.0172718167 0.651620448
vn -0.9889015 -0.144791812 0.03330353
vn -0.970758259 -0.034893956 -0.2375095
vn -0.991648 0.09702739 -0.08496969
vn -0.936243057 -0.15966244 -0.312980562
vn -0.80197984 0.249842808 0.542592764
vn -0.8142844 0.248951152 0.5243703
vn -0.9904516 -0.06560546 -0.121250287
vn -0.7591648 -0.28862536 -0.5834074
vn -0.7625952 -0.288060665 -0.5791974
vn -0.8254098 0.128041551 0.549821734
vn -0.8254098 0.128041551 0.549821734
vn -0.8254098 0.128041551 0.549821734
vn -0.7583486 0.0172720477 -0.6516204
vn -0.7583486 0.0172720477 -0.6516204
vn -0.7583486 0.0172720477 -0.6516204
vn 0.111798927 0.0242193826 0.9934357
vn 0.5635706 0.804424763 -0.18785353
vn -0.831123948 0.5559399 0.012798422
vn -0.120020159 -0.03576555 -0.992127
vn -0.5855631 -0.81062 0.00332821347
vn 0.780682862 -0.6089999 -0.1401905
vn 0.111799039 -0.486858517 0.8662966
vn 0.5635705 0.787452161 0.249614447
vn -0.831124 0.471324623 0.295103252
vn -0.120020308 0.476263881 -0.8710728
vn -0.5855641 -0.698479533 -0.4113892
vn 0.7806821 -0.451832831 -0.431720525
vn 1.38663822E-07 -0.786705136 0.617328942
vn -2.6093835E-07 0.6958936 0.7181449
vn -0.997297764 0.0335486233 -0.06535826
vn 6.70222846E-07 0.7778383 -0.62846446
vn 5.39828136E-07 -0.550915 -0.834561348
vn 0.9972978 0.0335484445 -0.06535673
vn 0.111798547 0.0242183581 -0.99343574
vn -0.831123769 0.555940151 -0.0127981929
vn 0.563571 0.8044246 0.1878531
vn -0.120020084 -0.03576531 0.992127
vn -0.585562944 -0.8106201 -0.003327732
vn 0.780683 -0.608999848 0.140190229
vn 0.111798286 -0.486858249 -0.8662968
vn -0.8311241 0.4713246 -0.2951031
vn 0.563570738 0.7874521 -0.249614075
vn -0.120019972 0.476264626 0.8710725
vn -0.585562944 -0.6984794 0.41139093
vn 0.7806828 -0.451832175 0.43171984
vn -2.4610037E-07 -0.7867057 -0.6173283
vn -0.997297764 0.0335490741 0.06535735
vn -9.49165667E-07 0.6958932 -0.718145251
vn -4.41523866E-08 0.777838469 0.6284642
vn -1.96768133E-06 -0.550914645 0.8345616
vn 0.997297764 0.0335483178 0.06535804
usemtl 01030019_part_0_material_0
f 1/1/1 2/2/2 3/3/3
f 3/3/3 4/4/4 1/1/1
f 2/2/2 5/5/5 6/6/6
f 6/6/6 3/3/3 2/2/2
f 5/5/5 7/7/7 8/8/8
f 8/8/8 6/6/6 5/5/5
f 9/9/9 10/10/10 11/11/11
f 11/11/11 12/12/12 9/9/9
f 9/9/9 13/13/13 14/14/14
f 14/14/14 10/10/10 9/9/9
f 13/13/13 15/15/15 16/16/16
f 16/16/16 14/14/14 13/13/13
f 1/1/1 11/11/11 10/10/10
f 10/10/10 2/2/2 1/1/1
f 2/2/2 10/10/10 14/14/14
f 14/14/14 5/5/5 2/2/2
f 14/14/14 16/16/16 7/7/7
f 7/7/7 5/5/5 14/14/14
f 12/12/12 17/17/17 18/18/18
f 18/18/18 9/9/9 12/12/12
f 9/9/9 18/18/18 19/19/19
f 19/19/19 13/13/13 9/9/9
f 19/19/19 20/20/20 15/15/15
f 15/15/15 13/13/13 19/19/19
f 21/21/21 18/18/18 17/17/17
f 17/17/17 22/22/22 21/21/21
f 23/23/23 19/19/19 18/18/18
f 18/18/18 21/21/21 23/23/23
f 24/24/24 20/20/20 19/19/19
f 19/19/19 23/23/23 24/24/24
f 22/22/22 25/25/25 26/26/26
f 26/26/26 21/21/21 22/22/22
f 21/21/21 26/26/26 27/27/27
f 27/27/27 23/23/23 21/21/21
f 23/23/23 27/27/27 28/28/28
f 28/28/28 24/24/24 23/23/23
f 29/29/29 30/30/30 4/4/4
f 4/4/4 3/3/3 29/29/29
f 29/29/29 3/3/3 6/6/6
f 6/6/6 31/31/31 29/29/29
f 32/32/32 31/31/31 6/6/6
f 6/6/6 8/8/8 32/32/32
f 33/33/33 30/30/30 34/34/34
f 34/34/34 35/35/35 33/33/33
f 36/36/36 33/33/33 35/35/35
f 35/35/35 37/37/37 36/36/36
f 38/38/38 34/34/34 30/30/30
f 30/30/30 29/29/29 38/38/38
f 31/31/31 39/39/39 38/38/38
f 38/38/38 29/29/29 31/31/31
f 40/40/40 39/39/39 31/31/31
f 31/31/31 32/32/32 40/40/40
f 41/41/41 4/4/4 30/30/30
f 30/30/30 33/33/33 41/41/41
f 42/42/42 41/41/41 33/33/33
f 33/33/33 36/36/36 42/42/42
f 43/43/43 44/44/44 45/45/45
f 46/46/46 47/47/47 48/48/48
f 1/1/1 4/4/4 49/49/49
f 49/49/49 50/50/50 1/1/1
f 50/50/50 49/49/49 51/51/51
f 51/51/51 52/52/52 50/50/50
f 52/52/52 51/51/51 8/8/8
f 8/8/8 7/7/7 52/52/52
f 53/53/53 12/12/12 11/11/11
f 11/11/11 54/54/54 53/53/53
f 53/53/53 54/54/54 55/55/55
f 55/55/55 56/56/56 53/53/53
f 56/56/56 55/55/55 16/16/16
f 16/16/16 15/15/15 56/56/56
f 1/1/1 50/50/50 54/54/54
f 54/54/54 11/11/11 1/1/1
f 50/50/50 52/52/52 55/55/55
f 55/55/55 54/54/54 50/50/50
f 55/55/55 52/52/52 7/7/7
f 7/7/7 16/16/16 55/55/55
f 12/12/12 53/53/53 57/57/57
f 57/57/57 17/17/17 12/12/12
f 53/53/53 56/56/56 58/58/58
f 58/58/58 57/57/57 53/53/53
f 58/58/58 56/56/56 15/15/15
f 15/15/15 20/20/20 58/58/58
f 59/59/59 22/22/22 17/17/17
f 17/17/17 57/57/57 59/59/59
f 60/60/60 59/59/59 57/57/57
f 57/57/57 58/58/58 60/60/60
f 24/24/24 60/60/60 58/58/58
f 58/58/58 20/20/20 24/24/24
f 22/22/22 59/59/59 61/61/61
f 61/61/61 25/25/25 22/22/22
f 59/59/59 60/60/60 62/62/62
f 62/62/62 61/61/61 59/59/59
f 60/60/60 24/24/24 28/28/28
f 28/28/28 62/62/62 60/60/60
f 63/63/63 49/49/49 4/4/4
f 4/4/4 64/64/64 63/63/63
f 63/63/63 65/65/65 51/51/51
f 51/51/51 49/49/49 63/63/63
f 66/66/66 8/8/8 51/51/51
f 51/51/51 65/65/65 66/66/66
f 67/67/67 35/35/35 34/34/34
f 34/34/34 64/64/64 67/67/67
f 68/68/68 37/37/37 35/35/35
f 35/35/35 67/67/67 68/68/68
f 69/69/69 63/63/63 64/64/64
f 64/64/64 34/34/34 69/69/69
f 65/65/65 63/63/63 69/69/69
f 69/69/69 70/70/70 65/65/65
f 40/40/40 66/66/66 65/65/65
f 65/65/65 70/70/70 40/40/40
f 41/41/41 67/67/67 64/64/64
f 64/64/64 4/4/4 41/41/41
f 42/42/42 68/68/68 67/67/67
f 67/67/67 41/41/41 42/42/42
f 71/71/71 72/72/72 73/73/73
f 74/74/74 75/75/75 76/76/76
f 77/77/77 78/78/78 79/79/79
f 80/80/80 81/81/81 82/82/82
f 83/83/83 84/84/84 85/85/85
f 86/86/86 87/87/87 88/88/88
f 89/89/89 90/90/90 91/91/91
f 92/92/92 93/93/93 94/94/94
f 95/95/95 96/96/96 97/97/97
f 97/97/97 98/98/98 95/95/95
f 98/98/98 97/97/97 99/99/99
f 99/99/99 100/100/100 98/98/98
f 100/100/100 99/99/99 101/101/101
f 101/101/101 102/102/102 100/100/100
f 103/103/103 104/104/104 105/105/105
f 105/105/105 106/106/106 103/103/103
f 103/103/103 106/106/106 107/107/107
f 107/107/107 108/108/108 103/103/103
f 108/108/108 107/107/107 109/109/109
f 109/109/109 110/110/110 108/108/108
f 95/95/95 98/98/98 106/106/106
f 106/106/106 105/105/105 95/95/95
f 98/98/98 100/100/100 107/107/107
f 107/107/107 106/106/106 98/98/98
f 107/107/107 100/100/100 102/102/102
f 102/102/102 109/109/109 107/107/107
f 104/104/104 103/103/103 111/111/111
f 111/111/111 112/112/112 104/104/104
f 103/103/103 108/108/108 113/113/113
f 113/113/113 111/111/111 103/103/103
f 113/113/113 108/108/108 110/110/110
f 110/110/110 114/114/114 113/113/113
f 115/115/115 116/116/116 112/112/112
f 112/112/112 111/111/111 115/115/115
f 117/117/117 115/115/115 111/111/111
f 111/111/111 113/113/113 117/117/117
f 118/118/118 117/117/117 113/113/113
f 113/113/113 114/114/114 118/118/118
f 116/116/116 115/115/115 119/119/119
f 119/119/119 120/120/120 116/116/116
f 115/115/115 117/117/117 121/121/121
f 121/121/121 119/119/119 115/115/115
f 117/117/117 118/118/118 122/122/122
f 122/122/122 121/121/121 117/117/117
f 123/123/123 97/97/97 96/96/96
f 96/96/96 124/124/124 123/123/123
f 123/123/123 125/125/125 99/99/99
f 99/99/99 97/97/97 123/123/123
f 126/126/126 101/101/101 99/99/99
f 99/99/99 125/125/125 126/126/126
f 127/127/127 128/128/128 129/129/129
f 129/129/129 124/124/124 127/127/127
f 36/36/36 37/37/37 128/128/128
f 128/128/128 127/127/127 36/36/36
f 130/130/130 123/123/123 124/124/124
f 124/124/124 129/129/129 130/130/130
f 125/125/125 123/123/123 130/130/130
f 130/130/130 131/131/131 125/125/125
f 132/132/132 126/126/126 125/125/125
f 125/125/125 131/131/131 132/132/132
f 133/133/133 127/127/127 124/124/124
f 124/124/124 96/96/96 133/133/133
f 42/42/42 36/36/36 127/127/127
f 127/127/127 133/133/133 42/42/42
f 134/134/134 135/135/135 136/136/136
f 137/137/137 138/138/138 139/139/139
f 95/95/95 140/140/140 141/141/141
f 141/141/141 96/96/96 95/95/95
f 140/140/140 142/142/142 143/143/143
f 143/143/143 141/141/141 140/140/140
f 142/142/142 102/102/102 101/101/101
f 101/101/101 143/143/143 142/142/142
f 144/144/144 145/145/145 105/105/105
f 105/105/105 104/104/104 144/144/144
f 144/144/144 146/146/146 147/147/147
f 147/147/147 145/145/145 144/144/144
f 146/146/146 110/110/110 109/109/109
f 109/109/109 147/147/147 146/146/146
f 95/95/95 105/105/105 145/145/145
f 145/145/145 140/140/140 95/95/95
f 140/140/140 145/145/145 147/147/147
f 147/147/147 142/142/142 140/140/140
f 147/147/147 109/109/109 102/102/102
f 102/102/102 142/142/142 147/147/147
f 104/104/104 112/112/112 148/148/148
f 148/148/148 144/144/144 104/104/104
f 144/144/144 148/148/148 149/149/149
f 149/149/149 146/146/146 144/144/144
f 149/149/149 114/114/114 110/110/110
f 110/110/110 146/146/146 149/149/149
f 150/150/150 148/148/148 112/112/112
f 112/112/112 116/116/116 150/150/150
f 151/151/151 149/149/149 148/148/148
f 148/148/148 150/150/150 151/151/151
f 118/118/118 114/114/114 149/149/149
f 149/149/149 151/151/151 118/118/118
f 116/116/116 120/120/120 152/152/152
f 152/152/152 150/150/150 116/116/116
f 150/150/150 152/152/152 153/153/153
f 153/153/153 151/151/151 150/150/150
f 151/151/151 153/153/153 122/122/122
f 122/122/122 118/118/118 151/151/151
f 154/154/154 155/155/155 96/96/96
f 96/96/96 141/141/141 154/154/154
f 154/154/154 141/141/141 143/143/143
f 143/143/143 156/156/156 154/154/154
f 157/157/157 156/156/156 143/143/143
f 143/143/143 101/101/101 157/157/157
f 158/158/158 155/155/155 129/129/129
f 129/129/129 128/128/128 158/158/158
f 68/68/68 158/158/158 128/128/128
f 128/128/128 37/37/37 68/68/68
f 159/159/159 129/129/129 155/155/155
f 155/155/155 154/154/154 159/159/159
f 156/156/156 160/160/160 159/159/159
f 159/159/159 154/154/154 156/156/156
f 132/132/132 160/160/160 156/156/156
f 156/156/156 157/157/157 132/132/132
f 133/133/133 96/96/96 155/155/155
f 155/155/155 158/158/158 133/133/133
f 42/42/42 133/133/133 158/158/158
f 158/158/158 68/68/68 42/42/42
f 161/161/161 162/162/162 163/163/163
f 164/164/164 165/165/165 166/166/166
f 167/167/167 168/168/168 169/169/169
f 170/170/170 171/171/171 172/172/172
f 173/173/173 174/174/174 175/175/175
f 176/176/176 177/177/177 178/178/178
f 179/179/179 180/180/180 181/181/181
f 182/182/182 183/183/183 184/184/184
f 185/185/185 186/186/186 187/187/187
f 188/188/188 189/189/189 186/186/186
f 186/186/186 190/190/190 187/187/187
f 191/191/191 190/190/190 186/186/186
f 185/185/185 188/188/188 186/186/186
f 189/189/189 191/191/191 186/186/186
f 192/192/192 193/193/193 194/194/194
f 185/185/185 187/187/187 195/195/195
f 196/196/196 195/195/195 189/189/189
f 195/195/195 187/187/187 190/190/190
f 191/191/191 195/195/195 190/190/190
f 185/185/185 195/195/195 196/196/196
f 189/189/189 195/195/195 191/191/191
f 197/197/197 198/198/198 199/199/199
f 200/200/200 201/201/201 202/202/202
f 202/202/202 203/203/203 200/200/200
f 204/204/204 205/205/205 201/201/201
f 201/201/201 200/200/200 204/204/204
f 206/206/206 200/200/200 203/203/203
f 203/203/203 207/207/207 206/206/206
f 208/208/208 204/204/204 200/200/200
f 200/200/200 206/206/206 208/208/208
f 209/209/209 203/203/203 202/202/202
f 202/202/202 210/210/210 209/209/209
f 211/211/211 207/207/207 203/203/203
f 203/203/203 209/209/209 211/211/211
f 209/209/209 210/210/210 212/212/212
f 212/212/212 213/213/213 209/209/209
f 211/211/211 209/209/209 213/213/213
f 213/213/213 214/214/214 211/211/211
f 215/215/215 216/216/216 217/217/217
f 216/216/216 218/218/218 217/217/217
f 218/218/218 219/219/219 217/217/217
f 219/219/219 220/220/220 217/217/217
f 220/220/220 221/221/221 217/217/217
f 221/221/221 215/215/215 217/217/217
f 222/222/222 223/223/223 224/224/224
f 224/224/224 225/225/225 226/226/226
f 222/222/222 224/224/224 226/226/226
f 222/222/222 226/226/226 227/227/227
f 228/228/228 229/229/229 230/230/230
f 230/230/230 231/231/231 228/228/228
f 232/232/232 228/228/228 231/231/231
f 231/231/231 233/233/233 232/232/232
f 234/234/234 235/235/235 236/236/236
f 237/237/237 238/238/238 239/239/239
f 240/240/240 241/241/241 242/242/242
f 242/242/242 243/243/243 240/240/240
f 204/204/204 240/240/240 243/243/243
f 243/243/243 205/205/205 204/204/204
f 244/244/244 245/245/245 241/241/241
f 241/241/241 240/240/240 244/244/244
f 246/246/246 244/244/244 240/240/240
f 240/240/240 204/204/204 246/246/246
f 247/247/247 248/248/248 242/242/242
f 242/242/242 241/241/241 247/247/247
f 249/249/249 247/247/247 241/241/241
f 241/241/241 245/245/245 249/249/249
f 247/247/247 213/213/213 212/212/212
f 212/212/212 248/248/248 247/247/247
f 249/249/249 214/214/214 213/213/213
f 213/213/213 247/247/247 249/249/249
f 250/250/250 251/251/251 252/252/252
f 252/252/252 253/253/253 250/250/250
f 254/254/254 255/255/255 251/251/251
f 251/251/251 250/250/250 254/254/254
f 256/256/256 257/257/257 258/258/258
f 259/259/259 260/260/260 261/261/261
f 262/262/262 263/263/263 202/202/202
f 202/202/202 201/201/201 262/262/262
f 264/264/264 262/262/262 201/201/201
f 201/201/201 205/205/205 264/264/264
f 206/206/206 207/207/207 263/263/263
f 263/263/263 262/262/262 206/206/206
f 208/208/208 206/206/206 262/262/262
f 262/262/262 264/264/264 208/208/208
f 265/265/265 210/210/210 202/202/202
f 202/202/202 263/263/263 265/265/265
f 211/211/211 265/265/265 263/263/263
f 263/263/263 207/207/207 211/211/211
f 265/265/265 266/266/266 212/212/212
f 212/212/212 210/210/210 265/265/265
f 211/211/211 214/214/214 266/266/266
f 266/266/266 265/265/265 211/211/211
f 267/267/267 268/268/268 269/269/269
f 269/269/269 268/268/268 270/270/270
f 270/270/270 268/268/268 271/271/271
f 271/271/271 268/268/268 272/272/272
f 272/272/272 268/268/268 273/273/273
f 273/273/273 268/268/268 267/267/267
f 274/274/274 275/275/275 276/276/276
f 276/276/276 277/277/277 278/278/278
f 274/274/274 276/276/276 278/278/278
f 274/274/274 278/278/278 279/279/279
f 280/280/280 281/281/281 282/282/282
f 282/282/282 283/283/283 280/280/280
f 284/284/284 285/285/285 281/281/281
f 281/281/281 280/280/280 284/284/284
f 286/286/286 287/287/287 288/288/288
f 289/289/289 290/290/290 291/291/291
f 292/292/292 243/243/243 242/242/242
f 242/242/242 293/293/293 292/292/292
f 264/264/264 205/205/205 243/243/243
f 243/243/243 292/292/292 264/264/264
f 244/244/244 292/292/292 293/293/293
f 293/293/293 245/245/245 244/244/244
f 246/246/246 264/264/264 292/292/292
f 292/292/292 244/244/244 246/246/246
f 294/294/294 293/293/293 242/242/242
f 242/242/242 248/248/248 294/294/294
f 249/249/249 245/245/245 293/293/293
f 293/293/293 294/294/294 249/249/249
f 294/294/294 248/248/248 212/212/212
f 212/212/212 266/266/266 294/294/294
f 249/249/249 294/294/294 266/266/266
f 266/266/266 214/214/214 249/249/249
f 295/295/295 296/296/296 297/297/297
f 297/297/297 298/298/298 295/295/295
f 299/299/299 295/295/295 298/298/298
f 298/298/298 300/300/300 299/299/299
f 301/301/301 302/302/302 303/303/303
f 304/304/304 305/305/305 306/306/306
f 307/307/307 308/308/308 309/309/309
f 309/309/309 308/308/308 310/310/310
f 311/311/311 309/309/309 310/310/310
f 307/307/307 309/309/309 311/311/311
f 307/307/307 312/312/312 308/308/308
f 312/312/312 310/310/310 308/308/308
f 311/311/311 310/310/310 312/312/312
f 307/307/307 311/311/311 312/312/312
f 313/313/313 314/314/314 315/315/315
f 315/315/315 314/314/314 316/316/316
f 317/317/317 315/315/315 316/316/316
f 313/313/313 315/315/315 317/317/317
f 313/313/313 318/318/318 314/314/314
f 318/318/318 316/316/316 314/314/314
f 317/317/317 316/316/316 318/318/318
f 313/313/313 317/317/317 318/318/318
f 319/319/319 320/320/320 321/321/321
f 321/321/321 320/320/320 322/322/322
f 323/323/323 321/321/321 322/322/322
f 319/319/319 321/321/321 323/323/323
f 319/319/319 324/324/324 320/320/320
f 324/324/324 322/322/322 320/320/320
f 323/323/323 322/322/322 324/324/324
f 319/319/319 323/323/323 324/324/324
f 325/325/325 326/326/326 327/327/327
f 326/326/326 328/328/328 327/327/327
f 329/329/329 328/328/328 326/326/326
f 325/325/325 329/329/329 326/326/326
f 325/325/325 327/327/327 330/330/330
f 330/330/330 327/327/327 328/328/328
f 329/329/329 330/330/330 328/328/328
f 325/325/325 330/330/330 329/329/329
f 331/331/331 332/332/332 333/333/333
f 332/332/332 334/334/334 333/333/333
f 335/335/335 334/334/334 332/332/332
f 331/331/331 335/335/335 332/332/332
f 331/331/331 333/333/333 336/336/336
f 336/336/336 333/333/333 334/334/334
f 335/335/335 336/336/336 334/334/334
f 331/331/331 336/336/336 335/335/335
f 337/337/337 338/338/338 339/339/339
f 338/338/338 340/340/340 339/339/339
f 341/341/341 340/340/340 338/338/338
f 337/337/337 341/341/341 338/338/338
f 337/337/337 339/339/339 342/342/342
f 342/342/342 339/339/339 340/340/340
f 341/341/341 342/342/342 340/340/340
f 337/337/337 342/342/342 341/341/341
usemtl 01030019_part_0_material_1
f 343/343/343 344/344/344 345/345/345
f 345/345/345 346/346/346 343/343/343
f 344/344/344 347/347/347 348/348/348
f 348/348/348 345/345/345 344/344/344
f 347/347/347 349/349/349 350/350/350
f 350/350/350 348/348/348 347/347/347
f 351/351/351 352/352/352 353/353/353
f 353/353/353 354/354/354 351/351/351
f 351/351/351 355/355/355 356/356/356
f 356/356/356 352/352/352 351/351/351
f 355/355/355 357/357/357 358/358/358
f 358/358/358 356/356/356 355/355/355
f 343/343/343 353/353/353 352/352/352
f 352/352/352 344/344/344 343/343/343
f 344/344/344 352/352/352 356/356/356
f 356/356/356 347/347/347 344/344/344
f 356/356/356 358/358/358 349/349/349
f 349/349/349 347/347/347 356/356/356
f 354/354/354 359/359/359 360/360/360
f 360/360/360 351/351/351 354/354/354
f 351/351/351 360/360/360 361/361/361
f 361/361/361 355/355/355 351/351/351
f 361/361/361 362/362/362 357/357/357
f 357/357/357 355/355/355 361/361/361
f 363/363/363 360/360/360 359/359/359
f 359/359/359 364/364/364 363/363/363
f 365/365/365 361/361/361 360/360/360
f 360/360/360 363/363/363 365/365/365
f 366/366/366 362/362/362 361/361/361
f 361/361/361 365/365/365 366/366/366
f 364/364/364 367/367/367 368/368/368
f 368/368/368 363/363/363 364/364/364
f 363/363/363 368/368/368 369/369/369
f 369/369/369 365/365/365 363/363/363
f 365/365/365 369/369/369 370/370/370
f 370/370/370 366/366/366 365/365/365
f 371/371/371 372/372/372 346/346/346
f 346/346/346 345/345/345 371/371/371
f 371/371/371 345/345/345 348/348/348
f 348/348/348 373/373/373 371/371/371
f 374/374/374 373/373/373 348/348/348
f 348/348/348 350/350/350 374/374/374
f 375/375/375 372/372/372 376/376/376
f 376/376/376 377/377/377 375/375/375
f 378/378/378 375/375/375 377/377/377
f 377/377/377 379/379/379 378/378/378
f 380/380/380 376/376/376 372/372/372
f 372/372/372 371/371/371 380/380/380
f 373/373/373 381/381/381 380/380/380
f 380/380/380 371/371/371 373/373/373
f 382/382/382 381/381/381 373/373/373
f 373/373/373 374/374/374 382/382/382
f 383/383/383 346/346/346 372/372/372
f 372/372/372 375/375/375 383/383/383
f 384/384/384 383/383/383 375/375/375
f 375/375/375 378/378/378 384/384/384
f 385/385/385 386/386/386 387/387/387
f 388/388/388 389/389/389 390/390/390
f 343/343/343 346/346/346 391/391/391
f 391/391/391 392/392/392 343/343/343
f 392/392/392 391/391/391 393/393/393
f 393/393/393 394/394/394 392/392/392
f 394/394/394 393/393/393 350/350/350
f 350/350/350 349/349/349 394/394/394
f 395/395/395 354/354/354 353/353/353
f 353/353/353 396/396/396 395/395/395
f 395/395/395 396/396/396 397/397/397
f 397/397/397 398/398/398 395/395/395
f 398/398/398 397/397/397 358/358/358
f 358/358/358 357/357/357 398/398/398
f 343/343/343 392/392/392 396/396/396
f 396/396/396 353/353/353 343/343/343
f 392/392/392 394/394/394 397/397/397
f 397/397/397 396/396/396 392/392/392
f 397/397/397 394/394/394 349/349/349
f 349/349/349 358/358/358 397/397/397
f 354/354/354 395/395/395 399/399/399
f 399/399/399 359/359/359 354/354/354
f 395/395/395 398/398/398 400/400/400
f 400/400/400 399/399/399 395/395/395
f 400/400/400 398/398/398 357/357/357
f 357/357/357 362/362/362 400/400/400
f 401/401/401 364/364/364 359/359/359
f 359/359/359 399/399/399 401/401/401
f 402/402/402 401/401/401 399/399/399
f 399/399/399 400/400/400 402/402/402
f 366/366/366 402/402/402 400/400/400
f 400/400/400 362/362/362 366/366/366
f 364/364/364 401/401/401 403/403/403
f 403/403/403 367/367/367 364/364/364
f 401/401/401 402/402/402 404/404/404
f 404/404/404 403/403/403 401/401/401
f 402/402/402 366/366/366 370/370/370
f 370/370/370 404/404/404 402/402/402
f 405/405/405 391/391/391 346/346/346
f 346/346/346 406/406/406 405/405/405
f 405/405/405 407/407/407 393/393/393
f 393/393/393 391/391/391 405/405/405
f 408/408/408 350/350/350 393/393/393
f 393/393/393 407/407/407 408/408/408
f 409/409/409 377/377/377 376/376/376
f 376/376/376 406/406/406 409/409/409
f 410/410/410 379/379/379 377/377/377
f 377/377/377 409/409/409 410/410/410
f 411/411/411 405/405/405 406/406/406
f 406/406/406 376/376/376 411/411/411
f 407/407/407 405/405/405 411/411/411
f 411/411/411 412/412/412 407/407/407
f 382/382/382 408/408/408 407/407/407
f 407/407/407 412/412/412 382/382/382
f 383/383/383 409/409/409 406/406/406
f 406/406/406 346/346/346 383/383/383
f 384/384/384 410/410/410 409/409/409
f 409/409/409 383/383/383 384/384/384
f 413/413/413 414/414/414 415/415/415
f 416/416/416 417/417/417 418/418/418
f 419/419/419 420/420/420 421/421/421
f 422/422/422 423/423/423 424/424/424
f 425/425/425 426/426/426 427/427/427
f 428/428/428 429/429/429 430/430/430
f 431/431/431 432/432/432 433/433/433
f 434/434/434 435/435/435 436/436/436
f 437/437/437 438/438/438 439/439/439
f 439/439/439 440/440/440 437/437/437
f 440/440/440 439/439/439 441/441/441
f 441/441/441 442/442/442 440/440/440
f 442/442/442 441/441/441 443/443/443
f 443/443/443 444/444/444 442/442/442
f 445/445/445 446/446/446 447/447/447
f 447/447/447 448/448/448 445/445/445
f 445/445/445 448/448/448 449/449/449
f 449/449/449 450/450/450 445/445/445
f 450/450/450 449/449/449 451/451/451
f 451/451/451 452/452/452 450/450/450
f 437/437/437 440/440/440 448/448/448
f 448/448/448 447/447/447 437/437/437
f 440/440/440 442/442/442 449/449/449
f 449/449/449 448/448/448 440/440/440
f 449/449/449 442/442/442 444/444/444
f 444/444/444 451/451/451 449/449/449
f 446/446/446 445/445/445 453/453/453
f 453/453/453 454/454/454 446/446/446
f 445/445/445 450/450/450 455/455/455
f 455/455/455 453/453/453 445/445/445
f 455/455/455 450/450/450 452/452/452
f 452/452/452 456/456/456 455/455/455
f 457/457/457 458/458/458 454/454/454
f 454/454/454 453/453/453 457/457/457
f 459/459/459 457/457/457 453/453/453
f 453/453/453 455/455/455 459/459/459
f 460/460/460 459/459/459 455/455/455
f 455/455/455 456/456/456 460/460/460
f 458/458/458 457/457/457 461/461/461
f 461/461/461 462/462/462 458/458/458
f 457/457/457 459/459/459 463/463/463
f 463/463/463 461/461/461 457/457/457
f 459/459/459 460/460/460 464/464/464
f 464/464/464 463/463/463 459/459/459
f 465/465/465 439/439/439 438/438/438
f 438/438/438 466/466/466 465/465/465
f 465/465/465 467/467/467 441/441/441
f 441/441/441 439/439/439 465/465/465
f 468/468/468 443/443/443 441/441/441
f 441/441/441 467/467/467 468/468/468
f 469/469/469 470/470/470 471/471/471
f 471/471/471 466/466/466 469/469/469
f 378/378/378 379/379/379 470/470/470
f 470/470/470 469/469/469 378/378/378
f 472/472/472 465/465/465 466/466/466
f 466/466/466 471/471/471 472/472/472
f 467/467/467 465/465/465 472/472/472
f 472/472/472 473/473/473 467/467/467
f 474/474/474 468/468/468 467/467/467
f 467/467/467 473/473/473 474/474/474
f 475/475/475 469/469/469 466/466/466
f 466/466/466 438/438/438 475/475/475
f 384/384/384 378/378/378 469/469/469
f 469/469/469 475/475/475 384/384/384
f 476/476/476 477/477/477 478/478/478
f 479/479/479 480/480/480 481/481/481
f 437/437/437 482/482/482 483/483/483
f 483/483/483 438/438/438 437/437/437
f 482/482/482 484/484/484 485/485/485
f 485/485/485 483/483/483 482/482/482
f 484/484/484 444/444/444 443/443/443
f 443/443/443 485/485/485 484/484/484
f 486/486/486 487/487/487 447/447/447
f 447/447/447 446/446/446 486/486/486
f 486/486/486 488/488/488 489/489/489
f 489/489/489 487/487/487 486/486/486
f 488/488/488 452/452/452 451/451/451
f 451/451/451 489/489/489 488/488/488
f 437/437/437 447/447/447 487/487/487
f 487/487/487 482/482/482 437/437/437
f 482/482/482 487/487/487 489/489/489
f 489/489/489 484/484/484 482/482/482
f 489/489/489 451/451/451 444/444/444
f 444/444/444 484/484/484 489/489/489
f 446/446/446 454/454/454 490/490/490
f 490/490/490 486/486/486 446/446/446
f 486/486/486 490/490/490 491/491/491
f 491/491/491 488/488/488 486/486/486
f 491/491/491 456/456/456 452/452/452
f 452/452/452 488/488/488 491/491/491
f 492/492/492 490/490/490 454/454/454
f 454/454/454 458/458/458 492/492/492
f 493/493/493 491/491/491 490/490/490
f 490/490/490 492/492/492 493/493/493
f 460/460/460 456/456/456 491/491/491
f 491/491/491 493/493/493 460/460/460
f 458/458/458 462/462/462 494/494/494
f 494/494/494 492/492/492 458/458/458
f 492/492/492 494/494/494 495/495/495
f 495/495/495 493/493/493 492/492/492
f 493/493/493 495/495/495 464/464/464
f 464/464/464 460/460/460 493/493/493
f 496/496/496 497/497/497 438/438/438
f 438/438/438 483/483/483 496/496/496
f 496/496/496 483/483/483 485/485/485
f 485/485/485 498/498/498 496/496/496
f 499/499/499 498/498/498 485/485/485
f 485/485/485 443/443/443 499/499/499
f 500/500/500 497/497/497 471/471/471
f 471/471/471 470/470/470 500/500/500
f 410/410/410 500/500/500 470/470/470
f 470/470/470 379/379/379 410/410/410
f 501/501/501 471/471/471 497/497/497
f 497/497/497 496/496/496 501/501/501
f 498/498/498 502/502/502 501/501/501
f 501/501/501 496/496/496 498/498/498
f 474/474/474 502/502/502 498/498/498
f 498/498/498 499/499/499 474/474/474
f 475/475/475 438/438/438 497/497/497
f 497/497/497 500/500/500 475/475/475
f 384/384/384 475/475/475 500/500/500
f 500/500/500 410/410/410 384/384/384
f 503/503/503 504/504/504 505/505/505
f 506/506/506 507/507/507 508/508/508
f 509/509/509 510/510/510 511/511/511
f 512/512/512 513/513/513 514/514/514
f 515/515/515 516/516/516 517/517/517
f 518/518/518 519/519/519 520/520/520
f 521/521/521 522/522/522 523/523/523
f 524/524/524 525/525/525 526/526/526
f 527/527/527 528/528/528 529/529/529
f 530/530/530 531/531/531 528/528/528
f 528/528/528 532/532/532 529/529/529
f 533/533/533 532/532/532 528/528/528
f 527/527/527 530/530/530 528/528/528
f 531/531/531 533/533/533 528/528/528
f 534/534/534 535/535/535 536/536/536
f 527/527/527 529/529/529 537/537/537
f 538/538/538 537/537/537 531/531/531
f 537/537/537 529/529/529 532/532/532
f 533/533/533 537/537/537 532/532/532
f 527/527/527 537/537/537 538/538/538
f 531/531/531 537/537/537 533/533/533
f 539/539/539 540/540/540 541/541/541
f 542/542/542 543/543/543 544/544/544
f 544/544/544 545/545/545 542/542/542
f 546/546/546 547/547/547 543/543/543
f 543/543/543 542/542/542 546/546/546
f 548/548/548 542/542/542 545/545/545
f 545/545/545 549/549/549 548/548/548
f 550/550/550 546/546/546 542/542/542
f 542/542/542 548/548/548 550/550/550
f 551/551/551 545/545/545 544/544/544
f 544/544/544 552/552/552 551/551/551
f 553/553/553 549/549/549 545/545/545
f 545/545/545 551/551/551 553/553/553
f 551/551/551 552/552/552 554/554/554
f 554/554/554 555/555/555 551/551/551
f 553/553/553 551/551/551 555/555/555
f 555/555/555 556/556/556 553/553/553
f 557/557/557 558/558/558 559/559/559
f 558/558/558 560/560/560 559/559/559
f 560/560/560 561/561/561 559/559/559
f 561/561/561 562/562/562 559/559/559
f 562/562/562 563/563/563 559/559/559
f 563/563/563 557/557/557 559/559/559
f 564/564/564 565/565/565 566/566/566
f 566/566/566 567/567/567 568/568/568
f 564/564/564 566/566/566 568/568/568
f 564/564/564 568/568/568 569/569/569
f 570/570/570 571/571/571 572/572/572
f 572/572/572 573/573/573 570/570/570
f 574/574/574 570/570/570 573/573/573
f 573/573/573 575/575/575 574/574/574
f 576/576/576 577/577/577 578/578/578
f 579/579/579 580/580/580 581/581/581
f 582/582/582 583/583/583 584/584/584
f 584/584/584 585/585/585 582/582/582
f 546/546/546 582/582/582 585/585/585
f 585/585/585 547/547/547 546/546/546
f 586/586/586 587/587/587 583/583/583
f 583/583/583 582/582/582 586/586/586
f 588/588/588 586/586/586 582/582/582
f 582/582/582 546/546/546 588/588/588
f 589/589/589 590/590/590 584/584/584
f 584/584/584 583/583/583 589/589/589
f 591/591/591 589/589/589 583/583/583
f 583/583/583 587/587/587 591/591/591
f 589/589/589 555/555/555 554/554/554
f 554/554/554 590/590/590 589/589/589
f 591/591/591 556/556/556 555/555/555
f 555/555/555 589/589/589 591/591/591
f 592/592/592 593/593/593 594/594/594
f 594/594/594 595/595/595 592/592/592
f 596/596/596 597/597/597 593/593/593
f 593/593/593 592/592/592 596/596/596
f 598/598/598 599/599/599 600/600/600
f 601/601/601 602/602/602 603/603/603
f 604/604/604 605/605/605 544/544/544
f 544/544/544 543/543/543 604/604/604
f 606/606/606 604/604/604 543/543/543
f 543/543/543 547/547/547 606/606/606
f 548/548/548 549/549/549 605/605/605
f 605/605/605 604/604/604 548/548/548
f 550/550/550 548/548/548 604/604/604
f 604/604/604 606/606/606 550/550/550
f 607/607/607 552/552/552 544/544/544
f 544/544/544 605/605/605 607/607/607
f 553/553/553 607/607/607 605/605/605
f 605/605/605 549/549/549 553/553/553
f 607/607/607 608/608/608 554/554/554
f 554/554/554 552/552/552 607/607/607
f 553/553/553 556/556/556 608/608/608
f 608/608/608 607/607/607 553/553/553
f 609/609/609 610/610/610 611/611/611
f 611/611/611 610/610/610 612/612/612
f 612/612/612 610/610/610 613/613/613
f 613/613/613 610/610/610 614/614/614
f 614/614/614 610/610/610 615/615/615
f 615/615/615 610/610/610 609/609/609
f 616/616/616 617/617/617 618/618/618
f 618/618/618 619/619/619 620/620/620
f 616/616/616 618/618/618 620/620/620
f 616/616/616 620/620/620 621/621/621
f 622/622/622 623/623/623 624/624/624
f 624/624/624 625/625/625 622/622/622
f 626/626/626 627/627/627 623/623/623
f 623/623/623 622/622/622 626/626/626
f 628/628/628 629/629/629 630/630/630
f 631/631/631 632/632/632 633/633/633
f 634/634/634 585/585/585 584/584/584
f 584/584/584 635/635/635 634/634/634
f 606/606/606 547/547/547 585/585/585
f 585/585/585 634/634/634 606/606/606
f 586/586/586 634/634/634 635/635/635
f 635/635/635 587/587/587 586/586/586
f 588/588/588 606/606/606 634/634/634
f 634/634/634 586/586/586 588/588/588
f 636/636/636 635/635/635 584/584/584
f 584/584/584 590/590/590 636/636/636
f 591/591/591 587/587/587 635/635/635
f 635/635/635 636/636/636 591/591/591
f 636/636/636 590/590/590 554/554/554
f 554/554/554 608/608/608 636/636/636
f 591/591/591 636/636/636 608/608/608
f 608/608/608 556/556/556 591/591/591
f 637/637/637 638/638/638 639/639/639
f 639/639/639 640/640/640 637/637/637
f 641/641/641 637/637/637 640/640/640
f 640/640/640 642/642/642 641/641/641
f 643/643/643 644/644/644 645/645/645
f 646/646/646 647/647/647 648/648/648
f 649/649/649 650/650/650 651/651/651
f 651/651/651 650/650/650 652/652/652
f 653/653/653 651/651/651 652/652/652
f 649/649/649 651/651/651 653/653/653
f 649/649/649 654/654/654 650/650/650
f 654/654/654 652/652/652 650/650/650
f 653/653/653 652/652/652 654/654/654
f 649/649/649 653/653/653 654/654/654
f 655/655/655 656/656/656 657/657/657
f 657/657/657 656/656/656 658/658/658
f 659/659/659 657/657/657 658/658/658
f 655/655/655 657/657/657 659/659/659
f 655/655/655 660/660/660 656/656/656
f 660/660/660 658/658/658 656/656/656
f 659/659/659 658/658/658 660/660/660
f 655/655/655 659/659/659 660/660/660
f 661/661/661 662/662/662 663/663/663
f 663/663/663 662/662/662 664/664/664
f 665/665/665 663/663/663 664/664/664
f 661/661/661 663/663/663 665/665/665
f 661/661/661 666/666/666 662/662/662
f 666/666/666 664/664/664 662/662/662
f 665/665/665 664/664/664 666/666/666
f 661/661/661 665/665/665 666/666/666
f 667/667/667 668/668/668 669/669/669
f 668/668/668 670/670/670 669/669/669
f 671/671/671 670/670/670 668/668/668
f 667/667/667 671/671/671 668/668/668
f 667/667/667 669/669/669 672/672/672
f 672/672/672 669/669/669 670/670/670
f 671/671/671 672/672/672 670/670/670
f 667/667/667 672/672/672 671/671/671
f 673/673/673 674/674/674 675/675/675
f 674/674/674 676/676/676 675/675/675
f 677/677/677 676/676/676 674/674/674
f 673/673/673 677/677/677 674/674/674
f 673/673/673 675/675/675 678/678/678
f 678/678/678 675/675/675 676/676/676
f 677/677/677 678/678/678 676/676/676
f 673/673/673 678/678/678 677/677/677
f 679/679/679 680/680/680 681/681/681
f 680/680/680 682/682/682 681/681/681
f 683/683/683 682/682/682 680/680/680
f 679/679/679 683/683/683 680/680/680
f 679/679/679 681/681/681 684/684/684
f 684/684/684 681/681/681 682/682/682
f 683/683/683 684/684/684 682/682/682
f 679/679/679 684/684/684 683/683/683
