mtllib FUYUST0013.mtl
o FUYUST0013_part_0
v 0.0555 0.1247 -0.6645
v 0.001 0.1489 -0.6575
v -0.0543 0.1265 -0.6645
v -0.0656 0.1337 1.4919
v -0.0456 0.1337 1.498
v -0.0899 0.2962 1.6234
v -0.1121 0.2631 1.6622
v -0.0899 0.2962 1.6234
v -0.0456 0.1337 1.498
v -0.0456 0.1337 1.498
v -0.0504 0.0752 1.4821
v -0.1121 0.2631 1.6622
v -0.0899 0.2962 1.6234
v -0.1099 0.2962 1.6175
v -0.0656 0.1337 1.4919
v -0.1099 0.2962 1.6175
v -0.0899 0.2962 1.6234
v -0.1572 0.526 1.7539
v -0.0899 0.2962 1.6234
v -0.1121 0.2631 1.6622
v -0.1572 0.526 1.7539
v -0.1121 0.2631 1.6622
v -0.1099 0.2962 1.6175
v -0.1572 0.526 1.7539
v -0.1099 0.2962 1.6175
v -0.1121 0.2631 1.6622
v -0.0504 0.0752 1.4821
v -0.0504 0.0752 1.4821
v -0.0656 0.1337 1.4919
v -0.1099 0.2962 1.6175
v -0.0204 0.157 1.4931
v 0.0178 0.1576 1.4899
v 0.0236 0.5435 1.5666
v 0.0125 0.5195 1.6571
v 0.0236 0.5435 1.5666
v 0.0178 0.1576 1.4899
v 0.0178 0.1576 1.4899
v 0.0021 0.047 1.5122
v 0.0125 0.5195 1.6571
v 0.0236 0.5435 1.5666
v -0.0146 0.543 1.5697
v -0.0204 0.157 1.4931
v -0.0146 0.543 1.5697
v 0.0236 0.5435 1.5666
v 0.0108 1.0809 1.5473
v 0.0236 0.5435 1.5666
v 0.0125 0.5195 1.6571
v 0.0108 1.0809 1.5473
v 0.0125 0.5195 1.6571
v -0.0146 0.543 1.5697
v 0.0108 1.0809 1.5473
v -0.0146 0.543 1.5697
v 0.0125 0.5195 1.6571
v 0.0021 0.047 1.5122
v 0.0021 0.047 1.5122
v -0.0204 0.157 1.4931
v -0.0146 0.543 1.5697
v 0.3072 -0.512 1.0644
v 0.2415 -0.3155 0.9776
v 0.2258 -0.2657 0.7724
v 0.1495 -0.1559 0.486
v 0.1528 -0.1139 0.6393
v 0.0786 -0.0243 0.5177
v 0.1528 -0.1139 0.6393
v 0.1495 -0.1559 0.486
v 0.2396 -0.336 0.5772
v 0.2396 -0.336 0.5772
v 0.2258 -0.2657 0.7724
v 0.1528 -0.1139 0.6393
v 0.3018 -0.4759 0.8005
v 0.2258 -0.2657 0.7724
v 0.2396 -0.336 0.5772
v 0.2258 -0.2657 0.7724
v 0.3018 -0.4759 0.8005
v 0.3072 -0.512 1.0644
v 0.0672 0.0274 0.8579
v 0.0436 0.012 0.8293
v 0.0636 -0.024 0.8085
v 0.0889 -0.0556 0.6389
v 0.0786 -0.0243 0.5177
v 0.1528 -0.1139 0.6393
v 0.1528 -0.1139 0.6393
v 0.0814 -0.0481 0.7077
v 0.0889 -0.0556 0.6389
v 0.0814 -0.0481 0.7077
v 0.1528 -0.1139 0.6393
v 0.1286 -0.0783 0.745
v 0.1286 -0.0783 0.745
v 0.0636 -0.024 0.8085
v 0.0814 -0.0481 0.7077
v 0.1286 -0.0783 0.745
v 0.0966 -0.0265 0.8385
v 0.0636 -0.024 0.8085
v 0.0636 -0.024 0.8085
v 0.0966 -0.0265 0.8385
v 0.0672 0.0274 0.8579
v 0.2258 -0.2657 0.7724
v 0.2415 -0.3155 0.9776
v 0.1694 -0.1789 0.9819
v 0.1528 -0.1139 0.6393
v 0.0672 0.0274 0.8579
v 0.105 -0.0616 1.0343
v 0.0756 -0.0056 1.09
v 0.0966 -0.0265 0.8385
v 0.105 -0.0616 1.0343
v 0.0672 0.0274 0.8579
v 0.1286 -0.0783 0.745
v 0.1739 -0.293 0.7697
v 0.1896 -0.3428 0.975
v 0.3072 -0.512 1.0644
v 0.3072 -0.512 1.0644
v 0.3018 -0.4759 0.8005
v 0.1739 -0.293 0.7697
v 0.3018 -0.4759 0.8005
v 0.2396 -0.336 0.5772
v 0.1739 -0.293 0.7697
v 0.1009 -0.1412 0.6366
v 0.1739 -0.293 0.7697
v 0.2396 -0.336 0.5772
v 0.2396 -0.336 0.5772
v 0.1495 -0.1559 0.486
v 0.1009 -0.1412 0.6366
v 0.1495 -0.1559 0.486
v 0.0786 -0.0243 0.5177
v 0.1009 -0.1412 0.6366
v 0.2415 -0.3155 0.9776
v 0.3072 -0.512 1.0644
v 0.1896 -0.3428 0.975
v 0.1694 -0.1789 0.9819
v 0.2415 -0.3155 0.9776
v 0.1896 -0.3428 0.975
v 0.1175 -0.2062 0.9793
v 0.105 -0.0616 1.0343
v 0.1694 -0.1789 0.9819
v 0.1175 -0.2062 0.9793
v 0.0531 -0.0889 1.0316
v 0.0756 -0.0056 1.09
v 0.105 -0.0616 1.0343
v 0.0531 -0.0889 1.0316
v 0.0192 -0.0353 1.0871
v -0.2371 -0.2583 0.7724
v -0.2543 -0.3075 0.9776
v -0.3264 -0.5019 1.0644
v -0.3264 -0.5019 1.0644
v -0.3197 -0.4659 0.8005
v -0.2371 -0.2583 0.7724
v -0.3197 -0.4659 0.8005
v -0.2531 -0.3281 0.5772
v -0.2371 -0.2583 0.7724
v -0.1592 -0.1089 0.6393
v -0.2371 -0.2583 0.7724
v -0.2531 -0.3281 0.5772
v -0.2531 -0.3281 0.5772
v -0.1572 -0.1509 0.486
v -0.1592 -0.1089 0.6393
v -0.1572 -0.1509 0.486
v -0.0822 -0.0217 0.5177
v -0.1592 -0.1089 0.6393
v -0.0672 -0.0219 0.8085
v -0.046 0.0135 0.8293
v -0.0691 0.0296 0.8579
v -0.0691 0.0296 0.8579
v -0.1002 -0.0234 0.8385
v -0.0672 -0.0219 0.8085
v -0.1339 -0.0741 0.745
v -0.0672 -0.0219 0.8085
v -0.1002 -0.0234 0.8385
v -0.0857 -0.0454 0.7077
v -0.0672 -0.0219 0.8085
v -0.1339 -0.0741 0.745
v -0.1339 -0.0741 0.745
v -0.1592 -0.1089 0.6393
v -0.0857 -0.0454 0.7077
v -0.0934 -0.0526 0.6389
v -0.0857 -0.0454 0.7077
v -0.1592 -0.1089 0.6393
v -0.1592 -0.1089 0.6393
v -0.0822 -0.0217 0.5177
v -0.0934 -0.0526 0.6389
v -0.2371 -0.2583 0.7724
v -0.1779 -0.1733 0.9819
v -0.2543 -0.3075 0.9776
v -0.1592 -0.1089 0.6393
v -0.1339 -0.0741 0.745
v -0.1002 -0.0234 0.8385
v -0.1098 -0.0581 1.0343
v -0.0691 0.0296 0.8579
v -0.0691 0.0296 0.8579
v -0.0785 -0.0032 1.09
v -0.1098 -0.0581 1.0343
v -0.3264 -0.5019 1.0644
v -0.2033 -0.3365 0.975
v -0.1861 -0.2872 0.7697
v -0.1572 -0.1509 0.486
v -0.1082 -0.1379 0.6366
v -0.0822 -0.0217 0.5177
v -0.1082 -0.1379 0.6366
v -0.1572 -0.1509 0.486
v -0.2531 -0.3281 0.5772
v -0.2531 -0.3281 0.5772
v -0.1861 -0.2872 0.7697
v -0.1082 -0.1379 0.6366
v -0.3197 -0.4659 0.8005
v -0.1861 -0.2872 0.7697
v -0.2531 -0.3281 0.5772
v -0.1861 -0.2872 0.7697
v -0.3197 -0.4659 0.8005
v -0.3264 -0.5019 1.0644
v -0.0785 -0.0032 1.09
v -0.0232 -0.0346 1.0871
v -0.0587 -0.0871 1.0316
v -0.1098 -0.0581 1.0343
v -0.1098 -0.0581 1.0343
v -0.0587 -0.0871 1.0316
v -0.1269 -0.2022 0.9793
v -0.1779 -0.1733 0.9819
v -0.1779 -0.1733 0.9819
v -0.1269 -0.2022 0.9793
v -0.2033 -0.3365 0.975
v -0.2543 -0.3075 0.9776
v -0.2543 -0.3075 0.9776
v -0.2033 -0.3365 0.975
v -0.3264 -0.5019 1.0644
v -0.0181 0.0006 0.8553
v -0.046 0.0135 0.8293
v -0.0672 -0.0219 0.8085
v -0.0672 -0.0219 0.8085
v -0.0492 -0.0523 0.8358
v -0.0181 0.0006 0.8553
v -0.0829 -0.103 0.7423
v -0.0492 -0.0523 0.8358
v -0.0672 -0.0219 0.8085
v -0.0829 -0.103 0.7423
v -0.0672 -0.0219 0.8085
v -0.0857 -0.0454 0.7077
v -0.0857 -0.0454 0.7077
v -0.1082 -0.1379 0.6366
v -0.0829 -0.103 0.7423
v -0.1082 -0.1379 0.6366
v -0.0857 -0.0454 0.7077
v -0.0934 -0.0526 0.6389
v -0.0934 -0.0526 0.6389
v -0.0822 -0.0217 0.5177
v -0.1082 -0.1379 0.6366
v -0.1861 -0.2872 0.7697
v -0.2033 -0.3365 0.975
v -0.1269 -0.2022 0.9793
v -0.1082 -0.1379 0.6366
v -0.0181 0.0006 0.8553
v -0.0587 -0.0871 1.0316
v -0.0232 -0.0346 1.0871
v -0.0492 -0.0523 0.8358
v -0.0587 -0.0871 1.0316
v -0.0181 0.0006 0.8553
v -0.0829 -0.103 0.7423
v 0.0028 0.0062 -0.8268
v 0.0446 0.0746 -0.7577
v 0.0037 0.0615 -0.9248
v 0.0446 0.0746 -0.7577
v 0.0028 0.0062 -0.8268
v -0.0011 -0.2363 -0.7
v -0.0011 -0.2363 -0.7
v 0.0447 0.0043 -0.7163
v 0.0446 0.0746 -0.7577
v 0.0037 0.0615 -0.9248
v 0.0446 0.0746 -0.7577
v 0.0062 0.2153 -0.7912
v 0.0062 0.2153 -0.7912
v 0.0446 0.0746 -0.7577
v 0.0419 0.2188 -0.5987
v 0.0419 0.2188 -0.5987
v 0.0081 0.3362 -0.5238
v 0.0062 0.2153 -0.7912
v -0.0011 -0.2363 -0.7
v 0.0081 0.3362 -0.5238
v 0.0419 0.2188 -0.5987
v 0.0419 0.2188 -0.5987
v 0.0447 0.0043 -0.7163
v -0.0011 -0.2363 -0.7
v 0.0447 0.0043 -0.7163
v 0.0419 0.2188 -0.5987
v 0.0446 0.0746 -0.7577
v 0.0062 0.2153 -0.7912
v 0.0081 0.3362 -0.5238
v -0.0294 0.22 -0.5987
v -0.0294 0.22 -0.5987
v -0.0368 0.0759 -0.7577
v 0.0062 0.2153 -0.7912
v 0.0037 0.0615 -0.9248
v 0.0062 0.2153 -0.7912
v -0.0368 0.0759 -0.7577
v -0.0011 -0.2363 -0.7
v -0.0391 0.0057 -0.7163
v -0.0294 0.22 -0.5987
v -0.0294 0.22 -0.5987
v 0.0081 0.3362 -0.5238
v -0.0011 -0.2363 -0.7
v -0.0391 0.0057 -0.7163
v -0.0368 0.0759 -0.7577
v -0.0294 0.22 -0.5987
v 0.1669 0.2304 0.9114
v 0.172 0.1487 0.9391
v 0.1232 0.1457 1.0491
v 0.1232 0.1457 1.0491
v 0.0986 0.1964 1.0954
v 0.1669 0.2304 0.9114
v 0.0986 0.1964 1.0954
v 0.0821 0.2017 1.0017
v 0.1126 0.2296 0.8705
v 0.1126 0.2296 0.8705
v 0.1669 0.2304 0.9114
v 0.0986 0.1964 1.0954
v 0.1126 0.2296 0.8705
v 0.137 0.1316 0.6475
v 0.1669 0.2304 0.9114
v 0.1669 0.2304 0.9114
v 0.137 0.1316 0.6475
v 0.172 0.1487 0.9391
v 0.1038 0.1503 0.9354
v 0.1126 0.2296 0.8705
v 0.0821 0.2017 1.0017
v 0.0821 0.2017 1.0017
v 0.0763 0.1637 1.0481
v 0.1038 0.1503 0.9354
v 0.0763 0.1637 1.0481
v 0.1232 0.1457 1.0491
v 0.172 0.1487 0.9391
v 0.172 0.1487 0.9391
v 0.1038 0.1503 0.9354
v 0.0763 0.1637 1.0481
v 0.172 0.1487 0.9391
v 0.137 0.1316 0.6475
v 0.1038 0.1503 0.9354
v 0.1038 0.1503 0.9354
v 0.137 0.1316 0.6475
v 0.1126 0.2296 0.8705
v 0.1584 0.026 1.3003
v 0.133 -0.0361 1.3073
v 0.1809 -0.0032 1.3624
v -0.1603 0.0311 1.3003
v -0.1837 0.0026 1.3624
v -0.1369 -0.0318 1.3073
v -0.0476 -0.3391 0.4318
v -0.0499 -0.4048 0.4801
v -0.0109 -0.5921 0.5064
v -0.0109 -0.5921 0.5064
v -0.007 -0.3491 0.3267
v -0.0476 -0.3391 0.4318
v -0.0434 -0.2356 0.5095
v -0.0476 -0.3391 0.4318
v -0.007 -0.3491 0.3267
v -0.007 -0.3491 0.3267
v -0.0045 -0.1902 0.4375
v -0.0434 -0.2356 0.5095
v -0.0399 -0.1797 0.5754
v -0.0434 -0.2356 0.5095
v -0.0045 -0.1902 0.4375
v -0.0045 -0.1902 0.4375
v -0.0027 -0.0786 0.5601
v -0.0399 -0.1797 0.5754
v -0.0415 -0.6683 1.1346
v -0.0398 -0.563 1.4072
v -0.013 -0.7243 1.6692
v -0.013 -0.7243 1.6692
v -0.0158 -0.8951 1.3436
v -0.0415 -0.6683 1.1346
v -0.0158 -0.8951 1.3436
v -0.0159 -0.9002 0.9702
v -0.0415 -0.6683 1.1346
v -0.0402 -0.5842 0.8506
v -0.0415 -0.6683 1.1346
v -0.0159 -0.9002 0.9702
v -0.0159 -0.9002 0.9702
v -0.0134 -0.7455 0.7073
v -0.0402 -0.5842 0.8506
v -0.0134 -0.7455 0.7073
v -0.0103 -0.5518 0.6244
v -0.0402 -0.5842 0.8506
v -0.0344 -0.2244 0.9666
v -0.0357 -0.3091 0.9934
v -0.0064 -0.3126 0.947
v -0.038 -0.4519 0.936
v -0.0064 -0.3126 0.947
v -0.0357 -0.3091 0.9934
v -0.0083 -0.426 0.8567
v -0.0064 -0.3126 0.947
v -0.038 -0.4519 0.936
v -0.038 -0.4519 0.936
v -0.0402 -0.5842 0.8506
v -0.0083 -0.426 0.8567
v -0.0093 -0.4921 0.7871
v -0.0083 -0.426 0.8567
v -0.0402 -0.5842 0.8506
v -0.0402 -0.5842 0.8506
v -0.0103 -0.5518 0.6244
v -0.0093 -0.4921 0.7871
v -0.0415 -0.6683 1.1346
v -0.037 -0.3854 1.2894
v -0.0398 -0.563 1.4072
v -0.0402 -0.5842 0.8506
v -0.0109 -0.5921 0.5064
v 0.034 -0.4062 0.4801
v 0.0338 -0.3404 0.4318
v 0.0338 -0.3404 0.4318
v -0.007 -0.3491 0.3267
v -0.0109 -0.5921 0.5064
v -0.007 -0.3491 0.3267
v 0.0338 -0.3404 0.4318
v 0.033 -0.2369 0.5095
v 0.033 -0.2369 0.5095
v -0.0045 -0.1902 0.4375
v -0.007 -0.3491 0.3267
v -0.0045 -0.1902 0.4375
v 0.033 -0.2369 0.5095
v 0.0313 -0.1809 0.5754
v 0.0313 -0.1809 0.5754
v -0.0027 -0.0786 0.5601
v -0.0045 -0.1902 0.4375
v -0.013 -0.7243 1.6692
v 0.0189 -0.564 1.4072
v 0.0172 -0.6693 1.1346
v -0.0134 -0.7455 0.7073
v 0.0186 -0.5851 0.8506
v -0.0103 -0.5518 0.6244
v 0.0186 -0.5851 0.8506
v -0.0134 -0.7455 0.7073
v -0.0159 -0.9002 0.9702
v -0.0159 -0.9002 0.9702
v 0.0172 -0.6693 1.1346
v 0.0186 -0.5851 0.8506
v -0.0158 -0.8951 1.3436
v 0.0172 -0.6693 1.1346
v -0.0159 -0.9002 0.9702
v 0.0172 -0.6693 1.1346
v -0.0158 -0.8951 1.3436
v -0.013 -0.7243 1.6692
v -0.0345 -0.0773 1.2548
v 0.0292 -0.0784 1.2548
v 0.0248 -0.1938 1.2423
v -0.0339 -0.1929 1.2423
v -0.0339 -0.1929 1.2423
v 0.0248 -0.1938 1.2423
v 0.0218 -0.3863 1.2894
v -0.037 -0.3854 1.2894
v -0.037 -0.3854 1.2894
v 0.0218 -0.3863 1.2894
v 0.0189 -0.564 1.4072
v -0.0398 -0.563 1.4072
v -0.0398 -0.563 1.4072
v 0.0189 -0.564 1.4072
v -0.013 -0.7243 1.6692
v 0.0001 0.0933 0.7937
v 0.0522 0.0441 0.865
v 0.0049 0.3923 0.9092
v -0.0535 0.0458 0.865
v 0.0001 0.0933 0.7937
v 0.0049 0.3923 0.9092
v -0.0001 0.0791 0.9441
v -0.0535 0.0458 0.865
v 0.0049 0.3923 0.9092
v 0.0522 0.0441 0.865
v -0.0001 0.0791 0.9441
v 0.0049 0.3923 0.9092
v 0.0004 0.1136 0.5796
v 0.0525 0.0644 0.6509
v 0.0067 0.506 0.6672
v -0.0532 0.0661 0.6509
v 0.0004 0.1136 0.5796
v 0.0067 0.506 0.6672
v 0.0002 0.0994 0.73
v -0.0532 0.0661 0.6509
v 0.0067 0.506 0.6672
v 0.0525 0.0644 0.6509
v 0.0002 0.0994 0.73
v 0.0067 0.506 0.6672
v 0.0005 0.1165 0.3912
v 0.0396 0.0879 0.4379
v 0.0033 0.2945 0.4338
v -0.0396 0.0892 0.4379
v 0.0005 0.1165 0.3912
v 0.0033 0.2945 0.4338
v 0.0006 0.125 0.4834
v -0.0396 0.0892 0.4379
v 0.0033 0.2945 0.4338
v 0.0396 0.0879 0.4379
v 0.0006 0.125 0.4834
v 0.0033 0.2945 0.4338
v -0.0015 -0.0054 -0.6913
v 0.0538 0.0171 -0.6843
v -0.056 0.0188 -0.6843
v 0.0538 0.0171 -0.6843
v 0.0787 0.0705 -0.6744
v -0.056 0.0188 -0.6843
v -0.0792 0.0731 -0.6744
v 0.0787 0.0705 -0.6744
v -0.0543 0.1265 -0.6645
v -0.0792 0.0731 -0.6744
v 0.0555 0.1247 -0.6645
v 0.1269 -0.1335 1.5027
v -0.0034 -0.123 1.5326
v -0.0016 -0.013 1.5689
v -0.0016 -0.013 1.5689
v 0.1321 -0.0201 1.5043
v 0.1269 -0.1335 1.5027
v 0.197 -0.1428 1.2993
v 0.1269 -0.1335 1.5027
v 0.1321 -0.0201 1.5043
v 0.1321 -0.0201 1.5043
v 0.1988 -0.0302 1.3099
v 0.197 -0.1428 1.2993
v 0.0277 -0.1748 1.0389
v 0.197 -0.1428 1.2993
v 0.1988 -0.0302 1.3099
v 0.0295 -0.0622 1.0495
v -0.0016 -0.013 1.5689
v -0.0034 -0.123 1.5326
v -0.1339 -0.1294 1.5027
v -0.1339 -0.1294 1.5027
v -0.1355 -0.0158 1.5043
v -0.0016 -0.013 1.5689
v -0.1355 -0.0158 1.5043
v -0.1339 -0.1294 1.5027
v -0.2043 -0.1363 1.2993
v -0.2043 -0.1363 1.2993
v -0.2025 -0.0237 1.3099
v -0.1355 -0.0158 1.5043
v -0.2025 -0.0237 1.3099
v -0.2043 -0.1363 1.2993
v -0.0361 -0.1738 1.0389
v -0.0343 -0.0612 1.0495
v -0.0349 -0.3679 0.9901
v -0.0329 -0.2438 1.0018
v -0.1407 -0.2007 1.207
v -0.1427 -0.3309 1.1947
v -0.1427 -0.3309 1.1947
v -0.1407 -0.2007 1.207
v -0.2047 -0.1864 1.2944
v -0.2069 -0.3231 1.2815
v -0.2069 -0.3231 1.2815
v -0.2047 -0.1864 1.2944
v -0.1415 -0.204 1.3823
v -0.1415 -0.204 1.3823
v -0.1437 -0.3403 1.365
v -0.2069 -0.3231 1.2815
v -0.1437 -0.3403 1.365
v -0.1415 -0.204 1.3823
v -0.0048 -0.2097 1.3775
v -0.0048 -0.2097 1.3775
v -0.0069 -0.3423 1.3649
v -0.1437 -0.3403 1.365
v 0.1299 -0.3447 1.365
v -0.0069 -0.3423 1.3649
v -0.0048 -0.2097 1.3775
v -0.0048 -0.2097 1.3775
v 0.1321 -0.2084 1.3823
v 0.1299 -0.3447 1.365
v 0.1935 -0.3295 1.2815
v 0.1299 -0.3447 1.365
v 0.1321 -0.2084 1.3823
v 0.1321 -0.2084 1.3823
v 0.1957 -0.1928 1.2944
v 0.1935 -0.3295 1.2815
v 0.1292 -0.3353 1.1947
v 0.1935 -0.3295 1.2815
v 0.1957 -0.1928 1.2944
v 0.1313 -0.2051 1.207
v 0.0202 -0.3688 0.9901
v 0.1292 -0.3353 1.1947
v 0.1313 -0.2051 1.207
v 0.0222 -0.2447 1.0018
v 0.1763 0.4369 1.5336
v 0.2497 0.8415 1.4204
v 0.1741 0.439 1.4653
v 0.147 0.4448 1.4707
v 0.2497 0.8415 1.4204
v 0.1763 0.4369 1.5336
v 0.1741 0.439 1.4653
v 0.2497 0.8415 1.4204
v 0.147 0.4448 1.4707
v 0.1741 0.439 1.4653
v 0.1056 0.1471 1.4636
v 0.0825 0.0732 1.499
v 0.0825 0.0732 1.499
v 0.1763 0.4369 1.5336
v 0.1741 0.439 1.4653
v 0.1763 0.4369 1.5336
v 0.0825 0.0732 1.499
v 0.0786 0.1529 1.4697
v 0.0786 0.1529 1.4697
v 0.147 0.4448 1.4707
v 0.1763 0.4369 1.5336
v 0.147 0.4448 1.4707
v 0.0786 0.1529 1.4697
v 0.1056 0.1471 1.4636
v 0.1056 0.1471 1.4636
v 0.1741 0.439 1.4653
v 0.147 0.4448 1.4707
v 0.1177 0.2594 1.6622
v 0.1712 0.5208 1.7539
v 0.1166 0.2926 1.6175
v 0.0966 0.2932 1.6234
v 0.1712 0.5208 1.7539
v 0.1177 0.2594 1.6622
v 0.1166 0.2926 1.6175
v 0.1712 0.5208 1.7539
v 0.0966 0.2932 1.6234
v 0.1166 0.2926 1.6175
v 0.067 0.1316 1.4919
v 0.0499 0.0736 1.4821
v 0.0499 0.0736 1.4821
v 0.1177 0.2594 1.6622
v 0.1166 0.2926 1.6175
v 0.1177 0.2594 1.6622
v 0.0499 0.0736 1.4821
v 0.047 0.1322 1.498
v 0.047 0.1322 1.498
v 0.0966 0.2932 1.6234
v 0.1177 0.2594 1.6622
v 0.0966 0.2932 1.6234
v 0.047 0.1322 1.498
v 0.067 0.1316 1.4919
v 0.067 0.1316 1.4919
v 0.1166 0.2926 1.6175
v 0.0966 0.2932 1.6234
v -0.0734 0.1971 1.3922
v -0.0526 0.205 1.3923
v -0.1246 0.4041 1.2812
v -0.146 0.426 1.325
v -0.1246 0.4041 1.2812
v -0.0526 0.205 1.3923
v -0.0526 0.205 1.3923
v -0.0501 0.1639 1.4444
v -0.146 0.426 1.325
v -0.1246 0.4041 1.2812
v -0.1454 0.3962 1.2813
v -0.0734 0.1971 1.3922
v -0.1454 0.3962 1.2813
v -0.1246 0.4041 1.2812
v -0.2301 0.6636 1.1249
v -0.1246 0.4041 1.2812
v -0.146 0.426 1.325
v -0.2301 0.6636 1.1249
v -0.146 0.426 1.325
v -0.1454 0.3962 1.2813
v -0.2301 0.6636 1.1249
v -0.1454 0.3962 1.2813
v -0.146 0.426 1.325
v -0.0501 0.1639 1.4444
v -0.0501 0.1639 1.4444
v -0.0734 0.1971 1.3922
v -0.1454 0.3962 1.2813
v -0.009 0.2299 1.3303
v 0.011 0.2289 1.3287
v 0.0139 0.422 1.2321
v 0.0087 0.447 1.2726
v 0.0139 0.422 1.2321
v 0.011 0.2289 1.3287
v 0.011 0.2289 1.3287
v 0.0031 0.1929 1.3759
v 0.0087 0.447 1.2726
v 0.0139 0.422 1.2321
v -0.0061 0.423 1.2336
v -0.009 0.2299 1.3303
v -0.0061 0.423 1.2336
v 0.0139 0.422 1.2321
v 0.0068 0.6782 1.0969
v 0.0139 0.422 1.2321
v 0.0087 0.447 1.2726
v 0.0068 0.6782 1.0969
v 0.0087 0.447 1.2726
v -0.0061 0.423 1.2336
v 0.0068 0.6782 1.0969
v -0.0061 0.423 1.2336
v 0.0087 0.447 1.2726
v 0.0031 0.1929 1.3759
v 0.0031 0.1929 1.3759
v -0.009 0.2299 1.3303
v -0.0061 0.423 1.2336
v -0.0138 0.2151 1.4118
v 0.0143 0.214 1.4095
v 0.0186 0.5003 1.3045
v 0.0112 0.5266 1.3637
v 0.0186 0.5003 1.3045
v 0.0143 0.214 1.4095
v 0.0143 0.214 1.4095
v 0.0031 0.1549 1.4694
v 0.0112 0.5266 1.3637
v 0.0186 0.5003 1.3045
v -0.0095 0.5014 1.3066
v -0.0138 0.2151 1.4118
v -0.0095 0.5014 1.3066
v 0.0186 0.5003 1.3045
v 0.009 0.8827 1.1511
v 0.0186 0.5003 1.3045
v 0.0112 0.5266 1.3637
v 0.009 0.8827 1.1511
v 0.0112 0.5266 1.3637
v -0.0095 0.5014 1.3066
v 0.009 0.8827 1.1511
v -0.0095 0.5014 1.3066
v 0.0112 0.5266 1.3637
v 0.0031 0.1549 1.4694
v 0.0031 0.1549 1.4694
v -0.0138 0.2151 1.4118
v -0.0095 0.5014 1.3066
v -0.1036 0.1584 1.4488
v -0.0763 0.1633 1.455
v -0.1353 0.4572 1.4561
v -0.1649 0.4502 1.5189
v -0.1353 0.4572 1.4561
v -0.0763 0.1633 1.455
v -0.0763 0.1633 1.455
v -0.0828 0.0837 1.4842
v -0.1649 0.4502 1.5189
v -0.1353 0.4572 1.4561
v -0.1626 0.4523 1.4507
v -0.1036 0.1584 1.4488
v -0.1626 0.4523 1.4507
v -0.1353 0.4572 1.4561
v -0.2253 0.8569 1.4069
v -0.1353 0.4572 1.4561
v -0.1649 0.4502 1.5189
v -0.2253 0.8569 1.4069
v -0.1649 0.4502 1.5189
v -0.1626 0.4523 1.4507
v -0.2253 0.8569 1.4069
v -0.1626 0.4523 1.4507
v -0.1649 0.4502 1.5189
v -0.0828 0.0837 1.4842
v -0.0828 0.0837 1.4842
v -0.1036 0.1584 1.4488
v -0.1626 0.4523 1.4507
v 0.0028 0.0062 -0.8268
v 0.0037 0.0615 -0.9248
v -0.0368 0.0759 -0.7577
v -0.0011 -0.2363 -0.7
v 0.0028 0.0062 -0.8268
v -0.0368 0.0759 -0.7577
v -0.0368 0.0759 -0.7577
v -0.0391 0.0057 -0.7163
v -0.0011 -0.2363 -0.7
v -0.1213 0.1496 1.0491
v -0.17 0.1542 0.9391
v -0.1622 0.2357 0.9114
v -0.1622 0.2357 0.9114
v -0.0951 0.1995 1.0954
v -0.1213 0.1496 1.0491
v -0.1622 0.2357 0.9114
v -0.17 0.1542 0.9391
v -0.1355 0.136 0.6475
v -0.108 0.2332 0.8705
v -0.1622 0.2357 0.9114
v -0.1355 0.136 0.6475
v -0.0951 0.1995 1.0954
v -0.1622 0.2357 0.9114
v -0.108 0.2332 0.8705
v -0.108 0.2332 0.8705
v -0.0784 0.2043 1.0017
v -0.0951 0.1995 1.0954
v -0.0784 0.2043 1.0017
v -0.108 0.2332 0.8705
v -0.1017 0.1536 0.9354
v -0.1017 0.1536 0.9354
v -0.0738 0.1661 1.0481
v -0.0784 0.2043 1.0017
v -0.1017 0.1536 0.9354
v -0.108 0.2332 0.8705
v -0.1355 0.136 0.6475
v -0.17 0.1542 0.9391
v -0.1017 0.1536 0.9354
v -0.1355 0.136 0.6475
v -0.0738 0.1661 1.0481
v -0.1017 0.1536 0.9354
v -0.17 0.1542 0.9391
v -0.17 0.1542 0.9391
v -0.1213 0.1496 1.0491
v -0.0738 0.1661 1.0481
v -0.0037 -0.1426 0.6728
v -0.0018 -0.0265 0.7809
v -0.0344 0.0053 0.8536
v -0.039 -0.1973 0.6278
v -0.0399 -0.1797 0.5754
v -0.0027 -0.0786 0.5601
v -0.0344 0.0053 0.8536
v -0.0377 -0.1594 0.6965
v -0.0037 -0.1426 0.6728
v -0.0377 -0.1594 0.6965
v -0.039 -0.1973 0.6278
v -0.0037 -0.1426 0.6728
v -0.0039 -0.1564 0.6128
v -0.0037 -0.1426 0.6728
v -0.039 -0.1973 0.6278
v -0.0027 -0.0786 0.5601
v -0.0039 -0.1564 0.6128
v -0.039 -0.1973 0.6278
v 0.0318 0.0042 0.8536
v -0.0018 -0.0265 0.7809
v -0.0037 -0.1426 0.6728
v -0.0027 -0.0786 0.5601
v 0.0313 -0.1809 0.5754
v 0.0298 -0.1984 0.6278
v 0.0298 -0.1984 0.6278
v -0.0039 -0.1564 0.6128
v -0.0027 -0.0786 0.5601
v -0.0039 -0.1564 0.6128
v 0.0298 -0.1984 0.6278
v -0.0037 -0.1426 0.6728
v 0.0298 -0.1605 0.6965
v -0.0037 -0.1426 0.6728
v 0.0298 -0.1984 0.6278
v -0.0037 -0.1426 0.6728
v 0.0298 -0.1605 0.6965
v 0.0318 0.0042 0.8536
v 0.0326 -0.3352 0.5347
v 0.0318 -0.2301 0.6498
v 0.0313 -0.1809 0.5754
v 0.0313 -0.1809 0.5754
v 0.033 -0.2369 0.5095
v 0.0326 -0.3352 0.5347
v 0.034 -0.4062 0.4801
v 0.0326 -0.3352 0.5347
v 0.033 -0.2369 0.5095
v 0.033 -0.2369 0.5095
v 0.0338 -0.3404 0.4318
v 0.034 -0.4062 0.4801
v 0.0636 -0.024 0.8085
v 0.0436 0.012 0.8293
v 0.0153 0.0001 0.8553
v 0.1009 -0.1412 0.6366
v 0.0786 -0.0243 0.5177
v 0.0889 -0.0556 0.6389
v 0.0889 -0.0556 0.6389
v 0.0814 -0.0481 0.7077
v 0.1009 -0.1412 0.6366
v 0.0767 -0.1056 0.7423
v 0.1009 -0.1412 0.6366
v 0.0814 -0.0481 0.7077
v 0.0814 -0.0481 0.7077
v 0.0636 -0.024 0.8085
v 0.0767 -0.1056 0.7423
v 0.0767 -0.1056 0.7423
v 0.0636 -0.024 0.8085
v 0.0447 -0.0539 0.8358
v 0.0153 0.0001 0.8553
v 0.0447 -0.0539 0.8358
v 0.0636 -0.024 0.8085
v 0.0767 -0.1056 0.7423
v 0.1175 -0.2062 0.9793
v 0.1009 -0.1412 0.6366
v 0.0447 -0.0539 0.8358
v 0.0531 -0.0889 1.0316
v 0.0153 0.0001 0.8553
v 0.0153 0.0001 0.8553
v 0.0192 -0.0353 1.0871
v 0.0531 -0.0889 1.0316
v 0.1739 -0.293 0.7697
v 0.1896 -0.3428 0.975
v 0.1568 0.4212 1.325
v 0.2485 0.6559 1.1249
v 0.1553 0.3913 1.2813
v 0.1347 0.3999 1.2812
v 0.2485 0.6559 1.1249
v 0.1568 0.4212 1.325
v 0.1553 0.3913 1.2813
v 0.2485 0.6559 1.1249
v 0.1347 0.3999 1.2812
v 0.1553 0.3913 1.2813
v 0.0769 0.1947 1.3922
v 0.0525 0.1623 1.4444
v 0.0525 0.1623 1.4444
v 0.1568 0.4212 1.325
v 0.1553 0.3913 1.2813
v 0.1568 0.4212 1.325
v 0.0525 0.1623 1.4444
v 0.0564 0.2033 1.3923
v 0.0564 0.2033 1.3923
v 0.1347 0.3999 1.2812
v 0.1568 0.4212 1.325
v 0.1347 0.3999 1.2812
v 0.0564 0.2033 1.3923
v 0.0769 0.1947 1.3922
v 0.0769 0.1947 1.3922
v 0.1553 0.3913 1.2813
v 0.1347 0.3999 1.2812
v -0.0224 0.0312 1.5154
v 0.0158 0.0326 1.5128
v 0.0206 0.3534 1.7244
v 0.009 0.299 1.8103
v 0.0206 0.3534 1.7244
v 0.0158 0.0326 1.5128
v 0.0158 0.0326 1.5128
v 0.0001 -0.0771 1.4945
v 0.009 0.299 1.8103
v 0.0206 0.3534 1.7244
v -0.0177 0.3519 1.7272
v -0.0224 0.0312 1.5154
v -0.0177 0.3519 1.7272
v 0.0206 0.3534 1.7244
v 0.0064 0.8096 1.8782
v 0.0206 0.3534 1.7244
v 0.009 0.299 1.8103
v 0.0064 0.8096 1.8782
v 0.009 0.299 1.8103
v -0.0177 0.3519 1.7272
v 0.0064 0.8096 1.8782
v -0.0177 0.3519 1.7272
v 0.009 0.299 1.8103
v 0.0001 -0.0771 1.4945
v 0.0001 -0.0771 1.4945
v -0.0224 0.0312 1.5154
v -0.0177 0.3519 1.7272
v -0.0784 0.2043 1.0017
v -0.0738 0.1661 1.0481
v 0.0011 0.1555 1.1091
v 0.0011 0.1555 1.1091
v 0.0022 0.2234 0.9736
v -0.0784 0.2043 1.0017
v 0.0821 0.2017 1.0017
v 0.0022 0.2234 0.9736
v 0.0011 0.1555 1.1091
v 0.0011 0.1555 1.1091
v 0.0763 0.1637 1.0481
v 0.0821 0.2017 1.0017
v 0.1232 0.1457 1.0491
v 0.0763 0.1637 1.0481
v 0.0011 0.1555 1.1091
v -0.1213 0.1496 1.0491
v 0.0011 0.1555 1.1091
v -0.0738 0.1661 1.0481
v 0.1232 0.1457 1.0491
v 0.0901 0.1459 1.1312
v 0.1338 0.1054 1.078
v 0.1232 0.1457 1.0491
v 0.0011 0.1555 1.1091
v 0.0901 0.1459 1.1312
v 0.1098 0.1419 1.1375
v 0.1338 0.1054 1.078
v 0.0901 0.1459 1.1312
v 0.1098 0.1419 1.1375
v 0.0901 0.1459 1.1312
v 0.0004 0.1119 1.1958
v 0.0011 0.1555 1.1091
v 0.0004 0.1119 1.1958
v 0.0901 0.1459 1.1312
v 0.0011 0.1555 1.1091
v -0.0881 0.1488 1.1312
v 0.0004 0.1119 1.1958
v -0.1213 0.1496 1.0491
v -0.0881 0.1488 1.1312
v 0.0011 0.1555 1.1091
v -0.1213 0.1496 1.0491
v -0.1332 0.1097 1.078
v -0.0881 0.1488 1.1312
v -0.108 0.1454 1.1375
v -0.0881 0.1488 1.1312
v -0.1332 0.1097 1.078
v -0.108 0.1454 1.1375
v 0.0004 0.1119 1.1958
v -0.0881 0.1488 1.1312
v -0.108 0.1454 1.1375
v -0.1693 0.1222 1.1611
v -0.1821 0.0656 1.2287
v -0.1821 0.0656 1.2287
v 0.0004 0.1119 1.1958
v -0.108 0.1454 1.1375
v 0.0004 0.1119 1.1958
v -0.1821 0.0656 1.2287
v -0.1603 0.0311 1.3003
v -0.1603 0.0311 1.3003
v -0.1369 -0.0318 1.3073
v 0.0004 0.1119 1.1958
v 0.133 -0.0361 1.3073
v -0.002 -0.0396 1.2805
v -0.0046 -0.2012 1.3376
v -0.0046 -0.2012 1.3376
v -0.002 -0.0396 1.2805
v -0.1369 -0.0318 1.3073
v -0.1369 -0.0318 1.3073
v -0.1477 -0.1436 1.3527
v -0.0046 -0.2012 1.3376
v -0.1477 -0.1436 1.3527
v -0.1369 -0.0318 1.3073
v -0.1837 0.0026 1.3624
v -0.0046 -0.2012 1.3376
v 0.1402 -0.1482 1.3527
v 0.133 -0.0361 1.3073
v 0.1402 -0.1482 1.3527
v 0.1809 -0.0032 1.3624
v 0.133 -0.0361 1.3073
v 0.0004 0.1119 1.1958
v 0.133 -0.0361 1.3073
v 0.1584 0.026 1.3003
v 0.1584 0.026 1.3003
v 0.1813 0.0597 1.2287
v 0.0004 0.1119 1.1958
v 0.1098 0.1419 1.1375
v 0.0004 0.1119 1.1958
v 0.1813 0.0597 1.2287
v 0.1813 0.0597 1.2287
v 0.1703 0.1167 1.1611
v 0.1098 0.1419 1.1375
v -0.0399 -0.1797 0.5754
v -0.042 -0.2289 0.6498
v -0.0462 -0.3339 0.5347
v -0.0462 -0.3339 0.5347
v -0.0434 -0.2356 0.5095
v -0.0399 -0.1797 0.5754
v -0.0434 -0.2356 0.5095
v -0.0462 -0.3339 0.5347
v -0.0499 -0.4048 0.4801
v -0.0499 -0.4048 0.4801
v -0.0476 -0.3391 0.4318
v -0.0434 -0.2356 0.5095
v -0.042 -0.2289 0.6498
v -0.0399 -0.1797 0.5754
v -0.039 -0.1973 0.6278
v -0.0377 -0.1594 0.6965
v -0.042 -0.2289 0.6498
v -0.039 -0.1973 0.6278
v -0.0377 -0.1594 0.6965
v -0.039 -0.2009 0.7929
v -0.042 -0.2289 0.6498
v -0.0377 -0.1594 0.6965
v -0.0344 0.0053 0.8536
v -0.039 -0.2009 0.7929
v -0.0344 0.0053 0.8536
v -0.0365 -0.2024 0.9026
v -0.039 -0.2009 0.7929
v -0.0345 -0.0773 1.2548
v -0.0365 -0.2024 0.9026
v -0.0344 0.0053 0.8536
v -0.0345 -0.0773 1.2548
v -0.0344 -0.2244 0.9666
v -0.0365 -0.2024 0.9026
v -0.0344 -0.2244 0.9666
v -0.0345 -0.0773 1.2548
v -0.0339 -0.1929 1.2423
v -0.0357 -0.3091 0.9934
v -0.0344 -0.2244 0.9666
v -0.0339 -0.1929 1.2423
v -0.038 -0.4519 0.936
v -0.0109 -0.5921 0.5064
v -0.0499 -0.4048 0.4801
v -0.0462 -0.3339 0.5347
v -0.0462 -0.3339 0.5347
v -0.0082 -0.422 0.5476
v -0.0109 -0.5921 0.5064
v -0.0082 -0.422 0.5476
v -0.0462 -0.3339 0.5347
v -0.042 -0.2289 0.6498
v -0.042 -0.2289 0.6498
v -0.0064 -0.3105 0.6482
v -0.0082 -0.422 0.5476
v -0.0064 -0.3105 0.6482
v -0.042 -0.2289 0.6498
v -0.039 -0.2009 0.7929
v -0.039 -0.2009 0.7929
v -0.0052 -0.2367 0.7874
v -0.0064 -0.3105 0.6482
v -0.0052 -0.2367 0.7874
v -0.039 -0.2009 0.7929
v -0.0365 -0.2024 0.9026
v -0.0365 -0.2024 0.9026
v -0.0052 -0.2347 0.8833
v -0.0052 -0.2367 0.7874
v -0.0052 -0.2347 0.8833
v -0.0365 -0.2024 0.9026
v -0.0344 -0.2244 0.9666
v -0.0344 -0.2244 0.9666
v -0.0054 -0.2494 0.9378
v -0.0052 -0.2347 0.8833
v -0.0064 -0.3126 0.947
v -0.0054 -0.2494 0.9378
v -0.0344 -0.2244 0.9666
v -0.0064 -0.3126 0.947
v 0.023 -0.31 0.9934
v 0.0243 -0.2253 0.9666
v 0.0207 -0.4529 0.936
v 0.023 -0.31 0.9934
v -0.0064 -0.3126 0.947
v 0.0207 -0.4529 0.936
v -0.0064 -0.3126 0.947
v -0.0083 -0.426 0.8567
v -0.0083 -0.426 0.8567
v 0.0186 -0.5851 0.8506
v 0.0207 -0.4529 0.936
v 0.0186 -0.5851 0.8506
v -0.0083 -0.426 0.8567
v -0.0093 -0.4921 0.7871
v -0.0093 -0.4921 0.7871
v -0.0103 -0.5518 0.6244
v 0.0186 -0.5851 0.8506
v 0.0243 -0.2253 0.9666
v -0.0054 -0.2494 0.9378
v -0.0064 -0.3126 0.947
v -0.0052 -0.2347 0.8833
v -0.0054 -0.2494 0.9378
v 0.0243 -0.2253 0.9666
v 0.0243 -0.2253 0.9666
v 0.0272 -0.2035 0.9026
v -0.0052 -0.2347 0.8833
v -0.0052 -0.2367 0.7874
v -0.0052 -0.2347 0.8833
v 0.0272 -0.2035 0.9026
v 0.0272 -0.2035 0.9026
v 0.0297 -0.202 0.7929
v -0.0052 -0.2367 0.7874
v -0.0064 -0.3105 0.6482
v -0.0052 -0.2367 0.7874
v 0.0297 -0.202 0.7929
v 0.0297 -0.202 0.7929
v 0.0318 -0.2301 0.6498
v -0.0064 -0.3105 0.6482
v -0.0082 -0.422 0.5476
v -0.0064 -0.3105 0.6482
v 0.0318 -0.2301 0.6498
v 0.0318 -0.2301 0.6498
v 0.0326 -0.3352 0.5347
v -0.0082 -0.422 0.5476
v -0.0109 -0.5921 0.5064
v -0.0082 -0.422 0.5476
v 0.0326 -0.3352 0.5347
v 0.0326 -0.3352 0.5347
v 0.034 -0.4062 0.4801
v -0.0109 -0.5921 0.5064
v 0.0172 -0.6693 1.1346
v 0.0189 -0.564 1.4072
v 0.0218 -0.3863 1.2894
v 0.0186 -0.5851 0.8506
v 0.0207 -0.4529 0.936
v 0.023 -0.31 0.9934
v 0.0248 -0.1938 1.2423
v 0.0243 -0.2253 0.9666
v 0.0243 -0.2253 0.9666
v 0.0248 -0.1938 1.2423
v 0.0292 -0.0784 1.2548
v 0.0292 -0.0784 1.2548
v 0.0272 -0.2035 0.9026
v 0.0243 -0.2253 0.9666
v 0.0292 -0.0784 1.2548
v 0.0318 0.0042 0.8536
v 0.0272 -0.2035 0.9026
v 0.0318 0.0042 0.8536
v 0.0297 -0.202 0.7929
v 0.0272 -0.2035 0.9026
v 0.0298 -0.1605 0.6965
v 0.0297 -0.202 0.7929
v 0.0318 0.0042 0.8536
v 0.0298 -0.1605 0.6965
v 0.0318 -0.2301 0.6498
v 0.0297 -0.202 0.7929
v 0.0298 -0.1605 0.6965
v 0.0298 -0.1984 0.6278
v 0.0318 -0.2301 0.6498
v 0.0298 -0.1984 0.6278
v 0.0313 -0.1809 0.5754
v 0.0318 -0.2301 0.6498
v -0.1693 0.1222 1.1611
v -0.2145 0.1891 1.2153
v -0.1821 0.0656 1.2287
v -0.0371 0.2213 1.1396
v -0.1693 0.1222 1.1611
v -0.108 0.1454 1.1375
v -0.1261 0.2558 1.215
v -0.1693 0.1222 1.1611
v -0.0371 0.2213 1.1396
v -0.2145 0.1891 1.2153
v -0.1693 0.1222 1.1611
v -0.1261 0.2558 1.215
v -0.1647 0.1413 1.2562
v -0.2145 0.1891 1.2153
v -0.1261 0.2558 1.215
v -0.1821 0.0656 1.2287
v -0.2145 0.1891 1.2153
v -0.1647 0.1413 1.2562
v 0.1098 0.1419 1.1375
v 0.1703 0.1167 1.1611
v 0.0414 0.2201 1.1396
v 0.0414 0.2201 1.1396
v 0.0986 0.1964 1.0954
v 0.1098 0.1419 1.1375
v 0.1338 0.1054 1.078
v 0.1098 0.1419 1.1375
v 0.0986 0.1964 1.0954
v 0.0986 0.1964 1.0954
v 0.1232 0.1457 1.0491
v 0.1338 0.1054 1.078
v -0.1332 0.1097 1.078
v -0.1213 0.1496 1.0491
v -0.0951 0.1995 1.0954
v -0.0951 0.1995 1.0954
v -0.0784 0.2043 1.0017
v 0.0022 0.2234 0.9736
v 0.0022 0.2234 0.9736
v 0.0026 0.249 1.0509
v -0.0951 0.1995 1.0954
v -0.0371 0.2213 1.1396
v 0.0026 0.249 1.0509
v 0.0027 0.2558 1.156
v 0.0026 0.249 1.0509
v -0.0371 0.2213 1.1396
v -0.0951 0.1995 1.0954
v -0.108 0.1454 1.1375
v -0.0951 0.1995 1.0954
v -0.0371 0.2213 1.1396
v -0.0951 0.1995 1.0954
v -0.108 0.1454 1.1375
v -0.1332 0.1097 1.078
v 0.0022 0.2234 0.9736
v 0.0821 0.2017 1.0017
v 0.0986 0.1964 1.0954
v 0.0986 0.1964 1.0954
v 0.0026 0.249 1.0509
v 0.0022 0.2234 0.9736
v 0.0026 0.249 1.0509
v 0.0986 0.1964 1.0954
v 0.0414 0.2201 1.1396
v 0.0414 0.2201 1.1396
v 0.0027 0.2558 1.156
v 0.0026 0.249 1.0509
v 0.0414 0.2201 1.1396
v 0.0019 0.2085 1.1604
v 0.0027 0.2558 1.156
v -0.0371 0.2213 1.1396
v 0.0027 0.2558 1.156
v 0.0019 0.2085 1.1604
v 0.0019 0.2085 1.1604
v -0.02 0.2268 1.2216
v -0.0371 0.2213 1.1396
v -0.0371 0.2213 1.1396
v -0.02 0.2268 1.2216
v -0.1261 0.2558 1.215
v -0.0982 0.1413 1.2596
v -0.1261 0.2558 1.215
v -0.02 0.2268 1.2216
v -0.1261 0.2558 1.215
v -0.0982 0.1413 1.2596
v -0.1647 0.1413 1.2562
v -0.1647 0.1413 1.2562
v -0.0982 0.1413 1.2596
v -0.1546 0.208 1.3231
v -0.1546 0.208 1.3231
v -0.1956 0.1519 1.2975
v -0.1647 0.1413 1.2562
v -0.1647 0.1413 1.2562
v -0.1603 0.0311 1.3003
v -0.1821 0.0656 1.2287
v -0.1837 0.0026 1.3624
v -0.1603 0.0311 1.3003
v -0.1647 0.1413 1.2562
v -0.1647 0.1413 1.2562
v -0.1956 0.1519 1.2975
v -0.1837 0.0026 1.3624
v -0.1292 0.1629 1.4608
v -0.1837 0.0026 1.3624
v -0.1956 0.1519 1.2975
v -0.1546 0.208 1.3231
v -0.1292 0.1629 1.4608
v -0.1956 0.1519 1.2975
v -0.0974 0.2253 1.3062
v -0.1292 0.1629 1.4608
v -0.1546 0.208 1.3231
v -0.0974 0.2253 1.3062
v -0.1546 0.208 1.3231
v -0.0982 0.1413 1.2596
v -0.0982 0.1413 1.2596
v -0.0249 0.1977 1.2455
v -0.0974 0.2253 1.3062
v -0.02 0.2268 1.2216
v -0.0249 0.1977 1.2455
v -0.0982 0.1413 1.2596
v -0.0249 0.1977 1.2455
v -0.02 0.2268 1.2216
v 0.0026 0.2491 1.2247
v -0.1837 0.0026 1.3624
v -0.1477 -0.1393 1.4598
v -0.1477 -0.1436 1.3527
v -0.1292 0.1629 1.4608
v -0.1477 -0.1393 1.4598
v -0.1837 0.0026 1.3624
v -0.0974 0.2253 1.3062
v 0.0027 0.2561 1.2693
v 0.0023 0.2329 1.4144
v 0.0023 0.2329 1.4144
v -0.1292 0.1629 1.4608
v -0.0974 0.2253 1.3062
v -0.1292 0.1629 1.4608
v 0.0023 0.2329 1.4144
v 0.0008 0.1352 1.5456
v -0.1477 -0.1436 1.3527
v -0.1477 -0.1393 1.4598
v -0.0049 -0.218 1.4449
v -0.1258 -0.1049 1.5036
v -0.0049 -0.218 1.4449
v -0.1477 -0.1393 1.4598
v -0.1477 -0.1393 1.4598
v -0.1292 0.1629 1.4608
v -0.1258 -0.1049 1.5036
v -0.1258 -0.1049 1.5036
v -0.1292 0.1629 1.4608
v -0.0016 -0.0097 1.568
v -0.1292 0.1629 1.4608
v 0.0008 0.1352 1.5456
v -0.0016 -0.0097 1.568
v 0.1315 0.1587 1.4608
v -0.0016 -0.0097 1.568
v 0.0008 0.1352 1.5456
v 0.1315 0.1587 1.4608
v 0.0008 0.1352 1.5456
v 0.0023 0.2329 1.4144
v 0.1017 0.2221 1.3062
v 0.1315 0.1587 1.4608
v 0.0023 0.2329 1.4144
v 0.0023 0.2329 1.4144
v 0.0027 0.2561 1.2693
v 0.1017 0.2221 1.3062
v -0.0016 -0.0097 1.568
v 0.1315 0.1587 1.4608
v 0.1196 -0.1089 1.5036
v 0.1196 -0.1089 1.5036
v -0.0035 -0.1295 1.5306
v -0.0016 -0.0097 1.568
v -0.0016 -0.0097 1.568
v -0.0035 -0.1295 1.5306
v -0.1258 -0.1049 1.5036
v -0.0049 -0.218 1.4449
v -0.1258 -0.1049 1.5036
v -0.0035 -0.1295 1.5306
v -0.0049 -0.218 1.4449
v -0.0035 -0.1295 1.5306
v 0.1196 -0.1089 1.5036
v 0.1196 -0.1089 1.5036
v 0.1403 -0.1439 1.4598
v -0.0049 -0.218 1.4449
v 0.1403 -0.1439 1.4598
v 0.1196 -0.1089 1.5036
v 0.1315 0.1587 1.4608
v 0.1809 -0.0032 1.3624
v 0.1976 0.1456 1.2975
v 0.1663 0.136 1.2562
v 0.1663 0.136 1.2562
v 0.0999 0.1381 1.2596
v 0.1314 0.2516 1.215
v 0.1584 0.2029 1.3231
v 0.0999 0.1381 1.2596
v 0.1663 0.136 1.2562
v 0.1663 0.136 1.2562
v 0.1976 0.1456 1.2975
v 0.1584 0.2029 1.3231
v 0.1584 0.2029 1.3231
v 0.1976 0.1456 1.2975
v 0.1315 0.1587 1.4608
v 0.1315 0.1587 1.4608
v 0.1976 0.1456 1.2975
v 0.1809 -0.0032 1.3624
v 0.1315 0.1587 1.4608
v 0.1809 -0.0032 1.3624
v 0.1403 -0.1439 1.4598
v 0.1809 -0.0032 1.3624
v 0.1402 -0.1482 1.3527
v 0.1403 -0.1439 1.4598
v -0.0049 -0.218 1.4449
v 0.1403 -0.1439 1.4598
v 0.1402 -0.1482 1.3527
v 0.1402 -0.1482 1.3527
v -0.0046 -0.2012 1.3376
v -0.0049 -0.218 1.4449
v -0.0049 -0.218 1.4449
v -0.0046 -0.2012 1.3376
v -0.1477 -0.1436 1.3527
v 0.1017 0.2221 1.3062
v 0.1584 0.2029 1.3231
v 0.1315 0.1587 1.4608
v 0.0999 0.1381 1.2596
v 0.1584 0.2029 1.3231
v 0.1017 0.2221 1.3062
v 0.002 0.2121 1.2431
v 0.0027 0.2561 1.2693
v -0.0974 0.2253 1.3062
v 0.1017 0.2221 1.3062
v 0.0027 0.2561 1.2693
v 0.002 0.2121 1.2431
v 0.002 0.2121 1.2431
v 0.0284 0.1969 1.2455
v 0.1017 0.2221 1.3062
v 0.1017 0.2221 1.3062
v 0.0284 0.1969 1.2455
v 0.0999 0.1381 1.2596
v -0.0974 0.2253 1.3062
v -0.0249 0.1977 1.2455
v 0.002 0.2121 1.2431
v 0.0026 0.2491 1.2247
v 0.002 0.2121 1.2431
v -0.0249 0.1977 1.2455
v 0.0284 0.1969 1.2455
v 0.002 0.2121 1.2431
v 0.0026 0.2491 1.2247
v 0.0026 0.2491 1.2247
v 0.0244 0.226 1.2216
v 0.0284 0.1969 1.2455
v 0.0999 0.1381 1.2596
v 0.0284 0.1969 1.2455
v 0.0244 0.226 1.2216
v 0.1314 0.2516 1.215
v 0.2177 0.1822 1.2153
v 0.1663 0.136 1.2562
v 0.0244 0.226 1.2216
v 0.1314 0.2516 1.215
v 0.0999 0.1381 1.2596
v -0.02 0.2268 1.2216
v 0.0019 0.2085 1.1604
v 0.0026 0.2491 1.2247
v 0.0244 0.226 1.2216
v 0.0026 0.2491 1.2247
v 0.0019 0.2085 1.1604
v 0.0019 0.2085 1.1604
v 0.0414 0.2201 1.1396
v 0.0244 0.226 1.2216
v 0.1314 0.2516 1.215
v 0.0244 0.226 1.2216
v 0.0414 0.2201 1.1396
v 0.0414 0.2201 1.1396
v 0.1703 0.1167 1.1611
v 0.1314 0.2516 1.215
v 0.2177 0.1822 1.2153
v 0.1314 0.2516 1.215
v 0.1703 0.1167 1.1611
v 0.1703 0.1167 1.1611
v 0.1813 0.0597 1.2287
v 0.2177 0.1822 1.2153
v 0.1663 0.136 1.2562
v 0.2177 0.1822 1.2153
v 0.1813 0.0597 1.2287
v 0.1813 0.0597 1.2287
v 0.1584 0.026 1.3003
v 0.1663 0.136 1.2562
v 0.1663 0.136 1.2562
v 0.1584 0.026 1.3003
v 0.1809 -0.0032 1.3624
v 0.0538 0.0171 -0.6843
v -0.0015 -0.0054 -0.6913
v -0.0018 -0.0231 -0.5317
v -0.002 -0.0363 0.8309
v 0.0743 0.0369 0.8412
v 0.0501 0.0836 0.451
v 0.0007 0.1343 0.4558
v 0.0501 0.0836 0.451
v 0.0743 0.0369 0.8412
v 0.0501 0.0836 0.451
v 0.0007 0.1343 0.4558
v 0.0003 0.1039 0.0964
v -0.0507 0.0546 0.0959
v 0.0003 0.1039 0.0964
v 0.0007 0.1343 0.4558
v 0.0003 0.1039 0.0964
v -0.0507 0.0546 0.0959
v -0.0564 0.0308 -0.2511
v -0.0018 -0.0255 -0.2522
v -0.0564 0.0308 -0.2511
v -0.0507 0.0546 0.0959
v -0.0564 0.0308 -0.2511
v -0.0018 -0.0255 -0.2522
v -0.0018 -0.0231 -0.5317
v 0.0654 0.041 -0.5202
v -0.0018 -0.0231 -0.5317
v -0.0018 -0.0255 -0.2522
v -0.0018 -0.0231 -0.5317
v 0.0654 0.041 -0.5202
v 0.0538 0.0171 -0.6843
v 0.0654 0.041 -0.5202
v 0.0787 0.0705 -0.6744
v 0.0538 0.0171 -0.6843
v -0.0759 0.0393 0.8412
v -0.002 -0.0363 0.8309
v -0.0009 0.0345 0.4463
v 0.0501 0.0836 0.451
v -0.0009 0.0345 0.4463
v -0.002 -0.0363 0.8309
v -0.0009 0.0345 0.4463
v 0.0501 0.0836 0.451
v 0.0496 0.053 0.0959
v 0.0003 0.1039 0.0964
v 0.0496 0.053 0.0959
v 0.0501 0.0836 0.451
v 0.0496 0.053 0.0959
v 0.0003 0.1039 0.0964
v 0 0.0853 -0.2501
v -0.0564 0.0308 -0.2511
v 0 0.0853 -0.2501
v 0.0003 0.1039 0.0964
v 0 0.0853 -0.2501
v -0.0564 0.0308 -0.2511
v -0.0669 0.0431 -0.5202
v -0.0018 -0.0231 -0.5317
v -0.0669 0.0431 -0.5202
v -0.0564 0.0308 -0.2511
v -0.0669 0.0431 -0.5202
v -0.0018 -0.0231 -0.5317
v -0.056 0.0188 -0.6843
v -0.0018 -0.0231 -0.5317
v -0.0015 -0.0054 -0.6913
v -0.056 0.0188 -0.6843
v -0.0915 -0.0355 1.2773
v -0.0034 -0.125 1.2612
v -0.002 -0.0363 0.8309
v 0.0743 0.0369 0.8412
v -0.002 -0.0363 0.8309
v -0.0034 -0.125 1.2612
v -0.0006 0.0511 1.2934
v -0.0915 -0.0355 1.2773
v -0.0759 0.0393 0.8412
v -0.002 -0.0363 0.8309
v -0.0759 0.0393 0.8412
v -0.0915 -0.0355 1.2773
v 0.0875 -0.0384 1.2773
v -0.0006 0.0511 1.2934
v 0.0004 0.1125 0.8515
v -0.0759 0.0393 0.8412
v 0.0004 0.1125 0.8515
v -0.0006 0.0511 1.2934
v -0.056 0.0188 -0.6843
v -0.0792 0.0731 -0.6744
v -0.0669 0.0431 -0.5202
v 0.0004 0.1125 0.8515
v -0.0759 0.0393 0.8412
v -0.0502 0.0852 0.451
v -0.0009 0.0345 0.4463
v -0.0502 0.0852 0.451
v -0.0759 0.0393 0.8412
v -0.0502 0.0852 0.451
v -0.0009 0.0345 0.4463
v -0.0014 0.0037 0.0955
v 0.0496 0.053 0.0959
v -0.0014 0.0037 0.0955
v -0.0009 0.0345 0.4463
v -0.0014 0.0037 0.0955
v 0.0496 0.053 0.0959
v 0.0545 0.029 -0.2511
v 0 0.0853 -0.2501
v 0.0545 0.029 -0.2511
v 0.0496 0.053 0.0959
v 0.0545 0.029 -0.2511
v 0 0.0853 -0.2501
v 0.0003 0.1072 -0.5087
v -0.0669 0.0431 -0.5202
v 0.0003 0.1072 -0.5087
v 0 0.0853 -0.2501
v 0.0003 0.1072 -0.5087
v -0.0669 0.0431 -0.5202
v -0.0543 0.1265 -0.6645
v -0.0669 0.0431 -0.5202
v -0.0792 0.0731 -0.6744
v -0.0543 0.1265 -0.6645
v -0.0543 0.1265 -0.6645
v 0.001 0.1489 -0.6575
v 0.0003 0.1072 -0.5087
v 0.0555 0.1247 -0.6645
v 0.0787 0.0705 -0.6744
v 0.0654 0.041 -0.5202
v 0.0003 0.1072 -0.5087
v 0.001 0.1489 -0.6575
v 0.0555 0.1247 -0.6645
v 0.0654 0.041 -0.5202
v 0.0003 0.1072 -0.5087
v 0.0555 0.1247 -0.6645
v 0.0003 0.1072 -0.5087
v 0.0654 0.041 -0.5202
v 0.0545 0.029 -0.2511
v -0.0018 -0.0255 -0.2522
v 0.0545 0.029 -0.2511
v 0.0654 0.041 -0.5202
v 0.0545 0.029 -0.2511
v -0.0018 -0.0255 -0.2522
v -0.0014 0.0037 0.0955
v -0.0507 0.0546 0.0959
v -0.0014 0.0037 0.0955
v -0.0018 -0.0255 -0.2522
v -0.0014 0.0037 0.0955
v -0.0507 0.0546 0.0959
v -0.0502 0.0852 0.451
v 0.0007 0.1343 0.4558
v -0.0502 0.0852 0.451
v -0.0507 0.0546 0.0959
v -0.0502 0.0852 0.451
v 0.0007 0.1343 0.4558
v 0.0004 0.1125 0.8515
v 0.0743 0.0369 0.8412
v 0.0004 0.1125 0.8515
v 0.0007 0.1343 0.4558
v 0.0004 0.1125 0.8515
v 0.0743 0.0369 0.8412
v 0.0875 -0.0384 1.2773
v -0.0034 -0.125 1.2612
v 0.0875 -0.0384 1.2773
v 0.0743 0.0369 0.8412
v 0.1527 0.1161 1.3242
v 0.0012 0.1655 1.2086
v -0.0002 0.0746 1.1537
v 0.1324 -0.0917 1.3944
v 0.1018 -0.0175 1.4013
v 0.1527 0.1161 1.3242
v 0.0273 -0.0828 1.2497
v -0.0026 -0.0745 1.2504
v -0.0023 -0.0574 1.3733
v -0.0002 0.0746 1.1537
v -0.0026 -0.0745 1.2504
v 0.0273 -0.0828 1.2497
v 0.0273 -0.0828 1.2497
v 0.1075 -0.0063 1.2227
v -0.0002 0.0746 1.1537
v -0.0002 0.0746 1.1537
v 0.1075 -0.0063 1.2227
v 0.1527 0.1161 1.3242
v 0.1975 -0.0883 1.3049
v 0.1527 0.1161 1.3242
v 0.1075 -0.0063 1.2227
v 0.1527 0.1161 1.3242
v 0.1975 -0.0883 1.3049
v 0.1324 -0.0917 1.3944
v 0.1075 -0.0063 1.2227
v 0.1325 -0.0827 1.2155
v 0.1975 -0.0883 1.3049
v 0.0273 -0.0828 1.2497
v 0.1325 -0.0827 1.2155
v 0.1075 -0.0063 1.2227
v 0.0273 -0.0828 1.2497
v 0.0288 -0.4989 1.2158
v 0.1228 -0.4952 1.1857
v 0.1228 -0.4952 1.1857
v 0.1325 -0.0827 1.2155
v 0.0273 -0.0828 1.2497
v 0.1325 -0.0827 1.2155
v 0.1228 -0.4952 1.1857
v 0.1805 -0.5097 1.2645
v 0.1805 -0.5097 1.2645
v 0.1975 -0.0883 1.3049
v 0.1325 -0.0827 1.2155
v 0.1975 -0.0883 1.3049
v 0.1805 -0.5097 1.2645
v 0.1223 -0.5224 1.3432
v 0.1223 -0.5224 1.3432
v 0.1324 -0.0917 1.3944
v 0.1975 -0.0883 1.3049
v 0.1324 -0.0917 1.3944
v 0.1223 -0.5224 1.3432
v 0.0286 -0.5157 1.3131
v 0.0286 -0.5157 1.3131
v 0.0273 -0.0882 1.3602
v 0.1324 -0.0917 1.3944
v 0.0783 -0.9341 1.1114
v 0.1228 -0.4952 1.1857
v 0.0288 -0.4989 1.2158
v 0.1228 -0.4952 1.1857
v 0.0783 -0.9341 1.1114
v 0.1176 -0.9526 1.1635
v 0.1176 -0.9526 1.1635
v 0.1805 -0.5097 1.2645
v 0.1228 -0.4952 1.1857
v 0.1805 -0.5097 1.2645
v 0.1176 -0.9526 1.1635
v 0.0777 -0.9698 1.2156
v 0.0777 -0.9698 1.2156
v 0.1223 -0.5224 1.3432
v 0.1805 -0.5097 1.2645
v 0.1223 -0.5224 1.3432
v 0.0777 -0.9698 1.2156
v 0.0136 -0.9619 1.1957
v 0.0136 -0.9619 1.1957
v 0.0286 -0.5157 1.3131
v 0.1223 -0.5224 1.3432
v 0.0286 -0.5157 1.3131
v 0.0136 -0.9619 1.1957
v 0.014 -0.9399 1.1313
v 0.0136 -0.9619 1.1957
v 0.0049 -1.2738 1.0511
v 0.014 -0.9399 1.1313
v 0.0777 -0.9698 1.2156
v 0.0049 -1.2738 1.0511
v 0.0136 -0.9619 1.1957
v 0.1176 -0.9526 1.1635
v 0.0049 -1.2738 1.0511
v 0.0777 -0.9698 1.2156
v 0.0783 -0.9341 1.1114
v 0.0049 -1.2738 1.0511
v 0.1176 -0.9526 1.1635
v 0.014 -0.9399 1.1313
v 0.0049 -1.2738 1.0511
v 0.0783 -0.9341 1.1114
v 0.0288 -0.4989 1.2158
v 0.014 -0.9399 1.1313
v 0.0783 -0.9341 1.1114
v 0.014 -0.9399 1.1313
v 0.0288 -0.4989 1.2158
v 0.0286 -0.5157 1.3131
v 0.0273 -0.0882 1.3602
v 0.0286 -0.5157 1.3131
v 0.0288 -0.4989 1.2158
v -0.0023 -0.0574 1.3733
v 0.0273 -0.0882 1.3602
v 0.0273 -0.0828 1.2497
v 0.0288 -0.4989 1.2158
v 0.0273 -0.0828 1.2497
v 0.0273 -0.0882 1.3602
v -0.0002 0.0746 1.1537
v -0.0327 -0.0818 1.2497
v -0.0026 -0.0745 1.2504
v -0.0023 -0.0574 1.3733
v -0.0026 -0.0745 1.2504
v -0.0327 -0.0818 1.2497
v -0.0327 -0.0818 1.2497
v -0.0329 -0.0873 1.3602
v -0.0023 -0.0574 1.3733
v -0.0002 0.0746 1.1537
v 0.0012 0.1655 1.2086
v -0.1517 0.121 1.3242
v -0.1517 0.121 1.3242
v -0.1105 -0.0028 1.2227
v -0.0002 0.0746 1.1537
v -0.0327 -0.0818 1.2497
v -0.0002 0.0746 1.1537
v -0.1105 -0.0028 1.2227
v -0.1517 0.121 1.3242
v -0.1051 -0.0142 1.4013
v -0.1381 -0.0874 1.3944
v -0.1381 -0.0874 1.3944
v -0.203 -0.0818 1.3049
v -0.1517 0.121 1.3242
v -0.1105 -0.0028 1.2227
v -0.1517 0.121 1.3242
v -0.203 -0.0818 1.3049
v -0.203 -0.0818 1.3049
v -0.1379 -0.0784 1.2155
v -0.1105 -0.0028 1.2227
v -0.0329 -0.0873 1.3602
v -0.0327 -0.0818 1.2497
v -0.0477 -0.4977 1.2158
v -0.0477 -0.4977 1.2158
v -0.0479 -0.5144 1.3131
v -0.0329 -0.0873 1.3602
v -0.1381 -0.0874 1.3944
v -0.0329 -0.0873 1.3602
v -0.0479 -0.5144 1.3131
v -0.0479 -0.5144 1.3131
v -0.1418 -0.5181 1.3432
v -0.1381 -0.0874 1.3944
v -0.203 -0.0818 1.3049
v -0.1381 -0.0874 1.3944
v -0.1418 -0.5181 1.3432
v -0.0479 -0.5144 1.3131
v -0.0477 -0.4977 1.2158
v -0.047 -0.9389 1.1313
v -0.047 -0.9389 1.1313
v -0.0473 -0.9609 1.1957
v -0.0479 -0.5144 1.3131
v -0.1418 -0.5181 1.3432
v -0.0479 -0.5144 1.3131
v -0.0473 -0.9609 1.1957
v -0.151 -0.9483 1.1635
v -0.1116 -0.9667 1.2156
v -0.0486 -1.2729 1.0511
v -0.1116 -0.9667 1.2156
v -0.151 -0.9483 1.1635
v -0.1996 -0.5036 1.2645
v -0.1418 -0.5181 1.3432
v -0.1996 -0.5036 1.2645
v -0.203 -0.0818 1.3049
v -0.1379 -0.0784 1.2155
v -0.203 -0.0818 1.3049
v -0.1996 -0.5036 1.2645
v -0.1996 -0.5036 1.2645
v -0.1414 -0.491 1.1857
v -0.1379 -0.0784 1.2155
v -0.1414 -0.491 1.1857
v -0.1996 -0.5036 1.2645
v -0.151 -0.9483 1.1635
v -0.151 -0.9483 1.1635
v -0.1111 -0.931 1.1114
v -0.1414 -0.491 1.1857
v -0.1111 -0.931 1.1114
v -0.151 -0.9483 1.1635
v -0.0486 -1.2729 1.0511
v -0.1996 -0.5036 1.2645
v -0.1418 -0.5181 1.3432
v -0.1116 -0.9667 1.2156
v -0.0473 -0.9609 1.1957
v -0.1116 -0.9667 1.2156
v -0.1418 -0.5181 1.3432
v -0.1116 -0.9667 1.2156
v -0.0473 -0.9609 1.1957
v -0.0486 -1.2729 1.0511
v -0.0473 -0.9609 1.1957
v -0.047 -0.9389 1.1313
v -0.0486 -1.2729 1.0511
v -0.047 -0.9389 1.1313
v -0.1111 -0.931 1.1114
v -0.0486 -1.2729 1.0511
v -0.1111 -0.931 1.1114
v -0.047 -0.9389 1.1313
v -0.0477 -0.4977 1.2158
v -0.0477 -0.4977 1.2158
v -0.1414 -0.491 1.1857
v -0.1111 -0.931 1.1114
v -0.1414 -0.491 1.1857
v -0.0477 -0.4977 1.2158
v -0.0327 -0.0818 1.2497
v -0.0327 -0.0818 1.2497
v -0.1379 -0.0784 1.2155
v -0.1414 -0.491 1.1857
v -0.0327 -0.0818 1.2497
v -0.1105 -0.0028 1.2227
v -0.1379 -0.0784 1.2155
v 0.0866 0.2649 1.282
v 0.0809 0.2327 1.2671
v 0.0452 0.267 1.241
v 0.0866 0.2649 1.282
v 0.1436 0.2308 1.2607
v 0.0809 0.2327 1.2671
v 0.1436 0.2308 1.2607
v 0.0866 0.2649 1.282
v 0.0849 0.2916 1.226
v 0.1436 0.2308 1.2607
v 0.0849 0.2916 1.226
v 0.0809 0.2327 1.2671
v 0.0452 0.267 1.241
v 0.0809 0.2327 1.2671
v 0.0849 0.2916 1.226
v 0.0452 0.267 1.241
v 0.0849 0.2916 1.226
v 0.0866 0.2649 1.282
v -0.0735 0.287 1.2214
v -0.0328 0.26 1.2371
v -0.0761 0.2592 1.2799
v -0.0713 0.2254 1.2644
v -0.0761 0.2592 1.2799
v -0.0328 0.26 1.2371
v -0.1368 0.2255 1.2576
v -0.0761 0.2592 1.2799
v -0.0713 0.2254 1.2644
v -0.0761 0.2592 1.2799
v -0.1368 0.2255 1.2576
v -0.0735 0.287 1.2214
v -0.0735 0.287 1.2214
v -0.1368 0.2255 1.2576
v -0.0713 0.2254 1.2644
v -0.0713 0.2254 1.2644
v -0.0328 0.26 1.2371
v -0.0735 0.287 1.2214
vt 0.842 1.1439
vt 0.8396 1.1675
vt 0.842 1.1439
vt 0.2536 1.0216
vt 0.2537 1.0464
vt 0.3941 1.0405
vt 0.3948 1.0974
vt 0.3941 1.0405
vt 0.2537 1.0464
vt 0.2537 1.0464
vt 0.2167 1.0766
vt 0.3948 1.0974
vt 0.3941 1.0405
vt 0.3938 1.00970006
vt 0.2536 1.0216
vt 0.3938 1.00970006
vt 0.3941 1.0405
vt 0.5341 1.0291
vt 0.3941 1.0405
vt 0.3948 1.0974
vt 0.5341 1.0291
vt 0.3948 1.0974
vt 0.3941 1.0405
vt 0.5341 1.0291
vt 0.3941 1.0405
vt 0.3948 1.0974
vt 0.2167 1.0766
vt 0.2167 1.0766
vt 0.2537 1.0464
vt 0.3941 1.0405
vt 0.2536 1.0216
vt 0.2537 1.0464
vt 0.3941 1.0405
vt 0.3948 1.0974
vt 0.3941 1.0405
vt 0.2537 1.0464
vt 0.2537 1.0464
vt 0.2167 1.0766
vt 0.3948 1.0974
vt 0.3941 1.0405
vt 0.3938 1.00970006
vt 0.2536 1.0216
vt 0.3938 1.00970006
vt 0.3941 1.0405
vt 0.5341 1.0291
vt 0.3941 1.0405
vt 0.3948 1.0974
vt 0.5341 1.0291
vt 0.3948 1.0974
vt 0.3941 1.0405
vt 0.5341 1.0291
vt 0.3941 1.0405
vt 0.3948 1.0974
vt 0.2167 1.0766
vt 0.2167 1.0766
vt 0.2537 1.0464
vt 0.3941 1.0405
vt 0.3754 1.4691
vt 0.5036 1.5709
vt 0.6143 1.4329
vt 0.7951 1.29559994
vt 0.7458 1.4625
vt 0.8476 1.4556
vt 0.7458 1.4625
vt 0.7951 1.29559994
vt 0.667 1.1994
vt 0.667 1.1994
vt 0.6143 1.4329
vt 0.7458 1.4625
vt 0.5038 1.26399994
vt 0.6143 1.4329
vt 0.667 1.1994
vt 0.6143 1.4329
vt 0.5038 1.26399994
vt 0.3754 1.4691
vt 0.725 1.8031
vt 0.7356 1.7765
vt 0.7262 1.72149992
vt 0.7813 1.5352
vt 0.8476 1.4556
vt 0.7458 1.4625
vt 0.7458 1.4625
vt 0.7563 1.6055
vt 0.7813 1.5352
vt 0.7563 1.6055
vt 0.7458 1.4625
vt 0.7194 1.5946
vt 0.7194 1.5946
vt 0.7262 1.72149992
vt 0.7563 1.6055
vt 0.7194 1.5946
vt 0.7062 1.7316
vt 0.7262 1.72149992
vt 0.7262 1.72149992
vt 0.7062 1.7316
vt 0.725 1.8031
vt 0.6143 1.4329
vt 0.5036 1.5709
vt 0.5701 1.71090007
vt 0.7458 1.4625
vt 0.725 1.8031
vt 0.6068 1.8756
vt 0.611 1.981
vt 0.7062 1.7316
vt 0.6068 1.8756
vt 0.725 1.8031
vt 0.7194 1.5946
vt 0.6143 1.4329
vt 0.5036 1.5709
vt 0.3754 1.4691
vt 0.3754 1.4691
vt 0.5038 1.26399994
vt 0.6143 1.4329
vt 0.5038 1.26399994
vt 0.667 1.1994
vt 0.6143 1.4329
vt 0.7458 1.4625
vt 0.6143 1.4329
vt 0.667 1.1994
vt 0.667 1.1994
vt 0.7951 1.29559994
vt 0.7458 1.4625
vt 0.7951 1.29559994
vt 0.8476 1.4556
vt 0.7458 1.4625
vt 0.5036 1.5709
vt 0.3754 1.4691
vt 0.5036 1.5709
vt 0.5701 1.71090007
vt 0.5036 1.5709
vt 0.5036 1.5709
vt 0.5701 1.71090007
vt 0.6068 1.8756
vt 0.5701 1.71090007
vt 0.5701 1.71090007
vt 0.6068 1.8756
vt 0.611 1.981
vt 0.6068 1.8756
vt 0.6068 1.8756
vt 0.611 1.981
vt 0.6143 1.4329
vt 0.5036 1.5709
vt 0.3754 1.4691
vt 0.3754 1.4691
vt 0.5038 1.26399994
vt 0.6143 1.4329
vt 0.5038 1.26399994
vt 0.667 1.1994
vt 0.6143 1.4329
vt 0.7458 1.4625
vt 0.6143 1.4329
vt 0.667 1.1994
vt 0.667 1.1994
vt 0.7951 1.29559994
vt 0.7458 1.4625
vt 0.7951 1.29559994
vt 0.8476 1.4556
vt 0.7458 1.4625
vt 0.7262 1.72149992
vt 0.7356 1.7765
vt 0.725 1.8031
vt 0.725 1.8031
vt 0.7062 1.7316
vt 0.7262 1.72149992
vt 0.7194 1.5946
vt 0.7262 1.72149992
vt 0.7062 1.7316
vt 0.7563 1.6055
vt 0.7262 1.72149992
vt 0.7194 1.5946
vt 0.7194 1.5946
vt 0.7458 1.4625
vt 0.7563 1.6055
vt 0.7813 1.5352
vt 0.7563 1.6055
vt 0.7458 1.4625
vt 0.7458 1.4625
vt 0.8476 1.4556
vt 0.7813 1.5352
vt 0.6143 1.4329
vt 0.5701 1.71090007
vt 0.5036 1.5709
vt 0.7458 1.4625
vt 0.7194 1.5946
vt 0.7062 1.7316
vt 0.6068 1.8756
vt 0.725 1.8031
vt 0.725 1.8031
vt 0.611 1.981
vt 0.6068 1.8756
vt 0.3754 1.4691
vt 0.5036 1.5709
vt 0.6143 1.4329
vt 0.7951 1.29559994
vt 0.7458 1.4625
vt 0.8476 1.4556
vt 0.7458 1.4625
vt 0.7951 1.29559994
vt 0.667 1.1994
vt 0.667 1.1994
vt 0.6143 1.4329
vt 0.7458 1.4625
vt 0.5038 1.26399994
vt 0.6143 1.4329
vt 0.667 1.1994
vt 0.6143 1.4329
vt 0.5038 1.26399994
vt 0.3754 1.4691
vt 0.611 1.981
vt 0.611 1.981
vt 0.6068 1.8756
vt 0.6068 1.8756
vt 0.6068 1.8756
vt 0.6068 1.8756
vt 0.5701 1.71090007
vt 0.5701 1.71090007
vt 0.5701 1.71090007
vt 0.5701 1.71090007
vt 0.5036 1.5709
vt 0.5036 1.5709
vt 0.5036 1.5709
vt 0.5036 1.5709
vt 0.3754 1.4691
vt 0.725 1.8031
vt 0.7356 1.7765
vt 0.7262 1.72149992
vt 0.7262 1.72149992
vt 0.7062 1.7316
vt 0.725 1.8031
vt 0.7194 1.5946
vt 0.7062 1.7316
vt 0.7262 1.72149992
vt 0.7194 1.5946
vt 0.7262 1.72149992
vt 0.7563 1.6055
vt 0.7563 1.6055
vt 0.7458 1.4625
vt 0.7194 1.5946
vt 0.7458 1.4625
vt 0.7563 1.6055
vt 0.7813 1.5352
vt 0.7813 1.5352
vt 0.8476 1.4556
vt 0.7458 1.4625
vt 0.6143 1.4329
vt 0.5036 1.5709
vt 0.5701 1.71090007
vt 0.7458 1.4625
vt 0.725 1.8031
vt 0.6068 1.8756
vt 0.611 1.981
vt 0.7062 1.7316
vt 0.6068 1.8756
vt 0.725 1.8031
vt 0.7194 1.5946
vt 0.8954 1.1704
vt 0.9175 1.24250007
vt 0.8455 1.1868
vt 0.9175 1.24250007
vt 0.8954 1.1704
vt 0.9807 1.0168
vt 0.9807 1.0168
vt 0.9443 1.1993
vt 0.9175 1.24250007
vt 0.8455 1.1868
vt 0.9175 1.24250007
vt 0.8858 1.3418
vt 0.8858 1.3418
vt 0.9175 1.24250007
vt 0.9703 1.39700007
vt 0.9703 1.39700007
vt 0.9892 1.5077
vt 0.8858 1.3418
vt 0.9807 1.0168
vt 0.9892 1.5077
vt 0.9703 1.39700007
vt 0.9703 1.39700007
vt 0.9443 1.1993
vt 0.9807 1.0168
vt 0.9443 1.1993
vt 0.9703 1.39700007
vt 0.9175 1.24250007
vt 0.8858 1.3418
vt 0.9892 1.5077
vt 0.9703 1.39700007
vt 0.9703 1.39700007
vt 0.9175 1.24250007
vt 0.8858 1.3418
vt 0.8455 1.1868
vt 0.8858 1.3418
vt 0.9175 1.24250007
vt 0.9807 1.0168
vt 0.9443 1.1993
vt 0.9703 1.39700007
vt 0.9703 1.39700007
vt 0.9892 1.5077
vt 0.9807 1.0168
vt 0.9443 1.1993
vt 0.9175 1.24250007
vt 0.9703 1.39700007
vt 0.4107 1.69199991
vt 0.4034 1.648
vt 0.3352 1.6719
vt 0.3352 1.6719
vt 0.306 1.70219994
vt 0.4107 1.69199991
vt 0.306 1.70219994
vt 0.3569 1.7298
vt 0.4339 1.73040009
vt 0.4339 1.73040009
vt 0.4107 1.69199991
vt 0.306 1.70219994
vt 0.4339 1.73040009
vt 0.57 1.7473
vt 0.4107 1.69199991
vt 0.4107 1.69199991
vt 0.57 1.7473
vt 0.4034 1.648
vt 0.3366 1.5338
vt 0.3437 1.544
vt 0.3189 1.5455
vt 0.3189 1.5455
vt 0.3115 1.5358
vt 0.3366 1.5338
vt 0.3115 1.5358
vt 0.3122 1.52749991
vt 0.3338 1.5208
vt 0.3338 1.5208
vt 0.3366 1.5338
vt 0.3115 1.5358
vt 0.3338 1.5208
vt 0.3867 1.5504
vt 0.3366 1.5338
vt 0.3366 1.5338
vt 0.3867 1.5504
vt 0.3437 1.544
vt 0.4025 1.5283
vt 0.4004 1.5439
vt 0.425 1.5301
vt 0.4025 1.5283
vt 0.425 1.5301
vt 0.4004 1.5439
vt 0.9497 1.6144
vt 0.9231 1.5633
vt 0.896 1.4006
vt 0.896 1.4006
vt 0.995 1.5891
vt 0.9497 1.6144
vt 0.9244 1.71950006
vt 0.9497 1.6144
vt 0.995 1.5891
vt 0.995 1.5891
vt 0.9597 1.7491
vt 0.9244 1.71950006
vt 0.9001 1.7802
vt 0.9244 1.71950006
vt 0.9597 1.7491
vt 0.9597 1.7491
vt 0.9153 1.8687
vt 0.9001 1.7802
vt 0.6143 1.4329
vt 0.5036 1.5709
vt 0.3754 1.4691
vt 0.3754 1.4691
vt 0.5038 1.26399994
vt 0.6143 1.4329
vt 0.5038 1.26399994
vt 0.667 1.1994
vt 0.6143 1.4329
vt 0.7458 1.4625
vt 0.6143 1.4329
vt 0.667 1.1994
vt 0.667 1.1994
vt 0.7951 1.29559994
vt 0.7458 1.4625
vt 0.7951 1.29559994
vt 0.8476 1.4556
vt 0.7458 1.4625
vt 0.725 1.8031
vt 0.7062 1.7316
vt 0.7262 1.72149992
vt 0.7194 1.5946
vt 0.7262 1.72149992
vt 0.7062 1.7316
vt 0.7563 1.6055
vt 0.7262 1.72149992
vt 0.7194 1.5946
vt 0.7194 1.5946
vt 0.7458 1.4625
vt 0.7563 1.6055
vt 0.7813 1.5352
vt 0.7563 1.6055
vt 0.7458 1.4625
vt 0.7458 1.4625
vt 0.8476 1.4556
vt 0.7813 1.5352
vt 0.6143 1.4329
vt 0.5701 1.71090007
vt 0.5036 1.5709
vt 0.7458 1.4625
vt 0.896 1.4006
vt 0.9231 1.5633
vt 0.9497 1.6144
vt 0.9497 1.6144
vt 0.995 1.5891
vt 0.896 1.4006
vt 0.995 1.5891
vt 0.9497 1.6144
vt 0.9244 1.71950006
vt 0.9244 1.71950006
vt 0.9597 1.7491
vt 0.995 1.5891
vt 0.9597 1.7491
vt 0.9244 1.71950006
vt 0.9001 1.7802
vt 0.9001 1.7802
vt 0.9153 1.8687
vt 0.9597 1.7491
vt 0.3754 1.4691
vt 0.5036 1.5709
vt 0.6143 1.4329
vt 0.7951 1.29559994
vt 0.7458 1.4625
vt 0.8476 1.4556
vt 0.7458 1.4625
vt 0.7951 1.29559994
vt 0.667 1.1994
vt 0.667 1.1994
vt 0.6143 1.4329
vt 0.7458 1.4625
vt 0.5038 1.26399994
vt 0.6143 1.4329
vt 0.667 1.1994
vt 0.6143 1.4329
vt 0.5038 1.26399994
vt 0.3754 1.4691
vt 0.611 1.981
vt 0.611 1.981
vt 0.6068 1.8756
vt 0.6068 1.8756
vt 0.6068 1.8756
vt 0.6068 1.8756
vt 0.5701 1.71090007
vt 0.5701 1.71090007
vt 0.5701 1.71090007
vt 0.5701 1.71090007
vt 0.5036 1.5709
vt 0.5036 1.5709
vt 0.5036 1.5709
vt 0.5036 1.5709
vt 0.3754 1.4691
vt 0.8396 1.6811
vt 0.8384 1.5718
vt 0.8123 1.6252
vt 0.7859 1.68000007
vt 0.8396 1.6811
vt 0.8123 1.6252
vt 0.786 1.5712
vt 0.7859 1.68000007
vt 0.8123 1.6252
vt 0.8384 1.5718
vt 0.786 1.5712
vt 0.8123 1.6252
vt 0.8396 1.6811
vt 0.8384 1.5718
vt 0.8123 1.6252
vt 0.7859 1.68000007
vt 0.8396 1.6811
vt 0.8123 1.6252
vt 0.786 1.5712
vt 0.7859 1.68000007
vt 0.8123 1.6252
vt 0.8384 1.5718
vt 0.786 1.5712
vt 0.8123 1.6252
vt 0.8396 1.6811
vt 0.8384 1.5718
vt 0.8123 1.6252
vt 0.7859 1.68000007
vt 0.8396 1.6811
vt 0.8123 1.6252
vt 0.786 1.5712
vt 0.7859 1.68000007
vt 0.8123 1.6252
vt 0.8384 1.5718
vt 0.786 1.5712
vt 0.8123 1.6252
vt 0.8504 1.0125
vt 0.8479 1.036
vt 0.8479 1.036
vt 0.8479 1.036
vt 0.845 1.09
vt 0.8479 1.036
vt 0.845 1.09
vt 0.845 1.09
vt 0.842 1.1439
vt 0.845 1.09
vt 0.842 1.1439
vt 0.1831 1.2641
vt 0.1158 1.2641
vt 0.1158 1.3577
vt 0.1158 1.3577
vt 0.1901 1.3577
vt 0.1831 1.2641
vt 0.2926 1.2641
vt 0.1831 1.2641
vt 0.1901 1.3577
vt 0.1901 1.3577
vt 0.2926 1.3577
vt 0.2926 1.2641
vt 0.4177 1.2641
vt 0.2926 1.2641
vt 0.2926 1.3577
vt 0.4177 1.3577
vt 0.1158 1.3577
vt 0.1158 1.2641
vt 0.1831 1.2641
vt 0.1831 1.2641
vt 0.1901 1.3577
vt 0.1158 1.3577
vt 0.1901 1.3577
vt 0.1831 1.2641
vt 0.2926 1.2641
vt 0.2926 1.2641
vt 0.2926 1.3577
vt 0.1901 1.3577
vt 0.2926 1.3577
vt 0.2926 1.2641
vt 0.4177 1.2641
vt 0.4177 1.3577
vt 0.1156 1.3573
vt 0.1156 1.2632
vt 0.2807 1.2632
vt 0.2807 1.3573
vt 0.2807 1.3573
vt 0.2807 1.2632
vt 0.317 1.2632
vt 0.317 1.3573
vt 0.317 1.3573
vt 0.317 1.2632
vt 0.3597 1.2632
vt 0.3597 1.2632
vt 0.3597 1.3573
vt 0.317 1.3573
vt 0.3597 1.3573
vt 0.3597 1.2632
vt 0.4146 1.2632
vt 0.4146 1.2632
vt 0.4146 1.3573
vt 0.3597 1.3573
vt 0.3597 1.3573
vt 0.4146 1.3573
vt 0.4146 1.2632
vt 0.4146 1.2632
vt 0.3597 1.2632
vt 0.3597 1.3573
vt 0.317 1.3573
vt 0.3597 1.3573
vt 0.3597 1.2632
vt 0.3597 1.2632
vt 0.317 1.2632
vt 0.317 1.3573
vt 0.2807 1.3573
vt 0.317 1.3573
vt 0.317 1.2632
vt 0.2807 1.2632
vt 0.1156 1.3573
vt 0.2807 1.3573
vt 0.2807 1.2632
vt 0.1156 1.2632
vt 0.3948 1.0973
vt 0.5341 1.0291
vt 0.3941 1.0405
vt 0.3941 1.0405
vt 0.5341 1.0291
vt 0.3948 1.0973
vt 0.3938 1.00970006
vt 0.5341 1.0291
vt 0.3941 1.0405
vt 0.3941 1.0405
vt 0.2537 1.0464
vt 0.2167 1.0766
vt 0.2167 1.0766
vt 0.3948 1.0973
vt 0.3941 1.0405
vt 0.3948 1.0973
vt 0.2167 1.0766
vt 0.2537 1.0464
vt 0.2537 1.0464
vt 0.3941 1.0405
vt 0.3948 1.0973
vt 0.3941 1.0405
vt 0.2537 1.0464
vt 0.2536 1.0216
vt 0.2536 1.0216
vt 0.3938 1.00970006
vt 0.3941 1.0405
vt 0.3948 1.0973
vt 0.5341 1.0291
vt 0.3941 1.0405
vt 0.3941 1.0405
vt 0.5341 1.0291
vt 0.3948 1.0973
vt 0.3938 1.00970006
vt 0.5341 1.0291
vt 0.3941 1.0405
vt 0.3941 1.0405
vt 0.2537 1.0464
vt 0.2167 1.0766
vt 0.2167 1.0766
vt 0.3948 1.0973
vt 0.3941 1.0405
vt 0.3948 1.0973
vt 0.2167 1.0766
vt 0.2537 1.0464
vt 0.2537 1.0464
vt 0.3941 1.0405
vt 0.3948 1.0973
vt 0.3941 1.0405
vt 0.2537 1.0464
vt 0.2536 1.0216
vt 0.2536 1.0216
vt 0.3938 1.00970006
vt 0.3941 1.0405
vt 0.2536 1.0216
vt 0.2537 1.0464
vt 0.3941 1.0405
vt 0.3948 1.0974
vt 0.3941 1.0405
vt 0.2537 1.0464
vt 0.2537 1.0464
vt 0.2167 1.0766
vt 0.3948 1.0974
vt 0.3941 1.0405
vt 0.3938 1.00970006
vt 0.2536 1.0216
vt 0.3938 1.00970006
vt 0.3941 1.0405
vt 0.5341 1.0291
vt 0.3941 1.0405
vt 0.3948 1.0974
vt 0.5341 1.0291
vt 0.3948 1.0974
vt 0.3941 1.0405
vt 0.5341 1.0291
vt 0.3941 1.0405
vt 0.3948 1.0974
vt 0.2167 1.0766
vt 0.2167 1.0766
vt 0.2537 1.0464
vt 0.3941 1.0405
vt 0.2536 1.0216
vt 0.2537 1.0464
vt 0.3941 1.0405
vt 0.3948 1.0974
vt 0.3941 1.0405
vt 0.2537 1.0464
vt 0.2537 1.0464
vt 0.2167 1.0766
vt 0.3948 1.0974
vt 0.3941 1.0405
vt 0.3938 1.00970006
vt 0.2536 1.0216
vt 0.3938 1.00970006
vt 0.3941 1.0405
vt 0.5341 1.0291
vt 0.3941 1.0405
vt 0.3948 1.0974
vt 0.5341 1.0291
vt 0.3948 1.0974
vt 0.3941 1.0405
vt 0.5341 1.0291
vt 0.3941 1.0405
vt 0.3948 1.0974
vt 0.2167 1.0766
vt 0.2167 1.0766
vt 0.2537 1.0464
vt 0.3941 1.0405
vt 0.2536 1.0216
vt 0.2537 1.0464
vt 0.3941 1.0405
vt 0.3948 1.0974
vt 0.3941 1.0405
vt 0.2537 1.0464
vt 0.2537 1.0464
vt 0.2167 1.0766
vt 0.3948 1.0974
vt 0.3941 1.0405
vt 0.3938 1.00970006
vt 0.2536 1.0216
vt 0.3938 1.00970006
vt 0.3941 1.0405
vt 0.5341 1.0291
vt 0.3941 1.0405
vt 0.3948 1.0974
vt 0.5341 1.0291
vt 0.3948 1.0974
vt 0.3941 1.0405
vt 0.5341 1.0291
vt 0.3941 1.0405
vt 0.3948 1.0974
vt 0.2167 1.0766
vt 0.2167 1.0766
vt 0.2537 1.0464
vt 0.3941 1.0405
vt 0.2536 1.0216
vt 0.2537 1.0464
vt 0.3941 1.0405
vt 0.3948 1.0974
vt 0.3941 1.0405
vt 0.2537 1.0464
vt 0.2537 1.0464
vt 0.2167 1.0766
vt 0.3948 1.0974
vt 0.3941 1.0405
vt 0.3938 1.00970006
vt 0.2536 1.0216
vt 0.3938 1.00970006
vt 0.3941 1.0405
vt 0.5341 1.0291
vt 0.3941 1.0405
vt 0.3948 1.0974
vt 0.5341 1.0291
vt 0.3948 1.0974
vt 0.3941 1.0405
vt 0.5341 1.0291
vt 0.3941 1.0405
vt 0.3948 1.0974
vt 0.2167 1.0766
vt 0.2167 1.0766
vt 0.2537 1.0464
vt 0.3941 1.0405
vt 0.8954 1.1704
vt 0.8455 1.1868
vt 0.9175 1.24250007
vt 0.9807 1.0168
vt 0.8954 1.1704
vt 0.9175 1.24250007
vt 0.9175 1.24250007
vt 0.9443 1.1993
vt 0.9807 1.0168
vt 0.3352 1.6719
vt 0.4034 1.648
vt 0.4107 1.69199991
vt 0.4107 1.69199991
vt 0.306 1.70219994
vt 0.3352 1.6719
vt 0.4107 1.69199991
vt 0.4034 1.648
vt 0.57 1.7473
vt 0.4339 1.73040009
vt 0.4107 1.69199991
vt 0.57 1.7473
vt 0.306 1.70219994
vt 0.4107 1.69199991
vt 0.4339 1.73040009
vt 0.4339 1.73040009
vt 0.3569 1.7298
vt 0.306 1.70219994
vt 0.3189 1.5455
vt 0.3437 1.544
vt 0.3366 1.5338
vt 0.3366 1.5338
vt 0.3115 1.5358
vt 0.3189 1.5455
vt 0.3366 1.5338
vt 0.3437 1.544
vt 0.3867 1.5504
vt 0.3338 1.5208
vt 0.3366 1.5338
vt 0.3867 1.5504
vt 0.3115 1.5358
vt 0.3366 1.5338
vt 0.3338 1.5208
vt 0.3338 1.5208
vt 0.3122 1.52749991
vt 0.3115 1.5358
vt 0.8606 1.8295
vt 0.823 1.9508
vt 0.7937 1.99040008
vt 0.8757 1.7728
vt 0.9001 1.7802
vt 0.9153 1.8687
vt 0.7937 1.99040008
vt 0.8488 1.8178
vt 0.8606 1.8295
vt 0.8488 1.8178
vt 0.8757 1.7728
vt 0.8606 1.8295
vt 0.8857 1.8075
vt 0.8606 1.8295
vt 0.8757 1.7728
vt 0.9153 1.8687
vt 0.8857 1.8075
vt 0.8757 1.7728
vt 0.7937 1.99040008
vt 0.823 1.9508
vt 0.8606 1.8295
vt 0.9153 1.8687
vt 0.9001 1.7802
vt 0.8757 1.7728
vt 0.8757 1.7728
vt 0.8857 1.8075
vt 0.9153 1.8687
vt 0.8857 1.8075
vt 0.8757 1.7728
vt 0.8606 1.8295
vt 0.8488 1.8178
vt 0.8606 1.8295
vt 0.8757 1.7728
vt 0.8606 1.8295
vt 0.8488 1.8178
vt 0.7937 1.99040008
vt 0.9051 1.6356
vt 0.8634 1.748
vt 0.9001 1.7802
vt 0.9001 1.7802
vt 0.9244 1.71950006
vt 0.9051 1.6356
vt 0.9231 1.5633
vt 0.9051 1.6356
vt 0.9244 1.71950006
vt 0.9244 1.71950006
vt 0.9497 1.6144
vt 0.9231 1.5633
vt 0.7262 1.72149992
vt 0.7356 1.7765
vt 0.725 1.8031
vt 0.7458 1.4625
vt 0.8476 1.4556
vt 0.7813 1.5352
vt 0.7813 1.5352
vt 0.7563 1.6055
vt 0.7458 1.4625
vt 0.7194 1.5946
vt 0.7458 1.4625
vt 0.7563 1.6055
vt 0.7563 1.6055
vt 0.7262 1.72149992
vt 0.7194 1.5946
vt 0.7194 1.5946
vt 0.7262 1.72149992
vt 0.7062 1.7316
vt 0.725 1.8031
vt 0.7062 1.7316
vt 0.7262 1.72149992
vt 0.7194 1.5946
vt 0.5701 1.71090007
vt 0.7458 1.4625
vt 0.7062 1.7316
vt 0.6068 1.8756
vt 0.725 1.8031
vt 0.725 1.8031
vt 0.611 1.981
vt 0.6068 1.8756
vt 0.6143 1.4329
vt 0.5036 1.5709
vt 0.3948 1.0973
vt 0.5341 1.0291
vt 0.3941 1.0405
vt 0.3941 1.0405
vt 0.5341 1.0291
vt 0.3948 1.0973
vt 0.3938 1.00970006
vt 0.5341 1.0291
vt 0.3941 1.0405
vt 0.3941 1.0405
vt 0.2537 1.0464
vt 0.2167 1.0766
vt 0.2167 1.0766
vt 0.3948 1.0973
vt 0.3941 1.0405
vt 0.3948 1.0973
vt 0.2167 1.0766
vt 0.2537 1.0464
vt 0.2537 1.0464
vt 0.3941 1.0405
vt 0.3948 1.0973
vt 0.3941 1.0405
vt 0.2537 1.0464
vt 0.2536 1.0216
vt 0.2536 1.0216
vt 0.3938 1.00970006
vt 0.3941 1.0405
vt 0.2536 1.0216
vt 0.2537 1.0464
vt 0.3941 1.0405
vt 0.3948 1.0974
vt 0.3941 1.0405
vt 0.2537 1.0464
vt 0.2537 1.0464
vt 0.2167 1.0766
vt 0.3948 1.0974
vt 0.3941 1.0405
vt 0.3938 1.00970006
vt 0.2536 1.0216
vt 0.3938 1.00970006
vt 0.3941 1.0405
vt 0.5341 1.0291
vt 0.3941 1.0405
vt 0.3948 1.0974
vt 0.5341 1.0291
vt 0.3948 1.0974
vt 0.3941 1.0405
vt 0.5341 1.0291
vt 0.3941 1.0405
vt 0.3948 1.0974
vt 0.2167 1.0766
vt 0.2167 1.0766
vt 0.2537 1.0464
vt 0.3941 1.0405
vt 0.2993 1.5008
vt 0.3129 1.5157
vt 0.3226 1.5783
vt 0.3226 1.5783
vt 0.2802 1.5434
vt 0.2993 1.5008
vt 0.2993 1.5008
vt 0.2802 1.5434
vt 0.3226 1.5783
vt 0.3226 1.5783
vt 0.3129 1.5157
vt 0.2993 1.5008
vt 0.319 1.4863
vt 0.3129 1.5157
vt 0.3226 1.5783
vt 0.319 1.4863
vt 0.3226 1.5783
vt 0.3129 1.5157
vt 0.319 1.4863
vt 0.3411 1.5289
vt 0.3289 1.4862
vt 0.319 1.4863
vt 0.3226 1.5783
vt 0.3411 1.5289
vt 0.3457 1.5183
vt 0.3289 1.4862
vt 0.3411 1.5289
vt 0.3457 1.5183
vt 0.3411 1.5289
vt 0.3498 1.6007
vt 0.3226 1.5783
vt 0.3498 1.6007
vt 0.3411 1.5289
vt 0.3226 1.5783
vt 0.3411 1.5289
vt 0.3498 1.6007
vt 0.319 1.4863
vt 0.3411 1.5289
vt 0.3226 1.5783
vt 0.319 1.4863
vt 0.3289 1.4862
vt 0.3411 1.5289
vt 0.3457 1.5183
vt 0.3411 1.5289
vt 0.3289 1.4862
vt 0.3457 1.5183
vt 0.3498 1.6007
vt 0.3411 1.5289
vt 0.3457 1.5183
vt 0.3607 1.4864
vt 0.383 1.4959
vt 0.383 1.4959
vt 0.3498 1.6007
vt 0.3457 1.5183
vt 0.3498 1.6007
vt 0.383 1.4959
vt 0.4025 1.5283
vt 0.4025 1.5283
vt 0.4004 1.5439
vt 0.3498 1.6007
vt 0.4004 1.5439
vt 0.3789 1.6238
vt 0.3895 1.63190007
vt 0.3895 1.63190007
vt 0.3789 1.6238
vt 0.4004 1.5439
vt 0.4004 1.5439
vt 0.4141 1.548
vt 0.3895 1.63190007
vt 0.4141 1.548
vt 0.4004 1.5439
vt 0.425 1.5301
vt 0.3895 1.63190007
vt 0.4141 1.548
vt 0.4004 1.5439
vt 0.4141 1.548
vt 0.425 1.5301
vt 0.4004 1.5439
vt 0.3498 1.6007
vt 0.4004 1.5439
vt 0.4025 1.5283
vt 0.4025 1.5283
vt 0.383 1.4959
vt 0.3498 1.6007
vt 0.3457 1.5183
vt 0.3498 1.6007
vt 0.383 1.4959
vt 0.383 1.4959
vt 0.3607 1.4864
vt 0.3457 1.5183
vt 0.9001 1.7802
vt 0.8634 1.748
vt 0.9051 1.6356
vt 0.9051 1.6356
vt 0.9244 1.71950006
vt 0.9001 1.7802
vt 0.9244 1.71950006
vt 0.9051 1.6356
vt 0.9231 1.5633
vt 0.9231 1.5633
vt 0.9497 1.6144
vt 0.9244 1.71950006
vt 0.8634 1.748
vt 0.9001 1.7802
vt 0.8757 1.7728
vt 0.8488 1.8178
vt 0.8634 1.748
vt 0.8757 1.7728
vt 0.8488 1.8178
vt 0.8031 1.7961
vt 0.8634 1.748
vt 0.8488 1.8178
vt 0.7937 1.99040008
vt 0.8031 1.7961
vt 0.7937 1.99040008
vt 0.7548 1.8125
vt 0.8031 1.7961
vt 0.611 1.981
vt 0.7548 1.8125
vt 0.7937 1.99040008
vt 0.611 1.981
vt 0.725 1.8031
vt 0.7548 1.8125
vt 0.725 1.8031
vt 0.611 1.981
vt 0.6068 1.8756
vt 0.7062 1.7316
vt 0.725 1.8031
vt 0.6068 1.8756
vt 0.7194 1.5946
vt 0.896 1.4006
vt 0.9231 1.5633
vt 0.9051 1.6356
vt 0.9051 1.6356
vt 0.8921 1.55940008
vt 0.896 1.4006
vt 0.8921 1.55940008
vt 0.9051 1.6356
vt 0.8634 1.748
vt 0.8634 1.748
vt 0.8574 1.6753
vt 0.8921 1.55940008
vt 0.8574 1.6753
vt 0.8634 1.748
vt 0.8031 1.7961
vt 0.8031 1.7961
vt 0.8025 1.7638
vt 0.8574 1.6753
vt 0.8025 1.7638
vt 0.8031 1.7961
vt 0.7548 1.8125
vt 0.7548 1.8125
vt 0.7607 1.7809
vt 0.8025 1.7638
vt 0.7607 1.7809
vt 0.7548 1.8125
vt 0.725 1.8031
vt 0.725 1.8031
vt 0.7356 1.7765
vt 0.7607 1.7809
vt 0.7262 1.72149992
vt 0.7356 1.7765
vt 0.725 1.8031
vt 0.7262 1.72149992
vt 0.7062 1.7316
vt 0.725 1.8031
vt 0.7194 1.5946
vt 0.7062 1.7316
vt 0.7262 1.72149992
vt 0.7194 1.5946
vt 0.7262 1.72149992
vt 0.7563 1.6055
vt 0.7563 1.6055
vt 0.7458 1.4625
vt 0.7194 1.5946
vt 0.7458 1.4625
vt 0.7563 1.6055
vt 0.7813 1.5352
vt 0.7813 1.5352
vt 0.8476 1.4556
vt 0.7458 1.4625
vt 0.725 1.8031
vt 0.7356 1.7765
vt 0.7262 1.72149992
vt 0.7607 1.7809
vt 0.7356 1.7765
vt 0.725 1.8031
vt 0.725 1.8031
vt 0.7548 1.8125
vt 0.7607 1.7809
vt 0.8025 1.7638
vt 0.7607 1.7809
vt 0.7548 1.8125
vt 0.7548 1.8125
vt 0.8031 1.7961
vt 0.8025 1.7638
vt 0.8574 1.6753
vt 0.8025 1.7638
vt 0.8031 1.7961
vt 0.8031 1.7961
vt 0.8634 1.748
vt 0.8574 1.6753
vt 0.8921 1.55940008
vt 0.8574 1.6753
vt 0.8634 1.748
vt 0.8634 1.748
vt 0.9051 1.6356
vt 0.8921 1.55940008
vt 0.896 1.4006
vt 0.8921 1.55940008
vt 0.9051 1.6356
vt 0.9051 1.6356
vt 0.9231 1.5633
vt 0.896 1.4006
vt 0.6143 1.4329
vt 0.5036 1.5709
vt 0.5701 1.71090007
vt 0.7458 1.4625
vt 0.7194 1.5946
vt 0.7062 1.7316
vt 0.6068 1.8756
vt 0.725 1.8031
vt 0.725 1.8031
vt 0.6068 1.8756
vt 0.611 1.981
vt 0.611 1.981
vt 0.7548 1.8125
vt 0.725 1.8031
vt 0.611 1.981
vt 0.7937 1.99040008
vt 0.7548 1.8125
vt 0.7937 1.99040008
vt 0.8031 1.7961
vt 0.7548 1.8125
vt 0.8488 1.8178
vt 0.8031 1.7961
vt 0.7937 1.99040008
vt 0.8488 1.8178
vt 0.8634 1.748
vt 0.8031 1.7961
vt 0.8488 1.8178
vt 0.8757 1.7728
vt 0.8634 1.748
vt 0.8757 1.7728
vt 0.9001 1.7802
vt 0.8634 1.748
vt 0.2781 1.5977
vt 0.2495 1.5349
vt 0.2477 1.4185
vt 0.2732 1.7451
vt 0.2781 1.5977
vt 0.2844 1.6695
vt 0.2381 1.63050008
vt 0.2781 1.5977
vt 0.2732 1.7451
vt 0.2495 1.5349
vt 0.2781 1.5977
vt 0.2381 1.63050008
vt 0.2226 1.5819
vt 0.2495 1.5349
vt 0.2381 1.63050008
vt 0.2477 1.4185
vt 0.2495 1.5349
vt 0.2226 1.5819
vt 0.2844 1.6695
vt 0.2781 1.5977
vt 0.2732 1.7451
vt 0.2732 1.7451
vt 0.306 1.70219994
vt 0.2844 1.6695
vt 0.3223 1.6554
vt 0.2844 1.6695
vt 0.306 1.70219994
vt 0.306 1.70219994
vt 0.3352 1.6719
vt 0.3223 1.6554
vt 0.3223 1.6554
vt 0.3352 1.6719
vt 0.306 1.70219994
vt 0.306 1.70219994
vt 0.3569 1.7298
vt 0.3639 1.82380009
vt 0.3639 1.82380009
vt 0.3188 1.8071
vt 0.306 1.70219994
vt 0.2732 1.7451
vt 0.3188 1.8071
vt 0.2585 1.7845
vt 0.3188 1.8071
vt 0.2732 1.7451
vt 0.306 1.70219994
vt 0.2844 1.6695
vt 0.306 1.70219994
vt 0.2732 1.7451
vt 0.306 1.70219994
vt 0.2844 1.6695
vt 0.3223 1.6554
vt 0.3639 1.82380009
vt 0.3569 1.7298
vt 0.306 1.70219994
vt 0.306 1.70219994
vt 0.3188 1.8071
vt 0.3639 1.82380009
vt 0.3188 1.8071
vt 0.306 1.70219994
vt 0.2732 1.7451
vt 0.2732 1.7451
vt 0.2585 1.7845
vt 0.3188 1.8071
vt 0.2732 1.7451
vt 0.248 1.78
vt 0.2585 1.7845
vt 0.2732 1.7451
vt 0.2585 1.7845
vt 0.248 1.78
vt 0.248 1.78
vt 0.2244 1.7461
vt 0.2732 1.7451
vt 0.2732 1.7451
vt 0.2244 1.7461
vt 0.2381 1.63050008
vt 0.2138 1.654
vt 0.2381 1.63050008
vt 0.2244 1.7461
vt 0.2381 1.63050008
vt 0.2138 1.654
vt 0.2226 1.5819
vt 0.2226 1.5819
vt 0.2138 1.654
vt 0.181 1.5771
vt 0.181 1.5771
vt 0.2018 1.5388
vt 0.2226 1.5819
vt 0.2226 1.5819
vt 0.2139 1.48600006
vt 0.2477 1.4185
vt 0.1563 1.4617
vt 0.2139 1.48600006
vt 0.2226 1.5819
vt 0.2226 1.5819
vt 0.2018 1.5388
vt 0.1563 1.4617
vt 0.0962 1.5665
vt 0.1563 1.4617
vt 0.2018 1.5388
vt 0.181 1.5771
vt 0.0962 1.5665
vt 0.2018 1.5388
vt 0.1841 1.6431
vt 0.0962 1.5665
vt 0.181 1.5771
vt 0.1841 1.6431
vt 0.181 1.5771
vt 0.2138 1.654
vt 0.2138 1.654
vt 0.2123 1.7363
vt 0.1841 1.6431
vt 0.2244 1.7461
vt 0.2123 1.7363
vt 0.2138 1.654
vt 0.2123 1.7363
vt 0.2244 1.7461
vt 0.2195 1.7697
vt 0.1563 1.4617
vt 0.0731 1.419
vt 0.0888 1.3449
vt 0.0962 1.5665
vt 0.0731 1.419
vt 0.1563 1.4617
vt 0.1841 1.6431
vt 0.191 1.7558
vt 0.1073 1.72729993
vt 0.1073 1.72729993
vt 0.0962 1.5665
vt 0.1841 1.6431
vt 0.0962 1.5665
vt 0.1073 1.72729993
vt 0.0403 1.7012
vt 0.0888 1.3449
vt 0.0731 1.419
vt 0.0279 1.4163
vt 0.0555 1.4952
vt 0.0279 1.4163
vt 0.0731 1.419
vt 0.0731 1.419
vt 0.0962 1.5665
vt 0.0555 1.4952
vt 0.0555 1.4952
vt 0.0962 1.5665
vt 0.0096 1.6141
vt 0.0962 1.5665
vt 0.0403 1.7012
vt 0.0096 1.6141
vt 0.0962 1.5665
vt 0.0096 1.6141
vt 0.0403 1.7012
vt 0.0962 1.5665
vt 0.0403 1.7012
vt 0.1073 1.72729993
vt 0.1841 1.6431
vt 0.0962 1.5665
vt 0.1073 1.72729993
vt 0.1073 1.72729993
vt 0.191 1.7558
vt 0.1841 1.6431
vt 0.0096 1.6141
vt 0.0962 1.5665
vt 0.0555 1.4952
vt 0.0555 1.4952
vt 0.0152 1.5228
vt 0.0096 1.6141
vt 0.0096 1.6141
vt 0.0152 1.5228
vt 0.0555 1.4952
vt 0.0279 1.4163
vt 0.0555 1.4952
vt 0.0152 1.5228
vt 0.0279 1.4163
vt 0.0152 1.5228
vt 0.0555 1.4952
vt 0.0555 1.4952
vt 0.0731 1.419
vt 0.0279 1.4163
vt 0.0731 1.419
vt 0.0555 1.4952
vt 0.0962 1.5665
vt 0.1563 1.4617
vt 0.2018 1.5388
vt 0.2226 1.5819
vt 0.2226 1.5819
vt 0.2138 1.654
vt 0.2381 1.63050008
vt 0.181 1.5771
vt 0.2138 1.654
vt 0.2226 1.5819
vt 0.2226 1.5819
vt 0.2018 1.5388
vt 0.181 1.5771
vt 0.181 1.5771
vt 0.2018 1.5388
vt 0.0962 1.5665
vt 0.0962 1.5665
vt 0.2018 1.5388
vt 0.1563 1.4617
vt 0.0962 1.5665
vt 0.1563 1.4617
vt 0.0731 1.419
vt 0.1563 1.4617
vt 0.0888 1.3449
vt 0.0731 1.419
vt 0.0279 1.4163
vt 0.0731 1.419
vt 0.0888 1.3449
vt 0.0888 1.3449
vt 0.0413 1.3229
vt 0.0279 1.4163
vt 0.0279 1.4163
vt 0.0413 1.3229
vt 0.0888 1.3449
vt 0.1841 1.6431
vt 0.181 1.5771
vt 0.0962 1.5665
vt 0.2138 1.654
vt 0.181 1.5771
vt 0.1841 1.6431
vt 0.2104 1.7659
vt 0.1938 1.7601
vt 0.1841 1.6431
vt 0.1841 1.6431
vt 0.1938 1.7601
vt 0.2104 1.7659
vt 0.2104 1.7659
vt 0.2123 1.7363
vt 0.1841 1.6431
vt 0.1841 1.6431
vt 0.2123 1.7363
vt 0.2138 1.654
vt 0.1841 1.6431
vt 0.2123 1.7363
vt 0.2104 1.7659
vt 0.2195 1.7697
vt 0.2104 1.7659
vt 0.2123 1.7363
vt 0.2123 1.7363
vt 0.2104 1.7659
vt 0.2195 1.7697
vt 0.2195 1.7697
vt 0.2244 1.7461
vt 0.2123 1.7363
vt 0.2138 1.654
vt 0.2123 1.7363
vt 0.2244 1.7461
vt 0.2381 1.63050008
vt 0.2495 1.5349
vt 0.2226 1.5819
vt 0.2244 1.7461
vt 0.2381 1.63050008
vt 0.2138 1.654
vt 0.2244 1.7461
vt 0.248 1.78
vt 0.2195 1.7697
vt 0.2244 1.7461
vt 0.2195 1.7697
vt 0.248 1.78
vt 0.248 1.78
vt 0.2732 1.7451
vt 0.2244 1.7461
vt 0.2381 1.63050008
vt 0.2244 1.7461
vt 0.2732 1.7451
vt 0.2732 1.7451
vt 0.2781 1.5977
vt 0.2381 1.63050008
vt 0.2495 1.5349
vt 0.2381 1.63050008
vt 0.2781 1.5977
vt 0.2781 1.5977
vt 0.2477 1.4185
vt 0.2495 1.5349
vt 0.2226 1.5819
vt 0.2495 1.5349
vt 0.2477 1.4185
vt 0.2477 1.4185
vt 0.2139 1.48600006
vt 0.2226 1.5819
vt 0.2226 1.5819
vt 0.2139 1.48600006
vt 0.1563 1.4617
vt 0.8479 1.036
vt 0.8504 1.0125
vt 0.7818 1.0052
vt 0.1993 1.0805
vt 0.1967 1.15479994
vt 0.3644 1.1754
vt 0.3636 1.22519994
vt 0.3644 1.1754
vt 0.1967 1.15479994
vt 0.3644 1.1754
vt 0.3636 1.22519994
vt 0.5164 1.1718
vt 0.5154 1.1221
vt 0.5164 1.1718
vt 0.3636 1.22519994
vt 0.5164 1.1718
vt 0.5154 1.1221
vt 0.6631 1.0759
vt 0.6623 1.021
vt 0.6631 1.0759
vt 0.5154 1.1221
vt 0.6631 1.0759
vt 0.6623 1.021
vt 0.7818 1.0052
vt 0.7784 1.0705
vt 0.7818 1.0052
vt 0.6623 1.021
vt 0.7818 1.0052
vt 0.7784 1.0705
vt 0.8479 1.036
vt 0.7784 1.0705
vt 0.845 1.09
vt 0.8479 1.036
vt 0.1967 1.15479994
vt 0.1993 1.0805
vt 0.3653 1.1257
vt 0.3644 1.1754
vt 0.3653 1.1257
vt 0.1993 1.0805
vt 0.3653 1.1257
vt 0.3644 1.1754
vt 0.5154 1.1221
vt 0.5164 1.1718
vt 0.5154 1.1221
vt 0.3644 1.1754
vt 0.5154 1.1221
vt 0.5164 1.1718
vt 0.664 1.1309
vt 0.6631 1.0759
vt 0.664 1.1309
vt 0.5164 1.1718
vt 0.664 1.1309
vt 0.6631 1.0759
vt 0.7784 1.0705
vt 0.7818 1.0052
vt 0.7784 1.0705
vt 0.6631 1.0759
vt 0.7784 1.0705
vt 0.7818 1.0052
vt 0.8479 1.036
vt 0.7818 1.0052
vt 0.8504 1.0125
vt 0.8479 1.036
vt 0.0086 1.1088
vt 0.0134 1.0206
vt 0.1993 1.0805
vt 0.1967 1.15479994
vt 0.1993 1.0805
vt 0.0134 1.0206
vt 0.0038 1.197
vt 0.0086 1.1088
vt 0.1967 1.15479994
vt 0.1993 1.0805
vt 0.1967 1.15479994
vt 0.0086 1.1088
vt 0.0086 1.1088
vt 0.0038 1.197
vt 0.194 1.2292
vt 0.1967 1.15479994
vt 0.194 1.2292
vt 0.0038 1.197
vt 0.8479 1.036
vt 0.845 1.09
vt 0.7784 1.0705
vt 0.194 1.2292
vt 0.1967 1.15479994
vt 0.3644 1.1754
vt 0.3653 1.1257
vt 0.3644 1.1754
vt 0.1967 1.15479994
vt 0.3644 1.1754
vt 0.3653 1.1257
vt 0.5144 1.0725
vt 0.5154 1.1221
vt 0.5144 1.0725
vt 0.3653 1.1257
vt 0.5144 1.0725
vt 0.5154 1.1221
vt 0.6631 1.0759
vt 0.664 1.1309
vt 0.6631 1.0759
vt 0.5154 1.1221
vt 0.6631 1.0759
vt 0.664 1.1309
vt 0.775 1.1358
vt 0.7784 1.0705
vt 0.775 1.1358
vt 0.664 1.1309
vt 0.775 1.1358
vt 0.7784 1.0705
vt 0.842 1.1439
vt 0.7784 1.0705
vt 0.845 1.09
vt 0.842 1.1439
vt 0.842 1.1439
vt 0.8396 1.1675
vt 0.775 1.1358
vt 0.842 1.1439
vt 0.845 1.09
vt 0.7784 1.0705
vt 0.775 1.1358
vt 0.8396 1.1675
vt 0.842 1.1439
vt 0.7784 1.0705
vt 0.775 1.1358
vt 0.842 1.1439
vt 0.775 1.1358
vt 0.7784 1.0705
vt 0.6631 1.0759
vt 0.6623 1.021
vt 0.6631 1.0759
vt 0.7784 1.0705
vt 0.6631 1.0759
vt 0.6623 1.021
vt 0.5144 1.0725
vt 0.5154 1.1221
vt 0.5144 1.0725
vt 0.6623 1.021
vt 0.5144 1.0725
vt 0.5154 1.1221
vt 0.3644 1.1754
vt 0.3636 1.22519994
vt 0.3644 1.1754
vt 0.5154 1.1221
vt 0.3644 1.1754
vt 0.3636 1.22519994
vt 0.194 1.2292
vt 0.1967 1.15479994
vt 0.194 1.2292
vt 0.3636 1.22519994
vt 0.194 1.2292
vt 0.1967 1.15479994
vt 0.0086 1.1088
vt 0.0134 1.0206
vt 0.0086 1.1088
vt 0.1967 1.15479994
vt 0.0174 1.8886
vt 0.0067 1.775
vt 0.0466 1.7365
vt 0.0953 1.9823
vt 0.0656 1.9786
vt 0.0174 1.8886
vt 0.1024 1.8471
vt 0.0993 1.8467
vt 0.084 1.9584
vt 0.0466 1.7365
vt 0.0993 1.8467
vt 0.1024 1.8471
vt 0.1024 1.8471
vt 0.0733 1.81139994
vt 0.0466 1.7365
vt 0.0466 1.7365
vt 0.0733 1.81139994
vt 0.0174 1.8886
vt 0.0997 1.8987
vt 0.0174 1.8886
vt 0.0733 1.81139994
vt 0.0174 1.8886
vt 0.0997 1.8987
vt 0.0953 1.9823
vt 0.0733 1.81139994
vt 0.1041 1.8152
vt 0.0997 1.8987
vt 0.1024 1.8471
vt 0.1041 1.8152
vt 0.0733 1.81139994
vt 0.1024 1.8471
vt 0.2701 1.8728
vt 0.2701 1.8442
vt 0.2701 1.8442
vt 0.1041 1.8152
vt 0.1024 1.8471
vt 0.1041 1.8152
vt 0.2701 1.8442
vt 0.2701 1.9191
vt 0.2701 1.9191
vt 0.0997 1.8987
vt 0.1041 1.8152
vt 0.0997 1.8987
vt 0.2701 1.9191
vt 0.2701 1.994
vt 0.2701 1.994
vt 0.0953 1.9823
vt 0.0997 1.8987
vt 0.0953 1.9823
vt 0.2701 1.994
vt 0.2701 1.9654
vt 0.2701 1.9654
vt 0.097 1.9504
vt 0.0953 1.9823
vt 0.45 1.8355
vt 0.2701 1.8442
vt 0.2701 1.8728
vt 0.2701 1.8442
vt 0.45 1.8355
vt 0.4535 1.88630009
vt 0.4535 1.88630009
vt 0.2701 1.9191
vt 0.2701 1.8442
vt 0.2701 1.9191
vt 0.4535 1.88630009
vt 0.457 1.93709993
vt 0.457 1.93709993
vt 0.2701 1.994
vt 0.2701 1.9191
vt 0.2701 1.994
vt 0.457 1.93709993
vt 0.4557 1.9177
vt 0.4557 1.9177
vt 0.2701 1.9654
vt 0.2701 1.994
vt 0.2701 1.9654
vt 0.4557 1.9177
vt 0.4513 1.8549
vt 0.4557 1.9177
vt 0.5897 1.8264
vt 0.4513 1.8549
vt 0.457 1.93709993
vt 0.5897 1.8264
vt 0.4557 1.9177
vt 0.4535 1.88630009
vt 0.5897 1.8264
vt 0.457 1.93709993
vt 0.45 1.8355
vt 0.5897 1.8264
vt 0.4535 1.88630009
vt 0.4513 1.8549
vt 0.5897 1.8264
vt 0.45 1.8355
vt 0.2701 1.8728
vt 0.4513 1.8549
vt 0.45 1.8355
vt 0.4513 1.8549
vt 0.2701 1.8728
vt 0.2701 1.9654
vt 0.097 1.9504
vt 0.2701 1.9654
vt 0.2701 1.8728
vt 0.084 1.9584
vt 0.097 1.9504
vt 0.1024 1.8471
vt 0.2701 1.8728
vt 0.1024 1.8471
vt 0.097 1.9504
vt 0.0466 1.7365
vt 0.1024 1.8471
vt 0.0993 1.8467
vt 0.084 1.9584
vt 0.0993 1.8467
vt 0.1024 1.8471
vt 0.1024 1.8471
vt 0.097 1.9504
vt 0.084 1.9584
vt 0.0466 1.7365
vt 0.0067 1.775
vt 0.0174 1.8886
vt 0.0174 1.8886
vt 0.0733 1.81139994
vt 0.0466 1.7365
vt 0.1024 1.8471
vt 0.0466 1.7365
vt 0.0733 1.81139994
vt 0.0174 1.8886
vt 0.0656 1.9786
vt 0.0953 1.9823
vt 0.0953 1.9823
vt 0.0997 1.8987
vt 0.0174 1.8886
vt 0.0733 1.81139994
vt 0.0174 1.8886
vt 0.0997 1.8987
vt 0.0997 1.8987
vt 0.1041 1.8152
vt 0.0733 1.81139994
vt 0.097 1.9504
vt 0.1024 1.8471
vt 0.2701 1.8728
vt 0.2701 1.8728
vt 0.2701 1.9654
vt 0.097 1.9504
vt 0.0953 1.9823
vt 0.097 1.9504
vt 0.2701 1.9654
vt 0.2701 1.9654
vt 0.2701 1.994
vt 0.0953 1.9823
vt 0.0997 1.8987
vt 0.0953 1.9823
vt 0.2701 1.994
vt 0.2701 1.9654
vt 0.2701 1.8728
vt 0.4513 1.8549
vt 0.4513 1.8549
vt 0.4557 1.9177
vt 0.2701 1.9654
vt 0.2701 1.994
vt 0.2701 1.9654
vt 0.4557 1.9177
vt 0.4535 1.88630009
vt 0.457 1.93709993
vt 0.5897 1.8264
vt 0.457 1.93709993
vt 0.4535 1.88630009
vt 0.2701 1.9191
vt 0.2701 1.994
vt 0.2701 1.9191
vt 0.0997 1.8987
vt 0.1041 1.8152
vt 0.0997 1.8987
vt 0.2701 1.9191
vt 0.2701 1.9191
vt 0.2701 1.8442
vt 0.1041 1.8152
vt 0.2701 1.8442
vt 0.2701 1.9191
vt 0.4535 1.88630009
vt 0.4535 1.88630009
vt 0.45 1.8355
vt 0.2701 1.8442
vt 0.45 1.8355
vt 0.4535 1.88630009
vt 0.5897 1.8264
vt 0.2701 1.9191
vt 0.2701 1.994
vt 0.457 1.93709993
vt 0.4557 1.9177
vt 0.457 1.93709993
vt 0.2701 1.994
vt 0.457 1.93709993
vt 0.4557 1.9177
vt 0.5897 1.8264
vt 0.4557 1.9177
vt 0.4513 1.8549
vt 0.5897 1.8264
vt 0.4513 1.8549
vt 0.45 1.8355
vt 0.5897 1.8264
vt 0.45 1.8355
vt 0.4513 1.8549
vt 0.2701 1.8728
vt 0.2701 1.8728
vt 0.2701 1.8442
vt 0.45 1.8355
vt 0.2701 1.8442
vt 0.2701 1.8728
vt 0.1024 1.8471
vt 0.1024 1.8471
vt 0.1041 1.8152
vt 0.2701 1.8442
vt 0.1024 1.8471
vt 0.0733 1.81139994
vt 0.1041 1.8152
vt 0.9477 1.96
vt 0.9431 1.983
vt 0.9883 1.97970009
vt 0.9477 1.96
vt 0.9174 1.9044
vt 0.9431 1.983
vt 0.9174 1.9044
vt 0.9477 1.96
vt 0.9895 1.901
vt 0.9174 1.9044
vt 0.9895 1.901
vt 0.9431 1.983
vt 0.9883 1.97970009
vt 0.9431 1.983
vt 0.9895 1.901
vt 0.9883 1.97970009
vt 0.9895 1.901
vt 0.9477 1.96
vt 0.9922 1.9153
vt 0.9839 1.9889
vt 0.945 1.95709991
vt 0.9384 1.97729993
vt 0.945 1.95709991
vt 0.9839 1.9889
vt 0.9197 1.89490008
vt 0.945 1.95709991
vt 0.9384 1.97729993
vt 0.945 1.95709991
vt 0.9197 1.89490008
vt 0.9922 1.9153
vt 0.9922 1.9153
vt 0.9197 1.89490008
vt 0.9384 1.97729993
vt 0.9384 1.97729993
vt 0.9839 1.9889
vt 0.9922 1.9153
vn 0.0046 0.2877 -0.9577
vn 0.0046 0.2877 -0.9577
vn 0.0046 0.2877 -0.9577
vn 0.2261 0.633 -0.7403
vn 0.2261 0.633 -0.7403
vn 0.2261 0.633 -0.7403
vn 0.8957 -0.0916 0.4352
vn 0.8957 -0.0916 0.4352
vn 0.8957 -0.0916 0.4352
vn 0.8399 -0.2055 0.5024
vn 0.8399 -0.2055 0.5024
vn 0.8399 -0.2055 0.5024
vn 0.2193 0.6334 -0.7421
vn 0.2193 0.6334 -0.7421
vn 0.2193 0.6334 -0.7421
vn 0.2402 0.5314 -0.8124
vn 0.2402 0.5314 -0.8124
vn 0.2402 0.5314 -0.8124
vn 0.8744 -0.0192 0.4849
vn 0.8744 -0.0192 0.4849
vn 0.8744 -0.0192 0.4849
vn -0.9831 -0.1205 -0.1378
vn -0.9831 -0.1205 -0.1378
vn -0.9831 -0.1205 -0.1378
vn -0.9729 -0.1601 -0.1666
vn -0.9729 -0.1601 -0.1666
vn -0.9729 -0.1601 -0.1666
vn -0.9683 -0.2489 -0.0196
vn -0.9683 -0.2489 -0.0196
vn -0.9683 -0.2489 -0.0196
vn -0.0836 0.1955 -0.9771
vn -0.0836 0.1955 -0.9771
vn -0.0836 0.1955 -0.9771
vn 0.993 -0.0373 0.1123
vn 0.993 -0.0373 0.1123
vn 0.993 -0.0373 0.1123
vn 0.9688 -0.092 0.2301
vn 0.9688 -0.092 0.2301
vn 0.9688 -0.092 0.2301
vn -0.0808 0.1952 -0.9774
vn -0.0808 0.1952 -0.9774
vn -0.0808 0.1952 -0.9774
vn -0.0793 -0.0376 -0.9961
vn -0.0793 -0.0376 -0.9961
vn -0.0793 -0.0376 -0.9961
vn 0.9912 0.0283 0.1295
vn 0.9912 0.0283 0.1295
vn 0.9912 0.0283 0.1295
vn -0.949 0.0576 0.3098
vn -0.949 0.0576 0.3098
vn -0.949 0.0576 0.3098
vn -0.9579 -0.0646 0.2797
vn -0.9579 -0.0646 0.2797
vn -0.9579 -0.0646 0.2797
vn -0.8584 -0.0874 0.5055
vn -0.8584 -0.0874 0.5055
vn -0.8584 -0.0874 0.5055
vn 0.9476 0.3193 0.0051
vn 0.9476 0.3193 0.0051
vn 0.9476 0.3193 0.0051
vn 0.8539 0.4969 -0.1544
vn 0.8539 0.4969 -0.1544
vn 0.8539 0.4969 -0.1544
vn 0.9113 0.3916 -0.1268
vn 0.9113 0.3916 -0.1268
vn 0.9113 0.3916 -0.1268
vn 0.922 0.3805 -0.072
vn 0.922 0.3805 -0.072
vn 0.922 0.3805 -0.072
vn 0.9414 0.3329 -0.0535
vn 0.9414 0.3329 -0.0535
vn 0.9414 0.3329 -0.0535
vn 0.939 0.3429 0.0274
vn 0.939 0.3429 0.0274
vn 0.939 0.3429 0.0274
vn 0.4122 0.6162 -0.6711
vn 0.4122 0.6162 -0.6711
vn 0.4122 0.6162 -0.6711
vn 0.668 0.7322 0.1326
vn 0.668 0.7322 0.1326
vn 0.668 0.7322 0.1326
vn 0.6744 0.7384 -0.0072
vn 0.6744 0.7384 -0.0072
vn 0.6744 0.7384 -0.0072
vn 0.604 0.7867 -0.1271
vn 0.604 0.7867 -0.1271
vn 0.604 0.7867 -0.1271
vn 0.5857 0.8056 -0.0886
vn 0.5857 0.8056 -0.0886
vn 0.5857 0.8056 -0.0886
vn 0.3792 0.8585 -0.3452
vn 0.3792 0.8585 -0.3452
vn 0.3792 0.8585 -0.3452
vn 0.5893 0.538 -0.6027
vn 0.5893 0.538 -0.6027
vn 0.5893 0.538 -0.6027
vn 0.8841 0.4651 0.0453
vn 0.8841 0.4651 0.0453
vn 0.8841 0.4651 0.0453
vn 0.8841 0.4651 0.0453
vn 0.8967 0.4416 0.0307
vn 0.8967 0.4416 0.0307
vn 0.8967 0.4416 0.0307
vn 0.8841 0.4651 0.0453
vn 0.8841 0.4651 0.0453
vn 0.8841 0.4651 0.0453
vn 0.8841 0.4651 0.0453
vn -0.7967 -0.5984 -0.0842
vn -0.7967 -0.5984 -0.0842
vn -0.7967 -0.5984 -0.0842
vn -0.813 -0.5789 -0.0623
vn -0.813 -0.5789 -0.0623
vn -0.813 -0.5789 -0.0623
vn -0.7998 -0.5831 -0.1427
vn -0.7998 -0.5831 -0.1427
vn -0.7998 -0.5831 -0.1427
vn -0.8264 -0.5394 -0.1616
vn -0.8264 -0.5394 -0.1616
vn -0.8264 -0.5394 -0.1616
vn -0.8252 -0.522 -0.2158
vn -0.8252 -0.522 -0.2158
vn -0.8252 -0.522 -0.2158
vn -0.8773 -0.4138 -0.2431
vn -0.8773 -0.4138 -0.2431
vn -0.8773 -0.4138 -0.2431
vn -0.2211 0.3311 0.9173
vn -0.2211 0.3311 0.9173
vn -0.2211 0.3311 0.9173
vn -0.0271 -0.0457 0.9986
vn -0.0271 -0.0457 0.9986
vn -0.0271 -0.0457 0.9986
vn -0.0271 -0.0457 0.9986
vn 0.1325 -0.3424 0.9302
vn 0.1325 -0.3424 0.9302
vn 0.1325 -0.3424 0.9302
vn 0.1325 -0.3424 0.9302
vn 0.2776 -0.6006 0.7498
vn 0.2776 -0.6006 0.7498
vn 0.2776 -0.6006 0.7498
vn 0.2776 -0.6006 0.7498
vn -0.9369 0.3495 0.0051
vn -0.9369 0.3495 0.0051
vn -0.9369 0.3495 0.0051
vn -0.9275 0.3728 0.0274
vn -0.9275 0.3728 0.0274
vn -0.9275 0.3728 0.0274
vn -0.9303 0.363 -0.0536
vn -0.9303 0.363 -0.0536
vn -0.9303 0.363 -0.0536
vn -0.9093 0.4099 -0.072
vn -0.9093 0.4099 -0.072
vn -0.9093 0.4099 -0.072
vn -0.8983 0.4207 -0.1268
vn -0.8983 0.4207 -0.1268
vn -0.8983 0.4207 -0.1268
vn -0.8375 0.5241 -0.1544
vn -0.8375 0.5241 -0.1544
vn -0.8375 0.5241 -0.1544
vn -0.3922 0.6291 -0.6711
vn -0.3922 0.6291 -0.6711
vn -0.3922 0.6291 -0.6711
vn -0.5718 0.5567 -0.6027
vn -0.5718 0.5567 -0.6027
vn -0.5718 0.5567 -0.6027
vn -0.3514 0.8702 -0.3452
vn -0.3514 0.8702 -0.3452
vn -0.3514 0.8702 -0.3452
vn -0.5596 0.824 -0.0886
vn -0.5596 0.824 -0.0886
vn -0.5596 0.824 -0.0886
vn -0.5785 0.8057 -0.1271
vn -0.5785 0.8057 -0.1271
vn -0.5785 0.8057 -0.1271
vn -0.6503 0.7596 -0.0072
vn -0.6503 0.7596 -0.0072
vn -0.6503 0.7596 -0.0072
vn -0.6442 0.7533 0.1326
vn -0.6442 0.7533 0.1326
vn -0.6442 0.7533 0.1326
vn -0.8687 0.4933 0.0453
vn -0.8687 0.4933 0.0453
vn -0.8687 0.4933 0.0453
vn -0.8687 0.4933 0.0453
vn -0.8687 0.4933 0.0453
vn -0.8687 0.4933 0.0453
vn -0.8687 0.4933 0.0453
vn -0.8687 0.4933 0.0453
vn -0.882 0.4702 0.0307
vn -0.882 0.4702 0.0307
vn -0.882 0.4702 0.0307
vn 0.7771 -0.6237 -0.0842
vn 0.7771 -0.6237 -0.0842
vn 0.7771 -0.6237 -0.0842
vn 0.8635 -0.4418 -0.2431
vn 0.8635 -0.4418 -0.2431
vn 0.8635 -0.4418 -0.2431
vn 0.808 -0.5482 -0.2158
vn 0.808 -0.5482 -0.2158
vn 0.808 -0.5482 -0.2158
vn 0.8087 -0.5656 -0.1616
vn 0.8087 -0.5656 -0.1616
vn 0.8087 -0.5656 -0.1616
vn 0.7806 -0.6085 -0.1427
vn 0.7806 -0.6085 -0.1427
vn 0.7806 -0.6085 -0.1427
vn 0.794 -0.6047 -0.0623
vn 0.794 -0.6047 -0.0623
vn 0.794 -0.6047 -0.0623
vn -0.2967 -0.5914 0.7498
vn -0.2967 -0.5914 0.7498
vn -0.2967 -0.5914 0.7498
vn -0.2967 -0.5914 0.7498
vn -0.1434 -0.338 0.9302
vn -0.1434 -0.338 0.9302
vn -0.1434 -0.338 0.9302
vn -0.1434 -0.338 0.9302
vn 0.0256 -0.0466 0.9986
vn 0.0256 -0.0466 0.9986
vn 0.0256 -0.0466 0.9986
vn 0.0256 -0.0466 0.9986
vn 0.2317 0.3238 0.9173
vn 0.2317 0.3238 0.9173
vn 0.2317 0.3238 0.9173
vn 0.6861 0.0168 -0.7273
vn 0.6861 0.0168 -0.7273
vn 0.6861 0.0168 -0.7273
vn 0.7208 -0.1773 -0.6701
vn 0.7208 -0.1773 -0.6701
vn 0.7208 -0.1773 -0.6701
vn 0.8976 0.161 -0.4103
vn 0.8976 0.161 -0.4103
vn 0.8976 0.161 -0.4103
vn 0.9842 -0.0526 -0.1691
vn 0.9842 -0.0526 -0.1691
vn 0.9842 -0.0526 -0.1691
vn 0.9751 -0.0764 -0.2081
vn 0.9751 -0.0764 -0.2081
vn 0.9751 -0.0764 -0.2081
vn 0.9816 -0.167 -0.0923
vn 0.9816 -0.167 -0.0923
vn 0.9816 -0.167 -0.0923
vn 0.9841 -0.1713 0.0477
vn 0.9841 -0.1713 0.0477
vn 0.9841 -0.1713 0.0477
vn 0.8687 -0.4933 -0.0453
vn 0.8687 -0.4933 -0.0453
vn 0.8687 -0.4933 -0.0453
vn 0.8687 -0.4933 -0.0453
vn 0.8545 -0.5159 -0.0598
vn 0.8545 -0.5159 -0.0598
vn 0.8545 -0.5159 -0.0598
vn 0.8687 -0.4933 -0.0453
vn 0.8687 -0.4933 -0.0453
vn 0.8687 -0.4933 -0.0453
vn 0.8687 -0.4933 -0.0453
vn 0.9122 -0.3603 -0.1951
vn 0.9122 -0.3603 -0.1951
vn 0.9122 -0.3603 -0.1951
vn 0.9134 -0.2001 -0.3546
vn 0.9134 -0.2001 -0.3546
vn 0.9134 -0.2001 -0.3546
vn 0.9199 -0.198 -0.3385
vn 0.9199 -0.198 -0.3385
vn 0.9199 -0.198 -0.3385
vn 0.9479 0.2001 -0.2478
vn 0.9479 0.2001 -0.2478
vn 0.9479 0.2001 -0.2478
vn 0.9587 0.2187 -0.1818
vn 0.9587 0.2187 -0.1818
vn 0.9587 0.2187 -0.1818
vn 0.9106 0.374 -0.1758
vn 0.9106 0.374 -0.1758
vn 0.9106 0.374 -0.1758
vn 0.7188 -0.215 0.6611
vn 0.7188 -0.215 0.6611
vn 0.7188 -0.215 0.6611
vn 0.9376 -0.1575 0.3101
vn 0.9376 -0.1575 0.3101
vn 0.9376 -0.1575 0.3101
vn 0.9999 0.0076 0.0104
vn 0.9999 0.0076 0.0104
vn 0.9999 0.0076 0.0104
vn -0.8981 0.4031 -0.1758
vn -0.8981 0.4031 -0.1758
vn -0.8981 0.4031 -0.1758
vn -0.9512 0.2494 -0.1818
vn -0.9512 0.2494 -0.1818
vn -0.9512 0.2494 -0.1818
vn -0.941 0.2304 -0.2478
vn -0.941 0.2304 -0.2478
vn -0.941 0.2304 -0.2478
vn -0.9422 -0.1273 0.3101
vn -0.9422 -0.1273 0.3101
vn -0.9422 -0.1273 0.3101
vn -0.7254 -0.1918 0.6611
vn -0.7254 -0.1918 0.6611
vn -0.7254 -0.1918 0.6611
vn -0.9992 0.0397 0.0104
vn -0.9992 0.0397 0.0104
vn -0.9992 0.0397 0.0104
vn 0.8951 0.1926 0.4022
vn 0.8951 0.1926 0.4022
vn 0.8951 0.1926 0.4022
vn 0.9241 0.1159 0.3642
vn 0.9241 0.1159 0.3642
vn 0.9241 0.1159 0.3642
vn -0.3546 0.9279 0.1151
vn -0.3546 0.9279 0.1151
vn -0.3546 0.9279 0.1151
vn -0.118 0.9834 0.138
vn -0.118 0.9834 0.138
vn -0.118 0.9834 0.138
vn 0.2615 0.8938 -0.3644
vn 0.2615 0.8938 -0.3644
vn 0.2615 0.8938 -0.3644
vn 0.9925 0.0213 -0.1205
vn 0.9925 0.0213 -0.1205
vn 0.9925 0.0213 -0.1205
vn -0.9654 -0.0918 -0.244
vn -0.9654 -0.0918 -0.244
vn -0.9654 -0.0918 -0.244
vn -0.9675 -0.1218 -0.2215
vn -0.9675 -0.1218 -0.2215
vn -0.9675 -0.1218 -0.2215
vn -0.3486 -0.9199 -0.1796
vn -0.3486 -0.9199 -0.1796
vn -0.3486 -0.9199 -0.1796
vn -0.0291 -0.9934 0.1111
vn -0.0291 -0.9934 0.1111
vn -0.0291 -0.9934 0.1111
vn -0.0265 -0.9977 0.0617
vn -0.0265 -0.9977 0.0617
vn -0.0265 -0.9977 0.0617
vn -0.9931 0.0162 -0.1157
vn -0.9931 0.0162 -0.1157
vn -0.9931 0.0162 -0.1157
vn 0.7982 -0.3801 -0.4673
vn 0.7982 -0.3801 -0.4673
vn 0.7982 -0.3801 -0.4673
vn -0.81 -0.3543 -0.4674
vn -0.81 -0.3543 -0.4674
vn -0.81 -0.3543 -0.4674
vn -0.8992 -0.2384 -0.3669
vn -0.8992 -0.2384 -0.3669
vn -0.8992 -0.2384 -0.3669
vn -0.9151 -0.2301 -0.3311
vn -0.9151 -0.2301 -0.3311
vn -0.9151 -0.2301 -0.3311
vn -0.8763 0.3114 -0.3676
vn -0.8763 0.3114 -0.3676
vn -0.8763 0.3114 -0.3676
vn -0.9091 0.248 -0.3348
vn -0.9091 0.248 -0.3348
vn -0.9091 0.248 -0.3348
vn -0.8969 0.3593 -0.2579
vn -0.8969 0.3593 -0.2579
vn -0.8969 0.3593 -0.2579
vn -0.9184 0.2993 -0.2589
vn -0.9184 0.2993 -0.2589
vn -0.9184 0.2993 -0.2589
vn -0.9945 -0.0953 0.043
vn -0.9945 -0.0953 0.043
vn -0.9945 -0.0953 0.043
vn -0.9964 -0.071 0.0456
vn -0.9964 -0.071 0.0456
vn -0.9964 -0.071 0.0456
vn -0.9938 -0.1111 0.0017
vn -0.9938 -0.1111 0.0017
vn -0.9938 -0.1111 0.0017
vn -0.9956 -0.0882 -0.0309
vn -0.9956 -0.0882 -0.0309
vn -0.9956 -0.0882 -0.0309
vn -0.9923 -0.1027 -0.0698
vn -0.9923 -0.1027 -0.0698
vn -0.9923 -0.1027 -0.0698
vn -0.9897 -0.0427 -0.1369
vn -0.9897 -0.0427 -0.1369
vn -0.9897 -0.0427 -0.1369
vn -0.8406 -0.1512 -0.5201
vn -0.8406 -0.1512 -0.5201
vn -0.8406 -0.1512 -0.5201
vn -0.8154 0.2272 -0.5325
vn -0.8154 0.2272 -0.5325
vn -0.8154 0.2272 -0.5325
vn -0.9329 0.2333 -0.2742
vn -0.9329 0.2333 -0.2742
vn -0.9329 0.2333 -0.2742
vn -0.9369 0.2001 -0.2866
vn -0.9369 0.2001 -0.2866
vn -0.9369 0.2001 -0.2866
vn -0.9636 0.2012 -0.1761
vn -0.9636 0.2012 -0.1761
vn -0.9636 0.2012 -0.1761
vn -0.9614 0.26 -0.0897
vn -0.9614 0.26 -0.0897
vn -0.9614 0.26 -0.0897
vn -0.9999 0.0161 0
vn -0.9999 0.0161 0
vn -0.9999 0.0161 0
vn -0.9999 0.0161 0
vn 0.8911 -0.2672 -0.3669
vn 0.8911 -0.2672 -0.3669
vn 0.8911 -0.2672 -0.3669
vn 0.9073 -0.2594 -0.331
vn 0.9073 -0.2594 -0.331
vn 0.9073 -0.2594 -0.331
vn 0.8859 0.2831 -0.3676
vn 0.8859 0.2831 -0.3676
vn 0.8859 0.2831 -0.3676
vn 0.9166 0.2187 -0.3347
vn 0.9166 0.2187 -0.3347
vn 0.9166 0.2187 -0.3347
vn 0.908 0.3303 -0.2579
vn 0.908 0.3303 -0.2579
vn 0.908 0.3303 -0.2579
vn 0.9275 0.2696 -0.2589
vn 0.9275 0.2696 -0.2589
vn 0.9275 0.2696 -0.2589
vn 0.9909 -0.1272 0.043
vn 0.9909 -0.1272 0.043
vn 0.9909 -0.1272 0.043
vn 0.9878 -0.0744 -0.1369
vn 0.9878 -0.0744 -0.1369
vn 0.9878 -0.0744 -0.1369
vn 0.9885 -0.1345 -0.0698
vn 0.9885 -0.1345 -0.0698
vn 0.9885 -0.1345 -0.0698
vn 0.9923 -0.1201 -0.0309
vn 0.9923 -0.1201 -0.0309
vn 0.9923 -0.1201 -0.0309
vn 0.9897 -0.143 0.0017
vn 0.9897 -0.143 0.0017
vn 0.9897 -0.143 0.0017
vn 0.9936 -0.1029 0.0456
vn 0.9936 -0.1029 0.0456
vn 0.9936 -0.1029 0.0456
vn -0.0017 -0.1083 0.9941
vn -0.0017 -0.1083 0.9941
vn -0.0017 -0.1083 0.9941
vn -0.0017 -0.1083 0.9941
vn 0.0038 0.2377 0.9713
vn 0.0038 0.2377 0.9713
vn 0.0038 0.2377 0.9713
vn 0.0038 0.2377 0.9713
vn 0.0089 0.5525 0.8335
vn 0.0089 0.5525 0.8335
vn 0.0089 0.5525 0.8335
vn 0.0089 0.5525 0.8335
vn 0.0137 0.8522 0.523
vn 0.0137 0.8522 0.523
vn 0.0137 0.8522 0.523
vn 0.8491 0.1784 -0.4972
vn 0.8491 0.1784 -0.4972
vn 0.8491 0.1784 -0.4972
vn -0.843 0.2055 -0.4972
vn -0.843 0.2055 -0.4972
vn -0.843 0.2055 -0.4972
vn -0.8406 0.0732 0.5367
vn -0.8406 0.0732 0.5367
vn -0.8406 0.0732 0.5367
vn 0.8425 0.0462 0.5367
vn 0.8425 0.0462 0.5367
vn 0.8425 0.0462 0.5367
vn 0.8365 0.1065 -0.5375
vn 0.8365 0.1065 -0.5375
vn 0.8365 0.1065 -0.5375
vn -0.8326 0.1333 -0.5376
vn -0.8326 0.1333 -0.5376
vn -0.8326 0.1333 -0.5376
vn -0.8431 0.0953 0.5292
vn -0.8431 0.0953 0.5292
vn -0.8431 0.0953 0.5292
vn 0.8458 0.0681 0.5292
vn 0.8458 0.0681 0.5292
vn 0.8458 0.0681 0.5292
vn 0.7975 0.1286 -0.5895
vn 0.7975 0.1286 -0.5895
vn 0.7975 0.1286 -0.5895
vn -0.7929 0.1542 -0.5895
vn -0.7929 0.1542 -0.5895
vn -0.7929 0.1542 -0.5895
vn -0.8027 0.1791 0.5688
vn -0.8027 0.1791 0.5688
vn -0.8027 0.1791 0.5688
vn 0.8081 0.1532 0.5688
vn 0.8081 0.1532 0.5688
vn 0.8081 0.1532 0.5688
vn 0.0046 0.2877 -0.9577
vn 0.0046 0.2877 -0.9577
vn 0.0046 0.2877 -0.9577
vn 0.0029 0.1807 -0.9835
vn 0.0029 0.1807 -0.9835
vn 0.0029 0.1807 -0.9835
vn 0.0029 0.1807 -0.9835
vn 0.0029 0.1808 -0.9835
vn 0.0029 0.1808 -0.9835
vn 0.0029 0.1808 -0.9835
vn 0.0029 0.1808 -0.9835
vn 0.1887 -0.3105 0.9317
vn 0.1887 -0.3105 0.9317
vn 0.1887 -0.3105 0.9317
vn 0.4333 -0.0329 0.9007
vn 0.4333 -0.0329 0.9007
vn 0.4333 -0.0329 0.9007
vn 0.9435 -0.0484 0.3278
vn 0.9435 -0.0484 0.3278
vn 0.9435 -0.0484 0.3278
vn 0.9441 -0.046 0.3265
vn 0.9441 -0.046 0.3265
vn 0.9441 -0.046 0.3265
vn 0.8356 0.0384 -0.548
vn 0.8356 0.0384 -0.548
vn 0.8356 0.0384 -0.548
vn 0.8356 0.0384 -0.548
vn -0.1986 -0.3043 0.9317
vn -0.1986 -0.3043 0.9317
vn -0.1986 -0.3043 0.9317
vn -0.4341 -0.019 0.9007
vn -0.4341 -0.019 0.9007
vn -0.4341 -0.019 0.9007
vn -0.9446 -0.0181 0.3278
vn -0.9446 -0.0181 0.3278
vn -0.9446 -0.0181 0.3278
vn -0.9451 -0.0157 0.3265
vn -0.9451 -0.0157 0.3265
vn -0.9451 -0.0157 0.3265
vn -0.8339 0.0652 -0.548
vn -0.8339 0.0652 -0.548
vn -0.8339 0.0652 -0.548
vn -0.8339 0.0652 -0.548
vn -0.8786 0.0589 -0.4739
vn -0.8786 0.0589 -0.4739
vn -0.8786 0.0589 -0.4739
vn -0.8786 0.0589 -0.4739
vn -0.7992 0.0693 -0.597
vn -0.7992 0.0693 -0.597
vn -0.7992 0.0693 -0.597
vn -0.7992 0.0693 -0.597
vn -0.8154 -0.0415 0.5773
vn -0.8154 -0.0415 0.5773
vn -0.8154 -0.0415 0.5773
vn -0.8024 -0.0624 0.5936
vn -0.8024 -0.0624 0.5936
vn -0.8024 -0.0624 0.5936
vn 0.0296 -0.1262 0.9916
vn 0.0296 -0.1262 0.9916
vn 0.0296 -0.1262 0.9916
vn -0.001 -0.0941 0.9956
vn -0.001 -0.0941 0.9956
vn -0.001 -0.0941 0.9956
vn -0.0021 -0.094 0.9956
vn -0.0021 -0.094 0.9956
vn -0.0021 -0.094 0.9956
vn -0.0336 -0.1252 0.9916
vn -0.0336 -0.1252 0.9916
vn -0.0336 -0.1252 0.9916
vn 0.8 -0.0881 0.5936
vn 0.8 -0.0881 0.5936
vn 0.8 -0.0881 0.5936
vn 0.8137 -0.0676 0.5774
vn 0.8137 -0.0676 0.5774
vn 0.8137 -0.0676 0.5774
vn 0.801 0.0435 -0.597
vn 0.801 0.0435 -0.597
vn 0.801 0.0435 -0.597
vn 0.801 0.0435 -0.597
vn 0.8801 0.0306 -0.4739
vn 0.8801 0.0306 -0.4739
vn 0.8801 0.0306 -0.4739
vn 0.8801 0.0306 -0.4739
vn 0.9813 -0.1887 -0.038
vn 0.9813 -0.1887 -0.038
vn 0.9813 -0.1887 -0.038
vn -0.8569 0.2771 0.4346
vn -0.8569 0.2771 0.4346
vn -0.8569 0.2771 0.4346
vn -0.2114 -0.0689 -0.975
vn -0.2114 -0.0689 -0.975
vn -0.2114 -0.0689 -0.975
vn 0.9614 -0.2263 0.1565
vn 0.9614 -0.2263 0.1565
vn 0.9614 -0.2263 0.1565
vn 0.9684 -0.2461 -0.0394
vn 0.9684 -0.2461 -0.0394
vn 0.9684 -0.2461 -0.0394
vn -0.822 0.16 0.5466
vn -0.822 0.16 0.5466
vn -0.822 0.16 0.5466
vn -0.8771 0.2041 0.4348
vn -0.8771 0.2041 0.4348
vn -0.8771 0.2041 0.4348
vn -0.2114 0.0529 -0.976
vn -0.2114 0.0529 -0.976
vn -0.2114 0.0529 -0.976
vn -0.1872 0.0497 -0.9811
vn -0.1872 0.0497 -0.9811
vn -0.1872 0.0497 -0.9811
vn 0.9787 -0.152 -0.1378
vn 0.9787 -0.152 -0.1378
vn 0.9787 -0.152 -0.1378
vn -0.8746 0.0089 0.4848
vn -0.8746 0.0089 0.4848
vn -0.8746 0.0089 0.4848
vn -0.223 0.5388 -0.8124
vn -0.223 0.5388 -0.8124
vn -0.223 0.5388 -0.8124
vn 0.9598 -0.2799 -0.0197
vn 0.9598 -0.2799 -0.0197
vn 0.9598 -0.2799 -0.0197
vn 0.9673 -0.1912 -0.1666
vn 0.9673 -0.1912 -0.1666
vn 0.9673 -0.1912 -0.1666
vn -0.8461 -0.1784 0.5023
vn -0.8461 -0.1784 0.5023
vn -0.8461 -0.1784 0.5023
vn -0.8982 -0.0628 0.4352
vn -0.8982 -0.0628 0.4352
vn -0.8982 -0.0628 0.4352
vn -0.2057 0.64 -0.7403
vn -0.2057 0.64 -0.7403
vn -0.2057 0.64 -0.7403
vn -0.1989 0.6401 -0.7421
vn -0.1989 0.6401 -0.7421
vn -0.1989 0.6401 -0.7421
vn 0.1682 -0.4333 -0.8854
vn 0.1682 -0.4333 -0.8854
vn 0.1682 -0.4333 -0.8854
vn 0.8759 0.4343 0.2103
vn 0.8759 0.4343 0.2103
vn 0.8759 0.4343 0.2103
vn 0.8368 0.4491 0.3131
vn 0.8368 0.4491 0.3131
vn 0.8368 0.4491 0.3131
vn 0.1615 -0.4352 -0.8857
vn 0.1615 -0.4352 -0.8857
vn 0.1615 -0.4352 -0.8857
vn 0.1699 -0.4569 -0.8732
vn 0.1699 -0.4569 -0.8732
vn 0.1699 -0.4569 -0.8732
vn 0.8646 0.4654 0.1892
vn 0.8646 0.4654 0.1892
vn 0.8646 0.4654 0.1892
vn -0.9646 -0.2238 0.1397
vn -0.9646 -0.2238 0.1397
vn -0.9646 -0.2238 0.1397
vn -0.9478 -0.2691 0.1709
vn -0.9478 -0.2691 0.1709
vn -0.9478 -0.2691 0.1709
vn -0.9353 -0.1634 0.314
vn -0.9353 -0.1634 0.314
vn -0.9353 -0.1634 0.314
vn -0.0909 -0.4446 -0.8911
vn -0.0909 -0.4446 -0.8911
vn -0.0909 -0.4446 -0.8911
vn 0.9938 0.0377 0.105
vn 0.9938 0.0377 0.105
vn 0.9938 0.0377 0.105
vn 0.9747 0.0654 0.2137
vn 0.9747 0.0654 0.2137
vn 0.9747 0.0654 0.2137
vn -0.0885 -0.4449 -0.8912
vn -0.0885 -0.4449 -0.8912
vn -0.0885 -0.4449 -0.8912
vn -0.0888 -0.4668 -0.8799
vn -0.0888 -0.4668 -0.8799
vn -0.0888 -0.4668 -0.8799
vn 0.9939 0.072 0.0839
vn 0.9939 0.072 0.0839
vn 0.9939 0.072 0.0839
vn -0.9513 0.1814 0.2491
vn -0.9513 0.1814 0.2491
vn -0.9513 0.1814 0.2491
vn -0.9512 0.1339 0.2781
vn -0.9512 0.1339 0.2781
vn -0.9512 0.1339 0.2781
vn -0.8838 0.22 0.413
vn -0.8838 0.22 0.413
vn -0.8838 0.22 0.413
vn -0.0894 -0.342 -0.9354
vn -0.0894 -0.342 -0.9354
vn -0.0894 -0.342 -0.9354
vn 0.9932 0.0268 0.1136
vn 0.9932 0.0268 0.1136
vn 0.9932 0.0268 0.1136
vn 0.9732 0.043 0.2258
vn 0.9732 0.043 0.2258
vn 0.9732 0.043 0.2258
vn -0.0848 -0.3426 -0.9356
vn -0.0848 -0.3426 -0.9356
vn -0.0848 -0.3426 -0.9356
vn -0.0851 -0.3728 -0.924
vn -0.0851 -0.3728 -0.924
vn -0.0851 -0.3728 -0.924
vn 0.9932 0.0641 0.0971
vn 0.9932 0.0641 0.0971
vn 0.9932 0.0641 0.0971
vn -0.9489 0.1575 0.2735
vn -0.9489 0.1575 0.2735
vn -0.9489 0.1575 0.2735
vn -0.9492 0.105 0.2967
vn -0.9492 0.105 0.2967
vn -0.9492 0.105 0.2967
vn -0.8798 0.1756 0.4418
vn -0.8798 0.1756 0.4418
vn -0.8798 0.1756 0.4418
vn 0.2128 0.0466 -0.976
vn 0.2128 0.0466 -0.976
vn 0.2128 0.0466 -0.976
vn 0.883 0.1755 0.4353
vn 0.883 0.1755 0.4353
vn 0.883 0.1755 0.4353
vn 0.8269 0.1335 0.5462
vn 0.8269 0.1335 0.5462
vn 0.8269 0.1335 0.5462
vn 0.1886 0.0441 -0.9811
vn 0.1886 0.0441 -0.9811
vn 0.1886 0.0441 -0.9811
vn 0.2087 -0.0732 -0.9752
vn 0.2087 -0.0732 -0.9752
vn 0.2087 -0.0732 -0.9752
vn 0.8654 0.2484 0.4351
vn 0.8654 0.2484 0.4351
vn 0.8654 0.2484 0.4351
vn -0.9869 -0.1571 -0.038
vn -0.9869 -0.1571 -0.038
vn -0.9869 -0.1571 -0.038
vn -0.9759 -0.2149 -0.0394
vn -0.9759 -0.2149 -0.0394
vn -0.9759 -0.2149 -0.0394
vn -0.9682 -0.1954 0.1562
vn -0.9682 -0.1954 0.1562
vn -0.9682 -0.1954 0.1562
vn -0.9233 -0.3308 -0.1951
vn -0.9233 -0.3308 -0.1951
vn -0.9233 -0.3308 -0.1951
vn -0.9193 -0.1706 -0.3546
vn -0.9193 -0.1706 -0.3546
vn -0.9193 -0.1706 -0.3546
vn -0.9258 -0.1684 -0.3385
vn -0.9258 -0.1684 -0.3385
vn -0.9258 -0.1684 -0.3385
vn -0.8884 0.2213 0.4022
vn -0.8884 0.2213 0.4022
vn -0.8884 0.2213 0.4022
vn -0.9199 0.1456 0.3643
vn -0.9199 0.1456 0.3643
vn -0.9199 0.1456 0.3643
vn -0.9913 0.0532 -0.1205
vn -0.9913 0.0532 -0.1205
vn -0.9913 0.0532 -0.1205
vn -0.2326 0.9017 -0.3644
vn -0.2326 0.9017 -0.3644
vn -0.2326 0.9017 -0.3644
vn 0.1495 0.9791 0.138
vn 0.1495 0.9791 0.138
vn 0.1495 0.9791 0.138
vn 0.3843 0.916 0.1151
vn 0.3843 0.916 0.1151
vn 0.3843 0.916 0.1151
vn 0.962 -0.1227 -0.244
vn 0.962 -0.1227 -0.244
vn 0.962 -0.1227 -0.244
vn 0.9631 -0.1528 -0.2215
vn 0.9631 -0.1528 -0.2215
vn 0.9631 -0.1528 -0.2215
vn 0.9932 -0.0157 -0.1157
vn 0.9932 -0.0157 -0.1157
vn 0.9932 -0.0157 -0.1157
vn -0.0056 -0.9981 0.0617
vn -0.0056 -0.9981 0.0617
vn -0.0056 -0.9981 0.0617
vn -0.0028 -0.9938 0.1111
vn -0.0028 -0.9938 0.1111
vn -0.0028 -0.9938 0.1111
vn 0.3189 -0.9306 -0.1796
vn 0.3189 -0.9306 -0.1796
vn 0.3189 -0.9306 -0.1796
vn -0.6865 0.5012 -0.5269
vn -0.6865 0.5012 -0.5269
vn -0.6865 0.5012 -0.5269
vn -0.9224 0.3608 0.1379
vn -0.9224 0.3608 0.1379
vn -0.9224 0.3608 0.1379
vn -0.6444 0.5345 -0.5469
vn -0.6444 0.5345 -0.5469
vn -0.6444 0.5345 -0.5469
vn -0.6071 0.7005 -0.3753
vn -0.6071 0.7005 -0.3753
vn -0.6071 0.7005 -0.3753
vn -0.7762 0.615 -0.139
vn -0.7762 0.615 -0.139
vn -0.7762 0.615 -0.139
vn -0.2916 0.5395 0.7899
vn -0.2916 0.5395 0.7899
vn -0.2916 0.5395 0.7899
vn 0.7022 0.4789 -0.5268
vn 0.7022 0.4789 -0.5268
vn 0.7022 0.4789 -0.5268
vn 0.9335 0.331 0.1379
vn 0.9335 0.331 0.1379
vn 0.9335 0.331 0.1379
vn 0.3088 0.5299 0.7899
vn 0.3088 0.5299 0.7899
vn 0.3088 0.5299 0.7899
vn 0.7955 0.5898 -0.139
vn 0.7955 0.5898 -0.139
vn 0.7955 0.5898 -0.139
vn 0.6293 0.6806 -0.3753
vn 0.6293 0.6806 -0.3753
vn 0.6293 0.6806 -0.3753
vn 0.6612 0.5135 -0.5469
vn 0.6612 0.5135 -0.5469
vn 0.6612 0.5135 -0.5469
vn 1 0.0085 -0.0003
vn 1 0.0085 -0.0003
vn 1 0.0085 -0.0003
vn 0.9997 0.0024 0.0228
vn 0.9997 0.0024 0.0228
vn 0.9997 0.0024 0.0228
vn 0.9997 0.0023 0.0225
vn 0.9997 0.0023 0.0225
vn 0.9997 0.0023 0.0225
vn 1 0.0055 0.0038
vn 1 0.0055 0.0038
vn 1 0.0055 0.0038
vn -0.6852 0.0389 -0.7273
vn -0.6852 0.0389 -0.7273
vn -0.6852 0.0389 -0.7273
vn -0.9891 -0.1396 0.0477
vn -0.9891 -0.1396 0.0477
vn -0.9891 -0.1396 0.0477
vn -0.9865 -0.1354 -0.0923
vn -0.9865 -0.1354 -0.0923
vn -0.9865 -0.1354 -0.0923
vn -0.9771 -0.0451 -0.2081
vn -0.9771 -0.0451 -0.2081
vn -0.9771 -0.0451 -0.2081
vn -0.9854 -0.0209 -0.1691
vn -0.9854 -0.0209 -0.1691
vn -0.9854 -0.0209 -0.1691
vn -0.892 0.1897 -0.4103
vn -0.892 0.1897 -0.4103
vn -0.892 0.1897 -0.4103
vn -0.7261 -0.1541 -0.6701
vn -0.7261 -0.1541 -0.6701
vn -0.7261 -0.1541 -0.6701
vn -0.8841 -0.4651 -0.0453
vn -0.8841 -0.4651 -0.0453
vn -0.8841 -0.4651 -0.0453
vn -0.8841 -0.4651 -0.0453
vn -0.8841 -0.4651 -0.0453
vn -0.8841 -0.4651 -0.0453
vn -0.8707 -0.4882 -0.0598
vn -0.8707 -0.4882 -0.0598
vn -0.8707 -0.4882 -0.0598
vn -0.8841 -0.4651 -0.0453
vn -0.8841 -0.4651 -0.0453
vn 0.9569 -0.2546 0.1397
vn 0.9569 -0.2546 0.1397
vn 0.9569 -0.2546 0.1397
vn -0.8492 0.4929 0.1892
vn -0.8492 0.4929 0.1892
vn -0.8492 0.4929 0.1892
vn -0.1844 -0.4512 -0.8732
vn -0.1844 -0.4512 -0.8732
vn -0.1844 -0.4512 -0.8732
vn 0.9295 -0.1934 0.314
vn 0.9295 -0.1934 0.314
vn 0.9295 -0.1934 0.314
vn 0.9387 -0.2994 0.1709
vn 0.9387 -0.2994 0.1709
vn 0.9387 -0.2994 0.1709
vn -0.822 0.4757 0.3131
vn -0.822 0.4757 0.3131
vn -0.822 0.4757 0.3131
vn -0.8615 0.4622 0.2103
vn -0.8615 0.4622 0.2103
vn -0.8615 0.4622 0.2103
vn -0.182 -0.4277 -0.8854
vn -0.182 -0.4277 -0.8854
vn -0.182 -0.4277 -0.8854
vn -0.1754 -0.4298 -0.8857
vn -0.1754 -0.4298 -0.8857
vn -0.1754 -0.4298 -0.8857
vn -0.0792 0.5498 -0.8315
vn -0.0792 0.5498 -0.8315
vn -0.0792 0.5498 -0.8315
vn 0.9934 -0.0729 0.0882
vn 0.9934 -0.0729 0.0882
vn 0.9934 -0.0729 0.0882
vn 0.9704 -0.1683 0.1731
vn 0.9704 -0.1683 0.1731
vn 0.9704 -0.1683 0.1731
vn -0.0824 0.55 -0.8311
vn -0.0824 0.55 -0.8311
vn -0.0824 0.55 -0.8311
vn -0.0817 0.316 -0.9452
vn -0.0817 0.316 -0.9452
vn -0.0817 0.316 -0.9452
vn 0.9919 -0.0119 0.1267
vn 0.9919 -0.0119 0.1267
vn 0.9919 -0.0119 0.1267
vn -0.9589 -0.0421 0.2807
vn -0.9589 -0.0421 0.2807
vn -0.9589 -0.0421 0.2807
vn -0.9652 -0.1544 0.2111
vn -0.9652 -0.1544 0.2111
vn -0.9652 -0.1544 0.2111
vn -0.8715 -0.2612 0.4151
vn -0.8715 -0.2612 0.4151
vn -0.8715 -0.2612 0.4151
vn 0.3955 -0.69 -0.6062
vn 0.3955 -0.69 -0.6062
vn 0.3955 -0.69 -0.6062
vn 0.0564 -0.8926 -0.4474
vn 0.0564 -0.8926 -0.4474
vn 0.0564 -0.8926 -0.4474
vn -0.085 -0.8903 -0.4474
vn -0.085 -0.8903 -0.4474
vn -0.085 -0.8903 -0.4474
vn -0.4174 -0.6769 -0.6062
vn -0.4174 -0.6769 -0.6062
vn -0.4174 -0.6769 -0.6062
vn -0.3038 -0.8199 -0.4853
vn -0.3038 -0.8199 -0.4853
vn -0.3038 -0.8199 -0.4853
vn 0.2773 -0.8292 -0.4853
vn 0.2773 -0.8292 -0.4853
vn 0.2773 -0.8292 -0.4853
vn -0.8261 -0.455 -0.3326
vn -0.8261 -0.455 -0.3326
vn -0.8261 -0.455 -0.3326
vn -0.0973 -0.9946 -0.036
vn -0.0973 -0.9946 -0.036
vn -0.0973 -0.9946 -0.036
vn -0.3071 -0.8614 0.4046
vn -0.3071 -0.8614 0.4046
vn -0.3071 -0.8614 0.4046
vn -0.0214 -0.8723 -0.4885
vn -0.0214 -0.8723 -0.4885
vn -0.0214 -0.8723 -0.4885
vn 0.0157 -0.8938 -0.4483
vn 0.0157 -0.8938 -0.4483
vn 0.0157 -0.8938 -0.4483
vn -0.0444 -0.8928 -0.4483
vn -0.0444 -0.8928 -0.4483
vn -0.0444 -0.8928 -0.4483
vn 0.0653 -0.9972 -0.036
vn 0.0653 -0.9972 -0.036
vn 0.0653 -0.9972 -0.036
vn 0.811 -0.4813 -0.3326
vn 0.811 -0.4813 -0.3326
vn 0.811 -0.4813 -0.3326
vn 0.2792 -0.8708 0.4046
vn 0.2792 -0.8708 0.4046
vn 0.2792 -0.8708 0.4046
vn -0.0066 -0.8725 -0.4885
vn -0.0066 -0.8725 -0.4885
vn -0.0066 -0.8725 -0.4885
vn 0.0478 -0.7705 -0.6356
vn 0.0478 -0.7705 -0.6356
vn 0.0478 -0.7705 -0.6356
vn 0.0885 -0.784 -0.6144
vn 0.0885 -0.784 -0.6144
vn 0.0885 -0.784 -0.6144
vn 0.1389 -0.8752 -0.4634
vn 0.1389 -0.8752 -0.4634
vn 0.1389 -0.8752 -0.4634
vn -0.4321 -0.2579 -0.8642
vn -0.4321 -0.2579 -0.8642
vn -0.4321 -0.2579 -0.8642
vn 0.1919 -0.3296 -0.9244
vn 0.1919 -0.3296 -0.9244
vn 0.1919 -0.3296 -0.9244
vn -0.2024 -0.3233 -0.9244
vn -0.2024 -0.3233 -0.9244
vn -0.2024 -0.3233 -0.9244
vn -0.2355 -0.3462 -0.9081
vn -0.2355 -0.3462 -0.9081
vn -0.2355 -0.3462 -0.9081
vn -0.799 -0.1584 -0.5802
vn -0.799 -0.1584 -0.5802
vn -0.799 -0.1584 -0.5802
vn 0.2243 -0.3536 -0.9081
vn 0.2243 -0.3536 -0.9081
vn 0.2243 -0.3536 -0.9081
vn 0.7935 -0.184 -0.5802
vn 0.7935 -0.184 -0.5802
vn 0.7935 -0.184 -0.5802
vn 0.4236 -0.2716 -0.8642
vn 0.4236 -0.2716 -0.8642
vn 0.4236 -0.2716 -0.8642
vn -0.167 -0.8703 -0.4634
vn -0.167 -0.8703 -0.4634
vn -0.167 -0.8703 -0.4634
vn -0.1136 -0.7807 -0.6144
vn -0.1136 -0.7807 -0.6144
vn -0.1136 -0.7807 -0.6144
vn -0.0726 -0.7686 -0.6356
vn -0.0726 -0.7686 -0.6356
vn -0.0726 -0.7686 -0.6356
vn -0.9992 0.0406 -0.0003
vn -0.9992 0.0406 -0.0003
vn -0.9992 0.0406 -0.0003
vn -0.9991 0.0345 0.0228
vn -0.9991 0.0345 0.0228
vn -0.9991 0.0345 0.0228
vn -0.9992 0.0344 0.0225
vn -0.9992 0.0344 0.0225
vn -0.9992 0.0344 0.0225
vn -0.9993 0.0376 0.0038
vn -0.9993 0.0376 0.0038
vn -0.9993 0.0376 0.0038
vn -0.9884 0.1375 0.0641
vn -0.9884 0.1375 0.0641
vn -0.9884 0.1375 0.0641
vn -0.9967 0.077 -0.0241
vn -0.9967 0.077 -0.0241
vn -0.9967 0.077 -0.0241
vn -0.9985 0.0539 0.0103
vn -0.9985 0.0539 0.0103
vn -0.9985 0.0539 0.0103
vn -0.9997 0.0229 -0.0031
vn -0.9997 0.0229 -0.0031
vn -0.9997 0.0229 -0.0031
vn -0.9996 0.0154 0.0225
vn -0.9996 0.0154 0.0225
vn -0.9996 0.0154 0.0225
vn -0.9999 0.0106 0.0019
vn -0.9999 0.0106 0.0019
vn -0.9999 0.0106 0.0019
vn -0.999 -0.0399 0.0199
vn -0.999 -0.0399 0.0199
vn -0.999 -0.0399 0.0199
vn -1 -0.0058 0.0025
vn -1 -0.0058 0.0025
vn -1 -0.0058 0.0025
vn -0.9999 0.0161 0
vn -0.9999 0.0161 0
vn -0.9999 0.0161 0
vn -0.9999 0.0161 0
vn -0.9493 -0.1594 0.271
vn -0.9493 -0.1594 0.271
vn -0.9493 -0.1594 0.271
vn -0.6459 -0.1698 0.7443
vn -0.6459 -0.1698 0.7443
vn -0.6459 -0.1698 0.7443
vn -0.8821 -0.3314 0.3346
vn -0.8821 -0.3314 0.3346
vn -0.8821 -0.3314 0.3346
vn -0.8273 -0.369 0.4236
vn -0.8273 -0.369 0.4236
vn -0.8273 -0.369 0.4236
vn -0.9116 -0.3994 0.0973
vn -0.9116 -0.3994 0.0973
vn -0.9116 -0.3994 0.0973
vn -0.6504 -0.6688 0.3602
vn -0.6504 -0.6688 0.3601
vn -0.6504 -0.6688 0.3602
vn -0.7267 -0.6869 0.0067
vn -0.7267 -0.6869 0.0067
vn -0.7267 -0.6869 0.0067
vn -0.7132 -0.7008 0.0145
vn -0.7132 -0.7008 0.0145
vn -0.7132 -0.7008 0.0145
vn -0.7587 -0.6236 -0.1884
vn -0.7587 -0.6236 -0.1884
vn -0.7587 -0.6236 -0.1884
vn -0.7396 -0.6489 -0.1786
vn -0.7396 -0.6489 -0.1786
vn -0.7396 -0.6489 -0.1786
vn -0.739 -0.0862 -0.6682
vn -0.739 -0.0862 -0.6682
vn -0.739 -0.0862 -0.6682
vn 0.8353 -0.1781 -0.5201
vn 0.8353 -0.1781 -0.5201
vn 0.8353 -0.1781 -0.5201
vn 0.8223 0.2009 -0.5325
vn 0.8223 0.2009 -0.5325
vn 0.8223 0.2009 -0.5325
vn 0.94 0.2032 -0.2742
vn 0.94 0.2032 -0.2742
vn 0.94 0.2032 -0.2742
vn 0.9429 0.1699 -0.2866
vn 0.9429 0.1699 -0.2866
vn 0.9429 0.1699 -0.2866
vn 0.9696 0.1701 -0.1761
vn 0.9696 0.1701 -0.1761
vn 0.9696 0.1701 -0.1761
vn 0.9693 0.229 -0.0897
vn 0.9693 0.229 -0.0897
vn 0.9693 0.229 -0.0897
vn 0.7358 -0.1099 -0.6682
vn 0.7358 -0.1099 -0.6682
vn 0.7358 -0.1099 -0.6682
vn 0.7184 -0.6723 -0.1786
vn 0.7184 -0.6723 -0.1786
vn 0.7184 -0.6723 -0.1786
vn 0.7383 -0.6476 -0.1884
vn 0.7383 -0.6476 -0.1884
vn 0.7383 -0.6476 -0.1884
vn 0.6903 -0.7234 0.0145
vn 0.6903 -0.7234 0.0145
vn 0.6903 -0.7234 0.0145
vn 0.7042 -0.7099 0.0067
vn 0.7042 -0.7099 0.0067
vn 0.7042 -0.7099 0.0067
vn 0.6286 -0.6893 0.3601
vn 0.6286 -0.6893 0.3601
vn 0.6286 -0.6893 0.3601
vn 0.8983 -0.4285 0.0973
vn 0.8983 -0.4285 0.0973
vn 0.8983 -0.4285 0.0973
vn 0.815 -0.3953 0.4236
vn 0.815 -0.3953 0.4236
vn 0.815 -0.3953 0.4236
vn 0.8711 -0.3596 0.3346
vn 0.8711 -0.3596 0.3346
vn 0.8711 -0.3596 0.3346
vn 0.6402 -0.1905 0.7443
vn 0.6402 -0.1905 0.7443
vn 0.6402 -0.1905 0.7443
vn 0.9437 -0.1898 0.271
vn 0.9437 -0.1898 0.271
vn 0.9437 -0.1898 0.271
vn 0.9999 -0.0161 0
vn 0.9999 -0.0161 0
vn 0.9999 -0.0161 0
vn 0.9999 -0.0161 0
vn 0.9999 -0.0161 0
vn 0.9999 -0.0161 0
vn 0.9999 -0.0161 0
vn 0.9999 -0.0161 0
vn 0.9993 -0.038 0.0025
vn 0.9993 -0.038 0.0025
vn 0.9993 -0.038 0.0025
vn 0.9972 -0.072 0.0199
vn 0.9972 -0.072 0.0199
vn 0.9972 -0.072 0.0199
vn 0.9998 -0.0215 0.0019
vn 0.9998 -0.0215 0.0019
vn 0.9998 -0.0215 0.0019
vn 0.9996 -0.0167 0.0225
vn 0.9996 -0.0167 0.0225
vn 0.9996 -0.0167 0.0225
vn 1 -0.0092 -0.0031
vn 1 -0.0092 -0.0031
vn 1 -0.0092 -0.0031
vn 0.9997 0.0218 0.0103
vn 0.9997 0.0218 0.0103
vn 0.9997 0.0218 0.0103
vn 0.9987 0.0449 -0.0241
vn 0.9987 0.0449 -0.0241
vn 0.9987 0.0449 -0.0241
vn 0.9923 0.1056 0.0641
vn 0.9923 0.1056 0.0641
vn 0.9923 0.1056 0.0641
vn -0.8771 -0.2735 -0.3948
vn -0.8771 -0.2735 -0.3948
vn -0.8771 -0.2735 -0.3948
vn -0.4647 0.4551 -0.7596
vn -0.4647 0.4551 -0.7596
vn -0.4647 0.4551 -0.7596
vn -0.4654 0.4563 -0.7584
vn -0.4654 0.4563 -0.7584
vn -0.4654 0.4563 -0.7584
vn -0.337 0.4438 -0.8303
vn -0.337 0.4438 -0.8303
vn -0.337 0.4438 -0.8303
vn -0.3077 0.4122 0.8575
vn -0.3077 0.4122 0.8575
vn -0.3077 0.4122 0.8575
vn -0.6875 -0.1024 0.7189
vn -0.6875 -0.1024 0.7189
vn -0.6875 -0.1024 0.7189
vn 0.4791 0.4399 -0.7596
vn 0.4791 0.4399 -0.7596
vn 0.4791 0.4399 -0.7596
vn 0.6419 0.5468 0.5375
vn 0.6419 0.5468 0.5375
vn 0.6419 0.5468 0.5375
vn 0.9291 0.3255 0.1755
vn 0.9291 0.3255 0.1755
vn 0.9291 0.3255 0.1755
vn 0.9331 0.3363 0.1274
vn 0.9331 0.3363 0.1274
vn 0.9331 0.3363 0.1274
vn -0.9218 0.3661 0.1274
vn -0.9218 0.3661 0.1274
vn -0.9218 0.3661 0.1274
vn -0.2282 0.9736 0.0089
vn -0.2282 0.9736 0.0089
vn -0.2282 0.9736 0.0089
vn -0.5291 0.8063 -0.2644
vn -0.5291 0.8063 -0.2644
vn -0.5291 0.8063 -0.2644
vn -0.6424 0.7648 -0.0489
vn -0.6424 0.7648 -0.0489
vn -0.6424 0.7648 -0.0489
vn -0.4146 0.9049 0.0967
vn -0.4146 0.9049 0.0967
vn -0.4146 0.9049 0.0967
vn -0.6241 0.5672 0.5375
vn -0.6241 0.5672 0.5375
vn -0.6241 0.5672 0.5375
vn -0.9182 0.3552 0.1755
vn -0.9182 0.3552 0.1755
vn -0.9182 0.3552 0.1755
vn 0.2593 0.9658 0.0089
vn 0.2593 0.9658 0.0089
vn 0.2593 0.9658 0.0089
vn 0.5547 0.7889 -0.2644
vn 0.5547 0.7889 -0.2644
vn 0.5547 0.7889 -0.2644
vn 0.4434 0.8911 0.0967
vn 0.4434 0.8911 0.0967
vn 0.4434 0.8911 0.0967
vn 0.6667 0.7437 -0.0489
vn 0.6667 0.7437 -0.0489
vn 0.6667 0.7437 -0.0489
vn 0.4467 0.0754 0.8915
vn 0.4467 0.0754 0.8915
vn 0.4467 0.0754 0.8915
vn -0.444 0.0897 0.8915
vn -0.444 0.0897 0.8915
vn -0.444 0.0897 0.8915
vn 0.3755 0.9163 -0.1393
vn 0.3755 0.9163 -0.1393
vn 0.3755 0.9163 -0.1393
vn 0.2688 0.9557 -0.1196
vn 0.2688 0.9557 -0.1196
vn 0.2688 0.9557 -0.1196
vn 0.0442 0.372 0.9272
vn 0.0442 0.372 0.9272
vn 0.0442 0.372 0.9272
vn -0.048 0.3524 0.9346
vn -0.048 0.3524 0.9346
vn -0.048 0.3524 0.9346
vn 0.0366 0.7053 -0.708
vn 0.0366 0.7053 -0.708
vn 0.0366 0.7053 -0.708
vn -0.5267 0.6406 -0.5588
vn -0.5267 0.6406 -0.5588
vn -0.5267 0.6406 -0.5588
vn -0.9386 0.0957 0.3315
vn -0.9386 0.0957 0.3315
vn -0.9386 0.0957 0.3315
vn -0.8812 -0.2052 -0.4258
vn -0.8812 -0.2052 -0.4258
vn -0.8812 -0.2052 -0.4258
vn -0.7999 -0.2919 -0.5244
vn -0.7999 -0.2919 -0.5244
vn -0.7999 -0.2919 -0.5244
vn -0.9248 0.0873 0.3702
vn -0.9248 0.0873 0.3702
vn -0.9248 0.0873 0.3702
vn -0.8292 0.4679 0.3057
vn -0.8292 0.4679 0.3057
vn -0.8292 0.4679 0.3057
vn -0.1818 0.9243 0.3357
vn -0.1818 0.9243 0.3357
vn -0.1818 0.9243 0.3357
vn -0.3765 0.452 -0.8086
vn -0.3765 0.452 -0.8086
vn -0.3765 0.452 -0.8086
vn -0.4776 0.4296 -0.7663
vn -0.4776 0.4296 -0.7663
vn -0.4776 0.4296 -0.7663
vn -0.3507 0.6296 0.6932
vn -0.3507 0.6296 0.6932
vn -0.3507 0.6296 0.6932
vn -0.6257 0.5558 0.5473
vn -0.6257 0.5558 0.5473
vn -0.6257 0.5558 0.5473
vn -0.9708 -0.2399 0.0097
vn -0.9708 -0.2399 0.0097
vn -0.9708 -0.2399 0.0097
vn -0.9082 0.0541 0.415
vn -0.9082 0.0541 0.415
vn -0.9082 0.0541 0.415
vn -0.2386 0.9591 0.1524
vn -0.2386 0.9591 0.1524
vn -0.2386 0.9591 0.1524
vn -0.372 0.8848 0.2806
vn -0.372 0.8848 0.2806
vn -0.372 0.8848 0.2806
vn -0.2122 0.7848 0.5823
vn -0.2122 0.7848 0.5823
vn -0.2122 0.7848 0.5823
vn -0.4797 -0.8767 0.0353
vn -0.4797 -0.8767 0.0353
vn -0.4797 -0.8767 0.0353
vn -0.2999 -0.672 0.6771
vn -0.2999 -0.672 0.6771
vn -0.2999 -0.672 0.6771
vn -0.9097 0.0542 0.4117
vn -0.9097 0.0542 0.4117
vn -0.9097 0.0542 0.4117
vn -0.5316 0.1269 0.8374
vn -0.5316 0.1269 0.8374
vn -0.5316 0.1269 0.8374
vn -0.5198 0.139 0.8429
vn -0.5198 0.139 0.8429
vn -0.5198 0.139 0.8429
vn 0.524 0.1223 0.8429
vn 0.524 0.1223 0.8429
vn 0.524 0.1223 0.8429
vn 0.2373 0.7776 0.5823
vn 0.2373 0.7776 0.5823
vn 0.2373 0.7776 0.5823
vn 0.4003 0.8724 0.2806
vn 0.4003 0.8724 0.2806
vn 0.4003 0.8724 0.2806
vn 0.2693 0.9509 0.1524
vn 0.2693 0.9509 0.1524
vn 0.2693 0.9509 0.1524
vn 0.5354 0.1098 0.8374
vn 0.5354 0.1098 0.8374
vn 0.5354 0.1098 0.8374
vn 0.2516 -0.2924 0.9226
vn 0.2516 -0.2924 0.9226
vn 0.2516 -0.2924 0.9226
vn -0.2608 -0.2841 0.9226
vn -0.2608 -0.2841 0.9226
vn -0.2608 -0.2841 0.9226
vn -0.286 -0.6643 0.6906
vn -0.286 -0.6643 0.6906
vn -0.286 -0.6643 0.6906
vn 0.2646 -0.6731 0.6906
vn 0.2646 -0.6731 0.6906
vn 0.2646 -0.6731 0.6906
vn 0.2781 -0.6813 0.6771
vn 0.2781 -0.6813 0.6771
vn 0.2781 -0.6813 0.6771
vn 0.911 0.025 0.4117
vn 0.911 0.025 0.4117
vn 0.911 0.025 0.4117
vn 0.7901 -0.3174 -0.5244
vn 0.7901 -0.3174 -0.5244
vn 0.7901 -0.3174 -0.5244
vn 0.0593 0.3507 0.9346
vn 0.0593 0.3507 0.9346
vn 0.0593 0.3507 0.9346
vn -0.014 0.7061 -0.708
vn -0.014 0.7061 -0.708
vn -0.014 0.7061 -0.708
vn 0.547 0.6234 -0.5588
vn 0.547 0.6234 -0.5588
vn 0.547 0.6234 -0.5588
vn 0.8438 0.441 0.3057
vn 0.8438 0.441 0.3057
vn 0.8438 0.441 0.3057
vn 0.9272 0.0576 0.3702
vn 0.9272 0.0576 0.3702
vn 0.9272 0.0576 0.3702
vn 0.9095 0.0249 0.415
vn 0.9095 0.0249 0.415
vn 0.9095 0.0249 0.415
vn 0.9625 -0.2709 0.0098
vn 0.9625 -0.2709 0.0098
vn 0.9625 -0.2709 0.0098
vn 0.4513 -0.8917 0.0353
vn 0.4513 -0.8917 0.0353
vn 0.4513 -0.8917 0.0353
vn 0.3534 -0.9244 -0.1436
vn 0.3534 -0.9244 -0.1436
vn 0.3534 -0.9244 -0.1436
vn -0.3829 -0.9126 -0.1436
vn -0.3829 -0.9126 -0.1436
vn -0.3829 -0.9126 -0.1436
vn 0.2114 0.918 0.3357
vn 0.2114 0.918 0.3357
vn 0.2114 0.918 0.3357
vn 0.3908 0.4397 -0.8086
vn 0.3908 0.4397 -0.8086
vn 0.3908 0.4397 -0.8086
vn -0.4286 0.4671 -0.7734
vn -0.4286 0.4671 -0.7734
vn -0.4286 0.4671 -0.7734
vn 0.4434 0.4531 -0.7734
vn 0.4434 0.4531 -0.7734
vn 0.4434 0.4531 -0.7734
vn 0.3958 0.5733 -0.7174
vn 0.3958 0.5733 -0.7174
vn 0.3958 0.5733 -0.7174
vn 0.4912 0.4141 -0.7663
vn 0.4912 0.4141 -0.7663
vn 0.4912 0.4141 -0.7663
vn -0.3772 0.5857 -0.7174
vn -0.3772 0.5857 -0.7174
vn -0.3772 0.5857 -0.7174
vn -0.1568 0.4415 0.8835
vn -0.1568 0.4415 0.8835
vn -0.1568 0.4415 0.8835
vn 0.1709 0.4362 0.8835
vn 0.1709 0.4362 0.8835
vn 0.1709 0.4362 0.8835
vn 0.6433 0.5354 0.5473
vn 0.6433 0.5354 0.5473
vn 0.6433 0.5354 0.5473
vn 0.3707 0.6181 0.6932
vn 0.3707 0.6181 0.6932
vn 0.3707 0.6181 0.6932
vn 0.3208 0.4021 0.8575
vn 0.3208 0.4021 0.8575
vn 0.3208 0.4021 0.8575
vn -0.0323 0.3732 0.9272
vn -0.0323 0.3732 0.9272
vn -0.0323 0.3732 0.9272
vn -0.609 0.6733 -0.4192
vn -0.609 0.6733 -0.4192
vn -0.609 0.6733 -0.4192
vn 0.6304 0.6534 -0.4192
vn 0.6304 0.6534 -0.4192
vn 0.6304 0.6534 -0.4192
vn -0.3459 0.9279 -0.1393
vn -0.3459 0.9279 -0.1393
vn -0.3459 0.9279 -0.1393
vn -0.238 0.9639 -0.1196
vn -0.238 0.9639 -0.1196
vn -0.238 0.9639 -0.1196
vn 0.4798 0.4411 -0.7584
vn 0.4798 0.4411 -0.7584
vn 0.4798 0.4411 -0.7584
vn 0.3511 0.4328 -0.8303
vn 0.3511 0.4328 -0.8303
vn 0.3511 0.4328 -0.8303
vn 0.8679 -0.3015 -0.3948
vn 0.8679 -0.3015 -0.3948
vn 0.8679 -0.3015 -0.3948
vn 0.6839 -0.1244 0.7189
vn 0.6839 -0.1244 0.7189
vn 0.6839 -0.1244 0.7189
vn 0.9412 0.0655 0.3315
vn 0.9412 0.0655 0.3315
vn 0.9412 0.0655 0.3315
vn 0.8742 -0.2334 -0.4258
vn 0.8742 -0.2334 -0.4258
vn 0.8742 -0.2334 -0.4258
vn 0.3853 -0.9172 -0.1014
vn 0.3853 -0.9172 -0.1014
vn 0.3853 -0.9172 -0.1014
vn 0.6955 -0.7071 -0.1279
vn 0.6955 -0.7071 -0.1279
vn 0.6955 -0.7071 -0.1279
vn 0.7181 0.6949 0.0386
vn 0.7181 0.6949 0.0386
vn 0.7181 0.6949 0.0386
vn 0.7127 0.6989 -0.06
vn 0.7127 0.6989 -0.06
vn 0.7127 0.6989 -0.06
vn -0.6941 0.7174 -0.0597
vn -0.6941 0.7174 -0.0597
vn -0.6941 0.7174 -0.0597
vn -0.695 0.718 -0.0379
vn -0.695 0.718 -0.0379
vn -0.695 0.718 -0.0379
vn -0.7165 -0.6951 0.0596
vn -0.7165 -0.6951 0.0596
vn -0.7165 -0.6951 0.0596
vn -0.7183 -0.6957 -0.0061
vn -0.7183 -0.6957 -0.0061
vn -0.7183 -0.6957 -0.0061
vn 0.6906 -0.7232 -0.0061
vn 0.6906 -0.7232 -0.0061
vn 0.6906 -0.7232 -0.0061
vn 0.6838 -0.7274 0.0574
vn 0.6838 -0.7274 0.0574
vn 0.6838 -0.7274 0.0574
vn 0.9064 -0.4224 -0.0029
vn 0.9064 -0.4224 -0.0029
vn 0.9064 -0.4224 -0.0029
vn -0.7178 -0.6843 -0.1282
vn -0.7178 -0.6843 -0.1282
vn -0.7178 -0.6843 -0.1282
vn 0.6945 -0.708 -0.1284
vn 0.6945 -0.708 -0.1284
vn 0.6945 -0.708 -0.1284
vn 0.6898 -0.7214 0.0612
vn 0.6898 -0.7214 0.0612
vn 0.6898 -0.7214 0.0612
vn 0.7168 0.6946 -0.0608
vn 0.7168 0.6946 -0.0608
vn 0.7168 0.6946 -0.0608
vn 0.7177 0.6953 -0.038
vn 0.7177 0.6953 -0.038
vn 0.7177 0.6953 -0.038
vn -0.6947 0.7183 -0.038
vn -0.6947 0.7183 -0.038
vn -0.6947 0.7183 -0.038
vn -0.6949 0.7166 0.06
vn -0.6949 0.7166 0.06
vn -0.6949 0.7166 0.06
vn -0.7133 -0.7008 -0.0041
vn -0.7133 -0.7008 -0.0041
vn -0.7133 -0.7008 -0.0041
vn -0.7068 -0.7051 0.0574
vn -0.7068 -0.7051 0.0574
vn -0.7068 -0.7051 0.0574
vn -0.4145 -0.9044 -0.1014
vn -0.4145 -0.9044 -0.1014
vn -0.4145 -0.9044 -0.1014
vn -0.7181 -0.6812 -0.1428
vn -0.7181 -0.6812 -0.1428
vn -0.7181 -0.6812 -0.1428
vn 0.6951 -0.7045 -0.1429
vn 0.6951 -0.7045 -0.1429
vn 0.6951 -0.7045 -0.1429
vn -0.6954 0.712 0.0972
vn -0.6954 0.712 0.0972
vn -0.6954 0.712 0.0972
vn -0.7174 -0.6819 -0.1426
vn -0.7174 -0.6819 -0.1426
vn -0.7174 -0.6819 -0.1426
vn 0.7179 0.6893 0.0974
vn 0.7179 0.6893 0.0974
vn 0.7179 0.6893 0.0974
vn -0.6958 0.7117 0.0973
vn -0.6958 0.7117 0.0973
vn -0.6958 0.7117 0.0973
vn -0.9195 -0.393 -0.0029
vn -0.9195 -0.393 -0.0029
vn -0.9195 -0.393 -0.0029
vn -0.6944 0.7185 0.0388
vn -0.6944 0.7185 0.0388
vn -0.6944 0.7185 0.0388
vn -0.7169 -0.6854 -0.128
vn -0.7169 -0.6854 -0.128
vn -0.7169 -0.6854 -0.128
vn -0.7125 -0.6989 0.0624
vn -0.7125 -0.6989 0.0624
vn -0.7125 -0.6989 0.0624
vn 0.694 -0.7173 0.062
vn 0.694 -0.7173 0.062
vn 0.694 -0.7173 0.062
vn 0.6942 -0.7174 0.0595
vn 0.6942 -0.7174 0.0595
vn 0.6942 -0.7174 0.0595
vn 0.7174 0.6956 -0.0379
vn 0.7174 0.6956 -0.0379
vn 0.7174 0.6956 -0.0379
vn 0.7176 0.6939 0.0596
vn 0.7176 0.6939 0.0596
vn 0.7176 0.6939 0.0596
vn -0.6942 0.7173 0.0597
vn -0.6942 0.7173 0.0597
vn -0.6942 0.7173 0.0597
vn -0.6819 0.6575 0.3205
vn -0.6819 0.6575 0.3205
vn -0.6819 0.6575 0.3205
vn -0.9064 0.3952 0.1493
vn -0.9064 0.3952 0.1493
vn -0.9064 0.3952 0.1493
vn -0.3913 0.8865 0.2469
vn -0.3913 0.8865 0.2469
vn -0.3913 0.8865 0.2469
vn 0.9186 0.3659 0.1493
vn 0.9186 0.3659 0.1493
vn 0.9186 0.3659 0.1493
vn 0.4195 0.8735 0.2469
vn 0.4195 0.8735 0.2469
vn 0.4195 0.8735 0.2469
vn 0.7027 0.6352 0.3205
vn 0.7027 0.6352 0.3205
vn 0.7027 0.6352 0.3205
vn 0.7169 0.6946 0.06
vn 0.7169 0.6946 0.06
vn 0.7169 0.6946 0.06
vn 0.6956 -0.7184 -0.0037
vn 0.6956 -0.7184 -0.0037
vn 0.6956 -0.7184 -0.0037
vn 0.6938 -0.7177 0.0595
vn 0.6938 -0.7177 0.0595
vn 0.6938 -0.7177 0.0595
vn -0.7168 -0.6947 0.0594
vn -0.7168 -0.6947 0.0594
vn -0.7168 -0.6947 0.0594
vn -0.7168 -0.6947 0.0608
vn -0.7168 -0.6947 0.0608
vn -0.7168 -0.6947 0.0608
vn -0.6898 0.7214 -0.0612
vn -0.6898 0.7214 -0.0612
vn -0.6898 0.7214 -0.0612
vn -0.6954 0.7176 0.039
vn -0.6954 0.7176 0.039
vn -0.6954 0.7176 0.039
vn 0.7172 0.6958 0.0391
vn 0.7172 0.6958 0.0391
vn 0.7172 0.6958 0.0391
vn 0.7183 0.6889 0.0972
vn 0.7183 0.6889 0.0972
vn 0.7183 0.6889 0.0972
vn 0.6958 -0.7039 -0.1425
vn 0.6958 -0.7039 -0.1425
vn 0.6958 -0.7039 -0.1425
vn 0.6355 0.3915 -0.6655
vn 0.6355 0.3915 -0.6655
vn 0.6355 0.3915 -0.6655
vn 0.6342 0.191 0.7492
vn 0.6342 0.191 0.7492
vn 0.6342 0.191 0.7492
vn -0.2602 -0.9562 0.1338
vn -0.2602 -0.9562 0.1338
vn -0.2602 -0.9562 0.1338
vn -0.1676 -0.5345 -0.8284
vn -0.1676 -0.5345 -0.8284
vn -0.1676 -0.5345 -0.8284
vn 0.1793 -0.4893 -0.8535
vn 0.1793 -0.4893 -0.8535
vn 0.1793 -0.4893 -0.8535
vn 0.6676 0.3136 -0.6753
vn 0.6676 0.3136 -0.6753
vn 0.6676 0.3136 -0.6753
vn 0.761 0.224 -0.6088
vn 0.761 0.224 -0.6088
vn 0.761 0.224 -0.6088
vn 0.8004 0.1201 0.5873
vn 0.8004 0.1201 0.5873
vn 0.8004 0.1201 0.5873
vn 0.7792 0.306 -0.547
vn 0.7792 0.306 -0.547
vn 0.7792 0.306 -0.547
vn -0.3087 -0.0115 -0.9511
vn -0.3087 -0.0115 -0.9511
vn -0.3087 -0.0115 -0.9511
vn -0.3068 0.076 -0.9487
vn -0.3068 0.076 -0.9487
vn -0.3068 0.076 -0.9487
vn -0.3078 0.0758 -0.9484
vn -0.3078 0.0758 -0.9484
vn -0.3078 0.0758 -0.9484
vn 0.8081 0.0233 -0.5886
vn 0.8081 0.0233 -0.5886
vn 0.8081 0.0233 -0.5886
vn 0.8096 0.0237 -0.5866
vn 0.8096 0.0237 -0.5866
vn 0.8096 0.0237 -0.5866
vn 0.8077 -0.0885 0.5829
vn 0.8077 -0.0885 0.5829
vn 0.8077 -0.0885 0.5829
vn 0.8069 -0.0882 0.584
vn 0.8069 -0.0882 0.584
vn 0.8069 -0.0882 0.584
vn -0.3106 -0.105 0.9447
vn -0.3106 -0.105 0.9447
vn -0.3106 -0.105 0.9447
vn -0.3105 -0.105 0.9448
vn -0.3105 -0.105 0.9448
vn -0.3105 -0.105 0.9448
vn -0.3062 0.1891 -0.933
vn -0.3062 0.1891 -0.933
vn -0.3062 0.1891 -0.933
vn 0.801 0.0202 -0.5983
vn 0.801 0.0202 -0.5983
vn 0.801 0.0202 -0.5983
vn 0.8078 0.0196 -0.5891
vn 0.8078 0.0196 -0.5891
vn 0.8078 0.0196 -0.5891
vn 0.8071 -0.2378 0.5404
vn 0.8071 -0.2378 0.5404
vn 0.8071 -0.2378 0.5404
vn 0.799 -0.2373 0.5525
vn 0.799 -0.2373 0.5525
vn 0.799 -0.2373 0.5525
vn -0.3143 -0.2313 0.9207
vn -0.3143 -0.2313 0.9207
vn -0.3143 -0.2313 0.9207
vn -0.3121 -0.2321 0.9213
vn -0.3121 -0.2321 0.9213
vn -0.3121 -0.2321 0.9213
vn -0.9995 0.032 0.0055
vn -0.9995 0.032 0.0055
vn -0.9995 0.032 0.0055
vn -0.9996 0.0264 0.0035
vn -0.9996 0.0264 0.0035
vn -0.9996 0.0264 0.0035
vn -0.3164 -0.3918 0.864
vn -0.3164 -0.3918 0.864
vn -0.3164 -0.3918 0.864
vn 0.7788 -0.4324 0.4544
vn 0.7788 -0.4324 0.4544
vn 0.7788 -0.4324 0.4544
vn 0.7859 -0.0605 -0.6154
vn 0.7859 -0.0605 -0.6154
vn 0.7859 -0.0605 -0.6154
vn -0.3066 0.2302 -0.9236
vn -0.3066 0.2302 -0.9236
vn -0.3066 0.2302 -0.9236
vn -0.3059 0.1891 -0.9331
vn -0.3059 0.1891 -0.9331
vn -0.3059 0.1891 -0.9331
vn -0.9994 0.0331 0.0029
vn -0.9994 0.0331 0.0029
vn -0.9994 0.0331 0.0029
vn -1 -0.0026 -0.0032
vn -1 -0.0026 -0.0032
vn -1 -0.0026 -0.0032
vn -0.7278 -0.685 -0.0337
vn -0.7278 -0.685 -0.0337
vn -0.7278 -0.685 -0.0337
vn -1 -0.0037 0
vn -1 -0.0037 0
vn -1 -0.0037 0
vn 0.1503 -0.5396 -0.8284
vn 0.1503 -0.5396 -0.8284
vn 0.1503 -0.5396 -0.8284
vn 0.2293 -0.9641 0.1338
vn 0.2293 -0.9641 0.1338
vn 0.2293 -0.9641 0.1338
vn 0.7054 -0.708 -0.0337
vn 0.7054 -0.708 -0.0337
vn 0.7054 -0.708 -0.0337
vn -0.6226 0.4117 -0.6655
vn -0.6226 0.4117 -0.6655
vn -0.6226 0.4117 -0.6655
vn -0.6572 0.3349 -0.6753
vn -0.6572 0.3349 -0.6753
vn -0.6572 0.3349 -0.6753
vn -0.1949 -0.4833 -0.8535
vn -0.1949 -0.4833 -0.8535
vn -0.1949 -0.4833 -0.8535
vn -0.6277 0.2113 0.7492
vn -0.6277 0.2113 0.7492
vn -0.6277 0.2113 0.7492
vn -0.7962 0.1457 0.5873
vn -0.7962 0.1457 0.5873
vn -0.7962 0.1457 0.5873
vn -0.7534 0.2484 -0.6088
vn -0.7534 0.2484 -0.6088
vn -0.7534 0.2484 -0.6088
vn -0.769 0.3309 -0.547
vn -0.769 0.3309 -0.547
vn -0.769 0.3309 -0.547
vn 0.9994 -0.0359 0
vn 0.9994 -0.0359 0
vn 0.9994 -0.0359 0
vn 0.9994 -0.0347 -0.0032
vn 0.9994 -0.0347 -0.0032
vn 0.9994 -0.0347 -0.0032
vn 0.307 -0.1149 0.9448
vn 0.307 -0.1149 0.9448
vn 0.307 -0.1149 0.9448
vn 0.307 -0.1149 0.9447
vn 0.307 -0.1149 0.9447
vn 0.307 -0.1149 0.9447
vn -0.8094 -0.0623 0.584
vn -0.8094 -0.0623 0.584
vn -0.8094 -0.0623 0.584
vn 1 0.0009 0.0029
vn 1 0.0009 0.0029
vn 1 0.0009 0.0029
vn 1 -0.0001 0.0055
vn 1 -0.0001 0.0055
vn 1 -0.0001 0.0055
vn 0.3045 -0.242 0.9213
vn 0.3045 -0.242 0.9213
vn 0.3045 -0.242 0.9213
vn -0.7923 -0.4072 0.4544
vn -0.7923 -0.4072 0.4544
vn -0.7923 -0.4072 0.4544
vn -0.8143 -0.2118 0.5404
vn -0.8143 -0.2118 0.5404
vn -0.8143 -0.2118 0.5404
vn -0.8101 -0.0625 0.5829
vn -0.8101 -0.0625 0.5829
vn -0.8101 -0.0625 0.5829
vn -0.8084 0.0497 -0.5866
vn -0.8084 0.0497 -0.5866
vn -0.8084 0.0497 -0.5866
vn -0.8069 0.0493 -0.5886
vn -0.8069 0.0493 -0.5886
vn -0.8069 0.0493 -0.5886
vn -0.8068 0.0456 -0.5891
vn -0.8068 0.0456 -0.5891
vn -0.8068 0.0456 -0.5891
vn -0.8 0.0459 -0.5983
vn -0.8 0.0459 -0.5983
vn -0.8 0.0459 -0.5983
vn -0.7874 -0.0352 -0.6154
vn -0.7874 -0.0352 -0.6154
vn -0.7874 -0.0352 -0.6154
vn -0.8062 -0.2115 0.5525
vn -0.8062 -0.2115 0.5525
vn -0.8062 -0.2115 0.5525
vn 0.3067 -0.2413 0.9207
vn 0.3067 -0.2413 0.9207
vn 0.3067 -0.2413 0.9207
vn 0.3036 -0.4017 0.864
vn 0.3036 -0.4017 0.864
vn 0.3036 -0.4017 0.864
vn 1 -0.0057 0.0035
vn 1 -0.0057 0.0035
vn 1 -0.0057 0.0035
vn 0.3139 0.2203 -0.9236
vn 0.3139 0.2203 -0.9236
vn 0.3139 0.2203 -0.9236
vn 0.3118 0.1792 -0.9331
vn 0.3118 0.1792 -0.9331
vn 0.3118 0.1792 -0.9331
vn 0.3121 0.1791 -0.933
vn 0.3121 0.1791 -0.933
vn 0.3121 0.1791 -0.933
vn 0.3091 0.0661 -0.9487
vn 0.3091 0.0661 -0.9487
vn 0.3091 0.0661 -0.9487
vn 0.3101 0.0658 -0.9484
vn 0.3101 0.0658 -0.9484
vn 0.3101 0.0658 -0.9484
vn 0.3081 -0.0214 -0.9511
vn 0.3081 -0.0214 -0.9511
vn 0.3081 -0.0214 -0.9511
vn -0.6944 -0.1958 0.6924
vn -0.6944 -0.1958 0.6924
vn -0.6944 -0.1958 0.6924
vn 0.0791 -0.4287 0.9
vn 0.0791 -0.4287 0.9
vn 0.0791 -0.4287 0.9
vn 0.5736 0.7461 0.338
vn 0.5736 0.7461 0.338
vn 0.5736 0.7461 0.338
vn -0.1016 -0.5653 -0.8186
vn -0.1016 -0.5653 -0.8186
vn -0.1016 -0.5653 -0.8186
vn 0.0461 -0.5745 -0.8172
vn 0.0461 -0.5745 -0.8172
vn 0.0461 -0.5745 -0.8172
vn -0.3635 0.8371 0.4089
vn -0.3635 0.8371 0.4089
vn -0.3635 0.8371 0.4089
vn 0.3902 0.825 0.4089
vn 0.3902 0.825 0.4089
vn 0.3902 0.825 0.4089
vn 0.6878 -0.2181 0.6924
vn 0.6878 -0.2181 0.6924
vn 0.6878 -0.2181 0.6924
vn -0.0928 -0.4259 0.9
vn -0.0928 -0.4259 0.9
vn -0.0928 -0.4259 0.9
vn -0.5493 0.7642 0.338
vn -0.5493 0.7642 0.338
vn -0.5493 0.7642 0.338
vn 0.0834 -0.5683 -0.8186
vn 0.0834 -0.5683 -0.8186
vn 0.0834 -0.5683 -0.8186
vn -0.0645 -0.5727 -0.8172
vn -0.0645 -0.5727 -0.8172
vn -0.0645 -0.5727 -0.8172
usemtl FUYUST0013_part_0_material_0
f 1/1/1 3/3/3 2/2/2
f 4/4/4 6/6/6 5/5/5
f 7/7/7 9/9/9 8/8/8
f 10/10/10 12/12/12 11/11/11
f 13/13/13 15/15/15 14/14/14
f 16/16/16 18/18/18 17/17/17
f 19/19/19 21/21/21 20/20/20
f 22/22/22 24/24/24 23/23/23
f 25/25/25 27/27/27 26/26/26
f 28/28/28 30/30/30 29/29/29
f 31/31/31 33/33/33 32/32/32
f 34/34/34 36/36/36 35/35/35
f 37/37/37 39/39/39 38/38/38
f 40/40/40 42/42/42 41/41/41
f 43/43/43 45/45/45 44/44/44
f 46/46/46 48/48/48 47/47/47
f 49/49/49 51/51/51 50/50/50
f 52/52/52 54/54/54 53/53/53
f 55/55/55 57/57/57 56/56/56
f 58/58/58 60/60/60 59/59/59
f 61/61/61 63/63/63 62/62/62
f 64/64/64 66/66/66 65/65/65
f 67/67/67 69/69/69 68/68/68
f 70/70/70 72/72/72 71/71/71
f 73/73/73 75/75/75 74/74/74
f 76/76/76 78/78/78 77/77/77
f 79/79/79 81/81/81 80/80/80
f 82/82/82 84/84/84 83/83/83
f 85/85/85 87/87/87 86/86/86
f 88/88/88 90/90/90 89/89/89
f 91/91/91 93/93/93 92/92/92
f 94/94/94 96/96/96 95/95/95
f 97/97/97 99/99/99 98/98/98
f 100/100/100 99/99/99 97/97/97
f 101/101/101 103/103/103 102/102/102
f 104/104/104 106/106/106 105/105/105
f 99/99/99 104/104/104 105/105/105
f 104/104/104 99/99/99 107/107/107
f 107/107/107 99/99/99 100/100/100
f 108/108/108 110/110/110 109/109/109
f 111/111/111 113/113/113 112/112/112
f 114/114/114 116/116/116 115/115/115
f 117/117/117 119/119/119 118/118/118
f 120/120/120 122/122/122 121/121/121
f 123/123/123 125/125/125 124/124/124
f 126/126/126 128/128/128 127/127/127
f 129/129/129 131/131/131 130/130/130
f 131/131/131 129/129/129 132/132/132
f 133/133/133 135/135/135 134/134/134
f 135/135/135 133/133/133 136/136/136
f 137/137/137 139/139/139 138/138/138
f 139/139/139 137/137/137 140/140/140
f 141/141/141 143/143/143 142/142/142
f 144/144/144 146/146/146 145/145/145
f 147/147/147 149/149/149 148/148/148
f 150/150/150 152/152/152 151/151/151
f 153/153/153 155/155/155 154/154/154
f 156/156/156 158/158/158 157/157/157
f 159/159/159 161/161/161 160/160/160
f 162/162/162 164/164/164 163/163/163
f 165/165/165 167/167/167 166/166/166
f 168/168/168 170/170/170 169/169/169
f 171/171/171 173/173/173 172/172/172
f 174/174/174 176/176/176 175/175/175
f 177/177/177 179/179/179 178/178/178
f 180/180/180 182/182/182 181/181/181
f 183/183/183 180/180/180 181/181/181
f 184/184/184 183/183/183 181/181/181
f 181/181/181 185/185/185 184/184/184
f 185/185/185 181/181/181 186/186/186
f 185/185/185 186/186/186 187/187/187
f 188/188/188 190/190/190 189/189/189
f 191/191/191 193/193/193 192/192/192
f 194/194/194 196/196/196 195/195/195
f 197/197/197 199/199/199 198/198/198
f 200/200/200 202/202/202 201/201/201
f 203/203/203 205/205/205 204/204/204
f 206/206/206 208/208/208 207/207/207
f 209/209/209 211/211/211 210/210/210
f 211/211/211 209/209/209 212/212/212
f 213/213/213 215/215/215 214/214/214
f 215/215/215 213/213/213 216/216/216
f 217/217/217 219/219/219 218/218/218
f 219/219/219 217/217/217 220/220/220
f 221/221/221 223/223/223 222/222/222
f 224/224/224 226/226/226 225/225/225
f 227/227/227 229/229/229 228/228/228
f 230/230/230 232/232/232 231/231/231
f 233/233/233 235/235/235 234/234/234
f 236/236/236 238/238/238 237/237/237
f 239/239/239 241/241/241 240/240/240
f 242/242/242 244/244/244 243/243/243
f 245/245/245 247/247/247 246/246/246
f 248/248/248 247/247/247 245/245/245
f 249/249/249 251/251/251 250/250/250
f 252/252/252 254/254/254 253/253/253
f 247/247/247 252/252/252 253/253/253
f 252/252/252 247/247/247 255/255/255
f 255/255/255 247/247/247 248/248/248
f 256/256/256 258/258/258 257/257/257
f 259/259/259 261/261/261 260/260/260
f 262/262/262 264/264/264 263/263/263
f 265/265/265 267/267/267 266/266/266
f 268/268/268 270/270/270 269/269/269
f 271/271/271 273/273/273 272/272/272
f 274/274/274 276/276/276 275/275/275
f 277/277/277 279/279/279 278/278/278
f 280/280/280 282/282/282 281/281/281
f 283/283/283 285/285/285 284/284/284
f 286/286/286 288/288/288 287/287/287
f 289/289/289 291/291/291 290/290/290
f 292/292/292 294/294/294 293/293/293
f 295/295/295 297/297/297 296/296/296
f 298/298/298 300/300/300 299/299/299
f 301/301/301 303/303/303 302/302/302
f 304/304/304 306/306/306 305/305/305
f 307/307/307 309/309/309 308/308/308
f 310/310/310 312/312/312 311/311/311
f 313/313/313 315/315/315 314/314/314
f 316/316/316 318/318/318 317/317/317
f 319/319/319 321/321/321 320/320/320
f 322/322/322 324/324/324 323/323/323
f 325/325/325 327/327/327 326/326/326
f 328/328/328 330/330/330 329/329/329
f 331/331/331 333/333/333 332/332/332
f 334/334/334 336/336/336 335/335/335
f 337/337/337 339/339/339 338/338/338
f 340/340/340 342/342/342 341/341/341
f 343/343/343 345/345/345 344/344/344
f 346/346/346 348/348/348 347/347/347
f 349/349/349 351/351/351 350/350/350
f 352/352/352 354/354/354 353/353/353
f 355/355/355 357/357/357 356/356/356
f 358/358/358 360/360/360 359/359/359
f 361/361/361 363/363/363 362/362/362
f 364/364/364 366/366/366 365/365/365
f 367/367/367 369/369/369 368/368/368
f 370/370/370 372/372/372 371/371/371
f 373/373/373 375/375/375 374/374/374
f 376/376/376 378/378/378 377/377/377
f 379/379/379 381/381/381 380/380/380
f 382/382/382 384/384/384 383/383/383
f 385/385/385 387/387/387 386/386/386
f 388/388/388 390/390/390 389/389/389
f 391/391/391 393/393/393 392/392/392
f 394/394/394 396/396/396 395/395/395
f 397/397/397 399/399/399 398/398/398
f 400/400/400 397/397/397 398/398/398
f 401/401/401 403/403/403 402/402/402
f 404/404/404 406/406/406 405/405/405
f 407/407/407 409/409/409 408/408/408
f 410/410/410 412/412/412 411/411/411
f 413/413/413 415/415/415 414/414/414
f 416/416/416 418/418/418 417/417/417
f 419/419/419 421/421/421 420/420/420
f 422/422/422 424/424/424 423/423/423
f 425/425/425 427/427/427 426/426/426
f 428/428/428 430/430/430 429/429/429
f 431/431/431 433/433/433 432/432/432
f 434/434/434 436/436/436 435/435/435
f 437/437/437 439/439/439 438/438/438
f 439/439/439 437/437/437 440/440/440
f 441/441/441 443/443/443 442/442/442
f 443/443/443 441/441/441 444/444/444
f 445/445/445 447/447/447 446/446/446
f 447/447/447 445/445/445 448/448/448
f 449/449/449 451/451/451 450/450/450
f 452/452/452 454/454/454 453/453/453
f 455/455/455 457/457/457 456/456/456
f 458/458/458 460/460/460 459/459/459
f 461/461/461 463/463/463 462/462/462
f 464/464/464 466/466/466 465/465/465
f 467/467/467 469/469/469 468/468/468
f 470/470/470 472/472/472 471/471/471
f 473/473/473 475/475/475 474/474/474
f 476/476/476 478/478/478 477/477/477
f 479/479/479 481/481/481 480/480/480
f 482/482/482 484/484/484 483/483/483
f 485/485/485 487/487/487 486/486/486
f 488/488/488 490/490/490 489/489/489
f 491/491/491 493/493/493 492/492/492
f 492/492/492 493/493/493 494/494/494
f 495/495/495 497/497/497 496/496/496
f 495/495/495 496/496/496 498/498/498
f 499/499/499 501/501/501 500/500/500
f 502/502/502 504/504/504 503/503/503
f 505/505/505 507/507/507 506/506/506
f 508/508/508 510/510/510 509/509/509
f 511/511/511 513/513/513 512/512/512
f 513/513/513 511/511/511 514/514/514
f 515/515/515 517/517/517 516/516/516
f 518/518/518 520/520/520 519/519/519
f 521/521/521 523/523/523 522/522/522
f 524/524/524 526/526/526 525/525/525
f 527/527/527 529/529/529 528/528/528
f 529/529/529 527/527/527 530/530/530
f 531/531/531 533/533/533 532/532/532
f 533/533/533 531/531/531 534/534/534
f 535/535/535 537/537/537 536/536/536
f 537/537/537 535/535/535 538/538/538
f 539/539/539 541/541/541 540/540/540
f 542/542/542 544/544/544 543/543/543
f 545/545/545 547/547/547 546/546/546
f 548/548/548 550/550/550 549/549/549
f 551/551/551 553/553/553 552/552/552
f 554/554/554 556/556/556 555/555/555
f 557/557/557 559/559/559 558/558/558
f 560/560/560 562/562/562 561/561/561
f 563/563/563 565/565/565 564/564/564
f 565/565/565 563/563/563 566/566/566
f 567/567/567 569/569/569 568/568/568
f 569/569/569 567/567/567 570/570/570
f 571/571/571 573/573/573 572/572/572
f 574/574/574 576/576/576 575/575/575
f 577/577/577 579/579/579 578/578/578
f 580/580/580 582/582/582 581/581/581
f 583/583/583 585/585/585 584/584/584
f 586/586/586 588/588/588 587/587/587
f 589/589/589 591/591/591 590/590/590
f 592/592/592 594/594/594 593/593/593
f 595/595/595 597/597/597 596/596/596
f 598/598/598 600/600/600 599/599/599
f 601/601/601 603/603/603 602/602/602
f 604/604/604 606/606/606 605/605/605
f 607/607/607 609/609/609 608/608/608
f 610/610/610 612/612/612 611/611/611
f 613/613/613 615/615/615 614/614/614
f 616/616/616 618/618/618 617/617/617
f 619/619/619 621/621/621 620/620/620
f 622/622/622 624/624/624 623/623/623
f 625/625/625 627/627/627 626/626/626
f 628/628/628 630/630/630 629/629/629
f 631/631/631 633/633/633 632/632/632
f 634/634/634 636/636/636 635/635/635
f 637/637/637 639/639/639 638/638/638
f 640/640/640 642/642/642 641/641/641
f 643/643/643 645/645/645 644/644/644
f 646/646/646 648/648/648 647/647/647
f 649/649/649 651/651/651 650/650/650
f 652/652/652 654/654/654 653/653/653
f 655/655/655 657/657/657 656/656/656
f 658/658/658 660/660/660 659/659/659
f 661/661/661 663/663/663 662/662/662
f 664/664/664 666/666/666 665/665/665
f 667/667/667 669/669/669 668/668/668
f 670/670/670 672/672/672 671/671/671
f 673/673/673 675/675/675 674/674/674
f 676/676/676 678/678/678 677/677/677
f 679/679/679 681/681/681 680/680/680
f 682/682/682 684/684/684 683/683/683
f 685/685/685 687/687/687 686/686/686
f 688/688/688 690/690/690 689/689/689
f 691/691/691 693/693/693 692/692/692
f 694/694/694 696/696/696 695/695/695
f 697/697/697 699/699/699 698/698/698
f 700/700/700 702/702/702 701/701/701
f 703/703/703 705/705/705 704/704/704
f 706/706/706 708/708/708 707/707/707
f 709/709/709 711/711/711 710/710/710
f 712/712/712 714/714/714 713/713/713
f 715/715/715 717/717/717 716/716/716
f 718/718/718 720/720/720 719/719/719
f 721/721/721 723/723/723 722/722/722
f 724/724/724 726/726/726 725/725/725
f 727/727/727 729/729/729 728/728/728
f 730/730/730 732/732/732 731/731/731
f 733/733/733 735/735/735 734/734/734
f 736/736/736 738/738/738 737/737/737
f 739/739/739 741/741/741 740/740/740
f 742/742/742 744/744/744 743/743/743
f 745/745/745 747/747/747 746/746/746
f 748/748/748 750/750/750 749/749/749
f 751/751/751 753/753/753 752/752/752
f 754/754/754 756/756/756 755/755/755
f 757/757/757 759/759/759 758/758/758
f 760/760/760 762/762/762 761/761/761
f 763/763/763 765/765/765 764/764/764
f 766/766/766 768/768/768 767/767/767
f 769/769/769 771/771/771 770/770/770
f 772/772/772 774/774/774 773/773/773
f 775/775/775 777/777/777 776/776/776
f 778/778/778 780/780/780 779/779/779
f 781/781/781 783/783/783 782/782/782
f 784/784/784 786/786/786 785/785/785
f 787/787/787 789/789/789 788/788/788
f 790/790/790 792/792/792 791/791/791
f 793/793/793 795/795/795 794/794/794
f 796/796/796 798/798/798 797/797/797
f 799/799/799 801/801/801 800/800/800
f 802/802/802 804/804/804 803/803/803
f 805/805/805 807/807/807 806/806/806
f 808/808/808 810/810/810 809/809/809
f 811/811/811 813/813/813 812/812/812
f 814/814/814 816/816/816 815/815/815
f 817/817/817 819/819/819 818/818/818
f 820/820/820 822/822/822 821/821/821
f 823/823/823 825/825/825 824/824/824
f 826/826/826 828/828/828 827/827/827
f 829/829/829 831/831/831 830/830/830
f 832/832/832 834/834/834 833/833/833
f 835/835/835 837/837/837 836/836/836
f 838/838/838 840/840/840 839/839/839
f 841/841/841 843/843/843 842/842/842
f 844/844/844 846/846/846 845/845/845
f 847/847/847 849/849/849 848/848/848
f 848/848/848 850/850/850 847/847/847
f 850/850/850 848/848/848 851/851/851
f 850/850/850 851/851/851 852/852/852
f 853/853/853 855/855/855 854/854/854
f 856/856/856 857/857/857 848/848/848
f 849/849/849 856/856/856 848/848/848
f 858/858/858 860/860/860 859/859/859
f 861/861/861 863/863/863 862/862/862
f 864/864/864 866/866/866 865/865/865
f 867/867/867 869/869/869 868/868/868
f 870/870/870 872/872/872 871/871/871
f 873/873/873 875/875/875 874/874/874
f 876/876/876 878/878/878 877/877/877
f 879/879/879 881/881/881 880/880/880
f 882/882/882 884/884/884 883/883/883
f 885/885/885 887/887/887 886/886/886
f 888/888/888 890/890/890 889/889/889
f 891/891/891 893/893/893 892/892/892
f 894/894/894 896/896/896 895/895/895
f 897/897/897 899/899/899 898/898/898
f 900/900/900 902/902/902 901/901/901
f 903/903/903 905/905/905 904/904/904
f 906/906/906 908/908/908 907/907/907
f 909/909/909 911/911/911 910/910/910
f 912/912/912 914/914/914 913/913/913
f 915/915/915 917/917/917 916/916/916
f 918/918/918 920/920/920 919/919/919
f 921/921/921 923/923/923 922/922/922
f 924/924/924 926/926/926 925/925/925
f 927/927/927 929/929/929 928/928/928
f 930/930/930 932/932/932 931/931/931
f 933/933/933 935/935/935 934/934/934
f 936/936/936 938/938/938 937/937/937
f 939/939/939 941/941/941 940/940/940
f 942/942/942 944/944/944 943/943/943
f 945/945/945 947/947/947 946/946/946
f 948/948/948 950/950/950 949/949/949
f 951/951/951 953/953/953 952/952/952
f 954/954/954 956/956/956 955/955/955
f 957/957/957 959/959/959 958/958/958
f 960/960/960 962/962/962 961/961/961
f 963/963/963 965/965/965 964/964/964
f 966/966/966 968/968/968 967/967/967
f 969/969/969 971/971/971 970/970/970
f 972/972/972 974/974/974 973/973/973
f 975/975/975 977/977/977 976/976/976
f 978/978/978 980/980/980 979/979/979
f 981/981/981 983/983/983 982/982/982
f 984/984/984 986/986/986 985/985/985
f 987/987/987 989/989/989 988/988/988
f 990/990/990 992/992/992 991/991/991
f 993/993/993 995/995/995 994/994/994
f 996/996/996 998/998/998 997/997/997
f 999/999/999 1001/1001/1001 1000/1000/1000
f 1002/1002/1002 1004/1004/1004 1003/1003/1003
f 1005/1005/1005 1007/1007/1007 1006/1006/1006
f 1008/1008/1008 1010/1010/1010 1009/1009/1009
f 1011/1011/1011 1013/1013/1013 1012/1012/1012
f 1014/1014/1014 1016/1016/1016 1015/1015/1015
f 1017/1017/1017 1019/1019/1019 1018/1018/1018
f 1020/1020/1020 1022/1022/1022 1021/1021/1021
f 1023/1023/1023 1025/1025/1025 1024/1024/1024
f 1026/1026/1026 1028/1028/1028 1027/1027/1027
f 1029/1029/1029 1031/1031/1031 1030/1030/1030
f 1032/1032/1032 1034/1034/1034 1033/1033/1033
f 1035/1035/1035 1037/1037/1037 1036/1036/1036
f 1038/1038/1038 1040/1040/1040 1039/1039/1039
f 1038/1038/1038 398/398/398 1040/1040/1040
f 398/398/398 1038/1038/1038 1041/1041/1041
f 1041/1041/1041 400/400/400 398/398/398
f 1042/1042/1042 1044/1044/1044 1043/1043/1043
f 1045/1045/1045 1047/1047/1047 1046/1046/1046
f 1048/1048/1048 1050/1050/1050 1049/1049/1049
f 1051/1051/1051 1053/1053/1053 1052/1052/1052
f 1054/1054/1054 1056/1056/1056 1055/1055/1055
f 1057/1057/1057 1059/1059/1059 1058/1058/1058
f 1060/1060/1060 1062/1062/1062 1061/1061/1061
f 1063/1063/1063 1065/1065/1065 1064/1064/1064
f 1066/1066/1066 1068/1068/1068 1067/1067/1067
f 1069/1069/1069 1071/1071/1071 1070/1070/1070
f 1072/1072/1072 1074/1074/1074 1073/1073/1073
f 1075/1075/1075 1077/1077/1077 1076/1076/1076
f 1078/1078/1078 1080/1080/1080 1079/1079/1079
f 1081/1081/1081 1083/1083/1083 1082/1082/1082
f 1084/1084/1084 1086/1086/1086 1085/1085/1085
f 1087/1087/1087 1089/1089/1089 1088/1088/1088
f 1090/1090/1090 1092/1092/1092 1091/1091/1091
f 1093/1093/1093 1095/1095/1095 1094/1094/1094
f 1096/1096/1096 1098/1098/1098 1097/1097/1097
f 1099/1099/1099 1101/1101/1101 1100/1100/1100
f 1102/1102/1102 1104/1104/1104 1103/1103/1103
f 1105/1105/1105 1107/1107/1107 1106/1106/1106
f 1108/1108/1108 1110/1110/1110 1109/1109/1109
f 1111/1111/1111 1113/1113/1113 1112/1112/1112
f 1114/1114/1114 1116/1116/1116 1115/1115/1115
f 1117/1117/1117 1119/1119/1119 1118/1118/1118
f 1120/1120/1120 1122/1122/1122 1121/1121/1121
f 1123/1123/1123 1125/1125/1125 1124/1124/1124
f 1126/1126/1126 1128/1128/1128 1127/1127/1127
f 1129/1129/1129 1128/1128/1128 1126/1126/1126
f 1130/1130/1130 1128/1128/1128 1129/1129/1129
f 1131/1131/1131 1128/1128/1128 1130/1130/1130
f 1128/1128/1128 1131/1131/1131 1132/1132/1132
f 1131/1131/1131 1133/1133/1133 1132/1132/1132
f 1134/1134/1134 1136/1136/1136 1135/1135/1135
f 1137/1137/1137 1139/1139/1139 1138/1138/1138
f 1140/1140/1140 1142/1142/1142 1141/1141/1141
f 1143/1143/1143 1145/1145/1145 1144/1144/1144
f 1146/1146/1146 1148/1148/1148 1147/1147/1147
f 1149/1149/1149 1151/1151/1151 1150/1150/1150
f 1152/1152/1152 1154/1154/1154 1153/1153/1153
f 1155/1155/1155 1157/1157/1157 1156/1156/1156
f 1158/1158/1158 1160/1160/1160 1159/1159/1159
f 1161/1161/1161 1163/1163/1163 1162/1162/1162
f 1164/1164/1164 1166/1166/1166 1165/1165/1165
f 1167/1167/1167 1169/1169/1169 1168/1168/1168
f 1170/1170/1170 1172/1172/1172 1171/1171/1171
f 1173/1173/1173 1175/1175/1175 1174/1174/1174
f 1176/1176/1176 1178/1178/1178 1177/1177/1177
f 1179/1179/1179 1181/1181/1181 1180/1180/1180
f 1182/1182/1182 1184/1184/1184 1183/1183/1183
f 1185/1185/1185 1187/1187/1187 1186/1186/1186
f 1188/1188/1188 1190/1190/1190 1189/1189/1189
f 1191/1191/1191 1193/1193/1193 1192/1192/1192
f 1194/1194/1194 1196/1196/1196 1195/1195/1195
f 1197/1197/1197 1199/1199/1199 1198/1198/1198
f 1200/1200/1200 1202/1202/1202 1201/1201/1201
f 1203/1203/1203 1205/1205/1205 1204/1204/1204
f 1206/1206/1206 1208/1208/1208 1207/1207/1207
f 1209/1209/1209 1211/1211/1211 1210/1210/1210
f 1212/1212/1212 1214/1214/1214 1213/1213/1213
f 1215/1215/1215 1217/1217/1217 1216/1216/1216
f 1218/1218/1218 1220/1220/1220 1219/1219/1219
f 1221/1221/1221 1223/1223/1223 1222/1222/1222
f 1224/1224/1224 1226/1226/1226 1225/1225/1225
f 1227/1227/1227 1229/1229/1229 1228/1228/1228
f 1230/1230/1230 1232/1232/1232 1231/1231/1231
f 1233/1233/1233 1235/1235/1235 1234/1234/1234
f 1236/1236/1236 1238/1238/1238 1237/1237/1237
f 1239/1239/1239 1241/1241/1241 1240/1240/1240
f 1242/1242/1242 1244/1244/1244 1243/1243/1243
f 1245/1245/1245 1247/1247/1247 1246/1246/1246
f 1248/1248/1248 1250/1250/1250 1249/1249/1249
f 1251/1251/1251 1253/1253/1253 1252/1252/1252
f 1254/1254/1254 1256/1256/1256 1255/1255/1255
f 1257/1257/1257 1259/1259/1259 1258/1258/1258
f 1260/1260/1260 1262/1262/1262 1261/1261/1261
f 1263/1263/1263 1265/1265/1265 1264/1264/1264
f 1266/1266/1266 1268/1268/1268 1267/1267/1267
f 1269/1269/1269 1271/1271/1271 1270/1270/1270
f 1272/1272/1272 1274/1274/1274 1273/1273/1273
f 1275/1275/1275 1277/1277/1277 1276/1276/1276
f 1278/1278/1278 1280/1280/1280 1279/1279/1279
f 1281/1281/1281 1283/1283/1283 1282/1282/1282
f 1284/1284/1284 1286/1286/1286 1285/1285/1285
f 1287/1287/1287 1289/1289/1289 1288/1288/1288
f 1290/1290/1290 1292/1292/1292 1291/1291/1291
f 1293/1293/1293 1295/1295/1295 1294/1294/1294
f 1296/1296/1296 1298/1298/1298 1297/1297/1297
f 1299/1299/1299 1301/1301/1301 1300/1300/1300
f 1302/1302/1302 1304/1304/1304 1303/1303/1303
f 1305/1305/1305 1307/1307/1307 1306/1306/1306
f 1308/1308/1308 1310/1310/1310 1309/1309/1309
f 1311/1311/1311 1313/1313/1313 1312/1312/1312
f 1314/1314/1314 1316/1316/1316 1315/1315/1315
f 1317/1317/1317 1319/1319/1319 1318/1318/1318
f 1320/1320/1320 1322/1322/1322 1321/1321/1321
f 1323/1323/1323 1325/1325/1325 1324/1324/1324
f 1326/1326/1326 1328/1328/1328 1327/1327/1327
f 1329/1329/1329 1331/1331/1331 1330/1330/1330
f 1332/1332/1332 1334/1334/1334 1333/1333/1333
f 1335/1335/1335 1337/1337/1337 1336/1336/1336
f 1338/1338/1338 1340/1340/1340 1339/1339/1339
f 1341/1341/1341 1343/1343/1343 1342/1342/1342
f 1344/1344/1344 1346/1346/1346 1345/1345/1345
f 1347/1347/1347 1349/1349/1349 1348/1348/1348
f 1350/1350/1350 1352/1352/1352 1351/1351/1351
f 1353/1353/1353 1355/1355/1355 1354/1354/1354
f 1356/1356/1356 1358/1358/1358 1357/1357/1357
f 1359/1359/1359 1361/1361/1361 1360/1360/1360
f 1362/1362/1362 1364/1364/1364 1363/1363/1363
f 1365/1365/1365 1367/1367/1367 1366/1366/1366
f 1368/1368/1368 1370/1370/1370 1369/1369/1369
f 1371/1371/1371 1373/1373/1373 1372/1372/1372
f 1374/1374/1374 1376/1376/1376 1375/1375/1375
f 1377/1377/1377 1379/1379/1379 1378/1378/1378
f 1380/1380/1380 1382/1382/1382 1381/1381/1381
f 1383/1383/1383 1385/1385/1385 1384/1384/1384
f 1386/1386/1386 1388/1388/1388 1387/1387/1387
f 1389/1389/1389 1391/1391/1391 1390/1390/1390
f 1392/1392/1392 1394/1394/1394 1393/1393/1393
f 1395/1395/1395 1397/1397/1397 1396/1396/1396
f 1398/1398/1398 1400/1400/1400 1399/1399/1399
f 1401/1401/1401 1403/1403/1403 1402/1402/1402
f 1404/1404/1404 1406/1406/1406 1405/1405/1405
f 1407/1407/1407 1409/1409/1409 1408/1408/1408
f 1410/1410/1410 1412/1412/1412 1411/1411/1411
f 1413/1413/1413 1415/1415/1415 1414/1414/1414
f 1416/1416/1416 1418/1418/1418 1417/1417/1417
f 1419/1419/1419 1421/1421/1421 1420/1420/1420
f 1422/1422/1422 1424/1424/1424 1423/1423/1423
f 1425/1425/1425 1427/1427/1427 1426/1426/1426
f 1428/1428/1428 1430/1430/1430 1429/1429/1429
f 1431/1431/1431 1433/1433/1433 1432/1432/1432
f 1434/1434/1434 1436/1436/1436 1435/1435/1435
f 1437/1437/1437 1439/1439/1439 1438/1438/1438
f 1440/1440/1440 1442/1442/1442 1441/1441/1441
f 1443/1443/1443 1445/1445/1445 1444/1444/1444
f 1446/1446/1446 1448/1448/1448 1447/1447/1447
f 1449/1449/1449 1451/1451/1451 1450/1450/1450
f 1452/1452/1452 1454/1454/1454 1453/1453/1453
f 1455/1455/1455 1457/1457/1457 1456/1456/1456
f 1458/1458/1458 1460/1460/1460 1459/1459/1459
f 1461/1461/1461 1463/1463/1463 1462/1462/1462
f 1464/1464/1464 1466/1466/1466 1465/1465/1465
f 1467/1467/1467 1469/1469/1469 1468/1468/1468
f 1470/1470/1470 1472/1472/1472 1471/1471/1471
f 1473/1473/1473 1475/1475/1475 1474/1474/1474
f 1476/1476/1476 1478/1478/1478 1477/1477/1477
f 1479/1479/1479 1481/1481/1481 1480/1480/1480
f 1482/1482/1482 1484/1484/1484 1483/1483/1483
f 1485/1485/1485 1487/1487/1487 1486/1486/1486
f 1488/1488/1488 1490/1490/1490 1489/1489/1489
f 1491/1491/1491 1493/1493/1493 1492/1492/1492
f 1494/1494/1494 1496/1496/1496 1495/1495/1495
f 1497/1497/1497 1499/1499/1499 1498/1498/1498
f 1500/1500/1500 1502/1502/1502 1501/1501/1501
f 1503/1503/1503 1505/1505/1505 1504/1504/1504
f 1506/1506/1506 1508/1508/1508 1507/1507/1507
f 1509/1509/1509 1511/1511/1511 1510/1510/1510
f 1512/1512/1512 1514/1514/1514 1513/1513/1513
f 1515/1515/1515 1517/1517/1517 1516/1516/1516
f 1518/1518/1518 1520/1520/1520 1519/1519/1519
f 1521/1521/1521 1523/1523/1523 1522/1522/1522
f 1524/1524/1524 1526/1526/1526 1525/1525/1525
f 1527/1527/1527 1529/1529/1529 1528/1528/1528
f 1530/1530/1530 1532/1532/1532 1531/1531/1531
f 1533/1533/1533 1535/1535/1535 1534/1534/1534
f 1536/1536/1536 1538/1538/1538 1537/1537/1537
f 1539/1539/1539 1541/1541/1541 1540/1540/1540
f 1542/1542/1542 1544/1544/1544 1543/1543/1543
f 1545/1545/1545 1547/1547/1547 1546/1546/1546
f 1548/1548/1548 1550/1550/1550 1549/1549/1549
f 1551/1551/1551 1553/1553/1553 1552/1552/1552
f 1554/1554/1554 1556/1556/1556 1555/1555/1555
f 1557/1557/1557 1559/1559/1559 1558/1558/1558
f 1560/1560/1560 1562/1562/1562 1561/1561/1561
f 1563/1563/1563 1565/1565/1565 1564/1564/1564
f 1566/1566/1566 1568/1568/1568 1567/1567/1567
f 1569/1569/1569 1571/1571/1571 1570/1570/1570
f 1572/1572/1572 1574/1574/1574 1573/1573/1573
f 1575/1575/1575 1577/1577/1577 1576/1576/1576
f 1578/1578/1578 1580/1580/1580 1579/1579/1579
f 1581/1581/1581 1583/1583/1583 1582/1582/1582
f 1584/1584/1584 1586/1586/1586 1585/1585/1585
f 1587/1587/1587 1589/1589/1589 1588/1588/1588
f 1590/1590/1590 1592/1592/1592 1591/1591/1591
f 1593/1593/1593 1595/1595/1595 1594/1594/1594
f 1596/1596/1596 1598/1598/1598 1597/1597/1597
f 1599/1599/1599 1601/1601/1601 1600/1600/1600
f 1602/1602/1602 1604/1604/1604 1603/1603/1603
f 1605/1605/1605 1607/1607/1607 1606/1606/1606
f 1608/1608/1608 1610/1610/1610 1609/1609/1609
f 1611/1611/1611 1613/1613/1613 1612/1612/1612
f 1614/1614/1614 1616/1616/1616 1615/1615/1615
f 1617/1617/1617 1619/1619/1619 1618/1618/1618
f 1620/1620/1620 1622/1622/1622 1621/1621/1621
f 1623/1623/1623 1625/1625/1625 1624/1624/1624
f 1626/1626/1626 1628/1628/1628 1627/1627/1627
f 1629/1629/1629 1631/1631/1631 1630/1630/1630
f 1632/1632/1632 1634/1634/1634 1633/1633/1633
f 1635/1635/1635 1637/1637/1637 1636/1636/1636
f 1638/1638/1638 1640/1640/1640 1639/1639/1639
f 1641/1641/1641 1643/1643/1643 1642/1642/1642
f 1644/1644/1644 1646/1646/1646 1645/1645/1645
f 1647/1647/1647 1649/1649/1649 1648/1648/1648
f 1650/1650/1650 1652/1652/1652 1651/1651/1651
f 1653/1653/1653 1655/1655/1655 1654/1654/1654
f 1656/1656/1656 1658/1658/1658 1657/1657/1657
f 1659/1659/1659 1661/1661/1661 1660/1660/1660
f 1662/1662/1662 1664/1664/1664 1663/1663/1663
f 1665/1665/1665 1667/1667/1667 1666/1666/1666
f 1668/1668/1668 1670/1670/1670 1669/1669/1669
f 1671/1671/1671 1673/1673/1673 1672/1672/1672
f 1674/1674/1674 1676/1676/1676 1675/1675/1675
f 1677/1677/1677 1679/1679/1679 1678/1678/1678
f 1680/1680/1680 1682/1682/1682 1681/1681/1681
f 1683/1683/1683 1685/1685/1685 1684/1684/1684
f 1686/1686/1686 1688/1688/1688 1687/1687/1687
f 1689/1689/1689 1691/1691/1691 1690/1690/1690
f 1692/1692/1692 1694/1694/1694 1693/1693/1693
f 1695/1695/1695 1697/1697/1697 1696/1696/1696
f 1698/1698/1698 1700/1700/1700 1699/1699/1699
f 1701/1701/1701 1703/1703/1703 1702/1702/1702
f 1704/1704/1704 1706/1706/1706 1705/1705/1705
f 1707/1707/1707 1709/1709/1709 1708/1708/1708
f 1710/1710/1710 1712/1712/1712 1711/1711/1711
f 1713/1713/1713 1715/1715/1715 1714/1714/1714
f 1716/1716/1716 1718/1718/1718 1717/1717/1717
f 1719/1719/1719 1721/1721/1721 1720/1720/1720
f 1722/1722/1722 1724/1724/1724 1723/1723/1723
f 1725/1725/1725 1727/1727/1727 1726/1726/1726
f 1728/1728/1728 1730/1730/1730 1729/1729/1729
f 1731/1731/1731 1733/1733/1733 1732/1732/1732
f 1734/1734/1734 1736/1736/1736 1735/1735/1735
f 1737/1737/1737 1739/1739/1739 1738/1738/1738
f 1740/1740/1740 1742/1742/1742 1741/1741/1741
f 1743/1743/1743 1745/1745/1745 1744/1744/1744
f 1746/1746/1746 1748/1748/1748 1747/1747/1747
f 1749/1749/1749 1751/1751/1751 1750/1750/1750
f 1752/1752/1752 1754/1754/1754 1753/1753/1753
f 1755/1755/1755 1757/1757/1757 1756/1756/1756
f 1758/1758/1758 1760/1760/1760 1759/1759/1759
f 1761/1761/1761 1763/1763/1763 1762/1762/1762
f 1764/1764/1764 1766/1766/1766 1765/1765/1765
f 1767/1767/1767 1769/1769/1769 1768/1768/1768
f 1770/1770/1770 1772/1772/1772 1771/1771/1771
f 1773/1773/1773 1775/1775/1775 1774/1774/1774
f 1776/1776/1776 1778/1778/1778 1777/1777/1777
f 1779/1779/1779 1781/1781/1781 1780/1780/1780
f 1782/1782/1782 1784/1784/1784 1783/1783/1783
f 1785/1785/1785 1787/1787/1787 1786/1786/1786
f 1788/1788/1788 1790/1790/1790 1789/1789/1789
f 1791/1791/1791 1793/1793/1793 1792/1792/1792
f 1794/1794/1794 1796/1796/1796 1795/1795/1795
f 1797/1797/1797 1799/1799/1799 1798/1798/1798
f 1800/1800/1800 1802/1802/1802 1801/1801/1801
f 1803/1803/1803 1805/1805/1805 1804/1804/1804
f 1806/1806/1806 1808/1808/1808 1807/1807/1807
f 1809/1809/1809 1811/1811/1811 1810/1810/1810
f 1/1/1 3/3/3 2/2/2
f 4/4/4 6/6/6 5/5/5
f 7/7/7 9/9/9 8/8/8
f 10/10/10 12/12/12 11/11/11
f 13/13/13 15/15/15 14/14/14
f 16/16/16 18/18/18 17/17/17
f 19/19/19 21/21/21 20/20/20
f 22/22/22 24/24/24 23/23/23
f 25/25/25 27/27/27 26/26/26
f 28/28/28 30/30/30 29/29/29
f 31/31/31 33/33/33 32/32/32
f 34/34/34 36/36/36 35/35/35
f 37/37/37 39/39/39 38/38/38
f 40/40/40 42/42/42 41/41/41
f 43/43/43 45/45/45 44/44/44
f 46/46/46 48/48/48 47/47/47
f 49/49/49 51/51/51 50/50/50
f 52/52/52 54/54/54 53/53/53
f 55/55/55 57/57/57 56/56/56
f 58/58/58 60/60/60 59/59/59
f 61/61/61 63/63/63 62/62/62
f 64/64/64 66/66/66 65/65/65
f 67/67/67 69/69/69 68/68/68
f 70/70/70 72/72/72 71/71/71
f 73/73/73 75/75/75 74/74/74
f 76/76/76 78/78/78 77/77/77
f 79/79/79 81/81/81 80/80/80
f 82/82/82 84/84/84 83/83/83
f 85/85/85 87/87/87 86/86/86
f 88/88/88 90/90/90 89/89/89
f 91/91/91 93/93/93 92/92/92
f 94/94/94 96/96/96 95/95/95
f 97/97/97 99/99/99 98/98/98
f 100/100/100 99/99/99 97/97/97
f 101/101/101 103/103/103 102/102/102
f 104/104/104 106/106/106 105/105/105
f 99/99/99 104/104/104 105/105/105
f 104/104/104 99/99/99 107/107/107
f 107/107/107 99/99/99 100/100/100
f 108/108/108 110/110/110 109/109/109
f 111/111/111 113/113/113 112/112/112
f 114/114/114 116/116/116 115/115/115
f 117/117/117 119/119/119 118/118/118
f 120/120/120 122/122/122 121/121/121
f 123/123/123 125/125/125 124/124/124
f 126/126/126 128/128/128 127/127/127
f 129/129/129 131/131/131 130/130/130
f 131/131/131 129/129/129 132/132/132
f 133/133/133 135/135/135 134/134/134
f 135/135/135 133/133/133 136/136/136
f 137/137/137 139/139/139 138/138/138
f 139/139/139 137/137/137 140/140/140
f 141/141/141 143/143/143 142/142/142
f 144/144/144 146/146/146 145/145/145
f 147/147/147 149/149/149 148/148/148
f 150/150/150 152/152/152 151/151/151
f 153/153/153 155/155/155 154/154/154
f 156/156/156 158/158/158 157/157/157
f 159/159/159 161/161/161 160/160/160
f 162/162/162 164/164/164 163/163/163
f 165/165/165 167/167/167 166/166/166
f 168/168/168 170/170/170 169/169/169
f 171/171/171 173/173/173 172/172/172
f 174/174/174 176/176/176 175/175/175
f 177/177/177 179/179/179 178/178/178
f 180/180/180 182/182/182 181/181/181
f 183/183/183 180/180/180 181/181/181
f 184/184/184 183/183/183 181/181/181
f 181/181/181 185/185/185 184/184/184
f 185/185/185 181/181/181 186/186/186
f 185/185/185 186/186/186 187/187/187
f 188/188/188 190/190/190 189/189/189
f 191/191/191 193/193/193 192/192/192
f 194/194/194 196/196/196 195/195/195
f 197/197/197 199/199/199 198/198/198
f 200/200/200 202/202/202 201/201/201
f 203/203/203 205/205/205 204/204/204
f 206/206/206 208/208/208 207/207/207
f 209/209/209 211/211/211 210/210/210
f 211/211/211 209/209/209 212/212/212
f 213/213/213 215/215/215 214/214/214
f 215/215/215 213/213/213 216/216/216
f 217/217/217 219/219/219 218/218/218
f 219/219/219 217/217/217 220/220/220
f 221/221/221 223/223/223 222/222/222
f 224/224/224 226/226/226 225/225/225
f 227/227/227 229/229/229 228/228/228
f 230/230/230 232/232/232 231/231/231
f 233/233/233 235/235/235 234/234/234
f 236/236/236 238/238/238 237/237/237
f 239/239/239 241/241/241 240/240/240
f 242/242/242 244/244/244 243/243/243
f 245/245/245 247/247/247 246/246/246
f 248/248/248 247/247/247 245/245/245
f 249/249/249 251/251/251 250/250/250
f 252/252/252 254/254/254 253/253/253
f 247/247/247 252/252/252 253/253/253
f 252/252/252 247/247/247 255/255/255
f 255/255/255 247/247/247 248/248/248
f 256/256/256 258/258/258 257/257/257
f 259/259/259 261/261/261 260/260/260
f 262/262/262 264/264/264 263/263/263
f 265/265/265 267/267/267 266/266/266
f 268/268/268 270/270/270 269/269/269
f 271/271/271 273/273/273 272/272/272
f 274/274/274 276/276/276 275/275/275
f 277/277/277 279/279/279 278/278/278
f 280/280/280 282/282/282 281/281/281
f 283/283/283 285/285/285 284/284/284
f 286/286/286 288/288/288 287/287/287
f 289/289/289 291/291/291 290/290/290
f 292/292/292 294/294/294 293/293/293
f 295/295/295 297/297/297 296/296/296
f 298/298/298 300/300/300 299/299/299
f 301/301/301 303/303/303 302/302/302
f 304/304/304 306/306/306 305/305/305
f 307/307/307 309/309/309 308/308/308
f 310/310/310 312/312/312 311/311/311
f 313/313/313 315/315/315 314/314/314
f 316/316/316 318/318/318 317/317/317
f 319/319/319 321/321/321 320/320/320
f 322/322/322 324/324/324 323/323/323
f 325/325/325 327/327/327 326/326/326
f 328/328/328 330/330/330 329/329/329
f 331/331/331 333/333/333 332/332/332
f 334/334/334 336/336/336 335/335/335
f 337/337/337 339/339/339 338/338/338
f 340/340/340 342/342/342 341/341/341
f 343/343/343 345/345/345 344/344/344
f 346/346/346 348/348/348 347/347/347
f 349/349/349 351/351/351 350/350/350
f 352/352/352 354/354/354 353/353/353
f 355/355/355 357/357/357 356/356/356
f 358/358/358 360/360/360 359/359/359
f 361/361/361 363/363/363 362/362/362
f 364/364/364 366/366/366 365/365/365
f 367/367/367 369/369/369 368/368/368
f 370/370/370 372/372/372 371/371/371
f 373/373/373 375/375/375 374/374/374
f 376/376/376 378/378/378 377/377/377
f 379/379/379 381/381/381 380/380/380
f 382/382/382 384/384/384 383/383/383
f 385/385/385 387/387/387 386/386/386
f 388/388/388 390/390/390 389/389/389
f 391/391/391 393/393/393 392/392/392
f 394/394/394 396/396/396 395/395/395
f 397/397/397 399/399/399 398/398/398
f 400/400/400 397/397/397 398/398/398
f 401/401/401 403/403/403 402/402/402
f 404/404/404 406/406/406 405/405/405
f 407/407/407 409/409/409 408/408/408
f 410/410/410 412/412/412 411/411/411
f 413/413/413 415/415/415 414/414/414
f 416/416/416 418/418/418 417/417/417
f 419/419/419 421/421/421 420/420/420
f 422/422/422 424/424/424 423/423/423
f 425/425/425 427/427/427 426/426/426
f 428/428/428 430/430/430 429/429/429
f 431/431/431 433/433/433 432/432/432
f 434/434/434 436/436/436 435/435/435
f 437/437/437 439/439/439 438/438/438
f 439/439/439 437/437/437 440/440/440
f 441/441/441 443/443/443 442/442/442
f 443/443/443 441/441/441 444/444/444
f 445/445/445 447/447/447 446/446/446
f 447/447/447 445/445/445 448/448/448
f 449/449/449 451/451/451 450/450/450
f 452/452/452 454/454/454 453/453/453
f 455/455/455 457/457/457 456/456/456
f 458/458/458 460/460/460 459/459/459
f 461/461/461 463/463/463 462/462/462
f 464/464/464 466/466/466 465/465/465
f 467/467/467 469/469/469 468/468/468
f 470/470/470 472/472/472 471/471/471
f 473/473/473 475/475/475 474/474/474
f 476/476/476 478/478/478 477/477/477
f 479/479/479 481/481/481 480/480/480
f 482/482/482 484/484/484 483/483/483
f 485/485/485 487/487/487 486/486/486
f 488/488/488 490/490/490 489/489/489
f 491/491/491 493/493/493 492/492/492
f 492/492/492 493/493/493 494/494/494
f 495/495/495 497/497/497 496/496/496
f 495/495/495 496/496/496 498/498/498
f 499/499/499 501/501/501 500/500/500
f 502/502/502 504/504/504 503/503/503
f 505/505/505 507/507/507 506/506/506
f 508/508/508 510/510/510 509/509/509
f 511/511/511 513/513/513 512/512/512
f 513/513/513 511/511/511 514/514/514
f 515/515/515 517/517/517 516/516/516
f 518/518/518 520/520/520 519/519/519
f 521/521/521 523/523/523 522/522/522
f 524/524/524 526/526/526 525/525/525
f 527/527/527 529/529/529 528/528/528
f 529/529/529 527/527/527 530/530/530
f 531/531/531 533/533/533 532/532/532
f 533/533/533 531/531/531 534/534/534
f 535/535/535 537/537/537 536/536/536
f 537/537/537 535/535/535 538/538/538
f 539/539/539 541/541/541 540/540/540
f 542/542/542 544/544/544 543/543/543
f 545/545/545 547/547/547 546/546/546
f 548/548/548 550/550/550 549/549/549
f 551/551/551 553/553/553 552/552/552
f 554/554/554 556/556/556 555/555/555
f 557/557/557 559/559/559 558/558/558
f 560/560/560 562/562/562 561/561/561
f 563/563/563 565/565/565 564/564/564
f 565/565/565 563/563/563 566/566/566
f 567/567/567 569/569/569 568/568/568
f 569/569/569 567/567/567 570/570/570
f 571/571/571 573/573/573 572/572/572
f 574/574/574 576/576/576 575/575/575
f 577/577/577 579/579/579 578/578/578
f 580/580/580 582/582/582 581/581/581
f 583/583/583 585/585/585 584/584/584
f 586/586/586 588/588/588 587/587/587
f 589/589/589 591/591/591 590/590/590
f 592/592/592 594/594/594 593/593/593
f 595/595/595 597/597/597 596/596/596
f 598/598/598 600/600/600 599/599/599
f 601/601/601 603/603/603 602/602/602
f 604/604/604 606/606/606 605/605/605
f 607/607/607 609/609/609 608/608/608
f 610/610/610 612/612/612 611/611/611
f 613/613/613 615/615/615 614/614/614
f 616/616/616 618/618/618 617/617/617
f 619/619/619 621/621/621 620/620/620
f 622/622/622 624/624/624 623/623/623
f 625/625/625 627/627/627 626/626/626
f 628/628/628 630/630/630 629/629/629
f 631/631/631 633/633/633 632/632/632
f 634/634/634 636/636/636 635/635/635
f 637/637/637 639/639/639 638/638/638
f 640/640/640 642/642/642 641/641/641
f 643/643/643 645/645/645 644/644/644
f 646/646/646 648/648/648 647/647/647
f 649/649/649 651/651/651 650/650/650
f 652/652/652 654/654/654 653/653/653
f 655/655/655 657/657/657 656/656/656
f 658/658/658 660/660/660 659/659/659
f 661/661/661 663/663/663 662/662/662
f 664/664/664 666/666/666 665/665/665
f 667/667/667 669/669/669 668/668/668
f 670/670/670 672/672/672 671/671/671
f 673/673/673 675/675/675 674/674/674
f 676/676/676 678/678/678 677/677/677
f 679/679/679 681/681/681 680/680/680
f 682/682/682 684/684/684 683/683/683
f 685/685/685 687/687/687 686/686/686
f 688/688/688 690/690/690 689/689/689
f 691/691/691 693/693/693 692/692/692
f 694/694/694 696/696/696 695/695/695
f 697/697/697 699/699/699 698/698/698
f 700/700/700 702/702/702 701/701/701
f 703/703/703 705/705/705 704/704/704
f 706/706/706 708/708/708 707/707/707
f 709/709/709 711/711/711 710/710/710
f 712/712/712 714/714/714 713/713/713
f 715/715/715 717/717/717 716/716/716
f 718/718/718 720/720/720 719/719/719
f 721/721/721 723/723/723 722/722/722
f 724/724/724 726/726/726 725/725/725
f 727/727/727 729/729/729 728/728/728
f 730/730/730 732/732/732 731/731/731
f 733/733/733 735/735/735 734/734/734
f 736/736/736 738/738/738 737/737/737
f 739/739/739 741/741/741 740/740/740
f 742/742/742 744/744/744 743/743/743
f 745/745/745 747/747/747 746/746/746
f 748/748/748 750/750/750 749/749/749
f 751/751/751 753/753/753 752/752/752
f 754/754/754 756/756/756 755/755/755
f 757/757/757 759/759/759 758/758/758
f 760/760/760 762/762/762 761/761/761
f 763/763/763 765/765/765 764/764/764
f 766/766/766 768/768/768 767/767/767
f 769/769/769 771/771/771 770/770/770
f 772/772/772 774/774/774 773/773/773
f 775/775/775 777/777/777 776/776/776
f 778/778/778 780/780/780 779/779/779
f 781/781/781 783/783/783 782/782/782
f 784/784/784 786/786/786 785/785/785
f 787/787/787 789/789/789 788/788/788
f 790/790/790 792/792/792 791/791/791
f 793/793/793 795/795/795 794/794/794
f 796/796/796 798/798/798 797/797/797
f 799/799/799 801/801/801 800/800/800
f 802/802/802 804/804/804 803/803/803
f 805/805/805 807/807/807 806/806/806
f 808/808/808 810/810/810 809/809/809
f 811/811/811 813/813/813 812/812/812
f 814/814/814 816/816/816 815/815/815
f 817/817/817 819/819/819 818/818/818
f 820/820/820 822/822/822 821/821/821
f 823/823/823 825/825/825 824/824/824
f 826/826/826 828/828/828 827/827/827
f 829/829/829 831/831/831 830/830/830
f 832/832/832 834/834/834 833/833/833
f 835/835/835 837/837/837 836/836/836
f 838/838/838 840/840/840 839/839/839
f 841/841/841 843/843/843 842/842/842
f 844/844/844 846/846/846 845/845/845
f 847/847/847 849/849/849 848/848/848
f 848/848/848 850/850/850 847/847/847
f 850/850/850 848/848/848 851/851/851
f 850/850/850 851/851/851 852/852/852
f 853/853/853 855/855/855 854/854/854
f 856/856/856 857/857/857 848/848/848
f 849/849/849 856/856/856 848/848/848
f 858/858/858 860/860/860 859/859/859
f 861/861/861 863/863/863 862/862/862
f 864/864/864 866/866/866 865/865/865
f 867/867/867 869/869/869 868/868/868
f 870/870/870 872/872/872 871/871/871
f 873/873/873 875/875/875 874/874/874
f 876/876/876 878/878/878 877/877/877
f 879/879/879 881/881/881 880/880/880
f 882/882/882 884/884/884 883/883/883
f 885/885/885 887/887/887 886/886/886
f 888/888/888 890/890/890 889/889/889
f 891/891/891 893/893/893 892/892/892
f 894/894/894 896/896/896 895/895/895
f 897/897/897 899/899/899 898/898/898
f 900/900/900 902/902/902 901/901/901
f 903/903/903 905/905/905 904/904/904
f 906/906/906 908/908/908 907/907/907
f 909/909/909 911/911/911 910/910/910
f 912/912/912 914/914/914 913/913/913
f 915/915/915 917/917/917 916/916/916
f 918/918/918 920/920/920 919/919/919
f 921/921/921 923/923/923 922/922/922
f 924/924/924 926/926/926 925/925/925
f 927/927/927 929/929/929 928/928/928
f 930/930/930 932/932/932 931/931/931
f 933/933/933 935/935/935 934/934/934
f 936/936/936 938/938/938 937/937/937
f 939/939/939 941/941/941 940/940/940
f 942/942/942 944/944/944 943/943/943
f 945/945/945 947/947/947 946/946/946
f 948/948/948 950/950/950 949/949/949
f 951/951/951 953/953/953 952/952/952
f 954/954/954 956/956/956 955/955/955
f 957/957/957 959/959/959 958/958/958
f 960/960/960 962/962/962 961/961/961
f 963/963/963 965/965/965 964/964/964
f 966/966/966 968/968/968 967/967/967
f 969/969/969 971/971/971 970/970/970
f 972/972/972 974/974/974 973/973/973
f 975/975/975 977/977/977 976/976/976
f 978/978/978 980/980/980 979/979/979
f 981/981/981 983/983/983 982/982/982
f 984/984/984 986/986/986 985/985/985
f 987/987/987 989/989/989 988/988/988
f 990/990/990 992/992/992 991/991/991
f 993/993/993 995/995/995 994/994/994
f 996/996/996 998/998/998 997/997/997
f 999/999/999 1001/1001/1001 1000/1000/1000
f 1002/1002/1002 1004/1004/1004 1003/1003/1003
f 1005/1005/1005 1007/1007/1007 1006/1006/1006
f 1008/1008/1008 1010/1010/1010 1009/1009/1009
f 1011/1011/1011 1013/1013/1013 1012/1012/1012
f 1014/1014/1014 1016/1016/1016 1015/1015/1015
f 1017/1017/1017 1019/1019/1019 1018/1018/1018
f 1020/1020/1020 1022/1022/1022 1021/1021/1021
f 1023/1023/1023 1025/1025/1025 1024/1024/1024
f 1026/1026/1026 1028/1028/1028 1027/1027/1027
f 1029/1029/1029 1031/1031/1031 1030/1030/1030
f 1032/1032/1032 1034/1034/1034 1033/1033/1033
f 1035/1035/1035 1037/1037/1037 1036/1036/1036
f 1038/1038/1038 1040/1040/1040 1039/1039/1039
f 1038/1038/1038 398/398/398 1040/1040/1040
f 398/398/398 1038/1038/1038 1041/1041/1041
f 1041/1041/1041 400/400/400 398/398/398
f 1042/1042/1042 1044/1044/1044 1043/1043/1043
f 1045/1045/1045 1047/1047/1047 1046/1046/1046
f 1048/1048/1048 1050/1050/1050 1049/1049/1049
f 1051/1051/1051 1053/1053/1053 1052/1052/1052
f 1054/1054/1054 1056/1056/1056 1055/1055/1055
f 1057/1057/1057 1059/1059/1059 1058/1058/1058
f 1060/1060/1060 1062/1062/1062 1061/1061/1061
f 1063/1063/1063 1065/1065/1065 1064/1064/1064
f 1066/1066/1066 1068/1068/1068 1067/1067/1067
f 1069/1069/1069 1071/1071/1071 1070/1070/1070
f 1072/1072/1072 1074/1074/1074 1073/1073/1073
f 1075/1075/1075 1077/1077/1077 1076/1076/1076
f 1078/1078/1078 1080/1080/1080 1079/1079/1079
f 1081/1081/1081 1083/1083/1083 1082/1082/1082
f 1084/1084/1084 1086/1086/1086 1085/1085/1085
f 1087/1087/1087 1089/1089/1089 1088/1088/1088
f 1090/1090/1090 1092/1092/1092 1091/1091/1091
f 1093/1093/1093 1095/1095/1095 1094/1094/1094
f 1096/1096/1096 1098/1098/1098 1097/1097/1097
f 1099/1099/1099 1101/1101/1101 1100/1100/1100
f 1102/1102/1102 1104/1104/1104 1103/1103/1103
f 1105/1105/1105 1107/1107/1107 1106/1106/1106
f 1108/1108/1108 1110/1110/1110 1109/1109/1109
f 1111/1111/1111 1113/1113/1113 1112/1112/1112
f 1114/1114/1114 1116/1116/1116 1115/1115/1115
f 1117/1117/1117 1119/1119/1119 1118/1118/1118
f 1120/1120/1120 1122/1122/1122 1121/1121/1121
f 1123/1123/1123 1125/1125/1125 1124/1124/1124
f 1126/1126/1126 1128/1128/1128 1127/1127/1127
f 1129/1129/1129 1128/1128/1128 1126/1126/1126
f 1130/1130/1130 1128/1128/1128 1129/1129/1129
f 1131/1131/1131 1128/1128/1128 1130/1130/1130
f 1128/1128/1128 1131/1131/1131 1132/1132/1132
f 1131/1131/1131 1133/1133/1133 1132/1132/1132
f 1134/1134/1134 1136/1136/1136 1135/1135/1135
f 1137/1137/1137 1139/1139/1139 1138/1138/1138
f 1140/1140/1140 1142/1142/1142 1141/1141/1141
f 1143/1143/1143 1145/1145/1145 1144/1144/1144
f 1146/1146/1146 1148/1148/1148 1147/1147/1147
f 1149/1149/1149 1151/1151/1151 1150/1150/1150
f 1152/1152/1152 1154/1154/1154 1153/1153/1153
f 1155/1155/1155 1157/1157/1157 1156/1156/1156
f 1158/1158/1158 1160/1160/1160 1159/1159/1159
f 1161/1161/1161 1163/1163/1163 1162/1162/1162
f 1164/1164/1164 1166/1166/1166 1165/1165/1165
f 1167/1167/1167 1169/1169/1169 1168/1168/1168
f 1170/1170/1170 1172/1172/1172 1171/1171/1171
f 1173/1173/1173 1175/1175/1175 1174/1174/1174
f 1176/1176/1176 1178/1178/1178 1177/1177/1177
f 1179/1179/1179 1181/1181/1181 1180/1180/1180
f 1182/1182/1182 1184/1184/1184 1183/1183/1183
f 1185/1185/1185 1187/1187/1187 1186/1186/1186
f 1188/1188/1188 1190/1190/1190 1189/1189/1189
f 1191/1191/1191 1193/1193/1193 1192/1192/1192
f 1194/1194/1194 1196/1196/1196 1195/1195/1195
f 1197/1197/1197 1199/1199/1199 1198/1198/1198
f 1200/1200/1200 1202/1202/1202 1201/1201/1201
f 1203/1203/1203 1205/1205/1205 1204/1204/1204
f 1206/1206/1206 1208/1208/1208 1207/1207/1207
f 1209/1209/1209 1211/1211/1211 1210/1210/1210
f 1212/1212/1212 1214/1214/1214 1213/1213/1213
f 1215/1215/1215 1217/1217/1217 1216/1216/1216
f 1218/1218/1218 1220/1220/1220 1219/1219/1219
f 1221/1221/1221 1223/1223/1223 1222/1222/1222
f 1224/1224/1224 1226/1226/1226 1225/1225/1225
f 1227/1227/1227 1229/1229/1229 1228/1228/1228
f 1230/1230/1230 1232/1232/1232 1231/1231/1231
f 1233/1233/1233 1235/1235/1235 1234/1234/1234
f 1236/1236/1236 1238/1238/1238 1237/1237/1237
f 1239/1239/1239 1241/1241/1241 1240/1240/1240
f 1242/1242/1242 1244/1244/1244 1243/1243/1243
f 1245/1245/1245 1247/1247/1247 1246/1246/1246
f 1248/1248/1248 1250/1250/1250 1249/1249/1249
f 1251/1251/1251 1253/1253/1253 1252/1252/1252
f 1254/1254/1254 1256/1256/1256 1255/1255/1255
f 1257/1257/1257 1259/1259/1259 1258/1258/1258
f 1260/1260/1260 1262/1262/1262 1261/1261/1261
f 1263/1263/1263 1265/1265/1265 1264/1264/1264
f 1266/1266/1266 1268/1268/1268 1267/1267/1267
f 1269/1269/1269 1271/1271/1271 1270/1270/1270
f 1272/1272/1272 1274/1274/1274 1273/1273/1273
f 1275/1275/1275 1277/1277/1277 1276/1276/1276
f 1278/1278/1278 1280/1280/1280 1279/1279/1279
f 1281/1281/1281 1283/1283/1283 1282/1282/1282
f 1284/1284/1284 1286/1286/1286 1285/1285/1285
f 1287/1287/1287 1289/1289/1289 1288/1288/1288
f 1290/1290/1290 1292/1292/1292 1291/1291/1291
f 1293/1293/1293 1295/1295/1295 1294/1294/1294
f 1296/1296/1296 1298/1298/1298 1297/1297/1297
f 1299/1299/1299 1301/1301/1301 1300/1300/1300
f 1302/1302/1302 1304/1304/1304 1303/1303/1303
f 1305/1305/1305 1307/1307/1307 1306/1306/1306
f 1308/1308/1308 1310/1310/1310 1309/1309/1309
f 1311/1311/1311 1313/1313/1313 1312/1312/1312
f 1314/1314/1314 1316/1316/1316 1315/1315/1315
f 1317/1317/1317 1319/1319/1319 1318/1318/1318
f 1320/1320/1320 1322/1322/1322 1321/1321/1321
f 1323/1323/1323 1325/1325/1325 1324/1324/1324
f 1326/1326/1326 1328/1328/1328 1327/1327/1327
f 1329/1329/1329 1331/1331/1331 1330/1330/1330
f 1332/1332/1332 1334/1334/1334 1333/1333/1333
f 1335/1335/1335 1337/1337/1337 1336/1336/1336
f 1338/1338/1338 1340/1340/1340 1339/1339/1339
f 1341/1341/1341 1343/1343/1343 1342/1342/1342
f 1344/1344/1344 1346/1346/1346 1345/1345/1345
f 1347/1347/1347 1349/1349/1349 1348/1348/1348
f 1350/1350/1350 1352/1352/1352 1351/1351/1351
f 1353/1353/1353 1355/1355/1355 1354/1354/1354
f 1356/1356/1356 1358/1358/1358 1357/1357/1357
f 1359/1359/1359 1361/1361/1361 1360/1360/1360
f 1362/1362/1362 1364/1364/1364 1363/1363/1363
f 1365/1365/1365 1367/1367/1367 1366/1366/1366
f 1368/1368/1368 1370/1370/1370 1369/1369/1369
f 1371/1371/1371 1373/1373/1373 1372/1372/1372
f 1374/1374/1374 1376/1376/1376 1375/1375/1375
f 1377/1377/1377 1379/1379/1379 1378/1378/1378
f 1380/1380/1380 1382/1382/1382 1381/1381/1381
f 1383/1383/1383 1385/1385/1385 1384/1384/1384
f 1386/1386/1386 1388/1388/1388 1387/1387/1387
f 1389/1389/1389 1391/1391/1391 1390/1390/1390
f 1392/1392/1392 1394/1394/1394 1393/1393/1393
f 1395/1395/1395 1397/1397/1397 1396/1396/1396
f 1398/1398/1398 1400/1400/1400 1399/1399/1399
f 1401/1401/1401 1403/1403/1403 1402/1402/1402
f 1404/1404/1404 1406/1406/1406 1405/1405/1405
f 1407/1407/1407 1409/1409/1409 1408/1408/1408
f 1410/1410/1410 1412/1412/1412 1411/1411/1411
f 1413/1413/1413 1415/1415/1415 1414/1414/1414
f 1416/1416/1416 1418/1418/1418 1417/1417/1417
f 1419/1419/1419 1421/1421/1421 1420/1420/1420
f 1422/1422/1422 1424/1424/1424 1423/1423/1423
f 1425/1425/1425 1427/1427/1427 1426/1426/1426
f 1428/1428/1428 1430/1430/1430 1429/1429/1429
f 1431/1431/1431 1433/1433/1433 1432/1432/1432
f 1434/1434/1434 1436/1436/1436 1435/1435/1435
f 1437/1437/1437 1439/1439/1439 1438/1438/1438
f 1440/1440/1440 1442/1442/1442 1441/1441/1441
f 1443/1443/1443 1445/1445/1445 1444/1444/1444
f 1446/1446/1446 1448/1448/1448 1447/1447/1447
f 1449/1449/1449 1451/1451/1451 1450/1450/1450
f 1452/1452/1452 1454/1454/1454 1453/1453/1453
f 1455/1455/1455 1457/1457/1457 1456/1456/1456
f 1458/1458/1458 1460/1460/1460 1459/1459/1459
f 1461/1461/1461 1463/1463/1463 1462/1462/1462
f 1464/1464/1464 1466/1466/1466 1465/1465/1465
f 1467/1467/1467 1469/1469/1469 1468/1468/1468
f 1470/1470/1470 1472/1472/1472 1471/1471/1471
f 1473/1473/1473 1475/1475/1475 1474/1474/1474
f 1476/1476/1476 1478/1478/1478 1477/1477/1477
f 1479/1479/1479 1481/1481/1481 1480/1480/1480
f 1482/1482/1482 1484/1484/1484 1483/1483/1483
f 1485/1485/1485 1487/1487/1487 1486/1486/1486
f 1488/1488/1488 1490/1490/1490 1489/1489/1489
f 1491/1491/1491 1493/1493/1493 1492/1492/1492
f 1494/1494/1494 1496/1496/1496 1495/1495/1495
f 1497/1497/1497 1499/1499/1499 1498/1498/1498
f 1500/1500/1500 1502/1502/1502 1501/1501/1501
f 1503/1503/1503 1505/1505/1505 1504/1504/1504
f 1506/1506/1506 1508/1508/1508 1507/1507/1507
f 1509/1509/1509 1511/1511/1511 1510/1510/1510
f 1512/1512/1512 1514/1514/1514 1513/1513/1513
f 1515/1515/1515 1517/1517/1517 1516/1516/1516
f 1518/1518/1518 1520/1520/1520 1519/1519/1519
f 1521/1521/1521 1523/1523/1523 1522/1522/1522
f 1524/1524/1524 1526/1526/1526 1525/1525/1525
f 1527/1527/1527 1529/1529/1529 1528/1528/1528
f 1530/1530/1530 1532/1532/1532 1531/1531/1531
f 1533/1533/1533 1535/1535/1535 1534/1534/1534
f 1536/1536/1536 1538/1538/1538 1537/1537/1537
f 1539/1539/1539 1541/1541/1541 1540/1540/1540
f 1542/1542/1542 1544/1544/1544 1543/1543/1543
f 1545/1545/1545 1547/1547/1547 1546/1546/1546
f 1548/1548/1548 1550/1550/1550 1549/1549/1549
f 1551/1551/1551 1553/1553/1553 1552/1552/1552
f 1554/1554/1554 1556/1556/1556 1555/1555/1555
f 1557/1557/1557 1559/1559/1559 1558/1558/1558
f 1560/1560/1560 1562/1562/1562 1561/1561/1561
f 1563/1563/1563 1565/1565/1565 1564/1564/1564
f 1566/1566/1566 1568/1568/1568 1567/1567/1567
f 1569/1569/1569 1571/1571/1571 1570/1570/1570
f 1572/1572/1572 1574/1574/1574 1573/1573/1573
f 1575/1575/1575 1577/1577/1577 1576/1576/1576
f 1578/1578/1578 1580/1580/1580 1579/1579/1579
f 1581/1581/1581 1583/1583/1583 1582/1582/1582
f 1584/1584/1584 1586/1586/1586 1585/1585/1585
f 1587/1587/1587 1589/1589/1589 1588/1588/1588
f 1590/1590/1590 1592/1592/1592 1591/1591/1591
f 1593/1593/1593 1595/1595/1595 1594/1594/1594
f 1596/1596/1596 1598/1598/1598 1597/1597/1597
f 1599/1599/1599 1601/1601/1601 1600/1600/1600
f 1602/1602/1602 1604/1604/1604 1603/1603/1603
f 1605/1605/1605 1607/1607/1607 1606/1606/1606
f 1608/1608/1608 1610/1610/1610 1609/1609/1609
f 1611/1611/1611 1613/1613/1613 1612/1612/1612
f 1614/1614/1614 1616/1616/1616 1615/1615/1615
f 1617/1617/1617 1619/1619/1619 1618/1618/1618
f 1620/1620/1620 1622/1622/1622 1621/1621/1621
f 1623/1623/1623 1625/1625/1625 1624/1624/1624
f 1626/1626/1626 1628/1628/1628 1627/1627/1627
f 1629/1629/1629 1631/1631/1631 1630/1630/1630
f 1632/1632/1632 1634/1634/1634 1633/1633/1633
f 1635/1635/1635 1637/1637/1637 1636/1636/1636
f 1638/1638/1638 1640/1640/1640 1639/1639/1639
f 1641/1641/1641 1643/1643/1643 1642/1642/1642
f 1644/1644/1644 1646/1646/1646 1645/1645/1645
f 1647/1647/1647 1649/1649/1649 1648/1648/1648
f 1650/1650/1650 1652/1652/1652 1651/1651/1651
f 1653/1653/1653 1655/1655/1655 1654/1654/1654
f 1656/1656/1656 1658/1658/1658 1657/1657/1657
f 1659/1659/1659 1661/1661/1661 1660/1660/1660
f 1662/1662/1662 1664/1664/1664 1663/1663/1663
f 1665/1665/1665 1667/1667/1667 1666/1666/1666
f 1668/1668/1668 1670/1670/1670 1669/1669/1669
f 1671/1671/1671 1673/1673/1673 1672/1672/1672
f 1674/1674/1674 1676/1676/1676 1675/1675/1675
f 1677/1677/1677 1679/1679/1679 1678/1678/1678
f 1680/1680/1680 1682/1682/1682 1681/1681/1681
f 1683/1683/1683 1685/1685/1685 1684/1684/1684
f 1686/1686/1686 1688/1688/1688 1687/1687/1687
f 1689/1689/1689 1691/1691/1691 1690/1690/1690
f 1692/1692/1692 1694/1694/1694 1693/1693/1693
f 1695/1695/1695 1697/1697/1697 1696/1696/1696
f 1698/1698/1698 1700/1700/1700 1699/1699/1699
f 1701/1701/1701 1703/1703/1703 1702/1702/1702
f 1704/1704/1704 1706/1706/1706 1705/1705/1705
f 1707/1707/1707 1709/1709/1709 1708/1708/1708
f 1710/1710/1710 1712/1712/1712 1711/1711/1711
f 1713/1713/1713 1715/1715/1715 1714/1714/1714
f 1716/1716/1716 1718/1718/1718 1717/1717/1717
f 1719/1719/1719 1721/1721/1721 1720/1720/1720
f 1722/1722/1722 1724/1724/1724 1723/1723/1723
f 1725/1725/1725 1727/1727/1727 1726/1726/1726
f 1728/1728/1728 1730/1730/1730 1729/1729/1729
f 1731/1731/1731 1733/1733/1733 1732/1732/1732
f 1734/1734/1734 1736/1736/1736 1735/1735/1735
f 1737/1737/1737 1739/1739/1739 1738/1738/1738
f 1740/1740/1740 1742/1742/1742 1741/1741/1741
f 1743/1743/1743 1745/1745/1745 1744/1744/1744
f 1746/1746/1746 1748/1748/1748 1747/1747/1747
f 1749/1749/1749 1751/1751/1751 1750/1750/1750
f 1752/1752/1752 1754/1754/1754 1753/1753/1753
f 1755/1755/1755 1757/1757/1757 1756/1756/1756
f 1758/1758/1758 1760/1760/1760 1759/1759/1759
f 1761/1761/1761 1763/1763/1763 1762/1762/1762
f 1764/1764/1764 1766/1766/1766 1765/1765/1765
f 1767/1767/1767 1769/1769/1769 1768/1768/1768
f 1770/1770/1770 1772/1772/1772 1771/1771/1771
f 1773/1773/1773 1775/1775/1775 1774/1774/1774
f 1776/1776/1776 1778/1778/1778 1777/1777/1777
f 1779/1779/1779 1781/1781/1781 1780/1780/1780
f 1782/1782/1782 1784/1784/1784 1783/1783/1783
f 1785/1785/1785 1787/1787/1787 1786/1786/1786
f 1788/1788/1788 1790/1790/1790 1789/1789/1789
f 1791/1791/1791 1793/1793/1793 1792/1792/1792
f 1794/1794/1794 1796/1796/1796 1795/1795/1795
f 1797/1797/1797 1799/1799/1799 1798/1798/1798
f 1800/1800/1800 1802/1802/1802 1801/1801/1801
f 1803/1803/1803 1805/1805/1805 1804/1804/1804
f 1806/1806/1806 1808/1808/1808 1807/1807/1807
f 1809/1809/1809 1811/1811/1811 1810/1810/1810
f 1812/1812/1812 1814/1814/1814 1813/1813/1813
f 1815/1815/1815 1817/1817/1817 1816/1816/1816
f 1818/1818/1818 1820/1820/1820 1819/1819/1819
f 1821/1821/1821 1823/1823/1823 1822/1822/1822
f 1824/1824/1824 1826/1826/1826 1825/1825/1825
f 1827/1827/1827 1829/1829/1829 1828/1828/1828
f 1830/1830/1830 1832/1832/1832 1831/1831/1831
f 1833/1833/1833 1835/1835/1835 1834/1834/1834
f 1836/1836/1836 1838/1838/1838 1837/1837/1837
f 1839/1839/1839 1841/1841/1841 1840/1840/1840
f 1842/1842/1842 1844/1844/1844 1843/1843/1843
f 1845/1845/1845 1847/1847/1847 1846/1846/1846
f 1812/1812/1812 1814/1814/1814 1813/1813/1813
f 1815/1815/1815 1817/1817/1817 1816/1816/1816
f 1818/1818/1818 1820/1820/1820 1819/1819/1819
f 1821/1821/1821 1823/1823/1823 1822/1822/1822
f 1824/1824/1824 1826/1826/1826 1825/1825/1825
f 1827/1827/1827 1829/1829/1829 1828/1828/1828
f 1830/1830/1830 1832/1832/1832 1831/1831/1831
f 1833/1833/1833 1835/1835/1835 1834/1834/1834
f 1836/1836/1836 1838/1838/1838 1837/1837/1837
f 1839/1839/1839 1841/1841/1841 1840/1840/1840
f 1842/1842/1842 1844/1844/1844 1843/1843/1843
f 1845/1845/1845 1847/1847/1847 1846/1846/1846
